pitcher,season,pitch_type,arm,relx,relz,ht_in,p_throws,ht_ft,ax
425794,2023,CU,44.1362745098039,-1.18264705882353,6.22166666666667,79,R,6.58333333333333,1.18264705882353
425844,2023,SL,42.2942028985507,-1.41521739130435,6.16826086956522,74,R,6.16666666666667,1.41521739130435
425844,2023,CH,39.6897058823529,-1.46794117647059,6.11882352941177,74,R,6.16666666666667,1.46794117647059
434378,2025,CH,51.6356435643564,-1.96861386138614,7.06683168316832,77,R,6.41666666666667,1.96861386138614
434378,2025,CU,53.3442857142858,-1.95057142857143,7.08678571428571,77,R,6.41666666666667,1.95057142857143
434378,2025,SL,54.4408695652173,-1.8596231884058,7.06994202898551,77,R,6.41666666666667,1.8596231884058
434378,2024,CH,50.6296296296296,-1.69851851851852,7.04827160493827,77,R,6.41666666666667,1.69851851851852
434378,2025,ST,51.736559139785,-2.1247311827957,6.97311827956989,77,R,6.41666666666667,2.1247311827957
434378,2023,SL,54.8512195121951,-1.47225609756098,6.9975,77,R,6.41666666666667,1.47225609756098
434378,2023,CU,53.2296610169492,-1.53508474576271,6.97262711864407,77,R,6.41666666666667,1.53508474576271
434378,2024,SL,53.7125,-1.60025,7.07375,77,R,6.41666666666667,1.60025
434378,2024,CU,52.974358974359,-1.66213675213675,7.04598290598291,77,R,6.41666666666667,1.66213675213675
445926,2024,CH,23.68125,-1.5825,5.16671875,73,R,6.08333333333333,1.5825
448179,2023,CU,37.3837837837838,1.64927927927928,5.58,77,L,6.41666666666667,1.64927927927928
450203,2023,CU,19.9194312796209,-2.4221327014218,5.34829383886256,77,R,6.41666666666667,2.4221327014218
450203,2025,CU,20.7784782608696,-2.59078260869565,5.31328260869565,77,R,6.41666666666667,2.59078260869565
450203,2024,CU,20.9283582089552,-2.60205223880597,5.44755597014925,77,R,6.41666666666667,2.60205223880597
450203,2023,CH,18.5076923076923,-2.3825,5.29173076923077,77,R,6.41666666666667,2.3825
450203,2024,CH,19.8426751592357,-2.5487898089172,5.39324840764331,77,R,6.41666666666667,2.5487898089172
450203,2025,CH,19.7193548387097,-2.51975806451613,5.28120967741935,77,R,6.41666666666667,2.51975806451613
453268,2023,SL,34.0616438356164,-1.54712328767123,6.01876712328767,76,R,6.33333333333333,1.54712328767123
453286,2023,SL,27.2718309859155,-3.19295774647887,5.34295774647887,75,R,6.25,3.19295774647887
453286,2024,SL,28.2777777777778,-3.15988888888889,5.46344444444444,75,R,6.25,3.15988888888889
453286,2024,CU,33.6575,-3.013,5.618,75,R,6.25,3.013
453286,2023,CU,33.6065573770492,-3.00852459016393,5.57540983606558,75,R,6.25,3.00852459016393
453286,2025,SL,31.8319796954315,-3.05913705583756,5.5494923857868,75,R,6.25,3.05913705583756
453286,2024,CH,26.6733333333333,-3.17022222222222,5.4,75,R,6.25,3.17022222222222
453286,2023,CH,27.5208955223881,-3.12253731343284,5.36880597014926,75,R,6.25,3.12253731343284
453286,2026,SL,31.1433962264151,-3.23603773584906,5.58943396226415,75,R,6.25,3.23603773584906
453286,2025,CU,37.0585714285714,-2.89671428571429,5.711,75,R,6.25,2.89671428571429
453286,2026,CH,28.7888888888889,-3.23,5.50488888888889,75,R,6.25,3.23
453286,2025,CH,28.9413333333333,-3.09933333333333,5.44666666666667,75,R,6.25,3.09933333333333
455119,2025,FS,41.5709677419355,-2.86854838709677,6.11854838709678,80,R,6.66666666666667,2.86854838709677
455119,2024,FS,39.4954545454546,-2.94636363636364,6.04568181818182,80,R,6.66666666666667,2.94636363636364
456501,2023,CH,33.4361445783133,-2.17361445783133,5.56313253012048,71,R,5.91666666666667,2.17361445783133
456501,2023,SL,33.2780821917808,-2.25315068493151,5.58698630136986,71,R,5.91666666666667,2.25315068493151
458677,2024,SL,47.3858585858586,1.56555555555556,6.32181818181818,74,L,6.16666666666667,1.56555555555556
458677,2025,SL,51.6457746478873,1.22056338028169,6.35612676056338,74,L,6.16666666666667,1.22056338028169
458681,2023,CU,32.3279569892473,-3.2505376344086,5.51139784946236,77,R,6.41666666666667,3.2505376344086
458681,2023,CH,30.4926829268293,-2.95048780487805,5.4409756097561,77,R,6.41666666666667,2.95048780487805
458681,2024,CU,33.8365384615385,-3.18576923076923,5.61788461538462,77,R,6.41666666666667,3.18576923076923
471911,2023,SL,31.7637931034483,-1.51172413793103,5.68586206896551,76,R,6.33333333333333,1.51172413793103
471911,2025,SL,34.202380952381,-1.32119047619048,5.82666666666667,76,R,6.33333333333333,1.32119047619048
471911,2024,SL,34.8191588785047,-1.32939252336449,5.83682242990655,76,R,6.33333333333333,1.32939252336449
471911,2023,CH,33.029702970297,-1.49653465346535,5.77633663366337,76,R,6.33333333333333,1.49653465346535
471911,2025,CH,32.6563218390805,-1.37620689655172,5.85333333333333,76,R,6.33333333333333,1.37620689655172
471911,2024,CH,34.1248677248677,-1.36809523809524,5.86952380952381,76,R,6.33333333333333,1.36809523809524
471911,2026,CH,32.4121951219512,-2.30926829268293,5.72,76,R,6.33333333333333,2.30926829268293
471911,2024,CU,39.7818181818182,-1.20022727272727,5.99136363636364,76,R,6.33333333333333,1.20022727272727
472610,2024,SL,47.5965517241379,-2.32258620689655,6.21275862068965,74,R,6.16666666666667,2.32258620689655
472610,2025,ST,40.8752066115702,-2.28553719008264,6.11049586776859,74,R,6.16666666666667,2.28553719008264
472610,2023,ST,44.265,-2.48016666666667,6.08116666666667,74,R,6.16666666666667,2.48016666666667
472610,2024,FS,52.2163043478261,-2.22326086956522,6.29717391304348,74,R,6.16666666666667,2.22326086956522
472610,2025,FS,48.1274509803922,-2.10676470588235,6.23441176470588,74,R,6.16666666666667,2.10676470588235
477132,2025,CU,62.4451127819549,1.36541353383459,6.24466165413534,76,L,6.33333333333333,1.36541353383459
477132,2024,CU,64.1292682926829,1.28707317073171,6.30487804878049,76,L,6.33333333333333,1.28707317073171
477132,2025,FS,54.9575,1.706,6.0635,76,L,6.33333333333333,1.706
477132,2023,SL,56.7612903225806,1.75088709677419,6.15016129032258,76,L,6.33333333333333,1.75088709677419
477132,2025,SL,54.6354430379747,1.7120253164557,6.04782278481012,76,L,6.33333333333333,1.7120253164557
477132,2024,SL,55.225,1.66991935483871,6.11193548387097,76,L,6.33333333333333,1.66991935483871
489119,2023,CH,46.1179245283019,2.04801886792453,6.07,73,L,6.08333333333333,2.04801886792453
489446,2025,FS,18.752027027027,-2.5222972972973,5.14148648648649,70,R,5.83333333333333,2.5222972972973
489446,2023,FS,20.059375,-2.6190625,5.276875,70,R,5.83333333333333,2.6190625
489446,2026,FS,19.5987012987013,-2.35155844155844,5.16480519480519,70,R,5.83333333333333,2.35155844155844
489446,2024,FS,21.8432432432432,-2.42735135135135,5.24378378378379,70,R,5.83333333333333,2.42735135135135
493603,2024,ST,23.446875,-2.839375,5.3053125,77,R,6.41666666666667,2.839375
493603,2023,ST,20.6630434782609,-2.93086956521739,5.19869565217391,77,R,6.41666666666667,2.93086956521739
500779,2025,SV,40.8488636363636,2.25011363636364,5.67590909090909,74,L,6.16666666666667,2.25011363636364
500779,2026,SV,40.6,2.53622222222222,5.69711111111111,74,L,6.16666666666667,2.53622222222222
500779,2024,CH,42.8537313432836,2.29149253731343,5.77203980099502,74,L,6.16666666666667,2.29149253731343
500779,2024,SV,44.3089552238806,2.26820895522388,5.73373134328358,74,L,6.16666666666667,2.26820895522388
500779,2023,CU,46.9707547169811,2.15528301886792,5.83198113207547,74,L,6.16666666666667,2.15528301886792
500779,2026,CU,43.1228070175439,2.47543859649123,5.78982456140351,74,L,6.16666666666667,2.47543859649123
500779,2024,CU,45.9221343873518,2.19525691699605,5.80169960474308,74,L,6.16666666666667,2.19525691699605
500779,2026,CH,40.8698412698413,2.48333333333333,5.75650793650794,74,L,6.16666666666667,2.48333333333333
500779,2023,CH,43.3,2.25682692307692,5.77365384615385,74,L,6.16666666666667,2.25682692307692
500779,2025,CU,42.5317829457364,2.24961240310077,5.7537984496124,74,L,6.16666666666667,2.24961240310077
500779,2025,CH,40.6364532019705,2.28546798029557,5.7568472906404,74,L,6.16666666666667,2.28546798029557
502043,2024,CU,46.7581632653061,-2.12061224489796,6.28765306122449,78,R,6.5,2.12061224489796
502043,2023,ST,41.1717741935484,-2.23370967741935,6.15991935483871,78,R,6.5,2.23370967741935
502043,2024,ST,41.8785953177257,-2.29675585284281,6.14832775919733,78,R,6.5,2.29675585284281
502043,2023,CU,45.26,-2.11955555555556,6.24422222222222,78,R,6.5,2.11955555555556
502043,2024,CH,43.2351145038168,-2.25007633587786,6.17236641221374,78,R,6.5,2.25007633587786
502043,2023,CH,42.3378378378378,-2.21171171171171,6.23108108108108,78,R,6.5,2.21171171171171
502085,2025,KC,43.66875,-2.73,5.95958333333333,71,R,5.91666666666667,2.73
502085,2024,KC,45.1160839160839,-2.70804195804196,5.84629370629371,71,R,5.91666666666667,2.70804195804196
502085,2023,SL,41.5134615384615,-2.73653846153846,5.78576923076923,71,R,5.91666666666667,2.73653846153846
502085,2024,SL,46.0175,-2.6345,5.86225,71,R,5.91666666666667,2.6345
502171,2023,KC,41.9024390243902,-2.01487804878049,5.84463414634146,75,R,6.25,2.01487804878049
502171,2023,FS,39.2599033816425,-2.18222222222222,5.84521739130435,75,R,6.25,2.18222222222222
502171,2024,FS,34.0910714285714,-2.26267857142857,5.51732142857143,75,R,6.25,2.26267857142857
502624,2023,CH,40.8373134328358,-1.53641791044776,5.72761194029851,73,R,6.08333333333333,1.53641791044776
502624,2024,CH,39.5129496402878,-1.33381294964029,5.68151079136691,73,R,6.08333333333333,1.33381294964029
502624,2024,ST,43.3452054794521,-1.92835616438356,5.70945205479452,73,R,6.08333333333333,1.92835616438356
506433,2025,ST,31.2207547169811,-2.45943396226415,5.35075471698113,77,R,6.41666666666667,2.45943396226415
506433,2025,CU,45.7269230769231,-1.75474358974359,5.66230769230769,77,R,6.41666666666667,1.75474358974359
506433,2024,CU,47.1617021276596,-1.63829787234043,5.70638297872341,77,R,6.41666666666667,1.63829787234043
506433,2024,ST,38.3675,-2.079,5.554625,77,R,6.41666666666667,2.079
506433,2023,SL,41.4734375,-1.93296875,5.53546875,77,R,6.41666666666667,1.93296875
506433,2025,FS,27.6444444444445,-2.4952380952381,5.28809523809524,77,R,6.41666666666667,2.4952380952381
506433,2024,SL,40.1815602836879,-1.97971631205674,5.61858156028369,77,R,6.41666666666667,1.97971631205674
506433,2023,ST,35.8571428571429,-2.12387755102041,5.32122448979592,77,R,6.41666666666667,2.12387755102041
506433,2025,SL,32.2511904761905,-2.39297619047619,5.42357142857143,77,R,6.41666666666667,2.39297619047619
518397,2024,SL,37.4795454545454,1.35363636363636,5.74272727272727,74,L,6.16666666666667,1.35363636363636
518489,2023,SL,45.4402777777778,-1.25902777777778,5.77541666666666,72,R,6,1.25902777777778
518489,2025,SL,43.8573529411765,-1.43058823529412,5.76735294117647,72,R,6,1.43058823529412
518489,2024,SL,44.9279069767442,-1.30720930232558,5.80848837209302,72,R,6,1.30720930232558
518585,2025,FS,49.6594017094017,-2.18324786324786,6.05794871794871,74,R,6.16666666666667,2.18324786324786
518585,2023,FS,45.6430894308943,-1.21292682926829,6.01991869918699,74,R,6.16666666666667,1.21292682926829
518585,2024,FS,48.0493333333333,-0.949377777777778,6.10382222222222,74,R,6.16666666666667,0.949377777777778
518585,2026,FS,50.6655172413793,-1.83600985221675,6.07344827586207,74,R,6.16666666666667,1.83600985221675
518617,2024,ST,18.2948275862069,4.23793103448276,5.47741379310345,76,L,6.33333333333333,4.23793103448276
518876,2023,SL,28.6622222222222,-1.72022222222222,5.55844444444444,74,R,6.16666666666667,1.72022222222222
518876,2026,SL,24.925,-1.8168,5.4314,74,R,6.16666666666667,1.8168
518876,2024,SL,27.5507692307692,-1.79338461538461,5.52369230769231,74,R,6.16666666666667,1.79338461538461
518876,2025,SL,25.921359223301,-1.83776699029126,5.53456310679612,74,R,6.16666666666667,1.83776699029126
518876,2025,CH,24.6145785876993,-1.86637813211845,5.50767653758544,74,R,6.16666666666667,1.86637813211845
518876,2024,CH,26.0294117647059,-1.82361344537815,5.53235294117647,74,R,6.16666666666667,1.82361344537815
518876,2026,CH,24.4594594594595,-1.84957528957529,5.43822393822395,74,R,6.16666666666667,1.84957528957529
518876,2023,CH,27.72,-1.74593939393939,5.56715151515151,74,R,6.16666666666667,1.74593939393939
518876,2025,CU,29.6208695652174,-1.84904347826087,5.67591304347826,74,R,6.16666666666667,1.84904347826087
518876,2026,CU,28.5092307692308,-1.85923076923077,5.58292307692308,74,R,6.16666666666667,1.85923076923077
518876,2023,CU,32.0024390243903,-1.71487804878049,5.71,74,R,6.16666666666667,1.71487804878049
518886,2026,ST,24.0926829268293,-3.18219512195122,4.74756097560976,72,R,6,3.18219512195122
518886,2023,KC,28.6602739726027,-2.94671232876712,4.95972602739726,72,R,6,2.94671232876712
518886,2024,KC,29.3076923076923,-2.77285714285714,4.91835164835165,72,R,6,2.77285714285714
519008,2024,ST,16.6596638655462,2.04957983193277,5.38546218487395,75,L,6.25,2.04957983193277
519008,2025,ST,17.4108695652174,2.02565217391304,5.44304347826087,75,L,6.25,2.02565217391304
519008,2024,CH,15.8818181818182,2.046,5.47945454545455,75,L,6.25,2.046
519043,2023,KC,50.162,0.924,6.4134,75,L,6.25,0.924
519043,2024,CH,45.7022388059701,0.872686567164179,6.41582089552239,75,L,6.25,0.872686567164179
519043,2023,CH,47.2506666666667,1.0412,6.39573333333334,75,L,6.25,1.0412
519043,2024,KC,49.0122448979592,0.77734693877551,6.44551020408163,75,L,6.25,0.77734693877551
519141,2025,KC,38.4949367088608,2.38708860759494,6.21936708860759,77,L,6.41666666666667,2.38708860759494
519141,2026,KC,36.925,2.03192307692308,6.05692307692308,77,L,6.41666666666667,2.03192307692308
519151,2023,CU,59.7454545454546,-0.32969696969697,5.96924242424242,74,R,6.16666666666667,0.32969696969697
519151,2024,CH,51.6693877551021,-0.736938775510204,5.82163265306122,74,R,6.16666666666667,0.736938775510204
519151,2025,CU,56.7765625,-0.653125,5.97375,74,R,6.16666666666667,0.653125
519151,2024,CU,57.295652173913,-0.509826086956522,5.99539130434783,74,R,6.16666666666667,0.509826086956522
519151,2024,SL,58.4745098039216,-0.415163398692811,5.99732026143791,74,R,6.16666666666667,0.415163398692811
519151,2023,SL,60.3743243243243,-0.254189189189189,5.97297297297297,74,R,6.16666666666667,0.254189189189189
519151,2025,SL,57.7402777777778,-0.559444444444445,5.96597222222222,74,R,6.16666666666667,0.559444444444445
519242,2026,SL,11.1305637982196,2.98311572700297,4.7893768545994,78,L,6.5,2.98311572700297
519242,2025,SL,8.49692307692308,3.09912087912088,4.84162637362638,78,L,6.5,3.09912087912088
519242,2024,SL,11.2653703703704,3.08837037037037,5.10857407407407,78,L,6.5,3.08837037037037
519242,2023,SL,12.8116279069768,3.29341085271318,5.22744186046512,78,L,6.5,3.29341085271318
519242,2023,CH,5.03658536585366,3.33975609756098,4.81829268292683,78,L,6.5,3.33975609756098
519242,2026,CH,7.67747747747747,3.04783783783784,4.60963963963964,78,L,6.5,3.04783783783784
519242,2024,CH,6.56716417910448,3.15965174129353,4.82985074626866,78,L,6.5,3.15965174129353
519242,2025,CH,4.17972972972973,3.15783783783784,4.59837837837838,78,L,6.5,3.15783783783784
519293,2024,SL,43.1941605839416,1.56021897810219,6.40817518248175,77,L,6.41666666666667,1.56021897810219
519293,2023,SL,42.67,1.4605,6.4934,77,L,6.41666666666667,1.4605
519293,2024,CH,46.6866666666667,1.47577777777778,6.478,77,L,6.41666666666667,1.47577777777778
519326,2024,SL,28.5617647058823,-3.20205882352941,5.75102941176471,75,R,6.25,3.20205882352941
519326,2025,SL,30.6849056603774,-2.97396226415094,5.79377358490566,75,R,6.25,2.97396226415094
519326,2024,ST,33.995,-3.09425,5.95575,75,R,6.25,3.09425
521230,2025,SL,46.175,-1.7925,5.79875,72,R,6,1.7925
523260,2024,SL,32.5727272727273,-1.89054545454545,5.40854545454546,73,R,6.08333333333333,1.89054545454545
527048,2026,CU,48.7022727272727,1.14227272727273,5.71227272727273,72,L,6,1.14227272727273
527048,2024,CH,46.3378378378378,1.12818532818533,5.73347490347491,72,L,6,1.12818532818533
527048,2024,CU,50.2983870967742,1.10572580645161,5.82564516129033,72,L,6,1.10572580645161
527048,2026,CH,42.9537777777778,1.21817777777778,5.54817777777777,72,L,6,1.21817777777778
527048,2023,CH,43.7197368421053,1.35697368421053,5.55118421052632,72,L,6,1.35697368421053
527048,2025,CH,45.1132231404959,1.1496694214876,5.64520661157025,72,L,6,1.1496694214876
542585,2023,SL,32.0983606557377,-1.52295081967213,5.43,75,R,6.25,1.52295081967213
542881,2023,CH,57.0193181818182,1.55534090909091,6.47335227272727,74,L,6.16666666666667,1.55534090909091
542881,2025,CH,59.2002469135803,1.2963950617284,6.46646913580247,74,L,6.16666666666667,1.2963950617284
542881,2024,CH,62.2967924528302,1.29066037735849,6.53250943396226,74,L,6.16666666666667,1.29066037735849
542888,2026,ST,42.208064516129,-1.54564516129032,5.86096774193549,74,R,6.16666666666667,1.54564516129032
542888,2025,ST,44.1289719626168,-1.43485981308411,5.8885046728972,74,R,6.16666666666667,1.43485981308411
543037,2023,SL,41.2141791044776,-2.24097014925373,5.90761194029851,76,R,6.33333333333333,2.24097014925373
543037,2024,KC,44.5418032786886,-2.28040983606557,6.00524590163934,76,R,6.33333333333333,2.28040983606557
543037,2024,SL,40.2025423728813,-2.4028813559322,5.92372881355933,76,R,6.33333333333333,2.4028813559322
543037,2026,SL,36.1605769230769,-2.30692307692308,5.79336538461539,76,R,6.33333333333333,2.30692307692308
543037,2026,CH,34.4539473684211,-2.37697368421053,5.55368421052632,76,R,6.33333333333333,2.37697368421053
543037,2026,KC,38.0618181818182,-2.28290909090909,5.82872727272727,76,R,6.33333333333333,2.28290909090909
543037,2023,KC,46.0555555555555,-2.09902777777778,6.02708333333333,76,R,6.33333333333333,2.09902777777778
543056,2024,ST,59.6764705882353,-0.73078431372549,6.16588235294118,70,L,5.83333333333333,-0.73078431372549
543056,2025,ST,60.4849315068493,-0.74,6.17616438356165,70,L,5.83333333333333,-0.74
543101,2025,FS,32.2196721311475,-2.03196721311475,5.37049180327869,74,R,6.16666666666667,2.03196721311475
543101,2025,KC,31.8602941176471,-2.16985294117647,5.37117647058823,74,R,6.16666666666667,2.16985294117647
543101,2025,SL,35.1909090909091,-2.05742424242424,5.50636363636363,74,R,6.16666666666667,2.05742424242424
543135,2026,CU,40.5948717948718,-2.19697435897436,5.7868717948718,74,R,6.16666666666667,2.19697435897436
543135,2025,CU,35.4360946745562,-2.3389349112426,5.48041420118343,74,R,6.16666666666667,2.3389349112426
543135,2024,CU,37.4571428571429,-2.20771428571429,5.66657142857143,74,R,6.16666666666667,2.20771428571429
543135,2024,FS,32.8786026200873,-2.37244541484716,5.52122270742358,74,R,6.16666666666667,2.37244541484716
543135,2023,FS,35.5940298507463,-2.28537313432836,5.61328358208955,74,R,6.16666666666667,2.28537313432836
543135,2025,FS,32.8760355029586,-2.41985207100592,5.43917159763314,74,R,6.16666666666667,2.41985207100592
543135,2026,FS,36.9171875,-2.28994791666667,5.7184375,74,R,6.16666666666667,2.28994791666667
543243,2023,ST,47.5786163522013,-0.902767295597484,5.5185534591195,70,R,5.83333333333333,0.902767295597484
543243,2025,ST,48.0708737864078,-0.790647249190939,5.57857605177993,70,R,5.83333333333333,0.790647249190939
543243,2024,ST,48.9154121863799,-0.798387096774194,5.52659498207885,70,R,5.83333333333333,0.798387096774194
543243,2026,ST,47.6041916167665,-0.659461077844311,5.57461077844311,70,R,5.83333333333333,0.659461077844311
543243,2026,CU,51.058762886598,-0.57639175257732,5.59711340206186,70,R,5.83333333333333,0.57639175257732
543243,2025,CU,50.8568527918782,-0.721522842639594,5.62477157360406,70,R,5.83333333333333,0.721522842639594
543243,2023,CU,51.496551724138,-0.786206896551724,5.55275862068966,70,R,5.83333333333333,0.786206896551724
543243,2024,CU,52.4492857142857,-0.759571428571428,5.57157142857143,70,R,5.83333333333333,0.759571428571428
543243,2025,CH,42.5930232558139,-1.00453488372093,5.37441860465116,70,R,5.83333333333333,1.00453488372093
543243,2024,CH,45.975,-0.926,5.41833333333333,70,R,5.83333333333333,0.926
543272,2023,ST,31.4295454545455,2.86693181818182,5.98886363636363,75,L,6.25,2.86693181818182
543294,2023,CH,45.9236593059937,-2.60470031545741,6.09858044164037,75,R,6.25,2.60470031545741
543294,2024,CH,43.5644646924829,-2.63323462414578,6.03993166287016,75,R,6.25,2.63323462414578
543294,2025,CH,43.6805243445693,-2.61674157303371,6.14269662921348,75,R,6.25,2.61674157303371
543294,2024,CU,43.3727272727273,-2.63886363636364,5.99829545454545,75,R,6.25,2.63886363636364
543294,2025,CU,43.8363636363636,-2.68659090909091,6.14636363636364,75,R,6.25,2.68659090909091
543339,2024,SL,33.0447368421053,-2.81131578947368,5.59652631578947,75,R,6.25,2.81131578947368
543351,2023,SL,31.4563106796117,-2.43854368932039,5.6247572815534,73,R,6.08333333333333,2.43854368932039
543351,2024,SL,32.0110169491526,-2.38,5.72932203389831,73,R,6.08333333333333,2.38
543475,2023,ST,42.0016759776536,-1.76201117318436,5.87871508379888,77,R,6.41666666666667,1.76201117318436
543475,2023,CH,39.5869047619048,-1.79333333333333,5.8075,77,R,6.41666666666667,1.79333333333333
543475,2023,CU,46.62,-1.59466666666667,6.01911111111111,77,R,6.41666666666667,1.59466666666667
543507,2023,CH,40.146,-1.4142,5.686,77,R,6.41666666666667,1.4142
543518,2023,FS,46.1837209302326,-1.66697674418605,5.985,71,R,5.91666666666667,1.66697674418605
543518,2025,FS,46.9714285714286,-1.73163265306122,5.96448979591837,71,R,5.91666666666667,1.73163265306122
543518,2024,FS,47.6527472527473,-1.41813186813187,5.98747252747253,71,R,5.91666666666667,1.41813186813187
543518,2024,SL,46.7767441860465,-1.58581395348837,6.02302325581395,71,R,5.91666666666667,1.58581395348837
543521,2023,ST,19.2,-2.43381578947368,5.07263157894737,74,R,6.16666666666667,2.43381578947368
543766,2023,ST,34.0957746478873,-3.05830985915493,5.9012676056338,73,R,6.08333333333333,3.05830985915493
543859,2023,SL,15.4866666666667,-3.69485714285714,5.33352380952381,79,R,6.58333333333333,3.69485714285714
543859,2024,SL,14.046511627907,-3.81041860465117,5.22316279069767,79,R,6.58333333333333,3.81041860465117
543859,2024,ST,10.1952380952381,-3.95214285714286,5.07404761904762,79,R,6.58333333333333,3.95214285714286
543859,2025,SL,15.5219512195122,-3.63682926829268,5.34853658536585,79,R,6.58333333333333,3.63682926829268
544150,2024,CU,42.9527559055118,-1.28748031496063,6.23244094488189,75,R,6.25,1.28748031496063
544150,2024,CH,33.4119791666667,-1.62989583333333,5.99208333333333,75,R,6.25,1.62989583333333
544150,2026,CH,34.1833333333333,-1.68233333333333,6.00633333333334,75,R,6.25,1.68233333333333
547179,2024,ST,43.1074074074074,-1.48518518518519,5.71222222222222,73,R,6.08333333333333,1.48518518518519
547179,2025,CH,42.1058252427185,-1.81563106796117,5.82432038834951,73,R,6.08333333333333,1.81563106796117
547179,2026,ST,39.5981818181818,-2.06745454545455,5.69254545454545,73,R,6.08333333333333,2.06745454545455
547179,2024,CH,40.9990049751244,-1.47427860696517,5.77761194029851,73,R,6.08333333333333,1.47427860696517
547179,2024,CU,44.722,-1.3858,5.8054,73,R,6.08333333333333,1.3858
547179,2026,CH,39.4952941176471,-1.73688235294118,5.73188235294118,73,R,6.08333333333333,1.73688235294118
547179,2023,CH,40.9992,-1.57088,5.86352,73,R,6.08333333333333,1.57088
547179,2023,SL,42.038202247191,-1.64101123595506,5.74303370786517,73,R,6.08333333333333,1.64101123595506
547179,2025,SL,42.9162162162162,-1.90486486486487,5.82263513513513,73,R,6.08333333333333,1.90486486486487
547179,2026,CU,41.0866666666667,-1.70344444444444,5.70766666666667,73,R,6.08333333333333,1.70344444444444
547179,2025,CU,43.2314285714286,-1.80123809523809,5.79171428571429,73,R,6.08333333333333,1.80123809523809
547179,2024,SL,44.8169014084507,-1.36915492957747,5.84154929577465,73,R,6.08333333333333,1.36915492957747
547179,2025,ST,38.9676470588235,-2.29960784313726,5.66921568627451,73,R,6.08333333333333,2.29960784313726
547179,2026,SL,40.7905405405405,-1.8172972972973,5.73108108108108,73,R,6.08333333333333,1.8172972972973
547184,2024,ST,35.3015384615385,-1.36607692307692,6.018,76,R,6.33333333333333,1.36607692307692
547184,2023,ST,36.9707692307692,-1.17692307692308,5.94461538461539,76,R,6.33333333333333,1.17692307692308
547184,2025,ST,33.3718954248366,-1.60954248366013,6.05130718954248,76,R,6.33333333333333,1.60954248366013
547943,2023,CU,48.5191176470589,2.01426470588235,6.07647058823529,75,L,6.25,2.01426470588235
547943,2023,CH,37.059,2.3929,5.72,75,L,6.25,2.3929
547973,2025,SL,54.884,0.3444,6.2128,76,L,6.33333333333333,0.3444
547973,2026,SL,55.7860465116279,0.389069767441861,6.20976744186047,76,L,6.33333333333333,0.389069767441861
547973,2023,SL,54.15,0.386346153846154,6.20961538461538,76,L,6.33333333333333,0.386346153846154
547973,2025,FS,51.7089285714286,0.343035714285714,6.11732142857143,76,L,6.33333333333333,0.343035714285714
547973,2024,SL,55.7367924528302,0.360188679245283,6.13943396226415,76,L,6.33333333333333,0.360188679245283
547973,2024,FS,51.1553846153846,0.388923076923077,5.99661538461538,76,L,6.33333333333333,0.388923076923077
548384,2023,ST,30.4268292682927,3.2409756097561,5.45317073170732,75,L,6.25,3.2409756097561
548384,2025,ST,27.2266666666667,3.28146666666667,5.38573333333333,75,L,6.25,3.28146666666667
548384,2026,ST,28.4305084745763,3.33177966101695,5.44381355932203,75,L,6.25,3.33177966101695
548389,2024,CH,59.7676470588235,-1.25683823529412,6.84227941176471,73,R,6.08333333333333,1.25683823529412
548389,2023,CH,64.0269565217391,-1.044,6.932,73,R,6.08333333333333,1.044
548389,2024,SL,64.2070707070707,-1.04474747474748,6.96434343434344,73,R,6.08333333333333,1.04474747474748
548389,2023,SL,62.02,-1.17842105263158,6.86505263157895,73,R,6.08333333333333,1.17842105263158
552640,2025,SL,40.9727659574468,-1.744,5.87629787234042,73,R,6.08333333333333,1.744
552640,2024,SL,39.4670411985019,-1.77314606741573,5.78629213483146,73,R,6.08333333333333,1.77314606741573
552640,2026,SL,40.8459016393442,-1.58114754098361,5.9305737704918,73,R,6.08333333333333,1.58114754098361
554340,2023,CU,26.1176470588236,-2.70573529411765,5.10455882352941,73,R,6.08333333333333,2.70573529411765
554340,2024,CU,28.2928571428572,-2.72238095238095,5.17,73,R,6.08333333333333,2.72238095238095
554430,2025,CU,25.6168539325843,-2.10460674157303,5.27887640449438,76,R,6.33333333333333,2.10460674157303
554430,2026,ST,20.825,-1.93345238095238,4.91511904761905,76,R,6.33333333333333,1.93345238095238
554430,2025,ST,22.01125,-2.1618125,5.0996875,76,R,6.33333333333333,2.1618125
554430,2026,FS,23.3387323943662,-1.80739436619718,4.99570422535211,76,R,6.33333333333333,1.80739436619718
554430,2026,CU,24.4864406779661,-1.90440677966102,5.08135593220339,76,R,6.33333333333333,1.90440677966102
554430,2023,CU,30.9893939393939,-2.08863636363636,5.39909090909091,76,R,6.33333333333333,2.08863636363636
554430,2023,ST,27.9927272727273,-2.14854545454546,5.23218181818182,76,R,6.33333333333333,2.14854545454546
554430,2024,CU,26.1664122137405,-2.1818320610687,5.30496183206107,76,R,6.33333333333333,2.1818320610687
554430,2024,FS,25.3466101694915,-2.13228813559322,5.23940677966102,76,R,6.33333333333333,2.13228813559322
554430,2025,FS,24.3895652173913,-2.02269565217391,5.17921739130435,76,R,6.33333333333333,2.02269565217391
554430,2024,ST,22.8114130434783,-2.23369565217391,5.15597826086957,76,R,6.33333333333333,2.23369565217391
570257,2024,CH,31.2313725490196,3.24117647058824,5.49509803921568,73,L,6.08333333333333,3.24117647058824
570632,2023,SL,37.1066666666667,-2.90644444444444,5.89222222222222,74,R,6.16666666666667,2.90644444444444
570632,2024,CH,32.9272727272727,-2.9911038961039,5.69675324675325,74,R,6.16666666666667,2.9911038961039
570632,2024,SL,32.2817120622568,-3.07735408560311,5.69509727626459,74,R,6.16666666666667,3.07735408560311
570632,2025,SL,30.8924528301887,-2.71122641509434,5.70396226415094,74,R,6.16666666666667,2.71122641509434
570632,2023,CH,36.0910714285714,-2.90892857142857,5.85910714285714,74,R,6.16666666666667,2.90892857142857
570632,2025,CH,29.9816513761468,-2.76577981651376,5.66183486238532,74,R,6.16666666666667,2.76577981651376
571510,2024,SL,18.6666666666667,2.45645833333333,5.15916666666667,75,L,6.25,2.45645833333333
571510,2026,SL,14.6850746268657,2.76597014925373,5.03119402985075,75,L,6.25,2.76597014925373
571510,2024,CH,28.7802197802198,2.20087912087912,5.49758241758242,75,L,6.25,2.20087912087912
571510,2025,SL,13.7838709677419,2.70112903225806,5.00967741935484,75,L,6.25,2.70112903225806
571510,2026,CH,25.0462962962963,2.47216049382716,5.34654320987654,75,L,6.25,2.47216049382716
571510,2025,CH,29.3456338028169,2.28419718309859,5.54222535211267,75,L,6.25,2.28419718309859
571510,2025,CU,32.510752688172,2.26139784946237,5.71870967741935,75,L,6.25,2.26139784946237
571578,2023,SL,39.1539772727273,2.36642045454545,6.21982954545454,76,L,6.33333333333333,2.36642045454545
571578,2025,SL,36.8827676240209,2.7108093994778,6.18396866840731,76,L,6.33333333333333,2.7108093994778
571578,2025,CH,40.816,2.4644,6.2978,76,L,6.33333333333333,2.4644
571578,2026,SL,38.5613095238095,2.68934523809524,6.28226190476191,76,L,6.33333333333333,2.68934523809524
571578,2024,SL,38.2718340611354,2.55266375545851,6.24017467248909,76,L,6.33333333333333,2.55266375545851
571578,2026,CH,39.9747572815534,2.51640776699029,6.3121359223301,76,L,6.33333333333333,2.51640776699029
571578,2024,CH,42.53,2.28175,6.363,76,L,6.33333333333333,2.28175
571656,2023,SL,29.8056818181818,-1.43329545454545,5.66386363636364,76,R,6.33333333333333,1.43329545454545
571656,2024,SL,27.9986666666667,-1.29206666666667,5.626,76,R,6.33333333333333,1.29206666666667
571656,2024,CH,29.0921875,-1.274765625,5.671484375,76,R,6.33333333333333,1.274765625
571656,2023,CH,30.5977272727273,-1.39909090909091,5.72,76,R,6.33333333333333,1.39909090909091
571670,2024,SL,34.6872727272727,-3.44427272727273,5.94363636363636,74,R,6.16666666666667,3.44427272727273
571670,2024,CH,33.4090909090909,-3.57477272727273,5.90795454545455,74,R,6.16666666666667,3.57477272727273
571760,2025,CU,22.2210526315789,3.08912280701754,4.70771929824561,74,L,6.16666666666667,3.08912280701754
571760,2024,SL,29.6878481012658,3.00721518987342,5.04546835443038,74,L,6.16666666666667,3.00721518987342
571760,2023,SL,27.2602649006623,3.05105960264901,4.98516556291391,74,L,6.16666666666667,3.05105960264901
571760,2024,CH,30.4772388059702,2.95522388059701,5.0505223880597,74,L,6.16666666666667,2.95522388059701
571760,2025,SL,26.1201219512195,3.04103658536585,4.87530487804878,74,L,6.16666666666667,3.04103658536585
571760,2025,CH,27.419209039548,2.9345197740113,4.91853107344633,74,L,6.16666666666667,2.9345197740113
571760,2023,CH,29.4021052631579,2.95978947368421,5.06273684210526,74,L,6.16666666666667,2.95978947368421
571882,2023,SL,52.9769230769231,-1.22096153846154,6.47596153846154,75,R,6.25,1.22096153846154
571882,2024,SL,53.4885462555066,-0.982995594713657,6.52656387665198,75,R,6.25,0.982995594713657
571901,2023,CH,1.41219512195122,3.77365853658537,4.22292682926829,71,L,5.91666666666667,3.77365853658537
571927,2025,CH,32.2258928571429,1.91366071428572,5.62625,74,L,6.16666666666667,1.91366071428572
571927,2023,CH,34.0107142857143,1.58952380952381,5.58083333333334,74,L,6.16666666666667,1.58952380952381
571927,2024,CH,35.2505263157895,1.884,5.6098947368421,74,L,6.16666666666667,1.884
571927,2026,CH,32.1290780141844,2.14014184397163,5.67822695035461,74,L,6.16666666666667,2.14014184397163
571927,2026,CU,38.9619047619048,2.03785714285714,5.78357142857143,74,L,6.16666666666667,2.03785714285714
571927,2025,CU,39.5104761904762,1.76685714285714,5.72619047619048,74,L,6.16666666666667,1.76685714285714
571927,2026,SL,34.6857142857143,2.17469387755102,5.70775510204082,74,L,6.16666666666667,2.17469387755102
571945,2026,CU,49.73125,-1.43359375,6.72703125,76,R,6.33333333333333,1.43359375
571945,2024,CU,49.6955357142857,-2.45901785714286,6.59258928571429,76,R,6.33333333333333,2.45901785714286
571945,2024,ST,46.3191489361702,-2.5668085106383,6.50829787234043,76,R,6.33333333333333,2.5668085106383
571945,2025,CU,48.6158620689655,-2.14593103448276,6.65579310344828,76,R,6.33333333333333,2.14593103448276
571945,2023,CU,50.8678260869565,-2.16660869565217,6.63878260869565,76,R,6.33333333333333,2.16660869565217
571945,2025,CH,39.6852941176471,-2.43080882352941,6.32220588235294,76,R,6.33333333333333,2.43080882352941
571945,2023,SL,47.4267045454546,-2.25659090909091,6.56625,76,R,6.33333333333333,2.25659090909091
571945,2026,SL,45.0582352941176,-1.585,6.6314705882353,76,R,6.33333333333333,1.585
571945,2025,SL,43.2731182795699,-2.3115770609319,6.54591397849462,76,R,6.33333333333333,2.3115770609319
571945,2024,SL,44.7819078947369,-2.70815789473684,6.48891447368421,76,R,6.33333333333333,2.70815789473684
571945,2024,CH,39.9385245901639,-2.79303278688525,6.25270491803279,76,R,6.33333333333333,2.79303278688525
571945,2026,CH,38.8203703703704,-1.73092592592593,6.37666666666667,76,R,6.33333333333333,1.73092592592593
571945,2023,CH,40.7186046511628,-2.44581395348837,6.23093023255814,76,R,6.33333333333333,2.44581395348837
571946,2025,FS,43.4761904761905,-1.48428571428571,5.41028571428572,75,R,6.25,1.48428571428571
571946,2024,FS,45.144578313253,-1.58915662650602,5.35385542168675,75,R,6.25,1.58915662650602
571946,2024,SL,47.7505882352941,-1.53835294117647,5.35235294117647,75,R,6.25,1.53835294117647
571948,2023,CH,-5.66888888888889,4.49022222222222,4.09844444444444,75,L,6.25,4.49022222222222
571948,2026,ST,-5.05625,4.21671875,4.148125,75,L,6.25,4.21671875
571948,2024,CH,-7.05,4.339,4.078,75,L,6.25,4.339
571948,2024,ST,-1.73965517241379,4.12293103448276,4.32258620689655,75,L,6.25,4.12293103448276
571948,2025,CH,-8.87872340425532,4.44861702127659,4.01468085106383,75,L,6.25,4.44861702127659
571948,2026,CH,-7.1625,4.42325,4.047,75,L,6.25,4.42325
571948,2025,ST,-6.33785714285715,4.28892857142858,4.13807142857143,75,L,6.25,4.28892857142858
571948,2023,ST,-0.931707317073171,4.29390243902439,4.3290243902439,75,L,6.25,4.29390243902439
572020,2023,KC,47.2850746268657,1.86776119402985,6.12238805970149,76,L,6.33333333333333,1.86776119402985
572020,2024,KC,44.2623188405797,2.18743961352657,6.08632850241546,76,L,6.33333333333333,2.18743961352657
572020,2024,CH,44.1340909090909,2.16590909090909,6.105,76,L,6.33333333333333,2.16590909090909
572143,2024,ST,37.9583333333333,-2.26458333333333,5.64541666666667,76,R,6.33333333333333,2.26458333333333
572143,2024,CU,43.3491803278689,-2.28934426229508,5.84459016393443,76,R,6.33333333333333,2.28934426229508
572403,2023,ST,47.1861111111111,-1.22638888888889,6.28944444444444,78,R,6.5,1.22638888888889
572955,2023,CU,41.4239130434782,-1.87398550724638,6.15673913043478,74,R,6.16666666666667,1.87398550724638
572955,2026,CU,42.2530120481928,-1.31283132530121,6.17650602409639,74,R,6.16666666666667,1.31283132530121
572955,2024,CU,40.0101639344263,-2.17239344262295,6.16390163934427,74,R,6.16666666666667,2.17239344262295
572955,2025,CU,40.3353312302839,-1.87542586750789,6.23444794952682,74,R,6.16666666666667,1.87542586750789
572971,2023,CH,45.3705882352941,1.18794117647059,6.18490196078432,74,L,6.16666666666667,1.18794117647059
573009,2024,CU,16.6898305084746,3.35271186440678,5.16915254237288,76,L,6.33333333333333,3.35271186440678
573009,2024,CH,13.2512396694215,3.30942148760331,5.0800826446281,76,L,6.33333333333333,3.30942148760331
573009,2023,CH,16.4756097560976,3.09048780487805,5.16634146341464,76,L,6.33333333333333,3.09048780487805
573009,2026,CH,13.3452380952381,3.31071428571429,5.12690476190476,76,L,6.33333333333333,3.31071428571429
573124,2025,ST,29.2759090909091,1.98059090909091,5.61686363636363,75,L,6.25,1.98059090909091
573124,2024,ST,28.8588235294118,1.9722268907563,5.64705882352941,75,L,6.25,1.9722268907563
573124,2023,ST,29.4923913043478,1.7575,5.62695652173913,75,L,6.25,1.7575
573124,2026,ST,28.4817610062893,1.9340251572327,5.53157232704402,75,L,6.25,1.9340251572327
573186,2024,SV,30.0582677165354,-1.13196850393701,5.1388188976378,67,R,5.58333333333333,1.13196850393701
573186,2024,SL,35.8880829015545,-1.01430051813472,5.27176165803109,67,R,5.58333333333333,1.01430051813472
573186,2024,FS,30.3761904761905,-1.08111111111111,5.16531746031746,67,R,5.58333333333333,1.08111111111111
573186,2025,SV,32.546,-1.1314,5.177,67,R,5.58333333333333,1.1314
573186,2023,SV,34.6466666666667,-0.995111111111111,5.23422222222222,67,R,5.58333333333333,0.995111111111111
573204,2026,CU,58.1390625,-0.10359375,6.1240625,72,L,6,-0.10359375
573204,2025,CU,58.7233333333333,-0.0252222222222222,6.18188888888889,72,L,6,-0.0252222222222222
573204,2024,CU,57.8424657534247,0.18027397260274,6.09287671232877,72,L,6,0.18027397260274
573204,2026,SL,54.3238095238095,0.053968253968254,6.12333333333333,72,L,6,0.053968253968254
573204,2025,SL,55.0571428571429,0.0961904761904762,6.1552380952381,72,L,6,0.0961904761904762
573204,2025,ST,51.8549019607843,0.342156862745098,6.04647058823529,72,L,6,0.342156862745098
573204,2024,ST,52.2713043478261,0.502260869565217,6.02852173913043,72,L,6,0.502260869565217
579328,2025,CU,44.9344978165939,2.03427947598253,5.6046288209607,72,L,6,2.03427947598253
579328,2024,CH,44.384375,2.348984375,5.445,72,L,6,2.348984375
579328,2023,CU,48.5171428571428,2.1515,5.50921428571429,72,L,6,2.1515
579328,2025,CH,39.1734806629834,2.29049723756906,5.44950276243094,72,L,6,2.29049723756906
579328,2023,SL,37.6845744680851,2.55308510638298,5.21361702127659,72,L,6,2.55308510638298
579328,2024,CU,51.0151785714286,2.13446428571429,5.61071428571429,72,L,6,2.13446428571429
579328,2026,FS,55.7849056603774,1.72679245283019,5.87603773584906,72,L,6,1.72679245283019
579328,2026,SL,47.495,2.10133333333333,5.7035,72,L,6,2.10133333333333
579328,2025,SL,34.35,2.49564885496183,5.28729007633588,72,L,6,2.49564885496183
579328,2024,SL,39.6601744186047,2.54758720930233,5.3875,72,L,6,2.54758720930233
592094,2024,SL,35.4066666666667,-1.15066666666667,6.15288888888889,75,R,6.25,1.15066666666667
592094,2024,ST,31.94375,-1.2653125,6.0540625,75,R,6.25,1.2653125
592094,2025,SL,38.1383783783784,-1.074,6.3805945945946,75,R,6.25,1.074
592094,2026,SL,36.6026548672566,-1.05592920353982,6.32796460176991,75,R,6.25,1.05592920353982
592094,2024,CH,33.1551282051282,-1.18730769230769,6.12467948717949,75,R,6.25,1.18730769230769
592094,2025,CH,36.1608938547486,-1.07703910614525,6.39245810055866,75,R,6.25,1.07703910614525
592094,2026,CH,32.656976744186,-1.13872093023256,6.21593023255814,75,R,6.25,1.13872093023256
592155,2025,ST,32.175641025641,2.92525641025641,5.59217948717949,75,L,6.25,2.92525641025641
592155,2024,ST,36.052380952381,2.88392857142857,5.58226190476191,75,L,6.25,2.88392857142857
592229,2023,SL,53.90625,-1.500625,6.3275,73,R,6.08333333333333,1.500625
592332,2025,SL,37.8648351648351,-2.51769230769231,5.75494505494505,74,R,6.16666666666667,2.51769230769231
592332,2026,SL,36.4963414634146,-2.49536585365854,5.70475609756098,74,R,6.16666666666667,2.49536585365854
592332,2026,FS,34.9844559585492,-2.53088082901554,5.6951554404145,74,R,6.16666666666667,2.53088082901554
592332,2023,FS,35.6364806866953,-2.4818025751073,5.58905579399142,74,R,6.16666666666667,2.4818025751073
592332,2025,FS,33.9570205479452,-2.61220890410959,5.62840753424658,74,R,6.16666666666667,2.61220890410959
592332,2023,SL,35.9048780487805,-2.48268292682927,5.57585365853659,74,R,6.16666666666667,2.48268292682927
592332,2024,FS,34.0524122807018,-2.60796052631579,5.60910087719298,74,R,6.16666666666667,2.60796052631579
592332,2024,SL,35.2607594936709,-2.59835443037975,5.61582278481013,74,R,6.16666666666667,2.59835443037975
592351,2023,SL,30.9629166666667,-1.914375,5.63075,76,R,6.33333333333333,1.914375
592351,2024,SL,33.563085399449,-1.70413223140496,5.67911845730027,76,R,6.33333333333333,1.70413223140496
592351,2025,SL,29.1714285714286,-1.66190476190476,5.47380952380953,76,R,6.33333333333333,1.66190476190476
592351,2023,CH,31.5979166666667,-1.87625,5.645625,76,R,6.33333333333333,1.87625
592351,2024,CH,33.5540983606557,-1.61229508196721,5.64327868852459,76,R,6.33333333333333,1.61229508196721
592426,2024,CU,53.9540540540541,-2.25445945945946,6.55135135135135,74,R,6.16666666666667,2.25445945945946
592426,2024,SL,52.2297872340426,-2.28029787234043,6.46974468085106,74,R,6.16666666666667,2.28029787234043
592426,2025,CU,51.5290909090909,-2.44181818181818,6.36545454545454,74,R,6.16666666666667,2.44181818181818
592426,2023,SL,52.3777027027027,-2.20695945945946,6.36371621621621,74,R,6.16666666666667,2.20695945945946
592426,2025,SL,49.5109947643979,-2.34047120418848,6.25643979057592,74,R,6.16666666666667,2.34047120418848
592454,2024,CH,32.4966165413534,-2.36056390977444,5.67966165413534,73,R,6.08333333333333,2.36056390977444
592454,2023,CH,32.6101265822785,-2.25917721518987,5.63424050632912,73,R,6.08333333333333,2.25917721518987
592454,2025,CH,30.9855263157895,-2.26931578947368,5.48963157894737,73,R,6.08333333333333,2.26931578947368
592454,2026,CH,34.5586206896552,-1.70344827586207,5.57241379310345,73,R,6.08333333333333,1.70344827586207
592662,2024,KC,45.8434782608696,2.79717391304348,6.23152173913043,74,L,6.16666666666667,2.79717391304348
592662,2025,KC,44.4315789473684,2.82045112781955,6.10684210526316,74,L,6.16666666666667,2.82045112781955
592662,2026,KC,43.8702380952381,2.77619047619048,6.10809523809524,74,L,6.16666666666667,2.77619047619048
592662,2025,CH,43.5785714285715,2.85690476190476,6.08208333333334,74,L,6.16666666666667,2.85690476190476
592662,2024,SL,45.7556962025316,2.66455696202532,6.24721518987342,74,L,6.16666666666667,2.66455696202532
592662,2026,SL,43.2893518518519,2.74060185185185,6.06189814814815,74,L,6.16666666666667,2.74060185185185
592662,2026,CH,43.9483146067416,2.83348314606742,6.13415730337079,74,L,6.16666666666667,2.83348314606742
592662,2025,SL,45.0641873278237,2.66578512396694,6.16247933884297,74,L,6.16666666666667,2.66578512396694
592767,2023,KC,48.0852380952381,1.95485714285714,6.44961904761905,74,L,6.16666666666667,1.95485714285714
592767,2024,KC,50.2909482758621,1.65465517241379,6.56491379310344,74,L,6.16666666666667,1.65465517241379
592773,2024,SL,41.5044117647059,-1.35926470588235,6.06088235294118,76,R,6.33333333333333,1.35926470588235
592773,2025,SL,51.2735294117647,-0.588529411764706,6.46460784313726,76,R,6.33333333333333,0.588529411764706
592773,2026,SL,48.1380281690141,-0.70943661971831,6.31859154929578,76,R,6.33333333333333,0.70943661971831
592773,2024,FS,48.892,-0.7102,6.3023,76,R,6.33333333333333,0.7102
592773,2025,ST,44.5782608695652,-0.933695652173913,6.27673913043478,76,R,6.33333333333333,0.933695652173913
592773,2026,FS,44.3357142857143,-0.621964285714286,6.23714285714286,76,R,6.33333333333333,0.621964285714286
592773,2025,FS,51.1018867924528,-0.378867924528302,6.45226415094339,76,R,6.33333333333333,0.378867924528302
592789,2023,CH,37.7258620689655,-1.09689655172414,6.26810344827586,78,R,6.5,1.09689655172414
592791,2025,ST,46.8466257668712,-1.2579754601227,6.16509202453988,77,R,6.41666666666667,1.2579754601227
592791,2025,CH,47.2302521008403,-1.26487394957983,6.1727731092437,77,R,6.41666666666667,1.26487394957983
592791,2026,ST,45.0650406504065,-1.23756097560976,6.01455284552846,77,R,6.41666666666667,1.23756097560976
592791,2024,ST,45.2680365296804,-1.37442922374429,6.13447488584475,77,R,6.41666666666667,1.37442922374429
592791,2023,ST,43.8838983050848,-1.37669491525424,5.98118644067797,77,R,6.41666666666667,1.37669491525424
592791,2024,CU,47.6261744966443,-1.33422818791946,6.23167785234899,77,R,6.41666666666667,1.33422818791946
592791,2026,CH,46.8909090909091,-1.25245454545455,6.04872727272727,77,R,6.41666666666667,1.25245454545455
592791,2025,CU,49.1979797979798,-1.20545454545455,6.24232323232323,77,R,6.41666666666667,1.20545454545455
592791,2026,CU,49.0325581395349,-1.18767441860465,6.12930232558139,77,R,6.41666666666667,1.18767441860465
592791,2023,CU,46.1538461538462,-1.33120879120879,6.08197802197802,77,R,6.41666666666667,1.33120879120879
592791,2024,CH,44.5716981132075,-1.35396226415094,6.12584905660377,77,R,6.41666666666667,1.35396226415094
592836,2025,SL,42.0381355932203,-1.87305084745763,6.53983050847458,76,R,6.33333333333333,1.87305084745763
592836,2024,ST,41.1184210526316,-1.9419298245614,6.45517543859649,76,R,6.33333333333333,1.9419298245614
592836,2026,FS,42.780701754386,-1.84964912280702,6.48,76,R,6.33333333333333,1.84964912280702
592836,2025,CU,42.3924528301887,-1.8811320754717,6.50396226415095,76,R,6.33333333333333,1.8811320754717
592836,2023,FS,36.5968421052631,-2.00615789473684,6.26673684210527,76,R,6.33333333333333,2.00615789473684
592836,2024,CU,41.3966666666667,-1.94066666666667,6.45833333333333,76,R,6.33333333333333,1.94066666666667
592836,2025,FS,39.9424657534247,-1.91926940639269,6.41036529680366,76,R,6.33333333333333,1.91926940639269
592836,2024,FS,38.8545454545455,-2.00890909090909,6.36678787878788,76,R,6.33333333333333,2.00890909090909
592848,2023,ST,45.9037735849056,-1.57509433962264,5.60188679245283,75,R,6.25,1.57509433962264
592866,2024,ST,17.0691358024691,-2.43691358024691,4.98469135802469,75,R,6.25,2.43691358024691
592866,2025,CH,15.5921875,-2.4025,4.93296875,75,R,6.25,2.4025
592866,2025,ST,16.0242603550296,-2.53733727810651,4.94023668639053,75,R,6.25,2.53733727810651
592866,2023,SL,16.6380952380952,-2.48428571428571,4.97428571428571,75,R,6.25,2.48428571428571
592866,2024,CH,16.0759493670886,-2.24835443037975,4.94645569620253,75,R,6.25,2.24835443037975
592866,2023,CH,17.3266666666667,-2.35186666666667,5.012,75,R,6.25,2.35186666666667
592866,2024,SL,17.5145833333333,-2.38895833333333,5.04854166666667,75,R,6.25,2.38895833333333
592866,2025,SL,16.42,-2.527,4.9845,75,R,6.25,2.527
593334,2023,CU,33.144262295082,-1.58344262295082,5.63704918032787,74,R,6.16666666666667,1.58344262295082
593334,2024,CU,34.0446153846154,-1.41984615384615,5.62123076923077,74,R,6.16666666666667,1.41984615384615
593334,2024,CH,33.4148936170213,-1.5,5.58659574468085,74,R,6.16666666666667,1.5
593423,2024,FS,41.3757425742574,-1.14678217821782,5.92940594059406,74,R,6.16666666666667,1.14678217821782
593423,2024,SL,45.2608108108108,-1.04162162162162,5.92472972972973,74,R,6.16666666666667,1.04162162162162
593423,2024,ST,42.5822222222222,-1.08644444444444,5.89822222222223,74,R,6.16666666666667,1.08644444444444
593423,2025,FS,47.428,-0.785066666666666,6.09013333333334,74,R,6.16666666666667,0.785066666666666
593423,2025,SL,47.5466666666667,-0.739333333333333,6.054,74,R,6.16666666666667,0.739333333333333
593576,2023,FS,42.1569444444445,-1.5,6.12847222222222,74,R,6.16666666666667,1.5
593576,2025,FS,41.6224137931035,-1.49896551724138,6.17181034482759,74,R,6.16666666666667,1.49896551724138
593576,2024,FS,41.8431372549019,-1.42549019607843,6.16034313725491,74,R,6.16666666666667,1.42549019607843
593958,2023,CH,38.065625,1.666796875,5.828515625,74,L,6.16666666666667,1.666796875
593958,2025,SL,41.8953488372093,1.0946511627907,5.94697674418605,74,L,6.16666666666667,1.0946511627907
593958,2025,CU,45.358,1.1448,5.9804,74,L,6.16666666666667,1.1448
593958,2024,CH,39.2633333333333,1.40588888888889,5.85333333333333,74,L,6.16666666666667,1.40588888888889
593958,2023,SL,39.5475,1.544,5.808,74,L,6.16666666666667,1.544
593958,2025,CH,40.4757575757575,1.21189393939394,5.90329545454546,74,L,6.16666666666667,1.21189393939394
593958,2026,CU,46.8969696969697,1.22040404040404,6.04020202020202,74,L,6.16666666666667,1.22040404040404
593958,2026,CH,42.8030888030888,1.29579150579151,5.97335907335908,74,L,6.16666666666667,1.29579150579151
593974,2025,SL,45.6573170731707,0.7,5.9969512195122,72,L,6,0.7
593974,2023,CH,38.1546875,0.77328125,5.73796875,72,L,6,0.77328125
593974,2026,SL,41.6883333333333,0.6745,5.86166666666667,72,L,6,0.6745
593974,2025,CH,41.7241706161137,0.733838862559242,5.90440758293839,72,L,6,0.733838862559242
593974,2026,CH,37.3335483870968,0.61141935483871,5.76154838709677,72,L,6,0.61141935483871
593974,2024,CH,39.6698412698413,0.601349206349207,5.82,72,L,6,0.601349206349207
594580,2025,ST,10.7454545454545,2.30454545454545,4.77363636363636,69,L,5.75,2.30454545454545
594580,2026,ST,10.6882882882883,2.00873873873874,4.73081081081081,69,L,5.75,2.00873873873874
594580,2024,ST,13.936231884058,2.54594202898551,4.91304347826087,69,L,5.75,2.54594202898551
594580,2023,ST,12.6222222222222,2.37296296296296,4.87203703703704,69,L,5.75,2.37296296296296
594580,2026,CH,13.5414634146341,1.9,4.83756097560976,69,L,5.75,1.9
594798,2026,CU,39.6288888888889,-1.42311111111111,5.76355555555556,76,R,6.33333333333333,1.42311111111111
594798,2025,SL,32.6402985074627,-1.4146908315565,5.52255863539445,76,R,6.33333333333333,1.4146908315565
594798,2026,CH,35.5174311926605,-1.40036697247706,5.64449541284404,76,R,6.33333333333333,1.40036697247706
594798,2025,CH,32.5204545454546,-1.25954545454546,5.46015151515152,76,R,6.33333333333333,1.25954545454546
594798,2025,CU,37.0823529411765,-1.29941176470588,5.62901960784314,76,R,6.33333333333333,1.29941176470588
594798,2026,SL,35.8247787610619,-1.5446017699115,5.70389380530973,76,R,6.33333333333333,1.5446017699115
594835,2024,CH,30.4469135802469,2.11296296296296,5.16592592592593,73,L,6.08333333333333,2.11296296296296
594902,2023,ST,31.6688524590164,-1.7527868852459,4.94950819672131,76,R,6.33333333333333,1.7527868852459
594902,2024,SL,34.9862068965517,-1.50206896551724,5.09706896551724,76,R,6.33333333333333,1.50206896551724
594902,2024,ST,34.9598958333333,-1.56546875,5.12583333333333,76,R,6.33333333333333,1.56546875
594902,2024,CU,40.5834862385321,-1.43045871559633,5.31128440366972,76,R,6.33333333333333,1.43045871559633
594902,2024,CH,37.1878504672897,-1.37448598130841,5.20317757009346,76,R,6.33333333333333,1.37448598130841
594943,2023,CH,33.8634615384615,-2.29596153846154,5.37846153846154,75,R,6.25,2.29596153846154
595014,2024,ST,32.22,-2.93241666666667,6.21991666666667,77,R,6.41666666666667,2.93241666666667
595014,2026,ST,31.9164179104478,-3.07194029850746,6.18597014925373,77,R,6.41666666666667,3.07194029850746
595014,2025,ST,32.2836206896552,-2.93991379310345,6.24568965517242,77,R,6.41666666666667,2.93991379310345
595345,2025,SL,35.4974683544304,3.16155063291139,5.89398734177216,74,L,6.16666666666667,3.16155063291139
595345,2023,SL,31.0467625899281,3.06028776978417,5.64805755395683,74,L,6.16666666666667,3.06028776978417
595345,2026,SL,34.2684563758389,3.13379194630873,5.8475167785235,74,L,6.16666666666667,3.13379194630873
595345,2024,SL,33.6736196319019,2.99748466257669,5.71018404907976,74,L,6.16666666666667,2.99748466257669
595881,2024,FS,31.4847826086956,-1.95,5.30152173913043,74,R,6.16666666666667,1.95
596001,2023,ST,30.8164383561644,-2.15602739726027,5.8408904109589,75,R,6.25,2.15602739726027
596001,2025,ST,27.4727272727273,-2.20898395721925,5.59850267379679,75,R,6.25,2.20898395721925
596001,2024,ST,29.6486486486487,-2.33113513513514,5.6932972972973,75,R,6.25,2.33113513513514
596001,2026,ST,30.2417391304348,-2.002,5.65104347826087,75,R,6.25,2.002
596001,2025,CH,28.1945945945946,-2.01162162162162,5.62567567567568,75,R,6.25,2.01162162162162
596001,2023,CH,30.6953488372093,-1.97255813953488,5.86767441860465,75,R,6.25,1.97255813953488
596001,2026,CH,31.8606557377049,-1.82409836065574,5.72475409836065,75,R,6.25,1.82409836065574
596057,2023,CH,28.7304347826087,3.04065217391304,5.41478260869565,74,L,6.16666666666667,3.04065217391304
596133,2025,CH,45.5866666666667,-1.58812121212121,5.52309090909091,74,R,6.16666666666667,1.58812121212121
596133,2026,CH,45.5044444444444,-1.49711111111111,5.5162962962963,74,R,6.16666666666667,1.49711111111111
596133,2023,CH,45.6378787878788,-1.58954545454545,5.66318181818182,74,R,6.16666666666667,1.58954545454545
596133,2024,CH,45.0526315789474,-1.74715789473684,5.63326315789474,74,R,6.16666666666667,1.74715789473684
596295,2025,SL,52.0984375,2.155625,6.59609375,77,L,6.41666666666667,2.155625
596295,2023,CH,52.147619047619,1.79492063492063,6.45460317460317,77,L,6.41666666666667,1.79492063492063
596295,2024,CH,53.2298804780876,2.15565737051793,6.42780876494024,77,L,6.41666666666667,2.15565737051793
596295,2024,SL,52.8621621621622,2.24707207207207,6.53355855855856,77,L,6.41666666666667,2.24707207207207
596295,2024,KC,55.2222614840989,2.11247349823322,6.55943462897526,77,L,6.41666666666667,2.11247349823322
596295,2025,KC,56.0573913043478,2.01130434782609,6.62773913043478,77,L,6.41666666666667,2.01130434782609
596295,2025,CH,51.7406593406594,2.11296703296703,6.46857142857143,77,L,6.41666666666667,2.11296703296703
596295,2023,SL,53.247,1.8308,6.6232,77,L,6.41666666666667,1.8308
596295,2023,KC,54.5074074074074,1.78296296296296,6.59962962962963,77,L,6.41666666666667,1.78296296296296
598286,2023,CH,34.575,3.22984375,5.91640625,76,L,6.33333333333333,3.22984375
600917,2023,SL,38.9428571428571,-1.74971428571429,5.78285714285714,72,R,6,1.74971428571429
600917,2024,SL,37.8511627906977,-2.02476744186046,5.76343023255814,72,R,6,2.02476744186046
600917,2024,CH,42.6346153846154,-1.55884615384615,5.91519230769231,72,R,6,1.55884615384615
600921,2023,SL,36.0075,-2.052,5.388,73,R,6.08333333333333,2.052
600921,2023,CH,30.3363636363636,-2.24012987012987,5.18662337662338,73,R,6.08333333333333,2.24012987012987
600986,2024,SL,50.6177570093458,-2.35728971962617,6.15757009345794,75,R,6.25,2.35728971962617
601713,2023,CU,56.7329545454546,-1.49079545454545,6.64386363636364,77,R,6.41666666666667,1.49079545454545
601713,2024,SL,58.0511627906977,-1.42883720930233,6.83302325581396,77,R,6.41666666666667,1.42883720930233
601713,2023,ST,50.8208333333333,-1.78354166666667,6.450625,77,R,6.41666666666667,1.78354166666667
601713,2024,ST,53.6940789473684,-1.75924342105263,6.72963815789474,77,R,6.41666666666667,1.75924342105263
601713,2025,ST,53.9740458015267,-1.26103053435115,6.70793893129771,77,R,6.41666666666667,1.26103053435115
601713,2024,CU,57.701923076923,-1.51551282051282,6.84403846153846,77,R,6.41666666666667,1.51551282051282
601713,2025,CU,58.3208333333333,-0.977537878787878,6.8482196969697,77,R,6.41666666666667,0.977537878787878
605121,2024,SL,35.4005154639175,-2.69721649484536,5.67515463917526,75,R,6.25,2.69721649484536
605130,2025,CU,28.2771428571429,-2.35857142857143,5.40814285714286,75,R,6.25,2.35857142857143
605130,2026,CU,28.484693877551,-2.39816326530612,5.33051020408164,75,R,6.25,2.39816326530612
605130,2024,CU,35.0082191780822,-1.69739726027397,5.47616438356164,75,R,6.25,1.69739726027397
605130,2024,ST,25.5077348066298,-2.03325966850829,5.17773480662983,75,R,6.25,2.03325966850829
605130,2025,ST,19.3269736842105,-2.57947368421053,5.06657894736842,75,R,6.25,2.57947368421053
605130,2023,CU,34.4113636363636,-1.83340909090909,5.40852272727273,75,R,6.25,1.83340909090909
605130,2026,ST,19.7653846153846,-2.61397435897436,5.00217948717949,75,R,6.25,2.61397435897436
605130,2025,SL,20.9244897959184,-2.47540816326531,5.11918367346939,75,R,6.25,2.47540816326531
605130,2023,ST,25.9254901960784,-2.15745098039216,5.10960784313726,75,R,6.25,2.15745098039216
605135,2025,ST,25.7197674418605,-2.31941860465116,5.14906976744186,77,R,6.41666666666667,2.31941860465116
605135,2024,ST,28.1796460176991,-2.15159292035398,5.20575221238938,77,R,6.41666666666667,2.15159292035398
605135,2023,ST,31.1307692307692,-1.85096153846154,5.28384615384615,77,R,6.41666666666667,1.85096153846154
605135,2025,CU,38.5375609756097,-1.796,5.6700487804878,77,R,6.41666666666667,1.796
605135,2023,CU,47.3929411764706,-1.24376470588235,5.88447058823529,77,R,6.41666666666667,1.24376470588235
605135,2026,CU,36.5361111111111,-1.52111111111111,5.63064814814815,77,R,6.41666666666667,1.52111111111111
605135,2024,CU,43.603125,-1.436375,5.7819375,77,R,6.41666666666667,1.436375
605135,2024,CH,33.5145454545455,-1.74818181818182,5.49490909090909,77,R,6.41666666666667,1.74818181818182
605135,2024,FS,28.6388888888889,-1.89944444444445,5.33314814814815,77,R,6.41666666666667,1.89944444444445
605135,2024,SL,41.24,-1.497,5.7206,77,R,6.41666666666667,1.497
605135,2023,CH,37.2716981132076,-1.54584905660377,5.61094339622641,77,R,6.41666666666667,1.54584905660377
605154,2023,SL,45.5130434782609,-1.90760869565217,5.94413043478261,73,R,6.08333333333333,1.90760869565217
605154,2024,SL,43.29377593361,-1.91207468879668,5.91099585062241,73,R,6.08333333333333,1.91207468879668
605154,2025,SL,40.588,-1.8622,5.7953,73,R,6.08333333333333,1.8622
605155,2024,CU,40.190243902439,-2.35634146341463,6.19609756097561,76,R,6.33333333333333,2.35634146341463
605155,2024,SL,34.4274509803922,-2.69470588235294,6.01627450980392,76,R,6.33333333333333,2.69470588235294
605156,2024,SL,40.727868852459,-2.09672131147541,6.28147540983606,76,R,6.33333333333333,2.09672131147541
605177,2024,SL,47.1273631840796,2.22029850746269,6.17860696517413,74,L,6.16666666666667,2.22029850746269
605177,2025,SL,49.8922413793104,2.10224137931034,6.5048275862069,74,L,6.16666666666667,2.10224137931034
605177,2023,SL,44.705,2.1645,6.13675,74,L,6.16666666666667,2.1645
605182,2023,ST,45.6122641509434,-1.6261320754717,5.7788679245283,76,R,6.33333333333333,1.6261320754717
605182,2023,CH,47.0421686746988,-1.51,5.76277108433735,76,R,6.33333333333333,1.51
605200,2023,CH,34.9446153846154,-2.17384615384615,5.54107692307692,72,R,6,2.17384615384615
605242,2023,ST,39.8106382978724,-2.76468085106383,5.92276595744681,74,R,6.16666666666667,2.76468085106383
605280,2024,SL,52.4281818181818,-0.647909090909091,6.64781818181818,77,R,6.41666666666667,0.647909090909091
605280,2026,ST,40.6084745762712,-1.7164406779661,6.40661016949153,77,R,6.41666666666667,1.7164406779661
605280,2024,ST,47.6721153846154,-0.780288461538462,6.51336538461539,77,R,6.41666666666667,0.780288461538462
605280,2025,SL,46.1305970149254,-0.672313432835821,6.50492537313433,77,R,6.41666666666667,0.672313432835821
605280,2025,ST,42.6136363636363,-0.914204545454546,6.45079545454546,77,R,6.41666666666667,0.914204545454546
605280,2026,CH,40.1194444444444,-1.24180555555556,6.33944444444444,77,R,6.41666666666667,1.24180555555556
605280,2025,CH,42.2566820276498,-0.843456221198157,6.39502304147466,77,R,6.41666666666667,0.843456221198157
605288,2026,CH,35.852380952381,-1.51460317460317,5.72992063492063,76,R,6.33333333333333,1.51460317460317
605288,2025,CH,34.7855172413793,-1.41165517241379,5.67455172413793,76,R,6.33333333333333,1.41165517241379
605288,2025,CU,41.7520547945205,-1.29424657534247,5.83,76,R,6.33333333333333,1.29424657534247
605288,2023,SL,39.5024691358025,-1.54604938271605,5.7883950617284,76,R,6.33333333333333,1.54604938271605
605288,2024,CH,38.5646153846154,-1.46553846153846,5.81107692307692,76,R,6.33333333333333,1.46553846153846
605288,2024,SL,40.0348837209302,-1.44476744186047,5.82558139534884,76,R,6.33333333333333,1.44476744186047
605288,2025,SL,36.3544827586207,-1.35468965517241,5.71144827586207,76,R,6.33333333333333,1.35468965517241
605288,2026,SL,37.4391304347826,-1.49275362318841,5.73710144927536,76,R,6.33333333333333,1.49275362318841
605347,2024,SL,37.9629032258065,-1.77225806451613,5.81629032258064,75,R,6.25,1.77225806451613
605347,2024,CH,35.8392156862745,-1.70980392156863,5.76843137254902,75,R,6.25,1.70980392156863
605347,2023,KC,33.0672727272727,-2.70072727272727,5.614,75,R,6.25,2.70072727272727
605397,2024,ST,30.8933884297521,-1.52446280991736,6.17355371900827,77,R,6.41666666666667,1.52446280991736
605397,2024,CH,29.2172413793104,-1.66844827586207,6.07724137931034,77,R,6.41666666666667,1.66844827586207
605397,2024,CU,41.1937007874016,-1.12133858267717,6.52267716535433,77,R,6.41666666666667,1.12133858267717
605400,2026,KC,23.0099706744868,-1.82844574780059,5.10982404692082,74,R,6.16666666666667,1.82844574780059
605400,2023,KC,23.6881516587678,-2.07023696682465,5.22985781990522,74,R,6.16666666666667,2.07023696682465
605400,2024,KC,21.3418563922942,-1.81360770577933,5.07420315236427,74,R,6.16666666666667,1.81360770577933
605400,2025,KC,21.4330396475771,-1.94185022026432,5.12308370044053,74,R,6.16666666666667,1.94185022026432
605400,2026,CH,15.8179104477612,-1.96932835820896,4.81492537313433,74,R,6.16666666666667,1.96932835820896
605400,2025,CH,16.0223140495868,-2.02611570247934,4.89917355371901,74,R,6.16666666666667,2.02611570247934
605400,2023,CH,17.8275862068966,-2.19712643678161,4.95459770114943,74,R,6.16666666666667,2.19712643678161
605400,2024,CH,16.825,-1.86548387096774,4.90838709677419,74,R,6.16666666666667,1.86548387096774
605447,2026,SL,52.5461538461538,-1.70807692307692,6.04653846153846,77,R,6.41666666666667,1.70807692307692
605447,2024,SL,49.8327272727273,-1.67109090909091,6.05563636363636,77,R,6.41666666666667,1.67109090909091
605447,2023,SL,49.8597402597403,-2.47623376623377,6.08220779220779,77,R,6.41666666666667,2.47623376623377
605447,2025,SL,50.0696428571429,-2.12602678571428,6.13142857142857,77,R,6.41666666666667,2.12602678571428
605452,2024,SL,33.3175965665236,-2.26875536480687,5.6319313304721,76,R,6.33333333333333,2.26875536480687
605452,2025,SL,32.9618556701031,-2.17556701030928,5.74381443298969,76,R,6.33333333333333,2.17556701030928
605452,2025,CH,33.4675,-2.264,5.73825,76,R,6.33333333333333,2.264
605452,2024,CH,32.458,-2.2304,5.5896,76,R,6.33333333333333,2.2304
605463,2024,ST,12.9435185185185,-3.57731481481481,4.72694444444445,75,R,6.25,3.57731481481481
605463,2023,ST,18.1761904761905,-1.82738095238095,4.86666666666667,75,R,6.25,1.82738095238095
605463,2024,FS,12.6190476190476,-3.58126984126984,4.69238095238095,75,R,6.25,3.58126984126984
605463,2025,FS,10.8460526315789,-3.65631578947369,4.58973684210526,75,R,6.25,3.65631578947369
605483,2023,CU,59.5762295081967,2.06122950819672,6.59934426229508,76,L,6.33333333333333,2.06122950819672
605483,2024,CU,59.5462264150944,1.89509433962264,6.66603773584906,76,L,6.33333333333333,1.89509433962264
605483,2025,CU,59.1684782608696,1.88576086956522,6.56076086956522,76,L,6.33333333333333,1.88576086956522
605483,2024,CH,53.6617834394905,2.19866242038216,6.49229299363058,76,L,6.33333333333333,2.19866242038216
605483,2023,SL,58.225,2.12132352941176,6.6275,76,L,6.33333333333333,2.12132352941176
605483,2025,SL,58.2936170212766,1.94574468085106,6.54340425531915,76,L,6.33333333333333,1.94574468085106
605483,2025,CH,52.7417322834646,2.18952755905512,6.39291338582677,76,L,6.33333333333333,2.18952755905512
605483,2024,SL,58.3375,1.99347222222222,6.65958333333333,76,L,6.33333333333333,1.99347222222222
605483,2023,CH,53.130534351145,2.34519083969466,6.41343511450381,76,L,6.33333333333333,2.34519083969466
605488,2025,CH,45.3519417475728,2.37402912621359,6.26917475728155,75,L,6.25,2.37402912621359
605488,2024,CH,45.292,2.4384,6.1665,75,L,6.25,2.4384
605488,2026,CH,47.1049773755656,2.29723981900452,6.2627149321267,75,L,6.25,2.29723981900452
605488,2025,ST,38.0788732394366,2.6312676056338,5.91042253521127,75,L,6.25,2.6312676056338
605488,2026,SL,46.0650793650794,2.34396825396825,6.11296296296296,75,L,6.25,2.34396825396825
605488,2024,SL,42.8,2.58264150943396,5.99018867924528,75,L,6.25,2.58264150943396
605488,2025,SL,43.3725409836066,2.4294262295082,6.09393442622951,75,L,6.25,2.4294262295082
605498,2023,CH,46.1190476190476,1.62,6.17,72,L,6,1.62
605498,2023,SL,49.9660714285714,1.43571428571429,6.28107142857143,72,L,6,1.43571428571429
605513,2024,ST,22.9090909090909,-1.73990909090909,5.57845454545455,75,R,6.25,1.73990909090909
605540,2026,CH,39.7088235294118,-1.62058823529412,5.82470588235294,76,R,6.33333333333333,1.62058823529412
605540,2025,CH,41.6061855670103,-1.52226804123711,5.86835051546392,76,R,6.33333333333333,1.52226804123711
605540,2023,CH,41.2095238095238,-1.37761904761905,5.74321428571428,76,R,6.33333333333333,1.37761904761905
606149,2023,SL,57.5280487804878,-1.86743902439024,6.71658536585366,74,R,6.16666666666667,1.86743902439024
606149,2024,SL,58.7077777777778,-1.76988888888889,6.73977777777778,74,R,6.16666666666667,1.76988888888889
606160,2025,FS,33.103187250996,-1.75689243027888,4.93681274900398,72,R,6,1.75689243027888
606160,2023,CH,33.365,-1.4395,4.94916666666667,72,R,6,1.4395
606160,2024,CH,30.6859154929578,-1.57323943661972,4.91084507042254,72,R,6,1.57323943661972
606303,2024,SL,29.2935064935065,-2.73883116883117,5.58805194805195,75,R,6.25,2.73883116883117
606303,2025,ST,28.9352941176471,-2.54376470588235,5.58988235294118,75,R,6.25,2.54376470588235
606303,2023,SL,27.1383333333333,-2.78583333333333,5.56416666666667,75,R,6.25,2.78583333333333
606303,2024,ST,31.2493506493507,-2.62532467532467,5.67012987012987,75,R,6.25,2.62532467532467
606965,2023,CH,44.2090909090909,0.136363636363636,6.40318181818182,75,R,6.25,-0.136363636363636
606965,2024,CH,44.4829545454545,0.0561363636363636,6.415,75,R,6.25,-0.0561363636363636
606965,2025,CH,39.4155555555556,-0.362,6.29088888888889,75,R,6.25,0.362
606996,2026,ST,35.0180722891566,2.60746987951807,5.55409638554217,77,L,6.41666666666667,2.60746987951807
606996,2026,FS,38.6985074626866,2.28298507462687,5.63507462686567,77,L,6.41666666666667,2.28298507462687
606996,2025,CH,36.3090909090909,2.64181818181818,5.6425,77,L,6.41666666666667,2.64181818181818
606996,2025,ST,33.1444444444444,2.91055555555556,5.51533333333334,77,L,6.41666666666667,2.91055555555556
606996,2026,SL,39.2265306122449,2.35020408163265,5.68510204081632,77,L,6.41666666666667,2.35020408163265
606996,2025,SL,37.2634146341463,2.70170731707317,5.68414634146342,77,L,6.41666666666667,2.70170731707317
607067,2023,ST,38.1434782608696,-2.09239130434783,5.63847826086956,77,R,6.41666666666667,2.09239130434783
607067,2025,SL,31.4182608695652,-1.64304347826087,5.56017391304348,77,R,6.41666666666667,1.64304347826087
607067,2025,ST,29.62,-1.7132,5.55024,77,R,6.41666666666667,1.7132
607067,2026,SL,30.2688679245283,-1.56254716981132,5.47462264150943,77,R,6.41666666666667,1.56254716981132
607067,2026,ST,28.8481012658228,-1.61025316455696,5.43784810126582,77,R,6.41666666666667,1.61025316455696
607067,2024,ST,34.2052356020943,-2.01188481675393,5.55743455497382,77,R,6.41666666666667,2.01188481675393
607067,2025,CU,34.6945945945946,-1.61851351351351,5.71864864864865,77,R,6.41666666666667,1.61851351351351
607067,2025,CH,31.481045751634,-1.66535947712418,5.60483660130719,77,R,6.41666666666667,1.66535947712418
607067,2026,CH,30.0335443037975,-1.60354430379747,5.49158227848101,77,R,6.41666666666667,1.60354430379747
607067,2024,CH,35.4453125,-1.9896875,5.604140625,77,R,6.41666666666667,1.9896875
607067,2024,CU,40.068,-1.94,5.7552,77,R,6.41666666666667,1.94
607074,2024,CH,43.4678048780488,2.13980487804878,6.22136585365854,74,L,6.16666666666667,2.13980487804878
607074,2026,CH,44.2469696969697,2.44121212121212,6.20454545454545,74,L,6.16666666666667,2.44121212121212
607074,2024,CU,50.6652777777778,1.88138888888889,6.4275,74,L,6.16666666666667,1.88138888888889
607074,2025,SL,40.5779661016949,2.55973365617433,6.23973365617434,74,L,6.16666666666667,2.55973365617433
607074,2024,SL,41.0319892473118,2.30951612903226,6.19080645161291,74,L,6.16666666666667,2.30951612903226
607074,2023,SL,42.8722222222222,2.17361111111111,6.28965277777778,74,L,6.16666666666667,2.17361111111111
607074,2026,SL,40.2195652173913,2.62369565217391,6.15793478260869,74,L,6.16666666666667,2.62369565217391
607074,2025,CH,43.4762264150943,2.37433962264151,6.27249056603773,74,L,6.16666666666667,2.37433962264151
607179,2023,SL,48.6519607843137,-1.86019607843137,6.00686274509804,76,R,6.33333333333333,1.86019607843137
607179,2024,SL,48.1638655462185,-2.14134453781513,6.02100840336134,76,R,6.33333333333333,2.14134453781513
607192,2023,CU,58.986,-1.7416,6.2118,80,R,6.66666666666667,1.7416
607192,2025,CU,59.8178294573643,-1.49015503875969,6.11201550387597,80,R,6.66666666666667,1.49015503875969
607192,2024,CU,61.009090909091,-1.46846153846154,6.16377622377622,80,R,6.66666666666667,1.46846153846154
607192,2026,KC,59.6333333333334,-1.30916666666667,6.24395833333334,80,R,6.66666666666667,1.30916666666667
607192,2025,SL,53.6887323943662,-1.81711267605634,5.90880281690141,80,R,6.66666666666667,1.81711267605634
607192,2024,SL,55.0108527131783,-1.76174418604651,5.99829457364341,80,R,6.66666666666667,1.76174418604651
607192,2026,SL,53.9891304347826,-1.61695652173913,6.03847826086957,80,R,6.66666666666667,1.61695652173913
607192,2023,SL,51.8600985221675,-2.13724137931035,5.99689655172414,80,R,6.66666666666667,2.13724137931035
607200,2025,ST,30.1301470588235,-1.68283088235294,5.62889705882353,76,R,6.33333333333333,1.68283088235294
607200,2024,ST,32.8116279069767,-1.59802325581395,5.6570542635659,76,R,6.33333333333333,1.59802325581395
607200,2026,ST,31.9496666666667,-1.52526666666667,5.7625,76,R,6.33333333333333,1.52526666666667
607200,2025,CH,30.2678571428571,-1.691875,5.75848214285714,76,R,6.33333333333333,1.691875
607200,2026,CH,30.812676056338,-1.52014084507042,5.81267605633803,76,R,6.33333333333333,1.52014084507042
607200,2024,CH,34.4269035532995,-1.60116751269035,5.79604060913706,76,R,6.33333333333333,1.60116751269035
607259,2023,CH,61.6009090909091,-1.737,6.203,73,R,6.08333333333333,1.737
607259,2024,CH,60.5548262548263,-1.55378378378379,6.33305019305019,73,R,6.08333333333333,1.55378378378379
607259,2026,CH,58.8722727272727,-1.55954545454545,6.20140909090909,73,R,6.08333333333333,1.55954545454545
607259,2023,CU,60.8790697674419,-1.74069767441861,6.16651162790698,73,R,6.08333333333333,1.74069767441861
607259,2025,CH,60.5692307692308,-1.48931174089069,6.29898785425102,73,R,6.08333333333333,1.48931174089069
607259,2025,SL,56.0633333333334,-1.591,6.13116666666667,73,R,6.08333333333333,1.591
607259,2024,SL,56.3192307692308,-1.71538461538462,6.16173076923077,73,R,6.08333333333333,1.71538461538462
607259,2024,CU,62.3653333333333,-1.5076,6.21586666666667,73,R,6.08333333333333,1.5076
607259,2025,CU,61.8361111111112,-1.38291666666667,6.1675,73,R,6.08333333333333,1.38291666666667
607455,2024,SL,33.5153153153153,2.83900900900901,5.35603603603604,74,L,6.16666666666667,2.83900900900901
607455,2025,SL,34.3025751072961,2.45635193133047,5.46283261802575,74,L,6.16666666666667,2.45635193133047
607455,2026,SL,34.2563636363636,2.66418181818182,5.409,74,L,6.16666666666667,2.66418181818182
607455,2024,CH,33.7921568627451,2.76882352941176,5.40490196078431,74,L,6.16666666666667,2.76882352941176
607481,2024,ST,10.1218181818182,2.34066666666667,5.22163636363637,75,L,6.25,2.34066666666667
607481,2025,ST,11.1241379310345,2.37862068965517,5.25258620689655,75,L,6.25,2.37862068965517
607481,2023,ST,11.1009900990099,2.29742574257426,5.22376237623762,75,L,6.25,2.29742574257426
607481,2025,CU,15.6030864197531,2.06938271604938,5.43117283950617,75,L,6.25,2.06938271604938
607536,2025,KC,27.3137704918033,2.60688524590164,5.65127868852459,76,L,6.33333333333333,2.60688524590164
607536,2025,ST,24.4726190476191,2.74684523809524,5.5675,76,L,6.33333333333333,2.74684523809524
607536,2024,KC,24.7414012738853,2.60821656050955,5.56917197452229,76,L,6.33333333333333,2.60821656050955
607536,2023,KC,22.640243902439,1.4909756097561,5.55841463414634,76,L,6.33333333333333,1.4909756097561
607536,2026,KC,30.4771929824561,2.58444444444444,5.80561403508772,76,L,6.33333333333333,2.58444444444444
607536,2026,ST,27.5705882352941,2.70852941176471,5.75676470588235,76,L,6.33333333333333,2.70852941176471
607536,2026,CH,32.2231404958677,2.6098347107438,5.84859504132231,76,L,6.33333333333333,2.6098347107438
607536,2024,CH,29.641935483871,2.54010752688172,5.72010752688172,76,L,6.33333333333333,2.54010752688172
607536,2023,CH,26.628,1.463,5.6848,76,L,6.33333333333333,1.463
607536,2025,CH,30.3578947368421,2.59526315789474,5.69631578947369,76,L,6.33333333333333,2.59526315789474
607625,2025,SL,29.5218181818182,-1.47127272727273,5.58345454545454,76,R,6.33333333333333,1.47127272727273
607625,2025,CS,26.7277777777778,-1.65240740740741,5.36944444444444,76,R,6.33333333333333,1.65240740740741
607625,2026,SL,33.777380952381,-1.91309523809524,5.67714285714286,76,R,6.33333333333333,1.91309523809524
607625,2024,SV,31.7670807453416,-1.42211180124224,5.48018633540373,76,R,6.33333333333333,1.42211180124224
607625,2023,CU,39.2641221374046,-1.29473282442748,5.62259541984733,76,R,6.33333333333333,1.29473282442748
607625,2024,CU,34.4533333333333,-1.36133333333333,5.54633333333334,76,R,6.33333333333333,1.36133333333333
607625,2024,SL,33.147619047619,-1.31460317460318,5.51095238095238,76,R,6.33333333333333,1.31460317460318
607625,2025,CU,33.1074866310161,-1.44844919786096,5.62090909090909,76,R,6.33333333333333,1.44844919786096
607625,2024,CH,31.3354166666667,-1.32427083333333,5.459375,76,R,6.33333333333333,1.32427083333333
607625,2026,CU,31.6784,-1.97208,5.61,76,R,6.33333333333333,1.97208
607625,2026,CH,27.8417721518987,-1.96746835443038,5.45544303797468,76,R,6.33333333333333,1.96746835443038
607625,2025,CH,31.3313043478261,-1.32330434782609,5.54173913043479,76,R,6.33333333333333,1.32330434782609
607625,2026,ST,24.2557692307692,-2.21509615384615,5.35903846153846,76,R,6.33333333333333,2.21509615384615
607625,2025,SV,29.14,-1.562,5.47042105263158,76,R,6.33333333333333,1.562
607625,2023,SL,37.090243902439,-1.25,5.52853658536585,76,R,6.33333333333333,1.25
607625,2024,ST,27.809756097561,-1.5009756097561,5.29560975609756,76,R,6.33333333333333,1.5009756097561
607644,2024,CH,45.312,0.9732,6.3974,76,L,6.33333333333333,0.9732
607644,2023,CH,48.112,0.788533333333333,6.42626666666667,76,L,6.33333333333333,0.788533333333333
607755,2023,SL,21.1644444444444,2.415,5.72722222222222,78,L,6.5,2.415
608032,2024,CH,42.4209302325581,-1.99860465116279,5.98488372093023,78,R,6.5,1.99860465116279
608032,2024,SL,43.8154545454546,-1.88163636363636,6.02454545454545,78,R,6.5,1.88163636363636
608032,2025,SL,44.5905405405405,-1.8577027027027,6.04331081081081,78,R,6.5,1.8577027027027
608032,2025,CH,40.5481927710844,-2.00012048192771,5.93072289156627,78,R,6.5,2.00012048192771
608032,2023,SL,40.8574074074074,-1.65259259259259,5.77425925925926,78,R,6.5,1.65259259259259
608331,2023,CU,52.9666666666667,1.26026666666667,6.08106666666667,76,L,6.33333333333333,1.26026666666667
608331,2025,CU,51.29,1.44925,6.23580000000001,76,L,6.33333333333333,1.44925
608331,2025,ST,40.7181034482759,1.87137931034483,5.86008620689655,76,L,6.33333333333333,1.87137931034483
608331,2024,ST,45.5645161290323,1.47048387096774,5.88290322580645,76,L,6.33333333333333,1.47048387096774
608331,2024,CU,52.3227678571429,1.2265625,6.099375,76,L,6.33333333333333,1.2265625
608331,2023,CH,43.4333333333333,1.57301587301587,5.75492063492064,76,L,6.33333333333333,1.57301587301587
608331,2024,SL,46.264,1.44013333333333,5.86653333333333,76,L,6.33333333333333,1.44013333333333
608331,2025,CH,40.231875,1.7936875,5.7889375,76,L,6.33333333333333,1.7936875
608331,2026,CH,41.7184615384615,1.43215384615385,5.71876923076923,76,L,6.33333333333333,1.43215384615385
608331,2026,CU,52.0086956521739,1.09456521739131,6.15173913043478,76,L,6.33333333333333,1.09456521739131
608331,2024,CH,40.7613756613756,1.65640211640212,5.66867724867725,76,L,6.33333333333333,1.65640211640212
608334,2025,CH,33.7650602409638,-2.54963855421687,5.50867469879518,72,R,6,2.54963855421687
608334,2024,CH,37.1795811518325,-2.56031413612565,5.64324607329843,72,R,6,2.56031413612565
608334,2024,SL,38.5833333333333,-2.46037037037037,5.69055555555556,72,R,6,2.46037037037037
608337,2023,CH,49.5648979591837,-1.31257142857143,6.31669387755102,78,R,6.5,1.31257142857143
608337,2025,CH,51.3432989690722,-1.45398625429553,6.23539518900344,78,R,6.5,1.45398625429553
608337,2026,CH,54.5211764705882,-1.41282352941176,6.26164705882353,78,R,6.5,1.41282352941176
608337,2025,SL,50.2660447761194,-1.53201492537314,6.30440298507463,78,R,6.5,1.53201492537314
608337,2023,SL,49.6163265306122,-1.35877551020408,6.37340136054422,78,R,6.5,1.35877551020408
608344,2024,CH,39.1123076923077,1.16738461538462,6.02776923076923,76,L,6.33333333333333,1.16738461538462
608344,2024,SV,36.815294117647,1.30105882352941,5.97764705882353,76,L,6.33333333333333,1.30105882352941
608344,2024,CU,44.6441860465116,0.980697674418604,6.22116279069767,76,L,6.33333333333333,0.980697674418604
608344,2023,CH,41.12,1.36707692307692,6.15169230769231,76,L,6.33333333333333,1.36707692307692
608371,2025,ST,39.568085106383,-1.32723404255319,5.68723404255319,74,R,6.16666666666667,1.32723404255319
608371,2024,ST,36.4628048780488,-1.43109756097561,5.65634146341464,74,R,6.16666666666667,1.43109756097561
608371,2023,ST,37.9126126126126,-2.12621621621622,5.65225225225225,74,R,6.16666666666667,2.12621621621622
608372,2026,FS,42.312582781457,-2.49781456953643,5.98165562913908,73,R,6.08333333333333,2.49781456953643
608372,2026,ST,40.2818181818182,-2.61318181818182,5.93151515151515,73,R,6.08333333333333,2.61318181818182
608372,2025,FS,42.2028368794327,-2.33237588652482,6.01719858156028,73,R,6.08333333333333,2.33237588652482
608372,2026,SL,42.5230769230769,-2.51323076923077,5.98415384615385,73,R,6.08333333333333,2.51323076923077
608372,2025,ST,40.3376425855513,-2.45159695817491,5.97688212927756,73,R,6.08333333333333,2.45159695817491
608372,2025,CU,44.0674418604651,-2.25906976744186,6.04813953488372,73,R,6.08333333333333,2.25906976744186
608379,2024,SL,49.8113924050633,-1.7053164556962,6.43746835443038,78,R,6.5,1.7053164556962
608379,2023,CH,53.3285714285714,-1.56428571428572,6.59417989417989,78,R,6.5,1.56428571428572
608379,2026,SL,52.1543209876543,-2.02851851851852,6.49641975308642,78,R,6.5,2.02851851851852
608379,2024,CH,53.4329646017699,-1.61564159292036,6.61449115044247,78,R,6.5,1.61564159292036
608379,2025,CU,51.644262295082,-1.57639344262295,6.5027868852459,78,R,6.5,1.57639344262295
608379,2025,CH,53.2727735368957,-1.41216284987277,6.64781170483461,78,R,6.5,1.41216284987277
608379,2026,CH,55.8979079497908,-1.95397489539749,6.70460251046025,78,R,6.5,1.95397489539749
608379,2025,SL,50.051875,-1.4939375,6.453875,78,R,6.5,1.4939375
608379,2026,CU,52.9466666666667,-2.1145,6.5455,78,R,6.5,2.1145
608379,2024,CU,52.1478260869565,-1.72760869565217,6.51,78,R,6.5,1.72760869565217
608566,2025,KC,43.7675675675675,-2.12012012012012,6.2763963963964,73,R,6.08333333333333,2.12012012012012
608566,2026,KC,41.5146341463415,-1.26487804878049,6.17195121951219,73,R,6.08333333333333,1.26487804878049
608566,2026,SL,33.5163265306123,-1.67816326530612,5.80061224489796,73,R,6.08333333333333,1.67816326530612
608566,2025,SL,35.3438202247191,-2.39786516853933,5.91966292134832,73,R,6.08333333333333,2.39786516853933
608638,2024,SL,28.8182608695652,-1.68017391304348,5.37947826086956,75,R,6.25,1.68017391304348
608638,2023,SL,27.6754098360656,-1.86262295081967,5.27573770491803,75,R,6.25,1.86262295081967
608650,2025,CH,49.9420634920635,1.84190476190476,6.24888888888889,73,L,6.08333333333333,1.84190476190476
608665,2023,SL,42.7446808510638,-1.14021276595745,5.70446808510638,74,R,6.16666666666667,1.14021276595745
608678,2023,SL,42.5741176470588,-2.31811764705882,5.80764705882353,70,R,5.83333333333333,2.31811764705882
608717,2024,CU,38.4329411764706,-1.75247058823529,5.94541176470588,74,R,6.16666666666667,1.75247058823529
608717,2024,CH,33.3509803921569,-1.83078431372549,5.83901960784314,74,R,6.16666666666667,1.83078431372549
608717,2023,SL,36.6840579710145,-1.87739130434783,5.81666666666667,74,R,6.16666666666667,1.87739130434783
608717,2024,SL,34.5315217391304,-1.885,5.82076086956521,74,R,6.16666666666667,1.885
608718,2025,CH,48.122641509434,3.40396226415094,6.09971698113208,76,L,6.33333333333333,3.40396226415094
608718,2023,CH,51.6318181818182,3.34515151515152,6.32636363636364,76,L,6.33333333333333,3.34515151515152
608718,2026,CH,45.1078431372549,3.43849673202615,6.01137254901961,76,L,6.33333333333333,3.43849673202615
608718,2024,CH,51.8659340659341,3.45626373626374,6.30692307692308,76,L,6.33333333333333,3.45626373626374
608718,2026,SL,46.9032786885246,3.52803278688525,6.21131147540984,76,L,6.33333333333333,3.52803278688525
608718,2024,SL,54.6432098765432,3.45814814814815,6.44320987654321,76,L,6.33333333333333,3.45814814814815
608718,2025,SL,49.8948275862069,3.46362068965517,6.24258620689655,76,L,6.33333333333333,3.46362068965517
608723,2024,CU,36.2931034482759,-2.50425287356322,5.62459770114942,74,R,6.16666666666667,2.50425287356322
608723,2024,ST,35.3929292929293,-2.56454545454545,5.60909090909091,74,R,6.16666666666667,2.56454545454545
612434,2023,SL,17.8867647058824,-2.52720588235294,4.99852941176471,79,R,6.58333333333333,2.52720588235294
612434,2023,CH,23.1146341463415,-2.32390243902439,5.16365853658537,79,R,6.58333333333333,2.32390243902439
613534,2024,SL,10.2551867219917,-3.58087136929461,5.17867219917013,75,R,6.25,3.58087136929461
614179,2024,CU,45.0668639053255,-1.28248520710059,6.28100591715976,73,R,6.08333333333333,1.28248520710059
615698,2025,CU,50.1526785714286,-1.06151785714286,6.50875,75,R,6.25,1.06151785714286
615698,2025,SL,44.1893333333334,-1.25746666666667,6.30666666666667,75,R,6.25,1.25746666666667
615698,2023,FS,45.2027397260274,-1.31260273972603,6.19904109589041,75,R,6.25,1.31260273972603
615698,2024,CU,49.9213235294118,-1.28323529411765,6.45573529411765,75,R,6.25,1.28323529411765
615698,2023,CU,51.5952380952381,-1.07595238095238,6.41857142857143,75,R,6.25,1.07595238095238
615698,2025,FS,44.2233830845771,-1.26845771144279,6.30532338308457,75,R,6.25,1.26845771144279
615698,2024,FS,44.5869346733668,-1.46417085427136,6.25949748743719,75,R,6.25,1.46417085427136
615698,2026,FS,45.7354166666667,-1.23854166666667,6.31166666666667,75,R,6.25,1.23854166666667
620454,2025,SL,38.1374045801527,3.17106870229008,5.95480916030535,78,L,6.5,3.17106870229008
621051,2024,ST,41.8210884353742,-2.28190476190476,5.57292517006803,76,R,6.33333333333333,2.28190476190476
621051,2025,ST,47.2272388059702,-2.4164552238806,5.8634328358209,76,R,6.33333333333333,2.4164552238806
621051,2023,ST,35.8077922077922,-2.9587012987013,5.29051948051948,76,R,6.33333333333333,2.9587012987013
621053,2025,ST,28.3054263565892,-3.26527131782946,5.93821705426357,76,R,6.33333333333333,3.26527131782946
621053,2024,ST,25.2817073170732,-3.45121951219512,5.76548780487805,76,R,6.33333333333333,3.45121951219512
621074,2026,CU,34.9916666666667,-2.20333333333333,5.31145833333333,73,R,6.08333333333333,2.20333333333333
621107,2023,ST,31.8771929824561,-2.26157894736842,5.98157894736842,78,R,6.5,2.26157894736842
621107,2025,ST,24.4247191011236,-2.40393258426966,5.61966292134831,78,R,6.5,2.40393258426966
621107,2024,CU,29.2399159663866,-2.3222268907563,5.90806722689076,78,R,6.5,2.3222268907563
621107,2024,ST,27.264406779661,-2.33347457627119,5.86050847457627,78,R,6.5,2.33347457627119
621107,2025,CU,26.2872340425532,-2.40787234042553,5.66755319148936,78,R,6.5,2.40787234042553
621107,2023,CU,35.7830769230769,-2.20361538461539,6.09838461538461,78,R,6.5,2.20361538461539
621107,2025,CH,24.1019607843137,-2.42823529411765,5.55578431372549,78,R,6.5,2.42823529411765
621107,2024,CH,27.8381578947369,-2.36763157894737,5.82355263157895,78,R,6.5,2.36763157894737
621111,2025,ST,40.6963855421687,-1.32578313253012,5.32132530120482,74,R,6.16666666666667,1.32578313253012
621111,2024,ST,43.7211538461539,-1.27557692307692,5.41634615384615,74,R,6.16666666666667,1.27557692307692
621111,2024,KC,51.8375,-0.938557692307692,5.67451923076923,74,R,6.16666666666667,0.938557692307692
621111,2026,ST,42.5347826086957,-1.20695652173913,5.44536231884058,74,R,6.16666666666667,1.20695652173913
621111,2025,KC,49.7918032786885,-0.998852459016393,5.65680327868852,74,R,6.16666666666667,0.998852459016393
621111,2026,KC,49.9301204819277,-0.914216867469879,5.69289156626506,74,R,6.16666666666667,0.914216867469879
621111,2026,CH,41.8554054054054,-1.22689189189189,5.54027027027027,74,R,6.16666666666667,1.22689189189189
621111,2025,SL,45.8829268292683,-1.21207317073171,5.55567073170732,74,R,6.16666666666667,1.21207317073171
621111,2026,SL,48.6638297872341,-0.982340425531915,5.64808510638298,74,R,6.16666666666667,0.982340425531915
621111,2025,CH,36.6745762711864,-1.53593220338983,5.39440677966102,74,R,6.16666666666667,1.53593220338983
621112,2026,CU,47.734693877551,-2.13285714285714,6.06102040816327,73,R,6.08333333333333,2.13285714285714
621112,2023,ST,46.9446428571429,-2.11178571428571,5.88,73,R,6.08333333333333,2.11178571428571
621112,2025,ST,37.554,-2.4392,5.6538,73,R,6.08333333333333,2.4392
621112,2024,ST,46.4693333333333,-2.1908,5.92186666666667,73,R,6.08333333333333,2.1908
621112,2026,CH,45.4480519480519,-2.13103896103896,5.99506493506493,73,R,6.08333333333333,2.13103896103896
621112,2023,CH,49.6144578313253,-2.03301204819277,6.01072289156626,73,R,6.08333333333333,2.03301204819277
621112,2023,CU,50.2734693877551,-2.01775510204082,6.02795918367347,73,R,6.08333333333333,2.01775510204082
621112,2024,CU,50.9509090909091,-2.04418181818182,6.11072727272727,73,R,6.08333333333333,2.04418181818182
621112,2024,CH,50.1365217391304,-2.01121739130435,6.08452173913044,73,R,6.08333333333333,2.01121739130435
621112,2025,CH,40.91,-2.31875,5.86625,73,R,6.08333333333333,2.31875
621114,2024,SL,56.6914893617021,-1.95340425531915,6.38909574468085,76,R,6.33333333333333,1.95340425531915
621121,2026,CH,28.9977272727273,-1.47545454545455,5.39886363636364,73,R,6.08333333333333,1.47545454545455
621121,2025,KC,28.2670886075949,-1.83303797468354,5.23417721518988,73,R,6.08333333333333,1.83303797468354
621121,2026,KC,34.2962264150943,-1.31132075471698,5.45698113207547,73,R,6.08333333333333,1.31132075471698
621121,2026,ST,28.5632653061225,-1.47040816326531,5.23938775510204,73,R,6.08333333333333,1.47040816326531
621121,2025,CH,24.9705128205128,-1.81525641025641,5.19615384615385,73,R,6.08333333333333,1.81525641025641
621121,2025,ST,22.2141891891892,-1.94554054054054,4.97297297297297,73,R,6.08333333333333,1.94554054054054
621139,2025,FS,47.4593406593407,-1.06846153846154,6.11846153846154,75,R,6.25,1.06846153846154
621199,2025,ST,30.7825,-4.42175,5.64725,72,R,6,4.42175
621199,2024,ST,35.9625,-3.15017857142857,5.73928571428571,72,R,6,3.15017857142857
621242,2025,SL,21.9865800865801,-1.8952380952381,5.05887445887446,75,R,6.25,1.8952380952381
621242,2024,SL,22.9847826086957,-2.054,5.03404347826087,75,R,6.25,2.054
621244,2025,SV,36.9764285714286,-2.11039285714286,5.60882142857142,72,R,6,2.11039285714286
621244,2024,SV,38.9138328530259,-2.0764553314121,5.60092219020173,72,R,6,2.0764553314121
621244,2023,SV,40.6041420118343,-2.30266272189349,5.67189349112426,72,R,6,2.30266272189349
621244,2025,CH,37.2962809917356,-2.00454545454545,5.55425619834711,72,R,6,2.00454545454545
621244,2023,CH,39.869918699187,-2.23463414634146,5.56617886178862,72,R,6,2.23463414634146
621244,2024,CH,37.7355371900826,-2.02442148760331,5.47925619834711,72,R,6,2.02442148760331
621345,2024,CH,39.3166666666667,2.65380952380952,5.59214285714286,72,L,6,2.65380952380952
621363,2023,SL,68.1882352941177,1.08247058823529,6.31905882352941,75,L,6.25,1.08247058823529
621363,2024,SL,68.1567901234568,1.04432098765432,6.30814814814815,75,L,6.25,1.04432098765432
621366,2026,SL,27.5269230769231,1.31833333333333,5.62371794871795,76,L,6.33333333333333,1.31833333333333
621366,2025,SL,27.5939655172414,1.76120689655172,5.63741379310345,76,L,6.33333333333333,1.76120689655172
621366,2025,FS,28.2218181818182,1.69345454545455,5.56163636363637,76,L,6.33333333333333,1.69345454545455
621366,2024,SL,28.1,1.96415094339623,5.69962264150944,76,L,6.33333333333333,1.96415094339623
621366,2023,SL,26.8568965517241,1.8948275862069,5.60163793103448,76,L,6.33333333333333,1.8948275862069
621366,2023,ST,30.2175,1.8385,5.6785,76,L,6.33333333333333,1.8385
621368,2023,SL,39.6229166666667,2.63,6.46916666666667,78,L,6.5,2.63
621381,2026,SL,33.1959459459459,2.45378378378378,5.35391891891892,74,L,6.16666666666667,2.45378378378378
621381,2025,SL,34.3113095238095,2.45005952380952,5.47279761904762,74,L,6.16666666666667,2.45005952380952
621381,2026,CH,28.0125,1.751,5.17875,74,L,6.16666666666667,1.751
621381,2024,SL,35.0484848484849,2.57242424242424,5.52075757575758,74,L,6.16666666666667,2.57242424242424
621381,2023,SL,36.5327586206897,2.4498275862069,5.60155172413793,74,L,6.16666666666667,2.4498275862069
621383,2025,ST,45.71,2.84463636363636,6.28218181818182,73,L,6.08333333333333,2.84463636363636
621383,2024,ST,44.6243902439024,2.98817073170732,6.04182926829268,73,L,6.08333333333333,2.98817073170732
621383,2026,ST,46.5280701754386,2.73087719298246,6.33508771929824,73,L,6.08333333333333,2.73087719298246
621383,2023,ST,44.1634146341463,2.97390243902439,6.10853658536585,73,L,6.08333333333333,2.97390243902439
621383,2024,SL,48.3732620320855,2.75732620320856,6.21213903743315,73,L,6.08333333333333,2.75732620320856
621383,2023,CH,50.109756097561,2.65414634146342,6.30585365853659,73,L,6.08333333333333,2.65414634146342
621383,2024,CH,50.4875,2.679375,6.2403125,73,L,6.08333333333333,2.679375
621383,2023,SL,47.5084210526316,2.78905263157895,6.27378947368421,73,L,6.08333333333333,2.78905263157895
621383,2025,SL,48.3502415458938,2.68371980676329,6.38932367149758,73,L,6.08333333333333,2.68371980676329
621383,2026,SL,49.0063157894737,2.6001052631579,6.39568421052632,73,L,6.08333333333333,2.6001052631579
621389,2023,CH,19.5477477477478,3.19108108108108,5.69693693693693,73,L,6.08333333333333,3.19108108108108
621389,2024,CH,20.2630136986301,3.07479452054794,5.74397260273973,73,L,6.08333333333333,3.07479452054794
621389,2024,CU,23.2551020408163,3.22877551020408,5.77020408163265,73,L,6.08333333333333,3.22877551020408
622065,2024,CH,33.315873015873,1.87730158730159,6.03746031746032,75,L,6.25,1.87730158730159
622065,2023,CH,33.8803571428571,1.80535714285714,6.04482142857143,75,L,6.25,1.80535714285714
622072,2024,SL,15.5263157894737,2.03894736842105,4.60070175438596,76,L,6.33333333333333,2.03894736842105
622072,2023,SL,14.2514851485148,2.11782178217822,4.55683168316832,76,L,6.33333333333333,2.11782178217822
622072,2023,CH,17.6425531914894,2.04730496453901,4.74007092198582,76,L,6.33333333333333,2.04730496453901
622072,2024,CH,18.4204819277108,1.91373493975904,4.76349397590361,76,L,6.33333333333333,1.91373493975904
622088,2026,ST,24.2876923076923,-1.963,5.45730769230769,76,R,6.33333333333333,1.963
622098,2023,CH,34.690243902439,-2.29146341463415,5.27878048780488,74,R,6.16666666666667,2.29146341463415
622098,2023,SL,42.4285714285714,-2.03392857142857,5.51,74,R,6.16666666666667,2.03392857142857
622251,2024,SL,45.4152542372882,-1.495,6.00228813559322,75,R,6.25,1.495
622253,2024,ST,20.1382352941176,-2.16205882352941,5.02455882352941,74,R,6.16666666666667,2.16205882352941
622253,2024,CH,25.080487804878,-1.93170731707317,5.21756097560976,74,R,6.16666666666667,1.93170731707317
622259,2023,SL,32.0386363636364,-3.16772727272727,5.49840909090909,79,R,6.58333333333333,3.16772727272727
622491,2023,SL,16.9032051282051,-2.4250641025641,4.99916666666667,74,R,6.16666666666667,2.4250641025641
622491,2024,SL,14.8213286713287,-2.33678321678322,4.938006993007,74,R,6.16666666666667,2.33678321678322
622491,2025,SL,13.963137254902,-2.24505882352941,4.94576470588235,74,R,6.16666666666667,2.24505882352941
622491,2025,CH,10.2339869281046,-2.31555555555556,4.83633986928105,74,R,6.16666666666667,2.31555555555556
622491,2026,SL,14.8813333333333,-2.25511111111111,4.97977777777778,74,R,6.16666666666667,2.25511111111111
622491,2023,CH,13.051724137931,-2.44068965517241,4.87991379310345,74,R,6.16666666666667,2.44068965517241
622491,2024,CH,10.7457943925234,-2.29523364485981,4.81481308411215,74,R,6.16666666666667,2.29523364485981
622491,2026,CH,10.5965517241379,-2.12215517241379,4.83706896551724,74,R,6.16666666666667,2.12215517241379
622503,2025,CH,31.7645161290323,-2.7766935483871,5.53467741935484,73,R,6.08333333333333,2.7766935483871
622554,2025,ST,32.296,-2.017,5.6009,73,R,6.08333333333333,2.017
622554,2025,FS,36.5835164835165,-1.78087912087912,5.78131868131868,73,R,6.08333333333333,1.78087912087912
622554,2024,ST,31.0880434782609,-1.74282608695652,5.43565217391304,73,R,6.08333333333333,1.74282608695652
622554,2026,ST,30.7096385542169,-1.79036144578313,5.59180722891566,73,R,6.08333333333333,1.79036144578313
622554,2023,SL,32.2591836734694,-1.80326530612245,5.60591836734694,73,R,6.08333333333333,1.80326530612245
622554,2024,SL,32.0376146788991,-1.72495412844037,5.51201834862385,73,R,6.08333333333333,1.72495412844037
622608,2025,CU,48.6006993006993,-1.86314685314685,6.29188811188811,73,R,6.08333333333333,1.86314685314685
622608,2025,SL,42.6122340425532,-2.22351063829787,6.16590425531915,73,R,6.08333333333333,2.22351063829787
622608,2025,CH,38.7205479452055,-2.38684931506849,5.98342465753425,73,R,6.08333333333333,2.38684931506849
622663,2024,ST,37.3389162561576,-2.22886699507389,5.7587684729064,74,R,6.16666666666667,2.22886699507389
622663,2023,SL,38.0804878048781,-2.03451219512195,5.89475609756098,74,R,6.16666666666667,2.03451219512195
622663,2026,ST,35.4260869565217,-2.20226086956522,5.64295652173913,74,R,6.16666666666667,2.20226086956522
622663,2024,SL,38.9720588235294,-2.17220588235294,5.79029411764706,74,R,6.16666666666667,2.17220588235294
622663,2025,ST,36.0251724137931,-2.23220689655172,5.78593103448276,74,R,6.16666666666667,2.23220689655172
622663,2023,CH,41.1155844155844,-1.74077922077922,5.94207792207792,74,R,6.16666666666667,1.74077922077922
622663,2025,CH,36.5603174603175,-1.98349206349206,5.74809523809524,74,R,6.16666666666667,1.98349206349206
622663,2024,CH,37.9336633663366,-1.92891089108911,5.75039603960396,74,R,6.16666666666667,1.92891089108911
622786,2025,SL,21.4,-2.33553571428571,5.08071428571429,76,R,6.33333333333333,2.33553571428571
622786,2024,SL,26.1602739726027,-2.15376712328767,5.23102739726028,76,R,6.33333333333333,2.15376712328767
623149,2026,ST,18.5710280373832,-3.62102803738318,4.57915887850467,75,R,6.25,3.62102803738318
623149,2025,ST,19.4547169811321,-3.75320754716981,4.55981132075472,75,R,6.25,3.75320754716981
623149,2023,ST,18.9090909090909,-3.74672727272727,4.43527272727273,75,R,6.25,3.74672727272727
623149,2024,ST,18.1035087719298,-3.62438596491228,4.5211403508772,75,R,6.25,3.62438596491228
623167,2024,ST,69.1230769230769,-0.238131868131868,6.87406593406594,75,R,6.25,0.238131868131868
623167,2024,CH,67.4043689320389,-0.264077669902913,6.68995145631068,75,R,6.25,0.264077669902913
623167,2024,CU,72.1549618320611,-0.083206106870229,6.84343511450382,75,R,6.25,0.083206106870229
623167,2023,CH,64.8164179104478,-0.462686567164179,6.59731343283582,75,R,6.25,0.462686567164179
623167,2025,CU,66.4178571428572,-0.634821428571429,6.80142857142857,75,R,6.25,0.634821428571429
623211,2023,CH,33.8952380952381,-1.71571428571429,5.68166666666667,75,R,6.25,1.71571428571429
623211,2024,CH,38.1815068493151,-1.58527397260274,5.86246575342466,75,R,6.25,1.58527397260274
623211,2026,CH,39.7584905660377,-1.36,6.05616352201258,75,R,6.25,1.36
623211,2025,CH,36.938578680203,-1.64710659898477,5.90568527918782,75,R,6.25,1.64710659898477
623352,2025,SL,26.6033707865169,3.25522471910112,5.45797752808989,75,L,6.25,3.25522471910112
623352,2024,SL,31.3962025316456,3.20841772151899,5.5746835443038,75,L,6.25,3.20841772151899
623352,2026,SL,27.7323529411765,3.17455882352941,5.52485294117647,75,L,6.25,3.17455882352941
623352,2023,SL,29.5551020408163,2.98142857142857,5.3534693877551,75,L,6.25,2.98142857142857
623433,2024,CU,48.352688172043,-0.79505376344086,6.42784946236559,76,R,6.33333333333333,0.79505376344086
623437,2025,ST,10.1446428571429,-2.563125,4.93678571428571,76,R,6.33333333333333,2.563125
623437,2023,ST,10.2490909090909,-2.42254545454545,4.798,76,R,6.33333333333333,2.42254545454545
623437,2025,CH,10.9657142857143,-2.48985714285714,4.98314285714286,76,R,6.33333333333333,2.48985714285714
623454,2026,CU,44.1296296296296,-2.04604938271605,5.74098765432099,75,R,6.25,2.04604938271605
623454,2026,CH,40.0625,-2.16077380952381,5.66940476190476,75,R,6.25,2.16077380952381
623465,2023,ST,24.0661971830986,-2.20985915492958,5.11549295774648,74,R,6.16666666666667,2.20985915492958
623465,2024,ST,24.264238410596,-2.59907284768212,5.21039735099338,74,R,6.16666666666667,2.59907284768212
623474,2024,ST,0.711627906976744,-2.5053488372093,4.86674418604651,75,R,6.25,2.5053488372093
623474,2023,ST,-0.125,-2.474375,4.87958333333333,75,R,6.25,2.474375
623474,2025,ST,2.69908256880734,-2.69463302752294,4.97288990825688,75,R,6.25,2.69463302752294
623474,2026,SL,7.85432098765432,-2.58654320987654,5.19296296296296,75,R,6.25,2.58654320987654
623474,2026,ST,2.56551724137931,-2.80367816091954,4.8951724137931,75,R,6.25,2.80367816091954
623474,2025,SL,8.42674418604651,-2.50726744186047,5.24476744186047,75,R,6.25,2.50726744186047
624133,2026,CU,45.0392857142857,2.13508928571429,5.92866071428572,73,L,6.08333333333333,2.13508928571429
624133,2023,CU,45.1705128205128,1.33884615384615,5.94076923076923,73,L,6.08333333333333,1.33884615384615
624133,2024,CU,45.585,1.6675,5.87636363636364,73,L,6.08333333333333,1.6675
624133,2025,CH,36.9631782945736,2.09709302325581,5.76841085271317,73,L,6.08333333333333,2.09709302325581
624133,2025,CU,41.2331606217617,2.00072538860104,5.85310880829016,73,L,6.08333333333333,2.00072538860104
624133,2023,CH,37.4852941176471,1.61019607843137,5.77411764705882,73,L,6.08333333333333,1.61019607843137
624133,2026,CH,40.9730769230769,2.22596153846154,5.84346153846154,73,L,6.08333333333333,2.22596153846154
624133,2024,CH,38.5655555555556,1.87711111111111,5.729,73,L,6.08333333333333,1.87711111111111
624647,2024,CH,22.758,2.3208,4.8242,72,L,6,2.3208
624647,2024,SL,26.215,2.31175,4.93925,72,L,6,2.31175
625643,2023,SL,42.4882352941177,-1.94617647058824,5.795,73,R,6.08333333333333,1.94617647058824
625643,2024,SL,39.3972222222222,-1.94243055555555,5.73298611111111,73,R,6.08333333333333,1.94243055555555
625643,2026,SL,38.436129032258,-1.89341935483871,5.64122580645161,73,R,6.08333333333333,1.89341935483871
625643,2024,CH,42.0116279069767,-1.76837209302326,5.90186046511628,73,R,6.08333333333333,1.76837209302326
625643,2024,CU,49.4560747663552,-1.73214953271028,6.10523364485981,73,R,6.08333333333333,1.73214953271028
625643,2026,CU,51.1796610169492,-1.60983050847458,6.03813559322034,73,R,6.08333333333333,1.60983050847458
628317,2023,FS,39.9795,-2.13635,5.8055,73,R,6.08333333333333,2.13635
628317,2023,SL,38.6175925925926,-2.19222222222222,5.67712962962963,73,R,6.08333333333333,2.19222222222222
628317,2024,SL,38.1615740740741,-2.18296296296296,5.64189814814814,73,R,6.08333333333333,2.18296296296296
628317,2024,FS,39.3496710526316,-2.12555921052632,5.74562500000001,73,R,6.08333333333333,2.12555921052632
628317,2024,ST,37.6357142857143,-2.09651785714286,5.59857142857143,73,R,6.08333333333333,2.09651785714286
628317,2023,ST,37.9255813953488,-2.19976744186047,5.66395348837209,73,R,6.08333333333333,2.19976744186047
628452,2024,SL,35.4950495049505,-1.69089108910891,5.62386138613862,74,R,6.16666666666667,1.69089108910891
628452,2025,SL,33.996,-1.8044,5.5604,74,R,6.16666666666667,1.8044
628452,2023,SL,31.5088888888889,-1.86244444444444,5.38977777777778,74,R,6.16666666666667,1.86244444444444
628452,2026,CH,31.0299212598425,-1.6555905511811,5.44204724409449,74,R,6.16666666666667,1.6555905511811
628452,2025,CH,30.1418181818182,-1.96278787878788,5.4330303030303,74,R,6.16666666666667,1.96278787878788
628452,2024,CH,32.4242937853107,-1.78463276836158,5.49033898305085,74,R,6.16666666666667,1.78463276836158
628452,2023,CH,30.41,-1.83633333333333,5.35444444444444,74,R,6.16666666666667,1.83633333333333
628708,2023,SL,31.7,-1.6386301369863,5.48465753424658,74,R,6.16666666666667,1.6386301369863
628708,2024,SL,33.867032967033,-1.72230769230769,5.54582417582418,74,R,6.16666666666667,1.72230769230769
628711,2023,CH,43.7573333333333,1.592,5.9036,72,L,6,1.592
628711,2023,SV,46.9352941176471,1.51623529411765,6.04988235294118,72,L,6,1.51623529411765
630023,2023,FS,50.5511111111111,-0.553333333333334,6.80577777777778,74,R,6.16666666666667,0.553333333333334
630023,2024,SL,44.7792207792208,-1.51350649350649,6.64636363636364,74,R,6.16666666666667,1.51350649350649
640448,2026,SL,52.5666666666667,-1.95962962962963,5.65388888888889,74,R,6.16666666666667,1.95962962962963
640448,2026,FS,49.184347826087,-2.1164347826087,5.58895652173913,74,R,6.16666666666667,2.1164347826087
640448,2025,FS,47.73375,-2.3156875,5.6095,74,R,6.16666666666667,2.3156875
640448,2023,FS,47.62125,-1.983625,5.5915,74,R,6.16666666666667,1.983625
640448,2024,FS,47.7161971830986,-2.17161971830986,5.66485915492958,74,R,6.16666666666667,2.17161971830986
640451,2024,FS,40.8672897196262,-2.15906542056075,5.65355140186916,75,R,6.25,2.15906542056075
640455,2025,ST,17.7640718562874,3.59203592814371,5.21538922155689,77,L,6.41666666666667,3.59203592814371
640455,2023,ST,29.3492753623188,1.95231884057971,5.74550724637681,77,L,6.41666666666667,1.95231884057971
640455,2024,ST,25.3462222222222,2.92791111111111,5.53151111111111,77,L,6.41666666666667,2.92791111111111
640455,2026,ST,15.5776371308017,3.49371308016877,5.15966244725738,77,L,6.41666666666667,3.49371308016877
640455,2023,SL,31.2536585365854,1.99780487804878,5.77560975609756,77,L,6.41666666666667,1.99780487804878
640455,2023,CH,33.5083333333334,1.85319444444444,5.95166666666667,77,L,6.41666666666667,1.85319444444444
640455,2024,CH,23.4272189349112,2.97994082840237,5.55757396449704,77,L,6.41666666666667,2.97994082840237
640455,2024,SL,25.9276315789474,2.53657894736842,5.55565789473684,77,L,6.41666666666667,2.53657894736842
640462,2023,ST,23.1054054054054,3.35905405405405,5.26567567567568,79,L,6.58333333333333,3.35905405405405
640462,2024,SL,27.6590909090909,3.38045454545455,5.49280303030303,79,L,6.58333333333333,3.38045454545455
640462,2024,ST,31.2371794871795,2.71025641025641,5.61512820512821,79,L,6.58333333333333,2.71025641025641
640470,2023,SL,40.0650406504065,-1.33056910569106,6.07333333333333,73,R,6.08333333333333,1.33056910569106
640470,2024,SL,43.2121212121212,-1.36227272727273,6.22166666666667,73,R,6.08333333333333,1.36227272727273
641154,2024,CU,46.469918699187,-1.38878048780488,5.83357723577235,76,R,6.33333333333333,1.38878048780488
641154,2023,ST,31.5697674418605,-2.08612403100775,5.40434108527132,76,R,6.33333333333333,2.08612403100775
641154,2025,ST,33.8101694915254,-2.05177966101695,5.47262711864407,76,R,6.33333333333333,2.05177966101695
641154,2023,CU,42.9897058823529,-1.66397058823529,5.73455882352941,76,R,6.33333333333333,1.66397058823529
641154,2024,ST,36.3818770226537,-1.81401294498382,5.49592233009709,76,R,6.33333333333333,1.81401294498382
641154,2025,CH,35.4507692307692,-1.96223076923077,5.52976923076923,76,R,6.33333333333333,1.96223076923077
641154,2023,CH,36.7546052631579,-1.94828947368421,5.59842105263158,76,R,6.33333333333333,1.94828947368421
641154,2024,CH,38.2607142857143,-1.74042207792208,5.58779220779221,76,R,6.33333333333333,1.74042207792208
641302,2026,ST,33.3345454545455,2.51636363636364,5.40163636363636,73,L,6.08333333333333,2.51636363636364
641302,2025,CH,32.15,1.95271186440678,5.37703389830508,73,L,6.08333333333333,1.95271186440678
641302,2025,ST,30.119375,1.993,5.251375,73,L,6.08333333333333,1.993
641302,2024,CH,36.7704347826087,1.49391304347826,5.65313043478261,73,L,6.08333333333333,1.49391304347826
641302,2024,ST,33.5381944444444,1.60055555555556,5.52006944444444,73,L,6.08333333333333,1.60055555555556
641302,2026,CH,33.7683673469388,2.59744897959184,5.4280612244898,73,L,6.08333333333333,2.59744897959184
641312,2024,SL,46.15,-1.86583333333333,6.08208333333333,78,R,6.5,1.86583333333333
641329,2025,CH,53.6104166666667,-0.904236111111111,6.54590277777778,78,R,6.5,0.904236111111111
641329,2026,CH,53.698,-1.01773333333333,6.48786666666667,78,R,6.5,1.01773333333333
641329,2025,SL,55.2760683760684,-0.816581196581197,6.59393162393163,78,R,6.5,0.816581196581197
641329,2024,SL,58.0018867924528,-0.861132075471698,6.54603773584906,78,R,6.5,0.861132075471698
641360,2023,SL,28.0315789473684,-2.36701754385965,5.09684210526316,76,R,6.33333333333333,2.36701754385965
641401,2025,CH,29.8836734693878,-2.76882653061224,5.68765306122449,78,R,6.5,2.76882653061224
641401,2026,CH,31.4705882352941,-2.7821568627451,5.75941176470588,78,R,6.5,2.7821568627451
641482,2024,CH,43.3343065693431,1.32445255474453,5.55175182481752,70,L,5.83333333333333,1.32445255474453
641482,2024,ST,39.0186046511628,1.76866279069767,5.45587209302326,70,L,5.83333333333333,1.76866279069767
641540,2023,SL,38.1792682926829,-2.34567073170732,5.47073170731708,76,R,6.33333333333333,2.34567073170732
641540,2024,SL,38.4340782122905,-2.33418994413408,5.43262569832402,76,R,6.33333333333333,2.33418994413408
641540,2024,CH,38.7032608695652,-2.34608695652174,5.46630434782609,76,R,6.33333333333333,2.34608695652174
641540,2023,CH,35.9079207920792,-2.45574257425743,5.41643564356436,76,R,6.33333333333333,2.45574257425743
641585,2023,CU,45.1176470588236,-1.28388235294118,5.52352941176471,72,R,6,1.28388235294118
641585,2023,CH,44.116091954023,-1.25965517241379,5.40632183908046,72,R,6,1.25965517241379
641656,2025,SL,37.1298387096774,-2.74306451612903,5.90016129032258,73,R,6.08333333333333,2.74306451612903
641656,2024,SL,40.5203125,-2.68901041666667,5.96677083333334,73,R,6.08333333333333,2.68901041666667
641656,2023,SL,42.3507246376812,-2.64847826086957,6.07963768115942,73,R,6.08333333333333,2.64847826086957
641672,2023,CH,44.3133333333333,-1.47466666666667,5.79466666666667,73,R,6.08333333333333,1.47466666666667
641672,2025,SL,42.7821428571429,-1.44214285714286,5.76803571428572,73,R,6.08333333333333,1.44214285714286
641672,2025,CH,45.0560975609756,-1.3480487804878,5.7719512195122,73,R,6.08333333333333,1.3480487804878
641703,2024,SL,47.2641791044776,-0.924328358208956,6.20597014925373,74,R,6.16666666666667,0.924328358208956
641712,2024,CU,35.0511627906977,-2.51279069767442,6.10941860465116,77,R,6.41666666666667,2.51279069767442
641712,2023,SL,40.0640449438202,-2.30404494382022,6.29123595505618,77,R,6.41666666666667,2.30404494382022
641712,2024,SL,35.3443786982249,-2.37189349112426,6.13272189349113,77,R,6.41666666666667,2.37189349112426
641712,2024,CH,34.9458333333333,-2.16791666666667,6.05479166666667,77,R,6.41666666666667,2.16791666666667
641729,2023,SL,31.3818181818182,-2.59742424242424,5.67181818181818,75,R,6.25,2.59742424242424
641729,2024,SL,29.6479704797048,-2.62859778597786,5.57907749077491,75,R,6.25,2.62859778597786
641743,2026,ST,31.8221428571429,2.51621428571429,5.66164285714286,72,L,6,2.51621428571429
641743,2026,SL,36.6134615384615,2.32096153846154,5.81307692307692,72,L,6,2.32096153846154
641743,2026,CH,30.7770491803279,2.5055737704918,5.52704918032787,72,L,6,2.5055737704918
641745,2025,ST,45.8852941176471,-1.62897058823529,6.31661764705883,77,R,6.41666666666667,1.62897058823529
641745,2025,CH,46.7268656716418,-1.53149253731343,6.35029850746269,77,R,6.41666666666667,1.53149253731343
641745,2025,SL,48.8645569620253,-1.51886075949367,6.39873417721519,77,R,6.41666666666667,1.51886075949367
641745,2024,SL,50.8730158730159,-1.28642857142857,6.40293650793651,77,R,6.41666666666667,1.28642857142857
641745,2026,SL,50.2854545454546,-1.31636363636364,6.35636363636364,77,R,6.41666666666667,1.31636363636364
641755,2025,CU,47.4833333333333,-0.816515151515152,6.54545454545455,76,R,6.33333333333333,0.816515151515152
641755,2024,SL,45.2896276595745,-1.02119680851064,6.44045212765958,76,R,6.33333333333333,1.02119680851064
641755,2025,SL,45.3843137254902,-0.930759803921569,6.49852941176471,76,R,6.33333333333333,0.930759803921569
641755,2026,SL,44.7045918367347,-0.801479591836735,6.45326530612245,76,R,6.33333333333333,0.801479591836735
641755,2023,SL,45.5761363636364,-0.946704545454546,6.46181818181818,76,R,6.33333333333333,0.946704545454546
641771,2024,SL,30.3261904761905,-2.59583333333334,5.41214285714286,75,R,6.25,2.59583333333334
641771,2024,CH,21.9321428571429,-2.82232142857143,5.07964285714286,75,R,6.25,2.82232142857143
641778,2025,SL,39.5666666666667,1.81440476190476,6.13,75,L,6.25,1.81440476190476
641778,2025,CU,39.5968421052632,1.84410526315789,6.19715789473684,75,L,6.25,1.84410526315789
641778,2026,CU,39.1377049180328,1.69114754098361,6.23049180327869,75,L,6.25,1.69114754098361
641778,2026,SL,38.6232142857143,1.70482142857143,6.13321428571428,75,L,6.25,1.70482142857143
641778,2025,CH,34.6975609756098,1.89024390243902,6.00121951219512,75,L,6.25,1.89024390243902
641778,2026,CH,33.782,1.8267,6.0182,75,L,6.25,1.8267
641793,2024,FS,42.0337620578778,-0.507459807073955,6.18382636655948,76,R,6.33333333333333,0.507459807073955
641793,2026,ST,39.2375,-0.835625,6.13796875,76,R,6.33333333333333,0.835625
641793,2023,FS,44.8207920792079,-0.63009900990099,6.29861386138614,76,R,6.33333333333333,0.63009900990099
641793,2025,ST,40.2372881355932,-0.769152542372881,6.17203389830509,76,R,6.33333333333333,0.769152542372881
641793,2026,FS,35.8248554913295,-0.752138728323699,6.07260115606937,76,R,6.33333333333333,0.752138728323699
641793,2025,FS,37.2129496402878,-0.714244604316546,6.08326139088729,76,R,6.33333333333333,0.714244604316546
641793,2024,ST,40.935593220339,-0.731016949152542,6.13745762711865,76,R,6.33333333333333,0.731016949152542
641793,2024,SL,41.603488372093,-0.681279069767442,6.15876744186046,76,R,6.33333333333333,0.681279069767442
641793,2023,SL,42.6946428571429,-0.90952380952381,6.16172619047619,76,R,6.33333333333333,0.90952380952381
641793,2025,SL,41.2695652173913,-0.74457800511509,6.1992327365729,76,R,6.33333333333333,0.74457800511509
641793,2026,SL,40.7281938325991,-0.72625550660793,6.18392070484582,76,R,6.33333333333333,0.72625550660793
641816,2026,SL,43.5036363636364,-2.08763636363636,5.58127272727273,75,R,6.25,2.08763636363636
641816,2026,FS,38.8023584905661,-1.94183962264151,5.50858490566038,75,R,6.25,1.94183962264151
641816,2025,FS,38.373127753304,-1.87854625550661,5.59581497797357,75,R,6.25,1.87854625550661
641816,2025,SL,40.775,-1.90633333333333,5.63316666666667,75,R,6.25,1.90633333333333
641835,2026,SL,43.4970873786408,1.66135922330097,6.20825242718447,75,L,6.25,1.66135922330097
641835,2025,SL,40.9285714285714,1.91785714285714,6.11738095238095,75,L,6.25,1.91785714285714
641835,2024,SL,43.0065789473684,1.7225,6.27644736842105,75,L,6.25,1.7225
641871,2023,CH,40.9409638554217,-1.10361445783133,5.89614457831325,75,R,6.25,1.10361445783133
641871,2023,SL,38.9121951219512,-1.31,5.77024390243902,75,R,6.25,1.31
641927,2026,ST,29.4184615384615,-1.35692307692308,5.90461538461539,81,R,6.75,1.35692307692308
641927,2025,ST,32.3420560747664,-1.38504672897196,5.93495327102804,81,R,6.75,1.38504672897196
641927,2023,ST,31.5917808219178,-1.31602739726027,5.82794520547945,81,R,6.75,1.31602739726027
641927,2024,CH,34.2891067538127,-1.48581699346405,6.04122004357298,81,R,6.75,1.48581699346405
641927,2024,ST,36.5624060150376,-1.35428571428571,5.99812030075188,81,R,6.75,1.35428571428571
641927,2023,CH,29.0687830687831,-1.4510582010582,5.86206349206349,81,R,6.75,1.4510582010582
641927,2025,CH,30.8534759358289,-1.45545454545455,5.9764973262032,81,R,6.75,1.45545454545455
641927,2025,SL,30.9633620689655,-1.36870689655172,5.87637931034483,81,R,6.75,1.36870689655172
641927,2026,CH,28.5802752293578,-1.4194495412844,5.9566513761468,81,R,6.75,1.4194495412844
641927,2024,SL,34.4372262773723,-1.37587591240876,5.93799270072992,81,R,6.75,1.37587591240876
641927,2026,SL,27.560396039604,-1.40742574257426,5.86366336633664,81,R,6.75,1.40742574257426
641941,2025,FS,44.3165289256198,-1.60247933884297,5.54454545454545,74,R,6.16666666666667,1.60247933884297
641941,2024,FS,42.2175,-1.7015,5.60225,74,R,6.16666666666667,1.7015
642016,2025,ST,34.34375,-2.19708333333333,6.10416666666667,76,R,6.33333333333333,2.19708333333333
642028,2024,ST,33.76,2.78375,5.82675,75,L,6.25,2.78375
642048,2024,CH,19.727027027027,2.0504054054054,5.18405405405405,76,L,6.33333333333333,2.0504054054054
642048,2023,CH,21.6347826086957,2.11108695652174,5.22543478260869,76,L,6.33333333333333,2.11108695652174
642100,2023,SL,27.8161764705882,1.77705882352941,5.30029411764706,71,L,5.91666666666667,1.77705882352941
642100,2025,SL,25.9053097345133,1.95513274336283,5.21805309734513,71,L,5.91666666666667,1.95513274336283
642100,2024,SL,27.5,1.71478260869565,5.25586956521739,71,L,5.91666666666667,1.71478260869565
642100,2026,SL,28.0981481481482,1.98796296296296,5.37777777777778,71,L,5.91666666666667,1.98796296296296
642121,2026,CH,41.7482517482517,-1.80615384615385,5.71881118881119,72,R,6,1.80615384615385
642121,2025,CH,41.4397435897436,-1.72833333333333,5.76282051282051,72,R,6,1.72833333333333
642152,2025,ST,36.45,-1.22034482758621,6.08965517241379,77,R,6.41666666666667,1.22034482758621
642152,2025,CH,33.9907692307692,-1.37030769230769,6.03538461538462,77,R,6.41666666666667,1.37030769230769
642207,2024,CH,17.24625,-2.51975,5.175375,74,R,6.16666666666667,2.51975
642207,2023,CH,15.4083969465649,-2.34679389312977,5.12389312977099,74,R,6.16666666666667,2.34679389312977
642207,2025,CH,15.5070967741936,-2.51822580645161,5.14703225806452,74,R,6.16666666666667,2.51822580645161
642207,2026,CH,13.4230337078652,-2.41926966292135,5.13983146067416,74,R,6.16666666666667,2.41926966292135
642216,2023,ST,31.5492063492064,-2.05809523809524,5.66698412698413,74,R,6.16666666666667,2.05809523809524
642216,2023,CH,31.6597701149425,-2.09781609195402,5.69793103448276,74,R,6.16666666666667,2.09781609195402
642232,2025,ST,9.35773195876289,3.43154639175258,4.76721649484536,77,L,6.41666666666667,3.43154639175258
642232,2024,ST,10.2497435897436,3.39574358974359,4.8165641025641,77,L,6.41666666666667,3.39574358974359
642232,2026,CH,18.3166666666667,3.03533333333333,5.19411111111111,77,L,6.41666666666667,3.03533333333333
642232,2023,ST,13.4948529411765,3.36235294117647,4.87595588235294,77,L,6.41666666666667,3.36235294117647
642232,2025,CH,11.1648936170213,3.19414893617021,4.95234042553191,77,L,6.41666666666667,3.19414893617021
642232,2026,ST,12.0688524590164,3.27704918032787,4.85786885245902,77,L,6.41666666666667,3.27704918032787
642232,2023,CH,20.605,3.049,5.25075,77,L,6.41666666666667,3.049
642232,2024,CH,12.4992125984252,3.19629921259843,4.95015748031496,77,L,6.41666666666667,3.19629921259843
642397,2025,ST,35.7325,2.251,5.5585,73,L,6.08333333333333,2.251
642397,2026,ST,36.3138461538462,2.17615384615385,5.61415384615385,73,L,6.08333333333333,2.17615384615385
642397,2024,SL,38.4098039215686,1.85718954248366,5.76915032679738,73,L,6.08333333333333,1.85718954248366
642397,2025,SL,39.1852941176471,1.87088235294118,5.69811764705882,73,L,6.08333333333333,1.87088235294118
642397,2026,SL,35.1431578947368,2.2318947368421,5.58221052631579,73,L,6.08333333333333,2.2318947368421
642397,2023,SL,38.2353658536585,1.70292682926829,5.85292682926829,73,L,6.08333333333333,1.70292682926829
642520,2024,CU,43.1675675675676,-2.34716216216216,5.68932432432432,72,R,6,2.34716216216216
642528,2025,CH,46.0423076923077,-2.15769230769231,5.48326923076923,71,R,5.91666666666667,2.15769230769231
642528,2026,CH,43.8625,-1.866875,5.4465625,71,R,5.91666666666667,1.866875
642528,2026,CU,46.1586956521739,-2.04804347826087,5.47108695652174,71,R,5.91666666666667,2.04804347826087
642545,2023,SL,53.1714285714286,-1.95518796992481,6.44571428571429,73,R,6.08333333333333,1.95518796992481
642546,2024,SL,27.2271676300578,-1.5906936416185,5.45387283236994,75,R,6.25,1.5906936416185
642546,2024,CH,25.2541666666667,-1.61229166666667,5.43625,75,R,6.25,1.61229166666667
642546,2026,SL,30.88,-2.3452,5.6158,75,R,6.25,2.3452
642547,2025,SL,34.6364341085271,-3.58286821705427,5.17240310077519,72,R,6,3.58286821705427
642547,2024,SL,33.7590038314176,-3.02214559386973,5.14,72,R,6,3.02214559386973
642547,2024,CU,40.5447058823529,-2.64894117647059,5.43070588235294,72,R,6,2.64894117647059
642547,2025,CS,40.5214285714286,-3.39238095238095,5.42333333333333,72,R,6,3.39238095238095
642547,2023,CU,42.3846153846154,-2.57661538461538,5.36184615384616,72,R,6,2.57661538461538
642547,2023,SL,34.2924731182796,-2.86838709677419,5.03956989247312,72,R,6,2.86838709677419
642547,2026,CU,35.1146153846154,-3.32330769230769,5.32576923076923,72,R,6,3.32330769230769
642547,2025,CU,40.0970588235294,-3.43805882352941,5.39341176470588,72,R,6,3.43805882352941
642547,2026,ST,30.4790322580645,-3.3958064516129,5.12629032258065,72,R,6,3.3958064516129
642547,2024,CH,32.0703703703704,-2.950329218107,5.14460905349794,72,R,6,2.950329218107
642547,2023,CH,34.4392523364486,-2.88990654205607,5.08691588785047,72,R,6,2.88990654205607
642547,2025,CH,31.5656666666667,-3.70316666666667,5.09536666666667,72,R,6,3.70316666666667
642547,2026,CH,25.6258373205742,-3.57799043062201,4.97277511961722,72,R,6,3.57799043062201
642585,2025,FS,61.3058139534883,-0.432906976744186,6.91244186046512,80,R,6.66666666666667,0.432906976744186
642629,2024,FS,62.064705882353,0.166470588235294,5.77661764705882,74,R,6.16666666666667,-0.166470588235294
642701,2024,SL,32.6404255319149,-2.35122340425532,5.68436170212766,74,R,6.16666666666667,2.35122340425532
642701,2026,SL,32.1206611570248,-1.9703305785124,5.64876033057851,74,R,6.16666666666667,1.9703305785124
642701,2025,SL,33.0743396226415,-2.11516981132076,5.7471320754717,74,R,6.16666666666667,2.11516981132076
642701,2024,CH,31.292,-2.5214,5.7006,74,R,6.16666666666667,2.5214
642701,2026,CH,28.8962962962963,-2.17759259259259,5.56333333333333,74,R,6.16666666666667,2.17759259259259
643256,2024,SL,-22.62,-4.1896,2.3618,75,R,6.25,4.1896
643338,2024,SL,44.2753623188406,-1.77768115942029,6.04340579710145,75,R,6.25,1.77768115942029
643338,2025,SL,46.2598684210527,-1.90256578947368,6.11348684210526,75,R,6.25,1.90256578947368
643377,2025,ST,41.9201834862385,-0.715229357798165,5.44330275229358,74,R,6.16666666666667,0.715229357798165
643377,2024,ST,43.9142076502733,-0.857049180327869,5.44158469945355,74,R,6.16666666666667,0.857049180327869
643377,2025,CH,44.8781690140845,-0.583169014084507,5.54197183098592,74,R,6.16666666666667,0.583169014084507
643377,2026,ST,40.0284671532847,-1.1607299270073,5.39357664233577,74,R,6.16666666666667,1.1607299270073
643377,2026,CH,44.8702857142857,-0.973428571428571,5.5296,74,R,6.16666666666667,0.973428571428571
643377,2024,CH,46.639,-0.691,5.5185,74,R,6.16666666666667,0.691
643377,2023,ST,46.6412371134021,-0.951752577319587,5.48278350515464,74,R,6.16666666666667,0.951752577319587
643410,2025,CU,52.725,-0.946029411764706,5.86,72,R,6,0.946029411764706
643410,2024,FS,52.2875675675676,-1.27902702702703,5.84648648648649,72,R,6,1.27902702702703
643410,2024,CU,53.2092307692308,-1.31892307692308,5.83169230769231,72,R,6,1.31892307692308
643410,2023,FS,50.3753246753247,-1.37935064935065,5.73090909090909,72,R,6,1.37935064935065
643410,2026,CU,49.2325581395349,-1.08697674418605,5.8506976744186,72,R,6,1.08697674418605
643410,2025,FS,50.5207407407408,-0.946074074074074,5.78903703703704,72,R,6,0.946074074074074
643410,2026,FS,47.8039603960396,-1.08079207920792,5.8229702970297,72,R,6,1.08079207920792
643493,2023,SL,54.6111111111111,-0.550888888888889,5.83466666666667,70,R,5.83333333333333,0.550888888888889
643511,2023,SL,-61.7847826086957,-3.95228260869565,1.10130434782609,75,R,6.25,3.95228260869565
643511,2025,SL,-58.4466101694915,-3.81610169491525,1.36694915254237,75,R,6.25,3.81610169491525
643511,2024,SL,-62.3615384615385,-3.84134615384616,1.10692307692308,75,R,6.25,3.84134615384616
643511,2026,SL,-58.7014285714286,-3.80157142857143,1.28757142857143,75,R,6.25,3.80157142857143
645261,2026,SL,33.9753623188406,-1.90797101449275,5.90739130434783,77,R,6.41666666666667,1.90797101449275
645261,2025,SL,33.0607655502393,-1.70459330143541,5.96593301435407,77,R,6.41666666666667,1.70459330143541
645261,2026,ST,33.2105263157895,-1.92284210526316,5.88357894736842,77,R,6.41666666666667,1.92284210526316
645261,2025,CH,32.4553370786517,-1.73747191011236,5.93957865168539,77,R,6.41666666666667,1.73747191011236
645261,2026,CH,33.1912547528517,-1.95186311787072,5.89509505703422,77,R,6.41666666666667,1.95186311787072
645261,2023,CH,32.5708074534162,-1.86422360248447,5.91732919254659,77,R,6.41666666666667,1.86422360248447
646241,2026,CH,42.5041666666667,2.98020833333333,5.74104166666667,75,L,6.25,2.98020833333333
647315,2024,SL,29.6,-1.97116279069768,5.38744186046512,76,R,6.33333333333333,1.97116279069768
647336,2024,SL,39.5844444444445,-2.63338888888889,6.22972222222222,77,R,6.41666666666667,2.63338888888889
647336,2025,SV,35.2229268292683,-2.60263414634146,5.9160487804878,77,R,6.41666666666667,2.60263414634146
647336,2026,SV,29.7269035532995,-2.56380710659899,5.66096446700508,77,R,6.41666666666667,2.56380710659899
647336,2025,CH,33.7758064516129,-2.67177419354839,5.80354838709677,77,R,6.41666666666667,2.67177419354839
647336,2024,CH,36.7769230769231,-2.75192307692308,6.14346153846154,77,R,6.41666666666667,2.75192307692308
647336,2026,CH,25.9532467532468,-2.65441558441558,5.51818181818182,77,R,6.41666666666667,2.65441558441558
650556,2025,SL,43.2932835820896,-2.57884328358209,5.74432835820896,73,R,6.08333333333333,2.57884328358209
650556,2023,SL,46.0194690265487,-2.12247787610619,5.7953982300885,73,R,6.08333333333333,2.12247787610619
650556,2026,SL,44.6066176470588,-2.22742647058824,5.78720588235294,73,R,6.08333333333333,2.22742647058824
650556,2024,SL,46.7725352112677,-2.31799295774648,5.82739436619719,73,R,6.08333333333333,2.31799295774648
650633,2023,ST,28.8534653465347,-2.63653465346535,5.54613861386139,75,R,6.25,2.63653465346535
650633,2024,ST,28.0848167539267,-3.11759162303665,5.43214659685864,75,R,6.25,3.11759162303665
650633,2025,ST,27.8695652173913,-3.09021739130435,5.53663043478261,75,R,6.25,3.09021739130435
650633,2023,CH,26.0888888888889,-2.61142857142857,5.51650793650794,75,R,6.25,2.61142857142857
650633,2026,ST,25.4881578947369,-3.21006578947368,5.42052631578947,75,R,6.25,3.21006578947368
650633,2024,CH,24.5491484184915,-3.11710462287105,5.34982968369831,75,R,6.25,3.11710462287105
650633,2025,CH,19.8770833333333,-3.22854166666667,5.27652777777778,75,R,6.25,3.22854166666667
650633,2026,CH,18.8461538461539,-3.30795986622073,5.20996655518395,75,R,6.25,3.30795986622073
650633,2024,SL,28.7044776119403,-3.12970149253731,5.44477611940298,75,R,6.25,3.12970149253731
650644,2024,CU,51.3844720496894,-0.716645962732919,6.51652173913044,73,R,6.08333333333333,0.716645962732919
650644,2023,CU,51.4235294117647,-0.417352941176471,6.46683823529412,73,R,6.08333333333333,0.417352941176471
650644,2024,ST,42.9192118226601,-1.01812807881773,6.27118226600985,73,R,6.08333333333333,1.01812807881773
650644,2026,CU,48.8574468085107,-0.566879432624114,6.43539007092199,73,R,6.08333333333333,0.566879432624114
650644,2025,CU,47.8326241134752,-0.610283687943262,6.42106382978723,73,R,6.08333333333333,0.610283687943262
650644,2025,FS,37.4162790697675,-1.15604651162791,6.13255813953488,73,R,6.08333333333333,1.15604651162791
650644,2025,SL,42.8106060606061,-0.569848484848485,6.27333333333333,73,R,6.08333333333333,0.569848484848485
650893,2025,FS,47.1229166666667,1.333125,6.01020833333333,74,L,6.16666666666667,1.333125
650893,2024,CU,49.2348837209302,1.96813953488372,5.98813953488372,74,L,6.16666666666667,1.96813953488372
650893,2025,CU,49.5103448275862,1.29448275862069,6.04396551724138,74,L,6.16666666666667,1.29448275862069
650895,2024,SL,33.9208333333333,-1.51395833333333,5.919375,75,R,6.25,1.51395833333333
650911,2026,SL,33.240625,1.89895833333333,6.11786458333333,78,L,6.5,1.89895833333333
650911,2023,CH,25.857,1.9948,5.97155,78,L,6.5,1.9948
650911,2026,CH,29.5671232876712,2.01579908675799,6.00563926940638,78,L,6.5,2.01579908675799
650911,2025,CH,27.8439579684764,2.05868651488617,5.86418563922942,78,L,6.5,2.05868651488617
650911,2025,SL,31.2608695652174,1.95621739130435,5.97108695652174,78,L,6.5,1.95621739130435
650911,2024,CH,29.9175908221797,1.97619502868069,6.102982791587,78,L,6.5,1.97619502868069
650911,2024,SL,33.9309012875537,1.82094420600858,6.20643776824035,78,L,6.5,1.82094420600858
650911,2023,SL,28.9333333333333,1.92585858585859,6.06383838383838,78,L,6.5,1.92585858585859
655889,2025,SL,49.0093457943925,-0.739719626168225,5.57168224299066,71,R,5.91666666666667,0.739719626168225
655889,2024,SL,47.0642335766423,-1.10510948905109,5.54321167883211,71,R,5.91666666666667,1.10510948905109
656061,2023,SL,37.7692307692308,-1.84673076923077,5.73288461538462,74,R,6.16666666666667,1.84673076923077
656186,2025,CH,21.7603174603175,-2.19650793650794,5.12047619047619,71,R,5.91666666666667,2.19650793650794
656186,2025,SL,25.6173913043478,-2.16326086956522,5.19934782608696,71,R,5.91666666666667,2.16326086956522
656222,2024,CH,46.7831932773109,0.926050420168067,6.01327731092438,71,L,5.91666666666667,0.926050420168067
656222,2025,CH,46.624375,1.0766875,5.99375,71,L,5.91666666666667,1.0766875
656222,2026,CH,42.5472972972973,1.205,5.90851351351351,71,L,5.91666666666667,1.205
656232,2023,CH,42.1604651162791,-1.15813953488372,6.14790697674419,74,R,6.16666666666667,1.15813953488372
656232,2024,CH,43.9793650793651,-1.08936507936508,6.13095238095238,74,R,6.16666666666667,1.08936507936508
656234,2024,SL,17.4071428571429,-2.38957142857143,5.21185714285714,75,R,6.25,2.38957142857143
656234,2025,ST,12.8194805194805,-2.91305194805195,5.01051948051948,75,R,6.25,2.91305194805195
656234,2023,CU,25.09,-1.8408,5.4956,75,R,6.25,1.8408
656234,2026,ST,13.9119402985075,-3.16358208955224,5.06626865671642,75,R,6.25,3.16358208955224
656234,2025,CU,25.184375,-2.5140625,5.50208333333333,75,R,6.25,2.5140625
656234,2024,CU,28.5479166666667,-1.92645833333333,5.62020833333333,75,R,6.25,1.92645833333333
656240,2025,SL,44.2220858895706,-1.93049079754601,6.14846625766871,78,R,6.5,1.93049079754601
656240,2024,SL,49.2275862068966,-1.93086206896552,6.25706896551724,78,R,6.5,1.93086206896552
656240,2025,FS,43.4573529411765,-1.98852941176471,6.08470588235294,78,R,6.5,1.98852941176471
656240,2024,FS,46.8682926829268,-1.98243902439024,6.18707317073171,78,R,6.5,1.98243902439024
656271,2026,SL,44.8,1.72956043956044,6.40142857142857,76,L,6.33333333333333,1.72956043956044
656271,2024,SL,40.01875,1.7853125,6.32921875,76,L,6.33333333333333,1.7853125
656271,2024,CH,35.5679245283019,1.82188679245283,6.18603773584906,76,L,6.33333333333333,1.82188679245283
656271,2026,CH,38.2298507462687,1.84522388059701,6.20522388059702,76,L,6.33333333333333,1.84522388059701
656271,2025,SL,41.4728682170543,1.98813953488372,6.33178294573643,76,L,6.33333333333333,1.98813953488372
656271,2025,CH,37.6188976377953,1.99330708661417,6.2348031496063,76,L,6.33333333333333,1.99330708661417
656271,2023,SL,38.7106382978723,1.81914893617021,6.22872340425532,76,L,6.33333333333333,1.81914893617021
656288,2025,SL,44.0209523809524,-1.19728571428572,5.82180952380953,74,R,6.16666666666667,1.19728571428572
656288,2026,SL,40.527731092437,-1.02126050420168,5.67823529411765,74,R,6.16666666666667,1.02126050420168
656288,2024,SL,45.6593659942363,-1.62380403458213,5.9470893371758,74,R,6.16666666666667,1.62380403458213
656288,2024,KC,46.6077669902913,-1.69718446601942,5.92048543689321,74,R,6.16666666666667,1.69718446601942
656288,2023,SL,44.4410714285714,-1.11642857142857,5.75901785714285,74,R,6.16666666666667,1.11642857142857
656288,2023,KC,46.9534482758621,-1.115,5.79568965517241,74,R,6.16666666666667,1.115
656288,2024,CH,40.5237647058823,-1.68112941176471,5.7968705882353,74,R,6.16666666666667,1.68112941176471
656288,2023,CH,38.7714285714286,-1.15813186813187,5.62098901098901,74,R,6.16666666666667,1.15813186813187
656288,2025,CH,38.187573964497,-1.22952662721894,5.68674556213018,74,R,6.16666666666667,1.22952662721894
656288,2026,CH,35.7286764705882,-1.09419117647059,5.58470588235294,74,R,6.16666666666667,1.09419117647059
656302,2026,CH,59.6049382716049,-1.51777777777778,6.14555555555556,74,R,6.16666666666667,1.51777777777778
656302,2023,SL,49.489497716895,-1.63945205479452,6.03424657534246,74,R,6.16666666666667,1.63945205479452
656302,2025,KC,52.6898550724638,-1.41840579710145,6.10594202898551,74,R,6.16666666666667,1.41840579710145
656302,2024,SL,51.5873529411765,-1.31227941176471,6.02113235294118,74,R,6.16666666666667,1.31227941176471
656302,2026,KC,54.9130434782609,-1.6695652173913,6.13217391304348,74,R,6.16666666666667,1.6695652173913
656302,2025,SL,48.5091614906832,-1.50498447204969,6.05274844720496,74,R,6.16666666666667,1.50498447204969
656302,2026,SL,50.1355048859935,-1.71328990228013,6.08671009771987,74,R,6.16666666666667,1.71328990228013
656302,2023,KC,53.003125,-1.50421875,6.05671875,74,R,6.16666666666667,1.50421875
656302,2025,ST,46.4133333333333,-1.64111111111111,5.96533333333333,74,R,6.16666666666667,1.64111111111111
656302,2024,KC,53.8977272727273,-1.17602272727273,6.02329545454545,74,R,6.16666666666667,1.17602272727273
656412,2024,SL,32.9419161676647,-2.2459880239521,6.0425748502994,78,R,6.5,2.2459880239521
656412,2023,SL,33.7683673469388,-2.8680612244898,6.11581632653061,78,R,6.5,2.8680612244898
656412,2024,CH,27.8168539325843,-2.27674157303371,5.86348314606741,78,R,6.5,2.27674157303371
656427,2025,KC,24.8515942028985,-2.65834782608696,5.19159420289855,76,R,6.33333333333333,2.65834782608696
656427,2024,KC,24.896875,-2.58765625,5.2416796875,76,R,6.33333333333333,2.58765625
656427,2026,KC,27.7676258992806,-2.47302158273381,5.30676258992806,76,R,6.33333333333333,2.47302158273381
656427,2026,SL,28.9425287356322,-2.43994252873563,5.39247126436782,76,R,6.33333333333333,2.43994252873563
656427,2025,SL,27.0838487972509,-2.61979381443299,5.31481099656358,76,R,6.33333333333333,2.61979381443299
656427,2023,KC,29.5607843137255,-2.45166666666667,5.40911764705882,76,R,6.33333333333333,2.45166666666667
656427,2024,SL,27.6306358381503,-2.516387283237,5.33447976878613,76,R,6.33333333333333,2.516387283237
656427,2023,SL,26.2192982456141,-2.49070175438597,5.26763157894737,76,R,6.33333333333333,2.49070175438597
656457,2025,ST,4.32115384615385,3.97519230769231,4.60096153846154,75,L,6.25,3.97519230769231
656464,2023,SL,42.6619565217391,-2.14684782608696,6.48608695652174,76,R,6.33333333333333,2.14684782608696
656464,2025,SL,43.0485148514851,-2.10148514851485,6.55663366336634,76,R,6.33333333333333,2.10148514851485
656464,2026,SL,43.8769696969697,-1.99042424242424,6.58078787878788,76,R,6.33333333333333,1.99042424242424
656464,2024,SL,41.898623853211,-2.11922018348624,6.481376146789,76,R,6.33333333333333,2.11922018348624
656492,2026,FS,44.9184615384615,2.74723076923077,5.87123076923077,75,L,6.25,2.74723076923077
656492,2026,ST,41.3745762711865,2.93584745762712,5.73330508474576,75,L,6.25,2.93584745762712
656492,2026,CH,43.2011494252874,2.83011494252874,5.88931034482759,75,L,6.25,2.83011494252874
656492,2026,CU,50.0895833333333,2.54166666666667,5.96166666666667,75,L,6.25,2.54166666666667
656529,2023,SL,43.2933333333333,1.65533333333333,6.39577777777778,80,L,6.66666666666667,1.65533333333333
656529,2023,CU,46.043661971831,1.42338028169014,6.46774647887324,80,L,6.66666666666667,1.42338028169014
656529,2024,CU,42.0814814814815,1.65592592592593,6.5062962962963,80,L,6.66666666666667,1.65592592592593
656529,2026,SL,37.5698113207547,1.92415094339623,6.26471698113207,80,L,6.66666666666667,1.92415094339623
656546,2026,SL,34.270987654321,-2.64981481481482,5.68395061728395,77,R,6.41666666666667,2.64981481481482
656546,2024,SL,40.6461956521739,-2.66913043478261,6.06978260869565,77,R,6.41666666666667,2.66913043478261
656546,2025,SL,38.6278911564626,-2.53367346938776,5.8360544217687,77,R,6.41666666666667,2.53367346938776
656546,2023,SL,42.2776923076923,-2.61346153846154,6.15030769230769,77,R,6.41666666666667,2.61346153846154
656546,2025,FS,35.2786666666667,-2.62906666666667,5.67126666666667,77,R,6.41666666666667,2.62906666666667
656546,2024,FS,37.3880597014925,-2.71462686567164,5.94716417910448,77,R,6.41666666666667,2.71462686567164
656546,2026,FS,30.1116504854369,-2.7352427184466,5.50029126213592,77,R,6.41666666666667,2.7352427184466
656550,2024,CU,41.0008928571429,-2.22758928571428,5.96339285714286,72,R,6,2.22758928571428
656550,2026,SL,40.0360269360269,-2.38713804713805,5.81791245791246,72,R,6,2.38713804713805
656550,2026,CU,40.7839285714286,-2.41339285714286,5.86017857142857,72,R,6,2.41339285714286
656550,2025,SL,38.4464190981432,-2.43397877984085,5.85623342175066,72,R,6,2.43397877984085
656550,2024,SL,38.0502617801047,-2.31502617801047,5.87586387434555,72,R,6,2.31502617801047
656550,2025,CU,40.5813432835821,-2.39276119402985,5.90485074626866,72,R,6,2.39276119402985
656557,2023,SL,20.9764705882353,-3.00294117647059,5.4363025210084,77,R,6.41666666666667,3.00294117647059
656557,2025,ST,18.7137614678899,-2.60412844036697,5.4094495412844,77,R,6.41666666666667,2.60412844036697
656557,2024,ST,20.9399598393574,-2.38232931726907,5.54301204819277,77,R,6.41666666666667,2.38232931726907
656557,2025,FS,21.5855072463768,-2.49260869565217,5.59695652173913,77,R,6.41666666666667,2.49260869565217
656557,2024,FS,22.6486187845304,-2.25729281767956,5.63395027624309,77,R,6.41666666666667,2.25729281767956
656578,2023,SL,50.6,-2.02020833333333,5.89916666666667,75,R,6.25,2.02020833333333
656578,2023,CH,51.2233644859813,-1.9214953271028,6.01345794392523,75,R,6.25,1.9214953271028
656605,2025,ST,35.4658362989324,-1.9364768683274,5.7170462633452,75,R,6.25,1.9364768683274
656605,2026,CU,39.9490196078431,-1.91686274509804,5.7943137254902,75,R,6.25,1.91686274509804
656605,2025,SL,39.5637614678899,-1.78880733944954,5.89412844036697,75,R,6.25,1.78880733944954
656605,2026,ST,31.6014084507042,-2.18845070422535,5.51084507042254,75,R,6.25,2.18845070422535
656605,2023,ST,37.8191489361702,-2.09021276595745,5.81244680851064,75,R,6.25,2.09021276595745
656605,2024,SL,38.0591240875912,-1.89503649635037,5.86598540145986,75,R,6.25,1.89503649635037
656605,2024,CU,41.8287234042553,-1.75840425531915,5.92691489361702,75,R,6.25,1.75840425531915
656605,2024,ST,33.8359813084112,-2.02831775700935,5.68457943925233,75,R,6.25,2.02831775700935
656605,2025,CU,44.3147540983607,-1.64672131147541,5.97196721311476,75,R,6.25,1.64672131147541
656605,2026,SL,37.1011363636364,-2.06090909090909,5.73897727272727,75,R,6.25,2.06090909090909
656605,2026,CH,36.675,-1.96723684210526,5.77986842105263,75,R,6.25,1.96723684210526
656605,2025,CH,39.219,-1.7838,5.9072,75,R,6.25,1.7838
656629,2023,SL,38.5486486486487,-2.64063063063063,5.6072972972973,75,R,6.25,2.64063063063063
656629,2024,SL,43.8659574468085,-2.45510638297872,5.68276595744681,75,R,6.25,2.45510638297872
656638,2023,SL,43.6035971223022,-2.13035971223022,5.77438848920863,75,R,6.25,2.13035971223022
656638,2026,SL,44.4903703703704,-1.75148148148148,5.88814814814815,75,R,6.25,1.75148148148148
656638,2024,SL,43.4705263157895,-2.03768421052632,5.74084210526316,75,R,6.25,2.03768421052632
656638,2026,CH,39.11875,-1.970125,5.739625,75,R,6.25,1.970125
656641,2025,CH,47.1514792899408,1.99721893491124,5.83721893491125,74,L,6.16666666666667,1.99721893491124
656641,2026,SL,51.8848484848485,2.02893939393939,5.94242424242424,74,L,6.16666666666667,2.02893939393939
656641,2024,CH,48.9673076923077,1.83788461538462,5.86519230769231,74,L,6.16666666666667,1.83788461538462
656641,2025,SL,48.5223076923077,2.004,5.85423076923077,74,L,6.16666666666667,2.004
656641,2026,CH,49.7308823529412,2.07941176470588,5.88779411764706,74,L,6.16666666666667,2.07941176470588
656641,2024,SL,49.3585714285714,1.86171428571429,5.88657142857143,74,L,6.16666666666667,1.86171428571429
656686,2025,SL,42.1136363636364,-2.45386363636364,5.89454545454546,74,R,6.16666666666667,2.45386363636364
656730,2024,KC,54.8219178082192,-0.299178082191781,6.60246575342466,80,R,6.66666666666667,0.299178082191781
656730,2025,KC,53.9496402877698,-0.157122302158273,6.51892086330935,80,R,6.66666666666667,0.157122302158273
656730,2023,KC,54.8571428571429,-0.772619047619048,6.55333333333333,80,R,6.66666666666667,0.772619047619048
656730,2026,KC,54.2426086956522,-0.0967826086956522,6.5764347826087,80,R,6.66666666666667,0.0967826086956522
656731,2025,SL,36.0704,-2.73024,5.90752,79,R,6.58333333333333,2.73024
656731,2024,FS,34.8065217391304,-1.875,5.71239130434783,79,R,6.58333333333333,1.875
656731,2024,CU,39.0731707317073,-1.72390243902439,5.83829268292683,79,R,6.58333333333333,1.72390243902439
656731,2024,SL,36.925,-1.93223684210526,5.76723684210526,79,R,6.58333333333333,1.93223684210526
656731,2023,SL,41.2783132530121,-1.55578313253012,5.98192771084337,79,R,6.58333333333333,1.55578313253012
656731,2023,CH,39.762,-1.4706,5.9734,79,R,6.58333333333333,1.4706
656756,2024,CU,47.4346456692913,1.50145669291339,6.61625984251968,78,L,6.5,1.50145669291339
656756,2023,CU,48.2620967741935,1.65701612903226,6.71725806451613,78,L,6.5,1.65701612903226
656756,2023,CH,48.6586466165414,1.57075187969925,6.66187969924812,78,L,6.5,1.57075187969925
656756,2024,CH,46.3762430939227,1.43110497237569,6.55033149171271,78,L,6.5,1.43110497237569
656794,2025,SV,26.1532894736842,2.74203947368421,5.7875,77,L,6.41666666666667,2.74203947368421
656794,2026,SV,22.4135922330097,2.91058252427185,5.65601941747573,77,L,6.41666666666667,2.91058252427185
656794,2025,CH,30.7844827586207,2.49793103448276,5.96344827586207,77,L,6.41666666666667,2.49793103448276
656848,2026,SL,47.6296296296296,-1.42024691358025,6.39925925925926,79,R,6.58333333333333,1.42024691358025
656848,2025,SL,45.011320754717,-1.49339622641509,6.18698113207547,79,R,6.58333333333333,1.49339622641509
656848,2024,SL,42.652,-1.6128,6.1048,79,R,6.58333333333333,1.6128
656849,2026,CU,45.7166666666667,1.894,6.23583333333333,78,L,6.5,1.894
656849,2023,SL,37.1101265822785,2.46759493670886,5.87987341772152,78,L,6.5,2.46759493670886
656849,2025,CU,44.4018292682927,2.23060975609756,6.20628048780488,78,L,6.5,2.23060975609756
656849,2024,CU,46.3358490566038,2.26962264150943,6.26396226415094,78,L,6.5,2.26962264150943
656849,2025,SL,36.9755395683453,2.40395683453237,5.97046762589928,78,L,6.5,2.40395683453237
656849,2024,CH,42.0278571428571,2.26535714285714,6.20978571428572,78,L,6.5,2.26535714285714
656849,2024,SL,37.2880681818182,2.52278409090909,5.95392045454546,78,L,6.5,2.52278409090909
656849,2023,CH,41.5307692307692,2.18450549450549,6.14582417582418,78,L,6.5,2.18450549450549
656849,2026,CH,41.6168539325843,1.74640449438202,6.15640449438202,78,L,6.5,1.74640449438202
656849,2026,SL,37.5146739130435,1.9891847826087,5.99755434782609,78,L,6.5,1.9891847826087
656849,2023,CU,47.3625,2.17025,6.2905,78,L,6.5,2.17025
656849,2025,CH,41.7224880382775,2.19191387559809,6.17071770334928,78,L,6.5,2.19191387559809
656876,2026,CH,50.3567307692308,-1.89163461538462,5.77846153846154,73,R,6.08333333333333,1.89163461538462
656924,2024,SL,30.5657894736842,-1.54421052631579,5.31276315789474,74,R,6.16666666666667,1.54421052631579
656945,2025,SL,34.0911627906977,2.53697674418605,5.19879069767442,72,L,6,2.53697674418605
656945,2024,SL,34.4950450450451,2.57711711711712,5.16738738738739,72,L,6,2.57711711711712
656945,2026,SL,33.1890173410405,2.60797687861272,5.13560693641619,72,L,6,2.60797687861272
656945,2023,SL,32.8802816901409,2.59345070422535,5.03077464788733,72,L,6,2.59345070422535
656986,2025,SL,56.8445945945946,1.07121621621622,6.36581081081081,75,L,6.25,1.07121621621622
656986,2026,SL,59.6790697674419,0.788139534883721,6.41093023255814,75,L,6.25,0.788139534883721
657006,2025,SL,45.4714285714286,1.99833333333333,6.12452380952381,74,L,6.16666666666667,1.99833333333333
657006,2023,SL,48.9401673640167,1.95297071129707,6.09460251046025,74,L,6.16666666666667,1.95297071129707
657006,2024,SL,46.4837060702876,2.15731629392971,6.16246006389777,74,L,6.16666666666667,2.15731629392971
657024,2023,FS,46.0296296296296,-1.19268518518519,5.96629629629629,75,R,6.25,1.19268518518519
657024,2024,FS,48.7857142857143,-0.975126050420168,6.05100840336134,75,R,6.25,0.975126050420168
657024,2024,SL,46.2407407407407,-1.15166666666667,6.01407407407407,75,R,6.25,1.15166666666667
657044,2026,SL,-9.98316831683168,-3.91831683168317,3.55683168316832,77,R,6.41666666666667,3.91831683168317
657044,2024,SL,-3.52822580645161,-3.57370967741936,3.82677419354839,77,R,6.41666666666667,3.57370967741936
657044,2025,SL,-7.5248,-4.00544,3.67608,77,R,6.41666666666667,4.00544
657053,2024,CU,39.4075471698113,-1.78396226415094,5.83320754716981,75,R,6.25,1.78396226415094
657053,2023,CU,43.2298245614035,-1.29140350877193,5.93614035087719,75,R,6.25,1.29140350877193
657053,2023,FS,34.1607476635514,-1.55467289719626,5.63943925233645,75,R,6.25,1.55467289719626
657053,2024,FS,31.0911111111111,-1.94966666666667,5.51455555555555,75,R,6.25,1.94966666666667
657097,2023,CH,36.525,-2.76921875,5.54859375,74,R,6.16666666666667,2.76921875
657097,2023,ST,33.8697368421053,-2.90407894736842,5.39460526315789,74,R,6.16666666666667,2.90407894736842
657097,2025,CH,35.4010362694301,-2.71051813471503,5.62481865284974,74,R,6.16666666666667,2.71051813471503
657097,2026,CH,33.2549132947977,-2.99936416184971,5.58127167630058,74,R,6.16666666666667,2.99936416184971
657097,2024,CH,33.2992592592592,-2.56637037037037,5.58414814814815,74,R,6.16666666666667,2.56637037037037
657097,2025,ST,33.78,-2.929375,5.536375,74,R,6.16666666666667,2.929375
657097,2024,ST,30.4646017699115,-2.72592920353982,5.48495575221239,74,R,6.16666666666667,2.72592920353982
657240,2023,SL,56.6476923076923,-1.65830769230769,6.13415384615385,76,R,6.33333333333333,1.65830769230769
657240,2025,SL,58.1183098591549,-1.57746478873239,6.26267605633803,76,R,6.33333333333333,1.57746478873239
657240,2024,SL,56.237037037037,-1.79481481481481,6.19574074074074,76,R,6.33333333333333,1.79481481481481
657277,2023,ST,20.1840425531915,-1.41212765957447,4.94446808510638,74,R,6.16666666666667,1.41212765957447
657277,2025,ST,20.6285714285714,-2.09818452380952,4.93020833333333,74,R,6.16666666666667,2.09818452380952
657277,2024,ST,21.5185039370079,-1.54547244094488,4.93976377952756,74,R,6.16666666666667,1.54547244094488
657277,2025,CH,19.2710045662101,-2.01260273972603,4.87442922374429,74,R,6.16666666666667,2.01260273972603
657277,2026,CH,16.6774468085106,-1.90387234042553,4.71357446808511,74,R,6.16666666666667,1.90387234042553
657277,2026,ST,19.092380952381,-1.99066666666667,4.81352380952381,74,R,6.16666666666667,1.99066666666667
657277,2024,CH,19.3498233215548,-1.5115371024735,4.88128975265018,74,R,6.16666666666667,1.5115371024735
657277,2023,CH,19.7030470914127,-1.36421052631579,4.9504432132964,74,R,6.16666666666667,1.36421052631579
657376,2025,ST,29.5681818181818,-1.76227272727273,5.37954545454545,73,R,6.08333333333333,1.76227272727273
657376,2024,KC,42.47,-1.2127,5.8465,73,R,6.08333333333333,1.2127
657376,2024,ST,29.4697674418605,-1.79635658914729,5.43255813953488,73,R,6.08333333333333,1.79635658914729
657376,2023,KC,41.8034482758621,-1.27183908045977,5.79425287356322,73,R,6.08333333333333,1.27183908045977
657376,2025,KC,41.4897727272727,-1.23886363636364,5.79545454545455,73,R,6.08333333333333,1.23886363636364
657376,2025,SL,27.6403225806452,-1.88483870967742,5.35967741935484,73,R,6.08333333333333,1.88483870967742
657376,2023,ST,26.8911290322581,-1.98072580645161,5.35241935483871,73,R,6.08333333333333,1.98072580645161
657424,2026,SL,47.4349056603774,1.07283018867925,6.33650943396227,76,L,6.33333333333333,1.07283018867925
657424,2025,SL,49.991935483871,2.1433064516129,6.34435483870968,76,L,6.33333333333333,2.1433064516129
657508,2023,KC,46.5192307692308,-1.78730769230769,6.04269230769231,76,R,6.33333333333333,1.78730769230769
657508,2024,KC,49.4437125748503,-1.73946107784431,6.09580838323354,76,R,6.33333333333333,1.73946107784431
657508,2024,SL,46.2610619469027,-1.84849557522124,6.04061946902654,76,R,6.33333333333333,1.84849557522124
657508,2023,SL,44.559649122807,-1.90982456140351,5.97175438596491,76,R,6.33333333333333,1.90982456140351
657514,2025,CU,12.7164948453608,3.24587628865979,4.87381443298969,76,L,6.33333333333333,3.24587628865979
657514,2026,CU,6.38275862068966,3.35494252873563,4.5635632183908,76,L,6.33333333333333,3.35494252873563
657514,2023,CU,16.2422535211268,3.19661971830986,4.91549295774648,76,L,6.33333333333333,3.19661971830986
657514,2024,CU,14.8718518518519,3.264,4.84422222222222,76,L,6.33333333333333,3.264
657514,2025,CH,20.1309090909091,3.06763636363636,5.11418181818182,76,L,6.33333333333333,3.06763636363636
657571,2025,SV,46.8269662921348,2.28056179775281,5.92719101123595,75,L,6.25,2.28056179775281
657571,2024,SV,41,2.31397727272727,5.70727272727273,75,L,6.25,2.31397727272727
657585,2024,FS,38.2291338582677,-2.11661417322835,5.63929133858268,74,R,6.16666666666667,2.11661417322835
657585,2024,ST,34.2857142857143,-2.3231746031746,5.50587301587301,74,R,6.16666666666667,2.3231746031746
657585,2025,ST,31.8261363636364,-2.45295454545455,5.56102272727273,74,R,6.16666666666667,2.45295454545455
657585,2025,FS,34.6208791208791,-2.26175824175824,5.68659340659341,74,R,6.16666666666667,2.26175824175824
657649,2024,CU,26.9764705882353,3.06980392156863,5.67392156862745,77,L,6.41666666666667,3.06980392156863
657649,2025,CU,26.975,2.77794117647059,5.77058823529412,77,L,6.41666666666667,2.77794117647059
657649,2025,CH,22.15,2.57404761904762,5.62119047619048,77,L,6.41666666666667,2.57404761904762
657746,2025,KC,31.88,-2.5128,5.0768,74,R,6.16666666666667,2.5128
657746,2025,ST,24.6559210526316,-2.56973684210526,4.79013157894737,74,R,6.16666666666667,2.56973684210526
657746,2026,ST,22.7269503546099,-2.64354609929078,4.70553191489362,74,R,6.16666666666667,2.64354609929078
657746,2024,ST,25.6784810126582,-2.54386075949367,4.77436708860759,74,R,6.16666666666667,2.54386075949367
657746,2023,ST,25.5314814814815,-2.71148148148148,4.93111111111111,74,R,6.16666666666667,2.71148148148148
657746,2026,KC,28.4877192982456,-2.52394736842105,4.95543859649123,74,R,6.16666666666667,2.52394736842105
657746,2026,SL,22.8160714285714,-2.565,4.73482142857143,74,R,6.16666666666667,2.565
657746,2025,SL,24.56875,-2.54669642857143,4.77910714285714,74,R,6.16666666666667,2.54669642857143
657746,2024,FS,26.1710526315789,-2.5203947368421,4.84013157894737,74,R,6.16666666666667,2.5203947368421
657746,2026,FS,23.5228813559322,-2.61101694915254,4.77440677966102,74,R,6.16666666666667,2.61101694915254
657746,2023,FS,25.1728682170543,-2.69697674418605,4.96232558139535,74,R,6.16666666666667,2.69697674418605
657746,2025,FS,25.573275862069,-2.48818965517241,4.89905172413793,74,R,6.16666666666667,2.48818965517241
657746,2024,SL,27.2,-2.48305555555556,4.83055555555556,74,R,6.16666666666667,2.48305555555556
657756,2023,SL,25.7039215686275,-2.30980392156863,5.31137254901961,74,R,6.16666666666667,2.30980392156863
657756,2026,CH,29.3951219512195,-2.85658536585366,5.12756097560976,74,R,6.16666666666667,2.85658536585366
658648,2023,CU,46.3258620689655,-0.982586206896552,5.6848275862069,71,R,5.91666666666667,0.982586206896552
658648,2023,CH,41.0188034188035,-1.23632478632479,5.54700854700855,71,R,5.91666666666667,1.23632478632479
658648,2024,CH,44.7212290502793,-1.24625698324022,5.77128491620112,71,R,5.91666666666667,1.24625698324022
658648,2024,CU,50.4595238095238,-1.00297619047619,5.87666666666667,71,R,5.91666666666667,1.00297619047619
660261,2023,FS,38.4537313432836,-1.80074626865672,5.75134328358209,78,R,6.5,1.80074626865672
660271,2025,ST,32.3873563218391,-2.35666666666667,5.60091954022989,76,R,6.33333333333333,2.35666666666667
660271,2025,SL,41.333962264151,-2.13037735849057,6.03094339622642,76,R,6.33333333333333,2.13037735849057
660271,2026,ST,31.593063583815,-2.18745664739884,5.56161849710983,76,R,6.33333333333333,2.18745664739884
660271,2026,FS,34.6482142857143,-2.04839285714286,5.70214285714286,76,R,6.33333333333333,2.04839285714286
660271,2023,ST,31.3951807228916,-2.33698795180723,5.50626506024096,76,R,6.33333333333333,2.33698795180723
660600,2024,SL,40.6112903225807,-2.54306451612903,5.06774193548387,71,R,5.91666666666667,2.54306451612903
660604,2026,CH,71.4318681318681,0.531978021978022,6.25043956043956,74,R,6.16666666666667,-0.531978021978022
660761,2026,CH,42.8728682170543,1.66023255813953,5.73697674418605,70,L,5.83333333333333,1.66023255813953
660761,2025,CH,41.4976744186047,2.11953488372093,5.64279069767442,70,L,5.83333333333333,2.11953488372093
660761,2024,ST,41.2980769230769,1.74076923076923,5.56711538461539,70,L,5.83333333333333,1.74076923076923
660761,2024,SL,40.5608695652174,1.64159420289855,5.61855072463768,70,L,5.83333333333333,1.64159420289855
660761,2024,CH,40.4303571428572,1.56544642857143,5.57098214285715,70,L,5.83333333333333,1.56544642857143
660761,2026,SL,41.8672897196262,1.82130841121495,5.74345794392523,70,L,5.83333333333333,1.82130841121495
660787,2025,CH,30.69125,-2.087375,6.032875,75,R,6.25,2.087375
660825,2024,ST,44.0318681318681,-2.01098901098901,5.85758241758242,72,R,6,2.01098901098901
660825,2026,ST,43.5495412844037,-2.00761467889908,5.86330275229358,72,R,6,2.00761467889908
660825,2023,ST,46.1213114754099,-1.87049180327869,5.91622950819672,72,R,6,1.87049180327869
660825,2025,ST,44.5364754098361,-2.15393442622951,5.88709016393443,72,R,6,2.15393442622951
660853,2023,SL,25.82625,-2.123625,5.4175,75,R,6.25,2.123625
660853,2024,SL,24.7830188679245,-2.03787735849057,5.40198113207547,75,R,6.25,2.03787735849057
660853,2026,CH,29.1811320754717,-2.11,5.55037735849056,75,R,6.25,2.11
660853,2026,SL,24.1911764705882,-2.1906862745098,5.33176470588235,75,R,6.25,2.1906862745098
660853,2025,SL,23.0478494623656,-2.09172043010753,5.36215053763441,75,R,6.25,2.09172043010753
660853,2025,CH,27.8395604395605,-2.01351648351648,5.56340659340659,75,R,6.25,2.01351648351648
660896,2025,CU,54.5922330097087,-1.92553398058252,6.65679611650485,75,R,6.25,1.92553398058252
660896,2024,SL,49.2212121212122,-2.14539393939394,6.53545454545455,75,R,6.25,2.14539393939394
660896,2025,SL,48.7733333333333,-2.08226666666667,6.58506666666666,75,R,6.25,2.08226666666667
661309,2023,CH,20.0541666666667,-1.90944444444444,5.68625,74,R,6.16666666666667,1.90944444444444
661395,2025,KC,32.6944444444445,-2.32755555555556,5.97022222222222,77,R,6.41666666666667,2.32755555555556
661395,2023,KC,39.0585365853659,-2.17317073170732,6.00219512195122,77,R,6.41666666666667,2.17317073170732
661395,2024,KC,33.9448275862069,-2.20114942528736,5.95045977011494,77,R,6.41666666666667,2.20114942528736
661395,2026,FS,38.5627586206897,-2.20434482758621,6.20206896551724,77,R,6.41666666666667,2.20434482758621
661395,2025,FS,33.7089068825911,-2.31275303643725,6.03186234817814,77,R,6.41666666666667,2.31275303643725
661395,2023,FS,35.589552238806,-2.27059701492537,5.93223880597015,77,R,6.41666666666667,2.27059701492537
661395,2024,FS,33.278064516129,-2.22458064516129,5.93825806451613,77,R,6.41666666666667,2.22458064516129
661403,2025,SL,53.9706896551724,-0.931724137931035,5.95784482758621,74,R,6.16666666666667,0.931724137931035
661403,2023,SL,54.8285714285714,-0.510519480519481,5.96584415584416,74,R,6.16666666666667,0.510519480519481
661403,2024,SL,55.4008474576271,-0.654915254237288,6.00830508474576,74,R,6.16666666666667,0.654915254237288
661440,2023,SL,32.9283950617284,-2.20703703703704,5.36296296296296,71,R,5.91666666666667,2.20703703703704
661527,2024,ST,14.5151785714286,-2.44982142857143,4.51839285714286,74,R,6.16666666666667,2.44982142857143
661527,2024,CH,16.4290909090909,-2.29145454545455,4.56945454545455,74,R,6.16666666666667,2.29145454545455
661563,2024,SL,36.8482972136223,-2.95130030959752,5.68922600619195,75,R,6.25,2.95130030959752
661563,2025,SL,38.0146788990826,-3.01816513761468,5.66201834862385,75,R,6.25,3.01816513761468
661563,2024,CH,27.6254752851711,-2.98349809885932,5.33220532319391,75,R,6.25,2.98349809885932
661563,2025,CH,23.0445652173913,-3.15413043478261,5.16869565217391,75,R,6.25,3.15413043478261
662253,2025,SL,33.5218253968254,-2.36337301587302,5.36496031746031,74,R,6.16666666666667,2.36337301587302
662253,2024,SL,32.2389380530973,-1.86358407079646,5.19101769911504,74,R,6.16666666666667,1.86358407079646
662253,2026,SL,32.2269005847953,-2.60046783625731,5.38964912280701,74,R,6.16666666666667,2.60046783625731
662253,2023,SL,22.0918181818182,-2.58445454545455,5.01109090909091,74,R,6.16666666666667,2.58445454545455
663158,2024,CH,42.3463414634146,-1.2319512195122,6.06121951219512,74,R,6.16666666666667,1.2319512195122
663158,2025,CH,42.0864406779661,-1.33550847457627,6.00008474576271,74,R,6.16666666666667,1.33550847457627
663158,2026,CH,41.5386363636364,-1.74806818181818,6.01409090909091,74,R,6.16666666666667,1.74806818181818
663158,2023,CH,42.9725806451613,-1.39677419354839,6.05629032258065,74,R,6.16666666666667,1.39677419354839
663321,2025,SL,48.2975609756098,-2.67707317073171,5.81512195121951,73,R,6.08333333333333,2.67707317073171
663362,2024,ST,27.0309782608696,-1.46505434782609,5.38717391304348,74,R,6.16666666666667,1.46505434782609
663372,2026,CH,46.5698924731183,-1.56752688172043,5.55365591397849,76,R,6.33333333333333,1.56752688172043
663372,2025,CH,43.0795454545455,-1.43386363636364,5.535,76,R,6.33333333333333,1.43386363636364
663372,2026,ST,44.1416666666667,-1.63816666666667,5.4685,76,R,6.33333333333333,1.63816666666667
663372,2024,CH,42.9663461538462,-1.32533653846154,5.53115384615384,76,R,6.33333333333333,1.32533653846154
663372,2024,ST,41.9733333333333,-1.33983333333333,5.4735,76,R,6.33333333333333,1.33983333333333
663372,2024,CU,46.1801587301587,-1.19777777777778,5.59119047619048,76,R,6.33333333333333,1.19777777777778
663372,2025,SL,40.5166666666667,-1.49476190476191,5.51809523809524,76,R,6.33333333333333,1.49476190476191
663372,2026,SL,44.075,-1.67325757575758,5.51484848484849,76,R,6.33333333333333,1.67325757575758
663372,2024,SL,42.4771551724138,-1.38245689655172,5.55560344827586,76,R,6.33333333333333,1.38245689655172
663399,2025,SL,44.2672413793103,2.52862068965517,6.12534482758621,75,L,6.25,2.52862068965517
663423,2024,CU,43.4782608695652,-2.12130434782609,5.41768115942029,72,R,6,2.12130434782609
663423,2023,ST,24.0530303030303,-2.74257575757576,4.84712121212121,72,R,6,2.74257575757576
663423,2025,ST,33.4888888888889,-2.66793650793651,5.18015873015873,72,R,6,2.66793650793651
663423,2024,ST,24.5458333333333,-2.59958333333333,4.86422619047619,72,R,6,2.59958333333333
663423,2024,SL,35.5782258064516,-2.3175,5.25951612903226,72,R,6,2.3175
663423,2025,CU,47.7210526315789,-2.21578947368421,5.5819298245614,72,R,6,2.21578947368421
663432,2025,SL,43.1395348837209,-2.60627906976744,6.09348837209302,75,R,6.25,2.60627906976744
663432,2024,SL,37.411,-2.8093,6.0538,75,R,6.25,2.8093
663436,2026,CU,38.4086956521739,-2.0875,5.91489130434783,74,R,6.16666666666667,2.0875
663436,2026,SL,35.5453237410072,-2.09251798561151,5.82877697841727,74,R,6.16666666666667,2.09251798561151
663436,2024,ST,38.5847328244275,-2.02648854961832,5.97320610687023,74,R,6.16666666666667,2.02648854961832
663436,2025,SL,37.8946058091287,-2.11323651452282,5.9303734439834,74,R,6.16666666666667,2.11323651452282
663436,2024,CH,36.5021978021978,-2.10604395604396,5.92175824175824,74,R,6.16666666666667,2.10604395604396
663436,2025,CH,36.5810344827586,-2.23255172413793,5.90558620689655,74,R,6.16666666666667,2.23255172413793
663436,2024,SL,38.1706666666667,-2.04573333333333,5.956,74,R,6.16666666666667,2.04573333333333
663436,2026,CH,33.7532846715329,-2.17343065693431,5.79233576642335,74,R,6.16666666666667,2.17343065693431
663455,2025,SL,30.7738095238095,2.79357142857143,5.73928571428571,75,L,6.25,2.79357142857143
663455,2025,CH,26.2568181818182,2.88954545454545,5.58227272727273,75,L,6.25,2.88954545454545
663460,2024,CH,38.7,2.25069767441861,5.58023255813954,75,L,6.25,2.25069767441861
663460,2025,CH,36.3635467980295,2.14256157635468,5.63847290640394,75,L,6.25,2.14256157635468
663460,2025,ST,34.4055555555556,2.26432098765432,5.55413580246914,75,L,6.25,2.26432098765432
663460,2026,CH,37.3904761904762,2.02880952380952,5.61130952380952,75,L,6.25,2.02880952380952
663460,2024,ST,39.4895348837209,2.24523255813953,5.62523255813954,75,L,6.25,2.24523255813953
663460,2025,SL,40.0982300884956,2.02964601769911,5.70884955752213,75,L,6.25,2.02964601769911
663460,2026,ST,35.2307692307692,2.19115384615385,5.54615384615385,75,L,6.25,2.19115384615385
663462,2023,SL,48.6516129032258,-1.79086021505376,6.46741935483871,76,R,6.33333333333333,1.79086021505376
663465,2024,CH,46.6112903225806,1.87370967741935,5.66387096774194,73,L,6.08333333333333,1.87370967741935
663465,2025,CH,44.4971962616823,2.12542056074766,5.55785046728972,73,L,6.08333333333333,2.12542056074766
663465,2025,CU,52.3074074074074,1.89703703703704,5.59222222222222,73,L,6.08333333333333,1.89703703703704
663474,2024,CU,52.0910344827586,-1.9451724137931,6.45813793103448,77,R,6.41666666666667,1.9451724137931
663474,2024,SL,53.3290322580645,-1.88440860215054,6.48139784946237,77,R,6.41666666666667,1.88440860215054
663485,2025,CU,21.875,-2.615,5.54232142857143,75,R,6.25,2.615
663485,2024,CU,22.01875,-2.72109375,5.6084375,75,R,6.25,2.72109375
663485,2024,FS,25.68,-2.65031578947368,5.72042105263158,75,R,6.25,2.65031578947368
663485,2025,FS,23.6183098591549,-2.57929577464789,5.56464788732395,75,R,6.25,2.57929577464789
663531,2024,ST,41.5272727272727,1.82527272727273,6.00381818181818,75,L,6.25,1.82527272727273
663531,2024,FS,43.5,1.52739130434783,6.00804347826087,75,L,6.25,1.52739130434783
663542,2026,ST,9.70365853658537,3.57012195121951,4.85987804878049,80,L,6.66666666666667,3.57012195121951
663542,2024,ST,10.1114942528736,3.46827586206897,4.81264367816092,80,L,6.66666666666667,3.46827586206897
663546,2025,KC,26.4428571428571,-1.66761904761905,6.22595238095238,83,R,6.91666666666667,1.66761904761905
663546,2024,KC,28.2808080808081,-1.57651515151515,6.41757575757575,83,R,6.91666666666667,1.57651515151515
663554,2025,SV,41.5158273381295,-2.35057553956835,5.66532374100719,75,R,6.25,2.35057553956835
663554,2024,FS,42.0050847457627,-1.78598870056497,5.58265536723164,75,R,6.25,1.78598870056497
663554,2026,FS,43.1219653179191,-2.24606936416185,5.76682080924855,75,R,6.25,2.24606936416185
663554,2025,FS,43.4724035608309,-2.14062314540059,5.76637982195846,75,R,6.25,2.14062314540059
663554,2024,SL,40.0868020304569,-1.92426395939086,5.52375634517767,75,R,6.25,1.92426395939086
663554,2026,SL,41.1771241830065,-2.43503267973856,5.69313725490196,75,R,6.25,2.43503267973856
663554,2025,SL,42.840625,-2.2541875,5.700625,75,R,6.25,2.2541875
663556,2023,CH,42.7630434782609,1.04239130434783,6.14086956521739,75,L,6.25,1.04239130434783
663556,2026,CH,38.5339449541284,0.75197247706422,6.1756880733945,75,L,6.25,0.75197247706422
663556,2026,SL,37.0609756097561,0.939329268292683,6.07195121951219,75,L,6.25,0.939329268292683
663556,2026,CU,42.6984375,0.763125,6.17171875,75,L,6.25,0.763125
663558,2026,CH,44.6859649122807,1.47535087719298,5.84464912280702,73,L,6.08333333333333,1.47535087719298
663559,2025,CU,55.5644444444445,1.55411111111111,5.82766666666667,76,L,6.33333333333333,1.55411111111111
663559,2024,CU,56.7192660550459,1.35211009174312,5.77550458715596,76,L,6.33333333333333,1.35211009174312
663559,2024,SL,55.7991189427313,1.26775330396476,5.78748898678414,76,L,6.33333333333333,1.26775330396476
663559,2023,CU,56.2746268656717,1.28014925373134,5.63641791044776,76,L,6.33333333333333,1.28014925373134
663559,2025,SL,53.3914285714286,1.60651428571429,5.77988571428571,76,L,6.33333333333333,1.60651428571429
663559,2023,SL,55.6273684210526,1.236,5.63189473684211,76,L,6.33333333333333,1.236
663559,2025,FS,56.5689655172414,1.41431034482759,5.79258620689655,76,L,6.33333333333333,1.41431034482759
663567,2024,CH,51.6355555555556,-1.79933333333333,6.02333333333333,74,R,6.16666666666667,1.79933333333333
663567,2026,CH,47.2346153846154,-2.53259615384615,5.93942307692308,74,R,6.16666666666667,2.53259615384615
663567,2026,ST,49.3120689655173,-2.52706896551724,6.07568965517241,74,R,6.16666666666667,2.52706896551724
663567,2026,SL,50.1868421052632,-2.43561403508772,6.12342105263158,74,R,6.16666666666667,2.43561403508772
663567,2023,CH,49.1608695652174,-1.85231884057971,5.85333333333333,74,R,6.16666666666667,1.85231884057971
663567,2023,SL,48.5980582524272,-1.9104854368932,5.85155339805825,74,R,6.16666666666667,1.9104854368932
663567,2024,SL,53.7791666666667,-1.8490625,6.10760416666667,74,R,6.16666666666667,1.8490625
663568,2026,SL,33.2866666666667,-2.2568,5.3188,75,R,6.25,2.2568
663568,2025,CH,30.0843373493976,-2.41698795180723,5.15072289156627,75,R,6.25,2.41698795180723
663568,2025,SL,31.2891891891892,-2.65581081081081,5.1575,75,R,6.25,2.65581081081081
663568,2026,CH,30.094,-1.9762,5.2438,75,R,6.25,1.9762
663568,2025,ST,28.8375,-2.76958333333333,5.02270833333333,75,R,6.25,2.76958333333333
663574,2025,SL,27.2835820895522,-2.40417910447761,5.49194029850746,75,R,6.25,2.40417910447761
663574,2025,SV,26.6738738738739,-2.40774774774775,5.38945945945946,75,R,6.25,2.40774774774775
663574,2026,SV,23.6709090909091,-2.37290909090909,5.22,75,R,6.25,2.37290909090909
663574,2024,SL,27.8392156862745,-2.45843137254902,5.47078431372549,75,R,6.25,2.45843137254902
663623,2026,CU,27.0918918918919,-2.11351351351351,5.47144144144144,78,R,6.5,2.11351351351351
663623,2024,CU,27.6026004728132,-2.22799054373523,5.66491725768322,78,R,6.5,2.22799054373523
663623,2024,CH,26.9512195121951,-2.33146341463415,5.74146341463415,78,R,6.5,2.33146341463415
663623,2025,CU,28.246192893401,-2.25073604060914,5.71586294416244,78,R,6.5,2.25073604060914
663623,2023,CU,29.2307086614173,-2.04716535433071,5.74425196850394,78,R,6.5,2.04716535433071
663623,2025,SL,23.95,-2.35703703703704,5.55185185185185,78,R,6.5,2.35703703703704
663623,2025,CH,26.4034782608696,-2.30669565217391,5.73304347826087,78,R,6.5,2.30669565217391
663671,2025,SL,50.8213333333333,-1.6128,6.11333333333334,75,R,6.25,1.6128
663687,2026,CU,58.2644444444444,2.18222222222222,6.107,75,L,6.25,2.18222222222222
663687,2024,CU,51.9589743589744,2.40538461538462,5.93692307692308,75,L,6.25,2.40538461538462
663687,2025,CU,55.27,2.29118181818182,6.12627272727272,75,L,6.25,2.29118181818182
663687,2023,CH,46.1904761904762,2.97666666666667,5.87738095238095,75,L,6.25,2.97666666666667
663687,2024,CH,41.9333333333333,2.65466666666667,5.69306666666667,75,L,6.25,2.65466666666667
663687,2025,CH,47.3238095238095,2.44539682539683,5.90571428571429,75,L,6.25,2.44539682539683
663687,2024,ST,45.7212121212121,2.60121212121212,5.78333333333333,75,L,6.25,2.60121212121212
663704,2024,SL,29.0762886597938,-2.52845360824742,5.65041237113402,79,R,6.58333333333333,2.52845360824742
663704,2023,CU,31.7133333333333,-2.47333333333333,5.82166666666667,79,R,6.58333333333333,2.47333333333333
663704,2024,CU,32.9515151515152,-2.44128787878788,5.82037878787879,79,R,6.58333333333333,2.44128787878788
663704,2023,SL,27.7125,-2.5315,5.65775,79,R,6.58333333333333,2.5315
663738,2026,SL,44.7146341463415,1.63243902439024,6.16487804878049,78,L,6.5,1.63243902439024
663738,2024,SL,39.5878378378379,1.24135135135135,6.02175675675676,78,L,6.5,1.24135135135135
663738,2025,SL,36.0255319148936,1.34070921985816,5.77198581560284,78,L,6.5,1.34070921985816
663738,2024,CH,33.5059701492537,1.3689552238806,5.9144776119403,78,L,6.5,1.3689552238806
663738,2026,CH,35.9831460674157,1.93483146067416,5.90988764044944,78,L,6.5,1.93483146067416
663738,2025,CH,32.2273684210526,1.36126315789474,5.67242105263158,78,L,6.5,1.36126315789474
663765,2024,ST,27.032967032967,-2.45208791208791,5.1710989010989,76,R,6.33333333333333,2.45208791208791
663765,2025,ST,21.9018867924528,-2.32849056603774,4.90924528301887,76,R,6.33333333333333,2.32849056603774
663765,2025,FS,27.709375,-2.0890625,5.1296875,76,R,6.33333333333333,2.0890625
663767,2025,ST,31.0576470588235,-2.40588235294118,5.20929411764706,71,R,5.91666666666667,2.40588235294118
663767,2026,ST,35.328,-2.9646,5.3086,71,R,5.91666666666667,2.9646
663773,2023,SL,40.2666666666667,-2.74444444444445,6.18388888888889,78,R,6.5,2.74444444444445
663773,2024,FS,38.1763440860215,-2.13602150537634,6.2563440860215,78,R,6.5,2.13602150537634
663773,2024,SL,38.8019230769231,-2.06192307692308,6.19019230769231,78,R,6.5,2.06192307692308
663776,2023,CH,51.4015151515151,1.08439393939394,5.94659090909091,75,L,6.25,1.08439393939394
663776,2024,CH,50.0846534653465,1.05950495049505,5.9600495049505,75,L,6.25,1.05950495049505
663776,2024,CU,58.4214285714286,0.863095238095238,6.08261904761905,75,L,6.25,0.863095238095238
663776,2023,SL,56.1096774193549,0.952500000000001,6.11032258064516,75,L,6.25,0.952500000000001
663776,2024,SL,54.4035714285715,0.988750000000001,6.08184523809524,75,L,6.25,0.988750000000001
663795,2025,SL,25.4857142857143,-3.16642857142857,5.26452380952381,75,R,6.25,3.16642857142857
663795,2025,CH,21.8023255813953,-3.23674418604651,5.10720930232558,75,R,6.25,3.23674418604651
663804,2023,CH,39.5698412698413,-1.60698412698413,5.81365079365079,77,R,6.41666666666667,1.60698412698413
663855,2026,ST,33.1106060606061,-2.01151515151515,5.76787878787879,74,R,6.16666666666667,2.01151515151515
663855,2025,ST,30.1593495934959,-1.93121951219512,5.46211382113821,74,R,6.16666666666667,1.93121951219512
663855,2024,ST,27.3142105263158,-1.98357894736842,5.48994736842105,74,R,6.16666666666667,1.98357894736842
663855,2024,FS,29.2360215053763,-1.89478494623656,5.63784946236559,74,R,6.16666666666667,1.89478494623656
663878,2024,SL,38.9005405405406,-1.77005405405405,5.46335135135135,78,R,6.5,1.77005405405405
663878,2026,SL,42.6157894736842,-1.5359649122807,5.76245614035088,78,R,6.5,1.5359649122807
663878,2025,SL,39.2976744186047,-1.18720930232558,5.59023255813954,78,R,6.5,1.18720930232558
663893,2025,KC,40.3107438016529,1.75566115702479,6.19954545454546,74,L,6.16666666666667,1.75566115702479
663893,2024,KC,43.4960396039604,1.48237623762376,6.21029702970297,74,L,6.16666666666667,1.48237623762376
663903,2025,ST,23.608,-1.5688,5.161,77,R,6.41666666666667,1.5688
663903,2026,ST,23.5482456140351,-1.36780701754386,5.06657894736842,77,R,6.41666666666667,1.36780701754386
663903,2026,SL,23.7443089430894,-1.34341463414634,5.11865853658537,77,R,6.41666666666667,1.34341463414634
663903,2024,ST,23.661052631579,-1.45926315789474,5.14147368421053,77,R,6.41666666666667,1.45926315789474
663903,2024,SL,29.5517857142857,-1.46291071428571,5.32930357142856,77,R,6.41666666666667,1.46291071428571
663903,2023,SL,32.7242424242424,-1.51329004329004,5.35632034632035,77,R,6.41666666666667,1.51329004329004
663903,2025,SL,26.4615384615385,-1.52992788461538,5.26596153846154,77,R,6.41666666666667,1.52992788461538
663941,2023,ST,43.1309278350516,-2.4798969072165,5.9379381443299,76,R,6.33333333333333,2.4798969072165
663941,2025,ST,39.9534351145038,-2.50458015267176,5.83282442748092,76,R,6.33333333333333,2.50458015267176
663941,2025,CU,51.4971830985916,-2.11971830985916,6.09535211267606,76,R,6.33333333333333,2.11971830985916
663941,2025,SL,43.1518987341772,-2.46898734177215,6.0040506329114,76,R,6.33333333333333,2.46898734177215
663941,2023,SL,46.7531914893617,-2.39159574468085,6.12914893617021,76,R,6.33333333333333,2.39159574468085
663941,2026,ST,36.9888888888889,-2.57866666666667,5.726,76,R,6.33333333333333,2.57866666666667
663947,2025,ST,37.025,1.74619565217391,5.725,74,L,6.16666666666667,1.74619565217391
663947,2024,ST,40.1488372093023,1.75895348837209,5.79709302325581,74,L,6.16666666666667,1.75895348837209
663947,2026,ST,34.0867924528302,1.92622641509434,5.66094339622642,74,L,6.16666666666667,1.92622641509434
663947,2026,CH,36.2640625,1.7778125,5.74484375,74,L,6.16666666666667,1.7778125
663947,2023,CH,40.6197183098592,1.37845070422535,5.6212676056338,74,L,6.16666666666667,1.37845070422535
663947,2024,CH,40.5251748251748,1.64237762237762,5.79062937062937,74,L,6.16666666666667,1.64237762237762
663947,2025,CH,37.8734939759036,1.61084337349398,5.7621686746988,74,L,6.16666666666667,1.61084337349398
663969,2025,ST,26.2461538461538,-1.38111111111111,5.74444444444445,77,R,6.41666666666667,1.38111111111111
663969,2026,CU,40.6157407407407,-0.913240740740741,6.26546296296296,77,R,6.41666666666667,0.913240740740741
663969,2026,ST,29.365,-1.30416666666667,5.90916666666667,77,R,6.41666666666667,1.30416666666667
663969,2025,CU,37.1169491525424,-1.0235593220339,6.12872881355932,77,R,6.41666666666667,1.0235593220339
663969,2024,ST,27.6962025316456,-1.52962025316456,5.77696202531645,77,R,6.41666666666667,1.52962025316456
663969,2026,FS,31.9042682926829,-1.19664634146341,6.0015243902439,77,R,6.41666666666667,1.19664634146341
663969,2025,FS,31.589156626506,-1.18734939759036,5.91626506024096,77,R,6.41666666666667,1.18734939759036
663969,2024,CU,37.3136363636364,-1.16931818181818,6.11681818181818,77,R,6.41666666666667,1.16931818181818
663978,2024,SL,45.8587719298246,-2.51964912280702,6.17078947368421,77,R,6.41666666666667,2.51964912280702
663978,2026,CH,40.7353741496599,-2.42482993197279,5.92768707482993,77,R,6.41666666666667,2.42482993197279
663978,2025,CH,41.2424615384616,-2.31489230769231,5.91104615384615,77,R,6.41666666666667,2.31489230769231
663978,2026,CU,49.4512195121951,-2.10146341463415,6.18585365853659,77,R,6.41666666666667,2.10146341463415
663978,2024,CH,40.2888888888889,-2.74691919191919,6.00479797979798,77,R,6.41666666666667,2.74691919191919
663978,2025,CU,49.3735849056604,-2.04122641509434,6.16537735849057,77,R,6.41666666666667,2.04122641509434
663978,2024,CU,46.9341463414634,-2.5530487804878,6.24353658536586,77,R,6.41666666666667,2.5530487804878
663986,2023,FS,38.4307692307692,-1.90428571428571,5.8245054945055,77,R,6.41666666666667,1.90428571428571
663992,2025,ST,19.4212765957447,2.63042553191489,5.28127659574468,72,L,6,2.63042553191489
663992,2026,ST,19.6048076923077,2.56413461538462,5.28548076923077,72,L,6,2.56413461538462
663992,2024,SL,17.6358490566038,2.50094339622642,5.1933962264151,72,L,6,2.50094339622642
664062,2023,FS,37.7565789473684,-1.07171052631579,5.99473684210526,75,R,6.25,1.07171052631579
664062,2025,FS,37.0525641025641,-0.969358974358974,6.00948717948718,75,R,6.25,0.969358974358974
664062,2025,SL,40.8777777777778,-0.884222222222222,6.13511111111111,75,R,6.25,0.884222222222222
664062,2023,SL,41.7315789473684,-0.965614035087719,6.11526315789473,75,R,6.25,0.965614035087719
664076,2026,ST,28.1775,1.26825,5.04,73,L,6.08333333333333,1.26825
664076,2025,ST,28.3444444444445,1.18777777777778,5.08044444444445,73,L,6.08333333333333,1.18777777777778
664076,2024,SL,33.0857142857143,1.08420634920635,5.20325396825397,73,L,6.08333333333333,1.08420634920635
664076,2025,SL,31.3921686746988,1.21885542168675,5.18746987951807,73,L,6.08333333333333,1.21885542168675
664076,2024,ST,32.2301369863014,1.09191780821918,5.15849315068493,73,L,6.08333333333333,1.09191780821918
664076,2026,SL,29.7103448275862,1.25060344827586,5.10310344827586,73,L,6.08333333333333,1.25060344827586
664126,2026,SL,60.4607142857143,-0.269107142857143,7.07142857142857,78,R,6.5,0.269107142857143
664126,2025,SL,63.2443786982248,0.158343195266272,7.11136094674556,78,R,6.5,-0.158343195266272
664126,2023,SL,63.2,-0.10008064516129,6.94814516129032,78,R,6.5,0.10008064516129
664126,2024,SL,59.5560606060606,-0.195530303030303,7.05992424242424,78,R,6.5,0.195530303030303
664139,2023,ST,43.387037037037,-1.56703703703704,5.73777777777778,75,R,6.25,1.56703703703704
664141,2025,SL,47.5944444444444,-2.42518518518518,6.40685185185185,76,R,6.33333333333333,2.42518518518518
664141,2026,SL,47.2287128712871,-2.20564356435644,6.26920792079208,76,R,6.33333333333333,2.20564356435644
664141,2026,CH,43.4489361702128,-2.42425531914894,6.13297872340425,76,R,6.33333333333333,2.42425531914894
664192,2025,CU,54.4802816901409,2.19056338028169,6.60957746478873,77,L,6.41666666666667,2.19056338028169
664199,2026,SL,46.4914893617021,-0.772127659574468,6.13787234042553,75,R,6.25,0.772127659574468
664199,2025,SL,46.2994047619047,-0.797321428571429,6.11059523809523,75,R,6.25,0.797321428571429
664199,2025,CH,39.4914634146341,-1.07475609756098,5.87182926829268,75,R,6.25,1.07475609756098
664199,2023,SL,56.3647887323944,-0.962816901408451,6.16718309859155,75,R,6.25,0.962816901408451
664199,2026,CH,39.8239583333333,-1.14927083333333,5.81354166666667,75,R,6.25,1.14927083333333
664208,2023,CU,32.3112676056338,-1.21338028169014,5.40225352112676,74,R,6.16666666666667,1.21338028169014
664208,2025,CU,26.5575471698114,-1.40811320754717,5.19216981132075,74,R,6.16666666666667,1.40811320754717
664208,2026,CU,25.0341772151899,-1.42708860759494,5.12582278481013,74,R,6.16666666666667,1.42708860759494
664208,2024,CU,33.1986206896552,-1.16020689655172,5.37972413793104,74,R,6.16666666666667,1.16020689655172
664208,2023,ST,28.75,-1.44962962962963,5.31611111111111,74,R,6.16666666666667,1.44962962962963
664208,2025,ST,23.5320754716981,-1.65547169811321,5.10094339622641,74,R,6.16666666666667,1.65547169811321
664208,2024,ST,29.0366972477064,-1.38559633027523,5.27935779816514,74,R,6.16666666666667,1.38559633027523
664285,2026,SL,39.3571428571429,0.820952380952381,5.82619047619048,71,L,5.91666666666667,0.820952380952381
664285,2025,CU,42.0208816705337,0.805150812064965,5.95438515081206,71,L,5.91666666666667,0.805150812064965
664285,2023,CU,48.665625,0.8179375,6.0956875,71,L,5.91666666666667,0.8179375
664285,2026,CU,42.2321428571429,0.887633928571428,5.88866071428571,71,L,5.91666666666667,0.887633928571428
664285,2024,SL,40.3076923076923,0.815961538461538,5.92884615384615,71,L,5.91666666666667,0.815961538461538
664285,2024,CU,43.8553623188406,0.740057971014493,5.97965217391305,71,L,5.91666666666667,0.740057971014493
664285,2025,SL,39.0023255813954,0.852093023255814,5.90255813953488,71,L,5.91666666666667,0.852093023255814
664285,2024,CH,42.4733905579399,0.694978540772532,5.98094420600859,71,L,5.91666666666667,0.694978540772532
664285,2023,CH,50.3469798657718,0.695503355704698,6.13785234899329,71,L,5.91666666666667,0.695503355704698
664285,2025,CH,41.0708661417323,0.77255905511811,5.94094488188976,71,L,5.91666666666667,0.77255905511811
664285,2026,CH,42.0607954545455,0.73125,5.92596590909091,71,L,5.91666666666667,0.73125
664294,2025,SL,42.364705882353,-1.06541176470588,5.93917647058824,74,R,6.16666666666667,1.06541176470588
664294,2023,SL,40.7653465346535,-1.33346534653465,5.83821782178218,74,R,6.16666666666667,1.33346534653465
664299,2025,ST,35.0860465116279,-1.72953488372093,5.71697674418605,73,R,6.08333333333333,1.72953488372093
664299,2025,CH,34.7656716417911,-1.77179104477612,5.69597014925373,73,R,6.08333333333333,1.77179104477612
664299,2024,CH,39.58,-1.45314285714286,5.85285714285714,73,R,6.08333333333333,1.45314285714286
664299,2023,ST,37.516935483871,-1.7783064516129,5.67685483870968,73,R,6.08333333333333,1.7783064516129
664299,2026,CH,34.96,-1.76575,5.5305,73,R,6.08333333333333,1.76575
664299,2023,KC,41.4066666666667,-1.68866666666667,5.80555555555556,73,R,6.08333333333333,1.68866666666667
664299,2024,ST,37.62,-1.54416666666667,5.77433333333333,73,R,6.08333333333333,1.54416666666667
664350,2024,CH,30.2518072289157,-2.64433734939759,5.56457831325301,72,R,6,2.64433734939759
664353,2023,CH,52.0528571428572,-1.46385714285714,6.05357142857143,72,R,6,1.46385714285714
664747,2023,SL,11.7141843971631,-2.42460992907801,4.62411347517731,74,R,6.16666666666667,2.42460992907801
664747,2024,SL,12.3182692307692,-2.09586538461538,4.67105769230769,74,R,6.16666666666667,2.09586538461538
664747,2025,SL,20.2621621621622,-2.37256756756757,5.03202702702703,74,R,6.16666666666667,2.37256756756757
664776,2024,ST,24.4801104972376,-3.19381215469613,5.66491712707182,76,R,6.33333333333333,3.19381215469613
664849,2024,ST,12.6052173913044,3.66652173913044,4.9595652173913,75,L,6.25,3.66652173913044
664854,2025,SL,61.7352941176471,-0.290705882352941,6.11768627450981,74,R,6.16666666666667,0.290705882352941
664854,2026,SL,61.3869565217392,-0.217173913043478,6.14760869565217,74,R,6.16666666666667,0.217173913043478
664854,2024,SL,59.8266375545851,-0.35353711790393,6.11930131004367,74,R,6.16666666666667,0.35353711790393
664875,2025,ST,1.03518518518519,-2.81666666666667,4.33703703703704,75,R,6.25,2.81666666666667
664875,2026,ST,6.134375,-2.95635416666667,4.3878125,75,R,6.25,2.95635416666667
664875,2023,ST,-0.458181818181818,-3.00336363636364,4.40809090909091,75,R,6.25,3.00336363636364
664875,2024,ST,0.478306878306878,-2.79037037037037,4.37343915343915,75,R,6.25,2.79037037037037
664991,2026,CU,43.7325581395349,2.12302325581395,6.24116279069767,79,L,6.58333333333333,2.12302325581395
664991,2025,SL,42.3031746031746,2.15619047619048,6.18666666666667,79,L,6.58333333333333,2.15619047619048
665152,2025,FS,47.0123376623377,-2.04805194805195,6.34207792207792,74,R,6.16666666666667,2.04805194805195
665152,2026,FS,45.2268817204301,-1.84268817204301,6.10860215053763,74,R,6.16666666666667,1.84268817204301
665152,2024,FS,42.6640625,-1.88375,6.08026041666667,74,R,6.16666666666667,1.88375
665152,2023,CU,43.2830188679245,-2.13264150943396,6.02584905660378,74,R,6.16666666666667,2.13264150943396
665152,2025,CU,47.5285714285714,-2.08779220779221,6.3112987012987,74,R,6.16666666666667,2.08779220779221
665152,2023,CH,34.3852459016394,-2.4327868852459,5.74081967213115,74,R,6.16666666666667,2.4327868852459
665152,2024,CU,45.3530864197531,-1.80222222222222,6.18246913580247,74,R,6.16666666666667,1.80222222222222
665622,2026,CH,42.4381818181818,-1.306,6.09618181818182,73,R,6.08333333333333,1.306
665622,2023,SL,38.3163934426229,-2.70106557377049,5.98729508196722,73,R,6.08333333333333,2.70106557377049
665622,2026,SL,35.6245283018868,-1.52660377358491,5.89264150943396,73,R,6.08333333333333,1.52660377358491
665622,2024,SL,36.9033707865169,-2.4414606741573,6.02292134831461,73,R,6.08333333333333,2.4414606741573
665625,2025,SL,21.9020408163265,-2.95897959183673,5.41571428571428,76,R,6.33333333333333,2.95897959183673
665625,2023,SL,24.1188888888889,-2.52944444444444,5.40433333333334,76,R,6.33333333333333,2.52944444444444
665625,2024,SL,25.0546391752578,-2.79396907216495,5.51283505154639,76,R,6.33333333333333,2.79396907216495
665660,2025,SL,18.9421568627451,-2.49686274509804,5.61166666666667,78,R,6.5,2.49686274509804
665660,2026,SL,20.0850746268657,-2.3755223880597,5.61432835820895,78,R,6.5,2.3755223880597
665795,2025,CU,41.8155660377358,-1.14066037735849,6.21792452830189,77,R,6.41666666666667,1.14066037735849
665795,2024,CU,45.6103703703704,-1.27955555555556,6.24807407407408,77,R,6.41666666666667,1.27955555555556
665795,2025,SL,32.7534090909091,-1.41306818181818,5.92159090909091,77,R,6.41666666666667,1.41306818181818
665795,2026,SL,31.3820895522388,-1.36432835820896,5.87880597014925,77,R,6.41666666666667,1.36432835820896
665795,2023,CU,46.2846153846154,-1.34461538461538,6.23807692307692,77,R,6.41666666666667,1.34461538461538
665795,2024,SL,40.5734375,-1.4621875,6.07484375,77,R,6.41666666666667,1.4621875
665795,2026,CU,38.6253012048193,-1.13674698795181,6.10566265060241,77,R,6.41666666666667,1.13674698795181
665795,2024,CH,43.265,-1.29882142857143,6.16178571428571,77,R,6.41666666666667,1.29882142857143
665795,2026,CH,32.6719047619048,-1.26423809523809,5.91438095238095,77,R,6.41666666666667,1.26423809523809
665795,2025,CH,36.8461805555555,-1.23173611111111,6.05486111111112,77,R,6.41666666666667,1.23173611111111
665795,2023,CH,45.1901098901099,-1.38989010989011,6.19142857142857,77,R,6.41666666666667,1.38989010989011
665871,2023,ST,54.2622222222222,-1.60066666666667,5.98422222222222,73,R,6.08333333333333,1.60066666666667
665871,2024,ST,55.58,-1.25675,5.973625,73,R,6.08333333333333,1.25675
665871,2024,CU,60.8685483870968,-1.18564516129032,6.075,73,R,6.08333333333333,1.18564516129032
665871,2024,CH,57.5145833333333,-1.34958333333333,5.99416666666667,73,R,6.08333333333333,1.34958333333333
665896,2024,SL,27.5428571428571,-1.91857142857143,5.44738095238095,75,R,6.25,1.91857142857143
666129,2023,ST,44.5633027522936,2.48715596330275,6.00339449541284,74,L,6.16666666666667,2.48715596330275
666129,2024,ST,44.296,2.57773333333333,5.85706666666667,74,L,6.16666666666667,2.57773333333333
666129,2024,CH,37.2863636363636,2.97568181818182,5.71681818181818,74,L,6.16666666666667,2.97568181818182
666129,2023,CH,39.1619047619048,2.73,5.99428571428572,74,L,6.16666666666667,2.73
666129,2023,SL,46.5827956989247,2.33956989247312,6.04107526881721,74,L,6.16666666666667,2.33956989247312
666142,2024,CH,44.0935960591133,1.17396551724138,6.2614039408867,76,L,6.33333333333333,1.17396551724138
666142,2025,CH,37.5963302752294,1.28963302752294,6.09339449541284,76,L,6.33333333333333,1.28963302752294
666142,2025,SL,36.4337837837838,1.45621621621622,6.05716216216216,76,L,6.33333333333333,1.45621621621622
666142,2023,CH,40.7733766233766,1.42350649350649,6.14363636363636,76,L,6.33333333333333,1.42350649350649
666142,2026,CH,41.2019230769231,1.23038461538462,6.18442307692308,76,L,6.33333333333333,1.23038461538462
666142,2023,SL,39.8257142857143,1.49628571428571,6.13466666666667,76,L,6.33333333333333,1.49628571428571
666142,2024,SL,43.1798882681564,1.28988826815642,6.23463687150838,76,L,6.33333333333333,1.28988826815642
666142,2024,KC,46.3869047619048,1.17690476190476,6.35166666666667,76,L,6.33333333333333,1.17690476190476
666157,2024,CU,19.8009259259259,3.58217592592593,5.54782407407407,78,L,6.5,3.58217592592593
666157,2025,CU,16.4853868194843,3.70985673352436,5.43452722063038,78,L,6.5,3.70985673352436
666157,2026,CU,16.0536363636364,3.72290909090909,5.34409090909091,78,L,6.5,3.72290909090909
666157,2026,CH,14.5765151515152,3.70954545454545,5.27121212121212,78,L,6.5,3.70954545454545
666157,2025,CH,15.488813559322,3.67630508474576,5.37935593220339,78,L,6.5,3.67630508474576
666157,2024,CH,18.9221556886227,3.52850299401198,5.48137724550898,78,L,6.5,3.52850299401198
666159,2024,ST,43.225352112676,-2.01154929577465,5.47859154929577,78,R,6.5,2.01154929577465
666159,2023,ST,41.6652892561984,-2.00388429752066,5.34801652892562,78,R,6.5,2.00388429752066
666159,2023,CU,49.3096774193548,-1.83209677419355,5.59935483870968,78,R,6.5,1.83209677419355
666171,2025,ST,36.3769911504425,-2.13265486725664,5.82380530973451,77,R,6.41666666666667,2.13265486725664
666171,2026,ST,35.5299363057325,-2.34687898089172,5.61484076433121,77,R,6.41666666666667,2.34687898089172
666171,2025,SL,41.04,-1.85733333333333,6.0512,77,R,6.41666666666667,1.85733333333333
666171,2026,SL,38.5355555555556,-2.07066666666667,5.74266666666667,77,R,6.41666666666667,2.07066666666667
666200,2023,SL,35.2384615384615,2.28146853146853,5.77300699300699,72,L,6,2.28146853146853
666200,2026,ST,27.449375,2.651125,5.572375,72,L,6,2.651125
666200,2025,ST,30.5832911392405,2.45174683544304,5.70544303797468,72,L,6,2.45174683544304
666200,2024,SL,38.78828125,2.383125,5.9203125,72,L,6,2.383125
666200,2026,CH,31.158371040724,2.51932126696832,5.69244343891403,72,L,6,2.51932126696832
666200,2024,CH,38.878125,2.41765625,5.964921875,72,L,6,2.41765625
666200,2025,SL,33.4451923076923,2.32480769230769,5.88,72,L,6,2.32480769230769
666200,2023,CH,34.7547619047619,2.30373015873016,5.78095238095238,72,L,6,2.30373015873016
666200,2025,CH,32.1582456140351,2.43533333333333,5.77112280701754,72,L,6,2.43533333333333
666201,2023,SL,38.2661016949153,-2.10152542372881,5.75186440677966,78,R,6.5,2.10152542372881
666201,2024,SL,37.125,-2.53571428571428,5.70196428571429,78,R,6.5,2.53571428571428
666204,2023,SL,63.2084507042254,-0.501408450704225,6.49507042253521,73,R,6.08333333333333,0.501408450704225
666204,2024,SL,61.6084745762712,-0.452796610169492,6.43694915254237,73,R,6.08333333333333,0.452796610169492
666205,2024,SL,52.808,1.4201,6.5686,79,L,6.58333333333333,1.4201
666205,2023,SL,33.9912280701754,2.23175438596491,5.98105263157895,79,L,6.58333333333333,2.23175438596491
666214,2024,CH,49.7247311827957,0.986666666666667,6.27096774193548,77,L,6.41666666666667,0.986666666666667
666214,2025,CU,51.474,0.7872,6.2848,77,L,6.41666666666667,0.7872
666214,2023,CH,36.0107142857143,1.05642857142857,5.77446428571429,77,L,6.41666666666667,1.05642857142857
666214,2024,CU,52.3924242424243,1.10893939393939,6.34651515151515,77,L,6.41666666666667,1.10893939393939
666214,2023,CU,38.4461538461538,1.21326923076923,5.83903846153846,77,L,6.41666666666667,1.21326923076923
666214,2025,SL,45.2487179487179,0.954358974358974,6.12470085470086,77,L,6.41666666666667,0.954358974358974
666277,2025,ST,24.0566666666667,-2.29116666666667,5.27,74,R,6.16666666666667,2.29116666666667
666277,2025,SL,27.1686274509804,-2.65686274509804,5.44509803921569,74,R,6.16666666666667,2.65686274509804
666277,2026,SL,33.1320987654321,-2.56518518518519,5.52518518518518,74,R,6.16666666666667,2.56518518518519
666277,2024,ST,21.7701030927835,-1.7360824742268,5.16711340206186,74,R,6.16666666666667,1.7360824742268
666277,2023,CH,26.6622950819672,-1.59639344262295,5.35950819672131,74,R,6.16666666666667,1.59639344262295
666277,2023,ST,23.5311320754717,-1.71820754716981,5.1872641509434,74,R,6.16666666666667,1.71820754716981
666277,2026,CH,37.9555555555555,-2.40416666666667,5.67342592592593,74,R,6.16666666666667,2.40416666666667
666277,2025,CH,34.3896907216495,-2.28494845360825,5.65835051546392,74,R,6.16666666666667,2.28494845360825
666374,2023,SL,29.8404255319149,-2.6486524822695,5.08836879432624,73,R,6.08333333333333,2.6486524822695
666374,2025,SL,29.7487922705314,-2.68270531400966,5.2243961352657,73,R,6.08333333333333,2.68270531400966
666374,2025,CH,27.2585365853659,-2.7409756097561,5.14585365853659,73,R,6.08333333333333,2.7409756097561
666374,2026,SL,30.5295081967213,-2.62377049180328,5.19639344262295,73,R,6.08333333333333,2.62377049180328
666619,2023,SL,30.9490196078431,-1.61039215686274,5.66578431372549,75,R,6.25,1.61039215686274
666659,2025,SL,31.5177777777778,-1.16222222222222,5.7,74,R,6.16666666666667,1.16222222222222
666661,2025,SL,47.9576923076923,-1.45538461538462,5.80519230769231,73,R,6.08333333333333,1.45538461538462
666661,2026,CH,45.4094594594595,-1.63432432432432,5.75905405405406,73,R,6.08333333333333,1.63432432432432
666711,2025,SL,44.0888888888889,-1.0962962962963,6.0587037037037,70,R,5.83333333333333,1.0962962962963
666720,2024,SL,27.34,-2.03107692307692,5.63538461538462,74,R,6.16666666666667,2.03107692307692
666745,2023,CH,51.5115789473684,-0.911368421052631,6.08778947368421,74,R,6.16666666666667,0.911368421052631
666745,2024,CH,55.8155172413793,-1.23241379310345,6.13405172413793,74,R,6.16666666666667,1.23241379310345
666808,2026,SL,21.5517647058823,-1.44352941176471,5.51282352941176,74,R,6.16666666666667,1.44352941176471
666808,2023,SL,19.731884057971,-1.64811594202899,5.39463768115942,74,R,6.16666666666667,1.64811594202899
666808,2024,SL,21.1635687732342,-1.47940520446097,5.50758364312268,74,R,6.16666666666667,1.47940520446097
666808,2025,SL,18.003861003861,-1.30416988416988,5.44498069498069,74,R,6.16666666666667,1.30416988416988
666974,2023,CH,20.4738461538462,-2.32769230769231,5.60815384615385,76,R,6.33333333333333,2.32769230769231
666974,2025,ST,13.1073529411765,-2.49661764705882,5.33941176470588,76,R,6.33333333333333,2.49661764705882
666974,2024,CH,23.2384057971015,-2.18413043478261,5.68746376811594,76,R,6.33333333333333,2.18413043478261
666974,2026,FS,20.9301369863014,-2.34438356164384,5.6713698630137,76,R,6.33333333333333,2.34438356164384
666974,2025,CH,20.7738461538462,-2.36907692307692,5.67630769230769,76,R,6.33333333333333,2.36907692307692
667297,2025,CU,48.0625,-0.94171875,6.3296875,78,R,6.5,0.94171875
667297,2024,SL,36.9729166666667,-1.23,5.95416666666667,78,R,6.5,1.23
667297,2026,SL,40.8976,-1.3884,6.18312,78,R,6.5,1.3884
667297,2026,CU,50.8569892473118,-1.0158064516129,6.53397849462366,78,R,6.5,1.0158064516129
667297,2024,CU,48.4365853658537,-0.931463414634147,6.35975609756098,78,R,6.5,0.931463414634147
667297,2025,SL,37.1621052631579,-1.33821052631579,5.94831578947369,78,R,6.5,1.33821052631579
667463,2025,SL,29.0584905660377,1.99679245283019,5.59830188679246,74,L,6.16666666666667,1.99679245283019
667463,2024,SL,28.5916666666667,1.97895833333333,5.46229166666667,74,L,6.16666666666667,1.97895833333333
667463,2023,CH,19.1260869565217,2.01130434782609,5.27782608695652,74,L,6.16666666666667,2.01130434782609
667463,2026,CH,22.4683333333333,2.10666666666667,5.4335,74,L,6.16666666666667,2.10666666666667
667463,2025,CH,26.1971830985915,2.07633802816901,5.59183098591549,74,L,6.16666666666667,2.07633802816901
667463,2024,CH,23.9983050847458,2.02601694915254,5.38398305084746,74,L,6.16666666666667,2.02601694915254
667463,2026,SL,26.6404255319149,2.03893617021277,5.51127659574468,74,L,6.16666666666667,2.03893617021277
667725,2024,CU,62.334328358209,-2.09283582089552,5.90522388059702,72,R,6,2.09283582089552
667755,2023,KC,37.7611940298508,-1.15477611940299,6.06014925373134,75,R,6.25,1.15477611940299
667755,2026,KC,39.2799126637555,-2.1492576419214,5.87393013100437,75,R,6.25,2.1492576419214
667755,2025,KC,41.6135849056604,-0.971622641509434,6.00294339622641,75,R,6.25,0.971622641509434
667755,2024,KC,41.3826923076923,-1.29480769230769,6.11403846153846,75,R,6.25,1.29480769230769
667755,2025,SL,38.1153846153846,-1.11065934065934,5.89813186813187,75,R,6.25,1.11065934065934
667755,2026,FS,33.0497206703911,-2.40005586592179,5.68245810055866,75,R,6.25,2.40005586592179
667755,2025,FS,35.460162601626,-1.26715447154472,5.78373983739838,75,R,6.25,1.26715447154472
667755,2024,FS,34.7054794520548,-1.53424657534247,5.93438356164384,75,R,6.25,1.53424657534247
668338,2024,ST,15.1898617511521,-3.92751152073733,4.4978801843318,77,R,6.41666666666667,3.92751152073733
668390,2025,SL,42.3377358490566,-1.57792452830189,5.58169811320755,74,R,6.16666666666667,1.57792452830189
668390,2026,SL,42.2652777777778,-1.77166666666667,5.53111111111111,74,R,6.16666666666667,1.77166666666667
668390,2024,SL,40.704347826087,-1.82673913043478,5.46717391304348,74,R,6.16666666666667,1.82673913043478
668390,2026,FS,33.8953488372093,-1.91255813953488,5.31162790697675,74,R,6.16666666666667,1.91255813953488
668674,2024,SL,42.7547826086957,-2.02626086956522,6.00843478260869,74,R,6.16666666666667,2.02626086956522
668674,2025,SL,41.07265625,-1.874921875,5.9809375,74,R,6.16666666666667,1.874921875
668674,2026,SL,42.8291666666667,-1.69302083333333,5.97510416666666,74,R,6.16666666666667,1.69302083333333
668674,2024,CH,40.4139784946237,-2.2547311827957,5.92096774193549,74,R,6.16666666666667,2.2547311827957
668674,2023,CH,43.655737704918,-2.16475409836066,6.07934426229508,74,R,6.16666666666667,2.16475409836066
668674,2025,CH,39.8934210526316,-1.96684210526316,5.92039473684211,74,R,6.16666666666667,1.96684210526316
668674,2026,CH,40.863829787234,-1.85659574468085,5.92297872340426,74,R,6.16666666666667,1.85659574468085
668678,2025,KC,41.4932960893855,-2.93041899441341,5.92581005586592,74,R,6.16666666666667,2.93041899441341
668678,2024,KC,41.0050295857988,-2.87908284023669,5.83298816568047,74,R,6.16666666666667,2.87908284023669
668678,2023,KC,42.1895652173913,-2.84591304347826,5.87139130434783,74,R,6.16666666666667,2.84591304347826
668678,2024,SL,39.3581081081081,-2.89054054054054,5.78864864864865,74,R,6.16666666666667,2.89054054054054
668678,2026,SL,44.9331395348837,-2.57656976744186,6.00982558139535,74,R,6.16666666666667,2.57656976744186
668678,2025,CH,35.7166666666667,-3.0648717948718,5.82547008547009,74,R,6.16666666666667,3.0648717948718
668678,2026,CH,37.4047244094488,-2.80818897637795,5.79771653543307,74,R,6.16666666666667,2.80818897637795
668678,2023,CH,36.9056074766355,-2.93869158878505,5.73289719626168,74,R,6.16666666666667,2.93869158878505
668678,2024,CH,35.810989010989,-2.97043956043956,5.77549450549451,74,R,6.16666666666667,2.97043956043956
668678,2025,SL,41.4123655913979,-2.84709677419355,5.95188172043011,74,R,6.16666666666667,2.84709677419355
668678,2026,KC,43.3277027027027,-2.6747972972973,5.93648648648649,74,R,6.16666666666667,2.6747972972973
668820,2025,SL,39.9324074074074,-2.48555555555555,5.7912037037037,75,R,6.25,2.48555555555555
668868,2023,CU,58.2506329113924,0.505822784810126,5.97164556962025,74,L,6.16666666666667,0.505822784810126
668868,2024,SL,55.3790697674419,0.69046511627907,5.95093023255814,74,L,6.16666666666667,0.69046511627907
668868,2023,SL,53.6397260273973,0.716712328767124,5.88630136986302,74,L,6.16666666666667,0.716712328767124
668873,2026,SL,46.7469387755102,-2.4330612244898,5.98714285714286,76,R,6.33333333333333,2.4330612244898
668873,2026,KC,46.0898550724638,-2.58405797101449,5.96159420289855,76,R,6.33333333333333,2.58405797101449
668881,2026,SL,39.3115942028986,-1.98971014492754,6.09391304347826,77,R,6.41666666666667,1.98971014492754
668881,2025,SL,32.0023489932886,-2.09607382550336,5.86855704697987,77,R,6.41666666666667,2.09607382550336
668881,2024,SL,29.3549872122762,-2.22833759590793,5.87278772378517,77,R,6.41666666666667,2.22833759590793
668881,2023,SL,28.4265734265734,-2.39608391608392,5.82321678321678,77,R,6.41666666666667,2.39608391608392
668881,2024,FS,34.3674418604651,-1.88720930232558,5.96848837209302,77,R,6.41666666666667,1.88720930232558
668881,2025,FS,35.1441176470588,-1.66941176470588,5.89955882352941,77,R,6.41666666666667,1.66941176470588
668909,2025,ST,32.8552529182879,-2.89836575875486,5.91984435797665,78,R,6.5,2.89836575875486
668909,2026,ST,30.1755319148936,-2.88212765957447,5.7945390070922,78,R,6.5,2.88212765957447
668909,2023,CU,46.2706896551724,-2.52413793103448,6.07948275862069,78,R,6.5,2.52413793103448
668909,2025,CU,39.0628,-2.77572,6.16816,78,R,6.5,2.77572
668909,2024,CU,40.9916666666667,-2.79842592592593,6.02203703703704,78,R,6.5,2.79842592592593
668909,2023,SL,37.4058823529412,-2.86579831932773,5.79420168067227,78,R,6.5,2.86579831932773
668909,2026,CU,37.1837320574163,-2.72401913875598,6.08435406698565,78,R,6.5,2.72401913875598
668909,2024,SL,33.36,-3.05184615384615,5.75169230769231,78,R,6.5,3.05184615384615
668933,2026,SL,53.6608247422681,-0.0396907216494845,6.33309278350515,74,R,6.16666666666667,0.0396907216494845
668933,2025,SL,53.7769547325103,-0.177325102880658,6.40954732510288,74,R,6.16666666666667,0.177325102880658
668933,2024,SL,46.1810256410256,-0.658051282051282,6.14923076923077,74,R,6.16666666666667,0.658051282051282
668933,2023,SL,49.6798742138365,-0.967044025157232,6.18251572327044,74,R,6.16666666666667,0.967044025157232
668941,2023,ST,37.5463414634146,1.59292682926829,5.49317073170732,71,L,5.91666666666667,1.59292682926829
668941,2024,ST,33.2455284552846,1.69886178861789,5.42650406504065,71,L,5.91666666666667,1.69886178861789
668941,2026,ST,29.1264705882353,2.14705882352941,5.25745098039216,71,L,5.91666666666667,2.14705882352941
668941,2026,CH,31.0339285714286,1.99696428571429,5.33892857142857,71,L,5.91666666666667,1.99696428571429
668941,2023,CH,37.3345454545455,1.61363636363636,5.51872727272727,71,L,5.91666666666667,1.61363636363636
668941,2025,ST,31.2660377358491,2.01201257861635,5.38289308176101,71,L,5.91666666666667,2.01201257861635
668941,2024,CH,32.9974683544304,1.69455696202532,5.45189873417722,71,L,5.91666666666667,1.69455696202532
668941,2025,CH,32.4135416666667,1.87229166666667,5.44604166666667,71,L,5.91666666666667,1.87229166666667
668943,2024,SL,33.0081632653061,-1.70551020408163,4.78,72,R,6,1.70551020408163
668964,2024,CH,58.4270833333334,-1.01583333333333,5.8609375,73,R,6.08333333333333,1.01583333333333
668964,2026,FS,63.4234567901234,-0.741975308641976,5.94,73,R,6.08333333333333,0.741975308641976
668964,2025,FS,60.3585714285715,-0.823428571428571,5.76628571428572,73,R,6.08333333333333,0.823428571428571
668964,2026,SL,65,-0.7825,5.97729166666667,73,R,6.08333333333333,0.7825
668964,2024,SL,61.5527659574468,-0.965489361702128,5.91212765957447,73,R,6.08333333333333,0.965489361702128
668964,2025,SL,61.8577464788733,-0.885211267605634,5.96507042253521,73,R,6.08333333333333,0.885211267605634
668968,2024,SL,26.7283950617284,-1.10061728395062,5.80123456790124,76,R,6.33333333333333,1.10061728395062
668970,2023,ST,13.8439393939394,-2.74151515151515,5.16181818181818,79,R,6.58333333333333,2.74151515151515
668984,2026,ST,15.8770833333333,-2.224375,4.45979166666667,74,R,6.16666666666667,2.224375
668984,2025,ST,14.5641791044776,-2.39388059701493,4.47761194029851,74,R,6.16666666666667,2.39388059701493
668984,2026,SL,14.2048780487805,-2.18195121951219,4.43731707317073,74,R,6.16666666666667,2.18195121951219
668984,2025,CH,13.1904761904762,-2.28928571428571,4.48547619047619,74,R,6.16666666666667,2.28928571428571
669020,2026,CU,53.6725490196078,1.55117647058824,5.97294117647059,74,L,6.16666666666667,1.55117647058824
669020,2025,CU,50.2810810810811,1.92198198198198,6.01774774774775,74,L,6.16666666666667,1.92198198198198
669020,2026,SL,48.72,1.773,5.8964,74,L,6.16666666666667,1.773
669020,2025,SL,43.6274509803922,2.15607843137255,5.85333333333333,74,L,6.16666666666667,2.15607843137255
669022,2024,CH,46.2280991735537,1.83917355371901,5.73768595041322,74,L,6.16666666666667,1.83917355371901
669022,2024,CU,53.6047413793104,1.71620689655173,5.91094827586206,74,L,6.16666666666667,1.71620689655173
669022,2025,CH,42.7112,1.93904,5.58312,74,L,6.16666666666667,1.93904
669022,2025,CU,51.5841379310345,1.69389655172414,5.78013793103448,74,L,6.16666666666667,1.69389655172414
669022,2023,CU,53.8288135593221,1.48627118644068,5.96033898305085,74,L,6.16666666666667,1.48627118644068
669022,2025,SL,43.5461988304094,1.97561403508772,5.5940350877193,74,L,6.16666666666667,1.97561403508772
669022,2026,CU,53.3887005649717,1.58610169491525,5.6845197740113,74,L,6.16666666666667,1.58610169491525
669022,2026,CH,46.715306122449,1.75183673469388,5.56622448979592,74,L,6.16666666666667,1.75183673469388
669022,2023,SL,49.4613333333333,1.62773333333333,5.94866666666667,74,L,6.16666666666667,1.62773333333333
669022,2026,SL,47.8818181818182,1.81434343434343,5.54969696969697,74,L,6.16666666666667,1.81434343434343
669060,2024,CU,46.914953271028,-2.8381308411215,5.71682242990654,74,R,6.16666666666667,2.8381308411215
669060,2025,CU,39.2367647058823,-2.58808823529412,5.7160294117647,74,R,6.16666666666667,2.58808823529412
669060,2025,CH,35.504347826087,-2.70144927536232,5.74449275362319,74,R,6.16666666666667,2.70144927536232
669062,2025,SL,33.768085106383,1.81148936170213,6.28617021276596,77,L,6.41666666666667,1.81148936170213
669062,2026,SL,38.9212962962963,1.53824074074074,6.46092592592593,77,L,6.41666666666667,1.53824074074074
669062,2024,ST,39.7558823529412,1.23985294117647,6.49779411764706,77,L,6.41666666666667,1.23985294117647
669062,2025,CH,21.1701754385965,2.10578947368421,5.81368421052632,77,L,6.41666666666667,2.10578947368421
669062,2024,CH,23.9585858585859,1.70828282828283,6.00631313131313,77,L,6.41666666666667,1.70828282828283
669084,2024,SL,44.2279069767442,2.74790697674419,5.47883720930233,73,L,6.08333333333333,2.74790697674419
669084,2024,CH,42.3777777777778,2.90013888888889,5.48611111111111,73,L,6.08333333333333,2.90013888888889
669084,2025,CH,41.12,2.8934,5.432,73,L,6.08333333333333,2.8934
669084,2025,SL,44.85,2.6175,5.48153846153846,73,L,6.08333333333333,2.6175
669084,2024,CU,48.072,2.8482,5.6382,73,L,6.08333333333333,2.8482
669093,2024,FS,59.3913978494624,-0.789247311827957,5.63623655913978,73,R,6.08333333333333,0.789247311827957
669093,2025,FS,62.9544776119403,-0.621044776119403,5.6805223880597,73,R,6.08333333333333,0.621044776119403
669093,2026,FS,66.1953488372093,-0.468604651162791,5.67093023255814,73,R,6.08333333333333,0.468604651162791
669093,2025,SL,62.7185567010309,-0.746288659793814,5.76268041237113,73,R,6.08333333333333,0.746288659793814
669093,2024,SL,59.7151785714286,-0.845178571428571,5.72,73,R,6.08333333333333,0.845178571428571
669111,2024,SL,39.1438596491228,-1.57754385964912,5.58929824561404,75,R,6.25,1.57754385964912
669160,2026,ST,28.8809210526316,-2.18276315789474,5.25598684210526,78,R,6.5,2.18276315789474
669160,2025,ST,20.3742382271468,-2.33853185595568,4.94764542936288,78,R,6.5,2.33853185595568
669160,2026,CH,32.9,-2.04634615384615,5.37961538461538,78,R,6.5,2.04634615384615
669165,2026,CH,42.2009708737864,-1.11349514563107,5.71203883495145,75,R,6.25,1.11349514563107
669194,2025,CU,52.675,-1.36625,6.20333333333334,75,R,6.25,1.36625
669194,2023,CH,43.0909090909091,-1.25840909090909,5.8725,75,R,6.25,1.25840909090909
669194,2025,SL,51.3397260273973,-1.39006849315068,6.21767123287671,75,R,6.25,1.39006849315068
669194,2026,SL,52.8438461538462,-1.18961538461538,6.26484615384615,75,R,6.25,1.18961538461538
669194,2026,CU,55.75,-1.186,6.30875,75,R,6.25,1.186
669194,2024,CH,42.1478991596639,-1.82411764705882,5.91243697478991,75,R,6.25,1.82411764705882
669194,2024,CU,48.9425925925926,-1.70222222222222,6.0712962962963,75,R,6.25,1.70222222222222
669194,2024,SL,47.7734042553191,-1.70446808510638,6.14106382978723,75,R,6.25,1.70446808510638
669199,2026,FS,35.4186046511628,-1.83441860465116,5.62186046511628,74,R,6.16666666666667,1.83441860465116
669199,2026,ST,32.8417721518987,-1.97848101265823,5.58012658227848,74,R,6.16666666666667,1.97848101265823
669199,2026,CU,45.4836734693878,-1.4534693877551,5.99510204081632,74,R,6.16666666666667,1.4534693877551
669199,2025,FS,34.5983870967742,-1.61112903225806,5.56112903225807,74,R,6.16666666666667,1.61112903225806
669199,2026,SL,40.7858974358974,-1.57294871794872,5.83858974358974,74,R,6.16666666666667,1.57294871794872
669199,2025,SL,39.1404411764706,-1.45191176470588,5.74455882352941,74,R,6.16666666666667,1.45191176470588
669199,2025,ST,32.109243697479,-1.80361344537815,5.48193277310925,74,R,6.16666666666667,1.80361344537815
669203,2023,ST,40.6072727272727,-0.762727272727272,5.76581818181818,75,R,6.25,0.762727272727272
669203,2023,CU,48.6364583333334,-0.393333333333333,6.06760416666667,75,R,6.25,0.393333333333333
669203,2024,SL,44.4733990147783,-0.925172413793104,6.01906403940887,75,R,6.25,0.925172413793104
669203,2025,CU,45.83125,-0.5525,5.98270833333333,75,R,6.25,0.5525
669203,2024,CU,48.3756097560976,-0.772804878048781,6.06760162601625,75,R,6.25,0.772804878048781
669203,2024,CH,39.3716312056737,-1.08,5.68914893617022,75,R,6.25,1.08
669203,2025,SL,39.682,-0.8196,5.7998,75,R,6.25,0.8196
669203,2023,CH,39.4546875,-0.7275,5.685,75,R,6.25,0.7275
669211,2024,SL,39.6662576687117,2.22730061349693,5.83466257668712,72,L,6,2.22730061349693
669211,2025,SL,35.9007407407408,1.95074074074074,5.79059259259259,72,L,6,1.95074074074074
669211,2024,CH,41.6709677419355,2.12532258064516,5.80145161290323,72,L,6,2.12532258064516
669211,2025,CH,36.6754385964912,1.90043859649123,5.74780701754386,72,L,6,1.90043859649123
669211,2026,SL,36.9103448275862,2.03879310344828,5.84948275862069,72,L,6,2.03879310344828
669211,2026,CH,37.3472727272727,2.00745454545455,5.76145454545454,72,L,6,2.00745454545455
669212,2023,CH,46.365306122449,-0.544489795918367,5.61428571428571,70,R,5.83333333333333,0.544489795918367
669212,2026,SL,50.1933333333333,-0.556222222222222,5.83866666666667,70,R,5.83333333333333,0.556222222222222
669212,2024,SL,46.7513043478261,-0.478869565217392,5.68860869565218,70,R,5.83333333333333,0.478869565217392
669212,2024,CH,44.1255319148936,-0.617765957446808,5.67585106382979,70,R,5.83333333333333,0.617765957446808
669212,2023,SL,49.1815384615385,-0.429846153846154,5.60815384615385,70,R,5.83333333333333,0.429846153846154
669212,2026,CH,47.719298245614,-0.627894736842105,5.80333333333334,70,R,5.83333333333333,0.627894736842105
669276,2024,SL,45.2648351648352,1.81831501831502,6.45450549450549,75,L,6.25,1.81831501831502
669276,2026,SL,48.3716216216216,1.77612612612613,6.54243243243243,75,L,6.25,1.77612612612613
669276,2025,SL,46.2804281345566,1.80785932721713,6.50911314984709,75,L,6.25,1.80785932721713
669276,2026,CH,45.078,1.8772,6.428,75,L,6.25,1.8772
669276,2024,CH,43.3375,1.87767857142857,6.37232142857143,75,L,6.25,1.87767857142857
669276,2025,CH,43.8118421052632,1.90907894736842,6.40421052631579,75,L,6.25,1.90907894736842
669302,2024,FS,39.5384615384616,-1.22621301775148,5.73313609467455,78,R,6.5,1.22621301775148
669302,2025,FS,34.9148936170213,-0.981574468085107,5.66634042553191,78,R,6.5,0.981574468085107
669302,2026,CU,43.5857142857143,-1.01181818181818,5.97805194805195,78,R,6.5,1.01181818181818
669302,2025,ST,40.2861538461539,-0.965692307692307,5.71969230769231,78,R,6.5,0.965692307692307
669302,2024,ST,42.5032258064516,-1.22496774193548,5.80290322580645,78,R,6.5,1.22496774193548
669302,2023,FS,46.2355769230769,-1.06336538461538,6.06528846153846,78,R,6.5,1.06336538461538
669302,2026,FS,40.7753731343284,-1.13194029850746,5.99828358208955,78,R,6.5,1.13194029850746
669302,2026,SL,45.939837398374,-1.00853658536585,6.07634146341463,78,R,6.5,1.00853658536585
669302,2024,SL,43.6822306238186,-1.15822306238185,5.82270321361058,78,R,6.5,1.15822306238185
669302,2025,SL,40.8672268907563,-0.967114845938376,5.75750700280112,78,R,6.5,0.967114845938376
669302,2026,CH,38.7686274509804,-1.1856862745098,5.98235294117647,78,R,6.5,1.1856862745098
669302,2023,SL,51.0651583710407,-1.00588235294118,6.15194570135747,78,R,6.5,1.00588235294118
669302,2023,KC,56.0348837209302,-0.837441860465116,6.37790697674419,78,R,6.5,0.837441860465116
669308,2024,SL,38.2095238095238,-1.4547619047619,6.38619047619047,80,R,6.66666666666667,1.4547619047619
669308,2025,SL,36.9196078431373,-1.51333333333333,6.46274509803922,80,R,6.66666666666667,1.51333333333333
669330,2026,CH,50.5627272727273,-0.899090909090909,6.98381818181818,80,R,6.66666666666667,0.899090909090909
669330,2026,SL,54.0515625,-0.7709375,7.0659375,80,R,6.66666666666667,0.7709375
669330,2025,CH,48.0061224489796,-1.22551020408163,7.00367346938776,80,R,6.66666666666667,1.22551020408163
669358,2025,KC,40.0979472140762,-1.31812316715543,5.85108504398826,75,R,6.25,1.31812316715543
669358,2024,KC,41.255905511811,-1.42314960629921,5.84086614173228,75,R,6.25,1.42314960629921
669358,2026,KC,39.8981762917933,-1.16261398176292,5.80772036474164,75,R,6.25,1.16261398176292
669358,2024,SL,37.9032520325203,-1.5479674796748,5.78910569105691,75,R,6.25,1.5479674796748
669358,2024,CH,35.2350877192983,-1.61421052631579,5.72385964912281,75,R,6.25,1.61421052631579
669358,2025,CH,35.4979865771812,-1.45208053691275,5.7248322147651,75,R,6.25,1.45208053691275
669358,2026,CH,35.9323943661972,-1.27549295774648,5.7443661971831,75,R,6.25,1.27549295774648
669371,2025,ST,20.3666666666667,-2.22605263157895,5.24719298245614,76,R,6.33333333333333,2.22605263157895
669372,2025,CH,44.9478873239437,-1.1730985915493,5.64380281690141,74,R,6.16666666666667,1.1730985915493
669372,2026,SL,39.3634920634921,-1.42912698412698,5.47666666666667,74,R,6.16666666666667,1.42912698412698
669372,2025,SL,41.6037634408602,-1.23881720430108,5.50677419354839,74,R,6.16666666666667,1.23881720430108
669372,2024,SL,36.35,-1.66552631578947,5.44855263157895,74,R,6.16666666666667,1.66552631578947
669372,2026,CH,41.8727777777778,-1.3885,5.55038888888889,74,R,6.16666666666667,1.3885
669373,2026,CH,42.0405529953917,2.14576036866359,6.00760368663595,75,L,6.25,2.14576036866359
669373,2023,CH,47.1309210526316,1.86453947368421,6.16059210526316,75,L,6.25,1.86453947368421
669373,2025,CH,46.2345935727788,1.88158790170132,6.05914933837429,75,L,6.25,1.88158790170132
669373,2024,CH,46.4009456264775,1.73460992907801,6.13042553191489,75,L,6.25,1.73460992907801
669373,2024,SL,46.9569060773481,1.93585635359116,6.1239226519337,75,L,6.25,1.93585635359116
669373,2023,SL,44.939603960396,2.10752475247525,6.06009900990099,75,L,6.25,2.10752475247525
669373,2026,SL,45.2659340659341,2.15087912087912,6.0278021978022,75,L,6.25,2.15087912087912
669373,2025,SL,49.0038461538462,1.91314102564102,6.0626282051282,75,L,6.25,1.91314102564102
669387,2024,ST,19.7338709677419,-2.98338709677419,4.79112903225807,74,R,6.16666666666667,2.98338709677419
669387,2025,FS,31.8544776119403,-2.20835820895522,5.35440298507463,74,R,6.16666666666667,2.20835820895522
669387,2024,SL,24.2942307692308,-2.80740384615385,4.9975,74,R,6.16666666666667,2.80740384615385
669387,2023,ST,22.8818181818182,-2.68613636363636,4.82613636363636,74,R,6.16666666666667,2.68613636363636
669387,2026,ST,25.106779661017,-1.71932203389831,5.01271186440678,74,R,6.16666666666667,1.71932203389831
669387,2026,FS,32.3108374384236,-1.40743842364532,5.31507389162562,74,R,6.16666666666667,1.40743842364532
669387,2025,ST,23.4808823529412,-3.06779411764706,4.93147058823529,74,R,6.16666666666667,3.06779411764706
669387,2025,CU,37.7796296296296,-1.73740740740741,5.52592592592593,74,R,6.16666666666667,1.73740740740741
669387,2026,CU,36.364,-1.35026666666667,5.41026666666667,74,R,6.16666666666667,1.35026666666667
669387,2025,SL,27.9818181818182,-2.83933884297521,5.14801652892562,74,R,6.16666666666667,2.83933884297521
669422,2025,SL,48.4654545454545,-2.32345454545455,6.12909090909091,76,R,6.33333333333333,2.32345454545455
669424,2023,SL,48.3259259259259,-1.58,6.14740740740741,74,R,6.16666666666667,1.58
669432,2025,ST,18.1571428571429,2.28063492063492,5.62238095238095,77,L,6.41666666666667,2.28063492063492
669432,2026,ST,25.2769911504425,2.09336283185841,5.79761061946903,77,L,6.41666666666667,2.09336283185841
669432,2026,CH,21.8262443438914,2.09850678733032,5.68203619909503,77,L,6.41666666666667,2.09850678733032
669432,2024,CH,22.1089655172414,2.49441379310345,5.62824137931034,77,L,6.41666666666667,2.49441379310345
669432,2025,CH,21.8995652173913,2.10791304347826,5.73065217391305,77,L,6.41666666666667,2.10791304347826
669438,2026,CU,44.0093023255814,-1.44627906976744,5.95441860465116,76,R,6.33333333333333,1.44627906976744
669438,2024,CH,31.4094339622642,-1.93716981132075,5.49358490566038,76,R,6.33333333333333,1.93716981132075
669438,2025,CH,39.4090909090909,-1.36363636363636,5.80598484848485,76,R,6.33333333333333,1.36363636363636
669438,2026,CH,41.6752808988764,-1.41820224719101,5.92741573033708,76,R,6.33333333333333,1.41820224719101
669456,2026,KC,40.3479166666667,-1.56166666666667,5.59208333333333,75,R,6.25,1.56166666666667
669456,2025,SL,38.7602564102564,-1.71948717948718,5.61051282051282,75,R,6.25,1.71948717948718
669456,2025,KC,40.5421052631579,-1.69210526315789,5.64824561403509,75,R,6.25,1.69210526315789
669456,2026,CH,35.4511111111111,-1.70133333333333,5.528,75,R,6.25,1.70133333333333
669459,2023,SL,42.978021978022,0.829120879120879,5.65692307692308,73,L,6.08333333333333,0.829120879120879
669461,2025,CU,50.9043478260869,0.492826086956522,6.60028985507246,76,L,6.33333333333333,0.492826086956522
669461,2026,CU,48.9934065934066,0.617142857142857,6.60406593406593,76,L,6.33333333333333,0.617142857142857
669461,2024,SL,44.0866028708134,0.774258373205741,6.41382775119617,76,L,6.33333333333333,0.774258373205741
669461,2026,SL,45.6292452830189,0.655094339622642,6.52018867924528,76,L,6.33333333333333,0.655094339622642
669461,2025,SL,45.8233676975945,0.644742268041237,6.4831615120275,76,L,6.33333333333333,0.644742268041237
669461,2025,CH,41.8087301587302,0.789206349206349,6.37634920634921,76,L,6.33333333333333,0.789206349206349
669461,2026,CH,41.659349593496,0.828617886178862,6.43463414634146,76,L,6.33333333333333,0.828617886178862
669467,2025,KC,61.8641025641026,-1.46641025641026,6.13521367521367,72,R,6,1.46641025641026
669467,2024,KC,62.5132075471698,-1.61575471698113,6.01716981132075,72,R,6,1.61575471698113
669467,2026,KC,60.9,-1.57504761904762,6.02266666666667,72,R,6,1.57504761904762
669467,2023,SL,50.8938461538462,-2.01369230769231,5.88892307692308,72,R,6,2.01369230769231
669467,2025,SL,55.9971428571428,-1.70262857142857,6.0234,72,R,6,1.70262857142857
669467,2026,SL,55.3326612903226,-1.80362903225806,5.90665322580645,72,R,6,1.80362903225806
669467,2024,SL,56.1569444444444,-1.87263888888889,5.89131944444444,72,R,6,1.87263888888889
669622,2026,ST,7.31311475409836,-2.30647540983607,5.12762295081967,76,R,6.33333333333333,2.30647540983607
669622,2024,ST,14.6891891891892,-1.73124324324324,5.33827027027027,76,R,6.33333333333333,1.73124324324324
669622,2025,ST,9.03265306122449,-2.17428571428571,5.2495918367347,76,R,6.33333333333333,2.17428571428571
669622,2025,SL,23.6320987654321,-1.79061728395062,5.79185185185185,76,R,6.33333333333333,1.79061728395062
669674,2024,SL,55.51,1.49827272727273,5.99209090909091,73,L,6.08333333333333,1.49827272727273
669674,2025,SL,51.921052631579,1.65947368421053,5.92736842105263,73,L,6.08333333333333,1.65947368421053
669674,2025,CU,48.8526315789474,1.72035087719298,5.92105263157895,73,L,6.08333333333333,1.72035087719298
669674,2024,CU,60.4446808510638,1.34489361702128,6.13297872340425,73,L,6.08333333333333,1.34489361702128
669684,2026,SL,35.3542857142857,2.08028571428572,5.21585714285714,73,L,6.08333333333333,2.08028571428572
669684,2023,CU,43.2738095238095,2.26738095238095,5.2752380952381,73,L,6.08333333333333,2.26738095238095
669684,2025,CU,42.9794520547945,2.20178082191781,5.39356164383562,73,L,6.08333333333333,2.20178082191781
669684,2026,CU,40.0837209302326,1.95162790697674,5.26906976744186,73,L,6.08333333333333,1.95162790697674
669684,2025,SL,35.7604166666667,2.374375,5.2375,73,L,6.08333333333333,2.374375
669684,2023,SL,41.210989010989,2.34,5.34131868131868,73,L,6.08333333333333,2.34
669711,2024,CH,12.8711111111111,-3.31022222222222,4.66022222222223,74,R,6.16666666666667,3.31022222222222
669711,2026,ST,5.92093023255814,-3.47674418604651,4.4846511627907,74,R,6.16666666666667,3.47674418604651
669711,2025,CH,10.3108695652174,-2.3445652173913,4.65239130434783,74,R,6.16666666666667,2.3445652173913
669711,2026,CH,7.565,-2.77425,4.53725,74,R,6.16666666666667,2.77425
669711,2024,ST,8.07563025210084,-3.94361344537815,4.48084033613445,74,R,6.16666666666667,3.94361344537815
669711,2025,SL,15.2704225352113,-2.34788732394366,4.86802816901408,74,R,6.16666666666667,2.34788732394366
669713,2024,ST,48.8901734104046,-1.36682080924856,5.91809248554914,75,R,6.25,1.36682080924856
669713,2023,ST,41.1943661971831,-1.65859154929577,5.56901408450704,75,R,6.25,1.65859154929577
669713,2025,ST,45.225,-1.67339285714286,5.93964285714286,75,R,6.25,1.67339285714286
669721,2024,SL,48.0484848484849,-1.58848484848485,5.60242424242424,73,R,6.08333333333333,1.58848484848485
669721,2024,CH,47.56,-1.5848,5.5698,73,R,6.08333333333333,1.5848
669724,2025,SL,32.6792207792208,-2.72883116883117,5.47064935064935,77,R,6.41666666666667,2.72883116883117
669724,2024,SL,33.3071428571429,-2.54904761904762,5.47142857142857,77,R,6.41666666666667,2.54904761904762
669796,2023,SL,55.880701754386,0.546491228070175,6.34912280701754,75,L,6.25,0.546491228070175
669854,2024,CU,49.2054945054945,-0.987692307692308,6.18098901098901,75,R,6.25,0.987692307692308
669854,2025,CU,46.5409090909091,-1.87818181818182,5.95257575757576,75,R,6.25,1.87818181818182
669854,2025,SL,42.7758865248227,-2.04723404255319,5.85595744680851,75,R,6.25,2.04723404255319
669854,2025,CH,44.9903846153846,-1.73769230769231,5.96615384615385,75,R,6.25,1.73769230769231
669854,2024,SL,44.5262790697675,-1.11288372093023,6.03246511627907,75,R,6.25,1.11288372093023
669854,2024,CH,46.5205128205128,-0.882893772893773,6.0869597069597,75,R,6.25,0.882893772893773
669912,2023,SL,22.4575,2.516,5.29325,73,L,6.08333333333333,2.516
669920,2025,CH,23.0095890410959,-1.44698630136986,5.53424657534246,74,R,6.16666666666667,1.44698630136986
669920,2026,CH,23.8448979591837,-1.57591836734694,5.58081632653061,74,R,6.16666666666667,1.57591836734694
669920,2025,ST,20.4857142857143,-1.93746031746032,5.31984126984127,74,R,6.16666666666667,1.93746031746032
669923,2025,ST,29.1311475409836,-1.85909836065574,5.60864754098361,76,R,6.33333333333333,1.85909836065574
669923,2024,FS,35.8230263157895,-1.71763157894737,5.78375,76,R,6.33333333333333,1.71763157894737
669923,2026,ST,33.4082706766917,-1.63770676691729,5.71266917293233,76,R,6.33333333333333,1.63770676691729
669923,2025,KC,31.1684210526316,-1.7919298245614,5.65149122807018,76,R,6.33333333333333,1.7919298245614
669923,2023,ST,34.9546875,-1.58796875,5.801796875,76,R,6.33333333333333,1.58796875
669923,2024,ST,35.4512195121951,-1.91937282229965,5.78567944250871,76,R,6.33333333333333,1.91937282229965
669923,2026,CH,30.5017857142857,-1.57732142857143,5.59339285714286,76,R,6.33333333333333,1.57732142857143
669923,2023,FS,36.4253731343284,-1.41149253731343,5.82328358208955,76,R,6.33333333333333,1.41149253731343
669923,2026,KC,35.6086419753086,-1.55358024691358,5.7662962962963,76,R,6.33333333333333,1.55358024691358
669923,2024,KC,37.9522123893805,-1.81238938053097,5.84451327433628,76,R,6.33333333333333,1.81238938053097
669923,2023,KC,37.0906976744186,-1.40372093023256,5.84279069767442,76,R,6.33333333333333,1.40372093023256
669947,2023,CU,53.2784810126582,-0.837721518987342,6.07810126582279,76,R,6.33333333333333,0.837721518987342
669947,2023,SL,49.1678832116788,-1.07270072992701,6.02737226277372,76,R,6.33333333333333,1.07270072992701
669947,2026,SL,41.8463157894737,-1.05431578947368,5.85715789473685,76,R,6.33333333333333,1.05431578947368
669952,2024,ST,38.6607843137255,-1.89411764705882,5.89686274509804,75,R,6.25,1.89411764705882
670036,2025,ST,34.972049689441,-2.04304347826087,5.12714285714286,73,R,6.08333333333333,2.04304347826087
670036,2026,ST,34.3358778625954,-2.11625954198473,5.09198473282443,73,R,6.08333333333333,2.11625954198473
670036,2024,ST,28.7627118644068,-2.23474576271186,4.90728813559322,73,R,6.08333333333333,2.23474576271186
670046,2023,CH,46.6034188034188,1.53871794871795,5.99153846153846,73,L,6.08333333333333,1.53871794871795
670046,2024,CH,45.8058823529412,1.78941176470588,6.02323529411765,73,L,6.08333333333333,1.78941176470588
670059,2026,ST,24.9555555555556,-2.19633333333333,5.40233333333334,78,R,6.5,2.19633333333333
670059,2024,ST,27.6787564766839,-1.94295336787565,5.56310880829016,78,R,6.5,1.94295336787565
670059,2025,ST,27.6112903225806,-1.66935483870968,5.55564516129032,78,R,6.5,1.66935483870968
670059,2023,ST,27,-1.93866666666667,5.502,78,R,6.5,1.93866666666667
670062,2026,ST,49.59875,-1.7215,5.776625,75,R,6.25,1.7215
670102,2024,SL,42.2245283018868,-2.07943396226415,6.0188679245283,77,R,6.41666666666667,2.07943396226415
670102,2025,FS,38.3975609756098,-2.14243902439024,5.89902439024391,77,R,6.41666666666667,2.14243902439024
670102,2023,CU,43.2707317073171,-2.07243902439024,5.9709756097561,77,R,6.41666666666667,2.07243902439024
670102,2024,CU,43.7755102040816,-2.03479591836735,5.98857142857143,77,R,6.41666666666667,2.03479591836735
670102,2024,FS,39.5368421052632,-2.11556390977444,5.85135338345865,77,R,6.41666666666667,2.11556390977444
670124,2024,SV,36.0320512820513,-2.97038461538462,5.62551282051282,76,R,6.33333333333333,2.97038461538462
670167,2026,ST,3.37941176470588,-2.86176470588235,4.26161764705882,74,R,6.16666666666667,2.86176470588235
670167,2024,ST,7.18349514563107,-2.6995145631068,4.09281553398058,74,R,6.16666666666667,2.6995145631068
670167,2025,ST,9.29285714285714,-2.77444444444445,4.38515873015873,74,R,6.16666666666667,2.77444444444445
670167,2023,ST,6.02777777777778,-2.84847222222222,3.84736111111111,74,R,6.16666666666667,2.84847222222222
670174,2024,SL,55.3121621621622,-1.72418918918919,6.03594594594595,76,R,6.33333333333333,1.72418918918919
670174,2023,SL,57.3354838709677,-1.47564516129032,6.09709677419355,76,R,6.33333333333333,1.47564516129032
670174,2024,CH,43.0650602409639,-2.00144578313253,5.94277108433735,76,R,6.33333333333333,2.00144578313253
670241,2023,CH,44.9522727272727,-2.18136363636364,5.95727272727273,73,R,6.08333333333333,2.18136363636364
670241,2024,CH,43.2022727272727,-1.08590909090909,5.96227272727273,73,R,6.08333333333333,1.08590909090909
670245,2026,ST,35.314606741573,-1.10662921348315,5.48337078651685,77,R,6.41666666666667,1.10662921348315
670245,2026,CU,36.1468085106383,-1.08957446808511,5.49425531914894,77,R,6.41666666666667,1.08957446808511
670280,2025,CU,37.335,-1.73583333333333,5.84966666666667,73,R,6.08333333333333,1.73583333333333
670280,2026,CU,37.055737704918,-1.88229508196721,5.84426229508197,73,R,6.08333333333333,1.88229508196721
670280,2023,CU,35.4046511627907,-2.08558139534884,5.77395348837209,73,R,6.08333333333333,2.08558139534884
670280,2024,CU,38.248,-1.9302,5.8344,73,R,6.08333333333333,1.9302
670280,2026,FS,39.3057471264368,-1.82655172413793,5.90229885057472,73,R,6.08333333333333,1.82655172413793
670280,2024,FS,38.1034965034965,-1.9872027972028,5.7741958041958,73,R,6.08333333333333,1.9872027972028
670280,2025,FS,38.432,-1.70744,5.84408,73,R,6.08333333333333,1.70744
670280,2023,FS,36.786,-2.1334,5.7362,73,R,6.08333333333333,2.1334
670329,2026,CH,46.0297029702971,-1.53752475247525,5.85861386138614,69,R,5.75,1.53752475247525
670329,2025,SL,46.9458333333333,-1.61416666666667,5.87791666666667,69,R,5.75,1.61416666666667
670329,2025,CH,46.3383333333333,-1.75333333333333,5.85516666666667,69,R,5.75,1.75333333333333
670329,2026,CU,47.7690909090909,-1.35890909090909,5.93563636363637,69,R,5.75,1.35890909090909
670329,2025,CU,49.82,-1.44311111111111,5.96466666666666,69,R,5.75,1.44311111111111
670329,2026,SL,45.6308823529412,-1.47779411764706,5.87279411764706,69,R,5.75,1.47779411764706
670766,2024,ST,26.2983050847458,-2.59940677966102,5.11279661016949,73,R,6.08333333333333,2.59940677966102
670912,2025,CU,32.3219512195122,-2.74463414634146,5.66658536585366,78,R,6.5,2.74463414634146
670912,2023,SL,31.3019900497512,-2.29746268656716,5.63044776119403,78,R,6.5,2.29746268656716
670912,2025,SL,26.4787878787879,-2.96040404040404,5.42747474747475,78,R,6.5,2.96040404040404
670912,2023,CU,36.6477611940299,-2.09223880597015,5.86716417910448,78,R,6.5,2.09223880597015
670950,2026,CH,48.9393617021277,-2.50404255319149,6.28734042553192,74,R,6.16666666666667,2.50404255319149
670950,2023,CH,47.86875,-2.51916666666667,6.20631944444444,74,R,6.16666666666667,2.51916666666667
670950,2024,CH,49.9589958158996,-2.33150627615063,6.27635983263598,74,R,6.16666666666667,2.33150627615063
670955,2024,CH,15.985,-1.91916666666667,4.66041666666667,72,R,6,1.91916666666667
670955,2025,CH,14.1776923076923,-1.72557692307692,4.55219230769231,72,R,6,1.72557692307692
670970,2025,CH,42.1425,2.6295,5.95525,71,L,5.91666666666667,2.6295
670970,2024,SL,39.4132450331126,2.56629139072848,5.70397350993378,71,L,5.91666666666667,2.56629139072848
670970,2026,CH,42.1477876106195,2.68486725663717,5.9412389380531,71,L,5.91666666666667,2.68486725663717
670970,2025,SL,40.4390909090909,2.71163636363636,5.86363636363637,71,L,5.91666666666667,2.71163636363636
670970,2026,SL,38.38,2.87733333333333,5.80666666666667,71,L,5.91666666666667,2.87733333333333
670990,2025,CU,39.0279069767442,-1.74976744186047,5.59837209302326,75,R,6.25,1.74976744186047
670990,2025,ST,33.0236842105263,-2.36276315789474,5.38973684210526,75,R,6.25,2.36276315789474
670990,2024,ST,28.98,-2.52035294117647,5.24082352941176,75,R,6.25,2.52035294117647
670990,2026,ST,27.6202898550725,-2.8968115942029,5.25036231884058,75,R,6.25,2.8968115942029
670990,2026,CU,36.1673469387755,-2.74775510204082,5.56775510204082,75,R,6.25,2.74775510204082
671096,2026,CU,53.8736842105263,2.39094736842105,6.12063157894737,72,L,6,2.39094736842105
671096,2026,ST,50.9612440191387,2.48665071770335,6.02650717703349,72,L,6,2.48665071770335
671096,2026,CH,48.5100591715977,2.61408284023669,5.97869822485207,72,L,6,2.61408284023669
671096,2023,CH,44.2573033707865,1.72584269662921,5.74191011235955,72,L,6,1.72584269662921
671096,2023,ST,43.3221238938053,1.7387610619469,5.7053982300885,72,L,6,1.7387610619469
671096,2023,CU,48.7319444444444,1.59958333333333,5.87375,72,L,6,1.59958333333333
671096,2025,ST,47.7344696969697,2.51969696969697,6.03390151515151,72,L,6,2.51969696969697
671096,2025,CH,46.0701067615658,2.56957295373666,6.0235587188612,72,L,6,2.56957295373666
671096,2025,CU,50.44375,2.46741071428571,6.14625,72,L,6,2.46741071428571
671096,2024,CH,43.5413173652695,1.7677245508982,5.87502994011976,72,L,6,1.7677245508982
671096,2024,ST,44.7540425531915,1.69591489361702,5.87114893617021,72,L,6,1.69591489361702
671096,2024,CU,47.9477777777778,1.63388888888889,5.97644444444444,72,L,6,1.63388888888889
671106,2023,ST,41.5438095238095,2.21971428571429,5.20485714285714,72,L,6,2.21971428571429
671106,2024,ST,43.3424,1.8504,5.32832,72,L,6,1.8504
671106,2024,CH,44.4727891156463,1.69503401360544,5.38863945578232,72,L,6,1.69503401360544
671106,2025,ST,35.3599190283401,2.42672064777328,5.18566801619433,72,L,6,2.42672064777328
671106,2023,CH,41.5354430379747,2.21481012658228,5.23898734177215,72,L,6,2.21481012658228
671106,2025,CH,36.527734375,2.3680078125,5.2791015625,72,L,6,2.3680078125
671111,2023,ST,7.90652173913044,2.75413043478261,4.47282608695652,73,L,6.08333333333333,2.75413043478261
671111,2025,SL,12.0560975609756,3.47707317073171,4.68,73,L,6.08333333333333,3.47707317073171
671111,2023,CH,11.5905660377359,2.63433962264151,4.55490566037736,73,L,6.08333333333333,2.63433962264151
671131,2025,SL,33.935064935065,-2.17850649350649,6.10025974025974,80,R,6.66666666666667,2.17850649350649
671131,2025,FS,32.4137931034483,-2.2401724137931,6.01862068965517,80,R,6.66666666666667,2.2401724137931
671212,2024,SL,48.1758064516129,-0.968064516129032,6.20645161290323,80,R,6.66666666666667,0.968064516129032
671212,2025,SL,33.0860927152318,-1.22238410596026,5.79933774834437,80,R,6.66666666666667,1.22238410596026
671212,2025,FS,31.8892857142857,-1.20928571428571,5.81178571428571,80,R,6.66666666666667,1.20928571428571
671305,2024,SL,35.0504424778761,-2.19654867256637,5.71557522123894,76,R,6.33333333333333,2.19654867256637
671345,2024,SL,36.0607142857143,-1.64892857142857,5.85778571428572,76,R,6.33333333333333,1.64892857142857
671737,2025,CU,57.7953271028038,-1.12289719626168,6.34028037383177,74,R,6.16666666666667,1.12289719626168
671737,2026,CU,59.1344262295082,-1.0683606557377,6.25704918032787,74,R,6.16666666666667,1.0683606557377
671737,2024,CU,60.521568627451,-1.21980392156863,6.24078431372549,74,R,6.16666666666667,1.21980392156863
671737,2026,FS,54.5907608695653,-1.24048913043478,6.09902173913044,74,R,6.16666666666667,1.24048913043478
671737,2024,FS,53.8253164556962,-1.45256329113924,6.06905063291139,74,R,6.16666666666667,1.45256329113924
671737,2023,CU,60.3333333333334,-1.24259259259259,6.19074074074074,74,R,6.16666666666667,1.24259259259259
671737,2025,FS,51.5347305389222,-1.43131736526946,6.16700598802395,74,R,6.16666666666667,1.43131736526946
671922,2025,ST,36.1791666666667,-2.62625,5.79833333333333,77,R,6.41666666666667,2.62625
671922,2026,FS,36.7214285714286,-2.33724489795918,5.64724489795918,77,R,6.41666666666667,2.33724489795918
671922,2025,FS,35.2647482014389,-2.58424460431655,5.74755395683453,77,R,6.41666666666667,2.58424460431655
671922,2024,ST,35.7804347826087,-2.70130434782609,5.67173913043478,77,R,6.41666666666667,2.70130434782609
671922,2024,FS,35.0826923076923,-2.66971153846154,5.67221153846154,77,R,6.41666666666667,2.66971153846154
671936,2026,SL,42.6548780487805,1.87487804878049,5.60243902439024,72,L,6,1.87487804878049
672282,2025,SL,45.9940828402367,1.49473372781065,6.04023668639053,74,L,6.16666666666667,1.49473372781065
672282,2026,CU,48.60125,1.675375,6.261875,74,L,6.16666666666667,1.675375
672282,2024,SL,46.0010101010101,1.41883838383838,6.15989898989899,74,L,6.16666666666667,1.41883838383838
672282,2026,SL,40.7067901234568,1.89219135802469,6.01685185185185,74,L,6.16666666666667,1.89219135802469
672282,2026,CH,43.9258064516129,1.70623655913978,6.02290322580645,74,L,6.16666666666667,1.70623655913978
672282,2024,CH,45.915652173913,1.40878260869565,6.12686956521739,74,L,6.16666666666667,1.40878260869565
672282,2023,CU,45.947311827957,1.29043010752688,6.30989247311828,74,L,6.16666666666667,1.29043010752688
672282,2025,CU,50.6149253731343,1.35805970149254,6.22358208955224,74,L,6.16666666666667,1.35805970149254
672282,2024,CU,49.6041666666667,1.37444444444444,6.26527777777778,74,L,6.16666666666667,1.37444444444444
672282,2023,CH,40.8351851851852,1.34833333333333,6.10444444444445,74,L,6.16666666666667,1.34833333333333
672282,2023,SL,37.6253623188406,1.47217391304348,6.03188405797102,74,L,6.16666666666667,1.47217391304348
672335,2026,CU,37.6127272727273,1.38963636363636,5.55163636363637,72,L,6,1.38963636363636
672335,2024,SV,38.068115942029,1.52152173913043,5.47369565217392,72,L,6,1.52152173913043
672335,2026,SV,36.2835051546392,1.34670103092784,5.51927835051547,72,L,6,1.34670103092784
672335,2023,SV,37.0333333333333,1.63274509803922,5.42470588235294,72,L,6,1.63274509803922
672335,2025,SV,39.422,1.325,5.5004,72,L,6,1.325
672335,2025,SL,38.4592592592593,1.29259259259259,5.54259259259259,72,L,6,1.29259259259259
672391,2025,ST,42.8271604938272,-2.65345679012346,5.86617283950617,76,R,6.33333333333333,2.65345679012346
672456,2025,SL,40.7292993630573,-2.4659872611465,5.77987261146497,73,R,6.08333333333333,2.4659872611465
672456,2024,CH,39.1670731707317,-2.64707317073171,5.69865853658537,73,R,6.08333333333333,2.64707317073171
672456,2024,SL,44.0962441314554,-2.58779342723005,5.85953051643193,73,R,6.08333333333333,2.58779342723005
672456,2026,SL,42.3936170212766,-2.39028368794326,5.84709219858156,73,R,6.08333333333333,2.39028368794326
672456,2026,CH,41.8622641509434,-2.36037735849057,5.73235849056604,73,R,6.08333333333333,2.36037735849057
672456,2025,KC,46.0929824561404,-2.14140350877193,5.88166666666667,73,R,6.08333333333333,2.14140350877193
672456,2026,KC,48.0192660550459,-2.14577981651376,5.93660550458716,73,R,6.08333333333333,2.14577981651376
672456,2025,CH,38.0022471910112,-2.47179775280899,5.65595505617978,73,R,6.08333333333333,2.47179775280899
672456,2024,KC,48.6774193548387,-2.36075268817204,5.95505376344086,73,R,6.08333333333333,2.36075268817204
672578,2025,SL,41.8486486486487,-1.82635135135135,5.92891891891892,76,R,6.33333333333333,1.82635135135135
672578,2025,FS,45.4583333333333,-1.5775,5.99986111111111,76,R,6.33333333333333,1.5775
672578,2023,SL,40.6288461538462,-1.77211538461538,5.93461538461539,76,R,6.33333333333333,1.77211538461538
672582,2023,CH,41.6790322580645,2.10629032258064,5.7208064516129,72,L,6,2.10629032258064
672582,2025,SL,32.5872483221476,2.72536912751678,5.36288590604027,72,L,6,2.72536912751678
672582,2024,SL,33.73,2.5685,5.4582,72,L,6,2.5685
672582,2023,SL,32.9409090909091,2.48477272727273,5.44693181818182,72,L,6,2.48477272727273
672710,2024,SL,48.0984496124031,-1.27077519379845,5.92325581395349,73,R,6.08333333333333,1.27077519379845
672710,2024,ST,50.515,-0.9285,5.91525,73,R,6.08333333333333,0.9285
672710,2024,CH,48.0117647058824,-1.0943137254902,5.89254901960784,73,R,6.08333333333333,1.0943137254902
672782,2025,ST,34.30375,-2.04725,5.52825,75,R,6.25,2.04725
672782,2026,ST,30.4941860465116,-2.36976744186046,5.36651162790698,75,R,6.25,2.36976744186046
672782,2025,CU,37.4724137931034,-2.05810344827586,5.64086206896552,75,R,6.25,2.05810344827586
672782,2025,CH,30.1333333333333,-2.0947619047619,5.43809523809524,75,R,6.25,2.0947619047619
672841,2025,SL,37.8339285714286,-2.76616071428571,5.97633928571429,76,R,6.33333333333333,2.76616071428571
672851,2023,CH,31.5844827586207,-2.09034482758621,5.73706896551724,74,R,6.16666666666667,2.09034482758621
672851,2023,CU,38.3511627906977,-1.91023255813953,5.92976744186047,74,R,6.16666666666667,1.91023255813953
672860,2024,SL,50.8734693877551,-0.626224489795918,5.85295918367347,71,R,5.91666666666667,0.626224489795918
673380,2024,SL,37.921875,-2.258203125,5.380703125,74,R,6.16666666666667,2.258203125
673380,2025,SL,40.8882352941176,-2.12098039215686,5.57607843137255,74,R,6.16666666666667,2.12098039215686
673513,2026,FS,54.7063829787234,2.04,6.08106382978723,68,L,5.66666666666667,2.04
673513,2025,FS,54.9988950276243,2.12132596685083,6.0367955801105,68,L,5.66666666666667,2.12132596685083
673513,2026,SL,54.3066666666667,1.86333333333333,6.08746666666667,68,L,5.66666666666667,1.86333333333333
673513,2024,SL,55.8928057553957,2.07453237410072,5.93496402877698,68,L,5.66666666666667,2.07453237410072
673513,2024,FS,55.7504273504274,2.19512820512821,5.94512820512821,68,L,5.66666666666667,2.19512820512821
673513,2025,SL,54.6181818181818,1.99805194805195,6.05311688311689,68,L,5.66666666666667,1.99805194805195
673540,2023,FO,47.8298611111111,-2.10486111111111,5.92638888888889,73,R,6.08333333333333,2.10486111111111
673540,2026,FO,46.9072289156627,-2.07409638554217,6.0144578313253,73,R,6.08333333333333,2.07409638554217
673540,2026,SL,49.8186046511628,-1.93302325581395,5.96162790697674,73,R,6.08333333333333,1.93302325581395
673540,2025,FO,44.7166666666666,-2.10413194444444,5.93010416666667,73,R,6.08333333333333,2.10413194444444
673540,2023,SL,49.4904761904762,-1.9497619047619,5.91595238095238,73,R,6.08333333333333,1.9497619047619
673540,2025,ST,46.1291666666667,-2.00083333333333,5.84979166666667,73,R,6.08333333333333,2.00083333333333
673929,2025,SL,52.5964125560538,-0.974394618834081,5.84515695067265,75,R,6.25,0.974394618834081
673929,2026,SL,53.8803571428572,-1.03178571428571,5.92892857142857,75,R,6.25,1.03178571428571
673929,2024,SL,52.3,-1.42320512820513,5.89525641025641,75,R,6.25,1.42320512820513
674003,2023,CH,48.719298245614,0.909298245614035,5.91491228070175,76,L,6.33333333333333,0.909298245614035
674003,2024,CH,51.7905405405405,0.692094594594595,6.11547297297297,76,L,6.33333333333333,0.692094594594595
674003,2024,SL,55.9227272727273,0.716818181818182,6.16454545454546,76,L,6.33333333333333,0.716818181818182
674003,2024,CU,59.9616666666667,0.500333333333333,6.27216666666667,76,L,6.33333333333333,0.500333333333333
674072,2024,CH,41.2413793103448,1.7501724137931,5.71396551724138,75,L,6.25,1.7501724137931
674072,2024,CU,45.7753623188406,1.69391304347826,5.8472463768116,75,L,6.25,1.69391304347826
674285,2024,SL,35.6680412371134,-1.98216494845361,5.55030927835052,74,R,6.16666666666667,1.98216494845361
674285,2025,SL,37.3129411764706,-1.86129411764706,5.59411764705882,74,R,6.16666666666667,1.86129411764706
674370,2025,SL,36.6049504950495,-2.34034653465347,5.98673267326733,75,R,6.25,2.34034653465347
674370,2024,CH,33.004347826087,-2.28710144927536,5.82956521739131,75,R,6.25,2.28710144927536
674370,2024,SL,35.3609022556391,-2.29233082706767,5.88451127819549,75,R,6.25,2.29233082706767
674370,2025,CH,35.1852459016394,-2.29819672131148,5.9172131147541,75,R,6.25,2.29819672131148
674370,2023,SL,37.6210526315789,-2.19905263157895,5.91515789473684,75,R,6.25,2.19905263157895
674384,2025,SL,33.5906976744186,-1.54209302325581,5.54767441860465,74,R,6.16666666666667,1.54209302325581
674444,2025,SL,35.3829787234043,-3.21244680851064,5.7136170212766,79,R,6.58333333333333,3.21244680851064
674444,2026,SL,30.7071428571429,-3.19404761904762,5.5497619047619,79,R,6.58333333333333,3.19404761904762
674841,2026,CU,49.8313432835821,1.37753731343284,6.48365671641791,75,L,6.25,1.37753731343284
674841,2026,SL,47.7818181818182,1.40487603305785,6.38380165289257,75,L,6.25,1.40487603305785
674841,2025,SL,46.5571428571429,1.37714285714286,6.31183673469388,75,L,6.25,1.37714285714286
674841,2025,CU,48.9528301886793,1.34132075471698,6.38188679245283,75,L,6.25,1.34132075471698
675512,2026,SL,40.2721649484536,-1.76505154639175,5.64690721649484,76,R,6.33333333333333,1.76505154639175
675512,2025,SL,37.837037037037,-1.81962962962963,5.48148148148148,76,R,6.33333333333333,1.81962962962963
675512,2026,FS,37.7068181818182,-1.73386363636364,5.515,76,R,6.33333333333333,1.73386363636364
675540,2024,CU,60.5695652173913,-1.51978260869565,5.94565217391304,72,R,6,1.51978260869565
675540,2023,SL,57.7355704697987,-1.75885906040269,5.97187919463087,72,R,6,1.75885906040269
675540,2024,SL,57.1188976377953,-1.61,5.96015748031496,72,R,6,1.61
675627,2023,SL,49.3732558139535,-1.64372093023256,6.01186046511628,75,R,6.25,1.64372093023256
675627,2024,SL,56.9964646464647,-0.752272727272727,5.94404040404041,75,R,6.25,0.752272727272727
675660,2026,CU,37.9602564102564,1.56615384615385,5.59358974358974,74,L,6.16666666666667,1.56615384615385
675660,2026,SL,33.9708955223881,1.59626865671642,5.46746268656716,74,L,6.16666666666667,1.59626865671642
675848,2025,ST,37.903125,-1.3736875,5.9444375,75,R,6.25,1.3736875
675848,2026,ST,35.0294964028777,-2.01971223021583,5.83604316546763,75,R,6.25,2.01971223021583
675911,2023,SL,46.6450643776824,-2.06763948497854,5.77141630901287,72,R,6,2.06763948497854
675911,2025,CU,43.6477611940299,-1.74746268656716,5.82955223880597,72,R,6,1.74746268656716
675911,2025,SL,41.7810439560439,-1.74895604395604,5.7528021978022,72,R,6,1.74895604395604
675911,2026,SL,44.3695652173913,-1.82054347826087,5.78239130434783,72,R,6,1.82054347826087
675921,2024,CH,40.4075,-2.2855,5.92425,75,R,6.25,2.2855
675921,2024,SL,43.612,-2.2824,6.24293333333334,75,R,6.25,2.2824
676083,2026,CH,40.6452631578947,-1.18231578947368,5.54494736842105,74,R,6.16666666666667,1.18231578947368
676083,2025,CU,52.01125,-0.679375,5.69325,74,R,6.16666666666667,0.679375
676083,2026,ST,47.8417582417583,-0.964835164835165,5.61681318681319,74,R,6.16666666666667,0.964835164835165
676083,2025,ST,47.7753846153846,-0.832923076923076,5.57669230769231,74,R,6.16666666666667,0.832923076923076
676083,2025,SL,53.5675889328063,-0.563478260869565,5.80201581027668,74,R,6.16666666666667,0.563478260869565
676083,2026,SL,50.7795081967214,-0.807868852459017,5.69745901639345,74,R,6.16666666666667,0.807868852459017
676083,2025,CH,43.3938775510204,-0.963469387755102,5.59775510204081,74,R,6.16666666666667,0.963469387755102
676092,2024,ST,23.5,-3.08466165413534,5.21165413533835,76,R,6.33333333333333,3.08466165413534
676092,2025,ST,20.7868421052632,-3.19342105263158,5.16802631578947,76,R,6.33333333333333,3.19342105263158
676105,2024,SL,34.7075757575758,-3.03984848484849,5.47924242424242,76,R,6.33333333333333,3.03984848484849
676106,2026,ST,12.0663461538462,-3.00009615384615,5.02346153846154,76,R,6.33333333333333,3.00009615384615
676106,2025,SL,27.304,-2.29373333333333,5.6832,76,R,6.33333333333333,2.29373333333333
676106,2024,SL,30.1333333333333,-1.79733333333333,5.69688888888889,76,R,6.33333333333333,1.79733333333333
676106,2025,CH,16.475572519084,-2.52954198473283,5.29435114503817,76,R,6.33333333333333,2.52954198473283
676106,2024,CH,26.4663793103448,-1.80741379310345,5.49336206896551,76,R,6.33333333333333,1.80741379310345
676130,2024,SL,33.4,-2.484,5.27830769230769,72,R,6,2.484
676130,2025,SL,38.2137724550898,-2.05389221556886,5.51826347305389,72,R,6,2.05389221556886
676130,2024,ST,32.09,-2.702,5.22375,72,R,6,2.702
676130,2024,CH,32.35,-2.57007352941177,5.24117647058824,72,R,6,2.57007352941177
676130,2023,CH,34.6433333333333,-2.40216666666667,5.43483333333333,72,R,6,2.40216666666667
676130,2025,CH,37.4893333333333,-2.15506666666667,5.4784,72,R,6,2.15506666666667
676254,2023,SL,19.0651041666667,-3.61,5.29817708333333,74,R,6.16666666666667,3.61
676254,2024,SL,18.7988593155894,-3.43091254752852,5.19882129277567,74,R,6.16666666666667,3.43091254752852
676254,2026,SL,18.6,-3.58583333333333,5.02766666666667,74,R,6.16666666666667,3.58583333333333
676254,2025,SL,19.5444444444444,-3.32222222222222,5.04183333333333,74,R,6.16666666666667,3.32222222222222
676263,2025,SL,53.7289562289562,1.50296296296296,5.92367003367004,74,L,6.16666666666667,1.50296296296296
676263,2026,SL,56.2207692307693,1.99707692307692,6.0066923076923,74,L,6.16666666666667,1.99707692307692
676265,2023,KC,41.3785714285714,-2.63295918367347,5.77336734693878,74,R,6.16666666666667,2.63295918367347
676272,2024,CH,46.396,-1.1124,5.97973333333333,77,R,6.41666666666667,1.1124
676272,2023,CH,45.9362637362638,-1.50241758241758,5.91197802197802,77,R,6.41666666666667,1.50241758241758
676272,2024,CU,51.5813333333333,-1.28626666666667,6.17933333333333,77,R,6.41666666666667,1.28626666666667
676272,2023,CU,51.0019417475728,-1.52126213592233,6.10514563106796,77,R,6.41666666666667,1.52126213592233
676272,2023,SL,49.0056338028169,-1.34816901408451,5.95774647887324,77,R,6.41666666666667,1.34816901408451
676282,2025,CH,52.8629166666667,0.508833333333333,5.896125,76,L,6.33333333333333,0.508833333333333
676282,2024,CH,53.5047058823529,0.227529411764706,5.94435294117647,76,L,6.33333333333333,0.227529411764706
676282,2026,CH,50.2809917355372,0.612190082644628,5.88966942148761,76,L,6.33333333333333,0.612190082644628
676282,2026,SL,52.6375,0.674642857142857,5.91035714285714,76,L,6.33333333333333,0.674642857142857
676282,2026,CU,52.6618473895582,0.866506024096385,5.99562248995984,76,L,6.33333333333333,0.866506024096385
676282,2025,CU,55.6916666666667,0.660462962962963,5.94148148148148,76,L,6.33333333333333,0.660462962962963
676282,2024,CU,59.36875,0.317708333333333,6.03708333333333,76,L,6.33333333333333,0.317708333333333
676282,2025,SL,51.7720588235294,0.761176470588236,5.75955882352941,76,L,6.33333333333333,0.761176470588236
676395,2024,SL,28.1928571428572,3.60357142857143,5.65128571428571,76,L,6.33333333333333,3.60357142857143
676395,2024,CH,23.0377483443709,3.86072847682119,5.53264900662252,76,L,6.33333333333333,3.86072847682119
676395,2023,CH,25.9746031746032,3.69809523809524,5.5368253968254,76,L,6.33333333333333,3.69809523809524
676395,2025,CH,24.987323943662,3.79218309859155,5.61373239436619,76,L,6.33333333333333,3.79218309859155
676395,2025,SL,29.2503816793893,3.62259541984733,5.70732824427481,76,L,6.33333333333333,3.62259541984733
676395,2023,SL,30.0492307692308,3.50369230769231,5.59538461538462,76,L,6.33333333333333,3.50369230769231
676428,2025,ST,28.8796992481203,3.49864661654135,5.86804511278195,78,L,6.5,3.49864661654135
676428,2024,ST,30.44125,3.2395,5.923125,78,L,6.5,3.2395
676428,2025,CH,27.3931034482759,3.40810344827586,5.78948275862069,78,L,6.5,3.40810344827586
676440,2025,CH,54.1847926267282,-2.22640552995392,6.17165898617511,74,R,6.16666666666667,2.22640552995392
676440,2026,CU,60.4927083333333,-2.11583333333333,6.36604166666667,74,R,6.16666666666667,2.11583333333333
676440,2026,CH,59.3944,-2.18144,6.22728,74,R,6.16666666666667,2.18144
676440,2025,CU,59.6067567567568,-2.07608108108108,6.37162162162162,74,R,6.16666666666667,2.07608108108108
676440,2025,ST,51.3917073170732,-2.32707317073171,6.26585365853659,74,R,6.16666666666667,2.32707317073171
676440,2023,CH,55.0823529411765,-2.18,6.22372549019607,74,R,6.16666666666667,2.18
676440,2024,CH,52.191914893617,-2.20553191489361,6.17234042553191,74,R,6.16666666666667,2.20553191489361
676440,2024,CU,53.0567567567568,-2.23418918918919,6.19540540540541,74,R,6.16666666666667,2.23418918918919
676440,2023,CU,64.4098039215686,-1.89686274509804,6.45607843137255,74,R,6.16666666666667,1.89686274509804
676440,2026,ST,47.5525,-2.63175,6.1715,74,R,6.16666666666667,2.63175
676440,2024,ST,46.4242990654206,-2.46514018691589,6.0714953271028,74,R,6.16666666666667,2.46514018691589
676467,2025,CU,34.2131147540984,2.78655737704918,5.51147540983607,76,L,6.33333333333333,2.78655737704918
676467,2025,ST,24.6915422885572,3.03706467661692,5.17059701492538,76,L,6.33333333333333,3.03706467661692
676467,2025,CH,32.425,2.48566666666667,5.4825,76,L,6.33333333333333,2.48566666666667
676477,2026,SL,44.3,-1.00887640449438,5.96865168539326,77,R,6.41666666666667,1.00887640449438
676477,2025,SL,42.7874316939891,-1.46021857923497,5.83677595628415,77,R,6.41666666666667,1.46021857923497
676477,2026,CH,37.4103448275862,-1.06034482758621,5.83241379310345,77,R,6.41666666666667,1.06034482758621
676477,2025,CH,32.6957746478873,-1.56260563380282,5.63042253521127,77,R,6.41666666666667,1.56260563380282
676477,2024,CH,28.0866666666667,-1.24977777777778,5.46688888888889,77,R,6.41666666666667,1.24977777777778
676508,2025,CU,50.9521126760564,-0.603943661971831,6.22971830985916,74,R,6.16666666666667,0.603943661971831
676508,2025,ST,44.8067632850242,-0.87719806763285,6.10420289855072,74,R,6.16666666666667,0.87719806763285
676534,2025,CU,49.0963636363636,-1.22272727272727,5.91709090909091,73,R,6.08333333333333,1.22272727272727
676534,2026,CU,48.6645833333333,-1.116875,5.80958333333334,73,R,6.08333333333333,1.116875
676534,2025,ST,41.0837209302325,-1.38918604651163,5.72825581395349,73,R,6.08333333333333,1.38918604651163
676534,2026,ST,40.7160493827161,-1.38358024691358,5.58,73,R,6.08333333333333,1.38358024691358
676534,2024,CU,52.6779411764706,-0.951176470588235,6.03676470588236,73,R,6.08333333333333,0.951176470588235
676571,2025,ST,15.8418604651163,2.55953488372093,4.29325581395349,73,L,6.08333333333333,2.55953488372093
676571,2026,ST,15.2173469387755,2.5030612244898,4.34714285714286,73,L,6.08333333333333,2.5030612244898
676571,2025,CH,15.6909090909091,2.54931818181818,4.41636363636364,73,L,6.08333333333333,2.54931818181818
676596,2024,CH,25.4131578947368,2.98184210526316,5.26802631578947,74,L,6.16666666666667,2.98184210526316
676604,2026,ST,24.6045454545455,-2.62454545454546,4.79659090909091,71,R,5.91666666666667,2.62454545454546
676604,2025,ST,32.2729166666667,-2.20083333333333,5.03020833333333,71,R,5.91666666666667,2.20083333333333
676617,2026,ST,27.1,-1.80864197530864,5.41395061728395,76,R,6.33333333333333,1.80864197530864
676617,2025,ST,26.7865671641791,-1.79059701492537,5.36194029850746,76,R,6.33333333333333,1.79059701492537
676617,2025,SL,25.6462264150943,-1.86188679245283,5.35556603773585,76,R,6.33333333333333,1.86188679245283
676661,2025,KC,54.465625,-0.5190625,5.86125,73,R,6.08333333333333,0.5190625
676664,2024,SL,16.5389380530973,1.51699115044248,4.4283185840708,71,L,5.91666666666667,1.51699115044248
676664,2023,ST,17.7676056338028,1.56521126760563,4.4212676056338,71,L,5.91666666666667,1.56521126760563
676664,2023,CH,16.3495327102804,1.49009345794393,4.48448598130841,71,L,5.91666666666667,1.49009345794393
676664,2023,SL,17.82,1.53,4.4516,71,L,5.91666666666667,1.53
676664,2025,SL,21.9920454545455,1.35534090909091,4.67715909090909,71,L,5.91666666666667,1.35534090909091
676664,2025,ST,22.0596958174905,1.39456273764259,4.68235741444867,71,L,5.91666666666667,1.39456273764259
676664,2026,CH,20.5795454545455,1.35886363636364,4.72886363636364,71,L,5.91666666666667,1.35886363636364
676664,2024,CH,16.5127490039841,1.45561752988048,4.49525896414342,71,L,5.91666666666667,1.45561752988048
676664,2024,ST,16.5147909967846,1.53752411575563,4.3956270096463,71,L,5.91666666666667,1.53752411575563
676664,2025,CH,20.6720779220779,1.32590909090909,4.70519480519481,71,L,5.91666666666667,1.32590909090909
676680,2024,ST,8.725,2.88636363636364,4.5775,74,L,6.16666666666667,2.88636363636364
676680,2023,ST,10.3313253012048,2.85301204819277,4.57771084337349,74,L,6.16666666666667,2.85301204819277
676684,2025,SL,49.2991869918699,-2.09186991869919,5.56227642276423,72,R,6,2.09186991869919
676684,2026,SL,48.7292307692308,-2.07015384615385,5.57969230769231,72,R,6,2.07015384615385
676684,2024,SL,42.3261194029851,-2.595,5.41985074626866,72,R,6,2.595
676684,2023,SL,42.2229166666667,-2.82583333333333,5.501875,72,R,6,2.82583333333333
676684,2024,CH,44.0404255319149,-2.44297872340426,5.47170212765958,72,R,6,2.44297872340426
676702,2025,SL,36.426,-1.6676,5.8356,76,R,6.33333333333333,1.6676
676702,2024,SL,36.8492063492064,-1.29222222222222,5.91777777777778,76,R,6.33333333333333,1.29222222222222
676710,2024,FS,45.2208955223881,-1.28253731343284,5.94007462686567,73,R,6.08333333333333,1.28253731343284
676710,2023,SL,46.0809523809524,-1.2397619047619,5.83380952380953,73,R,6.08333333333333,1.2397619047619
676710,2024,ST,48.2356363636364,-1.20883636363636,5.97221818181819,73,R,6.08333333333333,1.20883636363636
676710,2023,ST,46.2294117647059,-1.18960784313726,5.82843137254902,73,R,6.08333333333333,1.18960784313726
676710,2024,KC,51.3983050847458,-1.10576271186441,6.0606779661017,73,R,6.08333333333333,1.10576271186441
676710,2023,KC,52.1452380952381,-1.05690476190476,5.98119047619048,73,R,6.08333333333333,1.05690476190476
676714,2024,SL,20.92,2.60381818181818,5.26181818181818,74,L,6.16666666666667,2.60381818181818
676742,2026,SL,35.6,-2.99705882352941,6.09078431372549,74,R,6.16666666666667,2.99705882352941
676755,2026,SL,47.8690476190476,-1.41452380952381,5.96761904761905,74,R,6.16666666666667,1.41452380952381
676755,2025,CH,48.504,-1.4368,5.9834,74,R,6.16666666666667,1.4368
676760,2026,CH,25.8907407407407,-3.07888888888889,4.92824074074074,74,R,6.16666666666667,3.07888888888889
676760,2024,CH,32.4866666666667,-2.89933333333333,5.26666666666667,74,R,6.16666666666667,2.89933333333333
676775,2024,SL,42.8192307692308,-1.43288461538462,6.24653846153846,76,R,6.33333333333333,1.43288461538462
676775,2026,FS,37.9780487804878,-1.47934959349593,6.12731707317073,76,R,6.33333333333333,1.47934959349593
676775,2025,FS,39.730612244898,-1.51326530612245,6.16448979591837,76,R,6.33333333333333,1.51326530612245
676775,2023,FS,37.4955056179776,-1.68393258426966,6.13258426966292,76,R,6.33333333333333,1.68393258426966
676775,2024,FS,38.4725388601036,-1.47720207253886,6.17015544041451,76,R,6.33333333333333,1.47720207253886
676879,2026,SL,50.1888888888889,0.50031746031746,6.42396825396825,72,L,6,0.50031746031746
676879,2026,CU,53.5578947368421,0.386140350877193,6.47964912280702,72,L,6,0.386140350877193
676879,2025,CU,52.0564102564103,0.42,6.40794871794872,72,L,6,0.42
676879,2026,CH,50.4606557377049,0.525245901639344,6.43540983606557,72,L,6,0.525245901639344
676879,2024,CH,44.9945454545455,1.03163636363636,6.44145454545455,72,L,6,1.03163636363636
676879,2025,CH,48.321875,0.48375,6.3803125,72,L,6,0.48375
676917,2025,KC,45.9381818181818,-2.30636363636364,6.224,76,R,6.33333333333333,2.30636363636364
676917,2026,KC,38.6738738738739,-1.90211711711712,6.06635135135135,76,R,6.33333333333333,1.90211711711712
676917,2026,ST,33.5127659574468,-2.13553191489362,5.88170212765958,76,R,6.33333333333333,2.13553191489362
676917,2025,CH,40.6981481481482,-2.43685185185185,6.1412962962963,76,R,6.33333333333333,2.43685185185185
676917,2026,CH,32.95,-2.10514705882353,5.91588235294118,76,R,6.33333333333333,2.10514705882353
676961,2025,CH,44.4122448979592,-1.78122448979592,6.08571428571429,75,R,6.25,1.78122448979592
676962,2024,KC,44.5138888888889,-1.49986111111111,6.45583333333333,78,R,6.5,1.49986111111111
676962,2025,KC,46.9018567639257,-1.52702917771883,6.53984084880636,78,R,6.5,1.52702917771883
676962,2026,KC,43.305,-1.47094444444445,6.41772222222223,78,R,6.5,1.47094444444445
676974,2025,SL,39.520218579235,-1.27650273224044,5.67732240437158,72,R,6,1.27650273224044
676974,2026,ST,40.0573122529644,-1.15166007905138,5.75920948616601,72,R,6,1.15166007905138
676974,2026,SL,44.6346666666667,-0.971244444444444,5.91515555555555,72,R,6,0.971244444444444
676974,2024,SL,46.6550264550265,-1.09507936507937,5.78634920634921,72,R,6,1.09507936507937
676974,2026,CH,38.2848101265823,-1.26886075949367,5.75886075949367,72,R,6,1.26886075949367
676974,2024,CH,45.5415384615385,-1.196,5.79,72,R,6,1.196
676974,2025,CH,35.424,-1.52386666666667,5.5816,72,R,6,1.52386666666667
676979,2025,ST,40.9094594594595,2.23929054054054,6.24942567567568,78,L,6.5,2.23929054054054
676979,2024,ST,42.7079207920792,2.32168316831683,6.21435643564357,78,L,6.5,2.32168316831683
676979,2025,CH,30.8561403508772,2.4,5.91561403508772,78,L,6.5,2.4
676979,2024,CH,34.1777777777778,2.4237037037037,5.89833333333333,78,L,6.5,2.4237037037037
677053,2024,ST,46.6559322033899,2.9190395480226,5.78717514124294,75,L,6.25,2.9190395480226
677053,2023,ST,48.4214285714286,2.81875,5.79464285714286,75,L,6.25,2.81875
677161,2024,CH,33.4472527472528,-2.91153846153846,5.30923076923077,75,R,6.25,2.91153846153846
677161,2024,ST,34.4228346456693,-3.28,5.30299212598425,75,R,6.25,3.28
677161,2025,ST,34.5754716981132,-3.2033962264151,5.40377358490566,75,R,6.25,3.2033962264151
677865,2026,ST,27.2444444444445,3.53027777777778,4.82333333333333,74,L,6.16666666666667,3.53027777777778
677944,2025,SL,38.6403314917127,-1.72430939226519,5.82198895027624,76,R,6.33333333333333,1.72430939226519
677944,2025,CU,47.9131944444444,-1.51708333333333,6.03722222222222,76,R,6.33333333333333,1.51708333333333
677944,2026,CU,46.775,-1.95989583333333,6.00145833333333,76,R,6.33333333333333,1.95989583333333
677944,2026,SL,39.1760869565217,-2.26108695652174,5.85934782608696,76,R,6.33333333333333,2.26108695652174
677944,2023,SL,37.5081632653061,-1.92061224489796,5.64040816326531,76,R,6.33333333333333,1.92061224489796
677944,2024,CH,32.0828947368421,-2.13973684210526,5.50684210526316,76,R,6.33333333333333,2.13973684210526
677944,2024,CU,46.6045454545455,-1.76204545454545,5.83068181818182,76,R,6.33333333333333,1.76204545454545
677944,2025,CH,36.0564516129032,-1.83951612903226,5.73161290322581,76,R,6.33333333333333,1.83951612903226
677944,2024,SL,38.7576388888889,-1.90569444444445,5.67118055555556,76,R,6.33333333333333,1.90569444444445
677952,2025,CU,44.32375,-0.953875,6.364375,77,R,6.41666666666667,0.953875
677952,2026,CU,40.7726530612245,-0.798489795918368,6.23469387755102,77,R,6.41666666666667,0.798489795918368
677952,2026,SL,37.7267206477733,-0.907246963562753,6.14396761133603,77,R,6.41666666666667,0.907246963562753
677952,2025,SL,40.9735,-1.06635,6.2499,77,R,6.41666666666667,1.06635
677952,2026,FS,36.045,-1.008,6.05575,77,R,6.41666666666667,1.008
677955,2025,SL,25.065306122449,-1.39469387755102,5.68551020408163,76,R,6.33333333333333,1.39469387755102
677955,2026,SL,24.1377358490566,-1.32811320754717,5.56207547169811,76,R,6.33333333333333,1.32811320754717
677955,2026,CH,22.6333333333333,-1.19311111111111,5.47666666666667,76,R,6.33333333333333,1.19311111111111
677955,2025,CH,24.5086956521739,-1.30521739130435,5.60565217391304,76,R,6.33333333333333,1.30521739130435
677958,2025,SL,37.0344444444444,-1.98766666666667,5.89877777777778,77,R,6.41666666666667,1.98766666666667
677958,2026,SL,40.0887820512821,-2.04939102564103,5.99522435897436,77,R,6.41666666666667,2.04939102564103
677960,2026,ST,29.4841121495327,2.94532710280374,5.31196261682243,73,L,6.08333333333333,2.94532710280374
677960,2025,ST,37.5326086956522,3.265,5.60413043478261,73,L,6.08333333333333,3.265
677960,2025,CH,38.2212765957447,3.12574468085106,5.59340425531915,73,L,6.08333333333333,3.12574468085106
677960,2024,ST,36.0904761904762,3.00202380952381,5.67654761904762,73,L,6.08333333333333,3.00202380952381
677960,2026,CH,32.7982456140351,2.72328947368421,5.4319298245614,73,L,6.08333333333333,2.72328947368421
677960,2026,SL,36.8745762711864,2.65220338983051,5.55347457627118,73,L,6.08333333333333,2.65220338983051
677960,2024,CH,33.0831578947368,2.957,5.58936842105263,73,L,6.08333333333333,2.957
677961,2026,SL,29.7478260869565,-2.30847826086957,5.7854347826087,77,R,6.41666666666667,2.30847826086957
677961,2026,ST,26.5212765957447,-2.29106382978723,5.71872340425532,77,R,6.41666666666667,2.29106382978723
677976,2026,ST,18.94,-2.062,5.39075,73,R,6.08333333333333,2.062
677976,2026,CH,19.2654545454546,-2.06981818181818,5.34509090909091,73,R,6.08333333333333,2.06981818181818
678020,2026,SL,53.2489361702127,-2.05957446808511,6.20468085106383,74,R,6.16666666666667,2.05957446808511
678020,2025,SL,46.5616666666667,-2.3685,5.84016666666667,74,R,6.16666666666667,2.3685
678020,2025,FS,37.8393617021277,-2.70404255319149,5.6963829787234,74,R,6.16666666666667,2.70404255319149
678022,2025,ST,27.0361904761905,-2.21628571428571,5.23533333333333,73,R,6.08333333333333,2.21628571428571
678022,2026,ST,31.7945205479452,-2.27328767123288,5.33808219178082,73,R,6.08333333333333,2.27328767123288
678022,2026,CH,35.018018018018,-2.04432432432432,5.4636036036036,73,R,6.08333333333333,2.04432432432432
678024,2025,CU,35.4285714285714,-1.38396825396825,6.0947619047619,77,R,6.41666666666667,1.38396825396825
678024,2025,ST,31.1632653061225,-1.59010204081633,5.90816326530612,77,R,6.41666666666667,1.59010204081633
678024,2025,CH,30.6646464646465,-1.57040404040404,5.86484848484849,77,R,6.41666666666667,1.57040404040404
678061,2023,CU,32.1964912280702,2.41228070175439,5.58578947368421,75,L,6.25,2.41228070175439
678061,2024,CU,32.3407894736842,1.54631578947368,5.62013157894737,75,L,6.25,1.54631578947368
678215,2025,SL,37.7840909090909,-0.850681818181818,6.06931818181818,74,R,6.16666666666667,0.850681818181818
678226,2024,SL,39.3182926829268,-1.27231707317073,5.79121951219512,70,R,5.83333333333333,1.27231707317073
678226,2025,SL,39.5460674157303,-1.51865168539326,5.92662921348315,70,R,5.83333333333333,1.51865168539326
678368,2024,CH,33.8140625,-1.45921875,5.81375,70,R,5.83333333333333,1.45921875
678368,2024,ST,45.0648148148148,-1.10666666666667,6.09037037037037,70,R,5.83333333333333,1.10666666666667
678368,2025,CH,33.2523255813954,-1.64406976744186,5.62593023255814,70,R,5.83333333333333,1.64406976744186
678368,2025,ST,47.4627118644068,-1.12550847457627,6.07584745762712,70,R,5.83333333333333,1.12550847457627
678368,2024,CU,50.1395348837209,-1.01883720930233,6.23953488372093,70,R,5.83333333333333,1.01883720930233
678394,2026,ST,37.092,-1.81933333333333,5.5424,73,R,6.08333333333333,1.81933333333333
678394,2024,ST,29.5145061728395,-1.83734567901235,5.19870370370371,73,R,6.08333333333333,1.83734567901235
678394,2023,ST,33.8753846153846,-1.70830769230769,5.36661538461539,73,R,6.08333333333333,1.70830769230769
678394,2023,CH,26.9753086419753,-1.98907407407407,5.12975308641975,73,R,6.08333333333333,1.98907407407407
678394,2025,ST,32.2035242290749,-1.71991189427313,5.26757709251102,73,R,6.08333333333333,1.71991189427313
678394,2024,CH,26.9286863270777,-1.86249329758713,5.14064343163539,73,R,6.08333333333333,1.86249329758713
678394,2026,CH,36.4059322033899,-1.86389830508474,5.51584745762712,73,R,6.08333333333333,1.86389830508474
678394,2025,CH,30.1081632653061,-1.76295918367347,5.22142857142857,73,R,6.08333333333333,1.76295918367347
678495,2024,SL,36.1198795180723,-1.78807228915663,5.39722891566265,72,R,6,1.78807228915663
678495,2025,SL,39.702,-2.6911,5.5089,72,R,6,2.6911
678606,2025,CH,30.1940298507463,3.0865671641791,5.73925373134329,73,L,6.08333333333333,3.0865671641791
678606,2026,CH,30.2454545454546,3.03290909090909,5.62581818181818,73,L,6.08333333333333,3.03290909090909
678606,2024,CH,32.3913043478261,2.98695652173913,5.8004347826087,73,L,6.08333333333333,2.98695652173913
678606,2023,CH,33.3481481481482,3.08962962962963,5.88722222222222,73,L,6.08333333333333,3.08962962962963
678692,2025,ST,43.4795580110497,-2.41093922651934,5.22922651933702,70,R,5.83333333333333,2.41093922651934
678692,2025,SL,41.463698630137,-2.38835616438356,5.18390410958904,70,R,5.83333333333333,2.38835616438356
678692,2025,CH,34.5902777777778,-2.64527777777778,5.16305555555555,70,R,5.83333333333333,2.64527777777778
678692,2024,SL,43.9829787234043,-2.26744680851064,5.29808510638298,70,R,5.83333333333333,2.26744680851064
678692,2024,CH,36.621568627451,-2.56039215686275,5.24960784313726,70,R,5.83333333333333,2.56039215686275
678906,2025,ST,22.1352941176471,-2.29617647058823,5.36235294117647,76,R,6.33333333333333,2.29617647058823
678906,2026,ST,21.5875,-2.44567708333333,5.46333333333334,76,R,6.33333333333333,2.44567708333333
678906,2026,CH,25.7407407407407,-2.36777777777778,5.5887037037037,76,R,6.33333333333333,2.36777777777778
679156,2024,SL,28.7375,3.26453125,5.7528125,74,L,6.16666666666667,3.26453125
679358,2025,FS,45.5342696629213,-1.51825842696629,5.80516853932584,76,R,6.33333333333333,1.51825842696629
679358,2026,FS,43.1883435582822,-1.68693251533742,5.74288343558282,76,R,6.33333333333333,1.68693251533742
679358,2025,SL,47.0278481012658,-1.58329113924051,5.92696202531646,76,R,6.33333333333333,1.58329113924051
679525,2024,ST,31.75,-1.82517857142857,5.67160714285714,74,R,6.16666666666667,1.82517857142857
679525,2023,ST,36.14,-2.41463157894737,5.66178947368421,74,R,6.16666666666667,2.41463157894737
679525,2024,SL,31.6391534391535,-1.92486772486772,5.61153439153439,74,R,6.16666666666667,1.92486772486772
679525,2023,CU,42.2691176470588,-2.20161764705882,5.85382352941176,74,R,6.16666666666667,2.20161764705882
679525,2023,SL,37.9823529411765,-2.24686274509804,5.69725490196078,74,R,6.16666666666667,2.24686274509804
679525,2024,CU,37.2468965517241,-1.74979310344828,5.82972413793103,74,R,6.16666666666667,1.74979310344828
679525,2023,CH,32.6530864197531,-2.52604938271605,5.5362962962963,74,R,6.16666666666667,2.52604938271605
679525,2024,CH,29.5551401869159,-2.02579439252337,5.55570093457944,74,R,6.16666666666667,2.02579439252337
679775,2026,ST,2.91777777777778,3.21622222222222,4.12822222222222,76,L,6.33333333333333,3.21622222222222
679775,2025,ST,6.26666666666667,3.09122807017544,4.18280701754386,76,L,6.33333333333333,3.09122807017544
679883,2026,SL,48.8686274509804,-1.81382352941176,6.0506862745098,75,R,6.25,1.81382352941176
679883,2026,CH,46.8823529411765,-1.93764705882353,6.03137254901961,75,R,6.25,1.93764705882353
679883,2026,CU,51.5202702702703,-1.77216216216216,6.11837837837838,75,R,6.25,1.77216216216216
679885,2024,SL,43.7666666666667,-2.86768518518519,6.29611111111111,75,R,6.25,2.86768518518519
679885,2024,FS,47.0761538461538,-2.65223076923077,6.37053846153846,75,R,6.25,2.65223076923077
680570,2024,CH,34.8162679425837,-2.46401913875598,5.49019138755981,77,R,6.41666666666667,2.46401913875598
680570,2026,CH,36.4963855421687,-2.50361445783132,5.61469879518072,77,R,6.41666666666667,2.50361445783132
680570,2023,ST,41.2048780487805,-2.59439024390244,5.72670731707317,77,R,6.41666666666667,2.59439024390244
680570,2024,SL,37.5763513513513,-2.45763513513514,5.61472972972973,77,R,6.41666666666667,2.45763513513514
680570,2026,SL,37.0977777777778,-2.64355555555556,5.668,77,R,6.41666666666667,2.64355555555556
680570,2023,CH,38.2564705882353,-2.595,5.6295294117647,77,R,6.41666666666667,2.595
680570,2024,CU,39.4490196078431,-2.38421568627451,5.63509803921569,77,R,6.41666666666667,2.38421568627451
680570,2026,CU,40.5243902439024,-2.51317073170732,5.72512195121951,77,R,6.41666666666667,2.51317073170732
680573,2024,CH,43.9519801980198,-1.2070297029703,6.29628712871287,75,R,6.25,1.2070297029703
680573,2025,SL,42.76875,-1.335125,6.33858333333334,75,R,6.25,1.335125
680573,2024,SL,46.5129213483146,-1.06946629213483,6.45929775280899,75,R,6.25,1.06946629213483
680573,2026,SL,45.1058823529412,-1.29490196078431,6.42264705882353,75,R,6.25,1.29490196078431
680573,2026,FS,45.8509803921569,-1.26882352941177,6.39607843137255,75,R,6.25,1.26882352941177
680573,2025,FS,45.0150537634408,-1.33666666666667,6.30924731182796,75,R,6.25,1.33666666666667
680573,2025,CU,50.6841463414634,-1.11109756097561,6.455,75,R,6.25,1.11109756097561
680573,2024,CU,56.2388235294118,-0.662352941176471,6.55047058823529,75,R,6.25,0.662352941176471
680684,2025,CH,45.5142857142857,-2.47571428571429,6.06053571428571,76,R,6.33333333333333,2.47571428571429
680686,2023,CU,32.6246376811594,-1.85985507246377,5.15521739130435,73,R,6.08333333333333,1.85985507246377
680686,2023,SL,31.319587628866,-1.84134020618557,5.0940206185567,73,R,6.08333333333333,1.84134020618557
680689,2025,CH,28.5880952380952,-1.46523809523809,5.39579365079365,74,R,6.16666666666667,1.46523809523809
680689,2023,CH,27.6708333333333,-2.626875,5.45854166666667,74,R,6.16666666666667,2.626875
680694,2026,CU,56.9502590673575,-1.21756476683938,6.3519689119171,75,R,6.25,1.21756476683938
680694,2026,SL,49.9514285714285,-1.47391836734694,6.16073469387755,75,R,6.25,1.47391836734694
680694,2024,CU,63.0037735849057,-1.00075471698113,6.47735849056604,75,R,6.25,1.00075471698113
680694,2025,SL,52.875,-1.31675,6.3365,75,R,6.25,1.31675
680694,2023,CU,60.0733333333333,-1.15571428571429,6.40028571428571,75,R,6.25,1.15571428571429
680694,2024,SL,55.3204081632653,-1.2415306122449,6.30673469387755,75,R,6.25,1.2415306122449
680694,2023,SL,52.8020618556701,-1.42417525773196,6.21819587628866,75,R,6.25,1.42417525773196
680704,2025,SL,7.73389830508475,-2.63677966101695,4.0728813559322,71,R,5.91666666666667,2.63677966101695
680704,2023,SL,1.88,-3.01989473684211,3.98631578947368,71,R,5.91666666666667,3.01989473684211
680704,2024,SL,7.92535211267605,-3.09098591549296,4.27683098591549,71,R,5.91666666666667,3.09098591549296
680704,2024,FS,12.5416058394161,-2.98131386861314,4.51729927007299,71,R,5.91666666666667,2.98131386861314
680723,2023,ST,34.2316666666667,2.00666666666667,5.57633333333333,73,L,6.08333333333333,2.00666666666667
680730,2026,CU,60.1024390243902,1.45268292682927,6.18731707317073,76,L,6.33333333333333,1.45268292682927
680730,2025,CU,59.3379182156134,1.62156133828996,6.17315985130112,76,L,6.33333333333333,1.62156133828996
680730,2024,SL,44.2184397163121,2.1745390070922,5.81482269503546,76,L,6.33333333333333,2.1745390070922
680730,2024,FS,49.3523206751055,1.99755274261603,5.99067510548523,76,L,6.33333333333333,1.99755274261603
680730,2026,SL,48.5587209302326,1.98412790697674,5.89604651162791,76,L,6.33333333333333,1.98412790697674
680730,2025,SL,50.243956043956,2.00137362637363,5.95576923076923,76,L,6.33333333333333,2.00137362637363
680730,2024,CU,51.8217592592592,1.94949074074074,5.97333333333334,76,L,6.33333333333333,1.94949074074074
680730,2025,FS,57.4333333333334,1.68705128205128,6.18166666666667,76,L,6.33333333333333,1.68705128205128
680732,2026,SL,38.4506172839506,-2.29135802469136,6.13858024691358,78,R,6.5,2.29135802469136
680732,2026,KC,42.743870967742,-2.11058064516129,6.21638709677419,78,R,6.5,2.11058064516129
680732,2024,SL,38.7642857142857,-2.47261904761905,6.03,78,R,6.5,2.47261904761905
680732,2025,CH,37.9836363636364,-2.46454545454546,6.10127272727273,78,R,6.5,2.46454545454546
680732,2025,SL,40.0461254612546,-2.59380073800738,6.17206642066421,78,R,6.5,2.59380073800738
680732,2025,KC,44.1452261306533,-2.34934673366834,6.27371859296483,78,R,6.5,2.34934673366834
680735,2025,SL,50.5949152542373,1.5535593220339,6.30033898305085,76,L,6.33333333333333,1.5535593220339
680736,2025,SL,36.966,2.33846666666667,5.4736,73,L,6.08333333333333,2.33846666666667
680736,2026,SL,35.4135021097046,2.30594936708861,5.55822784810126,73,L,6.08333333333333,2.30594936708861
680736,2024,SL,40.0125,2.071,5.6325,73,L,6.08333333333333,2.071
680736,2025,CU,41.0595238095238,2.25,5.59809523809524,73,L,6.08333333333333,2.25
680739,2023,SL,44.8534246575342,-1.29958904109589,5.87602739726027,77,R,6.41666666666667,1.29958904109589
680739,2023,CH,45.36875,-1.25765625,5.95234375,77,R,6.41666666666667,1.25765625
680742,2026,SL,42.4535714285714,-2.62303571428571,6.21392857142857,78,R,6.5,2.62303571428571
680742,2025,SL,41.6018518518518,-2.59731481481482,6.12703703703704,78,R,6.5,2.59731481481482
680742,2026,CH,40.4191489361702,-2.68191489361702,6.09276595744681,78,R,6.5,2.68191489361702
680744,2026,SL,42.8717391304348,-2.03108695652174,5.85891304347826,75,R,6.25,2.03108695652174
680755,2025,SL,49.0590909090909,0.275844155844156,6.46733766233766,76,R,6.33333333333333,-0.275844155844156
680755,2026,SL,48.5165,0.4902,6.55695,76,R,6.33333333333333,-0.4902
680755,2025,CU,49.3057692307692,0.260096153846154,6.45346153846154,76,R,6.33333333333333,-0.260096153846154
680755,2026,CU,49.9207317073171,0.523780487804878,6.56463414634146,76,R,6.33333333333333,-0.523780487804878
680767,2025,CH,35.4169642857143,-2.22866071428571,5.14446428571428,72,R,6,2.22866071428571
680767,2026,SL,43.5565217391305,-2.20594202898551,5.2868115942029,72,R,6,2.20594202898551
680767,2025,SL,44.7046511627907,-1.83627906976744,5.38279069767442,72,R,6,1.83627906976744
680767,2024,SL,40.3273684210526,-2.27536842105263,5.13073684210526,72,R,6,2.27536842105263
680767,2026,CH,38.0666666666667,-2.32377777777778,5.18244444444444,72,R,6,2.32377777777778
680767,2024,CH,31.6237623762376,-2.5309900990099,4.93386138613861,72,R,6,2.5309900990099
680802,2026,ST,41.3943661971831,-2.31338028169014,5.91901408450704,76,R,6.33333333333333,2.31338028169014
680880,2024,FS,44.3434782608696,-1.99608695652174,6.02782608695652,78,R,6.5,1.99608695652174
680880,2025,FS,38.8135802469136,-2.00197530864197,5.92740740740741,78,R,6.5,2.00197530864197
680885,2024,CU,33.730081300813,-2.60845528455285,5.3160162601626,73,R,6.08333333333333,2.60845528455285
680885,2024,FS,32.9038167938931,-2.54045801526718,5.32190839694656,73,R,6.08333333333333,2.54045801526718
680885,2025,FS,36.6151260504202,-2.12008403361345,5.27781512605042,73,R,6.08333333333333,2.12008403361345
680885,2025,CU,35.8569444444444,-2.14013888888889,5.25847222222222,73,R,6.08333333333333,2.14013888888889
680885,2025,SL,37.1842105263158,-2.09532894736842,5.39598684210526,73,R,6.08333333333333,2.09532894736842
680885,2024,SL,35.6410138248848,-2.53101382488479,5.47423963133641,73,R,6.08333333333333,2.53101382488479
680897,2024,SL,44.4582677165354,-2.09007874015748,5.84874015748032,75,R,6.25,2.09007874015748
681006,2025,ST,17.9,1.62088235294118,4.84558823529412,74,L,6.16666666666667,1.62088235294118
681006,2025,CU,30.4859649122807,1.25473684210526,5.32368421052632,74,L,6.16666666666667,1.25473684210526
681035,2026,ST,27.9907692307692,-3.23292307692307,5.19176923076923,76,R,6.33333333333333,3.23292307692307
681035,2024,ST,29.3292307692308,-3.00861538461538,5.10046153846154,76,R,6.33333333333333,3.00861538461538
681035,2026,CU,32.4906976744186,-3.03255813953488,5.28767441860465,76,R,6.33333333333333,3.03255813953488
681035,2024,FS,33.8272727272727,-2.83931818181818,5.25090909090909,76,R,6.33333333333333,2.83931818181818
681035,2024,SL,33.2710144927536,-2.87724637681159,5.25608695652174,76,R,6.33333333333333,2.87724637681159
681168,2025,SL,38.9392857142857,-3.23446428571429,5.86857142857143,73,R,6.08333333333333,3.23446428571429
681190,2026,SL,32.1770833333333,-1.96583333333333,5.88125,72,R,6,1.96583333333333
681190,2026,CH,31.775,-2.0145,5.85425,72,R,6,2.0145
681190,2024,CU,37.7747899159664,-2.23151260504202,5.96394957983193,72,R,6,2.23151260504202
681190,2025,ST,31.7491935483871,-2.04177419354839,5.7858870967742,72,R,6,2.04177419354839
681190,2024,ST,34.3474226804124,-2.12969072164948,5.80371134020619,72,R,6,2.12969072164948
681190,2025,CU,38.087969924812,-1.93924812030075,6.01315789473684,72,R,6,1.93924812030075
681190,2026,CU,35.1436170212766,-1.92340425531915,5.96531914893617,72,R,6,1.92340425531915
681190,2026,ST,33.622,-1.9284,5.8894,72,R,6,1.9284
681190,2025,CH,32.6796610169492,-1.99372881355932,5.86661016949153,72,R,6,1.99372881355932
681190,2024,CH,37.0145833333333,-2.05072916666667,5.94166666666667,72,R,6,2.05072916666667
681217,2026,ST,30.2781818181818,-2.284,5.69963636363637,72,R,6,2.284
681217,2023,ST,36.5161290322581,-1.84532258064516,5.9591935483871,72,R,6,1.84532258064516
681217,2026,FS,37.7276595744681,-1.98276595744681,5.94265957446808,72,R,6,1.98276595744681
681217,2023,FS,44.2114754098361,-1.51016393442623,6.21786885245902,72,R,6,1.51016393442623
681293,2024,ST,20.4130081300813,-1.91016260162602,4.92016260162602,74,R,6.16666666666667,1.91016260162602
681293,2024,CU,26.5650793650794,-1.72275132275132,5.14116402116402,74,R,6.16666666666667,1.72275132275132
681293,2025,CU,22.6578947368421,-2.22614035087719,4.99947368421053,74,R,6.16666666666667,2.22614035087719
681293,2024,CH,21.4701030927835,-1.86536082474227,4.87247422680413,74,R,6.16666666666667,1.86536082474227
681293,2026,CU,21.1181818181818,-2.51668449197861,4.93085561497326,74,R,6.16666666666667,2.51668449197861
681293,2026,ST,16.5869047619048,-2.60178571428572,4.73833333333333,74,R,6.16666666666667,2.60178571428572
681343,2025,CU,38.8890625,-2.011171875,5.90453125,75,R,6.25,2.011171875
681343,2025,CH,30.89,-2.29963157894737,5.75005263157895,75,R,6.25,2.29963157894737
681343,2025,SL,34.1284615384616,-2.32207692307692,5.84446153846154,75,R,6.25,2.32207692307692
681347,2025,CH,48.6286384976526,-1.44741784037559,6.18098591549296,73,R,6.08333333333333,1.44741784037559
681347,2026,CU,42.1461538461538,-2.16294871794872,6.00564102564103,73,R,6.08333333333333,2.16294871794872
681347,2025,CU,49.1533333333333,-1.16733333333333,6.16222222222222,73,R,6.08333333333333,1.16733333333333
681347,2026,CH,39.5218181818182,-2.21959090909091,5.94581818181818,73,R,6.08333333333333,2.21959090909091
681347,2025,SL,46.11953125,-1.519609375,6.06078125,73,R,6.08333333333333,1.519609375
681347,2026,SL,38.2433823529412,-2.31779411764706,5.89161764705882,73,R,6.08333333333333,2.31779411764706
681402,2023,SL,40.5481481481481,-1.72444444444445,5.17018518518518,73,R,6.08333333333333,1.72444444444445
681402,2024,SL,48.0155555555556,-1.43833333333333,5.36377777777778,73,R,6.08333333333333,1.43833333333333
681402,2026,SL,50.6485981308411,-1.31803738317757,5.32242990654206,73,R,6.08333333333333,1.31803738317757
681517,2026,CU,46.9850877192983,-1.79587719298246,5.68561403508772,77,R,6.41666666666667,1.79587719298246
681517,2026,ST,42.2533333333333,-2.03704761904762,5.57809523809524,77,R,6.41666666666667,2.03704761904762
681517,2025,CU,48.5580357142857,-2.08607142857143,5.81544642857143,77,R,6.41666666666667,2.08607142857143
681517,2026,CH,40.1462962962963,-1.87601851851852,5.49027777777778,77,R,6.41666666666667,1.87601851851852
681517,2025,ST,44.0683333333333,-2.34033333333333,5.74325,77,R,6.41666666666667,2.34033333333333
681517,2024,ST,44.4583333333334,-1.54483333333333,5.8015,77,R,6.41666666666667,1.54483333333333
681517,2025,CH,41.896875,-2.1690625,5.6415625,77,R,6.41666666666667,2.1690625
681517,2024,SL,45.726,-1.4726,5.8518,77,R,6.41666666666667,1.4726
681517,2026,SL,41.6693430656934,-2.02189781021898,5.55240875912409,77,R,6.41666666666667,2.02189781021898
681517,2025,SL,43.6443661971831,-2.32514084507042,5.74302816901409,77,R,6.41666666666667,2.32514084507042
681676,2025,SL,55.5537878787879,-1.89924242424242,5.9664393939394,72,R,6,1.89924242424242
681676,2026,SL,58.9509090909091,-2.01709090909091,5.91509090909091,72,R,6,2.01709090909091
681676,2024,SL,52.2193333333334,-2.29,5.82776666666667,72,R,6,2.29
681799,2026,ST,33.1651515151515,-1.62545454545454,5.20212121212121,70,R,5.83333333333333,1.62545454545454
681799,2024,ST,31.5752,-2.22552,5.04672,70,R,5.83333333333333,2.22552
681810,2026,ST,24.8632478632479,-2.48008547008547,4.89153846153846,72,R,6,2.48008547008547
681810,2024,ST,31.2275,-2.1305,5.1675,72,R,6,2.1305
681857,2023,SL,37.4679738562091,-2.89071895424837,5.8997385620915,73,R,6.08333333333333,2.89071895424837
681857,2025,SL,37.6715447154472,-2.75918699186992,5.98666666666667,73,R,6.08333333333333,2.75918699186992
681857,2024,SL,38.9359183673469,-2.67175510204081,6.01791836734694,73,R,6.08333333333333,2.67175510204081
681857,2025,CH,35.3587096774194,-2.83122580645161,5.92651612903226,73,R,6.08333333333333,2.83122580645161
681857,2024,CH,35.0558510638298,-2.7688829787234,5.91212765957447,73,R,6.08333333333333,2.7688829787234
681857,2023,CH,34.3423913043478,-2.96119565217391,5.80945652173913,73,R,6.08333333333333,2.96119565217391
681867,2025,CH,7.47254901960785,-2.09078431372549,4.70313725490196,78,R,6.5,2.09078431372549
681867,2024,ST,14.2048648648649,-1.7107027027027,5.01378378378379,78,R,6.5,1.7107027027027
681867,2026,CH,5.59375,-1.9121875,4.7046875,78,R,6.5,1.9121875
681867,2024,CH,10.4462450592885,-1.76766798418972,4.91185770750988,78,R,6.5,1.76766798418972
681869,2025,ST,30.4413043478261,-2.16913043478261,5.6,72,R,6,2.16913043478261
681869,2024,CU,42.4078125,-1.91296875,5.91828125,72,R,6,1.91296875
681869,2025,CH,33.625,-1.91325,5.67925,72,R,6,1.91325
681869,2024,CH,37.3392156862745,-2.00490196078431,5.70470588235294,72,R,6,2.00490196078431
681870,2026,CU,50.1921568627451,1.21450980392157,6.1243137254902,76,L,6.33333333333333,1.21450980392157
681870,2025,SL,48.386,1.4216,6.015,76,L,6.33333333333333,1.4216
681882,2023,SL,49.2772727272728,-1.55045454545455,5.86545454545455,74,R,6.16666666666667,1.55045454545455
681892,2025,ST,28.9941176470588,2.49843137254902,5.58941176470588,76,L,6.33333333333333,2.49843137254902
681892,2024,ST,33.9563218390805,2.56344827586207,5.78298850574713,76,L,6.33333333333333,2.56344827586207
681892,2026,ST,30.8239130434783,2.47434782608696,5.63630434782609,76,L,6.33333333333333,2.47434782608696
681892,2025,CH,30.1279069767442,2.42558139534884,5.66186046511628,76,L,6.33333333333333,2.42558139534884
681895,2026,ST,14.4404255319149,3.94702127659574,4.80127659574468,74,L,6.16666666666667,3.94702127659574
681895,2026,CU,24.5966666666667,3.71666666666667,5.13183333333333,74,L,6.16666666666667,3.71666666666667
681911,2026,CH,63.8978260869565,0.492173913043478,5.97108695652174,73,L,6.08333333333333,0.492173913043478
681911,2026,SL,74.6659574468085,-0.0659574468085106,6.18425531914894,73,L,6.08333333333333,-0.0659574468085106
681911,2024,SL,64.191935483871,0.512741935483871,6.02709677419355,73,L,6.08333333333333,0.512741935483871
681911,2025,SL,67.3847457627119,0.205310734463277,6.12802259887006,73,L,6.08333333333333,0.205310734463277
681911,2023,SL,56.3541666666667,0.994583333333333,5.78291666666667,73,L,6.08333333333333,0.994583333333333
681916,2026,ST,49.2056603773585,-1.6488679245283,6.03433962264151,74,R,6.16666666666667,1.6488679245283
681982,2026,ST,0.534745762711864,-2.20449152542373,4.09720338983051,72,R,6,2.20449152542373
681982,2025,ST,-1.34356435643564,-2.61707920792079,4.0780198019802,72,R,6,2.61707920792079
681982,2024,SL,-6.16515151515152,-2.61439393939394,3.99363636363636,72,R,6,2.61439393939394
681982,2023,SL,-1.57142857142857,-2.89380952380952,4.17261904761905,72,R,6,2.89380952380952
682010,2023,SL,41.6074074074074,-1.84432098765432,6.03246913580247,81,R,6.75,1.84432098765432
682052,2025,SL,18.0541832669323,3.88211155378486,5.09521912350598,76,L,6.33333333333333,3.88211155378486
682052,2026,SL,16.1673575129534,3.62124352331606,5.00533678756477,76,L,6.33333333333333,3.62124352331606
682052,2026,CH,13.55,3.54574074074074,4.95055555555556,76,L,6.33333333333333,3.54574074074074
682052,2025,CH,15.837,3.7628,5.0173,76,L,6.33333333333333,3.7628
682120,2025,CU,35.4284615384615,2.13161538461539,5.94115384615385,78,L,6.5,2.13161538461539
682120,2026,CU,38.4984615384615,2.02107692307692,6.02815384615385,78,L,6.5,2.02107692307692
682120,2024,CU,36.1452380952381,2.33410714285714,5.90339285714286,78,L,6.5,2.33410714285714
682120,2026,SL,33.09125,2.1365,5.810125,78,L,6.5,2.1365
682120,2024,SL,29.6206349206349,2.28357142857143,5.63912698412699,78,L,6.5,2.28357142857143
682120,2025,SL,29.5081967213115,2.11032786885246,5.70672131147541,78,L,6.5,2.11032786885246
682171,2025,ST,-3.96326530612245,-3.93714285714286,4.02387755102041,74,R,6.16666666666667,3.93714285714286
682227,2026,CH,39.0067796610169,1.2071186440678,6.41203389830508,78,L,6.5,1.2071186440678
682227,2023,CH,40.3806451612903,1.22860215053763,6.3810752688172,78,L,6.5,1.22860215053763
682243,2024,KC,45.9355555555556,-1.286,5.58511111111111,74,R,6.16666666666667,1.286
682243,2026,SL,45.70625,-1.19328125,5.58140625,74,R,6.16666666666667,1.19328125
682243,2025,FS,38.4787096774194,-1.21374193548387,5.39154838709677,74,R,6.16666666666667,1.21374193548387
682243,2024,SL,42.9604395604396,-1.4510989010989,5.55681318681319,74,R,6.16666666666667,1.4510989010989
682243,2026,FS,40.7313868613138,-1.3614598540146,5.38357664233577,74,R,6.16666666666667,1.3614598540146
682243,2025,KC,46.1797468354431,-1.02784810126582,5.69443037974684,74,R,6.16666666666667,1.02784810126582
682243,2025,SL,42.4176470588235,-1.12274509803922,5.6278431372549,74,R,6.16666666666667,1.12274509803922
682243,2023,SL,43.4854545454546,-1.13336363636364,5.50509090909091,74,R,6.16666666666667,1.13336363636364
682243,2024,FS,39.5710843373494,-1.54947791164659,5.37060240963856,74,R,6.16666666666667,1.54947791164659
682243,2024,ST,40.2927710843373,-1.58240963855422,5.42614457831325,74,R,6.16666666666667,1.58240963855422
682254,2025,SL,51.8147435897436,1.55782051282051,5.78852564102564,74,L,6.16666666666667,1.55782051282051
682254,2026,CU,58.4862745098039,1.13588235294118,5.75372549019608,74,L,6.16666666666667,1.13588235294118
682254,2026,SL,56.7060606060606,1.1980303030303,5.65227272727273,74,L,6.16666666666667,1.1980303030303
682274,2025,FS,62.0441176470589,-0.463823529411765,6.35308823529412,73,R,6.08333333333333,0.463823529411765
682274,2025,SL,63.425,-0.34,6.335,73,R,6.08333333333333,0.34
682608,2026,CH,37.8198630136986,-3.0172602739726,5.53698630136987,76,R,6.33333333333333,3.0172602739726
682608,2026,SL,37.7423076923077,-3.14769230769231,5.56557692307692,76,R,6.33333333333333,3.14769230769231
682610,2024,SL,43.5109489051095,-1.49445255474453,5.8443795620438,74,R,6.16666666666667,1.49445255474453
682610,2024,CH,41.2144927536232,-1.37623188405797,5.76115942028986,74,R,6.16666666666667,1.37623188405797
682825,2025,SL,37.7111111111111,-1.99866666666667,5.87666666666667,77,R,6.41666666666667,1.99866666666667
682842,2023,SL,43.514,-0.7702,6.004,75,R,6.25,0.7702
682842,2026,SL,39.2833333333333,-1.34533333333333,5.88477777777778,75,R,6.25,1.34533333333333
682842,2025,SL,40.7377192982456,-1.15315789473684,5.90583333333334,75,R,6.25,1.15315789473684
682847,2025,SL,25.5732984293194,-1.90047120418848,5.1196335078534,74,R,6.16666666666667,1.90047120418848
682847,2024,SL,26.5324909747292,-1.75494584837545,5.05256317689531,74,R,6.16666666666667,1.75494584837545
682847,2025,CH,27.8715789473684,-1.88378947368421,5.17389473684211,74,R,6.16666666666667,1.88378947368421
682847,2023,SL,32.5,-1.52,5.36240963855422,74,R,6.16666666666667,1.52
682990,2025,CU,50.9970588235294,-1.67745098039216,6.17911764705882,75,R,6.25,1.67745098039216
682990,2024,CU,48.563829787234,-1.0636170212766,6.16829787234043,75,R,6.25,1.0636170212766
682990,2023,SL,48.0420454545455,-1.05329545454545,6.06613636363636,75,R,6.25,1.05329545454545
682990,2025,SL,47.4277611940299,-1.71474626865672,6.08044776119402,75,R,6.25,1.71474626865672
682990,2024,SL,42.8469026548673,-1.18486725663717,5.97300884955752,75,R,6.25,1.18486725663717
682990,2023,CU,52.1155555555555,-0.923111111111111,6.20466666666667,75,R,6.25,0.923111111111111
682990,2024,CH,40.754,-1.1552,5.8488,75,R,6.25,1.1552
683000,2026,SL,42.8616279069767,-2.71372093023256,5.93616279069768,75,R,6.25,2.71372093023256
683003,2024,CU,50.9565217391304,-1.26826086956522,5.64630434782609,72,R,6,1.26826086956522
683003,2026,SL,41.8007575757576,-1.29893939393939,5.46295454545455,72,R,6,1.29893939393939
683003,2024,SL,44.9049418604651,-1.46398255813953,5.55880813953488,72,R,6,1.46398255813953
683003,2026,CH,40.3953488372093,-1.36906976744186,5.46813953488372,72,R,6,1.36906976744186
683003,2024,CH,44.1712121212121,-1.57424242424242,5.62590909090909,72,R,6,1.57424242424242
683004,2025,CU,51.8717647058824,-1.52529411764706,5.79611764705882,73,R,6.08333333333333,1.52529411764706
683004,2026,SL,47.9735042735043,-1.33854700854701,5.71410256410257,73,R,6.08333333333333,1.33854700854701
683004,2025,SL,47.6983922829582,-1.7943729903537,5.6967845659164,73,R,6.08333333333333,1.7943729903537
683004,2024,SL,51.6872093023256,-2.07825581395349,5.71523255813954,73,R,6.08333333333333,2.07825581395349
683004,2026,CH,44.9967213114754,-1.35008196721311,5.62122950819672,73,R,6.08333333333333,1.35008196721311
683004,2025,CH,43.6134078212291,-1.60435754189944,5.57597765363128,73,R,6.08333333333333,1.60435754189944
683155,2024,ST,36.0915555555555,-2.19484444444444,5.75493333333333,74,R,6.16666666666667,2.19484444444444
683155,2024,SL,39.3766871165644,-2.01398773006135,5.87319018404908,74,R,6.16666666666667,2.01398773006135
683155,2024,CH,40.3278350515464,-1.97938144329897,5.84422680412371,74,R,6.16666666666667,1.97938144329897
683175,2025,ST,36.3519480519481,-1.74545454545455,5.74636363636364,74,R,6.16666666666667,1.74545454545455
683175,2026,ST,34.8205128205128,-1.78136752136752,5.61760683760684,74,R,6.16666666666667,1.78136752136752
683175,2023,ST,41.7209302325581,-1.23627906976744,5.64209302325581,74,R,6.16666666666667,1.23627906976744
683232,2024,SL,59.775,-1.59730769230769,6.12913461538462,75,R,6.25,1.59730769230769
683232,2025,SL,54.5628140703517,-1.71773869346734,6.20015075376884,75,R,6.25,1.71773869346734
683232,2024,CU,61.3333333333333,-1.45375,6.08652777777778,75,R,6.25,1.45375
683232,2026,SL,53.9913043478261,-1.82934782608696,6.14956521739131,75,R,6.25,1.82934782608696
683409,2024,SL,39.836,-1.2026,5.8906,74,R,6.16666666666667,1.2026
683409,2024,CH,40.5368,-1.07736,5.92096,74,R,6.16666666666667,1.07736
683409,2025,CH,34.4174358974359,-1.63912820512821,5.75466666666666,74,R,6.16666666666667,1.63912820512821
683409,2025,SL,34.775,-1.65166666666667,5.80208333333333,74,R,6.16666666666667,1.65166666666667
683409,2026,CH,31.922,-1.8174,5.6792,74,R,6.16666666666667,1.8174
683618,2026,SL,40.9736842105263,-1.94736842105263,6.14929824561404,76,R,6.33333333333333,1.94736842105263
683627,2025,CU,53.38,-1.331,6.13775,73,R,6.08333333333333,1.331
683627,2025,SL,51.1,-1.46142857142857,6.17785714285714,73,R,6.08333333333333,1.46142857142857
683627,2024,CH,50.0942857142857,-1.65342857142857,6.27914285714286,73,R,6.08333333333333,1.65342857142857
683627,2025,CH,42.9829787234042,-1.71531914893617,5.97553191489362,73,R,6.08333333333333,1.71531914893617
683627,2024,SL,49.5318965517241,-1.88887931034483,6.26284482758621,73,R,6.08333333333333,1.88887931034483
683742,2026,SL,37.51875,-1.1440625,5.87703125,74,R,6.16666666666667,1.1440625
683769,2025,CH,33.6352941176471,-2.36647058823529,5.90941176470588,78,R,6.5,2.36647058823529
683769,2026,CH,31.3928571428572,-2.08357142857143,5.78761904761905,78,R,6.5,2.08357142857143
683769,2024,CH,30.9237288135593,-2.57881355932203,5.84457627118644,78,R,6.5,2.57881355932203
683769,2025,SL,38.7802973977695,-2.24724907063197,6.30301115241636,78,R,6.5,2.24724907063197
683769,2026,SL,36.8573426573427,-2.16391608391608,6.22104895104895,78,R,6.5,2.16391608391608
683769,2024,SL,36.0139344262295,-2.7077868852459,6.2369262295082,78,R,6.5,2.7077868852459
684007,2026,ST,37.8545454545455,1.76677685950413,5.44355371900826,70,L,5.83333333333333,1.76677685950413
684007,2024,FS,37.6547717842324,2.67404564315352,5.3759336099585,70,L,5.83333333333333,2.67404564315352
684007,2026,FS,39.6800554016621,1.61817174515236,5.50969529085872,70,L,5.83333333333333,1.61817174515236
684007,2024,ST,35.3527472527473,2.89307692307692,5.30912087912088,70,L,5.83333333333333,2.89307692307692
684007,2025,ST,32.7455128205128,2.8449358974359,5.34519230769231,70,L,5.83333333333333,2.8449358974359
684007,2025,FS,35.009756097561,2.60229268292683,5.40282926829268,70,L,5.83333333333333,2.60229268292683
684007,2024,CH,45.1865384615385,2.33711538461538,5.57038461538462,70,L,5.83333333333333,2.33711538461538
684049,2026,SL,67.6719298245614,-0.372456140350877,6.25754385964912,74,R,6.16666666666667,0.372456140350877
684320,2025,SL,35.4323529411765,-1.75357142857143,5.67991596638655,72,R,6,1.75357142857143
684320,2024,SL,37.716049382716,-1.81028806584362,5.72242798353909,72,R,6,1.81028806584362
684320,2025,FS,42.2843137254902,-1.53764705882353,5.8556862745098,72,R,6,1.53764705882353
684320,2024,FS,45.1873015873016,-1.53412698412698,5.93634920634921,72,R,6,1.53412698412698
684320,2024,CU,48.8285714285714,-1.45892857142857,6.08375,72,R,6,1.45892857142857
684974,2026,CH,16.2697368421053,-2.04065789473684,4.78144736842105,74,R,6.16666666666667,2.04065789473684
685107,2025,ST,35.389552238806,2.05253731343284,6.18820895522388,77,L,6.41666666666667,2.05253731343284
685107,2025,SL,34.974,2.027,6.1696,77,L,6.41666666666667,2.027
685126,2025,CH,29.9680473372781,4.098224852071,4.99656804733728,74,L,6.16666666666667,4.098224852071
685126,2026,SL,35.402752293578,4.03155963302752,5.06844036697248,74,L,6.16666666666667,4.03155963302752
685126,2025,SL,33.6733031674208,3.97592760180995,5.11058823529412,74,L,6.16666666666667,3.97592760180995
685126,2026,CH,31.2442307692308,4.16096153846154,4.92211538461539,74,L,6.16666666666667,4.16096153846154
685299,2024,SL,45.0270270270271,-2.59810810810811,6.11108108108108,77,R,6.41666666666667,2.59810810810811
685299,2025,CH,44.8490196078432,-2.71549019607843,6.21261437908497,77,R,6.41666666666667,2.71549019607843
685299,2026,CH,44.2936936936937,-2.78288288288288,6.26225225225225,77,R,6.41666666666667,2.78288288288288
685299,2025,SL,40.9554838709678,-2.86929032258064,6.06825806451613,77,R,6.41666666666667,2.86929032258064
685299,2026,SL,40.0512820512821,-2.95452991452992,6.13641025641026,77,R,6.41666666666667,2.95452991452992
685299,2024,CH,48.256,-2.4756,6.21466666666667,77,R,6.41666666666667,2.4756
685314,2025,CU,51.1555555555556,0.824583333333333,6.28875,75,L,6.25,0.824583333333333
685326,2025,SL,28.7941176470588,-3.80117647058823,5.67960784313726,78,R,6.5,3.80117647058823
685801,2024,SL,49.1961538461539,-0.61923076923077,5.55557692307693,72,R,6,0.61923076923077
685801,2026,SL,52.5456140350877,-0.994912280701755,5.59210526315789,72,R,6,0.994912280701755
685801,2025,SL,51.6627450980392,-0.386274509803922,5.66274509803922,72,R,6,0.386274509803922
686218,2023,SL,31.1810344827586,-1.40844827586207,5.32672413793103,77,R,6.41666666666667,1.40844827586207
686218,2023,CH,29.20625,-1.51515625,5.3015625,77,R,6.41666666666667,1.51515625
686218,2026,SL,30.9896946564886,-1.25011450381679,5.39416030534352,77,R,6.41666666666667,1.25011450381679
686218,2025,SL,32.7565445026178,-1.21,5.41031413612565,77,R,6.41666666666667,1.21
686218,2025,CH,33.1923913043478,-1.23826086956522,5.45141304347826,77,R,6.41666666666667,1.23826086956522
686218,2026,CU,35.6354838709678,-1.16112903225807,5.47935483870968,77,R,6.41666666666667,1.16112903225807
686218,2026,CH,32.0851851851852,-1.23725925925926,5.47474074074074,77,R,6.41666666666667,1.23725925925926
686294,2023,SL,45.724,-1.7076,5.9776,76,R,6.33333333333333,1.7076
686539,2024,SL,22.0761029411765,-1.89408088235294,5.24871323529412,76,R,6.33333333333333,1.89408088235294
686539,2023,SL,22.9318181818182,-2.22318181818182,5.20545454545455,76,R,6.33333333333333,2.22318181818182
686560,2026,ST,13.2391304347826,-3.79934782608696,4.86978260869565,73,R,6.08333333333333,3.79934782608696
686563,2024,ST,22.7505208333333,-2.44604166666667,5.6725,78,R,6.5,2.44604166666667
686563,2025,ST,24.8802197802198,-2.3132967032967,5.74384615384615,78,R,6.5,2.3132967032967
686563,2025,CH,25.41,-2.23925,5.7611,78,R,6.5,2.23925
686563,2024,CH,22.6621052631579,-2.35647368421053,5.66342105263158,78,R,6.5,2.35647368421053
686580,2024,ST,47.5238938053098,-1.00716814159292,5.93592920353982,76,R,6.33333333333333,1.00716814159292
686580,2025,CU,54.1533333333333,-0.794888888888889,5.99911111111111,76,R,6.33333333333333,0.794888888888889
686610,2023,ST,34.9416666666667,2.19034722222222,5.42236111111111,76,L,6.33333333333333,2.19034722222222
686610,2023,CH,34.0438775510204,2.16163265306122,5.45275510204082,76,L,6.33333333333333,2.16163265306122
686613,2025,KC,57.6760000000001,-2.02386666666667,6.22742222222223,74,R,6.16666666666667,2.02386666666667
686613,2026,KC,55.5211267605634,-2.12183098591549,6.14985915492958,74,R,6.16666666666667,2.12183098591549
686613,2024,KC,59.0340579710146,-1.64826086956522,6.30768115942029,74,R,6.16666666666667,1.64826086956522
686613,2023,KC,57.6447619047619,-1.41742857142857,6.16209523809524,74,R,6.16666666666667,1.41742857142857
686613,2025,SL,57.0142857142857,-1.995625,6.16285714285715,74,R,6.16666666666667,1.995625
686613,2024,CH,50.231724137931,-1.82241379310345,6.06062068965517,74,R,6.16666666666667,1.82241379310345
686613,2025,CH,48.3227272727273,-2.23577922077922,5.93623376623377,74,R,6.16666666666667,2.23577922077922
686613,2024,SL,58.6978021978022,-1.61747252747253,6.25945054945055,74,R,6.16666666666667,1.61747252747253
686642,2024,SL,26.0975609756098,3.02951219512195,5.69463414634146,75,L,6.25,3.02951219512195
686701,2025,CH,43.035,-2.00025,5.76125,73,R,6.08333333333333,2.00025
686701,2025,SL,49.0939597315436,-1.79986577181208,5.96107382550335,73,R,6.08333333333333,1.79986577181208
686701,2025,ST,44.8926315789474,-1.96494736842105,5.848,73,R,6.08333333333333,1.96494736842105
686730,2024,ST,27.6987261146497,-1.83312101910828,5.19668789808917,75,R,6.25,1.83312101910828
686730,2024,CH,27.967816091954,-1.65471264367816,5.25735632183908,75,R,6.25,1.65471264367816
686747,2023,ST,11.0506849315069,2.45657534246575,5.02328767123288,77,L,6.41666666666667,2.45657534246575
686751,2025,SL,48.2068181818182,-0.906590909090909,5.70863636363637,73,R,6.08333333333333,0.906590909090909
686751,2026,SL,46.4214285714286,-1.58547619047619,5.63023809523809,73,R,6.08333333333333,1.58547619047619
686752,2024,CH,39.8595918367347,-1.11191836734694,6.06816326530612,75,R,6.25,1.11191836734694
686752,2023,SL,36.5232558139535,-1.60162790697674,5.76186046511628,75,R,6.25,1.60162790697674
686752,2025,CH,38.1888579387187,-1.00991643454039,5.94161559888579,75,R,6.25,1.00991643454039
686752,2023,CH,38.6234375,-1.404375,6.005625,75,R,6.25,1.404375
686752,2024,SL,39.3266666666667,-1.33594871794872,5.86353846153847,75,R,6.25,1.33594871794872
686752,2025,SL,40.0274590163934,-1.09241803278689,5.87098360655737,75,R,6.25,1.09241803278689
686753,2026,SL,38.6232558139535,-2.19023255813954,5.54627906976744,72,R,6,2.19023255813954
686790,2025,SL,32.6553846153846,-1.84707692307692,5.34461538461538,72,R,6,1.84707692307692
686790,2026,SL,26.7770491803279,-2.23696721311475,5.04090163934426,72,R,6,2.23696721311475
686790,2026,CH,26.403488372093,-2.19918604651163,4.97058139534884,72,R,6,2.19918604651163
686799,2025,ST,29.4025,-1.9715,5.79875,79,R,6.58333333333333,1.9715
686799,2026,SL,35.2211538461539,-1.46269230769231,6.14173076923077,79,R,6.58333333333333,1.46269230769231
686799,2025,SL,31.8882978723404,-1.87212765957447,5.94787234042553,79,R,6.58333333333333,1.87212765957447
686799,2024,SL,32.1746031746032,-2.06650793650794,5.97571428571429,79,R,6.58333333333333,2.06650793650794
686799,2026,CH,36.3933333333334,-1.43051851851852,6.15148148148148,79,R,6.58333333333333,1.43051851851852
686799,2025,CH,30.84,-1.83275862068966,5.86758620689655,79,R,6.58333333333333,1.83275862068966
686826,2024,CH,32.61,-2.28,5.5002,74,R,6.16666666666667,2.28
686826,2023,SL,33.6777777777778,-2.47088888888889,5.53333333333333,74,R,6.16666666666667,2.47088888888889
686826,2024,SL,31.9806722689076,-2.53252100840336,5.5327731092437,74,R,6.16666666666667,2.53252100840336
686839,2023,SL,31.9344262295082,-2.20081967213115,4.77868852459016,71,R,5.91666666666667,2.20081967213115
686839,2023,ST,34.1084745762712,-2.10101694915254,4.8364406779661,71,R,5.91666666666667,2.10101694915254
686930,2025,ST,56.3,-2.29119047619048,6.095,72,R,6,2.29119047619048
686930,2026,SL,60.443137254902,-2.06392156862745,6.22019607843137,72,R,6,2.06392156862745
686973,2026,KC,40.752,-2.95592,5.45904,73,R,6.08333333333333,2.95592
686973,2025,KC,43.9714953271028,-2.88467289719626,5.58186915887851,73,R,6.08333333333333,2.88467289719626
686973,2026,CH,36.4545454545454,-3.00506493506493,5.30922077922078,73,R,6.08333333333333,3.00506493506493
686973,2024,KC,42.3685714285714,-1.872,5.64785714285715,73,R,6.08333333333333,1.872
686973,2024,SL,39.4321739130435,-2.13617391304348,5.51226086956522,73,R,6.08333333333333,2.13617391304348
686993,2026,ST,38.6239130434783,-2.8470652173913,5.39619565217391,73,R,6.08333333333333,2.8470652173913
686993,2025,ST,35.677108433735,-2.99240963855422,5.44180722891566,73,R,6.08333333333333,2.99240963855422
687064,2026,SL,44.0773913043478,-1.48930434782609,6.07182608695652,78,R,6.5,1.48930434782609
687064,2026,FS,40.3462585034014,-1.61979591836735,5.96428571428571,78,R,6.5,1.61979591836735
687064,2025,FS,47.328,-0.7882,5.9983,78,R,6.5,0.7882
687064,2025,CU,51.4666666666667,-0.72,6.09983333333333,78,R,6.5,0.72
687064,2026,CU,46.062962962963,-1.49722222222222,6.11351851851852,78,R,6.5,1.49722222222222
687075,2026,ST,31.1650793650794,-2.60920634920635,5.4831746031746,75,R,6.25,2.60920634920635
687075,2026,CU,39.0305555555556,-2.41319444444444,5.78263888888889,75,R,6.25,2.41319444444444
687075,2026,CH,30.3213114754098,-2.58672131147541,5.49524590163935,75,R,6.25,2.58672131147541
687134,2024,SL,62.02,-2.34966666666667,6.35383333333333,74,R,6.16666666666667,2.34966666666667
687134,2025,SL,59.9173913043478,-1.77521739130435,6.2263768115942,74,R,6.16666666666667,1.77521739130435
687134,2025,FS,54.8392857142857,-1.9327380952381,6.19369047619048,74,R,6.16666666666667,1.9327380952381
687134,2025,CU,64.9782608695652,-1.5395652173913,6.40391304347826,74,R,6.16666666666667,1.5395652173913
687223,2026,ST,20.4724137931035,2.94241379310345,4.93413793103448,75,L,6.25,2.94241379310345
687223,2025,ST,26.3422222222222,2.01755555555556,5.069,75,L,6.25,2.01755555555556
687330,2024,ST,3.17538461538462,-1.93976923076923,3.67353846153846,74,R,6.16666666666667,1.93976923076923
687330,2025,ST,3.67037037037037,-1.86444444444444,3.78444444444444,74,R,6.16666666666667,1.86444444444444
687330,2023,ST,3.43095238095238,-1.98476190476191,3.70869047619048,74,R,6.16666666666667,1.98476190476191
687330,2026,CH,-0.496774193548387,-1.68236559139785,3.57838709677419,74,R,6.16666666666667,1.68236559139785
687362,2025,ST,39.8254545454546,-1.91963636363636,5.49127272727273,71,R,5.91666666666667,1.91963636363636
687377,2025,CH,39.2410714285714,-1.82428571428572,6.32821428571429,79,R,6.58333333333333,1.82428571428572
687377,2026,SL,44.2469565217391,-2.04165217391304,6.60060869565217,79,R,6.58333333333333,2.04165217391304
687377,2025,SL,41.0538461538462,-1.85,6.39673076923077,79,R,6.58333333333333,1.85
687396,2025,SL,42.2909090909091,1.41745454545455,6.37181818181818,78,L,6.5,1.41745454545455
687396,2026,SL,39.7152173913043,1.76340579710145,6.28210144927537,78,L,6.5,1.76340579710145
687424,2024,SL,37.02,-1.83084210526316,6.21568421052632,76,R,6.33333333333333,1.83084210526316
687473,2026,ST,43.5239130434783,-1.76739130434783,5.61413043478261,76,R,6.33333333333333,1.76739130434783
687473,2026,CH,45.1132075471698,-1.59698113207547,5.78169811320755,76,R,6.33333333333333,1.59698113207547
687473,2025,ST,39.7666666666667,-2.32702380952381,5.63595238095238,76,R,6.33333333333333,2.32702380952381
687473,2025,CH,38.0815789473684,-2.29842105263158,5.67802631578947,76,R,6.33333333333333,2.29842105263158
687473,2025,CU,47.1645454545454,-2.04490909090909,5.87581818181818,76,R,6.33333333333333,2.04490909090909
687562,2026,CH,34.2671755725191,2.94931297709924,5.72396946564885,78,L,6.5,2.94931297709924
687570,2026,CU,42.9493670886076,1.44455696202532,6.15455696202532,74,L,6.16666666666667,1.44455696202532
687570,2026,SL,37.7137142857143,1.66222857142857,5.98331428571428,74,L,6.16666666666667,1.66222857142857
687570,2026,CH,35.8338028169014,1.83549295774648,5.94323943661972,74,L,6.16666666666667,1.83549295774648
687765,2025,CU,50.8132231404959,-2.04090909090909,6.32553719008264,73,R,6.08333333333333,2.04090909090909
687765,2025,SL,39.9944162436548,-2.58888324873097,5.96385786802031,73,R,6.08333333333333,2.58888324873097
687765,2024,CU,55.1612903225807,-2.32541935483871,6.39329032258065,73,R,6.08333333333333,2.32541935483871
687765,2024,SL,42.9721577726218,-2.8931090487239,6.07248259860788,73,R,6.08333333333333,2.8931090487239
687792,2024,CH,36.9953367875648,2.08834196891192,5.8140414507772,74,L,6.16666666666667,2.08834196891192
687792,2024,SL,35.7124087591241,2.12788321167883,5.71058394160584,74,L,6.16666666666667,2.12788321167883
687830,2025,CH,30.1121951219512,-2.24341463414634,5.41243902439024,76,R,6.33333333333333,2.24341463414634
687830,2025,SL,29.1266666666667,-2.26111111111111,5.34133333333333,76,R,6.33333333333333,2.26111111111111
687830,2023,SL,30.1113636363636,-2.26477272727273,5.23045454545455,76,R,6.33333333333333,2.26477272727273
687830,2023,CH,29.453488372093,-2.32139534883721,5.14279069767442,76,R,6.33333333333333,2.32139534883721
687849,2026,SL,50.8844444444445,-1.15022222222222,6.19733333333334,75,R,6.25,1.15022222222222
687849,2025,SL,50.8870370370371,-1.00814814814815,6.18648148148148,75,R,6.25,1.00814814814815
687863,2024,ST,36.6790909090909,-2.89890909090909,5.59690909090909,76,R,6.33333333333333,2.89890909090909
687863,2025,SL,39.7661290322581,-2.69258064516129,5.64822580645162,76,R,6.33333333333333,2.69258064516129
687863,2025,ST,35.742718446602,-3.00339805825243,5.48650485436893,76,R,6.33333333333333,3.00339805825243
687888,2025,CH,20.375,2.24166666666667,5.31833333333333,74,L,6.16666666666667,2.24166666666667
687888,2025,ST,25.9829268292683,2.45573170731707,5.4490243902439,74,L,6.16666666666667,2.45573170731707
687911,2024,ST,35.7871428571429,2.71471428571429,5.54014285714285,73,L,6.08333333333333,2.71471428571429
687911,2025,ST,31.8957446808511,2.81567375886525,5.40709219858156,73,L,6.08333333333333,2.81567375886525
687911,2026,ST,34.747311827957,2.77236559139785,5.54720430107527,73,L,6.08333333333333,2.77236559139785
687924,2024,CH,25.188,-2.3886,5.3436,75,R,6.25,2.3886
687931,2026,CH,45.778947368421,2.12052631578947,5.99982456140351,75,L,6.25,2.12052631578947
687931,2025,CH,43.2592592592593,2.35345679012346,6.02617283950617,75,L,6.25,2.35345679012346
688107,2024,ST,25.7254545454545,2.17327272727273,4.96018181818182,72,L,6,2.17327272727273
688107,2026,ST,24.3901639344262,2.71360655737705,5.04434426229508,72,L,6,2.71360655737705
688138,2025,ST,32.4299270072993,-2.27284671532847,5.86138686131387,76,R,6.33333333333333,2.27284671532847
688138,2025,CH,26.9625,-2.34875,5.68611111111111,76,R,6.33333333333333,2.34875
688138,2025,CU,38.8015873015873,-2.05238095238095,6.08222222222222,76,R,6.33333333333333,2.05238095238095
688158,2026,CU,41.9904761904762,-1.78071428571429,5.44761904761905,72,R,6,1.78071428571429
688158,2025,CU,40.8149425287356,-1.98080459770115,5.54471264367816,72,R,6,1.98080459770115
688158,2025,SL,29.7430769230769,-2.28153846153846,5.22953846153846,72,R,6,2.28153846153846
688297,2024,ST,19.75,-2.42166666666667,5.08071428571429,80,R,6.66666666666667,2.42166666666667
688642,2026,ST,37.7344262295082,-2.22786885245902,5.74819672131148,72,R,6,2.22786885245902
688642,2025,FS,38.775,-1.82428571428571,5.87642857142857,72,R,6,1.82428571428571
688642,2026,SL,42.6338235294118,-1.95352941176471,5.86426470588235,72,R,6,1.95352941176471
688642,2026,FS,34.4333333333333,-2.22222222222222,5.63555555555556,72,R,6,2.22222222222222
689017,2025,CH,53.5073684210526,-1.05252631578947,5.76336842105264,74,R,6.16666666666667,1.05252631578947
689017,2024,KC,55.1547169811321,-0.955471698113208,5.90735849056604,74,R,6.16666666666667,0.955471698113208
689017,2024,CH,52.5057971014493,-0.900289855072464,5.75478260869565,74,R,6.16666666666667,0.900289855072464
689017,2024,SL,50.9484615384615,-1.01669230769231,5.765,74,R,6.16666666666667,1.01669230769231
689147,2025,ST,27.4388888888889,-1.88384259259259,5.60412037037037,74,R,6.16666666666667,1.88384259259259
689147,2024,ST,28.27,-1.65804,5.55612,74,R,6.16666666666667,1.65804
689147,2026,ST,28.7313432835821,-1.78679104477612,5.68783582089552,74,R,6.16666666666667,1.78679104477612
689225,2024,SL,46.6130434782609,-1.6704347826087,5.92376811594203,75,R,6.25,1.6704347826087
689225,2024,CH,45.9514124293785,-1.61112994350283,5.91305084745763,75,R,6.25,1.61112994350283
689225,2025,CH,44.7155555555556,-1.61133333333333,5.98533333333333,75,R,6.25,1.61133333333333
689225,2023,CH,43.8151898734177,-1.51911392405063,5.84101265822785,75,R,6.25,1.51911392405063
689225,2023,SL,46.6175,-1.51525,5.84375,75,R,6.25,1.51525
689254,2025,ST,36.233734939759,3.21403614457831,5.69186746987952,74,L,6.16666666666667,3.21403614457831
689254,2026,ST,40.4833333333333,3.4716,5.97193333333333,74,L,6.16666666666667,3.4716
689296,2026,ST,33.34375,-1.2528125,5.53916666666667,74,R,6.16666666666667,1.2528125
689296,2026,CH,39.421052631579,-1.05315789473684,5.72631578947368,74,R,6.16666666666667,1.05315789473684
689546,2026,SL,28.5703703703704,-1.63166666666667,5.86185185185185,75,R,6.25,1.63166666666667
689672,2024,CH,51.7051094890511,-1.17386861313869,6.05824817518248,76,R,6.33333333333333,1.17386861313869
689672,2024,SL,54.60625,-0.965833333333333,6.1525,76,R,6.33333333333333,0.965833333333333
689690,2025,CH,-3.896875,-3.00072916666667,3.7846875,75,R,6.25,3.00072916666667
689818,2026,CU,47.615,-2.20075,6.056,76,R,6.33333333333333,2.20075
690544,2024,ST,40.2604938271605,1.4820987654321,5.69234567901235,74,L,6.16666666666667,1.4820987654321
690916,2025,ST,51.16,-2.25111111111111,5.97755555555556,75,R,6.25,2.25111111111111
690916,2025,SL,52.9572727272727,-2.06872727272727,5.99627272727273,75,R,6.25,2.06872727272727
690916,2024,SL,55.6377777777778,-2.01088888888889,6.12444444444444,75,R,6.25,2.01088888888889
690925,2025,SL,52.6792452830189,-1.17245283018868,6.15990566037736,74,R,6.16666666666667,1.17245283018868
690925,2026,SL,52.8243902439025,-1.07430894308943,6.09349593495935,74,R,6.16666666666667,1.07430894308943
690928,2025,CU,51.7272727272727,-1.82745454545455,6.076,74,R,6.16666666666667,1.82745454545455
690928,2026,ST,36.0980392156863,-2.07941176470588,5.69686274509804,74,R,6.16666666666667,2.07941176470588
690928,2025,ST,39.8761904761905,-2.28166666666667,5.74190476190476,74,R,6.16666666666667,2.28166666666667
690928,2025,SL,47.9352941176471,-1.94941176470588,6.04798319327731,74,R,6.16666666666667,1.94941176470588
690928,2026,SL,44.3093023255814,-1.79395348837209,5.97976744186047,74,R,6.16666666666667,1.79395348837209
690953,2025,CU,28.1147540983607,-1.63508196721312,5.64147540983607,77,R,6.41666666666667,1.63508196721312
690953,2025,SL,28.1093023255814,-1.70232558139535,5.60232558139535,77,R,6.41666666666667,1.70232558139535
690986,2026,SV,30.0267759562842,2.82213114754098,4.92497267759563,74,L,6.16666666666667,2.82213114754098
690986,2025,SV,24.7369863013699,2.31849315068493,4.74068493150685,74,L,6.16666666666667,2.31849315068493
690986,2024,SV,21.8815789473684,1.97960526315789,4.72440789473684,74,L,6.16666666666667,1.97960526315789
690986,2023,SV,28.2,2.28316666666667,4.97183333333333,74,L,6.16666666666667,2.28316666666667
690986,2024,CH,19.302427184466,2.09597087378641,4.73038834951456,74,L,6.16666666666667,2.09597087378641
690986,2026,CH,30.5612903225806,2.80564516129032,4.95806451612903,74,L,6.16666666666667,2.80564516129032
690986,2023,CH,26.4390243902439,2.39365853658537,4.95951219512195,74,L,6.16666666666667,2.39365853658537
690990,2025,ST,50.523786407767,-2.35296116504855,6.01446601941747,73,R,6.08333333333333,2.35296116504855
690990,2025,CH,46.6833333333333,-2.48398148148148,5.85564814814815,73,R,6.08333333333333,2.48398148148148
690990,2025,CU,54.93625,-2.289,6.10675,73,R,6.08333333333333,2.289
690997,2025,CU,28.2714285714286,-3.68693877551021,5.29897959183673,74,R,6.16666666666667,3.68693877551021
690997,2026,ST,26.66875,-3.93675,5.157875,74,R,6.16666666666667,3.93675
690997,2026,CU,31.0065573770492,-3.97565573770492,5.29188524590164,74,R,6.16666666666667,3.97565573770492
690997,2026,CH,31.5716417910448,-3.73985074626866,5.35850746268657,74,R,6.16666666666667,3.73985074626866
690997,2025,ST,23.9732394366197,-3.79267605633803,5.01056338028169,74,R,6.16666666666667,3.79267605633803
691251,2025,SL,41.1325,-1.583,6.37075,76,R,6.33333333333333,1.583
691587,2023,SL,27.6870967741935,-2.05602150537634,5.75666666666667,80,R,6.66666666666667,2.05602150537634
691587,2025,ST,28.0892857142857,-1.93821428571429,5.75607142857143,80,R,6.66666666666667,1.93821428571429
691587,2025,SL,27.1152046783626,-1.97614035087719,5.71152046783626,80,R,6.66666666666667,1.97614035087719
691587,2026,SL,28.9594339622642,-1.94867924528302,5.80301886792453,80,R,6.66666666666667,1.94867924528302
691587,2026,ST,28.9579439252336,-1.97261682242991,5.78457943925234,80,R,6.66666666666667,1.97261682242991
691587,2025,CU,36.2015625,-1.74875,6.06203125,80,R,6.66666666666667,1.74875
691587,2026,CH,32.16875,-1.8415625,5.97234375,80,R,6.66666666666667,1.8415625
691725,2026,ST,38.0629032258065,-2.64225806451613,6.23048387096774,79,R,6.58333333333333,2.64225806451613
691725,2026,FS,46.2916666666667,-2.21821428571429,6.47666666666667,79,R,6.58333333333333,2.21821428571429
691725,2026,SL,44.0390476190476,-2.31828571428571,6.37866666666667,79,R,6.58333333333333,2.31828571428571
691725,2026,CU,52.0803921568627,-2.01862745098039,6.52960784313726,79,R,6.58333333333333,2.01862745098039
691799,2026,CU,61.4670731707317,-0.539146341463415,5.94853658536585,75,R,6.25,0.539146341463415
691799,2025,CU,60.8603773584906,-0.59622641509434,5.90679245283019,75,R,6.25,0.59622641509434
691799,2026,SL,52.8491803278689,-0.893934426229508,5.80131147540984,75,R,6.25,0.893934426229508
691951,2026,CH,37.2057142857143,1.5792380952381,5.93942857142857,73,L,6.08333333333333,1.5792380952381
692285,2025,SL,36.2,-1.64107142857143,5.82535714285714,72,R,6,1.64107142857143
693312,2024,CU,44.8430555555556,-1.23902777777778,5.99833333333334,75,R,6.25,1.23902777777778
693312,2025,SL,44.6733333333333,-1.39,6.00344444444444,75,R,6.25,1.39
693312,2025,CU,48.4040816326531,-1.30591836734694,5.98367346938775,75,R,6.25,1.30591836734694
693312,2024,SL,42.9622448979592,-1.34918367346939,6.05612244897959,75,R,6.25,1.34918367346939
693313,2025,SL,42.3046875,-1.95890625,5.96390625,77,R,6.41666666666667,1.95890625
693433,2025,ST,24.2226086956522,-1.43626086956522,4.96095652173913,74,R,6.16666666666667,1.43626086956522
693433,2024,ST,25.9389830508475,-1.63135593220339,4.97694915254237,74,R,6.16666666666667,1.63135593220339
693433,2026,ST,23.2765217391304,-1.75295652173913,4.97486956521739,74,R,6.16666666666667,1.75295652173913
693433,2025,SL,26.8090277777778,-1.39763888888889,5.054375,74,R,6.16666666666667,1.39763888888889
693433,2024,SL,27.7814814814815,-1.57827160493827,5.04950617283951,74,R,6.16666666666667,1.57827160493827
693433,2026,SL,24.8971223021583,-1.75978417266187,5.00820143884892,74,R,6.16666666666667,1.75978417266187
693433,2025,CH,24.0238636363637,-1.37852272727273,4.95397727272727,74,R,6.16666666666667,1.37852272727273
693433,2026,CH,23.172131147541,-1.75655737704918,4.96409836065574,74,R,6.16666666666667,1.75655737704918
693433,2024,CH,26.5024691358025,-1.46407407407407,4.99444444444445,74,R,6.16666666666667,1.46407407407407
693433,2023,SL,29.7918032786885,-1.55639344262295,5.0455737704918,74,R,6.16666666666667,1.55639344262295
693645,2026,CU,49.0579710144927,-1.50768115942029,6.22913043478261,78,R,6.5,1.50768115942029
693645,2025,CU,47.2119047619048,-1.71535714285714,6.44773809523809,78,R,6.5,1.71535714285714
693686,2026,SL,37.2811764705882,-1.28329411764706,5.80976470588235,75,R,6.25,1.28329411764706
693686,2026,CU,38.3217054263566,-1.29736434108527,5.8346511627907,75,R,6.25,1.29736434108527
693821,2025,SL,53.1904347826087,-0.945021739130436,6.49928260869565,74,R,6.16666666666667,0.945021739130436
693821,2023,SL,52.7537634408602,-1.11010752688172,6.44763440860215,74,R,6.16666666666667,1.11010752688172
693821,2024,SL,55.6161290322581,-1.01362903225806,6.67588709677419,74,R,6.16666666666667,1.01362903225806
693821,2026,SL,50.1926406926407,-1.46909090909091,6.23549783549784,74,R,6.16666666666667,1.46909090909091
693821,2026,CH,47.7760563380282,-1.59253521126761,6.19140845070423,74,R,6.16666666666667,1.59253521126761
693821,2024,CH,53.4490196078432,-1.15882352941176,6.67235294117647,74,R,6.16666666666667,1.15882352941176
693821,2025,CH,51.6229007633588,-1.09297709923664,6.47809160305343,74,R,6.16666666666667,1.09297709923664
693821,2023,CH,50.5597402597403,-1.28272727272727,6.38025974025974,74,R,6.16666666666667,1.28272727272727
693855,2025,CH,47.0209580838323,1.4585628742515,5.9437125748503,72,L,6,1.4585628742515
693855,2026,CH,42.2969072164948,1.47577319587629,5.73484536082474,72,L,6,1.47577319587629
693855,2026,ST,39.7648648648649,1.72851351351351,5.55871621621621,72,L,6,1.72851351351351
694037,2023,SL,33.3824561403509,-2.64491228070176,5.29719298245614,71,R,5.91666666666667,2.64491228070176
694037,2025,SL,30.7336633663367,-1.44287128712871,5.4290099009901,71,R,5.91666666666667,1.44287128712871
694297,2025,CU,31.6630630630631,-2.08504504504505,5.71495495495496,76,R,6.33333333333333,2.08504504504505
694297,2024,ST,25.0213157894737,-2.151,5.38271052631579,76,R,6.33333333333333,2.151
694297,2025,ST,24.0773584905661,-2.35958490566038,5.39332075471698,76,R,6.33333333333333,2.35958490566038
694297,2023,ST,27.0689265536723,-1.98870056497175,5.41581920903955,76,R,6.33333333333333,1.98870056497175
694297,2024,CU,33.0771929824561,-1.9721052631579,5.69368421052632,76,R,6.33333333333333,1.9721052631579
694297,2026,CU,31.6296875,-2.5225,5.635,76,R,6.33333333333333,2.5225
694297,2026,ST,24.44,-2.51876923076923,5.38430769230769,76,R,6.33333333333333,2.51876923076923
694297,2024,CH,24.3986486486487,-2.11114864864865,5.33472972972973,76,R,6.33333333333333,2.11114864864865
694297,2023,CH,25.8175438596491,-2.00245614035088,5.34298245614035,76,R,6.33333333333333,2.00245614035088
694297,2025,CH,22.8270742358079,-2.33270742358079,5.3264192139738,76,R,6.33333333333333,2.33270742358079
694297,2026,CH,23.2831168831169,-2.43857142857143,5.25935064935065,76,R,6.33333333333333,2.43857142857143
694335,2025,ST,32.9618055555556,-1.66222222222222,5.73277777777778,77,R,6.41666666666667,1.66222222222222
694335,2026,ST,29.6177570093458,-1.68644859813084,5.61495327102804,77,R,6.41666666666667,1.68644859813084
694346,2026,SL,40.5228571428572,-2.36885714285714,5.93557142857143,77,R,6.41666666666667,2.36885714285714
694350,2025,CU,48.4325,-1.42825,5.8085,74,R,6.16666666666667,1.42825
694350,2025,CH,44.8415094339623,-1.47660377358491,5.74415094339623,74,R,6.16666666666667,1.47660377358491
694361,2026,ST,36.2194444444445,-2.11712962962963,5.3437962962963,77,R,6.41666666666667,2.11712962962963
694363,2025,SL,31.5414634146341,1.62853658536585,5.34585365853659,75,L,6.25,1.62853658536585
694363,2024,CH,42.2347305389222,1.38341317365269,5.59964071856287,75,L,6.25,1.38341317365269
694363,2024,SL,40.0155688622754,1.47676646706587,5.54508982035928,75,L,6.25,1.47676646706587
694363,2025,CH,33.9788461538462,1.55653846153846,5.3975,75,L,6.25,1.55653846153846
694462,2025,FS,55.763358778626,-0.774122137404581,6.1893893129771,74,R,6.16666666666667,0.774122137404581
694462,2025,SL,55.4125,-0.859375,6.160625,74,R,6.16666666666667,0.859375
694477,2025,SL,38.7636363636364,-1.37954545454545,5.55204545454546,73,R,6.08333333333333,1.37954545454545
694477,2026,SV,35.3375,-1.14125,5.52053571428572,73,R,6.08333333333333,1.14125
694477,2025,CH,32.174,-1.3346,5.4212,73,R,6.08333333333333,1.3346
694738,2025,CU,28.5091216216216,-2.37425675675676,5.63077702702703,74,R,6.16666666666667,2.37425675675676
694738,2024,CH,20.7268292682927,-2.65414634146342,5.09341463414634,74,R,6.16666666666667,2.65414634146342
694738,2026,CU,29.1417040358744,-1.48264573991031,5.52681614349776,74,R,6.16666666666667,1.48264573991031
694738,2024,CU,29.7931034482759,-2.48097701149425,5.37942528735632,74,R,6.16666666666667,2.48097701149425
694738,2026,CH,17.7976635514019,-1.65892523364486,5.16542056074766,74,R,6.16666666666667,1.65892523364486
694738,2025,CH,17.0902597402597,-2.54571428571429,5.22279220779221,74,R,6.16666666666667,2.54571428571429
694813,2023,CH,48.6018518518519,-1.84518518518519,5.48148148148148,73,R,6.08333333333333,1.84518518518519
694813,2024,CH,46.6650684931507,-1.96047945205479,5.62123287671232,73,R,6.08333333333333,1.96047945205479
694813,2024,SL,45.4321212121212,-1.89454545454545,5.52024242424243,73,R,6.08333333333333,1.89454545454545
694819,2026,CU,36.1536585365854,-1.7390243902439,5.39036585365854,79,R,6.58333333333333,1.7390243902439
694819,2025,CU,35.3162790697675,-1.53174418604651,5.39837209302326,79,R,6.58333333333333,1.53174418604651
694819,2026,SL,28.3361904761905,-1.96952380952381,5.104,79,R,6.58333333333333,1.96952380952381
694819,2025,SL,27.8753731343284,-1.74738805970149,5.1123880597015,79,R,6.58333333333333,1.74738805970149
694851,2025,CH,48.4058823529412,-0.932549019607843,5.81725490196078,77,R,6.41666666666667,0.932549019607843
694973,2025,CU,25.5979166666667,-2.64479166666667,5.59416666666667,78,R,6.5,2.64479166666667
694973,2024,CH,20.8838709677419,-2.63096774193548,5.65274193548387,78,R,6.5,2.63096774193548
694973,2025,CH,21.1650887573965,-2.63739644970414,5.56881656804734,78,R,6.5,2.63739644970414
694973,2025,SL,22.3351351351351,-2.40554054054054,5.48878378378379,78,R,6.5,2.40554054054054
694973,2024,CU,24.75,-2.51895348837209,5.71686046511628,78,R,6.5,2.51895348837209
694973,2025,ST,23.3911214953271,-2.38056074766355,5.53056074766356,78,R,6.5,2.38056074766355
694973,2024,SL,22.1210526315789,-2.24771929824561,5.56245614035088,78,R,6.5,2.24771929824561
694973,2026,CH,23.5466216216216,-2.49371621621622,5.55817567567568,78,R,6.5,2.49371621621622
694973,2026,SL,26.5724637681159,-2.33,5.56913043478261,78,R,6.5,2.33
694973,2026,ST,25.2462809917355,-2.43776859504132,5.51710743801653,78,R,6.5,2.43776859504132
694973,2024,FS,22.2026946107784,-2.27847305389222,5.64197604790419,78,R,6.5,2.27847305389222
694973,2024,ST,22.2539325842697,-2.24640449438202,5.60730337078652,78,R,6.5,2.24640449438202
694973,2025,FS,22.2885167464115,-2.44521531100478,5.58138755980862,78,R,6.5,2.44521531100478
694973,2026,FS,25.5688,-2.4128,5.62424,78,R,6.5,2.4128
695001,2026,ST,28.5061224489796,-1.03183673469388,5.49,70,R,5.83333333333333,1.03183673469388
695076,2026,SL,29.8156626506024,-2.45795180722892,5.65066265060241,73,R,6.08333333333333,2.45795180722892
695076,2026,CH,24.4154545454546,-2.63218181818182,5.40927272727273,73,R,6.08333333333333,2.63218181818182
695076,2024,SL,32.7616438356164,-2.26068493150685,5.78849315068493,73,R,6.08333333333333,2.26068493150685
695076,2024,CH,26.8121951219512,-2.41463414634146,5.55365853658537,73,R,6.08333333333333,2.41463414634146
695243,2026,SL,39.7975,-1.56075,6.161125,77,R,6.41666666666667,1.56075
695243,2025,SL,33.7502463054187,-1.8571921182266,6.06354679802955,77,R,6.41666666666667,1.8571921182266
695243,2024,SL,32.0689189189189,-2.07844594594595,5.94513513513513,77,R,6.41666666666667,2.07844594594595
695380,2026,SL,53.1073684210526,-1.10178947368421,5.72568421052632,73,R,6.08333333333333,1.10178947368421
695418,2025,SL,18.1582857142857,-2.54234285714286,5.34474285714286,75,R,6.25,2.54234285714286
695418,2026,SL,17.3104166666667,-2.63052083333333,5.38385416666667,75,R,6.25,2.63052083333333
695418,2026,ST,13.6016393442623,-2.62262295081967,5.24295081967213,75,R,6.25,2.62262295081967
695418,2025,CH,17.76,-2.53340740740741,5.32718518518518,75,R,6.25,2.53340740740741
695445,2025,ST,-4.57692307692308,-2.69435897435897,3.70589743589744,72,R,6,2.69435897435897
695505,2026,SL,51.5275862068966,-1.4948275862069,6.41663793103449,75,R,6.25,1.4948275862069
695505,2025,SL,50.2294964028777,-1.82482014388489,6.36863309352518,75,R,6.25,1.82482014388489
695505,2026,CH,47.565,-1.59725,6.3445,75,R,6.25,1.59725
695534,2026,CH,30.8439024390244,-1.73317073170732,5.17463414634146,73,R,6.08333333333333,1.73317073170732
695549,2025,CH,40.0771929824561,-1.99263157894737,5.69877192982456,74,R,6.16666666666667,1.99263157894737
695549,2025,SL,41.6368421052631,-1.97815789473684,5.76043859649122,74,R,6.16666666666667,1.97815789473684
695611,2026,SL,44.417094017094,2.01111111111111,5.59179487179487,72,L,6,2.01111111111111
695611,2026,CU,48.1576271186441,1.90830508474576,5.66254237288136,72,L,6,1.90830508474576
696062,2026,SL,47.3931818181818,-1.64068181818182,5.91522727272727,75,R,6.25,1.64068181818182
696070,2026,SL,46.0698113207547,1.58396226415094,5.8977358490566,74,L,6.16666666666667,1.58396226415094
696131,2024,ST,21.3465753424658,-2.16369863013699,5.11150684931507,75,R,6.25,2.16369863013699
696136,2024,CH,49.9027272727273,2.21909090909091,5.91854545454546,75,L,6.25,2.21909090909091
696136,2023,CH,49.4465909090909,2.38068181818182,5.94079545454546,75,L,6.25,2.38068181818182
696147,2026,SL,36.7813186813187,-1.44225274725275,5.52307692307692,73,R,6.08333333333333,1.44225274725275
696147,2025,SL,36.6776595744681,-1.97446808510638,5.44340425531915,73,R,6.08333333333333,1.97446808510638
696147,2026,CH,25.8844444444445,-1.80622222222222,5.07466666666667,73,R,6.08333333333333,1.80622222222222
696149,2025,CH,35.331914893617,-1.45255319148936,5.64212765957447,75,R,6.25,1.45255319148936
696149,2026,SL,43.518085106383,-1.36,5.59361702127659,75,R,6.25,1.36
696149,2026,CH,37.978102189781,-1.4063503649635,5.52357664233577,75,R,6.25,1.4063503649635
696270,2026,FS,13.531067961165,-3.07126213592233,5.53359223300971,78,R,6.5,3.07126213592233
696270,2026,ST,20.5685185185185,-2.82037037037037,5.71814814814815,78,R,6.5,2.82037037037037
699134,2026,CH,42.7409356725146,-0.644327485380117,5.88005847953216,73,R,6.08333333333333,0.644327485380117
699823,2026,SL,44.6803278688525,-1.28196721311475,5.80098360655738,74,R,6.16666666666667,1.28196721311475
700187,2024,ST,29.7539682539682,-1.44428571428571,5.57539682539683,72,R,6,1.44428571428571
700241,2026,ST,30.056,-2.14826666666667,5.60386666666667,76,R,6.33333333333333,2.14826666666667
700241,2025,ST,30.9647540983607,-2.42737704918033,5.68524590163935,76,R,6.33333333333333,2.42737704918033
700241,2026,CH,33.6558139534884,-2.13523255813953,5.72470930232558,76,R,6.33333333333333,2.13523255813953
700241,2025,CU,37.1734375,-2.22578125,5.829375,76,R,6.33333333333333,2.22578125
700241,2025,CH,34.3473684210526,-2.32671052631579,5.7978947368421,76,R,6.33333333333333,2.32671052631579
700241,2026,CU,36.5272727272727,-1.99584415584416,5.78233766233767,76,R,6.33333333333333,1.99584415584416
700249,2025,ST,40.566265060241,1.7721686746988,5.93253012048193,75,L,6.25,1.7721686746988
700249,2025,CH,39.2632,1.82392,5.88944,75,L,6.25,1.82392
700249,2025,CU,41.800518134715,1.84424870466321,5.96569948186529,75,L,6.25,1.84424870466321
700249,2024,CU,42.0485981308411,1.85728971962617,5.82355140186916,75,L,6.25,1.85728971962617
700249,2024,CH,37.4271604938271,1.92444444444444,5.69604938271605,75,L,6.25,1.92444444444444
700249,2024,SL,40.9452380952381,1.91309523809524,5.79190476190477,75,L,6.25,1.91309523809524
700249,2024,ST,40.7150943396227,1.85150943396226,5.77509433962264,75,L,6.25,1.85150943396226
700270,2024,SL,38.5568627450981,-1.05843137254902,5.53666666666667,72,R,6,1.05843137254902
700363,2025,FS,44.2984615384616,-2.06123076923077,5.64661538461539,75,R,6.25,2.06123076923077
700669,2025,CU,55.2285714285714,-1.53051948051948,6.21727272727273,76,R,6.33333333333333,1.53051948051948
700669,2026,SL,46.7446428571429,-1.61633928571429,5.88196428571429,76,R,6.33333333333333,1.61633928571429
700669,2025,SL,49.351,-1.6367,6.0186,76,R,6.33333333333333,1.6367
700712,2026,ST,45,-1.3855421686747,6.42132530120482,72,R,6,1.3855421686747
700712,2026,CH,44.0618473895582,-1.00979919678715,6.37518072289156,72,R,6,1.00979919678715
701487,2025,CH,46.7776,-1.05592,5.95976,73,R,6.08333333333333,1.05592
701519,2026,CH,38.2935897435897,-1.00910256410256,5.71205128205128,73,R,6.08333333333333,1.00910256410256
701519,2026,SL,44.3163265306123,-1.64408163265306,5.89367346938775,73,R,6.08333333333333,1.64408163265306
701519,2025,SL,40.3208333333333,-2.29,5.75166666666667,73,R,6.08333333333333,2.29
701519,2025,CH,36.3066666666667,-1.94644444444444,5.68133333333333,73,R,6.08333333333333,1.94644444444444
701542,2025,ST,27.2691244239631,-2.59921658986175,5.59433179723502,74,R,6.16666666666667,2.59921658986175
701542,2025,CU,34.2802816901409,-2.49901408450704,5.83338028169014,74,R,6.16666666666667,2.49901408450704
701542,2026,ST,29.4428571428571,-3.48730158730159,5.52603174603175,74,R,6.16666666666667,3.48730158730159
701542,2025,CH,27.7416666666667,-2.53958333333333,5.6125,74,R,6.16666666666667,2.53958333333333
701542,2026,CH,30.4858974358974,-3.39717948717949,5.49128205128205,74,R,6.16666666666667,3.39717948717949
701552,2025,SL,40.7991935483871,-1.08677419354839,6.23556451612903,76,R,6.33333333333333,1.08677419354839
701581,2025,CH,47.012213740458,-2.37198473282443,5.95152671755725,78,R,6.5,2.37198473282443
701581,2024,SL,54.6835227272727,-2.22443181818182,6.10409090909091,78,R,6.5,2.22443181818182
701581,2024,CH,52.4143790849673,-2.28176470588235,6.09333333333333,78,R,6.5,2.28176470588235
701581,2025,SL,47.4460176991151,-2.43743362831858,5.94938053097345,78,R,6.5,2.43743362831858
701643,2023,ST,13.7977272727273,-1.84295454545455,4.83863636363637,77,R,6.41666666666667,1.84295454545455
701656,2026,CH,30.6316239316239,-1.65316239316239,5.19094017094017,72,R,6,1.65316239316239
701656,2025,CH,31.6125,-1.45975,5.176125,72,R,6,1.45975
702056,2026,FS,65.9088082901554,-0.352901554404145,7.17461139896373,76,R,6.33333333333333,0.352901554404145
702056,2026,SL,65.4760869565217,-0.398695652173913,7.15086956521739,76,R,6.33333333333333,0.398695652173913
702070,2025,CH,51.0390862944162,1.53695431472081,6.38309644670051,75,L,6.25,1.53695431472081
702070,2025,CU,63.4022727272728,0.918181818181818,6.46948863636364,75,L,6.25,0.918181818181818
702070,2026,CH,48.1586592178771,1.5377094972067,6.2759217877095,75,L,6.25,1.5377094972067
702070,2026,SL,52.2414141414142,1.24040404040404,6.19515151515152,75,L,6.25,1.24040404040404
702070,2026,CU,57.0198347107438,1.07396694214876,6.31256198347107,75,L,6.25,1.07396694214876
702070,2025,SL,58.1474358974359,1.14160256410256,6.37705128205129,75,L,6.25,1.14160256410256
702273,2026,ST,20.7635135135135,2.11513513513513,5.69567567567567,82,L,6.83333333333333,2.11513513513513
702273,2026,CH,22.2224137931034,1.85948275862069,5.7501724137931,82,L,6.83333333333333,1.85948275862069
702275,2026,CU,26.1475247524753,-2.12425742574257,5.41643564356436,74,R,6.16666666666667,2.12425742574257
702275,2026,CH,26.5096385542169,-1.95168674698795,5.49361445783133,74,R,6.16666666666667,1.95168674698795
702352,2025,SV,42.3511111111111,-1.59622222222222,6.28177777777778,76,R,6.33333333333333,1.59622222222222
702352,2025,ST,35.5660714285714,-1.79625,6.10482142857143,76,R,6.33333333333333,1.79625
702352,2024,ST,31.4390804597701,-1.89735632183908,5.93218390804598,76,R,6.33333333333333,1.89735632183908
702352,2025,CH,35.1575471698113,-1.83056603773585,6.14481132075472,76,R,6.33333333333333,1.83056603773585
702352,2024,CH,32.9377777777778,-1.79622222222222,5.99622222222222,76,R,6.33333333333333,1.79622222222222
702474,2026,ST,31.7220338983051,-1.65338983050847,4.93084745762712,71,R,5.91666666666667,1.65338983050847
702474,2026,CH,35.8579710144927,-1.54130434782609,5.17159420289855,71,R,5.91666666666667,1.54130434782609
702674,2025,CH,39.0347826086956,-1.90586956521739,5.82913043478261,76,R,6.33333333333333,1.90586956521739
702674,2025,SL,33.5779220779221,-2.14155844155844,5.68051948051948,76,R,6.33333333333333,2.14155844155844
800048,2025,CH,41.5736842105263,1.15894736842105,5.57263157894737,72,L,6,1.15894736842105
800048,2026,CH,38.3396694214876,1.20487603305785,5.39301652892562,72,L,6,1.20487603305785
800048,2026,SL,45.9958333333333,0.98375,5.525625,72,L,6,0.98375
800048,2026,CU,45.721052631579,1.02333333333333,5.53052631578948,72,L,6,1.02333333333333
800049,2024,SL,49.1931818181818,-0.686931818181818,6.04147727272727,74,R,6.16666666666667,0.686931818181818
800049,2025,SL,56.820253164557,-1.98177215189873,6.08810126582278,74,R,6.16666666666667,1.98177215189873
800311,2026,SL,23.0222222222222,-2.63277777777778,4.93211111111111,72,R,6,2.63277777777778
801139,2026,CU,32.6351851851852,2.60185185185185,5.59055555555556,78,L,6.5,2.60185185185185
801403,2026,SL,25.0808510638298,-1.82404255319149,5.15531914893617,74,R,6.16666666666667,1.82404255319149
801403,2025,CU,31.5656804733728,-2.19372781065089,5.50005917159764,74,R,6.16666666666667,2.19372781065089
801403,2025,CH,23.6131147540984,-2.3027868852459,5.29770491803278,74,R,6.16666666666667,2.3027868852459
801403,2025,SL,26.9459770114943,-2.24471264367816,5.37413793103448,74,R,6.16666666666667,2.24471264367816
804636,2025,CH,63.1155555555556,-2.39088888888889,5.82066666666667,73,R,6.08333333333333,2.39088888888889
805123,2025,ST,41.6037735849057,-2.39,5.85150943396227,74,R,6.16666666666667,2.39
805123,2026,ST,41.9196581196581,-2.39094017094017,5.95358974358974,74,R,6.16666666666667,2.39094017094017
805123,2026,CH,39.9087719298246,-2.4430701754386,6.05350877192982,74,R,6.16666666666667,2.4430701754386
805123,2025,CH,41.848,-2.4436,5.964,74,R,6.16666666666667,2.4436
805299,2026,ST,15.334,1.8374,5.4784,76,L,6.33333333333333,1.8374
805326,2026,SL,45.5590909090909,2.24681818181818,5.7730303030303,72,L,6,2.24681818181818
805673,2026,CU,40.6616666666667,-2.21166666666667,5.88816666666667,77,R,6.41666666666667,2.21166666666667
805673,2024,SL,43.429,-2.0341,6.0242,77,R,6.41666666666667,2.0341
805673,2025,SL,41.1131578947369,-2.16178947368421,5.92384210526316,77,R,6.41666666666667,2.16178947368421
805673,2026,SL,36.6683098591549,-2.31147887323944,5.85401408450704,77,R,6.41666666666667,2.31147887323944
805673,2025,CH,35.0818181818182,-2.35,5.79036363636364,77,R,6.41666666666667,2.35
805673,2026,CH,31.5444444444445,-2.31968253968254,5.64015873015873,77,R,6.41666666666667,2.31968253968254
806185,2024,SL,38.6300884955752,-1.28672566371681,6.26637168141593,77,R,6.41666666666667,1.28672566371681
806185,2025,CU,51.458,-1.8726,6.5138,77,R,6.41666666666667,1.8726
806185,2024,CU,45.7465346534654,-1.09831683168317,6.46693069306931,77,R,6.41666666666667,1.09831683168317
806185,2025,SL,45.9859154929577,-2.01985915492958,6.43161971830986,77,R,6.41666666666667,2.01985915492958
806185,2024,CH,37.8304761904762,-1.346,6.16095238095238,77,R,6.41666666666667,1.346
806185,2025,CH,44.7048780487805,-2.04048780487805,6.32317073170731,77,R,6.41666666666667,2.04048780487805
806188,2025,ST,29.6333333333333,1.626,5.66366666666667,74,L,6.16666666666667,1.626
806188,2025,CU,38.7952380952381,1.27152380952381,5.91304761904762,74,L,6.16666666666667,1.27152380952381
806188,2026,CU,38.9644444444444,1.31,5.81666666666667,74,L,6.16666666666667,1.31
806188,2026,ST,25.0205882352941,1.72808823529412,5.39941176470588,74,L,6.16666666666667,1.72808823529412
806188,2025,SL,32.5952380952381,1.46785714285714,5.76619047619048,74,L,6.16666666666667,1.46785714285714
806188,2026,SL,30.5,1.50142857142857,5.55690476190476,74,L,6.16666666666667,1.50142857142857
806188,2025,CH,34.1582089552239,1.41194029850746,5.82074626865672,74,L,6.16666666666667,1.41194029850746
806960,2025,ST,39.073417721519,-2.07860759493671,5.67354430379747,75,R,6.25,2.07860759493671
806960,2025,CH,42.1020833333333,-1.878125,5.7075,75,R,6.25,1.878125
808963,2026,SL,49.4546666666667,-1.78486666666667,6.25866666666667,74,R,6.16666666666667,1.78486666666667
808963,2025,FO,46.0728395061728,-2.24135802469136,6.17246913580247,74,R,6.16666666666667,2.24135802469136
808963,2026,FO,52.0454545454546,-1.70045454545455,6.27515151515152,74,R,6.16666666666667,1.70045454545455
808963,2026,FS,50.5405286343612,-1.65726872246696,6.2579295154185,74,R,6.16666666666667,1.65726872246696
808967,2026,SL,41.2042253521127,-1.8769014084507,5.37605633802817,70,R,5.83333333333333,1.8769014084507
808967,2025,CU,50.4485576923077,-1.59875,5.58125,70,R,5.83333333333333,1.59875
808967,2025,SL,43.4795454545455,-1.77113636363636,5.39590909090909,70,R,5.83333333333333,1.77113636363636
808967,2026,CU,49.129,-1.6556,5.5453,70,R,5.83333333333333,1.6556
808967,2025,FS,41.3741758241758,-1.88936813186813,5.41972527472527,70,R,5.83333333333333,1.88936813186813
808967,2024,CU,51.6546875,-1.00546875,5.608515625,70,R,5.83333333333333,1.00546875
808967,2026,FS,39.4505617977528,-1.97880149812734,5.38486891385768,70,R,5.83333333333333,1.97880149812734
808967,2024,FS,45.244,-1.2036,5.49234285714286,70,R,5.83333333333333,1.2036
813349,2026,ST,25.6438596491228,2.80385964912281,5.29578947368421,75,L,6.25,2.80385964912281
813349,2026,CU,34.6558823529412,2.66132352941176,5.54382352941176,75,L,6.25,2.66132352941176
813349,2026,SL,27.2821428571429,2.78053571428572,5.33625,75,L,6.25,2.78053571428572
813349,2026,CH,28.6181208053691,2.78409395973154,5.44409395973154,75,L,6.25,2.78409395973154
815083,2026,CH,47.29125,0.838,6.147375,74,L,6.16666666666667,0.838
815083,2025,CH,42.5169811320755,1.04433962264151,6.00358490566038,74,L,6.16666666666667,1.04433962264151
815083,2025,SL,42.5260869565217,1.15217391304348,5.98173913043478,74,L,6.16666666666667,1.15217391304348
820862,2025,SL,46.2833333333334,-1.84151515151515,6.29537878787879,75,R,6.25,1.84151515151515
820862,2026,SL,44.6758620689655,-1.8332183908046,6.33143678160919,75,R,6.25,1.8332183908046
829272,2025,SL,44.5875,1.72803571428571,5.63696428571429,71,L,5.91666666666667,1.72803571428571
829272,2025,KC,55.5767441860465,1.26348837209302,5.87348837209302,71,L,5.91666666666667,1.26348837209302
829272,2025,CH,46.9454545454545,1.58337662337662,5.69519480519481,71,L,5.91666666666667,1.58337662337662
837227,2026,SL,26.9468401486989,-1.91148698884758,5.36907063197026,71,R,5.91666666666667,1.91148698884758
