pitcher,pitch_type,season,player_name,grp,n,mean_miss,whiff,arm_diff,rel_dist,mean_arm,mean_relx,mean_relz,fb_arm,fb_relx,fb_relz,arm_sys,rel_sys,whiff_miss,wn
695243,SL,2026,"Miller, Mason",breaking,160,6.0767957352,0.55625,2.13128105590063,0.198655942322475,39.7975,-1.56075,6.161125,41.6621118012422,-1.50426829268293,6.27756097560976,1.86461180124222,0.129412208379453,10.9245766026067,89
676879,SL,2026,"Ashby, Aaron",breaking,63,5.70455137485714,0.555555555555556,4.11081186572992,0.280485873550788,50.1888888888889,0.50031746031746,6.42396825396825,53.8368852459017,0.293811475409836,6.58229508196721,3.64799635701276,0.260215499666868,10.2681924747429,35
687396,SL,2025,"Headrick, Brent",breaking,55,5.32098981469091,0.581818181818182,2.29804195804195,0.166396347571046,42.2909090909091,1.41745454545455,6.37181818181818,43.8692307692308,1.33638461538462,6.47315384615385,1.57832167832168,0.129773843388776,9.145451244,32
518585,FS,2025,"Cruz, Fernando",offspeed,234,5.20936457642735,0.555555555555556,2.78343630933991,0.182986560993261,49.6594017094017,-2.18324786324786,6.05794871794871,47.6421686746988,-2.29879518072289,5.99289156626506,2.01723303470288,0.13260322605753,9.37685623756923,130
605483,CU,2023,"Snell, Blake",breaking,122,5.12441318114754,0.475409836065574,3.15196122464255,0.117295057764229,59.5762295081967,2.06122950819672,6.59934426229508,56.4826484018265,2.09405286343612,6.5642731277533,3.09358110637023,0.0480349573458701,10.7789380706897,58
695243,SL,2025,"Miller, Mason",breaking,203,5.06718670279803,0.541871921182266,2.84895779001255,0.242955883065121,33.7502463054187,-1.8571921182266,6.06354679802955,36.2203921568627,-1.75752941176471,6.22729411764706,2.47014585144402,0.191692044021727,9.35126273334545,110
518585,FS,2023,"Cruz, Fernando",offspeed,123,4.99266853092683,0.552845528455285,3.05978689332349,0.200616882557726,45.6430894308943,-1.21292682926829,6.01991869918699,42.7856060606061,-1.34227272727273,5.93143939393939,2.85748337028827,0.156712950287049,9.03085631329412,68
642397,ST,2025,"Soto, Gregory",breaking,40,4.9884581616,0.5,2.49511538461538,0.330585413954779,35.7325,2.251,5.5585,34.7238461538462,1.98438461538462,5.64665384615385,1.00865384615384,0.280811082233814,9.9769163232,20
623352,SL,2025,"Hader, Josh",breaking,178,4.60089039053933,0.544943820224719,4.03892953575472,0.340342121769393,26.6033707865169,3.25522471910112,5.45797752808989,30.6019379844961,3.02007751937985,5.67042635658915,3.99856719797926,0.316904891517102,8.44287102593815,97
656730,KC,2024,"Megill, Trevor",breaking,73,4.58451958810959,0.506849315068493,1.52466823630137,0.156447895240481,54.8219178082192,-0.299178082191781,6.60246575342466,54.56640625,-0.21515625,6.5968359375,0.255511558219183,0.0842102316361221,9.04513324140541,37
623352,SL,2024,"Hader, Josh",breaking,158,4.57299983483544,0.569620253164557,3.63167528377014,0.311654962730074,31.3962025316456,3.20841772151899,5.5746835443038,34.9671361502347,3.00148148148148,5.756875,3.57093361858918,0.275710598217701,8.0281552656,90
673540,FO,2023,"Senga, Kodai",offspeed,144,4.50530468108333,0.569444444444445,1.96616901301847,0.141398082124683,47.8298611111111,-2.10486111111111,5.92638888888889,46.9792915531335,-2.09651226158038,5.87828337874659,0.850569557977622,0.0488246187341738,7.91175456190244,82
518585,FS,2024,"Cruz, Fernando",offspeed,225,4.47536074037333,0.564444444444444,4.61361823361823,0.302105780708689,48.0493333333333,-0.949377777777778,6.10382222222222,43.5509157509158,-1.1978021978022,5.97340659340659,4.49841758241759,0.280576065807198,7.92878871325984,127
607192,CU,2023,"Glasnow, Tyler",breaking,100,4.44982246632,0.49,2.87648648648648,0.195313967493458,58.986,-1.7416,6.2118,56.4391891891892,-1.78239130434783,6.07408695652174,2.54681081081081,0.143627340205275,9.08127033942857,49
472610,SL,2024,"García, Luis",breaking,58,4.41202983482759,0.551724137931035,2.76896551724138,0.195750658789047,47.5965517241379,-2.32258620689655,6.21275862068965,47.7752851711027,-2.23007604562738,6.30988593155892,0.178733446964735,0.1341336812838,7.996804075625,32
663855,ST,2026,"Hicks, Jordan",breaking,66,4.391471346,0.454545454545455,3.97584670231729,0.271215191737431,33.1106060606061,-2.01151515151515,5.76787878787879,35.5823529411765,-1.86477707006369,5.92745222929936,2.47174688057041,0.216785026592844,9.6612369612,30
669093,FS,2024,"Estrada, Jeremiah",offspeed,93,4.28634024877419,0.494623655913979,8.04291493665497,0.489306373477275,59.3913978494624,-0.789247311827957,5.63623655913978,67.4108910891089,-0.490323624595469,5.91825242718446,8.01949323964656,0.410960242137436,8.66586180730435,46
683000,SL,2026,"Cornelio, Riley",breaking,86,4.25119857627907,0.488372093023256,2.27184898076371,0.235462134717713,42.8616279069767,-2.71372093023256,5.93616279069768,43.183950617284,-2.52333333333333,5.9425,0.322322710307219,0.190493037339436,8.70483518,42
518585,FS,2026,"Cruz, Fernando",offspeed,203,4.23635947665025,0.522167487684729,6.02542170473203,0.352933432192231,50.6655172413793,-1.83600985221675,6.07344827586207,44.6464646464647,-2.1122,5.9344,6.01905259491466,0.30921743280861,8.11302805433962,106
600917,SL,2023,"Leclerc, José",breaking,70,4.11250802108571,0.485714285714286,4.92255639097744,0.3871397882923,38.9428571428571,-1.74971428571429,5.78285714285714,41.9368421052631,-1.45115107913669,5.97525179856115,2.993984962406,0.355184025352153,8.46692827870588,34
669062,SL,2025,"Miller, Erik",breaking,47,4.03596791302128,0.617021276595745,3.22849213691028,0.381905585265527,33.768085106383,1.81148936170213,6.28617021276596,36.8182608695652,1.57973913043478,6.43739130434783,3.05017576318225,0.276723667639181,6.54105144524138,29
667755,KC,2023,"Soriano, José",breaking,67,4.01802934692537,0.447761194029851,5.52106477919679,0.274637919467969,37.7611940298508,-1.15477611940299,6.06014925373134,32.2659793814433,-1.37278350515464,5.93278350515464,5.49521464840745,0.252486146457136,8.9735988748,30
663855,ST,2025,"Hicks, Jordan",breaking,123,4.01346308058537,0.439024390243902,6.49523809523807,0.376554172683751,30.1593495934959,-1.93121951219512,5.46211382113821,36.6095238095238,-1.69892063492063,5.72485714285714,6.45017421602785,0.350709026816936,9.14177701688889,54
671305,SL,2024,"Otañez, Michel",breaking,113,3.95388644148672,0.52212389380531,4.69527843729765,0.389237126450012,35.0504424778761,-2.19654867256637,5.71557522123894,30.3993902439024,-2.41737804878049,5.57719512195122,4.65105223397367,0.26060442298241,7.57269776081356,59
592094,SL,2024,"Adam, Jason",breaking,90,3.94998730071111,0.533333333333333,3.27205205205204,0.216541768165974,35.4066666666667,-1.15066666666667,6.15288888888889,37.1963963963964,-1.0781981981982,6.18765765765765,1.78972972972971,0.0803775230015281,7.40622618883333,48
682842,SL,2023,"Uribe, Abner",breaking,50,3.94987737584,0.56,3.43195488721804,0.225753176417513,43.514,-0.7702,6.004,40.503007518797,-0.686917293233083,6.003007518797,3.010992481203,0.083288620263291,7.05335245685714,28
683175,ST,2025,"Phillips, Connor",breaking,77,3.93757832794805,0.532467532467532,6.70744949494949,0.351821643254402,36.3519480519481,-1.74545454545455,5.74636363636364,42.8652777777778,-1.46819444444444,5.87736111111111,6.51332972582972,0.306648825209468,7.39496417687805,41
607192,CU,2025,"Glasnow, Tyler",breaking,129,3.8270157264186,0.441860465116279,4.15402275125,0.262504935020959,59.8178294573643,-1.49015503875969,6.11201550387597,55.8813609467455,-1.61319526627219,5.93310650887574,3.93646851061882,0.217134350295665,8.66114085452632,57
669093,FS,2025,"Estrada, Jeremiah",offspeed,134,3.8142891760597,0.462686567164179,6.56164179104474,0.337360950113128,62.9544776119403,-0.621044776119403,5.6805223880597,69.32,-0.417666666666667,5.92782051282051,6.36552238805971,0.320185911487036,8.24378628374194,62
675911,SL,2023,"Strider, Spencer",breaking,233,3.77361543048927,0.51931330472103,1.82666493029999,0.164811426023364,46.6450643776824,-2.06763948497854,5.77141630901287,47.7118733509235,-1.97139841688654,5.8381530343008,1.06680897324113,0.117115898534933,7.26654872152066,121
656730,KC,2025,"Megill, Trevor",breaking,139,3.77122964886331,0.489208633093525,1.43387508175278,0.162083533925133,53.9496402877698,-0.157122302158273,6.51892086330935,53.4995454545454,-0.0617272727272727,6.50468181818182,0.450094833224341,0.0964518638818626,7.70883707635294,68
664776,ST,2024,"Cousins, Jake",breaking,181,3.769026568,0.447513812154696,1.53522911927202,0.168618065572939,24.4801104972376,-3.19381215469613,5.66491712707182,24.5152941176471,-3.07105882352941,5.72894117647059,0.0351836204094838,0.13844659336344,8.42214578775309,81
688158,CU,2026,"Morgan, David",breaking,42,3.74557465828571,0.428571428571429,8.48673469387755,0.281114809103213,41.9904761904762,-1.78071428571429,5.44761904761905,33.5089285714286,-2.00344827586207,5.31931034482759,8.48154761904763,0.257047765170562,8.73967420266667,18
663432,SL,2025,"Rainey, Tanner",breaking,43,3.74456227516279,0.558139534883721,1.33935599284437,0.159189906052645,43.1395348837209,-2.60627906976744,6.09348837209302,42.8230769230769,-2.49461538461538,6.13884615384615,0.316457960643994,0.120524300235688,6.70900740966667,24
656730,KC,2023,"Megill, Trevor",breaking,42,3.71455536819048,0.547619047619048,1.60136054421769,0.161937592647321,54.8571428571429,-0.772619047619048,6.55333333333333,54.0285714285714,-0.681512605042017,6.56310924369748,0.828571428571429,0.0916294292380437,6.78310110713043,23
642547,SL,2025,"Peralta, Freddy",breaking,129,3.70132914176744,0.511627906976744,7.04109248721752,0.358410260283906,34.6364341085271,-3.58286821705427,5.17240310077519,41.6775265957447,-3.36297872340425,5.4156914893617,7.04109248721753,0.327933879674968,7.23441604981818,66
607259,CH,2023,"Martinez, Nick",offspeed,110,3.68819702116364,0.5,4.57064935064934,0.207267269504626,61.6009090909091,-1.737,6.203,57.1092857142857,-1.88913333333333,6.1004,4.49162337662338,0.183497441701815,7.37639404232727,55
605483,CU,2024,"Snell, Blake",breaking,212,3.6647424994717,0.481132075471698,2.96206219222045,0.130791784704869,59.5462264150944,1.89509433962264,6.66603773584906,56.6970674486803,1.93263929618768,6.67240469208211,2.84915896641401,0.0380809912573783,7.61691578321568,102
691587,SL,2023,"Pérez, Eury",breaking,93,3.64369197883871,0.537634408602151,6.82956989247313,0.518857657316593,27.6870967741935,-2.05602150537634,5.75666666666667,34.488202247191,-1.67516853932584,6.0876404494382,6.80110547299748,0.50457172595337,6.77726708064,50
662253,SL,2025,"Muñoz, Andrés",breaking,252,3.60115712709524,0.5,6.9291156462585,0.335400427450594,33.5218253968254,-2.36337301587302,5.36496031746031,26.6128571428572,-2.54557142857143,5.29195238095238,6.90896825396823,0.196281482526925,7.20231425419048,126
678061,CU,2023,"Kerr, Ray",breaking,57,3.58859315705263,0.56140350877193,2.4085553389647,0.235733817059934,32.1964912280702,2.41228070175439,5.58578947368421,31.2160493827161,2.52123456790124,5.66308641975309,0.980441845354125,0.133588033969815,6.392181561,32
675911,CU,2025,"Strider, Spencer",breaking,67,3.58458009725373,0.537313432835821,1.64537313432836,0.219457466574268,43.6477611940299,-1.74746268656716,5.82955223880597,43.0430769230769,-1.64076923076923,5.79603846153846,0.604684270952937,0.111833209633106,6.67130184766667,36
691587,ST,2025,"Pérez, Eury",breaking,56,3.55491726814286,0.428571428571429,4.08528138528137,0.346571676709502,28.0892857142857,-1.93821428571429,5.75607142857143,31.8212121212121,-1.70060606060606,5.99680808080808,3.73192640692639,0.338248140230206,8.294806959,24
678692,ST,2025,"Henriquez, Ronny",breaking,181,3.55099840643094,0.464088397790055,3.3506281451244,0.330833386301745,43.4795580110497,-2.41093922651934,5.22922651933702,45.3770700636943,-2.14337579617834,5.33490445859873,1.89751205264458,0.287676930083801,7.65155609004762,84
594580,ST,2025,"Moll, Sam",breaking,66,3.5371861589697,0.439393939393939,4.86099290780142,0.350429728593187,10.7454545454545,2.30454545454545,4.77363636363636,15.5404255319149,2.07255319148936,4.97851063829787,4.79497098646035,0.309505861876584,8.05014781006897,29
690925,SL,2025,"Beeter, Clayton",breaking,106,3.53133127067924,0.481132075471698,2.09015908250092,0.17006554067702,52.6792452830189,-1.17245283018868,6.15990566037736,50.7480392156863,-1.2206862745098,6.03686274509804,1.93120606733258,0.132159086526478,7.33962969984314,51
605483,CU,2025,"Snell, Blake",breaking,92,3.52119355643478,0.456521739130435,3.80203871944625,0.123844247489244,59.1684782608696,1.88576086956522,6.56076086956522,55.4452736318408,1.92054726368159,6.56094527363184,3.7232046290288,0.0347868828796082,7.71309064742857,42
667755,KC,2026,"Soriano, José",breaking,229,3.48329454599127,0.441048034934498,6.91495704231356,0.322298932321488,39.2799126637555,-2.1492576419214,5.87393013100437,32.390021691974,-2.39334056399132,5.72514099783081,6.8898909717815,0.285857795060291,7.89776684190099,101
670950,CH,2026,"Richards, Trevor",offspeed,94,3.48313242489362,0.478723404255319,6.56673884390889,0.304603688844052,48.9393617021277,-2.50404255319149,6.28734042553192,55.458407079646,-2.22221238938053,6.34482300884957,6.51904537751837,0.28763255834238,7.27587662088889,45
687396,SL,2026,"Headrick, Brent",breaking,138,3.47104961886957,0.478260869565217,1.80718410326087,0.158842195354546,39.7152173913043,1.76340579710145,6.28210144927537,40.691796875,1.69080769230769,6.33176923076923,0.976579483695666,0.0879623404541258,7.25764920309091,66
656731,SL,2025,"Megill, Tylor",breaking,125,3.469117781792,0.464,2.03097857142858,0.141420135238061,36.0704,-2.73024,5.90752,34.9711309523809,-2.74617210682493,5.87890207715133,1.09926904761907,0.0327538934487639,7.47654694351724,58
670950,CH,2023,"Richards, Trevor",offspeed,144,3.45948773525,0.479166666666667,4.9330076204523,0.217581156940657,47.86875,-2.51916666666667,6.20631944444444,52.6035398230088,-2.3429203539823,6.26592920353982,4.73478982300886,0.186053987095801,7.21980049095653,69
656730,KC,2026,"Megill, Trevor",breaking,115,3.43313857189565,0.486956521739131,1.62084166472913,0.176953756616007,54.2426086956522,-0.0967826086956522,6.5764347826087,54.5085561497326,0.0393048128342246,6.59491978609626,0.265947454080454,0.137337109524649,7.05019528157143,56
815083,CH,2026,"Farris, Mitch",offspeed,80,3.42666218735,0.45,3.12661486486485,0.12496259391042,47.29125,0.838,6.147375,50.2913513513513,0.801818181818182,6.15636363636364,3.00010135135133,0.0372816248387852,7.61480486077778,36
670280,CU,2025,"Bednar, David",breaking,120,3.4062315244,0.425,3.33439393939394,0.172505672096573,37.335,-1.73583333333333,5.84966666666667,40.2705627705628,-1.62952789699571,5.91115879828326,2.93556277056276,0.122809315793571,8.01466241035294,51
676282,CH,2025,"Cantillo, Joey",offspeed,240,3.40387274515,0.4875,1.51048007246377,0.179092689861879,52.8629166666667,0.508833333333333,5.896125,52.8184782608696,0.513514492753623,5.80840579710144,0.0444384057971305,0.0878440197775387,6.98230306697436,117
664875,ST,2025,"Lawrence, Justin",breaking,54,3.38317821948148,0.388888888888889,3.79424951267056,0.211903113111577,1.03518518518519,-2.81666666666667,4.33703703703704,-2.05263157894737,-2.7021052631579,4.38368421052632,3.08781676413255,0.123694276215347,8.69960113580952,21
606149,SL,2023,"Gallegos, Giovanny",breaking,82,3.36214458297561,0.439024390243902,1.56560975609756,0.156159261418995,57.5280487804878,-1.86743902439024,6.71658536585366,57.11,-1.75816091954023,6.73379310344827,0.418048780487808,0.110624637548494,7.65821821677778,36
689296,ST,2026,"Nunez, Anthony",breaking,96,3.36024202741667,0.46875,5.76995481927713,0.356439823259425,33.34375,-1.2528125,5.53916666666667,39.0331325301205,-1.06144578313253,5.71234939759036,5.68938253012051,0.258095870975926,7.16851632515556,45
676879,CU,2026,"Ashby, Aaron",breaking,57,3.35587563326316,0.508771929824562,1.87858786310038,0.198172933183875,53.5578947368421,0.386140350877193,6.47964912280702,53.8368852459017,0.293811475409836,6.58229508196721,0.278990509059554,0.13806090749007,6.59603141710345,29
623352,SL,2026,"Hader, Josh",breaking,68,3.35349298576471,0.529411764705882,5.96675191815855,0.373587045513278,27.7323529411765,3.17455882352941,5.52485294117647,33.6869565217391,2.91826086956522,5.76304347826087,5.95460358056265,0.349890515965762,6.33437563977778,36
660853,SL,2023,"De Los Santos, Enyel",breaking,80,3.3483573891,0.5125,2.5503409090909,0.171009860920043,25.82625,-2.123625,5.4175,23.8015151515152,-2.04598484848485,5.43356060606061,2.02473484848484,0.079283896185353,6.53338027141463,41
571510,SL,2024,"Boyd, Matthew",breaking,48,3.34575335625,0.4375,7.20284552845528,0.450582675213269,18.6666666666667,2.45645833333333,5.15916666666667,25.8695121951219,2.16701219512195,5.47573170731707,7.20284552845527,0.428943460012478,7.64743624285714,21
670280,CU,2026,"Bednar, David",breaking,61,3.34400169409836,0.39344262295082,3.64294496487121,0.201319918682662,37.055737704918,-1.88229508196721,5.84426229508197,39.8005952380953,-1.73369047619048,5.93416666666667,2.74485753317722,0.173683979940867,8.49933763916667,24
686993,ST,2026,"Sterner, Justin",breaking,92,3.33470561569565,0.402173913043478,1.64482169027845,0.130208084028434,38.6239130434783,-2.8470652173913,5.39619565217391,37.9625468164794,-2.80205992509363,5.43546816479401,0.661366226998844,0.0597311190443855,8.29170044983784,37
695243,SL,2024,"Miller, Mason",breaking,148,3.33271510397297,0.425675675675676,2.91814277834687,0.245102216511856,32.0689189189189,-2.07844594594595,5.94513513513513,34.7973760932945,-2.01822157434402,6.1035860058309,2.72845717437558,0.169510039110057,7.8292354823492,63
642397,ST,2026,"Soto, Gregory",breaking,65,3.32086075495385,0.461538461538462,4.63851887243191,0.249737923938592,36.3138461538462,2.17615384615385,5.61415384615385,32.0055900621118,2.2555487804878,5.54475609756098,4.30825609173434,0.105449528721814,7.1951983024,30
605130,CU,2025,"Barlow, Scott",breaking,70,3.31907169548571,0.385714285714286,4.27904761904761,0.25139147525683,28.2771428571429,-2.35857142857143,5.40814285714286,24.2333333333333,-2.31401041666667,5.26203125,4.04380952380951,0.152755639908466,8.605000692,27
670990,CU,2025,"Ramírez, Yohan",breaking,43,3.31088142697675,0.395348837209302,13.4532156187195,0.885158690309251,39.0279069767442,-1.74976744186047,5.59837209302326,25.5746913580247,-2.09654320987655,5.14561728395062,13.4532156187195,0.570298474854653,8.37458243294118,17
607192,CU,2024,"Glasnow, Tyler",breaking,143,3.30705072302098,0.426573426573427,3.02794149717228,0.184454050779036,61.009090909091,-1.46846153846154,6.16377622377622,58.4133056133056,-1.52446464646465,6.04749494949495,2.59578529578536,0.129064646028589,7.75259431790164,61
676617,ST,2026,"O'Brien, Riley",breaking,81,3.29679270074074,0.481481481481482,6.0476683937824,0.334741292338547,27.1,-1.80864197530864,5.41395061728395,33.1476683937824,-1.65107142857143,5.68678571428571,6.0476683937824,0.315067401289034,6.84718484,39
681343,CU,2025,"Smith, Shane",breaking,128,3.2777907736875,0.4609375,5.79176926691732,0.300669040098865,38.8890625,-2.011171875,5.90453125,33.0972932330827,-2.09848214285714,5.76967261904762,5.79176926691733,0.160654701816152,7.11113930562712,59
668968,SL,2024,"Crouse, Hans",breaking,81,3.27005292266667,0.45679012345679,1.65839364268484,0.250491164370727,26.7283950617284,-1.10061728395062,5.80123456790124,25.7505747126437,-0.885632183908046,5.84586206896552,0.977820349084727,0.219568228784487,7.15876450637838,37
572020,KC,2023,"Paxton, James",breaking,67,3.25811067456716,0.417910447761194,3.28383766101,0.187135806557784,47.2850746268657,1.86776119402985,6.12238805970149,44.5979452054795,1.93081911262799,6.11597269624574,2.6871294213862,0.0633834204362502,7.79619339985714,28
664875,ST,2026,"Lawrence, Justin",breaking,96,3.25483380266667,0.4375,6.12163690476191,0.256930283222481,6.134375,-2.95635416666667,4.3878125,0.490285714285714,-2.79988571428572,4.32097142857143,5.64408928571429,0.170147305063022,7.43962012038095,42
683232,SL,2024,"Mears, Nick",breaking,104,3.25272422311538,0.5,2.41681877444587,0.226882406524919,59.775,-1.59730769230769,6.12913461538462,61.2389830508474,-1.46628762541806,6.20354515050168,1.46398305084742,0.150675763360174,6.50544844623077,52
682120,CU,2025,"Herrin, Tim",breaking,130,3.25096185353846,0.430769230769231,7.1665449804433,0.482067380753721,35.4284615384615,2.13161538461539,5.94115384615385,28.2686440677966,1.77966101694915,5.6564406779661,7.15981747066493,0.452695775393189,7.54687573142857,56
622259,SL,2023,"Wingenter, Trey",breaking,44,3.239179005,0.477272727272727,2.5955303030303,0.259241733706428,32.0386363636364,-3.16772727272727,5.49840909090909,34.4816666666667,-3.03483333333333,5.589,2.4430303030303,0.160833802223157,6.78685124857143,21
669093,FS,2026,"Estrada, Jeremiah",offspeed,43,3.22211425423256,0.488372093023256,4.67616279069764,0.270804348596682,66.1953488372093,-0.468604651162791,5.67093023255814,70.625,-0.3426,5.8627,4.42965116279065,0.229462013891977,6.59766252057143,21
622554,ST,2025,"Domínguez, Seranthony",breaking,100,3.21772403184,0.47,2.62697014925374,0.185159819857452,32.296,-2.017,5.6009,29.869776119403,-2.04973880597015,5.5430223880597,2.42622388059703,0.0664954688701655,6.84622134434043,47
595014,ST,2024,"Treinen, Blake",breaking,120,3.20726594653334,0.475,1.93750000000001,0.150941374820801,32.22,-2.93241666666667,6.21991666666667,31.2840909090909,-2.84781818181818,6.19740909090909,0.935909090909107,0.0875413879553144,6.75213883480702,57
663893,KC,2025,"Little, Brendon",breaking,242,3.20202918502479,0.549586776859504,12.5346933814848,0.405010496534454,40.3107438016529,1.75566115702479,6.19954545454546,27.7760504201681,2.0281512605042,5.91546218487395,12.5346933814848,0.39364217330143,5.82624859230075,133
608678,SL,2023,"Leone, Dominic",breaking,85,3.19980163769412,0.529411764705882,5.09861591695502,0.179184713541521,42.5741176470588,-2.31811764705882,5.80764705882353,37.5039215686275,-2.43679738562092,5.73856209150327,5.07019607843137,0.137323024489006,6.04406976008889,45
682274,FS,2025,"Hiraldo, Yaramil",offspeed,68,3.19565501617647,0.588235294117647,2.22647058823529,0.216313451749001,62.0441176470589,-0.463823529411765,6.35308823529412,61.4,-0.499193548387097,6.40241935483871,0.644117647058828,0.0607008863019168,5.4326135275,40
681911,CH,2026,"Vesia, Alex",offspeed,46,3.18889219017391,0.543478260869565,5.74327122153207,0.381063583896583,63.8978260869565,0.492173913043478,5.97108695652174,69.5702380952381,0.117202380952381,6.00089285714286,5.67241200828154,0.376154278974174,5.86756162992,25
607455,SL,2024,"Banda, Anthony",breaking,111,3.18279594111712,0.504504504504505,2.77373796210003,0.189615252013638,33.5153153153153,2.83900900900901,5.35603603603604,34.4193965517241,2.71650862068966,5.45099137931034,0.904081236408807,0.154993104216717,6.30875624042857,56
668964,CH,2024,"Myers, Tobias",offspeed,96,3.178579861625,0.427083333333333,2.10859336305097,0.14826032602009,58.4270833333334,-1.01583333333333,5.8609375,60.2387815750371,-0.967578008915306,5.88824665676077,1.81169824170372,0.0554469690575911,7.4425284564878,41
472610,ST,2025,"García, Luis",breaking,121,3.1784000021157,0.363636363636364,3.80293616844554,0.445204308617973,40.8752066115702,-2.28553719008264,6.11049586776859,44.3346733668342,-1.99201005025126,6.27743718592965,3.45946675526393,0.337679708491561,8.74060000581818,44
681870,CU,2026,"Sabrowski, Erik",breaking,51,3.1753700962353,0.372549019607843,5.98470344659604,0.325753690986315,50.1921568627451,1.21450980392157,6.1243137254902,44.2074534161491,1.35496894409938,5.952049689441,5.98470344659604,0.222269359506544,8.52336183726316,19
801139,CU,2026,"Tolle, Payton",breaking,54,3.16213092866667,0.444444444444444,5.43692179878865,0.234035474785834,32.6351851851852,2.60185185185185,5.59055555555556,27.1982633863965,2.74910791366906,5.44926618705035,5.43692179878865,0.204076048066678,7.1147945895,24
472610,ST,2023,"García, Luis",breaking,60,3.161058366,0.366666666666667,3.4199184149184,0.408861359599491,44.265,-2.48016666666667,6.08116666666667,47.2853146853147,-2.2627397260274,6.22520547945205,3.02031468531467,0.260809612753012,8.62106827090909,22
642629,FS,2024,"Ramirez, Emmanuel",offspeed,68,3.15720787941176,0.470588235294118,2.79768460575722,0.203599684806045,62.064705882353,0.166470588235294,5.77661764705882,59.9989361702127,0.0761702127659575,5.76734042553191,2.06576971214023,0.0907756831379556,6.70906674375,32
680704,SL,2025,"Sandlin, Nick",breaking,59,3.14226846732203,0.491525423728814,7.27181598062954,0.439809006795305,7.73389830508475,-2.63677966101695,4.0728813559322,15.0057142857143,-2.57457142857143,4.48771428571428,7.27181598062954,0.419471362330708,6.39289101972414,29
669199,FS,2026,"Bachar, Lake",offspeed,43,3.13959994716279,0.372093023255814,5.00179640718563,0.400469323150237,35.4186046511628,-1.83441860465116,5.62186046511628,40.2173652694611,-1.58431137724551,5.91065868263473,4.79876061829828,0.382044546672738,8.437674858,16
642100,SL,2023,"Speier, Gabe",breaking,68,3.12782872376471,0.470588235294118,2.06119909502263,0.197370363026919,27.8161764705882,1.77705882352941,5.30029411764706,29.4538461538462,1.71386363636364,5.41340909090909,1.63766968325792,0.12957094140658,6.646636038,32
682120,CU,2026,"Herrin, Tim",breaking,65,3.12024769538462,0.307692307692308,8.21810439560439,0.409906838556492,38.4984615384615,2.02107692307692,6.02815384615385,30.2803571428571,1.89008928571429,5.67973214285715,8.21810439560439,0.372230364787748,10.14080501,20
662253,SL,2024,"Muñoz, Andrés",breaking,226,3.09869154320354,0.469026548672566,4.59258143475805,0.313306289834293,32.2389380530973,-1.86358407079646,5.19101769911504,27.7563829787234,-1.99414893617021,5.19755319148937,4.48255507437391,0.130728331782524,6.60664423362264,106
662253,SL,2026,"Muñoz, Andrés",breaking,171,3.09392992123977,0.502923976608187,4.22989363171708,0.242768618142675,32.2269005847953,-2.60046783625731,5.38964912280701,28.1826771653543,-2.67236220472441,5.39566929133858,4.04422341944098,0.0721459814988465,6.15188391316279,86
805299,ST,2026,"Garcia, Brandyn",breaking,50,3.09388647464,0.54,2.024144,0.196745797189199,15.334,1.8374,5.4784,17.2888,1.76136,5.60096,1.9548,0.144232573297435,5.72941939748148,27
675627,SL,2023,"Grove, Michael",breaking,86,3.08688486976744,0.488372093023256,1.47567567567568,0.143216275558379,49.3732558139535,-1.64372093023256,6.01186046511628,49.2986486486487,-1.64459459459459,6.07527027027027,0.0746071653048261,0.063415823570181,6.32076425714286,42
663947,ST,2025,"Holton, Tyler",breaking,92,3.05969427743478,0.5,4.90849204360358,0.307600664870881,37.025,1.74619565217391,5.725,41.8435158501441,1.50314121037464,5.86746397694524,4.81851585014412,0.281729385058446,6.11938855486957,46
676617,ST,2025,"O'Brien, Riley",breaking,67,3.05863444334328,0.507462686567164,5.26369063772049,0.335331433504264,26.7865671641791,-1.79059701492537,5.36194029850746,31.950303030303,-1.64236363636364,5.63975757575758,5.16373586612392,0.314889780809879,6.02730905011765,34
656546,SL,2026,"Hoffman, Jeff",breaking,162,3.05698781123457,0.475308641975309,2.59715068269153,0.155879509251912,34.270987654321,-2.64981481481482,5.68395061728395,32.3225165562914,-2.61973509933775,5.62403973509934,1.94847109802961,0.0670380719242368,6.43158474571429,77
605177,SL,2024,"Chafin, Andrew",breaking,201,3.05490168708458,0.522388059701493,4.79566640481804,0.307851974166026,47.1273631840796,2.22029850746269,6.17860696517413,51.7447368421053,2.00078947368421,6.34013157894736,4.6173736580257,0.272533331475166,5.84795465813333,105
686218,SL,2023,"Sheehan, Emmet",breaking,58,3.04044965027586,0.482758620689655,2.73245286223883,0.213677368698084,31.1810344827586,-1.40844827586207,5.32672413793103,32.6591133004926,-1.31536945812808,5.44211822660098,1.478078817734,0.148254720028489,6.29807427557143,28
670280,CU,2023,"Bednar, David",breaking,43,3.04017034241861,0.465116279069768,5.0375211121216,0.237056034657578,35.4046511627907,-2.08558139534884,5.77395348837209,40.3541899441341,-1.95591397849462,5.91629032258064,4.94953878134337,0.192544575010974,6.5363662362,20
592662,KC,2024,"Ray, Robbie",breaking,46,3.02640764017391,0.5,2.21425965339007,0.270850900931162,45.8434782608696,2.79717391304348,6.23152173913043,47.8251748251748,2.57314685314685,6.30531468531469,1.98169656430525,0.235867595214939,6.05281528034783,23
623352,SL,2023,"Hader, Josh",breaking,49,3.02165266579592,0.469387755102041,5.33174006444683,0.344528118244939,29.5551020408163,2.98142857142857,5.3534693877551,34.8868421052632,2.75125748502994,5.59311377245509,5.33174006444684,0.332277233845716,6.43743394017391,23
664849,ST,2024,"Young, Danny",breaking,115,3.00051926608696,0.504347826086957,7.20872122762147,0.532041933932334,12.6052173913044,3.66652173913044,4.9595652173913,19.7911764705882,3.2775,5.30642857142857,7.18595907928388,0.521202551691807,5.94930544137931,58
679525,ST,2024,"Marsh, Alec",breaking,56,2.99471036014286,0.464285714285714,1.68928571428571,0.242940080996625,31.75,-1.82517857142857,5.67160714285714,31.3685300207039,-1.94898550724638,5.63306418219462,0.381469979296071,0.129667718315804,6.45014539107692,26
571578,SL,2023,"Corbin, Patrick",breaking,176,2.98952011022727,0.482954545454546,3.01807686740011,0.255488493263746,39.1539772727273,2.36642045454545,6.21982954545454,41.6490445859873,2.15261146496815,6.31458598726114,2.49506731325999,0.233865489732696,6.19006516941176,85
694037,SL,2023,"Palencia, Daniel",breaking,57,2.98651589789474,0.543859649122807,5.08852901484481,0.308757728701525,33.3824561403509,-2.64491228070176,5.29719298245614,38.3538461538462,-2.40552447552447,5.45622377622378,4.97139001349528,0.287397485434304,5.49133568322581,31
656550,CU,2024,"Holmes, Grant",breaking,112,2.96660158471429,0.419642857142857,2.100799689441,0.158010511058243,41.0008928571429,-2.22758928571428,5.96339285714286,40.8721739130435,-2.18152173913043,5.98417391304347,0.128718944099404,0.0505378188350037,7.06934845719149,47
622554,FS,2025,"Domínguez, Seranthony",offspeed,91,2.9634714850989,0.483516483516484,6.73725192717731,0.384758708980144,36.5835164835165,-1.78087912087912,5.78131868131868,29.869776119403,-2.04973880597015,5.5430223880597,6.71374036411351,0.359264044468992,6.12899784418182,44
667755,KC,2025,"Soriano, José",breaking,265,2.96294255673962,0.422641509433962,6.99970735463996,0.350935799912525,41.6135849056604,-0.971622641509434,6.00294339622641,34.6138775510204,-1.25880272108843,5.83965986394558,6.99970735463995,0.330354219015147,7.010533728,112
680686,CU,2023,"Gray, Josiah",breaking,69,2.958430804,0.420289855072464,1.54705166500719,0.186669414785646,32.6246376811594,-1.85985507246377,5.15521739130435,32.5412213740458,-1.72832061068702,5.10129770992367,0.0834163071136302,0.142157119677813,7.03902501641379,29
543243,ST,2023,"Gray, Sonny",breaking,159,2.95599162249057,0.408805031446541,1.86505397540599,0.141614201569132,47.5786163522013,-0.902767295597484,5.5185534591195,47.7919402985075,-0.847313432835821,5.52002985074626,0.213323946306204,0.055473512845546,7.23081027655385,65
592773,SL,2024,"Stanek, Ryne",breaking,68,2.94822109782353,0.426470588235294,4.55898276508055,0.606502274247013,41.5044117647059,-1.35926470588235,6.06088235294118,46.0114649681529,-0.848980891719745,6.37184713375796,4.50705320344699,0.597568963304461,6.91307016041379,29
605177,SL,2025,"Chafin, Andrew",breaking,116,2.93930411641379,0.387931034482759,3.73817652432063,0.234271649798299,49.8922413793104,2.10224137931034,6.5048275862069,53.1476821192053,1.91913907284768,6.61900662251655,3.25544073989495,0.215785326110347,7.57687283342222,45
675911,SL,2025,"Strider, Spencer",breaking,364,2.93802130207692,0.475274725274725,1.91350380388842,0.20452685311528,41.7810439560439,-1.74895604395604,5.7528021978022,43.0430769230769,-1.64076923076923,5.79603846153846,1.26203296703299,0.116506485010019,6.18173268182659,173
547973,SL,2025,"Chapman, Aroldis",breaking,75,2.93678719536,0.48,3.37032792792793,0.176534160387531,54.884,0.3444,6.2128,51.8637837837838,0.295513513513514,6.20048648648649,3.02021621621623,0.0504134027421356,6.118306657,36
660271,ST,2025,"Ohtani, Shohei",breaking,87,2.93354759112644,0.390804597701149,2.28741105637657,0.235624277659367,32.3873563218391,-2.35666666666667,5.60091954022989,33.7873015873016,-2.35116402116402,5.64301587301587,1.39994526546251,0.0424544501973149,7.50643060082353,34
656302,CH,2026,"Cease, Dylan",offspeed,81,2.92688854153087,0.518518518518519,6.5450859356088,0.187846842579229,59.6049382716049,-1.51777777777778,6.14555555555556,53.0892156862745,-1.57259803921569,6.20223039215687,6.51572258533042,0.0788498457062899,5.64471361580953,42
650633,ST,2023,"King, Michael",breaking,101,2.92545355770297,0.396039603960396,3.26253808073115,0.263920434331187,28.8534653465347,-2.63653465346535,5.54613861386139,31.7028846153846,-2.499375,5.73783653846154,2.84941926884995,0.235713522808385,7.3867702332,40
656546,SL,2024,"Hoffman, Jeff",breaking,184,2.92492445071739,0.418478260869565,2.3384065679926,0.153735312616415,40.6461956521739,-2.66913043478261,6.06978260869565,39.1646808510638,-2.66292887029289,6.03058577405858,1.48151480111007,0.0396843955187183,6.98942985625974,77
605242,ST,2023,"Fulmer, Michael",breaking,47,2.91696785395745,0.51063829787234,3.14108683151236,0.197864125428191,39.8106382978724,-2.76468085106383,5.92276595744681,42.3797297297297,-2.6022972972973,5.97837837837838,2.56909143185738,0.171642535217,5.71239538066667,24
656546,SL,2025,"Hoffman, Jeff",breaking,147,2.91383806054422,0.462585034013605,2.02669672520171,0.154807217084247,38.6278911564626,-2.53367346938776,5.8360544217687,37.7546511627907,-2.52387596899225,5.78600775193799,0.873239993671874,0.0509966682749451,6.29903227794118,68
688642,ST,2026,"Agnos, Zach",breaking,61,2.91377454885246,0.327868852459016,2.47035519125682,0.313746262248733,37.7344262295082,-2.22786885245902,5.74819672131148,39.195987654321,-2.03462962962963,5.7691975308642,1.46156142481279,0.194377033729748,8.887012374,20
694973,CU,2025,"Skenes, Paul",breaking,48,2.91258652675,0.395833333333333,2.63826275045538,0.298815696177467,25.5979166666667,-2.64479166666667,5.59416666666667,23.9289617486339,-2.41837431693989,5.60195355191257,1.66895491803282,0.226551212398277,7.35811333073684,19
665795,CU,2025,"Cabrera, Edward",breaking,212,2.9012662714717,0.443396226415094,8.52029789893458,0.375438353584693,41.8155660377358,-1.14066037735849,6.21792452830189,33.2952681388013,-1.32996845425867,5.98406940063092,8.52029789893454,0.30087500513943,6.54328137821277,94
694350,CU,2025,"Brzykcy, Zach",breaking,40,2.9010982917,0.275,7.27178571428573,0.386418187434712,48.4325,-1.42825,5.8085,55.6413533834587,-1.09308270676692,5.95924812030075,7.20885338345865,0.367507973012016,10.5494483334545,11
677958,SL,2025,"Rocker, Kumar",breaking,90,2.90054053666667,0.377777777777778,8.88784250269687,0.392461320050426,37.0344444444444,-1.98766666666667,5.89877777777778,28.1466019417476,-2.24203883495146,5.62300970873787,8.88784250269686,0.375170931576399,7.67790142058824,34
669111,SL,2024,"McMillon, John",breaking,57,2.89947418996491,0.43859649122807,4.93955342902711,0.482464496538112,39.1438596491228,-1.57754385964912,5.58929824561404,43.9727272727273,-1.10863636363636,5.66772727272727,4.82886762360447,0.475421236495473,6.61080115312,25
542881,CH,2023,"Anderson, Tyler",offspeed,176,2.89824664972727,0.431818181818182,5.91451342281877,0.261071290989577,57.0193181818182,1.55534090909091,6.47335227272727,51.1402684563759,1.67385906040268,6.29486577181208,5.87904972544233,0.214252148645725,6.71172908357895,76
671737,CU,2025,"Bradley, Taj",breaking,107,2.89801296564486,0.364485981308411,4.23948057564329,0.27239192992105,57.7953271028038,-1.12289719626168,6.34028037383177,53.6431876606684,-1.31516709511568,6.21596401028277,4.15213944213539,0.228959106067821,7.95095864933333,39
668390,SL,2025,"Winn, Cole",breaking,53,2.88209412384906,0.339622641509434,4.6596245473604,0.295089976643757,42.3377358490566,-1.57792452830189,5.58169811320755,37.8540404040404,-1.73621212121212,5.42555555555556,4.48369544501619,0.222340865293409,8.48616603133333,18
683769,CH,2025,"Gaddis, Hunter",offspeed,51,2.87921035717647,0.450980392156863,3.79993904297469,0.459191205167379,33.6352941176471,-2.36647058823529,5.90941176470588,35.1554404145078,-2.23290155440414,6.24088082901554,1.5201462968607,0.357368755479419,6.3843360093913,23
682842,SL,2026,"Uribe, Abner",breaking,90,2.87085087751111,0.366666666666667,3.19848816029144,0.158483454661651,39.2833333333333,-1.34533333333333,5.88477777777778,36.2032786885246,-1.35841530054645,5.8655737704918,3.08005464480873,0.0232364317829748,7.82959330230303,33
677955,SL,2025,"Hill, Jaden",breaking,49,2.86678248293878,0.428571428571429,1.70775510204081,0.174513686044647,25.065306122449,-1.39469387755102,5.68551020408163,26.16,-1.29091666666667,5.77433333333333,1.09469387755102,0.136598893805915,6.68915912685714,21
642585,FS,2025,"Bautista, Félix",offspeed,86,2.86362978,0.5,8.39349698535747,0.576165819825538,61.3058139534883,-0.432906976744186,6.91244186046512,69.6635802469136,0.125617283950617,7.01666666666667,8.35776629342526,0.568165609670655,5.72725956,43
663558,CH,2026,"Morán, Jovani",offspeed,114,2.86312332515789,0.508771929824562,4.20287675711017,0.29766512354026,44.6859649122807,1.47535087719298,5.84464912280702,48.8540372670808,1.19757763975155,5.79484472049689,4.16807235480004,0.28220285244512,5.6275182597931,58
667297,CU,2025,"Nance, Tommy",breaking,64,2.86083028225,0.390625,4.83797169811321,0.210324295180956,48.0625,-0.94171875,6.3296875,43.2245283018868,-1.01339622641509,6.17905660377358,4.83797169811318,0.166815249672235,7.32372552256,25
670990,ST,2025,"Ramírez, Yohan",breaking,76,2.85647411621053,0.342105263157895,7.51871345029241,0.879440303191124,33.0236842105263,-2.36276315789474,5.38973684210526,25.5746913580247,-2.09654320987655,5.14561728395062,7.44899285250164,0.361202740017886,8.34969357046154,26
656464,SL,2023,"Ginkel, Kevin",breaking,92,2.85210594,0.456521739130435,3.59717391304349,0.151256558554083,42.6619565217391,-2.14684782608696,6.48608695652174,39.1161904761905,-2.21089285714286,6.39660714285714,3.54576604554866,0.110038189081803,6.24747015428571,42
666200,SL,2023,"Luzardo, Jesús",breaking,143,2.84771032970629,0.496503496503497,2.4500714339424,0.172472954009478,35.2384615384615,2.28146853146853,5.77300699300699,35.8817204301075,2.23878136200717,5.85129032258064,0.643258891645999,0.0891654312262284,5.73552925560563,71
656302,SL,2023,"Cease, Dylan",breaking,219,2.84600633278539,0.461187214611872,6.75977402259773,0.369452712954556,49.489497716895,-1.63945205479452,6.03424657534246,55.9978102189781,-1.37213114754098,6.26193442622951,6.50831250208311,0.351144165402784,6.17104343445545,101
666204,SL,2023,"Jiménez, Dany",breaking,71,2.83615595256338,0.380281690140845,2.61012323943662,0.207350020267132,63.2084507042254,-0.501408450704225,6.49507042253521,62.89375,-0.344375,6.443125,0.314700704225352,0.165402030103739,7.45803972711111,27
554430,CU,2025,"Wheeler, Zack",breaking,89,2.83155979132584,0.539325842696629,2.77689853763196,0.179912849706885,25.6168539325843,-2.10460674157303,5.27887640449438,22.9655778894473,-2.04586683417085,5.15722361809045,2.65127604313701,0.135091736096094,5.25018377975,48
668909,ST,2025,"Williams, Gavin",breaking,257,2.8280092953463,0.43579766536965,2.57182704498754,0.174291502110541,32.8552529182879,-2.89836575875486,5.91984435797665,33.3288389513109,-2.83650872817955,5.97064837905237,0.473586033022912,0.0800458667830907,6.4892713295,112
663969,ST,2025,"Phillips, Tyler",breaking,117,2.81521706198291,0.435897435897436,2.29484665661137,0.283839578157445,26.2461538461538,-1.38111111111111,5.74444444444445,27.5245098039216,-1.18416666666667,5.86754901960784,1.27835595776774,0.232253849534706,6.45843914219608,51
650893,FS,2025,"Cabrera, Génesis",offspeed,48,2.80893953433333,0.520833333333333,3.86261061946902,0.376154058579597,47.1229166666667,1.333125,6.01020833333333,43.7898230088496,1.21044052863436,5.96185022026432,3.3330936578171,0.131871098478256,5.39316390592,25
669062,SL,2026,"Miller, Erik",breaking,108,2.80511574411111,0.546296296296296,2.1316207800721,0.185067053187723,38.9212962962963,1.53824074074074,6.46092592592593,40.3433628318584,1.42042016806723,6.52495798319328,1.42206653556211,0.134096203164012,5.13478814176271,59
669796,SL,2023,"Hernandez, Jose E.",breaking,114,2.7991603614386,0.37719298245614,2.25327206906154,0.155984045127905,55.880701754386,0.546491228070175,6.34912280701754,54.5349206349207,0.507301587301587,6.40746031746032,1.34578111946531,0.0702786814633831,7.42102979544186,43
656234,SL,2024,"Bird, Jake",breaking,70,2.7964472652,0.328571428571429,3.25198460222412,0.268332129075613,17.4071428571429,-2.38957142857143,5.21185714285714,20.3107784431138,-2.26582352941176,5.39229411764706,2.90363558597091,0.218794525566265,8.51092645930435,23
571656,SL,2023,"Farmer, Buck",breaking,88,2.78378445831818,0.443181818181818,3.65396134239593,0.336333947326083,29.8056818181818,-1.43329545454545,5.66386363636364,33.4056074766355,-1.1711214953271,5.84626168224299,3.59992565845371,0.319381013889105,6.28135980338462,39
650556,SL,2025,"Abreu, Bryan",breaking,268,2.78146364023881,0.458955223880597,5.58537146978859,0.376360627667876,43.2932835820896,-2.57884328358209,5.74432835820896,38.5617100371747,-2.40951672862454,5.5303717472119,4.73157354491484,0.272853282192354,6.06042484214635,123
640462,ST,2023,"Puk, A.J.",breaking,74,2.78051586243243,0.391891891891892,1.9703667953668,0.265344985131609,23.1054054054054,3.35905405405405,5.26567567567568,22.9964285714286,3.37892857142857,5.30485714285714,0.108976833976847,0.0439338572329155,7.09510944206897,29
666200,ST,2026,"Luzardo, Jesús",breaking,320,2.7770515466875,0.459375,5.18312953995156,0.350789872775194,27.449375,2.651125,5.572375,32.4755447941888,2.45014457831325,5.80375903614458,5.02616979418886,0.306482792476088,6.0452822785034,147
674384,SL,2025,"Núñez, Eduarniel",breaking,43,2.770131216,0.418604651162791,2.7473743435859,0.130672218208658,33.5906976744186,-1.54209302325581,5.54767441860465,31.2983870967742,-1.59467741935484,5.48967741935484,2.29231057764443,0.0782864652100353,6.61753568266667,18
656986,SL,2025,"Sousa, Bennett",breaking,222,2.76701571954955,0.490990990990991,5.33519862144023,0.19224591376177,56.8445945945946,1.07121621621622,6.36581081081081,51.5093959731544,1.2036,6.3492,5.33519862144023,0.133421831964279,5.63557330036697,109
647336,SL,2024,"Soroka, Michael",breaking,180,2.76296233426667,0.394444444444444,3.85809099901087,0.298949792244949,39.5844444444445,-2.63338888888889,6.22972222222222,35.8445103857567,-2.70709198813056,5.99394658753709,3.73993405868777,0.247026915029523,7.00469324180282,71
669199,ST,2026,"Bachar, Lake",breaking,79,2.7621598316962,0.379746835443038,7.37559311756234,0.525091467817117,32.8417721518987,-1.97848101265823,5.58012658227848,40.2173652694611,-1.58431137724551,5.91065868263473,7.37559311756235,0.514413424054341,7.2736875568,30
664854,SL,2025,"Helsley, Ryan",breaking,255,2.75425363507451,0.411764705882353,2.58300825593395,0.211175702549639,61.7352941176471,-0.290705882352941,6.11768627450981,62.3837719298246,-0.16965811965812,6.14739316239316,0.648477812177461,0.124639720960599,6.68890168518096,105
663969,CU,2026,"Phillips, Tyler",breaking,108,2.75378751803704,0.472222222222222,8.3724074074074,0.245522836604811,40.6157407407407,-0.913240740740741,6.26546296296296,32.2433333333333,-1.02628571428571,6.10080952380953,8.3724074074074,0.1997246130772,5.83155003819608,51
686218,CH,2023,"Sheehan, Emmet",offspeed,64,2.7530177038125,0.453125,3.9332512315271,0.277062943968326,29.20625,-1.51515625,5.3015625,32.6591133004926,-1.31536945812808,5.44211822660098,3.45286330049262,0.244275816418255,6.07562527737931,29
670102,SL,2024,"Francis, Bowden",breaking,53,2.74940052611321,0.415094339622642,3.56723181139734,0.189569126254918,42.2245283018868,-2.07943396226415,6.0188679245283,38.7709939148073,-2.1482555780933,5.88965517241379,3.45353438707953,0.14639791704236,6.62355581290909,22
683004,CU,2025,"Leiter, Jack",breaking,85,2.74883194432941,0.341176470588235,8.03390981629245,0.546503989236198,51.8717647058824,-1.52529411764706,5.79611764705882,43.8378548895899,-1.63807570977918,5.54241324921136,8.03390981629245,0.277642952388498,8.05692121613793,29
669062,ST,2024,"Miller, Erik",breaking,68,2.74093250788235,0.338235294117647,5.33300904977376,0.365295867144835,39.7558823529412,1.23985294117647,6.49779411764706,44.9684615384616,0.910115384615385,6.61,5.21257918552038,0.348305923351123,8.10362654504348,23
642100,SL,2025,"Speier, Gabe",breaking,113,2.74052625865487,0.486725663716814,2.83921858662111,0.249844205418371,25.9053097345133,1.95513274336283,5.21805309734513,28.5662824207493,1.85187319884726,5.38979827089337,2.66097268623602,0.200396951500462,5.63053576778182,55
673540,FO,2026,"Senga, Kodai",offspeed,83,2.73658472457831,0.409638554216867,2.46646886051669,0.186910688675531,46.9072289156627,-2.07409638554217,6.0144578313253,47.6009950248756,-1.95298507462687,5.9918407960199,0.69376610921293,0.123205032030469,6.68048623941177,34
683175,ST,2026,"Phillips, Connor",breaking,117,2.72588256598291,0.358974358974359,4.05702754036086,0.214662766445117,34.8205128205128,-1.78136752136752,5.61760683760684,38.8722222222222,-1.63011111111111,5.73633333333333,4.05170940170938,0.192287499414677,7.5935300052381,42
657585,FS,2024,"Garrett, Reed",offspeed,127,2.72454408680315,0.503937007874016,1.93802376265467,0.12315958021145,38.2291338582677,-2.11661417322835,5.63929133858268,38.0290178571429,-2.10183406113537,5.60406113537118,0.20011600112484,0.0382049595184227,5.40651717225,64
642397,SL,2024,"Soto, Gregory",breaking,153,2.7239836099085,0.464052287581699,3.91925888999666,0.229034266739679,38.4098039215686,1.85718954248366,5.76915032679738,34.7076271186441,1.95924686192469,5.70476987447699,3.70217680292454,0.120667058853964,5.86999284952113,71
592094,ST,2024,"Adam, Jason",breaking,64,2.72264577525,0.421875,5.54372184684683,0.322429988035276,31.94375,-1.2653125,6.0540625,37.1963963963964,-1.0781981981982,6.18765765765765,5.25264639639638,0.229911783274257,6.45367887466667,27
663986,FS,2023,"Stephan, Trevor",offspeed,91,2.71703100052747,0.516483516483517,4.04397499052672,0.246993689407218,38.4307692307692,-1.90428571428571,5.8245054945055,34.5189655172414,-2.02853448275862,5.6551724137931,3.91180371352786,0.210027257018187,5.26063449038298,47
695505,SL,2026,"Burns, Chase",breaking,348,2.71301684365517,0.502873563218391,3.10773742227246,0.295178251099946,51.5275862068966,-1.4948275862069,6.41663793103449,54.1905737704918,-1.2512016293279,6.53014256619145,2.66298756359522,0.268769248738245,5.39502778052571,175
675848,ST,2025,"Mejia, Juan",breaking,160,2.711606451025,0.31875,1.64728060471976,0.242909617369315,37.903125,-1.3736875,5.9444375,37.8418879056047,-1.23867256637168,5.97144542772862,0.0612370943952882,0.137689725335094,8.50700063066667,51
806188,ST,2025,"Gibson, Cade",breaking,60,2.7052725922,0.3,5.67774509803923,0.396044671994797,29.6333333333333,1.626,5.66366666666667,35.071568627451,1.29892156862745,5.85205882352941,5.43823529411766,0.377454507240972,9.01757530733333,18
680694,CU,2026,"Bradish, Kyle",breaking,193,2.70166792339896,0.398963730569948,4.07321430800922,0.168998175379565,56.9502590673575,-1.21756476683938,6.3519689119171,53.1501204819277,-1.22348557692308,6.26983173076923,3.80013858542976,0.0823503036968535,6.7717131067013,77
640462,SL,2024,"Puk, A.J.",breaking,132,2.70038586236364,0.477272727272727,1.73939393939394,0.27992907772256,27.6590909090909,3.38045454545455,5.49280303030303,27.6067307692308,3.13862179487179,5.53115384615385,0.0523601398601237,0.244854782127783,5.65795133066667,63
477132,CU,2025,"Kershaw, Clayton",breaking,133,2.69932079596993,0.368421052631579,9.16176154672393,0.472286621101487,62.4451127819549,1.36541353383459,6.24466165413534,53.8285714285715,1.69437788018433,5.98202764976959,8.61654135338344,0.420944368555397,7.32672787477551,49
805123,ST,2025,"Blubaugh, AJ",breaking,53,2.69800761033962,0.339622641509434,3.08490566037737,0.400463839642723,41.6037735849057,-2.39,5.85150943396227,43.764,-2.32592,5.95008,2.16022641509436,0.117568715604958,7.94413351933333,18
681857,SL,2023,"Olson, Reese",breaking,153,2.6960880111634,0.405228758169935,2.37149745824256,0.139467561273382,37.4679738562091,-2.89071895424837,5.8997385620915,38.2657777777778,-2.86960869565217,5.94626086956522,0.797803921568658,0.0510878469959055,6.65324944690323,62
702056,FS,2026,"Yesavage, Trey",offspeed,193,2.69524059123316,0.383419689119171,2.19916813233826,0.220867533122335,65.9088082901554,-0.352901554404145,7.17461139896373,65.8535168195719,-0.261896024464832,7.0625382262997,0.0552914705835121,0.144368980430417,7.0294788392973,74
554430,ST,2026,"Wheeler, Zack",breaking,84,2.69322986452381,0.369047619047619,1.66959669582119,0.158107288673143,20.825,-1.93345238095238,4.91511904761905,21.9487755102041,-1.85032653061225,4.96295918367347,1.12377551020409,0.0959092571782106,7.29778414903226,31
518886,ST,2026,"Kimbrel, Craig",breaking,41,2.69099522195122,0.365853658536585,2.93514574657941,0.164544186226449,24.0926829268293,-3.18219512195122,4.74756097560976,22.4287804878049,-3.17995192307692,4.70072115384615,1.66390243902438,0.0468935053502679,7.35538694,15
657746,KC,2025,"Ryan, Joe",breaking,50,2.68503856352,0.4,6.79584699453551,0.343510854511727,31.88,-2.5128,5.0768,25.0841530054645,-2.46936612021858,4.75736612021858,6.79584699453551,0.322373239374917,6.7125964088,20
806185,SL,2024,"Birdsong, Hayden",breaking,113,2.68485201674336,0.47787610619469,4.02403483411487,0.235376211578989,38.6300884955752,-1.28672566371681,6.26637168141593,42.5382470119522,-1.15346613545817,6.40561752988048,3.90815851637696,0.192736888493946,5.61830144244444,54
669199,CU,2026,"Bachar, Lake",breaking,49,2.68184189322449,0.428571428571429,5.27926188439448,0.208721569654976,45.4836734693878,-1.4534693877551,5.99510204081632,40.2173652694611,-1.58431137724551,5.91065868263473,5.26630819992669,0.155725100593297,6.25763108419048,21
672860,SL,2024,"Berroa, Prelander",breaking,98,2.67540215236735,0.428571428571429,3.17537184365272,0.262707168109453,50.8734693877551,-0.626224489795918,5.85295918367347,52.3661016949153,-0.406779661016949,5.87389830508475,1.49263230716016,0.220441556162415,6.24260502219048,42
594580,ST,2026,"Moll, Sam",breaking,111,2.67528440104505,0.378378378378378,4.34080671580671,0.322753181108076,10.6882882882883,2.00873873873874,4.73081081081081,14.7431818181818,1.78693181818182,4.91914772727273,4.05489352989352,0.290979559607417,7.07039448847619,42
642397,SL,2025,"Soto, Gregory",breaking,170,2.6737839072,0.441176470588235,4.82207239819004,0.300785560079031,39.1852941176471,1.87088235294118,5.69811764705882,34.7238461538462,1.98438461538462,5.64665384615385,4.46144796380091,0.1246245817781,6.06057685632,75
682990,CU,2025,"Priester, Quinn",breaking,102,2.67212482533333,0.401960784313726,4.91801602361374,0.25042213057629,50.9970588235294,-1.67745098039216,6.17911764705882,46.094623655914,-1.72402457757297,6.04142857142858,4.90243516761541,0.145352610923474,6.64772517521951,41
676962,KC,2024,"Brown, Ben",breaking,144,2.6716806045,0.472222222222222,3.32687687687686,0.202485738610377,44.5138888888889,-1.49986111111111,6.45583333333333,41.5900900900901,-1.56121621621622,6.33558558558559,2.92379879879877,0.134996184245567,5.65767657423529,68
694973,CH,2024,"Skenes, Paul",offspeed,62,2.66041148516129,0.548387096774194,3.77943548387097,0.375691615433661,20.8838709677419,-2.63096774193548,5.65274193548387,24.4145,-2.28785,5.695075,3.53062903225806,0.34571935610005,4.85133859058823,34
673540,SL,2026,"Senga, Kodai",breaking,43,2.66012014604651,0.488372093023256,3.27407150295038,0.15630042065729,49.8186046511628,-1.93302325581395,5.96162790697674,47.6009950248756,-1.95298507462687,5.9918407960199,2.21760962628721,0.036211778120571,5.44691268,21
665795,CU,2024,"Cabrera, Edward",breaking,135,2.65897609466667,0.385185185185185,5.98675925925929,0.193741488188675,45.6103703703704,-1.27955555555556,6.24807407407408,39.6236111111111,-1.28263888888889,6.14402777777778,5.98675925925929,0.104091972396633,6.903111015,52
595014,ST,2026,"Treinen, Blake",breaking,67,2.65636138065672,0.358208955223881,2.00004145936982,0.276970174081385,31.9164179104478,-3.07194029850746,6.18597014925373,33.0194444444444,-2.81768518518519,6.26055555555555,1.1030265339967,0.264969140625341,7.415675521,24
668881,SL,2026,"Greene, Hunter",breaking,69,2.65293547043478,0.478260869565217,3.64612184648417,0.383342537591102,39.3115942028986,-1.98971014492754,6.09391304347826,39.6620370370371,-1.93333333333333,6.08333333333334,0.350442834138484,0.0573609200787329,5.54704689272727,33
663436,CU,2026,"Martin, Davis",breaking,92,2.64954208382609,0.391304347826087,2.79565217391305,0.149836115228273,38.4086956521739,-2.0875,5.91489130434783,35.7333333333333,-2.07835271317829,5.82218992248061,2.67536231884058,0.0931515918076033,6.771051992,36
667755,KC,2024,"Soriano, José",breaking,156,2.64896180661538,0.378205128205128,6.94106097314758,0.302182656909638,41.3826923076923,-1.29480769230769,6.11403846153846,34.4590551181102,-1.48887795275591,5.97759842519686,6.92363718958206,0.237232269110542,7.00403460732203,59
663455,SL,2025,"Pilkington, Konnor",breaking,42,2.64857623390476,0.452380952380952,2.53489583333333,0.194277452516028,30.7738095238095,2.79357142857143,5.73928571428571,30.3171875,2.7178125,5.7253125,0.456622023809505,0.0770367832646544,5.85474746442105,19
664076,ST,2026,"Cleavinger, Garrett",breaking,40,2.6472319467,0.25,4.57221264367815,0.297394120765725,28.1775,1.26825,5.04,32.4643678160919,1.08744444444444,5.25788888888889,4.28686781609195,0.283136392611384,10.5889277868,10
666157,CU,2024,"Lodolo, Nick",breaking,216,2.64400236861111,0.407407407407407,2.2652447089947,0.129090417814308,19.8009259259259,3.58217592592593,5.54782407407407,17.7444196428572,3.56808035714286,5.51285714285714,2.05650628306878,0.0377010787385128,6.48982399568182,88
643410,CU,2025,"Leiter Jr., Mark",breaking,68,2.64145418064706,0.485294117647059,4.73604826546005,0.257426979612846,52.725,-0.946029411764706,5.86,48.0782051282051,-1.13666666666667,5.75685897435897,4.64679487179487,0.21675016522909,5.44299649345455,33
641941,FS,2025,"Pagán, Emilio",offspeed,121,2.6408042751405,0.396694214876033,2.60083029917737,0.150114358188309,44.3165289256198,-1.60247933884297,5.54454545454545,41.9123543123544,-1.5990675990676,5.60960372960373,2.40417461326546,0.0651476716533557,6.65702744358333,48
686294,SL,2023,"Willingham, Amos",breaking,50,2.63567345592,0.5,1.92703448275862,0.284077925682867,45.724,-1.7076,5.9776,47.251724137931,-1.55353448275862,6.15922413793103,1.52772413793103,0.238166981510967,5.27134691184,25
600917,SL,2024,"Leclerc, José",breaking,172,2.634951559,0.430232558139535,4.60013331358318,0.430580342480407,37.8511627906977,-2.02476744186046,5.76343023255814,41.6917197452229,-1.67617834394905,5.93452229299363,3.84055695452526,0.388312827919396,6.124482002,74
669373,CH,2026,"Skubal, Tarik",offspeed,217,2.63017291603687,0.511520737327189,7.47341209189007,0.445823345131385,42.0405529953917,2.14576036866359,6.00760368663595,49.5139650872818,1.7542144638404,6.20683291770574,7.47341209189012,0.439318201417236,5.14186957459459,111
656638,SL,2023,"Lange, Alex",breaking,139,2.62825438446043,0.438848920863309,3.81356628982528,0.201343719459027,43.6035971223022,-2.13035971223022,5.77438848920863,41.3457142857143,-2.12828571428571,5.78171428571429,2.25788283658788,0.00761372194895764,5.98897310557377,61
595014,ST,2025,"Treinen, Blake",breaking,116,2.62634733613793,0.336206896551724,2.46117664851785,0.237538086648883,32.2836206896552,-2.93991379310345,6.24568965517242,33.0070175438597,-2.74324561403509,6.27701754385965,0.723396854204495,0.199147707161453,7.81169976902564,39
664141,SL,2025,"Brubaker, JT",breaking,54,2.62057932940741,0.425925925925926,2.82515899738122,0.165653467524434,47.5944444444444,-2.42518518518518,6.40685185185185,45.1747474747475,-2.48484848484849,6.35212121212121,2.41969696969696,0.08096389474351,6.15266451252174,23
656464,SL,2025,"Ginkel, Kevin",breaking,101,2.61973007409901,0.415841584158416,2.1784972852124,0.172862895349258,43.0485148514851,-2.10148514851485,6.55663366336634,41.2072580645161,-2.13717741935484,6.49564516129032,1.84125678696902,0.0706649530049438,6.29982708295238,42
677976,ST,2026,"Dobnak, Randy",breaking,40,2.6190227055,0.375,2.45247191011236,0.159541690336401,18.94,-2.062,5.39075,20.7606741573034,-1.96674157303371,5.46471910112359,1.82067415730338,0.120605123560837,6.984060548,15
680730,CU,2026,"Parker, Mitchell",breaking,41,2.61657387541463,0.292682926829268,6.82970383275262,0.664069808477107,60.1024390243902,1.45268292682927,6.18731707317073,66.9321428571429,0.825357142857143,6.36321428571429,6.82970383275264,0.651519353984848,8.939960741,12
641927,ST,2026,"Ober, Bailey",breaking,65,2.61342677169231,0.338461538461539,2.24690869877786,0.136588536173532,29.4184615384615,-1.35692307692308,5.90461538461539,28.5836448598131,-1.33631578947369,5.86745614035088,0.834816678648444,0.0424908193652609,7.72148818909091,22
683409,SL,2024,"Chivilli, Angel",breaking,50,2.61249144504,0.4,1.93646315789474,0.24576385615522,39.836,-1.2026,5.8906,39.6294736842105,-1.06157894736842,5.94494736842105,0.206526315789489,0.151130982063944,6.5312286126,20
669302,FS,2024,"Gilbert, Logan",offspeed,169,2.60662757902959,0.473372781065089,6.65184669528561,0.300012480064306,39.5384615384616,-1.22621301775148,5.73313609467455,45.6653594771242,-1.02241435562806,5.86122349102773,6.12689793866262,0.2407078639925,5.5065007607,80
691587,SL,2025,"Pérez, Eury",breaking,171,2.60455987396491,0.403508771929825,4.76257309941519,0.413510378533173,27.1152046783626,-1.97614035087719,5.71152046783626,31.8212121212121,-1.70060606060606,5.99680808080808,4.70600744284954,0.39662093644988,6.45477881808696,69
687863,ST,2024,"Hodge, Porter",breaking,110,2.60361097298182,0.509090909090909,6.02340380549682,0.286809762090422,36.6790909090909,-2.89890909090909,5.59690909090909,42.6988372093023,-2.67372093023256,5.74918604651163,6.01974630021139,0.27184182701795,5.11423583978572,56
664076,ST,2025,"Cleavinger, Garrett",breaking,45,2.60317283466667,0.6,4.22595469255665,0.26734186545312,28.3444444444445,1.18777777777778,5.08044444444445,32.4155339805825,1.13359223300971,5.28558252427185,4.07108953613809,0.212173761471786,4.33862139111111,27
647336,SV,2025,"Soroka, Michael",breaking,205,2.60264852466341,0.370731707317073,4.29674836699226,0.283811675138743,35.2229268292683,-2.60263414634146,5.9160487804878,31.1329238329239,-2.68609336609337,5.68405405405405,4.09000299634444,0.246550186482725,7.02030194152632,76
673380,SL,2024,"Núñez, Dedniel",breaking,128,2.6013879425625,0.46875,3.41663461538462,0.245016935887888,37.921875,-2.258203125,5.380703125,40.0246153846154,-2.23822222222222,5.51755555555556,2.10274038461539,0.13830337748869,5.5496276108,60
693433,ST,2025,"Woo, Bryan",breaking,115,2.59972495074783,0.434782608695652,2.83328897338403,0.184859139426117,24.2226086956522,-1.43626086956522,4.96095652173913,24.8010456273764,-1.39192015209125,5.04398288973384,0.578436931724273,0.0941247948656374,5.97936738672,50
676477,SL,2026,"Whitlock, Garrett",breaking,89,2.59792235096629,0.404494382022472,2.20579538734478,0.183734247284659,44.3,-1.00887640449438,5.96865168539326,42.6040935672514,-0.889883040935672,5.93771929824561,1.69590643274855,0.122948091264838,6.42264136766667,36
656546,SL,2023,"Hoffman, Jeff",breaking,130,2.59744084941538,0.415384615384615,1.73686679174484,0.159670631816532,42.2776923076923,-2.61346153846154,6.15030769230769,42.2292682926829,-2.55353658536585,6.1259756097561,0.0484240150093953,0.0646765045810123,6.25309834118519,54
664854,SL,2026,"Helsley, Ryan",breaking,46,2.5968239413913,0.369565217391304,3.10808695652174,0.201647958821003,61.3869565217392,-0.217173913043478,6.14760869565217,62.598,-0.128653846153846,6.14769230769231,1.21104347826085,0.0885201063776936,7.02670007670588,17
543243,ST,2025,"Gray, Sonny",breaking,309,2.59153976930744,0.420711974110032,1.96595278888254,0.209863313778146,48.0708737864078,-0.790647249190939,5.57857605177993,46.9791021671827,-0.817291021671826,5.55577399380805,1.09177161922509,0.0350688531287518,6.15989068243077,130
519043,KC,2023,"Moore, Matt",breaking,50,2.58805858992,0.4,7.62686486486484,0.297430350280877,50.162,0.924,6.4134,42.5351351351352,1.19017857142857,6.31589285714286,7.62686486486484,0.283476056830058,6.4701464748,20
663893,KC,2024,"Little, Brendon",breaking,101,2.58605853350495,0.425742574257426,12.7050018681114,0.372980606856647,43.4960396039604,1.48237623762376,6.21029702970297,30.791037735849,1.72518867924528,5.94674528301887,12.7050018681114,0.358353742810712,6.07423050893023,43
612434,SL,2023,"Castro, Miguel",breaking,68,2.58372497952941,0.323529411764706,3.42868577810871,0.221467272380645,17.8867647058824,-2.52720588235294,4.99852941176471,14.5658227848101,-2.39641975308642,5.02925925925926,3.32094192107222,0.134347814033419,7.98605902763636,22
679525,ST,2023,"Marsh, Alec",breaking,95,2.58067352122105,0.442105263157895,2.42790949335956,0.146641459286441,36.14,-2.41463157894737,5.66178947368421,35.0579439252337,-2.39158878504673,5.63135514018692,1.08205607476635,0.0381735380358138,5.83723772657143,42
519242,SL,2026,"Sale, Chris",breaking,337,2.57884105112166,0.376854599406528,1.4717251234254,0.160209535806565,11.1305637982196,2.98311572700297,4.7893768545994,11.1219088937093,3.00088937093275,4.90819956616052,0.00865490451025686,0.120144659478814,6.84306641124409,127
669302,FS,2025,"Gilbert, Logan",offspeed,235,2.57710583554043,0.48936170212766,7.15385851063827,0.298536177966145,34.9148936170213,-0.981574468085107,5.66634042553191,41.97175,-0.889024999999999,5.78985,7.0568563829787,0.15433735461036,5.26625975088696,115
641755,CU,2025,"Kinley, Tyler",breaking,66,2.57654928563636,0.409090909090909,2.51240179573511,0.161235089322754,47.4833333333333,-0.816515151515152,6.54545454545455,45.4620370370371,-0.83037037037037,6.51453703703704,2.02129629629626,0.0338800740299172,6.29823158711111,27
687064,SL,2026,"Young, Brandon",breaking,115,2.57194219746087,0.443478260869565,1.75750627090301,0.201499610906982,44.0773913043478,-1.48930434782609,6.07182608695652,42.8915865384615,-1.37805288461539,5.96995192307693,1.18580476588631,0.150848378621339,5.79947750407843,51
661395,KC,2025,"Duran, Jhoan",breaking,90,2.56377928866667,0.411111111111111,1.92006080707573,0.189941799300311,32.6944444444445,-2.32755555555556,5.97022222222222,33.7726368159204,-2.22328358208955,6.05199004975124,1.07819237147594,0.132508950902609,6.23621989135135,37
668881,SL,2025,"Greene, Hunter",breaking,298,2.56124615448322,0.459731543624161,6.5807352610963,0.440218029625581,32.0023489932886,-2.09607382550336,5.86855704697987,36.1691449814127,-1.86587360594795,6.04297397769517,4.16679598812407,0.288813792612993,5.57117776668613,137
806960,ST,2025,"Morales, Luis",breaking,79,2.55660705726582,0.367088607594937,3.33059178821564,0.20172914390641,39.073417721519,-2.07860759493671,5.67354430379747,38.5766497461929,-1.98832487309645,5.69319796954315,0.496767975326087,0.0923971668403801,6.96455025944828,29
661395,KC,2023,"Duran, Jhoan",breaking,41,2.54923878936585,0.463414634146342,2.12016967126193,0.202352469433787,39.0585365853659,-2.17317073170732,6.00219512195122,38.224347826087,-2.12373913043478,6.04365217391305,0.834188759278881,0.0645148848075559,5.50098896652632,19
688158,CU,2025,"Morgan, David",breaking,87,2.5478538942069,0.402298850574713,10.4677203065134,0.370179582928273,40.8149425287356,-1.98080459770115,5.54471264367816,30.3472222222222,-2.21893518518519,5.31180555555555,10.4677203065135,0.333094413632597,6.33323682274286,35
679775,ST,2026,"Backhus, Kyle",breaking,45,2.53984928986667,0.355555555555556,4.10089466089466,0.327280109893739,2.91777777777778,3.21622222222222,4.12822222222222,6.9961038961039,3.05948051948052,4.32155844155844,4.07832611832612,0.248891251524819,7.14332612775,16
683627,CU,2025,"Molina, Anthony",breaking,40,2.5390882842,0.475,3.69622448979591,0.184380330845384,53.38,-1.331,6.13775,49.9734693877551,-1.3978231292517,6.20591836734694,3.40653061224489,0.0954581421867012,5.34544901936842,19
665622,CH,2026,"Medina, Luis",offspeed,55,2.52840645607273,0.6,2.05116504854369,0.150708754638979,42.4381818181818,-1.306,6.09618181818182,40.8092233009709,-1.3536018957346,6.11843601895735,1.62895851721093,0.0525470258881033,4.21401076012121,33
592773,SL,2025,"Stanek, Ryne",breaking,102,2.52479806039216,0.441176470588235,3.17684325192065,0.284125341910159,51.2735294117647,-0.588529411764706,6.46460784313726,49.324269005848,-0.451023391812866,6.55169590643274,1.94926040591675,0.162764358173263,5.72287560355556,45
605177,SL,2023,"Chafin, Andrew",breaking,40,2.5128296115,0.5,4.42876344086022,0.286066580820119,44.705,2.1645,6.13675,48.9172043010753,1.9788679245283,6.325,4.2122043010753,0.264381031740043,5.025659223,20
668909,ST,2026,"Williams, Gavin",breaking,282,2.51227220100709,0.436170212765957,2.1239329069312,0.16730930653518,30.1755319148936,-2.88212765957447,5.7945390070922,30.9562372188139,-2.79059304703476,5.8357873210634,0.780705303920257,0.100399246502452,5.75984358279675,123
669373,CH,2023,"Skubal, Tarik",offspeed,152,2.51204099984211,0.493421052631579,1.72438596491229,0.176775762823931,47.1309210526316,1.86453947368421,6.16059210526316,47.8477777777778,1.77888888888889,6.1922962962963,0.716856725146187,0.0913300520357176,5.09106975968,75
642232,ST,2025,"Yarbrough, Ryan",breaking,97,2.50770786284536,0.391752577319588,5.26837827121332,0.428804953082625,9.35773195876289,3.43154639175258,4.76721649484536,14.6119230769231,3.21773076923077,5.12753846153846,5.25419111816019,0.418985727818949,6.40125428147368,38
543243,ST,2024,"Gray, Sonny",breaking,279,2.50768745473835,0.426523297491039,1.75255200262948,0.139701754008028,48.9154121863799,-0.798387096774194,5.52659498207885,48.3599708879185,-0.79703056768559,5.50427947598254,0.555441298461439,0.0223566988507422,5.87936806615126,119
686790,SL,2025,"McDonald, Trevor",breaking,65,2.50684364713846,0.369230769230769,1.88426799007444,0.20207990973387,32.6553846153846,-1.84707692307692,5.34461538461538,34.0193548387097,-1.69290322580645,5.38225806451613,1.36397022332508,0.158702552847006,6.789368211,24
676879,CU,2025,"Ashby, Aaron",breaking,78,2.49932285061538,0.423076923076923,2.76526806526806,0.212921913001305,52.0564102564103,0.42,6.40794871794872,50.2045454545455,0.329752066115702,6.51264462809919,1.8518648018648,0.138224177236182,5.90749037418182,33
607259,CH,2024,"Martinez, Nick",offspeed,259,2.49910046219305,0.397683397683398,3.44363579819508,0.209602512174582,60.5548262548263,-1.55378378378379,6.33305019305019,57.279179331307,-1.67177272727273,6.2175303030303,3.27564692351928,0.165124909616463,6.28414582240777,103
676714,SL,2024,"Hughes, Brandon",breaking,55,2.49829584923636,0.472727272727273,4.65852631578947,0.289259025727491,20.92,2.60381818181818,5.26181818181818,25.4126315789474,2.43463157894737,5.47084210526316,4.49263157894736,0.268914683800082,5.28485660415385,26
676962,KC,2025,"Brown, Ben",breaking,377,2.49789807201061,0.421750663129974,3.10204950098277,0.180306114378218,46.9018567639257,-1.52702917771883,6.53984084880636,44.1575539568345,-1.56278177458034,6.41503597122302,2.74430280709121,0.129824903816382,5.9226891392956,159
663556,CH,2023,"McClanahan, Shane",offspeed,46,2.49391485391304,0.586956521739131,2.69194733619109,0.336730317365926,42.7630434782609,1.04239130434783,6.14086956521739,45.3732394366198,0.776338028169014,6.31338028169014,2.61019595835887,0.317087201040063,4.24889197333333,27
673929,SL,2025,"Leasure, Jordan",breaking,223,2.4878679979731,0.381165919282511,2.40728269870783,0.183775661937576,52.5964125560538,-0.974394618834081,5.84515695067265,53.8205574912892,-0.901463414634146,5.87073170731708,1.22414493523537,0.0772853719889759,6.52699486527059,85
519242,SL,2025,"Sale, Chris",breaking,455,2.48170748373627,0.38021978021978,1.66737766950031,0.165751317665116,8.49692307692308,3.09912087912088,4.84162637362638,8.8681603773585,3.09686320754717,4.9427358490566,0.371237300435412,0.10113467804225,6.52703413352602,173
683409,CH,2024,"Chivilli, Angel",offspeed,125,2.47549049776,0.552,2.12450526315789,0.206514341020344,40.5368,-1.07736,5.92096,39.6294736842105,-1.06157894736842,5.94494736842105,0.907326315789483,0.0287129842741563,4.48458423507246,69
519242,SL,2024,"Sale, Chris",breaking,540,2.46690343862963,0.396296296296296,2.01329942618675,0.21643381463175,11.2653703703704,3.08837037037037,5.10857407407407,12.0901408450704,3.07469244288225,5.18070298769771,0.824770474700056,0.073414343836178,6.22489652738318,214
669276,SL,2024,"Lee, Dylan",breaking,273,2.46495870679853,0.43956043956044,2.01568190263843,0.186976887717732,45.2648351648352,1.81831501831502,6.45450549450549,46.4884057971015,1.69615942028986,6.49210144927536,1.22357063226631,0.127810194992199,5.60778105796667,120
518886,KC,2023,"Kimbrel, Craig",breaking,73,2.45925633073973,0.342465753424658,4.97906435771517,0.236911166768135,28.6602739726027,-2.94671232876712,4.95972602739726,23.777358490566,-3.00572327044025,4.78050314465409,4.8829154820367,0.188687924722071,7.18102848576,25
664854,SL,2024,"Helsley, Ryan",breaking,229,2.45847363048035,0.471615720524017,3.29018537546023,0.229864592603463,59.8266375545851,-0.35353711790393,6.11930131004367,59.1887254901961,-0.306763285024155,6.11497584541063,0.637912064389035,0.0469734082918927,5.21287464240741,108
640455,ST,2025,"Manaea, Sean",breaking,167,2.45717707892216,0.341317365269461,3.43309337004662,0.307158726716123,17.7640718562874,3.59203592814371,5.21538922155689,14.5271468144044,3.66803324099723,5.05473684210526,3.23692504188301,0.177721069613103,7.19909775754386,57
622554,ST,2024,"Domínguez, Seranthony",breaking,92,2.45180992126087,0.434782608695652,3.04844948849103,0.188968150981465,31.0880434782609,-1.74282608695652,5.43565217391304,28.2463235294118,-1.8024,5.40912727272727,2.8417199488491,0.0652121269261077,5.6391628189,40
643410,FS,2024,"Leiter Jr., Mark",offspeed,185,2.4511147584,0.52972972972973,4.41050146532075,0.333815369928159,52.2875675675676,-1.27902702702703,5.84648648648649,47.9367469879518,-1.58868263473054,5.77814371257485,4.35082057961579,0.317107757912302,4.62710439085714,98
676428,ST,2025,"Hurter, Brant",breaking,133,2.44913945515789,0.443609022556391,2.3997158927854,0.243093026662479,28.8796992481203,3.49864661654135,5.86804511278195,28.8041984732825,3.31408396946565,5.85232824427481,0.0755007748378453,0.185230641771986,5.52094148366102,59
669203,ST,2023,"Burnes, Corbin",breaking,55,2.44832524581818,0.509090909090909,3.05711818181819,0.25344555655999,40.6072727272727,-0.762727272727272,5.76581818181818,41.5345,-0.639102244389027,5.88256857855361,0.927227272727293,0.170040591534823,4.80921030428571,28
669276,SL,2026,"Lee, Dylan",breaking,222,2.44688427428829,0.445945945945946,1.57908622908623,0.201172906683596,48.3716216216216,1.77612612612613,6.54243243243243,48.8571428571429,1.62069565217391,6.57704347826086,0.485521235521269,0.15923742250598,5.48695261507071,99
687223,ST,2026,"Palmquist, Carson",breaking,58,2.44443691924138,0.327586206896552,7.62682555780933,0.27589803498667,20.4724137931035,2.94241379310345,4.93413793103448,12.8455882352941,3.14027397260274,4.8354794520548,7.62682555780935,0.221093071139911,7.46196533242105,19
605483,CH,2024,"Snell, Blake",offspeed,157,2.44237615261146,0.452229299363057,3.44359975344154,0.33218166347552,53.6617834394905,2.19866242038216,6.49229299363058,56.6970674486803,1.93263929618768,6.67240469208211,3.03528400918988,0.321260838767018,5.40074726704225,71
608665,SL,2023,"Graveman, Kendall",breaking,47,2.44159339812766,0.382978723404255,1.67379989449622,0.170722134965113,42.7446808510638,-1.14021276595745,5.70446808510638,42.8520661157025,-1.05380165289256,5.74380165289256,0.107385264638637,0.0949421403587587,6.37527165066667,18
641656,SL,2025,"Hamilton, Ian",breaking,124,2.43976590309678,0.483870967741936,2.59515683478882,0.140917308704451,37.1298387096774,-2.74306451612903,5.90016129032258,35.356906077348,-2.70640883977901,5.87458563535911,1.77293263232939,0.0446962273071023,5.0421828664,60
677958,SL,2026,"Rocker, Kumar",breaking,312,2.43724274561539,0.407051282051282,7.96131810897437,0.321089641557766,40.0887820512821,-2.04939102564103,5.99522435897436,32.1323660714286,-2.26542410714286,5.78904017857143,7.9564159798535,0.298633903888366,5.98755698135433,127
657240,SL,2023,"Merryweather, Julian",breaking,130,2.43632420126154,0.407692307692308,3.39104895104894,0.14323099407003,56.6476923076923,-1.65830769230769,6.13415384615385,53.2727272727273,-1.75579545454545,6.10852272727273,3.37496503496502,0.100800883137126,5.97588955026415,53
622554,ST,2026,"Domínguez, Seranthony",breaking,83,2.43519284978313,0.289156626506024,3.18765760717288,0.18667090816169,30.7096385542169,-1.79036144578313,5.59180722891566,27.943023255814,-1.77615819209039,5.53118644067797,2.76661529840292,0.0622624476070408,8.4217086055,24
691799,CU,2026,"Taylor, Grant",breaking,82,2.43474617502439,0.329268292682927,3.48905242500701,0.139953904735876,61.4670731707317,-0.539146341463415,5.94853658536585,58.1969348659004,-0.602183908045977,5.90567049808429,3.27013830483132,0.0762314648913505,7.39441430933334,27
671131,SL,2025,"Rutledge, Jackson",breaking,154,2.43380255641558,0.38961038961039,3.06369971491923,0.247028481951995,33.935064935065,-2.17850649350649,6.10025974025974,31.3287804878049,-2.27389294403893,6.0429197080292,2.60628444726008,0.111294448385248,6.2467598948,60
663372,CH,2026,"Feltner, Ryan",offspeed,93,2.43285368972043,0.462365591397849,4.96209915310684,0.193000303154853,46.5698924731183,-1.56752688172043,5.55365591397849,41.6079646017699,-1.62787610619469,5.51477876106195,4.96192787134834,0.0717876167144507,5.26175332893023,43
696147,SL,2026,"Bachman, Sam",breaking,182,2.43033376881319,0.379120879120879,3.96235679214402,0.173375866448489,36.7813186813187,-1.44225274725275,5.52307692307692,33.0489361702128,-1.46382978723404,5.43063829787234,3.7323825111059,0.0949234854188785,6.41044559310145,69
592094,SL,2025,"Adam, Jason",breaking,185,2.42861323005405,0.383783783783784,2.72195827406354,0.19949963201162,38.1383783783784,-1.074,6.3805945945946,39.6640350877193,-0.965438596491228,6.43596491228071,1.52565670934091,0.121866527038622,6.32807672619718,71
673513,FS,2026,"Matsui, Yuki",offspeed,94,2.42721798374468,0.478723404255319,2.14426291793313,0.206211001286327,54.7063829787234,2.04,6.08106382978723,54.7901785714286,1.87428571428572,6.12982142857143,0.0837955927051652,0.172738322120473,5.07018867715556,45
682842,SL,2025,"Uribe, Abner",breaking,228,2.42620490857895,0.447368421052632,4.70542743785258,0.216661614034365,40.7377192982456,-1.15315789473684,5.90583333333334,36.0448763250883,-1.21282685512367,5.83024734982332,4.69284297315727,0.0962996663380623,5.42328156035294,102
677960,ST,2026,"Weathers, Ryan",breaking,107,2.42552004684112,0.401869158878505,5.1134292693288,0.367971955896854,29.4841121495327,2.94532710280374,5.31196261682243,34.2267045454545,2.6487165775401,5.50213903743315,4.74259239592184,0.352341985368585,6.03559639562791,43
806185,CU,2025,"Birdsong, Hayden",breaking,50,2.42532588984,0.36,2.26234862385321,0.179907971278494,51.458,-1.8726,6.5138,49.7288990825688,-1.8845871559633,6.52715596330275,1.72910091743118,0.0179464108900044,6.73701636066667,18
682120,CU,2024,"Herrin, Tim",breaking,168,2.42421727547619,0.404761904761905,8.90702153472855,0.489505328912982,36.1452380952381,2.33410714285714,5.90339285714286,27.2382165605096,2.016375,5.5816875,8.90702153472853,0.452159320836143,5.98924268058824,68
679885,SL,2024,"Martinez, Justin",breaking,108,2.42340257859259,0.425925925925926,4.2953216374269,0.244663836462234,43.7666666666667,-2.86768518518519,6.29611111111111,39.6863157894737,-2.91817543859649,6.19908771929824,4.080350877193,0.109374605134882,5.68972779321739,46
694819,CU,2026,"Misiorowski, Jacob",breaking,82,2.42269375902439,0.451219512195122,7.22417876779924,0.270926849683512,36.1536585365854,-1.7390243902439,5.39036585365854,28.9294797687861,-1.88667630057804,5.21365606936417,7.22417876779925,0.230276864862019,5.36921319567568,37
643410,CU,2024,"Leiter Jr., Mark",breaking,65,2.42098865649231,0.507692307692308,5.27248378127898,0.291596087862942,53.2092307692308,-1.31892307692308,5.83169230769231,47.9367469879518,-1.58868263473054,5.77814371257485,5.27248378127897,0.275023037339657,4.76861402036364,33
593334,CU,2023,"Germán, Domingo",breaking,61,2.42022524740984,0.459016393442623,6.31569086651054,0.278077331526682,33.144262295082,-1.58344262295082,5.63704918032787,26.8285714285714,-1.67979591836735,5.40857142857143,6.31569086651055,0.247963788858984,5.27263357471428,28
642397,SL,2026,"Soto, Gregory",breaking,95,2.4141162712,0.421052631578947,3.45687479568486,0.253161472342757,35.1431578947368,2.2318947368421,5.58221052631579,32.0055900621118,2.2555487804878,5.54475609756098,3.13756783262502,0.0442983974218258,5.7335261441,40
678020,SL,2026,"Halvorsen, Seth",breaking,47,2.41280433753192,0.404255319148936,3.74324836738993,0.275489618842183,53.2489361702127,-2.05957446808511,6.20468085106383,50.7772277227723,-2.08524752475248,6.11009900990099,2.47170844744047,0.0980042372369604,5.96851599284211,19
656412,SL,2024,"Faedo, Alex",breaking,167,2.4111765828024,0.389221556886228,2.05734059519152,0.567572415097298,32.9419161676647,-2.2459880239521,6.0425748502994,34.2859296482412,-2.05160804020101,6.09145728643216,1.34401348057652,0.200432209600523,6.19486906658462,65
666200,ST,2025,"Luzardo, Jesús",breaking,395,2.40764105704304,0.425316455696203,4.10316807889118,0.29156606679985,30.5832911392405,2.45174683544304,5.70544303797468,34.1903436988543,2.2880162601626,5.9069756097561,3.60705255961379,0.259659543961887,5.66082272340476,168
693312,CU,2024,"Nicolas, Kyle",breaking,72,2.40646879738889,0.402777777777778,1.54450783771323,0.206333085166892,44.8430555555556,-1.23902777777778,5.99833333333334,44.392531120332,-1.26946058091286,6.1495020746888,0.450524435223599,0.154201633809938,5.97468115213793,29
641729,SL,2023,"Jiménez, Joe",breaking,66,2.40393425018182,0.515151515151515,2.45396825396826,0.271207272941906,31.3818181818182,-2.59742424242424,5.67181818181818,33.5904761904762,-2.3834126984127,5.80015873015873,2.20865800865802,0.249544058872492,4.66646060329412,34
666157,CU,2025,"Lodolo, Nick",breaking,349,2.40290248794269,0.39541547277937,2.63505492308718,0.128827577023929,16.4853868194843,3.70985673352436,5.43452722063038,13.9314847942755,3.69921288014311,5.39677996422183,2.55390202520877,0.0392192169882855,6.07690556733333,138
668674,SL,2024,"Erceg, Lucas",breaking,115,2.40203655238261,0.347826086956522,2.05124223602484,0.202788444305544,42.7547826086957,-2.02626086956522,6.00843478260869,43.1928571428571,-2.06705357142857,6.04915178571429,0.438074534161473,0.0576360899715917,6.9058550881,40
668674,SL,2025,"Erceg, Lucas",breaking,128,2.39783840090625,0.3515625,2.13350830078124,0.158522266463794,41.07265625,-1.874921875,5.9809375,42.054296875,-1.8253515625,5.9967578125,0.981640624999969,0.0520336253680741,6.82051811813333,45
628452,SL,2024,"Iglesias, Raisel",breaking,101,2.39567049651485,0.396039603960396,3.52388415312119,0.350313299888233,35.4950495049505,-1.69089108910891,5.62386138613862,33.7336898395722,-1.77919786096257,5.55401069518717,1.7613596653783,0.11259309473324,6.0490680037,40
669373,CH,2025,"Skubal, Tarik",offspeed,529,2.39068731005671,0.463137996219282,5.07134573773502,0.319753118045778,46.2345935727788,1.88158790170132,6.05914933837429,51.2693266832917,1.61160847880299,6.17537406483789,5.03473311051292,0.293933794977807,5.1619330082449,245
660271,SL,2025,"Ohtani, Shohei",breaking,53,2.38819197373585,0.433962264150943,7.83201557352501,0.490915051574631,41.333962264151,-2.13037735849057,6.03094339622642,33.7873015873016,-2.35116402116402,5.64301587301587,7.54666067684936,0.446356935286937,5.50322498295652,23
800311,SL,2026,"Fuentes, Didier",breaking,90,2.38749581546667,0.355555555555556,3.43749408983451,0.27847057192717,23.0222222222222,-2.63277777777778,4.93211111111111,24.5159574468085,-2.49879432624114,4.95507092198582,1.49373522458627,0.135936449126323,6.714831981,32
663776,CH,2023,"Sandoval, Patrick",offspeed,132,2.3827030650606,0.454545454545455,4.39469337929055,0.368009670371598,51.4015151515151,1.08439393939394,5.94659090909091,55.6279620853081,0.806018957345971,6.11151658767773,4.22644693379294,0.32356314698607,5.24194674313333,60
829272,SL,2025,"Ogasawara, Shinnosuke",breaking,56,2.37687414628571,0.392857142857143,2.66367096018736,0.181159341174296,44.5875,1.72803571428571,5.63696428571429,45.7393442622951,1.63254098360656,5.62483606557377,1.1518442622951,0.096261816476012,6.05022509963636,22
673540,FO,2025,"Senga, Kodai",offspeed,288,2.37621093825,0.40625,2.3893439716312,0.158099661288024,44.7166666666666,-2.10413194444444,5.93010416666667,45.876170212766,-2.02472340425532,5.94144680851064,1.15950354609931,0.0802145359580694,5.84913461723077,117
643410,FS,2023,"Leiter Jr., Mark",offspeed,77,2.37590998051948,0.467532467532468,3.73051948051948,0.289059475635407,50.3753246753247,-1.37935064935065,5.73090909090909,46.7115384615385,-1.63201923076923,5.66951923076923,3.66378621378621,0.260019474201587,5.08180745833333,36
543135,CU,2026,"Eovaldi, Nathan",breaking,195,2.37455571704615,0.394871794871795,5.05826023069574,0.224580861003298,40.5948717948718,-2.19697435897436,5.7868717948718,35.5578796561605,-2.30830945558739,5.64297994269341,5.03699213871131,0.181935067705927,6.01348525745455,77
673540,SL,2023,"Senga, Kodai",breaking,42,2.37051753142857,0.30952380952381,2.73482548332685,0.208408991471956,49.4904761904762,-1.9497619047619,5.91595238095238,46.9792915531335,-2.09651226158038,5.87828337874659,2.51118463734268,0.151507824727071,7.65859510153846,13
665795,SL,2025,"Cabrera, Edward",breaking,176,2.36942975802273,0.414772727272727,2.19232147978205,0.240938880481812,32.7534090909091,-1.41306818181818,5.92159090909091,33.2952681388013,-1.32996845425867,5.98406940063092,0.541859047892181,0.103966949679114,5.71259777276712,73
664126,SL,2026,"Fairbanks, Pete",breaking,56,2.3641294925,0.410714285714286,8.15980104370517,0.335470189471892,60.4607142857143,-0.269107142857143,7.07142857142857,52.3009132420091,-0.457123287671233,6.84794520547945,8.15980104370517,0.292052881455913,5.75614137304348,23
813349,ST,2026,"Early, Connelly",breaking,57,2.36101589964912,0.421052631578947,5.93073494547177,0.311735945161369,25.6438596491228,2.80385964912281,5.29578947368421,31.5745945945946,2.56056756756757,5.45981081081081,5.93073494547178,0.293417852184012,5.60741276166667,24
682120,SL,2026,"Herrin, Tim",breaking,80,2.3608002852,0.475,3.03696428571428,0.317304229859781,33.09125,2.1365,5.810125,30.2803571428571,1.89008928571429,5.67973214285715,2.81089285714287,0.278784033453625,4.97010586357895,38
605130,CU,2026,"Barlow, Scott",breaking,98,2.35991804118367,0.408163265306122,4.16137026239067,0.297757144936294,28.484693877551,-2.39816326530612,5.33051020408164,24.6178571428571,-2.37732142857143,5.20035714285714,3.86683673469387,0.131811234364078,5.7817992009,40
676742,SL,2026,"Sanders, Cam",breaking,51,2.35686455035294,0.450980392156863,2.35767263427109,0.195172197281415,35.6,-2.99705882352941,6.09078431372549,33.6760869565218,-3.11804347826087,6.01,1.92391304347826,0.145476431165286,5.22609095947826,23
656986,SL,2026,"Sousa, Bennett",breaking,43,2.3545076575814,0.348837209302326,6.07906976744186,0.198840519642805,59.6790697674419,0.788139534883721,6.41093023255814,53.6,0.953529411764706,6.35705882352941,6.07906976744188,0.173942347016038,6.7495886184,15
693312,SL,2025,"Nicolas, Kyle",breaking,90,2.35402446426667,0.444444444444444,3.69132791327912,0.213692693492763,44.6733333333333,-1.39,6.00344444444444,48.165243902439,-1.24615853658537,6.09993902439025,3.49191056910567,0.17320961450272,5.2965550446,40
668941,ST,2023,"Romero, JoJo",breaking,41,2.3539346017561,0.487804878048781,2.28319359756097,0.133002594155,37.5463414634146,1.59292682926829,5.49317073170732,35.9921875,1.54522388059701,5.5179104477612,1.55415396341462,0.0537366249625073,4.8255659336,20
521230,SL,2025,"Hendriks, Liam",breaking,40,2.3523525244,0.55,2.04896551724138,0.144786690413358,46.175,-1.7925,5.79875,47.5879310344828,-1.69568965517241,5.86258620689655,1.41293103448276,0.115962511944919,4.27700458981818,22
663574,SL,2025,"Santillan, Tony",breaking,67,2.34649094955224,0.388059701492537,2.10749166787423,0.218370598095887,27.2835820895522,-2.40417910447761,5.49194029850746,25.7514563106796,-2.32847087378641,5.35512135922331,1.53212577887265,0.15636866163408,6.04672667769231,26
571510,SL,2026,"Boyd, Matthew",breaking,67,2.34604033002985,0.447761194029851,9.41848268538729,0.658823208131565,14.6850746268657,2.76597014925373,5.03119402985075,24.103557312253,2.27332015810277,5.44150197628458,9.41848268538729,0.641136978100464,5.2394900704,30
669302,CU,2026,"Gilbert, Logan",breaking,77,2.34251649428571,0.350649350649351,2.11263586199209,0.243988176480951,43.5857142857143,-1.01181818181818,5.97805194805195,43.6339055793992,-1.04122317596567,5.98834763948498,0.0481912936848943,0.0311553357051039,6.68051000222222,27
641927,ST,2025,"Ober, Bailey",breaking,107,2.3390961964486,0.373831775700935,3.03959033249852,0.153459804764175,32.3420560747664,-1.38504672897196,5.93495327102804,31.7664488017429,-1.374,5.91104347826087,0.575607273023429,0.0263383448824914,6.2570823255,40
702674,CH,2025,"Dana, Caden",offspeed,46,2.33783575478261,0.5,8.73108233117483,0.428636778933224,39.0347826086956,-1.90586956521739,5.82913043478261,44.4010638297872,-1.715,5.99297872340425,5.36628122109158,0.251550099603474,4.67567150956522,23
669199,FS,2025,"Bachar, Lake",offspeed,62,2.33731764096774,0.32258064516129,3.95528448695088,0.416348081566098,34.5983870967742,-1.61112903225806,5.56112903225807,38.2653266331658,-1.39256281407035,5.81919597989949,3.66693953639164,0.338185956535518,7.245684687,20
702273,ST,2026,"Schultz, Noah",breaking,74,2.33656747481081,0.310810810810811,1.72690417690418,0.296709081818131,20.7635135135135,2.11513513513513,5.69567567567567,20.6727272727273,1.9500974025974,5.83474025974026,0.0907862407862403,0.215815689193934,7.51765187547826,23
665622,SL,2023,"Medina, Luis",breaking,122,2.33496704291803,0.434426229508197,8.46158012565896,0.46636375871206,38.3163934426229,-2.70106557377049,5.98729508196722,46.7779735682819,-2.40528634361234,6.30030837004405,8.46158012565897,0.430653772194816,5.37482979690566,53
571882,SL,2023,"Law, Derek",breaking,52,2.32941659146154,0.346153846153846,4.07683516483517,0.197509086341789,52.9769230769231,-1.22096153846154,6.47596153846154,49.1445714285714,-1.20542857142857,6.4464,3.83235164835165,0.0333939758199032,6.72942570866667,18
547973,SL,2026,"Chapman, Aroldis",breaking,43,2.32805285506977,0.395348837209302,4.05715977605512,0.195258234119598,55.7860465116279,0.389069767441861,6.20976744186047,52.3773148148148,0.359324324324324,6.19022522522523,3.40873169681309,0.0355905832668875,5.88860428047059,17
657585,ST,2024,"Garrett, Reed",breaking,63,2.32765360857143,0.317460317460317,3.97863520408164,0.27188071638414,34.2857142857143,-2.3231746031746,5.50587301587301,38.0290178571429,-2.10183406113537,5.60406113537118,3.74330357142858,0.242141575035776,7.332108867,20
687931,CH,2026,"Whisenhunt, Carson",offspeed,57,2.32627005936842,0.473684210526316,9.08869969040248,0.508814938996154,45.778947368421,2.12052631578947,5.99982456140351,54.8676470588235,1.75147058823529,6.34088235294118,9.08869969040249,0.502516215866807,4.91101456977778,27
693312,CU,2025,"Nicolas, Kyle",breaking,49,2.32338213869388,0.489795918367347,1.53415878546541,0.192519322858261,48.4040816326531,-1.30591836734694,5.98367346938775,48.165243902439,-1.24615853658537,6.09993902439025,0.238837730214073,0.130724583199524,4.7435718665,24
663574,SV,2025,"Santillan, Tony",breaking,111,2.3185465172973,0.387387387387387,2.10627131986356,0.168968982171477,26.6738738738739,-2.40774774774775,5.38945945945946,25.7514563106796,-2.32847087378641,5.35512135922331,0.922417563194273,0.0863940268358315,5.98508519581395,43
683232,SL,2025,"Mears, Nick",breaking,199,2.31843446522613,0.381909547738693,2.59016985755221,0.185769402071537,54.5628140703517,-1.71773869346734,6.20015075376884,56.1628099173554,-1.64293388429752,6.28334710743801,1.5999958470036,0.111881154529163,6.07063761289474,76
643377,ST,2025,"Jax, Griffin",breaking,218,2.31686651611009,0.444954128440367,2.70061162079511,0.187446353928777,41.9201834862385,-0.715229357798165,5.44330275229358,43.7827777777778,-0.594166666666667,5.52538888888889,1.86259429153926,0.146267935669935,5.20697835579382,97
662253,SL,2023,"Muñoz, Andrés",breaking,110,2.31637733781818,0.445454545454545,3.62238265002972,0.486925550448937,22.0918181818182,-2.58445454545455,5.01109090909091,18.616339869281,-2.9575641025641,4.98769230769231,3.47547831253715,0.373842528551663,5.20003075836735,49
625643,SL,2023,"López, Reynaldo",breaking,68,2.31606788770588,0.397058823529412,2.08790106951872,0.250210320186029,42.4882352941177,-1.94617647058824,5.795,43.1488636363636,-1.73244318181818,5.83664772727273,0.660628342246,0.217753190368009,5.83305986533333,27
502043,CU,2024,"Gibson, Kyle",breaking,98,2.31605807061225,0.428571428571429,2.22455936920222,0.163822257910624,46.7581632653061,-2.12061224489796,6.28765306122449,45.6602272727273,-2.13085899513777,6.27787682333873,1.09793599257887,0.0141622991663035,5.40413549809524,42
671922,ST,2025,"Smith, Cade",breaking,48,2.314184641,0.395833333333333,2.94954280964255,0.225141956831562,36.1791666666667,-2.62625,5.79833333333333,38.4259351620948,-2.49902743142145,5.87102244389028,2.24676849542809,0.146524021065778,5.84636119831579,19
641745,ST,2025,"Keller, Brad",breaking,68,2.31246006564706,0.426470588235294,2.08308823529412,0.171230474745173,45.8852941176471,-1.62897058823529,6.31661764705883,46.81875,-1.50011029411765,6.34636029411764,0.933455882352938,0.132248253123252,5.42232015393104,29
681293,ST,2024,"Arrighetti, Spencer",breaking,123,2.31074871606504,0.365853658536585,4.89649535029952,0.465067981666108,20.4130081300813,-1.91016260162602,4.92016260162602,25.0420624151968,-1.62569877883311,5.08344640434193,4.62905428511548,0.327995833368841,6.31604649057778,45
625643,SL,2024,"López, Reynaldo",breaking,288,2.30642562138889,0.423611111111111,2.57301838456902,0.264411444807742,39.3972222222222,-1.94243055555555,5.73298611111111,41.3424954792043,-1.74949367088608,5.80730560578662,1.94527325698213,0.206755964254447,5.44467687672131,122
684049,SL,2026,"Bidois, Brandan",breaking,57,2.30470075136842,0.43859649122807,4.8009658978908,0.193828451862328,67.6719298245614,-0.372456140350877,6.25754385964912,62.8988764044944,-0.474269662921348,6.20314606741573,4.77305342006701,0.115434454033771,5.25471771312,25
680704,SL,2023,"Sandlin, Nick",breaking,95,2.30289391098947,0.389473684210526,8.8395652173913,0.488770934663199,1.88,-3.01989473684211,3.98631578947368,10.7195652173913,-2.99532608695652,4.43510869565217,8.8395652173913,0.449464894283564,5.91283571740541,37
663855,ST,2024,"Hicks, Jordan",breaking,190,2.29992978092632,0.363157894736842,3.85027099664055,0.311260325899635,27.3142105263158,-1.98357894736842,5.48994736842105,30.6197872340426,-1.77548936170213,5.67544680851063,3.30557670772678,0.278767497991279,6.33313997646377,69
643410,CU,2026,"Leiter Jr., Mark",breaking,43,2.29974098009302,0.348837209302326,4.29551162790696,0.189827884138056,49.2325581395349,-1.08697674418605,5.8506976744186,44.973,-1.1835,5.7614,4.25955813953487,0.131494538173632,6.5925908096,15
682825,SL,2025,"Mey, Luis",breaking,45,2.29952837955556,0.4,3.62740128558311,0.172392535648677,37.7111111111111,-1.99866666666667,5.87666666666667,34.2247933884297,-1.99322314049587,5.84694214876033,3.48631772268137,0.030218850771268,5.74882094888889,18
605130,CU,2024,"Barlow, Scott",breaking,73,2.2944608309589,0.397260273972603,6.07342650870048,0.289387960116047,35.0082191780822,-1.69739726027397,5.47616438356164,29.2344594594595,-1.7622972972973,5.31135135135135,5.77375971862273,0.17713088491841,5.77571174689655,29
685801,SL,2024,"Bigge, Hunter",breaking,52,2.293158921,0.5,3.57564102564103,0.268201739539348,49.1961538461539,-0.61923076923077,5.55557692307693,52.2311111111111,-0.468,5.742,3.03495726495726,0.240050638765234,4.586317842,26
670990,ST,2024,"Ramírez, Yohan",breaking,85,2.29019750687059,0.329411764705882,6.92585635359117,0.598893073329087,28.98,-2.52035294117647,5.24082352941176,22.0541436464088,-2.51243093922652,5.02005524861878,6.92585635359116,0.220910370782324,6.95238528871428,28
666201,SL,2023,"Manoah, Alek",breaking,59,2.28876462020339,0.322033898305085,1.69209539523024,0.164341240523021,38.2661016949153,-2.10152542372881,5.75186440677966,38.7336283185841,-2.06115044247788,5.84442477876106,0.467526623668825,0.100982976646308,7.10721645221053,19
676962,KC,2026,"Brown, Ben",breaking,180,2.28278468195556,0.427777777777778,3.66166666666669,0.175929746142431,43.305,-1.47094444444445,6.41772222222223,39.9,-1.5357421875,6.30699218749999,3.40500000000002,0.128296095399201,5.336379776,77
666142,CH,2024,"Ragans, Cole",offspeed,406,2.28203135666995,0.45320197044335,2.00364913395837,0.308436770008273,44.0935960591133,1.17396551724138,6.2614039408867,45.7234838709677,1.07317419354839,6.3892,1.6298878118544,0.162759711405111,5.03535179786957,184
573009,CU,2024,"Mantiply, Joe",breaking,118,2.28124465779661,0.398305084745763,2.20857627118644,0.174926471037587,16.6898305084746,3.35271186440678,5.16915254237288,14.863,3.3227,5.1274,1.82683050847457,0.0514197121712091,5.72738020468085,47
592848,ST,2023,"Weiss, Zack",breaking,53,2.27806515916981,0.358490566037736,4.14622641509433,0.429102566055744,45.9037735849056,-1.57509433962264,5.60188679245283,49.7611111111111,-1.17166666666667,5.73833333333333,3.85733752620546,0.425877383556497,6.35460281242105,19
669302,ST,2025,"Gilbert, Logan",breaking,65,2.27529248123077,0.338461538461539,4.33201153846153,0.302312978564148,40.2861538461539,-0.965692307692307,5.71969230769231,41.97175,-0.889024999999999,5.78985,1.68559615384612,0.10392294192683,6.72245505818182,22
690990,ST,2025,"Horton, Cade",breaking,206,2.27432265629126,0.364077669902913,3.26451062713196,0.150744783581042,50.523786407767,-2.35296116504855,6.01446601941747,47.3211711711712,-2.39630630630631,6.04056306306306,3.20261523659583,0.0505950289820513,6.24680622928,75
665896,SL,2024,"Marte, José",breaking,42,2.27257512580952,0.428571428571429,3.30558730158731,0.273957759088252,27.5428571428571,-1.91857142857143,5.44738095238095,30.4226666666667,-1.76693333333333,5.63133333333333,2.87980952380954,0.238395869061289,5.30267529355556,18
680730,CU,2025,"Parker, Mitchell",breaking,269,2.27252344573978,0.286245353159851,5.16671280550505,0.430757904987278,59.3379182156134,1.62156133828996,6.17315985130112,64.3010638297873,1.24175531914894,6.33,4.9631456141739,0.410915373793244,7.93907541433766,77
676571,ST,2025,"Poulin, PJ",breaking,43,2.27044421674419,0.372093023255814,3.0391771019678,0.2033505331331,15.8418604651163,2.55953488372093,4.29325581395349,15.9835164835165,2.44439560439561,4.38835164835165,0.141656018400207,0.149332753819908,6.1018188325,16
669022,CH,2024,"Gore, MacKenzie",offspeed,121,2.26846882654545,0.487603305785124,2.3967662518603,0.226864840203059,46.2280991735537,1.83917355371901,5.73768595041322,45.8782567049808,1.9142009569378,5.86498564593302,0.349842468572895,0.147764419645559,4.65228352562712,59
677961,SL,2026,"Wilcox, Cole",breaking,46,2.26802448443478,0.391304347826087,3.87875776397515,0.138513137288987,29.7478260869565,-2.30847826086957,5.7854347826087,25.9085714285714,-2.21527027027027,5.72121621621622,3.83925465838509,0.113189017934883,5.79606257133333,18
700187,ST,2024,"Taylor, Troy",breaking,63,2.26115467530159,0.428571428571429,1.65601217656012,0.176213434046724,29.7539682539682,-1.44428571428571,5.57539682539683,30.8808219178082,-1.35767123287671,5.69520547945206,1.12685366383998,0.14783836435877,5.27602757570371,27
650911,SL,2026,"Sánchez, Cristopher",breaking,192,2.26055328833333,0.4375,2.30319867886177,0.14472277010508,33.240625,1.89895833333333,6.11786458333333,31.2143902439025,1.93019512195122,6.04151219512195,2.02623475609756,0.0824949946890084,5.16697894476191,84
608718,CH,2025,"Suter, Brent",offspeed,106,2.25986971867925,0.330188679245283,4.4188679245283,0.192565840632754,48.122641509434,3.40396226415094,6.09971698113208,52.426,3.23874285714286,6.06454285714286,4.30335849056601,0.168922086923271,6.84417686228571,35
690997,CU,2025,"McLean, Nolan",breaking,49,2.25906713902041,0.489795918367347,1.66933404940924,0.229160388415178,28.2714285714286,-3.68693877551021,5.29897959183673,28.1394736842105,-3.61953947368421,5.15532894736842,0.131954887218061,0.158676316893205,4.6122620755,24
675911,SL,2026,"Strider, Spencer",breaking,92,2.25462092673913,0.369565217391304,2.03160535117055,0.143259772007851,44.3695652173913,-1.82054347826087,5.78239130434783,46.2410256410256,-1.70294871794872,5.83076923076923,1.87146042363431,0.127157191765573,6.10073897823529,34
656550,SL,2026,"Holmes, Grant",breaking,297,2.25374228453872,0.383838383838384,2.22516882042021,0.186895642582751,40.0360269360269,-2.38713804713805,5.81791245791246,39.1555865921788,-2.36478378378379,5.81245945945946,0.88044034384815,0.0230097432023922,5.87159174129825,114
642216,ST,2023,"Winans, Allan",breaking,63,2.25117604114286,0.317460317460317,2.85238095238095,0.149817109288193,31.5492063492064,-2.05809523809524,5.66698412698413,34.3,-1.97421052631579,5.75621052631579,2.75079365079364,0.122466302336661,7.0912045296,20
669203,CU,2023,"Burnes, Corbin",breaking,96,2.248535482125,0.520833333333333,7.10195833333331,0.332153112652759,48.6364583333334,-0.393333333333333,6.06760416666667,41.5345,-0.639102244389027,5.88256857855361,7.10195833333332,0.307637004454674,4.31718812568,50
605280,SL,2024,"Holmes, Clay",breaking,110,2.24475790912727,0.390909090909091,4.04866568914955,0.222049600907258,52.4281818181818,-0.647909090909091,6.64781818181818,48.4334677419355,-0.811388888888889,6.5634126984127,3.99471407624633,0.183983504631337,5.7424039535814,43
665660,SL,2025,"Alvarado, Elvis",breaking,102,2.24431464164706,0.411764705882353,2.35247590561649,0.21010250212588,18.9421568627451,-2.49686274509804,5.61166666666667,18.5245762711864,-2.40491525423729,5.69470338983051,0.417580591558661,0.123892850759744,5.45047841542857,42
686753,SL,2026,"Jameson, Drey",breaking,43,2.24399552874419,0.418604651162791,3.09883720930233,0.227751883587194,38.6232558139535,-2.19023255813954,5.54627906976744,40.802380952381,-2.0352380952381,5.635,2.17912513842747,0.178590836807033,5.36065598533333,18
680704,SL,2024,"Sandlin, Nick",breaking,142,2.24332940301409,0.373239436619718,6.76497208100676,0.449530061242066,7.92535211267605,-3.09098591549296,4.27683098591549,14.6887573964497,-3.01798816568047,4.65579881656805,6.76340528377366,0.385934305481115,6.01042972128302,53
680704,FS,2024,"Sandlin, Nick",offspeed,137,2.2427710359708,0.45985401459854,2.84776918757829,0.241587100933119,12.5416058394161,-2.98131386861314,4.51729927007299,14.6887573964497,-3.01798816568047,4.65579881656805,2.14715155703365,0.14327291594966,4.87713701473016,63
808963,SL,2026,"Sasaki, Roki",breaking,150,2.24210803018667,0.393333333333333,1.90373719806765,0.17355518526663,49.4546666666667,-1.78486666666667,6.25866666666667,47.8368115942029,-1.74577903682719,6.23495750708215,1.61785507246378,0.0457161574792962,5.70027465301695,59
820862,SL,2025,"Fermin, José",breaking,132,2.24046667921212,0.424242424242424,3.67456782591011,0.301209837103365,46.2833333333334,-1.84151515151515,6.29537878787879,45.9973154362416,-1.63046979865772,6.23013422818792,0.286017897091718,0.220900415418292,5.28110002957143,56
542881,CH,2025,"Anderson, Tyler",offspeed,405,2.23984856183704,0.377777777777778,6.1690357221126,0.312540995840541,59.2002469135803,1.2963950617284,6.46646913580247,53.0464497041421,1.45703976435935,6.23412371134021,6.1537972094382,0.282473214220277,5.92901089898039,153
605130,ST,2024,"Barlow, Scott",breaking,181,2.23889993960221,0.397790055248619,4.48615424817082,0.35619309583166,25.5077348066298,-2.03325966850829,5.17773480662983,29.2344594594595,-1.7622972972973,5.31135135135135,3.72672465282962,0.30211585134779,5.6283456815,72
572403,ST,2023,"VerHagen, Drew",breaking,72,2.23881026038889,0.430555555555556,1.93344748858448,0.152699539152564,47.1861111111111,-1.22638888888889,6.28944444444444,48.3849315068493,-1.1172602739726,6.30150684931507,1.19882039573823,0.109793242983391,5.19981737896774,31
666157,CU,2026,"Lodolo, Nick",breaking,110,2.23684839276364,0.354545454545455,2.44905106845346,0.110697807419656,16.0536363636364,3.72290909090909,5.34409090909091,13.7322709163347,3.71079681274901,5.31764940239044,2.32136544730171,0.0290836820024224,6.30905956933333,39
681217,ST,2026,"Silseth, Chase",breaking,55,2.23521250167273,0.327272727272727,5.28192747143566,0.327093773764525,30.2781818181818,-2.284,5.69963636363637,35.5601092896175,-2.03147540983607,5.87535519125683,5.28192747143564,0.307645534695003,6.82981597733333,18
656302,KC,2025,"Cease, Dylan",breaking,69,2.23398652713044,0.36231884057971,2.41793478260869,0.244175885894285,52.6898550724638,-1.41840579710145,6.10594202898551,53.3875,-1.31299418604651,6.22870639534884,0.697644927536224,0.161810683806069,6.16580281488,25
676917,KC,2025,"Cavalli, Cade",breaking,110,2.23388302232727,0.381818181818182,3.14664401019541,0.240594124655247,45.9381818181818,-2.30636363636364,6.224,43.7542056074766,-2.35869158878505,6.1685046728972,2.18397621070518,0.0762754608957841,5.85064601085714,42
676105,SL,2024,"Criswell, Jeff",breaking,66,2.22331303751515,0.439393939393939,3.36792929292929,0.230102632328656,34.7075757575758,-3.03984848484849,5.47924242424242,31.8958333333333,-3.1,5.34888888888889,2.81174242424241,0.143562700428027,5.05995380951724,29
642100,SL,2024,"Speier, Gabe",breaking,46,2.22330739278261,0.369565217391304,2.38778165661695,0.209155127995532,27.5,1.71478260869565,5.25586956521739,29.2014598540146,1.60430656934307,5.37649635036496,1.7014598540146,0.163571930862459,6.01600823929412,17
683409,CH,2025,"Chivilli, Angel",offspeed,195,2.22275180541539,0.425641025641026,1.57704178537512,0.190802193869931,34.4174358974359,-1.63912820512821,5.75466666666666,34.1935185185185,-1.5375,5.80615740740741,0.223917378917371,0.113927996820849,5.22212773561446,83
656529,SL,2023,"Hentges, Sam",breaking,45,2.22253665048889,0.355555555555556,1.65011820330969,0.155680030659041,43.2933333333333,1.65533333333333,6.39577777777778,42.3021276595745,1.59189473684211,6.43242105263158,0.99120567375887,0.0732610750452652,6.2508843295,16
605447,SL,2026,"Romano, Jordan",breaking,78,2.221388176,0.358974358974359,5.24157208911308,0.329159904194016,52.5461538461538,-1.70807692307692,6.04653846153846,55.2934426229508,-1.49327868852459,6.05245901639344,2.74728877679701,0.214879814167338,6.188152776,28
572955,CU,2023,"Johnson, Pierce",breaking,138,2.22100441315942,0.384057971014493,5.56758271807493,0.320872536549126,41.4239130434782,-1.87398550724638,6.15673913043478,35.9811320754717,-2.03716981132076,5.94924528301887,5.44278096800655,0.26397502497717,5.7829926229434,53
673513,FS,2025,"Matsui, Yuki",offspeed,181,2.22059620506077,0.43646408839779,2.71781033976567,0.193606298343735,54.9988950276243,2.12132596685083,6.0367955801105,55.4772946859904,1.97371980676329,6.09101449275363,0.478399658366051,0.157249066718986,5.08769510273418,79
594580,ST,2024,"Moll, Sam",breaking,69,2.219083424,0.36231884057971,4.78945527236382,0.333577511998144,13.936231884058,2.54594202898551,4.91304347826087,18.4655172413793,2.32362068965517,5.10149425287357,4.52928535732134,0.291445487825356,6.12467025024,25
502043,ST,2023,"Gibson, Kyle",breaking,124,2.21767923258065,0.42741935483871,3.53908020924151,0.227516729819293,41.1717741935484,-2.23370967741935,6.15991935483871,44.6486486486487,-2.09087837837838,6.29435810810811,3.47687445510027,0.196149326703824,5.18853254415095,53
592662,KC,2025,"Ray, Robbie",breaking,133,2.2175087117594,0.360902255639098,2.88800577353043,0.310363740977134,44.4315789473684,2.82045112781955,6.10684210526316,46.9800501882058,2.5624843161857,6.2171894604768,2.54847124083734,0.280576931887105,6.1443470555,48
666808,SL,2026,"Doval, Camilo",breaking,85,2.21632896522353,0.435294117647059,4.08299623297594,0.301084630811761,21.5517647058823,-1.44352941176471,5.51282352941176,17.7152709359606,-1.6872380952381,5.41219047619048,3.83649376992175,0.263668226756602,5.09156654172973,37
502043,ST,2024,"Gibson, Kyle",breaking,299,2.21531324001338,0.394648829431438,3.87967847370021,0.235555633974627,41.8785953177257,-2.29675585284281,6.14832775919733,45.6602272727273,-2.13085899513777,6.27787682333873,3.78163195500155,0.210486881815285,5.6133784641017,118
663546,KC,2025,"Hjelle, Sean",breaking,42,2.21411192457143,0.404761904761905,1.64950869236583,0.21425454913341,26.4428571428571,-1.66761904761905,6.22595238095238,27.0079365079365,-1.51,6.30126984126984,0.565079365079356,0.174689679148505,5.47015887247059,17
605483,SL,2023,"Snell, Blake",breaking,68,2.21375773576471,0.544117647058824,2.13571716357775,0.131404846472626,58.225,2.12132352941176,6.6275,56.4826484018265,2.09405286343612,6.5642731277533,1.7423515981735,0.0688572915300545,4.06852773059459,37
656061,SL,2023,"Abreu, Albert",breaking,52,2.21354632946154,0.403846153846154,3.30671794871796,0.44726874169641,37.7692307692308,-1.84673076923077,5.73288461538462,40.9306666666667,-1.42586666666667,5.78226666666667,3.16143589743589,0.423751318364805,5.48116233961905,21
680742,SL,2026,"Bowlan, Jonathan",breaking,56,2.21167740492857,0.375,1.21120974401321,0.212895684009951,42.4535714285714,-2.62303571428571,6.21392857142857,42.2976878612717,-2.48254335260116,6.27959537572255,0.15588356729976,0.155081375019333,5.89780641314286,21
676282,CH,2024,"Cantillo, Joey",offspeed,85,2.21167631477647,0.423529411764706,2.42144589133362,0.116347084545327,53.5047058823529,0.227529411764706,5.94435294117647,55.5549618320611,0.204809160305344,5.93687022900763,2.05025594970812,0.0239207192153241,5.222013521,36
642701,SL,2024,"Santana, Dennis",breaking,188,2.21054304238298,0.398936170212766,1.60864666899198,0.20509228271245,32.6404255319149,-2.35122340425532,5.68436170212766,32.0826229508197,-2.29118032786885,5.77137704918033,0.55780258109521,0.105720582880757,5.54109455957334,75
681293,CU,2024,"Arrighetti, Spencer",breaking,189,2.20983882861376,0.396825396825397,3.17661476168939,0.386178716737137,26.5650793650794,-1.72275132275132,5.14116402116402,25.0420624151968,-1.62569877883311,5.08344640434193,1.52301694988261,0.112918198589152,5.56879384810667,75
670059,ST,2026,"Holderman, Colin",breaking,90,2.20907829853333,0.4,2.59576519916142,0.196037012261552,24.9555555555556,-2.19633333333333,5.40233333333334,23.7207547169811,-2.158625,5.4101875,1.23480083857442,0.0385176107359418,5.52269574633333,36
543135,CU,2025,"Eovaldi, Nathan",breaking,169,2.20793622049704,0.420118343195266,4.48895187652585,0.239520417980493,35.4360946745562,-2.3389349112426,5.48041420118343,31.1132867132867,-2.4473023255814,5.33955813953488,4.3228079612695,0.177718672608183,5.25551015864789,71
669467,KC,2025,"Pallante, Andre",breaking,117,2.20659395230769,0.41025641025641,4.12389431556096,0.155437828431321,61.8641025641026,-1.46641025641026,6.13521367521367,57.761507936508,-1.59166666666667,6.13011904761905,4.10259462759459,0.125359975832199,5.37857275875,48
453286,SL,2023,"Scherzer, Max",breaking,71,2.20641004309859,0.436619718309859,2.73519184069936,0.20389433493254,27.2718309859155,-3.19295774647887,5.34295774647887,29.5744827586207,-3.07577319587629,5.4841237113402,2.3026517727052,0.183466750489454,5.05339074387097,31
668933,SL,2026,"Ashcraft, Graham",breaking,97,2.20620385991753,0.43298969072165,2.45118253486961,0.204236835611324,53.6608247422681,-0.0396907216494845,6.33309278350515,55.5117647058823,0.0717647058823529,6.45843137254902,1.85093996361427,0.167726188264717,5.09528034314286,42
605135,ST,2025,"Bassitt, Chris",breaking,86,2.20609283660465,0.5,5.61304706097782,0.649921500657644,25.7197674418605,-2.31941860465116,5.14906976744186,31.3240719910011,-1.98773903262092,5.42793025871766,5.60430454914063,0.433329565223453,4.4121856732093,43
666808,SL,2023,"Doval, Camilo",breaking,69,2.20599401466667,0.463768115942029,4.16992243314962,0.214095995997011,19.731884057971,-1.64811594202899,5.39463768115942,15.6218309859155,-1.80781690140845,5.31021126760563,4.11005307205552,0.18064389204254,4.756674594125,32
808963,FO,2025,"Sasaki, Roki",offspeed,81,2.20584419481481,0.345679012345679,3.60714607551592,0.20379319233317,46.0728395061728,-2.24135802469136,6.17246913580247,42.4656934306569,-2.38526666666666,6.11626666666667,3.6071460755159,0.15449406063709,6.381192135,28
660271,ST,2026,"Ohtani, Shohei",breaking,173,2.20491664575723,0.375722543352601,2.3787329348023,0.19893402465224,31.593063583815,-2.18745664739884,5.56161849710983,32.0951566951567,-2.10965811965812,5.56871794871795,0.502093111341679,0.0781217839770716,5.86847045716923,65
663738,SL,2026,"Lynch IV, Daniel",breaking,82,2.20399364092683,0.439024390243902,3.27405205984832,0.203277764596855,44.7146341463415,1.63243902439024,6.16487804878049,41.546218487395,1.66302521008403,6.00394957983193,3.16841565894649,0.163809300326389,5.02020773766667,36
695505,SL,2025,"Burns, Chase",breaking,139,2.20281923864748,0.438848920863309,3.669777916797,0.341987885211832,50.2294964028777,-1.82482014388489,6.36863309352518,53.5504347826087,-1.53352173913044,6.49830434782609,3.32093837973098,0.318856385861192,5.01953892085246,61
683618,SL,2026,"Henriquez, Edgardo",breaking,57,2.20158135052632,0.350877192982456,4.17577454273985,0.205598910684704,40.9736842105263,-1.94736842105263,6.14929824561404,36.8451063829787,-1.94210743801653,5.98971074380165,4.12857782754761,0.159674195401837,6.274506849,20
669373,CH,2024,"Skubal, Tarik",offspeed,423,2.20071985526241,0.449172576832151,2.64821518046601,0.201976948200697,46.4009456264775,1.73460992907801,6.13042553191489,48.6803698435277,1.62812760055478,6.18900138696256,2.27942421705025,0.121530313429592,4.89949736197895,190
656756,CU,2024,"Montgomery, Jordan",breaking,254,2.19648052549606,0.330708661417323,3.14987764478704,0.181826340381419,47.4346456692913,1.50145669291339,6.61625984251968,44.3264270613107,1.57818181818182,6.62405919661733,3.1082186079806,0.0771205210809482,6.64173873185714,84
663574,SV,2026,"Santillan, Tony",breaking,55,2.19287498603636,0.290909090909091,2.58769501466276,0.164303419433595,23.6709090909091,-2.37290909090909,5.22,24.2748387096774,-2.26896774193548,5.23264516129032,0.603929618768348,0.104707708075918,7.5380077645,16
682610,SL,2024,"Muñoz, Roddery",breaking,137,2.19087687950365,0.313868613138686,7.79880762475628,0.329078184329117,43.5109489051095,-1.49445255474453,5.8443795620438,35.7121412803532,-1.58430463576159,5.63777041942604,7.79880762475627,0.22530142981424,6.98023563934884,43
605135,ST,2024,"Bassitt, Chris",breaking,113,2.1872194259469,0.424778761061947,6.57921089693734,0.615205400879833,28.1796460176991,-2.15159292035398,5.20575221238938,34.7004750593824,-1.72203087885986,5.50410926365796,6.52082904168331,0.523010972671016,5.14907906525,48
669920,CH,2025,"Alexander, Jason",offspeed,219,2.18682715994521,0.392694063926941,3.00712403014441,0.229313088076925,23.0095890410959,-1.44698630136986,5.53424657534246,20.5837398373984,-1.59008097165992,5.47906882591093,2.42584920369753,0.153364496210008,5.56878079102326,86
605488,CH,2025,"Springs, Jeffrey",offspeed,412,2.18379144363107,0.402912621359223,3.27887214500241,0.32333361096228,45.3519417475728,2.37402912621359,6.26917475728155,42.2444244604317,2.33510791366907,5.97075539568345,3.1075172871411,0.300946799555263,5.42001249865061,166
805673,CU,2026,"Matthews, Zebby",breaking,60,2.1823539826,0.383333333333333,3.5174367816092,0.135391019299118,40.6616666666667,-2.21166666666667,5.88816666666667,37.2331034482759,-2.14996551724138,5.88134482758621,3.42856321839081,0.0620771240380987,5.69309734591304,23
665625,SL,2025,"Peguero, Elvis",breaking,49,2.17982849591837,0.448979591836735,2.6865416436845,0.187411821965985,21.9020408163265,-2.95897959183673,5.41571428571428,21.4405405405405,-2.80567567567568,5.44486486486487,0.461500275785983,0.156050783321107,4.85507255909091,22
607192,KC,2026,"Glasnow, Tyler",breaking,48,2.17957224608333,0.458333333333333,3.17119304556353,0.200579873790192,59.6333333333334,-1.30916666666667,6.24395833333334,56.6100719424461,-1.37604316546763,6.09287769784173,3.02326139088729,0.165220532962532,4.75543035509091,22
681895,ST,2026,"Sisk, Evan",breaking,47,2.17890719923404,0.319148936170213,8.56265139116204,0.529427267794327,14.4404255319149,3.94702127659574,4.80127659574468,23.0030769230769,3.62361538461539,5.20307692307692,8.56265139116204,0.515785686125458,6.8272425576,15
681982,ST,2026,"Anderson, Grant",breaking,118,2.17769977779661,0.372881355932203,10.2577070674768,0.524862799746475,0.534745762711864,-2.20449152542373,4.09720338983051,10.7924528301887,-2.09485849056604,4.58849056603773,10.2577070674768,0.503371127338245,5.84019485863636,44
608337,CH,2023,"Giolito, Lucas",offspeed,245,2.17764270809796,0.359183673469388,2.39330530202031,0.240024827029896,49.5648979591837,-1.31257142857143,6.31669387755102,51.7959798994975,-1.16743718592965,6.38522613065326,2.23108194031381,0.160501146732577,6.06275526686364,88
656427,KC,2025,"Flaherty, Jack",breaking,345,2.17681072728116,0.402898550724638,4.08282135314252,0.291047181585552,24.8515942028985,-2.65834782608696,5.19159420289855,28.2085427135678,-2.51541806020067,5.38240802675585,3.35694851066931,0.238408962397292,5.4028755461295,139
676282,CH,2026,"Cantillo, Joey",offspeed,242,2.17649364436364,0.40495867768595,2.53389979338843,0.203893442630214,50.2809917355372,0.612190082644628,5.88966942148761,50.700625,0.66109375,5.87112500000001,0.419633264462824,0.0523016658349862,5.37460675444898,98
605121,SL,2024,"Anderson, Justin",breaking,194,2.17419650626804,0.407216494845361,1.68503464593545,0.200720056057496,35.4005154639175,-2.69721649484536,5.67515463917526,36.0299180327869,-2.54979508196721,5.68086065573771,0.629402568869388,0.14753179860627,5.339166104,79
605130,ST,2025,"Barlow, Scott",breaking,152,2.17172476718421,0.381578947368421,5.24451754385966,0.441812441175013,19.3269736842105,-2.57947368421053,5.06657894736842,24.2333333333333,-2.31401041666667,5.26203125,4.90635964912283,0.329654893819353,5.69141663124138,58
663623,CU,2026,"Irvin, Jake",breaking,111,2.17095381711712,0.423423423423423,2.40763867315591,0.170903505412251,27.0918918918919,-2.11351351351351,5.47144144144144,26.3030651340996,-2.1236690647482,5.42032374100719,0.788826757792275,0.0521167393316759,5.12714624893617,47
681857,SL,2025,"Olson, Reese",breaking,123,2.16813423990244,0.447154471544715,2.65649222511643,0.137169230402996,37.6715447154472,-2.75918699186992,5.98666666666667,36.1427184466019,-2.78184466019417,5.99757281553398,1.52882626884522,0.0251458548673132,4.84873657287273,55
667755,SL,2025,"Soriano, José",breaking,91,2.1646656178022,0.395604395604396,4.04423861852432,0.225992381887248,38.1153846153846,-1.11065934065934,5.89813186813187,34.6138775510204,-1.25880272108843,5.83965986394558,3.5015070643642,0.159265302054532,5.471793645,36
592662,KC,2026,"Ray, Robbie",breaking,84,2.16243382342857,0.369047619047619,2.37669990192874,0.201828923371715,43.8702380952381,2.77619047619048,6.10809523809524,45.2512585812357,2.62443708609272,6.13328918322297,1.38102048599761,0.153830511528963,5.85949810219355,31
668909,CU,2023,"Williams, Gavin",breaking,58,2.16108027413793,0.431034482758621,8.523630831643,0.387050348738392,46.2706896551724,-2.52413793103448,6.07948275862069,37.7470588235294,-2.77188235294118,5.81509803921569,8.523630831643,0.362321098531046,5.013706236,25
607481,ST,2024,"Bummer, Aaron",breaking,165,2.16091994210909,0.412121212121212,5.31765692640692,0.410636306266982,10.1218181818182,2.34066666666667,5.22163636363637,4.94017857142858,2.43723214285714,5.05424107142857,5.1816396103896,0.193251326115053,5.24340868305882,68
543518,FS,2023,"McGough, Scott",offspeed,86,2.16083438195349,0.430232558139535,1.48718456209797,0.220081697746462,46.1837209302326,-1.66697674418605,5.985,45.0159574468085,-1.63530612244898,5.98112244897959,1.16776348342405,0.0319071102284156,5.02247991481081,37
681006,ST,2025,"Simpson, Josh",breaking,68,2.160170807,0.367647058823529,8.61208791208792,0.526052945530427,17.9,1.62088235294118,4.84558823529412,26.5120879120879,1.32637362637363,5.25868131868132,8.61208791208792,0.507327591962813,5.87566459504,25
700270,SL,2024,"Díaz, Yilber",breaking,51,2.15783828643137,0.352941176470588,5.36278966131907,0.316335398885313,38.5568627450981,-1.05843137254902,5.53666666666667,43.5977272727273,-0.822727272727273,5.70212121212121,5.04086452762922,0.287978522262251,6.11387514488889,18
592773,SL,2026,"Stanek, Ryne",breaking,71,2.1574983308169,0.380281690140845,2.81297960174841,0.239481134411764,48.1380281690141,-0.70943661971831,6.31859154929578,45.9181034482759,-0.554872881355932,6.39419491525424,2.21992472073821,0.172063413196422,5.67342153659259,27
679885,FS,2024,"Martinez, Justin",offspeed,130,2.15381453236923,0.523076923076923,7.40634008097165,0.366582739771843,47.0761538461538,-2.65223076923077,6.37053846153846,39.6863157894737,-2.91817543859649,6.19908771929824,7.38983805668015,0.316420486344935,4.117586606,68
607259,CH,2026,"Martinez, Nick",offspeed,220,2.15209025763636,0.327272727272727,6.26516878342251,0.277787879997694,58.8722727272727,-1.55954545454545,6.20140909090909,52.607169117647,-1.718,5.99748623853211,6.26510360962573,0.258248664462704,6.57583134277778,72
547179,ST,2024,"Lorenzen, Michael",breaking,54,2.15170706444444,0.277777777777778,2.38681035084048,0.155858188511182,43.1074074074074,-1.48518518518519,5.71222222222222,42.443879472693,-1.47295668549906,5.7804143126177,0.663527934714381,0.069279848419855,7.746145432,15
669022,CU,2024,"Gore, MacKenzie",breaking,232,2.15054136958621,0.323275862068966,7.78233171488969,0.243896529014893,53.6047413793104,1.71620689655173,5.91094827586206,45.8782567049808,1.9142009569378,5.86498564593302,7.72648467432951,0.203258975935033,6.65234130325333,75
656550,CU,2026,"Holmes, Grant",breaking,56,2.14965526742857,0.321428571428571,2.07795291300876,0.165239581400341,40.7839285714286,-2.41339285714286,5.86017857142857,39.1555865921788,-2.36478378378379,5.81245945945946,1.62834197924978,0.0681172199957413,6.68781638755556,18
658648,CU,2023,"Avila, Pedro",breaking,58,2.14840558944828,0.379310344827586,5.28565042875389,0.251053793588461,46.3258620689655,-0.982586206896552,5.6848275862069,41.0402116402116,-1.19487046632124,5.58331606217617,5.2856504287539,0.235306600652278,5.66397837218182,22
592094,SL,2026,"Adam, Jason",breaking,113,2.14766324169912,0.371681415929204,2.34227952395484,0.191080610911645,36.6026548672566,-1.05592920353982,6.32796460176991,37.9948275862069,-0.969180327868852,6.35934426229508,1.39217271895028,0.0922499350940292,5.77823681695238,42
669854,CU,2024,"Blanco, Ronel",breaking,91,2.14673393810989,0.362637362637363,2.27956914879989,0.18765078743397,49.2054945054945,-0.987692307692308,6.18098901098901,47.3365967365968,-0.874298850574712,6.17027586206896,1.86889776889774,0.113898409457127,5.91978146569697,33
658648,CH,2023,"Avila, Pedro",offspeed,117,2.14358653169231,0.418803418803419,1.9562519784742,0.124472306361814,41.0188034188035,-1.23632478632479,5.54700854700855,41.0402116402116,-1.19487046632124,5.58331606217617,0.0214082214081799,0.0551062274575497,5.11835967771429,49
663671,SL,2025,"Enright, Nic",breaking,75,2.14346290293333,0.413333333333333,4.48952380952381,0.296894857445097,50.8213333333333,-1.6128,6.11333333333334,55.3108571428571,-1.37565714285714,6.25525714285714,4.4895238095238,0.276367694211219,5.18579734580645,31
477132,CU,2024,"Kershaw, Clayton",breaking,41,2.14241776917073,0.317073170731707,8.90069686411147,0.404974079225001,64.1292682926829,1.28707317073171,6.30487804878049,55.2285714285715,1.60779220779221,6.07883116883117,8.90069686411148,0.392374684030247,6.75685604123077,13
593576,FS,2023,"Neris, Héctor",offspeed,72,2.14055346316667,0.375,4.6048780487805,0.243247508923697,42.1569444444445,-1.5,6.12847222222222,37.7646341463415,-1.55176829268293,5.97512195121951,4.39231029810301,0.161852592638824,5.70814256844445,27
680742,SL,2025,"Bowlan, Jonathan",breaking,108,2.14010431118518,0.37962962962963,1.51860036832413,0.169051278199269,41.6018518518518,-2.59731481481482,6.12703703703704,40.9585635359116,-2.52005524861879,6.19232044198895,0.643288315940247,0.101148225545059,5.63734794165854,41
622491,SL,2023,"Castillo, Luis",breaking,156,2.13986774738462,0.378205128205128,2.21611760251001,0.223147911715894,16.9032051282051,-2.4250641025641,4.99916666666667,18.5919831223629,-2.3412447257384,5.14852320675106,1.68877799415773,0.1712689814223,5.65795539986441,59
682254,SL,2025,"Montgomery, Mason",breaking,156,2.13966553517949,0.429487179487179,2.50507478632479,0.215316871041856,51.8147435897436,1.55782051282051,5.78852564102564,52.7405303030303,1.41670454545455,5.83897727272728,0.925786713286755,0.149863549227255,4.98190781325373,67
668390,SL,2026,"Winn, Cole",breaking,72,2.13942870272222,0.402777777777778,4.18626543209877,0.320776116146678,42.2652777777778,-1.77166666666667,5.53111111111111,39.3872222222222,-1.81389189189189,5.45345945945946,2.87805555555556,0.0883897542113927,5.31168505503448,29
554430,ST,2025,"Wheeler, Zack",breaking,160,2.1392117725,0.4,2.15791143216082,0.189777673860963,22.01125,-2.1618125,5.0996875,22.9655778894473,-2.04586683417085,5.15722361809045,0.954327889447256,0.129436479824983,5.34802943125,64
676979,ST,2025,"Crochet, Garrett",breaking,296,2.13897166751351,0.398648648648649,6.70528255528256,0.316655776214163,40.9094594594595,2.23929054054054,6.24942567567568,34.2041769041769,2.47878267973857,6.11116013071896,6.70528255528254,0.276539049068707,5.36555604732203,118
669467,KC,2024,"Pallante, Andre",breaking,106,2.13859340750943,0.320754716981132,3.91301009214564,0.211074916088347,62.5132075471698,-1.61575471698113,6.01716981132075,58.7802325581396,-1.76207516339869,6.01715686274511,3.73297498903023,0.146320446990501,6.66737944694118,34
677960,ST,2025,"Weathers, Ryan",breaking,46,2.13776514965217,0.391304347826087,7.22048661099912,0.459978806388217,37.5326086956522,3.265,5.60413043478261,44.4629139072848,2.89907284768212,5.84251655629139,6.93030521163257,0.436727173108652,5.46317760466667,18
682171,ST,2025,"Murfee, Penn",breaking,49,2.13646690995918,0.346938775510204,2.65876010781671,0.185422786744079,-3.96326530612245,-3.93714285714286,4.02387755102041,-1.79245283018868,-3.8811320754717,4.14094339622642,2.17081247593377,0.1297752664309,6.15805168164706,17
656849,CU,2026,"Peterson, David",breaking,60,2.1356720994,0.316666666666667,5.6616134751773,0.332839324839066,45.7166666666667,1.894,6.23583333333333,40.0550531914894,1.80082446808511,6.11832446808511,5.66161347517733,0.149966706837048,6.74422768231579,19
684007,ST,2026,"Imanaga, Shota",breaking,121,2.13339884823141,0.31404958677686,2.41538401422348,0.285501111022096,37.8545454545455,1.76677685950413,5.44355371900826,38.3683215130024,1.58775175644028,5.45592505854801,0.513776058456905,0.179452048104865,6.79319106936842,38
686790,SL,2026,"McDonald, Trevor",breaking,122,2.13182215796721,0.377049180327869,2.00650084793669,0.214119019877954,26.7770491803279,-2.23696721311475,5.04090163934426,27.7648275862069,-2.06710344827586,5.10237931034483,0.98777840587903,0.180646623652081,5.6539631146087,46
661395,KC,2024,"Duran, Jhoan",breaking,87,2.13160550418391,0.436781609195402,2.45648316192781,0.208420056960558,33.9448275862069,-2.20114942528736,5.95045977011494,33.7046783625731,-2.13812865497076,5.95140350877193,0.240149223633821,0.0630278361833072,4.88025470694737,38
666711,SL,2025,"Peguero, Joel",breaking,54,2.12595662651852,0.37037037037037,2.21617283950617,0.284316142505604,44.0888888888889,-1.0962962962963,6.0587037037037,43.5544444444444,-0.840989010989011,6.05516483516484,0.534444444444468,0.255331810633754,5.7400828916,20
669203,SL,2024,"Burnes, Corbin",breaking,203,2.1259077657537,0.428571428571429,3.00004363305236,0.172110901758102,44.4733990147783,-0.925172413793104,6.01906403940887,42.6955070603338,-0.940218228498075,5.98041078305521,1.77789195444458,0.0414783168279252,4.96045145342529,87
687830,CH,2025,"Gipson-Long, Sawyer",offspeed,41,2.12426739258537,0.414634146341463,2.05382559305045,0.187980714337059,30.1121951219512,-2.24341463414634,5.41243902439024,28.8643835616438,-2.24267123287671,5.34602739726027,1.24781156030738,0.0664157877578662,5.12323312329412,17
571578,SL,2025,"Corbin, Patrick",breaking,383,2.12375238911749,0.378590078328982,2.26676021669868,0.16162716486295,36.8827676240209,2.7108093994778,6.18396866840731,35.3607929515419,2.62732745961821,6.13019089574157,1.52197467247903,0.0993039934524785,5.60963562091034,145
606965,CH,2023,"Devenski, Chris",offspeed,44,2.12255788390909,0.340909090909091,2.62727272727272,0.276913139324123,44.2090909090909,0.136363636363636,6.40318181818182,41.5818181818182,-0.0704166666666667,6.47958333333333,2.62727272727273,0.220443383295465,6.2261697928,15
643377,ST,2024,"Jax, Griffin",breaking,183,2.12216883123497,0.426229508196721,2.91918475852902,0.230944414224489,43.9142076502733,-0.857049180327869,5.44158469945355,45.8189189189189,-0.682162162162163,5.52148648648649,1.90471126864566,0.192275231618505,4.97893456558974,78
607481,ST,2025,"Bummer, Aaron",breaking,58,2.12117704413793,0.275862068965517,3.96256157635468,0.430939161667891,11.1241379310345,2.37862068965517,5.25258620689655,7.28690476190476,2.26386904761905,5.11297619047619,3.83723316912972,0.18071772473911,7.689266785,16
681217,ST,2023,"Silseth, Chase",breaking,62,2.12087910470968,0.354838709677419,4.9284669105421,0.304266790204942,36.5161290322581,-1.84532258064516,5.9591935483871,41.3752577319588,-1.60618556701031,6.10670103092784,4.85912869970073,0.280971473099498,5.97702293145455,22
677944,SL,2025,"Cecconi, Slade",breaking,181,2.12035169034254,0.342541436464088,1.72782567340578,0.157538265274644,38.6403314917127,-1.72430939226519,5.82198895027624,38.1745421245422,-1.7179304029304,5.81076923076923,0.465789367170515,0.0129063399439719,6.19005896696774,62
656550,SL,2025,"Holmes, Grant",breaking,377,2.11952938743767,0.411140583554377,2.1914543311095,0.176135702811953,38.4464190981432,-2.43397877984085,5.85623342175066,38.5752525252525,-2.42573232323232,5.8789898989899,0.128833427109278,0.024204571942844,5.15524244557419,155
677944,CU,2025,"Cecconi, Slade",breaking,144,2.11773879741667,0.305555555555556,9.73865231990226,0.33818701141066,47.9131944444444,-1.51708333333333,6.03722222222222,38.1745421245422,-1.7179304029304,5.81076923076923,9.73865231990226,0.302688788533271,6.93078151881818,44
668941,ST,2024,"Romero, JoJo",breaking,123,2.11720786286179,0.398373983739837,3.21037047302292,0.206363183336477,33.2455284552846,1.69886178861789,5.42650406504065,31.3005681818182,1.70994318181818,5.41795454545455,1.9449602734664,0.0139961266217739,5.31462381902041,49
686218,SL,2026,"Sheehan, Emmet",breaking,262,2.11596542283969,0.377862595419847,3.10345698724819,0.241372061845531,30.9896946564886,-1.25011450381679,5.39416030534352,33.7816618911175,-1.15613180515759,5.48779369627507,2.79196723462894,0.132664839142128,5.59982768468687,99
605488,CH,2024,"Springs, Jeffrey",offspeed,100,2.11560396576,0.42,4.83142307692307,0.379434482354132,45.292,2.4384,6.1665,40.4605769230769,2.57442307692308,5.83163461538462,4.83142307692308,0.361437550994953,5.03715229942857,42
687931,CH,2025,"Whisenhunt, Carson",offspeed,81,2.11488969249383,0.37037037037037,7.48765432098765,0.516232008020091,43.2592592592593,2.35345679012346,6.02617283950617,50.7469135802469,2.05283950617284,6.42641975308642,7.48765432098765,0.500568020592964,5.71020216973333,30
672391,ST,2025,"Ort, Kaleb",breaking,81,2.11312558306173,0.395061728395062,3.2155216654563,0.219467731166422,42.8271604938272,-2.65345679012346,5.86617283950617,41.8807843137255,-2.54062745098039,5.86235294117647,0.946376180101673,0.11289398298718,5.348849132125,32
686610,ST,2023,"Waldichuk, Ken",breaking,144,2.11215204911111,0.340277777777778,2.47389846743295,0.23618587958306,34.9416666666667,2.19034722222222,5.42236111111111,36.5241379310345,2.08394984326019,5.56783699059561,1.58247126436782,0.180232166279442,6.2071407157551,49
650556,SL,2023,"Abreu, Bryan",breaking,113,2.10953979472566,0.36283185840708,6.14442688579856,0.298664027200656,46.0194690265487,-2.12247787610619,5.7953982300885,40.1369047619048,-2.08785714285714,5.57880952380952,5.8825642646439,0.219338238477244,5.81409748302439,41
657044,SL,2026,"Thompson, Ryan",breaking,101,2.10732742562376,0.237623762376238,3.60802612176111,0.181762923123062,-9.98316831683168,-3.91831683168317,3.55683168316832,-13.5702127659574,-3.82584210526316,3.47873684210526,3.58704444912576,0.121038750931754,8.8683362495,24
678061,CU,2024,"Kerr, Ray",breaking,76,2.10725387557895,0.460526315789474,2.69923822714682,0.25538175489851,32.3407894736842,1.54631578947368,5.62013157894737,33.2821052631579,1.49126315789474,5.78873684210527,0.941315789473691,0.177365518092753,4.57575127268571,35
624133,CU,2026,"Suarez, Ranger",breaking,112,2.10540665357143,0.446428571428571,3.84240661861075,0.17418369605975,45.0392857142857,2.13508928571429,5.92866071428572,41.280504587156,2.27396788990826,5.90133027522936,3.75878112712974,0.141542289093681,4.716110904,50
547973,SL,2023,"Chapman, Aroldis",breaking,52,2.10534631569231,0.5,5.39046408137319,0.169647986935996,54.15,0.386346153846154,6.20961538461538,48.8099173553719,0.448429752066116,6.14289256198347,5.34008264462811,0.0911389501141378,4.21069263138462,26
641729,SL,2024,"Jiménez, Joe",breaking,271,2.10515532327675,0.380073800738007,3.52661113748066,0.291685662413053,29.6479704797048,-2.62859778597786,5.57907749077491,33.0941908713693,-2.40817427385892,5.73817427385892,3.44622039166446,0.271842437971939,5.53880672434951,103
657585,ST,2025,"Garrett, Reed",breaking,88,2.10446255690909,0.454545454545455,2.846675432006,0.260995763403265,31.8261363636364,-2.45295454545455,5.56102272727273,34.2549586776859,-2.23512096774194,5.63387096774193,2.42882231404958,0.229691823360204,4.6298176252,40
542881,CH,2024,"Anderson, Tyler",offspeed,530,2.10408538808302,0.369811320754717,7.2796267333485,0.305183799956579,62.2967924528302,1.29066037735849,6.53250943396226,55.0353012048193,1.47913357400722,6.33667870036101,7.26149124801089,0.271793712358835,5.68961865144898,196
642232,ST,2024,"Yarbrough, Ryan",breaking,195,2.10237158523077,0.328205128205128,4.95968677156178,0.403288764540466,10.2497435897436,3.39574358974359,4.8165641025641,15.0622159090909,3.169,5.12741666666667,4.81247231934733,0.384762228004454,6.40566342375,64
621112,CU,2026,"Blackburn, Paul",breaking,49,2.10136238032653,0.387755102040816,2.23812842210056,0.169992499910936,47.734693877551,-2.13285714285714,6.06102040816327,45.9892682926829,-2.13839805825243,5.96854368932038,1.7454255848681,0.0926425672753293,5.41930298084211,19
450203,CU,2023,"Morton, Charlie",breaking,211,2.09974746314692,0.402843601895735,1.69288161043592,0.159037157995879,19.9194312796209,-2.4221327014218,5.34829383886256,20.3960396039604,-2.34336633663366,5.4119801980198,0.476608324339534,0.101292115017125,5.21231429087059,85
677944,CU,2026,"Cecconi, Slade",breaking,96,2.096263411375,0.260416666666667,9.64231707317079,0.326612538835177,46.775,-1.95989583333333,6.00145833333333,37.1326829268292,-2.20476422764227,5.80546341463415,9.64231707317079,0.313647156351432,8.04965149968,25
669432,ST,2025,"Rogers, Trevor",breaking,63,2.0951677031746,0.380952380952381,4.83219954648527,0.310383458180057,18.1571428571429,2.28063492063492,5.62238095238095,22.5212454212454,2.11049450549451,5.82937728937729,4.36410256410258,0.267946346110659,5.49981522083333,24
657376,ST,2025,"Schmidt, Clarke",breaking,66,2.0950677309697,0.348484848484849,6.75633608815425,0.430348675398498,29.5681818181818,-1.76227272727273,5.37954545454545,36.3034090909091,-1.4346875,5.64144886363637,6.73522727272726,0.419410868744203,6.01193348886957,23
689818,CU,2026,"Sandlin, David",breaking,40,2.0933503293,0.25,4.40777108433736,0.189205504443546,47.615,-2.20075,6.056,43.2072289156626,-2.28469879518072,5.9733734939759,4.40777108433736,0.117790236055647,8.3734013172,10
665622,SL,2026,"Medina, Luis",breaking,53,2.09271285720755,0.377358490566038,5.23717713867008,0.29783382731101,35.6245283018868,-1.52660377358491,5.89264150943396,40.8092233009709,-1.3536018957346,6.11843601895735,5.18469499908408,0.284451771431712,5.5456890716,20
518876,SL,2023,"Kelly, Merrill",breaking,45,2.0840833216,0.355555555555556,3.65402550091074,0.140587413717323,28.6622222222222,-1.72022222222222,5.55844444444444,25.0081967213115,-1.77724043715847,5.47677595628415,3.65402550091073,0.0996033071383845,5.861484342,16
605347,SL,2024,"López, Jorge",breaking,62,2.08198727516129,0.338709677419355,3.06872333162657,0.174765762406483,37.9629032258065,-1.77225806451613,5.81629032258064,35.4417989417989,-1.72148148148148,5.73666666666667,2.52110428400753,0.0944361581481483,6.14681957428571,21
666277,ST,2025,"Soriano, George",breaking,60,2.078736765,0.3,5.90094771241831,0.553725114286926,24.0566666666667,-2.29116666666667,5.27,28.5225490196079,-2.38176470588235,5.4643137254902,4.46588235294118,0.214396428663366,6.92912255,18
592767,KC,2023,"Smyly, Drew",breaking,210,2.07769115579048,0.380952380952381,2.45255238095238,0.197140929717366,48.0852380952381,1.95485714285714,6.44961904761905,47.4165714285715,1.79011428571429,6.44805714285714,0.668666666666653,0.164750261080453,5.45393928395,80
656302,SL,2024,"Cease, Dylan",breaking,680,2.07601023224117,0.429411764705882,3.73977124183004,0.329377829395298,51.5873529411765,-1.31227941176471,6.02113235294118,54.8148148148148,-1.16982222222222,6.19749629629629,3.22746187363833,0.226711912717676,4.83454437645205,292
670059,ST,2024,"Holderman, Colin",breaking,193,2.07540052592746,0.38860103626943,3.47065448595583,0.255759138253583,27.6787564766839,-1.94295336787565,5.56310880829016,29.9215789473684,-1.84115789473684,5.66584210526316,2.2428224706845,0.144625200634249,5.34069735338667,75
663903,ST,2025,"Singer, Brady",breaking,150,2.07495915272,0.34,2.07133837619768,0.179800156174247,23.608,-1.5688,5.161,24.8234493192133,-1.45567322239032,5.22585476550681,1.21544931921331,0.130398651915166,6.10282103741177,51
642207,CH,2024,"Williams, Devin",offspeed,80,2.07435352105,0.4625,10.9710969387755,0.279977234460695,17.24625,-2.51975,5.175375,28.2173469387755,-2.32438775510204,5.35591836734694,10.9710969387755,0.266011868578343,4.48508869416216,37
805123,ST,2026,"Blubaugh, AJ",breaking,117,2.07325641562393,0.290598290598291,3.2637116126075,0.225105494466968,41.9196581196581,-2.39094017094017,5.95358974358974,43.7173501577287,-2.27785488958991,6.08492113564669,1.79769203807057,0.173309594072816,7.13444119494118,34
665660,SL,2026,"Alvarado, Elvis",breaking,67,2.07108604029851,0.283582089552239,2.93897610393628,0.194056051791759,20.0850746268657,-2.3755223880597,5.61432835820895,21.4124352331606,-2.32564102564102,5.74697435897436,1.32736060629495,0.141714896308754,7.30330340526316,19
664294,SL,2025,"Moreta, Dauri",breaking,85,2.07077383063529,0.329411764705882,4.26877005347593,0.328577614819899,42.364705882353,-1.06541176470588,5.93917647058824,46.1909090909091,-0.7675,6.03909090909091,3.82620320855614,0.314220168944449,6.28627770014286,28
543518,FS,2025,"McGough, Scott",offspeed,49,2.06556530481633,0.408163265306122,1.94623504574244,0.557694912821917,46.9714285714286,-1.73163265306122,5.96448979591837,45.3586206896552,-1.85741379310345,5.94706896551724,1.6128078817734,0.126981811777067,5.0606349968,20
669713,ST,2024,"Wesneski, Hayden",breaking,173,2.06396486016185,0.410404624277457,2.59953594398763,0.26313423043364,48.8901734104046,-1.36682080924856,5.91809248554914,50.6098591549296,-1.19764084507042,5.95140845070423,1.71968574452497,0.172429155926511,5.02909747616902,71
702070,CH,2025,"Cameron, Noah",offspeed,197,2.06193391303553,0.416243654822335,6.85343470839892,0.489457594139307,51.0390862944162,1.53695431472081,6.38309644670051,57.7017467248909,1.06829694323144,6.38384279475983,6.66266043047461,0.46865796577755,4.95367049839025,82
669093,SL,2025,"Estrada, Jeremiah",breaking,97,2.0618492352165,0.402061855670103,6.62577319587625,0.37787588847073,62.7185567010309,-0.746288659793814,5.76268041237113,69.32,-0.417666666666667,5.92782051282051,6.60144329896903,0.367782091928482,5.12818912348718,39
682254,CU,2026,"Montgomery, Mason",breaking,51,2.06121941952941,0.352941176470588,2.3440329218107,0.167998439765711,58.4862745098039,1.13588235294118,5.75372549019608,57.8181069958847,1.14548780487805,5.7130081300813,0.668167513919173,0.0418350107162411,5.84012168866667,18
815083,CH,2025,"Farris, Mitch",offspeed,53,2.05808874928302,0.39622641509434,3.27924528301887,0.156858052682302,42.5169811320755,1.04433962264151,6.00358490566038,45.5404255319149,0.943617021276596,6.08563829787234,3.02344439983942,0.129914593480507,5.19422398628571,21
642232,CH,2026,"Yarbrough, Ryan",offspeed,90,2.05530958186667,0.311111111111111,1.72176088369071,0.159114491676678,18.3166666666667,3.03533333333333,5.19411111111111,18.2292397660819,3.05656976744186,5.24081395348837,0.0874269005847985,0.0513044015632293,6.60635222742857,28
663158,CH,2024,"Suarez, Robert",offspeed,41,2.05329011882927,0.463414634146342,3.75534274711171,0.271674959492655,42.3463414634146,-1.2319512195122,6.06121951219512,46.1016842105263,-1.08112266112266,6.2570893970894,3.75534274711171,0.24721299689612,4.43078394063158,19
694462,FS,2025,"Waldrep, Hurston",offspeed,131,2.05105595890076,0.412213740458015,2.09108301526718,0.193984492037583,55.763358778626,-0.774122137404581,6.1893893129771,55.680625,-0.812173913043478,6.23757763975155,0.0827337786259648,0.0614007529806816,4.97570982622222,54
681676,SL,2025,"Fernandez, Ryan",breaking,132,2.04852938081818,0.371212121212121,2.98769126912691,0.316329296858453,55.5537878787879,-1.89924242424242,5.9664393939394,57.8128712871287,-1.6409900990099,5.91336633663367,2.25908340834085,0.263649412856889,5.51848731159184,49
676282,SL,2026,"Cantillo, Joey",breaking,56,2.04684601928571,0.267857142857143,2.0584375,0.0983896974804275,52.6375,0.674642857142857,5.91035714285714,50.700625,0.66109375,5.87112500000001,1.936875,0.0415058952141905,7.641558472,15
605483,SL,2025,"Snell, Blake",breaking,47,2.04644590680851,0.51063829787234,2.86921774108182,0.0947428201614576,58.2936170212766,1.94574468085106,6.54340425531915,55.4452736318408,1.92054726368159,6.56094527363184,2.8483433894358,0.0307017451533062,4.00762323416667,24
642547,SL,2024,"Peralta, Freddy",breaking,261,2.04566856197701,0.386973180076628,5.76083323355685,0.483802111825149,33.7590038314176,-3.02214559386973,5.14,39.5108072916667,-2.7163671875,5.36311197916666,5.75180346024905,0.378522640075435,5.28633163045545,101
594798,CU,2026,"deGrom, Jacob",breaking,45,2.04373453946667,0.466666666666667,7.30406788650226,0.181613950621749,39.6288888888889,-1.42311111111111,5.76355555555556,32.3248210023866,-1.50954653937947,5.62649164677804,7.30406788650227,0.16204196477859,4.379431156,21
683232,CU,2024,"Mears, Nick",breaking,72,2.04352395616667,0.263888888888889,1.72716572504708,0.220279097328346,61.3333333333333,-1.45375,6.08652777777778,61.2389830508474,-1.46628762541806,6.20354515050168,0.0943502824858982,0.11768711726577,7.74388025494737,19
656641,CH,2025,"Latz, Jacob",offspeed,169,2.04349088904142,0.408284023668639,3.03667077339533,0.260743447609158,47.1514792899408,1.99721893491124,5.83721893491125,48.9604105571847,1.79055718475073,5.93780058651026,1.80893126724389,0.229838525094882,5.00507188765217,69
554430,FS,2026,"Wheeler, Zack",offspeed,142,2.03910682977465,0.471830985915493,1.71060074734118,0.144433630417749,23.3387323943662,-1.80739436619718,4.99570422535211,21.9487755102041,-1.85032653061225,4.96295918367347,1.38995688416211,0.0539945228323953,4.32168910191045,67
641656,SL,2024,"Hamilton, Ian",breaking,192,2.03680194233333,0.432291666666667,2.16420138888889,0.157778895233282,40.5203125,-2.68901041666667,5.96677083333334,39.7695238095238,-2.652,5.94619047619048,0.750788690476199,0.0423476332510804,4.71163822804819,83
650556,SL,2026,"Abreu, Bryan",breaking,136,2.03660149432353,0.338235294117647,4.6329057535423,0.489868735787515,44.6066176470588,-2.22742647058824,5.78720588235294,40.7978102189781,-2.17138686131387,5.56978102189781,3.80880742808073,0.224530638781343,6.02125659191304,46
676979,ST,2024,"Crochet, Garrett",breaking,101,2.0355144159604,0.376237623762376,5.42880625887418,0.309563443070354,42.7079207920792,2.32168316831683,6.21435643564357,37.279114533205,2.55847036328872,6.10241873804972,5.42880625887419,0.261912626357084,5.41018305294737,38
701643,ST,2023,"Hartwig, Grant",breaking,44,2.03314176036364,0.386363636363636,6.47874331550802,0.411492691462856,13.7977272727273,-1.84295454545455,4.83863636363637,20.2764705882353,-1.57294117647059,5.12058823529412,6.47874331550802,0.390389648122715,5.26224926211765,17
666142,CH,2025,"Ragans, Cole",offspeed,109,2.03170311706422,0.486238532110092,1.52089015621126,0.215965939084741,37.5963302752294,1.28963302752294,6.09339449541284,38.1797297297297,1.21351351351351,6.19902027027027,0.583399454500345,0.130195947430257,4.17840829735849,53
608718,CH,2023,"Suter, Brent",offspeed,66,2.03106922563636,0.393939393939394,3.54923506913798,0.19551711591586,51.6318181818182,3.34515151515152,6.32636363636364,55.1679611650486,3.21378640776699,6.24864077669903,3.53614298323036,0.152635626092312,5.15579111123077,26
518886,KC,2024,"Kimbrel, Craig",breaking,91,2.03017401454945,0.318681318681319,4.8042039810723,0.230281891645742,29.3076923076923,-2.77285714285714,4.91835164835165,24.6644128113879,-2.83071174377224,4.74227758007118,4.64327949630441,0.18533545901387,6.37054604565518,29
656464,SL,2026,"Ginkel, Kevin",breaking,165,2.02722983015758,0.418181818181818,2.68334072431633,0.178413381152312,43.8769696969697,-1.99042424242424,6.58078787878788,41.6219512195122,-1.98506024096386,6.48915662650603,2.25501847745749,0.0917881196365171,4.84772350689855,69
656302,KC,2026,"Cease, Dylan",breaking,46,2.02605331078261,0.282608695652174,2.35967604433077,0.182800201805233,54.9130434782609,-1.6695652173913,6.13217391304348,53.0892156862745,-1.57259803921569,6.20223039215687,1.82382779198637,0.119626685606125,7.16911171507692,13
665152,FS,2025,"Kremer, Dean",offspeed,308,2.02422995545455,0.38961038961039,5.69401848151852,0.313752271812174,47.0123376623377,-2.04805194805195,6.34207792207792,41.4163461538461,-2.25108173076923,6.15587740384616,5.59599150849152,0.275484528894104,5.19552355233333,120
666374,SL,2023,"Brash, Matt",breaking,141,2.02313978584397,0.432624113475177,2.28900709219858,0.155284663652866,29.8404255319149,-2.6486524822695,5.08836879432624,27.95,-2.65481818181818,5.07254545454545,1.89042553191489,0.0169821651370735,4.67643786563934,61
684007,FS,2024,"Imanaga, Shota",offspeed,482,2.02290520776763,0.404564315352697,2.76103499569405,0.232243791608432,37.6547717842324,2.67404564315352,5.3759336099585,40.2377358490566,2.49408355795148,5.43908355795148,2.58296406482425,0.190720392307121,5.00020671868718,195
681982,ST,2025,"Anderson, Grant",breaking,202,2.02101462586139,0.356435643564356,8.48994593538302,0.501998824902842,-1.34356435643564,-2.61707920792079,4.0780198019802,7.14638157894737,-2.51302631578947,4.51536184210526,8.48994593538301,0.449549846426004,5.67006881144445,72
605135,ST,2023,"Bassitt, Chris",breaking,52,2.02091348430769,0.442307692307692,6.80189408581372,0.472873404108363,31.1307692307692,-1.85096153846154,5.28384615384615,37.932663316583,-1.52738693467337,5.60942211055276,6.80189408581373,0.459020944840315,4.5690217906087,23
607074,CH,2024,"Rodón, Carlos",offspeed,205,2.01983987475122,0.487804878048781,3.98887957317072,0.313433927292101,43.4678048780488,2.13980487804878,6.22136585365854,47.3118990384615,1.89842548076923,6.3983533653846,3.84409416041275,0.299313535841636,4.14067174324,100
607074,CH,2026,"Rodón, Carlos",offspeed,66,2.01979853054545,0.409090909090909,3.26715842636894,0.269647154869066,44.2469696969697,2.44121212121212,6.20454545454545,47.4214912280702,2.26197368421053,6.38118421052631,3.17452153110044,0.251649890548835,4.93728529688889,27
663568,SL,2026,"Kolek, Stephen",breaking,75,2.01867749808,0.413333333333333,2.4499812583668,0.469752826427051,33.2866666666667,-2.2568,5.3188,35.1755020080321,-2.07831325301205,5.4525702811245,1.88883534136546,0.223051579152602,4.88389717277419,31
669308,SL,2024,"Reynolds, Sean",breaking,42,2.01726917228571,0.452380952380952,5.31507936507937,0.263611728109622,38.2095238095238,-1.4547619047619,6.38619047619047,43.5208333333333,-1.29583333333333,6.56520833333333,5.31130952380954,0.239386056386642,4.45922659136842,19
670059,ST,2025,"Holderman, Colin",breaking,62,2.0165635316129,0.306451612903226,3.76477079796266,0.224431205728668,27.6112903225806,-1.66935483870968,5.55564516129032,31.0368421052632,-1.60177631578947,5.69236842105263,3.42555178268252,0.152512643804074,6.58036520842105,19
693433,ST,2024,"Woo, Bryan",breaking,59,2.01496308433898,0.406779661016949,2.17729066531749,0.195976420282363,25.9389830508475,-1.63135593220339,4.97694915254237,26.4505970149254,-1.50071641791045,5.04862686567164,0.511613964077935,0.149011332636607,4.95345091566667,24
657097,CH,2023,"Webb, Jacob",offspeed,64,2.013704655,0.453125,1.46566666666667,0.149122612383706,36.525,-2.76921875,5.54859375,35.5306666666667,-2.75953642384106,5.46841059602649,0.994333333333358,0.0807656215291379,4.44403785931035,29
643410,FS,2025,"Leiter Jr., Mark",offspeed,135,2.01172263484444,0.422222222222222,3.13784425451093,0.234898562186663,50.5207407407408,-0.946074074074074,5.78903703703704,48.0782051282051,-1.13666666666667,5.75685897435897,2.44253561253564,0.193289844712234,4.76460624042105,57
453286,SL,2024,"Scherzer, Max",breaking,90,2.011412854,0.433333333333333,1.98229671011794,0.16227873007835,28.2777777777778,-3.15988888888889,5.46344444444444,29.1335195530726,-3.10361111111111,5.55544444444445,0.855741775294838,0.107847986868585,4.64172197076923,39
670124,SV,2024,"Oller, Adam",breaking,78,2.01115201553846,0.320512820512821,4.35199430199431,0.368888047708049,36.0320512820513,-2.97038461538462,5.62551282051282,39.8925925925926,-2.75950617283951,5.79191358024691,3.86054131054131,0.268624143312424,6.27479428848,25
666200,SL,2024,"Luzardo, Jesús",breaking,128,2.010692501375,0.3828125,2.36856657608697,0.19154538307941,38.78828125,2.383125,5.9203125,39.6517391304348,2.284,6.0164347826087,0.863457880434837,0.13807700329492,5.25242122808163,49
695380,SL,2026,"Hoppe, Alex",breaking,95,2.00805562922105,0.421052631578947,3.56131318394995,0.143685768452939,53.1073684210526,-1.10178947368421,5.72568421052632,49.7663366336634,-1.15422018348624,5.74669724770642,3.34103178738923,0.0564847507020863,4.7691321194,40
681882,SL,2023,"Selby, Colin",breaking,66,2.00779557690909,0.409090909090909,2.53080808080808,0.230102421974114,49.2772727272728,-1.55045454545455,5.86545454545455,47.8166666666667,-1.35435897435897,5.80628205128205,1.46060606060607,0.204828848236504,4.90794474355556,27
689254,ST,2025,"Fluharty, Mason",breaking,166,2.00688840554217,0.367469879518072,6.37024856181484,0.263181194564285,36.233734939759,3.21403614457831,5.69186746987952,29.9045045045045,3.39851351351351,5.65738738738738,6.32923043525454,0.187671989753184,5.46136844786885,61
671096,CU,2026,"Abbott, Andrew",breaking,95,2.00534914686316,0.242105263157895,2.66717767573297,0.168415572052995,53.8736842105263,2.39094736842105,6.12063157894737,51.6494407158837,2.43975391498881,6.01510067114094,2.22424349464269,0.116270595983329,8.28296386747826,23
650633,ST,2024,"King, Michael",breaking,191,2.00337517026178,0.329842931937173,4.96930167391788,0.301071683289092,28.0848167539267,-3.11759162303665,5.43214659685864,32.930985915493,-2.96705882352941,5.62700692041523,4.84616916156628,0.246232957631719,6.07372472253968,63
519141,KC,2025,"Pomeranz, Drew",breaking,79,2.0032003075443,0.265822784810127,2.12570469527237,0.230165652190553,38.4949367088608,2.38708860759494,6.21936708860759,39.5738019169329,2.33910543130991,6.21664536741214,1.07886520807214,0.0480603055823217,7.535848776,21
678692,SL,2025,"Henriquez, Ronny",breaking,146,2.00203823575342,0.383561643835616,4.38497949568102,0.325512465049096,41.463698630137,-2.38835616438356,5.18390410958904,45.3770700636943,-2.14337579617834,5.33490445859873,3.91337143355729,0.287778536737908,5.21959968607143,56
623474,ST,2024,"Herget, Jimmy",breaking,43,2.00188324511628,0.372093023255814,3.41550387596899,0.429179273571779,0.711627906976744,-2.5053488372093,4.86674418604651,0.333333333333332,-2.15027777777778,4.95944444444445,0.378294573643412,0.366972471927893,5.38006122125,16
607067,ST,2023,"Rea, Colin",breaking,46,2.00010208165217,0.41304347826087,2.58682017876077,0.148719776065822,38.1434782608696,-2.09239130434783,5.63847826086956,35.9310104529617,-2.10275261324042,5.57585365853659,2.21246780790786,0.0634759603261809,4.84235240821053,19
621242,SL,2025,"Díaz, Edwin",breaking,231,1.99799756438095,0.398268398268398,5.53959213477285,0.299804201103322,21.9865800865801,-1.8952380952381,5.05887445887446,16.4566265060241,-1.96413654618474,4.79477911646586,5.52995358055598,0.27293469260019,5.01671127578261,92
663432,SL,2024,"Rainey, Tanner",breaking,100,1.99771891656,0.42,3.28248192771085,0.222218624850059,37.411,-2.8093,6.0538,38.0370481927711,-2.70623493975904,6.12722891566265,0.62604819277108,0.126547272976807,4.75647361085714,42
669212,CH,2023,"Morgan, Eli",offspeed,98,1.9976821217551,0.326530612244898,3.04240362811791,0.266655043977036,46.365306122449,-0.544489795918367,5.61428571428571,48.8222222222222,-0.313055555555556,5.59351851851852,2.45691609977323,0.232364119502871,6.117901497875,32
621244,SV,2025,"Berríos, José",breaking,280,1.99723524475714,0.321428571428571,3.02061208445641,0.240352727671627,36.9764285714286,-2.11039285714286,5.60882142857142,39.866823899371,-1.92847484276729,5.70443396226415,2.89039532794246,0.205513796504005,6.21362076146667,90
681676,SL,2026,"Fernandez, Ryan",breaking,55,1.99643882029091,0.454545454545455,3.18696969696969,0.338504917823745,58.9509090909091,-2.01709090909091,5.91509090909091,61.7309523809524,-1.69595238095238,5.85285714285714,2.78004329004328,0.327113124032985,4.39216540464,25
670102,FS,2025,"Francis, Bowden",offspeed,123,1.99317664530081,0.357723577235772,1.9639985218034,0.190470332328641,38.3975609756098,-2.14243902439024,5.89902439024391,38.8990909090909,-2.10354545454545,5.94657575757576,0.501529933481166,0.0614316067704576,5.571834713,44
669461,CU,2025,"Liberatore, Matthew",breaking,138,1.99270757817391,0.318840579710145,3.3639416207389,0.212049103591419,50.9043478260869,0.492826086956522,6.60028985507246,47.6207746478874,0.505922671353251,6.55253075571177,3.28357317819957,0.0495222383844432,6.24985558609091,44
678906,ST,2025,"Teng, Kai-Wei",breaking,102,1.990599436,0.343137254901961,2.95816993464052,0.17475249700527,22.1352941176471,-2.29617647058823,5.36235294117647,23.8452380952381,-2.19238095238095,5.47857142857143,1.70994397759103,0.155821200137497,5.8011754992,35
543243,ST,2026,"Gray, Sonny",breaking,167,1.98880979159281,0.359281437125749,1.86342622811249,0.142966222242429,47.6041916167665,-0.659461077844311,5.57461077844311,46.328672985782,-0.696167400881057,5.52744493392071,1.27551863098446,0.0597659689153449,5.5355205866,60
656492,FS,2026,"Griffin, Foster",offspeed,65,1.98837132036923,0.292307692307692,2.18808510638299,0.162361124461294,44.9184615384615,2.74723076923077,5.87123076923077,45.595035460993,2.67682624113475,5.81737588652483,0.676573922531411,0.0886405435886623,6.80232293810526,19
806185,CU,2024,"Birdsong, Hayden",breaking,101,1.98811308443564,0.326732673267327,3.26827738550747,0.158873713997942,45.7465346534654,-1.09831683168317,6.46693069306931,42.5382470119522,-1.15346613545817,6.40561752988048,3.20828764151317,0.0824666580327316,6.08483095539394,33
642100,SL,2026,"Speier, Gabe",breaking,54,1.98806211622222,0.277777777777778,2.35794612794613,0.225035589468062,28.0981481481482,1.98796296296296,5.37777777777778,29.5678787878788,1.89878787878788,5.50024242424242,1.46973063973064,0.151491865363602,7.1570236184,15
656756,CU,2023,"Montgomery, Jordan",breaking,124,1.98736706451613,0.403225806451613,2.02826625543531,0.129111041107897,48.2620967741935,1.65701612903226,6.71725806451613,46.6056426332289,1.69583072100313,6.7642946708464,1.65645414096464,0.0609837263942918,4.92867032,50
686218,SL,2025,"Sheehan, Emmet",breaking,191,1.98626135725654,0.424083769633508,3.38028450064211,0.21009083045786,32.7565445026178,-1.21,5.41031413612565,35.9532075471698,-1.10135849056604,5.53490566037735,3.19666304455202,0.165305854365327,4.68365332390123,81
676254,SL,2023,"Walker, Ryan",breaking,192,1.98517625016667,0.427083333333333,1.83347537878788,0.172284497501644,19.0651041666667,-3.61,5.29817708333333,17.5272727272727,-3.53136363636364,5.30045454545455,1.53783143939394,0.0786693365909759,4.64821756136585,82
683004,SL,2026,"Leiter, Jack",breaking,117,1.98490686252991,0.324786324786325,3.17837606837607,0.178299042781014,47.9735042735043,-1.33854700854701,5.71410256410257,45.09,-1.29128608923885,5.63191601049869,2.88350427350424,0.0948062449796223,6.11142376094737,38
677955,SL,2026,"Hill, Jaden",breaking,53,1.9822144594717,0.358490566037736,1.24783931832014,0.221415052148134,24.1377358490566,-1.32811320754717,5.56207547169811,24.7903225806452,-1.1875,5.66104838709678,0.652586731588546,0.171952644990458,5.5293350711579,19
642397,SL,2023,"Soto, Gregory",breaking,82,1.97811436770732,0.487804878048781,4.53037592302527,0.241742885489439,38.2353658536585,1.70292682926829,5.85292682926829,33.7642201834863,1.7954128440367,5.75192660550459,4.47114567017228,0.136947829950166,4.0551344538,40
676917,KC,2026,"Cavalli, Cade",breaking,222,1.97296285203604,0.387387387387387,3.15099514101432,0.258934354345355,38.6738738738739,-1.90211711711712,6.06635135135135,36.3305182341651,-1.93275862068965,5.99318007662836,2.3433556397088,0.079328035307664,5.09299712967442,86
701542,ST,2025,"Warren, Will",breaking,217,1.97264002223042,0.308755760368664,2.35173253578296,0.218824561028687,27.2691244239631,-2.59921658986175,5.59433179723502,26.1286092715232,-2.4698023715415,5.48059288537551,1.14051515243996,0.172292135555943,6.38899828095523,67
681857,SL,2024,"Olson, Reese",breaking,245,1.97236961841633,0.436734693877551,2.53858457668782,0.157069543692785,38.9359183673469,-2.67175510204081,6.01791836734694,39.3826330532213,-2.65127777777778,6.04916666666667,0.446714685874341,0.0373600992952267,4.51617342534579,107
605280,ST,2026,"Holmes, Clay",breaking,59,1.97084309267797,0.322033898305085,1.482840926761,0.653770627062141,40.6084745762712,-1.7164406779661,6.40661016949153,40.5958715596331,-1.25321100917431,6.36706422018349,0.0126030166381454,0.46491462458781,6.11998644568421,19
683409,SL,2025,"Chivilli, Angel",breaking,96,1.97068777483333,0.447916666666667,1.55202546296296,0.16866220460183,34.775,-1.65166666666667,5.80208333333333,34.1935185185185,-1.5375,5.80615740740741,0.581481481481468,0.11423933585827,4.39967503218605,43
592332,SL,2025,"Gausman, Kevin",breaking,91,1.96812507230769,0.362637362637363,2.39173491602737,0.199184183111045,37.8648351648351,-2.51769230769231,5.75494505494505,38.3959905660378,-2.42192216981132,5.7994103773585,0.531155401202611,0.105589223915485,5.42725398727273,33
669022,CH,2025,"Gore, MacKenzie",offspeed,125,1.967233312576,0.472,2.3188772845953,0.197479461728073,42.7112,1.93904,5.58312,43.1288511749348,1.96708877284595,5.69869451697128,0.417651174934768,0.118929401879046,4.16786718766102,59
605200,CH,2023,"Davies, Zach",offspeed,65,1.96648017396923,0.384615384615385,2.21671641791046,0.178835108700862,34.9446153846154,-2.17384615384615,5.54107692307692,33.4746268656716,-2.16850746268657,5.45037313432836,1.46998851894375,0.0908607666522889,5.11284845232,25
680885,CU,2024,"Schwellenbach, Spencer",breaking,123,1.96544157882927,0.390243902439024,2.21871554530433,0.307308000827992,33.730081300813,-2.60845528455285,5.3160162601626,32.2215291750503,-2.56925553319919,5.49478873239437,1.50855212576268,0.18301971842959,5.03644404575,48
594902,ST,2023,"Lively, Ben",breaking,61,1.9653644464918,0.295081967213115,4.46402303943288,0.306913245407984,31.6688524590164,-1.7527868852459,4.94950819672131,35.6675675675676,-1.51493243243243,5.11567567567567,3.99871510855117,0.290148878655843,6.66040173533333,18
592866,ST,2024,"Williams, Trevor",breaking,81,1.9649353548642,0.444444444444444,1.65918152720622,0.224326665162501,17.0691358024691,-2.43691358024691,4.98469135802469,17.547037037037,-2.23777777777778,5.00492592592593,0.477901234567913,0.20016119894519,4.42110454844445,36
669854,CU,2025,"Blanco, Ronel",breaking,66,1.96475163369697,0.303030303030303,2.15939393939394,0.431339204316994,46.5409090909091,-1.87818181818182,5.95257575757576,47.71,-1.68763636363636,6.05418181818182,1.16909090909089,0.215942959597704,6.4836803912,20
670912,CU,2025,"Oviedo, Johan",breaking,41,1.96067191463415,0.365853658536585,8.9469512195122,0.421373801700592,32.3219512195122,-2.74463414634146,5.66658536585366,23.375,-2.98163793103448,5.32801724137931,8.9469512195122,0.413278560862879,5.3591699,15
683175,ST,2023,"Phillips, Connor",breaking,43,1.95977674967442,0.465116279069768,7.92478405315615,0.383781763911027,41.7209302325581,-1.23627906976744,5.64209302325581,49.6457142857143,-0.908571428571429,5.8087619047619,7.92478405315615,0.367655836565593,4.2135200118,20
663423,CU,2024,"Thornton, Trent",breaking,69,1.95743683588406,0.304347826086957,2.56977465024712,0.219756418922488,43.4782608695652,-2.12130434782609,5.41768115942029,41.6578034682081,-2.0435838150289,5.3742774566474,1.8204574013571,0.0890188891903055,6.43157817504762,21
669302,ST,2024,"Gilbert, Logan",breaking,155,1.95570088252903,0.329032258064516,4.35271347248576,0.279369738240184,42.5032258064516,-1.22496774193548,5.80290322580645,45.6653594771242,-1.02241435562806,5.86122349102773,3.16213367067256,0.210782180556339,5.94379679984314,51
693433,ST,2026,"Woo, Bryan",breaking,115,1.95504701113043,0.330434782608696,2.39514444120222,0.157654907281166,23.2765217391304,-1.75295652173913,4.97486956521739,23.7436241610738,-1.74830618892508,5.06071661237785,0.46710242194338,0.0859729091135713,5.91658963894737,38
656550,SL,2024,"Holmes, Grant",breaking,191,1.95460912565445,0.397905759162304,3.16055087639425,0.212795403143842,38.0502617801047,-2.31502617801047,5.87586387434555,40.8721739130435,-2.18152173913043,5.98417391304347,2.82191213293876,0.171914221876546,4.91224135526316,76
660853,SL,2024,"De Los Santos, Enyel",breaking,212,1.9545240690566,0.405660377358491,1.82954572767696,0.190468096186211,24.7830188679245,-2.03787735849057,5.40198113207547,24.578025477707,-1.90964968152866,5.47595541401274,0.20499339021751,0.148035575208056,4.81812910046512,86
571578,CH,2025,"Corbin, Patrick",offspeed,100,1.95400502016,0.39,5.46642290748898,0.255230291071718,40.816,2.4644,6.2978,35.3607929515419,2.62732745961821,6.13019089574157,5.45520704845816,0.233748088608138,5.01026928246154,39
676130,SL,2024,"Buttó, José",breaking,65,1.95390283126154,0.4,1.90488489612578,0.160500004293537,33.4,-2.484,5.27830769230769,33.6321167883212,-2.45233576642336,5.31087591240876,0.232116788321193,0.045423701396382,4.88475707815385,26
694973,CH,2025,"Skenes, Paul",offspeed,169,1.95323916747929,0.42603550295858,3.00725256248583,0.309697005706327,21.1650887573965,-2.63739644970414,5.56881656804734,23.9289617486339,-2.41837431693989,5.60195355191257,2.7638729912374,0.221514681997121,4.58468637922222,72
506433,ST,2025,"Darvish, Yu",breaking,53,1.95280128837736,0.339622641509434,8.62913269663794,0.411505363356336,31.2207547169811,-2.45943396226415,5.35075471698113,25.8818930041152,-2.55588477366255,5.20666666666667,5.33886171286591,0.17339009563073,5.74991490466667,18
665795,SL,2026,"Cabrera, Edward",breaking,67,1.95278931086567,0.417910447761194,2.12543195353283,0.1990264094018,31.3820895522388,-1.36432835820896,5.87880597014925,31.6039408866995,-1.27285714285714,5.90926108374384,0.22185133446072,0.0964079726059874,4.672745851,28
607536,KC,2025,"Freeland, Kyle",breaking,305,1.95266347489836,0.350819672131148,3.06856117440027,0.246647021469301,27.3137704918033,2.60688524590164,5.65127868852459,29.5509887005649,2.5076338028169,5.82397183098591,2.23721820876164,0.199182756300768,5.56600336302804,107
641927,ST,2023,"Ober, Bailey",breaking,73,1.95258710060274,0.315068493150685,1.98987823439878,0.123231123017001,31.5917808219178,-1.31602739726027,5.82794520547945,31.6055555555555,-1.32322222222222,5.82674074074073,0.0137747336377245,0.0072949463013716,6.19734166713044,23
669203,CU,2025,"Burnes, Corbin",breaking,96,1.952081681625,0.4375,5.42365065243178,0.247073834814714,45.83125,-0.5525,5.98270833333333,40.4192170818505,-0.732348754448399,5.88903914590747,5.41203291814946,0.202779415004731,4.46190098657143,42
670329,CH,2026,"Garcia, Rico",offspeed,101,1.95197696249505,0.465346534653465,3.07061706170617,0.287232281984533,46.0297029702971,-1.53752475247525,5.85861386138614,48.0191919191919,-1.28585858585859,5.96464646464647,1.98948894889486,0.273091142979202,4.19467389812766,47
663372,CH,2025,"Feltner, Ryan",offspeed,44,1.95107532818182,0.386363636363636,2.99305896805898,0.133026028814806,43.0795454545455,-1.43386363636364,5.535,40.1144144144144,-1.42936936936937,5.54288288288288,2.96513104013106,0.00907404421198105,5.04984202588235,17
686993,ST,2025,"Sterner, Justin",breaking,83,1.94977054674699,0.445783132530121,2.22559090293759,0.116826302121089,35.677108433735,-2.99240963855422,5.44180722891566,34.8750561797753,-2.93948314606742,5.44620224719102,0.802052253959673,0.0531086602410151,4.37380960486486,37
656641,SL,2026,"Latz, Jacob",breaking,66,1.94696213824242,0.393939393939394,2.74264345583495,0.229684474010503,51.8848484848485,2.02893939393939,5.94242424242424,50.1846808510638,1.84131914893617,6.02927659574468,1.70016763378467,0.206747884178696,4.94228850476923,26
682990,CU,2024,"Priester, Quinn",breaking,47,1.94608969838298,0.425531914893617,7.53425989476093,0.315858872720514,48.563829787234,-1.0636170212766,6.16829787234043,41.0295698924731,-1.1610752688172,5.90150537634409,7.53425989476092,0.284035818047025,4.5733107912,20
592767,KC,2024,"Smyly, Drew",breaking,232,1.94562841408621,0.323275862068966,3.16297537959416,0.359607584408559,50.2909482758621,1.65465517241379,6.56491379310344,52.9695473251029,1.33213991769547,6.69234567901235,2.67859904924078,0.346777991043727,6.01847722757333,75
686580,ST,2024,"Slaten, Justin",breaking,113,1.94546167500885,0.327433628318584,5.27682821635092,0.30867777394289,47.5238938053098,-1.00716814159292,5.93592920353982,52.8007220216607,-0.770361010830325,6.10036101083032,5.2768282163509,0.288297479053898,5.94154511556757,37
608379,SL,2024,"Wacha, Michael",breaking,79,1.94531016258228,0.354430379746835,1.87354252094847,0.165469304582816,49.8113924050633,-1.7053164556962,6.43746835443038,50.3671361502347,-1.62890453834116,6.47272300469484,0.555743745171434,0.0841526676888133,5.488553673,28
664126,SL,2025,"Fairbanks, Pete",breaking,169,1.94525002968047,0.301775147928994,7.03472733088119,0.340863128756729,63.2443786982248,0.158343195266272,7.11136094674556,56.2121621621622,-0.0368581081081081,6.93631756756757,7.03221653606269,0.262190261896024,6.44602460815686,51
676265,KC,2023,"Abbott, Cory",breaking,98,1.94523994889796,0.36734693877551,7.0169435215947,0.379554967997908,41.3785714285714,-2.63295918367347,5.77336734693878,34.3616279069767,-2.7693023255814,5.45255813953488,7.01694352159469,0.348579976333178,5.29537541644445,36
656464,SL,2024,"Ginkel, Kevin",breaking,218,1.94466003965138,0.403669724770642,2.79845116028061,0.152761883336079,41.898623853211,-2.11922018348624,6.481376146789,39.3770588235294,-2.12411764705882,6.40023529411766,2.52156502968158,0.0812885177726644,4.81745328004546,88
669022,CU,2025,"Gore, MacKenzie",breaking,290,1.9444287209931,0.348275862068966,8.45548572971996,0.313698407051471,51.5841379310345,1.69389655172414,5.78013793103448,43.1288511749348,1.96708877284595,5.69869451697128,8.45528675609972,0.285073708671531,5.58301315928713,101
669276,SL,2025,"Lee, Dylan",breaking,327,1.94400543760245,0.415902140672783,2.38192901979719,0.254782756675088,46.2804281345566,1.80785932721713,6.50911314984709,48.1434210526316,1.59644736842105,6.58927631578948,1.86299291807499,0.226099866200531,4.67418954482353,136
671737,CU,2026,"Bradley, Taj",breaking,61,1.9425952664918,0.344262295081967,3.23923827020917,0.19061532933499,59.1344262295082,-1.0683606557377,6.25704918032787,56.2668103448276,-1.16241379310345,6.14531609195402,2.86761588468063,0.146048881152504,5.64277672647619,21
693313,SL,2025,"Seymour, Carson",breaking,64,1.9423963873125,0.390625,1.9123798076923,0.207671280960554,42.3046875,-1.95890625,5.96390625,41.3353846153846,-1.90902564102564,5.94082051282052,0.969302884615388,0.0549638646091503,4.97253475152,25
543101,FS,2025,"DeSclafani, Anthony",offspeed,61,1.9423196667541,0.442622950819672,5.29663221667855,0.261652416977542,32.2196721311475,-2.03196721311475,5.37049180327869,37.5163043478261,-1.89934782608696,5.57815217391304,5.29663221667855,0.246395477530792,4.38820369155556,27
690990,CH,2025,"Horton, Cade",offspeed,108,1.94217386555556,0.453703703703704,2.09544544544545,0.24395815352078,46.6833333333333,-2.48398148148148,5.85564814814815,47.3211711711712,-2.39630630630631,6.04056306306306,0.637837837837864,0.204647164896038,4.2807097444898,49
681870,SL,2025,"Sabrowski, Erik",breaking,50,1.94089791168,0.48,2.14071328671329,0.257791011815469,48.386,1.4216,6.015,47.0832167832168,1.31377622377622,5.99454545454546,1.3027832167832,0.109746777396455,4.043537316,24
669456,KC,2026,"Bieber, Shane",breaking,48,1.939630354,0.333333333333333,1.88649691358025,0.176668412073743,40.3479166666667,-1.56166666666667,5.59208333333333,39.7185185185185,-1.63861111111111,5.61574074074074,0.629398148148162,0.0804991953755074,5.818891062,16
657044,SL,2024,"Thompson, Ryan",breaking,124,1.93866866493548,0.346774193548387,3.18974388770104,0.193687960618719,-3.52822580645161,-3.57370967741936,3.82677419354839,-6.68472622478386,-3.55227665706052,3.7742363112392,3.15650041833225,0.0567415494962635,5.59057940586046,43
666277,SL,2025,"Soriano, George",breaking,51,1.93805333294118,0.352941176470588,3.09094579008074,0.468970171139454,27.1686274509804,-2.65686274509804,5.44509803921569,28.5225490196079,-2.38176470588235,5.4643137254902,1.35392156862746,0.275768333532543,5.49115111,18
518489,SL,2023,"Brasier, Ryan",breaking,72,1.93803449466667,0.402777777777778,4.62481976251062,0.240674300236145,45.4402777777778,-1.25902777777778,5.77541666666666,40.8473282442748,-1.48,5.75671755725191,4.59294953350297,0.221761988822998,4.81167184882759,29
592332,SL,2026,"Gausman, Kevin",breaking,82,1.93736487702439,0.329268292682927,3.09970484601657,0.218187044603145,36.4963414634146,-2.49536585365854,5.70475609756098,39.1949343339587,-2.36270168855535,5.83333958724202,2.69859287054408,0.184752522367305,5.88384888577778,27
608566,KC,2025,"Márquez, Germán",breaking,333,1.9372726618979,0.36036036036036,3.83342162489165,0.246302940492992,43.7675675675675,-2.12012012012012,6.2763963963964,40.0753176043558,-2.22716878402904,6.14079854809438,3.69224996321179,0.172760507376033,5.37593163676667,120
693645,CU,2026,"Schlittler, Cam",breaking,69,1.93693344121739,0.420289855072464,6.00340711996944,0.21352606217462,49.0579710144927,-1.50768115942029,6.22913043478261,43.0545638945233,-1.62770605759682,6.14470705064548,6.00340711996942,0.146742236494652,4.60856577393104,29
643410,FS,2026,"Leiter Jr., Mark",offspeed,101,1.93588879394059,0.435643564356436,2.92371287128712,0.177742586089349,47.8039603960396,-1.08079207920792,5.8229702970297,44.973,-1.1835,5.7614,2.83096039603958,0.119748981080249,4.44374473154545,44
675848,ST,2026,"Mejia, Juan",breaking,139,1.93423343136691,0.381294964028777,2.13633970872083,0.376031118467825,35.0294964028777,-2.01971223021583,5.83604316546763,35.6577235772358,-1.7850406504065,5.91373983739837,0.628227174358067,0.247199359221089,5.07280088603774,53
686613,KC,2025,"Brown, Hunter",breaking,225,1.93406140192,0.382222222222222,3.05862447257384,0.202284114257038,57.6760000000001,-2.02386666666667,6.22742222222223,56.8462025316456,-1.9676582278481,6.16356962025317,0.829797468354478,0.085067875091827,5.06004436548837,86
669199,SL,2026,"Bachar, Lake",breaking,78,1.93310166435897,0.41025641025641,1.68155228005527,0.164334744269871,40.7858974358974,-1.57294871794872,5.83858974358974,40.2173652694611,-1.58431137724551,5.91065868263473,0.568532166436356,0.072959180377558,4.711935306875,32
671936,SL,2026,"Macko, Adam",breaking,82,1.93215829629268,0.317073170731707,3.7829268292683,0.282756962087397,42.6548780487805,1.87487804878049,5.60243902439024,45.575,1.63180555555556,5.71777777777778,2.92012195121954,0.269048815265139,6.09373001138461,26
684007,FS,2026,"Imanaga, Shota",offspeed,361,1.93207980866482,0.390581717451524,2.62384039606294,0.266609104741866,39.6800554016621,1.61817174515236,5.50969529085872,38.3683215130024,1.58775175644028,5.45592505854801,1.31173388865967,0.0617787471222165,4.94667241792908,141
601713,CU,2023,"Pivetta, Nick",breaking,88,1.9280725315,0.386363636363636,2.1875195924765,0.200153003574142,56.7329545454546,-1.49079545454545,6.64386363636364,56.3221264367816,-1.41184782608696,6.65179347826087,0.410828108672966,0.0793448828327073,4.99030537564706,34
605397,ST,2024,"Musgrove, Joe",breaking,121,1.92669077758678,0.322314049586777,4.99415862576262,0.323948988303009,30.8933884297521,-1.52446280991736,6.17355371900827,35.7167539267016,-1.32340101522843,6.40022842639595,4.82336549694951,0.302997142317917,5.97768164328205,39
669022,CU,2023,"Gore, MacKenzie",breaking,59,1.92499837281356,0.271186440677966,5.95638218089099,0.157519908337467,53.8288135593221,1.48627118644068,5.96033898305085,48.0469026548672,1.56685840707965,5.94092920353983,5.78191090445482,0.0828917346360904,7.09843149975,16
666214,CH,2024,"Wentz, Joey",offspeed,93,1.92428697587097,0.397849462365591,1.78209056032851,0.223355281964254,49.7247311827957,0.986666666666667,6.27096774193548,48.8565326633166,1.10268844221106,6.36582914572864,0.868198519479059,0.149865734342712,4.83672131772973,37
624133,CU,2023,"Suarez, Ranger",breaking,78,1.92239114851282,0.384615384615385,3.66406791406789,0.265565414752987,45.1705128205128,1.33884615384615,5.94076923076923,41.6081081081081,1.53868725868726,5.91135135135135,3.56240471240469,0.201994749470274,4.99821698613333,30
670990,ST,2026,"Ramírez, Yohan",breaking,138,1.92115915889855,0.36231884057971,6.23738605810217,0.708664830884802,27.6202898550725,-2.8968115942029,5.25036231884058,21.4904977375566,-2.78722943722944,5.03290043290043,6.12979211751591,0.243511644410697,5.30239927856,50
607455,SL,2025,"Banda, Anthony",breaking,233,1.92044775141631,0.369098712446352,3.39415920450732,0.464679858864103,34.3025751072961,2.45635193133047,5.46283261802575,35.1497942386831,2.34345679012346,5.57925925925926,0.847219131387,0.162174214032525,5.20307355906977,86
678606,CH,2025,"Ferrer, José A.",offspeed,134,1.91983078997015,0.470149253731343,2.84997170545378,0.209376916214698,30.1940298507463,3.0865671641791,5.73925373134329,32.8438388625593,2.95182464454976,5.83751184834123,2.64980901181296,0.166763917416341,4.0834496167619,63
554430,CU,2026,"Wheeler, Zack",breaking,59,1.91975794576271,0.457627118644068,2.54948806641299,0.176058848075827,24.4864406779661,-1.90440677966102,5.08135593220339,21.9487755102041,-1.85032653061225,4.96295918367347,2.537665167762,0.130163218305456,4.19502662222222,27
607067,SL,2025,"Rea, Colin",breaking,115,1.91619862062609,0.391304347826087,2.33862876254182,0.0956829658762709,31.4182608695652,-1.64304347826087,5.56017391304348,29.3970085470085,-1.64169515669516,5.54340455840457,2.0212523225567,0.0168234724730103,4.89695203048889,45
696062,SL,2026,"Dotel, Wilber",breaking,44,1.91556626427273,0.340909090909091,5.03474517906338,0.550150574889012,47.3931818181818,-1.64068181818182,5.91522727272727,42.7992424242424,-1.81863636363636,5.80757575757576,4.59393939393942,0.207982376566743,5.6189943752,15
680802,ST,2026,"Weiss, Ryan",breaking,71,1.91530627695775,0.323943661971831,1.75781690140845,0.150381027380797,41.3943661971831,-2.31338028169014,5.91901408450704,40.9616666666667,-2.2619512195122,5.90081300813008,0.432699530516388,0.0545548129662533,5.91246720278261,23
677952,CU,2025,"Ashcraft, Braxton",breaking,80,1.9138386138,0.35,4.52875000000002,0.268925492575015,44.32375,-0.953875,6.364375,39.795,-1.00375,6.176375,4.52875000000002,0.194503253507495,5.46811032514286,28
500779,SV,2025,"Quintana, Jose",breaking,88,1.91380570090909,0.329545454545455,1.88879870129873,0.164879904017878,40.8488636363636,2.25011363636364,5.67590909090909,41.9328571428572,2.18610204081633,5.73277551020408,1.08399350649358,0.0856228591437253,5.80741040275862,29
690925,SL,2026,"Beeter, Clayton",breaking,123,1.91312823821138,0.341463414634146,2.22809057062534,0.199007956005926,52.8243902439025,-1.07430894308943,6.09349593495935,50.6943925233645,-1.14663551401869,5.93710280373832,2.12999772053796,0.172307702542589,5.60273269761905,42
700712,ST,2026,"Ureña, Walbert",breaking,83,1.91246947590361,0.349397590361446,2.52265317956317,0.39188041020077,45,-1.3855421686747,6.42132530120482,43.6005347593583,-1.01954545454545,6.40045454545454,1.3994652406417,0.366591302677779,5.47361953448276,29
676130,SL,2025,"Buttó, José",breaking,167,1.91070604701796,0.353293413173653,1.96443532149674,0.182868093266848,38.2137724550898,-2.05389221556886,5.51826347305389,38.1868995633188,-1.9674672489083,5.53056768558952,0.0268728917710632,0.0872964404108332,5.40826965850847,59
687830,SL,2025,"Gipson-Long, Sawyer",breaking,45,1.91042555555556,0.422222222222222,1.71190258751903,0.177026960142359,29.1266666666667,-2.26111111111111,5.34133333333333,28.8643835616438,-2.24267123287671,5.34602739726027,0.262283105022835,0.0190279621990806,4.52469210526316,19
668678,KC,2025,"Gallen, Zac",breaking,358,1.91012890977654,0.371508379888268,4.22055788997974,0.281908279266761,41.4932960893855,-2.93041899441341,5.92581005586592,44.9473321858864,-2.71286941580756,6.03965635738832,3.45403609650094,0.24553777616064,5.14154999774436,133
502085,KC,2025,"Robertson, David",breaking,48,1.90873202725,0.270833333333333,1.83958333333333,0.146903743673544,43.66875,-2.73,5.95958333333333,43.825,-2.73566666666667,5.9025,0.156250000000014,0.0573639089982133,7.04762594676923,13
621139,FS,2025,"Kriske, Brooks",offspeed,91,1.90815851947253,0.274725274725275,3.3700601285507,0.185804466997578,47.4593406593407,-1.06846153846154,6.11846153846154,44.1509433962264,-1.19018867924528,6.09622641509434,3.30839726311426,0.123741252274818,6.94569701088,25
676106,ST,2026,"Hancock, Emerson",breaking,104,1.90815174257692,0.346153846153846,1.79695975989328,0.212722935884202,12.0663461538462,-3.00009615384615,5.02346153846154,11.1086705202312,-2.88992774566474,5.0478323699422,0.957675633614926,0.112831802202597,5.51243836744444,36
605452,SL,2024,"Ross, Joe",breaking,233,1.90699899393991,0.373390557939914,2.65106352874593,0.303410031181223,33.3175965665236,-2.26875536480687,5.6319313304721,35.8545787545788,-2.12978021978022,5.73457875457876,2.53698218805515,0.172773217284712,5.10725017917241,87
656529,CU,2023,"Hentges, Sam",breaking,71,1.90693287583099,0.28169014084507,3.74722804914594,0.199460475104567,46.043661971831,1.42338028169014,6.46774647887324,42.3021276595745,1.59189473684211,6.43242105263158,3.74153431225651,0.172177255566229,6.7696117092,20
681911,SL,2026,"Vesia, Alex",breaking,94,1.90656322817021,0.414893617021277,5.09571935157044,0.278073027274345,74.6659574468085,-0.0659574468085106,6.18425531914894,69.5702380952381,0.117202380952381,6.00089285714286,5.09571935157045,0.259170436158005,4.59530624225641,39
667463,SL,2025,"King, John",breaking,53,1.90520908581132,0.339622641509434,2.4600602505153,0.132520378168423,29.0584905660377,1.99679245283019,5.59830188679246,29.009243697479,1.94903361344538,5.56857142857143,0.0492468685587362,0.0562566163701308,5.60978230822223,18
686642,SL,2024,"Ellard, Fraser",breaking,41,1.90513161160976,0.390243902439024,2.45738647630379,0.164808832736962,26.0975609756098,3.02951219512195,5.69463414634146,27.2325203252033,2.96520325203252,5.77983739837398,1.13495934959349,0.10674846283763,4.88189975475,16
669022,SL,2025,"Gore, MacKenzie",breaking,171,1.90375464,0.385964912280702,2.86188676652467,0.225292292671752,43.5461988304094,1.97561403508772,5.5940350877193,43.1288511749348,1.96708877284595,5.69869451697128,0.417347655474593,0.105006077098619,4.93245520363636,66
687765,CU,2025,"Spence, Mitch",breaking,121,1.89923654224793,0.338842975206612,7.45386641534967,0.409239366911161,50.8132231404959,-2.04090909090909,6.32553719008264,43.3593567251462,-2.34618075801749,6.1065306122449,7.45386641534967,0.37570556540374,5.6050639417561,41
686826,CH,2024,"Jarvis, Bryce",offspeed,50,1.89897384416,0.3,6.15631578947368,0.291969317650848,32.61,-2.28,5.5002,38.2978947368421,-2.18070175438597,5.73178947368422,5.6878947368421,0.25197981249171,6.32991281386667,15
694851,CH,2025,"Hoffmann, Andrew",offspeed,51,1.89813686494118,0.372549019607843,1.56621732026144,0.229486505882769,48.4058823529412,-0.932549019607843,5.81725490196078,48.6104166666667,-0.793125,5.87854166666667,0.204534313725489,0.152299457555576,5.09499895326316,19
656234,ST,2025,"Bird, Jake",breaking,154,1.89784150753247,0.331168831168831,4.98395001225189,0.33773216546092,12.8194805194805,-2.91305194805195,5.01051948051948,17.5849056603774,-2.71125786163522,5.24,4.76542514089684,0.305584950764611,5.73073710117647,51
695534,CH,2026,"Petty, Chase",offspeed,41,1.8967489782439,0.317073170731707,2.46744432661718,0.213861761615804,30.8439024390244,-1.73317073170732,5.17463414634146,31.7739130434783,-1.78260869565217,5.33017391304348,0.93001060445388,0.163207632495328,5.98205446984615,13
571510,CH,2024,"Boyd, Matthew",offspeed,91,1.89533860118681,0.351648351648352,3.00033503082284,0.156064766859964,28.7802197802198,2.20087912087912,5.49758241758242,25.8695121951219,2.16701219512195,5.47573170731707,2.91070758509784,0.0403041213691807,5.389869147125,32
663474,CU,2024,"McKenzie, Triston",breaking,145,1.89515565326896,0.310344827586207,3.77639980708946,0.339183451682309,52.0910344827586,-1.9451724137931,6.45813793103448,55.3597902097902,-1.62937062937063,6.49017482517483,3.26875572703158,0.31742263566195,6.10661266053333,45
625643,SL,2026,"López, Reynaldo",breaking,155,1.89406854227097,0.341935483870968,2.83755159286717,0.245284083588015,38.436129032258,-1.89341935483871,5.64122580645161,40.5372670807454,-1.76108695652174,5.67049689440994,2.10113804848731,0.135531030522851,5.53925705758491,53
677955,CH,2026,"Hill, Jaden",offspeed,45,1.89117675928889,0.444444444444444,2.44043010752688,0.226804898711228,22.6333333333333,-1.19311111111111,5.47666666666667,24.7903225806452,-1.1875,5.66104838709678,2.15698924731182,0.184467079438767,4.2551477084,20
605483,CH,2025,"Snell, Blake",offspeed,127,1.89067320954331,0.417322834645669,3.02685391937948,0.329538241250201,52.7417322834646,2.18952755905512,6.39291338582677,55.4452736318408,1.92054726368159,6.56094527363184,2.70354134837623,0.317151564111805,4.53048108701887,53
657649,CU,2024,"Koenig, Jared",breaking,51,1.88920084776471,0.450980392156863,5.04250172430781,0.430792911769574,26.9764705882353,3.06980392156863,5.67392156862745,31.893216080402,2.74482412060301,5.89645728643216,4.91674549216671,0.393870558349446,4.189097532,23
663738,SL,2024,"Lynch IV, Daniel",breaking,74,1.88898033356757,0.486486486486487,2.2210687960688,0.211972708517624,39.5878378378379,1.24135135135135,6.02175675675676,40.414393939394,1.09318181818182,6.03022727272727,0.826556101556108,0.148411455758928,3.882904019,36
542585,SL,2023,"Cisnero, José",breaking,61,1.88864448334426,0.377049180327869,5.09298575651705,0.425363520428225,32.0983606557377,-1.52295081967213,5.43,27.0786885245902,-1.58967213114754,5.26303278688525,5.01967213114753,0.179804848823123,5.00901362973913,23
650556,SL,2024,"Abreu, Bryan",breaking,284,1.8861566193662,0.359154929577465,5.2605205376747,0.390034732426628,46.7725352112677,-2.31799295774648,5.82739436619719,42.8471482889734,-2.11736842105263,5.64988721804511,3.92538692229423,0.267878689650188,5.25165176372549,102
669424,SL,2023,"Lambert, Jimmy",breaking,54,1.88520316066667,0.333333333333333,2.14022988505747,0.292522886727836,48.3259259259259,-1.58,6.14740740740741,47.3137931034483,-1.67551724137931,6.13241379310345,1.01213282247765,0.0966868753792851,5.655609482,18
680897,SL,2024,"Nastrini, Nick",breaking,127,1.88296840677165,0.330708661417323,1.89052989997871,0.198856290510231,44.4582677165354,-2.09007874015748,5.84874015748032,45.6324324324324,-2.07765765765766,5.97396396396396,1.17416471589699,0.12583832882203,5.69373780142857,42
571578,SL,2026,"Corbin, Patrick",breaking,168,1.8814180647381,0.351190476190476,2.51647148019099,0.189381203666198,38.5613095238095,2.68934523809524,6.28226190476191,36.9783197831979,2.57870619946092,6.21687331536389,1.58298974061166,0.128517175869182,5.35725821823729,59
600917,CH,2024,"Leclerc, José",offspeed,52,1.88128240615385,0.480769230769231,3.34005389514944,0.202025066739396,42.6346153846154,-1.55884615384615,5.91519230769231,41.6917197452229,-1.67617834394905,5.93452229299363,0.942895639392439,0.118913797206591,3.9130674048,25
641656,SL,2023,"Hamilton, Ian",breaking,138,1.87952802649275,0.420289855072464,2.17570332480818,0.184768420492736,42.3507246376812,-2.64847826086957,6.07963768115942,41.6576470588235,-2.56023529411765,6.07352941176471,0.693077578857654,0.0884541244723981,4.47198047682758,58
690953,CU,2025,"Abel, Mick",breaking,61,1.87931958255738,0.360655737704918,1.80974723411128,0.156268360584425,28.1147540983607,-1.63508196721312,5.64147540983607,28.8733990147783,-1.70152709359606,5.65699507389163,0.75864491641768,0.0682335312910213,5.21084066072728,22
608371,ST,2025,"Sims, Lucas",breaking,47,1.87862100740426,0.404255319148936,2.77039777983349,0.274018794862289,39.568085106383,-1.32723404255319,5.68723404255319,40.4391304347826,-1.26521739130435,5.7554347826087,0.871045328399639,0.0921813754303915,4.64711512357895,19
678226,SL,2024,"Hernández, Daysbel",breaking,82,1.87816588009756,0.402439024390244,1.9819225251076,0.20552457349252,39.3182926829268,-1.27231707317073,5.79121951219512,40.6338235294118,-1.11794117647059,5.78235294117647,1.31553084648495,0.154630312563878,4.66695764145455,33
666374,SL,2025,"Brash, Matt",breaking,207,1.87775822262802,0.347826086956522,2.51345600607936,0.231066958456911,29.7487922705314,-2.68270531400966,5.2243961352657,30.5033707865169,-2.5952808988764,5.31831460674157,0.754578515985475,0.128310980222878,5.39855489005555,72
628452,SL,2025,"Iglesias, Raisel",breaking,50,1.87670375664,0.34,4.65863157894738,0.375483989062647,33.996,-1.8044,5.5604,29.734962406015,-1.93835205992509,5.4285393258427,4.26103759398498,0.18796380435444,5.51971693129412,17
621366,SL,2026,"Borucki, Ryan",breaking,78,1.87591100620513,0.397435897435897,1.50156695156695,0.225490842140207,27.5269230769231,1.31833333333333,5.62371794871795,27.0126984126984,1.24650793650794,5.65333333333333,0.514224664224656,0.0776914321855553,4.72003414464516,31
623211,CH,2023,"Brazobán, Huascar",offspeed,42,1.8737052432381,0.476190476190476,3.25531637312459,0.205698513610851,33.8952380952381,-1.71571428571429,5.68166666666667,34.9123287671233,-1.73123287671233,5.70739726027397,1.01709067188519,0.0300481299576012,3.9347810108,20
642232,ST,2023,"Yarbrough, Ryan",breaking,136,1.87319437908824,0.375,7.33132731633426,0.498509845538831,13.4948529411765,3.36235294117647,4.87595588235294,20.8261802575107,3.09055793991416,5.28154506437768,7.33132731633426,0.488236732832218,4.99518501090196,51
650633,ST,2025,"King, Michael",breaking,92,1.87094327986957,0.304347826086957,2.08800199137073,0.147533514247214,27.8695652173913,-3.09021739130435,5.53663043478261,29.0034351145038,-3.0163358778626,5.58736641221374,1.13386989711251,0.0896248706238168,6.14738506242857,28
666204,SL,2024,"Jiménez, Dany",breaking,118,1.86859644867797,0.322033898305085,2.93822975517891,0.232419026672421,61.6084745762712,-0.452796610169492,6.43694915254237,60.6555555555556,-0.396111111111111,6.3687037037037,0.952919020715605,0.0887168929273843,5.80248370905263,38
657053,CU,2024,"Toussaint, Touki",breaking,53,1.86830904656604,0.471698113207547,11.3530017152659,0.551112286734411,39.4075471698113,-1.78396226415094,5.83320754716981,28.0545454545455,-2.12818181818182,5.42563636363636,11.3530017152659,0.533480431716168,3.96081517872,25
676130,ST,2024,"Buttó, José",breaking,40,1.8678887841,0.225,2.45784671532847,0.295612822940862,32.09,-2.702,5.22375,33.6321167883212,-2.45233576642336,5.31087591240876,1.54211678832119,0.264429866203632,8.30172792933333,9
571656,SL,2024,"Farmer, Buck",breaking,150,1.86748117861333,0.353333333333333,3.74688023088024,0.304155828964702,27.9986666666667,-1.29206666666667,5.626,31.6722943722944,-1.04774891774892,5.76978354978355,3.6736277056277,0.283486986693558,5.28532409041509,53
688107,ST,2024,"Gasser, Robert",breaking,55,1.86726498458182,0.345454545454545,1.87328787878788,0.150207260027986,25.7254545454545,2.17327272727273,4.96018181818182,24.7058333333333,2.2045,4.97191666666667,1.01962121212122,0.0333593949427416,5.40524074484211,19
694037,SL,2025,"Palencia, Daniel",breaking,101,1.86677491738614,0.376237623762376,5.23158153563701,0.379253929105619,30.7336633663367,-1.44287128712871,5.4290099009901,34.9890728476821,-1.14493377483444,5.57529801324503,4.25540948134548,0.33191410488139,4.96169122778948,38
608718,CH,2026,"Suter, Brent",offspeed,153,1.86666486624837,0.320261437908497,4.51526945369342,0.18027252349664,45.1078431372549,3.43849673202615,6.01137254901961,49.6154716981132,3.28656603773585,6.016,4.50762856085831,0.15200114858154,5.82856580685715,49
689296,CH,2026,"Nunez, Anthony",offspeed,76,1.86655113505263,0.368421052631579,2.07545973367153,0.233590470370443,39.421052631579,-1.05315789473684,5.72631578947368,39.0331325301205,-1.06144578313253,5.71234939759036,0.387920101458441,0.0162403570249546,5.06635308085714,28
571946,FS,2025,"Miller, Shelby",offspeed,105,1.86580336415238,0.438095238095238,2.38623376623377,0.177410122636101,43.4761904761905,-1.48428571428571,5.41028571428572,44.1181818181818,-1.3935,5.36481818181818,0.64199134199135,0.101534932053228,4.2588989833913,46
665152,FS,2026,"Kremer, Dean",offspeed,93,1.86467586443011,0.408602150537634,4.1599710211241,0.203345719827559,45.2268817204301,-1.84268817204301,6.10860215053763,41.1687943262411,-1.9863829787234,6.00787234042553,4.05808739418899,0.175484164847244,4.56354882610526,38
572020,KC,2024,"Paxton, James",breaking,207,1.86359119694686,0.323671497584541,3.88307483685058,0.21406630963861,44.2623188405797,2.18743961352657,6.08632850241546,40.666081871345,2.29358674463938,6.00623781676413,3.59623696923468,0.132972671521553,5.75766235474627,67
605540,CH,2026,"Woodruff, Brandon",offspeed,68,1.86214654805882,0.382352941176471,3.65034313725489,0.238395411238459,39.7088235294118,-1.62058823529412,5.82470588235294,43.0754166666667,-1.44741666666667,5.95879166666667,3.3665931372549,0.219014587952309,4.87022943338462,26
695549,CH,2025,"Jobe, Jackson",offspeed,57,1.86102656821053,0.421052631578947,5.14160685805423,0.308631600084786,40.0771929824561,-1.99263157894737,5.69877192982456,44.9784090909091,-1.78914772727273,5.89761363636363,4.90121610845294,0.284506066985783,4.4199380995,24
621107,ST,2023,"Eflin, Zach",breaking,57,1.86100082736842,0.403508771929825,2.2319771468144,0.176446846922823,31.8771929824561,-2.26157894736842,5.98157894736842,33.1786184210526,-2.16648148148148,5.9379012345679,1.30142543859648,0.104648318732804,4.61204552869565,23
656271,SL,2026,"Burke, Brock",breaking,91,1.86031864404396,0.384615384615385,2.38460969082731,0.153697646324353,44.8,1.72956043956044,6.40142857142857,45.1466321243523,1.68065326633166,6.33492462311558,0.346632124352333,0.0825511158885646,4.83682847451429,35
547179,CH,2025,"Lorenzen, Michael",offspeed,206,1.8589376131068,0.412621359223301,2.9731119839917,0.409067915797765,42.1058252427185,-1.81563106796117,5.82432038834951,40.4213740458015,-2.05786259541984,5.74131679389313,1.68445119691691,0.256058019963532,4.50518998,85
680730,SL,2024,"Parker, Mitchell",breaking,141,1.85868325526241,0.354609929078014,10.7124424125198,0.617446915488639,44.2184397163121,2.1745390070922,5.81482269503546,54.8821487603306,1.66402640264026,6.13363036303631,10.6637090440185,0.601881590082664,5.24148677984,50
670062,ST,2026,"Garcia, Julian",breaking,80,1.8578504885,0.3125,6.90580357142857,0.444072042524245,49.59875,-1.7215,5.776625,56.4892857142857,-1.38275862068966,6.04655172413793,6.89053571428573,0.433135265778382,5.9451215632,25
596133,CH,2025,"Weaver, Luke",offspeed,165,1.85657107020606,0.418181818181818,2.61078787878787,0.197069644351517,45.5866666666667,-1.58812121212121,5.52309090909091,47.78,-1.47957142857143,5.616,2.19333333333329,0.142881610721111,4.43962647223188,69
623465,ST,2023,"Phillips, Evan",breaking,71,1.85421803983099,0.380281690140845,2.42000546971147,0.155535231721227,24.0661971830986,-2.20985915492958,5.11549295774648,25.9592233009709,-2.0921359223301,5.18427184466019,1.89302611787228,0.13634256407579,4.87590669733333,27
684320,SL,2025,"Rodríguez, Yariel",breaking,238,1.85409835806723,0.365546218487395,4.88825030012005,0.321447603786108,35.4323529411765,-1.75357142857143,5.67991596638655,36.1089285714286,-1.71866071428571,5.72584821428571,0.67657563025211,0.0576934083670623,5.07213114045977,87
665795,CU,2023,"Cabrera, Edward",breaking,52,1.85343722330769,0.269230769230769,5.88696832579185,0.25532282948472,46.2846153846154,-1.34461538461538,6.23807692307692,40.3976470588235,-1.49352941176471,6.14011764705882,5.88696832579184,0.178245356853465,6.88419540085714,14
607455,SL,2026,"Banda, Anthony",breaking,110,1.85231038665455,0.381818181818182,3.52681177976953,0.252024350509834,34.2563636363636,2.66418181818182,5.409,35.6718309859155,2.52049295774648,5.54338028169014,1.41546734955187,0.196734716611808,4.85128910790476,42
681190,SL,2026,"Vásquez, Randy",breaking,48,1.851650502,0.3125,2.29349899598393,0.207290348150066,32.1770833333333,-1.96583333333333,5.88125,33.3072289156626,-1.84541825095057,5.9691825095057,1.1301455823293,0.149103716564064,5.9252816064,15
663903,ST,2026,"Singer, Brady",breaking,114,1.85155271957895,0.421052631578947,1.81642563616248,0.158624949179358,23.5482456140351,-1.36780701754386,5.06657894736842,22.6713963963964,-1.25238738738739,5.08867117117117,0.876849217638693,0.117514924065021,4.397437709,48
641154,CU,2024,"López, Pablo",breaking,123,1.851428048,0.308943089430894,8.99353559389256,0.426677986006341,46.469918699187,-1.38878048780488,5.83357723577235,37.5897018970189,-1.68363143631437,5.57337398373984,8.88021680216806,0.393246505649115,5.99278026063158,38
641154,ST,2023,"López, Pablo",breaking,129,1.85117224226357,0.364341085271318,5.15348048876624,0.316652039296267,31.5697674418605,-2.08612403100775,5.40434108527132,36.2467796610169,-1.8595593220339,5.56749152542372,4.67701221915647,0.27919461576888,5.0808770053617,47
656945,SL,2025,"Scott, Tanner",breaking,215,1.85057511393488,0.362790697674419,1.9760953825413,0.191760458126114,34.0911627906977,2.53697674418605,5.19879069767442,35.1387681159421,2.44192028985507,5.27503623188406,1.04760532524436,0.121856928391004,5.10094422430769,78
656731,FS,2024,"Megill, Tylor",offspeed,46,1.84909923313044,0.391304347826087,2.21086956521739,0.43048172293267,34.8065217391304,-1.875,5.71239130434783,36.45,-1.9211038961039,5.79287878787878,1.64347826086956,0.0927566937805836,4.725475818,18
622253,ST,2024,"Tate, Dillon",breaking,68,1.84748342358824,0.323529411764706,10.2469996052112,0.619853471283446,20.1382352941176,-2.16205882352941,5.02455882352941,30.3852348993288,-1.72046666666667,5.44506666666667,10.2469996052112,0.609779041245793,5.71040330927273,22
657044,SL,2025,"Thompson, Ryan",breaking,125,1.847030421376,0.344,3.518243575419,0.192488562762577,-7.5248,-4.00544,3.67608,-10.6307262569832,-3.93860335195531,3.61430167597765,3.10592625698324,0.0910148275879297,5.36927448074419,43
628708,SL,2023,"Marte, Yunior",breaking,73,1.84580453906849,0.356164383561644,2.47253188474256,0.202790902990305,31.7,-1.6386301369863,5.48465753424658,30.8913793103448,-1.57586206896552,5.56,0.808620689655157,0.0980628242957933,5.18245120584615,26
664062,FS,2023,"Gonsolin, Tony",offspeed,76,1.84563578447368,0.381578947368421,3.29243688489516,0.185499121803596,37.7565789473684,-1.07171052631579,5.99473684210526,40.8617886178862,-0.979349593495935,6.09658536585366,3.10520967051775,0.137490594955006,4.83683860758621,29
687075,ST,2026,"Sproat, Brandon",breaking,63,1.84535449219048,0.380952380952381,2.51369009826151,0.206670202646503,31.1650793650794,-2.60920634920635,5.4831746031746,32.9179047619047,-2.49285714285715,5.56857142857143,1.75282539682537,0.144325173154045,4.844055542,24
519293,SL,2024,"Smith, Will",breaking,137,1.84316761932847,0.27007299270073,3.66744525547445,0.362962387286405,43.1941605839416,1.56021897810219,6.40817518248175,46.8273684210526,1.23526315789474,6.54505263157895,3.63320783711102,0.352607035037666,6.82470172562162,37
681857,CH,2025,"Olson, Reese",offspeed,155,1.84061822469677,0.458064516129032,2.38171625430629,0.155861729654414,35.3587096774194,-2.83122580645161,5.92651612903226,36.1427184466019,-2.78184466019417,5.99757281553398,0.784008769182556,0.0865306321616934,4.01825105391549,71
665871,ST,2023,"Assad, Javier",breaking,45,1.84034697733333,0.422222222222222,2.35429769392038,0.141075943391946,54.2622222222222,-1.60066666666667,5.98422222222222,52.0339622641509,-1.62584905660377,6.01221024258759,2.22825995807132,0.0376494627706295,4.35871652526316,19
681676,SL,2024,"Fernandez, Ryan",breaking,300,1.83984350872,0.39,2.25327799736495,0.280560658929193,52.2193333333334,-2.29,5.82776666666667,52.8920948616601,-2.09893280632411,5.73830039525692,0.67276152832671,0.210976032333398,4.71754745825641,117
668881,SL,2024,"Greene, Hunter",breaking,391,1.83938931681841,0.347826086956522,4.15554122889671,0.299995169637337,29.3549872122762,-2.22833759590793,5.87278772378517,33.1612188365651,-2.04204986149585,6.03214681440442,3.80623162428887,0.245149831236702,5.28824428585294,136
607074,CU,2024,"Rodón, Carlos",breaking,72,1.83628744888889,0.25,3.39815371260684,0.144216591524768,50.6652777777778,1.88138888888889,6.4275,47.3118990384615,1.89842548076923,6.3983533653846,3.35337873931623,0.0337605061025593,7.34514979555556,18
657097,ST,2023,"Webb, Jacob",breaking,76,1.83470574457895,0.289473684210526,2.22433333333333,0.240933697969908,33.8697368421053,-2.90407894736842,5.39460526315789,35.5306666666667,-2.75953642384106,5.46841059602649,1.6609298245614,0.162295311908578,6.33807439036364,22
669371,ST,2025,"Henry, Cole",breaking,114,1.83273409891228,0.280701754385965,4.7896331738437,0.283441669741425,20.3666666666667,-2.22605263157895,5.24719298245614,24.3454545454545,-2.0144,5.36083636363636,3.97878787878787,0.2402325010076,6.529115227375,32
681293,CU,2025,"Arrighetti, Spencer",breaking,57,1.83237915663158,0.350877192982456,2.44652189915348,0.30194667327254,22.6578947368421,-2.22614035087719,4.99947368421053,21.9783216783217,-2.05286713286713,4.99496503496503,0.679573058520429,0.173331866653483,5.2222805964,20
678022,ST,2025,"Perkins, Jack",breaking,105,1.83232312575238,0.371428571428571,3.40593669803251,0.179499062000469,27.0361904761905,-2.21628571428571,5.23533333333333,30.0281437125749,-2.17724550898204,5.37005988023953,2.99195323638438,0.140268956192808,4.93317764625641,39
664192,CU,2025,"Lucchesi, Joey",breaking,71,1.83024936946479,0.267605633802817,8.60422535211266,0.839986073345607,54.4802816901409,2.19056338028169,6.60957746478873,45.9565217391304,2.52594202898551,5.85082125603865,8.52375995101041,0.829572071807627,6.83935290694737,19
669622,ST,2026,"Bender, Anthony",breaking,122,1.83005416859016,0.245901639344262,15.9511709601874,0.797872750682791,7.31311475409836,-2.30647540983607,5.12762295081967,23.2642857142857,-1.81910714285714,5.74875,15.9511709601874,0.789510379210747,7.4422202856,30
682990,SL,2023,"Priester, Quinn",breaking,88,1.82980501772727,0.352272727272727,1.88740863407949,0.142919574449442,48.0420454545455,-1.05329545454545,6.06613636363636,46.7763819095477,-1.01495,6.03265,1.26566354499771,0.0509088443581675,5.1942852116129,31
656924,SL,2024,"Ryan, Ryder",breaking,76,1.82919328894737,0.302631578947368,3.18315789473684,0.167969653154545,30.5657894736842,-1.54421052631579,5.31276315789474,29.73,-1.52511111111111,5.34155555555556,0.835789473684216,0.0345512637137828,6.04429086782609,23
666808,SL,2024,"Doval, Camilo",breaking,269,1.82845388132342,0.431226765799256,3.49398916199671,0.248281918622768,21.1635687732342,-1.47940520446097,5.50758364312268,17.8621890547264,-1.63502487562189,5.45333333333333,3.30137971850785,0.164804666695072,4.24012150065517,116
621366,SL,2025,"Borucki, Ryan",breaking,116,1.82812664389655,0.370689655172414,1.71314002089864,0.275373092351432,27.5939655172414,1.76120689655172,5.63741379310345,27.5060606060606,1.70712121212121,5.66227272727272,0.0879049111807788,0.0595250188437538,4.9316904812093,43
673513,SL,2026,"Matsui, Yuki",breaking,75,1.82809650773333,0.426666666666667,2.21508333333333,0.122735055078046,54.3066666666667,1.86333333333333,6.08746666666667,54.7901785714286,1.87428571428572,6.12982142857143,0.483511904761905,0.0437479200023869,4.28460119,32
680885,FS,2024,"Schwellenbach, Spencer",offspeed,131,1.82748550509924,0.450381679389313,2.04507503033468,0.293072815164914,32.9038167938931,-2.54045801526718,5.32190839694656,32.2215291750503,-2.56925553319919,5.49478873239437,0.682287618842793,0.175262395919918,4.0576373079322,59
595345,SL,2025,"Okert, Steven",breaking,316,1.8273303785443,0.392405063291139,2.46206165586579,0.14968615632642,35.4974683544304,3.16155063291139,5.89398734177216,33.3837320574163,3.14234449760765,5.9266028708134,2.11373629701412,0.0378503417150402,4.65674515822581,124
642547,CU,2024,"Peralta, Freddy",breaking,85,1.82635582687059,0.364705882352941,2.40750459558823,0.299465032164863,40.5447058823529,-2.64894117647059,5.43070588235294,39.5108072916667,-2.7163671875,5.36311197916666,1.03389859068627,0.095473570747587,5.00774984787097,31
668873,SL,2026,"Kilian, Caleb",breaking,49,1.82590862261225,0.387755102040816,1.67178932178932,0.192257711685743,46.7469387755102,-2.4330612244898,5.98714285714286,46.4974747474748,-2.38700980392157,5.92127450980392,0.249464028035455,0.0803702215843317,4.70892223726316,19
656302,SL,2025,"Cease, Dylan",breaking,644,1.8243778387205,0.423913043478261,5.07480590062112,0.310818902082277,48.5091614906832,-1.50498447204969,6.05274844720496,53.3875,-1.31299418604651,6.22870639534884,4.87833850931678,0.260425554496068,4.30366054262271,273
641743,ST,2026,"Kay, Anthony",breaking,140,1.82338953314286,0.357142857142857,5.90013227513227,0.411496069751026,31.8221428571429,2.51621428571429,5.66164285714286,37.5574074074074,2.17985185185185,5.85375925925926,5.73526455026456,0.387360812261657,5.1054906928,50
592332,FS,2026,"Gausman, Kevin",offspeed,386,1.82284120667357,0.386010362694301,4.37325822162168,0.242354752367639,34.9844559585492,-2.53088082901554,5.6951554404145,39.1949343339587,-2.36270168855535,5.83333958724202,4.21047837540952,0.217667364849163,4.72225977030872,149
666808,SL,2025,"Doval, Camilo",breaking,259,1.82219922923552,0.405405405405405,4.01408500337073,0.284359852640895,18.003861003861,-1.30416988416988,5.44498069498069,14.1281746031746,-1.51662698412698,5.31924603174603,3.87568640068642,0.246874917439813,4.49475809878095,105
666277,SL,2026,"Soriano, George",breaking,81,1.81881799155556,0.395061728395062,2.2138482151402,0.152780401853643,33.1320987654321,-2.56518518518519,5.52518518518518,32.5968992248062,-2.49893939393939,5.54469696969697,0.535199540625897,0.0690595003791323,4.603883041125,32
554430,CU,2023,"Wheeler, Zack",breaking,66,1.81809135490909,0.363636363636364,1.89661406969096,0.155561652430279,30.9893939393939,-2.08863636363636,5.39909090909091,29.4800788954636,-2.03700374531835,5.30994382022471,1.50931504393039,0.103020050124675,4.999751226,24
672578,SL,2025,"Hernández, Carlos",breaking,74,1.81721251691892,0.324324324324324,3.50777348777348,0.272975285804306,41.8486486486487,-1.82635135135135,5.92891891891892,38.3709523809524,-1.79609523809524,6.02057142857143,3.47769626769626,0.0965174332178958,5.60307192716667,24
669212,SL,2026,"Morgan, Eli",breaking,45,1.81661663502222,0.377777777777778,1.73781970649895,0.192413248491025,50.1933333333333,-0.556222222222222,5.83866666666667,51.0867924528302,-0.404150943396226,5.87716981132076,0.89345911949686,0.156869901485363,4.80869109270588,17
621121,CH,2026,"McCullers Jr., Lance",offspeed,44,1.81591593518182,0.363636363636364,3.70474431818182,0.228028952229148,28.9977272727273,-1.47545454545455,5.39886363636364,31.711875,-1.31823170731707,5.39396341463415,2.71414772727272,0.157299183103409,4.99376882175,16
554430,ST,2023,"Wheeler, Zack",breaking,55,1.81586055563636,0.327272727272727,1.93895642818722,0.183807817418112,27.9927272727273,-2.14854545454546,5.23218181818182,29.4800788954636,-2.03700374531835,5.30994382022471,1.48735162273628,0.135972356966493,5.54846280888889,18
669713,ST,2023,"Wesneski, Hayden",breaking,71,1.81556103391549,0.394366197183099,3.0435029532031,0.278084334778278,41.1943661971831,-1.65859154929577,5.56901408450704,43.4596774193549,-1.42241935483871,5.64508064516129,2.26531122217176,0.248119783742514,4.60374405028571,28
669674,SL,2024,"Long, Sam",breaking,110,1.81524599850909,0.381818181818182,2.3172594558726,0.141058195289229,55.51,1.49827272727273,5.99209090909091,54.143795620438,1.50357664233577,5.96810218978102,1.36620437956208,0.0245680721491261,4.75421571038095,42
686973,KC,2026,"Varland, Louis",breaking,125,1.812493101984,0.36,2.32581164021163,0.174161612686553,40.752,-2.95592,5.45904,39.1232804232805,-2.90656084656085,5.37994708994709,1.62871957671955,0.093230973656121,5.03470306106667,45
678495,SL,2024,"Rodríguez, Randy",breaking,166,1.81249243171084,0.355421686746988,3.09349971313827,0.2302397938554,36.1198795180723,-1.78807228915663,5.39722891566265,37.9061904761905,-1.6425462962963,5.47462962962963,1.78631095811821,0.164829260510938,5.09955497735593,59
666142,SL,2025,"Ragans, Cole",breaking,74,1.81125290227027,0.432432432432432,2.14981738495252,0.326352372178952,36.4337837837838,1.45621621621622,6.05716216216216,38.1797297297297,1.21351351351351,6.19902027027027,1.74594594594596,0.281119769378119,4.1885223365,32
607259,CU,2023,"Martinez, Nick",breaking,43,1.8110961304186,0.325581395348837,3.78460132890365,0.199556663022983,60.8790697674419,-1.74069767441861,6.16651162790698,57.1092857142857,-1.88913333333333,6.1004,3.76978405315615,0.162492745013308,5.56265240057143,14
671922,FS,2026,"Smith, Cade",offspeed,98,1.81012110285714,0.408163265306122,2.59185243328101,0.224237907937497,36.7214285714286,-2.33724489795918,5.64724489795918,39.2446153846154,-2.24196153846154,5.69769230769231,2.52318681318682,0.107814005332975,4.434796702,40
660604,CH,2026,"Rangel, Alan",offspeed,91,1.80998535903297,0.362637362637363,3.02087912087913,0.210350374522783,71.4318681318681,0.531978021978022,6.25043956043956,68.562962962963,0.357777777777778,6.20407407407407,2.86890516890516,0.180265036558211,4.99117174763636,33
608723,CU,2024,"Voth, Austin",breaking,87,1.80946181558621,0.471264367816092,2.38545651702451,0.170957748041888,36.2931034482759,-2.50425287356322,5.62459770114942,38.3743396226415,-2.41924528301887,5.73350943396227,2.08123617436565,0.138159530957701,3.8395897062439,41
608371,ST,2024,"Sims, Lucas",breaking,164,1.80819269256098,0.24390243902439,2.93337277029487,0.316522618568974,36.4628048780488,-1.43109756097561,5.65634146341464,38.7154228855721,-1.36830845771144,5.70636815920398,2.25261800752337,0.0802816403688781,7.4135900395,40
592662,CH,2025,"Ray, Robbie",offspeed,168,1.80789036878571,0.369047619047619,3.56908944255241,0.353147267595502,43.5785714285715,2.85690476190476,6.08208333333334,46.9800501882058,2.5624843161857,6.2171894604768,3.40147875963427,0.323939908700857,4.89879970896774,62
663969,ST,2026,"Phillips, Tyler",breaking,120,1.80727949313333,0.341666666666667,2.9413888888889,0.364758041562532,29.365,-1.30416666666667,5.90916666666667,32.2433333333333,-1.02628571428571,6.10080952380953,2.87833333333334,0.337557118707373,5.28959851648781,41
675660,CU,2026,"Drohan, Shane",breaking,78,1.80668043446154,0.269230769230769,4.64733109760357,0.201393314452055,37.9602564102564,1.56615384615385,5.59358974358974,33.3185286103542,1.60144414168937,5.46019073569482,4.64172779990219,0.137988043925314,6.710527328,21
672578,FS,2025,"Hernández, Carlos",offspeed,72,1.80635738511111,0.472222222222222,7.08738095238094,0.3426071915853,45.4583333333333,-1.5775,5.99986111111111,38.3709523809524,-1.79609523809524,6.02057142857143,7.08738095238094,0.219574122717641,3.82522740376471,34
691587,SL,2026,"Pérez, Eury",breaking,106,1.80357118981132,0.424528301886792,3.7918303433344,0.319031164397127,28.9594339622642,-1.94867924528302,5.80301886792453,32.498155737705,-1.74250485436893,6.01697087378641,3.53872177544081,0.297125125630793,4.248412136,45
667725,CU,2024,"Tyler, Kyle",breaking,67,1.80277231755224,0.388059701492537,1.91359419120612,0.173692471183498,62.334328358209,-2.09283582089552,5.90522388059702,63.0162162162162,-2.02635135135135,5.96574324324325,0.681887858007201,0.0899042710090899,4.64560558753846,26
669467,KC,2026,"Pallante, Andre",breaking,105,1.80223812895238,0.276190476190476,3.73591999090806,0.148909561988698,60.9,-1.57504761904762,6.02266666666667,57.409307875895,-1.64716517857143,6.00640625,3.49069212410503,0.0739279618401832,6.52534494965517,29
605130,CU,2023,"Barlow, Scott",breaking,88,1.79910515936364,0.340909090909091,4.6668762088975,0.298296315398248,34.4113636363636,-1.83340909090909,5.40852272727273,29.9436170212766,-1.82904255319149,5.2568085106383,4.46774661508703,0.151777041019508,5.27737513413333,30
694297,CU,2025,"Pfaadt, Brandon",breaking,111,1.79600444356757,0.342342342342342,4.21314120242693,0.464646667298447,31.6630630630631,-2.08504504504505,5.71495495495496,27.9688775510204,-2.17047193877551,5.58454081632653,3.69418551204268,0.155902539192374,5.24622350621053,38
682243,KC,2024,"Miller, Bryce",breaking,45,1.79563691093333,0.377777777777778,2.41853462157808,0.163257008200441,45.9355555555556,-1.286,5.58511111111111,44.486231884058,-1.29594202898551,5.64853864734299,1.44932367149755,0.0642019960187803,4.75315652894118,17
640455,ST,2023,"Manaea, Sean",breaking,69,1.79455822324638,0.376811594202899,3.20536033353186,0.196499536338797,29.3492753623188,1.95231884057971,5.74550724637681,27.5493150684932,1.9547602739726,5.59952054794521,1.79996029382567,0.146007111867785,4.76248143861539,26
677960,CH,2025,"Weathers, Ryan",offspeed,94,1.7932724567234,0.404255319148936,6.51579540650978,0.357209935254798,38.2212765957447,3.12574468085106,5.59340425531915,44.4629139072848,2.89907284768212,5.84251655629139,6.24163731154005,0.336804184130564,4.43598976136842,38
689017,CH,2025,"Knack, Landon",offspeed,95,1.79122254404211,0.284210526315789,2.4162607099143,0.152371713575707,53.5073684210526,-1.05252631578947,5.76336842105264,54.7401162790697,-0.937441860465116,5.76127906976744,1.23274785801709,0.115103419784544,6.302449692,27
593576,FS,2025,"Neris, Héctor",offspeed,116,1.79116703896552,0.353448275862069,5.36710875331565,0.345835307460125,41.6224137931035,-1.49896551724138,6.17181034482759,36.4760683760684,-1.525,5.92889830508475,5.14634541703509,0.24430319961993,5.0676921102439,41
669203,CU,2024,"Burnes, Corbin",breaking,246,1.7886143141626,0.345528455284553,5.70190780341694,0.216828082432994,48.3756097560976,-0.772804878048781,6.06760162601625,42.6955070603338,-0.940218228498075,5.98041078305521,5.68010269576381,0.188757709789334,5.1764602504,85
686839,SL,2023,"White, Brendan",breaking,61,1.78779487160656,0.360655737704918,2.31535022354694,0.14040346798275,31.9344262295082,-2.20081967213115,4.77868852459016,30.8109090909091,-2.19945454545455,4.73145454545455,1.12351713859911,0.0472537020330358,4.95706759854546,22
608379,CH,2023,"Wacha, Michael",offspeed,189,1.78718063955556,0.349206349206349,2.44011517436931,0.149125572549618,53.3285714285714,-1.56428571428572,6.59417989417989,50.9900552486188,-1.57552486187845,6.48491712707183,2.33851617995263,0.109839294948226,5.11783546781818,66
676710,FS,2024,"Crawford, Kutter",offspeed,134,1.78473675107463,0.395522388059701,2.66785584273755,0.178611805106817,45.2208955223881,-1.28253731343284,5.94007462686567,47.3770943796395,-1.18306468716861,6.03317073170732,2.15619885725143,0.136241286373075,4.51235329516981,53
622491,SL,2024,"Castillo, Luis",breaking,286,1.78337934072727,0.335664335664336,2.26003996003995,0.281731913131703,14.8213286713287,-2.33678321678322,4.938006993007,16.4030612244898,-2.21274886877828,5.09636877828054,1.5817325531611,0.201154106396152,5.31298428591667,96
676130,CH,2024,"Buttó, José",offspeed,136,1.77464260208824,0.419117647058824,2.21122799484758,0.235600432880027,32.35,-2.57007352941177,5.24117647058824,33.6321167883212,-2.45233576642336,5.31087591240876,1.2821167883212,0.136821756397172,4.23423498042105,57
543518,FS,2024,"McGough, Scott",offspeed,91,1.77292846391209,0.395604395604396,1.6129735935706,0.154052959315323,47.6527472527473,-1.41813186813187,5.98747252747253,46.2402985074627,-1.39634328358209,6.00850746268657,1.41244874528456,0.0302854901915369,4.48156917266667,36
607481,ST,2023,"Bummer, Aaron",breaking,101,1.77290457176238,0.455445544554456,5.18834238262536,0.230320600082973,11.1009900990099,2.29742574257426,5.22376237623762,6.15376344086022,2.34876288659794,5.06371134020618,4.94722665814968,0.168082826282893,3.89268177713043,46
685314,CU,2025,"Saalfrank, Andrew",breaking,72,1.772110126,0.347222222222222,4.31730418943535,0.224951031274517,51.1555555555556,0.824583333333333,6.28875,46.8393442622951,1.0177868852459,6.26295081967213,4.31621129326049,0.1949184705902,5.10367716288,25
675627,SL,2024,"Grove, Michael",breaking,198,1.77105333507071,0.287878787878788,1.9204071969697,0.194602224228271,56.9964646464647,-0.752272727272727,5.94404040404041,55.85546875,-0.740962962962963,5.94585185185185,1.14099589646466,0.0114539125156427,6.15208000603509,57
680885,FS,2025,"Schwellenbach, Spencer",offspeed,119,1.77016715384874,0.420168067226891,2.2142333102506,0.207550916463458,36.6151260504202,-2.12008403361345,5.27781512605042,34.9445434298441,-2.13296213808463,5.44991091314031,1.67058262057606,0.172576955323879,4.21299782616,50
605447,SL,2024,"Romano, Jordan",breaking,55,1.76931360850909,0.363636363636364,3.7500606060606,0.229231433533761,49.8327272727273,-1.67109090909091,6.05563636363636,50.5866666666667,-1.596,6.05977777777778,0.753939393939383,0.0752050260234637,4.8656124234,20
641927,CH,2024,"Ober, Bailey",offspeed,459,1.76899402531591,0.387799564270153,2.3689123849853,0.187990105562778,34.2891067538127,-1.48581699346405,6.04122004357298,35.2814889336016,-1.4389378757515,5.95923847695391,0.992382179788969,0.0944384929084722,4.56161942483146,178
656557,SL,2023,"Houck, Tanner",breaking,119,1.76811784759664,0.428571428571429,1.64834693001289,0.160395741816184,20.9764705882353,-3.00294117647059,5.4363025210084,21.9795620437956,-2.90575949367089,5.42348101265823,1.00309145556034,0.0980238264308994,4.12560831105882,51
666171,ST,2025,"Zeferjahn, Ryan",breaking,113,1.76595441681416,0.398230088495575,2.5641129032258,0.361603069077229,36.3769911504425,-2.13265486725664,5.82380530973451,37.4076612903226,-1.8575,5.8883064516129,1.03067013988011,0.282613867810184,4.43450775777778,45
666129,ST,2023,"Garrett, Braxton",breaking,109,1.76466650256881,0.321100917431193,2.03364202873464,0.142397482764312,44.5633027522936,2.48715596330275,6.00339449541284,43.8349056603774,2.54457547169811,6.01358490566038,0.728397091916243,0.0583167592153224,5.49567567942857,35
680694,SL,2026,"Bradish, Kyle",breaking,245,1.76462961640816,0.338775510204082,3.62560118023114,0.298666763888967,49.9514285714285,-1.47391836734694,6.16073469387755,53.1501204819277,-1.22348557692308,6.26983173076923,3.1986919104992,0.273164320470348,5.20884645807229,83
685326,SL,2025,"Brown, McCade",breaking,51,1.76391593623529,0.352941176470588,2.44394551713815,0.198216488093601,28.7941176470588,-3.80117647058823,5.67960784313726,30.9595419847328,-3.64015267175573,5.75160305343512,2.165424337674,0.1763858670537,4.99776181933333,18
592662,SL,2024,"Ray, Robbie",breaking,79,1.76152683174684,0.430379746835443,2.38588120740018,0.211890305215357,45.7556962025316,2.66455696202532,6.24721518987342,47.8251748251748,2.57314685314685,6.30531468531469,2.06947862264317,0.10831140002651,4.09295940317647,34
605483,SL,2024,"Snell, Blake",breaking,72,1.76109544561111,0.444444444444444,2.15587732160313,0.132164181091243,58.3375,1.99347222222222,6.65958333333333,56.6970674486803,1.93263929618768,6.67240469208211,1.64043255131966,0.0621693825776679,3.962464752625,32
642547,CS,2025,"Peralta, Freddy",breaking,42,1.76091802257143,0.404761904761905,2.03988728470111,0.162288936854631,40.5214285714286,-3.39238095238095,5.42333333333333,41.6775265957447,-3.36297872340425,5.4156914893617,1.15609802431609,0.0303790857019259,4.35050334988235,17
660271,FS,2026,"Ohtani, Shohei",offspeed,56,1.76082675578571,0.321428571428571,2.88704212454211,0.229908677076296,34.6482142857143,-2.04839285714286,5.70214285714286,32.0951566951567,-2.10965811965812,5.56871794871795,2.55305759055757,0.146818386380114,5.47812768466667,18
673513,SL,2024,"Matsui, Yuki",breaking,139,1.76027165516547,0.431654676258993,2.55011775333098,0.1428880368359,55.8928057553957,2.07453237410072,5.93496402877698,57.2434977578476,2.02625550660793,6.00405286343613,1.35069200245187,0.0842847732955105,4.0779626678,60
642547,CU,2023,"Peralta, Freddy",breaking,65,1.75998331476923,0.323076923076923,5.74664545980335,0.341425125315177,42.3846153846154,-2.57661538461538,5.36184615384616,36.637969924812,-2.81304511278196,5.13458646616542,5.74664545980335,0.327942040619476,5.44756740285714,21
686973,KC,2025,"Varland, Louis",breaking,214,1.75968047962617,0.373831775700935,3.37245067497405,0.239170543556317,43.9714953271028,-2.88467289719626,5.58186915887851,41.1848148148148,-2.90637037037037,5.46244444444445,2.78668051228798,0.121379746085572,4.707145283,80
622554,SL,2023,"Domínguez, Seranthony",breaking,49,1.7588430717551,0.428571428571429,4.05782312925169,0.22226514923435,32.2591836734694,-1.80326530612245,5.60591836734694,28.4666666666667,-1.8686231884058,5.49202898550725,3.7925170068027,0.131310487290206,4.10396716742857,21
678022,ST,2026,"Perkins, Jack",breaking,146,1.75852114213699,0.335616438356164,2.18571428571429,0.193790477961003,31.7945205479452,-2.27328767123288,5.33808219178082,32.4357142857143,-2.24041353383459,5.37221804511278,0.641193737769086,0.0473916173218701,5.23967523983673,49
605540,CH,2025,"Woodruff, Brandon",offspeed,97,1.75805639641237,0.350515463917526,2.97173195876288,0.209338160298381,41.6061855670103,-1.52226804123711,5.86835051546392,44.3825714285714,-1.37948571428571,5.96842857142857,2.7763858615611,0.17436286925639,5.01563148388235,34
664208,CU,2023,"Maton, Phil",breaking,71,1.75571089233803,0.394366197183099,1.77101152368758,0.162231439488367,32.3112676056338,-1.21338028169014,5.40225352112676,31.2054545454545,-1.31909090909091,5.43054545454546,1.10581306017927,0.109431120994129,4.45198119128571,28
674841,CU,2026,"Alvarez, Andrew",breaking,134,1.75542368280597,0.305970149253731,2.71568899687607,0.216125983086849,49.8313432835821,1.37753731343284,6.48365671641791,47.5488372093024,1.31063953488372,6.3985465116279,2.28250607427974,0.108254606064605,5.73723837795122,41
663878,SL,2024,"Pearson, Nate",breaking,185,1.75404140678919,0.351351351351351,2.75635557432432,0.464765364003682,38.9005405405406,-1.77005405405405,5.46335135135135,40.45234375,-1.6987890625,5.497578125,1.55180320945943,0.0790580233473805,4.99227169624615,65
663776,CH,2024,"Sandoval, Patrick",offspeed,202,1.75251415467327,0.371287128712871,3.06779652455041,0.224396756201549,50.0846534653465,1.05950495049505,5.9600495049505,52.8301020408163,0.919340101522842,6.08908629441624,2.7454485754698,0.190516870442035,4.72010478992,75
691725,ST,2026,"Painter, Andrew",breaking,62,1.75247252612903,0.209677419354839,10.8324942637333,0.657812310896606,38.0629032258065,-2.64225806451613,6.23048387096774,48.8953974895397,-2.08794979079498,6.5418410041841,10.8324942637333,0.635767981830188,8.35794589384615,13
502043,CU,2023,"Gibson, Kyle",breaking,45,1.75072105128889,0.355555555555556,1.6481081081081,0.131242001955567,45.26,-2.11955555555556,6.24422222222222,44.6486486486487,-2.09087837837838,6.29435810810811,0.611351351351338,0.0577580084872575,4.92390295675,16
673380,SL,2025,"Núñez, Dedniel",breaking,51,1.75040793152941,0.274509803921569,3.60409982174688,0.25559988557671,40.8882352941176,-2.12098039215686,5.57607843137255,37.5454545454546,-2.20909090909091,5.48909090909091,3.3427807486631,0.123815557290205,6.37648603628571,14
663436,SL,2026,"Martin, Davis",breaking,139,1.7495276847482,0.37410071942446,1.73141486810551,0.140693175525567,35.5453237410072,-2.09251798561151,5.82877697841727,35.7333333333333,-2.07835271317829,5.82218992248061,0.188009592326111,0.0156219156642217,4.67662208038462,52
650911,CH,2023,"Sánchez, Cristopher",offspeed,200,1.74844994754,0.415,2.36927272727274,0.189261932774972,25.857,1.9948,5.97155,27.4162679425837,1.88808612440191,6.08373205741627,1.55926794258373,0.154831086191734,4.21313240371084,83
684007,ST,2024,"Imanaga, Shota",breaking,91,1.74596339068132,0.318681318681319,5.02535766120672,0.430456364735757,35.3527472527473,2.89307692307692,5.30912087912088,40.2377358490566,2.49408355795148,5.43908355795148,4.88498859630934,0.419626027914078,5.47871270868966,29
683742,SL,2026,"Franco, Jose",breaking,64,1.7455606193125,0.265625,1.96875,0.243184035663802,37.51875,-1.1440625,5.87703125,37.2971830985916,-0.978055555555555,5.84263888888889,0.221566901408444,0.169532121164628,6.57152233152941,17
670329,SL,2025,"Garcia, Rico",breaking,48,1.74473870975,0.375,4.43786089238845,0.297364987922127,46.9458333333333,-1.61416666666667,5.87791666666667,51.1354330708661,-1.39354330708661,6.03653543307087,4.18959973753282,0.271725191780187,4.65263655933333,18
672282,SL,2025,"Detmers, Reid",breaking,169,1.74416986262722,0.396449704142012,2.40831988524296,0.251903348593078,45.9940828402367,1.49473372781065,6.04023668639053,45.2424242424243,1.35609665427509,6.00687732342008,0.75165859781243,0.142594127706222,4.39947323558209,67
519242,SL,2023,"Sale, Chris",breaking,129,1.74201456688372,0.364341085271318,1.85743747257569,0.143149678385833,12.8116279069768,3.29341085271318,5.22744186046512,11.2830188679245,3.28640625,5.18296875,1.52860903905222,0.0450213506417997,4.781274024,47
663855,FS,2024,"Hicks, Jordan",offspeed,186,1.74190229987097,0.39247311827957,2.70154426904599,0.201776036114572,29.2360215053763,-1.89478494623656,5.63784946236559,30.6197872340426,-1.77548936170213,5.67544680851063,1.38376572866623,0.125079962130478,4.43827161336986,73
668933,SL,2025,"Ashcraft, Graham",breaking,243,1.74107317527572,0.390946502057613,2.89498995119151,0.235431597282249,53.7769547325103,-0.177325102880658,6.40954732510288,56.296511627907,-0.0374131274131275,6.54528957528957,2.51955689539671,0.194939270966562,4.45348191149474,95
623149,ST,2026,"Sewald, Paul",breaking,107,1.74005732758878,0.355140186915888,5.77373074008587,0.213691831405092,18.5710280373832,-3.62102803738318,4.57915887850467,12.7972972972973,-3.65621621621622,4.38340540540541,5.77373074008587,0.198891000701414,4.89963510663158,38
573124,ST,2025,"Rogers, Taylor",breaking,220,1.73917890769091,0.336363636363636,1.49295193312435,0.178167057390713,29.2759090909091,1.98059090909091,5.61686363636363,29.483908045977,1.83551724137931,5.66873563218391,0.207998955067939,0.154068403683796,5.17053188772973,74
681347,CH,2025,"Burrows, Mike",offspeed,213,1.73791894339906,0.417840375586854,3.77444364069614,0.58130093821876,48.6286384976526,-1.44741784037559,6.18098591549296,47.3253776435045,-1.42619335347432,6.09552870090634,1.30326085414804,0.0880534744863956,4.15928915667416,89
656427,KC,2024,"Flaherty, Jack",breaking,256,1.7369296511875,0.4140625,6.00853211291913,0.357300421816059,24.896875,-2.58765625,5.2416796875,30.7096646942801,-2.33958579881657,5.45510848126232,5.81278969428007,0.327247305194698,4.19484896890566,106
681217,FS,2026,"Silseth, Chase",offspeed,94,1.73684713570213,0.372340425531915,2.52376467852576,0.177956874603163,37.7276595744681,-1.98276595744681,5.94265957446808,35.5601092896175,-2.03147540983607,5.87535519125683,2.16755028485061,0.0830812298386863,4.66467516445714,35
641755,SL,2024,"Kinley, Tyler",breaking,376,1.73572393105319,0.396276595744681,2.32900858754166,0.186365790216217,45.2896276595745,-1.02119680851064,6.44045212765958,44.4204819277109,-0.960236686390533,6.46970414201184,0.869145731863604,0.0676152115471297,4.38008186628188,149
679156,SL,2024,"Pennington, Walter",breaking,64,1.7355010866875,0.390625,1.8715625,0.134801524348179,28.7375,3.26453125,5.7528125,28.9225,3.26575,5.80025,0.185000000000006,0.0474531532968297,4.44288278192,25
605488,CH,2026,"Springs, Jeffrey",offspeed,221,1.7352266359276,0.366515837104072,1.88609648843285,0.309852050034978,47.1049773755656,2.29723981900452,6.2627149321267,48.0476056338028,2.10940845070423,6.04552112676056,0.942628258237164,0.287147648444113,4.73438378444445,81
573204,CU,2026,"Thielbar, Caleb",breaking,64,1.735187177625,0.328125,3.90546875000001,0.159564650962898,58.1390625,-0.10359375,6.1240625,54.2443548387097,-0.0444094488188977,6.14968503937008,3.89470766129033,0.0644926044602528,5.28818949371429,21
688158,SL,2025,"Morgan, David",breaking,65,1.73511780498462,0.292307692307692,3.22371794871795,0.19720548993468,29.7430769230769,-2.28153846153846,5.22953846153846,30.3472222222222,-2.21893518518519,5.31180555555555,0.604145299145277,0.10337816485207,5.93592933284211,19
640455,ST,2024,"Manaea, Sean",breaking,225,1.73451542538667,0.351111111111111,4.7379626745767,0.507809877176003,25.3462222222222,2.92791111111111,5.53151111111111,21.1304783092325,2.97935064935065,5.35153679653679,4.21574391298974,0.18718114221468,4.94007557863291,79
622491,SL,2025,"Castillo, Luis",breaking,255,1.73426644174118,0.345098039215686,2.70462565140779,0.233034100863437,13.963137254902,-2.24505882352941,4.94576470588235,16.142638623327,-2.18153917050691,5.12312442396312,2.17950136842501,0.188391124838165,5.02543116640909,88
518876,SL,2026,"Kelly, Merrill",breaking,100,1.73216007552,0.33,3.33611111111111,0.122889313785439,24.925,-1.8168,5.4314,21.5888888888889,-1.8493961352657,5.34309178743961,3.33611111111112,0.0941320797596218,5.24896992581818,33
669022,CU,2026,"Gore, MacKenzie",breaking,177,1.73016376325424,0.299435028248588,7.1741172316384,0.249429819693669,53.3887005649717,1.58610169491525,5.6845197740113,46.2145833333334,1.80754807692308,5.64899038461539,7.17411723163838,0.224278482283079,5.77809407728302,53
674841,SL,2026,"Alvarez, Andrew",breaking,121,1.73000258390083,0.363636363636364,2.17812800307515,0.205444426842187,47.7818181818182,1.40487603305785,6.38380165289257,47.5488372093024,1.31063953488372,6.3985465116279,0.232980972515854,0.095383061637002,4.75750710572727,44
608718,CH,2024,"Suter, Brent",offspeed,91,1.72964296496703,0.241758241758242,5.07349811072211,0.223118202959691,51.8659340659341,3.45626373626374,6.30692307692308,56.9394321766562,3.26447949526814,6.24608832807571,5.0734981107221,0.201201545127215,7.15443226418182,22
656302,SL,2026,"Cease, Dylan",breaking,307,1.72790826818241,0.429967426710098,3.3989876732452,0.262390743317385,50.1355048859935,-1.71328990228013,6.08671009771987,53.0892156862745,-1.57259803921569,6.20223039215687,2.95371080028105,0.182041585247315,4.01869574493939,132
598286,CH,2023,"Ramirez, Nick",offspeed,64,1.727529359625,0.296875,1.65339095744681,0.108971729964056,34.575,3.22984375,5.91640625,33.2170212765957,3.2031914893617,5.90234042553191,1.35797872340426,0.0301361977545038,5.819046264,19
450203,CU,2025,"Morton, Charlie",breaking,460,1.72714496955652,0.367391304347826,1.9105452601568,0.239648657585427,20.7784782608696,-2.59078260869565,5.31328260869565,21.7901639344262,-2.45697841726619,5.40003597122302,1.01168567355666,0.159466948155096,4.70110465086391,169
667297,SL,2024,"Nance, Tommy",breaking,48,1.72681908425,0.354166666666667,6.19375000000001,0.355836645584223,36.9729166666667,-1.23,5.95416666666667,43.1666666666667,-0.973333333333334,6.17854166666667,6.19375000000001,0.340913359085236,4.87572447317647,17
640455,ST,2026,"Manaea, Sean",breaking,237,1.72426571814346,0.29957805907173,1.81581710483609,0.215766273759065,15.5776371308017,3.49371308016877,5.15966244725738,15.2651923076923,3.38421153846154,5.11894230769231,0.312444823109374,0.116827725315781,5.75564753802817,71
672578,SL,2023,"Hernández, Carlos",breaking,52,1.72347094315385,0.365384615384615,3.41458450308815,0.239634725834926,40.6288461538462,-1.77211538461538,5.93461538461539,37.751094890511,-1.67124087591241,5.99751824817519,2.87775126333521,0.118879925765832,4.71686784442105,19
656849,SL,2023,"Peterson, David",breaking,79,1.72074172329114,0.455696202531646,3.62561915244908,0.357365060176427,37.1101265822785,2.46759493670886,5.87987341772152,40.705652173913,2.23495652173913,6.12047826086956,3.59552559163456,0.334680926653915,3.776072115,36
687888,CH,2025,"Walter, Brandon",offspeed,72,1.72020833683333,0.402777777777778,9.2282258064516,0.29062226636414,20.375,2.24166666666667,5.31833333333333,29.6032258064516,2.22564516129032,5.58862903225806,9.2282258064516,0.270770111887803,4.27086207765517,29
647336,SV,2026,"Soroka, Michael",breaking,197,1.71860749354315,0.319796954314721,4.44728748334156,0.247386379048403,29.7269035532995,-2.56380710659899,5.66096446700508,25.3280235988201,-2.65105571847508,5.4525219941349,4.39887995447943,0.225965892936393,5.3740583528254,63
601713,SL,2024,"Pivetta, Nick",breaking,43,1.71791618018605,0.302325581395349,2.31354632822246,0.197718185916948,58.0511627906977,-1.42883720930233,6.83302325581396,56.843690851735,-1.45794952681388,6.83179810725552,1.2074719389627,0.0291380853846604,5.68233813446154,13
670329,CH,2025,"Garcia, Rico",offspeed,60,1.71699956686667,0.283333333333333,4.91355643044619,0.413104228365808,46.3383333333333,-1.75333333333333,5.85516666666667,51.1354330708661,-1.39354330708661,6.03653543307087,4.7970997375328,0.402918716881701,6.05999847129412,17
621107,ST,2025,"Eflin, Zach",breaking,89,1.71624284346067,0.325842696629214,2.12825285187409,0.173248380000639,24.4247191011236,-2.40393258426966,5.61966292134831,23.0679389312977,-2.40587786259542,5.51015267175572,1.35678016982589,0.10952752564354,5.2670901057931,29
607074,SL,2025,"Rodón, Carlos",breaking,413,1.71602424633414,0.397094430992736,5.80944309927353,0.416323881678765,40.5779661016949,2.55973365617433,6.23973365617434,46.2685714285714,2.20037089871612,6.429029957204,5.69060532687641,0.406170753540286,4.32145130326829,164
518397,SL,2024,"Alexander, Scott",breaking,44,1.71515857663636,0.272727272727273,2.79265271765271,0.221473713289252,37.4795454545454,1.35363636363636,5.74272727272727,35.3624338624339,1.41010582010582,5.72465608465609,2.11711159211157,0.0592905334118366,6.288914781,12
671096,ST,2026,"Abbott, Andrew",breaking,209,1.71182157603828,0.277511961722488,1.92253727668775,0.145998049182399,50.9612440191387,2.48665071770335,6.02650717703349,51.6494407158837,2.43975391498881,6.01510067114094,0.688196696744917,0.0482640495764985,6.16846050675862,58
694973,SL,2025,"Skenes, Paul",breaking,74,1.711536848,0.337837837837838,2.33492837099393,0.255689952572766,22.3351351351351,-2.40554054054054,5.48878378378379,23.9289617486339,-2.41837431693989,5.60195355191257,1.59382661349871,0.113895137012039,5.06614907008,25
622088,ST,2026,"Antone, Tejay",breaking,130,1.71027350738462,0.315384615384615,4.9736,0.370394145275562,24.2876923076923,-1.963,5.45730769230769,29.256,-1.76217948717949,5.74987179487179,4.96830769230769,0.354855791102008,5.42281843804878,41
664285,SL,2026,"Valdez, Framber",breaking,42,1.70971079657143,0.428571428571429,3.88861231361232,0.314221010920573,39.3571428571429,0.820952380952381,5.82619047619048,42.7800505050505,0.70165,5.9822,3.42290764790766,0.196397631401658,3.989325192,18
669372,CH,2025,"Ginn, J.T.",offspeed,71,1.7091921755493,0.47887323943662,1.82040527478597,0.166788968368645,44.9478873239437,-1.1730985915493,5.64380281690141,45.7629901960784,-1.09174019607843,5.67338235294117,0.815102872134766,0.0865686864051968,3.56919542541177,34
669854,SL,2025,"Blanco, Ronel",breaking,141,1.70903014964539,0.411347517730496,4.94248226950354,0.518223379868026,42.7758865248227,-2.04723404255319,5.85595744680851,47.71,-1.68763636363636,6.05418181818182,4.93411347517731,0.410613433887291,4.15471122586207,58
519151,CU,2023,"Pressly, Ryan",breaking,66,1.70902590587879,0.454545454545455,2.68973407544835,0.177103319387236,59.7454545454546,-0.32969696969697,5.96924242424242,58.8265306122449,-0.211020408163265,5.92693877551021,0.918923933209655,0.125990971714333,3.75985699293333,30
663556,CH,2026,"McClanahan, Shane",offspeed,218,1.70788602814679,0.376146788990826,2.27356873622078,0.184928530369574,38.5339449541284,0.75197247706422,6.1756880733945,40.5158914728683,0.644264150943396,6.2731320754717,1.98194651873982,0.145246056939838,4.54047748946341,82
657746,ST,2025,"Ryan, Joe",breaking,152,1.70742992660526,0.328947368421053,2.56186008052919,0.203237428290072,24.6559210526316,-2.56973684210526,4.79013157894737,25.0841530054645,-2.46936612021858,4.75736612021858,0.428231952832896,0.105583412985952,5.19058697688,50
607074,SL,2024,"Rodón, Carlos",breaking,372,1.70671535236559,0.376344086021505,6.48271363213398,0.475223864666958,41.0319892473118,2.30951612903226,6.19080645161291,47.3118990384615,1.89842548076923,6.3983533653846,6.27990979114971,0.46051193524758,4.53498650771429,140
605155,CU,2024,"Brewer, Colten",breaking,41,1.70619875385366,0.463414634146342,6.83959455178966,0.309776812320511,40.190243902439,-2.35634146341463,6.19609756097561,33.3506493506494,-2.4312987012987,5.9348051948052,6.83959455178966,0.271831359725368,3.68179731094737,19
672456,SL,2025,"Montero, Keider",breaking,157,1.70373008478981,0.363057324840764,1.68536580643912,0.269578115965991,40.7292993630573,-2.4659872611465,5.77987261146497,40.6270516717325,-2.31501519756839,5.78942249240122,0.102247691324806,0.15127380542225,4.69273023354386,57
677952,CU,2026,"Ashcraft, Braxton",breaking,245,1.70269845996735,0.404081632653061,4.21128075529276,0.230870394141468,40.7726530612245,-0.798489795918368,6.23469387755102,36.5698598130841,-0.887406542056075,6.07997663551402,4.2027932481404,0.178447787117836,4.21374871406061,99
656641,CH,2024,"Latz, Jacob",offspeed,104,1.70191886123077,0.365384615384615,2.56269230769232,0.284762559361633,48.9673076923077,1.83788461538462,5.86519230769231,50.8331578947369,1.60721052631579,5.96731578947369,1.86585020242915,0.25226918341106,4.6578831991579,38
642546,SL,2024,"Hernández, Jonathan",breaking,173,1.70099240786127,0.38728323699422,2.41469472543352,0.174189086246205,27.2271676300578,-1.5906936416185,5.45387283236994,25.4171875,-1.533671875,5.457265625,1.8099801300578,0.0571226129490326,4.39211472477612,67
543766,ST,2023,"Shaw, Bryan",breaking,71,1.70027009966197,0.338028169014085,7.51264640474427,0.304383584976926,34.0957746478873,-3.05830985915493,5.9012676056338,41.6084210526316,-2.82170731707317,6.07082926829268,7.51264640474427,0.291087478884261,5.0299657115,24
672782,ST,2025,"Gómez, Yoendrys",breaking,80,1.7001261888,0.3,3.01827194357367,0.223241138621998,34.30375,-2.04725,5.52825,32.9432601880878,-1.94545454545455,5.53689655172413,1.36048981191222,0.102162015557807,5.667087296,24
801403,SL,2026,"Dollander, Chase",breaking,47,1.69951008970213,0.297872340425532,3.24767975055026,0.112813732523616,25.0808510638298,-1.82404255319149,5.15531914893617,22.0745689655172,-1.84603448275862,5.17353448275862,3.00628209831256,0.0285559687692246,5.70549815828571,14
608331,CU,2023,"Fried, Max",breaking,75,1.69936347488,0.453333333333333,2.14407017543859,0.191084495905513,52.9666666666667,1.26026666666667,6.08106666666667,51.3221052631579,1.16778947368421,5.99321052631579,1.64456140350875,0.127556781941483,3.74859590047059,34
669713,ST,2025,"Wesneski, Hayden",breaking,56,1.69718512735714,0.267857142857143,2.34503835091084,0.168389673220672,45.225,-1.67339285714286,5.93964285714286,46.0087248322148,-1.56785234899329,5.94731543624161,0.783724832214787,0.105819031041187,6.3361578088,15
593974,SL,2025,"Peralta, Wandy",breaking,82,1.69525042907317,0.414634146341463,3.61762195121951,0.429702419015215,45.6573170731707,0.7,5.9969512195122,47.48375,0.419004149377593,6.23726141078838,1.82643292682925,0.369739984446105,4.08854515247059,34
691587,ST,2026,"Pérez, Eury",breaking,107,1.69271518411215,0.345794392523364,3.70673931362038,0.347846710326702,28.9579439252336,-1.97261682242991,5.78457943925234,32.498155737705,-1.74250485436893,6.01697087378641,3.54021181247132,0.327043264247555,4.89514931621622,37
694973,CU,2024,"Skenes, Paul",breaking,86,1.69206586469767,0.337209302325581,2.27986046511628,0.353413668223813,24.75,-2.51895348837209,5.71686046511628,24.4145,-2.28785,5.695075,0.335500000000007,0.232128044036223,5.01785049531034,29
663436,ST,2024,"Martin, Davis",breaking,131,1.69013540403053,0.366412213740458,2.45757690272844,0.1793851022632,38.5847328244275,-2.02648854961832,5.97320610687023,40.7128712871287,-1.88405940594059,6.01564356435643,2.12813846270124,0.148616953160344,4.61266120683333,48
592155,ST,2025,"Booser, Cam",breaking,78,1.69012553374359,0.371794871794872,6.56947532236548,0.402727105194665,32.175641025641,2.92525641025641,5.59217948717949,38.7410404624277,2.62531791907514,5.84687861271677,6.5653994367867,0.393490461182411,4.54585488386207,29
650911,CH,2026,"Sánchez, Cristopher",offspeed,438,1.68646331414612,0.4337899543379,2.01651186100904,0.146845072584612,29.5671232876712,2.01579908675799,6.00563926940638,31.2143902439025,1.93019512195122,6.04151219512195,1.64726695623124,0.092816515718023,3.8877417452421,190
519326,SL,2024,"Strickland, Hunter",breaking,68,1.68483442641176,0.264705882352941,3.60212460305459,0.188383487069908,28.5617647058823,-3.20205882352941,5.75102941176471,31.3272493573265,-3.10151670951157,5.86010282776349,2.76548465144414,0.148343273419527,6.36493005533333,18
677960,ST,2024,"Weathers, Ryan",breaking,84,1.68473118847619,0.464285714285714,3.59889029358056,0.267558427705356,36.0904761904762,3.00202380952381,5.67654761904762,36.7790560471976,2.79002949852507,5.75696165191741,0.688579856721447,0.226733333628322,3.6286517905641,39
608331,CU,2025,"Fried, Max",breaking,200,1.68422118552,0.405,4.29029379760606,0.288446649594577,51.29,1.44925,6.23580000000001,47.0326441784549,1.48316648531012,6.02854189336236,4.2573558215451,0.210014882193651,4.15857082844445,81
687830,SL,2023,"Gipson-Long, Sawyer",breaking,44,1.68411719863636,0.409090909090909,1.5030868385346,0.149248674246321,30.1113636363636,-2.26477272727273,5.23045454545455,29.3402985074627,-2.30671641791045,5.14402985074627,0.771065128900943,0.0960650875174325,4.11673093,18
805673,SL,2024,"Matthews, Zebby",breaking,100,1.68364861076,0.38,2.69119905213268,0.139074123102234,43.429,-2.0341,6.0242,41.0023696682465,-2.06103773584905,5.93231132075472,2.42663033175355,0.0957557882642836,4.43065423884211,38
686610,CH,2023,"Waldichuk, Ken",offspeed,98,1.68264703995918,0.36734693877551,2.74781843771992,0.21456033854975,34.0438775510204,2.16163265306122,5.45275510204082,36.5241379310345,2.08394984326019,5.56783699059561,2.48026038001407,0.138846894138553,4.58053916433333,36
700363,FS,2025,"Smith-Shawver, AJ",offspeed,130,1.68184245741539,0.392307692307692,4.4785145888594,0.218970736079443,44.2984615384616,-2.06123076923077,5.64661538461539,40.9524137931035,-2.20489655172414,5.69593103448276,3.34604774535808,0.151894339530061,4.2870494012549,51
808967,SL,2026,"Yamamoto, Yoshinobu",breaking,71,1.68178106890141,0.295774647887324,2.80111358574611,0.182261577487974,41.2042253521127,-1.8769014084507,5.37605633802817,39.1897550111359,-1.9652561247216,5.38258351893095,2.01447034097684,0.0885954850872704,5.68602170914286,21
691951,CH,2026,"Aldegheri, Sam",offspeed,105,1.68174595051429,0.333333333333333,5.99422305764411,0.32306975639911,37.2057142857143,1.5792380952381,5.93942857142857,43.196052631579,1.43631578947368,6.21513157894737,5.99033834586465,0.310546186323267,5.04523785154286,35
663941,ST,2023,"Beck, Tristan",breaking,97,1.68158230408247,0.309278350515464,2.47021161150298,0.287590864043432,43.1309278350516,-2.4798969072165,5.9379381443299,43.5947368421053,-2.46315789473684,6.09328947368421,0.463809007053712,0.156250536226105,5.43711611653333,30
664285,CU,2025,"Valdez, Framber",breaking,431,1.68093636971694,0.412993039443156,1.5287370443261,0.248503429798672,42.0208816705337,0.805150812064965,5.95438515081206,42.1811129848229,0.659207419898819,6.04418212478921,0.160231314289227,0.171356267035715,4.07013244577528,178
687377,CH,2025,"Ribalta, Orlando",offspeed,56,1.68045939321429,0.410714285714286,2.25200381679389,0.214683428418814,39.2410714285714,-1.82428571428572,6.32821428571429,39.1312977099237,-1.69480916030534,6.43977099236641,0.109773718647752,0.170906631906724,4.09155330521739,23
671922,FS,2025,"Smith, Cade",offspeed,139,1.68016599945324,0.37410071942446,3.27080500188377,0.231818808134685,35.2647482014389,-2.58424460431655,5.74755395683453,38.4259351620948,-2.49902743142145,5.87102244389028,3.1611869606559,0.150021444640651,4.49121296007692,52
664299,ST,2025,"Javier, Cristian",breaking,43,1.67882093888372,0.232558139534884,1.61324053641147,0.168877872749948,35.0860465116279,-1.72953488372093,5.71697674418605,34.6664233576642,-1.67144927536232,5.68601449275363,0.41962315396367,0.065822480294763,7.2189300372,10
687863,SL,2025,"Hodge, Porter",breaking,62,1.67776629270968,0.32258064516129,3.79809384164224,0.198299369537192,39.7661290322581,-2.69258064516129,5.64822580645162,43.3636363636364,-2.67754545454546,5.70709090909091,3.59750733137832,0.0607548949928212,5.2010755074,20
552640,SL,2025,"Kittredge, Andrew",breaking,235,1.67731585092766,0.387234042553192,2.202009902315,0.161442168245793,40.9727659574468,-1.744,5.87629787234042,40.8182389937107,-1.68641509433962,5.89088050314466,0.154526963736082,0.0594026470882151,4.3315299447033,91
680744,SL,2026,"Madden, Ty",breaking,46,1.67329513278261,0.326086956521739,1.66674237508112,0.165698032941735,42.8717391304348,-2.03108695652174,5.85891304347826,42.0716417910448,-1.99694029850746,5.87679104477612,0.800097339390035,0.0385437048550111,5.1314384072,15
682052,SL,2025,"Lopez, Jacob",breaking,251,1.67311362081275,0.314741035856574,5.11920650730412,0.313581674505684,18.0541832669323,3.88211155378486,5.09521912350598,23.0958333333333,3.70807291666666,5.29481770833333,5.04165006640107,0.264818885797526,5.31584201043038,79
547973,FS,2025,"Chapman, Aroldis",offspeed,56,1.6731038385,0.464285714285714,1.87321428571429,0.180568641704087,51.7089285714286,0.343035714285714,6.11732142857143,51.8637837837838,0.295513513513514,6.20048648648649,0.154855212355194,0.0957851054405059,3.60360826753846,26
696270,FS,2026,"Johnson, Ryan",offspeed,103,1.67082520881553,0.339805825242718,6.69658062988397,0.516255626957937,13.531067961165,-3.07126213592233,5.53359223300971,20.1863414634146,-2.80234146341463,5.75946341463415,6.65527350224958,0.351192424164321,4.91699990022857,35
663574,SL,2024,"Santillan, Tony",breaking,51,1.67049600219608,0.411764705882353,1.63960784313726,0.189596337609937,27.8392156862745,-2.45843137254902,5.47078431372549,27.6527272727273,-2.35236363636364,5.42527272727272,0.186488413547259,0.115419535438935,4.05691886247619,21
679775,ST,2025,"Backhus, Kyle",breaking,57,1.66941469789474,0.315789473684211,3.51418376449599,0.257579169045475,6.26666666666667,3.09122807017544,4.18280701754386,9.71525423728814,2.99389830508475,4.36220338983051,3.44858757062147,0.204098362468245,5.28647987666667,18
622554,SL,2024,"Domínguez, Seranthony",breaking,109,1.66841519680734,0.311926605504587,4.12344171613598,0.222696954279125,32.0376146788991,-1.72495412844037,5.51201834862385,28.2463235294118,-1.8024,5.40912727272727,3.79129114948731,0.12878057509107,5.34874283682353,34
640451,FS,2024,"Harvey, Hunter",offspeed,107,1.66585351547664,0.336448598130841,5.31478452751818,0.335733685104847,40.8672897196262,-2.15906542056075,5.65355140186916,46.1736111111111,-1.93208333333333,5.87809027777778,5.30632139148494,0.319278208959557,4.95128683766667,36
669276,CH,2026,"Lee, Dylan",offspeed,50,1.66569922656,0.48,3.92657142857145,0.321853581198531,45.078,1.8772,6.428,48.8571428571429,1.62069565217391,6.57704347826086,3.77914285714287,0.296662162848219,3.470206722,24
694297,ST,2024,"Pfaadt, Brandon",breaking,380,1.66567957267368,0.323684210526316,4.50545372050817,0.384567161918529,25.0213157894737,-2.151,5.38271052631579,29.3742068965517,-1.8907724137931,5.58833103448276,4.35289110707803,0.33165975034953,5.1460019318374,123
701656,CH,2026,"Henderson, Logan",offspeed,117,1.6637448194188,0.341880341880342,1.88428576903913,0.111449312967041,30.6316239316239,-1.65316239316239,5.19094017094017,30.7659192825112,-1.64789237668161,5.21677130044843,0.134295350887285,0.0263632381429144,4.8664535968,40
696147,SL,2025,"Bachman, Sam",breaking,94,1.66269582085106,0.297872340425532,3.14307273626917,0.182687493721015,36.6776595744681,-1.97446808510638,5.44340425531915,35.0325581395349,-1.9793023255814,5.41488372093023,1.6451014349332,0.0289273359091304,5.58190739857143,28
641927,ST,2024,"Ober, Bailey",breaking,133,1.66236685783459,0.278195488721805,2.13427784753634,0.172273230016458,36.5624060150376,-1.35428571428571,5.99812030075188,35.2814889336016,-1.4389378757515,5.95923847695391,1.28091708143597,0.0931546277040824,5.97553492140541,37
670329,CU,2026,"Garcia, Rico",breaking,55,1.66207930109091,0.381818181818182,2.45307621671258,0.148839452194014,47.7690909090909,-1.35890909090909,5.93563636363637,48.0191919191919,-1.28585858585859,5.96464646464647,0.25010101010102,0.0786000143050245,4.35306483619048,21
691799,CU,2025,"Taylor, Grant",breaking,53,1.66166444513208,0.358490566037736,3.7050314465409,0.15191045685837,60.8603773584906,-0.59622641509434,5.90679245283019,57.2047619047619,-0.670190476190476,5.83476190476191,3.65561545372869,0.103242831174131,4.63516924168421,19
642547,SL,2023,"Peralta, Freddy",breaking,93,1.66094908877419,0.387096774193548,2.7732921012208,0.181596062912672,34.2924731182796,-2.86838709677419,5.03956989247312,36.637969924812,-2.81304511278196,5.13458646616542,2.34549680653248,0.109958557958991,4.290785146,36
666142,CH,2023,"Ragans, Cole",offspeed,154,1.66090178462338,0.37012987012987,2.11818181818183,0.225996559485964,40.7733766233766,1.42350649350649,6.14363636363636,42.5583333333334,1.29166666666667,6.27634057971015,1.78495670995672,0.187061885227626,4.48734868126316,57
621242,SL,2024,"Díaz, Edwin",breaking,230,1.66033779584348,0.365217391304348,5.43902173913043,0.265058219204658,22.9847826086957,-2.054,5.03404347826087,17.5625,-2.0996875,4.8046875,5.42228260869565,0.233862165431375,4.54616301242857,84
547179,ST,2026,"Lorenzen, Michael",breaking,55,1.65949183156364,0.309090909090909,2.86930924970226,0.562356030152398,39.5981818181818,-2.06745454545455,5.69254545454545,38.4975982532751,-1.91602620087336,5.64596069868995,1.10058356490671,0.158431950757144,5.36894416094118,17
519043,CH,2024,"Moore, Matt",offspeed,134,1.65915376083582,0.283582089552239,4.76743912018852,0.205646928300246,45.7022388059701,0.872686567164179,6.41582089552239,40.9368421052632,1.02971291866029,6.33052631578947,4.76539670070697,0.178696503591967,5.850700104,38
593576,FS,2024,"Neris, Héctor",offspeed,204,1.65652745994118,0.348039215686275,3.8328083715756,0.239868312531884,41.8431372549019,-1.42549019607843,6.16034313725491,38.2088652482269,-1.49276595744681,6.02617021276595,3.63427200667501,0.150094642587981,4.75960002574648,71
506433,CU,2025,"Darvish, Yu",breaking,78,1.65496862917949,0.333333333333333,19.8450300728079,0.937257707257349,45.7269230769231,-1.75474358974359,5.66230769230769,25.8818930041152,-2.55588477366255,5.20666666666667,19.8450300728078,0.921648490921719,4.96490588753846,26
701552,SL,2025,"Granillo, Andre",breaking,124,1.65465264009677,0.346774193548387,9.66106726149624,0.581995148384192,40.7991935483871,-1.08677419354839,6.23556451612903,50.4382978723404,-0.598723404255319,6.53702127659575,9.63910432395333,0.573646015728053,4.77155645051163,43
688642,FS,2025,"Agnos, Zach",offspeed,56,1.65449374092857,0.339285714285714,2.57149859943977,0.158742427751357,38.775,-1.82428571428571,5.87642857142857,40.7843137254902,-1.76006535947712,5.90470588235294,2.0093137254902,0.0701702236340643,4.8764026048421,19
458681,CU,2023,"Lynn, Lance",breaking,93,1.65332358503226,0.268817204301075,3.10679715837143,0.436890395643287,32.3279569892473,-3.2505376344086,5.51139784946236,33.4572854291417,-3.04316733067729,5.60675298804781,1.12932843989437,0.228243390537965,6.15036373632,25
687424,SL,2024,"Maldonado, Anthony",breaking,95,1.64984827536842,0.368421052631579,1.93672293942403,0.20753889655937,37.02,-1.83084210526316,6.21568421052632,36.0396226415094,-1.82188679245283,6.27849056603774,0.980377358490578,0.0634415945587566,4.47815960457143,35
663969,CU,2025,"Phillips, Tyler",breaking,118,1.64942438318644,0.372881355932203,9.59243934862078,0.353737006439685,37.1169491525424,-1.0235593220339,6.12872881355932,27.5245098039216,-1.18416666666667,5.86754901960784,9.59243934862079,0.306609856199255,4.42345630036363,44
642701,SL,2026,"Santana, Dennis",breaking,121,1.64883505699174,0.355371900826446,2.50297019784622,0.165607535586632,32.1206611570248,-1.9703305785124,5.64876033057851,30.0169696969697,-1.90975757575758,5.64957575757576,2.10369146005509,0.0605784910997574,4.63974516037209,43
519043,CH,2023,"Moore, Matt",offspeed,75,1.64768679664,0.373333333333333,4.71553153153151,0.199530907291575,47.2506666666667,1.0412,6.39573333333334,42.5351351351352,1.19017857142857,6.31589285714286,4.71553153153154,0.169024011262365,4.41344677671429,28
679525,SL,2024,"Marsh, Alec",breaking,189,1.64545929003175,0.264550264550265,2.02266259160669,0.20736027116419,31.6391534391535,-1.92486772486772,5.61153439153439,31.3685300207039,-1.94898550724638,5.63306418219462,0.270623418449517,0.0323295424145976,6.21983611632,50
471911,SL,2023,"Carrasco, Carlos",breaking,58,1.6454078457931,0.310344827586207,2.60934065934067,0.203948689033761,31.7637931034483,-1.51172413793103,5.68586206896551,34.1054945054945,-1.37406593406593,5.77692307692308,2.34170140204625,0.165051168616321,5.30186972533333,18
665795,SL,2024,"Cabrera, Edward",breaking,64,1.6441565131875,0.28125,2.44730902777779,0.242426385532526,40.5734375,-1.4621875,6.07484375,39.6236111111111,-1.28263888888889,6.14402777777778,0.949826388888901,0.192416562310748,5.84588982466667,18
663947,ST,2024,"Holton, Tyler",breaking,86,1.64272280995349,0.372093023255814,4.41746289285499,0.294929729865713,40.1488372093023,1.75895348837209,5.79709302325581,44.3229974160207,1.52521963824289,5.93173126614987,4.17416020671833,0.269738705316492,4.41481755175,32
593423,FS,2024,"Montas, Frankie",offspeed,202,1.64141273180198,0.391089108910891,3.86044405443889,0.216463105865353,41.3757425742574,-1.14678217821782,5.92940594059406,42.6983277591973,-1.04662207357859,5.94570791527313,1.32258518493993,0.101478081080488,4.19703002308861,79
666142,CH,2026,"Ragans, Cole",offspeed,52,1.64098686230769,0.403846153846154,1.46601823032458,0.171741469959068,41.2019230769231,1.23038461538462,6.18442307692308,42.1138728323699,1.18369942196532,6.31462427745665,0.911949755446841,0.138317966674547,4.06339604,21
672282,CU,2026,"Detmers, Reid",breaking,80,1.6398009315,0.375,9.09075749464664,0.361351628983732,48.60125,1.675375,6.261875,39.5104925053534,1.85379014989293,5.97428265524626,9.09075749464665,0.338439540349931,4.372802484,30
676254,SL,2024,"Walker, Ryan",breaking,263,1.63890993707985,0.346007604562738,2.99427641433344,0.205126480070423,18.7988593155894,-3.43091254752852,5.19882129277567,15.8780303030303,-3.38432330827068,5.15789473684211,2.92082901255904,0.0620124196851484,4.73662981815384,91
641154,ST,2025,"López, Pablo",breaking,118,1.63798864705085,0.288135593220339,2.15028797103834,0.298619603118948,33.8101694915254,-2.05177966101695,5.47262711864407,34.7621359223301,-1.98854368932039,5.49042071197411,0.951966430804681,0.0656917048035988,5.684784128,34
547973,SL,2024,"Chapman, Aroldis",breaking,106,1.6374135030566,0.292452830188679,3.84880769467147,0.176275795598862,55.7367924528302,0.360188679245283,6.13943396226415,52.0221498371336,0.386091205211726,6.12765472312703,3.7146426156966,0.0284550755769801,5.59889778464516,31
642701,SL,2025,"Santana, Dennis",breaking,265,1.63693363240755,0.354716981132075,2.40463836477987,0.154195095559995,33.0743396226415,-2.11516981132076,5.7471320754717,30.8541666666667,-2.09115207373272,5.77723502304147,2.22017295597481,0.0385102476132771,4.61475970838298,94
669022,CH,2026,"Gore, MacKenzie",offspeed,98,1.63680736469388,0.36734693877551,2.04706632653061,0.183983450022892,46.715306122449,1.75183673469388,5.56622448979592,46.2145833333334,1.80754807692308,5.64899038461539,0.500722789115635,0.0997694692691412,4.45575338166667,36
594798,SL,2025,"deGrom, Jacob",breaking,469,1.63655522644776,0.377398720682303,3.67939898519077,0.139219999632153,32.6402985074627,-1.4146908315565,5.52255863539445,29.0531013615734,-1.37747352496218,5.46095310136158,3.58719714588931,0.0719747854016315,4.33640904635028,177
702070,CU,2025,"Cameron, Noah",breaking,176,1.63593130509091,0.284090909090909,6.29069571258435,0.275903733039537,63.4022727272728,0.918181818181818,6.46948863636364,57.7017467248909,1.06829694323144,6.38384279475983,5.70052600238192,0.172828704076289,5.75847819392,50
801403,CU,2025,"Dollander, Chase",breaking,169,1.63506321318343,0.349112426035503,7.64173681140093,0.28461001245526,31.5656804733728,-2.19372781065089,5.50005917159764,23.9239436619719,-2.28647887323944,5.37102615694165,7.64173681140092,0.158909655095331,4.68348615301695,59
665622,SL,2024,"Medina, Luis",breaking,89,1.63494031267416,0.303370786516854,7.07355229040622,0.411315766509674,36.9033707865169,-2.4414606741573,6.02292134831461,43.9769230769231,-2.15682051282051,6.29574358974359,7.07355229040622,0.3942740124129,5.38924769733333,27
676477,SL,2025,"Whitlock, Garrett",breaking,183,1.63478928461202,0.355191256830601,2.78976385636223,0.458866096958561,42.7874316939891,-1.46021857923497,5.83677595628415,40.2196428571428,-1.32992882562278,5.80035587188612,2.56778883684625,0.135284302281851,4.60256060129231,65
656427,KC,2026,"Flaherty, Jack",breaking,139,1.6347049977554,0.366906474820144,4.27967672134785,0.268794548671026,27.7676258992806,-2.47302158273381,5.30676258992806,28.0516709511568,-2.37899742930591,5.35755784061697,0.284045051876237,0.106867670136401,4.45537244486274,51
676710,SL,2023,"Crawford, Kutter",breaking,42,1.63467405180952,0.428571428571429,2.63258353064984,0.189391764313769,46.0809523809524,-1.2397619047619,5.83380952380953,47.3406077348067,-1.15365284974093,5.9619170984456,1.25965535385429,0.154357766360303,3.81423945422222,18
678024,CU,2025,"Vasil, Mike",breaking,63,1.63451277542857,0.301587301587302,6.46325076348831,0.315767700157488,35.4285714285714,-1.38396825396825,6.0947619047619,28.9653206650831,-1.59128266033254,5.86938242280285,6.46325076348831,0.306227324016499,5.41970025536842,19
681895,CU,2026,"Sisk, Evan",breaking,60,1.6341444256,0.283333333333333,2.41220512820513,0.189216819873359,24.5966666666667,3.71666666666667,5.13183333333333,23.0030769230769,3.62361538461539,5.20307692307692,1.59358974358974,0.117192961268756,5.76756856094118,17
625643,CH,2024,"López, Reynaldo",offspeed,43,1.63378842762791,0.348837209302326,2.71796543168342,0.197316264062539,42.0116279069767,-1.76837209302326,5.90186046511628,41.3424954792043,-1.74949367088608,5.80730560578662,0.669132427772411,0.0964210363211357,4.68352682586667,15
601713,ST,2023,"Pivetta, Nick",breaking,48,1.63184113625,0.458333333333333,5.51703783524901,0.438474701327166,50.8208333333333,-1.78354166666667,6.450625,56.3221264367816,-1.41184782608696,6.65179347826087,5.50129310344825,0.42264058935541,3.56038066090909,22
663485,CU,2025,"Sands, Cole",breaking,56,1.63029646614286,0.303571428571429,3.28463651732882,0.176311972917745,21.875,-2.615,5.54232142857143,24.7440828402367,-2.57224852071006,5.64387573964497,2.86908284023669,0.110186056645568,5.37038835905883,17
805673,SL,2025,"Matthews, Zebby",breaking,190,1.63001211865263,0.363157894736842,2.62551970378206,0.289028099931221,41.1131578947369,-2.16178947368421,5.92384210526316,39.1477386934674,-2.1086432160804,5.85439698492462,1.9654192012695,0.0874479813153175,4.48843916730435,69
593423,SL,2024,"Montas, Frankie",breaking,74,1.62935189205405,0.337837837837838,5.32612763264937,0.275163082419843,45.2608108108108,-1.04162162162162,5.92472972972973,42.6983277591973,-1.04662207357859,5.94570791527313,2.56248305161349,0.0215659172878788,4.82288160048,25
605135,CU,2025,"Bassitt, Chris",breaking,205,1.62747285685854,0.302439024390244,7.31421163817941,0.621619404872866,38.5375609756097,-1.796,5.6700487804878,31.3240719910011,-1.98773903262092,5.42793025871766,7.21348898460865,0.308845001925827,5.38116025251613,62
605400,KC,2026,"Nola, Aaron",breaking,341,1.62690907550733,0.395894428152493,4.32551024176927,0.207030749081695,23.0099706744868,-1.82844574780059,5.10982404692082,18.6866498740554,-1.87697732997481,4.9411838790932,4.32332080043137,0.175484531150933,4.10945181294815,135
680694,CU,2024,"Bradish, Kyle",breaking,53,1.62678052301887,0.283018867924528,5.18734468476761,0.216393504080282,63.0037735849057,-1.00075471698113,6.47735849056604,57.8837398373984,-0.939512195121952,6.33780487804878,5.12003374750729,0.152400319062294,5.747957848,15
668881,SL,2023,"Greene, Hunter",breaking,143,1.62656993001399,0.307692307692308,2.29291455670766,0.225271918128848,28.4265734265734,-2.39608391608392,5.82321678321678,28.2270114942529,-2.42522988505747,5.89988505747126,0.19956193232057,0.0820214105253486,5.28635227254546,44
671212,SL,2024,"Boyle, Joe",breaking,124,1.62582950103226,0.338709677419355,4.06129032258064,0.299832238649162,48.1758064516129,-0.968064516129032,6.20645161290323,47.6985576923077,-0.881818181818182,6.21956937799043,0.477248759305205,0.087238213776659,4.80006805066667,42
650911,CH,2025,"Sánchez, Cristopher",offspeed,571,1.62523989818564,0.427320490367776,3.05936618262309,0.201320116001941,27.8439579684764,2.05868651488617,5.86418563922942,30.5446180555556,1.92402079722704,5.94058925476604,2.70066008707921,0.154830126201962,3.80332779452459,244
571510,SL,2025,"Boyd, Matthew",breaking,186,1.62448586195699,0.344086021505376,11.1215564406705,0.654859016487952,13.7838709677419,2.70112903225806,5.00967741935484,24.9054274084125,2.27823609226594,5.48789687924016,11.1215564406705,0.638382558117144,4.7211620363125,64
641793,FS,2024,"Littell, Zack",offspeed,311,1.62326201050804,0.321543408360129,2.27381449649909,0.175462736147029,42.0337620578778,-0.507459807073955,6.18382636655948,41.1876168224299,-0.556004618937644,6.10602771362587,0.846145235447899,0.0917018492570709,5.04834485268,100
669302,FS,2023,"Gilbert, Logan",offspeed,104,1.62147536469231,0.336538461538462,5.25752463728444,0.215308301466274,46.2355769230769,-1.06336538461538,6.06528846153846,51.370462633452,-0.929965753424657,6.13592465753425,5.13488571037505,0.150946791243065,4.81809822651429,35
642232,CH,2025,"Yarbrough, Ryan",offspeed,94,1.62060554174468,0.404255319148936,4.05735679214403,0.252407286481572,11.1648936170213,3.19414893617021,4.95234042553191,14.6119230769231,3.21773076923077,5.12753846153846,3.4470294599018,0.176777981295884,4.00886634010526,38
676961,CH,2025,"Boushley, Caleb",offspeed,49,1.6201227235102,0.387755102040816,3.460534358671,0.328262065974917,44.4122448979592,-1.78122448979592,6.08571428571429,41.3468599033817,-1.91806763285024,5.81014492753623,3.06538499457751,0.307675993486089,4.17821123431579,19
656557,ST,2025,"Houck, Tanner",breaking,109,1.61926366748624,0.311926605504587,2.7108256880734,0.25943399584769,18.7137614678899,-2.60412844036697,5.4094495412844,21.1733333333333,-2.44373333333333,5.51033333333333,2.45957186544344,0.18948385118132,5.19116881635294,34
518489,SL,2025,"Brasier, Ryan",breaking,68,1.61901226547059,0.367647058823529,8.4395751633987,0.376022180505541,43.8573529411765,-1.43058823529412,5.76735294117647,35.4177777777778,-1.76948148148148,5.63777777777778,8.43957516339869,0.362820003970574,4.40371336208,25
656848,SL,2026,"Petersen, Michael",breaking,81,1.6178102042963,0.333333333333333,7.23783336005556,0.735958519960824,47.6296296296296,-1.42024691358025,6.39925925925926,54.8489177489177,-0.757085020242915,6.70145748987854,7.21928811928811,0.728771203714979,4.85343061288889,27
694813,CH,2023,"Stone, Gavin",offspeed,54,1.61746849785185,0.481481481481482,1.50185185185185,0.267510416810842,48.6018518518519,-1.84518518518519,5.48148148148148,48.7023529411765,-1.96552941176471,5.50258823529412,0.100501089324659,0.122181127542393,3.35935764938462,26
573204,CU,2025,"Thielbar, Caleb",breaking,90,1.61729643706667,0.333333333333333,3.7361703327693,0.161479052566976,58.7233333333333,-0.0252222222222222,6.18188888888889,55.1624365482234,0.0545685279187818,6.16233502538071,3.56089678510995,0.0821517947835624,4.8518893112,30
668941,ST,2026,"Romero, JoJo",breaking,102,1.61700590658824,0.225490196078431,2.21812468577175,0.156361731417619,29.1264705882353,2.14705882352941,5.25745098039216,27.7487179487179,2.08820512820513,5.25247863247863,1.37775263951737,0.0590633701806516,7.17106967269565,23
669084,SL,2024,"Hall, DL",breaking,43,1.61426731172093,0.348837209302326,3.79770501835986,0.244717711418433,44.2279069767442,2.74790697674419,5.47883720930233,41.5434210526316,2.81453947368421,5.48671052631579,2.68448592411261,0.0670960413829089,4.6275662936,15
543243,CU,2026,"Gray, Sonny",breaking,97,1.61423270053608,0.319587628865979,4.74776713734303,0.197652142768119,51.058762886598,-0.57639175257732,5.59711340206186,46.328672985782,-0.696167400881057,5.52744493392071,4.73008990081595,0.138563708739753,5.050986192,31
677944,SL,2026,"Cecconi, Slade",breaking,46,1.61383598008696,0.304347826086957,2.17082714740196,0.146530994134794,39.1760869565217,-2.26108695652174,5.85934782608696,37.1326829268292,-2.20476422764227,5.80546341463415,2.04340402969252,0.0779472872269827,5.30260393457143,14
669372,SL,2026,"Ginn, J.T.",breaking,126,1.61306210571429,0.30952380952381,4.75941195270054,0.238657054040264,39.3634920634921,-1.42912698412698,5.47666666666667,42.4134228187919,-1.32888143176734,5.57516778523491,3.04993075529985,0.140540531972401,5.21143141846154,39
543339,SL,2024,"Hudson, Daniel",breaking,190,1.61280925978947,0.394736842105263,4.49866548393455,0.218605736224833,33.0447368421053,-2.81131578947368,5.59652631578947,28.5486891385768,-2.92476014760147,5.44560885608856,4.49604770352848,0.188800693943648,4.08578345813333,75
671106,ST,2023,"Allen, Logan",breaking,105,1.61214423409524,0.314285714285714,2.51075060532688,0.129672199399767,41.5438095238095,2.21971428571429,5.20485714285714,43.0135593220339,2.16860169491526,5.24622881355932,1.46974979822438,0.0657579810736209,5.12954983575758,33
640448,SL,2026,"Finnegan, Kyle",breaking,54,1.61191610118519,0.351851851851852,1.86766034327009,0.284606704571309,52.5666666666667,-1.95962962962963,5.65388888888889,53.7024390243902,-1.69756097560976,5.71109756097561,1.13577235772354,0.268240212462103,4.58123523494737,19
656240,SL,2025,"Blewett, Scott",breaking,163,1.61141187734969,0.331288343558282,3.12243645924628,0.191471030513044,44.2220858895706,-1.93049079754601,6.14846625766871,46.3857142857143,-1.78752380952381,6.21057142857143,2.16362839614374,0.155873705021073,4.86407659274074,54
594798,CH,2026,"deGrom, Jacob",offspeed,109,1.61110569592661,0.431192660550459,3.24946464933985,0.149594589813403,35.5174311926605,-1.40036697247706,5.64449541284404,32.3248210023866,-1.50954653937947,5.62649164677804,3.19261019027391,0.110654025781067,3.73639406076596,47
669711,CH,2024,"Weissert, Greg",offspeed,45,1.61008408853333,0.355555555555556,7.60388888888888,0.763226754889597,12.8711111111111,-3.31022222222222,4.66022222222223,20.475,-3.33913194444444,5.05461805555556,7.60388888888888,0.395453973794244,4.528361499,16
643511,SL,2023,"Rogers, Tyler",breaking,92,1.60956222695652,0.358695652173913,3.40801853171775,0.139002786530309,-61.7847826086957,-3.95228260869565,1.10130434782609,-64.8459016393443,-3.91467213114754,1.0644262295082,3.06111903064859,0.0526739369334128,4.48726439030303,33
676879,CH,2026,"Ashby, Aaron",offspeed,61,1.60888464393443,0.508196721311475,3.87319269013707,0.286544194382466,50.4606557377049,0.525245901639344,6.43540983606557,53.8368852459017,0.293811475409836,6.58229508196721,3.37622950819675,0.274111599732234,3.16586978322581,31
621111,ST,2025,"Buehler, Walker",breaking,83,1.60843347137349,0.325301204819277,3.43813355890356,0.288953488970269,40.6963855421687,-1.32578313253012,5.32132530120482,41.5984819734346,-1.26621212121212,5.47221590909091,0.902096431265882,0.162224168784075,4.94444363422222,27
686580,CU,2025,"Slaten, Justin",breaking,45,1.60842961893333,0.288888888888889,3.54390390390392,0.161917148557922,54.1533333333333,-0.794888888888889,5.99911111111111,50.7810810810811,-0.900108108108108,5.95356756756757,3.37225225225227,0.114652947853968,5.56764098861539,13
543056,ST,2024,"Coulombe, Danny",breaking,51,1.60826775741176,0.333333333333333,3.39398692810457,0.185392065922456,59.6764705882353,-0.73078431372549,6.16588235294118,56.4466666666667,-0.654333333333333,6.09883333333333,3.22980392156861,0.10168738089505,4.82480327223529,17
680570,CH,2024,"Rodriguez, Grayson",offspeed,209,1.60750332595215,0.311004784688995,4.11223513328777,0.235403142714814,34.8162679425837,-2.46401913875598,5.49019138755981,38.0380952380953,-2.34146572104019,5.60186761229314,3.22182729551152,0.165803858111052,5.16874146344615,65
543135,CU,2024,"Eovaldi, Nathan",breaking,140,1.60671045465714,0.35,6.41781049139539,0.316383094380755,37.4571428571429,-2.20771428571429,5.66657142857143,31.0393323657475,-2.4000435413643,5.43738751814224,6.41781049139539,0.299191923986096,4.59060129902041,49
641755,SL,2025,"Kinley, Tyler",breaking,408,1.60615102108824,0.325980392156863,2.09468954248366,0.197569848449445,45.3843137254902,-0.930759803921569,6.49852941176471,45.4620370370371,-0.83037037037037,6.51453703703704,0.0777233115468619,0.101657672782677,4.92713997446617,133
622786,SL,2025,"Tinoco, Jesus",breaking,56,1.60479422314286,0.303571428571429,1.75357142857143,0.379816412140696,21.4,-2.33553571428571,5.08071428571429,21.2824561403509,-2.00824561403509,5.23526315789474,0.117543859649135,0.361944973185587,5.28638097035294,17
547179,CH,2024,"Lorenzen, Michael",offspeed,201,1.60437061243781,0.36318407960199,2.48119196859394,0.128148534675557,40.9990049751244,-1.47427860696517,5.77761194029851,42.443879472693,-1.47295668549906,5.7804143126177,1.44487449756864,0.00309851044502567,4.41751360410959,73
669199,SL,2025,"Bachar, Lake",breaking,136,1.60335844376471,0.360294117647059,2.09661912503695,0.284846721092952,39.1404411764706,-1.45191176470588,5.74455882352941,38.2653266331658,-1.39256281407035,5.81919597989949,0.875114543304747,0.0953572391198029,4.45013772146939,49
680755,SL,2025,"Fisher, Braydon",breaking,154,1.60250183314286,0.305194805194805,1.87848764139087,0.20438647728213,49.0590909090909,0.275844155844156,6.46733766233766,49.041935483871,0.316021505376344,6.49118279569893,0.0171554252199115,0.0467205500871723,5.25075068731915,47
608331,ST,2025,"Fried, Max",breaking,116,1.60229875741379,0.353448275862069,6.36746182132006,0.444897347444572,40.7181034482759,1.87137931034483,5.86008620689655,47.0326441784549,1.48316648531012,6.02854189336236,6.31454073017903,0.423186147958669,4.5333330697561,41
657514,CU,2025,"Bernardino, Brennan",breaking,97,1.60103521612371,0.329896907216495,6.91928507395786,0.389529278116401,12.7164948453608,3.24587628865979,4.87381443298969,19.5902173913043,2.95342391304348,5.11222826086956,6.87372254594351,0.37731889076477,4.853137998875,32
695445,ST,2025,"Lee, Chase",breaking,78,1.60100255246154,0.243589743589744,1.96026418026418,0.167094702948566,-4.57692307692308,-2.69435897435897,3.70589743589744,-4.06242424242424,-2.67515151515152,3.76424242424242,0.514498834498833,0.0614252729272172,6.57253679431579,19
668964,FS,2026,"Myers, Tobias",offspeed,81,1.60100216311111,0.296296296296296,1.72793681600086,0.124708331576819,63.4234567901234,-0.741975308641976,5.94,63.22096069869,-0.725676855895197,5.96314410480349,0.202496091433446,0.0283070512256932,5.4033823005,24
643377,CH,2025,"Jax, Griffin",offspeed,142,1.60083286633803,0.464788732394366,2.25038341158059,0.114951023899521,44.8781690140845,-0.583169014084507,5.54197183098592,43.7827777777778,-0.594166666666667,5.52538888888889,1.09539123630669,0.0198982996990038,3.4442161669697,66
656288,SL,2025,"Canning, Griffin",breaking,210,1.60045261977143,0.338095238095238,2.35549689440994,0.230652794519401,44.0209523809524,-1.19728571428572,5.82180952380953,43.1266304347826,-1.06326086956522,5.74657608695652,0.894321946169804,0.153696873823344,4.73373310073239,71
664062,FS,2025,"Gonsolin, Tony",offspeed,78,1.59894160851282,0.371794871794872,4.25028756290438,0.222850323815493,37.0525641025641,-0.969358974358974,6.00948717948718,41.0831775700935,-0.851869158878504,6.14813084112149,4.03061346752935,0.181730354242224,4.30060156772414,29
676979,CH,2025,"Crochet, Garrett",offspeed,57,1.59879898091228,0.421052631578947,3.39335747230485,0.277853282818328,30.8561403508772,2.4,5.91561403508772,34.2041769041769,2.47878267973857,6.11116013071896,3.34803655329972,0.210819795425887,3.79714757966667,24
656271,SL,2024,"Burke, Brock",breaking,64,1.598607426,0.359375,3.07238078034683,0.181386195367958,40.01875,1.7853125,6.32921875,42.9173410404624,1.75514450867052,6.28115606936416,2.89859104046244,0.0567461802305526,4.44829892452174,23
664141,SL,2026,"Brubaker, JT",breaking,101,1.59779525358416,0.356435643564356,3.022200220022,0.134187577916689,47.2287128712871,-2.20564356435644,6.26920792079208,45.1244444444445,-2.23283333333333,6.22544444444445,2.10426842684269,0.05152208651682,4.48270335033333,36
676428,ST,2024,"Hurter, Brant",breaking,80,1.59774563715,0.3625,2.19818005181347,0.205110342357401,30.44125,3.2395,5.923125,29.4352331606218,3.11015544041451,5.85772020725389,1.00601683937825,0.144940684448936,4.40757417144828,29
607192,SL,2025,"Glasnow, Tyler",breaking,142,1.5969580343662,0.366197183098592,3.27856488040668,0.237515812360933,53.6887323943662,-1.81711267605634,5.90880281690141,55.8813609467455,-1.61319526627219,5.93310650887574,2.19262855237931,0.205360608337285,4.36092386307692,52
656240,SL,2024,"Blewett, Scott",breaking,58,1.59516163427586,0.327586206896552,3.15883620689654,0.181525784378131,49.2275862068966,-1.93086206896552,6.25706896551724,51.478125,-1.77984375,6.32328125,2.25053879310344,0.164895722441781,4.86944077831579,19
621074,CU,2026,"Rucker, Michael",breaking,48,1.59507598925,0.395833333333333,2.72757575757576,0.165183637118827,34.9916666666667,-2.20333333333333,5.31145833333333,35.7654545454546,-2.11681818181818,5.38927272727272,0.773787878787886,0.116361296597469,4.02966565705263,19
656638,SL,2026,"Lange, Alex",breaking,135,1.59441771191111,0.355555555555556,4.97747760832731,0.221790058200805,44.4903703703704,-1.75148148148148,5.88814814814815,40.0993464052287,-1.86019607843137,5.82183006535948,4.39102396514168,0.127345795748196,4.48429981475,48
665625,SL,2023,"Peguero, Elvis",breaking,90,1.59438615573333,0.355555555555556,3.48175925925926,0.177606936126039,24.1188888888889,-2.52944444444444,5.40433333333334,21.1263888888889,-2.43013888888889,5.36611111111111,2.9925,0.106407385250285,4.484211063,32
668909,CU,2025,"Williams, Gavin",breaking,250,1.593738559584,0.328,5.77225318352061,0.257752744808384,39.0628,-2.77572,6.16816,33.3288389513109,-2.83650872817955,5.97064837905237,5.73396104868913,0.206654566567128,4.85895902312195,82
680694,SL,2025,"Bradish, Kyle",breaking,80,1.59235998955,0.425,4.81367788461539,0.351809508162551,52.875,-1.31675,6.3365,57.5201923076923,-1.01538461538461,6.48134615384615,4.64519230769232,0.334367317972916,3.74672938717647,34
668678,KC,2024,"Gallen, Zac",breaking,338,1.59149509966864,0.357988165680473,3.31850642725973,0.267791056742559,41.0050295857988,-2.87908284023669,5.83298816568047,43.2088362068965,-2.76450431034483,5.90890086206897,2.20380662109768,0.137444450543312,4.44566399742149,121
676702,SL,2025,"Stratton, Hunter",breaking,50,1.59128612232,0.32,3.558,0.584594720905505,36.426,-1.6676,5.8356,38.55,-1.49241666666667,5.96858333333333,2.124,0.219940371969819,4.97276913225,16
605447,SL,2023,"Romano, Jordan",breaking,77,1.59111746587013,0.350649350649351,5.53787878787879,0.325473304466404,49.8597402597403,-2.47623376623377,6.08220779220779,51.2055555555556,-2.43138888888889,6.11055555555556,1.34581529581529,0.0530533572066643,4.53763129155556,27
554430,CU,2024,"Wheeler, Zack",breaking,131,1.59019127285496,0.33587786259542,1.9115717934047,0.170466015624709,26.1664122137405,-2.1818320610687,5.30496183206107,24.5219378427788,-2.10307129798903,5.21704753199269,1.64447437096169,0.118034664219481,4.73443310781818,44
660761,CH,2026,"Suarez, José",offspeed,129,1.58809148765891,0.37984496124031,3.01321482203011,0.385446430190564,42.8728682170543,1.66023255813953,5.73697674418605,40.4303664921466,1.73974874371859,5.74929648241206,2.44250172490767,0.0804648974336051,4.1808939164898,49
672282,SL,2024,"Detmers, Reid",breaking,198,1.58643403864647,0.323232323232323,2.95578305578305,0.187970215550408,46.0010101010101,1.41883838383838,6.15989898989899,43.9342342342343,1.44975975975976,6.10768768768769,2.06677586677584,0.0606807347308074,4.9080303070625,64
669302,FS,2026,"Gilbert, Logan",offspeed,134,1.58625915608955,0.365671641791045,3.83044968291591,0.316064231768715,40.7753731343284,-1.13194029850746,5.99828358208955,43.6339055793992,-1.04122317596567,5.98834763948498,2.85853244507081,0.0912596256715146,4.33793320236735,49
607644,CH,2024,"Means, John",offspeed,50,1.58616433128,0.36,2.567,0.176344829593485,45.312,0.9732,6.3974,46.521875,0.914375,6.4634375,1.209875,0.08843829504943,4.40601203133333,18
670970,CH,2025,"Morejon, Adrian",offspeed,40,1.5859507807,0.475,2.88856349206349,0.289155726478341,42.1425,2.6295,5.95525,43.8292063492063,2.35520634920635,5.96111111111112,1.68670634920634,0.274356263805232,3.33884374884211,19
573204,CU,2024,"Thielbar, Caleb",breaking,73,1.58563572268493,0.342465753424658,4.23223170956447,0.22462230641746,57.8424657534247,0.18027397260274,6.09287671232877,53.6358744394619,0.329375,6.06803571428571,4.20659131396279,0.151156182654543,4.63005631024,25
623211,CH,2024,"Brazobán, Huascar",offspeed,146,1.58320082312329,0.383561643835616,2.7221758983522,0.20230550483635,38.1815068493151,-1.58527397260274,5.86246575342466,38.4384057971015,-1.6120652173913,5.85804347826087,0.256898947786404,0.027153771652295,4.12763071742857,56
686790,CH,2026,"McDonald, Trevor",offspeed,86,1.58208845190698,0.313953488372093,2.07769847634323,0.217401848684068,26.403488372093,-2.19918604651163,4.97058139534884,27.7648275862069,-2.06710344827586,5.10237931034483,1.36133921411389,0.186591808914541,5.03924469866667,27
621114,SL,2024,"Burr, Ryan",breaking,188,1.57916021085106,0.361702127659575,2.54813829787232,0.20132267733555,56.6914893617021,-1.95340425531915,6.38909574468085,58.975,-1.79572916666667,6.41677083333333,2.28351063829786,0.160085427548828,4.36591352411765,68
691799,SL,2026,"Taylor, Grant",breaking,61,1.57653406118033,0.344262295081967,5.35113372275611,0.322064984485696,52.8491803278689,-0.893934426229508,5.80131147540984,58.1969348659004,-0.602183908045977,5.90567049808429,5.34775453803152,0.309853466131857,4.57945608247619,21
657746,ST,2026,"Ryan, Joe",breaking,141,1.57645915106383,0.361702127659575,2.31797604587072,0.181370096660315,22.7269503546099,-2.64354609929078,4.70553191489362,22.9007366482505,-2.56022099447514,4.67935543278086,0.173786293640532,0.0873400326788188,4.3584458882353,51
664747,SL,2023,"Díaz, Alexis",breaking,141,1.57593441517731,0.297872340425532,2.69682889051928,0.211108816866795,11.7141843971631,-2.42460992907801,4.62411347517731,9.30919540229885,-2.31241379310345,4.56195402298851,2.40498899486427,0.12826445502958,5.2906369652381,42
669387,ST,2024,"Mlodzinski, Carmen",breaking,62,1.57570775929032,0.354838709677419,8.51185552798455,0.525133565409325,19.7338709677419,-2.98338709677419,4.79112903225807,28.2457264957265,-2.62487179487179,5.16628205128205,8.51185552798454,0.518915223693599,4.440630958,22
808963,FO,2026,"Sasaki, Roki",offspeed,66,1.57493265745455,0.318181818181818,4.21884936319722,0.197091638961756,52.0454545454546,-1.70045454545455,6.27515151515152,47.8368115942029,-1.74577903682719,6.23495750708215,4.20864295125168,0.0605794338275746,4.949788352,21
702352,SV,2025,"Bivens, Spencer",breaking,45,1.57468577297778,0.288888888888889,6.37716108452949,0.258328641072119,42.3511111111111,-1.59622222222222,6.28177777777778,36.7358851674641,-1.79543062200957,6.21705741626794,5.61522594364699,0.209458138394762,5.450835368,13
519326,SL,2025,"Strickland, Hunter",breaking,53,1.57454177501887,0.245283018867925,5.96425293217746,0.376920128290679,30.6849056603774,-2.97396226415094,5.79377358490566,36.3675675675676,-2.69689189189189,6.03662162162162,5.68266190719021,0.368433386272969,6.41928569815385,13
681892,ST,2025,"Funderburk, Kody",breaking,51,1.57414053098039,0.372549019607843,4.89843137254901,0.301076328005359,28.9941176470588,2.49843137254902,5.58941176470588,33.88,2.41325714285714,5.80051428571429,4.88588235294116,0.227637702895872,4.22532458315789,19
687562,CH,2026,"Bennett, Jake",offspeed,131,1.5739844969771,0.351145038167939,3.39272176888656,0.203120888918077,34.2671755725191,2.94931297709924,5.72396946564885,30.9844827586207,3.03237931034483,5.62665517241379,3.28269281389842,0.127945642312302,4.48243411095652,46
656427,SL,2026,"Flaherty, Jack",breaking,174,1.57338088374713,0.304597701149425,2.83275714327926,0.203264528151589,28.9425287356322,-2.43994252873563,5.39247126436782,28.0516709511568,-2.37899742930591,5.35755784061697,0.890857784475394,0.0702371148503755,5.16543912777359,53
660853,CH,2026,"De Los Santos, Enyel",offspeed,106,1.57197334426415,0.377358490566038,6.63088577005297,0.246404642225061,29.1811320754717,-2.11,5.55037735849056,22.5502463054187,-2.04527093596059,5.35487684729065,6.63088577005296,0.205937615822965,4.1657293623,40
670950,CH,2024,"Richards, Trevor",offspeed,239,1.57093211410879,0.271966527196653,5.65311018131103,0.233987039613409,49.9589958158996,-2.33150627615063,6.27635983263598,55.4854901960784,-2.1278431372549,6.29411764705882,5.52649438017885,0.204435843525384,5.77619654264615,65
605280,ST,2024,"Holmes, Clay",breaking,104,1.57060951996154,0.365384615384615,2.12663616625311,0.144466185726705,47.6721153846154,-0.780288461538462,6.51336538461539,48.4334677419355,-0.811388888888889,6.5634126984127,0.761352357320121,0.0589234265781091,4.2985102651579,38
622663,ST,2024,"Severino, Luis",breaking,203,1.57060652139901,0.369458128078818,5.49455775453961,0.425650422496353,37.3389162561576,-2.22886699507389,5.7587684729064,42.6223196881092,-1.89746588693957,5.98200779727096,5.28340343195154,0.399577890298501,4.25110831792,75
641540,SL,2023,"Dunning, Dane",breaking,164,1.57048086695122,0.378048780487805,2.20137494021999,0.119059544162792,38.1792682926829,-2.34567073170732,5.47073170731708,37.3892156862745,-2.39323717948718,5.43163461538462,0.79005260640843,0.0615723115691561,4.15417519645161,62
663455,CH,2025,"Pilkington, Konnor",offspeed,44,1.56983651809091,0.340909090909091,4.19438920454546,0.241722003616462,26.2568181818182,2.88954545454545,5.58227272727273,30.3171875,2.7178125,5.7253125,4.06036931818182,0.223500747781258,4.6048537864,15
701487,CH,2025,"Ohl, Pierson",offspeed,125,1.56959269296,0.304,1.91068484848485,0.146558490581227,46.7776,-1.05592,5.95976,47.2189393939394,-1.03378787878788,5.94537878787879,0.441339393939415,0.0263941291090165,5.16313385842105,38
668678,KC,2023,"Gallen, Zac",breaking,115,1.5691013805913,0.28695652173913,3.20711545010783,0.221154162751661,42.1895652173913,-2.84591304347826,5.87139130434783,44.3791122715404,-2.70847328244275,5.95315521628499,2.18954705414914,0.159921934733067,5.46808056872727,33
571510,CH,2026,"Boyd, Matthew",offspeed,162,1.56867346074074,0.265432098765432,1.7499609622798,0.272566327144445,25.0462962962963,2.47216049382716,5.34654320987654,24.103557312253,2.27332015810277,5.44150197628458,0.942738984043352,0.220351188852534,5.90988606139535,43
592332,FS,2023,"Gausman, Kevin",offspeed,233,1.56831847548498,0.429184549356223,3.41529415410357,0.224642488026227,35.6364806866953,-2.4818025751073,5.58905579399142,38.8202166064982,-2.34361010830325,5.72942238267148,3.18373591980292,0.196976996370297,3.65418204788,100
676272,CH,2024,"Miller, Bobby",offspeed,75,1.56830744442667,0.346666666666667,2.17082238442823,0.391145628100387,46.396,-1.1124,5.97973333333333,46.1875912408759,-1.24894160583942,6.00970802919708,0.208408759124112,0.139793034580879,4.523963782,26
669456,SL,2025,"Bieber, Shane",breaking,78,1.56815510830769,0.358974358974359,2.08435897435897,0.118381345583492,38.7602564102564,-1.71948717948718,5.61051282051282,39.916,-1.66912,5.67768,1.15574358974357,0.0839540515386676,4.36843208742857,28
681293,CH,2024,"Arrighetti, Spencer",offspeed,97,1.5668507454433,0.371134020618557,3.74060624711496,0.444141475366064,21.4701030927835,-1.86536082474227,4.87247422680413,25.0420624151968,-1.62569877883311,5.08344640434193,3.57195932241326,0.319291647157272,4.22179228633333,36
820862,SL,2026,"Fermin, José",breaking,174,1.56604503503448,0.379310344827586,2.67882122768403,0.254473381473717,44.6758620689655,-1.8332183908046,6.33143678160919,44.0776595744681,-1.81372340425532,6.19074468085106,0.598202494497443,0.142036339421613,4.12866418327273,66
676440,CH,2025,"Bibee, Tanner",offspeed,217,1.56595451352995,0.377880184331797,3.89637144720187,0.267606997104131,54.1847926267282,-2.22640552995392,6.17165898617511,54.1569560047562,-2.18187871581451,6.32221165279428,0.0278366219719075,0.156999180263937,4.14405035897561,82
608379,SL,2026,"Wacha, Michael",breaking,81,1.56440986434568,0.283950617283951,1.67336436868169,0.144929847383874,52.1543209876543,-2.02851851851852,6.49641975308642,52.2584103512015,-1.98158964879852,6.54371534195933,0.104089363547189,0.0666272582358884,5.50944343530435,23
808967,CU,2025,"Yamamoto, Yoshinobu",breaking,208,1.56336053361538,0.360576923076923,8.92724871209463,0.336392523182624,50.4485576923077,-1.59875,5.58125,41.5213089802131,-1.87525114155251,5.43491628614917,8.92724871209465,0.312836118581631,4.33571987989333,75
681347,CU,2026,"Burrows, Mike",breaking,78,1.56224950158974,0.217948717948718,2.87345068724382,0.35139017876977,42.1461538461538,-2.16294871794872,6.00564102564103,39.5542319749216,-2.21554858934169,5.94899686520376,2.59192187123224,0.0773001124332944,7.16796830141177,17
607481,CU,2025,"Bummer, Aaron",breaking,162,1.56210857214815,0.296296296296296,8.47157554379776,0.523541475652317,15.6030864197531,2.06938271604938,5.43117283950617,7.28690476190476,2.26386904761905,5.11297619047619,8.31618165784832,0.372926320633631,5.272116431,48
641941,FS,2024,"Pagán, Emilio",offspeed,40,1.5613522188,0.4,2.53409615384616,0.151942377019427,42.2175,-1.7015,5.60225,41.4226923076923,-1.66746153846154,5.67026923076923,0.794807692307693,0.0760607166567828,3.903380547,16
592155,ST,2024,"Booser, Cam",breaking,84,1.55960618757143,0.30952380952381,4.39214549288351,0.360535941541884,36.052380952381,2.88392857142857,5.58226190476191,40.4431734317343,2.64018450184502,5.79361623616237,4.39079247935337,0.322617149046492,5.03872768292308,26
607259,CH,2025,"Martinez, Nick",offspeed,247,1.55921681008907,0.287449392712551,4.44130860650385,0.207635516276649,60.5692307692308,-1.48931174089069,6.29898785425102,56.2591397849463,-1.59201342281879,6.15130201342282,4.31009098428452,0.179885360860722,5.42431763509859,71
657585,FS,2025,"Garrett, Reed",offspeed,91,1.5586791650989,0.428571428571429,2.56346834983199,0.16419151721217,34.6208791208791,-2.26175824175824,5.68659340659341,34.2549586776859,-2.23512096774194,5.63387096774193,0.365920443193183,0.0590694500183217,3.63691805189744,39
687830,CH,2023,"Gipson-Long, Sawyer",offspeed,43,1.55833846167442,0.488372093023256,1.42051371051718,0.138457855566898,29.453488372093,-2.32139534883721,5.14279069767442,29.3402985074627,-2.30671641791045,5.14402985074627,0.11318986463035,0.0147311409431897,3.1908835167619,21
693855,CH,2025,"Seymour, Ian",offspeed,167,1.55804411291018,0.329341317365269,3.17153796496227,0.253835098490369,47.0209580838323,1.4585628742515,5.9437125748503,47.0531598513011,1.51397769516729,5.85620817843866,0.0322017674687629,0.103575198616727,4.73078848829091,55
656302,KC,2023,"Cease, Dylan",breaking,64,1.5567599401875,0.21875,4.26453010948904,0.305794287967871,53.003125,-1.50421875,6.05671875,55.9978102189781,-1.37213114754098,6.26193442622951,2.99468521897808,0.244050422031408,7.11661686942857,14
650911,SL,2025,"Sánchez, Cristopher",breaking,230,1.55662581434783,0.317391304347826,1.68361111111111,0.139551801897756,31.2608695652174,1.95621739130435,5.97108695652174,30.5446180555556,1.92402079722704,5.94058925476604,0.716251509661827,0.0443478351507539,4.90443749726027,73
594798,CH,2025,"deGrom, Jacob",offspeed,132,1.55637118381818,0.378787878787879,3.52378971255675,0.16035349409365,32.5204545454546,-1.25954545454546,5.46015151515152,29.0531013615734,-1.37747352496218,5.46095310136158,3.46735318388119,0.117930794674944,4.10881992528,50
605483,CH,2023,"Snell, Blake",offspeed,131,1.55614645758779,0.412213740458015,3.49674788246367,0.307202649265995,53.130534351145,2.34519083969466,6.41343511450381,56.4826484018265,2.09405286343612,6.5642731277533,3.35211405068148,0.292954585832486,3.775096036,54
656945,SL,2024,"Scott, Tanner",breaking,222,1.55452906717117,0.36036036036036,1.8313050338474,0.207719726560821,34.4950450450451,2.57711711711712,5.16738738738739,35.7861581920904,2.45022598870057,5.27367231638418,1.29111314704532,0.165522942828719,4.3138181614,80
656457,ST,2025,"Gilbert, Tyler",breaking,104,1.55416074803846,0.442307692307692,9.68229523512925,1.19196290012535,4.32115384615385,3.97519230769231,4.60096153846154,13.9995951417004,2.92145748987854,5.03502024291498,9.67844129554656,1.13963328539702,3.51375473469565,46
621244,SV,2024,"Berríos, José",breaking,347,1.55112699382133,0.276657060518732,2.06446408546658,0.219473308396602,38.9138328530259,-2.0764553314121,5.60092219020173,40.5069735006974,-1.91130737134909,5.66146036161334,1.59314064767142,0.175894055928094,5.60667777975,96
678226,SL,2025,"Hernández, Daysbel",breaking,178,1.55105823110112,0.314606741573034,2.96786145417401,0.281014292483153,39.5460674157303,-1.51865168539326,5.92662921348315,42.1462809917355,-1.29165289256198,5.95371900826446,2.60021357600519,0.228609511893424,4.93014937742857,56
596295,SL,2025,"Gomber, Austin",breaking,64,1.547868759,0.1875,2.14736223118279,0.190684562323656,52.0984375,2.155625,6.59609375,53.3365591397849,2.04483870967742,6.66408602150537,1.23812163978494,0.129986734353548,8.255300048,12
506433,CU,2024,"Darvish, Yu",breaking,47,1.54781349957447,0.340425531914894,9.10676650534195,0.403243733464965,47.1617021276596,-1.63829787234043,5.70638297872341,38.0549356223176,-2.00637096774193,5.56774193548387,9.10676650534193,0.39331811861265,4.546702155,16
607074,SL,2023,"Rodón, Carlos",breaking,144,1.5476249405,0.340277777777778,5.84512564335453,0.456241147094668,42.8722222222222,2.17361111111111,6.28965277777778,48.6242506811989,1.7741689373297,6.4800817438692,5.7520284589767,0.442512419398447,4.54812227412245,49
657097,CH,2025,"Webb, Jacob",offspeed,193,1.5473695838342,0.347150259067358,2.08937701053458,0.278999963184464,35.4010362694301,-2.71051813471503,5.62481865284974,33.6042654028436,-2.82601895734597,5.51421800947868,1.79677086658646,0.159915422466124,4.45734820417911,67
518876,SL,2024,"Kelly, Merrill",breaking,65,1.54709280683077,0.338461538461539,3.66610256410256,0.134536702439843,27.5507692307692,-1.79338461538461,5.52369230769231,23.8846666666667,-1.84206666666667,5.43313333333334,3.66610256410257,0.10281473607405,4.57095602018182,22
664294,SL,2023,"Moreta, Dauri",breaking,101,1.54703424954455,0.376237623762376,4.38527626956244,0.357554597330508,40.7653465346535,-1.33346534653465,5.83821782178218,44.9935483870968,-1.03096774193548,5.98774193548387,4.22820185244331,0.337434825361154,4.11185418957895,38
664875,ST,2023,"Lawrence, Justin",breaking,110,1.54696510123636,0.336363636363636,5.55309090909091,0.256673710800181,-0.458181818181818,-3.00336363636364,4.40809090909091,-5.78,-2.95227272727273,4.28218181818182,5.32181818181818,0.135880021214635,4.59908543610811,37
680694,CU,2023,"Bradish, Kyle",breaking,105,1.54682886388571,0.342857142857143,7.47420270860639,0.241278975824771,60.0733333333333,-1.15571428571429,6.40028571428571,52.6068807339449,-1.22142201834862,6.21752293577981,7.46645259938838,0.194215703111625,4.51158418633333,36
641712,CU,2024,"Hudson, Dakota",breaking,86,1.54671478534884,0.290697674418605,3.18670555260966,0.362817492684385,35.0511627906977,-2.51279069767442,6.10941860465116,36.6964169381108,-2.17905537459283,6.13361563517916,1.6452541474131,0.334611359877011,5.3206988616,25
571578,SL,2024,"Corbin, Patrick",breaking,458,1.54669926081223,0.336244541484716,1.91385977971975,0.197129646758418,38.2718340611354,2.55266375545851,6.24017467248909,37.9195678271308,2.42498199279712,6.23505402160865,0.352266234004517,0.127784402732726,4.59992377566234,154
681869,ST,2025,"Dubin, Shawn",breaking,46,1.5458721573913,0.239130434782609,5.56638795986621,0.364134536439747,30.4413043478261,-2.16913043478261,5.6,36.0076923076923,-1.86811965811966,5.7765811965812,5.56638795986621,0.348981957489611,6.46455629454546,11
621381,SL,2026,"Strahm, Matt",breaking,74,1.54543281518919,0.27027027027027,4.02853021560887,0.838091490719062,33.1959459459459,2.45378378378378,5.35391891891892,29.1674157303371,2.32167597765363,5.25061452513967,4.02853021560887,0.167702922498748,5.7181014162,20
519043,KC,2024,"Moore, Matt",breaking,49,1.5449093162449,0.285714285714286,8.07540279269602,0.289623794426146,49.0122448979592,0.77734693877551,6.44551020408163,40.9368421052632,1.02971291866029,6.33052631578947,8.07540279269603,0.277326310273634,5.40718260685714,14
672335,CU,2026,"Pérez, Cionel",breaking,55,1.54460307621818,0.254545454545455,4.01145797598628,0.169484071606605,37.6127272727273,1.38963636363636,5.55163636363637,33.648427672956,1.29025,5.514625,3.96429959977129,0.106054185749939,6.06808351371429,14
642232,ST,2026,"Yarbrough, Ryan",breaking,61,1.54338566865574,0.360655737704918,6.16038730706548,0.457130593237983,12.0688524590164,3.27704918032787,4.85786885245902,18.2292397660819,3.05656976744186,5.24081395348837,6.16038730706548,0.441880212171743,4.27938753581818,22
680570,CH,2026,"Rodriguez, Grayson",offspeed,83,1.54318746925301,0.325301204819277,2.21274829045914,0.136430292785538,36.4963855421687,-2.50361445783132,5.61469879518072,37.5040540540541,-2.47036036036036,5.64072072072072,1.00766851188538,0.0422252958239213,4.74387259066667,27
670059,ST,2023,"Holderman, Colin",breaking,45,1.54271840933333,0.311111111111111,3.69366366366367,0.29688990837373,27,-1.93866666666667,5.502,30.2175675675676,-1.73258278145695,5.66264900662252,3.21756756756758,0.261301877283596,4.95873774428571,14
607074,SL,2026,"Rodón, Carlos",breaking,92,1.5407899586087,0.293478260869565,7.20192601067886,0.430400167496271,40.2195652173913,2.62369565217391,6.15793478260869,47.4214912280702,2.26197368421053,6.38118421052631,7.20192601067885,0.425068334709668,5.25009911822222,27
701542,CU,2025,"Warren, Will",breaking,71,1.540133948,0.309859154929577,8.15167241861768,0.368600793679717,34.2802816901409,-2.49901408450704,5.83338028169014,26.1286092715232,-2.4698023715415,5.48059288537551,8.15167241861769,0.353994733255796,4.97043228672727,22
453286,CU,2024,"Scherzer, Max",breaking,40,1.5400734012,0.4,4.56733240223464,0.147112637504756,33.6575,-3.013,5.618,29.1335195530726,-3.10361111111111,5.55544444444445,4.52398044692738,0.110107088725719,3.850183503,16
668909,CU,2024,"Williams, Gavin",breaking,108,1.5399565767037,0.287037037037037,7.02027027027029,0.269286003312405,40.9916666666667,-2.79842592592593,6.02203703703704,33.9713963963964,-2.95738255033557,5.83380313199105,7.02027027027029,0.246372099582258,5.36501000916129,31
554430,FS,2024,"Wheeler, Zack",offspeed,118,1.53995458911864,0.389830508474576,1.72937594893565,0.144610887390228,25.3466101694915,-2.13228813559322,5.23940677966102,24.5219378427788,-2.10307129798903,5.21704753199269,0.824672326712737,0.0367907536737612,3.95031829382609,46
665625,SL,2024,"Peguero, Elvis",breaking,194,1.53986428494845,0.38659793814433,2.2951518528838,0.232870818596576,25.0546391752578,-2.79396907216495,5.51283505154639,23.427027027027,-2.63405405405405,5.50816216216216,1.62761214823071,0.159983276977955,3.98311561706667,75
667463,SL,2024,"King, John",breaking,48,1.5398041,0.229166666666667,2.08270502645503,0.116281174878775,28.5916666666667,1.97895833333333,5.46229166666667,28.2424603174603,1.91764705882353,5.44356862745098,0.349206349206366,0.0641063536592802,6.71914516363636,11
608371,ST,2023,"Sims, Lucas",breaking,111,1.53758391437838,0.342342342342342,2.74346846846846,0.177193607467551,37.9126126126126,-2.12621621621622,5.65225225225225,39.825,-2.0331,5.7261,1.91238738738736,0.118844939184806,4.49136353936842,38
680570,ST,2023,"Rodriguez, Grayson",breaking,82,1.53694954931707,0.353658536585366,2.09269798253538,0.137071378173693,41.2048780487805,-2.59439024390244,5.72670731707317,40.6503086419753,-2.50527108433735,5.73828313253011,0.554569406805179,0.0898678146228155,4.34585734634483,29
688642,SL,2026,"Agnos, Zach",breaking,68,1.53526049488235,0.294117647058824,3.64877450980393,0.363279866097536,42.6338235294118,-1.95352941176471,5.86426470588235,39.195987654321,-2.03462962962963,5.7691975308642,3.43783587509081,0.124960046029402,5.2198856826,20
666200,CH,2026,"Luzardo, Jesús",offspeed,221,1.53504578273303,0.375565610859729,2.61773361234976,0.21680080292118,31.158371040724,2.51932126696832,5.69244343891403,32.4755447941888,2.45014457831325,5.80375903614458,1.31717375346487,0.131059438576831,4.08729057812048,83
657053,CU,2023,"Toussaint, Touki",breaking,114,1.53483999831579,0.324561403508772,10.2596888147972,0.49213392003275,43.2298245614035,-1.29140350877193,5.93614035087719,32.9701357466063,-1.64061728395062,5.61,10.2596888147972,0.477826107747208,4.7289664812973,37
605463,ST,2024,"Scott, Tayler",breaking,108,1.53234797314815,0.240740740740741,2.61741830065359,0.284642233732094,12.9435185185185,-3.57731481481481,4.72694444444445,14.0439215686274,-3.61813953488372,4.83635658914729,1.10040305010891,0.116780457171481,6.36513773461538,26
621366,FS,2025,"Borucki, Ryan",offspeed,55,1.53104705396364,0.418181818181818,1.50198347107438,0.381761742101305,28.2218181818182,1.69345454545455,5.56163636363637,27.5060606060606,1.70712121212121,5.66227272727272,0.715757575757582,0.101560107639404,3.66119947686956,23
682227,CH,2026,"Williamson, Brandon",offspeed,59,1.52918696949153,0.389830508474576,3.83718926553672,0.209150693331922,39.0067796610169,1.2071186440678,6.41203389830508,42.7141666666667,1.12741666666667,6.52475,3.70738700564972,0.138048269757174,3.92269700869565,23
690986,SV,2026,"Harrison, Kyle",breaking,183,1.52913098163934,0.262295081967213,3.56272210762497,0.225672974367946,30.0267759562842,2.82213114754098,4.92497267759563,33.4278145695365,2.65220750551877,5.03181015452539,3.40103861325229,0.200719432529121,5.8298118675,48
684007,ST,2025,"Imanaga, Shota",breaking,156,1.52859949882051,0.33974358974359,4.38276840066409,0.418681716602087,32.7455128205128,2.8449358974359,5.34519230769231,37.0789568345324,2.45688848920863,5.43544964028777,4.33344401401957,0.398405794535102,4.4992739965283,53
679525,CU,2023,"Marsh, Alec",breaking,68,1.52732952776471,0.308823529411765,7.21117372182516,0.329878189342953,42.2691176470588,-2.20161764705882,5.85382352941176,35.0579439252337,-2.39158878504673,5.63135514018692,7.21117372182517,0.292542676327263,4.94563847085714,21
669622,ST,2024,"Bender, Anthony",breaking,185,1.52583455792432,0.291891891891892,6.72319717444717,0.425384487339815,14.6891891891892,-1.73124324324324,5.33827027027027,20.8960227272727,-1.446,5.57961111111111,6.20683353808354,0.373643023852565,5.22739617066667,54
689672,CH,2024,"Thorpe, Drew",offspeed,137,1.52568933018978,0.364963503649635,1.3406625491297,0.221517872215362,51.7051094890511,-1.17386861313869,6.05824817518248,51.8276923076923,-1.03969230769231,6.192,0.122582818641185,0.189454035547561,4.18038876472,50
642547,CU,2026,"Peralta, Freddy",breaking,130,1.52542827993846,0.346153846153846,2.83209532798491,0.26386341490689,35.1146153846154,-3.32330769230769,5.32576923076923,35.9233128834356,-3.27670756646217,5.28364008179959,0.808697498820223,0.0628206727258203,4.40679280871111,45
670046,CH,2023,"Rosenberg, Kenny",offspeed,117,1.5249611765812,0.282051282051282,2.1848076923077,0.148832330546865,46.6034188034188,1.53871794871795,5.99153846153846,48.1975,1.46416666666667,6.06033333333333,1.59408119658118,0.101442732813949,5.40668053515152,33
656492,ST,2026,"Griffin, Foster",breaking,118,1.52431550569492,0.322033898305085,4.44638778699366,0.290787887846946,41.3745762711865,2.93584745762712,5.73330508474576,45.595035460993,2.67682624113475,5.81737588652483,4.2204591898065,0.272323135823894,4.7334007808421,38
628452,SL,2023,"Iglesias, Raisel",breaking,45,1.52320217795556,0.377777777777778,4.13478632478632,0.324880487009236,31.5088888888889,-1.86244444444444,5.38977777777778,33.5961538461538,-1.74798076923077,5.49528846153846,2.08726495726495,0.155674138285937,4.03200576517647,17
663903,SL,2026,"Singer, Brady",breaking,246,1.52262878731707,0.32520325203252,1.94536548743866,0.153443430422521,23.7443089430894,-1.34341463414634,5.11865853658537,22.6713963963964,-1.25238738738739,5.08867117117117,1.07291254669302,0.0958394581422496,4.682083521,80
669674,SL,2025,"Long, Sam",breaking,95,1.52255408164211,0.305263157894737,5.07840225563909,0.199047889193568,51.921052631579,1.65947368421053,5.92736842105263,47.2994047619048,1.77220238095238,5.82785714285714,4.62164786967418,0.150367062740539,4.987677164,29
657746,ST,2024,"Ryan, Joe",breaking,158,1.52196693058228,0.316455696202532,2.4882719434877,0.168747118217591,25.6784810126582,-2.54386075949367,4.77436708860759,25.4816291161179,-2.48922010398614,4.73637781629116,0.19685189654037,0.0665491250537919,4.80941550064,50
592773,FS,2024,"Stanek, Ryne",offspeed,100,1.52104078312,0.41,3.39374522292994,0.242383621148939,48.892,-0.7102,6.3023,46.0114649681529,-0.848980891719745,6.37184713375796,2.88053503184716,0.155231890153007,3.70985556858537,41
663704,SL,2024,"McArthur, James",breaking,97,1.52093002334021,0.402061855670103,3.27853744193951,0.241798528079475,29.0762886597938,-2.52845360824742,5.65041237113402,32.171978021978,-2.38362637362638,5.79939560439561,3.09568936218422,0.207776157633778,3.78282595548718,39
688642,FS,2026,"Agnos, Zach",offspeed,63,1.52066133028571,0.349206349206349,4.77548010973936,0.334962455615606,34.4333333333333,-2.22222222222222,5.63555555555556,39.195987654321,-2.03462962962963,5.7691975308642,4.76265432098764,0.230328370723204,4.35462108218182,22
669459,SL,2023,"Nelson, Kyle",breaking,91,1.5198280523956,0.362637362637363,2.04521193092622,0.112791999304028,42.978021978022,0.829120879120879,5.65692307692308,41.5428571428572,0.810705882352941,5.64411764705882,1.43516483516483,0.0224296932652128,4.1910409929697,33
552640,SL,2024,"Kittredge, Andrew",breaking,267,1.51951743243446,0.397003745318352,2.44769386871988,0.161980377749205,39.4670411985019,-1.77314606741573,5.78629213483146,39.0613545816733,-1.7407251908397,5.76671755725191,0.405686616828596,0.0378718539997239,3.82746372132075,106
808967,SL,2025,"Yamamoto, Yoshinobu",breaking,44,1.51879815381818,0.272727272727273,2.49974055624742,0.188147881637176,43.4795454545455,-1.77113636363636,5.39590909090909,41.5213089802131,-1.87525114155251,5.43491628614917,1.95823647433239,0.111182050084653,5.568926564,12
672335,SV,2024,"Pérez, Cionel",breaking,138,1.51871762655072,0.282608695652174,2.25206951608941,0.161853186782789,38.068115942029,1.52152173913043,5.47369565217392,36.3326271186441,1.45902953586498,5.53544303797468,1.73548882338491,0.087852234588536,5.37392390933333,39
642528,CH,2025,"Loáisiga, Jonathan",offspeed,52,1.51823828330769,0.346153846153846,3.57379191321501,0.270053098723516,46.0423076923077,-2.15769230769231,5.48326923076923,43.0224358974359,-2.23910256410256,5.36198717948718,3.01987179487182,0.146071783079298,4.38602170733333,18
596001,ST,2023,"Junis, Jakob",breaking,146,1.51743588920548,0.321917808219178,1.80846452668166,0.305768088897172,30.8164383561644,-2.15602739726027,5.8408904109589,30.4477611940299,-1.89492537313433,5.74074626865672,0.368677162134532,0.279648200852618,4.71373701753192,47
661309,CH,2023,"Martinez, Adrián",offspeed,72,1.517364784,0.319444444444444,3.04538655788656,0.325836099801806,20.0541666666667,-1.90944444444444,5.68625,22.9097902097902,-1.61846153846154,5.75342657342657,2.85562354312354,0.298636473980645,4.75001149773913,23
682847,SL,2025,"Ortiz, Luis",breaking,191,1.51726642783246,0.382198952879581,6.73221877434964,0.241915866651572,25.5732984293194,-1.90047120418848,5.1196335078534,18.8415143603133,-1.96409921671018,4.9969451697128,6.73178406900605,0.138206194843666,3.96983407830137,73
669438,CU,2026,"Englert, Mason",breaking,43,1.51661919013954,0.302325581395349,2.91624677002584,0.137692586891958,44.0093023255814,-1.44627906976744,5.95441860465116,41.0930555555556,-1.46986111111111,5.99618055555556,2.91624677002584,0.047960121114065,5.01650962892308,13
682243,SL,2026,"Miller, Bryce",breaking,64,1.5159692623125,0.296875,3.78205818965517,0.249601395974934,45.70625,-1.19328125,5.58140625,47.941724137931,-1.01220689655172,5.70758620689655,2.23547413793104,0.220701841857123,5.10642277831579,19
669358,KC,2025,"Baz, Shane",breaking,341,1.51405520274487,0.284457478005865,4.80374063212773,0.307577931091749,40.0979472140762,-1.31812316715543,5.85108504398826,35.3508496732026,-1.52755555555555,5.77333333333334,4.7470975408736,0.223399314727576,5.32260643439175,97
571670,SL,2024,"Floro, Dylan",breaking,110,1.51297050523636,0.309090909090909,4.62290356031801,0.228313536284031,34.6872727272727,-3.44427272727273,5.94363636363636,39.0121673003802,-3.31908745247148,6.05783269961977,4.32489457310749,0.169446617490874,4.89490457576471,34
664299,CH,2025,"Javier, Cristian",offspeed,67,1.51070062071642,0.343283582089552,1.9796056215274,0.198153821892786,34.7656716417911,-1.77179104477612,5.69597014925373,34.6664233576642,-1.67144927536232,5.68601449275363,0.0992482841268156,0.100834447414761,4.40073659078261,23
675660,SL,2026,"Drohan, Shane",breaking,134,1.50991648208955,0.373134328358209,2.81500874374721,0.149805516524892,33.9708955223881,1.59626865671642,5.46746268656716,33.3185286103542,1.60144414168937,5.46019073569482,0.652366912033827,0.00892563242549431,4.046576172,50
656427,SL,2025,"Flaherty, Jack",breaking,291,1.50951860743643,0.281786941580756,2.26217168315806,0.208142485859566,27.0838487972509,-2.61979381443299,5.31481099656358,28.2085427135678,-2.51541806020067,5.38240802675585,1.12469391631698,0.124352951562802,5.35695018004878,82
656849,CU,2025,"Peterson, David",breaking,164,1.50929396282927,0.298780487804878,4.42465247061798,0.178472184473064,44.4018292682927,2.23060975609756,6.20628048780488,40.0316062176166,2.21570689655173,6.10727586206896,4.3702230506761,0.100119983718302,5.05151448783674,49
608331,ST,2024,"Fried, Max",breaking,62,1.50910244696774,0.306451612903226,4.49071620583721,0.316529321243355,45.5645161290323,1.47048387096774,5.88290322580645,49.9038690476191,1.19425595238095,5.988125,4.33935291858682,0.295590062030556,4.92443956378947,19
676684,SL,2025,"Vest, Will",breaking,123,1.50657448276423,0.422764227642276,4.33328706457797,0.244602990462341,49.2991869918699,-2.09186991869919,5.56227642276423,53.479945799458,-1.90666666666667,5.67368563685637,4.18075880758807,0.216130186572928,3.56362810346154,52
663773,SL,2023,"Hoeing, Bryan",breaking,54,1.50625019866667,0.277777777777778,7.41354166666666,0.274566053377226,40.2666666666667,-2.74444444444445,6.18388888888889,32.853125,-2.916015625,6.065234375,7.41354166666666,0.208603843836675,5.4225007152,15
669947,CU,2023,"Scholtens, Jesse",breaking,79,1.50621976921519,0.354430379746835,2.10539350577876,0.184031947266652,53.2784810126582,-0.837721518987342,6.07810126582279,51.7608695652174,-0.941250000000001,6.14809782608696,1.51761144744084,0.124970655874105,4.24969149171429,28
668674,SL,2026,"Erceg, Lucas",breaking,96,1.5054295995,0.25,1.64733734402852,0.18424450814329,42.8291666666667,-1.69302083333333,5.97510416666666,43.4310160427808,-1.70989528795812,5.9782722513089,0.601849376114075,0.0171692742765721,6.021718398,24
683769,CH,2026,"Gaddis, Hunter",offspeed,42,1.50538852695238,0.357142857142857,3.8379450879451,0.473080256945676,31.3928571428572,-2.08357142857143,5.78761904761905,35.0279279279279,-2.04900900900901,6.17369369369369,3.63507078507079,0.387618618215988,4.21508787546667,15
681911,SL,2024,"Vesia, Alex",breaking,124,1.50525812954839,0.346774193548387,3.92922965816086,0.233351384356717,64.191935483871,0.512741935483871,6.02709677419355,60.2653731343283,0.527840236686391,5.8448224852071,3.92656234954264,0.182898537787265,4.3407443735814,43
656427,KC,2023,"Flaherty, Jack",breaking,102,1.50455426439216,0.372549019607843,2.58079557181724,0.199535083128931,29.5607843137255,-2.45166666666667,5.40911764705882,29.1349282296651,-2.39023923444976,5.3766028708134,0.42585608406042,0.069502087040987,4.03854039389474,38
592332,FS,2025,"Gausman, Kevin",offspeed,584,1.50409237064384,0.36986301369863,4.55064212328768,0.285681909976716,33.9570205479452,-2.61220890410959,5.62840753424658,38.3959905660378,-2.42192216981132,5.7994103773585,4.43897001809256,0.255833957093775,4.06662011322222,216
605498,CH,2023,"Suárez, Andrew",offspeed,42,1.50202500828571,0.333333333333333,2.99920634920635,0.237607567418504,46.1190476190476,1.62,6.17,48.6833333333333,1.51452380952381,6.29865079365079,2.5642857142857,0.16636181492262,4.50607502485714,14
687765,SL,2025,"Spence, Mitch",breaking,197,1.50181353656853,0.319796954314721,3.70111170481194,0.365466602184374,39.9944162436548,-2.58888324873097,5.96385786802031,43.3593567251462,-2.34618075801749,6.1065306122449,3.36494048149138,0.281531545200708,4.69614709053968,63
694973,ST,2025,"Skenes, Paul",breaking,214,1.50141917811215,0.313084112149533,2.2225550278331,0.218251754584253,23.3911214953271,-2.38056074766355,5.53056074766356,23.9289617486339,-2.41837431693989,5.60195355191257,0.537840253306747,0.0807886038990307,4.79557767337313,67
656945,SL,2026,"Scott, Tanner",breaking,173,1.50006035877457,0.398843930635838,1.4404297088014,0.166240263357003,33.1890173410405,2.60797687861272,5.13560693641619,33.222641509434,2.5521875,5.1945,0.0336241683935228,0.0811224241765516,3.76102089953623,69
621244,SV,2023,"Berríos, José",breaking,169,1.49889793689941,0.242603550295858,2.71918030515921,0.236323034681436,40.6041420118343,-2.30266272189349,5.67189349112426,42.7324414715719,-2.12344481605351,5.77411371237457,2.12829945973759,0.206320215699117,6.17838417892683,41
690928,CU,2025,"Dobbins, Hunter",breaking,55,1.49855742887273,0.381818181818182,2.8073038961039,0.218083649647206,51.7272727272727,-1.82745454545455,6.076,52.4668571428572,-1.6996,6.15057142857143,0.739584415584432,0.148012441208744,3.92479326609524,21
660853,SL,2026,"De Los Santos, Enyel",breaking,102,1.4983852727451,0.333333333333333,2.1479136482179,0.209755277462553,24.1911764705882,-2.1906862745098,5.33176470588235,22.5502463054187,-2.04527093596059,5.35487684729065,1.6409301651695,0.147240591434085,4.4951558182353,34
672335,SV,2026,"Pérez, Cionel",breaking,97,1.49837204915464,0.329896907216495,2.82344550346885,0.140215586892469,36.2835051546392,1.34670103092784,5.51927835051547,33.648427672956,1.29025,5.514625,2.6350774816832,0.0566424978601322,4.541940274,32
608379,CH,2024,"Wacha, Michael",offspeed,452,1.49802504550442,0.320796460176991,3.10774336283187,0.187101340776376,53.4329646017699,-1.61564159292036,6.61449115044247,50.3671361502347,-1.62890453834116,6.47272300469484,3.0658284515352,0.142387193489996,4.66970565908965,145
694738,CU,2025,"Roupp, Landen",breaking,296,1.49660256239189,0.334459459459459,7.3849524373316,0.365787313732022,28.5091216216216,-2.37425675675676,5.63077702702703,21.12416918429,-2.2987915407855,5.30163141993958,7.38495243733159,0.337685992434616,4.47469048957576,99
554430,FS,2025,"Wheeler, Zack",offspeed,115,1.49646689770435,0.356521739130435,2.19265676207121,0.162308226795455,24.3895652173913,-2.02269565217391,5.17921739130435,22.9655778894473,-2.04586683417085,5.15722361809045,1.42398732794406,0.0319472962129738,4.19740715209756,41
676702,SL,2024,"Stratton, Hunter",breaking,63,1.49543421733333,0.380952380952381,1.86005906238464,0.183568579164277,36.8492063492064,-1.29222222222222,5.91777777777778,37.8558139534884,-1.27886363636364,6.01372727272727,1.00660760428202,0.0968749575339451,3.9255148205,24
686751,SL,2025,"Johnson, Seth",breaking,44,1.494391083,0.409090909090909,2.53685383244207,0.158027193434691,48.2068181818182,-0.906590909090909,5.70863636363637,48.7921568627451,-0.808235294117647,5.75509803921569,0.585338680926931,0.10877736113,3.65295598066667,18
623474,ST,2023,"Herget, Jimmy",breaking,48,1.49427571866667,0.208333333333333,4.75847701149425,0.391294633589149,-0.125,-2.474375,4.87958333333333,-1.86896551724138,-2.18896551724138,4.84413793103448,1.74396551724138,0.287602067782328,7.1725234496,10
680732,SL,2026,"Burke, Sean",breaking,162,1.49386558259259,0.308641975308642,2.76787957548192,0.230663532034986,38.4506172839506,-2.29135802469136,6.13858024691358,41.059649122807,-2.14053872053872,6.22526936026937,2.60903183885641,0.173958227398128,4.8401244876,50
656638,SL,2024,"Lange, Alex",breaking,95,1.49260266757895,0.378947368421053,3.46193684210526,0.196411153519309,43.4705263157895,-2.03768421052632,5.74084210526316,42.464,-1.9872,5.7662,1.00652631578946,0.0564949408172981,3.938812595,36
680767,CH,2025,"Vodnik, Victor",offspeed,112,1.49067114067857,0.4375,9.32274515738497,0.51030289801282,35.4169642857143,-2.22866071428571,5.14446428571428,44.0983050847457,-1.90139830508475,5.42216101694915,8.68134079903145,0.429204099484791,3.40724832155102,49
660761,CH,2025,"Suarez, José",offspeed,43,1.49009409962791,0.395348837209302,2.51171735241503,0.175811621628916,41.4976744186047,2.11953488372093,5.64279069767442,39.5807692307692,2.08442307692308,5.69576923076923,1.91690518783544,0.0635575640304751,3.76906154611765,17
601713,ST,2024,"Pivetta, Nick",breaking,304,1.48979627834211,0.309210526315789,3.73561036858706,0.358616503082179,53.6940789473684,-1.75924342105263,6.72963815789474,56.843690851735,-1.45794952681388,6.83179810725552,3.14961190436656,0.31814252460014,4.81806455974468,94
672456,CH,2024,"Montero, Keider",offspeed,82,1.48979113009756,0.329268292682927,3.15831184142656,0.292581963916976,39.1670731707317,-2.64707317073171,5.69865853658537,42.1921450151057,-2.4729003021148,5.83151057401812,3.02507184437403,0.219056732405731,4.52455083955556,27
641672,CH,2023,"Hatch, Thomas",offspeed,60,1.4896655002,0.3,2.26571794871795,0.154236326438578,44.3133333333333,-1.47466666666667,5.79466666666667,43.6238461538462,-1.38107692307692,5.83423076923077,0.689487179487166,0.101608849599319,4.96555166733333,18
667297,SL,2026,"Nance, Tommy",breaking,125,1.48946046336,0.32,6.42615384615385,0.420683777015392,40.8976,-1.3884,6.18312,47.2948717948718,-1.02576923076923,6.36205128205128,6.39727179487181,0.404372944803946,4.654563948,40
592866,CH,2025,"Williams, Trevor",offspeed,64,1.489090542625,0.375,2.2779064119171,0.158940264293152,15.5921875,-2.4025,4.93296875,17.0948186528498,-2.35093264248705,4.96238341968912,1.50263115284975,0.0593667849372761,3.97090811366667,24
623167,ST,2024,"Flexen, Chris",breaking,91,1.48884541912088,0.252747252747253,2.25378555268262,0.152581549246686,69.1230769230769,-0.238131868131868,6.87406593406594,70.4513480392157,-0.143823529411765,6.8777818627451,1.32827111613879,0.0943815176721289,5.89064926695652,23
596133,CH,2026,"Weaver, Luke",offspeed,135,1.48687491653333,0.385185185185185,2.25848267622462,0.187148222643785,45.5044444444444,-1.49711111111111,5.5162962962963,47.3575268817204,-1.40661290322581,5.59193548387097,1.85308243727601,0.117945802500164,3.86015603330769,52
596133,CH,2023,"Weaver, Luke",offspeed,66,1.48522176854545,0.348484848484849,2.43276706458524,0.162393558114585,45.6378787878788,-1.58954545454545,5.66318181818182,47.0420875420875,-1.54377104377104,5.73750841750842,1.40420875420876,0.0872911223962759,4.26194072713043,23
658648,CH,2024,"Avila, Pedro",offspeed,179,1.48456611832402,0.307262569832402,2.65066693356141,0.214219435082937,44.7212290502793,-1.24625698324022,5.77128491620112,45.2410423452769,-1.16348534201954,5.8243973941368,0.519813294997519,0.0983467330562333,4.83158791236364,55
686799,ST,2025,"Kochanowicz, Jack",breaking,40,1.4842921065,0.225,2.95944736842105,0.257708753268153,29.4025,-1.9715,5.79875,29.4194736842105,-1.89987847222222,5.94956597222222,0.0169736842105053,0.166958380198648,6.59685380666667,9
592791,ST,2025,"Taillon, Jameson",breaking,163,1.48192119874847,0.300613496932515,2.2433204410065,0.139588573461222,46.8466257668712,-1.2579754601227,6.16509202453988,45.7735507246377,-1.19,6.1309420289855,1.07307504223353,0.0760715806017999,4.92965623257143,49
607067,ST,2025,"Rea, Colin",breaking,125,1.481287155776,0.24,1.65357606837607,0.121389991590315,29.62,-1.7132,5.55024,29.3970085470085,-1.64169515669516,5.54340455840457,0.222991452991483,0.0718308142641757,6.17202981573333,30
684974,CH,2026,"Yoho, Craig",offspeed,76,1.48072106910526,0.328947368421053,3.79062998405104,0.240020249069872,16.2697368421053,-2.04065789473684,4.78144736842105,19.7212121212121,-2.14424242424243,4.94378787878788,3.45147527910687,0.192572573486089,4.50139205008,25
663903,ST,2024,"Singer, Brady",breaking,95,1.48056092391579,0.315789473684211,3.52409963034676,0.177791374908631,23.661052631579,-1.45926315789474,5.14147368421053,26.8443143812709,-1.3635618729097,5.21864548494984,3.18326174969193,0.122939915312869,4.68844292573334,30
666142,SL,2023,"Ragans, Cole",breaking,105,1.48002159740952,0.4,2.79992063492065,0.278455124481664,39.8257142857143,1.49628571428571,6.13466666666667,42.5583333333334,1.29166666666667,6.27634057971015,2.73261904761907,0.248878388546651,3.70005399352381,42
676106,SL,2025,"Hancock, Emerson",breaking,75,1.47817209477333,0.306666666666667,9.64103703703703,0.393468898572425,27.304,-2.29373333333333,5.6832,17.662962962963,-2.45647058823529,5.36220043572985,9.64103703703702,0.359894615678888,4.820126396,23
678906,ST,2026,"Teng, Kai-Wei",breaking,192,1.47816701927083,0.291666666666667,2.95484664351852,0.214449751598093,21.5875,-2.44567708333333,5.46333333333334,23.6180555555556,-2.32541666666667,5.52041666666667,2.03055555555557,0.133120527197291,5.06800120892857,56
702070,CH,2026,"Cameron, Noah",offspeed,179,1.47692064811173,0.329608938547486,4.83314501179112,0.42802250388637,48.1586592178771,1.5377094972067,6.2759217877095,52.0507900677201,1.16636165577342,6.2214596949891,3.89213084984303,0.375320315038558,4.48082705105085,59
805123,CH,2026,"Blubaugh, AJ",offspeed,114,1.47676373529825,0.324561403508772,4.43032818639657,0.217487898842132,39.9087719298246,-2.4430701754386,6.05350877192982,43.7173501577287,-2.27785488958991,6.08492113564669,3.80857822790411,0.168174990032244,4.55002880605405,37
547179,CU,2024,"Lorenzen, Michael",breaking,50,1.47626582856,0.3,2.77040677966102,0.152595613353847,44.722,-1.3858,5.8054,42.443879472693,-1.47295668549906,5.7804143126177,2.27812052730699,0.0906673723075072,4.9208860952,15
680570,SL,2024,"Rodriguez, Grayson",breaking,148,1.47607852905405,0.344594594594595,2.33098455598456,0.191867464913536,37.5763513513513,-2.45763513513514,5.61472972972973,38.0380952380953,-2.34146572104019,5.60186761229314,0.461743886743918,0.116879283177627,4.28352200588235,51
657514,CU,2026,"Bernardino, Brennan",breaking,87,1.47409141508046,0.344827586206897,9.37896386734862,0.50388580881062,6.38275862068966,3.35494252873563,4.5635632183908,15.7617224880383,3.03263157894737,4.93588516746411,9.37896386734862,0.492450994633132,4.27486510373333,30
664875,ST,2024,"Lawrence, Justin",breaking,189,1.47383769936508,0.285714285714286,4.72395926924229,0.436678635352541,0.478306878306878,-2.79037037037037,4.37343915343915,-3.13622641509434,-2.53842105263158,4.38808270676692,3.61453329340122,0.252374508148317,5.15843194777778,54
680730,FS,2024,"Parker, Mitchell",offspeed,237,1.47368732334177,0.362869198312236,6.46511838755799,0.441371120937947,49.3523206751055,1.99755274261603,5.99067510548523,54.8821487603306,1.66402640264026,6.13363036303631,5.52982808522513,0.362871912827552,4.06120808874419,86
680732,KC,2026,"Burke, Sean",breaking,155,1.47364610454194,0.258064516129032,2.12356536502546,0.152343979944769,42.743870967742,-2.11058064516129,6.21638709677419,41.059649122807,-2.14053872053872,6.22526936026937,1.68422184493492,0.0312470940267669,5.7103786551,40
671345,SL,2024,"Foley, Jason",breaking,140,1.47334866157143,0.314285714285714,6.99826075411576,0.300274496493127,36.0607142857143,-1.64892857142857,5.85778571428572,29.0624535315985,-1.76754646840149,5.63089219330855,6.99826075411577,0.256029051757203,4.68792755954545,44
680730,SL,2026,"Parker, Mitchell",breaking,172,1.47310112637209,0.343023255813954,18.3734219269103,1.25625071987002,48.5587209302326,1.98412790697674,5.89604651162791,66.9321428571429,0.825357142857143,6.36321428571429,18.3734219269103,1.24939802021739,4.29446430061017,59
691587,CU,2025,"Pérez, Eury",breaking,64,1.4726402128125,0.1875,4.73053977272729,0.187726659336059,36.2015625,-1.74875,6.06203125,31.8212121212121,-1.70060606060606,5.99680808080808,4.3803503787879,0.0810672603447596,7.854081135,12
679525,SL,2023,"Marsh, Alec",breaking,51,1.47178132,0.333333333333333,2.9978926149899,0.210796275426302,37.9823529411765,-2.24686274509804,5.69725490196078,35.0579439252337,-2.39158878504673,5.63135514018692,2.92440901594282,0.159023285216606,4.41534396,17
675512,SL,2026,"Melton, Troy",breaking,97,1.47128443587629,0.329896907216495,2.55956280384788,0.15516595393821,40.2721649484536,-1.76505154639175,5.64690721649484,37.8755852842809,-1.70036789297659,5.60421404682274,2.39657966417266,0.0775027854711332,4.45983094625,32
837227,SL,2026,"Imai, Tatsuya",breaking,269,1.47080921827509,0.386617100371747,3.31735383575531,0.361921914448389,26.9468401486989,-1.91148698884758,5.36907063197026,23.6984848484849,-1.91166666666667,5.12767676767677,3.24835530021403,0.241393931163698,3.80430461265385,104
677944,SL,2023,"Cecconi, Slade",breaking,49,1.47002264995918,0.346938775510204,1.99742468415938,0.249893650158681,37.5081632653061,-1.92061224489796,5.64040816326531,37.4261904761905,-1.82285714285714,5.65849206349207,0.0819727891156177,0.0994137184820168,4.23712410870588,17
683003,CU,2024,"Jones, Jared",breaking,46,1.46868354495652,0.304347826086957,7.73785507246375,0.349213222610235,50.9565217391304,-1.26826086956522,5.64630434782609,43.2186666666667,-1.32632258064516,5.49840860215054,7.73785507246375,0.158884592967526,4.82567450485714,14
670970,SL,2024,"Morejon, Adrian",breaking,151,1.46858932739073,0.370860927152318,5.01139232908505,0.439748181481268,39.4132450331126,2.56629139072848,5.70397350993378,44.2283987915408,2.1727380952381,5.86806547619047,4.8151537584282,0.426392272187628,3.95994622207143,56
656222,CH,2024,"Beeks, Jalen",offspeed,119,1.46807148386555,0.378151260504202,3.59792038027333,0.168670382377926,46.7831932773109,0.926050420168067,6.01327731092438,50.1868686868687,0.817395577395578,5.97574938574939,3.40367540955778,0.114953120992228,3.88223347955556,45
669721,SL,2024,"Daniel, Davis",breaking,66,1.46753996842424,0.242424242424242,2.19757575757576,0.193429871477233,48.0484848484849,-1.58848484848485,5.60242424242424,49.02,-1.42952380952381,5.56990476190476,0.971515151515156,0.162253285084863,6.05360236975,16
621363,SL,2023,"Poche, Colin",breaking,85,1.46722457891765,0.376470588235294,5.01384615384618,0.148920835169126,68.1882352941177,1.08247058823529,6.31905882352941,63.2076923076923,1.19850877192982,6.28271929824561,4.98054298642538,0.121595317232931,3.89731528775,32
592791,CH,2025,"Taillon, Jameson",offspeed,119,1.46704600991597,0.361344537815126,2.58247168432591,0.13659272933075,47.2302521008403,-1.26487394957983,6.1727731092437,45.7735507246377,-1.19,6.1309420289855,1.45670137620269,0.0857668210979678,4.05996453906977,43
702070,SL,2026,"Cameron, Noah",breaking,99,1.46659298739394,0.292929292929293,3.77115625783797,0.266921477559382,52.2414141414142,1.24040404040404,6.19515151515152,52.0507900677201,1.16636165577342,6.2214596949891,0.190624073694053,0.0785773189168183,5.00664502593104,29
669461,CU,2026,"Liberatore, Matthew",breaking,91,1.46611306883517,0.362637362637363,1.99207789529504,0.153816967080529,48.9934065934066,0.617142857142857,6.60406593406593,47.4249329758713,0.525079787234043,6.59390957446808,1.56847361753525,0.0926215983521996,4.04291785648485,33
453286,CU,2023,"Scherzer, Max",breaking,61,1.46558884091803,0.295081967213115,4.0673035613341,0.149980819483789,33.6065573770492,-3.00852459016393,5.57540983606558,29.5744827586207,-3.07577319587629,5.4841237113402,4.0320746184285,0.113382236428959,4.96671773866667,18
805123,CH,2025,"Blubaugh, AJ",offspeed,50,1.46402363712,0.32,3.11872000000001,0.390333418286474,41.848,-2.4436,5.964,43.764,-2.32592,5.95008,1.91600000000003,0.118500416876905,4.575073866,16
694738,CH,2024,"Roupp, Landen",offspeed,41,1.46395915404878,0.341463414634146,4.25116234756098,0.350635352410835,20.7268292682927,-2.65414634146342,5.09341463414634,24.17578125,-2.371171875,5.183125,3.44895198170732,0.296854338711515,4.28730895114286,14
691587,CH,2026,"Pérez, Eury",offspeed,64,1.463867541375,0.375,2.7497118340164,0.202921848865876,32.16875,-1.8415625,5.97234375,32.498155737705,-1.74250485436893,6.01697087378641,0.329405737704967,0.108646202581668,3.903646777,24
606303,SL,2024,"Payamps, Joel",breaking,77,1.46384493241558,0.324675324675325,1.69921842863019,0.308827973284885,29.2935064935065,-2.73883116883117,5.58805194805195,30.089592760181,-2.45968325791855,5.60859728506787,0.79608626667449,0.279902960041468,4.50864239184,25
660853,SL,2025,"De Los Santos, Enyel",breaking,186,1.46354452851613,0.349462365591398,2.11268856591438,0.207735556370363,23.0478494623656,-2.09172043010753,5.36215053763441,22.0721611721612,-1.97868613138686,5.41379562043796,0.975688290204435,0.124273759358354,4.18798895852308,65
669212,SL,2024,"Morgan, Eli",breaking,115,1.46324013182609,0.304347826086957,2.62822198656769,0.149183321272074,46.7513043478261,-0.478869565217392,5.68860869565218,44.8406504065041,-0.461951219512195,5.65016260162602,1.91065394132204,0.0420039589475631,4.80778900457143,35
641329,CH,2025,"Baker, Bryan",offspeed,144,1.46198425705556,0.354166666666667,2.07810152234085,0.316378180454951,53.6104166666667,-0.904236111111111,6.54590277777778,54.5640569395018,-0.623843416370107,6.61907473309608,0.953640272835116,0.289783019359703,4.12795554933333,51
665871,ST,2024,"Assad, Javier",breaking,80,1.46168100985,0.3125,3.05983745123535,0.330801133861531,55.58,-1.25675,5.973625,53.3919375812744,-1.46576072821846,5.9854876462939,2.18806241872558,0.209347096677998,4.67737923152,25
678495,SL,2025,"Rodríguez, Randy",breaking,200,1.46148656346,0.33,2.49855555555556,0.22753850155743,39.702,-2.6911,5.5089,39.9444444444444,-2.58777777777778,5.53322751322751,0.24244444444443,0.106147583603079,4.428747162,66
663321,SL,2025,"Hernandez, Nick",breaking,41,1.46108813941463,0.268292682926829,3.61921353907417,0.387920519103687,48.2975609756098,-2.67707317073171,5.81512195121951,47.465306122449,-2.3648,5.655,0.832254853160769,0.350932432843101,5.44587397418182,11
694350,CH,2025,"Brzykcy, Zach",offspeed,53,1.46078840309434,0.433962264150943,10.7998439494964,0.452955470150668,44.8415094339623,-1.47660377358491,5.74415094339623,55.6413533834587,-1.09308270676692,5.95924812030075,10.7998439494964,0.439721734970543,3.36616458104348,23
675921,CH,2024,"Howard, Spencer",offspeed,40,1.4603151525,0.3,2.53714285714285,0.234730293540266,40.4075,-2.2855,5.92425,40.9185714285714,-2.36935714285714,6.08821428571429,0.511071428571398,0.184163805884761,4.867717175,12
605400,KC,2023,"Nola, Aaron",breaking,211,1.46029486090995,0.33175355450237,2.44349204356423,0.174491773476685,23.6881516587678,-2.07023696682465,5.22985781990522,21.6721854304636,-2.05430463576159,5.13708609271524,2.01596622830421,0.0941298705986315,4.40174593788572,70
657006,SL,2025,"Steele, Justin",breaking,42,1.46024607885714,0.261904761904762,2.19047619047619,0.111671633526432,45.4714285714286,1.99833333333333,6.12452380952381,44.7059523809524,2.04774193548387,6.08677419354839,0.765476190476214,0.0621791240913061,5.57548502836364,11
687223,ST,2025,"Palmquist, Carson",breaking,90,1.45996937533333,0.322222222222222,8.47742630385489,0.482750316753343,26.3422222222222,2.01755555555556,5.069,17.8647959183673,2.17290816326531,4.94959183673469,8.47742630385488,0.195940659835098,4.53093944068966,29
596133,CH,2024,"Weaver, Luke",offspeed,190,1.45959250774737,0.457894736842105,2.43541520467836,0.192954539052674,45.0526315789474,-1.74715789473684,5.63326315789474,47.0937777777778,-1.64575221238938,5.73615044247788,2.04114619883043,0.144460741176443,3.18761582151724,87
694738,CU,2026,"Roupp, Landen",breaking,223,1.45780251723767,0.327354260089686,5.44676732701369,0.33419450390698,29.1417040358744,-1.48264573991031,5.52681614349776,23.6949367088608,-1.336125,5.26825,5.44676732701369,0.297194848184096,4.45328714169863,73
657097,CH,2026,"Webb, Jacob",offspeed,173,1.45772570786127,0.404624277456647,2.05522858644247,0.234175672179646,33.2549132947977,-2.99936416184971,5.58127167630058,31.3133689839572,-3.02978835978836,5.41142857142857,1.94154431084047,0.172546550509634,3.60266496371428,70
670245,ST,2026,"Watson, Ryan",breaking,89,1.45617850224719,0.314606741573034,1.80337078651685,0.138729245413988,35.314606741573,-1.10662921348315,5.48337078651685,35.5,-1.07965635738832,5.51704467353952,0.185393258426934,0.0431447057369463,4.62856738214286,28
661403,SL,2025,"Clase, Emmanuel",breaking,116,1.45539999006897,0.353448275862069,3.94747042537124,0.309823378043705,53.9706896551724,-0.931724137931035,5.95784482758621,50.47299270073,-0.863321167883212,6.02901459854015,3.49769695444247,0.0987122211734663,4.11771704507317,41
543037,SL,2023,"Cole, Gerrit",breaking,134,1.45483638456716,0.358208955223881,2.19322152911589,0.191703750409192,41.2141791044776,-2.24097014925373,5.90761194029851,42.4389496717724,-2.14304157549234,5.95317286652079,1.22477056729478,0.108008349478975,4.06141824025,48
640462,ST,2024,"Puk, A.J.",breaking,78,1.45437417984615,0.217948717948718,3.69558678500984,0.610646972170397,31.2371794871795,2.71025641025641,5.61512820512821,27.6067307692308,3.13862179487179,5.53115384615385,3.63044871794871,0.436518723197344,6.67301094282353,17
669372,SL,2025,"Ginn, J.T.",breaking,186,1.45415270212903,0.376344086021505,4.52293906810036,0.275979098759431,41.6037634408602,-1.23881720430108,5.50677419354839,45.7629901960784,-1.09174019607843,5.67338235294117,4.15922675521823,0.222238442048119,3.86389146565714,70
694363,SL,2025,"Shuster, Jared",breaking,41,1.45339135229268,0.219512195121951,2.2896700143472,0.112150609393062,31.5414634146341,1.62853658536585,5.34585365853659,29.9117647058824,1.55647058823529,5.36470588235294,1.62969870875179,0.0744910349320221,6.62100504933333,9
605130,ST,2026,"Barlow, Scott",breaking,78,1.45254753389744,0.294871794871795,4.99935897435897,0.397074279546816,19.7653846153846,-2.61397435897436,5.00217948717949,24.6178571428571,-2.37732142857143,5.20035714285714,4.85247252747253,0.308672954238277,4.92603076713044,23
605540,CH,2023,"Woodruff, Brandon",offspeed,84,1.45207318914286,0.321428571428571,2.4125850340136,0.196170914773786,41.2095238095238,-1.37761904761905,5.74321428571428,43.5857142857143,-1.25089285714286,5.84582142857142,2.37619047619047,0.163057514754497,4.51756103288889,27
621363,SL,2024,"Poche, Colin",breaking,81,1.45207264819753,0.320987654320988,4.70324168749529,0.165808556613495,68.1567901234568,1.04432098765432,6.30814814814815,63.4650306748466,1.18453987730061,6.28374233128834,4.69175944861019,0.142327021012294,4.52376478861538,26
606149,SL,2024,"Gallegos, Giovanny",breaking,90,1.45133418773333,0.3,1.58275362318841,0.187481174336528,58.7077777777778,-1.76988888888889,6.73977777777778,58.6347826086957,-1.63652173913043,6.73942028985508,0.0729951690821196,0.133367628877134,4.83778062577778,27
676534,CU,2025,"Faucher, Calvin",breaking,55,1.450083792,0.381818181818182,5.83668449197861,0.211569917309862,49.0963636363636,-1.22272727272727,5.91709090909091,43.3584775086505,-1.35640138408305,5.81096885813149,5.7378861277131,0.170677056884017,3.79783850285714,21
620454,SL,2025,"Castillo, José",breaking,131,1.45006073954199,0.244274809160305,3.33620501635768,0.289679902256199,38.1374045801527,3.17106870229008,5.95480916030535,40.8047619047619,2.94028571428571,6.04580952380952,2.66735732460924,0.248076306224746,5.9361861525,32
694973,SL,2024,"Skenes, Paul",breaking,57,1.44984975789474,0.315789473684211,2.91490350877193,0.348857076925891,22.1210526315789,-2.24771929824561,5.56245614035088,24.4145,-2.28785,5.695075,2.29344736842105,0.138557696133899,4.5911909,18
666374,CH,2025,"Brash, Matt",offspeed,41,1.44957754243902,0.439024390243902,3.25426144149082,0.26782330505327,27.2585365853659,-2.7409756097561,5.14585365853659,30.5033707865169,-2.5952808988764,5.31831460674157,3.244834201151,0.225764761276159,3.30181551333333,18
666171,ST,2026,"Zeferjahn, Ryan",breaking,157,1.44866922746497,0.388535031847134,2.28582578272181,0.443779128983236,35.5299363057325,-2.34687898089172,5.61484076433121,35.9845070422535,-1.95859154929578,5.64767605633803,0.454570736521013,0.38967330667695,3.72854211003279,61
694813,CH,2024,"Stone, Gavin",offspeed,292,1.44677917054795,0.345890410958904,1.96043947649844,0.190200236156903,46.6650684931507,-1.96047945205479,5.62123287671232,47.5708178438662,-1.84667286245353,5.63949814126395,0.90574935071546,0.115263002415393,4.1827675029703,101
640448,FS,2026,"Finnegan, Kyle",offspeed,115,1.44675425885217,0.339130434782609,4.61174973488863,0.447644779682208,49.184347826087,-2.1164347826087,5.58895652173913,53.7024390243902,-1.69756097560976,5.71109756097561,4.51809119830326,0.436318346686857,4.26607025046154,39
656222,CH,2025,"Beeks, Jalen",offspeed,160,1.445762798275,0.33125,2.88197010869567,0.161816026466541,46.624375,1.0766875,5.99375,48.5423913043479,1.0356884057971,5.91286231884058,1.91801630434785,0.0906848536901678,4.36456693818868,53
670102,CU,2023,"Francis, Bowden",breaking,41,1.44523798595122,0.341463414634146,4.08457675753228,0.167665308513248,43.2707317073171,-2.07243902439024,5.9709756097561,39.2264705882353,-2.17725490196078,5.93362745098039,4.04426111908177,0.11127107959761,4.23248267314286,14
593974,CH,2023,"Peralta, Wandy",offspeed,64,1.4435864390625,0.421875,6.46397916666668,0.7876347855998,38.1546875,0.77328125,5.73796875,44.6186666666667,0.971333333333333,6.0924,6.46397916666668,0.406012485878494,3.42183452222222,27
665152,FS,2024,"Kremer, Dean",offspeed,192,1.44279894360417,0.34375,5.01467397984266,0.241806061756546,42.6640625,-1.88375,6.08026041666667,39.9710914454278,-1.97194690265487,6.00727138643068,2.69297105457227,0.114481842109136,4.19723329048485,66
682990,SL,2025,"Priester, Quinn",breaking,335,1.44272162641194,0.337313432835821,2.00487562189055,0.264619434644407,47.4277611940299,-1.71474626865672,6.08044776119402,46.094623655914,-1.72402457757297,6.04142857142858,1.33313753811588,0.0401071587911319,4.27709508715044,113
701581,CH,2025,"Festa, David",offspeed,131,1.44183461832061,0.427480916030534,5.87347906546381,0.395578966656443,47.012213740458,-2.37198473282443,5.95152671755725,52.8348484848485,-2.09449494949495,6.08792929292929,5.8226347443905,0.30920259122518,3.372863125,56
641154,CU,2023,"López, Pablo",breaking,68,1.44073349735294,0.279411764705882,7.02646560319045,0.309978263251876,42.9897058823529,-1.66397058823529,5.73455882352941,36.2467796610169,-1.8595593220339,5.56749152542372,6.74292622133601,0.257228371073789,5.15630935894737,19
666129,ST,2024,"Garrett, Braxton",breaking,75,1.43822819392,0.28,2.97854434250763,0.229182186375801,44.296,2.57773333333333,5.85706666666667,41.4770642201835,2.78137614678899,5.78431192660551,2.81893577981651,0.216249040861462,5.136529264,21
686799,SL,2026,"Kochanowicz, Jack",breaking,52,1.43696889184615,0.326923076923077,1.62610434120335,0.198799047157846,35.2211538461539,-1.46269230769231,6.14173076923077,36.5627062706271,-1.41742574257426,6.30125412541254,1.34155242447321,0.165821479564867,4.39543425741176,17
656427,SL,2024,"Flaherty, Jack",breaking,346,1.43686287382659,0.326589595375723,3.3571410655448,0.25964153236551,27.6306358381503,-2.516387283237,5.33447976878613,30.7096646942801,-2.33958579881657,5.45510848126232,3.07902885612977,0.214032827311446,4.3995978260531,113
669302,SL,2026,"Gilbert, Logan",breaking,246,1.43570909458537,0.345528455284553,3.01647649952893,0.268085822280786,45.939837398374,-1.00853658536585,6.07634146341463,43.6339055793992,-1.04122317596567,5.98834763948498,2.3059318189748,0.0938686649250059,4.15511102668236,85
681293,CU,2026,"Arrighetti, Spencer",breaking,187,1.43525857997861,0.363636363636364,2.72766488413547,0.229614364834655,21.1181818181818,-2.51668449197861,4.93085561497326,18.7066666666667,-2.42760797342193,4.82033222591362,2.41151515151514,0.141950856592721,3.94696109494118,68
682254,SL,2026,"Montgomery, Mason",breaking,66,1.4350784829697,0.348484848484849,2.43247287691731,0.172138912401971,56.7060606060606,1.1980303030303,5.65227272727273,57.8181069958847,1.14548780487805,5.7130081300813,1.11204638982412,0.0803087994331823,4.11805129895652,23
640470,SL,2023,"Alzolay, Adbert",breaking,123,1.43252539639024,0.349593495934959,2.21776622684259,0.115529714662854,40.0650406504065,-1.33056910569106,6.07333333333333,38.0967213114754,-1.27901639344262,6.10918032786885,1.96831933893108,0.0627908365719034,4.09768892455814,43
678606,CH,2026,"Ferrer, José A.",offspeed,55,1.43166446690909,0.345454545454545,3.42848484848484,0.207770403840826,30.2454545454546,3.03290909090909,5.62581818181818,33.3271317829457,2.94058139534884,5.78031007751938,3.08167723749117,0.179978190914387,4.14429187789474,19
694297,ST,2025,"Pfaadt, Brandon",breaking,265,1.43150945969811,0.316981132075472,4.113190219484,0.419526515622486,24.0773584905661,-2.35958490566038,5.39332075471698,27.9688775510204,-2.17047193877551,5.58454081632653,3.89151906045434,0.268940190759876,4.5160715097619,84
677960,CH,2026,"Weathers, Ryan",offspeed,228,1.43117594294737,0.355263157894737,2.35551734449761,0.173470117453197,32.7982456140351,2.72328947368421,5.4319298245614,34.2267045454545,2.6487165775401,5.50213903743315,1.42845893141946,0.102422899838806,4.02849524681481,81
623474,ST,2025,"Herget, Jimmy",breaking,218,1.43072151612844,0.321100917431193,5.43981059485055,0.426619166190455,2.69908256880734,-2.69463302752294,4.97288990825688,1.21032258064516,-2.40883870967742,4.94735483870968,1.48875998816218,0.286932800302727,4.4556755788,70
601713,ST,2025,"Pivetta, Nick",breaking,262,1.42980389760305,0.354961832061069,3.78033498094041,0.326555159297692,53.9740458015267,-1.26103053435115,6.70793893129771,56.5711366538953,-1.02330357142857,6.78829081632654,2.59709085236857,0.250939304071873,4.0280496900215,93
656492,CH,2026,"Griffin, Foster",offspeed,87,1.42933984777011,0.344827586206897,2.567212847477,0.208680483788322,43.2011494252874,2.83011494252874,5.88931034482759,45.595035460993,2.67682624113475,5.81737588652483,2.39388603570558,0.169328061071888,4.14508555853333,30
676254,SL,2026,"Walker, Ryan",breaking,60,1.4289516294,0.2,2.78297872340425,0.212993423567731,18.6,-3.58583333333333,5.02766666666667,15.8411347517731,-3.51545454545454,4.9965034965035,2.75886524822696,0.0769695846286448,7.144758147,12
663687,CU,2026,"Harris, Hogan",breaking,90,1.42830562057778,0.344444444444444,2.31338797814208,0.21711304119448,58.2644444444444,2.18222222222222,6.107,58.4024590163935,2.05118852459016,6.07032786885246,0.138014571949043,0.136068641200065,4.14669373716129,31
663704,CU,2023,"McArthur, James",breaking,60,1.4281109194,0.333333333333333,3.04166666666667,0.215350378225192,31.7133333333333,-2.47333333333333,5.82166666666667,28.79,-2.4685,5.6995,2.92333333333333,0.122262240923172,4.2843327582,20
687570,CU,2026,"Prielipp, Connor",breaking,79,1.42712720359494,0.354430379746835,2.99270799523966,0.230609772830187,42.9493670886076,1.44455696202532,6.15455696202532,40.1504273504273,1.62371794871795,6.05123931623932,2.79893973818025,0.20681681528212,4.02653746728571,28
693821,SL,2025,"Elder, Bryce",breaking,460,1.42693748468696,0.306521739130435,3.08778663446055,0.226802592831494,53.1904347826087,-0.945021739130436,6.49928260869565,50.3757407407408,-1.08709259259259,6.43857407407407,2.81469404186793,0.154498069824077,4.65525704224113,141
690986,SV,2025,"Harrison, Kyle",breaking,73,1.42649337473973,0.273972602739726,3.8737395848044,0.290661013542794,24.7369863013699,2.31849315068493,4.74068493150685,28.6025773195876,2.10711340206186,4.86417525773196,3.86559101821777,0.244808616676658,5.2067008178,20
623167,CH,2024,"Flexen, Chris",offspeed,206,1.42602011021359,0.364077669902913,3.51499381305921,0.25964563058864,67.4043689320389,-0.264077669902913,6.68995145631068,70.4513480392157,-0.143823529411765,6.8777818627451,3.04697910717684,0.223027621353461,3.91680190272,75
607259,SL,2025,"Martinez, Nick",breaking,120,1.425134163,0.333333333333333,2.16326164874552,0.13207444517491,56.0633333333334,-1.591,6.13116666666667,56.2591397849463,-1.59201342281879,6.15130201342282,0.195806451612903,0.0201608336831662,4.275402489,40
669212,CH,2024,"Morgan, Eli",offspeed,94,1.42506746957447,0.212765957446809,2.40698841030963,0.210668524031088,44.1255319148936,-0.617765957446808,5.67585106382979,44.8406504065041,-0.461951219512195,5.65016260162602,0.71511849161044,0.15791811057642,6.697817107,20
668678,SL,2024,"Gallen, Zac",breaking,74,1.42444894183784,0.283783783783784,4.4210740913327,0.288962945720429,39.3581081081081,-2.89054054054054,5.78864864864865,43.2088362068965,-2.76450431034483,5.90890086206897,3.85072809878842,0.174200247285796,5.01948674742857,21
666277,ST,2024,"Soriano, George",breaking,97,1.42398088713402,0.288659793814433,3.93825097760398,0.215329145647376,21.7701030927835,-1.7360824742268,5.16711340206186,18.9862068965517,-1.68057471264368,5.1048275862069,2.78389619623177,0.0834304168315576,4.93307664471429,28
683409,CH,2026,"Chivilli, Angel",offspeed,50,1.4239393068,0.36,3.016,0.41376060546614,31.922,-1.8174,5.6792,29.05,-1.6195,5.6165,2.872,0.207595038476356,3.95538696333333,18
669461,SL,2024,"Liberatore, Matthew",breaking,209,1.4237332462201,0.344497607655502,1.68270944741534,0.169494234728266,44.0866028708134,0.774258373205741,6.41382775119617,45.4098039215687,0.667377450980392,6.45196078431373,1.32320105075528,0.113479776834843,4.13278122861111,72
606965,CH,2024,"Devenski, Chris",offspeed,88,1.42174100945455,0.284090909090909,2.26678030303028,0.195893419188068,44.4829545454545,0.0561363636363636,6.415,42.4591666666667,-0.0401666666666667,6.43225,2.02378787878785,0.097835761077155,5.00452835328,25
666214,CU,2025,"Wentz, Joey",breaking,150,1.42101326832,0.266666666666667,1.93578847556526,0.273048764384425,51.474,0.7872,6.2848,49.8153172866521,0.811422319474836,6.31137855579868,1.65868271334789,0.0359602612488359,5.3287997562,40
643377,ST,2026,"Jax, Griffin",breaking,137,1.42099566265693,0.357664233576642,2.68924740101747,0.22227844155041,40.0284671532847,-1.1607299270073,5.39357664233577,42.0935606060606,-1.01689393939394,5.49454545454546,2.06509345277595,0.175736997731686,3.97298787314286,49
641871,CH,2023,"Middleton, Keynan",offspeed,83,1.42091486790361,0.385542168674699,4.05244134432466,0.226301616935049,40.9409638554217,-1.10361445783133,5.89614457831325,36.9157894736842,-1.20157894736842,5.77710526315789,4.02517438173749,0.154166792023836,3.685497938625,32
669372,SL,2024,"Ginn, J.T.",breaking,76,1.42045645610526,0.355263157894737,8.24596774193549,0.540103532096874,36.35,-1.66552631578947,5.44855263157895,44.5959677419355,-1.24233870967742,5.76629032258065,8.24596774193552,0.529192772295639,3.99832187644445,27
669387,FS,2025,"Mlodzinski, Carmen",offspeed,134,1.4202173541791,0.417910447761194,3.18770815344763,0.575939324747162,31.8544776119403,-2.20835820895522,5.35440298507463,30.3286501377411,-2.43644628099173,5.25873278236914,1.52582747419922,0.247339758815764,3.39837724035714,56
702056,SL,2026,"Yesavage, Trey",breaking,184,1.41955553930435,0.369565217391304,2.19451868102646,0.223269563248691,65.4760869565217,-0.398695652173913,7.15086956521739,65.8535168195719,-0.261896024464832,7.0625382262997,0.377429863050168,0.162839072634108,3.84115028282353,68
663559,CU,2025,"Falter, Bailey",breaking,90,1.41898518946667,0.255555555555556,2.01637551990493,0.207139612509219,55.5644444444445,1.55411111111111,5.82766666666667,55.2326203208556,1.36479500891265,5.83069518716577,0.331824123588845,0.189340324516544,5.55255074139131,23
676917,ST,2026,"Cavalli, Cade",breaking,94,1.4186519646383,0.25531914893617,3.94028668272963,0.365160335517301,33.5127659574468,-2.13553191489362,5.88170212765958,36.3305182341651,-1.93275862068965,5.99318007662836,2.81775227671829,0.23139650375192,5.5563868615,24
656234,CU,2023,"Bird, Jake",breaking,50,1.41721809096,0.28,9.08677419354838,0.459632947391956,25.09,-1.8408,5.4956,16.0032258064516,-2.1558064516129,5.18632258064516,9.08677419354839,0.441453946273609,5.061493182,14
676917,CH,2025,"Cavalli, Cade",offspeed,54,1.41709404,0.407407407407407,3.80264797507788,0.195004122477036,40.6981481481482,-2.43685185185185,6.1412962962963,43.7542056074766,-2.35869158878505,6.1685046728972,3.05605745932847,0.0827606336365835,3.47832173454546,22
622786,SL,2024,"Tinoco, Jesus",breaking,146,1.4167219899726,0.363013698630137,2.06044520547945,0.3547870314484,26.1602739726027,-2.15376712328767,5.23102739726028,25.1309210526316,-1.84361842105263,5.32802631578947,1.02935291997116,0.324963086663568,3.90266812332075,53
656641,SL,2025,"Latz, Jacob",breaking,130,1.41549213664615,0.292307692307692,2.17961425671103,0.26001822794643,48.5223076923077,2.004,5.85423076923077,48.9604105571847,1.79055718475073,5.93780058651026,0.438102864877017,0.22921987204791,4.84247309905263,38
663795,SL,2025,"Hagenman, Justin",breaking,42,1.41515807942857,0.30952380952381,3.25242905242905,0.181804569249928,25.4857142857143,-3.16642857142857,5.26452380952381,22.4646464646465,-3.17959595959596,5.21080808080808,3.02106782106783,0.0553060541226059,4.57204917969231,13
628452,CH,2026,"Iglesias, Raisel",offspeed,127,1.41484951700787,0.385826771653543,3.15357176738451,0.361775072389686,31.0299212598425,-1.6555905511811,5.44204724409449,28.2240963855422,-1.97047619047619,5.34583333333334,2.80582487430035,0.329256863950066,3.6670589522449,49
622098,CH,2023,"Smith, Drew",offspeed,41,1.41461296185366,0.365853658536585,5.58770885346648,0.34407559650826,34.690243902439,-2.29146341463415,5.27878048780488,40.2779527559055,-2.05937007874016,5.52070866141732,5.58770885346649,0.335255958565771,3.8666087624,15
666214,CH,2023,"Wentz, Joey",offspeed,56,1.41344802728571,0.357142857142857,1.3853021978022,0.183256142952348,36.0107142857143,1.05642857142857,5.77446428571429,35.7884615384615,1.14725274725275,5.8389010989011,0.222252747252746,0.111360378087599,3.9576544764,20
605135,CU,2023,"Bassitt, Chris",breaking,85,1.41316320014118,0.305882352941177,9.58339934968958,0.414248841469573,47.3929411764706,-1.24376470588235,5.88447058823529,37.932663316583,-1.52738693467337,5.60942211055276,9.46027785988763,0.395086362381516,4.61995661584616,26
672282,SL,2026,"Detmers, Reid",breaking,324,1.41236201781481,0.33641975308642,2.92193671187247,0.204050854920584,40.7067901234568,1.89219135802469,6.01685185185185,39.5104925053534,1.85379014989293,5.97428265524626,1.19629761810347,0.0573305266470199,4.19821370433028,109
656849,CU,2024,"Peterson, David",breaking,53,1.41078319298113,0.245283018867925,5.53503769757742,0.208801080165271,46.3358490566038,2.26962264150943,6.26396226415094,40.8008113590264,2.30026369168357,6.13782961460447,5.53503769757742,0.129801075640328,5.751654556,13
608331,CU,2024,"Fried, Max",breaking,224,1.409453491125,0.339285714285714,2.67793633078229,0.200679846465323,52.3227678571429,1.2265625,6.099375,49.9038690476191,1.19425595238095,5.988125,2.41889880952379,0.115845912828469,4.15417871068421,76
668933,SL,2024,"Ashcraft, Graham",breaking,195,1.40797135655385,0.328205128205128,4.68439087228561,0.385768755679537,46.1810256410256,-0.658051282051282,6.14923076923077,50.7997607655502,-0.375215311004785,6.38172248803828,4.61873512452461,0.366126461529191,4.289912727,64
669432,ST,2026,"Rogers, Trevor",breaking,113,1.40766935667257,0.283185840707965,3.02991993257479,0.137970530058685,25.2769911504425,2.09336283185841,5.79761061946903,22.3042328042328,2.11166089965398,5.80115916955017,2.97275834620967,0.0186389777812453,4.97083241575,32
605135,CU,2026,"Bassitt, Chris",breaking,108,1.40758212325926,0.287037037037037,8.19218253968253,0.363133168755163,36.5361111111111,-1.52111111111111,5.63064814814815,28.3439285714286,-1.66921428571429,5.32078571428572,8.19218253968252,0.343437444444676,4.90383449393548,31
671096,CH,2026,"Abbott, Andrew",offspeed,169,1.40728974194083,0.36094674556213,3.82591768926305,0.215909461065873,48.5100591715977,2.61408284023669,5.97869822485207,51.6494407158837,2.43975391498881,6.01510067114094,3.13938154428598,0.178089057142467,3.89888469488525,61
668390,SL,2024,"Winn, Cole",breaking,46,1.40715979843478,0.369565217391304,3.61581027667985,0.234056778257207,40.704347826087,-1.82673913043478,5.46717391304348,43.6045454545455,-1.68818181818182,5.56772727272727,2.9001976284585,0.171199027224059,3.80760886635294,17
453286,SL,2025,"Scherzer, Max",breaking,197,1.40703720381726,0.304568527918782,2.4861040609137,0.223227503248706,31.8319796954315,-3.05913705583756,5.5494923857868,33.6946428571429,-2.95776785714286,5.67550595238096,1.86266316171138,0.161725487817432,4.61977215253333,60
672282,CH,2026,"Detmers, Reid",offspeed,93,1.40687403643011,0.311827956989247,4.49238792567518,0.216464509701971,43.9258064516129,1.70623655913978,6.02290322580645,39.5104925053534,1.85379014989293,5.97428265524626,4.41531394625955,0.155357722774718,4.51169949613793,29
607536,ST,2025,"Freeland, Kyle",breaking,168,1.40486170814286,0.238095238095238,5.11107243744951,0.37311446726328,24.4726190476191,2.74684523809524,5.5675,29.5509887005649,2.5076338028169,5.82397183098591,5.07836965294587,0.350713431247204,5.9004191742,40
641743,SL,2026,"Kay, Anthony",breaking,52,1.40427204507692,0.307692307692308,2.45861823361823,0.210937594981245,36.6134615384615,2.32096153846154,5.81307692307692,37.5574074074074,2.17985185185185,5.85375925925926,0.943945868945868,0.146857060205958,4.5638841465,16
595345,SL,2023,"Okert, Steven",breaking,139,1.40371205064748,0.280575539568345,1.51294964028777,0.160985779748335,31.0467625899281,3.06028776978417,5.64805755395683,31.2,3.02518072289157,5.72048192771085,0.153237410071942,0.0804847479661864,5.00297371897436,39
700241,ST,2026,"McGreevy, Michael",breaking,75,1.40355116912,0.24,2.94505777777779,0.188086782832366,30.056,-2.14826666666667,5.60386666666667,32.9895555555556,-2.05011111111111,5.73388888888889,2.93355555555557,0.1629119128794,5.84812987133333,18
696149,CH,2025,"Chandler, Bubba",offspeed,47,1.40346168868085,0.382978723404255,8.52127659574468,0.473931986921275,35.331914893617,-1.45255319148936,5.64212765957447,43.82,-1.09539682539683,5.92595238095238,8.48808510638298,0.456198577711148,3.66459440933333,18
673513,FS,2024,"Matsui, Yuki",offspeed,117,1.40344491887179,0.358974358974359,2.74278103560616,0.207118805380498,55.7504273504274,2.19512820512821,5.94512820512821,57.2434977578476,2.02625550660793,6.00405286343613,1.49307040742021,0.178857774956042,3.90959655971429,42
605280,SL,2025,"Holmes, Clay",breaking,134,1.40032033298507,0.283582089552239,2.76072658684601,0.22283431312051,46.1305970149254,-0.672313432835821,6.50492537313433,43.7971742543171,-0.802201834862385,6.46990825688073,2.33342276060829,0.134525816896729,4.93797170052632,38
669674,CU,2025,"Long, Sam",breaking,57,1.39960572757895,0.210526315789474,11.0126253132832,0.520366853447971,48.8526315789474,1.72035087719298,5.92105263157895,47.2994047619048,1.77220238095238,5.82785714285714,1.55322681704259,0.106648851659113,6.648127206,12
663372,ST,2026,"Feltner, Ryan",breaking,60,1.3993945462,0.216666666666667,2.87635693215338,0.215679892519597,44.1416666666667,-1.63816666666667,5.4685,41.6079646017699,-1.62787610619469,5.51477876106195,2.53370206489672,0.0474090641149619,6.45874405938462,13
663704,CU,2024,"McArthur, James",breaking,132,1.39907944675758,0.333333333333333,1.79746087246087,0.128746167467343,32.9515151515152,-2.44128787878788,5.82037878787879,32.171978021978,-2.38362637362638,5.79939560439561,0.779537129537125,0.0613607624347897,4.19723834027273,44
678394,ST,2026,"Bello, Brayan",breaking,75,1.39849044192,0.24,4.28992380952381,0.300767544185716,37.092,-1.81933333333333,5.5424,40.6454285714286,-1.6396,5.66477142857143,3.55342857142856,0.217436973952736,5.827043508,18
605135,CU,2024,"Bassitt, Chris",breaking,160,1.398251415825,0.25625,8.9739236935867,0.610414348861689,43.603125,-1.436375,5.7819375,34.7004750593824,-1.72203087885986,5.50410926365796,8.90264994061758,0.39848188169116,5.45659089102439,41
450203,CU,2024,"Morton, Charlie",breaking,536,1.39596438979104,0.319029850746269,1.79021333549643,0.266385522054113,20.9283582089552,-2.60205223880597,5.44755597014925,21.1353260869565,-2.5019384057971,5.48971014492754,0.206967878001251,0.108626672649794,4.37565446156725,171
676974,SL,2025,"Meyer, Max",breaking,183,1.39566163510383,0.409836065573771,3.4594964224255,0.179306368509127,39.520218579235,-1.27650273224044,5.67732240437158,36.6104972375691,-1.37806629834254,5.66889502762431,2.90972134166592,0.101912602941034,3.40541438965333,75
664285,CU,2023,"Valdez, Framber",breaking,160,1.395306644625,0.40625,1.87937500000001,0.225832586554417,48.665625,0.8179375,6.0956875,49.0111111111111,0.66761744966443,6.17278523489933,0.345486111111136,0.168938385985827,3.43460097138462,65
693855,CH,2026,"Seymour, Ian",offspeed,194,1.39449805342268,0.360824742268041,3.14804393823437,0.216430392907205,42.2969072164948,1.47577319587629,5.73484536082474,43.7323144104804,1.42103896103896,5.68627705627705,1.43540719398552,0.0731759295797794,3.86475174805714,70
692285,SL,2025,"Guerrero, Luis",breaking,56,1.39440817821429,0.339285714285714,2.59714285714286,0.256702844760643,36.2,-1.64107142857143,5.82535714285714,38.18,-1.50275,5.9815,1.98000000000002,0.208598680338047,4.10983463052632,19
608566,KC,2026,"Márquez, Germán",breaking,123,1.39373552253659,0.252032520325203,3.71986062717771,0.311115660552032,41.5146341463415,-1.26487804878049,6.17195121951219,38.5190476190476,-1.3354347826087,6.04233695652174,2.99558652729384,0.14757408261298,5.52998287974194,31
681857,CH,2024,"Olson, Reese",offspeed,188,1.39354725612766,0.377659574468085,4.60032034090231,0.22027614438994,35.0558510638298,-2.7688829787234,5.91212765957447,39.3826330532213,-2.65127777777778,6.04916666666667,4.32678198939149,0.180584253893517,3.6899561148169,71
678020,SL,2025,"Halvorsen, Seth",breaking,60,1.39268025406667,0.333333333333333,2.59053990610329,0.206459841019814,46.5616666666667,-2.3685,5.84016666666667,46.7661971830986,-2.22992957746479,5.84971830985915,0.204530516431959,0.13889922926087,4.1780407622,20
666200,CH,2024,"Luzardo, Jesús",offspeed,128,1.39248955875,0.3359375,1.98664402173914,0.202798278480055,38.878125,2.41765625,5.964921875,39.6517391304348,2.284,6.0164347826087,0.773614130434837,0.143239564416974,4.14508519813954,43
666214,CU,2024,"Wentz, Joey",breaking,66,1.39232689618182,0.318181818181818,3.54063499314751,0.156057434860635,52.3924242424243,1.10893939393939,6.34651515151515,48.8565326633166,1.10268844221106,6.36582914572864,3.53589157910762,0.0203003637895655,4.37588453085714,21
693821,SL,2023,"Elder, Bryce",breaking,186,1.39159067750538,0.349462365591398,2.68173409877894,0.229516985829515,52.7537634408602,-1.11010752688172,6.44763440860215,50.2766949152542,-1.21021186440678,6.42758474576271,2.47706852560597,0.102092445221507,3.9820902464,65
607536,KC,2024,"Freeland, Kyle",breaking,157,1.39021952973248,0.382165605095541,3.37178067017447,0.268489574073461,24.7414012738853,2.60821656050955,5.56917197452229,27.7869565217391,2.50167224080268,5.76908026755853,3.04555524785379,0.226528182984951,3.6377411028,60
621112,ST,2023,"Blackburn, Paul",breaking,112,1.38987733435714,0.303571428571429,2.8087857142857,0.170903838306064,46.9446428571429,-2.11178571428571,5.88,49.072,-2.03098181818182,5.96869090909091,2.12735714285712,0.119980610854179,4.57841945435294,34
677161,CH,2024,"Kelly, Zack",offspeed,91,1.3894571778022,0.318681318681319,4.51011300020733,0.326391342863235,33.4472527472528,-2.91153846153846,5.30923076923077,37.8910377358491,-3.07952830188679,5.52495283018868,4.4437849885963,0.273416521161733,4.36002079931035,29
686613,KC,2026,"Brown, Hunter",breaking,71,1.38881294912676,0.323943661971831,3.03521126760563,0.230693540705133,55.5211267605634,-2.12183098591549,6.14985915492958,54.1,-2.00943005181347,6.07238341968912,1.42112676056337,0.136515418682491,4.28720519078261,23
666200,SL,2025,"Luzardo, Jesús",breaking,104,1.38860766911538,0.326923076923077,2.05667726299886,0.147354229894245,33.4451923076923,2.32480769230769,5.88,34.1903436988543,2.2880162601626,5.9069756097561,0.745151391162004,0.0456211902628634,4.24750581141176,34
641755,SL,2026,"Kinley, Tyler",breaking,196,1.38726358346939,0.295918367346939,2.10982142857143,0.139783248381276,44.7045918367347,-0.801479591836735,6.45326530612245,43.446875,-0.726875,6.4428125,1.25771683673469,0.0753333012615228,4.68799417862069,58
623167,CU,2024,"Flexen, Chris",breaking,131,1.38706437654962,0.305343511450382,2.20272507858104,0.141449591318484,72.1549618320611,-0.083206106870229,6.84343511450382,70.4513480392157,-0.143823529411765,6.8777818627451,1.70361379284535,0.0696718812027402,4.5426358332,40
571510,CH,2025,"Boyd, Matthew",offspeed,355,1.38690881103099,0.315492957746479,4.49290653008964,0.175642130546056,29.3456338028169,2.28419718309859,5.54222535211267,24.9054274084125,2.27823609226594,5.48789687924016,4.44020639440441,0.0546545292594698,4.39600560639286,112
669854,CH,2025,"Blanco, Ronel",offspeed,52,1.38652227807692,0.346153846153846,3.10538461538461,0.334244161172776,44.9903846153846,-1.73769230769231,5.96615384615385,47.71,-1.68763636363636,6.05418181818182,2.71961538461538,0.101264610771427,4.00550880333333,18
500779,SV,2026,"Quintana, Jose",breaking,45,1.38608079466667,0.244444444444444,2.74557734204794,0.167922776256032,40.6,2.53622222222222,5.69711111111111,42.543137254902,2.44856209150327,5.7621568627451,1.94313725490198,0.10915698934697,5.67033052363636,11
686799,SL,2025,"Kochanowicz, Jack",breaking,94,1.38597612204255,0.25531914893617,3.41458006718926,0.191608426926441,31.8882978723404,-1.87212765957447,5.94787234042553,29.4194736842105,-1.89987847222222,5.94956597222222,2.46882418812992,0.0278024457786267,5.428406478,24
642121,CH,2026,"Sulser, Cole",offspeed,143,1.38493548095105,0.356643356643357,2.45575333757151,0.182037799718793,41.7482517482517,-1.80615384615385,5.71881118881119,43.4878787878788,-1.6543722943723,5.72502164502164,1.73962703962704,0.151908555478478,3.88325046619608,51
804636,CH,2025,"Tong, Jonah",offspeed,45,1.38476941573333,0.222222222222222,3.13462759462759,0.137354305460759,63.1155555555556,-2.39088888888889,5.82066666666667,65.7813186813187,-2.33483516483517,5.89142857142857,2.66576312576312,0.0902732914312091,6.2314623708,10
642520,CU,2024,"Garabito, Gerson",breaking,74,1.38380636118919,0.297297297297297,2.96851851851852,0.397188721628305,43.1675675675676,-2.34716216216216,5.68932432432432,43.987037037037,-2.18962962962963,5.74287037037037,0.819469469469439,0.166384127407872,4.65462139672727,22
605156,SL,2024,"Brooks, Aaron",breaking,61,1.38342815908197,0.262295081967213,2.92129571248424,0.228678233386055,40.727868852459,-2.09672131147541,6.28147540983606,42.6971153846154,-1.9125,6.32903846153846,1.96924653215638,0.190262280783567,5.2743198565,16
677955,CH,2025,"Hill, Jaden",offspeed,69,1.3830751684058,0.260869565217391,2.09478260869565,0.2213533859059,24.5086956521739,-1.30521739130435,5.60565217391304,26.16,-1.29091666666667,5.77433333333333,1.65130434782608,0.169286279032107,5.30178814555555,18
676272,CH,2023,"Miller, Bobby",offspeed,91,1.38205889767033,0.373626373626374,1.99102498924563,0.272874933977534,45.9362637362638,-1.50241758241758,5.91197802197802,45.9277580071175,-1.42555160142349,5.9935231316726,0.00850572914630732,0.112062410956058,3.69903999082353,34
650633,CH,2023,"King, Michael",offspeed,63,1.38201015828571,0.444444444444444,5.7121336996337,0.281487992746097,26.0888888888889,-2.61142857142857,5.51650793650794,31.7028846153846,-2.499375,5.73783653846154,5.61399572649571,0.248077312369819,3.10952285614286,28
607455,CH,2024,"Banda, Anthony",offspeed,51,1.38008820352941,0.372549019607843,3.16572853279243,0.156355442185273,33.7921568627451,2.76882352941176,5.40490196078431,34.4193965517241,2.71650862068966,5.45099137931034,0.627239688979046,0.069721475706343,3.70444728315789,19
666374,SL,2026,"Brash, Matt",breaking,61,1.37992996872131,0.377049180327869,2.25737704918033,0.207310246874102,30.5295081967213,-2.62377049180328,5.19639344262295,31.8,-2.5495652173913,5.33826086956522,1.27049180327868,0.160102434640374,3.65981426486957,23
656849,SL,2025,"Peterson, David",breaking,278,1.3797186751223,0.370503597122302,3.18264435084056,0.262715914913249,36.9755395683453,2.40395683453237,5.97046762589928,40.0316062176166,2.21570689655173,6.10727586206896,3.05606664927126,0.232711264518018,3.72390089013592,103
660761,ST,2024,"Suarez, José",breaking,52,1.37844479292308,0.326923076923077,2.20453367875648,0.311506265466097,41.2980769230769,1.74076923076923,5.56711538461539,39.740932642487,1.5559585492228,5.62145077720207,1.55714428058989,0.192632611209022,4.21641936658823,17
669358,KC,2024,"Baz, Shane",breaking,127,1.37816562406299,0.283464566929134,3.6210989755313,0.170983058297657,41.255905511811,-1.42314960629921,5.84086614173228,37.8720430107527,-1.49921146953405,5.79501792114696,3.38386250105832,0.0888114090058039,4.86186206266667,36
681217,FS,2023,"Silseth, Chase",offspeed,61,1.37771390518033,0.360655737704918,2.86738211931719,0.190315213671539,44.2114754098361,-1.51016393442623,6.21786885245902,41.3752577319588,-1.60618556701031,6.10670103092784,2.83621767787726,0.146896012430905,3.82002491890909,22
573124,ST,2024,"Rogers, Taylor",breaking,238,1.37641921695798,0.302521008403361,1.46899535933777,0.161301884138216,28.8588235294118,1.9722268907563,5.64705882352941,29.0850746268657,1.89840579710145,5.68115942028985,0.226251097453911,0.0813166930452618,4.54983018938889,72
642547,CU,2025,"Peralta, Freddy",breaking,170,1.37580600623529,0.317647058823529,2.42151282853566,0.174669175847557,40.0970588235294,-3.43805882352941,5.39341176470588,41.6775265957447,-3.36297872340425,5.4156914893617,1.58046777221522,0.0783160747582689,4.33124113074074,54
681347,CU,2025,"Burrows, Mike",breaking,45,1.37523746053333,0.311111111111111,4.65721383014434,0.533245571167264,49.1533333333333,-1.16733333333333,6.16222222222222,47.3253776435045,-1.42619335347432,6.09552870090634,1.8279556898288,0.267313553365528,4.42040612314286,14
656234,ST,2026,"Bird, Jake",breaking,67,1.37523618256716,0.358208955223881,6.17450037945864,0.418135863347267,13.9119402985075,-3.16358208955224,5.06626865671642,20.0864406779661,-2.86677966101695,5.33313559322034,6.17450037945864,0.399136121371439,3.83920100966667,24
592791,ST,2026,"Taillon, Jameson",breaking,123,1.37502120380488,0.308943089430894,2.01104021967372,0.143627726639393,45.0650406504065,-1.23756097560976,6.01455284552846,44.3109271523179,-1.23844370860927,5.98261589403973,0.75411349808865,0.0319491484697411,4.45072652810526,38
594798,CU,2025,"deGrom, Jacob",breaking,51,1.37493550023529,0.352941176470588,8.02925157960311,0.227579907573614,37.0823529411765,-1.29941176470588,5.62901960784314,29.0531013615734,-1.37747352496218,5.46095310136158,8.02925157960311,0.185310520519555,3.895650584,18
605400,KC,2024,"Nola, Aaron",breaking,571,1.37370559496322,0.346760070052539,2.12128345308411,0.147778260699049,21.3418563922942,-1.81360770577933,5.07420315236427,19.94309252218,-1.79448669201521,5.02133079847909,1.39876387011424,0.0562236513642378,3.96154492284848,198
677161,ST,2024,"Kelly, Zack",breaking,127,1.3727791224252,0.330708661417323,3.57785247362947,0.339363104176345,34.4228346456693,-3.28,5.30299212598425,37.8910377358491,-3.07952830188679,5.52495283018868,3.46820309017978,0.299091049607502,4.15102258447619,42
502085,KC,2024,"Robertson, David",breaking,143,1.3723173333986,0.286713286713287,2.72479603729604,0.175644855155803,45.1160839160839,-2.70804195804196,5.84629370629371,44.8272435897436,-2.6724358974359,5.81657051282051,0.288840326340356,0.0463816750681501,4.78637508965854,41
674285,SL,2024,"Salazar, Eduardo",breaking,97,1.37203474008247,0.402061855670103,4.14721987493664,0.173189289410329,35.6680412371134,-1.98216494845361,5.55030927835052,31.6606557377049,-2.02172131147541,5.46393442622951,4.00738549940851,0.0950016891136084,3.41249666123077,39
641712,SL,2023,"Hudson, Dakota",breaking,178,1.37166514204494,0.359550561797753,3.33577969734363,0.268431101612079,40.0640449438202,-2.30404494382022,6.29123595505618,42.4976878612717,-2.0843063583815,6.29066473988439,2.43364291745143,0.21973932788052,3.8149436763125,64
640448,FS,2025,"Finnegan, Kyle",offspeed,160,1.3714628613,0.35,4.02532608695652,0.424733874319486,47.73375,-2.3156875,5.6095,51.5347826086957,-1.93269565217391,5.74060869565217,3.80103260869564,0.404811370365082,3.918465318,56
664285,CU,2026,"Valdez, Framber",breaking,224,1.37144805432143,0.3125,1.78894074675325,0.291397681672712,42.2321428571429,0.887633928571428,5.88866071428571,42.7800505050505,0.70165,5.9822,0.547907647907643,0.208181698664414,4.38863377382857,70
679883,SL,2026,"Avila, Luinder",breaking,102,1.37119172156863,0.323529411764706,5.50102542783899,0.374146179025547,48.8686274509804,-1.81382352941176,6.0506862745098,54.2862190812721,-1.52332155477032,6.21084805653711,5.41759163029172,0.331727589586306,4.23822895757576,33
592454,CH,2024,"Kahnle, Tommy",offspeed,266,1.37112974536842,0.37593984962406,11.1348649401281,0.531508460530825,32.4966165413534,-2.36056390977444,5.67966165413534,43.6314814814815,-1.95631578947368,5.95859649122807,11.1348649401281,0.491142734966771,3.64720512268,100
699134,CH,2026,"Rodriguez, Bradgley",offspeed,171,1.37089015281871,0.374269005847953,2.75186684660369,0.207211591204278,42.7409356725146,-0.644327485380117,5.88005847953216,43.2633136094675,-0.56360465116279,6.01081395348838,0.522377936952836,0.15366577346173,3.6628471270625,64
701519,CH,2026,"Adams, Travis",offspeed,78,1.36794116620513,0.384615384615385,5.68305067635777,0.917462223181719,38.2935897435897,-1.00910256410256,5.71205128205128,43.4173228346457,-1.62850393700787,6.03952755905512,5.12373309105594,0.700641686425578,3.55664703213333,30
624133,CU,2024,"Suarez, Ranger",breaking,220,1.36781058723636,0.331818181818182,3.81355511638121,0.229496958494401,45.585,1.6675,5.87636363636364,41.9048309178744,1.82996865203762,5.88467084639499,3.68016908212562,0.162680892035373,4.12216889304109,73
656641,CH,2026,"Latz, Jacob",offspeed,68,1.36715112005882,0.411764705882353,2.40872966207759,0.304913829550355,49.7308823529412,2.07941176470588,5.88779411764706,50.1846808510638,1.84131914893617,6.02927659574468,0.453798498122652,0.276957370894345,3.32022414871429,28
663903,SL,2024,"Singer, Brady",breaking,560,1.36706371487143,0.317857142857143,3.30858635929289,0.19297025297911,29.5517857142857,-1.46291071428571,5.32930357142856,26.8443143812709,-1.3635618729097,5.21864548494984,2.70747133301481,0.148712489004417,4.30087460858427,178
681869,CU,2024,"Dubin, Shawn",breaking,64,1.36668259725,0.359375,2.4718137254902,0.193440189706125,42.4078125,-1.91296875,5.91828125,40.396568627451,-1.98455882352941,5.7981862745098,2.01124387254903,0.139813954117383,3.80294287930435,23
663773,FS,2024,"Hoeing, Bryan",offspeed,93,1.36662171604301,0.365591397849462,6.03716882828956,0.325195023054787,38.1763440860215,-2.13602150537634,6.2563440860215,32.1391752577319,-2.2190206185567,6.04407216494846,6.03716882828956,0.227921524356012,3.73811234094118,34
687911,ST,2024,"King, Bryan",breaking,70,1.36641882948571,0.271428571428571,1.98571428571429,0.21858621419926,35.7871428571429,2.71471428571429,5.54014285714285,37.45,2.56181818181818,5.62827272727273,1.66285714285715,0.176476889693005,5.03417463494737,19
678394,ST,2024,"Bello, Brayan",breaking,324,1.36637102592593,0.314814814814815,2.33545637940615,0.179385541169297,29.5145061728395,-1.83734567901235,5.19870370370371,28.3581213307241,-1.77716242661448,5.18953033268102,1.15638484211543,0.0608783590868291,4.34023737647059,102
678022,CH,2026,"Perkins, Jack",offspeed,111,1.36630966810811,0.441441441441441,2.77921492921492,0.267672376731845,35.018018018018,-2.04432432432432,5.4636036036036,32.4357142857143,-2.24041353383459,5.37221804511278,2.58230373230371,0.216338388611543,3.09510965632653,49
663687,CU,2024,"Harris, Hogan",breaking,78,1.36624198,0.320512820512821,3.24723437098019,0.224193662988535,51.9589743589744,2.40538461538462,5.93692307692308,51.1197324414716,2.37478260869565,5.93484949832776,0.839241917502775,0.0306721786246476,4.2626749776,25
623167,CH,2023,"Flexen, Chris",offspeed,67,1.36566292447761,0.373134328358209,5.13870115713571,0.347463509672218,64.8164179104478,-0.462686567164179,6.59731343283582,69.845786516854,-0.254606741573034,6.84488764044944,5.02936860640622,0.323404084843643,3.6599766376,25
800048,CH,2025,"Messick, Parker",offspeed,76,1.36208863363158,0.302631578947368,3.36345864661653,0.205965266845614,41.5736842105263,1.15894736842105,5.57263157894737,44.7878571428571,0.969785714285713,5.60835714285715,3.2141729323308,0.192505707219005,4.50081461547826,23
670970,CH,2026,"Morejon, Adrian",offspeed,113,1.36182032042478,0.495575221238938,2.00337518007821,0.221905520787554,42.1477876106195,2.68486725663717,5.9412389380531,41.9186046511628,2.4968045112782,5.94165413533835,0.229182959456693,0.18806320368626,2.74795886085714,56
701519,SL,2026,"Adams, Travis",breaking,49,1.36101525240816,0.408163265306122,2.18378595532701,0.82441050954033,44.3163265306123,-1.64408163265306,5.89367346938775,43.4173228346457,-1.62850393700787,6.03952755905512,0.899003695966577,0.146683605335806,3.3344873684,20
680739,SL,2023,"Winder, Josh",breaking,73,1.36034924767123,0.26027397260274,1.66799151070808,0.167758483485109,44.8534246575342,-1.29958904109589,5.87602739726027,45.9732394366197,-1.23788732394366,5.99267605633803,1.11981477908547,0.131962159591951,5.22660500421053,19
669711,ST,2026,"Weissert, Greg",breaking,43,1.36016636316279,0.395348837209302,9.94364375847325,0.918303240195172,5.92093023255814,-3.47674418604651,4.4846511627907,15.8645739910314,-2.84435555555555,4.98435555555556,9.94364375847325,0.805989987606996,3.44042080094118,17
605288,CH,2026,"Houser, Adrian",offspeed,126,1.36007653031746,0.301587301587302,2.47059060510835,0.199416594067138,35.852380952381,-1.51460317460317,5.72992063492063,38.1111675126903,-1.37002538071066,5.80578680203046,2.25878656030938,0.163274045086052,4.50972744263158,38
683627,SL,2025,"Molina, Anthony",breaking,42,1.359790148,0.357142857142857,2.21710398445092,0.174669668858795,51.1,-1.46142857142857,6.17785714285714,49.9734693877551,-1.3978231292517,6.20591836734694,1.12653061224489,0.0695203897743808,3.8074124144,15
681892,ST,2024,"Funderburk, Kody",breaking,87,1.35854060390805,0.28735632183908,5.54762888017069,0.355168796086693,33.9563218390805,2.56344827586207,5.78298850574713,39.4425149700599,2.31461077844311,5.9985628742515,5.48619313097942,0.329230023657907,4.7277213016,25
600986,SL,2024,"Vieira, Thyago",breaking,107,1.35807816403738,0.317757009345794,5.50229018228924,0.286002786381524,50.6177570093458,-2.35728971962617,6.15757009345794,45.2737623762377,-2.35960396039604,6.02504950495049,5.34399463310817,0.132540794054893,4.27395186917647,34
686799,SL,2024,"Kochanowicz, Jack",breaking,63,1.35697936247619,0.26984126984127,5.11730246426378,0.203856477603892,32.1746031746032,-2.06650793650794,5.97571428571429,27.1149171270718,-2.17966850828729,5.90245856353592,5.05968604753135,0.134802506791623,5.02880587270588,17
668873,KC,2026,"Kilian, Caleb",breaking,69,1.35664926075362,0.376811594202899,1.72858293075684,0.246185325211376,46.0898550724638,-2.58405797101449,5.96159420289855,46.4974747474748,-2.38700980392157,5.92127450980392,0.40761967501097,0.201130946912517,3.60033842276923,26
678394,ST,2023,"Bello, Brayan",breaking,65,1.35574203267692,0.369230769230769,5.34153846153848,0.259778239180281,33.8753846153846,-1.70830769230769,5.36661538461539,28.5338461538461,-1.85264204545455,5.18801136363636,5.34153846153846,0.229634060644749,3.6718013385,24
664208,CU,2025,"Maton, Phil",breaking,212,1.35336271703774,0.39622641509434,1.91181727904667,0.159502041079074,26.5575471698114,-1.40811320754717,5.19216981132075,26.9315789473684,-1.34963157894737,5.166,0.37403177755705,0.0640699610445388,3.41562971442857,84
608337,CH,2025,"Giolito, Lucas",offspeed,291,1.35260349419931,0.254295532646048,2.7023397520622,0.261161231261534,51.3432989690722,-1.45398625429553,6.23539518900344,53.1755424063117,-1.33074803149606,6.31647637795276,1.8322434372395,0.147518875945443,5.31902184881081,74
681035,ST,2026,"Scott, Christian",breaking,130,1.35245651446154,0.307692307692308,1.95417797888387,0.187401605678127,27.9907692307692,-3.23292307692307,5.19176923076923,29.5637254901961,-3.08803921568628,5.26637254901961,1.57295625942687,0.162963150254441,4.395483672,40
691725,FS,2026,"Painter, Andrew",offspeed,84,1.351987025,0.369047619047619,2.88577903964931,0.253033891762849,46.2916666666667,-2.21821428571429,6.47666666666667,48.8953974895397,-2.08794979079498,6.5418410041841,2.60373082287306,0.145658960958185,3.66344871290322,31
686826,SL,2023,"Jarvis, Bryce",breaking,45,1.35110813813333,0.288888888888889,8.32956228956229,0.487106142736922,33.6777777777778,-2.47088888888889,5.53333333333333,41.2494949494949,-2.08777777777778,5.79929292929293,7.57171717171717,0.466378205043698,4.67691278584615,13
681006,CU,2025,"Simpson, Josh",breaking,57,1.35051921768421,0.280701754385965,4.3058222479275,0.170814904330939,30.4859649122807,1.25473684210526,5.32368421052632,26.5120879120879,1.32637362637363,5.25868131868132,3.97387700019278,0.0967326460328889,4.811224713,16
664208,CU,2026,"Maton, Phil",breaking,79,1.34956463286076,0.30379746835443,1.82143583110043,0.138868650044801,25.0341772151899,-1.42708860759494,5.12582278481013,25.1934306569343,-1.36226277372263,5.09474452554745,0.159253441744436,0.0718905204880203,4.4423169165,24
656302,ST,2025,"Cease, Dylan",breaking,45,1.3492058256,0.266666666666667,6.97416666666666,0.435277818722956,46.4133333333333,-1.64111111111111,5.96533333333333,53.3875,-1.31299418604651,6.22870639534884,6.97416666666666,0.420744680666637,5.059521846,12
676477,CH,2026,"Whitlock, Garrett",offspeed,58,1.34879425558621,0.344827586206897,5.44835652349262,0.245914515274618,37.4103448275862,-1.06034482758621,5.83241379310345,42.6040935672514,-0.889883040935672,5.93771929824561,5.19374873966523,0.200365840704794,3.9115033412,20
607625,SL,2025,"Lugo, Seth",breaking,55,1.34870032298182,0.254545454545455,6.09281687511665,0.287001516130388,29.5218181818182,-1.47127272727273,5.58345454545454,32.3716632443531,-1.36205338809035,5.59324435318275,2.84984506253496,0.109657213108807,5.29846555457143,14
808963,FS,2026,"Sasaki, Roki",offspeed,227,1.34715311880176,0.348017621145374,2.78973121368833,0.138199000318978,50.5405286343612,-1.65726872246696,6.2579295154185,47.8368115942029,-1.74577903682719,6.23495750708215,2.70371704015835,0.0914428177341024,3.87093364516456,79
676106,SL,2024,"Hancock, Emerson",breaking,45,1.34687819706667,0.311111111111111,2.97356581196581,0.199472621920693,30.1333333333333,-1.79733333333333,5.69688888888889,27.5390769230769,-1.73855828220859,5.58564417177915,2.5942564102564,0.12581690553953,4.32925134771429,14
608638,SL,2024,"Chargois, JT",breaking,115,1.34666083057391,0.321739130434783,3.05413549039433,0.162800388915733,28.8182608695652,-1.68017391304348,5.37947826086956,26.4387596899225,-1.66720930232558,5.3777519379845,2.37950117964274,0.0130790413169349,4.18556744637838,37
594798,SL,2026,"deGrom, Jacob",breaking,339,1.34658011250737,0.368731563421829,3.56262417189404,0.13627862543902,35.8247787610619,-1.5446017699115,5.70389380530973,32.3248210023866,-1.50954653937947,5.62649164677804,3.49995775867528,0.0849703673819237,3.65192526512,125
676272,CU,2024,"Miller, Bobby",breaking,75,1.34368454784,0.266666666666667,5.44908029197083,0.422819105854543,51.5813333333333,-1.28626666666667,6.17933333333333,46.1875912408759,-1.24894160583942,6.00970802919708,5.39374209245744,0.173683343959846,5.0388170544,20
671096,CH,2023,"Abbott, Andrew",offspeed,89,1.3434958578427,0.370786516853933,2.42278882166522,0.15681945484204,44.2573033707865,1.72584269662921,5.74191011235955,45.203663003663,1.64084249084249,5.73673992673993,0.946359632876479,0.0851573003513301,3.62336761660606,33
676879,CH,2024,"Ashby, Aaron",offspeed,55,1.34335032174545,0.363636363636364,5.00953168044077,0.268222959301638,44.9945454545455,1.03163636363636,6.44145454545455,49.159595959596,0.828484848484849,6.55656565656566,4.1650505050505,0.233497550328888,3.6942133848,20
669461,SL,2026,"Liberatore, Matthew",breaking,212,1.34322109824528,0.363207547169811,2.17943750316153,0.197926418729011,45.6292452830189,0.655094339622642,6.52018867924528,47.4249329758713,0.525079787234043,6.59390957446808,1.79568769285246,0.149460878577836,3.69821912763636,77
680885,CU,2025,"Schwellenbach, Spencer",breaking,72,1.3428834,0.291666666666667,2.07636414253897,0.219111630349011,35.8569444444444,-2.14013888888889,5.25847222222222,34.9445434298441,-2.13296213808463,5.44991091314031,0.912401014600334,0.19157316652532,4.60417165714286,21
681911,SL,2025,"Vesia, Alex",breaking,177,1.34208102567232,0.355932203389831,3.70432488828523,0.234559404110988,67.3847457627119,0.205310734463277,6.12802259887006,63.7473867595819,0.253101045296167,5.94794425087109,3.63735900313004,0.186311903075303,3.77060859593651,63
663460,CH,2024,"Bubic, Kris",offspeed,43,1.34103343367442,0.325581395348837,5.18132694938439,0.288258743163385,38.7,2.25069767441861,5.58023255813954,43.7460784313725,2.03450980392157,5.74313725490196,5.04607843137254,0.27069380409847,4.11888840342857,14
676534,CU,2026,"Faucher, Calvin",breaking,48,1.34025206,0.229166666666667,4.17089982269504,0.211441596818077,48.6645833333333,-1.116875,5.80958333333334,44.8675531914894,-1.25260638297872,5.7618085106383,3.79703014184398,0.143893856744684,5.84837262545455,11
694363,CH,2024,"Shuster, Jared",offspeed,167,1.34017886189222,0.305389221556886,4.33103982149769,0.162778448791329,42.2347305389222,1.38341317365269,5.59964071856287,38.0752851711027,1.41889733840304,5.52939163498099,4.1594453678195,0.0787023487078001,4.38842882227451,51
593974,SL,2026,"Peralta, Wandy",breaking,60,1.339585653,0.266666666666667,3.59565656565656,0.499507195739745,41.6883333333333,0.6745,5.86166666666667,45.1530303030303,0.309660194174757,6.1821359223301,3.46469696969695,0.48560130533193,5.02344619875,16
669461,SL,2025,"Liberatore, Matthew",breaking,291,1.33922814155327,0.309278350515464,2.10713300421086,0.23840741466618,45.8233676975945,0.644742268041237,6.4831615120275,47.6207746478874,0.505922671353251,6.55253075571177,1.79740695029285,0.155186895045755,4.33017099102222,90
702070,CU,2026,"Cameron, Noah",breaking,121,1.33870705401653,0.297520661157025,5.45189821465216,0.245959210575087,57.0198347107438,1.07396694214876,6.31256198347107,52.0507900677201,1.16636165577342,6.2214596949891,4.96904464302371,0.129755192853447,4.49954315377778,36
642207,CH,2023,"Williams, Devin",offspeed,131,1.3382891941374,0.404580152671756,12.5354627025579,0.375422145988463,15.4083969465649,-2.34679389312977,5.12389312977099,27.9438596491228,-2.11017543859649,5.40175438596491,12.5354627025579,0.36495913568423,3.30784687607547,53
657649,CU,2025,"Koenig, Jared",breaking,68,1.33814537705882,0.367647058823529,5.64234765762593,0.459502836184422,26.975,2.77794117647059,5.77058823529412,32.4529940119761,2.44526946107784,5.98949101796407,5.47799401197607,0.398232216781868,3.6397554256,25
669302,SL,2024,"Gilbert, Logan",breaking,529,1.33812402118715,0.340264650283554,4.3114409973189,0.252586533624529,43.6822306238186,-1.15822306238185,5.82270321361058,45.6653594771242,-1.02241435562806,5.86122349102773,1.9831288533056,0.141165918700062,3.93259781782222,180
686613,KC,2024,"Brown, Hunter",breaking,138,1.33760001855072,0.289855072463768,4.32622031556284,0.356183785921107,59.0340579710146,-1.64826086956522,6.30768115942029,58.3050997782705,-1.57266888150609,6.27850498338871,0.728958192744024,0.0810271430235428,4.614720064,40
453286,CH,2024,"Scherzer, Max",offspeed,45,1.33652649493333,0.222222222222222,2.61422718808193,0.195856379323511,26.6733333333333,-3.17022222222222,5.4,29.1335195530726,-3.10361111111111,5.55544444444445,2.46018621973929,0.169115390878833,6.0143692272,10
641771,SL,2024,"Kuhl, Chad",breaking,168,1.33631491995238,0.339285714285714,7.27838164251209,0.240344562374629,30.3261904761905,-2.59583333333334,5.41214285714286,23.4340579710145,-2.60898550724638,5.30485507246377,6.89213250517597,0.10809092663117,3.93861239564912,57
689672,SL,2024,"Thorpe, Drew",breaking,48,1.3358803095,0.270833333333333,3.00285256410258,0.144141983933617,54.60625,-0.965833333333333,6.1525,51.8276923076923,-1.03969230769231,6.192,2.77855769230769,0.0837579733121549,4.93248114276923,13
571760,CU,2025,"Heaney, Andrew",breaking,57,1.33519121621053,0.175438596491228,12.1342466653525,0.611823416529046,22.2210526315789,3.08912280701754,4.70771929824561,22.8295880149813,3.01842990654206,4.71960747663552,0.608535383402344,0.0716855282680332,7.6105899324,10
547973,FS,2024,"Chapman, Aroldis",offspeed,65,1.33412219501538,0.415384615384615,1.83603608118268,0.19898469987513,51.1553846153846,0.388923076923077,5.99661538461538,52.0221498371336,0.386091205211726,6.12765472312703,0.866765221748963,0.131069934519556,3.21177565466667,27
687075,CU,2026,"Sproat, Brandon",breaking,72,1.33410017,0.319444444444444,6.1303121693122,0.262515633466444,39.0305555555556,-2.41319444444444,5.78263888888889,32.9179047619047,-2.49285714285715,5.56857142857143,6.11265079365082,0.228409770117569,4.17631357565217,23
547179,CH,2026,"Lorenzen, Michael",offspeed,170,1.33360718068235,0.3,3.10378371435911,0.349286720896605,39.4952941176471,-1.73688235294118,5.73188235294118,38.4975982532751,-1.91602620087336,5.64596069868995,0.997695864371941,0.198683287976661,4.44535726894118,51
686613,KC,2023,"Brown, Hunter",breaking,105,1.33356377862857,0.266666666666667,3.04655985758789,0.271834944644664,57.6447619047619,-1.41742857142857,6.16209523809524,57.4112149532711,-1.29971962616823,6.14109034267914,0.23354695149083,0.119568396433776,5.00086416985714,28
666200,CH,2023,"Luzardo, Jesús",offspeed,126,1.33299304695238,0.333333333333333,2.59123570575184,0.165803641042511,34.7547619047619,2.30373015873016,5.78095238095238,35.8817204301075,2.23878136200717,5.85129032258064,1.12695852534564,0.09573803960947,3.99897914085714,42
605400,KC,2025,"Nola, Aaron",breaking,227,1.33168717328634,0.383259911894273,1.95022144853394,0.237601788979103,21.4330396475771,-1.94185022026432,5.12308370044053,19.8809139784946,-1.93212365591398,5.06091397849462,1.55212566908248,0.0629259912984503,3.47463204983908,87
669302,SL,2025,"Gilbert, Logan",breaking,357,1.33159150420168,0.330532212885154,4.54717717086834,0.275588280538701,40.8672268907563,-0.967114845938376,5.75750700280112,41.97175,-0.889024999999999,5.78985,1.10452310924367,0.0845227395822344,4.02862853389831,118
594580,ST,2023,"Moll, Sam",breaking,54,1.33113451755556,0.277777777777778,6.18720538720539,0.356886195899312,12.6222222222222,2.37296296296296,4.87203703703704,18.7181818181818,2.13986013986014,5.1086013986014,6.0959595959596,0.332113870985328,4.7920842632,15
664285,SL,2024,"Valdez, Framber",breaking,52,1.33109097161539,0.346153846153846,2.6031614539307,0.264318452890698,40.3076923076923,0.815961538461538,5.92884615384615,42.3426373626374,0.647685774946922,6.02571125265393,2.03494505494508,0.194163796711609,3.845373918,18
701581,SL,2024,"Festa, David",breaking,176,1.33025595647727,0.278409090909091,5.74389204545455,0.403276169010055,54.6835227272727,-2.22443181818182,6.10409090909091,60.24375,-1.88895833333333,6.25020833333333,5.56022727272729,0.36591359731995,4.77806221102041,49
680730,SL,2025,"Parker, Mitchell",breaking,182,1.33000558604396,0.346153846153846,14.0571077858312,0.855544932322084,50.243956043956,2.00137362637363,5.95576923076923,64.3010638297873,1.24175531914894,6.33,14.0571077858312,0.846799056039838,3.84223835968254,63
678606,CH,2024,"Ferrer, José A.",offspeed,46,1.32994563156522,0.369565217391304,4.07486805730082,0.268206041399726,32.3913043478261,2.98695652173913,5.8004347826087,36.4248554913295,2.80254335260116,5.94895953757226,4.03355114350337,0.236786443422116,3.59867641482353,17
690990,CU,2025,"Horton, Cade",breaking,80,1.3296836685,0.2375,7.6150788288288,0.178532264367028,54.93625,-2.289,6.10675,47.3211711711712,-2.39630630630631,6.04056306306306,7.61507882882881,0.126076778171866,5.59866807789474,19
664199,SL,2026,"Clarke, Taylor",breaking,94,1.32941934170213,0.340425531914894,2.61614207842447,0.155682249806532,46.4914893617021,-0.772127659574468,6.13787234042553,45.3487603305786,-0.82696,6.12976,1.14272903112359,0.0554291946876476,3.90516931625,32
612434,CH,2023,"Castro, Miguel",offspeed,41,1.32887696692683,0.390243902439024,8.54881136153133,0.226810565899267,23.1146341463415,-2.32390243902439,5.16365853658537,14.5658227848101,-2.39641975308642,5.02925925925926,8.54881136153134,0.152715181251082,3.40524722775,16
623465,ST,2024,"Phillips, Evan",breaking,151,1.32831549952318,0.28476821192053,2.53371556677921,0.353118293225106,24.264238410596,-2.59907284768212,5.21039735099338,26.6007782101168,-2.42653846153846,5.29161538461538,2.33653979952073,0.190694738751216,4.66454977739535,43
687765,CU,2024,"Spence, Mitch",breaking,155,1.32816389607742,0.296774193548387,6.7678156080619,0.329033244634027,55.1612903225807,-2.32541935483871,6.39329032258065,48.3934747145188,-2.60176182707994,6.24130505709625,6.76781560806192,0.315380219558481,4.47533486721739,46
608331,CH,2023,"Fried, Max",offspeed,63,1.32650574298413,0.285714285714286,7.88877192982458,0.485621576346408,43.4333333333333,1.57301587301587,5.75492063492064,51.3221052631579,1.16778947368421,5.99321052631579,7.88877192982459,0.470096274242225,4.64277010044444,18
702474,ST,2026,"Paredes, Mike",breaking,59,1.32629762644068,0.271186440677966,8.20988099531196,0.503121219441585,31.7220338983051,-1.65338983050847,4.93084745762712,39.931914893617,-1.37205673758865,5.33042553191489,8.20988099531195,0.488682869173208,4.8907224975,16
663903,SL,2023,"Singer, Brady",breaking,231,1.32614466962771,0.372294372294372,3.17427761073081,0.159469668423911,32.7242424242424,-1.51329004329004,5.35632034632035,29.9364532019705,-1.44049261083744,5.25532019704434,2.78778922227198,0.124500989254978,3.56208626376744,86
686752,CH,2024,"Pepiot, Ryan",offspeed,245,1.32603785740408,0.26530612244898,3.49780343716438,0.204664050601181,39.8595918367347,-1.11191836734694,6.06816326530612,43.2385338345865,-1.0165037593985,5.95691729323309,3.37894199785182,0.146559249835784,4.99814269329231,65
694973,CH,2026,"Skenes, Paul",offspeed,148,1.32602203891892,0.351351351351351,2.86431477946346,0.283309896491496,23.5466216216216,-2.49371621621622,5.55817567567568,26.1769516728624,-2.33531598513011,5.61873605947956,2.6303300512408,0.1695824085647,3.77406272615385,52
669194,CU,2025,"Nelson, Ryne",breaking,120,1.32514757316667,0.258333333333333,2.98932098765433,0.256421279717685,52.675,-1.36625,6.20333333333334,54.0917211328976,-1.17489106753813,6.19412854030501,1.41672113289764,0.191580190123203,5.12960350903226,31
622251,SL,2024,"Staumont, Josh",breaking,118,1.32483980074576,0.23728813559322,6.78571428571427,0.338343924797309,45.4152542372882,-1.495,6.00228813559322,52.1785714285714,-1.19232142857143,6.10892857142857,6.76331719128326,0.320915098051175,5.583253446,28
614179,CU,2024,"Ruiz, José",breaking,169,1.32472498594083,0.319526627218935,1.39708143955636,0.211220448679175,45.0668639053255,-1.28248520710059,6.28100591715976,45.1082125603865,-1.12476635514019,6.29831775700934,0.0413486550610429,0.158666115042519,4.14589856711111,54
682227,CH,2023,"Williamson, Brandon",offspeed,93,1.32372064378495,0.333333333333333,5.40367289190721,0.274260165447201,40.3806451612903,1.22860215053763,6.3810752688172,45.751052631579,1.05357894736842,6.52571052631579,5.37040747028865,0.227051710760554,3.97116193135484,31
678606,CH,2023,"Ferrer, José A.",offspeed,54,1.3231146602963,0.333333333333333,2.32751322751321,0.203656199864869,33.3481481481482,3.08962962962963,5.88722222222222,35.3821428571428,2.99446428571429,5.96892857142857,2.03399470899468,0.125428745442004,3.96934398088889,18
689225,SL,2024,"Brieske, Beau",breaking,69,1.32303156162319,0.260869565217391,4.9403162055336,0.36483854568861,46.6130434782609,-1.6704347826087,5.92376811594203,51.4505050505051,-1.36739130434783,6.02591973244148,4.83746157224419,0.319797283399806,5.07162098622222,18
643377,CH,2026,"Jax, Griffin",offspeed,175,1.32226432608,0.411428571428571,3.009170995671,0.123001301997853,44.8702857142857,-0.973428571428571,5.5296,42.0935606060606,-1.01689393939394,5.49454545454546,2.7767251082251,0.0558395860424243,3.21383690366667,72
687863,ST,2025,"Hodge, Porter",breaking,103,1.32168583584466,0.262135922330097,7.62091791703444,0.405108338010146,35.742718446602,-3.00339805825243,5.48650485436893,43.3636363636364,-2.67754545454546,5.70709090909091,7.62091791703443,0.393494760931346,5.04198670711111,27
671737,CU,2024,"Bradley, Taj",breaking,51,1.32156377082353,0.333333333333333,6.77826455189407,0.309283797129884,60.521568627451,-1.21980392156863,6.24078431372549,53.7818062827225,-1.47681937172775,6.10424083769634,6.7397623447285,0.291034469550634,3.96469131247059,17
664126,SL,2023,"Fairbanks, Pete",breaking,124,1.32154888316129,0.266129032258065,6.96111111111111,0.315833639859914,63.2,-0.10008064516129,6.94814516129032,56.2388888888889,-0.337263157894737,6.78547368421053,6.96111111111112,0.287606595546545,4.96582004581818,33
592773,ST,2025,"Stanek, Ryne",breaking,46,1.32036602608696,0.173913043478261,4.7493007882024,0.567605653223523,44.5782608695652,-0.933695652173913,6.27673913043478,49.324269005848,-0.451023391812866,6.55169590643274,4.74600813628275,0.555494140013406,7.59210465,8
681517,CU,2026,"Leahy, Kyle",breaking,114,1.31857291042105,0.254385964912281,2.55782726045884,0.152586830002274,46.9850877192983,-1.79587719298246,5.68561403508772,44.6703296703297,-1.81443223443223,5.6310989010989,2.3147580489686,0.0575863646796903,5.18335557889655,29
623454,CU,2026,"Anderson, Drew",breaking,81,1.31847166982716,0.333333333333333,3.65581893004115,0.20450279169215,44.1296296296296,-2.04604938271605,5.74098765432099,40.6257777777778,-2.12208888888889,5.60937777777778,3.50385185185182,0.151997256892114,3.95541500948148,27
663158,CH,2025,"Suarez, Robert",offspeed,118,1.31705693583051,0.305084745762712,3.66033592225578,0.360803545296347,42.0864406779661,-1.33550847457627,6.00008474576271,45.3469525959368,-1.16309255079007,6.21530474040632,3.26051191797066,0.275766018337005,4.31701995633333,36
676571,ST,2026,"Poulin, PJ",breaking,98,1.31703319759184,0.275510204081633,3.462,0.213960932939276,15.2173469387755,2.5030612244898,4.34714285714286,14.504,2.36016,4.35968,0.713346938775521,0.143450130399744,4.78034271718519,27
700669,CU,2025,"Graceffo, Gordon",breaking,77,1.31608571875325,0.285714285714286,3.67281385281384,0.17930667506423,55.2285714285714,-1.53051948051948,6.21727272727273,51.5557575757576,-1.50290909090909,6.13533333333334,3.67281385281385,0.0864661661784104,4.60630001563636,22
642152,ST,2025,"Trivino III, Lou",breaking,58,1.31576719675862,0.293103448275862,2.16944444444445,0.198760845024002,36.45,-1.22034482758621,6.08965517241379,34.6138888888889,-1.27813492063492,6.06392857142857,1.83611111111112,0.0632578283916869,4.48908808305882,17
543475,ST,2023,"Lyles, Jordan",breaking,179,1.31573611675978,0.251396648044693,2.44424834941593,0.361003600980018,42.0016759776536,-1.76201117318436,5.87871508379888,43.9094155844156,-1.66948051948052,5.9375,1.90773960676191,0.109624761106387,5.23370588666667,45
596001,ST,2025,"Junis, Jakob",breaking,187,1.31547804245989,0.304812834224599,2.10389011219461,0.281151785138863,27.4727272727273,-2.20898395721925,5.59850267379679,27.4274509803922,-1.95960784313726,5.53287581699347,0.0452762923351315,0.257866885443867,4.31569112175439,57
660271,ST,2023,"Ohtani, Shohei",breaking,83,1.31509749966265,0.337349397590361,3.13513861270324,0.225075663238135,31.3951807228916,-2.33698795180723,5.50626506024096,34.4339805825243,-2.1795145631068,5.57941747572816,3.03879985963271,0.173635088736143,3.89832473114286,28
663687,CU,2025,"Harris, Hogan",breaking,110,1.3131948216,0.227272727272727,2.53479229379892,0.285599214614787,55.27,2.29118181818182,6.12627272727272,56.4539735099338,2.1485761589404,6.10940397350993,1.18397350993381,0.143599891717195,5.77805721504,25
592662,SL,2026,"Ray, Robbie",breaking,216,1.31319421894444,0.328703703703704,2.71970400033901,0.190493183319953,43.2893518518519,2.74060185185185,6.06189814814815,45.2512585812357,2.62443708609272,6.13328918322297,1.96190672938385,0.13634857055697,3.99506973650704,71
554430,ST,2024,"Wheeler, Zack",breaking,184,1.31291425286957,0.309782608695652,2.16257153644384,0.189597855974306,22.8114130434783,-2.23369565217391,5.15597826086957,24.5219378427788,-2.10307129798903,5.21704753199269,1.71052479930052,0.144194929805897,4.23817934259649,57
694819,CU,2025,"Misiorowski, Jacob",breaking,86,1.31244978883721,0.290697674418605,6.07290158632372,0.211389103948005,35.3162790697675,-1.53174418604651,5.39837209302326,29.2433774834437,-1.60264900662252,5.25665562913907,6.07290158632373,0.158464663937276,4.5148272736,25
664299,CH,2024,"Javier, Cristian",offspeed,70,1.31187999994286,0.214285714285714,1.86615384615385,0.144485293119142,39.58,-1.45314285714286,5.85285714285714,37.8637362637363,-1.41120879120879,5.77725274725275,1.71626373626375,0.0864551358825389,6.1221066664,15
676272,CU,2023,"Miller, Bobby",breaking,103,1.3100330791068,0.359223300970874,5.08497045917838,0.309661373295147,51.0019417475728,-1.52126213592233,6.10514563106796,45.9277580071175,-1.42555160142349,5.9935231316726,5.07418374045539,0.147037712119452,3.64684884183784,37
676684,SL,2026,"Vest, Will",breaking,65,1.30978046861538,0.369230769230769,3.75958974358975,0.260429182673175,48.7292307692308,-2.07015384615385,5.57969230769231,52.0622222222222,-1.87088888888889,5.69881481481482,3.33299145299146,0.232156617172454,3.5473221025,24
695076,SL,2026,"Lowder, Rhett",breaking,166,1.30970271383133,0.343373493975904,1.95928783627661,0.212809459447559,29.8156626506024,-2.45795180722892,5.65066265060241,28.6311643835616,-2.41974110032362,5.5773786407767,1.18449826704076,0.0826474695216752,3.81422193852632,57
666142,SL,2024,"Ragans, Cole",breaking,179,1.30926889249162,0.29608938547486,2.7819232294107,0.348476611849138,43.1798882681564,1.28988826815642,6.23463687150838,45.7234838709677,1.07317419354839,6.3892,2.54359560281132,0.266185557125728,4.42187041049057,53
693312,SL,2024,"Nicolas, Kyle",breaking,98,1.30825662514286,0.336734693877551,2.23251333728512,0.190384110242705,42.9622448979592,-1.34918367346939,6.05612244897959,44.392531120332,-1.26946058091286,6.1495020746888,1.43028622237279,0.122782433533333,3.88512573527273,33
607536,KC,2023,"Freeland, Kyle",breaking,82,1.30709178585366,0.280487804878049,2.38353451839603,0.225924599061986,22.640243902439,1.4909756097561,5.55841463414634,24.2684745762712,1.40515254237288,5.7266779661017,1.62823067383216,0.188886600307652,4.66006636695652,23
689147,ST,2025,"Kerkering, Orion",breaking,216,1.30645023331481,0.226851851851852,7.04002364066192,0.469343738194739,27.4388888888889,-1.88384259259259,5.60412037037037,34.4740425531915,-1.49629787234043,5.83085106382979,7.03515366430259,0.448996344697726,5.75904592644898,49
669724,SL,2025,"Hanifee, Brenan",breaking,77,1.30514648135065,0.311688311688312,1.56633734363796,0.150055452858955,32.6792207792208,-2.72883116883117,5.47064935064935,32.2306748466258,-2.69895705521472,5.51325153374234,0.448545932595003,0.0520327653373978,4.187344961,24
829272,KC,2025,"Ogasawara, Shinnosuke",breaking,43,1.30441467013953,0.27906976744186,9.83739992375141,0.453913396885776,55.5767441860465,1.26348837209302,5.87348837209302,45.7393442622951,1.63254098360656,5.62483606557377,9.83739992375138,0.445003145609449,4.674152568,12
570632,SL,2023,"Ureña, José",breaking,45,1.30390517342222,0.355555555555556,4.73850241545894,0.185007910537378,37.1066666666667,-2.90644444444444,5.89222222222222,32.5065217391304,-2.865,5.80097826086957,4.60014492753624,0.100215280564562,3.66723330025,16
608337,CH,2026,"Giolito, Lucas",offspeed,85,1.30356680644706,0.247058823529412,1.84620320855613,0.185307144722409,54.5211764705882,-1.41282352941176,6.26164705882353,56.2272727272727,-1.35227272727273,6.32011363636364,1.70609625668449,0.0841708995373953,5.27634183561905,21
543351,SL,2023,"Jackson, Jay",breaking,103,1.30223417126214,0.310679611650485,2.24532447623914,0.180606531419188,31.4563106796117,-2.43854368932039,5.6247572815534,29.8157894736842,-2.29947368421053,5.55754385964912,1.64052120592744,0.154460708289645,4.19156623875,32
694297,ST,2023,"Pfaadt, Brandon",breaking,177,1.30169901774011,0.333333333333333,3.44498379860419,0.294404655151164,27.0689265536723,-1.98870056497175,5.41581920903955,30.3680147058824,-1.76473309608541,5.56644128113878,3.29908815221004,0.269904493706239,3.90509705322034,59
593423,ST,2024,"Montas, Frankie",breaking,45,1.30101626933333,0.266666666666667,2.41129691564474,0.184262832292977,42.5822222222222,-1.08644444444444,5.89822222222223,42.6983277591973,-1.04662207357859,5.94570791527313,0.116105536975098,0.0619734803436316,4.87881101,12
623437,ST,2025,"Topa, Justin",breaking,112,1.30065336389286,0.3125,1.45469820769636,0.189930994830218,10.1446428571429,-2.563125,4.93678571428571,10.609594095941,-2.44073800738007,5.01464944649446,0.464951238798104,0.145056322702686,4.16209076445714,35
672282,CH,2024,"Detmers, Reid",offspeed,115,1.30032430111304,0.31304347826087,3.10188797493144,0.187151516218085,45.915652173913,1.40878260869565,6.12686956521739,43.9342342342343,1.44975975975976,6.10768768768769,1.98141793967879,0.0452445724357647,4.15381373966667,36
696136,CH,2024,"Wicks, Jordan",offspeed,110,1.2978409236,0.381818181818182,2.60515630614445,0.151264928138657,49.9027272727273,2.21909090909091,5.91854545454546,49.4166007905138,2.22806324110672,5.95324110671937,0.48612648221345,0.0358370063143495,3.39910718085714,42
668941,CH,2026,"Romero, JoJo",offspeed,56,1.29730945007143,0.303571428571429,3.38319597069598,0.18982698102171,31.0339285714286,1.99696428571429,5.33892857142857,27.7487179487179,2.08820512820513,5.25247863247863,3.28521062271063,0.125692017578233,4.27348995317647,17
623149,ST,2025,"Sewald, Paul",breaking,53,1.29665418256604,0.245283018867925,6.10244425385935,0.231341456567818,19.4547169811321,-3.75320754716981,4.55981132075472,13.3522727272727,-3.78420454545455,4.34363636363636,6.10244425385935,0.218385956480231,5.28635935969231,13
656945,SL,2023,"Scott, Tanner",breaking,142,1.29591804726761,0.373239436619718,2.7480779413322,0.268377417256531,32.8802816901409,2.59345070422535,5.03077464788733,35.2082706766917,2.43473684210526,5.19947368421053,2.32798898655086,0.23162351971562,3.47208231532075,53
686930,ST,2025,"Barnett, Mason",breaking,42,1.29560436,0.333333333333333,2.34576485461442,0.212892025055097,56.3,-2.29119047619048,6.095,54.8769911504425,-2.18769911504425,6.00469026548673,1.42300884955756,0.137354686777543,3.88681308,14
694297,CU,2024,"Pfaadt, Brandon",breaking,57,1.29531358442105,0.245614035087719,3.7941028433152,0.228284946054343,33.0771929824561,-1.9721052631579,5.69368421052632,29.3742068965517,-1.8907724137931,5.58833103448276,3.70298608590443,0.133095169289722,5.27377673657143,14
680570,SL,2026,"Rodriguez, Grayson",breaking,45,1.295141484,0.355555555555556,2.4296996996997,0.213480525353914,37.0977777777778,-2.64355555555556,5.668,37.5040540540541,-2.47036036036036,5.64072072072072,0.406276276276294,0.175330358799321,3.64258542375,16
683232,SL,2026,"Mears, Nick",breaking,46,1.29315311217391,0.304347826086957,1.89089855072464,0.152040568434621,53.9913043478261,-1.82934782608696,6.14956521739131,54.7986666666667,-1.7908,6.23133333333333,0.807362318840568,0.0903988920326964,4.24893165428571,14
669358,KC,2026,"Baz, Shane",breaking,329,1.29298550855927,0.27355623100304,3.80207379477506,0.182943257127681,39.8981762917933,-1.16261398176292,5.80772036474164,36.1569620253165,-1.29824593128391,5.7362206148282,3.74121426647677,0.153323970626083,4.72658035906667,90
685801,SL,2026,"Bigge, Hunter",breaking,57,1.29250960575439,0.350877192982456,3.57833599149391,0.547482966506196,52.5456140350877,-0.994912280701755,5.59210526315789,55.919696969697,-0.641764705882353,5.75132352941176,3.37408293460928,0.387380518237188,3.6836523764,20
663567,CH,2024,"Lambert, Peter",offspeed,135,1.29167952977778,0.348148148148148,2.84335672514622,0.206735184461513,51.6355555555556,-1.79933333333333,6.02333333333333,53.6373684210527,-1.69078947368421,6.12578947368421,2.00181286549711,0.149261616509831,3.71014333021277,47
518876,SL,2025,"Kelly, Merrill",breaking,103,1.29151440667961,0.300970873786408,3.69135532867834,0.145202948463345,25.921359223301,-1.83776699029126,5.53456310679612,22.2534383954155,-1.87938395415473,5.42292263610316,3.6679208278855,0.119145148360138,4.29116077058064,31
700241,ST,2025,"McGreevy, Michael",breaking,122,1.29107063862295,0.262295081967213,2.72484934046947,0.199013253851107,30.9647540983607,-2.42737704918033,5.68524590163935,33.4933161953728,-2.31403598971722,5.79221079691517,2.52856209701211,0.155845065952011,4.92220680975,32
671922,ST,2024,"Smith, Cade",breaking,46,1.29066200791304,0.260869565217391,2.63057237204183,0.247708204575756,35.7804347826087,-2.70130434782609,5.67173913043478,38.3726582278481,-2.56453164556962,5.79022784810127,2.59222344523942,0.180959521155379,4.947537697,12
608566,SL,2026,"Márquez, Germán",breaking,49,1.29020060277551,0.326530612244898,6.00213799805636,0.462135321462293,33.5163265306123,-1.67816326530612,5.80061224489796,38.5190476190476,-1.3354347826087,6.04233695652174,5.00272108843536,0.419396768062991,3.951239346,16
676282,CU,2026,"Cantillo, Joey",breaking,249,1.28909312073896,0.365461847389558,2.97367218875502,0.315236296089929,52.6618473895582,0.866506024096385,5.99562248995984,50.700625,0.66109375,5.87112500000001,1.96122238955822,0.240195394118512,3.52729875894505,91
669212,SL,2023,"Morgan, Eli",breaking,65,1.28905830233846,0.384615384615385,1.95521367521368,0.18938728495789,49.1815384615385,-0.429846153846154,5.60815384615385,48.8222222222222,-0.313055555555556,5.59351851851852,0.359316239316243,0.117704021443913,3.35155158608,25
669199,ST,2025,"Bachar, Lake",breaking,119,1.28872616403361,0.277310924369748,6.23126557155525,0.607529343102628,32.109243697479,-1.80361344537815,5.48193277310925,38.2653266331658,-1.39256281407035,5.81919597989949,6.15608293568683,0.531703951605574,4.64722465212121,33
681911,SL,2023,"Vesia, Alex",breaking,48,1.2882406825,0.291666666666667,3.18619281045752,0.167479082874817,56.3541666666667,0.994583333333333,5.78291666666667,53.1679738562092,0.96202614379085,5.66111111111111,3.18619281045751,0.126081576588742,4.41682519714286,14
670912,SL,2023,"Oviedo, Johan",breaking,201,1.28792814378109,0.313432835820896,3.33302326396189,0.172665484834023,31.3019900497512,-2.29746268656716,5.63044776119403,28.2404929577465,-2.34688811188811,5.56129370629371,3.06149709200477,0.0850009175086554,4.10910407777778,63
656731,CU,2024,"Megill, Tylor",breaking,41,1.28766834243902,0.341463414634146,3.40121951219512,0.482889295439145,39.0731707317073,-1.72390243902439,5.83829268292683,36.45,-1.9211038961039,5.79287878787878,2.62317073170732,0.202363130381291,3.77102871714286,14
657006,SL,2023,"Steele, Justin",breaking,239,1.28763466083682,0.309623430962343,3.09685661000897,0.192068495396684,48.9401673640167,1.95297071129707,6.09460251046025,46.3046189376444,2.04875288683603,6.04845265588915,2.63554842637232,0.106320431845953,4.15871194513514,74
686563,ST,2024,"Cannon, Jonathan",breaking,192,1.2873423715,0.270833333333333,3.84407793209876,0.297581106522829,22.7505208333333,-2.44604166666667,5.6725,26.2335185185185,-2.29835185185185,5.87009259259259,3.48299768518519,0.246688293292357,4.75326414092308,52
672282,CU,2023,"Detmers, Reid",breaking,93,1.28668343419355,0.236559139784946,9.48941709111491,0.334630125851778,45.947311827957,1.29043010752688,6.30989247311828,36.4578947368421,1.41640350877193,6.02122807017544,9.48941709111489,0.314954656018281,5.43916179,22
656288,SL,2026,"Canning, Griffin",breaking,119,1.28649794379832,0.378151260504202,2.82871572871573,0.231622978838015,40.527731092437,-1.02126050420168,5.67823529411765,38.9343434343434,-0.950808080808081,5.59045454545455,1.59338765809354,0.112556669273242,3.40207234026667,45
681190,CH,2026,"Vásquez, Randy",offspeed,40,1.2859056885,0.3,2.81325301204819,0.257342344246093,31.775,-2.0145,5.85425,33.3072289156626,-1.84541825095057,5.9691825095057,1.53222891566262,0.20444588428944,4.286352295,12
681982,SL,2024,"Anderson, Grant",breaking,66,1.28585219436364,0.303030303030303,5.42764256740635,0.418732838011809,-6.16515151515152,-2.61439393939394,3.99363636363636,-0.749606299212598,-2.62629921259843,4.29622047244095,5.41554521593892,0.302818226715529,4.2433122414,20
694819,SL,2026,"Misiorowski, Jacob",breaking,105,1.2851060216,0.295238095238095,2.18987613542527,0.206571852526482,28.3361904761905,-1.96952380952381,5.104,28.9294797687861,-1.88667630057804,5.21365606936417,0.593289292595642,0.137434214396996,4.35277846025807,31
607259,SL,2024,"Martinez, Nick",breaking,52,1.28495832046154,0.326923076923077,2.26057984568623,0.142552215760328,56.3192307692308,-1.71538461538462,6.16173076923077,57.279179331307,-1.67177272727273,6.2175303030303,0.959948562076235,0.0708207932526073,3.93046074494118,17
669211,SL,2024,"Akin, Keegan",breaking,163,1.28457370895706,0.349693251533742,4.66918080115482,0.299071100871,39.6662576687117,2.22730061349693,5.83466257668712,43.8882352941177,2.08495468277946,5.9829003021148,4.22197762540598,0.205515905057975,3.67343008,57
670174,SL,2024,"Winckowski, Josh",breaking,74,1.28431255221622,0.297297297297297,5.3278899381309,0.263099930539563,55.3121621621622,-1.72418918918919,6.03594594594595,51.5412048192771,-1.69785542168675,6.04443373493976,3.77095734288506,0.0276678490829375,4.31996040290909,22
676684,SL,2024,"Vest, Will",breaking,134,1.2842294441194,0.283582089552239,5.30355912743974,0.361995057480142,42.3261194029851,-2.595,5.41985074626866,47.4653846153846,-2.32986449864499,5.59943089430894,5.13926521239956,0.320227830846953,4.52859856610526,38
592454,CH,2023,"Kahnle, Tommy",offspeed,158,1.28407072987342,0.367088607594937,7.95320675105484,0.42977975824679,32.6101265822785,-2.25917721518987,5.63424050632912,40.5633333333333,-1.953,5.80733333333333,7.95320675105484,0.351718088618908,3.49798578137931,58
805673,SL,2026,"Matthews, Zebby",breaking,142,1.28315905625352,0.323943661971831,2.1213258863526,0.193039420901519,36.6683098591549,-2.31147887323944,5.85401408450704,37.2331034482759,-2.14996551724138,5.88134482758621,0.564793589120917,0.163809443204642,3.96105621713044,46
656546,FS,2025,"Hoffman, Jeff",offspeed,150,1.28314826536,0.313333333333333,3.14018604651163,0.199278576103337,35.2786666666667,-2.62906666666667,5.67126666666667,37.7546511627907,-2.52387596899225,5.78600775193799,2.47598449612405,0.155661811394031,4.09515403838298,47
676254,SL,2025,"Walker, Ryan",breaking,180,1.28203061986667,0.272222222222222,2.75186631944444,0.239447824257569,19.5444444444444,-3.32222222222222,5.04183333333333,16.868359375,-3.212578125,5.0248828125,2.67608506944443,0.11094660072394,4.7095002362449,49
806185,SL,2025,"Birdsong, Hayden",breaking,142,1.28183667315493,0.274647887323944,3.82101046646854,0.242740009192539,45.9859154929577,-2.01985915492958,6.43161971830986,49.7288990825688,-1.8845871559633,6.52715596330275,3.74298358961111,0.165607028267745,4.6672001945641,39
605288,CH,2025,"Houser, Adrian",offspeed,145,1.28116226874483,0.337931034482759,1.88179616291669,0.157710601860765,34.7855172413793,-1.41165517241379,5.67455172413793,35.9290203327172,-1.32825771324864,5.71696914700545,1.14350309133787,0.0935648115368426,3.79119446873469,49
673929,SL,2026,"Leasure, Jordan",breaking,56,1.28111016214286,0.339285714285714,2.20021121351767,0.116098631166858,53.8803571428572,-1.03178571428571,5.92892857142857,54.4139784946237,-0.984948453608248,5.91226804123711,0.533621351766485,0.0497121942186157,3.77590363578947,19
687792,CH,2024,"Herz, DJ",offspeed,193,1.27927256860104,0.253886010362694,1.85817765720824,0.147049806382323,36.9953367875648,2.08834196891192,5.8140414507772,37.3272952853598,2.01359801488834,5.79846153846153,0.331958497795036,0.0763504573060506,5.03876746408163,49
800049,SL,2024,"Mazur, Adam",breaking,88,1.27797367036364,0.25,1.64938366718028,0.15025281682773,49.1931818181818,-0.686931818181818,6.04147727272727,49.2745762711864,-0.615677966101695,6.07923728813559,0.0813944530046129,0.0806407477637231,5.11189468145455,22
622608,CU,2025,"Senzatela, Antonio",breaking,143,1.27750160030769,0.272727272727273,6.68649735844092,0.408520654554243,48.6006993006993,-1.86314685314685,6.29188811188811,42.0208463949843,-2.10384976525822,6.04697965571205,6.57985290571497,0.343391968172574,4.68417253446154,39
668941,CH,2023,"Romero, JoJo",offspeed,55,1.27637687687273,0.454545454545455,1.75627840909091,0.149498116393215,37.3345454545455,1.61363636363636,5.51872727272727,35.9921875,1.54522388059701,5.5179104477612,1.34235795454544,0.0684173591907374,2.80802912912,25
656412,SL,2023,"Faedo, Alex",breaking,98,1.27600297755102,0.357142857142857,3.55213274498989,0.170628264423898,33.7683673469388,-2.8680612244898,6.11581632653061,30.3603603603604,-2.93792792792793,6.0263963963964,3.40800698657841,0.113478104295588,3.57280833714286,35
668674,CH,2024,"Erceg, Lucas",offspeed,93,1.27442592283871,0.354838709677419,3.07473118279569,0.276229384602431,40.4139784946237,-2.2547311827957,5.92096774193549,43.1928571428571,-2.06705357142857,6.04915178571429,2.77887864823349,0.227275240375975,3.59156396436364,33
607074,CH,2025,"Rodón, Carlos",offspeed,265,1.27435826973585,0.328301886792453,3.01576280323443,0.253043278154172,43.4762264150943,2.37433962264151,6.27249056603773,46.2685714285714,2.20037089871612,6.429029957204,2.79234501347704,0.234029267167451,3.88166599402299,87
690916,ST,2025,"Fitts, Richard",breaking,45,1.274128008,0.377777777777778,2.92681647940075,0.314033561065128,51.16,-2.25111111111111,5.97755555555556,52.7674157303371,-1.97005617977528,6.02646067415731,1.6074157303371,0.285278083724703,3.37269178588235,17
700712,CH,2026,"Ureña, Walbert",offspeed,249,1.27388539685141,0.36144578313253,2.49714365483324,0.188258247048835,44.0618473895582,-1.00979919678715,6.37518072289156,43.6005347593583,-1.01954545454545,6.40045454545454,0.461312630199913,0.0270879243803626,3.52441626462222,90
621112,ST,2025,"Blackburn, Paul",breaking,50,1.2735936384,0.26,5.54213559322034,0.390264198963904,37.554,-2.4392,5.6538,42.8525423728814,-2.18463276836158,5.89723163841808,5.29854237288136,0.352226401632468,4.89843707076923,13
543859,SL,2023,"Tonkin, Michael",breaking,105,1.27298521108571,0.238095238095238,1.78859057190716,0.151201875655247,15.4866666666667,-3.69485714285714,5.33352380952381,14.7120603015075,-3.67834170854271,5.3305527638191,0.774606365159146,0.0167805447817913,5.34653788656,25
656492,CU,2026,"Griffin, Foster",breaking,96,1.27109215275,0.25,4.53819444444441,0.228505615845499,50.0895833333333,2.54166666666667,5.96166666666667,45.595035460993,2.67682624113475,5.81737588652483,4.49454787234036,0.197706701465415,5.084368611,24
690928,ST,2026,"Dobbins, Hunter",breaking,51,1.27047608870588,0.235294117647059,12.1206599713056,0.835251347594944,36.0980392156863,-2.07941176470588,5.69686274509804,48.2186991869919,-1.58569105691057,6.09845528455285,12.1206599713056,0.636424940626676,5.399523377,12
605347,CH,2024,"López, Jorge",offspeed,51,1.27038147647059,0.313725490196078,2.2243489988588,0.167096104715449,35.8392156862745,-1.70980392156863,5.76843137254902,35.4417989417989,-1.72148148148148,5.73666666666667,0.397416744475585,0.0338431964405071,4.04934095625,16
543243,CU,2025,"Gray, Sonny",breaking,197,1.26927953878173,0.309644670050761,3.90735883453034,0.240224017021886,50.8568527918782,-0.721522842639594,5.62477157360406,46.9791021671827,-0.817291021671826,5.55577399380805,3.87775062469551,0.118034783571861,4.09914867442623,61
681293,ST,2026,"Arrighetti, Spencer",breaking,84,1.2692051062381,0.25,2.78166666666667,0.242345010126738,16.5869047619048,-2.60178571428572,4.73833333333333,18.7066666666667,-2.42760797342193,4.82033222591362,2.11976190476192,0.192514165184813,5.07682042495238,21
676508,CU,2025,"Casparius, Ben",breaking,71,1.26918673521127,0.352112676056338,4.66204053589831,0.209632848968519,50.9521126760564,-0.603943661971831,6.22971830985916,46.2926829268293,-0.776371951219512,6.2175,4.65942974922707,0.172860643376959,3.604490328,25
606996,ST,2026,"Hart, Kyle",breaking,83,1.26833195604819,0.228915662650602,2.67475483328662,0.513716449026836,35.0180722891566,2.60746987951807,5.55409638554217,37.5232558139535,2.18186046511628,5.57127906976744,2.50518352479686,0.425956122464066,5.54060801852632,19
680885,SL,2025,"Schwellenbach, Spencer",breaking,152,1.26723302073684,0.322368421052632,2.56425975852771,0.156686173287452,37.1842105263158,-2.09532894736842,5.39598684210526,34.9445434298441,-2.13296213808463,5.44991091314031,2.23966709647171,0.0657576039745626,3.93100855412245,49
670955,CH,2024,"Uceta, Edwin",offspeed,120,1.266927962,0.358333333333333,2.17083333333333,0.198750543023327,15.985,-1.91916666666667,4.66041666666667,17.05,-1.78441747572816,4.69140776699029,1.06499999999999,0.138267106564983,3.5356129172093,43
663372,CH,2024,"Feltner, Ryan",offspeed,208,1.26601738011538,0.370192307692308,2.57439307146755,0.139283693830917,42.9663461538462,-1.32533653846154,5.53115384615384,40.6645390070922,-1.31154255319149,5.52817375886525,2.30180714675397,0.0141122269638048,3.41989110472727,77
628452,CH,2025,"Iglesias, Raisel",offspeed,165,1.26543892305455,0.393939393939394,2.26100022784233,0.354650790924601,30.1418181818182,-1.96278787878788,5.4330303030303,29.734962406015,-1.93835205992509,5.4285393258427,0.406855775803162,0.0248450824026512,3.21226803544615,65
701542,ST,2026,"Warren, Will",breaking,126,1.26539117574603,0.206349206349206,1.99971198156681,0.178847762867761,29.4428571428571,-3.48730158730159,5.52603174603175,28.277620967742,-3.36889320388349,5.46634951456311,1.16523617511517,0.132599072458152,6.13228031323077,26
687849,SL,2026,"Kent, Zak",breaking,45,1.26486140933333,0.311111111111111,2.2867043314501,0.21845229442568,50.8844444444445,-1.15022222222222,6.19733333333334,52.6305084745763,-1.05813559322034,6.3228813559322,1.74606403013182,0.155699239623759,4.06562595857143,14
605130,SL,2025,"Barlow, Scott",breaking,98,1.26400347669388,0.357142857142857,3.97755102040817,0.352906882926198,20.9244897959184,-2.47540816326531,5.11918367346939,24.2333333333333,-2.31401041666667,5.26203125,3.30884353741498,0.215533437609545,3.53920973474286,35
472610,FS,2024,"García, Luis",offspeed,92,1.26383606543478,0.293478260869565,4.46439494131263,0.119711497101356,52.2163043478261,-2.22326086956522,6.29717391304348,47.7752851711027,-2.23007604562738,6.30988593155892,4.44101917672341,0.0144236624854899,4.30640437111111,27
669194,CH,2023,"Nelson, Ryne",offspeed,44,1.26345161736364,0.318181818181818,6.41184681460271,0.351577490826869,43.0909090909091,-1.25840909090909,5.8725,49.5027559055118,-1.01613382899628,6.09817843866171,6.41184681460271,0.331101283917334,3.97084794028571,14
608638,SL,2023,"Chargois, JT",breaking,61,1.26341367895082,0.295081967213115,2.29138797814208,0.162799999460989,27.6754098360656,-1.86262295081967,5.27573770491803,26.2653333333333,-1.80013333333333,5.32826666666667,1.41007650273224,0.0816348217121725,4.28156857866667,18
607192,SL,2024,"Glasnow, Tyler",breaking,258,1.26319771300775,0.372093023255814,4.06902609228189,0.284598822536394,55.0108527131783,-1.76174418604651,5.99829457364341,58.4133056133056,-1.52446464646465,6.04749494949495,3.40245290012727,0.242326756442855,3.39484385370833,96
702352,ST,2025,"Bivens, Spencer",breaking,56,1.26317209478571,0.25,4.11789986329461,0.256654126963091,35.5660714285714,-1.79625,6.10482142857143,36.7358851674641,-1.79543062200957,6.21705741626794,1.1698137388927,0.112238978588115,5.05268837914286,14
664285,CU,2024,"Valdez, Framber",breaking,345,1.26307785630145,0.356521739130435,2.19617263895524,0.199444613906616,43.8553623188406,0.740057971014493,5.97965217391305,42.3426373626374,0.647685774946922,6.02571125265393,1.51272495620321,0.103218512587637,3.54277935304065,123
573204,SL,2026,"Thielbar, Caleb",breaking,63,1.26243881295238,0.301587301587302,1.66808755760369,0.169071369441503,54.3238095238095,0.053968253968254,6.12333333333333,54.2443548387097,-0.0444094488188977,6.14968503937008,0.0794546850998614,0.101845887578852,4.1859813271579,19
670990,CU,2026,"Ramírez, Yohan",breaking,49,1.26130343077551,0.285714285714286,14.676849201219,0.857162283239334,36.1673469387755,-2.74775510204082,5.56775510204082,21.4904977375566,-2.78722943722944,5.03290043290043,14.6768492012189,0.536309369897497,4.41456200771429,14
623167,CU,2025,"Flexen, Chris",breaking,56,1.26102328628571,0.25,2.70506465517242,0.168198508282837,66.4178571428572,-0.634821428571429,6.80142857142857,64.6737068965517,-0.700043103448276,6.82543103448276,1.74415024630544,0.0694980942645814,5.04409314514286,14
681517,ST,2026,"Leahy, Kyle",breaking,105,1.25920290377143,0.219047619047619,2.77157509157509,0.253623006751056,42.2533333333333,-2.03704761904762,5.57809523809524,44.6703296703297,-1.81443223443223,5.6310989010989,2.41699633699632,0.228838366012481,5.74853499547826,23
676775,SL,2024,"Winn, Keaton",breaking,52,1.25918866846154,0.288461538461538,3.3,0.164587289331819,42.8192307692308,-1.43288461538462,6.24653846153846,41.0956790123457,-1.39609467455621,6.28461538461539,1.72355175688512,0.0529466884437851,4.365187384,15
642232,CH,2023,"Yarbrough, Ryan",offspeed,80,1.2583431375,0.3,1.43089055793991,0.157151141723328,20.605,3.049,5.25075,20.8261802575107,3.09055793991416,5.28154506437768,0.221180257510724,0.0517242531114264,4.194477125,24
676974,ST,2026,"Meyer, Max",breaking,253,1.25821605864032,0.343873517786561,3.88524938096924,0.260884046007904,40.0573122529644,-1.15166007905138,5.75920948616601,42.6361867704281,-1.02143968871595,5.92762645914397,2.57887451746363,0.212888766369128,3.65895014754023,87
641540,SL,2024,"Dunning, Dane",breaking,179,1.25809589329609,0.262569832402235,2.14605948002698,0.145919608514565,38.4340782122905,-2.33418994413408,5.43262569832402,37.7020501138952,-2.33697038724373,5.38182232346242,0.73202809839529,0.050879404096502,4.79147159361702,47
593974,CH,2025,"Peralta, Wandy",offspeed,211,1.25795556015166,0.336492890995261,5.88780213270141,0.523138396488101,41.7241706161137,0.733838862559242,5.90440758293839,47.48375,0.419004149377593,6.23726141078838,5.75957938388625,0.458162162709403,3.73843131256338,71
621111,ST,2024,"Buehler, Walker",breaking,52,1.25782203923077,0.288461538461538,2.14273823191734,0.198044094382583,43.7211538461539,-1.27557692307692,5.41634615384615,44.0611940298508,-1.21574626865672,5.51509950248756,0.340040183696921,0.115463981726944,4.360449736,15
663767,ST,2025,"Shugart, Chase",breaking,85,1.25770276098824,0.329411764705882,6.42326032540676,0.452213370513013,31.0576470588235,-2.40588235294118,5.20929411764706,37.2558510638298,-2.06212765957447,5.46148936170213,6.19820400500626,0.426344614526368,3.81802623871429,28
690986,SV,2024,"Harrison, Kyle",breaking,152,1.25730147086842,0.263157894736842,4.37671777133776,0.28602790995696,21.8815789473684,1.97960526315789,4.72440789473684,26.0168738898757,1.85442273534636,4.90168738898757,4.13529494250724,0.217022313025826,4.7777455893,40
543859,SL,2024,"Tonkin, Michael",breaking,215,1.25687382853954,0.246511627906977,1.95557324641133,0.161883524207326,14.046511627907,-3.81041860465117,5.22316279069767,13.2746630727763,-3.81114361702128,5.21242021276596,0.771848555130697,0.0107670155361557,5.09863911577359,53
641154,ST,2024,"López, Pablo",breaking,309,1.25684457286731,0.3042071197411,2.67918716727619,0.239372278829539,36.3818770226537,-1.81401294498382,5.49592233009709,37.5897018970189,-1.68363143631437,5.57337398373984,1.20782487436519,0.151651232948895,4.13154226612766,94
621383,ST,2025,"Banks, Tanner",breaking,110,1.25556100738182,0.263636363636364,4.26837837837837,0.396893557098053,45.71,2.84463636363636,6.28218181818182,49.8962162162162,2.53645161290323,6.49096774193548,4.18621621621621,0.372249113554508,4.76247278662069,29
680686,SL,2023,"Gray, Josiah",breaking,97,1.25489022882474,0.350515463917526,1.90747619422366,0.181942247284598,31.319587628866,-1.84134020618557,5.0940206185567,32.5412213740458,-1.72832061068702,5.10129770992367,1.22163374517984,0.113253631400576,3.58012800576471,34
571882,SL,2024,"Law, Derek",breaking,227,1.25378637873128,0.387665198237885,3.59192703038513,0.183168088157987,53.4885462555066,-0.982995594713657,6.52656387665198,50.1941025641026,-1.00282051282051,6.47584615384615,3.29444369140398,0.054454703970851,3.23419895422727,88
676440,CU,2026,"Bibee, Tanner",breaking,96,1.25340707916667,0.239583333333333,7.21084227609964,0.319729410708915,60.4927083333333,-2.11583333333333,6.36604166666667,53.7157392686804,-2.33621621621622,6.2906041335453,6.77696906465288,0.232936550311898,5.23161215652174,23
592426,CU,2024,"Jackson, Luke",breaking,74,1.25327575881081,0.283783783783784,3.02328291594346,0.355845098638254,53.9540540540541,-2.25445945945946,6.55135135135135,55.8100917431193,-1.92082568807339,6.57568807339449,1.8560376890652,0.334520207833689,4.41630505485714,21
666214,CU,2023,"Wentz, Joey",breaking,52,1.25294299569231,0.346153846153846,2.80843195266272,0.155720776395428,38.4461538461538,1.21326923076923,5.83903846153846,35.7884615384615,1.14725274725275,5.8389010989011,2.6576923076923,0.0660166264237752,3.61961309866667,18
663460,CH,2025,"Bubic, Kris",offspeed,203,1.25266684553695,0.374384236453202,3.08820197044337,0.128688080523746,36.3635467980295,2.14256157635468,5.63847290640394,39.2392105263158,2.08726315789474,5.66457894736842,2.87566372828628,0.0611509644977899,3.34593907426316,76
669194,SL,2025,"Nelson, Ryne",breaking,146,1.25191339347945,0.315068493150685,3.07721073208585,0.255525716466611,51.3397260273973,-1.39006849315068,6.21767123287671,54.0917211328976,-1.17489106753813,6.19412854030501,2.75199510550037,0.216461504353023,3.97346424886957,46
625643,CU,2024,"López, Reynaldo",breaking,107,1.25161497368224,0.345794392523364,8.1135792871508,0.3315116279083,49.4560747663552,-1.73214953271028,6.10523364485981,41.3424954792043,-1.74949367088608,5.80730560578662,8.11357928715083,0.298432464043477,3.61953519416216,37
687473,ST,2026,"Gusto, Ryan",breaking,46,1.25158321486957,0.152173913043478,4.54473829963999,0.295319260386452,43.5239130434783,-1.76739130434783,5.61413043478261,47.743949044586,-1.55254777070064,5.78,4.22003600110772,0.271423021528052,8.22468969771428,7
666659,SL,2025,"Lao, Sauryn",breaking,45,1.25068242835556,0.377777777777778,5.01002469135803,0.341808639713835,31.5177777777778,-1.16222222222222,5.7,36.5244444444445,-0.952444444444444,5.91333333333333,5.00666666666667,0.299195299362294,3.31062995741177,17
682052,SL,2026,"Lopez, Jacob",breaking,193,1.25034822557513,0.274611398963731,5.94260588486953,0.338468398327365,16.1673575129534,3.62124352331606,5.00533678756477,22.077370030581,3.41669724770642,5.22697247706422,5.91001251762768,0.30159833840005,4.55315485916981,53
621381,SL,2025,"Strahm, Matt",breaking,168,1.24849792845238,0.291666666666667,5.3371315192744,0.810811377792353,34.3113095238095,2.45005952380952,5.47279761904762,28.9845238095238,2.27502976190476,5.31723214285714,5.32678571428574,0.234170952371998,4.28056432612245,49
672782,ST,2026,"Gómez, Yoendrys",breaking,86,1.24671508548837,0.36046511627907,2.67268859897902,0.328587524227832,30.4941860465116,-2.36976744186046,5.36651162790698,31.8512195121951,-2.1298418972332,5.3908695652174,1.35703346568354,0.241158819193299,3.45862894683871,31
669684,SL,2026,"Murphy, Chris",breaking,70,1.24631078508571,0.3,5.79755102040816,0.416013075909848,35.3542857142857,2.08028571428572,5.21585714285714,41.0071428571429,1.7701,5.4615,5.65285714285714,0.395671063652935,4.15436928361905,21
669387,SL,2024,"Mlodzinski, Carmen",breaking,104,1.24612592976923,0.288461538461538,4.60890861275476,0.289454920750347,24.2942307692308,-2.80740384615385,4.9975,28.2457264957265,-2.62487179487179,5.16628205128205,3.95149572649571,0.248606779031084,4.3199032232,30
677960,SL,2026,"Weathers, Ryan",breaking,118,1.24556779071186,0.355932203389831,2.98528505392912,0.160549470188863,36.8745762711864,2.65220338983051,5.55347457627118,34.2267045454545,2.6487165775401,5.50213903743315,2.64787172573188,0.0514538182037034,3.49945236438095,42
621107,CU,2024,"Eflin, Zach",breaking,238,1.24491464247059,0.298319327731092,3.07466552787557,0.234761965805847,29.2399159663866,-2.3222268907563,5.90806722689076,26.5995907230559,-2.31240109140518,5.73324693042291,2.64032524333065,0.175096208953801,4.1730941536338,71
666277,CH,2023,"Soriano, George",offspeed,61,1.24490834065574,0.327868852459016,4.5376212780194,0.271523108625059,26.6622950819672,-1.59639344262295,5.35950819672131,22.1255102040816,-1.70469387755102,5.14112244897959,4.53678487788558,0.243764884719516,3.796970439,20
676974,SL,2026,"Meyer, Max",breaking,225,1.24485396976,0.373333333333333,3.10462775616082,0.163663787383047,44.6346666666667,-0.971244444444444,5.91515555555555,42.6361867704281,-1.02143968871595,5.92762645914397,1.99847989623861,0.0517212333939153,3.33443027614286,84
694813,SL,2024,"Stone, Gavin",breaking,165,1.24446464050909,0.339393939393939,2.37900304156809,0.199593477917837,45.4321212121212,-1.89454545454545,5.52024242424243,47.5708178438662,-1.84667286245353,5.63949814126395,2.13869663174492,0.128505685150177,3.66672617292857,56
669912,SL,2023,"Snead, Kirby",breaking,40,1.2434927373,0.275,3.50171052631579,0.155310937608042,22.4575,2.516,5.29325,19.0342105263158,2.52289473684211,5.34605263157895,3.42328947368421,0.0532508713335641,4.521791772,11
676710,ST,2024,"Crawford, Kutter",breaking,275,1.24328181479273,0.225454545454546,1.90706565120986,0.141370537576708,48.2356363636364,-1.20883636363636,5.97221818181819,47.3770943796395,-1.18306468716861,6.03317073170732,0.858541983996886,0.0661769797281951,5.51455643658065,62
680880,FS,2024,"Holman, Grant",offspeed,46,1.24317153817391,0.391304347826087,3.62663043478262,0.302997586328935,44.3434782608696,-1.99608695652174,6.02782608695652,47.8291666666667,-1.84458333333333,6.26194444444445,3.48568840579712,0.278863323425754,3.17699393088889,18
669276,CH,2024,"Lee, Dylan",offspeed,56,1.24293918771429,0.392857142857143,3.46850414078675,0.256333157726212,43.3375,1.87767857142857,6.37232142857143,46.4884057971015,1.69615942028986,6.49210144927536,3.15090579710147,0.217477482949283,3.16384520509091,22
668984,ST,2026,"Legumina, Casey",breaking,48,1.24157997875,0.291666666666667,2.97634911894274,0.268239123503114,15.8770833333333,-2.224375,4.45979166666667,17.9832599118943,-2.03513043478261,4.63056521739131,2.10617657856095,0.254906082884306,4.25684564142857,14
669330,CH,2026,"Wells, Tyler",offspeed,110,1.24068159796364,0.327272727272727,2.09429677945371,0.16597157153697,50.5627272727273,-0.899090909090909,6.98381818181818,52.414798206278,-0.802914798206279,7.03403587443946,1.85207093355076,0.108497285482625,3.79097154933333,36
682243,FS,2025,"Miller, Bryce",offspeed,155,1.24009352283871,0.264516129032258,7.62934985401983,0.540118284378587,38.4787096774194,-1.21374193548387,5.39154838709677,46.0587196467992,-0.881280353200883,5.76721854304636,7.5800099693798,0.501656027338749,4.68815844,41
694346,SL,2026,"Gibson, Trey",breaking,70,1.23971118925714,0.271428571428571,4.93930029154519,0.300730826819568,40.5228571428572,-2.36885714285714,5.93557142857143,35.6068027210884,-2.58700680272109,5.76680272108844,4.91605442176871,0.275811803090865,4.56735701305263,19
650633,ST,2026,"King, Michael",breaking,152,1.23928940992105,0.25,2.78070293658677,0.220334829817191,25.4881578947369,-3.21006578947368,5.42052631578947,28.0237196765499,-3.06793733681462,5.53031331592689,2.53556178181304,0.17959310246898,4.95715763968421,38
661440,SL,2023,"Llovera, Mauricio",breaking,81,1.2382247917037,0.246913580246914,2.06774274274274,0.281164248375152,32.9283950617284,-2.20703703703704,5.36296296296296,33.0290540540541,-2.01653846153846,5.32583333333333,0.100658992325663,0.194083272497711,5.0148104064,20
621053,ST,2025,"Ferguson, Tyler",breaking,129,1.23780625017054,0.27906976744186,2.3327927376581,0.184774754914801,28.3054263565892,-3.26527131782946,5.93821705426357,28.1565789473684,-3.25450657894737,5.94546052631579,0.148847409220735,0.012974879212187,4.43547239644444,36
579328,CU,2025,"Kikuchi, Yusei",breaking,229,1.23658896447162,0.235807860262009,10.7261975078039,0.514604236015345,44.9344978165939,2.03427947598253,5.6046288209607,34.287668593449,2.46876685934489,5.37078998073218,10.6468292231449,0.493416547655718,5.24405320118519,54
571578,CH,2026,"Corbin, Patrick",offspeed,103,1.2364581815534,0.262135922330097,3.16284368668928,0.174289087748314,39.9747572815534,2.51640776699029,6.3121359223301,36.9783197831979,2.57870619946092,6.21687331536389,2.99643749835555,0.113824685258937,4.71685898888889,27
677960,CH,2024,"Weathers, Ryan",offspeed,190,1.23591918766316,0.336842105263158,3.9935506908865,0.260449082972873,33.0831578947368,2.957,5.58936842105263,36.7790560471976,2.79002949852507,5.75696165191741,3.69589815246079,0.236572693678884,3.669135088375,64
656271,CH,2024,"Burke, Brock",offspeed,53,1.2348351674717,0.377358490566038,7.34941651216055,0.191110786903438,35.5679245283019,1.82188679245283,6.18603773584906,42.9173410404624,1.75514450867052,6.28115606936416,7.34941651216055,0.116198234991624,3.2723131938,20
669438,CH,2024,"Englert, Mason",offspeed,53,1.23472942566038,0.377358490566038,2.76538851694056,0.226211003150922,31.4094339622642,-1.93716981132075,5.49358490566038,33.6720430107527,-1.8958064516129,5.68397849462366,2.26260904848854,0.194834920495886,3.272032978,20
678368,CH,2024,"Bellozo, Valente",offspeed,64,1.2344104160625,0.296875,13.8940879702194,0.620925880192727,33.8140625,-1.45921875,5.81375,47.7081504702194,-0.968934169278998,6.16313479623824,13.8940879702194,0.602037130030373,4.15801403305263,19
579328,CH,2024,"Kikuchi, Yusei",offspeed,128,1.2338039586875,0.328125,5.52602966589863,0.272242412495677,44.384375,2.348984375,5.445,38.9124423963134,2.57599078341014,5.36652841781873,5.47193260368666,0.240186799531743,3.76016444552381,42
661403,SL,2023,"Clase, Emmanuel",breaking,77,1.23369163480519,0.272727272727273,3.51577217962759,0.183429088852192,54.8285714285714,-0.510519480519481,5.96584415584416,51.6204819277109,-0.573614457831325,6.05692771084337,3.20808950086057,0.11080248261333,4.52353599428571,21
641401,CH,2025,"Brogdon, Connor",offspeed,196,1.23332490636735,0.321428571428571,2.15949029858249,0.134893123329593,29.8836734693878,-2.76882653061224,5.68765306122449,31.1463054187192,-2.75617647058824,5.71730392156863,1.26263194933147,0.0322365869433873,3.83701081980953,63
682010,SL,2023,"Ramsey, Lane",breaking,81,1.23275698271605,0.246913580246914,1.67645626847505,0.194298374259623,41.6074074074074,-1.84432098765432,6.03246913580247,40.8521126760563,-1.72281690140845,6.13971830985915,0.755294731351086,0.162066740296352,4.99266578,20
684007,FS,2025,"Imanaga, Shota",offspeed,410,1.23133489499512,0.304878048780488,2.31276715213195,0.203742989790317,35.009756097561,2.60229268292683,5.40282926829268,37.0789568345324,2.45688848920863,5.43544964028777,2.06920073697138,0.149018348601563,4.038778455584,125
607536,KC,2026,"Freeland, Kyle",breaking,171,1.23122091618713,0.298245614035088,3.44014405933534,0.168014394114481,30.4771929824561,2.58444444444444,5.80561403508772,27.5036585365854,2.6540243902439,5.77517073170732,2.97353444587077,0.0759484270947532,4.12821130721569,51
800048,CH,2026,"Messick, Parker",offspeed,242,1.23121582358678,0.347107438016529,4.48794791253696,0.240151371624419,38.3396694214876,1.20487603305785,5.39301652892562,42.7726937269373,0.988379373848988,5.43296500920811,4.43302430544967,0.22015150357306,3.54707415842857,84
676760,CH,2026,"Marinaccio, Ron",offspeed,108,1.23120364033333,0.25,2.17519094970457,0.311224276063436,25.8907407407407,-3.07888888888889,4.92824074074074,27.4731517509728,-3.03360153256705,5.04659003831418,1.58241101023202,0.126718194742302,4.92481456133333,27
664076,SL,2024,"Cleavinger, Garrett",breaking,126,1.23024375787302,0.357142857142857,3.59911752908143,0.246063611992035,33.0857142857143,1.08420634920635,5.20325396825397,36.5104693140794,0.932280701754386,5.35712280701754,3.42475502836513,0.216233720534398,3.44468252204444,45
695505,CH,2026,"Burns, Chase",offspeed,40,1.2299697582,0.325,6.62557377049179,0.406800697777636,47.565,-1.59725,6.3445,54.1905737704918,-1.2512016293279,6.53014256619145,6.62557377049178,0.392699168864613,3.78452233292308,13
657746,ST,2023,"Ryan, Joe",breaking,54,1.22911113577778,0.314814814814815,2.60292556400048,0.181241286406704,25.5314814814815,-2.71148148148148,4.93111111111111,26.114332247557,-2.64771986970684,4.84309446254072,0.582850766075506,0.108685203968457,3.90423537247059,17
663559,CU,2024,"Falter, Bailey",breaking,109,1.22847983086239,0.192660550458716,1.6563683316344,0.230059158810396,56.7192660550459,1.35211009174312,5.77550458715596,55.6256296296296,1.15585185185185,5.78034074074074,1.09363642541627,0.196317816579938,6.37639531257143,21
674370,SL,2025,"Bido, Osvaldo",breaking,202,1.22742785245545,0.311881188118812,2.66335623358257,0.178557513020642,36.6049504950495,-2.34034653465347,5.98673267326733,34.2969387755102,-2.31673469387755,5.89214285714286,2.30801171953934,0.097492319386132,3.93556232057143,63
592866,ST,2025,"Williams, Trevor",breaking,169,1.22714151067456,0.266272189349112,1.53367262470492,0.212203586466743,16.0242603550296,-2.53733727810651,4.94023668639053,17.0948186528498,-2.35093264248705,4.96238341968912,1.07055829782017,0.18771565192126,4.60859811786667,45
547179,CH,2023,"Lorenzen, Michael",offspeed,125,1.226765930496,0.28,2.83853176470589,0.180067423862067,40.9992,-1.57088,5.86352,42.0576470588235,-1.56470588235294,5.82419607843137,1.05844705882355,0.0398056596008054,4.38130689462857,35
683003,SL,2026,"Jones, Jared",breaking,132,1.22550898736364,0.340909090909091,2.38377525252526,0.22845512969696,41.8007575757576,-1.29893939393939,5.46295454545455,40.6208333333333,-1.14041666666667,5.39363095238095,1.17992424242426,0.173017963283056,3.59482636293333,45
608334,CH,2025,"Fulmer, Carson",offspeed,83,1.22526843966265,0.337349397590361,2.7222891566265,0.235997067994931,33.7650602409638,-2.54963855421687,5.50867469879518,35.35,-2.42041237113402,5.56773195876289,1.58493975903615,0.142081548235704,3.63204573185714,28
667297,CU,2026,"Nance, Tommy",breaking,93,1.22520726606452,0.247311827956989,3.56211745244003,0.220518131823868,50.8569892473118,-1.0158064516129,6.53397849462366,47.2948717948718,-1.02576923076923,6.36205128205128,3.56211745244002,0.172215630508454,4.95409894539131,23
547943,CU,2023,"Ryu, Hyun Jin",breaking,68,1.22472946535294,0.323529411764706,8.75366310160427,0.341091104050402,48.5191176470589,2.01426470588235,6.07647058823529,39.7654545454546,2.221,5.82622727272727,8.7536631016043,0.324593898264213,3.78552743836364,22
664199,SL,2025,"Clarke, Taylor",breaking,168,1.22471680964286,0.321428571428571,2.72857142857143,0.244724204084829,46.2994047619047,-0.797321428571429,6.11059523809523,45.05,-0.81046052631579,6.10855263157895,1.24940476190475,0.013296921858696,3.81023007444444,54
663687,CH,2023,"Harris, Hogan",offspeed,42,1.22439731457143,0.428571428571429,5.46063783311491,0.326942920594056,46.1904761904762,2.97666666666667,5.87738095238095,51.5880733944954,2.90926605504587,6.12,5.39759720401924,0.251807157790306,2.85692706733333,18
527048,CU,2026,"Pérez, Martín",breaking,44,1.22439138736364,0.295454545454545,4.01582568807339,0.200977503234341,48.7022727272727,1.14227272727273,5.71227272727273,44.880122324159,1.09504587155963,5.58220183486239,3.8221504031137,0.138379235989247,4.14409392646154,13
608717,CU,2024,"Stratton, Chris",breaking,85,1.22350760992941,0.223529411764706,4.34183006535949,0.186562926440962,38.4329411764706,-1.75247058823529,5.94541176470588,34.0911111111111,-1.8445,5.83194444444445,4.34183006535949,0.146096698789085,5.473586676,19
606303,ST,2025,"Payamps, Joel",breaking,85,1.22332235383529,0.329411764705882,2.92222481071638,0.265612123202556,28.9352941176471,-2.54376470588235,5.58988235294118,31.6475247524753,-2.32653465346535,5.67455445544555,2.71223063482821,0.233148580556701,3.71365714557143,28
669372,CH,2026,"Ginn, J.T.",offspeed,180,1.22331027584444,0.322222222222222,2.33206189410887,0.160279012808808,41.8727777777778,-1.3885,5.55038888888889,42.4134228187919,-1.32888143176734,5.57516778523491,0.540645041014152,0.0645628947789623,3.79648016641379,58
663704,SL,2023,"McArthur, James",breaking,40,1.2227113539,0.25,2.414,0.185089665224631,27.7125,-2.5315,5.65775,28.79,-2.4685,5.6995,1.0775,0.0755781879909823,4.8908454156,10
682990,SL,2024,"Priester, Quinn",breaking,113,1.22267305773451,0.230088495575221,2.27925111808926,0.196453010193135,42.8469026548673,-1.18486725663717,5.97300884955752,41.0295698924731,-1.1610752688172,5.90150537634409,1.81733276239414,0.0753578487352803,5.31392521246154,26
642048,CH,2024,"Saucedo, Tayler",offspeed,74,1.22245435362162,0.378378378378378,3.01058558558559,0.184647731310178,19.727027027027,2.0504054054054,5.18405405405405,21.9458333333333,2.07645833333333,5.28625,2.21880630630632,0.105464526839148,3.23077222028571,28
680732,SL,2024,"Burke, Sean",breaking,42,1.22165806819048,0.404761904761905,4.54183673469388,0.289163210048028,38.7642857142857,-2.47261904761905,6.03,43.1914285714286,-2.232,6.16385714285714,4.42714285714285,0.275345711372041,3.01821405082353,17
663941,ST,2025,"Beck, Tristan",breaking,131,1.22128385425954,0.297709923664122,2.02950984331056,0.247551406342563,39.9534351145038,-2.50458015267176,5.83282442748092,40.9552631578947,-2.52657894736842,6.00333333333334,1.0018280433909,0.171922174087854,4.10226115148718,39
669302,CH,2026,"Gilbert, Logan",offspeed,51,1.22032486635294,0.294117647058824,5.01416309012878,0.309171831777983,38.7686274509804,-1.1856862745098,5.98235294117647,43.6339055793992,-1.04122317596567,5.98834763948498,4.86527812841878,0.144587424241472,4.1491045456,15
684007,CH,2024,"Imanaga, Shota",offspeed,52,1.21970089684615,0.326923076923077,5.10025399129173,0.239007693230506,45.1865384615385,2.33711538461538,5.57038461538462,40.2377358490566,2.49408355795148,5.43908355795148,4.94880261248186,0.204643531838982,3.73084980211765,17
684320,SL,2024,"Rodríguez, Yariel",breaking,243,1.2188508883786,0.320987654320988,6.53045130771228,0.375665225558035,37.716049382716,-1.81028806584362,5.72242798353909,37.3747508305648,-1.79491694352159,5.71255813953489,0.341298552151223,0.0182670529124431,3.79718930610256,78
676395,SL,2024,"Garcia, Robert",breaking,70,1.21848025994286,0.242857142857143,3.77453571428572,0.176226855098934,28.1928571428572,3.60357142857143,5.65128571428571,24.4679166666667,3.70079166666667,5.62104166666667,3.72494047619048,0.101815898128327,5.01727165858824,17
674285,SL,2025,"Salazar, Eduardo",breaking,85,1.21830525505882,0.364705882352941,3.17761245674742,0.163230828484835,37.3129411764706,-1.86129411764706,5.59411764705882,34.4323529411765,-1.86547058823529,5.52547058823529,2.88058823529415,0.0687739892088263,3.34051440903226,31
676440,CH,2026,"Bibee, Tanner",offspeed,125,1.217934249024,0.312,7.73110461049285,0.339924597925979,59.3944,-2.18144,6.22728,53.7157392686804,-2.33621621621622,6.2906041335453,5.67866073131957,0.167229252810242,3.90363541353846,39
656288,SL,2024,"Canning, Griffin",breaking,347,1.21755532514121,0.30835734870317,2.82391014995361,0.251985997508276,45.6593659942363,-1.62380403458213,5.9470893371758,47.7167372881356,-1.43065677966102,5.93845338983052,2.05737129389932,0.193340222587314,3.94852054041122,107
670046,CH,2024,"Rosenberg, Kenny",offspeed,68,1.21731055305882,0.279411764705882,1.39019607843136,0.151067477108764,45.8058823529412,1.78941176470588,6.02323529411765,46.3333333333333,1.68693693693694,6.06432432432433,0.527450980392111,0.110405610045869,4.35669040042105,19
605288,CU,2025,"Houser, Adrian",breaking,73,1.21635920531507,0.26027397260274,5.82303446180337,0.178787812829284,41.7520547945205,-1.29424657534247,5.83,35.9290203327172,-1.32825771324864,5.71696914700545,5.82303446180336,0.11803699094076,4.67338010463158,19
547179,SL,2023,"Lorenzen, Michael",breaking,89,1.21585416777528,0.292134831460674,2.21516192994052,0.233776301132581,42.038202247191,-1.64101123595506,5.74303370786517,42.0576470588235,-1.56470588235294,5.82419607843137,0.0194448116325248,0.111399449658739,4.16196234353846,26
592332,SL,2023,"Gausman, Kevin",breaking,41,1.21579617804878,0.268292682926829,3.27724751254731,0.231552827393463,35.9048780487805,-2.48268292682927,5.57585365853659,38.8202166064982,-2.34361010830325,5.72942238267148,2.91533855771768,0.207182532770475,4.53160393636364,11
665795,CU,2026,"Cabrera, Edward",breaking,83,1.21512094053012,0.337349397590361,7.02136031811976,0.301437984943835,38.6253012048193,-1.13674698795181,6.10566265060241,31.6039408866995,-1.27285714285714,5.90926108374384,7.02136031811974,0.238955120750435,3.60196564514286,28
670245,CU,2026,"Watson, Ryan",breaking,47,1.21374606408511,0.361702127659575,1.62127659574469,0.120129993974802,36.1468085106383,-1.08957446808511,5.49425531914894,35.5,-1.07965635738832,5.51704467353952,0.646808510638323,0.02485404581418,3.35565088305882,17
683769,CH,2024,"Gaddis, Hunter",offspeed,59,1.21267614250847,0.288135593220339,3.27959381766594,0.416240179166377,30.9237288135593,-2.57881355932203,5.84457627118644,33.5537444933921,-2.66511013215859,6.21383259911894,2.63001567983275,0.37920618956121,4.20869955341177,17
656756,CH,2023,"Montgomery, Jordan",offspeed,133,1.2123285157594,0.338345864661654,2.21384495722061,0.188577147615287,48.6586466165414,1.57075187969925,6.66187969924812,46.6056426332289,1.69583072100313,6.7642946708464,2.05300398331247,0.161658723703357,3.58310427991111,45
657746,KC,2026,"Ryan, Joe",breaking,114,1.21145036336842,0.271929824561404,5.5887628832671,0.322914305208991,28.4877192982456,-2.52394736842105,4.95543859649123,22.9007366482505,-2.56022099447514,4.67935543278086,5.58698264999515,0.27845590177161,4.45501101367742,31
519293,SL,2023,"Smith, Will",breaking,100,1.21124560032,0.3,3.88054545454546,0.346970642237171,42.67,1.4605,6.4934,46.5090909090909,1.15314285714286,6.62271428571429,3.83909090909091,0.333452541983266,4.0374853344,30
693821,SL,2024,"Elder, Bryce",breaking,124,1.2111697946129,0.395161290322581,2.58327236448289,0.349300820198147,55.6161290322581,-1.01362903225806,6.67588709677419,53.4309278350515,-1.00185567010309,6.60773195876288,2.18520119720652,0.0691645494004874,3.06500111289796,49
607192,SL,2026,"Glasnow, Tyler",breaking,46,1.21079668104348,0.41304347826087,3.78959962464812,0.274585664645779,53.9891304347826,-1.61695652173913,6.03847826086957,56.6100719424461,-1.37604316546763,6.09287769784173,2.62094150766346,0.246978833046254,2.93140249094737,19
686747,ST,2023,"La Sorsa, Joe",breaking,73,1.20999766087671,0.328767123287671,5.52635062336463,0.490073330087287,11.0506849315069,2.45657534246575,5.02328767123288,16.5438202247191,2.17719101123596,5.39101123595505,5.49313529321225,0.461818389184219,3.68040955183333,24
660896,CU,2025,"Alcala, Jorge",breaking,103,1.20976634330097,0.213592233009709,3.86413534557335,0.503286951396797,54.5922330097087,-1.92553398058252,6.65679611650485,51.0897689768978,-1.98181518151815,6.63775577557756,3.50246403281098,0.059414713340924,5.66390606181818,22
595345,SL,2026,"Okert, Steven",breaking,298,1.20944875061745,0.335570469798658,2.11336417540887,0.132187306504616,34.2684563758389,3.13379194630873,5.8475167785235,32.6621359223301,3.11300970873786,5.88019417475728,1.60632045350882,0.0387261361753428,3.60415727684,100
622065,CH,2024,"Young, Alex",offspeed,63,1.20934007485714,0.476190476190476,5.28632756132756,0.236415129968373,33.315873015873,1.87730158730159,6.03746031746032,28.0295454545455,1.90454545454545,5.85,5.28632756132757,0.189429667488292,2.5396141572,30
650633,CH,2024,"King, Michael",offspeed,411,1.20927679811192,0.338199513381995,8.38752613001612,0.364341982070859,24.5491484184915,-3.11710462287105,5.34982968369831,32.930985915493,-2.96705882352941,5.62700692041523,8.38183749700149,0.315184013639805,3.57563139585612,139
663738,SL,2025,"Lynch IV, Daniel",breaking,141,1.20926356842553,0.283687943262411,1.62187789084181,0.237266403774254,36.0255319148936,1.34070921985816,5.77198581560284,36.1717391304348,1.20048913043478,5.78271739130435,0.146207215541168,0.140630153931994,4.2626540787,40
592351,SL,2023,"Gray, Jon",breaking,240,1.20877886433333,0.3375,2.96480263157893,0.178148148187739,30.9629166666667,-1.914375,5.63075,28.2752631578948,-1.9478947368421,5.5048947368421,2.6876535087719,0.130242543059123,3.5815670054321,81
702070,SL,2025,"Cameron, Noah",breaking,156,1.20849261261538,0.288461538461538,2.9087952077035,0.199309821776785,58.1474358974359,1.14160256410256,6.37705128205129,57.7017467248909,1.06829694323144,6.38384279475983,0.445689172545038,0.0736195537623742,4.18944105706667,45
669711,CH,2025,"Weissert, Greg",offspeed,46,1.20831166513043,0.304347826086957,9.41060282742066,0.518781503384646,10.3108695652174,-2.3445652173913,4.65239130434783,19.7214723926381,-2.1748623853211,5.12902140672783,9.41060282742066,0.505940021847869,3.97016689971429,14
696136,CH,2023,"Wicks, Jordan",offspeed,88,1.20810503922727,0.284090909090909,2.10697601010101,0.150756237742475,49.4465909090909,2.38068181818182,5.94079545454546,49.1715277777778,2.36618055555556,5.99513888888889,0.275063131313125,0.056244959543012,4.25252973808,25
669084,CH,2024,"Hall, DL",offspeed,72,1.20782158916667,0.319444444444444,1.93841374269006,0.208457140892869,42.3777777777778,2.90013888888889,5.48611111111111,41.5434210526316,2.81453947368421,5.48671052631579,0.834356725146201,0.0856015138999921,3.78100671391304,23
686730,ST,2024,"Spiers, Carson",breaking,157,1.20652974942675,0.299363057324841,3.5838586749415,0.369891268437389,27.6987261146497,-1.83312101910828,5.19668789808917,31.2239316239317,-1.53188034188034,5.36841880341881,3.52520550928197,0.346752720915183,4.03032278,47
656756,CH,2024,"Montgomery, Jordan",offspeed,181,1.20609850156906,0.38121546961326,2.20791351780691,0.213826676075353,46.3762430939227,1.43110497237569,6.55033149171271,44.3264270613107,1.57818181818182,6.62405919661733,2.04981603261191,0.164521649161386,3.16382360556522,69
657097,CH,2024,"Webb, Jacob",offspeed,135,1.20596485828148,0.340740740740741,1.89382716049383,0.412286948650782,33.2992592592592,-2.56637037037037,5.58414814814815,31.9830687830688,-2.63169312169312,5.52253968253968,1.31619047619046,0.0897923430755871,3.53924469278261,46
663158,CH,2026,"Suarez, Robert",offspeed,88,1.20475506122727,0.363636363636364,3.01029159519726,0.294970354406988,41.5386363636364,-1.74806818181818,6.01409090909091,43.7943396226415,-1.61320754716981,6.17716981132075,2.25570325900513,0.211617861085148,3.313076418375,32
605463,ST,2023,"Scott, Tayler",breaking,42,1.20425973209524,0.238095238095238,2.35413533834586,0.309288925316481,18.1761904761905,-1.82738095238095,4.86666666666667,18.1342105263158,-1.55342105263158,4.94394736842105,0.0419799498746976,0.284651248959736,5.0578908748,10
623433,CU,2024,"Anderson, Nick",breaking,93,1.20329004141936,0.247311827956989,3.27208689927584,0.147808140901686,48.352688172043,-0.79505376344086,6.42784946236559,45.3639455782313,-0.878299319727891,6.42027210884354,2.98874259381173,0.083589705873005,4.865477124,23
686218,CH,2025,"Sheehan, Emmet",offspeed,92,1.20263933034783,0.271739130434783,3.03606644790813,0.205156346393762,33.1923913043478,-1.23826086956522,5.45141304347826,35.9532075471698,-1.10135849056604,5.53490566037735,2.760816242822,0.160353604425634,4.42571273568,25
663546,KC,2024,"Hjelle, Sean",breaking,198,1.20244964442424,0.353535353535354,1.71417814508723,0.185746119579968,28.2808080808081,-1.57651515151515,6.41757575757575,27.4739393939394,-1.475,6.41609090909091,0.806868686868675,0.101526010274054,3.40121470851429,70
656529,CU,2024,"Hentges, Sam",breaking,54,1.20139908155556,0.333333333333333,5.05648148148148,0.197758500014751,42.0814814814815,1.65592592592593,6.5062962962963,37.025,1.78236111111111,6.38861111111111,5.05648148148147,0.172730017266493,3.60419724466667,18
675512,SL,2025,"Melton, Troy",breaking,81,1.20019944138272,0.283950617283951,2.51369538796137,0.244597179155417,37.837037037037,-1.81962962962963,5.48148148148148,35.6642487046632,-1.63875647668394,5.43352331606217,2.17278833237382,0.187123176242018,4.22678933704348,23
669622,ST,2025,"Bender, Anthony",breaking,147,1.20001224865306,0.258503401360544,14.1130259511212,0.750994163382948,9.03265306122449,-2.17428571428571,5.2495918367347,23.1456790123457,-1.69185185185185,5.81543209876543,14.1130259511212,0.743584315163969,4.64215264610526,38
523260,SL,2024,"Kelly, Joe",breaking,55,1.19842219876364,0.218181818181818,8.76688995215311,0.353373249284926,32.5727272727273,-1.89054545454545,5.40854545454546,24.1902255639098,-1.80255474452555,5.10182481751825,8.38250170881749,0.319092328689022,5.492768411,12
608032,CH,2024,"Estévez, Carlos",offspeed,43,1.19759271627907,0.325581395348837,1.68601998408347,0.258216372747787,42.4209302325581,-1.99860465116279,5.98488372093023,41.6923954372624,-1.81463878326996,5.99041825095057,0.728534795295794,0.184049100981525,3.67832048571429,14
676395,CH,2024,"Garcia, Robert",offspeed,151,1.19728368296689,0.350993377483444,2.23789459161148,0.220200433247097,23.0377483443709,3.86072847682119,5.53264900662252,24.4679166666667,3.70079166666667,5.62104166666667,1.43016832229581,0.182737641420933,3.41112898354717,53
606996,FS,2026,"Hart, Kyle",offspeed,67,1.196796692,0.328358208955224,2.01898646303367,0.310852629211728,38.6985074626866,2.28298507462687,5.63507462686567,37.5232558139535,2.18186046511628,5.57127906976744,1.17525164873308,0.119566131300391,3.64478992563636,22
656529,SL,2026,"Hentges, Sam",breaking,53,1.19597212211321,0.226415094339623,1.64522343594835,0.139784013774681,37.5698113207547,1.92415094339623,6.26471698113207,36.1568421052632,1.90052631578947,6.23052631578947,1.41296921549155,0.0415586889365814,5.282210206,12
681810,ST,2026,"Warren, Austin",breaking,117,1.19581874324786,0.256410256410256,2.73509066219346,0.221107249086924,24.8632478632479,-2.48008547008547,4.89153846153846,26.6261682242991,-2.29140186915888,4.96214953271028,1.76292036105119,0.201463209124287,4.66369309866667,30
621121,KC,2025,"McCullers Jr., Lance",breaking,79,1.19467404729114,0.316455696202532,3.00661327822268,0.24203229581144,28.2670886075949,-1.83303797468354,5.23417721518988,25.630612244898,-1.76965986394558,5.13414965986395,2.63647636269698,0.118415779122529,3.77516998944,25
621051,ST,2024,"Wilson, Steven",breaking,147,1.19440829502041,0.251700680272109,4.17278293135437,0.549862765340789,41.8210884353742,-2.28190476190476,5.57292517006803,45.7554545454546,-1.80527272727273,5.706,3.9343661100804,0.494860593297643,4.74535187481081,37
665871,CU,2024,"Assad, Javier",breaking,124,1.19291890512903,0.266129032258065,7.47970657326226,0.357092919433511,60.8685483870968,-1.18564516129032,6.075,53.3919375812744,-1.46576072821846,5.9854876462939,7.47661080582235,0.294070046590062,4.48248315866667,33
669062,CH,2025,"Miller, Erik",offspeed,57,1.19278177494737,0.228070175438597,15.6480854309687,0.844529558548486,21.1701754385965,2.10578947368421,5.81368421052632,36.8182608695652,1.57973913043478,6.43739130434783,15.6480854309687,0.815928613615258,5.22988932092308,13
682243,SL,2024,"Miller, Bryce",breaking,91,1.19277715450549,0.252747252747253,3.32267080745344,0.217498222093,42.9604395604396,-1.4510989010989,5.55681318681319,44.486231884058,-1.29594202898551,5.64853864734299,1.52579232361845,0.180242101278854,4.71924874173913,23
669062,CH,2024,"Miller, Erik",offspeed,198,1.19241213628283,0.287878787878788,21.0098756798757,1.00492793756148,23.9585858585859,1.70828282828283,6.00631313131313,44.9684615384616,0.910115384615385,6.61,21.0098756798757,1.0007542673182,4.14206321024561,57
680767,SL,2026,"Vodnik, Victor",breaking,69,1.19237976284058,0.318840579710145,4.23183876811594,0.36321411461045,43.5565217391305,-2.20594202898551,5.2868115942029,45.740625,-2.0498125,5.3926875,2.18410326086953,0.18864288284903,3.73973652890909,22
694361,ST,2026,"Klein, Will",breaking,108,1.19135757955556,0.268518518518519,8.75479120059659,0.800998450940664,36.2194444444445,-2.11712962962963,5.3437962962963,44.8926174496645,-1.44288590604027,5.57624161073825,8.67317300522,0.7131868079302,4.43677995144828,29
570632,CH,2024,"Ureña, José",offspeed,154,1.19067732405195,0.298701298701299,3.47803310678959,0.225685708609893,32.9272727272727,-2.9911038961039,5.69675324675325,30.0064766839378,-2.9130310880829,5.64264248704664,2.92079604333492,0.094991250482924,3.9861806066087,46
672710,SL,2024,"Contreras, Roansy",breaking,129,1.18996192933333,0.24031007751938,1.92715411363129,0.30665188979204,48.0984496124031,-1.27077519379845,5.92325581395349,47.8971193415638,-1.10271604938272,5.93234567901235,0.201330270839335,0.168304788014295,4.95177706077419,31
434378,CH,2025,"Verlander, Justin",offspeed,101,1.18990066685149,0.287128712871287,6.27671394166439,0.359140678631385,51.6356435643564,-1.96861386138614,7.06683168316832,57.7005405405405,-1.68459459459459,7.13866666666667,6.06489697618407,0.292962811228687,4.14413680524138,29
676440,CU,2025,"Bibee, Tanner",breaking,74,1.18989561,0.216216216216216,5.90730950927147,0.206467324866072,59.6067567567568,-2.07608108108108,6.37162162162162,54.1569560047562,-2.18187871581451,6.32221165279428,5.44980075200053,0.116766795514419,5.50326719625,16
689147,ST,2024,"Kerkering, Orion",breaking,250,1.189276461344,0.292,6.95830188679245,0.507381825274147,28.27,-1.65804,5.55612,35.2283018867924,-1.21325688073395,5.76463302752294,6.95830188679244,0.491232842785193,4.07286459364383,73
676974,SL,2024,"Meyer, Max",breaking,189,1.18863224582011,0.301587301587302,2.46813956813957,0.173007549256973,46.6550264550265,-1.09507936507937,5.78634920634921,46.0848648648649,-1.09243243243243,5.86286486486487,0.570161590161611,0.076561427955088,3.94125428877193,57
592773,FS,2026,"Stanek, Ryne",offspeed,56,1.18862880478571,0.357142857142857,2.69639778325124,0.255193975485985,44.3357142857143,-0.621964285714286,6.23714285714286,45.9181034482759,-0.554872881355932,6.39419491525424,1.5823891625616,0.17078233367593,3.3281606534,20
668881,FS,2024,"Greene, Hunter",offspeed,86,1.18855029725581,0.267441860465116,3.81314823165625,0.258251521197659,34.3674418604651,-1.88720930232558,5.96848837209302,33.1612188365651,-2.04204986149585,6.03214681440442,1.20622302390004,0.167415638581567,4.44414458973913,23
700249,ST,2025,"Povich, Cade",breaking,83,1.18740752212048,0.204819277108434,2.16227967425257,0.183406185478245,40.566265060241,1.7721686746988,5.93253012048193,41.7821759259259,1.74909722222222,5.99398148148148,1.21591086568497,0.0656396350391728,5.797342608,17
434378,CU,2025,"Verlander, Justin",breaking,140,1.18708436454286,0.264285714285714,4.75327413127409,0.347460258181258,53.3442857142858,-1.95057142857143,7.08678571428571,57.7005405405405,-1.68459459459459,7.13866666666667,4.35625482625473,0.270989500594203,4.49167056854054,37
687911,ST,2025,"King, Bryan",breaking,141,1.18640192297872,0.24113475177305,3.08431968532097,0.243385319746803,31.8957446808511,2.81567375886525,5.40709219858156,34.409243697479,2.65196078431373,5.52621848739495,2.51349901662796,0.202467307788096,4.92007856294118,34
666200,CH,2025,"Luzardo, Jesús",offspeed,285,1.18560481083509,0.350877192982456,2.75944525798947,0.241690518517216,32.1582456140351,2.43533333333333,5.77112280701754,34.1903436988543,2.2880162601626,5.9069756097561,2.03209808481922,0.20039536935646,3.37897371088,100
671106,ST,2024,"Allen, Logan",breaking,125,1.184943280672,0.304,2.82513467561522,0.315519110088328,43.3424,1.8504,5.32832,44.9413870246085,1.81601789709172,5.38492170022371,1.59898702460852,0.0662259878643576,3.89783973905263,38
681810,ST,2024,"Warren, Austin",breaking,40,1.1846713509,0.175,2.07493902439025,0.158957207120118,31.2275,-2.1305,5.1675,31.2829268292683,-2.01512195121951,5.15658536585366,0.0554268292683062,0.115893155013319,6.76955057657143,7
664208,CU,2024,"Maton, Phil",breaking,145,1.18457280504828,0.275862068965517,2.25525558828625,0.147536234047922,33.1986206896552,-1.16020689655172,5.37972413793104,31.364824120603,-1.12966019417476,5.30577669902912,1.83379656905215,0.0800082792357101,4.2940764183,40
699823,SL,2026,"Davis, Tyler",breaking,61,1.18327049763934,0.180327868852459,2.48483606557377,0.279823963305378,44.6803278688525,-1.28196721311475,5.80098360655738,46.895,-1.04283333333333,5.88116666666667,2.21467213114754,0.252218824808549,6.56177275963636,11
682608,CH,2026,"Gray, Peyton",offspeed,146,1.18244327753425,0.273972602739726,1.92659423712801,0.144589363747021,37.8198630136986,-3.0172602739726,5.53698630136987,38.7396551724138,-2.93656,5.56784,0.919792158715154,0.0863972507572559,4.315917963,40
676477,CH,2025,"Whitlock, Garrett",offspeed,142,1.18171184104225,0.309859154929577,8.07550301810864,0.465389098173088,32.6957746478873,-1.56260563380282,5.63042253521127,40.2196428571428,-1.32992882562278,5.80035587188612,7.52386820925552,0.28812468824851,3.81370639609091,44
668338,ST,2024,"Miller, Tyson",breaking,217,1.18154411870968,0.248847926267281,4.26939272913467,0.29711120033264,15.1898617511521,-3.92751152073733,4.4978801843318,19.2075555555556,-3.73208888888889,4.67648888888889,4.01769380440349,0.264747189564179,4.74805692148148,54
656605,ST,2025,"Keller, Mitch",breaking,281,1.18085771850534,0.252669039145908,2.19864860719107,0.179224423561592,35.4658362989324,-1.9364768683274,5.7170462633452,37.2783045977012,-1.81745689655172,5.81254310344828,1.81246829876878,0.152595544335855,4.67353547746479,71
623474,SL,2026,"Herget, Jimmy",breaking,81,1.1807422217284,0.37037037037037,5.06189674523008,0.264352427168883,7.85432098765432,-2.58654320987654,5.19296296296296,3.17121212121212,-2.48409090909091,5.00893939393939,4.6831088664422,0.210620862908788,3.18800399866667,30
696070,SL,2026,"Rojas, Kendry",breaking,53,1.17927930135849,0.358490566037736,4.93254716981133,0.214067435694317,46.0698113207547,1.58396226415094,5.8977358490566,42.125,1.62816666666667,5.88458333333333,3.94481132075475,0.0461196039838043,3.28956857747368,19
664076,SL,2025,"Cleavinger, Garrett",breaking,166,1.17926306224096,0.355421686746988,2.02688618551878,0.18644176726479,31.3921686746988,1.21885542168675,5.18746987951807,32.4155339805825,1.13359223300971,5.28558252427185,1.02336530588374,0.129984239059807,3.3179265818983,59
519242,CH,2023,"Sale, Chris",offspeed,41,1.17759914117073,0.317073170731707,6.24643350207087,0.380143542110756,5.03658536585366,3.33975609756098,4.81829268292683,11.2830188679245,3.28640625,5.18296875,6.24643350207087,0.368557783977948,3.71396652215385,13
656222,CH,2026,"Beeks, Jalen",offspeed,74,1.17675171210811,0.351351351351351,4.33143360752057,0.165202592270471,42.5472972972973,1.205,5.90851351351351,46.7460869565217,1.07017391304348,5.90739130434783,4.19878965922444,0.134830757164006,3.34921641138462,26
680755,SL,2026,"Fisher, Braydon",breaking,200,1.17652308752,0.295,2.08046296296297,0.18381936807321,48.5165,0.4902,6.55695,49.1481481481482,0.551481481481481,6.5741975308642,0.631648148148145,0.0636623695245226,3.988213856,59
642121,CH,2025,"Sulser, Cole",offspeed,78,1.1762377134359,0.320512820512821,1.92872430599704,0.151013592367063,41.4397435897436,-1.72833333333333,5.76282051282051,41.8950413223141,-1.64305785123967,5.73363636363636,0.455297732570472,0.0901311400677338,3.66986166592,25
680732,CH,2025,"Burke, Sean",offspeed,55,1.17541622247273,0.309090909090909,5.63043235245771,0.262414437602989,37.9836363636364,-2.46454545454546,6.10127272727273,43.144122965642,-2.34373646209386,6.28680505415163,5.16048660200563,0.2213979606371,3.80281719035294,17
672335,SV,2023,"Pérez, Cionel",breaking,51,1.174320532,0.274509803921569,1.8328345373237,0.199178867719373,37.0333333333333,1.63274509803922,5.42470588235294,37.2535087719298,1.47254385964912,5.47736842105263,0.220175438596492,0.168635049037901,4.277881938,14
664076,ST,2024,"Cleavinger, Garrett",breaking,73,1.17371066712329,0.315068493150685,4.43563621977153,0.292300800492875,32.2301369863014,1.09191780821918,5.15849315068493,36.5104693140794,0.932280701754386,5.35712280701754,4.28033232777805,0.254828856559186,3.72525559565217,23
669923,ST,2025,"Kirby, George",breaking,244,1.17278929177049,0.30327868852459,1.66723858902508,0.179887163296198,29.1311475409836,-1.85909836065574,5.60864754098361,29.5433272394881,-1.78204946996466,5.68337455830389,0.412179698504495,0.107334331293914,3.86703496205405,74
676428,CH,2025,"Hurter, Brant",offspeed,58,1.17240144475862,0.275862068965517,3.13564095814688,0.179684685566948,27.3931034482759,3.40810344827586,5.78948275862069,28.8041984732825,3.31408396946565,5.85232824427481,1.41109502500658,0.113089422418042,4.24995523725,16
680694,SL,2024,"Bradish, Kyle",breaking,98,1.171965644,0.316326530612245,3.08292682926829,0.315279878858516,55.3204081632653,-1.2415306122449,6.30673469387755,57.8837398373984,-0.939512195121952,6.33780487804878,2.56333167413306,0.303612385494868,3.70492364877419,31
663531,ST,2024,"Allen, Logan",breaking,55,1.17131101287273,0.272727272727273,3.41515151515151,0.339362590496111,41.5272727272727,1.82527272727273,6.00381818181818,44.6333333333333,1.51033333333333,6.10166666666667,3.10606060606059,0.329789550838192,4.2948070472,15
660825,ST,2024,"Bazardo, Eduard",breaking,91,1.17124941353846,0.307692307692308,2.53665884677121,0.34625052681398,44.0318681318681,-2.01098901098901,5.85758241758242,43.6640449438202,-1.72460674157303,5.76865168539326,0.367823188047879,0.299872438486011,3.806560594,28
669467,SL,2023,"Pallante, Andre",breaking,65,1.17092370166154,0.246153846153846,2.54125,0.24127994068134,50.8938461538462,-2.01369230769231,5.88892307692308,52.35625,-2.09026041666667,5.989375,1.46240384615384,0.126306231682211,4.756877538,16
642207,CH,2025,"Williams, Devin",offspeed,310,1.17062763656774,0.361290322580645,11.2875220598871,0.317840930015845,15.5070967741936,-2.51822580645161,5.14703225806452,26.7946188340807,-2.34609865470852,5.38905829596413,11.2875220598872,0.29699218742009,3.2401300655,112
605182,ST,2023,"Clevinger, Mike",breaking,106,1.17059903154717,0.254716981132076,2.4842790249277,0.146932119723733,45.6122641509434,-1.6261320754717,5.7788679245283,44.2255474452555,-1.62153846153846,5.73521739130435,1.38671670568792,0.0438915748145711,4.59568508681481,27
694335,ST,2025,"Svanson, Matt",breaking,144,1.17041114466667,0.263888888888889,2.32834784411278,0.182489444875475,32.9618055555556,-1.66222222222222,5.73277777777778,30.8850746268657,-1.54603703703704,5.69333333333334,2.07673092868991,0.122698253671544,4.43524223242105,38
668964,FS,2025,"Myers, Tobias",offspeed,70,1.16977486022857,0.385714285714286,1.61180100055587,0.185233292635264,60.3585714285715,-0.823428571428571,5.76628571428572,60.4657587548639,-0.862607003891051,5.89599221789884,0.107187326292404,0.135494378664789,3.03274963762963,27
623211,CH,2026,"Brazobán, Huascar",offspeed,159,1.16932071230189,0.30188679245283,3.30786598266817,0.218266489235989,39.7584905660377,-1.36,6.05616352201258,36.9331797235023,-1.41,5.92041474654378,2.82531084253543,0.14466419751023,3.8733748595,48
676440,ST,2025,"Bibee, Tanner",breaking,205,1.16912221118049,0.297560975609756,4.52453641135698,0.298253325056836,51.3917073170732,-2.32707317073171,6.26585365853659,54.1569560047562,-2.18187871581451,6.32221165279428,2.76524868768306,0.155748686207792,3.92901726708197,61
681347,CH,2026,"Burrows, Mike",offspeed,220,1.16901780592727,0.3,2.35012254203476,0.377270696487989,39.5218181818182,-2.21959090909091,5.94581818181818,39.5542319749216,-2.21554858934169,5.94899686520376,0.0324137931034372,0.00514240965119464,3.89672601975758,66
663554,SV,2025,"Mize, Casey",breaking,139,1.1686916331223,0.280575539568345,5.98663392639179,0.466987633248916,41.5158273381295,-2.35057553956835,5.66532374100719,47.4908183632734,-1.94717131474104,5.87418326693227,5.97499102514393,0.454265638341895,4.16533684625641,39
680570,CH,2023,"Rodriguez, Grayson",offspeed,170,1.16835646654118,0.270588235294118,2.92550835148874,0.182904705618464,38.2564705882353,-2.595,5.6295294117647,40.6503086419753,-2.50527108433735,5.73828313253011,2.39383805374002,0.140991666726498,4.31783911547826,46
683769,SL,2025,"Gaddis, Hunter",breaking,269,1.16795802313755,0.342007434944238,4.19368029739778,0.383039257232261,38.7802973977695,-2.24724907063197,6.30301115241636,35.1554404145078,-2.23290155440414,6.24088082901554,3.62485698326177,0.0637654162363692,3.41500769808696,92
669684,CU,2023,"Murphy, Chris",breaking,42,1.16789624857143,0.238095238095238,4.16819047619049,0.341195537596905,43.2738095238095,2.26738095238095,5.2752380952381,46.899,2.06,5.52307692307692,3.62519047619049,0.323157769510427,4.905164244,10
518489,SL,2024,"Brasier, Ryan",breaking,86,1.16765175130233,0.232558139534884,5.10296564966929,0.268492926861998,44.9279069767442,-1.30720930232558,5.80848837209302,39.8422018348624,-1.55845454545455,5.76790909090909,5.0857051418818,0.254501179282803,5.0209025306,20
502624,CH,2023,"Anderson, Chase",offspeed,67,1.16756273044776,0.298507462686567,5.55204565408253,0.570207928861778,40.8373134328358,-1.53641791044776,5.72761194029851,46.3505882352941,-1.66658823529412,5.7994705882353,5.5132748024583,0.14868752050495,3.911335147,20
669923,FS,2024,"Kirby, George",offspeed,152,1.16736028126316,0.276315789473684,1.8301488307136,0.188247530815306,35.8230263157895,-1.71763157894737,5.78375,37.0606659729448,-1.73518210197711,5.90966701352758,1.23763965715533,0.127134240684096,4.22473244647619,42
694738,CU,2024,"Roupp, Landen",breaking,174,1.166654598,0.293103448275862,5.65013469827586,0.302115608253452,29.7931034482759,-2.48097701149425,5.37942528735632,24.17578125,-2.371171875,5.183125,5.61732219827585,0.224924366880726,3.98035098141176,51
669084,CH,2025,"Hall, DL",offspeed,50,1.16616717,0.24,2.38324637681159,0.260649941453072,41.12,2.8934,5.432,41.968115942029,2.67666666666667,5.45724637681159,0.84811594202899,0.218198802287937,4.859029875,12
676440,CH,2023,"Bibee, Tanner",offspeed,102,1.16581121435294,0.313725490196078,2.97301879084968,0.184728505144763,55.0823529411765,-2.18,6.22372549019607,56.9794270833334,-2.16723958333333,6.332421875,1.89707414215688,0.109442826639988,3.71602324575,32
676092,ST,2024,"Snider, Collin",breaking,133,1.16577699603008,0.278195488721805,5.14166760184042,0.178508620386782,23.5,-3.08466165413534,5.21165413533835,18.3805970149254,-3.22442786069652,5.18636815920398,5.11940298507462,0.142035112157416,4.19049568843243,37
695001,ST,2026,"Santa, Alimber",breaking,49,1.1647458362449,0.224489795918367,2.50401125967628,0.258381321228064,28.5061224489796,-1.03183673469388,5.49,30.1103448275862,-0.851724137931035,5.53241379310345,1.60422237860661,0.185039123857839,5.18841327054545,11
605498,SL,2023,"Suárez, Andrew",breaking,56,1.16420714307143,0.321428571428571,1.56964285714286,0.189398594070956,49.9660714285714,1.43571428571429,6.28107142857143,48.6833333333333,1.51452380952381,6.29865079365079,1.28273809523809,0.0807463628882292,3.62197777844444,18
607179,SL,2023,"Weems, Jordan",breaking,102,1.16344283576471,0.264705882352941,1.83051968754979,0.414256271249192,48.6519607843137,-1.86019607843137,6.00686274509804,50.1422764227642,-1.75872,6.03984,1.4903156384505,0.10670001796944,4.39522849066667,27
677944,CH,2024,"Cecconi, Slade",offspeed,76,1.16272169842105,0.263157894736842,4.20789473684208,0.336995068688919,32.0828947368421,-2.13973684210526,5.50684210526316,36.1954545454545,-1.87835227272727,5.63011363636364,4.11255980861242,0.288994400445361,4.418342454,20
592791,ST,2024,"Taillon, Jameson",breaking,219,1.16266480118721,0.296803652968037,2.10011720753058,0.153262599840548,45.2680365296804,-1.37442922374429,6.13447488584475,44.5101604278075,-1.33300802139037,6.11589572192513,0.757876101872867,0.0453971511925164,3.91728602246154,65
669854,SL,2024,"Blanco, Ronel",breaking,430,1.16221674929302,0.295348837209302,3.13605518512498,0.302296775185466,44.5262790697675,-1.11288372093023,6.03246511627907,47.3365967365968,-0.874298850574712,6.17027586206896,2.81031766682933,0.275525937105248,3.93506458422047,127
668941,ST,2025,"Romero, JoJo",breaking,159,1.16016390618868,0.333333333333333,2.88815147117034,0.17596441383698,31.2660377358491,2.01201257861635,5.38289308176101,28.8503496503497,1.95552447552447,5.3534965034965,2.41568808549942,0.0636793891661959,3.48049171856604,53
547179,SL,2025,"Lorenzen, Michael",breaking,148,1.15996269308108,0.243243243243243,3.87936868165875,0.431772005324689,42.9162162162162,-1.90486486486487,5.82263513513513,40.4213740458015,-2.05786259541984,5.74131679389313,2.49484217041468,0.173265628955441,4.768735516,36
678692,CH,2025,"Henriquez, Ronny",offspeed,72,1.15900356316667,0.347222222222222,10.7867922859165,0.545083362059222,34.5902777777778,-2.64527777777778,5.16305555555555,45.3770700636943,-2.14337579617834,5.33490445859873,10.7867922859165,0.530506969426962,3.33793026192,25
686973,CH,2026,"Varland, Louis",offspeed,77,1.1580462547013,0.350649350649351,3.01394214251359,0.18436623637144,36.4545454545454,-3.00506493506493,5.30922077922078,39.1232804232805,-2.90656084656085,5.37994708994709,2.66873496873501,0.121265273186411,3.302576356,27
571760,SL,2024,"Heaney, Andrew",breaking,395,1.15801048855696,0.349367088607595,1.99862303179994,0.151324886549354,29.6878481012658,3.00721518987342,5.04546835443038,28.4936585365854,2.98107317073171,4.98242276422764,1.19418956468046,0.0682506528087212,3.31459523898551,138
685107,ST,2025,"Veneziano, Anthony",breaking,67,1.157729352,0.26865671641791,2.03922619910158,0.20687579276528,35.389552238806,2.05253731343284,6.18820895522388,34.0466019417476,2.08135922330097,6.19825242718447,1.34295029705839,0.0305216942103469,4.30932592133333,18
592094,CH,2024,"Adam, Jason",offspeed,156,1.15764596753846,0.358974358974359,4.67433587433586,0.24226467162436,33.1551282051282,-1.18730769230769,6.12467948717949,37.1963963963964,-1.0781981981982,6.18765765765765,4.04126819126818,0.125980679715608,3.22487090957143,56
663554,FS,2024,"Mize, Casey",offspeed,177,1.15715175464407,0.31638418079096,4.05109970014027,0.326690687369111,42.0050847457627,-1.78598870056497,5.58265536723164,45.6166287015945,-1.57129840546697,5.78423690205012,3.61154395583179,0.294494546620205,3.65742608164286,56
641712,SL,2024,"Hudson, Dakota",breaking,169,1.15677947692308,0.289940828402367,2.80280631420697,0.255681722321166,35.3443786982249,-2.37189349112426,6.13272189349113,36.6964169381108,-2.17905537459283,6.13361563517916,1.35203823988591,0.192840187620715,3.98970880816326,49
676130,CH,2023,"Buttó, José",offspeed,60,1.1564242548,0.366666666666667,2.21002583979329,0.180497468420553,34.6433333333333,-2.40216666666667,5.43483333333333,36.6782945736434,-2.30751937984496,5.49992248062015,2.03496124031009,0.114868211430471,3.15388433127273,22
686218,CU,2026,"Sheehan, Emmet",breaking,62,1.15623761806452,0.274193548387097,2.70446436824105,0.210269549556523,35.6354838709678,-1.16112903225807,5.47935483870968,33.7816618911175,-1.15613180515759,5.48779369627507,1.85382197985026,0.00980747652062685,4.21686660705883,17
680732,SL,2025,"Burke, Sean",breaking,271,1.15566704439852,0.25830258302583,3.44067047903755,0.292809216731742,40.0461254612546,-2.59380073800738,6.17206642066421,43.144122965642,-2.34373646209386,6.28680505415163,3.09799750438737,0.275131052596231,4.47408241474286,70
594943,CH,2023,"Neal, Zach",offspeed,52,1.15477224223077,0.269230769230769,6.04853616532721,0.302200087159454,33.8634615384615,-2.29596153846154,5.37846153846154,27.8149253731343,-2.52753731343284,5.22186567164179,6.04853616532719,0.279552508589331,4.28915404257143,14
669684,CU,2025,"Murphy, Chris",breaking,73,1.15456642273973,0.287671232876712,3.65375583320789,0.337936589621587,42.9794520547945,2.20178082191781,5.39356164383562,45.6835164835165,1.93230769230769,5.56703296703297,2.70406442872196,0.320480994060037,4.01349280285714,21
641927,CH,2023,"Ober, Bailey",offspeed,189,1.15365729403175,0.312169312169312,2.95787771898882,0.172280917534495,29.0687830687831,-1.4510582010582,5.86206349206349,31.6055555555555,-1.32322222222222,5.82674074074073,2.53677248677247,0.132626295454417,3.69561404359322,59
679358,FS,2025,"Orze, Eric",offspeed,178,1.15330627979775,0.314606741573034,2.5796828331674,0.179843418355159,45.5342696629213,-1.51825842696629,5.80516853932584,43.9367088607595,-1.51544303797468,5.89924050632912,1.59756080216184,0.0941140871019816,3.66586638935714,56
681402,SL,2023,"Varland, Gus",breaking,54,1.15308600955556,0.351851851851852,3.71095350669819,0.242339501342186,40.5481481481481,-1.72444444444445,5.17018518518518,44.0085106382979,-1.53574468085106,5.22957446808511,3.46036249014973,0.197824891516627,3.27719181663158,19
543037,KC,2024,"Cole, Gerrit",breaking,122,1.15088225737705,0.295081967213115,3.15320678746042,0.149976137926108,44.5418032786886,-2.28040983606557,6.00524590163934,41.9429824561404,-2.30103070175439,5.99559210526315,2.59882082254814,0.0227687480162826,3.90021209444444,36
674003,CH,2023,"Bradford, Cody",offspeed,57,1.15083410315789,0.298245614035088,8.45850926751908,0.366107125242399,48.719298245614,0.909298245614035,5.91491228070175,57.1079096045198,0.615722222222222,6.1185,8.38861135890574,0.35726018664219,3.8586790517647,17
628317,FS,2023,"Maeda, Kenta",offspeed,200,1.14996970964,0.37,1.77479032258065,0.13737132268724,39.9795,-2.13635,5.8055,39.5301075268817,-2.14333333333333,5.75817204301075,0.44939247311828,0.047840385211872,3.10802624227027,74
606996,CH,2025,"Hart, Kyle",offspeed,44,1.14980105190909,0.318181818181818,2.5930410297667,0.171645102940997,36.3090909090909,2.64181818181818,5.6425,34.5725663716814,2.61734513274336,5.53619469026548,1.73652453740952,0.109085970723874,3.61366044885714,14
670329,CU,2025,"Garcia, Rico",breaking,45,1.14889175866667,0.177777777777778,2.0819072615923,0.141231581925036,49.82,-1.44311111111111,5.96466666666666,51.1354330708661,-1.39354330708661,6.03653543307087,1.31543307086613,0.0873045633416305,6.4625161425,8
808967,CU,2026,"Yamamoto, Yoshinobu",breaking,100,1.14739885464,0.22,9.93924498886415,0.364960115284337,49.129,-1.6556,5.5453,39.1897550111359,-1.9652561247216,5.38258351893095,9.93924498886415,0.349805043973206,5.21544933927273,22
670970,SL,2025,"Morejon, Adrian",breaking,110,1.14652099549091,0.354545454545455,3.92556132756132,0.387707018864694,40.4390909090909,2.71163636363636,5.86363636363637,43.8292063492063,2.35520634920635,5.96111111111112,3.39011544011543,0.36951817490057,3.23377716676923,39
689017,KC,2024,"Knack, Landon",breaking,53,1.14589788271698,0.169811320754717,2.24736294755608,0.256400147719777,55.1547169811321,-0.955471698113208,5.90735849056604,53.6582677165354,-0.767204724409449,5.78677165354331,1.49644926459665,0.22357468249048,6.74806530933333,9
689225,CH,2024,"Brieske, Beau",offspeed,177,1.1458417100113,0.299435028248588,5.57589453860641,0.312448791368159,45.9514124293785,-1.61112994350283,5.91305084745763,51.4505050505051,-1.36739130434783,6.02591973244148,5.49909262112652,0.268603628818801,3.82667891833962,53
663947,ST,2026,"Holton, Tyler",breaking,53,1.1450677010566,0.39622641509434,5.56430886875574,0.323498662491483,34.0867924528302,1.92622641509434,5.66094339622642,39.6511013215859,1.67964757709251,5.8546255506608,5.56430886875575,0.313550474878728,2.88993276933333,21
500779,CH,2024,"Quintana, Jose",offspeed,201,1.14459507068657,0.343283582089552,2.71293287660061,0.150180646398945,42.8537313432836,2.29149253731343,5.77203980099502,44.9732786885246,2.21594551282052,5.78451923076922,2.11954734524101,0.0765708108695645,3.33425520591304,69
682243,FS,2026,"Miller, Bryce",offspeed,137,1.14400874954745,0.291970802919708,7.36580669519255,0.485740800182661,40.7313868613138,-1.3614598540146,5.38357664233577,47.941724137931,-1.01220689655172,5.70758620689655,7.21033727661719,0.476403008201496,3.9182299672,40
666214,SL,2025,"Wentz, Joey",breaking,234,1.14379515124786,0.273504273504274,4.63931810955884,0.310526488559142,45.2487179487179,0.954358974358974,6.12470085470086,49.8153172866521,0.811422319474836,6.31137855579868,4.56659933793417,0.235115825491686,4.18200102175,64
696270,ST,2026,"Johnson, Ryan",breaking,54,1.14379150940741,0.333333333333333,2.49713640469738,0.334871128054971,20.5685185185185,-2.82037037037037,5.71814814814815,20.1863414634146,-2.80234146341463,5.75946341463415,0.382177055103888,0.0450776300489292,3.43137452822222,18
663567,CH,2026,"Lambert, Peter",offspeed,208,1.14372715559615,0.350961538461538,1.64602842809364,0.219908495400336,47.2346153846154,-2.53259615384615,5.93942307692308,47.9913043478261,-2.4595652173913,6.07403381642512,0.756688963210699,0.153145580637377,3.25883901868493,73
674003,CH,2024,"Bradford, Cody",offspeed,148,1.14345348075676,0.304054054054054,6.97858312858312,0.299836928992576,51.7905405405405,0.692094594594595,6.11547297297297,58.693265993266,0.458249158249159,6.28,6.90272545272545,0.285924519273773,3.76069144782222,45
670241,CH,2023,"Vines, Darius",offspeed,44,1.14267210981818,0.318181818181818,2.40375383043923,0.154208186207872,44.9522727272727,-2.18136363636364,5.95727272727273,46.5932584269663,-2.10561797752809,6.00078651685393,1.64098569969357,0.0873547635572809,3.59125520228571,14
669160,ST,2026,"May, Dustin",breaking,152,1.14235010194737,0.302631578947368,5.29269725072964,0.332904200616093,28.8809210526316,-2.18276315789474,5.25598684210526,33.9293381037567,-1.99914132379248,5.44066189624329,5.04841705112508,0.260426292028969,3.774722076,46
680880,FS,2025,"Holman, Grant",offspeed,81,1.14182553214815,0.308641975308642,3.20498971193416,0.225038828755797,38.8135802469136,-2.00197530864197,5.92740740740741,41.6541666666667,-1.91861111111111,6.08388888888889,2.84058641975308,0.177302124850787,3.69951472416,25
571760,SL,2023,"Heaney, Andrew",breaking,151,1.14150865088742,0.258278145695364,2.19778897654416,0.157358034804141,27.2602649006623,3.05105960264901,4.98516556291391,27.893625498008,2.9591235059761,4.99063745019921,0.633360597345732,0.0920987916419824,4.41968734061538,39
666277,ST,2023,"Soriano, George",breaking,106,1.14119950233962,0.330188679245283,2.51451675009627,0.162591879944986,23.5311320754717,-1.71820754716981,5.1872641509434,22.1255102040816,-1.70469387755102,5.14112244897959,1.40562187139008,0.0480798910843437,3.45620420708571,35
680684,CH,2025,"Hoglund, Gunnar",offspeed,56,1.14068191114286,0.321428571428571,6.40441657579063,0.359132574609384,45.5142857142857,-2.47571428571429,6.06053571428571,51.7969465648855,-2.25091603053435,6.27480916030535,6.2826608505998,0.310559761078396,3.548788168,18
663474,SL,2024,"McKenzie, Triston",breaking,93,1.14047115230108,0.333333333333333,2.59774795097375,0.276832227630977,53.3290322580645,-1.88440860215054,6.48139784946237,55.3597902097902,-1.62937062937063,6.49017482517483,2.0307579517257,0.255188955212295,3.42141345690323,31
663554,FS,2026,"Mize, Casey",offspeed,173,1.13968898420809,0.335260115606936,2.98259070451978,0.228326285865945,43.1219653179191,-2.24606936416185,5.76682080924855,45.8461254612546,-2.08608856088561,5.87845018450185,2.72416014333557,0.195076843413953,3.39941714255172,58
605347,KC,2023,"López, Jorge",breaking,55,1.13871345054545,0.345454545454545,4.64459330143541,0.401447467842125,33.0672727272727,-2.70072727272727,5.614,32.8824561403509,-2.53587719298246,5.61754385964912,0.184816586921848,0.164888167353162,3.29627577789474,19
527048,CH,2024,"Pérez, Martín",offspeed,259,1.13868284659459,0.312741312741313,2.44752426171345,0.184063422751659,46.3378378378378,1.12818532818533,5.73347490347491,46.3155405405406,1.05680743243243,5.70055743243243,0.022297297297257,0.0786025693087917,3.64097354651852,81
693821,SL,2026,"Elder, Bryce",breaking,231,1.13838016268398,0.29004329004329,2.61045748037273,0.160666423398327,50.1926406926407,-1.46909090909091,6.23549783549784,47.6521186440678,-1.55002118644068,6.1645127118644,2.54052204857288,0.107650348671819,3.92486294895522,67
687377,SL,2026,"Ribalta, Orlando",breaking,115,1.13782825728696,0.243478260869565,3.04178323881538,0.206662794153871,44.2469565217391,-2.04165217391304,6.60060869565217,42.0253623188406,-1.95326086956522,6.55927536231884,2.22159420289854,0.097578005353434,4.67322319957143,28
621244,CH,2025,"Berríos, José",offspeed,242,1.13769959616529,0.334710743801653,2.84847185404645,0.210990483166111,37.2962809917356,-2.00454545454545,5.55425619834711,39.866823899371,-1.92847484276729,5.70443396226415,2.57054290763549,0.16834517739284,3.39905311446914,81
642152,CH,2025,"Trivino III, Lou",offspeed,65,1.13626210541538,0.369230769230769,1.81679487179487,0.238081260809623,33.9907692307692,-1.37030769230769,6.03538461538462,34.6138888888889,-1.27813492063492,6.06392857142857,0.623119658119641,0.0964913325873355,3.0773765355,24
572020,CH,2024,"Paxton, James",offspeed,44,1.13565818436364,0.295454545454545,4.75259170653907,0.257023528935837,44.1340909090909,2.16590909090909,6.105,40.666081871345,2.29358674463938,6.00623781676413,3.46800903774588,0.161417322798968,3.84376616246154,13
676760,CH,2024,"Marinaccio, Ron",offspeed,60,1.13511959,0.266666666666667,3.43747967479675,0.280754889272073,32.4866666666667,-2.89933333333333,5.26666666666667,35.609756097561,-2.85341463414634,5.49878048780488,3.12308943089431,0.236612241649511,4.2566984625,16
547179,CU,2026,"Lorenzen, Michael",breaking,90,1.13443108213333,0.222222222222222,3.31694323144105,0.412054340424693,41.0866666666667,-1.70344444444444,5.70766666666667,38.4975982532751,-1.91602620087336,5.64596069868995,2.58906841339157,0.221356340885793,5.1049398696,20
621112,ST,2024,"Blackburn, Paul",breaking,75,1.13438930549333,0.226666666666667,3.8463311546841,0.238153494861034,46.4693333333333,-2.1908,5.92186666666667,49.8957516339869,-2.03088235294118,6.05032679738562,3.42641830065359,0.205123521384461,5.00465870070588,17
666974,CH,2023,"Cano, Yennier",offspeed,65,1.13376079686154,0.384615384615385,6.48467948717948,0.323441535133102,20.4738461538462,-2.32769230769231,5.60815384615385,13.9891666666667,-2.314,5.31875,6.48467948717948,0.289727571105306,2.94777807184,25
663773,SL,2024,"Hoeing, Bryan",breaking,52,1.13337850523077,0.230769230769231,6.66274781919114,0.355352830227661,38.8019230769231,-2.06192307692308,6.19019230769231,32.1391752577319,-2.2190206185567,6.04407216494846,6.66274781919113,0.214547742245898,4.911306856,12
642048,CH,2023,"Saucedo, Tayler",offspeed,46,1.13337024365217,0.326086956521739,2.76304347826087,0.145781353158587,21.6347826086957,2.11108695652174,5.22543478260869,23.2590909090909,2.10511363636364,5.31852272727273,1.62430830039526,0.0932793974867186,3.4756687472,15
593958,CH,2023,"Rodriguez, Eduardo",offspeed,128,1.13280710365625,0.296875,1.772515625,0.169823762466901,38.065625,1.666796875,5.828515625,37.83975,1.6296,5.79715,0.225874999999981,0.0486560370499526,3.81577129652632,38
642701,CH,2024,"Santana, Dennis",offspeed,50,1.13159265024,0.36,1.47704918032787,0.27075457543388,31.292,-2.5214,5.7006,32.0826229508197,-2.29118032786885,5.77137704918033,0.79062295081966,0.24085366537972,3.14331291733333,18
596001,ST,2024,"Junis, Jakob",breaking,185,1.13157260722162,0.259459459459459,2.13328110719415,0.261668361707728,29.6486486486487,-2.33113513513514,5.6932972972973,28.4618357487923,-2.12671497584541,5.57449275362319,1.18681289985637,0.236436294002528,4.36126942366667,48
608372,FS,2026,"Sugano, Tomoyuki",offspeed,151,1.13140426609272,0.28476821192053,2.71838060727227,0.165194155797009,42.312582781457,-2.49781456953643,5.98165562913908,39.7358490566038,-2.6125935828877,5.91759358288771,2.57673372485318,0.131446444135262,3.97307079488372,43
669203,CH,2024,"Burnes, Corbin",offspeed,141,1.1307814013617,0.354609929078014,3.47344932127932,0.33633199701877,39.3716312056737,-1.08,5.68914893617022,42.6955070603338,-0.940218228498075,5.98041078305521,3.32387585466001,0.323067186657941,3.18880355184,50
664991,CU,2026,"Wolfram, Grant",breaking,43,1.13063608018605,0.255813953488372,2.28890445502941,0.109760824142756,43.7325581395349,2.12302325581395,6.24116279069767,41.4457831325301,2.13198795180723,6.20692771084337,2.28677500700475,0.0353893552764413,4.41975922254546,11
605130,ST,2023,"Barlow, Scott",breaking,51,1.13031635647059,0.411764705882353,4.25050062578222,0.41350455564517,25.9254901960784,-2.15745098039216,5.10960784313726,29.9436170212766,-1.82904255319149,5.2568085106383,4.01812682519815,0.359889054528154,2.74505400857143,21
656605,CU,2026,"Keller, Mitch",breaking,51,1.13024870164706,0.352941176470588,5.11176470588237,0.238828576308129,39.9490196078431,-1.91686274509804,5.7943137254902,35.0469387755102,-2.02571428571429,5.68757142857143,4.90208083233296,0.152455160116097,3.20237132133333,18
678692,SL,2024,"Henriquez, Ronny",breaking,47,1.12836859838298,0.340425531914894,4.83959115561117,0.355839596263814,43.9829787234043,-2.26744680851064,5.29808510638298,48.5549019607843,-1.9978431372549,5.46470588235294,4.57192323738005,0.316936306754847,3.31458275775,16
680732,KC,2025,"Burke, Sean",breaking,199,1.12811153222111,0.251256281407035,2.0685325360982,0.148336623275803,44.1452261306533,-2.34934673366834,6.27371859296483,43.144122965642,-2.34373646209386,6.28680505415163,1.00110316501127,0.0142383500986918,4.48988389824,50
660787,CH,2025,"De los Santos, Yerry",offspeed,80,1.1278137816,0.3375,2.67229294478526,0.173652722465695,30.69125,-2.087375,6.032875,28.2760736196319,-2.15288343558282,5.94730061349693,2.41517638036808,0.107769804481058,3.341670464,27
519008,ST,2024,"McFarland, T.J.",breaking,119,1.12744946218487,0.26890756302521,5.3265006002401,0.179020622063162,16.6596638655462,2.04957983193277,5.38546218487395,11.3331632653061,2.06459183673469,5.28734693877551,5.32650060024009,0.0992570491457922,4.1927026875,32
500779,SV,2024,"Quintana, Jose",breaking,67,1.12640314549254,0.283582089552239,1.89919011499878,0.162232857813218,44.3089552238806,2.26820895522388,5.73373134328358,44.9732786885246,2.21594551282052,5.78451923076922,0.664323464643992,0.0728757636467995,3.97205319726316,19
681799,ST,2026,"Roberts, Ethan",breaking,66,1.12593733036364,0.287878787878788,3.13810606060606,0.22114615574046,33.1651515151515,-1.62545454545454,5.20212121212121,35.8908333333333,-1.45683333333333,5.28358333333333,2.72568181818183,0.187267697079888,3.91115072652632,19
607200,ST,2025,"Fedde, Erick",breaking,272,1.12581952039706,0.246323529411765,7.86026583710407,0.467673445961589,30.1301470588235,-1.68283088235294,5.62889705882353,37.9653846153846,-1.33272307692308,5.90861538461539,7.83523755656107,0.448127010128508,4.57049118728358,67
657277,ST,2023,"Webb, Logan",breaking,94,1.12568544293617,0.25531914893617,3.311897774517,0.257902063708401,20.1840425531915,-1.41212765957447,4.94446808510638,23.3816091954023,-1.22,5.08724137931035,3.19756664221081,0.239368442179445,4.4089346515,24
668678,SL,2026,"Gallen, Zac",breaking,172,1.12444456713953,0.284883720930233,2.58439144457647,0.16897496990638,44.9331395348837,-2.57656976744186,6.00982558139535,45.3675182481752,-2.51756183745583,6.03226148409894,0.434378713291451,0.0631292763411801,3.94702990914286,49
680694,SL,2023,"Bradish, Kyle",breaking,194,1.12426414006186,0.350515463917526,2.54034805637,0.257481052983241,52.8020618556701,-1.42417525773196,6.21819587628866,52.6068807339449,-1.22142201834862,6.21752293577981,0.195181121725149,0.202754356129194,3.20745945841176,68
641482,CH,2024,"Cortes, Nestor",offspeed,137,1.12411110738686,0.306569343065693,5.97495201535506,0.349646131782525,43.3343065693431,1.32445255474453,5.55175182481752,49.2745681381958,1.10378119001919,5.78583493282151,5.94026156885267,0.321699786544145,3.66674337409524,42
657376,KC,2024,"Schmidt, Clarke",breaking,100,1.12399832988,0.3,6.63096418732781,0.280850065792394,42.47,-1.2127,5.8465,35.8418732782369,-1.39895316804408,5.66878787878788,6.62812672176307,0.257433177023021,3.7466610996,30
663738,CH,2024,"Lynch IV, Daniel",offspeed,67,1.12322179880597,0.298507462686567,6.90842379014022,0.322992270100105,33.5059701492537,1.3689552238806,5.9144776119403,40.414393939394,1.09318181818182,6.03022727272727,6.90842379014023,0.299080181996407,3.762793026,20
663436,SL,2025,"Martin, Davis",breaking,241,1.12269493307884,0.294605809128631,2.18366459882503,0.189151454976382,37.8946058091287,-2.11323651452282,5.9303734439834,38.5946534653466,-2.10086956521739,5.93169960474308,0.70004765621789,0.0124378509994117,3.81083773059155,71
669854,CH,2024,"Blanco, Ronel",offspeed,273,1.12217406594872,0.293040293040293,2.13466789620637,0.163455403498719,46.5205128205128,-0.882893772893773,6.0869597069597,47.3365967365968,-0.874298850574712,6.17027586206896,0.816083916083954,0.0837583093899408,3.82941900005,80
527048,CU,2024,"Pérez, Martín",breaking,124,1.1221424523871,0.25,4.03359851787268,0.188539837042472,50.2983870967742,1.10572580645161,5.82564516129033,46.3155405405406,1.05680743243243,5.70055743243243,3.98284655623361,0.13431287066959,4.48856980954839,31
655889,SL,2025,"Rodríguez, Manuel",breaking,107,1.12083957951402,0.261682242990654,3.49718652647974,0.172597857005293,49.0093457943925,-0.739719626168225,5.57168224299066,45.8052083333334,-0.805520833333333,5.5225,3.20413746105917,0.082150422335965,4.28320839314286,28
621121,KC,2026,"McCullers Jr., Lance",breaking,53,1.11982508498113,0.415094339622642,3.31093160377359,0.189913157456223,34.2962264150943,-1.31132075471698,5.45698113207547,31.711875,-1.31823170731707,5.39396341463415,2.58435141509433,0.0633955359418583,2.697760432,22
579328,CU,2023,"Kikuchi, Yusei",breaking,140,1.11959679762857,0.292857142857143,13.0311700064641,0.562582991038089,48.5171428571428,2.1515,5.50921428571429,35.4859728506788,2.61457013574661,5.19619909502262,13.0311700064641,0.558938690934991,3.82301345531707,41
572955,CU,2026,"Johnson, Pierce",breaking,166,1.11955867638554,0.240963855421687,3.07286809575967,0.190039456820949,42.2530120481928,-1.31283132530121,6.17650602409639,39.9194805194805,-1.35142857142857,6.10883116883117,2.33353152871226,0.0779078522601223,4.646168507,40
434378,SL,2025,"Verlander, Justin",breaking,345,1.11934569677681,0.31304347826087,4.54638934586758,0.312652177145365,54.4408695652173,-1.8596231884058,7.06994202898551,57.7005405405405,-1.68459459459459,7.13866666666667,3.25967097532318,0.188037454981539,3.57568764248148,108
672456,SL,2024,"Montero, Keider",breaking,213,1.11905966276056,0.23943661971831,2.77639391231579,0.252732363102299,44.0962441314554,-2.58779342723005,5.85953051643193,42.1921450151057,-2.4729003021148,5.83151057401812,1.90409911634967,0.118260506390003,4.673719768,51
641540,CH,2024,"Dunning, Dane",offspeed,92,1.11853474826087,0.271739130434783,2.12686193918986,0.153315263962572,38.7032608695652,-2.34608695652174,5.46630434782609,37.7020501138952,-2.33697038724373,5.38182232346242,1.00121075566999,0.0849724912897382,4.1162078736,25
676440,CH,2024,"Bibee, Tanner",offspeed,235,1.11734045462128,0.263829787234043,2.73444064548447,0.218224423337359,52.191914893617,-2.20553191489361,6.17234042553191,50.7817809621289,-2.29244626407369,6.18507676560901,1.41013393148809,0.0878425776714012,4.23508075541935,62
687330,ST,2024,"Kelly, Kevin",breaking,130,1.11681252978462,0.284615384615385,2.7376132278936,0.23622088320109,3.17538461538462,-1.93976923076923,3.67353846153846,2.52834890965732,-1.76582554517134,3.71280373831776,0.647035705727298,0.178320407469061,3.92393591545946,37
527048,CH,2026,"Pérez, Martín",offspeed,225,1.11604050917333,0.306666666666667,3.06316275908936,0.191536477964177,42.9537777777778,1.21817777777778,5.54817777777777,44.880122324159,1.09504587155963,5.58220183486239,1.92634454638123,0.12774624373895,3.63926252991304,69
628317,SL,2023,"Maeda, Kenta",breaking,108,1.116004984,0.212962962962963,1.93429908403027,0.144898188492317,38.6175925925926,-2.19222222222222,5.67712962962963,39.5301075268817,-2.14333333333333,5.75817204301075,0.912514934289149,0.0946466915609122,5.24037122921739,23
815083,SL,2025,"Farris, Mitch",breaking,46,1.11589206130435,0.239130434782609,3.06040703052729,0.243027259810183,42.5260869565217,1.15217391304348,5.98173913043478,45.5404255319149,0.943617021276596,6.08563829787234,3.01433857539316,0.233004322057941,4.66645771090909,11
666974,ST,2025,"Cano, Yennier",breaking,68,1.11528042941176,0.220588235294118,3.61085972850679,0.311540694043881,13.1073529411765,-2.49661764705882,5.33941176470588,16.5973076923077,-2.28934615384615,5.53596153846154,3.48995475113123,0.285645384107654,5.05593794666667,15
592773,FS,2025,"Stanek, Ryne",offspeed,53,1.11454970309434,0.264150943396226,3.04704292176983,0.232429649822717,51.1018867924528,-0.378867924528302,6.45226415094339,49.324269005848,-0.451023391812866,6.55169590643274,1.77761778660486,0.122853919183504,4.21936673314286,14
680730,CU,2024,"Parker, Mitchell",breaking,216,1.11430620322222,0.236111111111111,3.96905188246099,0.357167862952183,51.8217592592592,1.94949074074074,5.97333333333334,54.8821487603306,1.66402640264026,6.13363036303631,3.06038950107137,0.327391243100268,4.71941450776471,51
592351,SL,2024,"Gray, Jon",breaking,363,1.11428517270523,0.31129476584022,3.47940546772069,0.206530281202989,33.563085399449,-1.70413223140496,5.67911845730027,30.2111413043478,-1.69122282608696,5.51217391304348,3.35194409510122,0.16744292640411,3.57951785568142,113
683003,SL,2024,"Jones, Jared",breaking,344,1.11342410051163,0.34593023255814,3.42146899224805,0.274382892077693,44.9049418604651,-1.46398255813953,5.55880813953488,43.2186666666667,-1.32632258064516,5.49840860215054,1.68627519379844,0.150327554094361,3.21863773593277,119
685126,CH,2025,"Eisert, Brandon",offspeed,169,1.11305459633136,0.402366863905325,3.22258262375523,0.211834552209296,29.9680473372781,4.098224852071,4.99656804733728,31.944512195122,4.01237804878049,5.10646341463415,1.97646485784384,0.139451301135966,2.76626804088235,68
701581,CH,2024,"Festa, David",offspeed,153,1.11279977783006,0.38562091503268,7.83925653594773,0.451692238899223,52.4143790849673,-2.28176470588235,6.09333333333333,60.24375,-1.88895833333333,6.25020833333333,7.82937091503268,0.422973535744401,2.88573501708474,59
594902,SL,2024,"Lively, Ben",breaking,58,1.11004464151724,0.379310344827586,3.25183501496836,0.242120788407172,34.9862068965517,-1.50206896551724,5.09706896551724,38.1885852090032,-1.33827974276527,5.24242765273311,3.20237831245144,0.218988715322991,2.92648132763636,22
663878,SL,2026,"Pearson, Nate",breaking,57,1.10991382098246,0.245614035087719,2.85015948963317,0.333981741249779,42.6157894736842,-1.5359649122807,5.76245614035088,43.3045454545455,-1.32431818181818,5.68897727272728,0.688755980861231,0.224039020044994,4.51893484257143,14
667463,CH,2023,"King, John",offspeed,46,1.10985470295652,0.391304347826087,7.89306868304978,0.248642545079322,19.1260869565217,2.01130434782609,5.27782608695652,26.9927536231884,1.88797101449275,5.47217391304348,7.86666666666666,0.230178601559394,2.836295352,18
621381,CH,2026,"Strahm, Matt",offspeed,40,1.1098160079,0.175,1.30969101123595,0.581706064100018,28.0125,1.751,5.17875,29.1674157303371,2.32167597765363,5.25061452513967,1.15491573033706,0.57518308515157,6.34180575942857,7
621051,ST,2025,"Wilson, Steven",breaking,268,1.10960929043284,0.257462686567164,2.54409162795295,0.297851351614679,47.2272388059702,-2.4164552238806,5.8634328358209,49.2344370860927,-2.14509933774834,5.91615894039735,2.00719828012254,0.276430929967014,4.30978680921739,69
689147,ST,2026,"Kerkering, Orion",breaking,134,1.10919693313433,0.261194029850746,8.50716603318809,0.559388270434077,28.7313432835821,-1.78679104477612,5.68783582089552,37.2385093167702,-1.30484472049689,5.92496894409938,8.50716603318811,0.537126035122736,4.24663968685714,35
592332,FS,2024,"Gausman, Kevin",offspeed,456,1.10912441964912,0.315789473684211,3.64748174263411,0.229407917281597,34.0524122807018,-2.60796052631579,5.60910087719298,37.4485645933015,-2.47934289127837,5.71752688172044,3.39615231259968,0.168222158173073,3.51222732888889,144
656234,CU,2025,"Bird, Jake",breaking,96,1.10908955216667,0.375,7.59946933962265,0.352994881665415,25.184375,-2.5140625,5.50208333333333,17.5849056603774,-2.71125786163522,5.24,7.59946933962266,0.327984274411981,2.95757213911111,36
663804,CH,2023,"Kowar, Jackson",offspeed,63,1.10882082768254,0.253968253968254,2.85351473922903,0.384334186248168,39.5698412698413,-1.60698412698413,5.81365079365079,40.1571428571429,-1.57619047619048,5.79047619047619,0.587301587301589,0.0385397348395335,4.365982009,16
676664,SL,2024,"Sears, JP",breaking,113,1.10867214895575,0.274336283185841,10.3465359530189,0.557088938502409,16.5389380530973,1.51699115044248,4.4283185840708,26.8854740061162,1.1856880733945,4.86145259938838,10.3465359530189,0.545313491568471,4.04128880103226,31
685801,SL,2025,"Bigge, Hunter",breaking,51,1.10851403294118,0.411764705882353,3.15218216318787,0.233960455278867,51.6627450980392,-0.386274509803922,5.66274509803922,54.4451612903226,-0.232741935483871,5.81064516129032,2.78241619228339,0.213182269635688,2.69210550857143,21
694297,CU,2026,"Pfaadt, Brandon",breaking,64,1.1082364781875,0.265625,3.33288665254238,0.420316512429934,31.6296875,-2.5225,5.635,28.6040677966102,-2.36200636942675,5.52964968152866,3.02561970338984,0.191981496651616,4.17218438847059,17
518617,ST,2024,"Diekman, Jake",breaking,58,1.10782593868966,0.275862068965517,2.54207581639643,0.258089602659969,18.2948275862069,4.23793103448276,5.47741379310345,20.5291390728477,4.05607594936709,5.61645569620253,2.23431148664078,0.228919031100175,4.01586902775,16
621112,CH,2026,"Blackburn, Paul",offspeed,77,1.10781423522078,0.298701298701299,1.81247386759582,0.152567969074972,45.4480519480519,-2.13103896103896,5.99506493506493,45.9892682926829,-2.13839805825243,5.96854368932038,0.541216344630975,0.0275233135294476,3.70876939617391,23
502043,CH,2024,"Gibson, Kyle",offspeed,131,1.10774895975573,0.366412213740458,2.65833622484386,0.198298456920157,43.2351145038168,-2.25007633587786,6.17236641221374,45.6602272727273,-2.13085899513777,6.27787682333873,2.4251127689105,0.159201825331575,3.023231536,48
669920,CH,2026,"Alexander, Jason",offspeed,49,1.10539195428571,0.26530612244898,1.48930855924459,0.171363910102278,23.8448979591837,-1.57591836734694,5.58081632653061,24.0537313432836,-1.62283582089552,5.60283582089552,0.208833384099915,0.0518276526534814,4.16647736615385,13
624133,CH,2025,"Suarez, Ranger",offspeed,258,1.10468955266667,0.317829457364341,2.30888561342213,0.181860068870552,36.9631782945736,2.09709302325581,5.76841085271317,36.6012519561816,2.17677621283255,5.82799687010954,0.361926338392088,0.0994982621470465,3.4757305437561,82
686613,SL,2025,"Brown, Hunter",breaking,112,1.10248546489286,0.241071428571429,2.96689647377938,0.203652928030769,57.0142857142857,-1.995625,6.16285714285715,56.8462025316456,-1.9676582278481,6.16356962025317,0.168083182640146,0.0279758461647894,4.57327303955556,27
669438,CH,2025,"Englert, Mason",offspeed,132,1.1019835250303,0.333333333333333,2.23202375513933,0.192302630189325,39.4090909090909,-1.36363636363636,5.80598484848485,40.6904522613065,-1.32592964824121,5.93984924623116,1.28136135221563,0.139073625716284,3.30595057509091,44
676534,ST,2025,"Faucher, Calvin",breaking,86,1.10128271581395,0.255813953488372,3.32816448056651,0.178605948385484,41.0837209302325,-1.38918604651163,5.72825581395349,43.3584775086505,-1.35640138408305,5.81096885813149,2.27475657841799,0.0889734891287706,4.30501425272727,22
808967,FS,2025,"Yamamoto, Yoshinobu",offspeed,364,1.10106581882418,0.406593406593407,1.95591767441082,0.171192303544649,41.3741758241758,-1.88936813186813,5.41972527472527,41.5213089802131,-1.87525114155251,5.43491628614917,0.147133156037235,0.0207377974638641,2.70802674359459,148
694297,ST,2026,"Pfaadt, Brandon",breaking,65,1.10098935655385,0.261538461538462,4.81524902216428,0.424337819060996,24.44,-2.51876923076923,5.38430769230769,28.6040677966102,-2.36200636942675,5.52964968152866,4.16406779661017,0.213772983622791,4.20966518682353,17
700249,CH,2025,"Povich, Cade",offspeed,125,1.100626214496,0.344,3.10833148148149,0.264326229235143,39.2632,1.82392,5.88944,41.7821759259259,1.74909722222222,5.99398148148148,2.51897592592594,0.128558816985554,3.19949480958139,43
628452,CH,2024,"Iglesias, Raisel",offspeed,177,1.10016759080226,0.310734463276836,2.54721592797366,0.259916985931647,32.4242937853107,-1.78463276836158,5.49033898305085,33.7336898395722,-1.77919786096257,5.55401069518717,1.30939605426148,0.0639032483118532,3.54053933767273,55
677053,ST,2024,"Nardi, Andrew",breaking,177,1.09985635762712,0.310734463276836,3.01901708003403,0.20092451214995,46.6559322033899,2.9190395480226,5.78717514124294,46.7555984555984,2.84505791505792,5.82791505791506,0.0996662522085856,0.0844572248334764,3.53953773272727,55
663992,ST,2025,"Lovelady, Richard",breaking,47,1.09959915268085,0.340425531914894,2.47255319148936,0.18793148303942,19.4212765957447,2.63042553191489,5.28127659574468,21.43,2.50925,5.35025,2.00872340425531,0.139430412856826,3.230072511,16
829272,CH,2025,"Ogasawara, Shinnosuke",offspeed,77,1.09874123018182,0.272727272727273,3.38222269533745,0.160759096328581,46.9454545454545,1.58337662337662,5.69519480519481,45.7393442622951,1.63254098360656,5.62483606557377,1.20611028315943,0.0858340640880963,4.028717844,21
656546,FS,2024,"Hoffman, Jeff",offspeed,67,1.09816458758209,0.298507462686567,2.8800571610035,0.178283066365885,37.3880597014925,-2.71462686567164,5.94716417910448,39.1646808510638,-2.66292887029289,6.03058577405858,1.77662114957132,0.0981419646780506,3.6788513684,20
656302,KC,2024,"Cease, Dylan",breaking,88,1.09803353359091,0.261363636363636,2.23939393939393,0.312168880491588,53.8977272727273,-1.17602272727273,6.02329545454545,54.8148148148148,-1.16982222222222,6.19749629629629,0.917087542087508,0.174311157214854,4.20117178069565,23
628708,SL,2024,"Marte, Yunior",breaking,91,1.09614770294506,0.186813186813187,2.53637941006361,0.218074217674529,33.867032967033,-1.72230769230769,5.54582417582418,32.8115789473685,-1.60273684210526,5.56147368421053,1.05545401966452,0.120590610458967,5.86761417458824,17
502624,CH,2024,"Anderson, Chase",offspeed,139,1.09581303815827,0.251798561151079,5.20331371266623,0.521905495271342,39.5129496402878,-1.33381294964029,5.68151079136691,44.6748917748918,-1.35034632034632,5.79298701298702,5.16194213460402,0.112695609202839,4.35194320868571,35
669093,SL,2024,"Estrada, Jeremiah",breaking,112,1.09577739528571,0.330357142857143,7.70266089108913,0.459800264139652,59.7151785714286,-0.845178571428571,5.72,67.4108910891089,-0.490323624595469,5.91825242718446,7.69571251768035,0.406480083369966,3.31694779113514,37
593958,SL,2025,"Rodriguez, Eduardo",breaking,43,1.09555844734884,0.232558139534884,2.86375163473022,0.191322087986502,41.8953488372093,1.0946511627907,5.94697674418605,39.5381418092909,1.2028728606357,5.89495110024451,2.35720702791838,0.120077489613941,4.7109013236,10
605288,SL,2023,"Houser, Adrian",breaking,81,1.09549027259259,0.283950617283951,1.79731175999664,0.219322847158064,39.5024691358025,-1.54604938271605,5.7883950617284,41.0160409556314,-1.39040955631399,5.88645051194539,1.51357181982896,0.1839527843761,3.85803096,23
453286,CH,2023,"Scherzer, Max",offspeed,67,1.09544228244776,0.298507462686567,2.39102418939783,0.171011867810242,27.5208955223881,-3.12253731343284,5.36880597014926,29.5744827586207,-3.07577319587629,5.4841237113402,2.05358723623261,0.124438997602137,3.6697316462,20
668881,FS,2025,"Greene, Hunter",offspeed,68,1.09525134423529,0.279411764705882,6.08551279247759,0.450444068353426,35.1441176470588,-1.66941176470588,5.89955882352941,36.1691449814127,-1.86587360594795,6.04297397769517,1.02502733435385,0.243238898017182,3.91984691621053,19
608723,ST,2024,"Voth, Austin",breaking,99,1.09489997321212,0.252525252525253,3.20322088812655,0.212313334187973,35.3929292929293,-2.56454545454545,5.60909090909091,38.3743396226415,-2.41924528301887,5.73350943396227,2.98141032971222,0.191290640588659,4.33580389392,25
686973,KC,2024,"Varland, Louis",breaking,70,1.09430555017143,0.257142857142857,2.44071428571429,0.492459207332294,42.3685714285714,-1.872,5.64785714285715,42.6083333333334,-2.12407407407407,5.53185185185185,0.239761904761927,0.277486155260985,4.25563269511111,18
664062,SL,2025,"Gonsolin, Tony",breaking,45,1.09369998257778,0.355555555555556,2.04257528556594,0.144000316122835,40.8777777777778,-0.884222222222222,6.13511111111111,41.0831775700935,-0.851869158878504,6.14813084112149,0.205399792315674,0.0348745476998034,3.076031201,16
607067,SL,2026,"Rea, Colin",breaking,106,1.09345287433962,0.273584905660377,1.94794896446739,0.113358069858386,30.2688679245283,-1.56254716981132,5.47462264150943,28.9163481953291,-1.5414406779661,5.45508474576271,1.35251972919916,0.0287613172198725,3.99675878206897,29
684320,FS,2025,"Rodríguez, Yariel",offspeed,51,1.09344737576471,0.176470588235294,6.17538515406163,0.26218803268371,42.2843137254902,-1.53764705882353,5.8556862745098,36.1089285714286,-1.71866071428571,5.72584821428571,6.17538515406162,0.222764147354411,6.196201796,9
663567,ST,2026,"Lambert, Peter",breaking,58,1.09339773689655,0.275862068965517,1.99497751124439,0.181438216619865,49.3120689655173,-2.52706896551724,6.07568965517241,47.9913043478261,-2.4595652173913,6.07403381642512,1.32076461769118,0.0675240535883861,3.96356679625,16
571901,CH,2023,"Loup, Aaron",offspeed,41,1.09332799639024,0.341463414634146,10.0022702868538,0.409825339568361,1.41219512195122,3.77365853658537,4.22292682926829,11.414465408805,3.73264150943396,4.61081761006289,10.0022702868538,0.390053399346531,3.20188913228571,14
690928,ST,2025,"Dobbins, Hunter",breaking,42,1.09310525009524,0.214285714285714,12.5906666666667,0.728524944229451,39.8761904761905,-2.28166666666667,5.74190476190476,52.4668571428572,-1.6996,6.15057142857143,12.5906666666667,0.711203240212591,5.10115783377778,9
641585,CU,2023,"France, J.P.",breaking,85,1.09276922672941,0.341176470588235,4.64281650570676,0.268690804004929,45.1176470588236,-1.28388235294118,5.52352941176471,40.5767164179105,-1.49779104477612,5.65020895522389,4.5409306409131,0.248605380419578,3.20294428524138,29
683769,SL,2026,"Gaddis, Hunter",breaking,143,1.09210329664336,0.314685314685315,2.95351225351225,0.335384744251502,36.8573426573427,-2.16391608391608,6.22104895104895,35.0279279279279,-2.04900900900901,6.17369369369369,1.82941472941472,0.124282566206541,3.47046158711111,45
606160,FS,2025,"Montero, Rafael",offspeed,251,1.09196255939442,0.358565737051793,2.97156465048895,0.310158806452089,33.103187250996,-1.75689243027888,4.93681274900398,34.7263636363636,-1.82195454545455,5.10904545454546,1.62317638536762,0.184111878186243,3.04536224897778,90
669920,ST,2025,"Alexander, Jason",breaking,63,1.09159997892064,0.253968253968254,2.04839334107627,0.397350937982505,20.4857142857143,-1.93746031746032,5.31984126984127,20.5837398373984,-1.59008097165992,5.47906882591093,0.098025551684092,0.38213325490021,4.298174917,16
656288,KC,2024,"Canning, Griffin",breaking,103,1.09126519273786,0.203883495145631,3.2852785091328,0.331928102402843,46.6077669902913,-1.69718446601942,5.92048543689321,47.7167372881356,-1.43065677966102,5.93845338983052,1.10897029784435,0.267132654178255,5.35239594533333,21
642528,CH,2026,"Loáisiga, Jonathan",offspeed,96,1.09030548875,0.322916666666667,3.27131510416666,0.283798557163774,43.8625,-1.866875,5.4465625,40.883125,-1.87905325443787,5.36532544378698,2.97937499999998,0.0821448061858466,3.37642990064516,31
701519,SL,2025,"Adams, Travis",breaking,48,1.09029016366667,0.291666666666667,2.47261306532663,0.361582315851556,40.3208333333333,-2.29,5.75166666666667,39.8286432160804,-2.18819095477387,5.89412060301508,0.492190117252939,0.17509484764268,3.738137704,14
686752,SL,2023,"Pepiot, Ryan",breaking,43,1.09012925534884,0.27906976744186,4.90067623288803,0.297673450906564,36.5232558139535,-1.60162790697674,5.76186046511628,41.4007092198582,-1.33985815602837,5.86553191489362,4.8774534059047,0.281551366557702,3.90629649833333,12
669020,CU,2026,"Rolison, Ryan",breaking,51,1.08915151952941,0.254901960784314,6.44432321315622,0.199596547032675,53.6725490196078,1.55117647058824,5.97294117647059,47.2282258064516,1.70015384615385,5.89407692307692,6.44432321315621,0.168564020163728,4.272825192,13
622663,SL,2023,"Severino, Luis",breaking,82,1.08901601507317,0.268292682926829,5.55373000982757,0.406978395708318,38.0804878048781,-2.03451219512195,5.89475609756098,43.4684981684982,-1.73076923076923,6.11472527472528,5.38801036362011,0.375028301993487,4.05905969254546,22
689225,CH,2025,"Brieske, Beau",offspeed,45,1.08893098168889,0.266666666666667,6.64412186379927,0.34891285379752,44.7155555555556,-1.61133333333333,5.98533333333333,51.3596774193548,-1.3125,6.1458064516129,6.64412186379926,0.33919460903953,4.08349118133333,12
594902,ST,2024,"Lively, Ben",breaking,192,1.08847136922917,0.255208333333333,3.7631497856377,0.279577062598839,34.9598958333333,-1.56546875,5.12583333333333,38.1885852090032,-1.33827974276527,5.24242765273311,3.22868937566984,0.25536068672487,4.26503067126531,49
669923,ST,2026,"Kirby, George",breaking,266,1.0872005781203,0.263157894736842,1.52800967937085,0.156714995129136,33.4082706766917,-1.63770676691729,5.71266917293233,33.5475095785441,-1.54309751434034,5.77017208413002,0.139238901852366,0.110713574006884,4.13136219685714,70
666661,SL,2025,"Morillo, Juan",breaking,52,1.087049941,0.288461538461538,2.26105536975102,0.263559204592545,47.9576923076923,-1.45538461538462,5.80519230769231,46.4212560386474,-1.60710144927536,5.76434782608696,1.53643626904496,0.15711864740839,3.76843979546667,15
621368,SL,2023,"Hearn, Taylor",breaking,48,1.0861220515,0.25,3.144375,0.200548666583478,39.6229166666667,2.63,6.46916666666667,36.5175,2.59975,6.51175,3.10541666666666,0.0522341150760495,4.344488206,12
665152,CU,2023,"Kremer, Dean",breaking,53,1.08592023916981,0.169811320754717,3.76048175069593,0.210548641941376,43.2830188679245,-2.13264150943396,6.02584905660378,39.6198770491804,-2.26075819672131,5.91338114754099,3.66314181874419,0.170478491694527,6.39486363066667,9
666142,KC,2024,"Ragans, Cole",breaking,84,1.08574056357143,0.321428571428571,1.33201689708141,0.27731743171644,46.3869047619048,1.17690476190476,6.35166666666667,45.7234838709677,1.07317419354839,6.3892,0.663420890937019,0.110312202056924,3.37785953111111,27
676661,KC,2025,"Lazar, Max",breaking,64,1.0841384904375,0.3125,2.41743119266055,0.1536755920939,54.465625,-0.5190625,5.86125,52.6321100917431,-0.543211009174312,5.89963302752294,1.83351490825687,0.045347627249594,3.4692431694,20
670329,SL,2026,"Garcia, Rico",breaking,68,1.08398820794118,0.279411764705882,3.0767825311943,0.235064418369242,45.6308823529412,-1.47779411764706,5.87279411764706,48.0191919191919,-1.28585858585859,5.96464646464647,2.38830956625073,0.21278181786098,3.87953674421053,19
685126,SL,2026,"Eisert, Brandon",breaking,109,1.08386142253211,0.339449541284404,2.03488532110092,0.164976503645538,35.402752293578,4.03155963302752,5.06844036697248,34.5241666666667,4.02466666666667,5.06941666666667,0.878585626911338,0.00696176316350788,3.19299716367568,37
680767,SL,2025,"Vodnik, Victor",breaking,43,1.08372730102326,0.27906976744186,4.37244777296019,0.288710581165883,44.7046511627907,-1.83627906976744,5.38279069767442,44.0983050847457,-1.90139830508475,5.42216101694915,0.606346078044957,0.0760955770600684,3.883356162,12
650911,CH,2024,"Sánchez, Cristopher",offspeed,523,1.08312638667686,0.319311663479924,3.51620918517432,0.248827592373968,29.9175908221797,1.97619502868069,6.102982791587,33.2822115384616,1.835744,6.222976,3.36462071628183,0.184729157207814,3.39206646845509,167
663903,SL,2025,"Singer, Brady",breaking,416,1.08247026893269,0.269230769230769,2.79112358896777,0.17148149008277,26.4615384615385,-1.52992788461538,5.26596153846154,24.8234493192133,-1.45567322239032,5.22585476550681,1.63808914232517,0.0843937681289358,4.02060385603571,112
686752,CH,2025,"Pepiot, Ryan",offspeed,359,1.08059594511421,0.284122562674095,5.10449382916862,0.237283835126758,38.1888579387187,-1.00991643454039,5.94161559888579,43.2578102189781,-0.865664233576642,5.90963503649635,5.06895228025945,0.147754708397499,3.80327396368628,102
683004,SL,2025,"Leiter, Jack",breaking,311,1.07873289654019,0.2508038585209,4.06839644172152,0.458511867762839,47.6983922829582,-1.7943729903537,5.6967845659164,43.8378548895899,-1.63807570977918,5.54241324921136,3.86053739336828,0.219680093172408,4.30110167723077,78
642207,CH,2026,"Williams, Devin",offspeed,178,1.07869933975281,0.365168539325843,9.33458218617458,0.191829880984842,13.4230337078652,-2.41926966292135,5.13983146067416,22.7576158940397,-2.34310126582278,5.29240506329114,9.33458218617458,0.170529554424121,2.95397665347692,65
471911,SL,2025,"Carrasco, Carlos",breaking,84,1.07842857361905,0.321428571428571,2.01793950284516,0.180818791076101,34.202380952381,-1.32119047619048,5.82666666666667,35.2823899371069,-1.22534591194969,5.89295597484277,1.08000898472596,0.116535200145593,3.35511111792593,27
664285,SL,2025,"Valdez, Framber",breaking,43,1.07840687255814,0.325581395348837,3.51630652182435,0.323628516023091,39.0023255813954,0.852093023255814,5.90255813953488,42.1811129848229,0.659207419898819,6.04418212478921,3.17878740342754,0.239295234348098,3.31224968,14
641401,CH,2026,"Brogdon, Connor",offspeed,51,1.07803317082353,0.235294117647059,3.03145204027557,0.182492499539313,31.4705882352941,-2.7821568627451,5.75941176470588,34.1256756756757,-2.66054054054054,5.85189189189189,2.65508744038155,0.152784501016641,4.581640976,12
506433,ST,2024,"Darvish, Yu",breaking,80,1.077993641,0.2375,2.29137339055794,0.191968452726135,38.3675,-2.079,5.554625,38.0549356223176,-2.00637096774193,5.56774193548387,0.312564377682378,0.0738039993715189,4.53892059368421,19
656731,SL,2024,"Megill, Tylor",breaking,76,1.07773419005263,0.276315789473684,2.30657894736842,0.504263964676126,36.925,-1.93223684210526,5.76723684210526,36.45,-1.9211038961039,5.79287878787878,0.475000000000016,0.027954460640863,3.90037135447619,21
676974,CH,2026,"Meyer, Max",offspeed,79,1.07759231924051,0.329113924050633,4.78040683642815,0.316210213438135,38.2848101265823,-1.26886075949367,5.75886075949367,42.6361867704281,-1.02143968871595,5.92762645914397,4.3513766438458,0.299497992719893,3.27422281615385,26
605288,CH,2024,"Houser, Adrian",offspeed,65,1.07747123341538,0.307692307692308,2.39970721320203,0.196355054348033,38.5646153846154,-1.46553846153846,5.81107692307692,40.2096885813149,-1.36908783783784,5.88476351351352,1.64507319669952,0.121377248372213,3.5017815086,20
657508,KC,2023,"Baumann, Mike",breaking,52,1.07677922046154,0.288461538461538,2.10461538461537,0.208085167705982,46.5192307692308,-1.78730769230769,6.04269230769231,48.0546666666667,-1.66493333333333,6.0588,1.53543589743587,0.123429905152133,3.73283463093333,15
643338,SL,2024,"Green, Chad",breaking,138,1.07653023486957,0.318840579710145,1.73955461293743,0.223786019087586,44.2753623188406,-1.77768115942029,6.04340579710145,44.6829268292683,-1.77494773519164,6.11170731707317,0.407564510427648,0.068356193855869,3.37639028209091,44
552640,SL,2026,"Kittredge, Andrew",breaking,122,1.07637556901639,0.344262295081967,2.25495901639344,0.156949778047787,40.8459016393442,-1.58114754098361,5.9305737704918,40.3608333333333,-1.57233333333333,5.91216666666667,0.485068306010916,0.0204086189569874,3.12661474809524,42
643511,SL,2025,"Rogers, Tyler",breaking,118,1.07626546630509,0.271186440677966,3.11895494421259,0.124228314041601,-58.4466101694915,-3.81610169491525,1.36694915254237,-61.4346733668342,-3.8179802955665,1.32293103448276,2.98806319734265,0.0440581871837354,3.968728907,32
608331,SL,2024,"Fried, Max",breaking,75,1.07565456853333,0.306666666666667,3.89268650793654,0.301046873141418,46.264,1.44013333333333,5.86653333333333,49.9038690476191,1.19425595238095,5.988125,3.63986904761907,0.274299507594856,3.50756924521739,23
806188,CU,2025,"Gibson, Cade",breaking,105,1.07527229329524,0.352380952380952,3.81810457516338,0.158563726921501,38.7952380952381,1.27152380952381,5.91304761904762,35.071568627451,1.29892156862745,5.85205882352941,3.72366946778708,0.0668600806360798,3.05144839989189,37
657376,ST,2024,"Schmidt, Clarke",breaking,129,1.07487770570543,0.317829457364341,7.21497426698274,0.514699838177654,29.4697674418605,-1.79635658914729,5.43255813953488,35.8418732782369,-1.39895316804408,5.66878787878788,6.37210583637647,0.462313712550336,3.38193229356097,41
668909,SL,2023,"Williams, Gavin",breaking,119,1.07457891946218,0.319327731092437,2.30182896688087,0.197242641185745,37.4058823529412,-2.86579831932773,5.79420168067227,37.7470588235294,-2.77188235294118,5.81509803921569,0.341176470588252,0.0962126111416532,3.36512872147368,38
663460,ST,2025,"Bubic, Kris",breaking,162,1.07423355562963,0.259259259259259,4.84798570500327,0.23406655729673,34.4055555555556,2.26432098765432,5.55413580246914,39.2392105263158,2.08726315789474,5.66457894736842,4.83365497076026,0.208679570956092,4.143472286,42
682847,SL,2024,"Ortiz, Luis",breaking,277,1.07337586444765,0.277978339350181,6.74869584202855,0.212067828947382,26.5324909747292,-1.75494584837545,5.05256317689531,19.8912798874824,-1.82985935302391,4.9281153305204,6.6412110872468,0.145255979725683,3.86136512275325,77
663687,CH,2024,"Harris, Hogan",offspeed,75,1.07184864208,0.226666666666667,9.18639910813826,0.423975906258514,41.9333333333333,2.65466666666667,5.69306666666667,51.1197324414716,2.37478260869565,5.93484949832776,9.18639910813825,0.369856760912087,4.72874400917647,17
669358,SL,2024,"Baz, Shane",breaking,123,1.07080739652033,0.203252032520325,2.18456158755136,0.161957088541749,37.9032520325203,-1.5479674796748,5.78910569105691,37.8720430107527,-1.49921146953405,5.79501792114696,0.0312090217676371,0.0491131651340254,5.26837239088,25
667297,CU,2024,"Nance, Tommy",breaking,41,1.07007691443902,0.317073170731707,5.26991869918698,0.229542533735425,48.4365853658537,-0.931463414634147,6.35975609756098,43.1666666666667,-0.973333333333334,6.17854166666667,5.26991869918697,0.185988601952445,3.37485796092308,13
647336,CH,2025,"Soroka, Michael",offspeed,62,1.06988477632258,0.193548387096774,3.08465958627248,0.199192408274224,33.7758064516129,-2.67177419354839,5.80354838709677,31.1329238329239,-2.68609336609337,5.68405405405405,2.64288261868906,0.120349218242985,5.527738011,12
624133,CU,2025,"Suarez, Ranger",breaking,193,1.06885314708808,0.233160621761658,4.69211608163661,0.225681051962741,41.2331606217617,2.00072538860104,5.85310880829016,36.6012519561816,2.17677621283255,5.82799687010954,4.63190866558012,0.177832792678356,4.5841923864,45
669622,SL,2025,"Bender, Anthony",breaking,81,1.0688524148642,0.246913580246914,2.42734339277549,0.187512348792122,23.6320987654321,-1.79061728395062,5.79185185185185,23.1456790123457,-1.69185185185185,5.81543209876543,0.486419753086437,0.101541314853419,4.3288522802,20
693821,CH,2026,"Elder, Bryce",offspeed,71,1.06846020507042,0.267605633802817,1.2951002625925,0.142526298891067,47.7760563380282,-1.59253521126761,6.19140845070423,47.6521186440678,-1.55002118644068,6.1645127118644,0.123937693960364,0.050307286497332,3.99266708210526,19
671212,SL,2025,"Boyle, Joe",breaking,151,1.06832440929801,0.311258278145695,2.19224219489121,0.170174046317578,33.0860927152318,-1.22238410596026,5.79933774834437,31.7714285714286,-1.24010582010582,5.81486772486773,1.31466414380325,0.0235635167806679,3.43227629370213,47
592351,SL,2025,"Gray, Jon",breaking,42,1.06774064485714,0.261904761904762,2.65490196078432,0.201935079496694,29.1714285714286,-1.66190476190476,5.47380952380953,26.6235294117647,-1.64490196078431,5.3164705882353,2.54789915966388,0.158254971149639,4.07682791672727,11
543101,KC,2025,"DeSclafani, Anthony",breaking,68,1.06766564841176,0.220588235294118,5.71435421994885,0.347940862344649,31.8602941176471,-2.16985294117647,5.37117647058823,37.5163043478261,-1.89934782608696,5.57815217391304,5.65601023017903,0.340605283365351,4.8400842728,15
668941,CH,2024,"Romero, JoJo",offspeed,79,1.06693813397468,0.253164556962025,2.6592419447641,0.190210204320383,32.9974683544304,1.69455696202532,5.45189873417722,31.3005681818182,1.70994318181818,5.41795454545455,1.69690017261221,0.0372685350873182,4.2144056292,20
646241,CH,2026,"De Jesus, Enmanuel",offspeed,48,1.06575814475,0.291666666666667,1.68037475345167,0.186913347982595,42.5041666666667,2.98020833333333,5.74104166666667,43.3254437869822,2.90994082840237,5.87615384615384,0.821277120315578,0.152291901606744,3.65402792485714,14
681517,CU,2025,"Leahy, Kyle",breaking,112,1.06492022757143,0.339285714285714,2.95045265780731,0.158548166380603,48.5580357142857,-2.08607142857143,5.81544642857143,45.9288372093023,-2.09097674418605,5.78776744186046,2.62919850498339,0.0281102904044926,3.13871224968421,38
621366,SL,2024,"Borucki, Ryan",breaking,53,1.06485668950943,0.245283018867925,1.93787061994609,0.171048198778322,28.1,1.96415094339623,5.69962264150944,29.0214285714286,1.88428571428571,5.74928571428572,0.921428571428567,0.0940471988868186,4.34133881107692,13
547179,CU,2025,"Lorenzen, Michael",breaking,105,1.06449261005714,0.257142857142857,4.39724463831333,0.543986197234028,43.2314285714286,-1.80123809523809,5.79171428571429,40.4213740458015,-2.05786259541984,5.74131679389313,2.81005452562704,0.261526368222014,4.13969348355556,27
678394,CH,2023,"Bello, Brayan",offspeed,162,1.06352461128395,0.333333333333333,2.70972459639126,0.201763238904938,26.9753086419753,-1.98907407407407,5.12975308641975,28.5338461538461,-1.85264204545455,5.18801136363636,1.55853751187084,0.148350009428672,3.19057383385185,54
676775,FS,2026,"Winn, Keaton",offspeed,123,1.06313525531707,0.333333333333333,2.84804138950481,0.162106300817564,37.9780487804878,-1.47934959349593,6.12731707317073,40.2309090909091,-1.40718181818182,6.21481818181818,2.25286031042126,0.113422360266053,3.18940576595122,41
687330,ST,2025,"Kelly, Kevin",breaking,54,1.06312201,0.259259259259259,2.28340321453529,0.221037089841292,3.67037037037037,-1.86444444444444,3.78444444444444,3.57594339622642,-1.70443396226415,3.81117924528302,0.0944269741439538,0.162228554772111,4.10061346714286,14
671737,FS,2026,"Bradley, Taj",offspeed,184,1.06308051036957,0.347826086956522,2.55496626686656,0.172042829380297,54.5907608695653,-1.24048913043478,6.09902173913044,56.2668103448276,-1.16241379310345,6.14531609195402,1.67604947526232,0.0907685264987582,3.0563564673125,64
663947,CH,2026,"Holton, Tyler",offspeed,64,1.06307377725,0.296875,3.44002615638769,0.188536824764582,36.2640625,1.7778125,5.74484375,39.6511013215859,1.67964757709251,5.8546255506608,3.38703882158593,0.147269806293619,3.58088009178947,19
656731,SL,2023,"Megill, Tylor",breaking,83,1.06237049007229,0.301204819277108,2.15916078105525,0.195732374405085,41.2783132530121,-1.55578313253012,5.98192771084337,41.567816091954,-1.45712643678161,6.04509578544061,0.289502838941942,0.117146699758619,3.52707002704,25
615698,CU,2025,"Quantrill, Cal",breaking,112,1.06180467867857,0.223214285714286,6.39706243184295,0.337352916645017,50.1526785714286,-1.06151785714286,6.50875,43.7908396946565,-1.27751908396947,6.30141221374046,6.36183887677207,0.299408563006481,4.75688496048,25
663969,ST,2024,"Phillips, Tyler",breaking,79,1.06140532308861,0.30379746835443,1.69746835443038,0.310867481336134,27.6962025316456,-1.52962025316456,5.77696202531645,28.1,-1.29954248366013,5.87254901960785,0.403797468354437,0.249143840979051,3.49379252183333,24
642547,ST,2026,"Peralta, Freddy",breaking,62,1.06107364245161,0.241935483870968,5.6154660597665,0.319820621100022,30.4790322580645,-3.3958064516129,5.12629032258065,35.9233128834356,-3.27670756646217,5.28364008179959,5.44428062537109,0.197341052927181,4.38577105546667,15
669684,CU,2026,"Murphy, Chris",breaking,43,1.06068062651163,0.27906976744186,1.83671096345515,0.291914457963646,40.0837209302326,1.95162790697674,5.26906976744186,41.0071428571429,1.7701,5.4615,0.923421926910301,0.26454068763375,3.800772245,12
668941,CH,2025,"Romero, JoJo",offspeed,96,1.06044023825,0.291666666666667,3.65385343822844,0.19268023883308,32.4135416666667,1.87229166666667,5.44604166666667,28.8503496503497,1.95552447552447,5.3534965034965,3.56319201631701,0.124468099111994,3.63579510257143,28
671096,ST,2023,"Abbott, Andrew",breaking,113,1.06008183656637,0.256637168141593,2.46070861292099,0.144500690985525,43.3221238938053,1.7387610619469,5.7053982300885,45.203663003663,1.64084249084249,5.73673992673993,1.88153910985769,0.102812200229935,4.130663708,29
656849,CH,2024,"Peterson, David",offspeed,140,1.0600170408,0.257142857142857,1.88320052158795,0.168697240843353,42.0278571428571,2.26535714285714,6.20978571428572,40.8008113590264,2.30026369168357,6.13782961460447,1.22704578383079,0.0799759178272345,4.122288492,36
489446,FS,2025,"Yates, Kirby",offspeed,148,1.05969317889189,0.344594594594595,1.90641437401527,0.172388108827004,18.752027027027,-2.5222972972973,5.14148648648649,19.1874439461883,-2.52484304932736,5.15721973094171,0.43541691916132,0.0159378742147819,3.07518804854902,51
642547,CH,2024,"Peralta, Freddy",offspeed,243,1.05968013497942,0.345679012345679,7.4404369212963,0.427282631815522,32.0703703703704,-2.950329218107,5.14460905349794,39.5108072916667,-2.7163671875,5.36311197916666,7.44043692129629,0.320127724965424,3.06550324761905,84
664126,SL,2024,"Fairbanks, Pete",breaking,132,1.05955757190909,0.196969696969697,6.60837621497999,0.291566159429979,59.5560606060606,-0.195530303030303,7.05992424242424,52.9622641509434,-0.365345911949686,6.88849056603774,6.59379645511723,0.24130239624184,5.37929228815385,26
681916,ST,2026,"Smith, Dylan",breaking,53,1.05924636090566,0.320754716981132,3.86236216613575,0.323084878020563,49.2056603773585,-1.6488679245283,6.03433962264151,52.7220779220779,-1.39546511627907,6.18174418604651,3.5164175447194,0.293157105561535,3.30235630164706,17
605513,ST,2024,"Turnbull, Spencer",breaking,110,1.05872341112727,0.263636363636364,2.67393622084722,0.277411485068849,22.9090909090909,-1.73990909090909,5.57845454545455,25.130890052356,-1.5669109947644,5.74497382198953,2.22179914326512,0.240118742974018,4.01584742151724,29
682274,SL,2025,"Hiraldo, Yaramil",breaking,40,1.0581685944,0.275,2.80999999999999,0.237348446043513,63.425,-0.34,6.335,61.4,-0.499193548387097,6.40241935483871,2.025,0.172881332870101,3.84788579781818,11
477132,FS,2025,"Kershaw, Clayton",offspeed,40,1.0580785983,0.4,1.65321428571428,0.158185967441989,54.9575,1.706,6.0635,53.8285714285715,1.69437788018433,5.98202764976959,1.12892857142855,0.0822971294826012,2.64519649575,16
665152,CU,2025,"Kremer, Dean",breaking,154,1.05613821225974,0.220779220779221,6.11222527472531,0.273950170473696,47.5285714285714,-2.08779220779221,6.3112987012987,41.4163461538461,-2.25108173076923,6.15587740384616,6.1122252747253,0.225431248978258,4.78368484376471,34
645261,SL,2026,"Alcantara, Sandy",breaking,69,1.05482226307246,0.318840579710145,1.59238467656416,0.138987415253716,33.9753623188406,-1.90797101449275,5.90739130434783,33.4550304878049,-1.88844512195122,5.93702743902439,0.520331831035712,0.0354902938577694,3.30830618872727,22
676534,ST,2026,"Faucher, Calvin",breaking,81,1.05366587846914,0.296296296296296,6.22498686629892,0.30466880310357,40.7160493827161,-1.38358024691358,5.58,44.8675531914894,-1.25260638297872,5.7618085106383,4.15150380877331,0.224072505173084,3.55612233983333,24
656550,CU,2025,"Holmes, Grant",breaking,134,1.05327271274627,0.305970149253731,2.43640132669985,0.173258302821316,40.5813432835821,-2.39276119402985,5.90485074626866,38.5752525252525,-2.42573232323232,5.8789898989899,2.00609075832958,0.0419032073099586,3.44240350019512,41
666277,CH,2026,"Soriano, George",offspeed,108,1.05308624288889,0.37037037037037,5.36600631639391,0.208864626004408,37.9555555555555,-2.40416666666667,5.67342592592593,32.5968992248062,-2.49893939393939,5.54469696969697,5.35865633074932,0.159853101335282,2.8433328558,40
570632,SL,2024,"Ureña, José",breaking,257,1.0529573724358,0.299610894941634,2.88584000322575,0.251110740912356,32.2817120622568,-3.07735408560311,5.69509727626459,30.0064766839378,-2.9130310880829,5.64264248704664,2.275235378319,0.1724921807675,3.51441616514286,77
657514,CU,2023,"Bernardino, Brennan",breaking,71,1.05293218061972,0.295774647887324,4.32362883181442,0.32432424194966,16.2422535211268,3.19661971830986,4.91549295774648,20.5658823529412,2.91941860465116,5.04639534883721,4.32362883181442,0.3065548782957,3.55991356304762,21
663947,CH,2023,"Holton, Tyler",offspeed,71,1.05239920315493,0.267605633802817,4.64559739388714,0.270475791578446,40.6197183098592,1.37845070422535,5.6212676056338,45.0170068027211,1.26333333333333,5.83210884353742,4.39728849286193,0.240220808178265,3.93264965389474,19
663992,ST,2026,"Lovelady, Richard",breaking,104,1.05008604188462,0.230769230769231,2.76211538461539,0.183077688120592,19.6048076923077,2.56413461538462,5.28548076923077,21.34,2.46163636363636,5.35554545454546,1.7351923076923,0.124156964120802,4.55037284816667,24
661563,SL,2024,"Gil, Luis",breaking,323,1.05000078269969,0.294117647058824,3.1579002555145,0.292083822061417,36.8482972136223,-2.95130030959752,5.68922600619195,39.2837789661319,-2.77650623885918,5.82463458110517,2.43548175250956,0.221107325354251,3.57000266117895,95
686826,SL,2024,"Jarvis, Bryce",breaking,119,1.04996128904202,0.218487394957983,6.48389208314904,0.420529904691749,31.9806722689076,-2.53252100840336,5.5327731092437,38.2978947368421,-2.18070175438597,5.73178947368422,6.31722246793453,0.40420823941686,4.80559205369231,26
700249,CU,2025,"Povich, Cade",breaking,193,1.04926659910881,0.238341968911917,1.81889392630973,0.231232400416224,41.800518134715,1.84424870466321,5.96569948186529,41.7821759259259,1.74909722222222,5.99398148148148,0.018342208789079,0.0992656844685431,4.40235768756522,46
641927,CH,2025,"Ober, Bailey",offspeed,374,1.04839201075936,0.286096256684492,3.13275430195846,0.190464989701749,30.8534759358289,-1.45545454545455,5.9764973262032,31.7664488017429,-1.374,5.91104347826087,0.912972865914057,0.104494254318906,3.66447300957009,107
641672,SL,2025,"Hatch, Thomas",breaking,56,1.04797530985714,0.25,2.42594664371772,0.135852005574417,42.7821428571429,-1.44214285714286,5.76803571428572,41.0915662650603,-1.40060240963855,5.69686746987952,1.6905765920826,0.0824046587925596,4.19190123942857,14
605488,ST,2025,"Springs, Jeffrey",breaking,71,1.04732915605634,0.267605633802817,4.32799422433888,0.313268926518507,38.0788732394366,2.6312676056338,5.91042253521127,42.2444244604317,2.33510791366907,5.97075539568345,4.16555122099507,0.302242646225518,3.91370368842105,19
608566,SL,2025,"Márquez, Germán",breaking,89,1.04726201285393,0.224719101123596,5.24660168437369,0.375725829593756,35.3438202247191,-2.39786516853933,5.91966292134832,40.0753176043558,-2.22716878402904,6.14079854809438,4.73149737963665,0.279353219242695,4.6603159572,20
660761,SL,2024,"Suarez, José",breaking,69,1.04722536765217,0.289855072463768,1.64208905909739,0.352053877974184,40.5608695652174,1.64159420289855,5.61855072463768,39.740932642487,1.5559585492228,5.62145077720207,0.819936922730356,0.0856847447644554,3.6129275184,20
669467,SL,2025,"Pallante, Andre",breaking,350,1.04551849978286,0.331428571428571,2.49180952380954,0.179837129246905,55.9971428571428,-1.70262857142857,6.0234,57.761507936508,-1.59166666666667,6.13011904761905,1.76436507936513,0.153952913038723,3.15458168037931,116
645261,SL,2025,"Alcantara, Sandy",breaking,209,1.04514161890909,0.215311004784689,3.02398708654675,0.196617932536064,33.0607655502393,-1.70459330143541,5.96593301435407,31.315961305925,-1.69419588875453,5.95833131801693,1.74480424431422,0.0128799059646617,4.8541021856,45
671106,CH,2024,"Allen, Logan",offspeed,147,1.04471411167347,0.238095238095238,1.90293414905112,0.287280210732953,44.4727891156463,1.69503401360544,5.38863945578232,44.9413870246085,1.81601789709172,5.38492170022371,0.468597908962238,0.121040992105217,4.38779926902857,35
650644,CU,2024,"Civale, Aaron",breaking,161,1.04428188357764,0.260869565217391,6.07026083717313,0.261757846426217,51.3844720496894,-0.716645962732919,6.51652173913044,45.3142112125163,-0.895267275097783,6.36813559322034,6.07026083717313,0.232215463587161,4.00308055371429,42
680570,CU,2024,"Rodriguez, Grayson",breaking,102,1.04414438647059,0.215686274509804,2.36984126984126,0.159878159919129,39.4490196078431,-2.38421568627451,5.63509803921569,38.0380952380953,-2.34146572104019,5.60186761229314,1.41092436974787,0.05414629074083,4.84103306454545,22
592791,ST,2023,"Taillon, Jameson",breaking,118,1.04358874830509,0.245762711864407,2.15937525587489,0.167801919194752,43.8838983050848,-1.37669491525424,5.98118644067797,42.7497584541063,-1.31555555555556,5.96321256038647,1.1341398509785,0.0637266167083871,4.24632663103448,29
628711,CH,2023,"Urías, Julio",offspeed,75,1.04340738704,0.306666666666667,2.40208484848482,0.222139273431707,43.7573333333333,1.592,5.9036,45.6036363636363,1.46804545454545,6.035,1.84630303030298,0.18063966712448,3.40241539252174,23
434378,CH,2024,"Verlander, Justin",offspeed,81,1.04293524577778,0.246913580246914,6.38417971235841,0.343789934518777,50.6296296296296,-1.69851851851852,7.04827160493827,56.6608247422681,-1.41930412371134,7.12038659793815,6.03119511263841,0.288376924324592,4.2238877454,20
613534,SL,2024,"Adams, Austin",breaking,241,1.04227281259751,0.352697095435685,4.04820567455422,0.367169587768849,10.2551867219917,-3.58087136929461,5.17867219917013,10.9689189189189,-3.47418918918919,5.205,0.713732196927214,0.109882849656268,2.95514997454118,85
572955,CU,2024,"Johnson, Pierce",breaking,305,1.0422652309377,0.249180327868852,3.12676465046166,0.232156244269514,40.0101639344263,-2.17239344262295,6.16390163934427,37.2252873563218,-2.19057471264368,6.0364367816092,2.78487657810442,0.128754994221537,4.18277493994737,76
608331,CH,2025,"Fried, Max",offspeed,160,1.041943702675,0.275,6.84457086507077,0.45168590278615,40.231875,1.7936875,5.7889375,47.0326441784549,1.48316648531012,6.02854189336236,6.80076917845489,0.392216223380136,3.78888619154545,44
667755,FS,2026,"Soriano, José",offspeed,179,1.0416386307486,0.368715083798883,3.59178492226032,0.24845756433607,33.0497206703911,-2.40005586592179,5.68245810055866,32.390021691974,-2.39334056399132,5.72514099783081,0.659698978417119,0.0432079275082958,2.82505022581818,66
543243,CU,2023,"Gray, Sonny",breaking,58,1.04150364703448,0.189655172413793,3.70778178075142,0.149997036375417,51.496551724138,-0.786206896551724,5.55275862068966,47.7919402985075,-0.847313432835821,5.52002985074626,3.7046114256305,0.0693194140096939,5.49156468436364,11
607536,ST,2026,"Freeland, Kyle",breaking,102,1.04140079352941,0.294117647058824,2.83878527020565,0.164343599260342,27.5705882352941,2.70852941176471,5.75676470588235,27.5036585365854,2.6540243902439,5.77517073170732,0.0669296987087868,0.0575289419131994,3.540762698,30
670280,CU,2024,"Bednar, David",breaking,50,1.04123741832,0.22,4.88123178807947,0.232054777816476,38.248,-1.9302,5.8344,42.9586092715232,-1.78611111111111,5.98071895424836,4.71060927152316,0.205355409652557,4.732897356,11
663465,CH,2024,"Allard, Kolby",offspeed,62,1.04123646812903,0.209677419354839,2.43677948175568,0.294075674221322,46.6112903225806,1.87370967741935,5.66387096774194,47.877868852459,1.76368852459016,5.45524590163935,1.26657852987838,0.235858161351634,4.96589700184615,13
656557,ST,2024,"Houck, Tanner",breaking,498,1.04011736185542,0.283132530120482,2.57650602409639,0.241845715347643,20.9399598393574,-2.38232931726907,5.54301204819277,23.121164021164,-2.21674603174603,5.63039682539683,2.18120418180659,0.187226931106632,3.67360600144681,141
669923,KC,2025,"Kirby, George",breaking,114,1.03970747638596,0.37719298245614,2.06333750280638,0.133223159262862,31.1684210526316,-1.7919298245614,5.65149122807018,29.5433272394881,-1.78204946996466,5.68337455830389,1.62509381314347,0.0333791574751308,2.75643377460465,43
678368,ST,2024,"Bellozo, Valente",breaking,54,1.03965131059259,0.277777777777778,3.18876698014627,0.231163375142166,45.0648148148148,-1.10666666666667,6.09037037037037,47.7081504702194,-0.968934169278998,6.16313479623824,2.64333565540457,0.155771956746153,3.74274471813333,15
621345,CH,2024,"Minter, A.J.",offspeed,42,1.03960888314286,0.357142857142857,4.62086063783313,0.366227202939417,39.3166666666667,2.65380952380952,5.59214285714286,43.8215596330275,2.3445871559633,5.75940366972477,4.50489296636087,0.351560310902671,2.9109048728,15
688107,ST,2026,"Gasser, Robert",breaking,122,1.03925955944262,0.237704918032787,1.8331224557157,0.153792786941293,24.3901639344262,2.71360655737705,5.04434426229508,24.0265100671141,2.66087248322148,5.07372483221476,0.363653867312127,0.060366385230942,4.37205745696552,29
493603,ST,2024,"Ottavino, Adam",breaking,160,1.039061065725,0.24375,2.67896802325582,0.229271555397088,23.446875,-2.839375,5.3053125,25.8139534883721,-2.69212962962963,5.415,2.36707848837209,0.183609767582659,4.26281462861539,39
657097,ST,2025,"Webb, Jacob",breaking,80,1.0390322897,0.2125,1.84521327014218,0.241992394754846,33.78,-2.929375,5.536375,33.6042654028436,-2.82601895734597,5.51421800947868,0.175734597156392,0.105704322437936,4.88956371623529,17
657756,SL,2023,"Seabold, Connor",breaking,51,1.038357908,0.274509803921569,2.00994256288373,0.201888049672909,25.7039215686275,-2.30980392156863,5.31137254901961,27.0131313131313,-2.27333333333333,5.34888888888889,1.30920974450385,0.0523218841730297,3.782589522,14
675540,CU,2024,"Curry, Xzavion",breaking,46,1.0380108933913,0.195652173913043,1.75512777962164,0.249682309373555,60.5695652173913,-1.51978260869565,5.94565217391304,61.5335877862595,-1.34961832061069,6.04793893129771,0.964022568868224,0.198540841329266,5.30538901066667,9
641745,CH,2025,"Keller, Brad",offspeed,67,1.03787702686567,0.388059701492537,1.69057835820896,0.0907239840881178,46.7268656716418,-1.53149253731343,6.35029850746269,46.81875,-1.50011029411765,6.34636029411764,0.0918843283582191,0.0316283845991308,2.67452926153846,26
694973,SL,2026,"Skenes, Paul",breaking,69,1.03644421171015,0.333333333333333,1.60935833198643,0.245584742632926,26.5724637681159,-2.33,5.56913043478261,26.1769516728624,-2.33531598513011,5.61873605947956,0.395512095253515,0.0498896552351109,3.10933263513044,23
678394,ST,2025,"Bello, Brayan",breaking,227,1.03627642718943,0.259911894273128,2.77992225310069,0.22726953899741,32.2035242290749,-1.71991189427313,5.26757709251102,33.8122629582807,-1.61049180327869,5.37177805800756,1.60873872920578,0.151097973261204,3.98702964359322,59
686539,SL,2024,"Cronin, Declan",breaking,272,1.03613408232353,0.283088235294118,2.44879100678733,0.16027607609021,22.0761029411765,-1.89408088235294,5.24871323529412,21.5009615384615,-1.87383177570093,5.26901869158879,0.575141402714912,0.0286764341496487,3.66011000509091,77
608650,CH,2025,"Enns, Dietrich",offspeed,126,1.03606794361905,0.238095238095238,2.68399734395749,0.149199259710007,49.9420634920635,1.84190476190476,6.24888888888889,47.6422310756972,1.82625498007968,6.30235059760956,2.29983241636623,0.0557052059551605,4.3514853632,30
682120,SL,2024,"Herrin, Tim",breaking,126,1.03545941180952,0.285714285714286,2.98549186128804,0.31921838156608,29.6206349206349,2.28357142857143,5.63912698412699,27.2382165605096,2.016375,5.5816875,2.38241836012537,0.273300614302456,3.62410794133333,36
593423,FS,2025,"Montas, Frankie",offspeed,75,1.03490136581333,0.32,1.7454501718213,0.139567156757327,47.428,-0.785066666666666,6.09013333333334,46.7860824742268,-0.69798969072165,6.07391752577319,0.641917525773167,0.0885739925404551,3.23406676816667,24
676664,ST,2023,"Sears, JP",breaking,71,1.03297333115493,0.323943661971831,11.1899819148353,0.660670863959486,17.7676056338028,1.56521126760563,4.4212676056338,28.9575875486381,1.1712015503876,4.94182170542636,11.1899819148353,0.652855441941838,3.1887437613913,23
682243,KC,2025,"Miller, Bryce",breaking,79,1.03265358288608,0.291139240506329,2.84257411909353,0.268623719213164,46.1797468354431,-1.02784810126582,5.69443037974684,46.0587196467992,-0.881280353200883,5.76721854304636,0.121027188643893,0.163646636046531,3.54694056730435,23
677944,CU,2024,"Cecconi, Slade",breaking,44,1.03237942063636,0.272727272727273,10.4090909090909,0.330091719182897,46.6045454545455,-1.76204545454545,5.83068181818182,36.1954545454545,-1.87835227272727,5.63011363636364,10.409090909091,0.231850968325405,3.785391209,12
656288,SL,2023,"Canning, Griffin",breaking,112,1.03237339835714,0.294642857142857,2.2181161395856,0.211020492016657,44.4410714285714,-1.11642857142857,5.75901785714285,45.3557251908397,-0.935454545454546,5.73568181818182,0.914653762268273,0.182472378160746,3.50381274593939,33
605397,CH,2024,"Musgrove, Joe",offspeed,58,1.03133243234483,0.344827586206897,6.49951254739122,0.478736428441919,29.2172413793104,-1.66844827586207,6.07724137931034,35.7167539267016,-1.32340101522843,6.40022842639595,6.49951254739122,0.472629077243306,2.9908640538,20
688138,ST,2025,"Evans, Logan",breaking,137,1.03118909132847,0.197080291970803,2.48194878924803,0.221054721209966,32.4299270072993,-2.27284671532847,5.86138686131387,34.4507936507936,-2.15072784810126,5.99405063291139,2.02086664349434,0.180312767233317,5.23232983377778,27
489446,FS,2023,"Yates, Kirby",offspeed,96,1.03098538529167,0.291666666666667,1.64713084795322,0.120517831471613,20.059375,-2.6190625,5.276875,19.380701754386,-2.64149122807018,5.27035087719298,0.678673245614039,0.0233583394368451,3.53480703528572,28
640448,FS,2023,"Finnegan, Kyle",offspeed,80,1.03091566265,0.35,3.53105263157896,0.404209575083412,47.62125,-1.983625,5.5915,50.8868421052632,-1.60474025974026,5.68357142857143,3.26559210526315,0.389911264726828,2.94547332185714,28
669211,SL,2025,"Akin, Keegan",breaking,135,1.03073756216296,0.237037037037037,4.80398668331253,0.239317631011603,35.9007407407408,1.95074074074074,5.79059259259259,40.3898876404494,1.80932584269663,5.95011235955057,4.48914689970867,0.21317769451599,4.348424090375,32
687570,SL,2026,"Prielipp, Connor",breaking,175,1.03037690198857,0.262857142857143,2.90742368742367,0.134382240761615,37.7137142857143,1.66222857142857,5.98331428571428,40.1504273504273,1.62371794871795,6.05123931623932,2.43671306471303,0.0780825065772547,3.91991212713044,46
450203,CH,2023,"Morton, Charlie",offspeed,52,1.03030533392308,0.25,2.38541507996953,0.17900830851847,18.5076923076923,-2.3825,5.29173076923077,20.3960396039604,-2.34336633663366,5.4119801980198,1.88834729626807,0.126456983723942,4.12122133569231,13
669060,CU,2024,"Wilson, Bryse",breaking,107,1.03010755196262,0.214953271028037,1.9247457826368,0.177490382332008,46.914953271028,-2.8381308411215,5.71682242990654,45.8100628930818,-2.85108320251177,5.80494505494505,1.10489037794624,0.0890694151168722,4.79223948086957,23
519151,CH,2024,"Pressly, Ryan",offspeed,49,1.02909827118367,0.306122448979592,5.88566992014195,0.387411868552845,51.6693877551021,-0.736938775510204,5.82163265306122,57.3688405797101,-0.392928571428571,5.95521428571429,5.69945282460806,0.369035327705281,3.3617210192,15
661403,SL,2024,"Clase, Emmanuel",breaking,118,1.02869194288136,0.322033898305085,2.87077932868062,0.21570968113972,55.4008474576271,-0.654915254237288,6.00830508474576,52.9700980392157,-0.686372549019607,6.06813725490196,2.43074941841142,0.0675977069183673,3.19435919105263,38
682243,SL,2025,"Miller, Bryce",breaking,51,1.02855819207843,0.372549019607843,4.42725620049347,0.332785249503632,42.4176470588235,-1.12274509803922,5.6278431372549,46.0587196467992,-0.881280353200883,5.76721854304636,3.64107258797563,0.278802307629213,2.76086672610526,19
621107,ST,2024,"Eflin, Zach",breaking,118,1.02824723471186,0.169491525423729,2.06954008370523,0.193845590638746,27.264406779661,-2.33347457627119,5.86050847457627,26.5995907230559,-2.31240109140518,5.73324693042291,0.664816056605101,0.128994544011344,6.0666586848,20
671096,CU,2023,"Abbott, Andrew",breaking,72,1.02790601416667,0.222222222222222,3.81798433048434,0.188204709206585,48.7319444444444,1.59958333333333,5.87375,45.203663003663,1.64084249084249,5.73673992673993,3.52828144078145,0.143087659331947,4.62557706375,16
519151,CU,2025,"Pressly, Ryan",breaking,64,1.0275732804375,0.265625,3.07088647959183,0.172910482654843,56.7765625,-0.653125,5.97375,55.134693877551,-0.581700680272109,5.86659863945578,1.64186862244893,0.128774405512391,3.86851117341177,17
681402,SL,2024,"Varland, Gus",breaking,90,1.02742055666667,0.277777777777778,3.09235404896421,0.195884344949906,48.0155555555556,-1.43833333333333,5.36377777777778,49.8915254237288,-1.29194915254237,5.39915254237288,1.87596986817323,0.150597816571155,3.698714004,25
621112,CH,2023,"Blackburn, Paul",offspeed,83,1.02661993604819,0.397590361445783,1.82795180722892,0.133113620347093,49.6144578313253,-2.03301204819277,6.01072289156626,49.072,-2.03098181818182,5.96869090909091,0.542457831325329,0.042080986023447,2.58210468763636,33
622608,SL,2025,"Senzatela, Antonio",breaking,188,1.025463209,0.25,2.54410391516041,0.387339780039549,42.6122340425532,-2.22351063829787,6.16590425531915,42.0208463949843,-2.10384976525822,6.04697965571205,0.591387647568844,0.168706208920484,4.101852836,47
622065,CH,2023,"Young, Alex",offspeed,56,1.0245974775,0.339285714285714,5.86672077922078,0.253707034439787,33.8803571428571,1.80535714285714,6.04482142857143,28.0136363636364,1.86560606060606,5.8239393939394,5.86672077922078,0.228951534856403,3.01986624947368,19
607625,CS,2025,"Lugo, Seth",breaking,54,1.02454469533333,0.240740740740741,5.69413263366032,0.394651153953947,26.7277777777778,-1.65240740740741,5.36944444444444,32.3716632443531,-1.36205338809035,5.59324435318275,5.64388546657537,0.366594947707746,4.25580104215385,13
663372,ST,2024,"Feltner, Ryan",breaking,60,1.024339017,0.35,2.17869976359339,0.177312414651943,41.9733333333333,-1.33983333333333,5.4735,40.6645390070922,-1.31154255319149,5.52817375886525,1.30879432624116,0.0615596308427057,2.92668290571429,21
657508,KC,2024,"Baumann, Mike",breaking,167,1.02415480155689,0.25748502994012,2.06706300318024,0.214972245349958,49.4437125748503,-1.73946107784431,6.09580838323354,49.8851674641148,-1.60732057416268,6.12875598086125,0.441454889264541,0.13618611126937,3.97753143860465,43
687362,ST,2025,"Gillispie, Connor",breaking,55,1.02328871585455,0.163636363636364,3.37162136832241,0.193932470424665,39.8254545454546,-1.91963636363636,5.49127272727273,43.1030927835052,-1.79428571428571,5.60928571428571,3.27763823805061,0.172162279249424,6.25343104133333,9
434378,ST,2025,"Verlander, Justin",breaking,93,1.02310929363441,0.268817204301075,6.32729439116532,0.520753971983293,51.736559139785,-2.1247311827957,6.97311827956989,57.7005405405405,-1.68459459459459,7.13866666666667,5.96398140075553,0.470240879490131,3.80596657232,25
608379,CU,2025,"Wacha, Michael",breaking,61,1.02209414380328,0.295081967213115,2.55646234259922,0.171708106301453,51.644262295082,-1.57639344262295,6.5027868852459,49.5015942028985,-1.48206946454414,6.46266280752532,2.14266809218347,0.102503436301127,3.46376348733333,18
596295,CH,2023,"Gomber, Austin",offspeed,63,1.02201428501587,0.222222222222222,1.98121693121692,0.274545714367868,52.147619047619,1.79492063492063,6.45460317460317,53.6166666666667,1.70956521739131,6.67978260869565,1.46904761904761,0.24081388008131,4.59906428257143,14
607067,ST,2026,"Rea, Colin",breaking,79,1.02181708329114,0.278481012658228,1.60607379934963,0.123728367873899,28.8481012658228,-1.61025316455696,5.43784810126582,28.9163481953291,-1.5414406779661,5.45508474576271,0.0682469295063513,0.0709384255839497,3.66925225363636,22
670970,SL,2026,"Morejon, Adrian",breaking,60,1.0203314906,0.283333333333333,3.72612403100773,0.416912837447131,38.38,2.87733333333333,5.80666666666667,41.9186046511628,2.4968045112782,5.94165413533835,3.53860465116278,0.403762060021813,3.60116996682353,17
542888,ST,2026,"Armstrong, Shawn",breaking,62,1.02005066316129,0.274193548387097,2.71433353621423,0.16750145050318,42.208064516129,-1.54564516129032,5.86096774193549,39.5287735849057,-1.61528301886792,5.79924528301886,2.67929093122336,0.0930542483861552,3.72018477152941,17
669467,SL,2026,"Pallante, Andre",breaking,248,1.01978706185484,0.298387096774194,2.39059877588729,0.205535304450746,55.3326612903226,-1.80362903225806,5.90665322580645,57.409307875895,-1.64716517857143,6.00640625,2.0766465855724,0.185557547262922,3.41766474783784,74
676879,CH,2025,"Ashby, Aaron",offspeed,64,1.01977250175,0.28125,3.07102272727273,0.252666801895562,48.321875,0.48375,6.3803125,50.2045454545455,0.329752066115702,6.51264462809919,1.88267045454546,0.203044713715705,3.625857784,18
655889,SL,2024,"Rodríguez, Manuel",breaking,137,1.01928820210219,0.306569343065693,2.31766721287054,0.172478594657739,47.0642335766423,-1.10510948905109,5.54321167883211,46.4183673469388,-1.07258503401361,5.5456462585034,0.645866229703529,0.0326154465500863,3.32482104019048,42
608718,SL,2026,"Suter, Brent",breaking,61,1.01880370590164,0.295081967213115,2.75708011135168,0.345068849392866,46.9032786885246,3.52803278688525,6.21131147540984,49.6154716981132,3.28656603773585,6.016,2.7121930095886,0.310568451990128,3.45261255888889,18
621107,CU,2025,"Eflin, Zach",breaking,94,1.01800397948936,0.276595744680851,3.27128471658275,0.218411966729691,26.2872340425532,-2.40787234042553,5.66755319148936,23.0679389312977,-2.40587786259542,5.51015267175572,3.21929511125549,0.157413155594553,3.68047592584615,26
701656,CH,2025,"Henderson, Logan",offspeed,80,1.0179120435,0.2375,2.68653225806451,0.153228003984926,31.6125,-1.45975,5.176125,33.4548387096774,-1.36959677419355,5.23838709677419,1.8423387096774,0.109563556066917,4.28594544631579,19
641835,SL,2026,"Mayza, Tim",breaking,103,1.01788834920388,0.29126213592233,2.49064739051172,0.18656552639697,43.4970873786408,1.66135922330097,6.20825242718447,43.0764192139738,1.55759825327511,6.28528384279476,0.420668164666957,0.129229168114759,3.49474999893333,30
608379,CH,2025,"Wacha, Michael",offspeed,393,1.01724195861578,0.251908396946565,3.78650330051263,0.229827016356607,53.2727735368957,-1.41216284987277,6.64781170483461,49.5015942028985,-1.48206946454414,6.46266280752532,3.77117933399718,0.197906667269334,4.03814232056566,99
671096,ST,2025,"Abbott, Andrew",breaking,264,1.01686369324242,0.318181818181818,2.13320707070707,0.164415856055521,47.7344696969697,2.51969696969697,6.03390151515151,47.2638888888889,2.53100308641975,5.98669753086421,0.470580808080833,0.0485391018452609,3.19585732161905,84
678906,CH,2026,"Teng, Kai-Wei",offspeed,54,1.01590009985185,0.240740740740741,2.76908436213991,0.160227134176481,25.7407407407407,-2.36777777777778,5.5887037037037,23.6180555555556,-2.32541666666667,5.52041666666667,2.12268518518518,0.0803590888566168,4.21989272246154,13
605447,SL,2025,"Romano, Jordan",breaking,224,1.01577354055357,0.267857142857143,4.39522174254318,0.277594591508539,50.0696428571429,-2.12602678571428,6.13142857142857,51.0626373626374,-2.04494505494506,6.12494505494506,0.992994505494536,0.0813405375598522,3.79222121806667,60
543294,CH,2023,"Hendricks, Kyle",offspeed,317,1.01479424807571,0.337539432176656,1.28652863553561,0.124848277115558,45.9236593059937,-2.60470031545741,6.09858044164037,45.0154929577465,-2.60855633802817,6.00919014084507,0.908166348247235,0.0894734306168135,3.00644651065421,107
670280,FS,2026,"Bednar, David",offspeed,174,1.01457719871264,0.350574712643678,2.77829775588397,0.170535556773517,39.3057471264368,-1.82655172413793,5.90229885057472,39.8005952380953,-1.73369047619048,5.93416666666667,0.494848111658477,0.098177232965842,2.89403987829508,61
669387,ST,2023,"Mlodzinski, Carmen",breaking,44,1.01364500536364,0.204545454545455,4.47411720510893,0.3134369062514,22.8818181818182,-2.68613636363636,4.82613636363636,27.196694214876,-2.4608,5.0152,4.31487603305784,0.294145432349205,4.955597804,9
608337,SL,2025,"Giolito, Lucas",breaking,268,1.01345417119403,0.302238805970149,3.09613397509495,0.262787213059888,50.2660447761194,-1.53201492537314,6.30440298507463,53.1755424063117,-1.33074803149606,6.31647637795276,2.90949763019223,0.201628691873242,3.3531570108642,81
669923,ST,2023,"Kirby, George",breaking,128,1.0133139541875,0.265625,2.66367098519363,0.247866450781682,34.9546875,-1.58796875,5.801796875,36.8243735763098,-1.43571753986333,5.94646924829157,1.8696860763098,0.210025061794773,3.814829004,34
607179,SL,2024,"Weems, Jordan",breaking,119,1.0131006730084,0.235294117647059,1.64015606242496,0.169250639366223,48.1638655462185,-2.14134453781513,6.02100840336134,49.1071428571428,-2.00657142857143,6.01547619047619,0.943277310924344,0.134886605541915,4.30567786028571,28
670167,ST,2026,"Schreiber, John",breaking,68,1.01249957329412,0.264705882352941,6.58239728052024,0.406633911118493,3.37941176470588,-2.86176470588235,4.26161764705882,9.96180904522612,-2.75065326633166,4.61391959798995,6.58239728052024,0.36940819783663,3.824998388,18
669711,CH,2026,"Weissert, Greg",offspeed,40,1.01248962,0.325,8.29957399103139,0.666307665270833,7.565,-2.77425,4.53725,15.8645739910314,-2.84435555555555,4.98435555555556,8.29957399103139,0.452568411103114,3.11535267692308,13
666619,SL,2023,"Santos, Gregory",breaking,102,1.01233346066667,0.352941176470588,2.64313725490196,0.327203028129689,30.9490196078431,-1.61039215686274,5.66578431372549,32.8555555555556,-1.42759259259259,5.895,1.90653594771242,0.29318170395107,2.86827813855556,36
657746,SL,2026,"Ryan, Joe",breaking,56,1.01208815507143,0.232142857142857,2.19122928176796,0.178111710062382,22.8160714285714,-2.565,4.73482142857143,22.9007366482505,-2.56022099447514,4.67935543278086,0.0846652196790281,0.0556714970415442,4.35976436030769,13
677961,ST,2026,"Wilcox, Cole",breaking,47,1.01151048561702,0.297872340425532,2.74170212765958,0.145763356454222,26.5212765957447,-2.29106382978723,5.71872340425532,25.9085714285714,-2.21527027027027,5.72121621621622,0.612705167173242,0.0758345421013661,3.39578520171429,14
693433,SL,2025,"Woo, Bryan",breaking,144,1.01099970969444,0.354166666666667,3.04331432192648,0.161289730439169,26.8090277777778,-1.39763888888889,5.054375,24.8010456273764,-1.39192015209125,5.04398288973384,2.00798215040134,0.0118616991339656,2.85458741560784,51
679525,CU,2024,"Marsh, Alec",breaking,145,1.0109347950069,0.220689655172414,5.89172556578854,0.349250217846473,37.2468965517241,-1.74979310344828,5.82972413793103,31.3685300207039,-1.94898550724638,5.63306418219462,5.87836653102017,0.27991561571501,4.580798289875,32
641329,CH,2026,"Baker, Bryan",offspeed,150,1.01005755328,0.326666666666667,2.65483236994219,0.412637003216708,53.698,-1.01773333333333,6.48786666666667,55.5323699421965,-0.632912087912088,6.59357142857143,1.83436994219651,0.399075040082566,3.09201291820408,49
682120,SL,2025,"Herrin, Tim",breaking,61,1.00934388478689,0.278688524590164,3.06425395943318,0.363372641551697,29.5081967213115,2.11032786885246,5.70672131147541,28.2686440677966,1.77966101694915,5.6564406779661,1.23955265351488,0.334467799726282,3.62176335129412,17
542888,ST,2025,"Armstrong, Shawn",breaking,107,1.00933306747664,0.317757009345794,4.41150286771928,0.263586638188722,44.1289719626168,-1.43485981308411,5.8885046728972,39.758924205379,-1.6040097799511,5.75244498777506,4.37004775723783,0.217080513189547,3.17643053588235,34
450203,CH,2024,"Morton, Charlie",offspeed,157,1.00922895332484,0.318471337579618,2.0254188590418,0.285873454558778,19.8426751592357,-2.5487898089172,5.39324840764331,21.1353260869565,-2.5019384057971,5.48971014492754,1.29265092772081,0.10723768336836,3.16897891344,50
667463,CH,2026,"King, John",offspeed,60,1.00886693353333,0.316666666666667,2.6071505376344,0.147658595805996,22.4683333333333,2.10666666666667,5.4335,24.2709677419355,2.0258064516129,5.40172043010752,1.80263440860213,0.0868810418969047,3.18589557957895,19
683003,CH,2026,"Jones, Jared",offspeed,43,1.00883248213953,0.348837209302326,1.99777131782945,0.266323951651741,40.3953488372093,-1.36906976744186,5.46813953488372,40.6208333333333,-1.14041666666667,5.39363095238095,0.225484496124018,0.240486526359967,2.8919864488,15
554340,CU,2023,"García, Yimi",breaking,68,1.00829406547059,0.308823529411765,1.61964107676969,0.191023154132625,26.1176470588236,-2.70573529411765,5.10455882352941,25.3915254237288,-2.57016949152542,5.10118644067797,0.726121635094724,0.135607742399062,3.264952212,21
592332,SL,2024,"Gausman, Kevin",breaking,79,1.00819365053165,0.265822784810127,2.69587244867059,0.213794854334297,35.2607594936709,-2.59835443037975,5.61582278481013,37.4485645933015,-2.47934289127837,5.71752688172044,2.18780509963054,0.156548617903895,3.79272849485714,21
608334,CH,2024,"Fulmer, Carson",offspeed,191,1.00752076289005,0.356020942408377,3.16023671060935,0.23235616858442,37.1795811518325,-2.56031413612565,5.64324607329843,38.1644951140066,-2.44931818181818,5.67545454545454,0.984913962174062,0.11557459734413,2.82994802517647,68
676440,CU,2024,"Bibee, Tanner",breaking,74,1.00698577416216,0.22972972972973,6.40001106531303,0.293570877476378,53.0567567567568,-2.23418918918919,6.19540540540541,50.7817809621289,-2.29244626407369,6.18507676560901,2.27497579462789,0.0591655945135542,4.38334984047059,17
808967,CU,2024,"Yamamoto, Yoshinobu",breaking,128,1.00692499015625,0.28125,7.73382860429448,0.27615157762417,51.6546875,-1.00546875,5.608515625,43.9208588957055,-1.2341369047619,5.48827380952381,7.73382860429446,0.258354831948669,3.58017774277778,36
622503,CH,2025,"Crismatt, Nabil",offspeed,124,1.00626032654839,0.32258064516129,5.02501075268817,0.380583734553581,31.7645161290323,-2.7766935483871,5.53467741935484,36.6973333333333,-2.476,5.7468,4.93281720430108,0.36798450953972,3.1194070123,40
519141,KC,2026,"Pomeranz, Drew",breaking,52,1.00621953461538,0.153846153846154,1.96730769230769,0.147741417611209,36.925,2.03192307692308,6.05692307692308,37.1333333333333,2.01411111111111,6.06555555555555,0.208333333333322,0.0197935801063586,6.540426975,8
543243,CU,2024,"Gray, Sonny",breaking,140,1.0061525154,0.3,4.09817113745061,0.166443665642182,52.4492857142857,-0.759571428571428,5.57157142857143,48.3599708879185,-0.79703056768559,5.50427947598254,4.08931482636724,0.0770155437973388,3.353841718,42
672282,CU,2025,"Detmers, Reid",breaking,67,1.00596795856716,0.223880597014925,5.38869289914065,0.265938376164806,50.6149253731343,1.35805970149254,6.22358208955224,45.2424242424243,1.35609665427509,6.00687732342008,5.37250113071008,0.216713657204095,4.49332354826667,15
622663,ST,2026,"Severino, Luis",breaking,115,1.00579145186087,0.269565217391304,4.90007098491572,0.408308577179652,35.4260869565217,-2.20226086956522,5.64295652173913,40.1991253644315,-1.93338192419825,5.86956268221575,4.77303840790976,0.351633671919525,3.73116183754839,31
681517,CH,2026,"Leahy, Kyle",offspeed,108,1.0057514327037,0.324074074074074,4.73007733007733,0.197649533214867,40.1462962962963,-1.87601851851852,5.49027777777778,44.6703296703297,-1.81443223443223,5.6310989010989,4.52403337403337,0.15369924905795,3.10346156377143,35
683004,SL,2024,"Leiter, Jack",breaking,86,1.00514068367442,0.209302325581395,3.3162537917088,0.183938701421912,51.6872093023256,-2.07825581395349,5.71523255813954,48.729347826087,-1.99820652173913,5.61548913043478,2.95786147623865,0.127893082511578,4.802338822,18
641778,SL,2025,"Lauer, Eric",breaking,84,1.00439049761905,0.261904761904762,2.8499067954584,0.168630857047366,39.5666666666667,1.81440476190476,6.13,39.2096085409253,1.78640569395018,6.06697508896797,0.357058125741375,0.0689643909341712,3.83494553636364,22
671111,ST,2023,"Peralta, Sammy",breaking,46,1.004073546,0.260869565217391,6.79008843036109,0.336428089799389,7.90652173913044,2.75413043478261,4.47282608695652,14.6966101694915,2.51118644067797,4.68186440677966,6.79008843036109,0.32049774324634,3.848948593,12
669387,ST,2026,"Mlodzinski, Carmen",breaking,59,1.00396950772881,0.220338983050847,7.72317292495504,0.453566847937623,25.106779661017,-1.71932203389831,5.01271186440678,32.611575562701,-1.42816720257235,5.32964630225081,7.50479590168402,0.430370275107331,4.55647699661539,13
573186,SV,2024,"Stroman, Marcus",breaking,127,1.00348227058268,0.291338582677165,3.31634307112264,0.203293730871703,30.0582677165354,-1.13196850393701,5.1388188976378,32.514332247557,-0.991341853035143,5.23974440894569,2.45606453102159,0.173094811524306,3.44438509091892,37
689017,CH,2024,"Knack, Landon",offspeed,69,1.00321331826087,0.260869565217391,1.96990756590209,0.176686718599127,52.5057971014493,-0.900289855072464,5.75478260869565,53.6582677165354,-0.767204724409449,5.78677165354331,1.15247061508616,0.136875677144834,3.84565105333333,18
658648,CU,2024,"Avila, Pedro",breaking,84,1.003019702,0.25,5.9686055529704,0.282613397237007,50.4595238095238,-1.00297619047619,5.87666666666667,45.2410423452769,-1.16348534201954,5.8243973941368,5.21848146424696,0.168805404474998,4.012078808,21
592094,CH,2025,"Adam, Jason",offspeed,179,1.00257484786592,0.329608938547486,4.08632265020092,0.210546939947708,36.1608938547486,-1.07703910614525,6.39245810055866,39.6640350877193,-0.965438596491228,6.43596491228071,3.50314123297073,0.11978111880115,3.04171013166102,59
680755,CU,2025,"Fisher, Braydon",breaking,104,1.00243887280769,0.259615384615385,1.68442928039702,0.203482552078793,49.3057692307692,0.260096153846154,6.45346153846154,49.041935483871,0.316021505376344,6.49118279569893,0.263833746898243,0.0674576770378635,3.86124602859259,27
621051,ST,2023,"Wilson, Steven",breaking,77,1.00230349698701,0.233766233766234,10.8018852115626,0.710775095788272,35.8077922077922,-2.9587012987013,5.29051948051948,46.6096774193548,-2.36428571428572,5.65342857142857,10.8018852115626,0.69644303087947,4.287631626,18
656578,SL,2023,"Jackson, Andre",breaking,48,1.00200708175,0.208333333333333,5.50144489247312,0.427486670544773,50.6,-2.02020833333333,5.89916666666667,56.0540322580645,-1.63403225806452,6.06629032258064,5.45403225806452,0.420787686934967,4.8096339924,10
622491,CH,2025,"Castillo, Luis",offspeed,153,1.001577188,0.215686274509804,5.96393856459091,0.338474831755613,10.2339869281046,-2.31555555555556,4.83633986928105,16.142638623327,-2.18153917050691,5.12312442396312,5.9086516952224,0.31655295333593,4.64367605345454,33
676775,FS,2025,"Winn, Keaton",offspeed,49,1.00138902710204,0.346938775510204,2.87925170068027,0.2145951038575,39.730612244898,-1.51326530612245,6.16448979591837,41.9055555555556,-1.42888888888889,6.30222222222222,2.1749433106576,0.161522757036643,2.88635660752941,17
642547,CH,2023,"Peralta, Freddy",offspeed,107,1.00131581992523,0.327102803738318,3.08119949406226,0.169428354146628,34.4392523364486,-2.88990654205607,5.08691588785047,36.637969924812,-2.81304511278196,5.13458646616542,2.19871758836344,0.0904442554667901,3.06116550662857,35
669276,CH,2025,"Lee, Dylan",offspeed,76,1.00110043078947,0.276315789473684,4.45595567867034,0.385674363316444,43.8118421052632,1.90907894736842,6.40421052631579,48.1434210526316,1.59644736842105,6.58927631578948,4.33157894736841,0.36330132202986,3.62303013047619,21
641745,SL,2025,"Keller, Brad",breaking,79,1.00092705772152,0.240506329113924,2.52428797468354,0.135684170911926,48.8645569620253,-1.51886075949367,6.39873417721519,46.81875,-1.50011029411765,6.34636029411764,2.04580696202532,0.0556291612603836,4.16174934526316,19
663969,FS,2026,"Phillips, Tyler",offspeed,164,1.00018741646341,0.286585365853659,1.83865853658537,0.270373733440504,31.9042682926829,-1.19664634146341,6.0015243902439,32.2433333333333,-1.02628571428571,6.10080952380953,0.339065040650411,0.197180833347268,3.49001566595745,47
660825,ST,2026,"Bazardo, Eduard",breaking,109,0.999403472697248,0.36697247706422,2.19243119266055,0.290376953247859,43.5495412844037,-2.00761467889908,5.86330275229358,42.2964285714286,-1.79169642857143,5.77785714285714,1.25311271297509,0.232210342139448,2.7233744631,40
689254,ST,2026,"Fluharty, Mason",breaking,150,0.999063651253333,0.333333333333333,7.45388548057261,0.260371939220499,40.4833333333333,3.4716,5.97193333333333,33.0294478527607,3.6720245398773,5.8360736196319,7.45388548057262,0.242131902053534,2.99719095376,50
573124,ST,2023,"Rogers, Taylor",breaking,92,0.99892201226087,0.282608695652174,1.47801003344482,0.172326768683244,29.4923913043478,1.7575,5.62695652173913,29.9615384615385,1.63076923076923,5.67211538461539,0.469147157190641,0.134536280482623,3.53464712030769,26
669330,SL,2026,"Wells, Tyler",breaking,64,0.9987691845,0.3125,1.71905128923768,0.135825512402464,54.0515625,-0.7709375,7.0659375,52.414798206278,-0.802914798206279,7.03403587443946,1.63676429372198,0.0451692518642718,3.1960613904,20
660853,CH,2025,"De Los Santos, Enyel",offspeed,91,0.998532140967033,0.296703296703297,5.7755786338204,0.199238999894634,27.8395604395605,-2.01351648351648,5.56340659340659,22.0721611721612,-1.97868613138686,5.41379562043796,5.76739926739929,0.153611837636603,3.36542314177778,27
656234,CU,2024,"Bird, Jake",breaking,48,0.99821712075,0.3125,8.2371382235529,0.42990995194362,28.5479166666667,-1.92645833333333,5.62020833333333,20.3107784431138,-2.26582352941176,5.39229411764706,8.2371382235529,0.408795335126567,3.1942947864,15
663623,CU,2024,"Irvin, Jake",breaking,423,0.997792527460993,0.226950354609929,3.09131872046475,0.203230474492416,27.6026004728132,-2.22799054373523,5.66491725768322,28.5741833508957,-2.19992623814541,5.7281875658588,0.971582878082486,0.069215151122216,4.396523324125,96
656849,SL,2024,"Peterson, David",breaking,176,0.996699131681818,0.323863636363636,3.61606928821684,0.308606935547589,37.2880681818182,2.52278409090909,5.95392045454546,40.8008113590264,2.30026369168357,6.13782961460447,3.51274317720817,0.288683056699034,3.0775271434386,57
650633,CH,2025,"King, Michael",offspeed,144,0.99668338875,0.256944444444444,9.12635178117048,0.389221857950364,19.8770833333333,-3.22854166666667,5.27652777777778,29.0034351145038,-3.0163358778626,5.58736641221374,9.12635178117048,0.376366780494731,3.87898399945946,37
594835,CH,2024,"Gonzales, Marco",offspeed,81,0.996365730666666,0.283950617283951,9.66013770180439,0.563376567588348,30.4469135802469,2.11296296296296,5.16592592592593,40.1070512820513,1.71384615384615,5.52858974358974,9.66013770180439,0.539276619150208,3.50894018191304,23
672582,CH,2023,"Zerpa, Angel",offspeed,62,0.996264052258065,0.290322580645161,10.8413412563667,0.4553597905535,41.6790322580645,2.10629032258064,5.7208064516129,30.868947368421,2.43678947368421,5.43178947368421,10.8100848896435,0.439044989051476,3.43157618,18
641871,SL,2023,"Middleton, Keynan",breaking,41,0.995571636292683,0.24390243902439,2.34172015404364,0.169985022009322,38.9121951219512,-1.31,5.77024390243902,36.9157894736842,-1.20157894736842,5.77710526315789,1.99640564826701,0.10863794422141,4.0818437088,10
690997,ST,2026,"McLean, Nolan",breaking,80,0.9954956094,0.2375,5.42147281639928,0.334348392783642,26.66875,-3.93675,5.157875,32.0370766488413,-3.79784745762712,5.31830508474576,5.36832664884134,0.212206805661788,4.19156046063158,19
571927,CH,2025,"Matz, Steven",offspeed,112,0.995316708785715,0.1875,2.16323853615519,0.173441561916042,32.2258928571429,1.91366071428572,5.62625,33.3466049382716,1.84925925925926,5.71333333333333,1.12071208112872,0.108309991939658,5.30835578019048,21
664299,ST,2023,"Javier, Cristian",breaking,124,0.994381492387097,0.258064516129032,2.11041735949451,0.209849978278428,37.516935483871,-1.7783064516129,5.67685483870968,37.4958762886598,-1.65654639175258,5.67399484536083,0.0210591952111656,0.12179364408353,3.853228283,32
678368,CH,2025,"Bellozo, Valente",offspeed,86,0.993099871813953,0.255813953488372,14.3783869493171,0.695111244921189,33.2523255813954,-1.64406976744186,5.62593023255814,47.6307125307125,-1.12616707616708,6.06761670761671,14.3783869493171,0.680668891517258,3.88211768072727,22
690997,CU,2026,"McLean, Nolan",breaking,122,0.991819336557377,0.385245901639344,2.69983343560971,0.238402811424927,31.0065573770492,-3.97565573770492,5.29188524590164,32.0370766488413,-3.79784745762712,5.31830508474576,1.03051927179216,0.179760374801494,2.57450976723404,47
687473,CH,2026,"Gusto, Ryan",offspeed,53,0.991096608226415,0.226415094339623,3.30592476865761,0.175758121778885,45.1132075471698,-1.59698113207547,5.78169811320755,47.743949044586,-1.55254777070064,5.78,2.63074149741617,0.0444657979972504,4.377343353,12
656546,FS,2026,"Hoffman, Jeff",offspeed,103,0.991034539029126,0.330097087378641,2.83362695299942,0.211993572298908,30.1116504854369,-2.7352427184466,5.50029126213592,32.3225165562914,-2.61973509933775,5.62403973509934,2.2108660708545,0.169279929799651,3.00225169176471,34
669923,ST,2024,"Kirby, George",breaking,287,0.989566611261324,0.240418118466899,2.17337703539066,0.269193800214392,35.4512195121951,-1.91937282229965,5.78567944250871,37.0606659729448,-1.73518210197711,5.90966701352758,1.60944646074967,0.222034094724427,4.11602344104348,69
678024,ST,2025,"Vasil, Mike",breaking,98,0.989242719714285,0.285714285714286,2.70144941587087,0.136480671141871,31.1632653061225,-1.59010204081633,5.90816326530612,28.9653206650831,-1.59128266033254,5.86938242280285,2.19794464103934,0.0387988093593805,3.462349519,28
573204,SL,2025,"Thielbar, Caleb",breaking,63,0.988955059428571,0.301587301587302,1.61725888324873,0.154729645185643,55.0571428571429,0.0961904761904762,6.1552380952381,55.1624365482234,0.0545685279187818,6.16233502538071,0.105293691080497,0.0422226597383538,3.279166776,19
623454,CH,2026,"Anderson, Drew",offspeed,168,0.9888578265,0.357142857142857,2.35815608465609,0.188258179948023,40.0625,-2.16077380952381,5.66940476190476,40.6257777777778,-2.12208888888889,5.60937777777778,0.563277777777799,0.0714126172879196,2.7688019142,60
641816,SL,2026,"Mahle, Tyler",breaking,55,0.988365678109091,0.254545454545455,3.28885707468386,0.383700441245989,43.5036363636364,-2.08763636363636,5.58127272727273,42.8427821522309,-1.95299212598425,5.52593175853019,0.660854211405429,0.145573670539287,3.882865164,14
656876,CH,2026,"Rasmussen, Drew",offspeed,104,0.987575283192308,0.365384615384615,3.08545193727986,0.164935914354729,50.3567307692308,-1.89163461538462,5.77846153846154,52.9664697193501,-1.86540229885057,5.86798850574713,2.60973895011931,0.0932910086883922,2.70283761715789,38
607192,SL,2023,"Glasnow, Tyler",breaking,203,0.98755533670936,0.320197044334975,4.80264279057384,0.377824034060298,51.8600985221675,-2.13724137931035,5.99689655172414,56.4391891891892,-1.78239130434783,6.07408695652174,4.57909066702175,0.363148639394013,3.08421128233846,65
660825,ST,2023,"Bazardo, Eduard",breaking,61,0.987064713836065,0.245901639344262,2.19771917320029,0.355552130392882,46.1213114754099,-1.87049180327869,5.91622950819672,46.6869565217391,-1.55847826086957,5.84173913043478,0.565645046329294,0.32078227355296,4.0140631696,15
622491,SL,2026,"Castillo, Luis",breaking,225,0.98701464544,0.235555555555556,3.29564698867024,0.390013744257909,14.8813333333333,-2.25511111111111,4.97977777777778,17.6359570661896,-2.20175531914893,5.16634751773049,2.75462373285628,0.194049242209123,4.19015651366038,53
593958,CU,2025,"Rodriguez, Eduardo",breaking,50,0.98684498184,0.22,5.81985819070907,0.162622714664533,45.358,1.1448,5.9804,39.5381418092909,1.2028728606357,5.89495110024451,5.81985819070908,0.103314914759861,4.48565900836364,11
682847,CH,2025,"Ortiz, Luis",offspeed,95,0.986638347663158,0.263157894736842,9.0300645870551,0.260649425694536,27.8715789473684,-1.88378947368421,5.17389473684211,18.8415143603133,-1.96409921671018,4.9969451697128,9.0300645870551,0.194321393912631,3.74922572112,25
670912,SL,2025,"Oviedo, Johan",breaking,99,0.984811039515151,0.282828282828283,3.1638888888889,0.155290806942517,26.4787878787879,-2.96040404040404,5.42747474747475,23.375,-2.98163793103448,5.32801724137931,3.10378787878788,0.101698936228604,3.48201046114286,28
668909,CU,2026,"Williams, Gavin",breaking,209,0.984292074200957,0.263157894736842,6.22749483860238,0.285433685424912,37.1837320574163,-2.72401913875598,6.08435406698565,30.9562372188139,-2.79059304703476,5.8357873210634,6.2274948386024,0.257327636374115,3.74030988196364,55
622491,CH,2023,"Castillo, Luis",offspeed,116,0.983811125172414,0.318965517241379,5.58019060090208,0.31380111971669,13.051724137931,-2.44068965517241,4.87991379310345,18.5919831223629,-2.3412447257384,5.14852320675106,5.54025898443182,0.286426798833928,3.08438082486487,37
543037,SL,2024,"Cole, Gerrit",breaking,118,0.983405924949153,0.271186440677966,2.96966993755578,0.200041264467622,40.2025423728813,-2.4028813559322,5.92372881355933,41.9429824561404,-2.30103070175439,5.99559210526315,1.74044008325907,0.124651066786284,3.62630934825,32
595345,SL,2024,"Okert, Steven",breaking,163,0.982997079656442,0.282208588957055,2.19223421604411,0.137124166106944,33.6736196319019,2.99748466257669,5.71018404907976,32.2708860759494,2.98658227848101,5.76177215189873,1.40273355595247,0.0527275481264881,3.48322878226087,46
669203,SL,2025,"Burnes, Corbin",breaking,50,0.98242288008,0.24,2.82661209964413,0.229214204912572,39.682,-0.8196,5.7998,40.4192170818505,-0.732348754448399,5.88903914590747,0.737217081850538,0.124805468680668,4.093428667,12
500779,CU,2023,"Quintana, Jose",breaking,106,0.982362422603774,0.273584905660377,1.96393751933189,0.128304634863968,46.9707547169811,2.15528301886792,5.83198113207547,46.003606557377,2.19380327868852,5.78488524590164,0.967148159604086,0.0608426898743351,3.59070402744828,29
672335,SV,2025,"Pérez, Cionel",breaking,50,0.98216535848,0.3,2.64094252873562,0.18954537049367,39.422,1.325,5.5004,37.183908045977,1.2664367816092,5.58551724137931,2.23809195402296,0.103317933236747,3.27388452826667,15
702674,SL,2025,"Dana, Caden",breaking,77,0.981735843324675,0.220779220779221,10.9944597955236,0.54897870220499,33.5779220779221,-2.14155844155844,5.68051948051948,44.4010638297872,-1.715,5.99297872340425,10.8231417518651,0.528755976352883,4.44668587858823,17
669438,CH,2026,"Englert, Mason",offspeed,89,0.981714555101123,0.292134831460674,1.60597690387016,0.161398770047171,41.6752808988764,-1.41820224719101,5.92741573033708,41.0930555555556,-1.46986111111111,5.99618055555556,0.58222534332085,0.0860072055635077,3.36048443861538,26
676282,CU,2025,"Cantillo, Joey",breaking,108,0.981690373666667,0.231481481481482,3.07475845410629,0.230812506536963,55.6916666666667,0.660462962962963,5.94148148148148,52.8184782608696,0.513514492753623,5.80840579710144,2.87318840579714,0.198249818839969,4.24090241424,25
672456,SL,2026,"Montero, Keider",breaking,141,0.981421829049645,0.262411347517731,1.71041386120836,0.197889691357354,42.3936170212766,-2.39028368794326,5.84709219858156,42.0405063291139,-2.24521518987342,5.8093670886076,0.35311069216268,0.149893472355495,3.74001291610811,37
663738,CH,2026,"Lynch IV, Daniel",offspeed,89,0.981203016719101,0.247191011235955,5.56307241997924,0.298745998139927,35.9831460674157,1.93483146067416,5.90988764044944,41.546218487395,1.66302521008403,6.00394957983193,5.56307241997924,0.287621776470865,3.969412204,22
593334,CU,2024,"Germán, Domingo",breaking,65,0.980650929046154,0.261538461538462,7.33097902097902,0.331209958655045,34.0446153846154,-1.41984615384615,5.62123076923077,26.7136363636364,-1.54757575757576,5.34954545454546,7.33097902097902,0.300212860957987,3.74954766988235,17
685299,SL,2024,"Gordon, Tanner",breaking,74,0.979985601135135,0.283783783783784,2.11003356297473,0.195130060657249,45.0270270270271,-2.59810810810811,6.11108108108108,46.8418300653595,-2.46777777777778,6.19496732026144,1.81480303833241,0.154993213167019,3.45328259447619,21
702352,ST,2024,"Bivens, Spencer",breaking,87,0.979509721195402,0.310344827586207,1.84664796788209,0.177414847875559,31.4390804597701,-1.89735632183908,5.93218390804598,31.7703349282297,-1.8254066985646,5.98081339712918,0.331254468459548,0.0868422448917234,3.15619799051852,27
608337,SL,2023,"Giolito, Lucas",breaking,147,0.979394464,0.231292517006803,2.27815950500803,0.257442682133467,49.6163265306122,-1.35877551020408,6.37340136054422,51.7959798994975,-1.16743718592965,6.38522613065326,2.17965336888525,0.19170336336194,4.23444077082353,34
663554,FS,2025,"Mize, Casey",offspeed,337,0.97926045958457,0.317507418397626,4.28009322601086,0.260657420069966,43.4724035608309,-2.14062314540059,5.76637982195846,47.4908183632734,-1.94717131474104,5.87418326693227,4.01841480244256,0.221461494471962,3.0842128493458,107
608718,SL,2024,"Suter, Brent",breaking,81,0.978310988790124,0.222222222222222,2.56153366826344,0.291514243793243,54.6432098765432,3.45814814814815,6.44320987654321,56.9394321766562,3.26447949526814,6.24608832807571,2.29622230011298,0.27634118762606,4.40239944955556,18
543351,SL,2024,"Jackson, Jay",breaking,118,0.978011749355932,0.254237288135593,1.5319209039548,0.203862572502886,32.0110169491526,-2.38,5.72932203389831,31.2333333333333,-2.23652173913044,5.65550724637681,0.777683615819225,0.161352515316614,3.84684621413333,30
608331,CH,2026,"Fried, Max",offspeed,65,0.9764825768,0.292307692307692,5.03794513179129,0.36448916851128,41.7184615384615,1.43215384615385,5.71876923076923,46.4937062937063,1.14968531468531,5.92881118881119,4.77524475524476,0.352002976419358,3.34059828905263,19
607625,SL,2026,"Lugo, Seth",breaking,84,0.975951342761905,0.226190476190476,5.86843514688725,0.299486548292457,33.777380952381,-1.91309523809524,5.67714285714286,29.5875278396437,-1.9497995545657,5.49886414253897,4.18985311273728,0.182017875299039,4.31473225221053,19
502624,ST,2024,"Anderson, Chase",breaking,73,0.975653631616439,0.232876712328767,2.03797070509399,0.658989567539151,43.3452054794521,-1.92835616438356,5.70945205479452,44.6748917748918,-1.35034632034632,5.79298701298702,1.32968629543971,0.584014956181927,4.18957147694118,17
656240,FS,2025,"Blewett, Scott",offspeed,68,0.975420473,0.264705882352941,3.6140756302521,0.249156430593184,43.4573529411765,-1.98852941176471,6.08470588235294,46.3857142857143,-1.78752380952381,6.21057142857143,2.92836134453781,0.237161101062346,3.68492178688889,18
670174,SL,2023,"Winckowski, Josh",breaking,62,0.975333984322581,0.290322580645161,5.57587939698492,0.228478723859237,57.3354838709677,-1.47564516129032,6.09709677419355,52.1311557788945,-1.57746543778802,6.03179723502304,5.20432809207326,0.120960317963984,3.35948372377778,18
694973,ST,2026,"Skenes, Paul",breaking,121,0.975111582677686,0.28099173553719,1.72925128268149,0.288865123579333,25.2462809917355,-2.43776859504132,5.51710743801653,26.1769516728624,-2.33531598513011,5.61873605947956,0.930670681126895,0.144308398848073,3.47025004423529,34
663423,ST,2023,"Thornton, Trent",breaking,66,0.974495184060606,0.242424242424242,23.1844696969697,0.9982156195274,24.0530303030303,-2.74257575757576,4.84712121212121,47.2375,-1.991,5.497875,23.1844696969697,0.99415623108954,4.01979263425,16
672456,CH,2026,"Montero, Keider",offspeed,106,0.973560037245283,0.283018867924528,2.15884881776929,0.210854364609157,41.8622641509434,-2.36037735849057,5.73235849056604,42.0405063291139,-2.24521518987342,5.8093670886076,0.178242178170514,0.138537537342522,3.4399121316,30
669923,CH,2026,"Kirby, George",offspeed,56,0.972980707071429,0.303571428571429,3.41054324028464,0.202541227300652,30.5017857142857,-1.57732142857143,5.59339285714286,33.5475095785441,-1.54309751434034,5.77017208413002,3.04572386425837,0.180061576688292,3.20511291741176,17
543135,FS,2024,"Eovaldi, Nathan",offspeed,458,0.972921145283843,0.347161572052402,2.38064976137811,0.149779565830618,32.8786026200873,-2.37244541484716,5.52122270742358,31.0393323657475,-2.4000435413643,5.43738751814224,1.83927025433985,0.0882609514400038,2.80250241849057,159
686751,SL,2026,"Johnson, Seth",breaking,42,0.972838786285714,0.261904761904762,2.24724310776943,0.424829413589368,46.4214285714286,-1.58547619047619,5.63023809523809,45.7394736842105,-1.57736842105263,5.71921052631579,0.681954887218062,0.0893410847085539,3.71447536581818,11
660896,SL,2024,"Alcala, Jorge",breaking,165,0.972173877187879,0.290909090909091,2.71266537717602,0.554459187372546,49.2212121212122,-2.14539393939394,6.53545454545455,50.0582978723404,-1.90744680851064,6.55246808510639,0.837085751128285,0.238554600934628,3.34184770283333,48
657424,SL,2026,"Gage, Matt",breaking,106,0.972088128037736,0.235849056603774,4.87893081761006,0.482972968172392,47.4349056603774,1.07283018867925,6.33650943396227,52.2166666666667,0.666568627450981,6.56107843137255,4.78176100628932,0.464197900393235,4.12165366288,25
681517,ST,2025,"Leahy, Kyle",breaking,120,0.971220865766666,0.275,2.5094496124031,0.276769246698176,44.0683333333333,-2.34033333333333,5.74325,45.9288372093023,-2.09097674418605,5.78776744186046,1.86050387596902,0.253299252231364,3.53171223915151,33
669194,SL,2026,"Nelson, Ryne",breaking,130,0.970555209692307,0.261538461538462,2.81532094303905,0.243700222254882,52.8438461538462,-1.18961538461538,6.26484615384615,55.0136465324385,-0.988033126293997,6.29579710144927,2.16980037859229,0.203944521935457,3.71094639,34
628452,CH,2023,"Iglesias, Raisel",offspeed,90,0.970517905866667,0.288888888888889,3.99435897435897,0.229119726192814,30.41,-1.83633333333333,5.35444444444444,33.5961538461538,-1.74798076923077,5.49528846153846,3.18615384615383,0.166262481440273,3.35948505876923,26
592426,SL,2024,"Jackson, Luke",breaking,235,0.970467199370213,0.302127659574468,4.09151278547725,0.400366818071008,52.2297872340426,-2.28029787234043,6.46974468085106,55.8100917431193,-1.92082568807339,6.57568807339449,3.5803045090767,0.374758927425783,3.21210974439437,71
643377,CH,2024,"Jax, Griffin",offspeed,100,0.97016139988,0.45,2.65472972972973,0.128283649421812,46.639,-0.691,5.5185,45.8189189189189,-0.682162162162163,5.52148648648649,0.820081081081064,0.00932879837824249,2.15591422195556,45
680885,SL,2024,"Schwellenbach, Spencer",breaking,217,0.969793327336405,0.248847926267281,3.50889855260593,0.281322377749361,35.6410138248848,-2.53101382488479,5.47423963133641,32.2215291750503,-2.56925553319919,5.49478873239437,3.41948464983447,0.0434130603516281,3.89713244503703,54
592836,SL,2025,"Walker, Taijuan",breaking,118,0.968264107423729,0.228813559322034,2.31353134770445,0.175844271524887,42.0381355932203,-1.87305084745763,6.53983050847458,40.7104854368932,-1.82405825242718,6.50809708737864,1.3276501563271,0.0583719485906466,4.23167276577778,27
607067,ST,2024,"Rea, Colin",breaking,191,0.96736453365445,0.219895287958115,1.70958749992143,0.16502955869615,34.2052356020943,-2.01188481675393,5.55743455497382,33.868787515006,-1.98427370948379,5.56087635054021,0.33644808708825,0.027824794723476,4.3992053792381,42
663567,SL,2026,"Lambert, Peter",breaking,114,0.967264814140351,0.254385964912281,2.44427917620139,0.157267701271675,50.1868421052632,-2.43561403508772,6.12342105263158,47.9913043478261,-2.4595652173913,6.07403381642512,2.19553775743711,0.0548885983957698,3.80235133834483,29
605400,CH,2026,"Nola, Aaron",offspeed,134,0.966731046985075,0.261194029850746,2.99501109064252,0.186451407486751,15.8179104477612,-1.96932835820896,4.81492537313433,18.6866498740554,-1.87697732997481,4.9411838790932,2.86873942629423,0.15642865064581,3.7011988656,35
693433,SL,2024,"Woo, Bryan",breaking,81,0.966631181679012,0.234567901234568,2.60412198267919,0.174344066881653,27.7814814814815,-1.57827160493827,5.04950617283951,26.4505970149254,-1.50071641791045,5.04862686567164,1.33088446655608,0.0775601715832041,4.12090135347368,19
623474,ST,2026,"Herget, Jimmy",breaking,87,0.965388108827586,0.275862068965517,4.51635318704284,0.428476966597881,2.56551724137931,-2.80367816091954,4.8951724137931,3.17121212121212,-2.48409090909091,5.00893939393939,0.605694879832812,0.33923286589448,3.4995318945,24
623149,ST,2023,"Sewald, Paul",breaking,55,0.965235682254545,0.272727272727273,3.66553719008265,0.129032325007981,18.9090909090909,-3.74672727272727,4.43527272727273,15.3305194805195,-3.69841463414634,4.37737804878049,3.57857142857143,0.0754049391245103,3.5391975016,15
621107,CU,2023,"Eflin, Zach",breaking,130,0.964761279507692,0.261538461538462,2.77952429149799,0.19889037501853,35.7830769230769,-2.20361538461539,6.09838461538461,33.1786184210526,-2.16648148148148,5.9379012345679,2.60445850202432,0.164723532867408,3.68879312752941,34
679883,CH,2026,"Avila, Luinder",offspeed,51,0.963674956470588,0.352941176470588,7.40386614009562,0.467043812166302,46.8823529411765,-1.93764705882353,6.03137254901961,54.2862190812721,-1.52332155477032,6.21084805653711,7.40386614009565,0.451527497620699,2.73041237666667,18
694297,CH,2024,"Pfaadt, Brandon",offspeed,148,0.961916986891892,0.283783783783784,5.10873066169616,0.401232413333893,24.3986486486487,-2.11114864864865,5.33472972972973,29.3742068965517,-1.8907724137931,5.58833103448276,4.97555824790306,0.335975157804186,3.38961223952381,42
622098,SL,2023,"Smith, Drew",breaking,56,0.961453217,0.25,2.6312429696288,0.138214793174926,42.4285714285714,-2.03392857142857,5.51,40.2779527559055,-2.05937007874016,5.52070866141732,2.15061867266594,0.0276033643535772,3.845812868,14
548384,ST,2023,"Raley, Brooks",breaking,82,0.960919719853658,0.304878048780488,4.19203023016144,0.304922707087741,30.4268292682927,3.2409756097561,5.45317073170732,34.3464788732394,3.04366197183099,5.65014084507042,3.91964960494675,0.278800820066077,3.15181668112,25
630023,FS,2023,"Chirinos, Yonny",offspeed,90,0.960698014177778,0.288888888888889,7.28008307372794,0.343052565590602,50.5511111111111,-0.553333333333334,6.80577777777778,43.2710280373832,-0.784112149532711,6.5988785046729,7.28008307372793,0.309945432645351,3.325493126,26
675921,SL,2024,"Howard, Spencer",breaking,75,0.96065024544,0.333333333333333,2.96504761904764,0.235856734348278,43.612,-2.2824,6.24293333333334,40.9185714285714,-2.36935714285714,6.08821428571429,2.6934285714286,0.177481064877418,2.88195073632,25
543521,ST,2023,"McHugh, Collin",breaking,76,0.960560387368421,0.302631578947368,8.3,0.450181291093977,19.2,-2.43381578947368,5.07263157894737,27.5,-2.21323529411765,5.44529411764706,8.3,0.433050946981547,3.17402562782609,23
572971,CH,2023,"Keuchel, Dallas",offspeed,102,0.960182454470588,0.196078431372549,1.74134334584898,0.140026226595904,45.3705882352941,1.18794117647059,6.18490196078432,44.5234042553191,1.20482269503546,6.19141843971632,0.847183979974993,0.0180955841775637,4.8969305178,20
608718,SL,2025,"Suter, Brent",breaking,58,0.960022269517241,0.241379310344828,2.65862068965517,0.309505802308462,49.8948275862069,3.46362068965517,6.24258620689655,52.426,3.23874285714286,6.06454285714286,2.53117241379309,0.286826557255343,3.97723511657143,14
701581,SL,2025,"Festa, David",breaking,113,0.95992690778761,0.309734513274336,5.54326897291501,0.463493451507839,47.4460176991151,-2.43743362831858,5.94938053097345,52.8348484848485,-2.09449494949495,6.08792929292929,5.38883078573345,0.369868485914651,3.099192588,35
543056,ST,2025,"Coulombe, Danny",breaking,73,0.95992431030137,0.232876712328767,4.57111332503113,0.237955092117757,60.4849315068493,-0.74,6.17616438356165,55.9138181818182,-0.565309090909091,6.05843636363636,4.57111332503113,0.210658017636492,4.12202792070588,17
666661,CH,2026,"Morillo, Juan",offspeed,74,0.959607849297297,0.310810810810811,2.31947144188523,0.154362892016825,45.4094594594595,-1.63432432432432,5.75905405405406,46.3980295566503,-1.55643192488263,5.71985915492958,0.988570097190795,0.0871978555250208,3.08743394991304,23
681517,ST,2024,"Leahy, Kyle",breaking,60,0.9594683818,0.266666666666667,3.01670022371363,0.286038978092043,44.4583333333334,-1.54483333333333,5.8015,47.3187919463087,-1.28684563758389,5.86865771812081,2.86045861297536,0.266585465210126,3.59800643175,16
663399,SL,2025,"Waddell, Brandon",breaking,58,0.959186559931035,0.224137931034483,2.14123152709359,0.126437575339851,44.2672413793103,2.52862068965517,6.12534482758621,42.8628571428572,2.55923809523809,6.08857142857143,1.40438423645317,0.0478508975854087,4.27944772892308,13
660761,CH,2024,"Suarez, José",offspeed,112,0.959173533642857,0.294642857142857,1.9420429311621,0.361089341128414,40.4303571428572,1.56544642857143,5.57098214285715,39.740932642487,1.5559585492228,5.62145077720207,0.68942450037013,0.0513527302796646,3.25537684145455,33
672582,SL,2025,"Zerpa, Angel",breaking,149,0.959139056053691,0.201342281879195,5.69402482548091,0.251675113220511,32.5872483221476,2.72536912751678,5.36288590604027,27.5311036789298,2.78615384615384,5.30464882943144,5.05614464321788,0.0841803962436048,4.7637239784,30
672282,CU,2024,"Detmers, Reid",breaking,72,0.958687291666667,0.194444444444444,5.66993243243242,0.226363285989427,49.6041666666667,1.37444444444444,6.26527777777778,43.9342342342343,1.44975975975976,6.10768768768769,5.66993243243242,0.174662626842853,4.93039178571429,14
571927,CH,2023,"Matz, Steven",offspeed,84,0.958683812857143,0.214285714285714,2.39621943371945,0.15656242820287,34.0107142857143,1.58952380952381,5.58083333333334,35.3574324324325,1.53108108108108,5.67695945945946,1.34671814671817,0.112497931678078,4.47385779333333,18
650633,CH,2026,"King, Michael",offspeed,299,0.957563367050168,0.280936454849498,9.19865319258268,0.420587787772233,18.8461538461539,-3.30795986622073,5.20996655518395,28.0237196765499,-3.06793733681462,5.53031331592689,9.17756583039604,0.400290971345855,3.40846960414286,84
592791,CU,2024,"Taillon, Jameson",breaking,149,0.956671757637584,0.221476510067114,3.21684312529157,0.203126034322311,47.6261744966443,-1.33422818791946,6.23167785234899,44.5101604278075,-1.33300802139037,6.11589572192513,3.11601406883678,0.115788559589652,4.319517936,33
660261,FS,2023,"Fujinami, Shintaro",offspeed,67,0.954815470746268,0.343283582089552,3.79498702141467,0.250853047432436,38.4537313432836,-1.80074626865672,5.75134328358209,35.0771739130435,-1.88179347826087,5.57586956521739,3.3765574302401,0.19328651277664,2.78141898,23
471911,SL,2024,"Carrasco, Carlos",breaking,214,0.954450431158879,0.257009345794393,2.73379762760601,0.206013267350675,34.8191588785047,-1.32939252336449,5.83682242990655,37.1086538461538,-1.21419871794872,5.94439102564103,2.28949496764915,0.157609059366693,3.71367985941818,55
607200,ST,2024,"Fedde, Erick",breaking,258,0.954159810449613,0.244186046511628,6.66707773976872,0.354127828348829,32.8116279069767,-1.59802325581395,5.6570542635659,39.4029666254636,-1.35682323856613,5.87713226205192,6.59133871848682,0.326514584265333,3.90751160469841,63
670955,CH,2025,"Uceta, Edwin",offspeed,260,0.953308158215385,0.346153846153846,1.84701529464687,0.172759528204068,14.1776923076923,-1.72557692307692,4.55219230769231,13.4318713450292,-1.62005847953216,4.52956140350877,0.745820962663068,0.107918023296728,2.75400134595556,90
571927,CH,2024,"Matz, Steven",offspeed,95,0.953305756421052,0.210526315789474,2.56400203407069,0.293983071091184,35.2505263157895,1.884,5.6098947368421,36.3454106280193,1.7807729468599,5.72908212560386,1.09488431222985,0.15767516652864,4.528202343,20
667755,FS,2025,"Soriano, José",offspeed,123,0.952903846178862,0.398373983739837,3.67500248880039,0.207474851807451,35.460162601626,-1.26715447154472,5.78373983739838,34.6138775510204,-1.25880272108843,5.83965986394558,0.846285050605587,0.0565402609184251,2.39198312408163,49
548384,ST,2025,"Raley, Brooks",breaking,75,0.95282400624,0.226666666666667,5.73729032258065,0.396687361700266,27.2266666666667,3.28146666666667,5.38573333333333,32.8451612903226,3.0134375,5.6434375,5.61849462365593,0.371821290005548,4.20363532164706,17
663158,CH,2023,"Suarez, Robert",offspeed,62,0.952555287548387,0.403225806451613,2.65170777988615,0.20374531633717,42.9725806451613,-1.39677419354839,6.05629032258065,45.1529411764706,-1.27772058823529,6.14198529411765,2.1803605313093,0.146688067288288,2.36233711312,25
607644,CH,2023,"Means, John",offspeed,75,0.9518902504,0.2,2.60338624338623,0.22257445239043,48.112,0.788533333333333,6.42626666666667,50.5365079365079,0.647301587301587,6.51603174603174,2.42450793650791,0.167344481715395,4.759451252,15
624133,CH,2023,"Suarez, Ranger",offspeed,102,0.951313358235294,0.294117647058824,4.21433492315847,0.207546439251117,37.4852941176471,1.61019607843137,5.77411764705882,41.6081081081081,1.53868725868726,5.91135135135135,4.12281399046108,0.154746893006109,3.234465418,30
519151,CU,2024,"Pressly, Ryan",breaking,115,0.951191888452174,0.243478260869565,2.72320730938878,0.189047021953319,57.295652173913,-0.509826086956522,5.99539130434783,57.3688405797101,-0.392928571428571,5.95521428571429,0.0731884057970831,0.123609149996621,3.90668097042857,28
681343,CH,2025,"Smith, Shane",offspeed,190,0.950341226105263,0.3,3.18718084685396,0.294114046063136,30.89,-2.29963157894737,5.75005263157895,33.0972932330827,-2.09848214285714,5.76967261904762,2.20729323308267,0.202104031497855,3.16780408701754,57
621112,CU,2023,"Blackburn, Paul",breaking,49,0.949092631346939,0.204081632653061,1.79885714285715,0.137915377288268,50.2734693877551,-2.01775510204082,6.02795918367347,49.072,-2.03098181818182,5.96869090909091,1.20146938775511,0.0607262249103965,4.6505538936,10
657514,CU,2024,"Bernardino, Brennan",breaking,135,0.948705280296297,0.296296296296296,5.81605512489234,0.396500957025331,14.8718518518519,3.264,4.84422222222222,20.6879069767442,2.95723502304147,5.06741935483871,5.81605512489233,0.379370150508165,3.201880321,40
605280,ST,2025,"Holmes, Clay",breaking,176,0.948616148659091,0.255681818181818,2.38858462965604,0.290986086670403,42.6136363636363,-0.914204545454546,6.45079545454546,43.7971742543171,-0.802201834862385,6.46990825688073,1.18353789068075,0.113621769010602,3.7101431592,45
519242,CH,2026,"Sale, Chris",offspeed,111,0.94741644172973,0.315315315315315,3.47466729202087,0.314107389491804,7.67747747747747,3.04783783783784,4.60963963963964,11.1219088937093,3.00088937093275,4.90819956616052,3.44443141623185,0.302228701927687,3.00466357234286,35
663623,CH,2024,"Irvin, Jake",offspeed,41,0.947316071414634,0.317073170731707,2.61478578220979,0.193588838134032,26.9512195121951,-2.33146341463415,5.74146341463415,28.5741833508957,-2.19992623814541,5.7281875658588,1.62296383870059,0.132205434681536,2.98768914830769,13
489446,FS,2026,"Yates, Kirby",offspeed,77,0.946384809402598,0.350649350649351,1.71186744290193,0.134489980516657,19.5987012987013,-2.35155844155844,5.16480519480519,19.1551724137931,-2.32289655172414,5.16510344827586,0.443528884908201,0.0286634415938931,2.69894927125926,27
656794,SV,2025,"Newcomb, Sean",breaking,152,0.945651555710526,0.302631578947368,5.56410720593431,0.445965718620529,26.1532894736842,2.74203947368421,5.7875,31.6044742729307,2.41694196428571,6.06618303571428,5.45118479924645,0.428196946523481,3.12476166234783,46
686563,ST,2025,"Cannon, Jonathan",breaking,91,0.944524971692308,0.197802197802198,2.82179655207179,0.213095620707305,24.8802197802198,-2.3132967032967,5.74384615384615,27.4012844036697,-2.21346788990825,5.89357798165138,2.52106462344997,0.179959473883539,4.775098468,18
669211,CH,2024,"Akin, Keegan",offspeed,62,0.944406739548387,0.258064516129032,3.16280834914611,0.304392118544022,41.6709677419355,2.12532258064516,5.80145161290323,43.8882352941177,2.08495468277946,5.9829003021148,2.21726755218216,0.185884894476919,3.65957611575,16
650893,CU,2024,"Cabrera, Génesis",breaking,43,0.943588663534884,0.209302325581395,4.00678575440957,0.237945580608561,49.2348837209302,1.96813953488372,5.98813953488372,45.2294685990339,1.77717391304348,5.93227053140096,4.00541512189636,0.198970385422018,4.508256948,9
806188,CU,2026,"Gibson, Cade",breaking,45,0.943327757066667,0.311111111111111,7.33051587301587,0.245363017176346,38.9644444444444,1.31,5.81666666666667,31.6339285714286,1.38660714285714,5.64660714285714,7.33051587301587,0.18651781677646,3.03212493342857,14
624133,CH,2026,"Suarez, Ranger",offspeed,104,0.942791501923077,0.288461538461538,1.82317395906846,0.131780503344827,40.9730769230769,2.22596153846154,5.84346153846154,41.280504587156,2.27396788990826,5.90133027522936,0.307427664079036,0.0751890981082307,3.26834387333333,30
806188,ST,2026,"Gibson, Cade",breaking,68,0.942182826705882,0.235294117647059,6.61334033613446,0.431196751408156,25.0205882352941,1.72808823529412,5.39941176470588,31.6339285714286,1.38660714285714,5.64660714285714,6.61334033613447,0.421562440773954,4.0042770135,16
806960,CH,2025,"Morales, Luis",offspeed,48,0.9415025355,0.25,4.36445642978003,0.197759264958517,42.1020833333333,-1.878125,5.7075,38.5766497461929,-1.98832487309645,5.69319796954315,3.52543358714045,0.111124075274721,3.766010142,12
571948,CH,2023,"Milner, Hoby",offspeed,45,0.941188462933333,0.177777777777778,4.06257309941521,0.338129833955371,-5.66888888888889,4.49022222222222,4.09844444444444,-1.60631578947368,4.31747368421053,4.3698947368421,4.06257309941521,0.321756613961476,5.294185104,8
669160,ST,2025,"May, Dustin",breaking,361,0.940840358958449,0.254847645429363,3.77012571915619,0.231171357210481,20.3742382271468,-2.33853185595568,4.94764542936288,21.7707692307693,-2.21415384615385,5.06100854700855,1.39653100362246,0.168288697673405,3.69177575634783,92
695418,SL,2025,"Lord, Brad",breaking,175,0.939736986994286,0.257142857142857,2.39449263828093,0.222160854913461,18.1582857142857,-2.54234285714286,5.34474285714286,20.1445682451253,-2.42087743732591,5.36760445682451,1.98628253083963,0.123598142992976,3.6545327272,45
686701,CH,2025,"Bergert, Ryan",offspeed,40,0.9378065154,0.375,8.44141196013285,0.422122871046052,43.035,-2.00025,5.76125,51.4764119601329,-1.63461794019934,5.95279069767442,8.44141196013283,0.412764632714189,2.5008173744,15
641585,CH,2023,"France, J.P.",offspeed,87,0.937773970804598,0.275862068965517,3.69034482758621,0.35443574724575,44.116091954023,-1.25965517241379,5.40632183908046,40.5767164179105,-1.49779104477612,5.65020895522389,3.53937553611255,0.340865984114759,3.39943064416667,24
571946,FS,2024,"Miller, Shelby",offspeed,83,0.937559333975904,0.27710843373494,2.16550744462567,0.200125544445055,45.144578313253,-1.58915662650602,5.35385542168675,45.5336244541485,-1.51272340425532,5.31676595744681,0.389046140895452,0.0849568468178475,3.38336629217391,23
656605,SL,2025,"Keller, Mitch",breaking,218,0.936335892697248,0.261467889908257,2.48670383844774,0.127460695645399,39.5637614678899,-1.78880733944954,5.89412844036697,37.2783045977012,-1.81745689655172,5.81254310344828,2.28545687018874,0.0864694415518435,3.58107411592982,57
642547,CH,2025,"Peralta, Freddy",offspeed,300,0.935313412373333,0.34,10.111859929078,0.483019703103561,31.5656666666667,-3.70316666666667,5.09536666666667,41.6775265957447,-3.36297872340425,5.4156914893617,10.111859929078,0.467264195906037,2.75092180109804,102
681190,CU,2024,"Vásquez, Randy",breaking,119,0.934892066722689,0.210084033613445,2.14553326401554,0.433448180316529,37.7747899159664,-2.23151260504202,5.96394957983193,37.0194726166329,-1.96787018255578,5.97170385395537,0.755317299333505,0.263756432531212,4.4500862376,25
690986,SV,2023,"Harrison, Kyle",breaking,60,0.9348652126,0.216666666666667,2.85900843881857,0.210883084221968,28.2,2.28316666666667,4.97183333333333,30.8462025316456,2.15955696202532,5.05727848101266,2.64620253164557,0.150267203153126,4.31476251969231,13
608331,CU,2026,"Fried, Max",breaking,46,0.934691959826087,0.217391304347826,5.51498935846762,0.270257388515513,52.0086956521739,1.09456521739131,6.15173913043478,46.4937062937063,1.14968531468531,5.92881118881119,5.51498935846761,0.22964122513659,4.2995830152,10
686930,SL,2026,"Barnett, Mason",breaking,51,0.934072641176471,0.235294117647059,6.39096334185846,0.290569736506706,60.443137254902,-2.06392156862745,6.22019607843137,54.0521739130435,-2.2166265060241,5.99012048192771,6.39096334185845,0.276140504113087,3.969808725,12
640448,FS,2024,"Finnegan, Kyle",offspeed,142,0.933548549605634,0.253521126760563,3.91018678918426,0.492534952304945,47.7161971830986,-2.17161971830986,5.66485915492958,51.4802139037433,-1.70024064171123,5.76008021390374,3.76401672064468,0.480900492749941,3.68233039011111,36
683004,CH,2026,"Leiter, Jack",offspeed,122,0.932936175868853,0.30327868852459,1.75967213114754,0.170024316459015,44.9967213114754,-1.35008196721311,5.62122950819672,45.09,-1.29128608923885,5.63191601049869,0.0932786885245989,0.0597591549322369,3.07616793124324,37
592426,CU,2025,"Jackson, Luke",breaking,55,0.932868977454546,0.236363636363636,2.6539898989899,0.464953710284241,51.5290909090909,-2.44181818181818,6.36545454545454,53.2027777777778,-1.98796296296296,6.40240740740741,1.67368686868687,0.455357083714117,3.94675336615385,13
681799,ST,2024,"Roberts, Ethan",breaking,125,0.93266949952,0.272,2.59780000000001,0.17234939945248,31.5752,-2.22552,5.04672,33.375,-2.12357142857143,5.11,1.79980000000001,0.119991123073026,3.42893198352941,34
608379,CH,2026,"Wacha, Michael",offspeed,239,0.932277374460251,0.251046025104603,3.69431318107638,0.198333643177446,55.8979079497908,-1.95397489539749,6.70460251046025,52.2584103512015,-1.98158964879852,6.54371534195933,3.63949759858929,0.163239871335537,3.7135715416,60
650911,SL,2024,"Sánchez, Cristopher",breaking,233,0.931953305253219,0.28755364806867,1.73936323869263,0.178528849655084,33.9309012875537,1.82094420600858,6.20643776824035,33.2822115384616,1.835744,6.222976,0.648689749092078,0.022193400188443,3.24097194214925,67
693433,SL,2026,"Woo, Bryan",breaking,139,0.931395957841726,0.302158273381295,2.30061802906668,0.147151598035522,24.8971223021583,-1.75978417266187,5.00820143884892,23.7436241610738,-1.74830618892508,5.06071661237785,1.15349814108446,0.0537548840705214,3.08247709857143,42
657097,ST,2024,"Webb, Jacob",breaking,113,0.93009156679646,0.15929203539823,2.00263613803437,0.425709102069278,30.4646017699115,-2.72592920353982,5.48495575221239,31.9830687830688,-2.63169312169312,5.52253968253968,1.5184670131573,0.101454378617508,5.83890816933333,18
623474,SL,2025,"Herget, Jimmy",breaking,172,0.929741682790698,0.244186046511628,7.24120030007503,0.355141857631238,8.42674418604651,-2.50726744186047,5.24476744186047,1.21032258064516,-2.40883870967742,4.94735483870968,7.21642160540135,0.313276988992313,3.80751355809524,42
641745,SL,2024,"Keller, Brad",breaking,126,0.928844259904762,0.222222222222222,2.85676010356862,0.157542400360725,50.8730158730159,-1.28642857142857,6.40293650793651,48.409219858156,-1.29028368794326,6.31985815602837,2.46379601485985,0.0831677490323859,4.17979916957143,28
656641,SL,2024,"Latz, Jacob",breaking,70,0.927797012914286,0.271428571428571,1.93939849624061,0.306732820148536,49.3585714285714,1.86171428571429,5.88657142857143,50.8331578947369,1.60721052631579,5.96731578947369,1.47458646616543,0.267005272167951,3.41819952126316,19
605280,CH,2026,"Holmes, Clay",offspeed,72,0.927751605833333,0.305555555555556,1.72385321100918,0.303609598876898,40.1194444444444,-1.24180555555556,6.33944444444444,40.5958715596331,-1.25321100917431,6.36706422018349,0.476427115188606,0.0298820411639674,3.03627798272727,22
694477,SL,2025,"Patrick, Chad",breaking,44,0.927279221818182,0.295454545454545,5.43133529288267,0.164251987733726,38.7636363636364,-1.37954545454545,5.55204545454546,33.4405311778291,-1.31073817762399,5.5159169550173,5.32310518580729,0.0777155700970068,3.13848352,13
592426,SL,2023,"Jackson, Luke",breaking,148,0.927250745216216,0.263513513513514,3.01569767441861,0.329822417724936,52.3777027027027,-2.20695945945946,6.36371621621621,54.0348837209303,-1.92953488372093,6.42558139534884,1.65718101822753,0.284238800329608,3.51879769979487,39
596057,CH,2023,"Norris, Daniel",offspeed,46,0.926757845478261,0.282608695652174,6.10326086956521,0.371380246818143,28.7304347826087,3.04065217391304,5.41478260869565,34.7416666666667,2.75138888888889,5.61166666666667,6.01123188405797,0.349909388765291,3.27929699169231,13
628317,SL,2024,"Maeda, Kenta",breaking,216,0.926692151166667,0.226851851851852,1.70252216502217,0.213704663973748,38.1615740740741,-2.18296296296296,5.64189814814814,38.2247104247104,-2.11988416988417,5.6811583011583,0.0631363506363414,0.074298679333204,4.08501029902041,49
668984,ST,2025,"Legumina, Casey",breaking,67,0.926084390029851,0.238805970149254,3.88731847519161,0.379997686651367,14.5641791044776,-2.39388059701493,4.47761194029851,18.0402027027027,-2.11692567567567,4.71466216216216,3.47602359822509,0.364550183293931,3.87797838325,16
689017,SL,2024,"Knack, Landon",breaking,130,0.925187401507692,0.269230769230769,3.25341611144761,0.278360317853653,50.9484615384615,-1.01669230769231,5.765,53.6582677165354,-0.767204724409449,5.78677165354331,2.7098061780739,0.250435738484608,3.43641034845714,35
674370,CH,2024,"Bido, Osvaldo",offspeed,69,0.925079403304348,0.333333333333333,1.77754885623391,0.131624868844282,33.004347826087,-2.28710144927536,5.82956521739131,33.716724738676,-2.27996515679443,5.84780487804878,0.712376912589008,0.019586012643548,2.77523820991304,23
686539,SL,2023,"Cronin, Declan",breaking,44,0.924514285909091,0.204545454545455,1.78211143695015,0.135940150510635,22.9318181818182,-2.22318181818182,5.20545454545455,23.3032258064516,-2.20032258064516,5.19870967741935,0.371407624633427,0.0238335474818455,4.51984762,9
493603,ST,2023,"Ottavino, Adam",breaking,46,0.923987929391304,0.217391304347826,2.4401185770751,0.205182134633726,20.6630434782609,-2.93086956521739,5.19869565217391,21.9965909090909,-2.78772727272727,5.26397727272727,1.33354743083004,0.157325795346471,4.2503444752,10
686701,SL,2025,"Bergert, Ryan",breaking,149,0.923917659060403,0.322147651006711,2.95871033913797,0.215077955034536,49.0939597315436,-1.79986577181208,5.96107382550335,51.4764119601329,-1.63461794019934,5.95279069767442,2.38245222858922,0.165455299278519,2.8679944,48
593958,CH,2024,"Rodriguez, Eduardo",offspeed,90,0.923453140044444,0.255555555555556,1.61559581320451,0.105941105494066,39.2633333333333,1.40588888888889,5.85333333333333,39.1481884057971,1.3981884057971,5.84648550724638,0.11514492753625,0.0103048610841704,3.61351228713043,23
669165,CH,2026,"Hurt, Kyle",offspeed,103,0.922551702330097,0.330097087378641,3.39110884006132,0.176579606333715,42.2009708737864,-1.11349514563107,5.71203883495145,45.5075187969925,-1.03398496240601,5.69368421052631,3.30654792320608,0.0816012345143721,2.79478898058823,34
664199,CH,2025,"Clarke, Taylor",offspeed,82,0.922543208926829,0.268292682926829,5.59999999999999,0.395483329119068,39.4914634146341,-1.07475609756098,5.87182926829268,45.05,-0.81046052631579,6.10855263157895,5.55853658536585,0.354809948712518,3.43857014236364,22
657053,FS,2023,"Toussaint, Touki",offspeed,107,0.922363684747664,0.336448598130841,1.89965746183448,0.178069493069098,34.1607476635514,-1.55467289719626,5.63943925233645,32.9701357466063,-1.64061728395062,5.61,1.19061191694506,0.0908466135456423,2.74146984077778,36
663776,CU,2024,"Sandoval, Patrick",breaking,42,0.921183221428571,0.261904761904762,5.59132653061226,0.132562335498568,58.4214285714286,0.863095238095238,6.08261904761905,52.8301020408163,0.919340101522842,6.08908629441624,5.59132653061224,0.0566154567510113,3.51724502727273,11
650633,SL,2024,"King, Michael",breaking,67,0.920503087164179,0.283582089552239,5.33481185621191,0.301592926153806,28.7044776119403,-3.12970149253731,5.44477611940298,32.930985915493,-2.96705882352941,5.62700692041523,4.22650830355268,0.244255404483866,3.24598457052632,19
686752,CH,2023,"Pepiot, Ryan",offspeed,128,0.92013308140625,0.3046875,2.92871232269505,0.204181670698077,38.6234375,-1.404375,6.005625,41.4007092198582,-1.33985815602837,5.86553191489362,2.77727171985818,0.154235195888239,3.01992395948718,39
663978,SL,2024,"Paddack, Chris",breaking,114,0.91945599645614,0.236842105263158,3.42300393841747,0.268412585675126,45.8587719298246,-2.51964912280702,6.17078947368421,48.9721088435374,-2.28367346938776,6.25785714285715,3.11333691371285,0.251525919184994,3.88214754059259,27
673929,SL,2024,"Leasure, Jordan",breaking,78,0.918562912358974,0.243589743589744,1.99939102564103,0.12155228681326,52.3,-1.42320512820513,5.89525641025641,51.17875,-1.3978125,5.8796875,1.12125000000001,0.0297855087875979,3.77094248231579,19
641793,ST,2026,"Littell, Zack",breaking,64,0.917673152125,0.1875,2.15612500000001,0.203276536048925,39.2375,-0.835625,6.13796875,40.1497142857143,-0.649036827195468,6.12048158640226,0.912214285714313,0.187405835344656,4.89425681133333,12
694462,SL,2025,"Waldrep, Hurston",breaking,48,0.9176721045,0.229166666666667,2.18427083333333,0.209035729994141,55.4125,-0.859375,6.160625,55.680625,-0.812173913043478,6.23757763975155,0.268125000000005,0.0902754195482323,4.00438736509091,11
687377,SL,2025,"Ribalta, Orlando",breaking,52,0.916331734923077,0.25,2.64348209042865,0.225357479453866,41.0538461538462,-1.85,6.39673076923077,39.1312977099237,-1.69480916030534,6.43977099236641,1.92254844392249,0.161048618537069,3.66532693969231,13
661527,ST,2024,"Martinez, Seth",breaking,112,0.915101073892857,0.25,3.48063934122871,0.21468300097409,14.5151785714286,-2.44982142857143,4.51839285714286,11.2181347150259,-2.37082051282051,4.42953846153846,3.29704385640266,0.118895955808876,3.66040429557143,28
624133,CH,2024,"Suarez, Ranger",offspeed,180,0.914029672022222,0.3,3.50201825013419,0.208797996064814,38.5655555555556,1.87711111111111,5.729,41.9048309178744,1.82996865203762,5.88467084639499,3.33927536231882,0.162652463445312,3.04676557340741,54
572955,CU,2025,"Johnson, Pierce",breaking,317,0.913892178776025,0.252365930599369,4.17926436632085,0.2855578932369,40.3353312302839,-1.87542586750789,6.23444794952682,36.3927835051546,-1.94020618556701,6.10309278350516,3.94254772512927,0.146460469917377,3.6212977584,80
657006,SL,2024,"Steele, Justin",breaking,313,0.913830078440894,0.255591054313099,2.6707823761052,0.161524314590112,46.4837060702876,2.15731629392971,6.16246006389777,45.0125581395349,2.17948837209302,6.09128682170543,1.47114793075266,0.0745468406724879,3.5753601819,80
596001,ST,2026,"Junis, Jakob",breaking,115,0.912889051652174,0.191304347826087,1.94095108695652,0.241538523368091,30.2417391304348,-2.002,5.65104347826087,29.671875,-1.82125,5.53989583333334,0.569864130434791,0.212189447129063,4.77192004272727,22
547943,CH,2023,"Ryu, Hyun Jin",offspeed,100,0.91235748312,0.22,3.04012727272728,0.227412138195371,37.059,2.3929,5.72,39.7654545454546,2.221,5.82622727272727,2.70645454545456,0.202073856475977,4.14707946872727,22
695549,SL,2025,"Jobe, Jackson",breaking,114,0.910930626140351,0.236842105263158,3.76479266347687,0.263535730627522,41.6368421052631,-1.97815789473684,5.76043859649122,44.9784090909091,-1.78914772727273,5.89761363636363,3.34156698564595,0.23354193406926,3.84615153259259,27
663372,CU,2024,"Feltner, Ryan",breaking,126,0.910781597269841,0.23015873015873,5.51561972306654,0.188174914706818,46.1801587301587,-1.19777777777778,5.59119047619048,40.6645390070922,-1.31154255319149,5.52817375886525,5.51561972306654,0.130052031077487,3.95718900882759,29
543135,FS,2023,"Eovaldi, Nathan",offspeed,67,0.910763968895522,0.373134328358209,2.50023566378633,0.154530972655581,35.5940298507463,-2.28537313432836,5.61328358208955,33.4315789473684,-2.3,5.52552631578947,2.16245090337785,0.0889678761567289,2.44084743664,25
623211,CH,2025,"Brazobán, Huascar",offspeed,197,0.910635226436548,0.299492385786802,3.07172801142615,0.242549990066339,36.938578680203,-1.64710659898477,5.90568527918782,36.548288973384,-1.65140684410646,5.83836501901141,0.39028970681899,0.0674574646597814,3.04059558657627,59
645261,ST,2026,"Alcantara, Sandy",breaking,95,0.909904656884211,0.273684210526316,1.58574293966624,0.152980645598192,33.2105263157895,-1.92284210526316,5.88357894736842,33.4550304878049,-1.88844512195122,5.93702743902439,0.24450417201539,0.0635601582853551,3.32465163092308,26
544150,CU,2024,"Suárez, Albert",breaking,127,0.90977839407874,0.244094488188976,2.6768897637795,0.170969911175634,42.9527559055118,-1.28748031496063,6.23244094488189,41.2602631578948,-1.36357894736842,6.29824999999999,1.69249274761704,0.100607323738751,3.72715664670968,31
800048,SL,2026,"Messick, Parker",breaking,48,0.909271312,0.229166666666667,3.35836408364085,0.156042790614694,45.9958333333333,0.98375,5.525625,42.7726937269373,0.988379373848988,5.43296500920811,3.22313960639606,0.0927755624924344,3.96772936145455,11
621111,KC,2024,"Buehler, Walker",breaking,104,0.908881225615385,0.259615384615385,7.77630597014923,0.33956753000736,51.8375,-0.938557692307692,5.67451923076923,44.0611940298508,-1.21574626865672,5.51509950248756,7.77630597014922,0.319762656706194,3.500875832,27
676106,CH,2025,"Hancock, Emerson",offspeed,131,0.907797116305343,0.251908396946565,3.45383093016681,0.230126371689079,16.475572519084,-2.52954198473283,5.29435114503817,17.662962962963,-2.45647058823529,5.36220043572985,1.187390443879,0.0997143682398048,3.60367946169697,33
664747,SL,2024,"Díaz, Alexis",breaking,208,0.907445031711539,0.274038461538462,4.47555191445326,0.233861490877131,12.3182692307692,-2.09586538461538,4.67105769230769,8.75156950672646,-2.05784753363229,4.53668161434978,3.56669972404278,0.139650590119498,3.31137836133333,57
685107,SL,2025,"Veneziano, Anthony",breaking,50,0.90692794232,0.28,1.99454368932039,0.178321134388016,34.974,2.027,6.1696,34.0466019417476,2.08135922330097,6.19825242718447,0.927398058252429,0.0614482444130503,3.23902836542857,14
678394,CH,2024,"Bello, Brayan",offspeed,373,0.906840233008043,0.340482573726542,2.56896795958091,0.180921032004409,26.9286863270777,-1.86249329758713,5.14064343163539,28.3581213307241,-1.77716242661448,5.18953033268102,1.42943500364635,0.0983426999568145,2.6633969048189,127
668674,CH,2023,"Erceg, Lucas",offspeed,61,0.906699211278689,0.39344262295082,2.73961748633879,0.274206894394657,43.655737704918,-2.16475409836066,6.07934426229508,45.9833333333333,-1.95853333333333,6.20993333333333,2.32759562841529,0.244091190752734,2.304527162,24
657240,SL,2025,"Merryweather, Julian",breaking,71,0.906641021126761,0.267605633802817,2.44402360106586,0.158203559881783,58.1183098591549,-1.57746478873239,6.26267605633803,55.6851351351351,-1.67851351351351,6.23283783783784,2.4331747240198,0.105362061782956,3.38797434210526,19
676395,CH,2023,"Garcia, Robert",offspeed,63,0.906498681333333,0.349206349206349,2.42117216117216,0.219896028362534,25.9746031746032,3.69809523809524,5.5368253968254,27.8046153846154,3.53469230769231,5.64961538461539,1.83001221001221,0.198549991211107,2.59588258745455,22
656605,ST,2026,"Keller, Mitch",breaking,142,0.904369726478873,0.232394366197183,3.55010060362171,0.299346776873937,31.6014084507042,-2.18845070422535,5.51084507042254,35.0469387755102,-2.02571428571429,5.68757142857143,3.44553032480594,0.24024018725929,3.89153033818182,33
657024,FS,2023,"Swanson, Erik",offspeed,108,0.903556494555555,0.314814814814815,6.56812570145904,0.376535838275791,46.0296296296296,-1.19268518518519,5.96629629629629,52.5515151515152,-0.91469696969697,6.1869696969697,6.52188552188553,0.354928440273652,2.87012062976471,34
678394,CH,2026,"Bello, Brayan",offspeed,118,0.903463325322034,0.254237288135593,5.17047941888619,0.381375599068146,36.4059322033899,-1.86389830508474,5.51584745762712,40.6454285714286,-1.6396,5.66477142857143,4.23949636803872,0.269236102307454,3.55362241293333,30
700249,CU,2024,"Povich, Cade",breaking,107,0.903304067775701,0.261682242990654,1.97840426353595,0.154821284141223,42.0485981308411,1.85728971962617,5.82355140186916,41.0809917355372,1.83687671232877,5.82454794520548,0.967606395303918,0.0204373179635918,3.45191197328571,28
661563,SL,2025,"Gil, Luis",breaking,109,0.902184961908257,0.302752293577982,2.44816729120903,0.215480408545793,38.0146788990826,-3.01816513761468,5.66201834862385,37.9356807511737,-2.90845794392523,5.74799065420561,0.0789981479088766,0.13938043504831,2.97994426812121,33
677053,ST,2023,"Nardi, Andrew",breaking,56,0.902101906785714,0.285714285714286,1.87669789227166,0.162240255082968,48.4214285714286,2.81875,5.79464285714286,48.6491803278689,2.74377049180328,5.87303278688524,0.22775175644027,0.108475378471056,3.15735667375,16
687064,FS,2026,"Young, Brandon",offspeed,147,0.901843899809524,0.231292517006803,2.98809033228676,0.266752671443206,40.3462585034014,-1.61979591836735,5.96428571428571,42.8915865384615,-1.37805288461539,5.96995192307693,2.54532803506018,0.241809429695509,3.89914862564706,34
668933,SL,2023,"Ashcraft, Graham",breaking,159,0.900400762138365,0.283018867924528,2.05447491841191,0.193857630306601,49.6798742138365,-0.967044025157232,6.18251572327044,50.613058419244,-0.911890034364261,6.29591065292096,0.933184205407514,0.126096680253043,3.18141602622222,45
680689,CH,2025,"Richardson, Lyon",offspeed,126,0.900301478380952,0.253968253968254,3.50677339901478,0.291785556204256,28.5880952380952,-1.46523809523809,5.39579365079365,32.073275862069,-1.30439655172414,5.57922413793103,3.48518062397373,0.243960541341031,3.544937071125,32
680767,SL,2024,"Vodnik, Victor",breaking,95,0.89858435688421,0.242105263157895,6.51503588516744,0.412385603541931,40.3273684210526,-2.27536842105263,5.13073684210526,46.3647727272727,-2.04598337950139,5.40869806094183,6.03740430622008,0.360388590918994,3.71154408278261,23
650644,CU,2023,"Civale, Aaron",breaking,136,0.898259827441177,0.279411764705882,5.78637094181931,0.279086146117936,51.4235294117647,-0.417352941176471,6.46683823529412,45.6371584699454,-0.532267759562841,6.33256830601093,5.78637094181933,0.176730951999034,3.21482464557895,38
667755,FS,2024,"Soriano, José",offspeed,73,0.898017822575343,0.301369863013699,1.98574048107,0.190346092635479,34.7054794520548,-1.53424657534247,5.93438356164384,34.4590551181102,-1.48887795275591,5.97759842519686,0.24642433394456,0.0626564948533497,2.97978641127273,22
472610,FS,2025,"García, Luis",offspeed,102,0.897594464,0.245098039215686,4.05447827372155,0.403642664270834,48.1274509803922,-2.10676470588235,6.23441176470588,44.3346733668342,-1.99201005025126,6.27743718592965,3.79277761355799,0.122555366510382,3.66218541312,25
683627,CH,2024,"Molina, Anthony",offspeed,105,0.897441478514286,0.247619047619048,2.60492772108842,0.340247322078902,50.0942857142857,-1.65342857142857,6.27914285714286,51.5870535714285,-1.66796460176991,6.3403982300885,1.49276785714284,0.062956468236342,3.624282894,26
676571,CH,2025,"Poulin, PJ",offspeed,44,0.897152434363636,0.318181818181818,1.27347652347652,0.152133420785944,15.6909090909091,2.54931818181818,4.41636363636364,15.9835164835165,2.44439560439561,4.38835164835165,0.292607392607396,0.108597507915147,2.81962193657143,14
681402,SL,2026,"Varland, Gus",breaking,107,0.89703385271028,0.214953271028037,2.28945093457944,0.204240982708972,50.6485981308411,-1.31803738317757,5.32242990654206,52.08625,-1.203625,5.326625,1.43765186915891,0.114489266892106,4.17315748869565,23
656605,ST,2023,"Keller, Mitch",breaking,94,0.897013676297872,0.276595744680851,2.42214409642954,0.131979986505992,37.8191489361702,-2.09021276595745,5.81244680851064,37.1549356223176,-2.05881974248927,5.84871244635193,0.664213313852578,0.0479658045956603,3.24304944507692,26
691725,SL,2026,"Painter, Andrew",breaking,105,0.896892686514286,0.371428571428571,5.00562263399081,0.339465457558591,44.0390476190476,-2.31828571428571,6.37866666666667,48.8953974895397,-2.08794979079498,6.5418410041841,4.8563498704921,0.282277349559935,2.41471107907692,39
663941,CU,2025,"Beck, Tristan",breaking,71,0.896733681971831,0.140845070422535,10.5419199406968,0.438026322359003,51.4971830985916,-2.11971830985916,6.09535211267606,40.9552631578947,-2.52657894736842,6.00333333333334,10.5419199406968,0.417136709132834,6.366809142,10
656605,SL,2024,"Keller, Mitch",breaking,137,0.896629533459854,0.233576642335766,4.74787386030076,0.203582920307123,38.0591240875912,-1.89503649635037,5.86598540145986,33.3848161328589,-1.98756820877817,5.72304863582445,4.67430795473235,0.170273417699695,3.838695190125,32
664062,SL,2023,"Gonsolin, Tony",breaking,57,0.895994343368421,0.228070175438597,1.93554414491514,0.135830514731775,41.7315789473684,-0.965614035087719,6.11526315789473,40.8617886178862,-0.979349593495935,6.09658536585366,0.869790329482271,0.0231845957548349,3.92859058246154,13
592791,CH,2026,"Taillon, Jameson",offspeed,110,0.895889342036364,0.290909090909091,3.09565924142085,0.140856148675607,46.8909090909091,-1.25245454545455,6.04872727272727,44.3109271523179,-1.23844370860927,5.98261589403973,2.57998193859123,0.0675797154556882,3.07961961325,32
547184,ST,2024,"Kelly, Michael",breaking,130,0.894764783661538,0.192307692307692,2.52117482517482,0.233402785395749,35.3015384615385,-1.36607692307692,6.018,37.1945454545455,-1.26727272727273,6.12672727272727,1.89300699300698,0.146914563414336,4.65277687504,25
656271,CH,2026,"Burke, Brock",offspeed,67,0.893903445014925,0.283582089552239,6.91678137808368,0.226153420361821,38.2298507462687,1.84522388059701,6.20522388059702,45.1466321243523,1.68065326633166,6.33492462311558,6.91678137808368,0.20953703655808,3.15218583242105,19
605182,CH,2023,"Clevinger, Mike",offspeed,83,0.893866926072289,0.27710843373494,2.98781109840823,0.169482799635569,47.0421686746988,-1.51,5.76277108433735,44.2255474452555,-1.62153846153846,5.73521739130435,2.81662122944333,0.114891402646689,3.22569368973913,23
664353,CH,2023,"Urquidy, José",offspeed,70,0.8931592572,0.3,4.37792517006806,0.288714374884054,52.0528571428572,-1.46385714285714,6.05357142857143,56.2440476190477,-1.28464285714286,6.23821428571429,4.19119047619051,0.257314486374083,2.977197524,21
663767,ST,2026,"Shugart, Chase",breaking,50,0.89313075216,0.34,3.93443708609272,0.314965471231097,35.328,-2.9646,5.3086,39.1754966887417,-2.73801324503311,5.47973509933775,3.84749668874173,0.283952072983744,2.62685515341176,17
675512,FS,2026,"Melton, Troy",offspeed,44,0.890282771181818,0.25,2.06823502584372,0.183303535455408,37.7068181818182,-1.73386363636364,5.515,37.8755852842809,-1.70036789297659,5.60421404682274,0.168767102462745,0.0952948633219039,3.56113108472727,11
668964,SL,2026,"Myers, Tobias",breaking,48,0.888179994583333,0.145833333333333,2.42197962154292,0.158572006917006,65,-0.7825,5.97729166666667,63.22096069869,-0.725676855895197,5.96314410480349,1.77903930130999,0.0585578620906499,6.09037710571429,7
600921,SL,2023,"Machado, Andrés",breaking,40,0.8881295793,0.175,3.3167578125,0.215197562295325,36.0075,-2.052,5.388,33.44609375,-2.051796875,5.32953125,2.56140625,0.0584691028349842,5.07502616742857,7
664299,CH,2026,"Javier, Cristian",offspeed,40,0.8876876577,0.3,1.745,0.19657410577704,34.96,-1.76575,5.5305,34.8530973451327,-1.69194690265487,5.51964601769911,0.106902654867248,0.074596957776594,2.958958859,12
608379,SL,2025,"Wacha, Michael",breaking,160,0.8875642029,0.275,1.61540579710145,0.126616174098651,50.051875,-1.4939375,6.453875,49.5015942028985,-1.48206946454414,6.46266280752532,0.550280797101493,0.0147673906525054,3.22750619236364,44
813349,CU,2026,"Early, Connelly",breaking,68,0.887213117176471,0.205882352941176,3.50841017488078,0.187344840286989,34.6558823529412,2.66132352941176,5.54382352941176,31.5745945945946,2.56056756756757,5.45981081081081,3.0812877583466,0.131186511249716,4.30932085485714,14
543272,ST,2023,"Hand, Brad",breaking,88,0.887119369363636,0.204545454545455,2.28489643268125,0.151455392166339,31.4295454545455,2.86693181818182,5.98886363636363,32.9493670886076,2.79405063291139,6.04860759493671,1.51982163406214,0.0942390988518214,4.337028028,18
543294,CH,2024,"Hendricks, Kyle",offspeed,439,0.887081097722096,0.220956719817768,1.7230922551253,0.213415460875577,43.5644646924829,-2.63323462414578,6.03993166287016,42.4125,-2.64333333333333,5.94587962962963,1.15196469248296,0.0945926470923176,4.01472785463918,97
621112,CU,2024,"Blackburn, Paul",breaking,55,0.8869787128,0.236363636363636,2.3641770647653,0.149293887675347,50.9509090909091,-2.04418181818182,6.11072727272727,49.8957516339869,-2.03088235294118,6.05032679738562,1.05515745692215,0.0618473378342513,3.75260224646154,13
695418,SL,2026,"Lord, Brad",breaking,96,0.886352689041667,0.239583333333333,1.90735844017094,0.26242422397378,17.3104166666667,-2.63052083333333,5.38385416666667,17.8253205128205,-2.54329073482428,5.34111821086262,0.514903846153857,0.0971362548402222,3.69955904991304,23
624647,CH,2024,"González, Victor",offspeed,50,0.88572650144,0.2,3.19247058823528,0.262115805068655,22.758,2.3208,4.8242,25.6367647058823,2.19970588235294,4.985,2.87876470588234,0.201296858715479,4.4286325072,10
676775,FS,2023,"Winn, Keaton",offspeed,89,0.885473692134832,0.415730337078652,3.05497446373851,0.163168983157203,37.4955056179776,-1.68393258426966,6.13258426966292,40.1745454545455,-1.61785714285714,6.25410714285714,2.6790398365679,0.138324880868333,2.12992320540541,37
672782,CU,2025,"Gómez, Yoendrys",breaking,58,0.885451897448276,0.241379310344828,4.68143984434116,0.213703573055327,37.4724137931034,-2.05810344827586,5.64086206896552,32.9432601880878,-1.94545454545455,5.53689655172413,4.52915360501567,0.153292544117822,3.668300718,14
682243,SL,2023,"Miller, Bryce",breaking,110,0.884042168109091,0.3,4.45471193866374,0.305405154384653,43.4854545454546,-1.13336363636364,5.50509090909091,47.2624096385542,-0.918168674698795,5.70192771084337,3.77695509309965,0.291639500153993,2.9468072270303,33
641816,FS,2026,"Mahle, Tyler",offspeed,212,0.883817182716981,0.264150943396226,4.36806938047836,0.238873276328458,38.8023584905661,-1.94183962264151,5.50858490566038,42.8427821522309,-1.95299212598425,5.52593175853019,4.04042366166487,0.0206226001099891,3.34587933457143,56
664208,ST,2023,"Maton, Phil",breaking,54,0.883794326666667,0.314814814814815,2.92420875420875,0.207773032016634,28.75,-1.44962962962963,5.31611111111111,31.2054545454545,-1.31909090909091,5.43054545454546,2.45545454545454,0.173596015268598,2.80734668470588,17
642547,CH,2026,"Peralta, Freddy",offspeed,209,0.883379549531101,0.263157894736842,10.2974755628615,0.474550756867201,25.6258373205742,-3.57799043062201,4.97277511961722,35.9233128834356,-3.27670756646217,5.28364008179959,10.2974755628614,0.432906905637927,3.35684228821818,55
621381,SL,2024,"Strahm, Matt",breaking,66,0.882723921454545,0.287878787878788,5.38487039065352,0.811272601756087,35.0484848484849,2.57242424242424,5.52075757575758,29.6636144578313,2.29807058823529,5.35618823529412,5.38487039065353,0.319926546862569,3.06630414821053,19
694363,SL,2024,"Shuster, Jared",breaking,167,0.881740488023952,0.281437125748503,2.89910976526036,0.147912479308448,40.0155688622754,1.47676646706587,5.54508982035928,38.0752851711027,1.41889733840304,5.52939163498099,1.94028369117276,0.059960562675529,3.13299279787234,47
663460,CH,2026,"Bubic, Kris",offspeed,84,0.880594647285714,0.285714285714286,2.07842490842491,0.107765240194908,37.3904761904762,2.02880952380952,5.61130952380952,38.4774358974359,2.03989743589744,5.60107692307692,1.08695970695972,0.0150880055746978,3.0820812655,24
641927,SL,2025,"Ober, Bailey",breaking,232,0.880384833603448,0.202586206896552,2.92826703478326,0.16485622137375,30.9633620689655,-1.36870689655172,5.87637931034483,31.7664488017429,-1.374,5.91104347826087,0.803086732777409,0.0350659590119143,4.34572939140426,47
656427,SL,2023,"Flaherty, Jack",breaking,114,0.880331476736842,0.263157894736842,3.45433559976496,0.20260249526133,26.2192982456141,-2.49070175438597,5.26763157894737,29.1349282296651,-2.39023923444976,5.3766028708134,2.91562998405102,0.148214238057225,3.3452596116,30
593958,SL,2023,"Rodriguez, Eduardo",breaking,40,0.8800746221,0.375,2.13063749999999,0.178485174130155,39.5475,1.544,5.808,37.83975,1.6296,5.79715,1.70774999999999,0.0862848914932391,2.34686565893333,15
663542,ST,2026,"Hudson, Bryan",breaking,82,0.879425045560976,0.231707317073171,4.60746191944679,0.409710770634628,9.70365853658537,3.57012195121951,4.85987804878049,14.2383141762452,3.35188679245283,5.186,4.53465563965985,0.392405544799182,3.79541335452632,19
670167,ST,2024,"Schreiber, John",breaking,103,0.879273398679612,0.271844660194175,4.08499831315365,0.327488037242129,7.18349514563107,-2.6995145631068,4.09281553398058,9.82084942084942,-2.5342471042471,4.27965250965251,2.63735427521835,0.249442154489116,3.23447000228571,28
701542,CH,2025,"Warren, Will",offspeed,120,0.878856932766667,0.316666666666667,2.34974172185431,0.194991385225416,27.7416666666667,-2.53958333333333,5.6125,26.1286092715232,-2.4698023715415,5.48059288537551,1.61305739514351,0.149227576262407,2.77533768242105,38
608372,ST,2026,"Sugano, Tomoyuki",breaking,66,0.878763403818182,0.166666666666667,1.52138364779874,0.134537042020415,40.2818181818182,-2.61318181818182,5.93151515151515,39.7358490566038,-2.6125935828877,5.91759358288771,0.545969125214413,0.0139339905917111,5.27258042290909,11
657649,CH,2025,"Koenig, Jared",offspeed,42,0.878548034857143,0.30952380952381,10.3029940119761,0.4230519315439,22.15,2.57404761904762,5.62119047619048,32.4529940119761,2.44526946107784,5.98949101796407,10.3029940119761,0.390165481611084,2.83838595876923,13
628317,FS,2024,"Maeda, Kenta",offspeed,304,0.878523596657894,0.286184210526316,1.71260287543182,0.209899447221626,39.3496710526316,-2.12555921052632,5.74562500000001,38.2247104247104,-2.11988416988417,5.6811583011583,1.12496062792114,0.0647160053297256,3.06978360211494,87
605280,CH,2025,"Holmes, Clay",offspeed,217,0.878438398801843,0.294930875576037,2.43759486070215,0.198997730268176,42.2566820276498,-0.843456221198157,6.39502304147466,43.7971742543171,-0.802201834862385,6.46990825688073,1.5404922266673,0.0854968998172158,2.9784551959375,64
676467,CU,2025,"Gordon, Colton",breaking,61,0.877846925508197,0.180327868852459,2.51671607952564,0.478446546574096,34.2131147540984,2.78655737704918,5.51147540983607,33.5920212765957,2.44303191489362,5.68047872340426,0.621093477502633,0.382847049284988,4.86806022327273,11
676440,CU,2023,"Bibee, Tanner",breaking,51,0.877630751294118,0.254901960784314,7.43037683823528,0.312274213093561,64.4098039215686,-1.89686274509804,6.45607843137255,56.9794270833334,-2.16723958333333,6.332421875,7.43037683823529,0.297312257715741,3.44301294738462,13
607067,CU,2025,"Rea, Colin",breaking,74,0.87722082827027,0.256756756756757,5.3298567798568,0.21031648411974,34.6945945945946,-1.61851351351351,5.71864864864865,29.3970085470085,-1.64169515669516,5.54340455840457,5.29758604758607,0.176770698211207,3.41654427852632,19
641927,CH,2026,"Ober, Bailey",offspeed,218,0.877185971889908,0.229357798165138,2.57587241704536,0.181440771935344,28.5802752293578,-1.4194495412844,5.9566513761468,28.5836448598131,-1.33631578947369,5.86745614035088,0.00336963045528194,0.121930352163913,3.82453083744,50
615698,SL,2025,"Quantrill, Cal",breaking,75,0.87716476224,0.16,2.76887531806615,0.184353773051842,44.1893333333334,-1.25746666666667,6.30666666666667,43.7908396946565,-1.27751908396947,6.30141221374046,0.398493638676847,0.0207294166642329,5.482279764,12
518876,CH,2025,"Kelly, Merrill",offspeed,439,0.876832809548975,0.323462414578588,2.46800392922179,0.122709373779984,24.6145785876993,-1.86637813211845,5.50767653758544,22.2534383954155,-1.87938395415473,5.42292263610316,2.36114019228384,0.0857459924620812,2.71077185487324,142
694363,CH,2025,"Shuster, Jared",offspeed,52,0.876238330153846,0.269230769230769,4.12997737556561,0.0993932453056903,33.9788461538462,1.55653846153846,5.3975,29.9117647058824,1.55647058823529,5.36470588235294,4.06708144796382,0.032794187884965,3.254599512,14
605154,SL,2023,"Brebbia, John",breaking,46,0.876014147043478,0.195652173913043,5.17201783723523,0.156015450254112,45.5130434782609,-1.90760869565217,5.94413043478261,40.3410256410256,-1.91,5.90974358974359,5.17201783723524,0.0344698919090467,4.47740564044444,9
665795,CH,2024,"Cabrera, Edward",offspeed,280,0.875467607257143,0.328571428571429,3.87590277777779,0.190826769433833,43.265,-1.29882142857143,6.16178571428571,39.6236111111111,-1.28263888888889,6.14402777777778,3.6413888888889,0.0240253803215829,2.66446663078261,92
643493,SL,2023,"Pruitt, Austin",breaking,45,0.875345292,0.2,2.02444444444445,0.128504178699452,54.6111111111111,-0.550888888888889,5.83466666666667,54.6923076923077,-0.489487179487179,5.86512820512821,0.0811965811965933,0.0685425068325903,4.37672646,9
519151,SL,2024,"Pressly, Ryan",breaking,153,0.87391502454902,0.281045751633987,2.861215307379,0.152444184066984,58.4745098039216,-0.415163398692811,5.99732026143791,57.3688405797101,-0.392928571428571,5.95521428571429,1.10566922421143,0.0476161814419092,3.10951159897674,43
656271,SL,2025,"Burke, Brock",breaking,129,0.872517269395349,0.263565891472868,2.7414505925332,0.141736904850958,41.4728682170543,1.98813953488372,6.33178294573643,42.2402298850575,1.962030651341,6.30425287356322,0.767361668003247,0.0379417800545749,3.31043316917647,34
640455,SL,2023,"Manaea, Sean",breaking,41,0.872379720292683,0.195121951219512,3.96034079518877,0.27095395682718,31.2536585365854,1.99780487804878,5.77560975609756,27.5493150684932,1.9547602739726,5.59952054794521,3.70434346809222,0.181273956121111,4.4709460665,8
682610,CH,2024,"Muñoz, Roddery",offspeed,69,0.871986598956522,0.27536231884058,5.5693700611063,0.357174666209846,41.2144927536232,-1.37623188405797,5.76115942028986,35.7121412803532,-1.58430463576159,5.63777041942604,5.50235147326997,0.241907245727958,3.1666881751579,19
679358,FS,2026,"Orze, Eric",offspeed,163,0.871688934797546,0.269938650306748,2.29627581439557,0.126420698489689,43.1883435582822,-1.68693251533742,5.74288343558282,41.6154929577465,-1.68366197183099,5.79661971830986,1.57285060053574,0.0538357180331763,3.22921128118182,44
605452,SL,2025,"Ross, Joe",breaking,97,0.870784082680412,0.278350515463918,2.42020214271275,0.364407120105461,32.9618556701031,-2.17556701030928,5.74381443298969,35.0337254901961,-2.17117647058823,5.85435294117647,2.07186982009298,0.110625668952563,3.12837244518519,27
621389,CH,2023,"Blach, Ty",offspeed,111,0.870644731603604,0.216216216216216,2.79405405405405,0.176784267030498,19.5477477477478,3.19108108108108,5.69693693693693,20.82,3.09625,5.71930555555556,1.27225225225224,0.0974335108569511,4.02673188366667,24
677952,SL,2026,"Ashcraft, Braxton",breaking,247,0.870207945279352,0.299595141700405,2.08065666502705,0.184952642259915,37.7267206477733,-0.907246963562753,6.14396761133603,36.5698598130841,-0.887406542056075,6.07997663551402,1.15686083468917,0.0669961738625115,2.90461300654054,74
502171,KC,2023,"Cobb, Alex",breaking,41,0.870135320780488,0.195121951219512,2.22299651567944,0.175585415488786,41.9024390243902,-2.01487804878049,5.84463414634146,40.0027210884354,-2.04928104575163,5.76065359477124,1.89971793595487,0.090754059097292,4.459443519,8
702275,CU,2026,"Ritchie, JR",breaking,101,0.86965380380198,0.316831683168317,2.37532132095198,0.251680283190669,26.1475247524753,-2.12425742574257,5.41643564356436,23.9316770186335,-2.07111801242236,5.32888198757764,2.21584773384171,0.10241796680591,2.74484481825,32
622072,SL,2024,"Wood, Alex",breaking,57,0.869541106105263,0.210526315789474,3.87397857058755,0.323903158587421,15.5263157894737,2.03894736842105,4.60070175438596,19.355033557047,1.9104,4.88026666666667,3.82871776757331,0.307702723592908,4.130320254,12
543101,SL,2025,"DeSclafani, Anthony",breaking,66,0.869241514787879,0.287878787878788,2.85378787878788,0.199434476058129,35.1909090909091,-2.05742424242424,5.50636363636363,37.5163043478261,-1.89934782608696,5.57815217391304,2.32539525691701,0.173613788408416,3.01947052505263,19
621111,ST,2026,"Buehler, Walker",breaking,69,0.86886404973913,0.289855072463768,3.5211130711494,0.268985499506988,42.5347826086957,-1.20695652173913,5.44536231884058,45.4152744630072,-1.084,5.59166666666666,2.88049185431151,0.191110618310443,2.9975809716,20
685126,SL,2025,"Eisert, Brandon",breaking,221,0.868850452108597,0.266968325791855,2.98584869219733,0.170371999882045,33.6733031674208,3.97592760180995,5.11058823529412,31.944512195122,4.01237804878049,5.10646341463415,1.72879097229886,0.0366830918793471,3.25450762569492,59
663878,SL,2025,"Pearson, Nate",breaking,43,0.868154261581396,0.255813953488372,2.6499388004896,0.157107172177387,39.2976744186047,-1.18720930232558,5.59023255813954,39.2842105263158,-1.09407894736842,5.56881578947368,0.0134638922888755,0.0955611897923701,3.39369393163636,11
808967,FS,2026,"Yamamoto, Yoshinobu",offspeed,267,0.867411417842697,0.314606741573034,2.34903447528007,0.179352778502268,39.4505617977528,-1.97880149812734,5.38486891385768,39.1897550111359,-1.9652561247216,5.38258351893095,0.260806786616953,0.0137368180694055,2.75712914957143,84
642216,CH,2023,"Winans, Allan",offspeed,87,0.86729576045977,0.298850574712644,2.90459770114942,0.163862101506237,31.6597701149425,-2.09781609195402,5.69793103448276,34.3,-1.97421052631579,5.75621052631579,2.64022988505746,0.136655900074106,2.90210504461538,26
458677,SL,2024,"Wilson, Justin",breaking,99,0.866990526424243,0.292929292929293,2.32331288343558,0.333193758966351,47.3858585858586,1.56555555555556,6.32181818181818,48.8312883435583,1.38858895705522,6.3859509202454,1.44542975769966,0.188229076188972,2.95972627986207,29
664208,ST,2025,"Maton, Phil",breaking,53,0.86689087154717,0.283018867924528,3.67795431976165,0.343684359847687,23.5320754716981,-1.65547169811321,5.10094339622641,26.9315789473684,-1.34963157894737,5.166,3.39950347567029,0.312682810825808,3.0630144128,15
694738,CH,2026,"Roupp, Landen",offspeed,214,0.866480047906542,0.275700934579439,5.90666627232934,0.35538749072862,17.7976635514019,-1.65892523364486,5.16542056074766,23.6949367088608,-1.336125,5.26825,5.89727315745888,0.338782945878519,3.14282593647458,59
641793,FS,2023,"Littell, Zack",offspeed,101,0.866386043524752,0.267326732673267,4.07964259840619,0.31159141086484,44.8207920792079,-0.63009900990099,6.29861386138614,40.8414634146341,-0.815190476190477,6.082,3.9793286645738,0.28492177143526,3.24092557022222,27
669387,FS,2026,"Mlodzinski, Carmen",offspeed,203,0.865895041832513,0.295566502463054,2.66580235376111,0.156973509989667,32.3108374384236,-1.40743842364532,5.31507389162562,32.611575562701,-1.42816720257235,5.32964630225081,0.300738124277331,0.0253384574754407,2.9296115582,60
477132,SL,2023,"Kershaw, Clayton",breaking,124,0.865806075064516,0.298387096774194,1.78995910949568,0.13499781411485,56.7612903225806,1.75088709677419,6.15016129032258,56.2845070422535,1.73084507042254,6.11295774647888,0.476783280327112,0.0422585671173422,2.90162035967568,37
502043,CH,2023,"Gibson, Kyle",offspeed,111,0.865466729009009,0.297297297297297,2.61740930119309,0.184073159529532,42.3378378378378,-2.21171171171171,6.23108108108108,44.6486486486487,-2.09087837837838,6.29435810810811,2.31081081081081,0.136398961117098,2.91111536121212,33
543135,FS,2025,"Eovaldi, Nathan",offspeed,338,0.865061640911243,0.337278106508876,3.71470393511814,0.239781676546945,32.8760355029586,-2.41985207100592,5.43917159763314,31.1132867132867,-2.4473023255814,5.33955813953488,1.7627487896719,0.103326460844022,2.56483188270175,114
471911,CH,2023,"Carrasco, Carlos",offspeed,101,0.86475965370297,0.287128712871287,2.20354694810141,0.183547920344378,33.029702970297,-1.49653465346535,5.77633663366337,34.1054945054945,-1.37406593406593,5.77692307692308,1.07579153519751,0.122470123487441,3.01174913875862,29
677944,CH,2025,"Cecconi, Slade",offspeed,62,0.864648621870968,0.241935483870968,2.59727047146406,0.218054841617817,36.0564516129032,-1.83951612903226,5.73161290322581,38.1745421245422,-1.7179304029304,5.81076923076923,2.11809051163895,0.1450820904932,3.5738809704,15
623149,ST,2024,"Sewald, Paul",breaking,114,0.864163251403509,0.236842105263158,3.80776446065659,0.135860544468323,18.1035087719298,-3.62438596491228,4.5211403508772,14.4351485148515,-3.6099504950495,4.41985148514851,3.66836025707835,0.102312350724445,3.6486892837037,27
593958,CH,2025,"Rodriguez, Eduardo",offspeed,264,0.863731166742424,0.276515151515151,1.62646143587465,0.127369370358259,40.4757575757575,1.21189393939394,5.90329545454546,39.5381418092909,1.2028728606357,5.89495110024451,0.937615766466614,0.0122885357411783,3.12363052082192,73
592791,CU,2025,"Taillon, Jameson",breaking,99,0.863181888363636,0.151515151515152,3.59591201873813,0.154510880400269,49.1979797979798,-1.20545454545455,6.24232323232323,45.7735507246377,-1.19,6.1309420289855,3.42442907334214,0.112448278920431,5.6970004632,15
593974,CH,2026,"Peralta, Wandy",offspeed,155,0.862325247561291,0.264516129032258,7.83041055718474,0.531281978660277,37.3335483870968,0.61141935483871,5.76154838709677,45.1530303030303,0.309660194174757,6.1821359223301,7.81948191593352,0.517641252063875,3.2600100822439,41
672710,ST,2024,"Contreras, Roansy",breaking,40,0.8621825901,0.25,3.04230452674898,0.20412634320661,50.515,-0.9285,5.91525,47.8971193415638,-1.10271604938272,5.93234567901235,2.61788065843621,0.175052832320458,3.4487303604,10
543294,CH,2025,"Hendricks, Kyle",offspeed,534,0.862150300906367,0.237827715355805,2.13764044943821,0.182313317673472,43.6805243445693,-2.61674157303371,6.14269662921348,41.6477777777778,-2.67330158730159,6.03026984126984,2.03274656679157,0.125852365338545,3.62510441483464,127
669923,FS,2023,"Kirby, George",offspeed,67,0.861976629850746,0.328358208955224,1.44793798660457,0.164098391084586,36.4253731343284,-1.41149253731343,5.82328358208955,36.8243735763098,-1.43571753986333,5.94646924829157,0.399000441981443,0.125545048114923,2.62511064545455,22
677161,ST,2025,"Kelly, Zack",breaking,53,0.861786766716981,0.245283018867925,3.08708573663117,0.263103978267471,34.5754716981132,-3.2033962264151,5.40377358490566,37.238860103627,-3.04963730569948,5.59207253886011,2.66338840551376,0.243101422784747,3.51343835661538,13
663485,CU,2024,"Sands, Cole",breaking,64,0.8611309036875,0.25,4.78133529776675,0.235937940705764,22.01875,-2.72109375,5.6084375,26.5794044665012,-2.61709677419355,5.7809429280397,4.56065446650124,0.201428631728581,3.44452361475,16
682847,SL,2023,"Ortiz, Luis",breaking,83,0.861109238795181,0.228915662650602,5.7584751218615,0.215361285735862,32.5,-1.52,5.36240963855422,26.7664122137405,-1.56603053435115,5.28564885496183,5.73358778625956,0.0895043462093798,3.76168772736842,19
676083,CH,2026,"Junk, Janson",offspeed,95,0.861032695705263,0.273684210526316,6.53294400384524,0.338485159079431,40.6452631578947,-1.18231578947368,5.54494736842105,46.910502283105,-0.895114155251142,5.66648401826484,6.26523912521029,0.311858839790297,3.14608100353846,26
621244,CH,2023,"Berríos, José",offspeed,123,0.860536609560976,0.300813008130081,2.94122957283084,0.26191574443317,39.869918699187,-2.23463414634146,5.56617886178862,42.7324414715719,-2.12344481605351,5.77411371237457,2.86252277238492,0.235796457263645,2.86070278313513,37
663531,FS,2024,"Allen, Logan",offspeed,46,0.860170155130435,0.195652173913043,2.39710144927536,0.14634071688521,43.5,1.52739130434783,6.00804347826087,44.6333333333333,1.51033333333333,6.10166666666667,1.13333333333333,0.095164467015784,4.39642523733333,9
607259,CU,2024,"Martinez, Nick",breaking,75,0.86005351728,0.213333333333333,5.08615400202635,0.204481651139279,62.3653333333333,-1.5076,6.21586666666667,57.279179331307,-1.67177272727273,6.2175303030303,5.08615400202636,0.164181156245519,4.03150086225,16
678394,CH,2025,"Bello, Brayan",offspeed,196,0.859975927530612,0.306122448979592,3.98591552929642,0.259459764565809,30.1081632653061,-1.76295918367347,5.22142857142857,33.8122629582807,-1.61049180327869,5.37177805800756,3.70409969297452,0.214129097039642,2.8092546966,60
622253,CH,2024,"Tate, Dillon",offspeed,41,0.859651630829268,0.268292682926829,5.38423637256505,0.330948458551161,25.080487804878,-1.93170731707317,5.21756097560976,30.3852348993288,-1.72046666666667,5.44506666666667,5.30474709445079,0.310453622699827,3.20415607854546,11
500779,CU,2026,"Quintana, Jose",breaking,57,0.858882874526316,0.210526315789474,1.50371517027864,0.133971059591452,43.1228070175439,2.47543859649123,5.78982456140351,42.543137254902,2.44856209150327,5.7621568627451,0.579669762641892,0.0385726336852991,4.079693654,12
666201,SL,2024,"Manoah, Alek",breaking,56,0.858725889642857,0.267857142857143,3.12783251231528,0.311079574052446,37.125,-2.53571428571428,5.70196428571429,40.0908045977012,-2.31862068965517,5.88505747126436,2.96580459770116,0.28399426762657,3.205909988,15
671737,FS,2024,"Bradley, Taj",offspeed,316,0.858310804025317,0.310126582278481,2.13434952614487,0.13253696135084,53.8253164556962,-1.45256329113924,6.06905063291139,53.7818062827225,-1.47681937172775,6.10424083769634,0.0435101729737042,0.0427400041918877,2.76761442930612,98
663947,CH,2024,"Holton, Tyler",offspeed,143,0.85828715793007,0.258741258741259,3.97179487179486,0.230650288368937,40.5251748251748,1.64237762237762,5.79062937062937,44.3229974160207,1.52521963824289,5.93173126614987,3.79782259084583,0.183400485729973,3.31716388064865,37
668909,SL,2024,"Williams, Gavin",breaking,65,0.857886046707692,0.246153846153846,1.92878378378378,0.182672761161354,33.36,-3.05184615384615,5.75169230769231,33.9713963963964,-2.95738255033557,5.83380313199105,0.61139639639638,0.125162134270808,3.48516206475,16
642546,CH,2024,"Hernández, Jonathan",offspeed,48,0.85743354375,0.395833333333333,1.97239583333333,0.150570470152522,25.2541666666667,-1.61229166666667,5.43625,25.4171875,-1.533671875,5.457265625,0.163020833333334,0.0813801458333085,2.1661479,19
621111,KC,2025,"Buehler, Walker",breaking,122,0.856228916688525,0.229508196721311,8.19332130525395,0.354505202897545,49.7918032786885,-0.998852459016393,5.65680327868852,41.5984819734346,-1.26621212121212,5.47221590909091,8.19332130525396,0.324890267604892,3.73071170842857,28
663460,ST,2024,"Bubic, Kris",breaking,86,0.854769327906977,0.244186046511628,4.46155950752392,0.256570330711905,39.4895348837209,2.24523255813953,5.62523255813954,43.7460784313725,2.03450980392157,5.74313725490196,4.25654354765162,0.241465518581524,3.50048391428571,21
656794,SV,2026,"Newcomb, Sean",breaking,103,0.854224178097087,0.271844660194175,5.04674813509766,0.422651088876232,22.4135922330097,2.91058252427185,5.65601941747573,27.3880308880309,2.58401486988848,5.89557620817844,4.97443865502119,0.405010973754091,3.14232465514286,28
641302,ST,2026,"Alexander, Tyler",breaking,55,0.853574544872727,0.236363636363636,2.30915970515971,0.174242226719777,33.3345454545455,2.51636363636364,5.40163636363636,32.7843243243243,2.53562162162162,5.46372972972973,0.550221130221146,0.0650111998735699,3.61127692061538,13
687765,SL,2024,"Spence, Mitch",breaking,431,0.852748910032483,0.245939675174014,5.42691566711959,0.350292665641835,42.9721577726218,-2.8931090487239,6.07248259860788,48.3934747145188,-2.60176182707994,6.24130505709625,5.42131694189697,0.336725743075447,3.46730924739623,106
681857,CH,2023,"Olson, Reese",offspeed,92,0.852592088173913,0.304347826086957,4.14020772946861,0.20167726120331,34.3423913043478,-2.96119565217391,5.80945652173913,38.2657777777778,-2.86960869565217,5.94626086956522,3.92338647342997,0.164631710763864,2.801374004,28
694297,CH,2023,"Pfaadt, Brandon",offspeed,57,0.852155572350877,0.333333333333333,4.59594298245614,0.348232299362081,25.8175438596491,-2.00245614035088,5.34298245614035,30.3680147058824,-1.76473309608541,5.56644128113878,4.55047084623323,0.326260773376942,2.55646671705263,19
690916,SL,2025,"Fitts, Richard",breaking,110,0.852047917672728,0.245454545454545,1.99549540347293,0.1965722603968,52.9572727272727,-2.06872727272727,5.99627272727273,52.7674157303371,-1.97005617977528,6.02646067415731,0.189856996935617,0.103185738944133,3.47130633125926,27
686799,CH,2026,"Kochanowicz, Jack",offspeed,135,0.8518744016,0.311111111111111,1.61696125168072,0.217228449395326,36.3933333333334,-1.43051851851852,6.15148148148148,36.5627062706271,-1.41742574257426,6.30125412541254,0.169372937293709,0.15034382478847,2.73816771942857,42
543859,ST,2024,"Tonkin, Michael",breaking,42,0.850910613428571,0.261904761904762,3.4556796303427,0.251115360295804,10.1952380952381,-3.95214285714286,5.07404761904762,13.2746630727763,-3.81114361702128,5.21242021276596,3.07942497753819,0.19755444922148,3.24893143309091,11
519293,CH,2024,"Smith, Will",offspeed,45,0.8500647304,0.244444444444444,1.49134502923976,0.265868160605117,46.6866666666667,1.47577777777778,6.478,46.8273684210526,1.23526315789474,6.54505263157895,0.140701754385965,0.249686478967417,3.47753753345455,11
676617,SL,2025,"O'Brien, Riley",breaking,106,0.849825015245283,0.292452830188679,6.34463693539165,0.371937965340083,25.6462264150943,-1.86188679245283,5.35556603773585,31.950303030303,-1.64236363636364,5.63975757575758,6.30407661520868,0.359103392273752,2.90585327793548,31
548384,ST,2026,"Raley, Brooks",breaking,118,0.849522140745763,0.203389830508475,6.31894317048852,0.430771555423587,28.4305084745763,3.33177966101695,5.44381355932203,34.7235294117647,3.04239130434783,5.73463768115942,6.29302093718842,0.41027343420961,4.176817192,24
666745,CH,2023,"Brito, Jhony",offspeed,95,0.849292144463158,0.284210526315789,3.52280427631578,0.259875656872004,51.5115789473684,-0.911368421052631,6.08778947368421,49.07421875,-0.975078125,6.169765625,2.43736019736839,0.103822038901238,2.98825013792593,27
641816,FS,2025,"Mahle, Tyler",offspeed,227,0.849249285374449,0.237885462555066,4.3461448038164,0.277405329959823,38.373127753304,-1.87854625550661,5.59581497797357,42.3075129533679,-1.79113989637306,5.6328756476684,3.93438520006393,0.0949387426460473,3.5699923662963,54
607625,SV,2024,"Lugo, Seth",breaking,161,0.849196744074534,0.260869565217391,3.49797594973278,0.240214898409,31.7670807453416,-1.42211180124224,5.48018633540373,32.4049418604651,-1.26088662790698,5.46462209302326,0.637861115123524,0.16197469604189,3.25525418561905,42
664139,ST,2023,"Gibaut, Ian",breaking,54,0.848472457333334,0.203703703703704,2.59459948320414,0.272923051100959,43.387037037037,-1.56703703703704,5.73777777777778,45.1618604651163,-1.32623255813953,5.78948837209302,1.77482342807925,0.246294097821149,4.16522842690909,11
506433,SL,2023,"Darvish, Yu",breaking,64,0.8482701256875,0.203125,3.02526785714287,0.161224635787065,41.4734375,-1.93296875,5.53546875,38.5014285714286,-1.981125,5.4343125,2.97200892857143,0.112033973990593,4.17609908030769,13
607625,CU,2023,"Lugo, Seth",breaking,131,0.847862838320611,0.274809160305344,2.94477446217904,0.244007960656972,39.2641221374046,-1.29473282442748,5.62259541984733,37.0374545454546,-1.16541806020067,5.50869565217392,2.22666759195001,0.172323722461806,3.08527866166667,36
669194,CU,2026,"Nelson, Ryne",breaking,40,0.8472402348,0.225,2.20658836689039,0.23758630015115,55.75,-1.186,6.30875,55.0136465324385,-0.988033126293997,6.29579710144927,0.73635346756155,0.198390172805495,3.76551215466667,9
571656,CH,2024,"Farmer, Buck",offspeed,128,0.84675781003125,0.296875,2.81412337662338,0.264118217518077,29.0921875,-1.274765625,5.671484375,31.6722943722944,-1.04774891774892,5.76978354978355,2.58010687229436,0.247384949288047,2.85223683378947,38
687134,SL,2024,"Blalock, Bradley",breaking,60,0.8453852342,0.283333333333333,2.53917312661501,0.497109671751801,62.02,-2.34966666666667,6.35383333333333,64.0387596899225,-2.07705426356589,6.45457364341086,2.01875968992251,0.290630577191895,2.98371259129412,17
663738,CH,2025,"Lynch IV, Daniel",offspeed,95,0.844841863073684,0.242105263157895,4.0700457665904,0.233813982940969,32.2273684210526,1.36126315789474,5.67242105263158,36.1717391304348,1.20048913043478,5.78271739130435,3.94437070938216,0.194970690695581,3.48956421704348,23
689225,CH,2023,"Brieske, Beau",offspeed,79,0.843440936658228,0.316455696202532,5.7853687858001,0.337388278765366,43.8151898734177,-1.51911392405063,5.84101265822785,49.6005586592178,-1.24536312849162,5.95581005586593,5.78536878580012,0.296846661718922,2.66527335984,25
687792,SL,2024,"Herz, DJ",breaking,137,0.84339519529927,0.277372262773723,2.94493669739725,0.196503968796809,35.7124087591241,2.12788321167883,5.71058394160584,37.3272952853598,2.01359801488834,5.79846153846153,1.61488652623571,0.144165107548858,3.0406616251579,38
670036,ST,2025,"Festa, Matt",breaking,161,0.842958398857143,0.267080745341615,4.29708049387683,0.205971492211674,34.972049689441,-2.04304347826087,5.12714285714286,31.5534412955466,-2.08206477732794,5.04672064777328,3.41860839389444,0.0893890012292672,3.1561930747907,43
670280,FS,2024,"Bednar, David",offspeed,143,0.842893842265734,0.34965034965035,5.12104154124021,0.307880847829903,38.1034965034965,-1.9872027972028,5.7741958041958,42.9586092715232,-1.78611111111111,5.98071895424836,4.85511276802667,0.288252801760589,2.41067638888,50
694477,SV,2026,"Patrick, Chad",breaking,56,0.842598504857143,0.214285714285714,4.26244280630402,0.171717588934093,35.3375,-1.14125,5.52053571428572,31.3261565836299,-1.15503558718861,5.4623309608541,4.01134341637011,0.0598150126320367,3.932126356,12
681168,SL,2025,"Curvelo, Luis",breaking,56,0.840963514285714,0.232142857142857,8.02099303135889,0.266910022994187,38.9392857142857,-3.23446428571429,5.86857142857143,30.9182926829268,-3.34329268292683,5.64829268292683,8.02099303135889,0.245695636555899,3.62261206153846,13
669302,SL,2023,"Gilbert, Logan",breaking,221,0.840806741122172,0.312217194570136,2.48115006199578,0.178608602445411,51.0651583710407,-1.00588235294118,6.15194570135747,51.370462633452,-0.929965753424657,6.13592465753425,0.305304262411283,0.0775886842737853,2.69301869257971,69
489446,FS,2024,"Yates, Kirby",offspeed,185,0.840265999740541,0.297297297297297,2.58897988897989,0.159517858216216,21.8432432432432,-2.42735135135135,5.24378378378379,22.0387205387205,-2.43191275167785,5.29687919463088,0.195477295477293,0.0532909844716735,2.82634927185455,55
677952,SL,2025,"Ashcraft, Braxton",breaking,200,0.84004145132,0.31,2.35820000000001,0.209447540505797,40.9735,-1.06635,6.2499,39.795,-1.00375,6.176375,1.17850000000002,0.0965644117933766,2.70981113329032,62
687134,SL,2025,"Blalock, Bradley",breaking,69,0.839868004927536,0.231884057971015,4.45796080832826,0.358357847587236,59.9173913043478,-1.77521739130435,6.2263768115942,64.3753521126761,-1.46010563380282,6.35292253521127,4.45796080832825,0.339572142381368,3.62193077125,16
643377,ST,2023,"Jax, Griffin",breaking,97,0.839651013938144,0.247422680412371,2.29092783505154,0.148991644894344,46.6412371134021,-0.951752577319587,5.48278350515464,47.02,-0.903684210526315,5.53989473684211,0.378762886597912,0.0746475764578591,3.39358951466667,24
696149,SL,2026,"Chandler, Bubba",breaking,188,0.839577806489362,0.281914893617021,5.12115225200332,0.460690697826693,43.518085106383,-1.36,5.59361702127659,47.1930735930736,-1.01478354978355,5.77450216450216,3.6749884866906,0.389735593113819,2.97812504943396,53
592662,CH,2026,"Ray, Robbie",offspeed,178,0.83949169694382,0.224719101123596,2.12917491579462,0.234982534535736,43.9483146067416,2.83348314606742,6.13415730337079,45.2512585812357,2.62443708609272,6.13328918322297,1.30294397449412,0.209047862518461,3.7357380514,40
676710,ST,2023,"Crawford, Kutter",breaking,51,0.838983674745098,0.313725490196078,1.79331058390209,0.171840854893488,46.2294117647059,-1.18960784313726,5.82843137254902,47.3406077348067,-1.15365284974093,5.9619170984456,1.11119597010078,0.138243265905673,2.67426046325,16
806185,CH,2024,"Birdsong, Hayden",offspeed,105,0.837805880495238,0.314285714285714,4.74821855435402,0.327050130010425,37.8304761904762,-1.346,6.16095238095238,42.5382470119522,-1.15346613545817,6.40561752988048,4.70777082147598,0.311336352030114,2.66574598339394,33
605154,SL,2024,"Brebbia, John",breaking,241,0.837753862655602,0.224066390041494,5.04280592560241,0.194685871219939,43.29377593361,-1.91207468879668,5.91099585062241,38.4127192982456,-1.9140350877193,5.85473684210527,4.88105663536436,0.056293154142113,3.73886446111111,54
657277,ST,2025,"Webb, Logan",breaking,336,0.837749213821428,0.267857142857143,3.50349608197708,0.369544055070922,20.6285714285714,-2.09818452380952,4.93020833333333,23.9929676511955,-1.90893108298172,5.06315049226442,3.36439622262408,0.231280095309611,3.12759706493333,90
663542,ST,2024,"Hudson, Bryan",breaking,87,0.837593306666667,0.333333333333333,4.4637538797367,0.391229757962505,10.1114942528736,3.46827586206897,4.81264367816092,14.5427299703264,3.25225519287833,5.10023738872404,4.43123571745286,0.359687464158859,2.51277992,29
671096,CH,2025,"Abbott, Andrew",offspeed,281,0.837399651686833,0.241992882562278,2.56898971925662,0.16995663774649,46.0701067615658,2.56957295373666,6.0235587188612,47.2638888888889,2.53100308641975,5.98669753086421,1.19378212732305,0.0533514933754763,3.46043091358824,68
657240,SL,2024,"Merryweather, Julian",breaking,54,0.836692099185185,0.222222222222222,3.59703703703704,0.175229907196072,56.237037037037,-1.79481481481481,6.19574074074074,52.64,-1.9198,6.1272,3.59703703703704,0.142545184615491,3.76511444633333,12
663947,CH,2025,"Holton, Tyler",offspeed,83,0.836664588578313,0.253012048192771,4.09489948265687,0.211820519072508,37.8734939759036,1.61084337349398,5.7621686746988,41.8435158501441,1.50314121037464,5.86746397694524,3.97002187424049,0.150621567565053,3.30681718342857,21
656848,SL,2025,"Petersen, Michael",breaking,53,0.835902638264151,0.245283018867925,7.01071314358812,0.616960229498322,45.011320754717,-1.49339622641509,6.18698113207547,52.0220338983051,-0.989661016949152,6.52135593220339,7.01071314358813,0.60461199807503,3.407910756,13
681190,ST,2025,"Vásquez, Randy",breaking,124,0.835484734064516,0.233870967741935,4.79849360925135,0.350323898467175,31.7491935483871,-2.04177419354839,5.7858870967742,36.2183962264151,-1.804171875,6.0075625,4.46920267802797,0.324953606188474,3.57241748358621,29
670036,ST,2026,"Festa, Matt",breaking,131,0.835417438320611,0.236641221374046,2.52347328244275,0.170297575869527,34.3358778625954,-2.11625954198473,5.09198473282443,33.1229591836735,-2.10744897959184,5.06897959183674,1.21291867892194,0.0246345797922882,3.53031240064516,31
663978,CH,2026,"Paddack, Chris",offspeed,147,0.835140724217687,0.26530612244898,7.61126764138493,0.444873369660287,40.7353741496599,-2.42482993197279,5.92768707482993,48.3466417910448,-2.06167910447761,6.1690671641791,7.6112676413849,0.436053747885102,3.14783811435897,39
663992,SL,2024,"Lovelady, Richard",breaking,106,0.834780574113208,0.273584905660377,2.62016702752861,0.178493473619438,17.6358490566038,2.50094339622642,5.1933962264151,19.4680327868852,2.43617886178862,5.28146341463414,1.83218373028148,0.109317311354396,3.05126692606897,29
800049,SL,2025,"Mazur, Adam",breaking,79,0.834739770227848,0.30379746835443,3.07830595206032,0.180483751070679,56.820253164557,-1.98177215189873,6.08810126582278,54.2606382978724,-1.95840425531915,6.07925531914893,2.55961486668461,0.0249861834442708,2.747685077,24
806185,CH,2025,"Birdsong, Hayden",offspeed,82,0.834696951512195,0.353658536585366,5.07697471470128,0.307423793547168,44.7048780487805,-2.04048780487805,6.32317073170731,49.7288990825688,-1.8845871559633,6.52715596330275,5.02402103378834,0.256739142012049,2.36017758703448,29
685126,CH,2026,"Eisert, Brandon",offspeed,52,0.834313656769231,0.288461538461538,3.55698717948717,0.236472154824897,31.2442307692308,4.16096153846154,4.92211538461539,34.5241666666667,4.02466666666667,5.06941666666667,3.27993589743589,0.20068373070962,2.89228734346667,15
666157,CH,2026,"Lodolo, Nick",offspeed,132,0.833903334575757,0.204545454545455,1.46121272485814,0.115493606159443,14.5765151515152,3.70954545454545,5.27121212121212,13.7322709163347,3.71079681274901,5.31764940239044,0.844244235180494,0.0464541384656731,4.07686074681481,27
579328,CH,2025,"Kikuchi, Yusei",offspeed,181,0.833507714386741,0.243093922651934,5.13971300524808,0.300518345033636,39.1734806629834,2.29049723756906,5.44950276243094,34.287668593449,2.46876685934489,5.37078998073218,4.88581206953447,0.1948737028202,3.42874764327273,44
685299,CH,2025,"Gordon, Tanner",offspeed,153,0.833494909490196,0.248366013071895,1.98671151745154,0.110822090002079,44.8490196078432,-2.71549019607843,6.21261437908497,43.100293255132,-2.71970674486804,6.1800586510264,1.74872635271116,0.0328276516540319,3.35591371452632,38
676664,CH,2023,"Sears, JP",offspeed,107,0.832855186654206,0.214953271028037,12.6080548383578,0.564038366283777,16.3495327102804,1.49009345794393,4.48448598130841,28.9575875486381,1.1712015503876,4.94182170542636,12.6080548383578,0.557537454579868,3.87458717269565,23
694738,CH,2025,"Roupp, Landen",offspeed,154,0.831358843168831,0.272727272727273,4.28889826185899,0.296625893055617,17.0902597402597,-2.54571428571429,5.22279220779221,21.12416918429,-2.2987915407855,5.30163141993958,4.0339094440303,0.259203517212222,3.04831575828571,42
605463,FS,2024,"Scott, Tayler",offspeed,126,0.831182474285714,0.301587301587302,3.25095549330843,0.270690783272296,12.6190476190476,-3.58126984126984,4.69238095238095,14.0439215686274,-3.61813953488372,4.83635658914729,1.42487394957982,0.148621527005523,2.75602609894737,38
660600,SL,2024,"Paredes, Enoli",breaking,62,0.831034765419355,0.225806451612903,3.15140067911714,0.209928383320783,40.6112903225807,-2.54306451612903,5.06774193548387,43.5697368421053,-2.47434210526316,5.10381578947369,2.95844651952461,0.077615028808194,3.68029681828571,14
571760,CH,2024,"Heaney, Andrew",offspeed,268,0.830796966835821,0.235074626865672,2.3759428467419,0.151861075497553,30.4772388059702,2.95522388059701,5.0505223880597,28.4936585365854,2.98107317073171,4.98242276422764,1.98358026938479,0.0728405420527297,3.5341839224127,63
669684,SL,2025,"Murphy, Chris",breaking,48,0.8307876385,0.229166666666667,9.92309981684982,0.555472289719688,35.7604166666667,2.374375,5.2375,45.6835164835165,1.93230769230769,5.56703296703297,9.92309981684981,0.551375988679116,3.62525514981818,11
666974,CH,2024,"Cano, Yennier",offspeed,138,0.829910896782609,0.297101449275362,6.66920164485229,0.307964248766735,23.2384057971015,-2.18413043478261,5.68746376811594,16.5692041522492,-2.23404844290657,5.43567474048443,6.6692016448523,0.256689543944988,2.79335862819512,41
678215,SL,2025,"Arias, Luarbert",breaking,44,0.829827761727273,0.181818181818182,3.07075757575757,0.216067261706706,37.7840909090909,-0.850681818181818,6.06931818181818,34.7133333333333,-0.964333333333333,6.103,3.07075757575757,0.11853746990833,4.5640526895,8
664285,CH,2024,"Valdez, Framber",offspeed,233,0.829583116206009,0.321888412017167,3.03405178512474,0.24434974527663,42.4733905579399,0.694978540772532,5.98094420600859,42.3426373626374,0.647685774946922,6.02571125265393,0.130753195302546,0.0651206124416988,2.57723821434667,75
621389,CH,2024,"Blach, Ty",offspeed,146,0.829260860219178,0.191780821917808,2.65388385105152,0.179684728772131,20.2630136986301,3.07479452054794,5.74397260273973,21.1228169014085,3.03135211267606,5.73597183098592,0.859803202778323,0.0441730138247768,4.32400305685714,28
500779,CU,2024,"Quintana, Jose",breaking,253,0.82890687770751,0.241106719367589,2.38053975247845,0.140929232200782,45.9221343873518,2.19525691699605,5.80169960474308,44.9732786885246,2.21594551282052,5.78451923076922,0.948855698827217,0.0268920666195374,3.43792524688525,61
657277,ST,2024,"Webb, Logan",breaking,254,0.82877320207874,0.228346456692913,2.85027611900863,0.239980526864782,21.5185039370079,-1.54547244094488,4.93976377952756,23.9545302013423,-1.38161073825503,5.04568791946309,2.43602626433443,0.195116839430888,3.62945505737931,58
608372,FS,2025,"Sugano, Tomoyuki",offspeed,282,0.826971048723404,0.265957446808511,2.81787234042555,0.179767454035747,42.2028368794327,-2.33237588652482,6.01719858156028,39.6098181818182,-2.44068965517241,5.97226860254083,2.59301869761452,0.117262847881722,3.1094111432,75
657277,CH,2025,"Webb, Logan",offspeed,438,0.826929309808219,0.308219178082192,4.76494261731819,0.370133517556987,19.2710045662101,-2.01260273972603,4.87442922374429,23.9929676511955,-1.90893108298172,5.06315049226442,4.72196308498544,0.21532192086259,2.68292620515556,135
671131,FS,2025,"Rutledge, Jackson",offspeed,58,0.826610187034483,0.293103448275862,1.87973086627418,0.213602641765524,32.4137931034483,-2.2401724137931,6.01862068965517,31.3287804878049,-2.27389294403893,6.0429197080292,1.0850126156434,0.041563402820278,2.82019946164706,17
502085,SL,2023,"Robertson, David",breaking,52,0.826473401846154,0.269230769230769,2.89353146853147,0.184911069805246,41.5134615384615,-2.73653846153846,5.78576923076923,42.9969696969697,-2.70737373737374,5.76151515151515,1.48350815850817,0.0379320642210214,3.06975834971429,14
668678,CH,2025,"Gallen, Zac",offspeed,234,0.825619411025641,0.286324786324786,9.26404445621316,0.428286607432501,35.7166666666667,-3.0648717948718,5.82547008547009,44.9473321858864,-2.71286941580756,6.03965635738832,9.23066551921976,0.412045427040652,2.88350659970149,67
571945,CU,2026,"Mikolas, Miles",breaking,64,0.825540117375,0.21875,7.60427325581396,0.318333973717804,49.73125,-1.43359375,6.72703125,42.126976744186,-1.55809302325581,6.56309302325581,7.60427325581396,0.205853858912713,3.77389767942857,14
657376,KC,2023,"Schmidt, Clarke",breaking,87,0.825096800781609,0.333333333333333,10.4741489128048,0.472237223761731,41.8034482758621,-1.27183908045977,5.79425287356322,31.3292993630573,-1.62863057324841,5.50050955414013,10.4741489128048,0.462152904385595,2.47529040234483,29
680573,CH,2024,"Woods Richardson, Simeon",offspeed,202,0.824608543366337,0.198019801980198,4.32991050196721,0.345824583345102,43.9519801980198,-1.2070297029703,6.29628712871287,46.9386462882096,-1.02980349344978,6.43379912663755,2.98666609018979,0.224318253635869,4.164273144,40
641302,CH,2025,"Alexander, Tyler",offspeed,118,0.824175739220339,0.271186440677966,2.15423728813558,0.282311283966136,32.15,1.95271186440678,5.37703389830508,33.6865384615384,1.7940811965812,5.51224358974359,1.53653846153842,0.208435480265922,3.039148038375,32
672851,CH,2023,"Adon, Joan",offspeed,58,0.822727839931035,0.310344827586207,3.21990595611284,0.219426933916317,31.5844827586207,-2.09034482758621,5.73706896551724,34.3463636363636,-1.94660633484163,5.85565610859729,2.76188087774294,0.186342868928142,2.65101192866667,18
573009,CH,2024,"Mantiply, Joe",offspeed,121,0.822699424991736,0.256198347107438,1.75065289256198,0.148265890478798,13.2512396694215,3.30942148760331,5.0800826446281,14.863,3.3227,5.1274,1.6117603305785,0.0491452033352215,3.21118162658065,31
700669,SL,2026,"Graceffo, Gordon",breaking,112,0.822628310107143,0.267857142857143,3.98674931756145,0.278743074413196,46.7446428571429,-1.61633928571429,5.88196428571429,49.4216560509555,-1.44770700636943,6.01101910828025,2.67701319381261,0.212348752915046,3.07114569106667,30
676130,CH,2025,"Buttó, José",offspeed,75,0.82249198096,0.293333333333333,2.11093449781659,0.23187294511397,37.4893333333333,-2.15506666666667,5.4784,38.1868995633188,-1.9674672489083,5.53056768558952,0.697566229985448,0.194717767455994,2.80394993509091,22
676092,ST,2025,"Snider, Collin",breaking,76,0.822161103947368,0.157894736842105,3.76842105263158,0.142510325632887,20.7868421052632,-3.19342105263158,5.16802631578947,17.0540540540541,-3.22858108108108,5.15202702702702,3.73278805120909,0.0386290673130227,5.207020325,12
670167,ST,2025,"Schreiber, John",breaking,126,0.821653210222222,0.158730158730159,4.07288698955365,0.303330885248097,9.29285714285714,-2.77444444444445,4.38515873015873,12.9726495726496,-2.60646723646724,4.59558404558404,3.67979242979243,0.269249244700262,5.1764152244,20
669358,CH,2024,"Baz, Shane",offspeed,57,0.820937284140351,0.280701754385965,3.28928504055838,0.189602496058638,35.2350877192983,-1.61421052631579,5.72385964912281,37.8720430107527,-1.49921146953405,5.79501792114696,2.63695529145443,0.135234177404058,2.92458907475,16
641154,CH,2025,"López, Pablo",offspeed,130,0.820533796061538,0.253846153846154,2.03659447348768,0.293830640550763,35.4507692307692,-1.96223076923077,5.52976923076923,34.7621359223301,-1.98854368932039,5.49042071197411,0.688633308439123,0.0473357760579988,3.23240586327273,33
657376,KC,2025,"Schmidt, Clarke",breaking,88,0.820141571363637,0.284090909090909,5.19098657024795,0.264652389678787,41.4897727272727,-1.23886363636364,5.79545454545455,36.3034090909091,-1.4346875,5.64144886363637,5.18636363636367,0.249127950262019,2.8868983312,25
666129,CH,2024,"Garrett, Braxton",offspeed,44,0.820009715727273,0.272727272727273,4.19070058381986,0.218165729352708,37.2863636363636,2.97568181818182,5.71681818181818,41.4770642201835,2.78137614678899,5.78431192660551,4.19070058381987,0.205694189321999,3.006702291,12
690928,SL,2025,"Dobbins, Hunter",breaking,119,0.819757469142857,0.285714285714286,4.82396158463387,0.322014278439958,47.9352941176471,-1.94941176470588,6.04798319327731,52.4668571428572,-1.6996,6.15057142857143,4.5315630252101,0.270056038270263,2.869151142,34
676534,CU,2024,"Faucher, Calvin",breaking,68,0.818699350235294,0.191176470588235,4.12431308049536,0.213108485366486,52.6779411764706,-0.951176470588235,6.03676470588236,49.2773026315789,-1.06328947368421,5.98539473684211,3.40063854489165,0.123321527651884,4.28242737046154,13
680767,CH,2026,"Vodnik, Victor",offspeed,45,0.817434672355556,0.244444444444444,8.33868055555554,0.418532999038893,38.0666666666667,-2.32377777777778,5.18244444444444,45.740625,-2.0498125,5.3926875,7.67395833333332,0.345339131633227,3.34405093236364,11
425844,SL,2023,"Greinke, Zack",breaking,69,0.817407455884058,0.231884057971015,2.54300889328063,0.213713148592181,42.2942028985507,-1.41521739130435,6.16826086956522,43.2778409090909,-1.32982954545455,6.22744318181819,0.983638010540176,0.103892397712625,3.5250696535,16
641793,ST,2025,"Littell, Zack",breaking,59,0.816412927322034,0.203389830508475,2.05766499384528,0.19228378851166,40.2372881355932,-0.769152542372881,6.17203389830509,39.2379888268157,-0.66683426443203,6.08582867783985,0.999299308777573,0.133792264485809,4.014030226,12
593974,CH,2024,"Peralta, Wandy",offspeed,126,0.816158838380952,0.198412698412698,5.65452448785784,0.603230169600492,39.6698412698413,0.601349206349207,5.82,45.2299145299145,0.71495867768595,6.16471074380165,5.56007326007327,0.362949871014857,4.11344054544,25
543037,SL,2026,"Cole, Gerrit",breaking,104,0.814592470192308,0.25,2.65248211091235,0.243077008821697,36.1605769230769,-2.30692307692308,5.79336538461539,37.7821705426357,-2.22907335907336,5.84776061776062,1.62159361955874,0.0949706268180045,3.25836988076923,26
656605,CU,2024,"Keller, Mitch",breaking,94,0.813814240340425,0.25531914893617,8.44390727139644,0.330468551535714,41.8287234042553,-1.75840425531915,5.92691489361702,33.3848161328589,-1.98756820877817,5.72304863582445,8.44390727139643,0.306720668738382,3.187439108,24
596295,CH,2024,"Gomber, Austin",offspeed,251,0.813742351521912,0.243027888446215,1.80813311460043,0.206960632323662,53.2298804780876,2.15565737051793,6.42780876494024,52.4303529411765,2.16938356164383,6.57762557077626,0.799527536911157,0.150444287474568,3.34834967593443,61
663485,FS,2024,"Sands, Cole",offspeed,95,0.813166037178947,0.242105263157895,2.68077053676375,0.145602000865951,25.68,-2.65031578947368,5.72042105263158,26.5794044665012,-2.61709677419355,5.7809429280397,0.899404466501252,0.0690391220910156,3.358729284,23
641778,CU,2025,"Lauer, Eric",breaking,95,0.812836259536842,0.273684210526316,2.47686083536244,0.173596785458014,39.5968421052632,1.84410526315789,6.19715789473684,39.2096085409253,1.78640569395018,6.06697508896797,0.387233564337855,0.142396640426001,2.96997864061538,26
455119,FS,2025,"Martin, Chris",offspeed,62,0.81280344,0.274193548387097,1.67822289507395,0.12339195346854,41.5709677419355,-2.86854838709677,6.11854838709678,41.7321299638989,-2.85176895306859,6.18050541516246,0.16116222196343,0.0641889611462712,2.96434195764706,17
573186,SL,2024,"Stroman, Marcus",breaking,193,0.812514716227979,0.238341968911917,3.82720797961215,0.166410825074316,35.8880829015545,-1.01430051813472,5.27176165803109,32.514332247557,-0.991341853035143,5.23974440894569,3.37375065399743,0.0393980271352607,3.40902913547826,46
543037,CH,2026,"Cole, Gerrit",offspeed,76,0.812362758,0.210526315789474,3.62408200734394,0.380248790136708,34.4539473684211,-2.37697368421053,5.55368421052632,37.7821705426357,-2.22907335907336,5.84776061776062,3.32822317421461,0.329173874217737,3.8587231005,16
674841,SL,2025,"Alvarez, Andrew",breaking,49,0.812352874612245,0.326530612244898,2.00374940673944,0.18022034718626,46.5571428571429,1.37714285714286,6.31183673469388,45.9023255813953,1.35,6.29372093023256,0.654817275747504,0.0326330670510501,2.4878306785,16
681190,ST,2024,"Vásquez, Randy",breaking,97,0.811349616865979,0.247422680412371,3.78320612283308,0.434545870888591,34.3474226804124,-2.12969072164948,5.80371134020619,37.0194726166329,-1.96787018255578,5.97170385395537,2.67204993622052,0.233253877884905,3.2792047015,24
518876,CH,2024,"Kelly, Merrill",offspeed,119,0.811229025983193,0.285714285714286,2.29872829131652,0.132115297276613,26.0294117647059,-1.82361344537815,5.53235294117647,23.8846666666667,-1.84206666666667,5.43313333333334,2.1447450980392,0.100921018407802,2.83930159094118,34
683004,CH,2025,"Leiter, Jack",offspeed,179,0.81054686750838,0.307262569832402,2.08476816523624,0.417360041961532,43.6134078212291,-1.60435754189944,5.57597765363128,43.8378548895899,-1.63807570977918,5.54241324921136,0.224447068360846,0.0475760873678229,2.63796162334546,55
592426,SL,2025,"Jackson, Luke",breaking,191,0.810385002513089,0.25130890052356,4.13701279813845,0.412939585416668,49.5109947643979,-2.34047120418848,6.25643979057592,53.2027777777778,-1.98796296296296,6.40240740740741,3.69178301337983,0.381534540107933,3.22465698916667,48
605397,CU,2024,"Musgrove, Joe",breaking,127,0.809841468,0.307086614173228,5.47694686070001,0.246475187372151,41.1937007874016,-1.12133858267717,6.52267716535433,35.7167539267016,-1.32340101522843,6.40022842639595,5.4769468607,0.236268745967451,2.63717606246154,39
621112,CH,2024,"Blackburn, Paul",offspeed,115,0.807435848034783,0.295652173913044,1.89931514634839,0.128613627336225,50.1365217391304,-2.01121739130435,6.08452173913044,49.8957516339869,-2.03088235294118,6.05032679738562,0.240770105143483,0.0394462261453368,2.73103301541176,34
622663,SL,2024,"Severino, Luis",breaking,68,0.806637996176471,0.264705882352941,4.0119997706685,0.356440829794684,38.9720588235294,-2.17220588235294,5.79029411764706,42.6223196881092,-1.89746588693957,5.98200779727096,3.65026086457976,0.335016716052609,3.04729909666667,18
527048,CH,2023,"Pérez, Martín",offspeed,76,0.805540823263158,0.197368421052632,2.78541666666667,0.213065248788686,43.7197368421053,1.35697368421053,5.55118421052632,43.4239583333333,1.1899512195122,5.51887804878049,0.29577850877191,0.17011817010729,4.08140683786667,15
695076,CH,2026,"Lowder, Rhett",offspeed,110,0.805471054690909,0.245454545454545,4.23332503113325,0.317775318728316,24.4154545454546,-2.63218181818182,5.40927272727273,28.6311643835616,-2.41974110032362,5.5773786407767,4.2157098381071,0.270907099868408,3.28154874133333,27
672335,SL,2025,"Pérez, Cionel",breaking,54,0.805256809555556,0.314814814814815,2.19855257556406,0.170957438204034,38.4592592592593,1.29259259259259,5.54259259259259,37.183908045977,1.2664367816092,5.58551724137931,1.27535121328222,0.0502658126529587,2.55787457152941,17
506433,FS,2025,"Darvish, Yu",offspeed,63,0.804872148761905,0.26984126984127,5.11616042850611,0.305407886566254,27.6444444444445,-2.4952380952381,5.28809523809524,25.8818930041152,-2.55588477366255,5.20666666666667,1.76255144032922,0.101531432811805,2.98276149247059,17
670912,CU,2023,"Oviedo, Johan",breaking,67,0.804522393552239,0.253731343283582,8.40726823628339,0.411403781136935,36.6477611940299,-2.09223880597015,5.86716417910448,28.2404929577465,-2.34688811188811,5.56129370629371,8.40726823628339,0.397998762739261,3.17076472752941,17
666157,CH,2025,"Lodolo, Nick",offspeed,295,0.803922505383051,0.257627118644068,1.88478760498469,0.131921327964119,15.488813559322,3.67630508474576,5.37935593220339,13.9314847942755,3.69921288014311,5.39677996422183,1.55732876504653,0.0287813130650136,3.12048867221053,76
608372,SL,2026,"Sugano, Tomoyuki",breaking,65,0.803531971753846,0.2,2.91274310595065,0.139914185228107,42.5230769230769,-2.51323076923077,5.98415384615385,39.7358490566038,-2.6125935828877,5.91759358288771,2.78722786647315,0.119596142846998,4.01765985876923,13
687888,ST,2025,"Walter, Brandon",breaking,82,0.803455578341463,0.219512195121951,3.85877261998426,0.286526925213652,25.9829268292683,2.45573170731707,5.4490243902439,29.6032258064516,2.22564516129032,5.58862903225806,3.62029897718332,0.269126874790351,3.66018652355556,18
607067,CH,2025,"Rea, Colin",offspeed,153,0.803364401019608,0.30718954248366,2.33027484498074,0.116580105539758,31.481045751634,-1.66535947712418,5.60483660130719,29.3970085470085,-1.64169515669516,5.54340455840457,2.08403720462547,0.0658323321518927,2.61520751821277,47
502085,SL,2024,"Robertson, David",breaking,40,0.8026911696,0.2,2.78705128205128,0.161691497671449,46.0175,-2.6345,5.86225,44.8272435897436,-2.6724358974359,5.81657051282051,1.1902564102564,0.0593780082458828,4.013455848,8
571656,CH,2023,"Farmer, Buck",offspeed,44,0.802274779090909,0.363636363636364,2.94398895497027,0.277794372742542,30.5977272727273,-1.39909090909091,5.72,33.4056074766355,-1.1711214953271,5.84626168224299,2.80788020390824,0.260599435944598,2.2062556425,16
607200,ST,2026,"Fedde, Erick",breaking,300,0.801941956346667,0.206666666666667,6.13877777777779,0.371773952801936,31.9496666666667,-1.52526666666667,5.7625,38.0855855855856,-1.22501501501502,5.94612612612612,6.13591891891891,0.35195114506936,3.88036430490323,62
622663,ST,2025,"Severino, Luis",breaking,290,0.801290905117241,0.213793103448276,5.57717225303429,0.437322289115229,36.0251724137931,-2.23220689655172,5.78593103448276,41.447668997669,-1.91296037296037,6.01537296037296,5.42249658387589,0.393143663539638,3.74797358845161,62
808967,FS,2024,"Yamamoto, Yoshinobu",offspeed,175,0.800377126537143,0.354285714285714,2.57882559158633,0.145100835038683,45.244,-1.2036,5.49234285714286,43.9208588957055,-1.2341369047619,5.48827380952381,1.32314110429448,0.030806812573905,2.25912898619355,62
608372,ST,2025,"Sugano, Tomoyuki",breaking,263,0.799406607634981,0.20532319391635,1.87612443829935,0.129416085413797,40.3376425855513,-2.45159695817491,5.97688212927756,39.6098181818182,-2.44068965517241,5.97226860254083,0.72782440373318,0.0118428834216457,3.8934062557037,54
642016,ST,2025,"Robert, Daniel",breaking,48,0.799320595083333,0.3125,1.51634114583333,0.204120699836582,34.34375,-2.19708333333333,6.10416666666667,34.7140625,-2.03421875,6.1003125,0.370312500000004,0.16291018109693,2.55782590426667,15
571578,CH,2024,"Corbin, Patrick",offspeed,40,0.7986639003,0.25,4.61043217286916,0.273910977601097,42.53,2.28175,6.363,37.9195678271308,2.42498199279712,6.23505402160865,4.61043217286917,0.192056182267468,3.1946556012,10
690953,SL,2025,"Abel, Mick",breaking,43,0.796595831441861,0.162790697674419,2.45024630541872,0.140130812208669,28.1093023255814,-1.70232558139535,5.60232558139535,28.8733990147783,-1.70152709359606,5.65699507389163,0.76409668919694,0.0546753234335785,4.89337439314286,7
650644,ST,2024,"Civale, Aaron",breaking,203,0.796234084985222,0.241379310344828,3.25864959120366,0.23908770710464,42.9192118226601,-1.01812807881773,6.27118226600985,45.3142112125163,-0.895267275097783,6.36813559322034,2.39499938985619,0.156507906343084,3.29868406636735,49
656578,CH,2023,"Jackson, Andre",offspeed,107,0.795964539925234,0.299065420560748,4.97212089237263,0.304067588060408,51.2233644859813,-1.9214953271028,6.01345794392523,56.0540322580645,-1.63403225806452,6.06629032258064,4.8306677720832,0.2922777382821,2.661506430375,32
681035,ST,2024,"Scott, Christian",breaking,65,0.795495174646154,0.2,2.91918382087396,0.246829668678868,29.3292307692308,-3.00861538461538,5.10046153846154,31.8173708920188,-2.86765258215962,5.23887323943662,2.488140122788,0.197555841834652,3.97747587323077,13
700241,CH,2026,"McGreevy, Michael",offspeed,172,0.795192097674419,0.226744186046512,1.71698966408268,0.137008438345119,33.6558139534884,-2.13523255813953,5.72470930232558,32.9895555555556,-2.05011111111111,5.73388888888889,0.666258397932793,0.0856149843992624,3.50700104615385,39
615698,FS,2023,"Quantrill, Cal",offspeed,73,0.794652166191781,0.232876712328767,2.37397260273973,0.174281380944868,45.2027397260274,-1.31260273972603,6.19904109589041,46.0333333333333,-1.25810810810811,6.26738738738739,0.830593607305922,0.0874121298022344,3.41232989011765,17
664076,SL,2026,"Cleavinger, Garrett",breaking,116,0.794148261827586,0.293103448275862,3.03565200158541,0.247794691342151,29.7103448275862,1.25060344827586,5.10310344827586,32.4643678160919,1.08744444444444,5.25788888888889,2.75402298850573,0.224898628624165,2.70944701094118,34
622491,CH,2024,"Castillo, Luis",offspeed,214,0.79380397364486,0.242990654205607,5.67306885370969,0.388199761300391,10.7457943925234,-2.29523364485981,4.81481308411215,16.4030612244898,-2.21274886877828,5.09636877828054,5.65726683196641,0.29338941222182,3.26680866076923,52
666157,CH,2024,"Lodolo, Nick",offspeed,167,0.793780002706587,0.245508982035928,1.89827710650128,0.144974714318455,18.9221556886227,3.52850299401198,5.48137724550898,17.7444196428572,3.56808035714286,5.51285714285714,1.17773604576559,0.0505702640831984,3.23320147443902,41
656849,CH,2023,"Peterson, David",offspeed,91,0.793534519956044,0.263736263736264,1.88246058289537,0.198292278313657,41.5307692307692,2.18450549450549,6.14582417582418,40.705652173913,2.23495652173913,6.12047826086956,0.8251170568562,0.0564599110326572,3.00881838816667,24
674370,SL,2024,"Bido, Osvaldo",breaking,133,0.793358717744361,0.24812030075188,2.25172775143433,0.150177854106428,35.3609022556391,-2.29233082706767,5.88451127819549,33.716724738676,-2.27996515679443,5.84780487804878,1.64417751696313,0.0387333139950248,3.19747604424242,33
678020,FS,2025,"Halvorsen, Seth",offspeed,94,0.793003032510638,0.265957446808511,8.92683548097094,0.50785256265594,37.8393617021277,-2.70404255319149,5.6963829787234,46.7661971830986,-2.22992957746479,5.84971830985915,8.92683548097095,0.498291919989617,2.98169140224,25
660761,SL,2026,"Suarez, José",breaking,107,0.792859097308411,0.261682242990654,2.15415178352987,0.418494291323722,41.8672897196262,1.82130841121495,5.74345794392523,40.4303664921466,1.73974874371859,5.74929648241206,1.43692322747958,0.0817683795472266,3.02985440757143,28
676684,SL,2023,"Vest, Will",breaking,48,0.791174331833333,0.208333333333333,4.18736814345992,0.312746190976697,42.2229166666667,-2.82583333333333,5.501875,46.1974683544304,-2.5846835443038,5.65759493670886,3.97455168776371,0.28705734520754,3.7976367928,10
663462,SL,2023,"Campbell, Isaiah",breaking,93,0.790384927268817,0.279569892473118,3.15045210166177,0.235392998232426,48.6516129032258,-1.79086021505376,6.46741935483871,51.1965909090909,-1.63079545454545,6.55977272727273,2.54497800586509,0.184796842387848,2.827146086,26
579328,SL,2023,"Kikuchi, Yusei",breaking,188,0.789092301021277,0.276595744680851,2.62939973043225,0.165031471895846,37.6845744680851,2.55308510638298,5.21361702127659,35.4859728506788,2.61457013574661,5.19619909502262,2.1986016174063,0.0639045615808044,2.85287216523077,52
656232,CH,2023,"Bielak, Brandon",offspeed,43,0.78901978827907,0.255813953488372,3.55661263800798,0.1881289110018,42.1604651162791,-1.15813953488372,6.14790697674419,45.349494949495,-1.03242424242424,6.25717171717172,3.18902983321588,0.166562655655065,3.08435008145455,11
641793,FS,2026,"Littell, Zack",offspeed,173,0.788758101017341,0.173410404624277,4.74859454995873,0.164737674360521,35.8248554913295,-0.752138728323699,6.07260115606937,40.1497142857143,-0.649036827195468,6.12048158640226,4.32485879438485,0.113677339980835,4.5485050492,30
453286,SL,2026,"Scherzer, Max",breaking,53,0.788672008075472,0.150943396226415,2.89832285115303,0.23045382621745,31.1433962264151,-3.23603773584906,5.58943396226415,33.7222222222222,-3.10277777777778,5.74492063492063,2.57882599580711,0.204778714223289,5.2249520535,8
663423,ST,2025,"Thornton, Trent",breaking,63,0.78824011384127,0.206349206349206,8.61109431426891,0.461581284961702,33.4888888888889,-2.66793650793651,5.18015873015873,42.0671957671958,-2.31920634920635,5.45375661375662,8.57830687830688,0.443247702213113,3.81993285938462,13
571927,CH,2026,"Matz, Steven",offspeed,141,0.787230490297873,0.212765957446809,2.36030098598858,0.197030001977665,32.1290780141844,2.14014184397163,5.67822695035461,33.4365853658537,2.05827751196172,5.75947368421053,1.30750735166926,0.115337767525135,3.6999833044,30
573186,FS,2024,"Stroman, Marcus",offspeed,126,0.786444735428572,0.214285714285714,2.86533271288973,0.165157989295157,30.3761904761905,-1.08111111111111,5.16531746031746,32.514332247557,-0.991341853035143,5.23974440894569,2.13814177136654,0.116609992614781,3.670075432,27
606160,CH,2023,"Montero, Rafael",offspeed,60,0.7862263418,0.3,4.73098484848485,0.266933850444833,33.365,-1.4395,4.94916666666667,37.3539772727273,-1.32971590909091,5.143125,3.98897727272728,0.222873016954001,2.62075447266667,18
663687,CH,2025,"Harris, Hogan",offspeed,63,0.785310049015873,0.222222222222222,9.13016398612428,0.389627731913463,47.3238095238095,2.44539682539683,5.90571428571429,56.4539735099338,2.1485761589404,6.10940397350993,9.13016398612428,0.359988884481071,3.53389522057143,14
656638,CH,2026,"Lange, Alex",offspeed,80,0.78528804375,0.3125,3.35861928104574,0.255918257796094,39.11875,-1.970125,5.739625,40.0993464052287,-1.86019607843137,5.82183006535948,0.980596405228717,0.137266312575221,2.51292174,25
621366,SL,2023,"Borucki, Ryan",breaking,116,0.785166680344828,0.301724137931035,2.2894523326572,0.182214274592832,26.8568965517241,1.8948275862069,5.60163793103448,28.7647058823529,1.78588235294118,5.68294117647059,1.90780933062881,0.135938521287256,2.602266712,35
687064,FS,2025,"Young, Brandon",offspeed,100,0.78511497408,0.29,2.74755364806868,0.234065602158774,47.328,-0.7882,5.9983,49.6536480686696,-0.686437768240343,6.01412017167382,2.32564806866954,0.102984608774782,2.70729301406897,29
579328,CU,2024,"Kikuchi, Yusei",breaking,224,0.784935851160714,0.241071428571429,12.1027361751152,0.514158821061064,51.0151785714286,2.13446428571429,5.61071428571429,38.9124423963134,2.57599078341014,5.36652841781873,12.1027361751152,0.504551668560781,3.25603019740741,54
657376,SL,2025,"Schmidt, Clarke",breaking,62,0.782536231225806,0.274193548387097,8.66308651026391,0.538252749247544,27.6403225806452,-1.88483870967742,5.35967741935484,36.3034090909091,-1.4346875,5.64144886363637,8.6630865102639,0.531066152552151,2.85395566682353,17
607625,CU,2024,"Lugo, Seth",breaking,240,0.782349750066666,0.3125,3.0312742248062,0.183959348866924,34.4533333333333,-1.36133333333333,5.54633333333334,32.4049418604651,-1.26088662790698,5.46462209302326,2.04839147286821,0.129484622345747,2.50351920021333,75
650893,CU,2025,"Cabrera, Génesis",breaking,58,0.782156659034483,0.224137931034483,5.72052181873664,0.328797096675804,49.5103448275862,1.29448275862069,6.04396551724138,43.7898230088496,1.21044052863436,5.96185022026432,5.72052181873666,0.117499014543554,3.48962201723077,13
579328,FS,2026,"Kikuchi, Yusei",offspeed,53,0.782003690943396,0.264150943396226,10.0264985807314,0.449554822649523,55.7849056603774,1.72679245283019,5.87603773584906,45.758407079646,2.12279661016949,5.69254237288135,10.0264985807314,0.43645141867184,2.96044254428571,14
657024,FS,2024,"Swanson, Erik",offspeed,119,0.781938514588235,0.277310924369748,5.36388181078886,0.318359296106413,48.7857142857143,-0.975126050420168,6.05100840336134,54.0070967741936,-0.724230769230769,6.20108974358974,5.22138248847929,0.292357402519349,2.81971767381818,33
666974,FS,2026,"Cano, Yennier",offspeed,73,0.781575625150685,0.328767123287671,5.00327453556014,0.2755312307723,20.9301369863014,-2.34438356164384,5.6713698630137,15.9445205479452,-2.38479452054794,5.42623287671233,4.98561643835616,0.248445542629504,2.3772925265,24
656686,SL,2025,"Martin, Corbin",breaking,44,0.780900079,0.340909090909091,1.94366616989568,0.194229443000677,42.1136363636364,-2.45386363636364,5.89454545454546,42.4934426229508,-2.36639344262295,5.87622950819672,0.379806259314449,0.0893672685253553,2.29064023173333,15
694335,ST,2026,"Svanson, Matt",breaking,107,0.778181583140187,0.242990654205607,2.49675375247806,0.188363610765562,29.6177570093458,-1.68644859813084,5.61495327102804,27.3132575757576,-1.62662878787879,5.51909090909091,2.30449943358822,0.112995584580799,3.20251651523077,26
570632,SL,2025,"Ureña, José",breaking,106,0.777425206905661,0.235849056603774,3.15290310819433,0.330758105884883,30.8924528301887,-2.71122641509434,5.70396226415094,28.3748792270531,-2.60565217391304,5.65884057971015,2.51757360313552,0.11481239831909,3.29628287728,25
656605,ST,2024,"Keller, Mitch",breaking,214,0.777264907962617,0.214953271028037,2.13040819946563,0.159372728826878,33.8359813084112,-2.02831775700935,5.68457943925233,33.3848161328589,-1.98756820877817,5.72304863582445,0.451165175552319,0.0560393144671525,3.61597152834783,46
663765,ST,2024,"Woodford, Jake",breaking,91,0.777116067252747,0.263736263736264,1.95264069264069,0.197010068356723,27.032967032967,-2.45208791208791,5.1710989010989,27.3557575757576,-2.44763636363636,5.16606060606061,0.322790542790546,0.00672314662262961,2.94656508833333,24
686613,CH,2024,"Brown, Hunter",offspeed,145,0.776975412744827,0.262068965517241,8.20137013533146,0.448311780350863,50.231724137931,-1.82241379310345,6.06062068965517,58.3050997782705,-1.57266888150609,6.27850498338871,8.07337564033952,0.331430364216274,2.96477460126316,38
500779,CH,2026,"Quintana, Jose",offspeed,63,0.776583553333333,0.285714285714286,2.46458138811081,0.136147172867056,40.8698412698413,2.48333333333333,5.75650793650794,42.543137254902,2.44856209150327,5.7621568627451,1.6732959850607,0.0352271149263974,2.71804243666667,18
593334,CH,2024,"Germán, Domingo",offspeed,47,0.774336266297873,0.212765957446809,6.73646034816247,0.27752571380955,33.4148936170213,-1.5,5.58659574468085,26.7136363636364,-1.54757575757576,5.34954545454546,6.7012572533849,0.24177736197209,3.6393804516,10
669467,SL,2024,"Pallante, Andre",breaking,144,0.77423881175,0.256944444444444,3.1229328165375,0.216518418137316,56.1569444444444,-1.87263888888889,5.89131944444444,58.7802325581396,-1.76207516339869,6.01715686274511,2.62328811369515,0.167509382539746,3.01325375383784,37
687075,CH,2026,"Sproat, Brandon",offspeed,61,0.774005260131148,0.311475409836066,3.28790944574549,0.188528250545253,30.3213114754098,-2.58672131147541,5.49524590163935,32.9179047619047,-2.49285714285715,5.56857142857143,2.59659328649489,0.119109676560157,2.48496425621053,19
663623,CU,2025,"Irvin, Jake",breaking,394,0.773859459309645,0.241116751269036,3.36539170357917,0.220488663698702,28.246192893401,-2.25073604060914,5.71586294416244,26.6777070063694,-2.25271337579618,5.64405095541401,1.56848588703157,0.0718392064435974,3.20948028387368,95
670280,FS,2025,"Bednar, David",offspeed,125,0.773784438336,0.352,3.40450562770563,0.173947638496559,38.432,-1.70744,5.84408,40.2705627705628,-1.62952789699571,5.91115879828326,1.83856277056277,0.102809829168605,2.19825124527273,44
669456,KC,2025,"Bieber, Shane",breaking,57,0.773580301894737,0.228070175438597,1.77754385964912,0.08137146943499,40.5421052631579,-1.69210526315789,5.64824561403509,39.916,-1.66912,5.67768,0.626105263157911,0.0373457547730566,3.39185209292308,13
518876,CH,2026,"Kelly, Merrill",offspeed,259,0.773168809714286,0.305019305019305,2.89227799227799,0.126616825090015,24.4594594594595,-1.84957528957529,5.43822393822395,21.5888888888889,-1.8493961352657,5.34309178743961,2.87057057057058,0.095132319477243,2.53481926222785,79
695076,SL,2024,"Lowder, Rhett",breaking,73,0.772273727178082,0.26027397260274,2.60095294818345,0.268988527475625,32.7616438356164,-2.26068493150685,5.78849315068493,30.4434782608696,-2.35521739130435,5.68095652173913,2.31816557474689,0.143180000420419,2.96715695178947,19
665152,CH,2023,"Kremer, Dean",offspeed,61,0.772023210360656,0.245901639344262,5.35989317387801,0.269024494554423,34.3852459016394,-2.4327868852459,5.74081967213115,39.6198770491804,-2.26075819672131,5.91338114754099,5.234631147541,0.243662332893516,3.13956105546667,15
700249,CH,2024,"Povich, Cade",offspeed,81,0.771977345530864,0.234567901234568,3.89956126925825,0.207784734382953,37.4271604938271,1.92444444444444,5.69604938271605,41.0809917355372,1.83687671232877,5.82454794520548,3.65383124171006,0.155499158421302,3.2910613151579,19
573204,ST,2025,"Thielbar, Caleb",breaking,51,0.771780558196079,0.215686274509804,3.43891708967853,0.329360949425186,51.8549019607843,0.342156862745098,6.04647058823529,55.1624365482234,0.0545685279187818,6.16233502538071,3.30753458743905,0.310050992778927,3.57825531527273,11
677944,SL,2024,"Cecconi, Slade",breaking,144,0.771273278083334,0.1875,3.60845959595961,0.249925206394421,38.7576388888889,-1.90569444444445,5.67118055555556,36.1954545454545,-1.87835227272727,5.63011363636364,2.56218434343438,0.0493364591972976,4.11345748311111,27
671096,CU,2025,"Abbott, Andrew",breaking,112,0.770999593392857,0.214285714285714,3.56676587301589,0.237959127288962,50.44375,2.46741071428571,6.14625,47.2638888888889,2.53100308641975,5.98669753086421,3.17986111111116,0.171758493824794,3.5979981025,24
592454,CH,2025,"Kahnle, Tommy",offspeed,380,0.770496102326316,0.228947368421053,11.8320032223415,0.597021405649434,30.9855263157895,-2.26931578947368,5.48963157894737,42.7632653061224,-1.77918367346939,5.78530612244898,11.7777389903329,0.572409754296459,3.36538527452874,87
657376,ST,2023,"Schmidt, Clarke",breaking,124,0.769803020387097,0.266129032258065,4.79862851859461,0.40129913997806,26.8911290322581,-1.98072580645161,5.35241935483871,31.3292993630573,-1.62863057324841,5.50050955414013,4.43817033079926,0.381970889432104,2.89259316751515,33
596295,SL,2024,"Gomber, Austin",breaking,222,0.769257654666667,0.198198198198198,2.24454689984102,0.169513903818731,52.8621621621622,2.24707207207207,6.53355855855856,52.4303529411765,2.16938356164383,6.57762557077626,0.431809220985748,0.0893163267177571,3.88125453036364,44
642546,SL,2026,"Hernández, Jonathan",breaking,50,0.7691223132,0.26,3.94728767123287,0.312921236973065,30.88,-2.3452,5.6158,26.9465753424658,-2.40013698630137,5.55054794520548,3.93342465753425,0.0852989045579396,2.95816274307692,13
672841,SL,2025,"Vargas, Carlos",breaking,112,0.767767317892857,0.258928571428571,5.99864938361133,0.409535444786184,37.8339285714286,-2.76616071428571,5.97633928571429,31.8352791878173,-2.64302030456853,5.75167512690355,5.99864938361134,0.256198252842305,2.96517033117241,29
682243,FS,2024,"Miller, Bryce",offspeed,249,0.767433320915663,0.261044176706827,5.29107444269837,0.390368642500408,39.5710843373494,-1.54947791164659,5.37060240963856,44.486231884058,-1.29594202898551,5.64853864734299,4.91514754670862,0.376203397148445,2.93985995243077,65
687570,CH,2026,"Prielipp, Connor",offspeed,71,0.767038437126761,0.169014084507042,4.40674130251593,0.249914147377829,35.8338028169014,1.83549295774648,5.94323943661972,40.1504273504273,1.62371794871795,6.05123931623932,4.31662453352593,0.237723849133573,4.538310753,12
676467,ST,2025,"Gordon, Colton",breaking,201,0.766980737492537,0.228855721393035,8.95345347729437,0.81473412296223,24.6915422885572,3.03706467661692,5.17059701492538,33.5920212765957,2.44303191489362,5.68047872340426,8.9004789880385,0.782850099726603,3.35137235295652,46
641540,CH,2023,"Dunning, Dane",offspeed,101,0.766790126613861,0.287128712871287,2.35706658901183,0.124651994161423,35.9079207920792,-2.45574257425743,5.41643564356436,37.3892156862745,-2.39323717948718,5.43163461538462,1.48129489419529,0.0643267682988778,2.67054492372414,29
519008,ST,2025,"McFarland, T.J.",breaking,46,0.766080520956522,0.239130434782609,6.14190404797601,0.188216901501257,17.4108695652174,2.02565217391304,5.44304347826087,11.2689655172414,2.04620689655172,5.32241379310345,6.14190404797601,0.122368368314413,3.20360945127273,11
657746,SL,2025,"Ryan, Joe",breaking,112,0.765915695321429,0.214285714285714,2.77728825136612,0.185280622489425,24.56875,-2.54669642857143,4.77910714285714,25.0841530054645,-2.46936612021858,4.75736612021858,0.515403005464485,0.0803283801362721,3.57427324483333,24
676508,ST,2025,"Casparius, Ben",breaking,207,0.765878407768116,0.227053140096618,2.10635088959586,0.208577575235694,44.8067632850242,-0.87719806763285,6.10420289855072,46.2926829268293,-0.776371951219512,6.2175,1.48591964180513,0.151664560619166,3.37312405123404,47
593958,CU,2026,"Rodriguez, Eduardo",breaking,99,0.765713784848485,0.212121212121212,4.42925590988419,0.160767576049133,46.8969696969697,1.22040404040404,6.04020202020202,42.4677137870855,1.29109947643979,5.94155322862129,4.42925590988419,0.121364857996963,3.60979355714286,21
605155,SL,2024,"Brewer, Colten",breaking,51,0.765697657176471,0.274509803921569,2.27929717341482,0.311388314644495,34.4274509803922,-2.69470588235294,6.01627450980392,33.3506493506494,-2.4312987012987,5.9348051948052,1.0768016297428,0.275718320605111,2.78932717971429,14
671096,CH,2024,"Abbott, Andrew",offspeed,167,0.765602410778443,0.245508982035928,2.5817684702927,0.157120276042354,43.5413173652695,1.7677245508982,5.87502994011976,44.8562386980109,1.68904159132007,5.83057866184448,1.3149213327414,0.0903710366670652,3.11842933170732,41
571927,CU,2026,"Matz, Steven",breaking,42,0.765558977142857,0.238095238095238,5.52531939605111,0.232244400303801,38.9619047619048,2.03785714285714,5.78357142857143,33.4365853658537,2.05827751196172,5.75947368421053,5.52531939605111,0.0315862748302287,3.215347704,10
650644,CU,2026,"Civale, Aaron",breaking,141,0.765457479092198,0.24113475177305,6.57183529771925,0.382720821088755,48.8574468085107,-0.566879432624114,6.43539007092199,42.2856115107914,-0.66444705882353,6.23475294117648,6.57183529771929,0.22310244174976,3.17439719270588,34
547179,SL,2024,"Lorenzen, Michael",breaking,71,0.765409884,0.211267605633803,2.83786902204186,0.182225416046205,44.8169014084507,-1.36915492957747,5.84154929577465,42.443879472693,-1.47295668549906,5.7804143126177,2.37302193575767,0.120466969323574,3.6229401176,15
456501,CH,2023,"Cueto, Johnny",offspeed,83,0.764709171759036,0.253012048192771,1.77904236873693,0.37582677061262,33.4361445783133,-2.17361445783133,5.56313253012048,33.9313653136531,-2.13815498154981,5.60391143911439,0.495220735339849,0.0540397434939563,3.02242196457143,21
656848,SL,2024,"Petersen, Michael",breaking,50,0.76434948144,0.2,8.33734426229509,0.665398176751323,42.652,-1.6128,6.1048,50.9893442622951,-1.02959016393443,6.40762295081967,8.33734426229508,0.657141881504114,3.8217474072,10
668678,CH,2026,"Gallen, Zac",offspeed,127,0.763911877133858,0.244094488188976,8.15905224438185,0.384547050057452,37.4047244094488,-2.80818897637795,5.79771653543307,45.3675182481752,-2.51756183745583,6.03226148409894,7.96279383872633,0.373464143958602,3.1295744643871,31
642701,CH,2026,"Santana, Dennis",offspeed,54,0.763853994296296,0.277777777777778,1.91557800224468,0.302424721630276,28.8962962962963,-2.17759259259259,5.56333333333333,30.0169696969697,-1.90975757575758,5.64957575757576,1.12067340067343,0.281377596802274,2.74987437946667,15
657277,CH,2026,"Webb, Logan",offspeed,235,0.763602040034043,0.280851063829787,6.60476577283427,0.330227240618623,16.6774468085106,-1.90387234042553,4.71357446808511,23.2822125813449,-1.76238095238095,4.98324675324676,6.60476577283428,0.304537278957912,2.71888605163636,66
458681,CH,2023,"Lynn, Lance",offspeed,41,0.762771188585366,0.268292682926829,3.09768268341365,0.493375518410779,30.4926829268293,-2.95048780487805,5.4409756097561,33.4572854291417,-3.04316733067729,5.60675298804781,2.96460250231244,0.189925337055497,2.84305624836364,11
643511,SL,2024,"Rogers, Tyler",breaking,156,0.762589407205128,0.224358974358974,3.08981298853096,0.145226340074851,-62.3615384615385,-3.84134615384616,1.10692307692308,-65.0746438746439,-3.79529914529914,1.09304843304843,2.71310541310547,0.0480919196827993,3.39896992925714,35
669422,SL,2025,"Sauer, Matt",breaking,55,0.761820879490909,0.163636363636364,5.55433566433565,0.261348456806736,48.4654545454545,-2.32345454545455,6.12909090909091,42.9115384615385,-2.415,5.95049450549451,5.55391608391606,0.200691917190259,4.65557204133333,9
571510,CU,2025,"Boyd, Matthew",breaking,93,0.760887413333333,0.236559139784946,7.63554952510178,0.300270819246408,32.510752688172,2.26139784946237,5.71870967741935,24.9054274084125,2.27823609226594,5.48789687924016,7.60532527975956,0.231426174457476,3.21647861090909,22
680767,CH,2024,"Vodnik, Victor",offspeed,101,0.76073950609901,0.267326732673267,14.7410103510351,0.704482366021071,31.6237623762376,-2.5309900990099,4.93386138613861,46.3647727272727,-2.04598337950139,5.40869806094183,14.7410103510351,0.678749869765431,2.84572926355555,27
656240,FS,2024,"Blewett, Scott",offspeed,41,0.760550444195122,0.268292682926829,5.26288109756096,0.253278617645029,46.8682926829268,-1.98243902439024,6.18707317073171,51.478125,-1.77984375,6.32328125,4.60983231707315,0.244125963517233,2.83477892836364,11
596295,KC,2024,"Gomber, Austin",breaking,283,0.759979831137809,0.243816254416961,3.41160673456663,0.177380875571041,55.2222614840989,2.11247349823322,6.55943462897526,52.4303529411765,2.16938356164383,6.57762557077626,2.79190854292247,0.0597466792466975,3.11701872771015,69
571948,ST,2026,"Milner, Hoby",breaking,64,0.7595465085,0.1875,1.80004340277778,0.176810837055928,-5.05625,4.21671875,4.148125,-3.63194444444444,4.29395833333333,4.22159722222222,1.42430555555556,0.106602629760145,4.050914712,12
669020,CU,2025,"Rolison, Ryan",breaking,111,0.759397188432432,0.198198198198198,5.56512321144674,0.194700229039467,50.2810810810811,1.92198198198198,6.01774774774775,44.7463235294118,1.97426470588235,5.91169117647059,5.53475755166934,0.118243306489245,3.83150399618182,22
701542,CH,2026,"Warren, Will",offspeed,78,0.757418039846154,0.243589743589744,2.43958333333332,0.112238339781823,30.4858974358974,-3.39717948717949,5.49128205128205,28.277620967742,-3.36889320388349,5.46634951456311,2.20827646815548,0.0377060367838183,3.10940037410526,19
668970,ST,2023,"Hollowell, Gavin",breaking,66,0.756792238181818,0.196969696969697,1.85986952861953,0.2456891607005,13.8439393939394,-2.74151515151515,5.16181818181818,14.1465277777778,-2.56256944444444,5.18361111111112,0.30258838383838,0.18026785028452,3.84217597846154,13
700241,CU,2025,"McGreevy, Michael",breaking,64,0.7564770193125,0.171875,3.68928743573264,0.154053971087706,37.1734375,-2.22578125,5.829375,33.4933161953728,-2.31403598971722,5.79221079691517,3.68012130462726,0.0957605193881344,4.40132083963636,11
622072,SL,2023,"Wood, Alex",breaking,101,0.756343109584158,0.198019801980198,3.79986658240293,0.301570076653295,14.2514851485148,2.11782178217822,4.55683168316832,17.9822695035461,2.01489361702128,4.82404255319149,3.73078435503126,0.286349185857258,3.8195327034,20
571760,SL,2025,"Heaney, Andrew",breaking,164,0.755765391512195,0.286585365853659,3.69287247647756,0.215910378197382,26.1201219512195,3.04103658536585,4.87530487804878,22.8295880149813,3.01842990654206,4.71960747663552,3.29053393623824,0.15733004396582,2.63713881293617,47
650911,SL,2023,"Sánchez, Cristopher",breaking,99,0.755472124525253,0.262626262626263,1.92396694214875,0.126413166369758,28.9333333333333,1.92585858585859,6.06383838383838,27.4162679425837,1.88808612440191,6.08373205741627,1.51706539074959,0.0426909486064589,2.87660539723077,26
663460,SL,2025,"Bubic, Kris",breaking,113,0.755253983929204,0.274336283185841,1.79429203539823,0.122135732003025,40.0982300884956,2.02964601769911,5.70884955752213,39.2392105263158,2.08726315789474,5.66457894736842,0.859019562179753,0.0726610058263932,2.75302258658065,31
621053,ST,2024,"Ferguson, Tyler",breaking,82,0.754822687658537,0.24390243902439,2.54875967701657,0.21055890560895,25.2817073170732,-3.45121951219512,5.76548780487805,27.6112627986348,-3.34754266211604,5.88679180887373,2.32955548156164,0.159573026002843,3.0947730194,20
686799,CH,2025,"Kochanowicz, Jack",offspeed,145,0.754410883641379,0.262068965517241,2.64088929219601,0.224599854497001,30.84,-1.83275862068966,5.86758620689655,29.4194736842105,-1.89987847222222,5.94956597222222,1.42052631578948,0.105951670079358,2.87867310863158,38
544150,CH,2024,"Suárez, Albert",offspeed,192,0.7540362125625,0.208333333333333,7.85598958333338,0.422932431136586,33.4119791666667,-1.62989583333333,5.99208333333333,41.2602631578948,-1.36357894736842,6.29824999999999,7.84828399122813,0.405786534433839,3.6193738203,40
592866,SL,2023,"Williams, Trevor",breaking,42,0.753924158285714,0.214285714285714,1.73116883116884,0.207934496694302,16.6380952380952,-2.48428571428571,4.97428571428571,17.7654545454546,-2.33569536423841,4.9792715231788,1.12735930735932,0.148673973571364,3.51831273866667,9
506433,SL,2024,"Darvish, Yu",breaking,141,0.753767680680851,0.24822695035461,2.56788116762546,0.159507577610115,40.1815602836879,-1.97971631205674,5.61858156028369,38.0549356223176,-2.00637096774193,5.56774193548387,2.12662466137031,0.0574032936292233,3.03660694217143,35
500779,CH,2023,"Quintana, Jose",offspeed,104,0.753662347192308,0.269230769230769,2.86252837326607,0.128441703082678,43.3,2.25682692307692,5.77365384615385,46.003606557377,2.19380327868852,5.78488524590164,2.70360655737702,0.0640165923201967,2.79931728957143,28
696147,CH,2026,"Bachman, Sam",offspeed,45,0.753042517688889,0.311111111111111,7.16449172576833,0.506336306076264,25.8844444444445,-1.80622222222222,5.07466666666667,33.0489361702128,-1.46382978723404,5.43063829787234,7.16449172576833,0.493911309609693,2.42049380685714,14
666159,ST,2024,"Manning, Matt",breaking,71,0.752738539098592,0.28169014084507,4.44645152468207,0.485345461370156,43.225352112676,-2.01154929577465,5.47859154929577,46.9038834951456,-1.60893203883495,5.51427184466019,3.67853138246959,0.404195174467656,2.6722218138,20
669203,CH,2023,"Burnes, Corbin",offspeed,64,0.7507198576875,0.265625,2.67204687500001,0.237365723545138,39.4546875,-0.7275,5.685,41.5345,-0.639102244389027,5.88256857855361,2.07981250000003,0.216442847950106,2.82623946423529,17
607625,SL,2024,"Lugo, Seth",breaking,126,0.749918094698413,0.182539682539683,2.81579457364341,0.187453038252214,33.147619047619,-1.31460317460318,5.51095238095238,32.4049418604651,-1.26088662790698,5.46462209302326,0.742677187153923,0.0709363303854952,4.10824695356522,23
643338,SL,2025,"Green, Chad",breaking,152,0.749643769184211,0.230263157894737,1.33714419978517,0.479200955082954,46.2598684210527,-1.90256578947368,6.11348684210526,45.9484693877551,-1.82673469387755,6.15545918367347,0.311399033297533,0.0866719823012517,3.2555957976,35
681035,CU,2026,"Scott, Christian",breaking,43,0.748845946046512,0.116279069767442,2.97010943912448,0.127360638396218,32.4906976744186,-3.03255813953488,5.28767441860465,29.5637254901961,-3.08803921568628,5.26637254901961,2.92697218422252,0.0594299542212045,6.440075136,5
641482,ST,2024,"Cortes, Nestor",breaking,172,0.748126290465116,0.238372093023256,10.2597475784493,0.756300034056324,39.0186046511628,1.76866279069767,5.45587209302326,49.2745681381958,1.10378119001919,5.78583493282151,10.255963487033,0.742255359407058,3.13848102341463,41
679525,CH,2023,"Marsh, Alec",offspeed,81,0.747983234814815,0.234567901234568,2.80289604245992,0.216267273461682,32.6530864197531,-2.52604938271605,5.5362962962963,35.0579439252337,-2.39158878504673,5.63135514018692,2.40485750548057,0.164668868118452,3.18877063263158,19
676282,CU,2024,"Cantillo, Joey",breaking,48,0.74650670525,0.270833333333333,3.81607824427483,0.188106140948005,59.36875,0.317708333333333,6.03708333333333,55.5549618320611,0.204809160305344,5.93687022900763,3.81378816793895,0.150959893842696,2.75633245015385,13
571948,CH,2024,"Milner, Hoby",offspeed,60,0.7460777632,0.216666666666667,4.9108,0.339392299275011,-7.05,4.339,4.078,-2.1392,4.15696,4.33316,4.9108,0.31344088310238,3.44343583015385,13
669358,CH,2025,"Baz, Shane",offspeed,149,0.744948871140939,0.275167785234899,2.69711102338027,0.269187817057917,35.4979865771812,-1.45208053691275,5.7248322147651,35.3508496732026,-1.52755555555555,5.77333333333334,0.147136903978598,0.0897153105188928,2.70725321463415,41
527048,CH,2025,"Pérez, Martín",offspeed,121,0.744392968661157,0.297520661157025,3.50717975206612,0.168314419782382,45.1132231404959,1.1496694214876,5.64520661157025,46.7401785714286,1.11513392857143,5.669375,1.6269554309327,0.0421522392080734,2.501987478,36
676664,SL,2023,"Sears, JP",breaking,150,0.744068979173333,0.26,11.1375875486381,0.61368048141769,17.82,1.53,4.4516,28.9575875486381,1.1712015503876,4.94182170542636,11.1375875486381,0.6074978583628,2.86180376605128,39
605154,SL,2025,"Brebbia, John",breaking,100,0.74321271716,0.24,2.64456565656567,0.21144127282429,40.588,-1.8622,5.7953,38.3616161616162,-1.76878787878788,5.72454545454545,2.22638383838384,0.117183744998305,3.09671965483333,24
693821,CH,2024,"Elder, Bryce",offspeed,51,0.743140424470588,0.274509803921569,1.56969880735799,0.404850140383796,53.4490196078432,-1.15882352941176,6.67235294117647,53.4309278350515,-1.00185567010309,6.60773195876288,0.0180917727916352,0.169749168551849,2.70715440342857,14
543475,CH,2023,"Lyles, Jordan",offspeed,84,0.742965939142857,0.297619047619048,4.58545145330857,0.337316696049982,39.5869047619048,-1.79333333333333,5.8075,43.9094155844156,-1.66948051948052,5.9375,4.32251082251079,0.179553667462573,2.49636555552,25
657571,SV,2025,"Ferguson, Caleb",breaking,89,0.742530424988764,0.258426966292135,2.40297012455362,0.154459268018321,46.8269662921348,2.28056179775281,5.92719101123595,44.7480620155039,2.29782608695652,5.88173913043478,2.07890427663097,0.0486202545249745,2.8732699053913,23
571760,CH,2025,"Heaney, Andrew",offspeed,177,0.741184274847458,0.180790960451977,5.0733172517404,0.261498530219365,27.419209039548,2.9345197740113,4.91853107344633,22.8295880149813,3.01842990654206,4.71960747663552,4.58962102456672,0.21589698402127,4.09967552025,32
656271,CH,2025,"Burke, Brock",offspeed,127,0.741036731055118,0.244094488188976,5.1207982622862,0.166552997102279,37.6188976377953,1.99330708661417,6.2348031496063,42.2402298850575,1.962030651341,6.30425287356322,4.62133224726222,0.0761674442336746,3.03586015625806,31
621381,SL,2023,"Strahm, Matt",breaking,58,0.740800556482759,0.293103448275862,4.61397689480132,0.799474693562162,36.5327586206897,2.4498275862069,5.60155172413793,31.9187817258883,2.27223350253807,5.4441116751269,4.61397689480133,0.237333157369057,2.52743719270588,17
656849,CH,2026,"Peterson, David",offspeed,89,0.740776846516854,0.224719101123596,1.83822914176428,0.351073729325928,41.6168539325843,1.74640449438202,6.15640449438202,40.0550531914894,1.80082446808511,6.11832446808511,1.56180074109489,0.0664200417089462,3.296456967,20
664285,CH,2023,"Valdez, Framber",offspeed,149,0.740685323785235,0.302013422818792,2.35898583146904,0.225976186749202,50.3469798657718,0.695503355704698,6.13785234899329,49.0111111111111,0.66761744966443,6.17278523489933,1.33586875466067,0.0446982133134108,2.45249140542222,45
657571,SV,2024,"Ferguson, Caleb",breaking,88,0.740626117590909,0.306818181818182,2.69620081411127,0.249390628455384,41,2.31397727272727,5.70727272727273,38.484776119403,2.37973134328358,5.63370149253732,2.51522388059702,0.0986728147729475,2.41389253140741,27
434378,SL,2023,"Verlander, Justin",breaking,164,0.740247489219512,0.24390243902439,3.8791878172589,0.2245090930577,54.8512195121951,-1.47225609756098,6.9975,58.0020304568528,-1.29862944162436,7.04276649746193,3.15081094465769,0.179430408359903,3.0350147058,40
663554,SL,2024,"Mize, Casey",breaking,197,0.740158587350254,0.192893401015228,5.56891412185053,0.467675554811862,40.0868020304569,-1.92426395939086,5.52375634517767,45.6166287015945,-1.57129840546697,5.78423690205012,5.52982667113766,0.438673913933096,3.83713793968421,38
601713,CU,2024,"Pivetta, Nick",breaking,156,0.740012431769231,0.185897435897436,1.83463358408155,0.167116660689192,57.701923076923,-1.51551282051282,6.84403846153846,56.843690851735,-1.45794952681388,6.83179810725552,0.858232225188061,0.0588503105721838,3.98075652951724,29
676395,CH,2025,"Garcia, Robert",offspeed,142,0.739924436816902,0.309859154929577,1.93595888124958,0.145150531880474,24.987323943662,3.79218309859155,5.61373239436619,25.303317535545,3.70551886792453,5.6488679245283,0.315993591883043,0.0935157438984402,2.38793795518182,44
623437,ST,2023,"Topa, Justin",breaking,55,0.739883263927273,0.254545454545455,1.46389780154486,0.188054319493689,10.2490909090909,-2.42254545454545,4.798,11.3660130718954,-2.28220779220779,4.87272727272727,1.11692216280451,0.158993159474411,2.90668425114286,14
471911,CH,2025,"Carrasco, Carlos",offspeed,87,0.739433489149425,0.310344827586207,3.03660811103882,0.186490672233798,32.6563218390805,-1.37620689655172,5.85333333333333,35.2823899371069,-1.22534591194969,5.89295597484277,2.62606809802645,0.155977531700183,2.38261902059259,27
641793,FS,2025,"Littell, Zack",offspeed,417,0.739057646148681,0.23021582733813,2.97070321396514,0.16015504648807,37.2129496402878,-0.714244604316546,6.08326139088729,39.2379888268157,-0.66683426443203,6.08582867783985,2.02503918652786,0.0474797987597056,3.21028165045833,96
570632,CH,2023,"Ureña, José",offspeed,56,0.738470782071429,0.267857142857143,3.675,0.189394813510362,36.0910714285714,-2.90892857142857,5.85910714285714,32.5065217391304,-2.865,5.80097826086957,3.584549689441,0.0728607322834503,2.7569575864,15
663568,CH,2025,"Kolek, Stephen",offspeed,83,0.738357929927711,0.228915662650602,4.23919063350175,0.506669100982899,30.0843373493976,-2.41698795180723,5.15072289156627,34.1979838709677,-2.58887323943662,5.31193158953723,4.11364652157015,0.235653976000682,3.22545832547368,19
671096,ST,2024,"Abbott, Andrew",breaking,235,0.738322142587234,0.238297872340426,2.1384825516525,0.144857188073505,44.7540425531915,1.69591489361702,5.87114893617021,44.8562386980109,1.68904159132007,5.83057866184448,0.102196144819416,0.0411483832407816,3.09831613407143,56
640470,SL,2024,"Alzolay, Adbert",breaking,66,0.738111611090909,0.257575757575758,1.95642915642915,0.163729448690267,43.2121212121212,-1.36227272727273,6.22166666666667,41.8648648648649,-1.29648648648649,6.29324324324324,1.34725634725636,0.0972164378652496,2.86560978423529,17
663969,FS,2025,"Phillips, Tyler",offspeed,83,0.737908640963856,0.265060240963855,4.0784668084101,0.176106295602658,31.589156626506,-1.18734939759036,5.91626506024096,27.5245098039216,-1.18416666666667,5.86754901960784,4.06464682258444,0.048819897491706,2.78392805454546,22
663623,CU,2023,"Irvin, Jake",breaking,127,0.737413539244094,0.251968503937008,3.25361573868548,0.216654104874842,29.2307086614173,-2.04716535433071,5.74425196850394,30.9679525222552,-2.01724035608309,5.88305637982196,1.73724386083786,0.141993556619532,2.926609983875,32
686563,CH,2025,"Cannon, Jonathan",offspeed,200,0.7370336067,0.215,2.58083486238533,0.179817647749199,25.41,-2.23925,5.7611,27.4012844036697,-2.21346788990825,5.89357798165138,1.99128440366973,0.134963449952965,3.42806328697674,43
657746,FS,2024,"Ryan, Joe",offspeed,228,0.736775379070175,0.241228070175439,2.69228465444374,0.20287070623583,26.1710526315789,-2.5203947368421,4.84013157894737,25.4816291161179,-2.48922010398614,4.73637781629116,0.689423515461083,0.108336055858726,3.05426884414545,55
543135,FS,2026,"Eovaldi, Nathan",offspeed,384,0.736709607708334,0.3203125,1.78865956303724,0.154291809562321,36.9171875,-2.28994791666667,5.7184375,35.5578796561605,-2.30830945558739,5.64297994269341,1.35930784383951,0.0776594428657251,2.29997145821138,123
680755,CU,2026,"Fisher, Braydon",breaking,82,0.735905723268293,0.207317073170732,2.00672990063234,0.186589488925125,49.9207317073171,0.523780487804878,6.56463414634146,49.1481481481482,0.551481481481481,6.5741975308642,0.772583559168922,0.0293053471946831,3.54966290047059,17
805673,CH,2025,"Matthews, Zebby",offspeed,55,0.734967190254545,0.236363636363636,4.10244860666972,0.320344746860414,35.0818181818182,-2.35,5.79036363636364,39.1477386934674,-2.1086432160804,5.85439698492462,4.06592051164917,0.249706561531619,3.10947657415385,13
605400,CH,2025,"Nola, Aaron",offspeed,121,0.734439405024793,0.289256198347107,3.95604505465209,0.298642059169395,16.0223140495868,-2.02611570247934,4.89917355371901,19.8809139784946,-1.93212365591398,5.06091397849462,3.85859992890784,0.187068088738137,2.53906194308571,35
666720,SL,2024,"Rodríguez, Yerry",breaking,65,0.733793885538462,0.2,2.19027149321267,0.239104315259736,27.34,-2.03107692307692,5.63538461538462,28.3460784313725,-1.86941176470588,5.74009803921569,1.00607843137253,0.19261496453173,3.66896942769231,13
667463,CH,2025,"King, John",offspeed,71,0.733347343830986,0.154929577464789,3.82505621967097,0.16420605739313,26.1971830985915,2.07633802816901,5.59183098591549,29.009243697479,1.94903361344538,5.56857142857143,2.81206059888746,0.129411827187353,4.73342376472727,11
691725,CU,2026,"Painter, Andrew",breaking,51,0.733044315294118,0.235294117647059,3.43187300024615,0.176157994934735,52.0803921568627,-2.01862745098039,6.52960784313726,48.8953974895397,-2.08794979079498,6.5418410041841,3.18499466732301,0.0703934444857429,3.11543834,12
683003,CH,2024,"Jones, Jared",offspeed,66,0.732931151272727,0.227272727272727,3.88086868686869,0.36752815811955,44.1712121212121,-1.57424242424242,5.62590909090909,43.2186666666667,-1.32632258064516,5.49840860215054,0.952545454545422,0.278784188007425,3.2248970656,15
571760,CH,2023,"Heaney, Andrew",offspeed,95,0.731229379705263,0.2,2.14301950094359,0.140973388695276,29.4021052631579,2.95978947368421,5.06273684210526,27.893625498008,2.9591235059761,4.99063745019921,1.50847976514992,0.0721024675459275,3.65614689852632,19
573009,CH,2023,"Mantiply, Joe",offspeed,41,0.731111998341464,0.292682926829268,1.60885598141696,0.132784084319028,16.4756097560976,3.09048780487805,5.16634146341464,17.3511904761905,3.13964285714286,5.2052380952381,0.875580720092902,0.062683068929064,2.49796599433333,12
592662,SL,2025,"Ray, Robbie",breaking,363,0.730366132782369,0.28099173553719,2.54305919926998,0.213592044594901,45.0641873278237,2.66578512396694,6.16247933884297,46.9800501882058,2.5624843161857,6.2171894604768,1.91586286038207,0.116894201299492,2.59924417843137,102
672282,CH,2023,"Detmers, Reid",offspeed,54,0.730032974222222,0.240740740740741,4.45721247563355,0.158031833606634,40.8351851851852,1.34833333333333,6.10444444444445,36.4578947368421,1.41640350877193,6.02122807017544,4.3772904483431,0.107510528464523,3.03244466215385,13
607067,CH,2026,"Rea, Colin",offspeed,158,0.728990785139241,0.246835443037975,1.9838600876132,0.125317475048174,30.0335443037975,-1.60354430379747,5.49158227848101,28.9163481953291,-1.5414406779661,5.45508474576271,1.11719610846833,0.0720342296129133,2.95334728338462,39
608334,SL,2024,"Fulmer, Carson",breaking,108,0.728781138185185,0.259259259259259,2.06003739896248,0.167056044015819,38.5833333333333,-2.46037037037037,5.69055555555556,38.1644951140066,-2.44931818181818,5.67545454545454,0.418838219326787,0.0187134010234387,2.81101296157143,28
686701,ST,2025,"Bergert, Ryan",breaking,95,0.728741847452632,0.273684210526316,6.69635250917989,0.365017641207795,44.8926315789474,-1.96494736842105,5.848,51.4764119601329,-1.63461794019934,5.95279069767442,6.58378038118546,0.346552480107094,2.66271059646154,26
701519,CH,2025,"Adams, Travis",offspeed,45,0.728714701155556,0.311111111111111,4.71496370742602,0.583988136955847,36.3066666666667,-1.94644444444444,5.68133333333333,39.8286432160804,-2.18819095477387,5.89412060301508,3.52197654941373,0.322055581220176,2.34229725371429,14
700249,SL,2024,"Povich, Cade",breaking,42,0.728517691714286,0.238095238095238,1.50804801259347,0.189148890599018,40.9452380952381,1.91309523809524,5.79190476190477,41.0809917355372,1.83687671232877,5.82454794520548,0.135753640299114,0.0829146614659816,3.0597743052,10
621199,ST,2025,"Bowman, Matt",breaking,40,0.7281347955,0.175,2.61491379310345,0.349837226039352,30.7825,-4.42175,5.64725,29.5703448275862,-4.27696551724138,5.54827586206897,1.21215517241379,0.175380804043297,4.16077026,7
669456,CH,2026,"Bieber, Shane",offspeed,45,0.7276831144,0.222222222222222,4.35909465020575,0.245372301280685,35.4511111111111,-1.70133333333333,5.528,39.7185185185185,-1.63861111111111,5.61574074074074,4.26740740740741,0.107854136435406,3.2745740148,10
676083,CU,2025,"Junk, Janson",breaking,80,0.7266862095,0.1875,4.94970015576324,0.356693348319366,52.01125,-0.679375,5.69325,55.7320872274143,-0.411464174454829,5.88068535825545,3.72083722741435,0.326968230824718,3.875659784,15
671106,ST,2025,"Allen, Logan",breaking,247,0.726671428518219,0.255060728744939,3.54822312190732,0.223042568519483,35.3599190283401,2.42672064777328,5.18566801619433,36.7905631659056,2.34417298937785,5.24822458270106,1.43064413756552,0.103573355259347,2.84901337847619,63
519151,SL,2023,"Pressly, Ryan",breaking,74,0.726096857081081,0.324324324324324,2.75022062879205,0.173771657172654,60.3743243243243,-0.254189189189189,5.97297297297297,58.8265306122449,-0.211020408163265,5.92693877551021,1.54779371207941,0.0631085651184145,2.23879864266667,24
641154,CH,2023,"López, Pablo",offspeed,152,0.725605537236842,0.269736842105263,2.48800847457628,0.183443624890414,36.7546052631579,-1.94828947368421,5.59842105263158,36.2467796610169,-1.8595593220339,5.56749152542372,0.507825602140962,0.0939663528354128,2.69004979658537,41
693645,CU,2025,"Schlittler, Cam",breaking,84,0.725505668142857,0.202380952380952,6.29275153609829,0.224517529953389,47.2119047619048,-1.71535714285714,6.44773809523809,40.9191532258065,-1.89913306451613,6.38387096774194,6.29275153609831,0.194557444874825,3.58485153670588,17
669387,ST,2025,"Mlodzinski, Carmen",breaking,68,0.725290549470588,0.220588235294118,7.33010452114732,0.76827752477603,23.4808823529412,-3.06779411764706,4.93147058823529,30.3286501377411,-2.43644628099173,5.25873278236914,6.8477677847999,0.7111263140671,3.28798382426667,15
666129,CH,2023,"Garrett, Braxton",offspeed,42,0.725196612952381,0.261904761904762,4.81729559748427,0.207861036935629,39.1619047619048,2.73,5.99428571428572,43.8349056603774,2.54457547169811,6.01358490566038,4.67300089847259,0.186426163624351,2.76893252218182,11
606303,SL,2023,"Payamps, Joel",breaking,60,0.724932480733333,0.2,2.3887037037037,0.318995817340271,27.1383333333333,-2.78583333333333,5.56416666666667,28.9617283950617,-2.49913580246914,5.58135802469136,1.82339506172839,0.287212494495557,3.62466240366667,12
668390,FS,2026,"Winn, Cole",offspeed,43,0.724553226697675,0.302325581395349,5.59192506459948,0.267124274275373,33.8953488372093,-1.91255813953488,5.31162790697675,39.3872222222222,-1.81389189189189,5.45345945945946,5.49187338501292,0.172775049424403,2.39659913446154,13
676263,SL,2025,"Dreyer, Jack",breaking,297,0.724326257346801,0.286195286195286,4.48064807858196,0.437324612509158,53.7289562289562,1.50296296296296,5.92367003367004,58.1392561983471,1.07880165289256,5.96144628099174,4.41029996939088,0.425840183428419,2.53088115802353,85
680730,FS,2025,"Parker, Mitchell",offspeed,156,0.724129250410256,0.275641025641026,6.96642116748503,0.481418428320618,57.4333333333334,1.68705128205128,6.18166666666667,64.3010638297873,1.24175531914894,6.33,6.86773049645392,0.469351970651989,2.62707355962791,43
669674,CU,2024,"Long, Sam",breaking,47,0.723470973957447,0.170212765957447,6.30088523062589,0.260429569736006,60.4446808510638,1.34489361702128,6.13297872340425,54.143795620438,1.50357664233577,5.96810218978102,6.3008852306259,0.22883306986223,4.250391972,8
689690,CH,2025,"Jacob, Alek",offspeed,96,0.722781950875,0.208333333333333,5.56613136574074,0.635159630579277,-3.896875,-3.00072916666667,3.7846875,1.32986111111111,-2.72972413793103,3.928,5.22673611111111,0.306565161517502,3.4693533642,20
625643,CU,2026,"López, Reynaldo",breaking,59,0.722494530101695,0.203389830508475,10.6423939362038,0.43362708264779,51.1796610169492,-1.60983050847458,6.03813559322034,40.5372670807454,-1.76108695652174,5.67049689440994,10.6423939362038,0.397538332665976,3.552264773,12
700669,SL,2025,"Graceffo, Gordon",breaking,100,0.72226920468,0.28,2.5573393939394,0.238133715114105,49.351,-1.6367,6.0186,51.5557575757576,-1.50290909090909,6.13533333333334,2.2047575757576,0.177557535651077,2.57953287385714,28
543859,SL,2025,"Tonkin, Michael",breaking,41,0.721233103902439,0.219512195121951,2.43460891505467,0.166999686586464,15.5219512195122,-3.63682926829268,5.34853658536585,14.0293103448276,-3.67103448275862,5.29413793103448,1.49264087468461,0.0642589315949538,3.28561747333333,9
663460,ST,2026,"Bubic, Kris",breaking,52,0.721157543923077,0.25,3.60869822485208,0.186324820098635,35.2307692307692,2.19115384615385,5.54615384615385,38.4774358974359,2.03989743589744,5.60107692307692,3.24666666666668,0.160919377398601,2.88463017569231,13
683769,SL,2024,"Gaddis, Hunter",breaking,244,0.72087002895082,0.278688524590164,3.46385498663971,0.230595052748909,36.0139344262295,-2.7077868852459,6.2369262295082,33.5537444933921,-2.66511013215859,6.21383259911894,2.46018993283743,0.0485244373345136,2.58665128035294,68
665795,CH,2026,"Cabrera, Edward",offspeed,210,0.720027159942857,0.290476190476191,2.41591602158104,0.170984151062384,32.6719047619048,-1.26423809523809,5.91438095238095,31.6039408866995,-1.27285714285714,5.90926108374384,1.06796387520523,0.0100250205346748,2.47878202603279,61
605463,FS,2025,"Scott, Tayler",offspeed,76,0.719704392,0.328947368421053,3.8359731876862,0.425582316191642,10.8460526315789,-3.65631578947369,4.58973684210526,14.4405660377359,-3.71311320754717,4.83632075471698,3.5945134061569,0.25304065416197,2.18790135168,25
673513,SL,2025,"Matsui, Yuki",breaking,77,0.718836560623377,0.220779220779221,2.53217893217894,0.126099876794566,54.6181818181818,1.99805194805195,6.05311688311689,55.4772946859904,1.97371980676329,6.09101449275363,0.859112867808534,0.0450364509688575,3.25590677458824,17
680573,SL,2025,"Woods Richardson, Simeon",breaking,240,0.718509130566667,0.241666666666667,5.00177974735132,0.319210831324581,42.76875,-1.335125,6.33858333333334,47.7591687041565,-1.13112195121951,6.47541463414634,4.99041870415653,0.245642115269169,2.97314122993103,58
656849,SL,2026,"Peterson, David",breaking,184,0.71829916326087,0.282608695652174,2.75797872340427,0.397133009123359,37.5146739130435,1.9891847826087,5.99755434782609,40.0550531914894,1.80082446808511,6.11832446808511,2.5403792784459,0.223752162078501,2.54167396230769,52
671106,CH,2023,"Allen, Logan",offspeed,79,0.718220351544304,0.278481012658228,2.49656726024459,0.122504274793743,41.5354430379747,2.21481012658228,5.23898734177215,43.0135593220339,2.16860169491526,5.24622881355932,1.47811628405921,0.0467724071517627,2.57906398963636,22
592836,ST,2024,"Walker, Taijuan",breaking,114,0.718015565473684,0.263157894736842,1.92177228786251,0.164541497538864,41.1184210526316,-1.9419298245614,6.45517543859649,40.8955102040816,-1.85,6.48192913385826,0.222910848549958,0.0957436831025937,2.7284591488,30
641360,SL,2023,"Bickford, Phil",breaking,57,0.717385141122807,0.175438596491228,3.09524853801169,0.180429527182225,28.0315789473684,-2.36701754385965,5.09684210526316,26.1291666666667,-2.38393518518518,5.07125,1.90241228070175,0.0306783708794991,4.0890953044,10
500779,CU,2025,"Quintana, Jose",breaking,129,0.717093425860465,0.209302325581395,1.57735326688814,0.145535171850431,42.5317829457364,2.24961240310077,5.7537984496124,41.9328571428572,2.18610204081633,5.73277551020408,0.598925802879229,0.0668994028289321,3.42611303466667,27
669711,ST,2024,"Weissert, Greg",breaking,119,0.715163957176471,0.235294117647059,12.3993697478992,0.932130860721854,8.07563025210084,-3.94361344537815,4.48084033613445,20.475,-3.33913194444444,5.05461805555556,12.3993697478991,0.833437913869505,3.039446818,28
676083,ST,2026,"Junk, Janson",breaking,91,0.71479926821978,0.164835164835165,3.07478548848412,0.217664019069337,47.8417582417583,-0.964835164835165,5.61681318681319,46.910502283105,-0.895114155251142,5.66648401826484,0.93125595865321,0.0856049687489809,4.33644889386667,15
669432,CH,2026,"Rogers, Trevor",offspeed,221,0.714427526696833,0.235294117647059,1.4227034403505,0.189714089428617,21.8262443438914,2.09850678733032,5.68203619909503,22.3042328042328,2.11166089965398,5.80115916955017,0.477988460341404,0.119847039016745,3.03631698846154,52
669711,SL,2025,"Weissert, Greg",breaking,71,0.714102537802817,0.28169014084507,4.46171260692994,0.329679075910101,15.2704225352113,-2.34788732394366,4.86802816901408,19.7214723926381,-2.1748623853211,5.12902140672783,4.45104985742678,0.313137508959955,2.5350640092,20
685299,CH,2026,"Gordon, Tanner",offspeed,111,0.713681834630631,0.216216216216216,1.70213629471055,0.151596801782903,44.2936936936937,-2.78288288288288,6.26225225225225,44.3589108910891,-2.72628712871287,6.32222772277228,0.0652171973954268,0.0824629398831439,3.30077848516667,24
657277,ST,2026,"Webb, Logan",breaking,105,0.71319704792381,0.2,4.21146162586511,0.305756172129153,19.092380952381,-1.99066666666667,4.81352380952381,23.2822125813449,-1.76238095238095,4.98324675324676,4.18983162896396,0.284464839607502,3.56598523961905,21
650644,CU,2025,"Civale, Aaron",breaking,141,0.712098934212766,0.25531914893617,6.31870259317067,0.353608761138251,47.8326241134752,-0.610283687943262,6.42106382978723,41.6150579150579,-0.763185328185329,6.2488416988417,6.21756619841724,0.230302787599574,2.789054159,36
669211,CH,2025,"Akin, Keegan",offspeed,114,0.710688155789474,0.245614035087719,3.98149024246008,0.26102770058892,36.6754385964912,1.90043859649123,5.74780701754386,40.3898876404494,1.80932584269663,5.95011235955057,3.71444904395821,0.221876058439136,2.89351606285714,28
663556,SL,2026,"McClanahan, Shane",breaking,164,0.710071391219512,0.274390243902439,3.62698052561924,0.372468759245613,37.0609756097561,0.939329268292683,6.07195121951219,40.5158914728683,0.644264150943396,6.2731320754717,3.45491586311214,0.357123452437595,2.58781573688889,45
668964,SL,2024,"Myers, Tobias",breaking,235,0.709654182961702,0.242553191489362,1.69449969966176,0.129966355538085,61.5527659574468,-0.965489361702128,5.91212765957447,60.2387815750371,-0.967578008915306,5.88824665676077,1.31398438240974,0.0239721659966097,2.92576724554386,57
458677,SL,2025,"Wilson, Justin",breaking,142,0.70774490115493,0.330985915492958,1.86020529959417,0.163171378437048,51.6457746478873,1.22056338028169,6.35612676056338,51.5877118644068,1.17042372881356,6.38902542372881,0.0580627834805014,0.0599692144972555,2.13829310561702,47
672456,KC,2025,"Montero, Keider",breaking,114,0.706991509578947,0.166666666666667,5.46593078440782,0.300084673255108,46.0929824561404,-2.14140350877193,5.88166666666667,40.6270516717325,-2.31501519756839,5.78942249240122,5.46593078440782,0.196596048212252,4.24194905747368,19
681869,CH,2025,"Dubin, Shawn",offspeed,40,0.7058240334,0.15,2.91999999999999,0.16102397296136,33.625,-1.91325,5.67925,36.0076923076923,-1.86811965811966,5.7765811965812,2.38269230769231,0.107285178781437,4.705493556,6
668674,CH,2025,"Erceg, Lucas",offspeed,76,0.703917884684211,0.236842105263158,2.64876644736841,0.220622602416933,39.8934210526316,-1.96684210526316,5.92039473684211,42.054296875,-1.8253515625,5.9967578125,2.1608758223684,0.160782129029771,2.97209773533333,18
671212,FS,2025,"Boyle, Joe",offspeed,56,0.703635597357143,0.25,1.76836734693877,0.193129665258804,31.8892857142857,-1.20928571428571,5.81178571428571,31.7714285714286,-1.24010582010582,5.81486772486773,0.117857142857162,0.0309738230121848,2.81454238942857,14
680689,CH,2023,"Richardson, Lyon",offspeed,48,0.70331412375,0.1875,3.99680365296804,0.287411578906898,27.6708333333333,-2.626875,5.45854166666667,31.5630136986301,-2.42958904109589,5.63534246575343,3.89218036529681,0.264915594366263,3.75100866,9
680735,SL,2025,"Cox, Austin",breaking,59,0.702506382915254,0.186440677966102,3.03738783649054,0.246820710423091,50.5949152542373,1.5535593220339,6.30033898305085,53.2235294117647,1.33211764705882,6.35411764705882,2.62861415752742,0.227878388879352,3.76798878109091,11
518876,CH,2023,"Kelly, Merrill",offspeed,165,0.701344258715152,0.278787878787879,2.77946348733233,0.135544778232803,27.72,-1.74593939393939,5.56715151515151,25.0081967213115,-1.77724043715847,5.47677595628415,2.71180327868853,0.095642547787008,2.51569136278261,46
579328,SL,2026,"Kikuchi, Yusei",breaking,60,0.7009176768,0.25,2.80912979351033,0.151407543934227,47.495,2.10133333333333,5.7035,45.758407079646,2.12279661016949,5.69254237288135,1.736592920354,0.0240985859464188,2.8036707072,15
686218,CH,2026,"Sheehan, Emmet",offspeed,135,0.700081145896296,0.207407407407407,2.23687360713149,0.215886688686058,32.0851851851852,-1.23725925925926,5.47474074074074,33.7816618911175,-1.15613180515759,5.48779369627507,1.6964767059323,0.0821708187691889,3.37539123914286,28
548389,CH,2024,"Stripling, Ross",offspeed,136,0.699978145176471,0.213235294117647,1.66626838235294,0.13682210310545,59.7676470588235,-1.25683823529412,6.84227941176471,59.8460227272727,-1.19767045454545,6.79573863636364,0.0783756684491905,0.0752786161778663,3.28265612910345,29
471911,CH,2024,"Carrasco, Carlos",offspeed,189,0.699182365756614,0.248677248677249,3.41076007326005,0.207936972400026,34.1248677248677,-1.36809523809524,5.86952380952381,37.1086538461538,-1.21419871794872,5.94439102564103,2.98378612128608,0.171140991472966,2.81160568357447,47
669212,CH,2026,"Morgan, Eli",offspeed,57,0.698674532070176,0.175438596491228,3.92909632571996,0.273717465317305,47.719298245614,-0.627894736842105,5.80333333333334,51.0867924528302,-0.404150943396226,5.87716981132076,3.36749420721615,0.235612203816226,3.9824448328,10
621121,ST,2026,"McCullers Jr., Lance",breaking,49,0.698312535673469,0.244897959183673,3.32169642857143,0.264216870053521,28.5632653061225,-1.47040816326531,5.23938775510204,31.711875,-1.31823170731707,5.39396341463415,3.14860969387755,0.216913135297864,2.851442854,12
573186,SV,2025,"Stroman, Marcus",breaking,50,0.69803628192,0.2,2.82976237623762,0.192514607754029,32.546,-1.1314,5.177,33.0985148514852,-1.00648514851485,5.28207920792079,0.552514851485157,0.163234065252375,3.4901814096,10
656629,SL,2023,"Kopech, Michael",breaking,111,0.697276050342342,0.279279279279279,2.27198933627505,0.190703113319988,38.5486486486487,-2.64063063063063,5.6072972972973,39.2193877551021,-2.54576530612245,5.61857142857143,0.670739106453397,0.0955329044362662,2.49669811574194,31
606996,ST,2025,"Hart, Kyle",breaking,90,0.696903630488889,0.277777777777778,1.90698131760078,0.310144126351376,33.1444444444444,2.91055555555556,5.51533333333334,34.5725663716814,2.61734513274336,5.53619469026548,1.42812192723697,0.293951608702446,2.50885306976,25
663978,CH,2025,"Paddack, Chris",offspeed,325,0.696796908664616,0.24,8.11896575927153,0.479263773477849,41.2424615384616,-2.31489230769231,5.91104615384615,49.3543773119605,-1.91758241758242,6.15162393162394,8.11191577349897,0.464470468318094,2.90332045276923,78
571945,CU,2024,"Mikolas, Miles",breaking,112,0.696718701107143,0.214285714285714,8.33655928873666,0.444865808469428,49.6955357142857,-2.45901785714286,6.59258928571429,41.3891396332863,-2.69148095909732,6.38588152327222,8.30639608099939,0.311074256125603,3.2513539385,24
663969,CU,2024,"Phillips, Tyler",breaking,44,0.696600039818182,0.204545454545455,9.21363636363635,0.337569658031749,37.3136363636364,-1.16931818181818,6.11681818181818,28.1,-1.29954248366013,5.87254901960785,9.21363636363634,0.276813641999746,3.40560019466667,9
656288,KC,2023,"Canning, Griffin",breaking,58,0.696477582,0.224137931034483,2.60969992103185,0.227372024223858,46.9534482758621,-1.115,5.79568965517241,45.3557251908397,-0.935454545454546,5.73568181818182,1.59772308502238,0.189307978564622,3.10736151969231,13
621366,ST,2023,"Borucki, Ryan",breaking,40,0.6946427929,0.275,1.99367647058823,0.152862297762796,30.2175,1.8385,5.6785,28.7647058823529,1.78588235294118,5.68294117647059,1.45279411764705,0.052804742499607,2.52597379236364,11
686752,SL,2024,"Pepiot, Ryan",breaking,195,0.693409139302564,0.292307692307692,4.23871698476966,0.381675534871631,39.3266666666667,-1.33594871794872,5.86353846153847,43.2385338345865,-1.0165037593985,5.95691729323309,3.91186716791984,0.332813292630878,2.37218916077193,57
669923,KC,2026,"Kirby, George",breaking,81,0.69221933762963,0.234567901234568,2.22971477224349,0.107949890418607,35.6086419753086,-1.55358024691358,5.7662962962963,33.5475095785441,-1.54309751434034,5.77017208413002,2.06113239676456,0.011176288003357,2.95104033410526,19
676106,CH,2024,"Hancock, Emerson",offspeed,116,0.692092160068966,0.232758620689655,2.6523474801061,0.195018415892402,26.4663793103448,-1.80741379310345,5.49336206896551,27.5390769230769,-1.73855828220859,5.58564417177915,1.07269761273211,0.115139341149312,2.973432984,27
641816,SL,2025,"Mahle, Tyler",breaking,60,0.6911473024,0.2,2.86234024179621,0.372337805863775,40.775,-1.90633333333333,5.63316666666667,42.3075129533679,-1.79113989637306,5.6328756476684,1.53251295336788,0.115193804567687,3.455736512,12
543475,CU,2023,"Lyles, Jordan",breaking,45,0.690954019822222,0.155555555555556,2.98906926406928,0.322675627507835,46.62,-1.59466666666667,6.01911111111111,43.9094155844156,-1.66948051948052,5.9375,2.71058441558446,0.11071353137554,4.44184727028572,7
605288,SL,2024,"Houser, Adrian",breaking,86,0.690782642325582,0.209302325581395,1.89017461977952,0.178658279315644,40.0348837209302,-1.44476744186047,5.82558139534884,40.2096885813149,-1.36908783783784,5.88476351351352,0.174804860384668,0.096072501661402,3.30040595777778,18
615698,CU,2024,"Quantrill, Cal",breaking,136,0.690665939588235,0.272058823529412,4.03668956633745,0.239872666615213,49.9213235294118,-1.28323529411765,6.45573529411765,46.1078467153285,-1.39551483420593,6.32659685863874,3.81347681408325,0.171124021225473,2.53866399416216,37
677976,CH,2026,"Dobnak, Randy",offspeed,55,0.690631684145454,0.272727272727273,2.11237997957099,0.182745078437816,19.2654545454546,-2.06981818181818,5.34509090909091,20.7606741573034,-1.96674157303371,5.46471910112359,1.49521961184882,0.157910391068846,2.5323161752,15
663372,SL,2025,"Feltner, Ryan",breaking,42,0.689848002666667,0.30952380952381,1.92413127413128,0.159208634975731,40.5166666666667,-1.49476190476191,5.51809523809524,40.1144144144144,-1.42936936936937,5.54288288288288,0.402252252252268,0.0699329036947727,2.22873970092308,13
621244,CH,2024,"Berríos, José",offspeed,242,0.689619080297521,0.247933884297521,2.92198439319017,0.253086469887612,37.7355371900826,-2.02442148760331,5.47925619834711,40.5069735006974,-1.91130737134909,5.66146036161334,2.77143631061472,0.214460160420344,2.78146362386667,60
471911,CH,2026,"Carrasco, Carlos",offspeed,41,0.689584906829268,0.195121951219512,2.30586093920641,0.146939779754421,32.4121951219512,-2.30926829268293,5.72,34.410447761194,-2.21507462686567,5.76134328358209,1.99825263924281,0.102867457329526,3.5341226475,8
642028,ST,2024,"Rogers, Josh",breaking,40,0.6895248037,0.25,3.67785714285714,0.276878497145807,33.76,2.78375,5.82675,37.2714285714286,2.58535714285714,5.99642857142857,3.51142857142856,0.261056590354175,2.7580992148,10
663978,CU,2026,"Paddack, Chris",breaking,41,0.689249068682927,0.219512195121951,1.27172369858026,0.127137050598592,49.4512195121951,-2.10146341463415,6.18585365853659,48.3466417910448,-2.06167910447761,6.1690671641791,1.10457772115034,0.0431807564482769,3.139912424,9
656288,CH,2024,"Canning, Griffin",offspeed,425,0.688932874371765,0.270588235294118,7.19297258225326,0.32960545611344,40.5237647058823,-1.68112941176471,5.7968705882353,47.7167372881356,-1.43065677966102,5.93845338983052,7.19297258225328,0.287719010738779,2.54605627485218,115
669211,SL,2026,"Akin, Keegan",breaking,58,0.688226996896552,0.189655172413793,4.36465517241379,0.285745314815178,36.9103448275862,2.03879310344828,5.84948275862069,41.131,1.8512,5.9424,4.22065517241379,0.209343703528186,3.62883325636364,11
694973,FS,2024,"Skenes, Paul",offspeed,334,0.686918825185629,0.284431137724551,2.63868862275449,0.308625631134532,22.2026946107784,-2.27847305389222,5.64197604790419,24.4145,-2.28785,5.695075,2.21180538922157,0.0539205511097755,2.41506197486316,95
571927,CU,2025,"Matz, Steven",breaking,105,0.686762941942857,0.247619047619048,6.16387125220461,0.1734189522655,39.5104761904762,1.76685714285714,5.72619047619048,33.3466049382716,1.84925925925926,5.71333333333333,6.16387125220462,0.0833991301513211,2.77346572707692,26
453286,CU,2025,"Scherzer, Max",breaking,70,0.686668183828571,0.214285714285714,3.38663265306124,0.158898848004678,37.0585714285714,-2.89671428571429,5.711,33.6946428571429,-2.95776785714286,5.67550595238096,3.36392857142858,0.0706212857470494,3.20445152453333,15
696149,CH,2026,"Chandler, Bubba",offspeed,137,0.686078193459854,0.240875912408759,9.24885139191709,0.498476799520873,37.978102189781,-1.4063503649635,5.52357664233577,47.1930735930736,-1.01478354978355,5.77450216450216,9.21497140329257,0.465067939579422,2.84826401527273,33
607625,CU,2025,"Lugo, Seth",breaking,187,0.684650111550802,0.240641711229947,2.44555337161933,0.219049977337882,33.1074866310161,-1.44844919786096,5.62090909090909,32.3716632443531,-1.36205338809035,5.59324435318275,0.735823386662908,0.0907169976321251,2.84510157466667,45
657053,FS,2024,"Toussaint, Touki",offspeed,90,0.6845616256,0.233333333333333,3.30020202020202,0.238524457698763,31.0911111111111,-1.94966666666667,5.51455555555555,28.0545454545455,-2.12818181818182,5.42563636363636,3.03656565656566,0.199434906704015,2.93383553828571,21
700241,CH,2025,"McGreevy, Michael",offspeed,76,0.683485335947368,0.289473684210526,1.64842375862536,0.139862783351566,34.3473684210526,-2.32671052631579,5.7978947368421,33.4933161953728,-2.31403598971722,5.79221079691517,0.85405222567988,0.013890682167608,2.36113116054545,22
641778,CU,2026,"Lauer, Eric",breaking,61,0.683097364721311,0.180327868852459,2.24325399547294,0.192602247124492,39.1377049180328,1.69114754098361,6.23049180327869,37.5213389121339,1.65794979079498,6.06864016736401,1.61636600589891,0.165221193149799,3.78808538618182,11
645261,CH,2025,"Alcantara, Sandy",offspeed,356,0.683078194516854,0.258426966292135,1.84027451326712,0.173421923767507,32.4553370786517,-1.73747191011236,5.93957865168539,31.315961305925,-1.69419588875453,5.95833131801693,1.13937577272667,0.0471643564474808,2.64321562226087,92
593423,SL,2025,"Montas, Frankie",breaking,45,0.682425247288889,0.222222222222222,1.68402061855669,0.118413546458762,47.5466666666667,-0.739333333333333,6.054,46.7860824742268,-0.69798969072165,6.07391752577319,0.76058419243985,0.0458912259296743,3.0709136128,10
642232,CH,2024,"Yarbrough, Ryan",offspeed,127,0.681588459181102,0.21259842519685,2.96562947387259,0.216771644095728,12.4992125984252,3.19629921259843,4.95015748031496,15.0622159090909,3.169,5.12741666666667,2.56300331066572,0.179349006561409,3.20599015985185,27
669947,SL,2023,"Scholtens, Jesse",breaking,137,0.679499076613139,0.197080291970803,2.79692161218661,0.238518385756047,49.1678832116788,-1.07270072992701,6.02737226277372,51.7608695652174,-0.941250000000001,6.14809782608696,2.59298635353856,0.178476766094751,3.447828648,27
684320,FS,2024,"Rodríguez, Yariel",offspeed,63,0.679002959619048,0.19047619047619,7.81255075673677,0.3850214316504,45.1873015873016,-1.53412698412698,5.93634920634921,37.3747508305648,-1.79491694352159,5.71255813953489,7.81255075673677,0.343647849559592,3.564765538,12
676684,CH,2024,"Vest, Will",offspeed,47,0.678495284,0.276595744680851,3.97422258592472,0.251944971868757,44.0404255319149,-2.44297872340426,5.47170212765958,47.4653846153846,-2.32986449864499,5.59943089430894,3.42495908346973,0.170614963214421,2.45302141138462,13
687064,CU,2025,"Young, Brandon",breaking,60,0.678329124666667,0.183333333333333,2.24065808297567,0.251327671198849,51.4666666666667,-0.72,6.09983333333333,49.6536480686696,-0.686437768240343,6.01412017167382,1.81301859799713,0.0920498206535981,3.69997704363636,11
671737,CU,2023,"Bradley, Taj",breaking,54,0.677952657555556,0.148148148148148,5.09755616272012,0.20916522750736,60.3333333333334,-1.24259259259259,6.19074074074074,55.3266393442623,-1.41147540983607,6.11299180327868,5.00669398907109,0.185920152852163,4.5761804385,8
621389,CU,2024,"Blach, Ty",breaking,49,0.67788941877551,0.142857142857143,3.42101178499569,0.241212931628855,23.2551020408163,3.22877551020408,5.77020408163265,21.1228169014085,3.03135211267606,5.73597183098592,2.13228513940787,0.200369271286416,4.74522593142857,7
607625,CH,2024,"Lugo, Seth",offspeed,96,0.677791709416667,0.28125,2.72675024224806,0.15848564587301,31.3354166666667,-1.32427083333333,5.459375,32.4049418604651,-1.26088662790698,5.46462209302326,1.06952519379845,0.0636010179378065,2.40992607792593,27
608344,CH,2024,"Irvin, Cole",offspeed,130,0.677286625938462,0.215384615384615,2.91268191268193,0.233246288606343,39.1123076923077,1.16738461538462,6.02776923076923,41.5006237006237,1.0562577962578,6.1529313929314,2.38831600831605,0.16737603402624,3.144545049,28
680739,CH,2023,"Winder, Josh",offspeed,64,0.676927011375,0.234375,1.80915492957746,0.13455942028988,45.36875,-1.25765625,5.95234375,45.9732394366197,-1.23788732394366,5.99267605633803,0.604489436619694,0.044916649162257,2.8882219152,15
669330,CH,2025,"Wells, Tyler",offspeed,49,0.676350233142857,0.204081632653061,1.64244897959183,0.115249148539261,48.0061224489796,-1.22551020408163,7.00367346938776,48.78,-1.16515789473684,7.01684210526316,0.773877551020377,0.0617722770672105,3.3141161424,10
544150,CH,2026,"Suárez, Albert",offspeed,60,0.675421819,0.216666666666667,9.88517730496456,0.541547125514296,34.1833333333333,-1.68233333333333,6.00633333333334,44.0685106382979,-1.30165957446809,6.38182978723405,9.88517730496458,0.534705617681922,3.11733147230769,13
676272,SL,2023,"Miller, Bobby",breaking,71,0.675107748507042,0.23943661971831,3.36096937496867,0.284209165220469,49.0056338028169,-1.34816901408451,5.95774647887324,45.9277580071175,-1.42555160142349,5.9935231316726,3.07787579569946,0.0852527636431845,2.81956765552941,17
607259,CU,2025,"Martinez, Nick",breaking,72,0.674795881833333,0.152777777777778,5.57697132616487,0.23000157084486,61.8361111111112,-1.38291666666667,6.1675,56.2591397849463,-1.59201342281879,6.15130201342282,5.5769713261649,0.209723218081584,4.416845772,11
676604,ST,2026,"Zuber, Tyler",breaking,44,0.674262306272727,0.204545454545455,8.46067193675889,0.448833146756434,24.6045454545455,-2.62454545454546,4.79659090909091,32.5913043478261,-2.33057971014493,5.05246376811594,7.98675889328063,0.38972654370289,3.29639349733333,9
681517,CH,2025,"Leahy, Kyle",offspeed,64,0.6740180535,0.171875,4.37030523255814,0.203142474174955,41.896875,-2.1690625,5.6415625,45.9288372093023,-2.09097674418605,5.78776744186046,4.03196220930232,0.16575062680261,3.921559584,11
669387,CU,2025,"Mlodzinski, Carmen",breaking,54,0.670870566296296,0.259259259259259,7.61870727476787,0.78813351176668,37.7796296296296,-1.73740740740741,5.52592592592593,30.3286501377411,-2.43644628099173,5.25873278236914,7.45097949188856,0.748363229151325,2.58764361285714,14
570632,CH,2025,"Ureña, José",offspeed,109,0.670742359376147,0.211009174311927,2.55211629659176,0.352415329521503,29.9816513761468,-2.76577981651376,5.66183486238532,28.3748792270531,-2.60565217391304,5.65884057971015,1.60677214909365,0.160155635722263,3.17873552921739,23
672851,CU,2023,"Adon, Joan",breaking,86,0.67041388,0.232558139534884,4.08693446088796,0.165335813281237,38.3511627906977,-1.91023255813953,5.92976744186047,34.3463636363636,-1.94660633484163,5.85565610859729,4.00479915433404,0.0825562920050317,2.882779684,20
661527,CH,2024,"Martinez, Seth",offspeed,55,0.670228442472727,0.290909090909091,5.210956194065,0.262385024404512,16.4290909090909,-2.29145454545455,4.56945454545455,11.2181347150259,-2.37082051282051,4.42953846153846,5.210956194065,0.160858531991155,2.303910271,16
573124,ST,2026,"Rogers, Taylor",breaking,159,0.670032523698113,0.220125786163522,1.39383352987422,0.158536625272762,28.4817610062893,1.9340251572327,5.53157232704402,28.96640625,1.82615384615385,5.592,0.484645243710705,0.123643533647119,3.04386203622857,35
645261,CH,2026,"Alcantara, Sandy",offspeed,263,0.669762002205323,0.273764258555133,1.35983550496151,0.143127951441062,33.1912547528517,-1.95186311787072,5.89509505703422,33.4550304878049,-1.88844512195122,5.93702743902439,0.263775734953171,0.0760274086485613,2.44649175805556,72
689225,SL,2023,"Brieske, Beau",breaking,40,0.6690173889,0.2,3.22291899441337,0.341993126284031,46.6175,-1.51525,5.84375,49.6005586592178,-1.24536312849162,5.95581005586593,2.98305865921783,0.292226589367317,3.3450869445,8
670102,CU,2024,"Francis, Bowden",breaking,98,0.668861944163265,0.173469387755102,5.00451628927438,0.201054743202781,43.7755102040816,-2.03479591836735,5.98857142857143,38.7709939148073,-2.1482555780933,5.88965517241379,5.00451628927437,0.150524151276045,3.855792384,17
681347,SL,2025,"Burrows, Mike",breaking,128,0.6679225700625,0.21875,3.10910828927493,0.51110307962757,46.11953125,-1.519609375,6.06078125,47.3253776435045,-1.42619335347432,6.09552870090634,1.20584639350454,0.099669144785008,3.05336032028572,28
676083,ST,2025,"Junk, Janson",breaking,130,0.667826075815385,0.184615384615385,7.97263838964773,0.532537694869754,47.7753846153846,-0.832923076923076,5.57669230769231,55.7320872274143,-0.411464174454829,5.88068535825545,7.95670261202971,0.519653135524484,3.617391244,24
571948,ST,2024,"Milner, Hoby",breaking,116,0.667703271034483,0.232758620689655,1.65787586206896,0.158610497421216,-1.73965517241379,4.12293103448276,4.32258620689655,-2.1392,4.15696,4.33316,0.399544827586208,0.0356339107419883,2.86865109037037,27
676979,CH,2024,"Crochet, Garrett",offspeed,54,0.666772551851852,0.314814814814815,3.28513884433039,0.314007089983917,34.1777777777778,2.4237037037037,5.89833333333333,37.279114533205,2.55847036328872,6.10241873804972,3.10133675542726,0.244566769929917,2.1179834,17
621121,CH,2025,"McCullers Jr., Lance",offspeed,78,0.666486417538462,0.192307692307692,2.44403453689168,0.187102217228926,24.9705128205128,-1.81525641025641,5.19615384615385,25.630612244898,-1.76965986394558,5.13414965986395,0.660099424385134,0.0769646941977181,3.4657293712,15
448179,CU,2023,"Hill, Rich",breaking,111,0.666085419351351,0.162162162162162,4.36257081824092,0.250533138435958,37.3837837837838,1.64927927927928,5.58,38.9855670103093,1.59010101010101,5.68015151515152,1.60178322652552,0.116328816421725,4.10752675266667,18
641755,SL,2023,"Kinley, Tyler",breaking,88,0.665618374,0.284090909090909,2.3881993006993,0.173787683624913,45.5761363636364,-0.946704545454546,6.46181818181818,46.4923076923077,-0.842692307692308,6.52326923076923,0.916171328671339,0.120808844963821,2.34297667648,25
669084,SL,2025,"Hall, DL",breaking,52,0.665229767307692,0.173076923076923,3.11945373467113,0.186783185314002,44.85,2.6175,5.48153846153846,41.968115942029,2.67666666666667,5.45724637681159,2.88188405797104,0.0639593607286824,3.84354976666667,9
668678,CH,2023,"Gallen, Zac",offspeed,107,0.664894732224299,0.327102803738318,7.70497303628508,0.33538893507506,36.9056074766355,-2.93869158878505,5.73289719626168,44.3791122715404,-2.70847328244275,5.95315521628499,7.47350479490492,0.318612717824801,2.03267818137143,35
813349,SL,2026,"Early, Connelly",breaking,56,0.664594976428571,0.285714285714286,4.56303088803088,0.26997838383788,27.2821428571429,2.78053571428572,5.33625,31.5745945945946,2.56056756756757,5.45981081081081,4.29245173745173,0.252295976065495,2.3260824175,16
592836,FS,2026,"Walker, Taijuan",offspeed,57,0.664492991368421,0.175438596491228,1.77475877192982,0.173669206034653,42.780701754386,-1.84964912280702,6.48,42.86625,-1.745375,6.56475,0.0855482456140138,0.134371333204569,3.7876100508,10
663567,CH,2023,"Lambert, Peter",offspeed,69,0.66411442915942,0.289855072463768,1.62397415749957,0.194868480249835,49.1608695652174,-1.85231884057971,5.85333333333333,49.3349397590362,-1.72475903614458,5.92644578313253,0.174070193818771,0.14702698399671,2.2911947806,20
663941,SL,2025,"Beck, Tristan",breaking,79,0.663122967291139,0.20253164556962,3.00436375749501,0.219820654577211,43.1518987341772,-2.46898734177215,6.0040506329114,40.9552631578947,-2.52657894736842,6.00333333333334,2.1966355762825,0.0575960723820735,3.274169651,16
668674,CH,2026,"Erceg, Lucas",offspeed,47,0.662402043319149,0.191489361702128,2.81884173398567,0.197786574854558,40.863829787234,-1.85659574468085,5.92297872340426,43.4310160427808,-1.70989528795812,5.9782722513089,2.56718625554672,0.156774992364219,3.45921067066667,9
434378,CU,2023,"Verlander, Justin",breaking,118,0.661463201016949,0.228813559322034,4.90267142734236,0.271067135313328,53.2296610169492,-1.53508474576271,6.97262711864407,58.0020304568528,-1.29862944162436,7.04276649746193,4.77236943990366,0.246638689819977,2.89083917481482,27
677865,ST,2026,"Bruihl, Justin",breaking,144,0.660322471916667,0.215277777777778,2.34522058823529,0.151215576673473,27.2444444444445,3.53027777777778,4.82333333333333,25.4485294117647,3.44549019607843,4.8871568627451,1.79591503267973,0.106124346485609,3.06730438567742,31
665795,CH,2025,"Cabrera, Edward",offspeed,288,0.659899932597222,0.267361111111111,3.82009836137398,0.255244848260794,36.8461805555555,-1.23173611111111,6.05486111111112,33.2952681388013,-1.32996845425867,5.98406940063092,3.55091241675426,0.121082862176994,2.46819715049351,77
660896,SL,2025,"Alcala, Jorge",breaking,75,0.65927824704,0.186666666666667,3.44586138613865,0.48656245086544,48.7733333333333,-2.08226666666667,6.58506666666666,51.0897689768978,-1.98181518151815,6.63775577557756,2.31643564356444,0.113431226152087,3.531847752,14
669923,KC,2024,"Kirby, George",breaking,113,0.658922343823009,0.247787610619469,1.72425386535045,0.194249769434016,37.9522123893805,-1.81238938053097,5.84451327433628,37.0606659729448,-1.73518210197711,5.90966701352758,0.891546416435737,0.101024618743656,2.65922231614286,28
595881,FS,2024,"Beede, Tyler",offspeed,46,0.658831302521739,0.260869565217391,1.60826086956522,0.207011199341916,31.4847826086956,-1.95,5.30152173913043,30.8371428571429,-1.85085714285714,5.41885714285714,0.647639751552788,0.153612835043687,2.525519993,12
663372,SL,2026,"Feltner, Ryan",breaking,132,0.657779645060606,0.295454545454545,3.29059399302761,0.199186208351047,44.075,-1.67325757575758,5.51484848484849,41.6079646017699,-1.62787610619469,5.51477876106195,2.46703539823006,0.0453815231244342,2.22633110635897,39
657746,FS,2026,"Ryan, Joe",offspeed,118,0.657342369966102,0.220338983050847,1.98560570590255,0.192282549578744,23.5228813559322,-2.61101694915254,4.77440677966102,22.9007366482505,-2.56022099447514,4.67935543278086,0.622144707681745,0.107772851661824,2.98332306369231,26
656605,CU,2025,"Keller, Mitch",breaking,61,0.65723821042623,0.295081967213115,7.03644950065949,0.25081989697052,44.3147540983607,-1.64672131147541,5.97196721311476,37.2783045977012,-1.81745689655172,5.81254310344828,7.03644950065949,0.233595134269317,2.22730726866667,18
694973,ST,2024,"Skenes, Paul",breaking,89,0.657012554876404,0.202247191011236,2.64908426966292,0.296823724093672,22.2539325842697,-2.24640449438202,5.60730337078652,24.4145,-2.28785,5.695075,2.16056741573032,0.0970648691892152,3.24856207688889,18
477132,SL,2025,"Kershaw, Clayton",breaking,395,0.65680602809114,0.255696202531646,1.74495479204339,0.150608686283506,54.6354430379747,1.7120253164557,6.04782278481012,53.8285714285715,1.69437788018433,5.98202764976959,0.806871609403288,0.0681207149254445,2.56869684253465,101
687849,SL,2025,"Kent, Zak",breaking,54,0.656481095777778,0.240740740740741,2.39404186795491,0.19151757248428,50.8870370370371,-1.00814814814815,6.18648148148148,51.5413043478261,-0.940652173913043,6.24673913043478,0.654267310789031,0.0904803337489716,2.72692147476923,13
667463,CH,2024,"King, John",offspeed,118,0.655942376033899,0.220338983050847,4.4142050040355,0.156514706193808,23.9983050847458,2.02601694915254,5.38398305084746,28.2424603174603,1.91764705882353,5.44356862745098,4.24415523271454,0.123670829499511,2.97696924507692,26
660825,ST,2025,"Bazardo, Eduard",breaking,244,0.655660151901639,0.200819672131148,2.611894703657,0.340927566179627,44.5364754098361,-2.15393442622951,5.88709016393443,43.5080769230769,-1.89173076923077,5.8051923076923,1.02839848675917,0.274696226039908,3.26491994008163,49
621111,KC,2026,"Buehler, Walker",breaking,83,0.655149233493976,0.253012048192771,4.62920320901743,0.25898958843664,49.9301204819277,-0.914216867469879,5.69289156626506,45.4152744630072,-1.084,5.59166666666666,4.51484601892054,0.197668389962702,2.58939935142857,21
641743,CH,2026,"Kay, Anthony",offspeed,122,0.653600947114754,0.237704918032787,6.78105646630236,0.481283200857338,30.7770491803279,2.5055737704918,5.52704918032787,37.5574074074074,2.17985185185185,5.85375925925926,6.78035822707955,0.461339618890298,2.74963157062069,29
663623,SL,2025,"Irvin, Jake",breaking,54,0.653572857111111,0.185185185185185,3.40263033734371,0.229234033437785,23.95,-2.35703703703704,5.55185185185185,26.6777070063694,-2.25271337579618,5.64405095541401,2.72770700636941,0.139226796962234,3.5292934284,10
606965,CH,2025,"Devenski, Chris",offspeed,45,0.653225877866667,0.2,2.1602962962963,0.296379964097949,39.4155555555556,-0.362,6.29088888888889,37.9088888888889,-0.613111111111111,6.28844444444444,1.50666666666666,0.251123008567711,3.26612938933333,9
676710,KC,2024,"Crawford, Kutter",breaking,59,0.652320213355932,0.169491525423729,4.06033574779371,0.136315848140578,51.3983050847458,-1.10576271186441,6.0606779661017,47.3770943796395,-1.18306468716861,6.03317073170732,4.02121070510628,0.0820502488110714,3.8486892588,10
672456,KC,2026,"Montero, Keider",breaking,109,0.651633130715596,0.192660550458716,5.99418186041111,0.213179516372836,48.0192660550459,-2.14577981651376,5.93660550458716,42.0405063291139,-2.24521518987342,5.8093670886076,5.97875972593196,0.161483770008514,3.38228624990476,21
664991,SL,2025,"Wolfram, Grant",breaking,63,0.651426270603175,0.301587301587302,1.8186565447435,0.172444441184178,42.3031746031746,2.15619047619048,6.18666666666667,41.3855072463768,2.14572463768116,6.22789855072463,0.917667356797786,0.0425394174698324,2.15999237094737,19
641745,SL,2026,"Keller, Brad",breaking,55,0.651284691127273,0.218181818181818,2.21639669421487,0.127227078643343,50.2854545454546,-1.31636363636364,6.35636363636364,48.2563636363637,-1.36271929824561,6.32122807017544,2.02909090909092,0.0581666175729793,2.98505483433333,12
519242,CH,2024,"Sale, Chris",offspeed,201,0.651176956656717,0.223880597014925,5.52297666596596,0.407183836915107,6.56716417910448,3.15965174129353,4.82985074626866,12.0901408450704,3.07469244288225,5.18070298769771,5.52297666596595,0.360992212800121,2.9085904064,45
664747,SL,2025,"Díaz, Alexis",breaking,74,0.650771954432432,0.283783783783784,4.50167020953538,0.256742170978055,20.2621621621622,-2.37256756756757,5.03202702702703,16.3842696629214,-2.33842696629214,4.86168539325843,3.87789249924081,0.173729251568075,2.29319641085714,21
666159,ST,2023,"Manning, Matt",breaking,121,0.649955390842975,0.231404958677686,3.42203305785125,0.324482663282425,41.6652892561984,-2.00388429752066,5.34801652892562,44.5526666666667,-1.79753333333333,5.37093333333333,2.88737741046831,0.207619604915579,2.80873579614286,28
642545,SL,2023,"Barria, Jaime",breaking,133,0.648118633984962,0.195488721804511,4.98902980342424,0.30608677414322,53.1714285714286,-1.95518796992481,6.44571428571429,58.032530120482,-1.73506024096386,6.54361445783133,4.86110154905338,0.24091629408999,3.31537608923077,26
548389,CH,2023,"Stripling, Ross",offspeed,115,0.647403703339131,0.28695652173913,1.7334423014057,0.173903671664091,64.0269565217391,-1.044,6.932,64.3255639097745,-0.934511278195489,6.87533834586466,0.298607388035322,0.123281479759686,2.25610381466667,33
543243,CH,2025,"Gray, Sonny",offspeed,86,0.647082458651163,0.232558139534884,4.4358881128951,0.305732528207686,42.5930232558139,-1.00453488372093,5.37441860465116,46.9791021671827,-0.817291021671826,5.55577399380805,4.38607891136871,0.260672286695979,2.7824545722,20
682052,CH,2026,"Lopez, Jacob",offspeed,54,0.645124233407407,0.222222222222222,8.5615415109299,0.348277011903148,13.55,3.54574074074074,4.95055555555556,22.077370030581,3.41669724770642,5.22697247706422,8.52737003058105,0.305054974702632,2.90305905033333,12
680742,CH,2026,"Bowlan, Jonathan",offspeed,47,0.645115709361702,0.297872340425532,2.00233673594883,0.300009992571738,40.4191489361702,-2.68191489361702,6.09276595744681,42.2976878612717,-2.48254335260116,6.27959537572255,1.87853892510145,0.273229286315159,2.16574559571429,14
434378,SL,2024,"Verlander, Justin",breaking,160,0.64489490805,0.2,3.62654639175258,0.25361340214879,53.7125,-1.60025,7.07375,56.6608247422681,-1.41930412371134,7.12038659793815,2.94832474226807,0.186859258301846,3.22447454025,32
661563,CH,2024,"Gil, Luis",offspeed,263,0.644204261429658,0.231939163498099,11.6583036809607,0.563644453293957,27.6254752851711,-2.98349809885932,5.33220532319391,39.2837789661319,-2.77650623885918,5.82463458110517,11.6583036809608,0.534164959683195,2.77747083206557,61
681892,ST,2026,"Funderburk, Kody",breaking,46,0.643908296869565,0.173913043478261,2.72082458770615,0.179502422782386,30.8239130434783,2.47434782608696,5.63630434782609,33.168275862069,2.39151724137931,5.75386206896552,2.3443628185907,0.143807939845148,3.702472707,8
668678,CH,2024,"Gallen, Zac",offspeed,182,0.643537968065934,0.252747252747253,7.40544240242514,0.312636343066496,35.810989010989,-2.97043956043956,5.77549450549451,43.2088362068965,-2.76450431034483,5.90890086206897,7.39784719590752,0.245370298133357,2.5461719606087,46
676263,SL,2026,"Dreyer, Jack",breaking,130,0.643420514492308,0.276923076923077,3.68483737738774,0.606244255601746,56.2207692307693,1.99707692307692,6.0066923076923,59.6597315436242,1.5994,5.98213333333333,3.43896231285495,0.398434534609505,2.323462969,36
656605,SL,2026,"Keller, Mitch",breaking,88,0.643014777590909,0.193181818181818,2.23397495361782,0.203996711799921,37.1011363636364,-2.06090909090909,5.73897727272727,35.0469387755102,-2.02571428571429,5.68757142857143,2.05419758812619,0.0622995595977632,3.328547084,17
665795,CH,2023,"Cabrera, Edward",offspeed,91,0.64297326632967,0.318681318681319,4.80779573367808,0.205412305766644,45.1901098901099,-1.38989010989011,6.19142857142857,40.3976470588235,-1.49352941176471,6.14011764705882,4.79246283128637,0.115645647789841,2.01760576675862,29
695611,SL,2026,"Jump, Gage",breaking,117,0.64285953165812,0.256410256410256,2.41382082937639,0.184258406236988,44.417094017094,2.01111111111111,5.59179487179487,42.1681481481481,1.95807407407408,5.55385185185185,2.24894586894587,0.0652119625533887,2.50715217346667,30
666171,SL,2025,"Zeferjahn, Ryan",breaking,75,0.642801737013333,0.28,5.29672580645161,0.391774393529019,41.04,-1.85733333333333,6.0512,37.4076612903226,-1.8575,5.8883064516129,3.63233870967744,0.16289363365067,2.29572048933333,21
669194,CH,2024,"Nelson, Ryne",offspeed,119,0.642594302352941,0.176470588235294,6.33593472438283,0.394581664631559,42.1478991596639,-1.82411764705882,5.91243697478991,48.4728368017527,-1.52778751369113,6.08703176341731,6.32493764208881,0.343940239224143,3.64136771333333,21
571927,SL,2026,"Matz, Steven",breaking,49,0.642042099918367,0.183673469387755,2.67073170731708,0.237175993079584,34.6857142857143,2.17469387755102,5.70775510204082,33.4365853658537,2.05827751196172,5.75947368421053,1.24912891986064,0.127387526542695,3.495562544,9
656849,CU,2023,"Peterson, David",breaking,40,0.6403882126,0.3,6.65684782608697,0.233946890578888,47.3625,2.17025,6.2905,40.705652173913,2.23495652173913,6.12047826086956,6.65684782608695,0.181918459020834,2.13462737533333,12
682990,CU,2023,"Priester, Quinn",breaking,45,0.638642955466667,0.266666666666667,5.47590173087661,0.226046572549706,52.1155555555555,-0.923111111111111,6.20466666666667,46.7763819095477,-1.01495,6.03265,5.3391736460078,0.194997731072585,2.394911083,12
596295,KC,2025,"Gomber, Austin",breaking,115,0.638633831269565,0.139130434782609,3.16863020102853,0.150889721204513,56.0573913043478,2.01130434782609,6.62773913043478,53.3365591397849,2.04483870967742,6.66408602150537,2.72083216456289,0.0494535126687025,4.59018066225,16
681869,CH,2024,"Dubin, Shawn",offspeed,51,0.636903247843137,0.294117647058824,3.36404267589388,0.136543834856369,37.3392156862745,-2.00490196078431,5.70470588235294,40.396568627451,-1.98455882352941,5.7981862745098,3.05735294117645,0.0956683173844525,2.16547104266667,15
621121,ST,2025,"McCullers Jr., Lance",breaking,148,0.635874865108108,0.236486486486487,3.92031163816878,0.303918741196044,22.2141891891892,-1.94554054054054,4.97297297297297,25.630612244898,-1.76965986394558,5.13414965986395,3.41642305570877,0.238562228352799,2.68884228674286,35
543294,CU,2024,"Hendricks, Kyle",breaking,88,0.635323327545454,0.227272727272727,1.55312500000001,0.17520299983557,43.3727272727273,-2.63886363636364,5.99829545454545,42.4125,-2.64333333333333,5.94587962962963,0.960227272727295,0.05260605376387,2.7954226412,20
682052,CH,2025,"Lopez, Jacob",offspeed,100,0.63524148132,0.3,7.6895,0.335251538572984,15.837,3.7628,5.0173,23.0958333333333,3.70807291666666,5.29481770833333,7.25883333333334,0.282862390728705,2.1174716044,30
681867,CH,2025,"Criswell, Cooper",offspeed,51,0.635154426352941,0.196078431372549,2.44995737425405,0.175300156972284,7.47254901960785,-2.09078431372549,4.70313725490196,9.81884057971014,-2.02594202898551,4.81768115942029,2.3462915601023,0.131623812255246,3.2392875744,10
664285,CH,2025,"Valdez, Framber",offspeed,254,0.634476817937008,0.271653543307087,3.14716575267888,0.268359056018372,41.0708661417323,0.77255905511811,5.94094488188976,42.1811129848229,0.659207419898819,6.04418212478921,1.11024684309061,0.1533183665722,2.33561031530435,69
641154,CH,2024,"López, Pablo",offspeed,308,0.634069881350649,0.24025974025974,2.01568032238764,0.168045253261534,38.2607142857143,-1.74042207792208,5.58779220779221,37.5897018970189,-1.68363143631437,5.57337398373984,0.671012388695381,0.0585923387401462,2.63910166832432,74
663978,CH,2024,"Paddack, Chris",offspeed,198,0.633552743959596,0.217171717171717,8.68321995464852,0.533473526149639,40.2888888888889,-2.74691919191919,6.00479797979798,48.9721088435374,-2.28367346938776,6.25785714285715,8.68321995464851,0.527859393638,2.91728937916279,43
519326,ST,2024,"Strickland, Hunter",breaking,40,0.6332707662,0.175,3.21365038560411,0.165435217504154,33.995,-3.09425,5.95575,31.3272493573265,-3.10151670951157,5.86010282776349,2.66775064267352,0.0959228159718321,3.61869009257143,7
621199,ST,2024,"Bowman, Matt",breaking,56,0.632915374071429,0.214285714285714,2.84211672473868,1.09590465444146,35.9625,-3.15017857142857,5.73928571428571,34.430081300813,-2.99918699186992,5.66373983739838,1.53241869918701,0.168836123540827,2.953605079,12
664199,SL,2023,"Clarke, Taylor",breaking,71,0.632896612450704,0.253521126760563,3.28171775752555,0.194049384072311,56.3647887323944,-0.962816901408451,6.16718309859155,55.9725490196079,-0.938823529411765,6.19156862745098,0.392239712786513,0.0342101727199003,2.49642552688889,18
671737,FS,2025,"Bradley, Taj",offspeed,167,0.632819617149701,0.215568862275449,2.74049074088326,0.186035612204222,51.5347305389222,-1.43131736526946,6.16700598802395,53.6431876606684,-1.31516709511568,6.21596401028277,2.1084571217462,0.126046710390596,2.93557989066667,36
687134,FS,2025,"Blalock, Bradley",offspeed,84,0.632624826571429,0.238095238095238,9.53606639839037,0.511696506729671,54.8392857142857,-1.9327380952381,6.19369047619048,64.3753521126761,-1.46010563380282,6.35292253521127,9.53606639839038,0.498734691216054,2.6570242716,20
641927,SL,2024,"Ober, Bailey",breaking,274,0.632244450364964,0.218978102189781,2.19662353684149,0.173937588379937,34.4372262773723,-1.37587591240876,5.93799270072992,35.2814889336016,-1.4389378757515,5.95923847695391,0.844262656229368,0.066544678434877,2.88724965666667,60
690997,CH,2026,"McLean, Nolan",offspeed,67,0.631519531164179,0.253731343283582,2.63521696331178,0.259828695511312,31.5716417910448,-3.73985074626866,5.35850746268657,32.0370766488413,-3.79784745762712,5.31830508474576,0.465434857796577,0.0705680502812192,2.48892991694118,17
656849,CH,2025,"Peterson, David",offspeed,209,0.631242540076555,0.239234449760766,2.08384113840891,0.166119767992668,41.7224880382775,2.19191387559809,6.17071770334928,40.0316062176166,2.21570689655173,6.10727586206896,1.69088182066095,0.0677567345076362,2.63859381752,50
676467,CH,2025,"Gordon, Colton",offspeed,60,0.6307629992,0.25,1.9695390070922,0.370767706957473,32.425,2.48566666666667,5.4825,33.5920212765957,2.44303191489362,5.68047872340426,1.16702127659574,0.202517399201966,2.5230519968,15
669194,CU,2024,"Nelson, Ryne",breaking,54,0.630191987111111,0.148148148148148,3.09645653320351,0.27445665566211,48.9425925925926,-1.70222222222222,6.0712962962963,48.4728368017527,-1.52778751369113,6.08703176341731,0.469755790839933,0.175143005757707,4.253795913,8
678692,CH,2024,"Henriquez, Ronny",offspeed,51,0.629443578431373,0.254901960784314,11.9333333333333,0.611961958144959,36.621568627451,-2.56039215686275,5.24960784313726,48.5549019607843,-1.9978431372549,5.46470588235294,11.9333333333333,0.602269512706875,2.46935557692308,13
622663,CH,2023,"Severino, Luis",offspeed,77,0.628812538285714,0.181818181818182,3.58077160934304,0.225611745904956,41.1155844155844,-1.74077922077922,5.94207792207792,43.4684981684982,-1.73076923076923,6.11472527472528,2.35291375291376,0.17293729579284,3.45846896057143,14
596001,CH,2025,"Junis, Jakob",offspeed,111,0.628595980324324,0.234234234234234,2.26606606606607,0.182452006240846,28.1945945945946,-2.01162162162162,5.62567567567568,27.4274509803922,-1.95960784313726,5.53287581699347,0.76714361420245,0.106382549902035,2.68362130061538,26
571945,ST,2024,"Mikolas, Miles",breaking,47,0.628505071148936,0.212765957446809,5.28042793265913,0.364302543184546,46.3191489361702,-2.5668085106383,6.50829787234043,41.3891396332863,-2.69148095909732,6.38588152327222,4.9300093028839,0.174725447270731,2.9539738344,10
547179,ST,2025,"Lorenzen, Michael",breaking,102,0.628339635686274,0.186274509803922,4.9025220775333,0.697265838474953,38.9676470588235,-2.29960784313726,5.66921568627451,40.4213740458015,-2.05786259541984,5.74131679389313,1.453726986978,0.252268377950516,3.37319172842105,19
621111,CH,2026,"Buehler, Walker",offspeed,74,0.627986566378378,0.310810810810811,3.95739211765467,0.2147447341521,41.8554054054054,-1.22689189189189,5.54027027027027,45.4152744630072,-1.084,5.59166666666666,3.55986905760179,0.151854148217884,2.02047851791304,23
695418,ST,2026,"Lord, Brad",breaking,61,0.627427076459016,0.19672131147541,4.26792244640606,0.248789618633385,13.6016393442623,-2.62262295081967,5.24295081967213,17.8253205128205,-2.54329073482428,5.34111821086262,4.22368116855822,0.126215835725498,3.189420972,12
579328,SL,2025,"Kikuchi, Yusei",breaking,524,0.625740272984733,0.230916030534351,2.93454455867861,0.28785620210432,34.35,2.49564885496183,5.28729007633588,34.287668593449,2.46876685934489,5.37078998073218,0.0623314065510385,0.0877204407338522,2.70981738052892,121
687473,ST,2025,"Gusto, Ryan",breaking,84,0.625102284047619,0.226190476190476,4.64453781512607,0.309536338029591,39.7666666666667,-2.32702380952381,5.63595238095238,44.2676470588235,-2.13269896193772,5.79653979238755,4.5009803921569,0.25209217183563,2.76361009789474,19
579328,SL,2024,"Kikuchi, Yusei",breaking,344,0.62389942944186,0.281976744186047,3.68568883292252,0.153144868376192,39.6601744186047,2.54758720930233,5.3875,38.9124423963134,2.57599078341014,5.36652841781873,0.747732022291309,0.0353068021956588,2.21259179101031,97
547179,SL,2026,"Lorenzen, Michael",breaking,74,0.623870793189189,0.243243243243243,2.92723356544317,0.388372397653747,40.7905405405405,-1.8172972972973,5.73108108108108,38.4975982532751,-1.91602620087336,5.64596069868995,2.29294228726544,0.130356725563906,2.56480214977778,18
669302,KC,2023,"Gilbert, Logan",breaking,43,0.622884967348837,0.255813953488372,4.83841761152031,0.304932868854752,56.0348837209302,-0.837441860465116,6.37790697674419,51.370462633452,-0.929965753424657,6.13592465753425,4.66442108747826,0.25906777796285,2.43491396327273,11
657514,CH,2025,"Bernardino, Brennan",offspeed,55,0.622572397963637,0.236363636363636,1.91397233201581,0.16090848784265,20.1309090909091,3.06763636363636,5.11418181818182,19.5902173913043,2.95342391304348,5.11222826086956,0.540691699604754,0.114229156770958,2.63396014523077,13
656186,CH,2025,"Altavilla, Dan",offspeed,63,0.621085295809524,0.317460317460317,3.79908361970217,0.183283408419029,21.7603174603175,-2.19650793650794,5.12047619047619,25.4814432989691,-2.05969072164948,5.1819587628866,3.7211258386516,0.14999685660648,1.9564186818,20
605488,SL,2026,"Springs, Jeffrey",breaking,189,0.620872915089947,0.195767195767196,2.81694910201951,0.267499093208427,46.0650793650794,2.34396825396825,6.11296296296296,48.0476056338028,2.10940845070423,6.04552112676056,1.98252626872344,0.244062907008851,3.17148597167568,37
668868,CU,2023,"Thompson, Zack",breaking,79,0.620208435189873,0.177215189873418,3.01925776754889,0.149752084149288,58.2506329113924,0.505822784810126,5.97164556962025,55.2640909090909,0.566181818181819,5.882,2.98654200230148,0.108071925411297,3.49974759857143,14
669060,CU,2025,"Wilson, Bryse",breaking,68,0.620097805058824,0.191176470588235,2.21051499651244,0.383773203051791,39.2367647058823,-2.58808823529412,5.7160294117647,40.9098814229249,-2.52909803921569,5.84556862745098,1.67311671704256,0.142338510719997,3.24358851876923,13
640455,CH,2023,"Manaea, Sean",offspeed,72,0.620012236666667,0.152777777777778,6.1728310502283,0.412966267019412,33.5083333333334,1.85319444444444,5.95166666666667,27.5493150684932,1.9547602739726,5.59952054794521,5.95901826484019,0.366500350147625,4.05826191272727,11
592791,CU,2026,"Taillon, Jameson",breaking,43,0.619481453302326,0.209302325581395,4.72163098721703,0.192789088278152,49.0325581395349,-1.18767441860465,6.12930232558139,44.3109271523179,-1.23844370860927,5.98261589403973,4.72163098721705,0.155223806183201,2.95974472133333,9
663568,SL,2025,"Kolek, Stephen",breaking,148,0.61644818472973,0.202702702702703,3.14298714036617,0.407813575418329,31.2891891891892,-2.65581081081081,5.1575,34.1979838709677,-2.58887323943662,5.31193158953723,2.90879468177855,0.168314450682253,3.041144378,30
686613,CH,2025,"Brown, Hunter",offspeed,154,0.616387155168831,0.253246753246753,8.63016603649515,0.381918340089116,48.3227272727273,-2.23577922077922,5.93623376623377,56.8462025316456,-1.9676582278481,6.16356962025317,8.5234752589183,0.351525898580889,2.43393902297436,39
678368,ST,2025,"Bellozo, Valente",breaking,118,0.615017140711865,0.254237288135593,3.84837796193729,0.234320105499091,47.4627118644068,-1.12550847457627,6.07584745762712,47.6307125307125,-1.12616707616708,6.06761670761671,0.168000666305723,0.0082570576956467,2.41906742013333,30
641302,ST,2025,"Alexander, Tyler",breaking,160,0.61450733225,0.2375,4.6636298076923,0.395365927583383,30.119375,1.993,5.251375,33.6865384615384,1.7940811965812,5.51224358974359,3.56716346153844,0.328056567482462,2.58739929368421,38
641835,SL,2025,"Mayza, Tim",breaking,42,0.614156174952381,0.214285714285714,2.10285714285714,0.25209303988619,40.9285714285714,1.91785714285714,6.11738095238095,39.8488888888889,1.73577777777778,6.23255555555556,1.07968253968253,0.215448565565268,2.86606214977778,9
681867,ST,2024,"Criswell, Cooper",breaking,185,0.6128079656,0.189189189189189,2.66384595458078,0.179701368337239,14.2048648648649,-1.7107027027027,5.01378378378379,12.3108626198083,-1.78364217252396,4.98894568690096,1.89400224505656,0.0770525620246791,3.23912781817143,35
624647,SL,2024,"González, Victor",breaking,40,0.6104139115,0.175,2.33816176470588,0.212212784626488,26.215,2.31175,4.93925,25.6367647058823,2.19970588235294,4.985,0.578235294117658,0.12102457105608,3.48807949428571,7
607067,CH,2024,"Rea, Colin",offspeed,128,0.6101447928125,0.25,2.0516431572629,0.15341302632397,35.4453125,-1.9896875,5.604140625,33.868787515006,-1.98427370948379,5.56087635054021,1.57652498499401,0.0436016808424312,2.44057917125,32
679883,CU,2026,"Avila, Luinder",breaking,74,0.61009133427027,0.22972972972973,3.13146308853023,0.317009624299366,51.5202702702703,-1.77216216216216,6.11837837837838,54.2862190812721,-1.52332155477032,6.21084805653711,2.76594881100181,0.265466173487169,2.65569169035294,17
680573,SL,2024,"Woods Richardson, Simeon",breaking,356,0.609764320494382,0.202247191011236,2.61126294097443,0.265582209777738,46.5129213483146,-1.06946629213483,6.45929775280899,46.9386462882096,-1.02980349344978,6.43379912663755,0.425724939894991,0.0471520682066144,3.01494580688889,72
681517,SL,2024,"Leahy, Kyle",breaking,100,0.60918325052,0.22,2.58664429530201,0.229849645654739,45.726,-1.4726,5.8518,47.3187919463087,-1.28684563758389,5.86865771812081,1.59279194630872,0.186517735931077,2.76901477509091,22
477132,SL,2024,"Kershaw, Clayton",breaking,124,0.608974710483871,0.258064516129032,1.54504608294931,0.146421328489485,55.225,1.66991935483871,6.11193548387097,55.2285714285715,1.60779220779221,6.07883116883117,0.00357142857146187,0.070396577149687,2.359777003125,32
685299,SL,2025,"Gordon, Tanner",breaking,155,0.608289008232258,0.187096774193548,2.33182669567687,0.211004206279412,40.9554838709678,-2.86929032258064,6.06825806451613,43.100293255132,-2.71970674486804,6.1800586510264,2.14480938416424,0.186747470840557,3.25119987158621,29
592836,CU,2025,"Walker, Taijuan",breaking,53,0.607908753056604,0.207547169811321,2.15841362886974,0.155050247066192,42.3924528301887,-1.8811320754717,6.50396226415095,40.7104854368932,-1.82405825242718,6.50809708737864,1.68196739329544,0.0572234046526477,2.92901490109091,11
676775,FS,2024,"Winn, Keaton",offspeed,193,0.607534867419689,0.243523316062176,3.04615556834899,0.225194986989301,38.4725388601036,-1.47720207253886,6.17015544041451,41.0956790123457,-1.39609467455621,6.28461538461539,2.62314015224202,0.140283601443587,2.49477083855319,47
686563,CH,2024,"Cannon, Jonathan",offspeed,190,0.607425252652631,0.242105263157895,3.92961403508771,0.282156462441848,22.6621052631579,-2.35647368421053,5.66342105263158,26.2335185185185,-2.29835185185185,5.87009259259259,3.57141325536062,0.214688781324469,2.5089303913913,46
628711,SV,2023,"Urías, Julio",breaking,85,0.607285236329412,0.164705882352941,2.15505882352943,0.200756358199842,46.9352941176471,1.51623529411765,6.04988235294118,45.6036363636363,1.46804545454545,6.035,1.33165775401074,0.0504355536012004,3.68708893485714,14
615698,CU,2023,"Quantrill, Cal",breaking,42,0.606876442285714,0.19047619047619,5.56190476190476,0.258466410783345,51.5952380952381,-1.07595238095238,6.41857142857143,46.0333333333333,-1.25810810810811,6.26738738738739,5.56190476190476,0.236722037935571,3.186101322,8
450203,CH,2025,"Morton, Charlie",offspeed,124,0.606361433129032,0.241935483870968,2.35497091485985,0.206697880904318,19.7193548387097,-2.51975806451613,5.28120967741935,21.7901639344262,-2.45697841726619,5.40003597122302,2.07080909571653,0.134391116551443,2.5062939236,30
596295,CH,2025,"Gomber, Austin",offspeed,91,0.606318723164835,0.208791208791209,2.0541770057899,0.235398161214324,51.7406593406594,2.11296703296703,6.46857142857143,53.3365591397849,2.04483870967742,6.66408602150537,1.59589979912558,0.207044498802503,2.90394756884211,19
663423,ST,2024,"Thornton, Trent",breaking,168,0.60610396497619,0.261904761904762,17.1119701348748,0.794909102220476,24.5458333333333,-2.59958333333333,4.86422619047619,41.6578034682081,-2.0435838150289,5.3742774566474,17.1119701348748,0.754511602612982,2.314215139,44
571945,CU,2025,"Mikolas, Miles",breaking,145,0.605838781655172,0.220689655172414,7.8542674694399,0.420470113336085,48.6158620689655,-2.14593103448276,6.65579310344828,40.9250440917107,-2.29029982363316,6.46266313932981,7.69081797725477,0.241125548876831,2.745206979375,32
621383,ST,2024,"Banks, Tanner",breaking,82,0.605823671365854,0.24390243902439,6.46728837876615,0.563987127888775,44.6243902439024,2.98817073170732,6.04182926829268,51.0764705882353,2.53848039215686,6.36372549019607,6.45208034433286,0.553026743621575,2.4838770526,20
669373,SL,2024,"Skubal, Tarik",breaking,181,0.605556008839779,0.314917127071823,2.31203366786385,0.346205467341188,46.9569060773481,1.93585635359116,6.1239226519337,48.6803698435277,1.62812760055478,6.18900138696256,1.72346376617966,0.314534937961237,1.92290592280702,57
690986,CH,2024,"Harrison, Kyle",offspeed,206,0.603493416194175,0.203883495145631,6.79922830191932,0.337944158467533,19.302427184466,2.09597087378641,4.73038834951456,26.0168738898757,1.85442273534636,4.90168738898757,6.71444670540964,0.29612305568501,2.95999151752381,42
666205,SL,2024,"Muller, Kyle",breaking,100,0.60258877228,0.19,2.42809999999999,0.155724599116234,52.808,1.4201,6.5686,53.1705,1.38765,6.59365,0.362499999999983,0.0409939629701703,3.17151985410526,19
669432,CH,2024,"Rogers, Trevor",offspeed,290,0.601837398910345,0.213793103448276,1.92015598175307,0.19086957114181,22.1089655172414,2.49441379310345,5.62824137931034,22.8637268847795,2.49930298719773,5.73412517780939,0.754761367538112,0.105996617886975,2.81504589812903,62
594580,CH,2026,"Moll, Sam",offspeed,41,0.600863575902439,0.268292682926829,2.34229490022173,0.188828340760402,13.5414634146341,1.9,4.83756097560976,14.7431818181818,1.78693181818182,4.91914772727273,1.20171840354767,0.13943031157745,2.23958241927273,11
674370,CH,2025,"Bido, Osvaldo",offspeed,61,0.596759938229508,0.213114754098361,1.80085312813651,0.144098013765993,35.1852459016394,-2.29819672131148,5.9172131147541,34.2969387755102,-2.31673469387755,5.89214285714286,0.888307126129199,0.031179708843321,2.80018124861539,13
672282,SL,2023,"Detmers, Reid",breaking,138,0.596746722927536,0.239130434782609,3.4362700228833,0.191602499009442,37.6253623188406,1.47217391304348,6.03188405797102,36.4578947368421,1.41640350877193,6.02122807017544,1.16746758199847,0.0567792926031278,2.49548629587879,33
458681,CU,2024,"Lynn, Lance",breaking,52,0.596439162769231,0.115384615384615,2.32757945647167,0.220579675434927,33.8365384615385,-3.18576923076923,5.61788461538462,32.0958083832335,-3.13336124401914,5.58995215311004,1.74073007830493,0.0593870316139639,5.16913941066667,6
656557,FS,2025,"Houck, Tanner",offspeed,69,0.595730436,0.188405797101449,1.80850241545894,0.2010195387897,21.5855072463768,-2.49260869565217,5.59695652173913,21.1733333333333,-2.44373333333333,5.51033333333333,0.412173913043468,0.0994604333963229,3.16195385261538,13
669432,CH,2025,"Rogers, Trevor",offspeed,230,0.5956469364,0.243478260869565,1.66199872591177,0.177923665854142,21.8995652173913,2.10791304347826,5.73065217391305,22.5212454212454,2.11049450549451,5.82937728937729,0.621680203854133,0.0987588597016467,2.44640706021429,56
690986,CH,2026,"Harrison, Kyle",offspeed,62,0.595441063354839,0.209677419354839,3.05791497543262,0.207355605207498,30.5612903225806,2.80564516129032,4.95806451612903,33.4278145695365,2.65220750551877,5.03181015452539,2.86652424695581,0.170239635194501,2.83979584061538,13
608372,CU,2025,"Sugano, Tomoyuki",breaking,86,0.594454837953489,0.162790697674419,4.46017758985203,0.227557856194104,44.0674418604651,-2.25906976744186,6.04813953488372,39.6098181818182,-2.44068965517241,5.97226860254083,4.45762367864695,0.196830338093084,3.65165114742857,14
663776,SL,2023,"Sandoval, Patrick",breaking,124,0.593807688516129,0.25,1.74091117566121,0.231365977752774,56.1096774193549,0.952500000000001,6.11032258064516,55.6279620853081,0.806018957345971,6.11151658767773,0.481715334046783,0.146485908912105,2.37523075406452,31
643511,SL,2026,"Rogers, Tyler",breaking,70,0.593619167828571,0.228571428571429,2.69008592910844,0.120421310646094,-58.7014285714286,-3.80157142857143,1.28757142857143,-61.3875939849624,-3.8193984962406,1.25011278195489,2.68616541353377,0.0414843892087628,2.59708385925,16
676282,SL,2025,"Cantillo, Joey",breaking,68,0.592114112411765,0.264705882352941,2.04414961636828,0.274527048337514,51.7720588235294,0.761176470588236,5.75955882352941,52.8184782608696,0.513514492753623,5.80840579710144,1.04641943734012,0.252433123999405,2.23687553577778,18
650644,FS,2025,"Civale, Aaron",offspeed,43,0.591447722883721,0.13953488372093,4.38342462063393,0.457415987546896,37.4162790697675,-1.15604651162791,6.13255813953488,41.6150579150579,-0.763185328185329,6.2488416988417,4.19877884529048,0.40970937946423,4.23870868066667,6
669952,ST,2024,"White, Mitch",breaking,51,0.58929418054902,0.176470588235294,3.45767532238121,0.378347031895034,38.6607843137255,-1.89411764705882,5.89686274509804,41.6936936936937,-1.67792792792793,6.0272972972973,3.0329093799682,0.252489934582186,3.33933368977778,9
663559,SL,2024,"Falter, Bailey",breaking,227,0.58920342907489,0.255506607929515,1.73249730788057,0.163560102674199,55.7991189427313,1.26775330396476,5.78748898678414,55.6256296296296,1.15585185185185,5.78034074074074,0.173489313101683,0.11212953405091,2.30602031724138,58
667463,SL,2026,"King, John",breaking,47,0.58891213812766,0.191489361702128,2.92429649965684,0.158642655984099,26.6404255319149,2.03893617021277,5.51127659574468,24.2709677419355,2.0258064516129,5.40172043010752,2.36945778997941,0.110340123888041,3.07543005466667,9
607625,CU,2026,"Lugo, Seth",breaking,125,0.588845935104,0.184,3.27308685968819,0.186895290912398,31.6784,-1.97208,5.61,29.5875278396437,-1.9497995545657,5.49886414253897,2.09087216035634,0.113347241088384,3.20024964730435,23
573009,CH,2026,"Mantiply, Joe",offspeed,42,0.587990597428572,0.238095238095238,1.88333333333333,0.17246353389295,13.3452380952381,3.31071428571429,5.12690476190476,14.4,3.38551020408163,5.17795918367347,1.0547619047619,0.0905592810624711,2.4695605092,10
547184,ST,2023,"Kelly, Michael",breaking,65,0.587425627815385,0.169230769230769,2.65726495726496,0.185705343358799,36.9707692307692,-1.17692307692308,5.94461538461539,37.1407407407407,-1.05407407407407,6.02407407407408,0.169971509971525,0.146306393679452,3.47115143709091,11
674444,SL,2025,"Cruz, Steven",breaking,94,0.587073807914894,0.212765957446809,3.65560283687946,0.179412381533099,35.3829787234043,-3.21244680851064,5.7136170212766,32.1266666666666,-3.23238095238095,5.59861904761905,3.25631205673763,0.116712912898206,2.7592468972,20
667297,SL,2025,"Nance, Tommy",breaking,95,0.586988325010526,0.147368421052632,6.13245283018868,0.410227927797275,37.1621052631579,-1.33821052631579,5.94831578947369,43.2245283018868,-1.01339622641509,6.17905660377358,6.0624230387289,0.398428980878348,3.98313506257143,14
672456,CH,2025,"Montero, Keider",offspeed,89,0.586942282337079,0.202247191011236,2.89245927393191,0.317810968258574,38.0022471910112,-2.47179775280899,5.65595505617978,40.6270516717325,-2.31501519756839,5.78942249240122,2.62480448072131,0.205898825055647,2.90210350711111,18
669022,SL,2023,"Gore, MacKenzie",breaking,75,0.5868725728,0.32,2.30486135693217,0.140690148911007,49.4613333333333,1.62773333333333,5.94866666666667,48.0469026548672,1.56685840707965,5.94092920353983,1.41443067846611,0.0613646883967581,1.83397679,24
608032,SL,2024,"Estévez, Carlos",breaking,110,0.586653223709091,0.263636363636364,2.50561009332872,0.181336813540506,43.8154545454546,-1.88163636363636,6.02454545454545,41.6923954372624,-1.81463878326996,5.99041825095057,2.12305910819219,0.0751887079298428,2.2252363657931,29
669022,SL,2026,"Gore, MacKenzie",breaking,99,0.586410533333333,0.222222222222222,2.33520622895622,0.189874968895018,47.8818181818182,1.81434343434343,5.54969696969697,46.2145833333334,1.80754807692308,5.64899038461539,1.66723484848482,0.0995256707017374,2.6388474,22
656605,CH,2026,"Keller, Mitch",offspeed,76,0.586338408526316,0.236842105263158,1.90835123523095,0.218739592381831,36.675,-1.96723684210526,5.77986842105263,35.0469387755102,-2.02571428571429,5.68757142857143,1.62806122448981,0.109262739450014,2.47565105822222,18
657746,FS,2023,"Ryan, Joe",offspeed,129,0.585637131162791,0.170542635658915,2.02538191551145,0.185593358065085,25.1728682170543,-2.69697674418605,4.96232558139535,26.114332247557,-2.64771986970684,4.84309446254072,0.941464030502736,0.129005036284589,3.43396317818182,22
669373,SL,2023,"Skubal, Tarik",breaking,101,0.585357786930693,0.247524752475248,3.23543454345436,0.373428147162195,44.939603960396,2.10752475247525,6.06009900990099,47.8477777777778,1.77888888888889,6.1922962962963,2.90817381738177,0.354228250377401,2.3648454592,25
694297,CH,2025,"Pfaadt, Brandon",offspeed,229,0.585336917152838,0.248908296943231,5.25887398627571,0.492774088982364,22.8270742358079,-2.33270742358079,5.3264192139738,27.9688775510204,-2.17047193877551,5.58454081632653,5.14180331521253,0.304872291510963,2.35161673733333,57
702275,CH,2026,"Ritchie, JR",offspeed,83,0.584074564192771,0.216867469879518,2.81539325001871,0.292621915979785,26.5096385542169,-1.95168674698795,5.49361445783133,23.9316770186335,-2.07111801242236,5.32888198757764,2.57796153558333,0.203471408112161,2.69323271266667,18
681035,FS,2024,"Scott, Christian",offspeed,44,0.583143543,0.136363636363636,2.28361075544175,0.146742393599771,33.8272727272727,-2.83931818181818,5.25090909090909,31.8173708920188,-2.86765258215962,5.23887323943662,2.00990183525396,0.0307847358828455,4.276385982,6
592866,CH,2024,"Williams, Trevor",offspeed,79,0.582420326632911,0.215189873417722,1.93304735114862,0.145999517799276,16.0759493670886,-2.24835443037975,4.94645569620253,17.547037037037,-2.23777777777778,5.00492592592593,1.47108766994844,0.0594191328123277,2.70654151788235,17
650644,SL,2025,"Civale, Aaron",breaking,66,0.580051264606061,0.166666666666667,2.61044226044226,0.297303304083359,42.8106060606061,-0.569848484848485,6.27333333333333,41.6150579150579,-0.763185328185329,6.2488416988417,1.19554814554812,0.194881951836303,3.48030758763636,11
669387,CU,2026,"Mlodzinski, Carmen",breaking,75,0.580003589173333,0.24,4.34484458735262,0.184814326775748,36.364,-1.35026666666667,5.41026666666667,32.611575562701,-1.42816720257235,5.32964630225081,3.75242443729903,0.112107701131268,2.41668162155556,18
607536,CH,2026,"Freeland, Kyle",offspeed,121,0.579342675570248,0.198347107438017,6.15435396089499,0.254935271909526,32.2231404958677,2.6098347107438,5.84859504132231,27.5036585365854,2.6540243902439,5.77517073170732,4.7194819592824,0.0856963069026942,2.920852656,24
622608,CH,2025,"Senzatela, Antonio",offspeed,73,0.578658560712329,0.205479452054795,3.78499806759137,0.382226843785378,38.7205479452055,-2.38684931506849,5.98342465753425,42.0208463949843,-2.10384976525822,6.04697965571205,3.30029844977886,0.290048242515275,2.8161383288,15
668964,SL,2025,"Myers, Tobias",breaking,71,0.578442652394366,0.126760563380282,1.67989258508246,0.178757612292577,61.8577464788733,-0.885211267605634,5.96507042253521,60.4657587548639,-0.862607003891051,5.89599221789884,1.39198772400941,0.0726825363747237,4.56326981333333,9
669308,SL,2025,"Reynolds, Sean",breaking,51,0.57731332,0.137254901960784,6.56627789046652,0.351155828437081,36.9196078431373,-1.51333333333333,6.46274509803922,43.4336206896552,-1.2525,6.65965517241379,6.51401284651791,0.326814328278271,4.20613990285714,7
686973,SL,2024,"Varland, Louis",breaking,115,0.577281399686957,0.2,3.87920289855074,0.461105450154666,39.4321739130435,-2.13617391304348,5.51226086956522,42.6083333333334,-2.12407407407407,5.53185185185185,3.17615942028987,0.023026347735601,2.88640699843478,23
693433,CH,2025,"Woo, Bryan",offspeed,88,0.577015718318182,0.215909090909091,3.14668596612513,0.179841350247863,24.0238636363637,-1.37852272727273,4.95397727272727,24.8010456273764,-1.39192015209125,5.04398288973384,0.777181991012792,0.0909972641594301,2.67249385326316,19
682243,ST,2024,"Miller, Bryce",breaking,83,0.577003688819277,0.180722891566265,4.91244106862235,0.376274068096804,40.2927710843373,-1.58240963855422,5.42614457831325,44.486231884058,-1.29594202898551,5.64853864734299,4.19346079972068,0.362660741288074,3.1927537448,15
805326,SL,2026,"Schweitzer, Tyler",breaking,66,0.576819042060606,0.257575757575758,2.09292929292929,0.187223535008286,45.5590909090909,2.24681818181818,5.7730303030303,45.1611111111111,2.11138888888889,5.83972222222222,0.397979797979801,0.150959946571366,2.23941510447059,17
678368,CU,2024,"Bellozo, Valente",breaking,43,0.576638237674419,0.255813953488372,2.73674272800177,0.167600097229896,50.1395348837209,-1.01883720930233,6.23953488372093,47.7081504702194,-0.968934169278998,6.16313479623824,2.43138441350153,0.0912539685215492,2.25413129272727,11
519008,CH,2024,"McFarland, T.J.",offspeed,55,0.576252577454545,0.272727272727273,4.5680426716141,0.230551684292982,15.8818181818182,2.046,5.47945454545455,11.3331632653061,2.06459183673469,5.28734693877551,4.54865491651206,0.193005152618048,2.11292611733333,15
601713,CU,2025,"Pivetta, Nick",breaking,264,0.575792261651515,0.159090909090909,3.31001538372228,0.23602032477449,58.3208333333333,-0.977537878787878,6.8482196969697,56.5711366538953,-1.02330357142857,6.78829081632654,1.74969667943802,0.0754053669046481,3.61926564466667,42
592094,CH,2026,"Adam, Jason",offspeed,86,0.57452949627907,0.27906976744186,5.500882117081,0.268073812111691,32.656976744186,-1.13872093023256,6.21593023255814,37.9948275862069,-0.969180327868852,6.35934426229508,5.33785084202087,0.222062152955511,2.058730695,24
671922,FS,2024,"Smith, Cade",offspeed,104,0.573907511692308,0.278846153846154,3.37581304771179,0.26482869587724,35.0826923076923,-2.66971153846154,5.67221153846154,38.3726582278481,-2.56453164556962,5.79022784810127,3.28996592015579,0.15808434207642,2.05815107641379,29
669194,SL,2024,"Nelson, Ryne",breaking,94,0.573066653106383,0.148936170212766,2.90397916618119,0.287127199864126,47.7734042553191,-1.70446808510638,6.14106382978723,48.4728368017527,-1.52778751369113,6.08703176341731,0.699432546433535,0.1847579186715,3.84773324228571,14
670036,ST,2024,"Festa, Matt",breaking,59,0.572281624135593,0.169491525423729,2.49230416857536,0.123994586231555,28.7627118644068,-2.23474576271186,4.90728813559322,26.872972972973,-2.22108108108108,4.85689189189189,1.8897388914338,0.0522159449141178,3.3764615824,10
663776,SL,2024,"Sandoval, Patrick",breaking,168,0.571140360071429,0.220238095238095,2.1467261904762,0.148141664318916,54.4035714285715,0.988750000000001,6.08184523809524,52.8301020408163,0.919340101522842,6.08908629441624,1.57346938775514,0.0697865811116533,2.59328595924324,37
656794,CH,2025,"Newcomb, Sean",offspeed,58,0.570505771034483,0.172413793103448,1.97207822263365,0.173755859254953,30.7844827586207,2.49793103448276,5.96344827586207,31.6044742729307,2.41694196428571,6.06618303571428,0.819991514309969,0.130819189621683,3.308933472,10
664208,ST,2024,"Maton, Phil",breaking,109,0.57019819133945,0.192660550458716,2.77341754644785,0.278855546391824,29.0366972477064,-1.38559633027523,5.27935779816514,31.364824120603,-1.12966019417476,5.30577669902912,2.32812687289661,0.257296063096389,2.959600136,21
506433,ST,2023,"Darvish, Yu",breaking,49,0.56947461355102,0.204081632653061,3.37437317784256,0.227555030380269,35.8571428571429,-2.12387755102041,5.32122448979592,38.5014285714286,-1.981125,5.4343125,2.6442857142857,0.18211861210418,2.7904256064,10
668678,SL,2025,"Gallen, Zac",breaking,186,0.569333876473118,0.172043010752688,4.04210667555015,0.215641019027445,41.4123655913979,-2.84709677419355,5.95188172043011,44.9473321858864,-2.71286941580756,6.03965635738832,3.53496659448858,0.16037883473958,3.309253157,32
641302,CH,2024,"Alexander, Tyler",offspeed,115,0.568885779652174,0.182608695652174,2.12964222685706,0.210210395995526,36.7704347826087,1.49391304347826,5.65313043478261,36.4047970479704,1.45808118081181,5.66867158671587,0.365637734638248,0.0390570068689347,3.11532688857143,21
671096,CU,2024,"Abbott, Andrew",breaking,90,0.568208594311111,0.144444444444444,3.27487040385772,0.201698977419819,47.9477777777778,1.63388888888889,5.97644444444444,44.8562386980109,1.68904159132007,5.83057866184448,3.0915390797669,0.155944371873309,3.93375180676923,13
502171,FS,2023,"Cobb, Alex",offspeed,207,0.568086196115942,0.236714975845411,1.66376154326465,0.203962787581266,39.2599033816425,-2.18222222222222,5.84521739130435,40.0027210884354,-2.04928104575163,5.76065359477124,0.742817706792884,0.157557583395651,2.39987433869388,49
663559,CU,2023,"Falter, Bailey",breaking,67,0.567371811223881,0.238805970149254,1.56838641438477,0.209454788689795,56.2746268656717,1.28014925373134,5.63641791044776,55.6377952755906,1.11015748031496,5.64385826771653,0.636831590081094,0.170154523729267,2.3758694595,16
434378,CU,2024,"Verlander, Justin",breaking,117,0.566140586188034,0.213675213675214,4.27941668869504,0.300365757684884,52.974358974359,-1.66213675213675,7.04598290598291,56.6608247422681,-1.41930412371134,7.12038659793815,3.68646576790908,0.253975579149976,2.64953794336,25
571945,CU,2023,"Mikolas, Miles",breaking,115,0.566040186469565,0.165217391304348,6.72726484403228,0.27784619034627,50.8678260869565,-2.16660869565217,6.63878260869565,44.9501385041551,-2.23379501385041,6.50368421052633,5.91768758280139,0.150882664812607,3.42603270757895,19
592351,CH,2023,"Gray, Jon",offspeed,48,0.56452997425,0.166666666666667,3.38725877192981,0.1897406686235,31.5979166666667,-1.87625,5.645625,28.2752631578948,-1.9478947368421,5.5048947368421,3.3226535087719,0.157917621833872,3.3871798455,8
684320,CU,2024,"Rodríguez, Yariel",breaking,56,0.564343049642857,0.25,11.4538205980066,0.524307349496897,48.8285714285714,-1.45892857142857,6.08375,37.3747508305648,-1.79491694352159,5.71255813953489,11.4538205980066,0.500671133037715,2.25737219857143,14
657746,FS,2025,"Ryan, Joe",offspeed,116,0.563980794344828,0.21551724137931,2.5982334652346,0.217902528127302,25.573275862069,-2.48818965517241,4.89905172413793,25.0841530054645,-2.46936612021858,4.75736612021858,0.489122856604478,0.142930527971281,2.61687088576,25
693855,ST,2026,"Seymour, Ian",breaking,148,0.563230035432432,0.310810810810811,4.31534875486841,0.355000233371459,39.7648648648649,1.72851351351351,5.55871621621621,43.7323144104804,1.42103896103896,5.68627705627705,3.96744954561549,0.332884917556283,1.81213141834783,46
671106,CH,2025,"Allen, Logan",offspeed,256,0.56283617665625,0.1640625,2.60016944920091,0.17335368611434,36.527734375,2.3680078125,5.2791015625,36.7905631659056,2.34417298937785,5.24822458270106,0.262828790905573,0.0390062389210878,3.43062050533333,42
801403,CH,2025,"Dollander, Chase",offspeed,61,0.5625937,0.213114754098361,2.34116832140384,0.231876420769432,23.6131147540984,-2.3027868852459,5.29770491803278,23.9239436619719,-2.28647887323944,5.37102615694165,0.310828907873486,0.0751129504861428,2.63986274615385,13
605135,CH,2024,"Bassitt, Chris",offspeed,55,0.562197728581818,0.163636363636364,3.16019866119629,0.399631270847414,33.5145454545455,-1.74818181818182,5.49490909090909,34.7004750593824,-1.72203087885986,5.50410926365796,1.18592960483697,0.0277220995963493,3.43565278577778,9
682608,SL,2026,"Gray, Peyton",breaking,52,0.561889351538462,0.230769230769231,2.19907161803714,0.242715639962952,37.7423076923077,-3.14769230769231,5.56557692307692,38.7396551724138,-2.93656,5.56784,0.9973474801061,0.211144436035239,2.43485385666667,12
681035,SL,2024,"Scott, Christian",breaking,69,0.561588049913044,0.188405797101449,2.21002925767164,0.141151423019758,33.2710144927536,-2.87724637681159,5.25608695652174,31.8173708920188,-2.86765258215962,5.23887323943662,1.45364360073485,0.0197066727711891,2.98073657261538,13
663554,SL,2026,"Mize, Casey",breaking,153,0.560739086457516,0.261437908496732,4.69333622747994,0.412889392437799,41.1771241830065,-2.43503267973856,5.69313725490196,45.8461254612546,-2.08608856088561,5.87845018450185,4.6690012782481,0.395098569927754,2.1448270057,40
670102,FS,2024,"Francis, Bowden",offspeed,133,0.559216481413534,0.195488721804511,2.21942228797146,0.148553511710875,39.5368421052632,-2.11556390977444,5.85135338345865,38.7709939148073,-2.1482555780933,5.88965517241379,0.765848190455891,0.0503564515691429,2.86060738569231,26
615698,FS,2025,"Quantrill, Cal",offspeed,201,0.558683108577115,0.223880597014925,2.7111807375337,0.210154173929514,44.2233830845771,-1.26845771144279,6.30532338308457,43.7908396946565,-1.27751908396947,6.30141221374046,0.43254338992061,0.00986943350479759,2.49545121831111,45
500779,CH,2025,"Quintana, Jose",offspeed,203,0.558551271408867,0.177339901477833,2.04406052076007,0.1631227223398,40.6364532019705,2.28546798029557,5.7568472906404,41.9328571428572,2.18610204081633,5.73277551020408,1.29640394088676,0.102240112196564,3.14960855822222,36
676974,CH,2024,"Meyer, Max",offspeed,65,0.558089003876923,0.215384615384615,2.71096049896049,0.208675709792667,45.5415384615385,-1.196,5.79,46.0848648648649,-1.09243243243243,5.86286486486487,0.543326403326375,0.126631471537048,2.591127518,14
676664,SL,2025,"Sears, JP",breaking,88,0.558032539727273,0.204545454545455,6.76383316404267,0.384029672688244,21.9920454545455,1.35534090909091,4.67715909090909,28.7180633147114,1.133947858473,4.97666666666666,6.72601786016591,0.37245089716375,2.72815908311111,18
687330,ST,2023,"Kelly, Kevin",breaking,84,0.557959015380952,0.238095238095238,1.88338001867414,0.208181418930439,3.43095238095238,-1.98476190476191,3.70869047619048,3.08725490196078,-1.89351851851852,3.76564814814815,0.343697478991597,0.107561758669137,2.3434278646,20
605400,CH,2023,"Nola, Aaron",offspeed,87,0.557662030206897,0.252873563218391,3.85571287204081,0.27951571828965,17.8275862068966,-2.19712643678161,4.95459770114943,21.6721854304636,-2.05430463576159,5.13708609271524,3.84459922356703,0.231732776928251,2.20529984672727,22
645261,CH,2023,"Alcantara, Sandy",offspeed,161,0.557532815925466,0.236024844720497,1.69575764678307,0.141048099470323,32.5708074534162,-1.86422360248447,5.91732919254659,31.6140161725068,-1.82768194070081,5.93843665768194,0.956791280909403,0.0421997408801543,2.36217850957895,38
663556,CU,2026,"McClanahan, Shane",breaking,64,0.557255013,0.203125,2.58389050387595,0.200182481539048,42.6984375,0.763125,6.17171875,40.5158914728683,0.644264150943396,6.2731320754717,2.18254602713176,0.156245204795812,2.74340929476923,13
687134,CU,2025,"Blalock, Bradley",breaking,46,0.556025791826087,0.173913043478261,3.46509491733006,0.298040834903904,64.9782608695652,-1.5395652173913,6.40391304347826,64.3753521126761,-1.46010563380282,6.35292253521127,0.602908756889136,0.0944132266019001,3.197148303,8
695611,CU,2026,"Jump, Gage",breaking,59,0.555466952338983,0.186440677966102,5.98947897049593,0.202201548537005,48.1576271186441,1.90830508474576,5.66254237288136,42.1681481481481,1.95807407407408,5.55385185185185,5.98947897049595,0.119543220888628,2.97932274436364,11
687911,ST,2026,"King, Bryan",breaking,93,0.555127658709677,0.172043010752688,2.22435262373646,0.171418536859331,34.747311827957,2.77236559139785,5.54720430107527,35.2419475655431,2.66925093632959,5.58977528089887,0.494635737586073,0.111556803526222,3.22667951625,16
663423,SL,2024,"Thornton, Trent",breaking,124,0.55497561716129,0.217741935483871,6.08509696065636,0.362414705452355,35.5782258064516,-2.3175,5.25951612903226,41.6578034682081,-2.0435838150289,5.3742774566474,6.0795776617565,0.296985249979038,2.54877690844444,27
621112,CH,2025,"Blackburn, Paul",offspeed,40,0.5536396899,0.225,3.66364406779661,0.265509143752437,40.91,-2.31875,5.86625,42.8525423728814,-2.18463276836158,5.89723163841808,1.94254237288138,0.137649169054597,2.460620844,9
656288,CH,2023,"Canning, Griffin",offspeed,91,0.553443339736264,0.21978021978022,6.59186309873333,0.273584672245523,38.7714285714286,-1.15813186813187,5.62098901098901,45.3557251908397,-0.935454545454546,5.73568181818182,6.58429661941113,0.250478801611049,2.5181671958,20
657508,SL,2024,"Baumann, Mike",breaking,113,0.55341489720354,0.230088495575221,4.17363339966974,0.312999315863974,46.2610619469027,-1.84849557522124,6.04061946902654,49.8851674641148,-1.60732057416268,6.12875598086125,3.62410551721218,0.256775049126635,2.405226284,26
592454,CH,2026,"Kahnle, Tommy",offspeed,58,0.553161229862069,0.189655172413793,9.06336206896553,0.413634380165142,34.5586206896552,-1.70344827586207,5.57241379310345,43.4458333333334,-1.395,5.80666666666667,8.88721264367818,0.387317373293413,2.91666830290909,11
621383,ST,2026,"Banks, Tanner",breaking,57,0.551312092280702,0.228070175438597,4.85001655081099,0.362886280399529,46.5280701754386,2.73087719298246,6.33508771929824,51.1622641509434,2.42084905660377,6.49933962264151,4.6341939755048,0.350850585147472,2.41729148153846,13
676974,CH,2025,"Meyer, Max",offspeed,75,0.5504890408,0.213333333333333,3.09177900552487,0.212200532520098,35.424,-1.52386666666667,5.5816,36.6104972375691,-1.37806629834254,5.66889502762431,1.18649723756906,0.169935779785714,2.58041737875,16
641793,ST,2024,"Littell, Zack",breaking,59,0.549482730101695,0.101694915254237,1.35614208775543,0.217771360892016,40.935593220339,-0.731016949152542,6.13745762711865,41.1876168224299,-0.556004618937644,6.10602771362587,0.252023602090922,0.177812134539271,5.403246846,6
686839,ST,2023,"White, Brendan",breaking,59,0.548097567661017,0.152542372881356,3.34915254237288,0.168207521700954,34.1084745762712,-2.10101694915254,4.8364406779661,30.8109090909091,-2.19945454545455,4.73145454545455,3.29756548536208,0.143916810642295,3.59308405466667,9
641329,SL,2025,"Baker, Bryan",breaking,117,0.54803153234188,0.205128205128205,2.22979590595249,0.28653152648107,55.2760683760684,-0.816581196581197,6.59393162393163,54.5640569395018,-0.623843416370107,6.61907473309608,0.71201143656657,0.194370851361911,2.67165372016667,24
690544,ST,2024,"Horn, Bailey",breaking,81,0.547806141925926,0.197530864197531,3.20502057613169,0.340371456828404,40.2604938271605,1.4820987654321,5.69234567901235,43.1066666666667,1.184,5.83711111111111,2.84617283950618,0.331390863306284,2.7732685935,16
702352,CH,2025,"Bivens, Spencer",offspeed,106,0.546891739169811,0.216981132075472,2.92986819535976,0.183162938459233,35.1575471698113,-1.83056603773585,6.14481132075472,36.7358851674641,-1.79543062200957,6.21705741626794,1.57833799765281,0.0803367646545763,2.52045758052174,23
672456,KC,2024,"Montero, Keider",breaking,93,0.546768578967742,0.225806451612903,6.48527433973298,0.259289690374865,48.6774193548387,-2.36075268817204,5.95505376344086,42.1921450151057,-2.4729003021148,5.83151057401812,6.48527433973297,0.166853249790935,2.42140370685714,21
615698,FS,2024,"Quantrill, Cal",offspeed,398,0.546211264572864,0.21105527638191,2.77054065950191,0.192462899247129,44.5869346733668,-1.46417085427136,6.25949748743719,46.1078467153285,-1.39551483420593,6.32659685863874,1.52091204196167,0.0959998682648467,2.58800099166667,84
640455,CH,2024,"Manaea, Sean",offspeed,169,0.545991676473373,0.224852071005917,5.51719859673142,0.685256941599098,23.4272189349112,2.97994082840237,5.55757396449704,21.1304783092325,2.97935064935065,5.35153679653679,2.29674062567877,0.206038013221816,2.42822614010526,38
608717,CH,2024,"Stratton, Chris",offspeed,51,0.545756371058824,0.235294117647059,1.61986928104575,0.124507126467249,33.3509803921569,-1.83078431372549,5.83901960784314,34.0911111111111,-1.8445,5.83194444444445,0.740130718954227,0.015433016137455,2.319464577,12
686560,ST,2026,"Collyer, Gavin",breaking,46,0.54385481826087,0.282608695652174,5.25897920604915,0.298532933313214,13.2391304347826,-3.79934782608696,4.86978260869565,18.4434782608696,-3.67817391304348,5.07582608695652,5.20434782608696,0.239033537680608,1.92440935692308,13
489119,CH,2023,"Miley, Wade",offspeed,106,0.543657826867924,0.207547169811321,6.10747518375387,0.39071760598833,46.1179245283019,2.04801886792453,6.07,52.2028112449799,1.7444578313253,6.29534136546185,6.084886716678,0.378058241451509,2.61944225672727,22
669373,SL,2026,"Skubal, Tarik",breaking,91,0.543042130857143,0.274725274725275,4.30236222630236,0.44048511503022,45.2659340659341,2.15087912087912,6.0278021978022,49.5139650872818,1.7542144638404,6.20683291770574,4.2480310213477,0.435195184730746,1.97667335632,25
674370,SL,2023,"Bido, Osvaldo",breaking,95,0.540832815452632,0.221052631578947,2.18459330143541,0.162590954318794,37.6210526315789,-2.19905263157895,5.91515789473684,36.9909090909091,-2.11393939393939,5.90797979797979,0.630143540669842,0.0854153867551998,2.44662464133333,21
621111,SL,2025,"Buehler, Walker",breaking,164,0.540381360536586,0.207317073170732,4.52938168186233,0.222964491825248,45.8829268292683,-1.21207317073171,5.55567073170732,41.5984819734346,-1.26621212121212,5.47221590909091,4.28444485583371,0.099477300813081,2.60654538611765,34
687473,CH,2025,"Gusto, Ryan",offspeed,76,0.539838121631579,0.210526315789474,6.32546439628485,0.276966534806734,38.0815789473684,-2.29842105263158,5.67802631578947,44.2676470588235,-2.13269896193772,5.79653979238755,6.18606811145513,0.203738203288696,2.56423107775,16
608331,CH,2024,"Fried, Max",offspeed,189,0.538919158306879,0.227513227513228,9.16467466616279,0.573611426066954,40.7613756613756,1.65640211640212,5.66867724867725,49.9038690476191,1.19425595238095,5.988125,9.14249338624344,0.561805965387197,2.36873769581395,43
628317,ST,2024,"Maeda, Kenta",breaking,112,0.538398726892857,0.178571428571429,1.49411886376173,0.191628989626006,37.6357142857143,-2.09651785714286,5.59857142857143,38.2247104247104,-2.11988416988417,5.6811583011583,0.588996138996158,0.0858287603009901,3.0150328706,20
600921,CH,2023,"Machado, Andrés",offspeed,77,0.537496819584416,0.246753246753247,3.91754261363636,0.284643672841153,30.3363636363636,-2.24012987012987,5.18662337662338,33.44609375,-2.051796875,5.32953125,3.10973011363636,0.236414841597598,2.17827658463158,19
647315,SL,2024,"Pop, Zach",breaking,43,0.536070703069767,0.232558139534884,2.5881357224552,0.149858532362695,29.6,-1.97116279069768,5.38744186046512,29.815737704918,-1.90325806451613,5.43683870967742,0.215737704918034,0.0839708315422313,2.3051040232,10
666171,SL,2026,"Zeferjahn, Ryan",breaking,45,0.535662321333334,0.2,4.01320813771518,0.312411843676333,38.5355555555556,-2.07066666666667,5.74266666666667,35.9845070422535,-1.95859154929578,5.64767605633803,2.55104851330204,0.146915104683984,2.67831160666667,9
641771,CH,2024,"Kuhl, Chad",offspeed,56,0.5347321305,0.196428571428571,4.85722049689441,0.364252302972157,21.9321428571429,-2.82232142857143,5.07964285714286,23.4340579710145,-2.60898550724638,5.30485507246377,1.50191511387163,0.310214050709121,2.72227266436364,11
543507,CH,2023,"May, Trevor",offspeed,50,0.534247962,0.22,2.97794029850747,0.256498238513508,40.146,-1.4142,5.686,42.3582089552239,-1.21179104477612,5.76791044776119,2.21220895522389,0.218354543362996,2.42839982727273,11
630023,SL,2024,"Chirinos, Yonny",breaking,77,0.534210271532468,0.233766233766234,2.00487281313728,0.27665454326975,44.7792207792208,-1.51350649350649,6.64636363636364,43.3371900826446,-1.51429752066116,6.59198347107438,1.44203069657617,0.0543859182219674,2.28523282822222,18
681190,CU,2025,"Vásquez, Randy",breaking,133,0.533096225142857,0.157894736842105,3.19160519222586,0.211788879126115,38.087969924812,-1.93924812030075,6.01315789473684,36.2183962264151,-1.804171875,6.0075625,1.86957369839697,0.135192087367608,3.37627609257143,21
663559,SL,2025,"Falter, Bailey",breaking,175,0.532133473645714,0.2,2.36300076394193,0.260982683642803,53.3914285714286,1.60651428571429,5.77988571428571,55.2326203208556,1.36479500891265,5.83069518716577,1.84119174942701,0.247001642326226,2.66066736822857,35
455119,FS,2024,"Martin, Chris",offspeed,44,0.531561298636364,0.227272727272727,2.48610202746893,0.166498563292785,39.4954545454546,-2.94636363636364,6.04568181818182,41.0694244604317,-2.87557553956835,6.13014388489208,1.5739699149771,0.110203427173878,2.338869714,10
656412,CH,2024,"Faedo, Alex",offspeed,89,0.530375649438202,0.224719101123596,6.53231325165151,0.609311440775091,27.8168539325843,-2.27674157303371,5.86348314606741,34.2859296482412,-2.05160804020101,6.09145728643216,6.46907571565694,0.320401804428094,2.36017164,20
669461,CH,2025,"Liberatore, Matthew",offspeed,126,0.529972192571429,0.158730158730159,5.84980997093677,0.374748994344731,41.8087301587302,0.789206349206349,6.37634920634921,47.6207746478874,0.505922671353251,6.55253075571177,5.81204448915721,0.333600929965384,3.3388248132,20
686752,SL,2025,"Pepiot, Ryan",breaking,244,0.529916679786885,0.221311475409836,3.43890690439154,0.284034571762523,40.0274590163934,-1.09241803278689,5.87098360655737,43.2578102189781,-0.865664233576642,5.90963503649635,3.23035120258467,0.230024386734553,2.39443833088889,54
622663,CH,2025,"Severino, Luis",offspeed,63,0.528512934285714,0.174603174603175,5.12256817256815,0.371540674558128,36.5603174603175,-1.98349206349206,5.74809523809524,41.447668997669,-1.91296037296037,6.01537296037296,4.88735153735151,0.276427386840063,3.02693771454545,11
594902,CU,2024,"Lively, Ben",breaking,109,0.528247325431193,0.174311926605505,3.53870763149358,0.186237824793659,40.5834862385321,-1.43045871559633,5.31128440366972,38.1885852090032,-1.33827974276527,5.24242765273311,2.39490102952892,0.115057442965396,3.03047149852632,19
571948,CH,2025,"Milner, Hoby",offspeed,94,0.528230230212766,0.191489361702128,4.17430250848581,0.268898640765362,-8.87872340425532,4.44861702127659,4.01468085106383,-4.76381322957198,4.33046692607004,4.23642023346303,4.11491017468334,0.251252460095613,2.75853564666667,18
680573,SL,2026,"Woods Richardson, Simeon",breaking,102,0.52802158172549,0.186274509803922,3.99953507176064,0.230478041247339,45.1058823529412,-1.29490196078431,6.42264705882353,48.9469072164948,-1.14067010309278,6.50041237113402,3.84102486355364,0.172727848726625,2.83464217557895,19
680570,CU,2026,"Rodriguez, Grayson",breaking,41,0.527249069853658,0.146341463414634,3.36338167435728,0.168056606494407,40.5243902439024,-2.51317073170732,5.72512195121951,37.5040540540541,-2.47036036036036,5.64072072072072,3.02033618984836,0.094637707096984,3.602868644,6
669923,KC,2023,"Kirby, George",breaking,43,0.524722150697674,0.0697674418604651,1.34594480055093,0.17894175613521,37.0906976744186,-1.40372093023256,5.84279069767442,36.8243735763098,-1.43571753986333,5.94646924829157,0.266324098108797,0.108503570844176,7.52101749333333,3
678024,CH,2025,"Vasil, Mike",offspeed,99,0.524480277939394,0.181818181818182,2.31553540152116,0.122725790191291,30.6646464646465,-1.57040404040404,5.86484848484849,28.9653206650831,-1.59128266033254,5.86938242280285,1.69932579956336,0.0213652372674126,2.88464152866667,18
615698,FS,2026,"Quantrill, Cal",offspeed,96,0.524274642916667,0.197916666666667,3.52559335443039,0.247531847467033,45.7354166666667,-1.23854166666667,6.31166666666667,42.7256329113924,-1.4298417721519,6.22363924050633,3.00978375527428,0.210581476191698,2.64896661684211,19
669387,SL,2025,"Mlodzinski, Carmen",breaking,121,0.524032284727273,0.173553719008264,4.40134098308405,0.532362939123808,27.9818181818182,-2.83933884297521,5.14801652892562,30.3286501377411,-2.43644628099173,5.25873278236914,2.34683195592289,0.417828320340038,3.01942411676191,21
663941,SL,2023,"Beck, Tristan",breaking,94,0.523073546340426,0.191489361702128,3.39608062709966,0.258352183029653,46.7531914893617,-2.39159574468085,6.12914893617021,43.5947368421053,-2.46315789473684,6.09328947368421,3.15845464725644,0.0800440027136407,2.73160629755556,18
641302,ST,2024,"Alexander, Tyler",breaking,144,0.5229060235,0.166666666666667,3.87650420254201,0.310299937108695,33.5381944444444,1.60055555555556,5.52006944444444,36.4047970479704,1.45808118081181,5.66867158671587,2.86660260352601,0.205867783167444,3.137436141,24
543243,CH,2024,"Gray, Sonny",offspeed,60,0.5220128786,0.316666666666667,2.7109825327511,0.222752891014479,45.975,-0.926,5.41833333333333,48.3599708879185,-0.79703056768559,5.50427947598254,2.3849708879185,0.154983398813481,1.64846172189474,19
690986,CH,2023,"Harrison, Kyle",offspeed,41,0.521231673756098,0.170731707317073,4.62029947514666,0.323432438186483,26.4390243902439,2.39365853658537,4.95951219512195,30.8462025316456,2.15955696202532,5.05727848101266,4.40717814140167,0.253696263016146,3.05292837485714,7
683155,ST,2024,"Estes, Joey",breaking,225,0.521124228764444,0.195555555555556,2.25347263681592,0.253401750245314,36.0915555555555,-2.19484444444444,5.75493333333333,36.6323383084577,-2.05134328358209,5.90063018242122,0.54078275290216,0.204499767733325,2.66483980618182,44
621111,SL,2026,"Buehler, Walker",breaking,94,0.521086718978724,0.25531914893617,3.45721322297261,0.183892566208096,48.6638297872341,-0.982340425531915,5.64808510638298,45.4152744630072,-1.084,5.59166666666666,3.24855532422686,0.116265684623864,2.04092298266667,24
674841,CU,2025,"Alvarez, Andrew",breaking,53,0.520729885584906,0.132075471698113,3.26235190873191,0.185735044495286,48.9528301886793,1.34132075471698,6.38188679245283,45.9023255813953,1.35,6.29372093023256,3.05050460728391,0.0885920344033647,3.94266913371429,7
672582,SL,2024,"Zerpa, Angel",breaking,100,0.51973008552,0.2,5.37272093023256,0.26554881531375,33.73,2.5685,5.4582,29.0949612403101,2.58639534883721,5.33968992248062,4.63503875968993,0.11985358561034,2.5986504276,20
685299,SL,2026,"Gordon, Tanner",breaking,117,0.518928531931624,0.213675213675214,4.3500592366929,0.314359804584891,40.0512820512821,-2.95452991452992,6.13641025641026,44.3589108910891,-2.72628712871287,6.32222772277228,4.30762883980706,0.294317685643805,2.42858552944,25
593958,CH,2026,"Rodriguez, Eduardo",offspeed,259,0.518283794749035,0.22007722007722,1.52037841880774,0.132379938243137,42.8030888030888,1.29579150579151,5.97335907335908,42.4677137870855,1.29109947643979,5.94155322862129,0.335375016003319,0.0321500684123967,2.35500882175439,57
548389,SL,2024,"Stripling, Ross",breaking,99,0.518043766949495,0.141414141414141,4.64464531680441,0.259397687761195,64.2070707070707,-1.04474747474748,6.96434343434344,59.8460227272727,-1.19767045454545,6.79573863636364,4.36104797979797,0.227624725484957,3.66330949485714,14
680736,SL,2025,"Wrobleski, Justin",breaking,150,0.517477597226667,0.24,2.47591666666667,0.206021554671029,36.966,2.33846666666667,5.4736,35.8328125,2.171875,5.44993749999999,1.13318749999998,0.168263773014362,2.15615665511111,36
666745,CH,2024,"Brito, Jhony",offspeed,116,0.516259916517242,0.241379310344828,3.10948275862069,0.177110516821089,55.8155172413793,-1.23241379310345,6.13405172413793,53.85,-1.23342105263158,6.18447368421053,1.96551724137932,0.0504320198814142,2.13879108271429,28
665152,CU,2024,"Kremer, Dean",breaking,81,0.516005354074074,0.160493827160494,5.40350340507663,0.268754066586002,45.3530864197531,-1.80222222222222,6.18246913580247,39.9710914454278,-1.97194690265487,6.00727138643068,5.38199497432532,0.24392769119742,3.21511028307692,13
681347,SL,2026,"Burrows, Mike",breaking,136,0.515577696176471,0.264705882352941,2.5698759911488,0.392950072615316,38.2433823529412,-2.31779411764706,5.89161764705882,39.5542319749216,-2.21554858934169,5.94899686520376,1.31084962198042,0.117245565943315,1.94773796333333,36
642528,CU,2026,"Loáisiga, Jonathan",breaking,46,0.515376670347826,0.260869565217391,5.4516304347826,0.356943021058344,46.1586956521739,-2.04804347826087,5.47108695652174,40.883125,-1.87905325443787,5.36532544378698,5.2755706521739,0.199356949524444,1.97561056966667,12
669020,SL,2026,"Rolison, Ryan",breaking,50,0.51503747904,0.16,2.88922580645161,0.15292319727644,48.72,1.773,5.8964,47.2282258064516,1.70015384615385,5.89407692307692,1.49177419354837,0.0728831861032986,3.218984244,8
650895,SL,2024,"Castillo, Diego",breaking,48,0.514483053833333,0.25,3.13910256410257,0.203555959703405,33.9208333333333,-1.51395833333333,5.919375,31.0923076923077,-1.47346153846154,5.79384615384615,2.82852564102565,0.131899513310718,2.05793221533333,12
675540,SL,2023,"Curry, Xzavion",breaking,149,0.514168758416107,0.248322147651007,5.65552542061227,0.371191191793375,57.7355704697987,-1.75885906040269,5.97187919463087,63.3910958904109,-1.41801369863014,6.06657534246575,5.65552542061226,0.353755453748242,2.07057148659459,37
676664,ST,2025,"Sears, JP",breaking,263,0.513557504988593,0.23574144486692,6.68864838456146,0.403035411485656,22.0596958174905,1.39456273764259,4.68235741444867,28.7180633147114,1.133947858473,4.97666666666666,6.65836749722087,0.393113280347656,2.17847780341936,62
813349,CH,2026,"Early, Connelly",offspeed,149,0.512725060885906,0.221476510067114,3.16325049882096,0.244464494132895,28.6181208053691,2.78409395973154,5.44409395973154,31.5745945945946,2.56056756756757,5.45981081081081,2.95647378922544,0.224078261778539,2.31503133551515,33
683155,SL,2024,"Estes, Joey",breaking,163,0.512600863631902,0.214723926380368,3.05780606171597,0.187475222622498,39.3766871165644,-2.01398773006135,5.87319018404908,36.6323383084577,-2.05134328358209,5.90063018242122,2.74434880810673,0.0463507377449818,2.38725545062857,35
592866,CH,2023,"Williams, Trevor",offspeed,75,0.510773486293333,0.213333333333333,1.63801212121212,0.165583137493253,17.3266666666667,-2.35186666666667,5.012,17.7654545454546,-2.33569536423841,4.9792715231788,0.438787878787903,0.0365056737680843,2.394250717,16
647336,CH,2024,"Soroka, Michael",offspeed,52,0.510077565692308,0.115384615384615,1.9700753252682,0.202045459673477,36.7769230769231,-2.75192307692308,6.14346153846154,35.8445103857567,-2.70709198813056,5.99394658753709,0.932412691166391,0.156091470209813,4.420672236,6
605488,SL,2024,"Springs, Jeffrey",breaking,53,0.508979840603774,0.226415094339623,2.7924709724238,0.209911369553593,42.8,2.58264150943396,5.99018867924528,40.4605769230769,2.57442307692308,5.83163461538462,2.33942307692308,0.15876691657794,2.247994296,12
800048,CU,2026,"Messick, Parker",breaking,57,0.508968708842105,0.087719298245614,3.24532271638507,0.165119332733855,45.721052631579,1.02333333333333,5.53052631578948,42.7726937269373,0.988379373848988,5.43296500920811,2.9483589046417,0.103633912526243,5.8022432808,5
680573,FS,2026,"Woods Richardson, Simeon",offspeed,102,0.508114217529412,0.176470588235294,4.38990297149787,0.262879597502772,45.8509803921569,-1.26882352941177,6.39607843137255,48.9469072164948,-1.14067010309278,6.50041237113402,3.09592682433797,0.165253961112719,2.87931389933333,18
676440,ST,2026,"Bibee, Tanner",breaking,40,0.5068525518,0.15,6.59509141494435,0.371759540274729,47.5525,-2.63175,6.1715,53.7157392686804,-2.33621621621622,6.2906041335453,6.16323926868044,0.318631467349252,3.379017012,6
596001,CH,2023,"Junis, Jakob",offspeed,43,0.506824780186047,0.27906976744186,1.75005206525512,0.203030864741795,30.6953488372093,-1.97255813953488,5.86767441860465,30.4477611940299,-1.89492537313433,5.74074626865672,0.247587643179465,0.148787101820718,1.816122129,12
676710,KC,2023,"Crawford, Kutter",breaking,42,0.506380320666667,0.19047619047619,4.80463036043143,0.139596153121776,52.1452380952381,-1.05690476190476,5.98119047619048,47.3406077348067,-1.15365284974093,5.9619170984456,4.80463036043142,0.0986491540240069,2.6584966835,8
519151,SL,2025,"Pressly, Ryan",breaking,72,0.504785972666667,0.166666666666667,3.2672619047619,0.14590850251462,57.7402777777778,-0.559444444444445,5.96597222222222,55.134693877551,-0.581700680272109,5.86659863945578,2.60558390022674,0.101835401433176,3.028715836,12
668678,KC,2026,"Gallen, Zac",breaking,148,0.502840499837838,0.216216216216216,3.56818405997237,0.254241799232716,43.3277027027027,-2.6747972972973,5.93648648648649,45.3675182481752,-2.51756183745583,6.03226148409894,2.03981554547244,0.184108229037222,2.32563731175,32
607625,CH,2026,"Lugo, Seth",offspeed,79,0.502748263443038,0.151898734177215,2.75554960390179,0.166561999331452,27.8417721518987,-1.96746835443038,5.45544303797468,29.5875278396437,-1.9497995545657,5.49886414253897,1.74575568774494,0.0468783405235418,3.309759401,12
669461,CH,2026,"Liberatore, Matthew",offspeed,123,0.502604591804878,0.219512195121951,5.7655833823754,0.351490252252335,41.659349593496,0.828617886178862,6.43463414634146,47.4249329758713,0.525079787234043,6.59390957446808,5.76558338237537,0.34278862220901,2.28964314044445,27
674003,SL,2024,"Bradford, Cody",breaking,44,0.500254266636364,0.159090909090909,2.9947964493419,0.291290072825142,55.9227272727273,0.716818181818182,6.16454545454546,58.693265993266,0.458249158249159,6.28,2.77053872053873,0.283174313834346,3.14445539028571,7
663362,ST,2024,"Waldron, Matt",breaking,184,0.498129898369565,0.184782608695652,2.05631100266195,0.232039508959347,27.0309782608696,-1.46505434782609,5.38717391304348,27.9438775510205,-1.37401221995927,5.47619144602851,0.912899290150875,0.127329455450261,2.69576180294118,34
681867,CH,2026,"Criswell, Cooper",offspeed,64,0.4978996781875,0.21875,2.44159090909091,0.150667299671903,5.59375,-1.9121875,4.7046875,7.60545454545455,-1.88636363636364,4.79,2.01170454545455,0.08913526007905,2.27611281457143,14
663465,CH,2025,"Allard, Kolby",offspeed,107,0.497732771925234,0.14018691588785,2.0980140186916,0.273992384960941,44.4971962616823,2.12542056074766,5.55785046728972,45.2842948717949,2.0298717948718,5.32198717948718,0.787098610112651,0.254481938835401,3.55049377306667,15
622491,CH,2026,"Castillo, Luis",offspeed,116,0.497195699172414,0.181034482758621,7.13816544321757,0.433978275731497,10.5965517241379,-2.12215517241379,4.83706896551724,17.6359570661896,-2.20175531914893,5.16634751773049,7.03940534205169,0.338763262925467,2.74641433828571,21
663765,ST,2025,"Woodford, Jake",breaking,53,0.496991751396226,0.169811320754717,3.45414273995078,0.25836424016817,21.9018867924528,-2.32849056603774,4.90924528301887,25.2993788819876,-2.18341614906832,5.07472049689441,3.39749208953474,0.220065065074336,2.92672920266667,9
605488,SL,2025,"Springs, Jeffrey",breaking,244,0.496681948327869,0.192622950819672,2.51598950347917,0.20818411540867,43.3725409836066,2.4294262295082,6.09393442622951,42.2444244604317,2.33510791366907,5.97075539568345,1.12811652317487,0.155141929435587,2.57851905089362,47
801403,SL,2025,"Dollander, Chase",breaking,87,0.496269577057471,0.195402298850575,3.44748259672979,0.237536664724349,26.9459770114943,-2.24471264367816,5.37413793103448,23.9239436619719,-2.28647887323944,5.37102615694165,3.02203334952241,0.041881989801943,2.53973254141176,17
702273,CH,2026,"Schultz, Noah",offspeed,58,0.496049804689655,0.241379310344828,2.00673981191223,0.264986188142257,22.2224137931034,1.85948275862069,5.7501724137931,20.6727272727273,1.9500974025974,5.83474025974026,1.54968652037618,0.12394649761558,2.05506347657143,14
608717,SL,2023,"Stratton, Chris",breaking,69,0.495734278608696,0.130434782608696,1.81302348825587,0.120624570021781,36.6840579710145,-1.87739130434783,5.81666666666667,36.1662068965517,-1.80544217687075,5.83891156462585,0.51785107446279,0.0753094444935503,3.80062946933333,9
669060,CH,2025,"Wilson, Bryse",offspeed,69,0.495513257043478,0.159420289855072,5.40553359683795,0.390812415084285,35.504347826087,-2.70144927536232,5.74449275362319,40.9098814229249,-2.52909803921569,5.84556862745098,5.40553359683795,0.199803105259461,3.10821952145455,11
571946,SL,2024,"Miller, Shelby",breaking,85,0.494024057411765,0.211764705882353,2.88059594143334,0.199887448085276,47.7505882352941,-1.53835294117647,5.35235294117647,45.5336244541485,-1.51272340425532,5.31676595744681,2.21696378114564,0.0438555193079251,2.33289138222222,18
657424,SL,2025,"Gage, Matt",breaking,124,0.493682309419355,0.169354838709677,2.77705185790118,0.402040767275639,49.991935483871,2.1433064516129,6.34435483870968,52.2544303797468,1.85063291139241,6.45607594936709,2.26249489587586,0.313272098520958,2.91507649371429,21
641302,CH,2026,"Alexander, Tyler",offspeed,98,0.492255549795918,0.224489795918367,1.76488141202427,0.144793746202786,33.7683673469388,2.59744897959184,5.4280612244898,32.7843243243243,2.53562162162162,5.46372972972973,0.984043022614465,0.0713783192547159,2.19277472181818,22
702474,CH,2026,"Paredes, Mike",offspeed,69,0.488955903884058,0.173913043478261,4.26734505087883,0.259228795807891,35.8579710144927,-1.54130434782609,5.17159420289855,39.931914893617,-1.37205673758865,5.33042553191489,4.0739438791243,0.232103736825109,2.81149644733333,12
672710,CH,2024,"Contreras, Roansy",offspeed,51,0.488563872235294,0.215686274509804,1.93120309852336,0.305514351240937,48.0117647058824,-1.0943137254902,5.89254901960784,47.8971193415638,-1.10271604938272,5.93234567901235,0.114645364318569,0.0406739861158589,2.26515977127273,11
693686,SL,2026,"Miles, Spencer",breaking,85,0.488339887341177,0.2,1.76849451645065,0.193564087155535,37.2811764705882,-1.28329411764706,5.80976470588235,37.364406779661,-1.12352542372881,5.85708474576271,0.0832303090727677,0.166628994267566,2.44169943670588,17
641778,SL,2026,"Lauer, Eric",breaking,56,0.488145525,0.107142857142857,2.15178571428571,0.137175552004938,38.6232142857143,1.70482142857143,6.13321428571428,37.5213389121339,1.65794979079498,6.06864016736401,1.1018753735804,0.0797920245924458,4.5560249,6
666277,CH,2025,"Soriano, George",offspeed,97,0.487777712164948,0.164948453608247,6.51468566808167,0.442287249305423,34.3896907216495,-2.28494845360825,5.65835051546392,28.5225490196079,-2.38176470588235,5.4643137254902,5.86714170204163,0.216849400662559,2.95715238,16
686613,SL,2024,"Brown, Hunter",breaking,91,0.484745386021978,0.21978021978022,3.90730001705611,0.285940139832238,58.6978021978022,-1.61747252747253,6.25945054945055,58.3050997782705,-1.57266888150609,6.27850498338871,0.392702419531645,0.0486871455785752,2.2055915064,20
669373,SL,2025,"Skubal, Tarik",breaking,156,0.483742294512821,0.243589743589744,2.69985932604383,0.345586986558097,49.0038461538462,1.91314102564102,6.0626282051282,51.2693266832917,1.61160847880299,6.17537406483789,2.26548052944555,0.321921583129038,1.98588941957895,38
608379,CU,2026,"Wacha, Michael",breaking,60,0.4835329242,0.2,1.60970425138631,0.175417662626625,52.9466666666667,-2.1145,6.5455,52.2584103512015,-1.98158964879852,6.54371534195933,0.688256315465168,0.132922332438242,2.417664621,12
664350,CH,2024,"Sánchez, Sixto",offspeed,83,0.48301901373494,0.144578313253012,5.47204819277109,0.379862610377012,30.2518072289157,-2.64433734939759,5.56457831325301,35.64,-2.44698412698413,5.84597883597884,5.38819277108434,0.343707067991545,3.34088151166667,12
641703,SL,2024,"Honeywell, Brent",breaking,67,0.482542868358209,0.134328358208955,2.0043514820265,0.178246557831196,47.2641791044776,-0.924328358208956,6.20597014925373,45.6535211267605,-0.813028169014085,6.19316901408451,1.61065797771708,0.112033928684281,3.59226357555556,9
687330,CH,2026,"Kelly, Kevin",offspeed,93,0.482282317806452,0.268817204301075,2.56381834820407,0.17254490501218,-0.496774193548387,-1.68236559139785,3.57838709677419,1.39042553191489,-1.62148148148148,3.69126984126984,1.88719972546328,0.128255170832128,1.79409022224,25
683627,CH,2025,"Molina, Anthony",offspeed,47,0.481885986382979,0.234042553191489,7.16296135475468,0.410359545270822,42.9829787234042,-1.71531914893617,5.97553191489362,49.9734693877551,-1.3978231292517,6.20591836734694,6.99049066435087,0.392277503802484,2.05896739636364,11
664299,KC,2023,"Javier, Cristian",breaking,45,0.4781094952,0.133333333333333,3.9770904925544,0.214206908087995,41.4066666666667,-1.68866666666667,5.80555555555556,37.4958762886598,-1.65654639175258,5.67399484536083,3.91079037800687,0.135425007024173,3.585821214,6
666205,SL,2023,"Muller, Kyle",breaking,57,0.477287033473684,0.175438596491228,1.49328286469599,0.266981750517542,33.9912280701754,2.23175438596491,5.98105263157895,33.4171232876712,2.32294520547945,5.94719178082192,0.574104782504193,0.0972744713566902,2.7205360908,10
806188,SL,2025,"Gibson, Cade",breaking,42,0.476902835714286,0.119047619047619,2.70144724556491,0.221615142764697,32.5952380952381,1.46785714285714,5.76619047619048,35.071568627451,1.29892156862745,5.85205882352941,2.47633053221291,0.189506203895903,4.00598382,5
640455,SL,2024,"Manaea, Sean",breaking,76,0.476480302368421,0.289473684210526,4.8453237515368,0.511396669730983,25.9276315789474,2.53657894736842,5.55565789473684,21.1304783092325,2.97935064935065,5.35153679653679,4.7971532697149,0.487557384116611,1.64602286272727,22
666974,CH,2025,"Cano, Yennier",offspeed,65,0.476027249353846,0.307692307692308,4.2162899408284,0.206735448297147,20.7738461538462,-2.36907692307692,5.67630769230769,16.5973076923077,-2.28934615384615,5.53596153846154,4.17653846153846,0.161412634144721,1.5470885604,20
663978,CU,2025,"Paddack, Chris",breaking,106,0.475831548,0.150943396226415,1.48043645162041,0.193433711784065,49.3735849056604,-2.04122641509434,6.16537735849057,49.3543773119605,-1.91758241758242,6.15162393162394,0.0192075936998677,0.124406570852603,3.1523840055,16
663978,CU,2024,"Paddack, Chris",breaking,82,0.474061846439024,0.170731707317073,2.49938609590177,0.285480917514857,46.9341463414634,-2.5530487804878,6.24353658536586,48.9721088435374,-2.28367346938776,6.25785714285715,2.037962502074,0.269755697988216,2.77664795771429,14
680573,FS,2025,"Woods Richardson, Simeon",offspeed,93,0.473222823612903,0.268817204301075,3.41407839734998,0.304282982236749,45.0150537634408,-1.33666666666667,6.30924731182796,47.7591687041565,-1.13112195121951,6.47541463414634,2.74411494071568,0.26431081902698,1.76038890384,25
661563,CH,2025,"Gil, Luis",offspeed,92,0.472912150347826,0.16304347826087,14.8911155337824,0.637763794972642,23.0445652173913,-3.15413043478261,5.16869565217391,37.9356807511737,-2.90845794392523,5.74799065420561,14.8911155337824,0.629235784220008,2.90052785546667,15
676604,ST,2025,"Zuber, Tyler",breaking,48,0.47289100175,0.229166666666667,7.53047839506173,0.390628281285157,32.2729166666667,-2.20083333333333,5.03020833333333,39.1518518518519,-2.01481481481481,5.3137037037037,6.87893518518518,0.339075971211848,2.06352437127273,11
571670,CH,2024,"Floro, Dylan",offspeed,44,0.472617045090909,0.227272727272727,5.86959903214656,0.322489385451943,33.4090909090909,-3.57477272727273,5.90795454545455,39.0121673003802,-3.31908745247148,6.05783269961977,5.60307639128932,0.296375472747262,2.0795149984,10
676083,SL,2025,"Junk, Janson",breaking,253,0.470970515920949,0.213438735177866,4.79985470306479,0.271296619366004,53.5675889328063,-0.563478260869565,5.80201581027668,55.7320872274143,-0.411464174454829,5.88068535825545,2.16449829460799,0.171164190903623,2.20658408385185,54
543037,KC,2026,"Cole, Gerrit",breaking,55,0.468431291127273,0.218181818181818,2.21486962649753,0.239491002157923,38.0618181818182,-2.28290909090909,5.82872727272727,37.7821705426357,-2.22907335907336,5.84776061776062,0.279647639182521,0.0571012630810132,2.146976751,12
681343,SL,2025,"Smith, Shane",breaking,130,0.467539973353846,0.207692307692308,2.18763100057838,0.296825845883187,34.1284615384616,-2.32207692307692,5.84446153846154,33.0972932330827,-2.09848214285714,5.76967261904762,1.03116830537887,0.235771092818083,2.25111839022222,27
607625,CH,2025,"Lugo, Seth",offspeed,115,0.467370881982609,0.191304347826087,2.65438978662618,0.16322806537222,31.3313043478261,-1.32330434782609,5.54173913043479,32.3716632443531,-1.36205338809035,5.59324435318275,1.04035889652705,0.0644536739970596,2.44307506490909,22
607625,ST,2026,"Lugo, Seth",breaking,104,0.466390993153846,0.144230769230769,5.75122494432073,0.327527139076835,24.2557692307692,-2.21509615384615,5.35903846153846,29.5875278396437,-1.9497995545657,5.49886414253897,5.33175860887445,0.299889157284873,3.2336442192,15
694297,CH,2026,"Pfaadt, Brandon",offspeed,77,0.466258070649351,0.220779220779221,5.57226502311248,0.432945157153087,23.2831168831169,-2.43857142857143,5.25935064935065,28.6040677966102,-2.36200636942675,5.52964968152866,5.32095091349328,0.280933755675956,2.11187479058824,17
656232,CH,2024,"Bielak, Brandon",offspeed,63,0.465337512190476,0.142857142857143,2.53457622042528,0.138329778706674,43.9793650793651,-1.08936507936508,6.13095238095238,45.2518867924528,-1.07432432432432,6.2009009009009,1.27252171308776,0.0715473252832284,3.25736258533333,9
608032,SL,2025,"Estévez, Carlos",breaking,148,0.464265230054054,0.175675675675676,4.29862870250326,0.188669950452347,44.5905405405405,-1.8577027027027,6.04331081081081,40.3228782287823,-1.87819188191882,5.93324723247232,4.26766231175823,0.111954444939102,2.64274054030769,26
683155,CH,2024,"Estes, Joey",offspeed,97,0.463343559835052,0.185567010309278,3.84576601528441,0.199031159144249,40.3278350515464,-1.97938144329897,5.84422680412371,36.6323383084577,-2.05134328358209,5.90063018242122,3.69549674308869,0.0914322018782522,2.49690696133333,18
518876,CU,2025,"Kelly, Merrill",breaking,115,0.462632782852174,0.173913043478261,7.36743116980192,0.272236743536317,29.6208695652174,-1.84904347826087,5.67591304347826,22.2534383954155,-1.87938395415473,5.42292263610316,7.36743116980193,0.254803239189159,2.6601385014,20
674444,SL,2026,"Cruz, Steven",breaking,42,0.462283592857143,0.238095238095238,4.01539798401113,0.323203407505011,30.7071428571429,-3.19404761904762,5.5497619047619,27.0551094890511,-3.09620437956204,5.43948905109489,3.65203336809178,0.1474225280237,1.94159109,10
641778,CH,2025,"Lauer, Eric",offspeed,41,0.462085282536585,0.170731707317073,5.25069872406911,0.16201792949716,34.6975609756098,1.89024390243902,6.00121951219512,39.2096085409253,1.78640569395018,6.06697508896797,4.51204756531554,0.122907157720383,2.706499512,7
445926,CH,2024,"Chavez, Jesse",offspeed,64,0.4613067680625,0.140625,3.29617946708464,0.138920180741586,23.68125,-1.5825,5.16671875,20.6934169278997,-1.60501567398119,5.1196551724138,2.9878330721003,0.0521721756306928,3.280403684,9
661395,FS,2026,"Duran, Jhoan",offspeed,145,0.461210625241379,0.289655172413793,2.03047021943574,0.210066909157595,38.5627586206897,-2.20434482758621,6.20206896551724,39.3090909090909,-2.14155844155844,6.23675324675325,0.746332288401263,0.0717295590066332,1.59227477761905,42
675540,SL,2024,"Curry, Xzavion",breaking,127,0.461199132188976,0.173228346456693,4.46558874797137,0.298229168943786,57.1188976377953,-1.61,5.96015748031496,61.5335877862595,-1.34961832061069,6.04793893129771,4.41469014846425,0.274780279674935,2.66237680854545,22
676755,SL,2026,"Mattson, Isaac",breaking,42,0.461077654857143,0.261904761904762,2.73082595870204,0.181326643245932,47.8690476190476,-1.41452380952381,5.96761904761905,45.3814159292036,-1.34230088495575,5.85283185840708,2.48763168984406,0.135618028448831,1.76047831854545,11
687924,CH,2024,"Aguiar, Julian",offspeed,50,0.45787548504,0.22,4.45806711409395,0.355715652431948,25.188,-2.3886,5.3436,29.5979865771812,-2.19510067114094,5.62275167785235,4.40998657718119,0.339658136243911,2.08125220472727,11
453286,CH,2026,"Scherzer, Max",offspeed,45,0.4577795536,0.177777777777778,4.93333333333333,0.290445048080941,28.7888888888889,-3.23,5.50488888888889,33.7222222222222,-3.10277777777778,5.74492063492063,4.93333333333333,0.271662903117463,2.575009989,8
681190,CU,2026,"Vásquez, Randy",breaking,94,0.456461036978723,0.191489361702128,2.19811586772624,0.16226654048151,35.1436170212766,-1.92340425531915,5.96531914893617,33.3072289156626,-1.84541825095057,5.9691825095057,1.83638810561396,0.0780816395336706,2.38374097088889,18
607755,SL,2023,"Vasquez, Andrew",breaking,90,0.456256323644444,0.144444444444444,6.65430555555555,0.627439068059664,21.1644444444444,2.415,5.72722222222222,27.81875,2.14625,5.9725,6.65430555555556,0.363851275621792,3.15869762523077,13
573204,ST,2024,"Thielbar, Caleb",breaking,115,0.452533959756522,0.269565217391304,2.07142912848508,0.260288049337391,52.2713043478261,0.502260869565217,6.02852173913043,53.6358744394619,0.329375,6.06803571428571,1.36457009163579,0.177343954303195,1.678755012,31
676395,SL,2025,"Garcia, Robert",breaking,131,0.452409218473282,0.213740458015267,3.9533229622662,0.140446885219236,29.2503816793893,3.62259541984733,5.70732824427481,25.303317535545,3.70551886792453,5.6488679245283,3.94706414384431,0.101458894266969,2.11662884357143,28
676917,CH,2026,"Cavalli, Cade",offspeed,68,0.452216917411765,0.191176470588235,3.48305859771934,0.277769061073714,32.95,-2.10514705882353,5.91588235294118,36.3305182341651,-1.93275862068965,5.99318007662836,3.38051823416511,0.188925148377491,2.36544233723077,13
693686,CU,2026,"Miles, Spencer",breaking,129,0.451514416651163,0.193798449612403,2.1230587307844,0.202750827768031,38.3217054263566,-1.29736434108527,5.8346511627907,37.364406779661,-1.12352542372881,5.85708474576271,0.957298646695612,0.175280446235819,2.32981438992,25
656288,CH,2025,"Canning, Griffin",offspeed,169,0.450895841940828,0.224852071005917,4.99933431952663,0.231549065301046,38.187573964497,-1.22952662721894,5.68674556213018,43.1266304347826,-1.06326086956522,5.74657608695652,4.9390564702856,0.176703123541041,2.00529992863158,38
453286,CH,2025,"Scherzer, Max",offspeed,75,0.449450330826667,0.2,4.77745238095237,0.311780389335515,28.9413333333333,-3.09933333333333,5.44666666666667,33.6946428571429,-2.95776785714286,5.67550595238096,4.75330952380952,0.269087723122519,2.24725165413333,15
594902,CH,2024,"Lively, Ben",offspeed,107,0.449071354953271,0.177570093457944,2.63415722571144,0.156974282011603,37.1878504672897,-1.37448598130841,5.20317757009346,38.1885852090032,-1.33827974276527,5.24242765273311,1.00073474171344,0.0533990701853701,2.52898078842105,19
674072,CH,2024,"Henry, Tommy",offspeed,58,0.448130493724138,0.241379310344828,2.05572991947141,0.14449404829817,41.2413793103448,1.7501724137931,5.71396551724138,42.3287425149701,1.74095808383233,5.77682634730539,1.08736320462524,0.0635325730075679,1.85654061685714,14
690997,ST,2025,"McLean, Nolan",breaking,71,0.447717050985916,0.169014084507042,4.40404002965159,0.277375657011543,23.9732394366197,-3.79267605633803,5.01056338028169,28.1394736842105,-3.61953947368421,5.15532894736842,4.1662342475908,0.225684172389171,2.64899255166667,12
693821,CH,2025,"Elder, Bryce",offspeed,131,0.447103349557252,0.16793893129771,2.0418758835171,0.202131167490786,51.6229007633588,-1.09297709923664,6.47809160305343,50.3757407407408,-1.08709259259259,6.43857407407407,1.24716002261804,0.0399532541237754,2.66229721781818,22
693433,CH,2026,"Woo, Bryan",offspeed,61,0.446867940262295,0.163934426229508,2.06831334580262,0.159460444958815,23.172131147541,-1.75655737704918,4.96409836065574,23.7436241610738,-1.74830618892508,5.06071661237785,0.571493013532837,0.0969699369459213,2.7258944356,10
676440,ST,2024,"Bibee, Tanner",breaking,107,0.446240546504673,0.252336448598131,6.08323783468365,0.291660639739159,46.4242990654206,-2.46514018691589,6.0714953271028,50.7817809621289,-2.29244626407369,6.18507676560901,4.35748189670834,0.206697687843298,1.76843475837037,27
608344,SV,2024,"Irvin, Cole",breaking,170,0.446178550376471,0.158823529411765,4.76176348293999,0.321720878122065,36.815294117647,1.30105882352941,5.97764705882353,41.5006237006237,1.0562577962578,6.1529313929314,4.68532958297669,0.301084939405606,2.80927235422222,27
671111,SL,2025,"Peralta, Sammy",breaking,41,0.444762072097561,0.268292682926829,8.82390243902439,0.406310146815348,12.0560975609756,3.47707317073171,4.68,20.88,3.1376,4.8828,8.82390243902439,0.395436307951911,1.65774954145455,11
621383,ST,2023,"Banks, Tanner",breaking,41,0.444547299317073,0.195121951219512,6.754293699187,0.519923046328882,44.1634146341463,2.97390243902439,6.10853658536585,50.9177083333333,2.5746875,6.43,6.754293699187,0.512553699126728,2.278304909,8
681517,SL,2026,"Leahy, Kyle",breaking,137,0.443898471416058,0.197080291970803,3.48804844790246,0.247467750198094,41.6693430656934,-2.02189781021898,5.55240875912409,44.6703296703297,-1.81443223443223,5.6310989010989,3.00098660463623,0.221887592218543,2.25237372533333,27
657746,SL,2024,"Ryan, Joe",breaking,72,0.440620418888889,0.194444444444444,2.72834585018294,0.180406043692221,27.2,-2.48305555555556,4.83055555555556,25.4816291161179,-2.48922010398614,4.73637781629116,1.71837088388216,0.0943792786066163,2.26604786857143,14
676664,CH,2026,"Sears, JP",offspeed,44,0.440378850818182,0.181818181818182,8.96279688779689,0.360605765088887,20.5795454545455,1.35886363636364,4.72886363636364,29.5423423423423,1.10315789473684,4.96,8.96279688779689,0.344687459731204,2.4220836795,8
606996,SL,2026,"Hart, Kyle",breaking,49,0.43929530155102,0.183673469387755,2.20256288561937,0.340599986506598,39.2265306122449,2.35020408163265,5.68510204081632,37.5232558139535,2.18186046511628,5.57127906976744,1.70327479829142,0.203212307600221,2.391718864,9
694973,FS,2025,"Skenes, Paul",offspeed,209,0.438684764688995,0.210526315789474,2.64061233560801,0.262129854017473,22.2885167464115,-2.44521531100478,5.58138755980862,23.9289617486339,-2.41837431693989,5.60195355191257,1.64044500222237,0.0338141833201887,2.08375263227273,44
664199,CH,2026,"Clarke, Taylor",offspeed,96,0.437505432541667,0.197916666666667,5.54050447658406,0.465565831239899,39.8239583333333,-1.14927083333333,5.81354166666667,45.3487603305786,-0.82696,6.12976,5.52480199724521,0.45152885580009,2.21055376442105,19
691251,SL,2025,"Lara, Andry",breaking,40,0.4371549462,0.175,3.3302205882353,0.172001934989075,41.1325,-1.583,6.37075,38.3132352941177,-1.59514705882353,6.29779411764706,2.81926470588235,0.0739602042179348,2.498028264,7
693433,CH,2024,"Woo, Bryan",offspeed,81,0.433312963308642,0.197530864197531,2.3414096185738,0.159701898045659,26.5024691358025,-1.46407407407407,4.99444444444445,26.4505970149254,-1.50071641791045,5.04862686567164,0.0518721208770714,0.0654094498667012,2.19364687675,16
676664,CH,2024,"Sears, JP",offspeed,251,0.433305105912351,0.171314741035857,10.3727250021321,0.467282018930589,16.5127490039841,1.45561752988048,4.49525896414342,26.8854740061162,1.1856880733945,4.86145259938838,10.3727250021321,0.454928225078128,2.52929259497674,43
680736,SL,2026,"Wrobleski, Justin",breaking,237,0.432121088523207,0.181434599156118,2.10341911636503,0.238709467055341,35.4135021097046,2.30594936708861,5.55822784810126,36.4053719008264,2.08747933884298,5.60466942148761,0.991869791121808,0.223351680047961,2.38169065069767,43
663372,SL,2024,"Feltner, Ryan",breaking,232,0.431619389068966,0.198275862068966,2.71699376375642,0.168279833288604,42.4771551724138,-1.38245689655172,5.55560344827586,40.6645390070922,-1.31154255319149,5.52817375886525,1.81261616532162,0.0760344129679141,2.17686300573913,46
608032,CH,2025,"Estévez, Carlos",offspeed,83,0.430592218457831,0.180722891566265,1.64199528742275,0.199197276300462,40.5481927710844,-2.00012048192771,5.93072289156627,40.3228782287823,-1.87819188191882,5.93324723247232,0.225314542302073,0.121954728473883,2.38261027546667,15
676664,ST,2024,"Sears, JP",breaking,311,0.428730895266881,0.180064308681672,10.3706830093317,0.591966105186994,16.5147909967846,1.53752411575563,4.3956270096463,26.8854740061162,1.1856880733945,4.86145259938838,10.3706830093316,0.583765432997622,2.3809876505,56
663567,SL,2023,"Lambert, Peter",breaking,103,0.428312044660194,0.233009708737864,2.1377938940227,0.229575733100802,48.5980582524272,-1.9104854368932,5.85155339805825,49.3349397590362,-1.72475903614458,5.92644578313253,0.736881506608988,0.200257747108951,1.838172525,24
663941,ST,2026,"Beck, Tristan",breaking,45,0.4282581896,0.266666666666667,3.32198198198198,0.383172749956812,36.9888888888889,-2.57866666666667,5.726,39.1351351351351,-2.39324324324324,5.94567567567568,2.14624624624625,0.287470430544824,1.605968211,12
690916,SL,2024,"Fitts, Richard",breaking,45,0.427888635466667,0.133333333333333,2.02616588419405,0.161951716301776,55.6377777777778,-2.01088888888889,6.12444444444444,55.1478873239437,-1.9812676056338,6.1369014084507,0.4898904538341,0.0321340376226109,3.209164766,6
572143,ST,2024,"Smith, Burch",breaking,48,0.4273627405,0.1875,1.94052083333333,0.250569694296611,37.9583333333333,-2.26458333333333,5.64541666666667,38.28625,-2.26690625,5.672375,0.327916666666674,0.0270582275463746,2.27926794933333,9
518876,CU,2026,"Kelly, Merrill",breaking,65,0.426988359507692,0.184615384615385,6.92034188034188,0.251714974277039,28.5092307692308,-1.85923076923077,5.58292307692308,21.5888888888889,-1.8493961352657,5.34309178743961,6.92034188034188,0.240032846586734,2.312853614,12
806188,SL,2026,"Gibson, Cade",breaking,42,0.426384510857143,0.238095238095238,2.34302721088436,0.179419982899897,30.5,1.50142857142857,5.55690476190476,31.6339285714286,1.38660714285714,5.64660714285714,1.13392857142858,0.145706820731596,1.7908149456,10
680723,ST,2023,"Rom, Drew",breaking,60,0.4258373826,0.133333333333333,9.57270293609672,0.423094611752714,34.2316666666667,2.00666666666667,5.57633333333333,31.8569948186528,1.94678756476684,5.5239896373057,2.37467184801383,0.0795321907039085,3.1937803695,8
669211,CH,2026,"Akin, Keegan",offspeed,55,0.425160158036364,0.2,4.27427272727272,0.342394081784292,37.3472727272727,2.00745454545455,5.76145454545454,41.131,1.8512,5.9424,3.78372727272726,0.239074759219513,2.12580079018182,11
669084,CU,2024,"Hall, DL",breaking,50,0.42478385856,0.2,6.52857894736843,0.280855882661945,48.072,2.8482,5.6382,41.5434210526316,2.81453947368421,5.48671052631579,6.52857894736844,0.155184057393065,2.1239192928,10
657756,CH,2026,"Seabold, Connor",offspeed,41,0.424386577170732,0.146341463414634,5.4974019088017,0.353572348810295,29.3951219512195,-2.85658536585366,5.12756097560976,34.6152173913044,-2.69355072463768,5.40782608695652,5.22009544008485,0.32423575816778,2.899974944,6
657508,SL,2023,"Baumann, Mike",breaking,57,0.424159749894737,0.192982456140351,3.8637192982456,0.301138654770857,44.559649122807,-1.90982456140351,5.97175438596491,48.0546666666667,-1.66493333333333,6.0588,3.49501754385962,0.259901236065673,2.197918704,11
670280,FS,2023,"Bednar, David",offspeed,50,0.42405408,0.22,3.85335195530726,0.270712135422182,36.786,-2.1334,5.7362,40.3541899441341,-1.95591397849462,5.91629032258064,3.56818994413406,0.252851363684294,1.92751854545455,11
608344,CU,2024,"Irvin, Cole",breaking,43,0.423524365767442,0.186046511627907,3.58559686699219,0.170244911701991,44.6441860465116,0.980697674418604,6.22116279069767,41.5006237006237,1.0562577962578,6.1529313929314,3.14356234588791,0.10180793512047,2.276443466,8
425844,CH,2023,"Greinke, Zack",offspeed,68,0.421768654823529,0.25,3.81263368983958,0.212646556606776,39.6897058823529,-1.46794117647059,6.11882352941177,43.2778409090909,-1.32982954545455,6.22744318181819,3.58813502673797,0.175707289293312,1.68707461929412,17
805673,CH,2026,"Matthews, Zebby",offspeed,63,0.418573331809524,0.158730158730159,5.68865900383141,0.318117661269991,31.5444444444445,-2.31968253968254,5.64015873015873,37.2331034482759,-2.14996551724138,5.88134482758621,5.6886590038314,0.294914566101087,2.6370119904,10
663687,ST,2024,"Harris, Hogan",breaking,66,0.417512571818182,0.151515151515152,5.71191851626636,0.349496584207515,45.7212121212121,2.60121212121212,5.78333333333333,51.1197324414716,2.37478260869565,5.93484949832776,5.39852032025947,0.272447191934632,2.755582974,10
682990,CH,2024,"Priester, Quinn",offspeed,50,0.41622779232,0.22,1.90318279569892,0.168479740446993,40.754,-1.1552,5.8488,41.0295698924731,-1.1610752688172,5.90150537634409,0.275569892473122,0.0530318345830724,1.89194451054545,11
668943,SL,2024,"Miller, Ryan",breaking,49,0.416192890285714,0.183673469387755,2.88780256288562,0.125287277308744,33.0081632653061,-1.70551020408163,4.78,30.6651162790698,-1.70093023255814,4.69837209302326,2.34304698623636,0.081756292336187,2.26593906933333,9
680736,SL,2024,"Wrobleski, Justin",breaking,40,0.4159778658,0.2,3.51224576271187,0.296998546858664,40.0125,2.071,5.6325,41.1649717514125,1.86299435028249,5.70418079096045,1.15247175141246,0.220010195461758,2.079889329,8
690928,SL,2026,"Dobbins, Hunter",breaking,43,0.415936316651163,0.209302325581395,4.17742484401591,0.595869326305805,44.3093023255814,-1.79395348837209,5.97976744186047,48.2186991869919,-1.58569105691057,6.09845528455285,3.90939686141051,0.239708248421363,1.98725129066667,9
663567,SL,2024,"Lambert, Peter",breaking,96,0.414629481375,0.15625,2.0138048245614,0.206578357649381,53.7791666666667,-1.8490625,6.10760416666667,53.6373684210527,-1.69078947368421,6.12578947368421,0.141798245613991,0.159314331591608,2.6536286808,15
688138,CH,2025,"Evans, Logan",offspeed,72,0.413646237666667,0.194444444444444,7.48829365079361,0.380449508620723,26.9625,-2.34875,5.68611111111111,34.4507936507936,-2.15072784810126,5.99405063291139,7.48829365079362,0.366114082943,2.127323508,14
688297,ST,2024,"Roycroft, Chris",breaking,42,0.413493528666667,0.142857142857143,3.32032967032967,0.721714359117708,19.75,-2.42166666666667,5.08071428571429,21.2692307692308,-2.45470588235294,5.24764705882353,1.51923076923076,0.170170915585206,2.89445470066667,6
663436,CH,2024,"Martin, Davis",offspeed,91,0.412732755340659,0.186813186813187,4.34772059623544,0.255105942993879,36.5021978021978,-2.10604395604396,5.92175824175824,40.7128712871287,-1.88405940594059,6.01564356435643,4.2106734849309,0.241021978840018,2.20933416094118,17
622663,CH,2024,"Severino, Luis",offspeed,101,0.412437355247525,0.178217821782178,4.89700171771564,0.276288180474759,37.9336633663366,-1.92891089108911,5.75039603960396,42.6223196881092,-1.89746588693957,5.98200779727096,4.68865632177253,0.23373659229047,2.31423182666667,18
663465,CU,2025,"Allard, Kolby",breaking,54,0.408989189333333,0.12962962962963,7.02311253561251,0.315220625324213,52.3074074074074,1.89703703703704,5.59222222222222,45.2842948717949,2.0298717948718,5.32198717948718,7.02311253561251,0.301118002137085,3.15505946057143,7
663795,CH,2025,"Hagenman, Justin",offspeed,43,0.407085651348837,0.116279069767442,2.12283298097252,0.184712648318901,21.8023255813953,-3.23674418604651,5.10720930232558,22.4646464646465,-3.17959595959596,5.21080808080808,0.662320883251116,0.118315792223646,3.5009366016,5
571948,CH,2026,"Milner, Hoby",offspeed,40,0.4065033375,0.1,3.53055555555556,0.250719751576665,-7.1625,4.42325,4.047,-3.63194444444444,4.29395833333333,4.22159722222222,3.53055555555556,0.21725681825241,4.065033375,4
606303,ST,2024,"Payamps, Joel",breaking,77,0.405738252623377,0.207792207792208,2.00343186225539,0.225667369955972,31.2493506493507,-2.62532467532467,5.67012987012987,30.089592760181,-2.45968325791855,5.60859728506787,1.15975788916966,0.176701268203487,1.95261534075,16
673540,ST,2025,"Senga, Kodai",breaking,48,0.4053740865,0.166666666666667,2.85515957446808,0.191586852767109,46.1291666666667,-2.00083333333333,5.84979166666667,45.876170212766,-2.02472340425532,5.94144680851064,0.252996453900728,0.0947174773476162,2.432244519,8
453268,SL,2023,"Bard, Daniel",breaking,73,0.404923582958904,0.232876712328767,4.35151087832393,0.273365534107883,34.0616438356164,-1.54712328767123,6.01876712328767,29.7132352941176,-1.65602941176471,5.79441176470588,4.34840854149878,0.249390999816404,1.73878950329412,17
676755,CH,2025,"Mattson, Isaac",offspeed,50,0.40328969552,0.18,1.85316040955631,0.16548168439133,48.504,-1.4368,5.9834,49.6529010238908,-1.32853242320819,6.02682593856655,1.14890102389077,0.116651962369932,2.24049830844444,9
571948,ST,2025,"Milner, Hoby",breaking,140,0.401846247942857,0.135714285714286,2.12698443579767,0.164145493217265,-6.33785714285715,4.28892857142858,4.13807142857143,-4.76381322957198,4.33046692607004,4.23642023346303,1.57404391328516,0.106761052495405,2.96097235326316,19
519242,CH,2025,"Sale, Chris",offspeed,74,0.400663773081081,0.216216216216216,4.68843064762877,0.364942340387679,4.17972972972973,3.15783783783784,4.59837837837838,8.8681603773585,3.09686320754717,4.9427358490566,4.68843064762877,0.34971413061383,1.8530699505,16
668984,SL,2026,"Legumina, Casey",breaking,41,0.398890191219512,0.219512195121951,3.82797894058236,0.263217876636049,14.2048780487805,-2.18195121951219,4.43731707317073,17.9832599118943,-2.03513043478261,4.63056521739131,3.77838186311379,0.242695669663281,1.81716642666667,9
656629,SL,2024,"Kopech, Michael",breaking,47,0.394739234808511,0.148936170212766,2.07893799653,0.177692683036588,43.8659574468085,-2.45510638297872,5.68276595744681,44.8315450643777,-2.32289699570815,5.7262017167382,0.965587617569199,0.139161730614702,2.65039200514286,7
607625,SV,2025,"Lugo, Seth",breaking,95,0.393361278105263,0.178947368421053,4.21531395223169,0.297694875371124,29.14,-1.562,5.47042105263158,32.3716632443531,-1.36205338809035,5.59324435318275,3.23166324435315,0.234657645885302,2.19819537764706,17
689546,SL,2026,"Davila, Nick",breaking,108,0.391562799037037,0.138888888888889,3.89074074074074,0.178462995613551,28.5703703703704,-1.63166666666667,5.86185185185185,24.6811320754717,-1.63169811320755,5.74622641509434,3.88923829489866,0.115625441033753,2.81925215306667,15
607200,CH,2025,"Fedde, Erick",offspeed,112,0.391048179964286,0.133928571428571,7.83447802197802,0.413250111332856,30.2678571428571,-1.691875,5.75848214285714,37.9653846153846,-1.33272307692308,5.90861538461539,7.69752747252747,0.389268665744744,2.9198264104,15
663765,FS,2025,"Woodford, Jake",offspeed,64,0.390970732875,0.140625,2.90034937888199,0.192903271488044,27.709375,-2.0890625,5.1296875,25.2993788819876,-2.18341614906832,5.07472049689441,2.40999611801241,0.109196989532305,2.78023632266667,9
608379,CU,2024,"Wacha, Michael",breaking,46,0.390581438869565,0.173913043478261,2.00981833027149,0.168489003687656,52.1478260869565,-1.72760869565217,6.51,50.3671361502347,-1.62890453834116,6.47272300469484,1.78068993672177,0.105508696558431,2.2458432735,8
657277,CH,2024,"Webb, Logan",offspeed,566,0.390114611102474,0.18904593639576,4.66660955249366,0.265402928517174,19.3498233215548,-1.5115371024735,4.88128975265018,23.9545302013423,-1.38161073825503,5.04568791946309,4.60470687978754,0.209541445471953,2.06359691480374,107
663423,CU,2025,"Thornton, Trent",breaking,57,0.389510812982456,0.228070175438597,5.82584238373713,0.229908804826428,47.7210526315789,-2.21578947368421,5.5819298245614,42.0671957671958,-2.31920634920635,5.45375661375662,5.65385686438318,0.16469190056214,1.70785510307692,13
605288,SL,2025,"Houser, Adrian",breaking,145,0.387976690868966,0.2,1.35056918860348,0.135698119317692,36.3544827586207,-1.35468965517241,5.71144827586207,35.9290203327172,-1.32825771324864,5.71696914700545,0.425462425903511,0.0270023623419056,1.93988345434483,29
680573,CU,2025,"Woods Richardson, Simeon",breaking,82,0.386869282390244,0.146341463414634,3.3691245751088,0.210291559756842,50.6841463414634,-1.11109756097561,6.455,47.7591687041565,-1.13112195121951,6.47541463414634,2.92497763730688,0.0285960397952058,2.643606763,12
592836,FS,2023,"Walker, Taijuan",offspeed,190,0.386194272673684,0.194736842105263,2.66632928475034,0.24975886160431,36.5968421052631,-2.00615789473684,6.26673684210527,38.5705128205128,-1.84548076923077,6.41051282051283,1.97367071524967,0.215612315575768,1.98315977859459,37
641793,SL,2024,"Littell, Zack",breaking,430,0.38441502507907,0.197674418604651,1.7460269506629,0.186274056405076,41.603488372093,-0.681279069767442,6.15876744186046,41.1876168224299,-0.556004618937644,6.10602771362587,0.415871549663144,0.135923386379852,1.94468777392941,85
506433,SL,2025,"Darvish, Yu",breaking,84,0.384123914142857,0.166666666666667,7.05849990201842,0.391633516781622,32.2511904761905,-2.39297619047619,5.42357142857143,25.8818930041152,-2.55588477366255,5.20666666666667,6.36929747207525,0.271269021845012,2.30474348485714,14
543037,KC,2023,"Cole, Gerrit",breaking,72,0.383961749055556,0.208333333333333,3.88806831996114,0.173902881471198,46.0555555555555,-2.09902777777778,6.02708333333333,42.4389496717724,-2.14304157549234,5.95317286652079,3.61660588378316,0.0860230869808016,1.84301639546667,15
661395,FS,2025,"Duran, Jhoan",offspeed,247,0.383318635854251,0.222672064777328,2.18114286865269,0.174624877614191,33.7089068825911,-2.31275303643725,6.03186234817814,33.7726368159204,-2.22328358208955,6.05199004975124,0.0637299333292773,0.0917055485338264,1.72144914647273,55
656288,CH,2026,"Canning, Griffin",offspeed,136,0.382877679529412,0.227941176470588,3.46872400475342,0.230457035904227,35.7286764705882,-1.09419117647059,5.58470588235294,38.9343434343434,-0.950808080808081,5.59045454545455,3.20566696375521,0.143498290056779,1.67972143277419,31
674003,CU,2024,"Bradford, Cody",breaking,60,0.3820259708,0.116666666666667,1.71814253647587,0.131269570244954,59.9616666666667,0.500333333333333,6.27216666666667,58.693265993266,0.458249158249159,6.28,1.26840067340069,0.0428069959659229,3.27450832114286,7
695418,CH,2025,"Lord, Brad",offspeed,135,0.379969767348148,0.177777777777778,2.79556587227895,0.255406101767769,17.76,-2.53340740740741,5.32718518518518,20.1445682451253,-2.42087743732591,5.36760445682451,2.38456824512534,0.119568857510632,2.13732994133333,24
669160,CH,2026,"May, Dustin",offspeed,52,0.379894604076923,0.211538461538462,2.80677033163615,0.259717900823572,32.9,-2.04634615384615,5.37961538461538,33.9293381037567,-1.99914132379248,5.44066189624329,1.02933810375666,0.0771684687053702,1.79586540109091,11
663485,FS,2025,"Sands, Cole",offspeed,142,0.379169479887324,0.190140845070423,2.43879906658888,0.175952708365117,23.6183098591549,-2.57929577464789,5.56464788732395,24.7440828402367,-2.57224852071006,5.64387573964497,1.12577298108175,0.0795406586059405,1.99415059792593,27
664299,ST,2024,"Javier, Cristian",breaking,60,0.3791179906,0.2,1.33212454212454,0.168637531114295,37.62,-1.54416666666667,5.77433333333333,37.8637362637363,-1.41120879120879,5.77725274725275,0.24373626373626,0.132989923016388,1.895589953,12
681892,CH,2025,"Funderburk, Kody",offspeed,43,0.378951650604651,0.186046511627907,4.06186046511627,0.264817664914255,30.1279069767442,2.42558139534884,5.66186046511628,33.88,2.41325714285714,5.80051428571429,3.7520930232558,0.139200463957217,2.036865122,8
700241,CU,2026,"McGreevy, Michael",breaking,77,0.378014225922078,0.233766233766234,3.6145541125541,0.141520587849469,36.5272727272727,-1.99584415584416,5.78233766233767,32.9895555555556,-2.05011111111111,5.73388888888889,3.53771717171716,0.0727474128930818,1.61706085533333,18
571945,CH,2025,"Mikolas, Miles",offspeed,136,0.377994542323529,0.132352941176471,2.96141197219628,0.392350882248583,39.6852941176471,-2.43080882352941,6.32220588235294,40.9250440917107,-2.29029982363316,6.46266313932981,1.23974997406368,0.198673148888598,2.85595876422222,18
663568,CH,2026,"Kolek, Stephen",offspeed,50,0.37578869064,0.16,5.09848192771084,0.300204522149712,30.094,-1.9762,5.2438,35.1755020080321,-2.07831325301205,5.4525702811245,5.08150200803212,0.232405134886271,2.3486793165,8
681867,CH,2024,"Criswell, Cooper",offspeed,253,0.37195567256917,0.154150197628459,2.44556188359495,0.195017240490162,10.4462450592885,-1.76766798418972,4.91185770750988,12.3108626198083,-1.78364217252396,4.98894568690096,1.86461756051977,0.0787256709055994,2.41294320923077,39
605135,FS,2024,"Bassitt, Chris",offspeed,54,0.370712226,0.12962962962963,6.18008709422011,0.319310895736498,28.6388888888889,-1.89944444444445,5.33314814814815,34.7004750593824,-1.72203087885986,5.50410926365796,6.06158617049353,0.246380348789824,2.85978002914286,7
571945,SL,2023,"Mikolas, Miles",breaking,176,0.370435393681818,0.204545454545455,3.08513755980861,0.204513395521062,47.4267045454546,-2.25659090909091,6.56625,44.9501385041551,-2.23379501385041,6.50368421052633,2.47656604129942,0.0665892697983644,1.81101748022222,36
686730,CH,2024,"Spiers, Carson",offspeed,87,0.369935642206897,0.172413793103448,3.28435013262602,0.207120787134373,27.967816091954,-1.65471264367816,5.25735632183908,31.2239316239317,-1.53188034188034,5.36841880341881,3.25611553197763,0.165597853789225,2.1456267248,15
607625,SL,2023,"Lugo, Seth",breaking,41,0.366805168292683,0.195121951219512,2.20152549889135,0.196514784977668,37.090243902439,-1.25,5.52853658536585,37.0374545454546,-1.16541806020067,5.50869565217392,0.0527893569844693,0.0868778865428053,1.8798764875,8
672582,SL,2023,"Zerpa, Angel",breaking,88,0.366121184454545,0.204545454545455,2.97077751196173,0.181835945555854,32.9409090909091,2.48477272727273,5.44693181818182,30.868947368421,2.43678947368421,5.43178947368421,2.07196172248805,0.050315834702648,1.78992579066667,18
641312,SL,2024,"Anderson, Shaun",breaking,48,0.3644365865,0.0625,3.57219202898551,0.388067122132544,46.15,-1.86583333333333,6.08208333333333,45.8673913043478,-1.71195652173913,6.01630434782609,0.282608695652172,0.167346789872887,5.830985384,3
685299,CH,2024,"Gordon, Tanner",offspeed,75,0.363594911786667,0.213333333333333,1.71890196078432,0.142432592362738,48.256,-2.4756,6.21466666666667,46.8418300653595,-2.46777777777778,6.19496732026144,1.41416993464053,0.0211955516391314,1.704351149,16
670241,CH,2024,"Vines, Darius",offspeed,44,0.362192832090909,0.159090909090909,2.87545454545455,0.182372770103997,43.2022727272727,-1.08590909090909,5.96227272727273,45.495,-1.01033333333333,5.97283333333334,2.29272727272727,0.0763100356015976,2.27664065885714,7
605135,SL,2024,"Bassitt, Chris",breaking,50,0.36104373392,0.08,6.74758194774347,0.547150649955299,41.24,-1.497,5.7206,34.7004750593824,-1.72203087885986,5.50410926365796,6.53952494061758,0.312261325434899,4.513046674,4
621383,SL,2024,"Banks, Tanner",breaking,187,0.361016209326203,0.240641711229947,2.9998427178358,0.290449277772973,48.3732620320855,2.75732620320856,6.21213903743315,51.0764705882353,2.53848039215686,6.36372549019607,2.70320855614978,0.26621784627654,1.50022291431111,45
669358,CH,2026,"Baz, Shane",offspeed,71,0.360776407661972,0.154929577464789,2.22916740952042,0.129832148905913,35.9323943661972,-1.27549295774648,5.7443661971831,36.1569620253165,-1.29824593128391,5.7362206148282,0.22456765911933,0.0241670916060525,2.32864772218182,11
592229,SL,2023,"Covey, Dylan",breaking,48,0.3576933815,0.1875,2.4961778215223,0.13885640320983,53.90625,-1.500625,6.3275,51.6078740157481,-1.56299212598425,6.35464566929134,2.29837598425193,0.068018716283169,1.90769803466667,9
621111,CH,2025,"Buehler, Walker",offspeed,59,0.357328996949153,0.203389830508475,5.02909336506613,0.319072656264587,36.6745762711864,-1.53593220338983,5.39440677966102,41.5984819734346,-1.26621212121212,5.47221590909091,4.92390570224814,0.280719047007125,1.75686756833333,12
669724,SL,2024,"Hanifee, Brenan",breaking,42,0.355700859714286,0.0952380952380952,2.02142857142857,0.163678378940855,33.3071428571429,-2.54904761904762,5.47142857142857,32.6158620689655,-2.54258503401361,5.53136054421769,0.691280788177338,0.060279402516257,3.734859027,4
664285,CH,2026,"Valdez, Framber",offspeed,176,0.354917481045455,0.215909090909091,2.66489325068871,0.213124347194534,42.0607954545455,0.73125,5.92596590909091,42.7800505050505,0.70165,5.9822,0.719255050505062,0.0635486662359776,1.64382833326316,38
671111,CH,2023,"Peralta, Sammy",offspeed,53,0.353955156981132,0.226415094339623,3.51071314358811,0.201301481649,11.5905660377359,2.63433962264151,4.55490566037736,14.6966101694915,2.51118644067797,4.68186440677966,3.10604413175568,0.176876311347193,1.56330194333333,12
596001,CH,2026,"Junis, Jakob",offspeed,61,0.353828908196721,0.163934426229508,2.71542008196722,0.217904035377642,31.8606557377049,-1.82409836065574,5.72475409836065,29.671875,-1.82125,5.53989583333334,2.18878073770491,0.18488020799246,2.15835634,10
688138,CU,2025,"Evans, Logan",breaking,63,0.353198676380952,0.158730158730159,4.44452003023435,0.188051884882468,38.8015873015873,-2.05238095238095,6.08222222222222,34.4507936507936,-2.15072784810126,5.99405063291139,4.35079365079368,0.132084598115827,2.2251516612,10
669947,SL,2026,"Scholtens, Jesse",breaking,95,0.353164878315789,0.147368421052632,2.87818181818183,0.175219144103121,41.8463157894737,-1.05431578947368,5.85715789473685,39.2636363636364,-1.11409090909091,5.75469696969697,2.58267942583734,0.118622536161052,2.39647596,14
656271,SL,2023,"Burke, Brock",breaking,47,0.353149626382979,0.234042553191489,1.91305942773295,0.131965010389701,38.7106382978723,1.81914893617021,6.22872340425532,39.6586206896552,1.79677419354839,6.15975806451613,0.947982391782851,0.072504118453609,1.50891204,11
663554,SL,2025,"Mize, Casey",breaking,160,0.352134385925,0.175,4.71213198602791,0.367748889671526,42.840625,-2.2541875,5.700625,47.4908183632734,-1.94717131474104,5.87418326693227,4.65019336327338,0.352677487276262,2.012196491,28
643256,SL,2024,"Cimber, Adam",breaking,50,0.3517860848,0.16,1.7149,0.145170313555187,-22.62,-4.1896,2.3618,-22.9908333333333,-4.15125,2.43575,0.370833333333341,0.0833026110034971,2.19866303,8
681190,ST,2026,"Vásquez, Randy",breaking,50,0.3500371712,0.12,1.88055421686747,0.194534281756347,33.622,-1.9284,5.8894,33.3072289156626,-1.84541825095057,5.9691825095057,0.314771084337366,0.115113941372577,2.91697642666667,6
607200,CH,2026,"Fedde, Erick",offspeed,71,0.349199135887324,0.253521126760563,7.27331556909023,0.342817833556848,30.812676056338,-1.52014084507042,5.81267605633803,38.0855855855856,-1.22501501501502,5.94612612612612,7.27290952924757,0.323895317490606,1.37739659155556,18
663436,CH,2025,"Martin, Davis",offspeed,290,0.349157725255172,0.168965517241379,3.06876135199728,0.231006188296108,36.5810344827586,-2.23255172413793,5.90558620689655,38.5946534653466,-2.10086956521739,5.93169960474308,2.01361898258793,0.134246417177762,2.06644368008163,49
596295,SL,2023,"Gomber, Austin",breaking,100,0.3484913576,0.2,1.67233333333333,0.212397880841743,53.247,1.8308,6.6232,53.6166666666667,1.70956521739131,6.67978260869565,0.369666666666646,0.133788878913692,1.742456788,20
622072,CH,2023,"Wood, Alex",offspeed,141,0.347947248453901,0.113475177304965,1.34771389769126,0.163367063924523,17.6425531914894,2.04730496453901,4.74007092198582,17.9822695035461,2.01489361702128,4.82404255319149,0.339716312056751,0.0900096122381179,3.066285127,16
694973,FS,2026,"Skenes, Paul",offspeed,125,0.347335985472,0.176,1.57219033457248,0.227515290670211,25.5688,-2.4128,5.62424,26.1769516728624,-2.33531598513011,5.61873605947956,0.608151672862419,0.0776792502642084,1.97349991745455,22
663568,ST,2025,"Kolek, Stephen",breaking,48,0.34304705225,0.166666666666667,5.4942372311828,0.498585544391567,28.8375,-2.76958333333333,5.02270833333333,34.1979838709677,-2.58887323943662,5.31193158953723,5.36048387096774,0.341036992077606,2.0582823135,8
571945,SL,2026,"Mikolas, Miles",breaking,170,0.342637653247059,0.164705882352941,3.25471135430917,0.286467731552822,45.0582352941176,-1.585,6.6314705882353,42.126976744186,-1.55809302325581,6.56309302325581,2.93125854993159,0.0734811322043678,2.08030003757143,28
681190,CH,2025,"Vásquez, Randy",offspeed,59,0.342609048677966,0.152542372881356,4.78209945634793,0.305557326031946,32.6796610169492,-1.99372881355932,5.86661016949153,36.2183962264151,-1.804171875,6.0075625,3.53873520946592,0.236218950196115,2.24599265244445,9
676664,CH,2025,"Sears, JP",offspeed,154,0.342471732961039,0.181818181818182,8.0470495054294,0.345378059386975,20.6720779220779,1.32590909090909,4.70519480519481,28.7180633147114,1.133947858473,4.97666666666666,8.04598539263344,0.332484715933499,1.88359453128571,28
641793,SL,2023,"Littell, Zack",breaking,168,0.342459023880952,0.160714285714286,2.28831300813009,0.1860051807419,42.6946428571429,-0.90952380952381,6.16172619047619,40.8414634146341,-0.815190476190477,6.082,1.85317944250873,0.123511308088063,2.13085614859259,27
663623,CH,2025,"Irvin, Jake",offspeed,115,0.341980066330435,0.147826086956522,2.42946552201606,0.224738444061825,26.4034782608696,-2.30669565217391,5.73304347826087,26.6777070063694,-2.25271337579618,5.64405095541401,0.274228745499851,0.104085326946549,2.31339456635294,17
663436,SL,2024,"Martin, Davis",breaking,75,0.33967004032,0.213333333333333,2.68913531353135,0.200980708815322,38.1706666666667,-2.04573333333333,5.956,40.7128712871287,-1.88405940594059,6.01564356435643,2.54220462046204,0.172324732896159,1.592203314,16
621383,CH,2023,"Banks, Tanner",offspeed,41,0.339117839707317,0.121951219512195,1.79270833333333,0.170083580015825,50.109756097561,2.65414634146342,6.30585365853659,50.9177083333333,2.5746875,6.43,0.807952235772376,0.147397495180406,2.7807662856,5
471911,CU,2024,"Carrasco, Carlos",breaking,44,0.338242921636364,0.159090909090909,3.39449300699303,0.164090589237962,39.7818181818182,-1.20022727272727,5.99136363636364,37.1086538461538,-1.21419871794872,5.94439102564103,2.67316433566437,0.0490064020274268,2.12609836457143,7
425794,CU,2023,"Wainwright, Adam",breaking,102,0.337846253058824,0.107843137254902,4.06176470588235,0.313229247433137,44.1362745098039,-1.18264705882353,6.22166666666667,44.6571428571429,-1.09595744680851,6.19718085106383,0.520868347338961,0.0900813188016848,3.13275616472727,11
693821,CH,2023,"Elder, Bryce",offspeed,77,0.336344786545455,0.155844155844156,1.55380255337883,0.204977644644836,50.5597402597403,-1.28272727272727,6.38025974025974,50.2766949152542,-1.21021186440678,6.42758474576271,0.283045344486041,0.0865918044028605,2.15821238033333,12
656557,FS,2024,"Houck, Tanner",offspeed,362,0.335813149801105,0.19060773480663,1.61404893449092,0.149128312409448,22.6486187845304,-2.25729281767956,5.63395027624309,23.121164021164,-2.21674603174603,5.63039682539683,0.472545236633639,0.0407021972681562,1.76180232214493,69
669721,CH,2024,"Daniel, Davis",offspeed,50,0.33459386592,0.18,2.4096,0.171188198628303,47.56,-1.5848,5.5698,49.02,-1.42952380952381,5.56990476190476,1.45999999999999,0.155276225816623,1.85885481066667,9
571945,SL,2025,"Mikolas, Miles",breaking,279,0.332125377103943,0.157706093189964,3.73250459881285,0.351292217115723,43.2731182795699,-2.3115770609319,6.54591397849462,40.9250440917107,-2.29029982363316,6.46266313932981,2.34807418785915,0.0859268470776919,2.105976823,44
694819,SL,2025,"Misiorowski, Jacob",breaking,134,0.331592810447761,0.194029850746269,2.5495700306415,0.240263848682042,27.8753731343284,-1.74738805970149,5.1123880597015,29.2433774834437,-1.60264900662252,5.25665562913907,1.36800434911536,0.204358814533709,1.70897833076923,26
592791,CU,2023,"Taillon, Jameson",breaking,91,0.327926996087912,0.164835164835165,3.42274247491641,0.184729956785554,46.1538461538462,-1.33120879120879,6.08197802197802,42.7497584541063,-1.31555555555556,5.96321256038647,3.40408769973989,0.119792565100964,1.98942377626667,15
608717,SL,2024,"Stratton, Chris",breaking,92,0.326328974478261,0.108695652173913,1.50775362318841,0.129711791225173,34.5315217391304,-1.885,5.82076086956521,34.0911111111111,-1.8445,5.83194444444445,0.440410628019322,0.0420157392780306,3.0022265652,10
696131,ST,2024,"Black, Mason",breaking,73,0.325837198027397,0.136986301369863,2.17567657868359,0.262454529538826,21.3465753424658,-2.16369863013699,5.11150684931507,21.9634146341463,-2.05546341463415,5.10248780487805,0.616839291680574,0.108610335776588,2.3786115456,10
679525,CH,2024,"Marsh, Alec",offspeed,107,0.323787282841122,0.149532710280374,2.62072328321821,0.239535290371102,29.5551401869159,-2.02579439252337,5.55570093457944,31.3685300207039,-1.94898550724638,5.63306418219462,1.81338983378804,0.109016865388167,2.165327454,16
621107,CH,2025,"Eflin, Zach",offspeed,102,0.322787961176471,0.127450980392157,1.53987427031881,0.151533084239729,24.1019607843137,-2.42823529411765,5.55578431372549,23.0679389312977,-2.40587786259542,5.51015267175572,1.03402185301601,0.0508143827388289,2.53264400307692,13
806188,CH,2025,"Gibson, Cade",offspeed,67,0.322719506507463,0.134328358208955,2.46764705882354,0.173548445511053,34.1582089552239,1.41194029850746,5.82074626865672,35.071568627451,1.29892156862745,5.85205882352941,0.913359672227131,0.117276209848147,2.40246743733333,9
676477,CH,2024,"Whitlock, Garrett",offspeed,45,0.322280020533333,0.133333333333333,4.27133333333333,0.239619687693231,28.0866666666667,-1.24977777777778,5.46688888888889,29.222,-1.3636,5.4284,1.13533333333334,0.120153621832661,2.417100154,6
670766,ST,2024,"McCaughan, Darren",breaking,118,0.320784546813559,0.127118644067797,5.60051491096331,0.343767243099425,26.2983050847458,-2.59940677966102,5.11279661016949,31.7044303797468,-2.44050632911393,5.35943037974683,5.40612529500108,0.293389791028928,2.5235051016,15
656605,CH,2025,"Keller, Mitch",offspeed,100,0.31819797168,0.15,2.21931896551723,0.143730827782527,39.219,-1.7838,5.9072,37.2783045977012,-1.81745689655172,5.81254310344828,1.94069540229884,0.100462504200804,2.1213198112,15
641927,SL,2026,"Ober, Bailey",breaking,101,0.31727652190099,0.108910891089109,2.10655593596743,0.140898404858538,27.560396039604,-1.40742574257426,5.86366336633664,28.5836448598131,-1.33631578947369,5.86745614035088,1.02324882020914,0.0712110283922978,2.91317533745455,11
547184,ST,2025,"Kelly, Michael",breaking,153,0.315410323084967,0.176470588235294,3.65196078431373,0.255885284290819,33.3718954248366,-1.60954248366013,6.05130718954248,36.85,-1.50012820512821,6.22807692307692,3.4781045751634,0.20789185419467,1.78732516414815,27
693433,SL,2023,"Woo, Bryan",breaking,61,0.309561938360656,0.0491803278688525,4.24344262295082,0.177625409651746,29.7918032786885,-1.55639344262295,5.0455737704918,25.6990196078431,-1.56160130718954,4.91604575163398,4.0927836708454,0.129632671509058,6.29442608,3
641712,CH,2024,"Hudson, Dakota",offspeed,48,0.30886218475,0.145833333333333,3.82797231270359,0.218733398918585,34.9458333333333,-2.16791666666667,6.05479166666667,36.6964169381108,-2.17905537459283,6.13361563517916,1.75058360477744,0.0796070903018227,2.117912124,7
554340,CU,2024,"García, Yimi",breaking,42,0.308580984285714,0.214285714285714,1.9231438812084,0.293172168201736,28.2928571428572,-2.72238095238095,5.17,27.0327956989248,-2.47806451612903,5.14715053763441,1.26006144393241,0.24538259708715,1.44004459333333,9
592351,CH,2024,"Gray, Jon",offspeed,61,0.308375358819672,0.180327868852459,3.41946275837492,0.18877489486801,33.5540983606557,-1.61229508196721,5.64327868852459,30.2111413043478,-1.69122282608696,5.51217391304348,3.34295705630791,0.153029575395689,1.71008153527273,11
592836,CU,2024,"Walker, Taijuan",breaking,60,0.307602295866667,0.15,2.17756462585034,0.152204739047011,41.3966666666667,-1.94066666666667,6.45833333333333,40.8955102040816,-1.85,6.48192913385826,0.501156462585037,0.0936867453104046,2.05068197244444,9
592791,CH,2024,"Taillon, Jameson",offspeed,53,0.307306554415094,0.132075471698113,2.29606497830694,0.114096207368915,44.5716981132075,-1.35396226415094,6.12584905660377,44.5101604278075,-1.33300802139037,6.11589572192513,0.0615376854000118,0.0231980421780341,2.32674962628571,7
607536,CH,2024,"Freeland, Kyle",offspeed,93,0.306988807612903,0.129032258064516,3.07152875175316,0.180238821008428,29.641935483871,2.54010752688172,5.72010752688172,27.7869565217391,2.50167224080268,5.76908026755853,1.85497896213184,0.0622543214996054,2.379163259,12
676395,SL,2023,"Garcia, Robert",breaking,65,0.306243850153846,0.184615384615385,2.6956923076923,0.135646152997727,30.0492307692308,3.50369230769231,5.59538461538462,27.8046153846154,3.53469230769231,5.64961538461539,2.24461538461539,0.0624658012944756,1.658820855,12
683627,SL,2024,"Molina, Anthony",breaking,116,0.304100403551724,0.137931034482759,2.63353602216746,0.310384575981673,49.5318965517241,-1.88887931034483,6.26284482758621,51.5870535714285,-1.66796460176991,6.3403982300885,2.0551570197044,0.234132096698472,2.20472792575,16
605288,SL,2026,"Houser, Adrian",breaking,69,0.303122234028986,0.159420289855072,1.76991098359449,0.184835170866715,37.4391304347826,-1.49275362318841,5.73710144927536,38.1111675126903,-1.37002538071066,5.80578680203046,0.672037077907703,0.140641029521146,1.90140310436364,11
661395,FS,2023,"Duran, Jhoan",offspeed,67,0.29931818041791,0.17910447761194,3.41340687865024,0.250833697268407,35.589552238806,-2.27059701492537,5.93223880597015,38.224347826087,-2.12373913043478,6.04365217391305,2.634795587281,0.184337128092609,1.671193174,12
571945,SL,2024,"Mikolas, Miles",breaking,304,0.298297393684211,0.144736842105263,4.70056742261154,0.373231562499986,44.7819078947369,-2.70815789473684,6.48891447368421,41.3891396332863,-2.69148095909732,6.38588152327222,3.39276826145053,0.104373890666797,2.06096381090909,44
548389,SL,2023,"Stripling, Ross",breaking,95,0.297964725894737,0.168421052631579,2.83854372774042,0.264455370838726,62.02,-1.17842105263158,6.86505263157895,64.3255639097745,-0.934511278195489,6.87533834586466,2.30556390977446,0.244126553213353,1.76916556,16
694477,CH,2025,"Patrick, Chad",offspeed,50,0.29683784088,0.14,2.38469745958428,0.191351449852575,32.174,-1.3346,5.4212,33.4405311778291,-1.31073817762399,5.5159169550173,1.26653117782907,0.0976764461620829,2.120270292,7
592836,FS,2025,"Walker, Taijuan",offspeed,219,0.296789689114155,0.178082191780822,2.17544974952344,0.203709042483139,39.9424657534247,-1.91926940639269,6.41036529680366,40.7104854368932,-1.82405825242718,6.50809708737864,0.768019683468566,0.136442906478994,1.66658825425641,39
661395,FS,2024,"Duran, Jhoan",offspeed,155,0.294533038012903,0.187096774193548,2.52156196943973,0.204440024119108,33.278064516129,-2.22458064516129,5.93825806451613,33.7046783625731,-2.13812865497076,5.95140350877193,0.426613846444056,0.0874456935050888,1.57422830662069,29
623437,CH,2025,"Topa, Justin",offspeed,70,0.292506324171429,0.2,1.20434370057986,0.133187484557516,10.9657142857143,-2.48985714285714,4.98314285714286,10.609594095941,-2.44073800738007,5.01464944649446,0.356120189773327,0.0583554165659498,1.46253162085714,14
641835,SL,2024,"Mayza, Tim",breaking,76,0.290125988052632,0.0921052631578947,2.46226945569049,0.195308544109508,43.0065789473684,1.7225,6.27644736842105,41.6927350427351,1.59367521367521,6.32358974358974,1.31384390463334,0.137179550619515,3.14993929885714,7
672782,CH,2025,"Gómez, Yoendrys",offspeed,42,0.287288648571429,0.166666666666667,3.78186296462158,0.253417388898135,30.1333333333333,-2.0947619047619,5.43809523809524,32.9432601880878,-1.94545454545455,5.53689655172413,2.80992685475444,0.179037390279606,1.72373189142857,7
657277,CH,2023,"Webb, Logan",offspeed,361,0.286799508797784,0.146814404432133,3.70949788263764,0.224346328631565,19.7030470914127,-1.36421052631579,4.9504432132964,23.3816091954023,-1.22,5.08724137931035,3.67856210398957,0.198772266991793,1.95348344671698,53
502171,FS,2024,"Cobb, Alex",offspeed,56,0.2865834855,0.142857142857143,2.7484243697479,0.149197219453351,34.0910714285714,-2.26267857142857,5.51732142857143,36.6882352941177,-2.18117647058824,5.52529411764706,2.59716386554623,0.0818911241373873,2.0060843985,8
669684,SL,2023,"Murphy, Chris",breaking,91,0.28506959010989,0.175824175824176,5.76719780219782,0.35066137307169,41.210989010989,2.34,5.34131868131868,46.899,2.06,5.52307692307692,5.688010989011,0.33382039848854,1.62133329375,16
656731,CH,2023,"Megill, Tylor",offspeed,50,0.28320395696,0.2,2.40811494252873,0.173076113533058,39.762,-1.4706,5.9734,41.567816091954,-1.45712643678161,6.04509578544061,1.80581609195402,0.0729508228585915,1.4160197848,10
641793,SL,2025,"Littell, Zack",breaking,391,0.282356493882353,0.166240409207161,2.36012516252554,0.203588047190839,41.2695652173913,-0.74457800511509,6.1992327365729,39.2379888268157,-0.66683426443203,6.08582867783985,2.03157639057565,0.137493889873414,1.69848290935385,65
668984,CH,2025,"Legumina, Casey",offspeed,42,0.281733657428571,0.119047619047619,4.84972651222651,0.304301364397074,13.1904761904762,-2.28928571428571,4.48547619047619,18.0402027027027,-2.11692567567567,4.71466216216216,4.84972651222651,0.286765047603953,2.3665627224,5
679358,SL,2025,"Orze, Eric",breaking,79,0.280202307949367,0.189873417721519,3.20304438391284,0.164931424577376,47.0278481012658,-1.58329113924051,5.92696202531646,43.9367088607595,-1.51544303797468,5.89924050632912,3.09113924050632,0.0732928881975797,1.4757321552,15
700249,ST,2024,"Povich, Cade",breaking,53,0.28008684354717,0.264150943396226,1.74628099173554,0.141963259249074,40.7150943396227,1.85150943396226,5.77509433962264,41.0809917355372,1.83687671232877,5.82454794520548,0.365897395914558,0.0515730127832973,1.06032876485714,14
687473,CU,2025,"Gusto, Ryan",breaking,110,0.279692107309091,0.145454545454545,3.48160427807486,0.205620021073767,47.1645454545454,-2.04490909090909,5.87581818181818,44.2676470588235,-2.13269896193772,5.79653979238755,2.89689839572189,0.118288310859265,1.92288323775,16
543518,SL,2024,"McGough, Scott",breaking,43,0.273799702046512,0.13953488372093,1.19524470669906,0.215095934655663,46.7767441860465,-1.58581395348837,6.02302325581395,46.2402985074627,-1.39634328358209,6.00850746268657,0.536445678583824,0.190025900878939,1.962231198,6
680573,CU,2024,"Woods Richardson, Simeon",breaking,85,0.273325542305882,0.211764705882353,9.60499100950426,0.487538610137152,56.2388235294118,-0.662352941176471,6.55047058823529,46.9386462882096,-1.02980349344978,6.43379912663755,9.30017724120219,0.385528388471349,1.29070394977778,18
677952,FS,2026,"Ashcraft, Braxton",offspeed,40,0.273055452,0.1,1.92595794392524,0.218816964503053,36.045,-1.008,6.05575,36.5698598130841,-0.887406542056075,6.07997663551402,0.524859813084113,0.12300289414157,2.73055452,4
621383,CH,2024,"Banks, Tanner",offspeed,64,0.2721419045625,0.15625,2.19411764705883,0.212390662298608,50.4875,2.679375,6.2403125,51.0764705882353,2.53848039215686,6.36372549019607,0.588970588235313,0.187302046620982,1.7417081892,10
621383,SL,2023,"Banks, Tanner",breaking,95,0.272124184168421,0.2,3.61720394736843,0.281297433821289,47.5084210526316,2.78905263157895,6.27378947368421,50.9177083333333,2.5746875,6.43,3.40928728070175,0.265243545008573,1.36062092084211,19
702352,CH,2024,"Bivens, Spencer",offspeed,45,0.2720727832,0.155555555555556,1.67689526847422,0.168387287921279,32.9377777777778,-1.79622222222222,5.99622222222222,31.7703349282297,-1.8254066985646,5.98081339712918,1.16744284954812,0.0330025082399248,1.74903932057143,7
592789,CH,2023,"Syndergaard, Noah",offspeed,58,0.271329189724138,0.155172413793103,2.54708222811671,0.169446481982667,37.7258620689655,-1.09689655172414,6.26810344827586,39.1676923076923,-1.03646153846154,6.35569230769231,1.44183023872678,0.106415220348991,1.74856588933333,9
607200,CH,2024,"Fedde, Erick",offspeed,197,0.266099027817259,0.131979695431472,5.03787153407419,0.28314782521055,34.4269035532995,-1.60116751269035,5.79604060913706,39.4029666254636,-1.35682323856613,5.87713226205192,4.97606307216409,0.257448986150186,2.01621186461538,26
647336,CH,2026,"Soroka, Michael",offspeed,77,0.263883232363636,0.194805194805195,2.01173811439298,0.13819938835421,25.9532467532468,-2.65441558441558,5.51818181818182,25.3280235988201,-2.65105571847508,5.4525219941349,0.625223154426688,0.0657457313672244,1.3546005928,15
592836,FS,2024,"Walker, Taijuan",offspeed,165,0.254597176606061,0.133333333333333,2.85272974644403,0.228500466476407,38.8545454545455,-2.00890909090909,6.36678787878788,40.8955102040816,-1.85,6.48192913385826,2.04096474953617,0.196238650099151,1.90947882454545,22
621383,SL,2025,"Banks, Tanner",breaking,207,0.250942829487923,0.222222222222222,2.10067893980937,0.210126795661273,48.3502415458938,2.68371980676329,6.38932367149758,49.8962162162162,2.53645161290323,6.49096774193548,1.54597467032247,0.178939760752015,1.12924273269565,46
605400,CH,2024,"Nola, Aaron",offspeed,124,0.249121907645161,0.120967741935484,3.16369945623287,0.184927972264515,16.825,-1.86548387096774,4.90838709677419,19.94309252218,-1.79448669201521,5.02133079847909,3.11809252217996,0.133404944338745,2.05940776986667,15
681190,CH,2024,"Vásquez, Randy",offspeed,96,0.239793150875,0.104166666666667,2.84120605138607,0.381770453435711,37.0145833333333,-2.05072916666667,5.94166666666667,37.0194726166329,-1.96787018255578,5.97170385395537,0.00488928329954774,0.0881353724001019,2.3020142484,10
607536,CH,2023,"Freeland, Kyle",offspeed,50,0.2314028184,0.14,3.56565423728814,0.176135139892182,26.628,1.463,5.6848,24.2684745762712,1.40515254237288,5.7266779661017,2.35952542372882,0.0714149312030482,1.65287727428571,7
622072,CH,2024,"Wood, Alex",offspeed,83,0.229971100337349,0.120481927710843,2.02754103662975,0.174469158689432,18.4204819277108,1.91373493975904,4.76349397590361,19.355033557047,1.9104,4.88026666666667,0.934551629336148,0.116820302735609,1.9087601328,10
570257,CH,2024,"Rodríguez, Joely",offspeed,51,0.229359884941176,0.196078431372549,4.0515570934256,0.362425037519204,31.2313725490196,3.24117647058824,5.49509803921568,31.3745098039216,3.29078431372549,5.54568627450981,0.143137254901966,0.0708527180205799,1.1697354132,10
596295,KC,2023,"Gomber, Austin",breaking,54,0.228485277925926,0.111111111111111,2.25864197530864,0.238552417514586,54.5074074074074,1.78296296296296,6.59962962962963,53.6166666666667,1.70956521739131,6.67978260869565,0.890740740740768,0.108681779099169,2.05636750133333,6
657024,SL,2024,"Swanson, Erik",breaking,54,0.227959205555556,0.166666666666667,7.76635603345284,0.478560467359585,46.2407407407407,-1.15166666666667,6.01407407407407,54.0070967741936,-0.724230769230769,6.20108974358974,7.76635603345284,0.466557935374832,1.36775523333333,9
664141,CH,2026,"Brubaker, JT",offspeed,47,0.223079781446809,0.148936170212766,3.10245862884161,0.234462036092969,43.4489361702128,-2.42425531914894,6.13297872340425,45.1244444444445,-2.23283333333333,6.22544444444445,1.6755082742317,0.212584774198605,1.49782138971429,7
641329,SL,2024,"Baker, Bryan",breaking,53,0.222608316679245,0.150943396226415,2.75989044430919,0.240378631700191,58.0018867924528,-0.861132075471698,6.54603773584906,55.6129032258065,-0.680860215053763,6.53623655913979,2.3889835666464,0.180538103245353,1.474780098,8
605452,CH,2025,"Ross, Joe",offspeed,40,0.2152914084,0.075,2.30936274509804,0.332692947292445,33.4675,-2.264,5.73825,35.0337254901961,-2.17117647058823,5.85435294117647,1.56622549019607,0.148647571666288,2.870552112,3
628317,ST,2023,"Maeda, Kenta",breaking,43,0.214340175069767,0.0697674418604651,2.15611402850713,0.173525994692688,37.9255813953488,-2.19976744186047,5.66395348837209,39.5301075268817,-2.14333333333333,5.75817204301075,1.60452613153289,0.109826884884578,3.072209176,3
676083,SL,2026,"Junk, Janson",breaking,122,0.214134831934426,0.131147540983607,4.90903136462309,0.239803312126127,50.7795081967214,-0.807868852459017,5.69745901639345,46.910502283105,-0.895114155251142,5.66648401826484,3.86900591361631,0.0925807397267742,1.6327780935,16
608032,SL,2023,"Estévez, Carlos",breaking,54,0.208951837333333,0.240740740740741,1.74559849704778,0.22568905544629,40.8574074074074,-1.65259259259259,5.77425925925926,40.0898550724637,-1.52314009661836,5.82062801932367,0.767552334943673,0.137506402119576,0.867953785846154,13
605135,CH,2023,"Bassitt, Chris",offspeed,53,0.206627464150943,0.132075471698113,2.04771024936001,0.175624360243876,37.2716981132076,-1.54584905660377,5.61094339622641,37.932663316583,-1.52738693467337,5.60942211055276,0.660965203375397,0.0185246931492558,1.56446508571429,7
621107,CH,2024,"Eflin, Zach",offspeed,76,0.206090270842105,0.105263157894737,1.5778900696489,0.159611802743906,27.8381578947369,-2.36763157894737,5.82355263157895,26.5995907230559,-2.31240109140518,5.73324693042291,1.23856717168095,0.105856159081232,1.957857573,8
666129,SL,2023,"Garrett, Braxton",breaking,93,0.20604204972043,0.182795698924731,3.01066139176304,0.234625240855927,46.5827956989247,2.33956989247312,6.04107526881721,43.8349056603774,2.54457547169811,6.01358490566038,2.74789003854737,0.206840536597325,1.12717121317647,17
681517,SL,2025,"Leahy, Kyle",breaking,142,0.203872676985915,0.154929577464789,2.79966917785785,0.268795316299138,43.6443661971831,-2.32514084507042,5.74302816901409,45.9288372093023,-2.09097674418605,5.78776744186046,2.28447101211923,0.238399724575787,1.31590546054545,22
621383,SL,2026,"Banks, Tanner",breaking,95,0.203286375536842,0.210526315789474,2.55181727904667,0.229648553296319,49.0063157894737,2.6001052631579,6.39568421052632,51.1622641509434,2.42084905660377,6.49933962264151,2.15594836146971,0.207068182125946,0.9656102838,20
663436,CH,2026,"Martin, Davis",offspeed,137,0.19834838,0.124087591240876,2.49440389294403,0.146832526045323,33.7532846715329,-2.17343065693431,5.79233576642335,35.7333333333333,-2.07835271317829,5.82218992248061,1.98004866180047,0.0996548344174184,1.59845459176471,17
571945,CH,2024,"Mikolas, Miles",offspeed,122,0.195943092491803,0.131147540983607,3.80107170107979,0.409201158075109,39.9385245901639,-2.79303278688525,6.25270491803279,41.3891396332863,-2.69148095909732,6.38588152327222,1.45061504312239,0.167477705710845,1.49406608025,16
676680,ST,2024,"Cosgrove, Tom",breaking,44,0.193346323909091,0.159090909090909,5.26433333333334,0.421360840890116,8.725,2.88636363636364,4.5775,13.9893333333333,2.58746987951807,4.85602409638554,5.26433333333334,0.408550058314323,1.21531975028571,7
665871,CH,2024,"Assad, Javier",offspeed,48,0.1920225235,0.125,4.25429941482442,0.276526487497367,57.5145833333333,-1.34958333333333,5.99416666666667,53.3919375812744,-1.46576072821846,5.9854876462939,4.1226457520589,0.116501126504969,1.536180188,6
605452,CH,2024,"Ross, Joe",offspeed,50,0.191664402,0.16,3.39657875457875,0.323313743304795,32.458,-2.2304,5.5896,35.8545787545788,-2.12978021978022,5.73457875457876,3.39657875457875,0.176474302522165,1.1979025125,8
608344,CH,2023,"Irvin, Cole",offspeed,65,0.190822404123077,0.123076923076923,2.78411642411643,0.195442173863887,41.12,1.36707692307692,6.15169230769231,43.8486486486487,1.25986486486486,6.26756756756757,2.72864864864866,0.157865453083393,1.5504320335,8
518876,CU,2023,"Kelly, Merrill",breaking,41,0.188332522536585,0.146341463414634,6.99424230307876,0.255337853145041,32.0024390243903,-1.71487804878049,5.71,25.0081967213115,-1.77724043715847,5.47677595628415,6.99424230307876,0.24141773350642,1.286938904,6
670167,ST,2023,"Schreiber, John",breaking,72,0.187076769722222,0.0555555555555556,5.19920634920635,0.386290431369931,6.02777777777778,-2.84847222222222,3.84736111111111,11.0714285714286,-2.72604651162791,4.17573643410853,5.04365079365079,0.350454572474351,3.367381855,4
606160,CH,2024,"Montero, Rafael",offspeed,71,0.186441141295775,0.112676056338028,4.88203219315894,0.318948606312525,30.6859154929578,-1.57323943661972,4.91084507042254,35.177619047619,-1.61834905660377,5.1375,4.49170355466128,0.231100270265682,1.654665129,8
668820,SL,2025,"Kranick, Max",breaking,108,0.185903674111111,0.111111111111111,3.83195611577965,0.306949776112504,39.9324074074074,-2.48555555555555,5.7912037037037,43.5789915966387,-2.23428571428571,5.93588235294117,3.64658418923128,0.289945589166226,1.673133067,12
607536,CH,2025,"Freeland, Kyle",offspeed,57,0.182376745684211,0.105263157894737,2.57258152443256,0.222378280232107,30.3578947368421,2.59526315789474,5.69631578947369,29.5509887005649,2.5076338028169,5.82397183098591,0.806906036277191,0.154838524941077,1.732579084,6
641672,CH,2025,"Hatch, Thomas",offspeed,41,0.180916971219512,0.146341463414634,4.06532471348808,0.140179972277974,45.0560975609756,-1.3480487804878,5.7719512195122,41.0915662650603,-1.40060240963855,5.69686746987952,3.96453129591536,0.0916485318803161,1.23626597,6
571945,CH,2026,"Mikolas, Miles",offspeed,54,0.179474017555556,0.0925925925925926,3.52483204134366,0.307126115117472,38.8203703703704,-1.73092592592593,6.37666666666667,42.126976744186,-1.55809302325581,6.56309302325581,3.30660637381566,0.254216440610121,1.9383193896,5
641793,SL,2026,"Littell, Zack",breaking,227,0.175810412792952,0.162995594713656,1.64916551290119,0.16194779987714,40.7281938325991,-0.72625550660793,6.18392070484582,40.1497142857143,-0.649036827195468,6.12048158640226,0.578479546884807,0.0999362106500966,1.07862064064865,37
456501,SL,2023,"Cueto, Johnny",breaking,73,0.175467430136986,0.123287671232877,1.79548602335338,0.346163944732714,33.2780821917808,-2.25315068493151,5.58698630136986,33.9313653136531,-2.13815498154981,5.60391143911439,0.653283121872292,0.116234556324362,1.42323582222222,9
681982,SL,2023,"Anderson, Grant",breaking,42,0.175449694571429,0.142857142857143,7.21991341991342,0.423177479681464,-1.57142857142857,-2.89380952380952,4.17261904761905,5.64848484848485,-2.80166666666667,4.5575,7.21991341991342,0.395757063901731,1.228147862,6
687064,CU,2026,"Young, Brandon",breaking,54,0.174827910888889,0.148148148148148,3.32537393162394,0.227441320903942,46.062962962963,-1.49722222222222,6.11351851851852,42.8915865384615,-1.37805288461539,5.96995192307693,3.17137642450144,0.186581613114317,1.1800883985,8
695076,CH,2024,"Lowder, Rhett",offspeed,41,0.172189275512195,0.170731707317073,3.66882290562035,0.245554770097357,26.8121951219512,-2.41463414634146,5.55365853658537,30.4434782608696,-2.35521739130435,5.68095652173913,3.63128313891832,0.140481770359535,1.00853718514286,7
572143,CU,2024,"Smith, Burch",breaking,61,0.17144772695082,0.0819672131147541,5.08870901639343,0.335033709621709,43.3491803278689,-2.28934426229508,5.84459016393443,38.28625,-2.26690625,5.672375,5.06293032786885,0.173670743318258,2.0916622688,5
670174,CH,2024,"Winckowski, Josh",offspeed,83,0.171369332722892,0.0843373493975904,8.47614457831326,0.355502367889641,43.0650602409639,-2.00144578313253,5.94277108433735,51.5412048192771,-1.69785542168675,6.04443373493976,8.47614457831325,0.320159963284432,2.03195065942857,7
676083,CH,2025,"Junk, Janson",offspeed,49,0.165118536244898,0.122448979591837,12.3382096763939,0.631429857691484,43.3938775510204,-0.963469387755102,5.59775510204081,55.7320872274143,-0.411464174454829,5.88068535825545,12.3382096763939,0.620289678611826,1.348468046,6
669020,SL,2025,"Rolison, Ryan",breaking,51,0.164806233019608,0.0980392156862745,2.53141580161476,0.223251793745728,43.6274509803922,2.15607843137255,5.85333333333333,44.7463235294118,1.97426470588235,5.91169117647059,1.11887254901959,0.19094991131775,1.6810235768,5
543294,CU,2025,"Hendricks, Kyle",breaking,44,0.163034443636364,0.113636363636364,2.47217171717172,0.176438401019924,43.8363636363636,-2.68659090909091,6.14636363636364,41.6477777777778,-2.67330158730159,6.03026984126984,2.18858585858587,0.116851937651457,1.434703104,5
663559,SL,2023,"Falter, Bailey",breaking,95,0.154697377010526,0.147368421052632,1.7046332366349,0.175972246316406,55.6273684210526,1.236,5.63189473684211,55.6377952755906,1.11015748031496,5.64385826771653,0.0104268545379327,0.126409911920161,1.04973220114286,14
666159,CU,2023,"Manning, Matt",breaking,62,0.153249238516129,0.129032258064516,5.12391397849462,0.361187452578747,49.3096774193548,-1.83209677419355,5.59935483870968,44.5526666666667,-1.79753333333333,5.37093333333333,4.75701075268817,0.231021677689549,1.1876815985,8
680736,CU,2025,"Wrobleski, Justin",breaking,42,0.151765136095238,0.0952380952380952,5.22671130952379,0.204835914870457,41.0595238095238,2.25,5.59809523809524,35.8328125,2.171875,5.44993749999999,5.22671130952379,0.167493972973655,1.593533929,4
668868,SL,2024,"Thompson, Zack",breaking,43,0.148933666976744,0.13953488372093,1.57259858442871,0.137235633363628,55.3790697674419,0.69046511627907,5.95093023255814,54.9826086956522,0.666739130434783,5.90739130434783,0.396461071789652,0.0495838751408787,1.06735794666667,6
573186,SV,2023,"Stroman, Marcus",breaking,45,0.135933971466667,0.133333333333333,2.83178743961352,0.142994369634771,34.6466666666667,-0.995111111111111,5.23422222222222,32.2173913043478,-0.883913043478261,5.22608695652174,2.42927536231883,0.111495259061977,1.019504786,6
656186,SL,2025,"Altavilla, Dan",breaking,46,0.13321665,0.108695652173913,1.30322725235321,0.156037180394922,25.6173913043478,-2.16326086956522,5.19934782608696,25.4814432989691,-2.05969072164948,5.1819587628866,0.135948005378758,0.10501978412791,1.22559318,5
676680,ST,2023,"Cosgrove, Tom",breaking,83,0.127016605445783,0.0240963855421687,3.1738351636635,0.362241754368651,10.3313253012048,2.85301204819277,4.57771084337349,13.4592920353982,2.6,4.80286885245902,3.12796673419341,0.338690456886605,5.271189126,2
641778,CH,2026,"Lauer, Eric",offspeed,100,0.12463956952,0.11,4.36608368200837,0.206926557872937,33.782,1.8267,6.0182,37.5213389121339,1.65794979079498,6.06864016736401,3.7393389121339,0.176127350489492,1.13308699563636,11
571945,CH,2023,"Mikolas, Miles",offspeed,43,0.122278374139535,0.0930232558139535,4.71756103845906,0.374660792352174,40.7186046511628,-2.44581395348837,6.23093023255814,44.9501385041551,-2.23379501385041,6.50368421052633,4.23153385299233,0.345466008838314,1.314492522,4
607067,CU,2024,"Rea, Colin",breaking,50,0.09729669096,0.1,6.33796398559423,0.253824706975287,40.068,-1.94,5.7552,33.868787515006,-1.98427370948379,5.56087635054021,6.19921248499401,0.199303392070546,0.9729669096,5
592866,SL,2024,"Williams, Trevor",breaking,48,0.0853695098333333,0.0625,1.13958333333333,0.194059624089938,17.5145833333333,-2.38895833333333,5.04854166666667,17.547037037037,-2.23777777777778,5.00492592592593,0.032453703703716,0.157346411520725,1.36591215733333,3
676596,CH,2024,"Fleming, Josh",offspeed,76,0.0853088996842105,0.0921052631578947,3.53524027459955,0.322214645348762,25.4131578947368,2.98184210526316,5.26802631578947,28.4478260869565,2.80340579710145,5.43449275362319,3.0346681922197,0.244029897749079,0.926210910857143,7
674072,CU,2024,"Henry, Tommy",breaking,69,0.0807844817391304,0.072463768115942,3.61020567560531,0.167807835728028,45.7753623188406,1.69391304347826,5.8472463768116,42.3287425149701,1.74095808383233,5.77682634730539,3.44661980387051,0.0846889389328458,1.114825848,5
607625,ST,2024,"Lugo, Seth",breaking,41,0.0630121859512195,0.0731707317073171,5.05299914917754,0.343686128087196,27.809756097561,-1.5009756097561,5.29560975609756,32.4049418604651,-1.26088662790698,5.46462209302326,4.59518576290414,0.293611800237035,0.861166541333333,3
663559,FS,2025,"Falter, Bailey",offspeed,58,0.057665376137931,0.120689655172414,1.94519638576434,0.122004005299369,56.5689655172414,1.41431034482759,5.79258620689655,55.2326203208556,1.36479500891265,5.83069518716577,1.33634519638577,0.0624825004935643,0.477798830857143,7
606996,SL,2025,"Hart, Kyle",breaking,41,0.03562398,0.0975609756097561,2.92318152385065,0.20812730633251,37.2634146341463,2.70170731707317,5.68414634146342,34.5725663716814,2.61734513274336,5.53619469026548,2.69084826246494,0.170313444087925,0.365145795,4
571948,ST,2023,"Milner, Hoby",breaking,41,0.00875436673170732,0.024390243902439,1.4020025673941,0.136235057873675,-0.931707317073171,4.29390243902439,4.3290243902439,-1.60631578947368,4.31747368421053,4.3698947368421,0.674608472400514,0.0471803860802573,0.358929036,1
592866,SL,2025,"Williams, Trevor",breaking,40,0,0,1.39318652849742,0.201071317093552,16.42,-2.527,4.9845,17.0948186528498,-2.35093264248705,4.96238341968912,0.674818652849755,0.177451000296538,,
668868,SL,2023,"Thompson, Zack",breaking,73,0,0,1.89721668742218,0.175766393007218,53.6397260273973,0.716712328767124,5.88630136986302,55.2640909090909,0.566181818181819,5.882,1.62436488169368,0.150591953303525,,
