player_name,pitch_type,season,n,whiff,exp,wres,below,z_rel,VAA,cmd_z,cmd_x,as_gap,spin_sim
"Medina, Luis",CH,2026,58,0.586,0.325,0.260808822251232,0.413793103448276,0.138739093841916,-172.31107846102,0.794851496348705,0.532369830529114,-0.175,0.0423001713413692
"Ginn, J.T.",CH,2025,71,0.479,0.252,0.227117309503559,0.323943661971831,0.171878352688724,-172.37086952423,0.611262088136312,0.554864548072061,0.026,0.837614797495989
"Chivilli, Angel",CH,2024,125,0.552,0.328,0.224475752238563,0.384,0.249469851507857,-172.744067116963,0.595155693675882,0.521164145981282,-0.068,0.583825561983754
"Hiraldo, Yaramil",FS,2025,68,0.588,0.364,0.224193844331894,0.426470588235294,0.212271070287105,-172.431116034431,0.77543926283014,0.560619042550806,-0.231,0.00472819178938085
"Stephan, Trevor",FS,2023,91,0.516,0.295,0.221021857696915,0.417582417582418,0.0104896906133249,-172.343367201222,0.60396775787124,0.59880965532817,0.0560000000000001,0.585105194392981
"Dana, Caden",CH,2025,46,0.5,0.282,0.218343967922522,0.239130434782609,0.243823313220898,-172.764942602553,0.640925449210823,0.496942108348364,-0.0159999999999999,0.656153386851089
"Young, Alex",CH,2024,63,0.476,0.265,0.211015043298223,0.507936507936508,0.000801527295814456,-171.677030808004,0.563295591196315,0.535091320478091,-0.0529999999999999,0.715979997820889
"Leclerc, José",CH,2024,52,0.481,0.28,0.200643720930919,0.557692307692308,0.054945535941231,-173.146489831022,0.564686759353749,0.523468468179396,0.0520000000000001,0.753650534717689
"Martinez, Nick",CH,2023,126,0.524,0.325,0.198604816100355,0.476190476190476,0.149711440234422,-171.600050037708,0.740026154477987,0.505326663888468,-0.0940000000000001,0.207636684919214
"Stone, Gavin",CH,2023,54,0.481,0.292,0.189723707860385,0.388888888888889,0.247948798001398,-173.027718927757,0.78868739526629,0.482686761649169,0.0559999999999999,0.46994868046117
"Brazobán, Huascar",CH,2023,42,0.476,0.288,0.188005396633825,0.547619047619048,0.0336373261580549,-172.283420166147,0.484658313889283,0.54964666028294,-0.104,0.307065812255111
"Vesia, Alex",CH,2026,46,0.543,0.36,0.183454255989015,0.152173913043478,0.676097163147024,-173.706053389601,0.712092900572415,0.515358699277197,0.00900000000000001,0.601959494803337
"Garrett, Reed",FS,2024,127,0.504,0.322,0.181500851829602,0.590551181102362,-0.104787692690202,-172.271250445202,0.720674222715746,0.542968618218838,-0.112,0.264444670959609
"Ashby, Aaron",CH,2026,61,0.508,0.329,0.179395203334512,0.491803278688525,0.0835855308450052,-172.2540438813,0.722290850263563,0.500496847075927,-0.0559999999999999,0.618780606735327
"Olson, Reese",CH,2025,144,0.465,0.299,0.16611440924579,0.618055555555556,-0.156130723227071,-171.704196247934,0.552947111395579,0.458328480658116,-0.136,0.122750840068654
"Matsui, Yuki",FS,2026,94,0.479,0.314,0.165026636525158,0.51063829787234,-0.0329157877652821,-171.721658722183,0.691528031981335,0.526096723230537,-0.237,0.00183852049363797
"Blackburn, Paul",CH,2023,83,0.398,0.24,0.157949605239679,0.289156626506024,0.350171624340334,-172.654678296519,0.595032172741213,0.395889279015884,-0.12,0.228481358107813
"Sandlin, Nick",FS,2024,137,0.46,0.302,0.157908065120475,0.496350364963504,0.00927307568863277,-172.930519728911,0.552551969025283,0.543103663150726,0.0189999999999999,0.685783362327048
"Gipson-Long, Sawyer",CH,2023,43,0.488,0.33,0.157881429747523,0.511627906976744,-0.00754810459393959,-172.53024504511,0.459611576680451,0.494066651041693,0.159,0.0527301090948784
"Cabrera, Génesis",FS,2025,48,0.521,0.363,0.157521767305052,0.3125,0.302961933063612,-172.632070346478,0.715841319757433,0.538289264438924,-0.166,0.0620774768122759
"Garcia, Rico",CH,2026,101,0.465,0.31,0.155830274012507,0.138613861386139,0.61814730698166,-173.872475262879,0.553510710288264,0.522578101405181,-0.011,0.855031320949663
"Romero, JoJo",CH,2023,61,0.459,0.304,0.155322035791208,0.262295081967213,0.288116475890213,-172.853366531586,0.545277023199319,0.531206144798372,0.124,0.178989448219928
"Wheeler, Zack",FS,2026,142,0.472,0.317,0.154628645742692,0.514084507042254,-0.0507336829444337,-173.067650818697,0.507242402182442,0.500005497833481,0.0560000000000002,0.65638844334807
"Buttó, José",CH,2024,136,0.419,0.265,0.154545044511269,0.441176470588235,0.180816857611474,-173.034742855495,0.675891215914532,0.591728782221802,-0.114,0.189521821621847
"Lee, Dylan",CH,2026,51,0.471,0.317,0.15401463409105,0.235294117647059,0.348590267167759,-172.860487536459,0.48156005628329,0.405544311824204,-0.00200000000000011,0.869100754169984
"Morán, Jovani",CH,2026,114,0.509,0.357,0.151395277370424,0.342105263157895,0.205767020541532,-172.592628102812,0.677073024429199,0.496207529590179,0.023,0.617315059599298
"Richards, Trevor",CH,2023,144,0.479,0.329,0.150646752436905,0.5,0.0177340183778204,-171.234507255983,0.682848290310721,0.491299651529525,-0.308,2.38683904211177e-05
"Saucedo, Tayler",CH,2024,74,0.378,0.233,0.145184583230097,0.445945945945946,0.1626808550512,-172.867089022821,0.511389054370926,0.588995064526569,0.117,0.231448653536561
"McClanahan, Shane",CH,2023,46,0.587,0.442,0.144521433658333,0.304347826086957,0.261674634311398,-172.488501646245,0.709042663784202,0.42651159998677,-0.00700000000000001,0.733220660612983
"Richards, Trevor",CH,2026,94,0.479,0.335,0.143303488631551,0.563829787234043,-0.120198012492535,-170.726410897712,0.857280766240311,0.458622262774009,-0.406,1.19351626180003e-08
"Whisenhunt, Carson",CH,2026,57,0.474,0.331,0.142829737492693,0.508771929824562,0.0606985403608314,-172.320568711233,0.617922516297893,0.496157284233013,0.0260000000000001,0.596874543031622
"Weaver, Luke",CH,2024,190,0.458,0.315,0.142527455587933,0.473684210526316,0.0811412364119653,-172.768749064635,0.620827760881533,0.499201726115348,-0.104,0.293304322674588
"Feltner, Ryan",CH,2026,93,0.462,0.324,0.138588456743215,0.333333333333333,0.312495066391586,-173.124113853196,0.723586866650379,0.478450337869824,-0.123,0.214328950090045
"Brzykcy, Zach",CH,2025,53,0.434,0.296,0.138444354654371,0.207547169811321,0.512202659325486,-173.493997117324,0.65101868186875,0.519319736881156,0.0089999999999999,0.489092463255642
"Farris, Mitch",CH,2026,80,0.45,0.312,0.138148435725428,0.5,0.054241534954495,-170.860047982414,0.902267513328184,0.528486472472471,0.00700000000000001,0.281973167058019
"Boushley, Caleb",CH,2025,49,0.388,0.251,0.137171370144587,0.428571428571429,0.174019938670256,-172.240447790654,0.628819845065456,0.45701132954345,0.071,0.477933805269193
"McCullers Jr., Lance",CH,2026,46,0.37,0.237,0.132899013654788,0.434782608695652,0.215257352825465,-172.63335665556,0.713813164540203,0.492265872039825,0.092,0.287108649709677
"King, Michael",CH,2023,63,0.444,0.312,0.132666415122979,0.26984126984127,0.302088669611142,-173.244195220639,0.4386024831404,0.579843598087991,0.15,0.0705281239054501
"McGough, Scott",FS,2025,49,0.408,0.276,0.131684309009477,0.428571428571429,0.0776837681414872,-172.183482136929,0.614193913576211,0.425041997868029,-0.142,0.131260706837008
"Mlodzinski, Carmen",FS,2025,128,0.43,0.298,0.13161612966503,0.390625,0.15580851691904,-172.522659882432,0.664078628539508,0.586234985358603,-0.259,0.000963912477814516
"Skenes, Paul",CH,2024,62,0.548,0.418,0.130686389782,0.5,0.00599930251497747,-172.468666709204,0.483178082248826,0.600901571215535,-0.04,0.498047821754638
"Sheehan, Emmet",CH,2023,64,0.453,0.323,0.130149279177803,0.328125,0.261928013896569,-172.824131927117,0.54536976578991,0.495872490984238,-0.124,0.0623881193589892
"Abbott, Andrew",CH,2023,89,0.371,0.243,0.127824982019033,0.191011235955056,0.589125881525717,-173.542792190515,0.575090225719986,0.462488904822773,-0.015,0.929667864519777
"Williams, Trevor",CH,2025,64,0.375,0.248,0.126844935448137,0.703125,-0.134267344223972,-172.244445768603,0.357002259562416,0.517632870866173,0.283,0.000155168266012318
"Horton, Cade",CH,2025,108,0.454,0.328,0.125882797523261,0.259259259259259,0.38430173223268,-173.153106515601,0.545220778200442,0.500319589644635,0.032,0.778207258001154
"DeSclafani, Anthony",FS,2025,61,0.443,0.317,0.12586422600748,0.524590163934426,-0.00216748410348364,-172.081384639452,0.610278547749479,0.521866381019408,-0.236,0.00336891233467342
"Peralta, Wandy",CH,2023,64,0.422,0.297,0.125076769906819,0.421875,0.126101272962655,-172.760124729496,0.534100245008785,0.52614402589813,-0.126,0.199213737177997
"Walter, Brandon",CH,2025,72,0.403,0.28,0.123094423362495,0.402777777777778,0.21366499456957,-172.00822304622,0.569600346808465,0.554203671553273,0.0550000000000001,0.284676749839996
"Ramirez, Emmanuel",FS,2024,68,0.471,0.351,0.119898138531133,0.514705882352941,0.0633426874984676,-171.86291414848,0.695661794727055,0.571181740527036,-0.177,0.00707250183768797
"Leiter Jr., Mark",FS,2024,185,0.53,0.41,0.119783499337,0.475675675675676,0.0811580870489147,-172.117450460466,0.667073965169158,0.569278070866402,-0.0459999999999999,0.589801964330777
"McGough, Scott",FS,2023,89,0.404,0.286,0.1187779414809,0.393258426966292,0.198696663170893,-172.406821348292,0.623092371512232,0.494392022206876,-0.0770000000000001,0.520322861251195
"Festa, David",CH,2025,131,0.427,0.309,0.118473488273843,0.32824427480916,0.27058807633796,-172.778756588863,0.64002883141162,0.536188503487455,-0.0570000000000001,0.652763193864456
"Borucki, Ryan",FS,2025,55,0.418,0.3,0.118238544652201,0.381818181818182,0.279028912401175,-172.203626056992,0.577987508426678,0.487689149534499,-0.0550000000000001,0.574598283321748
"Lorenzen, Michael",CH,2025,206,0.413,0.295,0.11747360330863,0.266990291262136,0.441932498152657,-172.94565425866,0.614005051656739,0.528279781097864,0.0189999999999999,0.861721292907749
"Iglesias, Raisel",CH,2025,165,0.394,0.277,0.116737249105279,0.4,0.204617888212218,-173.088641165613,0.544151980187422,0.474254502658894,-0.027,0.7680621667715
"King, John",CH,2023,46,0.391,0.275,0.116593953669156,0.456521739130435,0.125946186234801,-172.443068040218,0.479328218533628,0.444045499870511,0.117,0.228564995701608
"Bergert, Ryan",CH,2025,40,0.375,0.259,0.115556820009441,0.15,0.585521280749131,-173.389548634504,0.515261720755478,0.478026485723999,0.015,0.678899490130075
"Castro, Miguel",CH,2023,42,0.381,0.267,0.114259362096425,0.333333333333333,0.205143120133459,-173.280361718614,0.566096978933485,0.462646235745506,-0.0330000000000001,0.891975077138672
"Gaddis, Hunter",CH,2025,51,0.451,0.337,0.11403307406254,0.117647058823529,0.699054899036529,-172.484223207737,0.562490389358856,0.491720822719687,0.0079999999999999,0.536362547583675
"Domínguez, Seranthony",FS,2025,91,0.484,0.369,0.114032430689358,0.483516483516484,0.11483061693704,-172.386370117912,0.745401070320094,0.577956207381072,0.115,0.115500670081154
"Weaver, Luke",CH,2025,165,0.418,0.306,0.112183341029889,0.363636363636364,0.246751176936843,-173.247742708047,0.633481581891428,0.505413329469056,-0.076,0.497102193738112
"Hernández, Carlos",FS,2025,72,0.472,0.36,0.111887574858912,0.25,0.550645199744638,-173.359242259341,0.669059170213392,0.568133753639754,-0.0310000000000001,0.896338632659829
"Hill, Jaden",CH,2026,45,0.444,0.333,0.111832312712282,0.311111111111111,0.320334591186246,-172.805315198822,0.570126455271964,0.713072461288801,0.103,0.223667904066661
"Silseth, Chase",FS,2023,60,0.367,0.256,0.110470274215863,0.55,-0.0214023167315414,-171.722803795521,0.66012516367459,0.464446247469742,-0.117,0.19568855784717
"Maeda, Kenta",FS,2023,200,0.37,0.26,0.110132535745751,0.51,0.00221221538326652,-171.700790528491,0.588562167430911,0.49856590548634,-0.0459999999999999,0.516616203768083
"Suter, Brent",CH,2023,60,0.383,0.274,0.109560552781115,0.216666666666667,0.595203119050028,-172.000551852575,0.72854144080978,0.543947978219308,0.269,0.000529469103312722
"Lee, Dylan",CH,2024,56,0.393,0.284,0.109053537885248,0.303571428571429,0.280989830491664,-172.576834999626,0.533864423260125,0.364347485152608,-0.005,0.863628994223613
"Beeks, Jalen",CH,2026,74,0.351,0.243,0.108770021856496,0.297297297297297,0.353961904692644,-173.24276035243,0.621926826539507,0.428315523496957,-0.017,0.76454877558357
"Garrett, Reed",FS,2025,93,0.419,0.311,0.108388419260868,0.591397849462366,-0.0906561687835049,-172.212386272824,0.619888579018137,0.466804771162684,-0.078,0.50565891857414
"Vodnik, Victor",CH,2025,112,0.438,0.33,0.107759732878704,0.446428571428571,0.0320258477274902,-173.220378675483,0.594604155072734,0.489961425793679,-0.022,0.616457507227272
"Gray, Sonny",CH,2024,60,0.317,0.209,0.107522680633551,0.233333333333333,0.472628536718615,-173.400643645977,0.612568422017711,0.462912468081678,0.145,0.0916127301246419
"Avila, Pedro",CH,2023,122,0.426,0.319,0.107506766920381,0.368852459016393,0.225132928156861,-172.497191797867,0.647585205496435,0.5584600839085,-0.535,2.95194354057066e-13
"Beeks, Jalen",CH,2024,117,0.376,0.269,0.107355997195879,0.35042735042735,0.262547811779924,-172.998423506318,0.642000578126863,0.502168914490848,-0.017,0.773896169373018
"Cano, Yennier",CH,2025,65,0.308,0.2,0.107202953224313,0.430769230769231,0.0724177654445675,-172.636779666377,0.504055563049859,0.486633089687624,0.115,0.254730119194397
"Gonsolin, Tony",FS,2023,76,0.382,0.275,0.106790498301204,0.486842105263158,0.159625082428007,-171.717461252553,0.647298569440372,0.555141373680514,-0.0389999999999999,0.552486812536542
"Gore, MacKenzie",CH,2025,125,0.472,0.365,0.106759787994032,0.304,0.399626376213241,-173.312958575024,0.690440378433129,0.492099127676596,0.00199999999999989,0.691359201017332
"Webb, Jacob",CH,2023,67,0.433,0.326,0.10669353880426,0.373134328358209,0.266901074109073,-173.261433259734,0.572589800446379,0.487472329201637,0.115,0.203020192360978
"Banda, Anthony",CH,2024,51,0.373,0.266,0.106330630939331,0.411764705882353,0.153005265731249,-173.296237557173,0.458209696040299,0.455858322208688,0.0479999999999999,0.583617455870939
"Gausman, Kevin",FS,2023,233,0.429,0.324,0.105089920413767,0.463519313304721,0.0830779206484112,-172.652769351125,0.578264111619826,0.485225683681887,-0.088,0.381840991844612
"Abbott, Andrew",CH,2026,169,0.361,0.256,0.104756671532828,0.230769230769231,0.430047003667603,-173.069694598388,0.606088875938543,0.471148289040215,-0.0470000000000001,0.707698663302015
"Schwellenbach, Spencer",FS,2024,131,0.45,0.346,0.104245275969677,0.442748091603053,0.109242209487627,-172.470774294039,0.547420310539244,0.44602922596074,0.0429999999999999,0.56458188541613
"Rodón, Carlos",CH,2024,205,0.488,0.384,0.103931851855426,0.360975609756098,0.263894045293664,-171.909558013584,0.689834914088854,0.477614497050723,-0.19,0.0246158232431704
"Burrows, Mike",CH,2025,213,0.418,0.314,0.10342614467444,0.230046948356808,0.472967965982161,-172.798714588856,0.642825891731952,0.506363903191152,0.049,0.538092321915006
"Cruz, Fernando",FS,2024,225,0.564,0.461,0.103227352307065,0.435555555555556,0.173405206468298,-171.566034169307,0.84183646864051,0.586550748586073,-0.287,0.000225945232875277
"Keller, Brad",CH,2025,67,0.388,0.285,0.103001684211819,0.298507462686567,0.335941359664137,-172.7644190089,0.58068093708109,0.448775438954915,0.099,0.344500025137048
"Iglesias, Raisel",CH,2026,130,0.377,0.274,0.102998443310066,0.415384615384615,0.164257563217024,-173.152045836252,0.552844202597109,0.539923600589239,-0.0079999999999999,0.861416054669498
"Yarbrough, Ryan",CH,2025,94,0.404,0.302,0.102432331862523,0.468085106382979,0.108062271564259,-171.807838175686,0.472959448976477,0.580136935131923,-0.0690000000000001,0.366494743230076
"McGough, Scott",FS,2024,91,0.396,0.293,0.102212168431471,0.340659340659341,0.239310823376018,-172.690232547128,0.54455952160626,0.51676771219999,-0.0389999999999999,0.823482418952831
"Chivilli, Angel",CH,2025,195,0.426,0.324,0.101859410445509,0.348717948717949,0.24876054816072,-173.064770888166,0.568996966021109,0.531391101559471,-0.0609999999999999,0.633840638481221
"Gore, MacKenzie",CH,2024,121,0.488,0.386,0.101773682971873,0.355371900826446,0.318205824274465,-173.144902577143,0.654946223501676,0.4946860896626,-0.01,0.72109943546704
"Roupp, Landen",CH,2024,41,0.341,0.24,0.101115136272107,0.536585365853659,-0.0107136312286441,-172.745854304034,0.490863529401437,0.593122555501732,-0.0510000000000001,0.621316425126174
"Englert, Mason",CH,2024,53,0.377,0.277,0.100800455030842,0.471698113207547,0.156051991944,-172.259210005315,0.532355982446359,0.532922188651359,-0.26,0.000664444452268925
"Davies, Zach",CH,2023,65,0.385,0.284,0.100478809143775,0.369230769230769,0.213067138217274,-172.46873183981,0.545139570795684,0.455401154552803,0.0380000000000001,0.729814339914059
"Farris, Mitch",CH,2025,53,0.396,0.297,0.0996388042857098,0.509433962264151,0.0653983503685165,-170.839994220367,0.75184741763419,0.647934649626122,0.001,0.261313034496536
"Gonsolin, Tony",FS,2025,78,0.372,0.273,0.0991473587744917,0.243589743589744,0.379989239778744,-171.758358810829,0.651664358882264,0.50217303588556,-0.109,0.172279640150066
"Skubal, Tarik",CH,2023,152,0.493,0.394,0.0990919516543749,0.381578947368421,0.217763122346895,-171.989363436882,0.653555024952684,0.559996968349615,-0.219,0.00694938729946189
"Skubal, Tarik",CH,2026,217,0.512,0.413,0.0984425989692051,0.400921658986175,0.170040839394314,-172.443879455112,0.680217778960887,0.545028490635433,-0.196,0.0171228151447223
"Cruz, Fernando",FS,2023,123,0.553,0.455,0.0981040940327281,0.308943089430894,0.424004312780373,-171.996151981201,0.832224432503272,0.631304771842125,-0.285,0.000246613674037001
"Brash, Matt",CH,2025,40,0.425,0.327,0.0977221673339306,0.375,0.20519196462829,-172.650830359879,0.527494820417598,0.526230357402964,-0.0800000000000001,0.404058043552028
"Brazobán, Huascar",CH,2024,146,0.384,0.287,0.096904798159676,0.376712328767123,0.198551744214205,-172.44004864118,0.648424508037739,0.498674061317921,-0.104,0.325269524538157
"Gibson, Kyle",CH,2024,130,0.369,0.273,0.0966864615754182,0.361538461538462,0.227395480557806,-172.033258821252,0.569264109974903,0.473376703282136,-0.0659999999999999,0.559654987136033
"Suarez, José",CH,2026,138,0.384,0.288,0.0963765610382779,0.528985507246377,0.00597522527308361,-172.09084302149,0.63055137913786,0.488269305403983,-0.08,0.448382791873737
"Hendricks, Kyle",CH,2023,317,0.338,0.242,0.0958901756007499,0.230283911671924,0.386224728734493,-172.289292836064,0.533846332909835,0.7679281190193,-0.101,0.331296219722192
"Lambert, Peter",CH,2026,208,0.351,0.255,0.0958338122655808,0.3125,0.296735801107169,-173.018956458918,0.60920235674422,0.469556412369267,0.023,0.792149201405466
"Hernández, Jonathan",CH,2024,48,0.396,0.3,0.0957989625278373,0.166666666666667,0.378588889751272,-173.426482847737,0.484657013984894,0.526988919469004,0.045,0.811356714290361
"Martinez, Justin",FS,2024,130,0.523,0.427,0.0956551114912942,0.461538461538462,0.097744665588898,-171.825711084553,0.715611264035234,0.586933346264498,0.0209999999999999,0.585502281194628
"Hoeing, Bryan",FS,2024,93,0.366,0.27,0.0956042614377541,0.365591397849462,0.239078383793109,-171.817603430515,0.682292192082714,0.661722717629472,-0.215,0.00884353319075281
"Perkins, Jack",CH,2026,111,0.441,0.347,0.0948708643681985,0.558558558558559,-0.0376009436083074,-172.562461172424,0.562034602071338,0.420761840258801,-0.005,0.655458017523073
"Webb, Jacob",CH,2026,177,0.412,0.318,0.0948251737204135,0.225988700564972,0.387037413051945,-173.38478648693,0.548275565859156,0.486934704201558,0.108,0.24386636471557
"Poulin, PJ",CH,2025,44,0.318,0.224,0.0938409556040721,0.25,0.312912582609666,-172.840347306375,0.577178306139279,0.674144156362166,0.022,0.699639841290043
"Williamson, Brandon",CH,2026,59,0.39,0.297,0.092522202363692,0.220338983050847,0.475352505457996,-172.422718127783,0.594609385582466,0.51659356587955,0.003,0.68648114572092
"Sandoval, Patrick",CH,2023,132,0.455,0.362,0.0924268403662841,0.257575757575758,0.441738056270343,-172.726008272702,0.616565444470505,0.49573055812951,0.0519999999999999,0.401505644999665
"Leiter Jr., Mark",FS,2026,101,0.436,0.343,0.0923029669813794,0.455445544554456,0.0379376865748976,-172.080165035168,0.68985392820037,0.575340408876824,-0.148,0.0727774612079954
"Olson, Reese",CH,2024,188,0.378,0.286,0.092151033620539,0.537234042553192,0.00686936289029823,-171.872088839336,0.581929535898587,0.4810730086202,-0.154,0.0733545323660407
"Miller, Shelby",FS,2025,105,0.438,0.346,0.0920244869649859,0.447619047619048,0.098711007043698,-172.864459830329,0.626666556324069,0.481992489282581,-0.109,0.255261995309378
"Matsui, Yuki",FS,2025,181,0.436,0.344,0.0919846032120182,0.453038674033149,0.134402124248061,-171.871276994523,0.752159080294367,0.500372256963081,-0.197,0.0110972028365551
"Williams, Devin",CH,2024,80,0.462,0.371,0.0910209644523125,0.425,0.140572749095447,-172.117289271441,0.513905893275626,0.591788820516042,-0.0600000000000001,0.152030365989462
"Alexander, Jason",CH,2025,220,0.391,0.3,0.0905480407961058,0.290909090909091,0.278456571141429,-171.929610158899,0.521696311297309,0.656592214359633,0.0580000000000001,0.465867570720776
"Morejon, Adrian",CH,2025,40,0.475,0.384,0.0905201091339236,0.35,0.2923053963566,-172.472198859494,0.753576753989757,0.450586895952027,0.079,0.238362871675503
"Montero, Rafael",CH,2023,60,0.3,0.21,0.0902824322004748,0.3,0.242181423838725,-174.019339988538,0.544912041931281,0.436278476266573,0.034,0.820970195278045
"Yamamoto, Yoshinobu",FS,2025,364,0.407,0.317,0.0896920901711723,0.46978021978022,0.0590419983363524,-172.861258843204,0.599520761650814,0.42828905647519,-0.126,0.160827533678553
"Cease, Dylan",CH,2026,81,0.519,0.429,0.089649677517882,0.111111111111111,0.759475838843328,-173.58840015541,0.620691987148059,0.478117474759563,0.00400000000000011,0.982938610531399
"Montas, Frankie",FS,2024,202,0.391,0.302,0.0889350329806523,0.46039603960396,0.0540687027626923,-172.076728153267,0.599919078621267,0.525323457713564,-0.003,0.782051085282612
"Silseth, Chase",FS,2026,93,0.376,0.288,0.0883013741893973,0.537634408602151,-0.0394886500114128,-172.104728408957,0.675395447877451,0.52559869631912,-0.159,0.0423834325306533
"Buttó, José",CH,2023,60,0.367,0.279,0.0877216331266023,0.466666666666667,0.173147961033515,-172.670906403649,0.667076545741042,0.486953719866305,-0.104,0.245554764955071
"Bido, Osvaldo",CH,2024,69,0.333,0.246,0.0874371839880068,0.188405797101449,0.450484450887285,-173.419892633119,0.496924890870136,0.519124131090171,0.0369999999999999,0.827732029698312
"Trivino III, Lou",CH,2025,65,0.369,0.284,0.0855874756436857,0.230769230769231,0.402784931935778,-172.442726363108,0.522288384699546,0.473496765639861,0.0439999999999999,0.478021056326623
"Sale, Chris",CH,2023,48,0.333,0.249,0.0846716029421965,0.1875,0.315708783893102,-173.413151234309,0.39505927400046,0.379035817901226,0.046,0.630845921669397
"Farmer, Buck",CH,2023,44,0.364,0.28,0.0832584911628746,0.340909090909091,0.323863088259641,-172.630015709577,0.655472338013014,0.508028951477179,-0.092,0.334599360970356
"Wentz, Joey",CH,2024,93,0.398,0.315,0.0827220587731202,0.32258064516129,0.381384698952445,-172.690773412038,0.620690003829843,0.493250870565992,0.0319999999999999,0.743990416384226
"Ragans, Cole",CH,2025,109,0.486,0.404,0.0823978773400273,0.26605504587156,0.490605700381159,-172.993387098932,0.650586924283052,0.508557845016643,0.00800000000000001,0.878406168570198
"Adams, Travis",CH,2026,78,0.385,0.302,0.0823144753222175,0.5,0.0926896959152474,-172.627243251961,0.615520671446932,0.523820180872871,0.0409999999999999,0.694454298054883
"Martinez, Nick",CH,2024,258,0.399,0.317,0.0820864603312395,0.37984496124031,0.246253805898855,-171.647049249919,0.647228802197079,0.526783419378024,-0.0840000000000001,0.258709363700315
"Eovaldi, Nathan",FS,2023,67,0.373,0.291,0.0817583261017004,0.477611940298507,0.107308644208737,-172.3649434542,0.609313327583708,0.430536221081603,-0.133,0.159221125605937
"Saucedo, Tayler",CH,2023,46,0.326,0.245,0.0811242722756638,0.304347826086957,0.282047487211916,-172.970683834435,0.51799224258671,0.546891639895695,0.0820000000000001,0.476734946356334
"Imanaga, Shota",FS,2024,478,0.404,0.323,0.0810434713783334,0.380753138075314,0.213286915564671,-172.888634765498,0.579978631099128,0.512043395531489,-0.0670000000000001,0.550755408228019
"Johnson, Ryan",FS,2026,103,0.34,0.259,0.0807057649562372,0.456310679611651,0.149238478912693,-172.453296829912,0.502077974401528,0.555534604340293,-0.097,0.307170896615306
"Musgrove, Joe",CH,2024,59,0.305,0.224,0.0806975889704067,0.203389830508475,0.491473561882216,-172.48793080164,0.528967983181448,0.524702636263242,-0.013,0.791335624782946
"Yates, Kirby",FS,2026,77,0.351,0.27,0.0802474613390594,0.545454545454545,-0.0588898964097954,-172.337166248356,0.538142390299968,0.573270161598162,-0.002,0.659484860830371
"Cruz, Fernando",FS,2025,234,0.556,0.476,0.0799265142358095,0.457264957264957,0.0461322226710025,-171.148949050641,0.837572057908344,0.561205824028295,-0.52,1.11649881870375e-12
"Parker, Mitchell",FS,2024,237,0.363,0.283,0.0795556401627714,0.375527426160338,0.325633322739972,-172.712183841506,0.712640362242392,0.492820385906694,-0.16,0.0684241614963623
"deGrom, Jacob",CH,2026,109,0.431,0.352,0.0791711694851561,0.422018348623853,0.154383750344931,-172.829996482656,0.699783009455588,0.476417565029911,-0.0609999999999999,0.603830710361374
"Young, Alex",CH,2023,56,0.339,0.26,0.0790713696597929,0.392857142857143,0.126164359702816,-171.886432626099,0.552620865663735,0.459770760786842,-0.0669999999999998,0.564318532983392
"Bubic, Kris",CH,2025,203,0.374,0.295,0.078955719389951,0.374384236453202,0.224779192677159,-172.22039205938,0.615058471385334,0.519238595766823,-0.104,0.183779320201989
"Valdez, Framber",CH,2024,226,0.319,0.24,0.0783075829924991,0.358407079646018,0.222494103953493,-172.241610743939,0.5454711192128,0.483616661194055,-0.001,0.907896553069745
"Crochet, Garrett",CH,2025,57,0.421,0.343,0.0782325273100088,0.368421052631579,0.330820318422594,-172.819026847668,0.64471954250431,0.51965630798279,-0.0529999999999999,0.605055030261641
"Erceg, Lucas",CH,2023,60,0.383,0.305,0.0780407881546918,0.183333333333333,0.394675283486092,-173.029963088229,0.486613997341318,0.504634932242389,-0.0279999999999999,0.819583617789933
"Springs, Jeffrey",CH,2024,99,0.414,0.336,0.0780364133002834,0.383838383838384,0.120121184015503,-171.28580748078,0.575889394348032,0.45239766806241,-0.0690000000000001,0.575600324861046
"Fulmer, Carson",CH,2024,191,0.356,0.278,0.0776812458986074,0.476439790575916,0.0205541138320046,-172.441965394035,0.497969759812816,0.52759972221529,0.032,0.692036466707426
"Cano, Yennier",FS,2026,73,0.329,0.251,0.0775852618832765,0.657534246575342,-0.132345694243482,-171.806386612245,0.473989835265523,0.497551559287273,0.0670000000000001,0.588977924241161
"Ober, Bailey",CH,2024,459,0.388,0.31,0.077361644094247,0.34640522875817,0.270826196520718,-172.145504205858,0.577730429151919,0.482099727524031,0.0659999999999999,0.304638366383137
"Quintana, Jose",CH,2024,201,0.343,0.266,0.0770986163428505,0.45771144278607,0.0964224534243456,-172.353320019794,0.615067854400265,0.470530890873737,0.065,0.443445576255568
"Feltner, Ryan",CH,2025,44,0.386,0.309,0.0769269942487639,0.409090909090909,0.276124896808518,-172.862318288894,0.703085468145222,0.614451961153174,-0.084,0.470394666036323
"Irvin, Jake",CH,2024,41,0.317,0.24,0.0767251952304516,0.195121951219512,0.53202775076568,-173.070325807397,0.558099439783155,0.446444506095377,-0.017,0.903124749917845
"Myers, Tobias",CH,2024,96,0.427,0.351,0.0761132514583003,0.239583333333333,0.647202962807882,-173.22197637203,0.748221443719995,0.469761638426534,-0.00900000000000001,0.808909339724827
"Lorenzen, Michael",CH,2024,201,0.363,0.287,0.0760115509549892,0.318407960199005,0.296501877790515,-172.937399550344,0.55347791293731,0.46582738356498,0.0259999999999999,0.814591070520499
"Weaver, Luke",CH,2026,130,0.392,0.316,0.075817932546212,0.461538461538462,0.093877969016734,-173.062069141336,0.579375908902687,0.491029064570265,-0.159,0.0708492494190158
"Cabrera, Edward",CH,2024,280,0.329,0.253,0.0756671487503275,0.267857142857143,0.366224290213207,-173.011068233349,0.611295581354762,0.514186131380513,0.0079999999999999,0.929405207435711
"Jobe, Jackson",CH,2025,57,0.421,0.346,0.0754949718596383,0.280701754385965,0.347586442459681,-172.846697024883,0.507319673703031,0.530801197943659,0.038,0.422429137258016
"Pressly, Ryan",CH,2024,47,0.319,0.244,0.0752625896294934,0.276595744680851,0.326507815870037,-172.849825671919,0.628279091109832,0.459958266235133,-0.125,0.145670194378776
"Gipson-Long, Sawyer",CH,2025,41,0.415,0.34,0.0745541970463579,0.292682926829268,0.320925327437873,-172.641681751882,0.578061667279005,0.610151892528631,0.105,0.223830326455518
"Middleton, Keynan",CH,2023,83,0.386,0.311,0.074377701925438,0.216867469879518,0.475595993466062,-173.004273206764,0.631143125484192,0.485364772977745,-0.0540000000000001,0.718221052661643
"Waldrep, Hurston",FS,2025,131,0.412,0.338,0.0742608933777088,0.358778625954198,0.293723570459769,-171.995668641494,0.749174111211755,0.51806262966273,0.043,0.451413101666305
"Beeks, Jalen",CH,2025,160,0.331,0.257,0.0741478062851327,0.325,0.38915825013579,-173.210462131108,0.682820207996636,0.495285811948833,-0.0210000000000001,0.789604303938628
"Neris, Héctor",FS,2025,116,0.353,0.28,0.0736422112457842,0.387931034482759,0.268487956549905,-171.313261838245,0.63370800202293,0.573556764093889,-0.157,0.0443943339275475
"Cruz, Fernando",FS,2026,208,0.524,0.451,0.0734740726744241,0.471153846153846,0.05231336542505,-171.290453792651,0.792148255032155,0.548748582624908,-0.442,2.03932084194192e-09
"Eisert, Brandon",CH,2025,169,0.402,0.329,0.0731450030740011,0.402366863905325,0.127541743382113,-172.763355017505,0.532392983324427,0.546295793910092,-0.0750000000000001,0.513636060717868
"Winn, Keaton",FS,2023,93,0.387,0.314,0.0728587850221222,0.311827956989247,0.160359504070643,-171.853339992403,0.531732120298613,0.524253779410412,-0.093,0.318292273918367
"Leiter Jr., Mark",FS,2023,77,0.468,0.396,0.071871755493651,0.415584415584416,0.112212691352986,-172.219995212832,0.646320137799538,0.522473437837588,-0.0620000000000001,0.519158492541748
"Lambert, Peter",CH,2024,135,0.348,0.276,0.0717804951619751,0.325925925925926,0.353760306410777,-172.699136485834,0.680785207220493,0.443476768209125,0.005,0.772823384822024
"Sulser, Cole",CH,2026,143,0.357,0.285,0.0712646722762306,0.524475524475525,-0.0716994458934042,-171.93092577262,0.652220796441609,0.451806653509717,-0.184,0.0263019606581362
"Woodruff, Brandon",CH,2026,68,0.382,0.311,0.0710656542340896,0.338235294117647,0.282540992258777,-172.682111870674,0.619558078849756,0.510205716897259,-0.0189999999999999,0.743373874924359
"Mantiply, Joe",CH,2023,41,0.293,0.222,0.0709019654445903,0.414634146341463,0.111893391218961,-171.901932978428,0.453813246871545,0.553235603935563,0.101,0.211291051276135
"Corbin, Patrick",CH,2025,101,0.386,0.315,0.0706662605979349,0.336633663366337,0.369368704912067,-172.021605337548,0.658697368727571,0.555121546445935,0.0900000000000001,0.410922327742974
"Anderson, Tyler",CH,2023,175,0.434,0.364,0.0704111396658723,0.257142857142857,0.461927088738656,-172.130526640701,0.672882780962325,0.437905992220689,0.015,0.782993956261203
"Sugano, Tomoyuki",FS,2026,151,0.285,0.215,0.0700914064702554,0.509933774834437,0.0164690693252167,-172.487630188406,0.559679428616783,0.432219969841796,-0.0740000000000001,0.556384204800318
"Taillon, Jameson",CH,2025,119,0.361,0.291,0.0700241462414627,0.235294117647059,0.515854325910833,-172.554522136195,0.636397238097546,0.476957755239989,-0.0710000000000001,0.450086606039662
"Montero, Rafael",FS,2025,251,0.359,0.29,0.0689354012595447,0.402390438247012,0.117410963211563,-173.13193530011,0.53926589838778,0.526539909578758,-0.113,0.245462356450678
"Greinke, Zack",CH,2023,68,0.25,0.181,0.0686909627107344,0.441176470588235,0.117586572249235,-171.955989380922,0.517864274153723,0.50287253791517,0.0600000000000001,0.420902365300421
"Sánchez, Cristopher",CH,2023,200,0.415,0.347,0.068334607641993,0.525,0.0219475568916997,-171.121602069008,0.637875138168838,0.61964648424477,-0.0390000000000001,0.756335021185033
"Jax, Griffin",CH,2024,99,0.444,0.376,0.0683177588913659,0.313131313131313,0.272831107392148,-173.082741446858,0.571701219375296,0.459512145541742,-0.0730000000000002,0.476172557067765
"Fulmer, Carson",CH,2025,83,0.337,0.269,0.0682207079511883,0.373493975903614,0.117399356402317,-172.562861791938,0.500042130551685,0.492704924876614,0.033,0.65509549133652
"Harris, Hogan",CH,2023,42,0.429,0.361,0.067825162025237,0.0238095238095238,0.619359323677878,-172.877731869764,0.383038981681628,0.520121898490247,-0.01,0.623422757560648
"Holman, Grant",FS,2024,46,0.391,0.324,0.0677733172225908,0.369565217391304,0.283405609688672,-172.248396516857,0.606960118558264,0.477346240209795,-0.07,0.438571499996933
"Yates, Kirby",FS,2025,145,0.345,0.277,0.0677564109749423,0.524137931034483,0.00897415706642119,-172.509850225184,0.536251974975719,0.509549863092557,0.025,0.536449290964596
"Pérez, Eury",CH,2026,67,0.388,0.32,0.0676344140558987,0.388059701492537,0.156537332763265,-173.240837816564,0.632513387746168,0.550572705752818,0.018,0.833896720030432
"Kelly, Merrill",CH,2024,119,0.286,0.218,0.0674860165374298,0.46218487394958,0.126784893804435,-172.584385521784,0.537888193631709,0.455279243033932,-0.0310000000000001,0.77503359542093
"Festa, David",CH,2024,153,0.386,0.318,0.0674478802249117,0.320261437908497,0.348156303625083,-173.001990388776,0.660455229973173,0.463486466976515,-0.019,0.787896504353794
"Kahnle, Tommy",CH,2024,269,0.364,0.297,0.0672879857515619,0.304832713754647,0.269220941050742,-172.477746082135,0.597979871025745,0.521384365996959,0.0470000000000001,0.294188602225152
"Cano, Yennier",CH,2023,65,0.385,0.317,0.0672537187580634,0.507692307692308,0.0504992580930609,-172.6880463994,0.44622695296774,0.550020811699063,0.098,0.363513215417588
"Soriano, George",CH,2023,60,0.333,0.266,0.0671523143786284,0.266666666666667,0.322413135720527,-173.004374779102,0.535367520616154,0.556178468040774,0.114,0.223503762238727
"Matsui, Yuki",FS,2024,118,0.356,0.289,0.0669049119211407,0.406779661016949,0.283647766672565,-172.618624336176,0.730574095491266,0.505407877114581,-0.343,5.26798280494787e-06
"Kelly, Merrill",CH,2025,440,0.323,0.257,0.0661704367459086,0.5,0.00453844882177958,-172.335092683794,0.505074432017989,0.493829486753492,-0.0459999999999999,0.71933246038591
"Wheeler, Zack",FS,2024,118,0.39,0.324,0.0660564212376398,0.423728813559322,0.134025276701457,-173.094653679579,0.506646213727731,0.537629630598384,-0.0410000000000001,0.774987576852499
"De Los Santos, Enyel",CH,2026,106,0.377,0.312,0.0655914310905288,0.245283018867925,0.306390018733717,-173.238873901384,0.485419871270109,0.536208877713203,0.0539999999999999,0.726083386797551
"King, John",CH,2026,62,0.306,0.241,0.065510132026705,0.532258064516129,-0.0265934270421225,-172.040582428525,0.556529126099636,0.560912449853683,0.114,0.251206634998553
"Weaver, Luke",CH,2023,66,0.348,0.283,0.0654363527167084,0.272727272727273,0.339180429235452,-173.222684649862,0.570437248670444,0.43356300935091,-0.158,0.0711920036408581
"Ginn, J.T.",CH,2026,180,0.322,0.257,0.065262534487836,0.427777777777778,0.0984544752889031,-172.639388450607,0.569706268197748,0.469626578833999,-0.101,0.328021929799736
"Gausman, Kevin",FS,2026,386,0.386,0.321,0.0651511606441627,0.577720207253886,-0.0620932485837654,-172.253949356641,0.55197498768218,0.485671809508071,-0.177,0.036774784049709
"Latz, Jacob",CH,2026,68,0.412,0.347,0.0650604975435243,0.25,0.40518336801176,-173.375437564565,0.772586664138195,0.481122163642839,-0.00700000000000001,0.747992164627684
"Santana, Dennis",CH,2024,49,0.347,0.282,0.0650106230731539,0.26530612244898,0.46715485501077,-173.376867833763,0.591580881916026,0.598465387347835,-0.0189999999999999,0.911835017496318
"Agnos, Zach",FS,2026,63,0.349,0.284,0.0650090217621876,0.523809523809524,-0.0357037963546065,-172.31393086204,0.639644836500152,0.528872653712982,-0.0970000000000001,0.267051453645112
"Berríos, José",CH,2025,242,0.335,0.27,0.0649170926369982,0.309917355371901,0.291000131698682,-172.729077515776,0.493391911282875,0.4560192254426,0.05,0.52686046711934
"Cavalli, Cade",CH,2025,54,0.407,0.343,0.064062275552986,0.259259259259259,0.48885525303766,-172.894909705726,0.692290825464697,0.518517385032926,0.134,0.104984306106402
"Ferrer, José A.",CH,2025,134,0.47,0.406,0.0638332245856659,0.402985074626866,0.1332705029789,-172.254319684437,0.552270416115011,0.616697856155413,-0.0579999999999999,0.603491994773314
"Dunning, Dane",CH,2024,92,0.272,0.208,0.0636830998278152,0.282608695652174,0.347648131242534,-172.977352794427,0.531831390708517,0.493519164563503,0.157,0.0661789327777835
"Cabrera, Edward",CH,2023,91,0.319,0.256,0.0623655721688532,0.285714285714286,0.376383566734972,-173.031372795515,0.56167796008934,0.487176931365373,0.035,0.841158364532539
"Cantillo, Joey",CH,2025,240,0.488,0.425,0.0621289589246616,0.245833333333333,0.530263591039938,-172.709284819888,0.705624481228418,0.478888231396421,-0.012,0.732775297829074
"Duran, Jhoan",FS,2026,145,0.29,0.228,0.061477624974356,0.248275862068966,0.362604908712571,-173.073541517787,0.558453076154943,0.454745057534117,-0.0920000000000001,0.420700167138265
"Arrighetti, Spencer",CH,2024,97,0.371,0.311,0.0605990322618203,0.350515463917526,0.199715471513879,-173.399815002933,0.584068506487148,0.489717969951022,0.01,0.790326400440188
"Brazobán, Huascar",CH,2026,157,0.299,0.239,0.0604344967817666,0.35031847133758,0.229073332307376,-172.581597110306,0.614225126930348,0.552180027366087,-0.0740000000000001,0.550027765135896
"Ribalta, Orlando",CH,2025,56,0.411,0.35,0.0602839077861507,0.0714285714285714,0.770969733438002,-173.346892483682,0.544104372834279,0.450386340044439,-0.0119999999999999,0.899376510755411
"Morgan, Eli",CH,2023,98,0.327,0.266,0.0602545925195638,0.346938775510204,0.265764716237449,-171.997032477196,0.695752157674055,0.565037360684579,-0.0459999999999999,0.240170017392176
"Jax, Griffin",CH,2025,142,0.465,0.405,0.060105253266413,0.338028169014085,0.222003303781106,-173.033479869472,0.660153665157989,0.436927140814372,-0.0570000000000001,0.582259026118974
"Bautista, Félix",FS,2025,86,0.5,0.441,0.0592121416982199,0.337209302325581,0.364588800510934,-172.269355341123,0.796211689062409,0.53351245895517,-0.0210000000000001,0.660783801440305
"Montgomery, Jordan",CH,2024,181,0.381,0.322,0.0587867021749664,0.215469613259669,0.486508442493694,-172.448105172859,0.575001826849492,0.484235557956933,0.173,0.0453091571114296
"Englert, Mason",CH,2025,129,0.333,0.275,0.0585459186627033,0.317829457364341,0.258833823119419,-172.288774538934,0.638086730434855,0.552043792101518,-0.31,4.545582498433e-05
"Cabrera, Edward",CH,2026,210,0.29,0.232,0.0584535075918696,0.366666666666667,0.224860460179415,-172.930681461211,0.513574799527767,0.53709011124735,-0.011,0.877716263570629
"Estrada, Jeremiah",FS,2024,93,0.495,0.436,0.0583974844259868,0.311827956989247,0.420715972025506,-173.134901895161,0.766701720862285,0.51041765659744,-0.003,0.350092511608186
"Thorpe, Drew",CH,2024,137,0.365,0.307,0.057796274217825,0.197080291970803,0.449354021090822,-173.059199988266,0.509396460323996,0.593294043436827,0.069,0.512163169560942
"Hart, Kyle",FS,2026,67,0.328,0.271,0.0577539536471568,0.537313432835821,-0.0264980453730928,-171.863688278483,0.625862839309398,0.580553607270454,-0.307,1.83629461428072e-05
"Sale, Chris",CH,2026,111,0.315,0.258,0.0577057306441693,0.378378378378378,0.157786075803745,-173.505795913252,0.425299700404082,0.539893217500955,0.0529999999999999,0.660650247772518
"Javier, Cristian",CH,2025,67,0.343,0.286,0.0575759516764565,0.343283582089552,0.356039462018962,-172.801313656338,0.688435423453353,0.477027705492665,-0.117,0.0802189297685875
"Chapman, Aroldis",FS,2025,56,0.464,0.407,0.057473781201019,0.375,0.22874667865173,-172.488726593355,0.782674581862837,0.527759554373826,-0.504,7.87543143784487e-12
"Elder, Bryce",CH,2024,51,0.275,0.217,0.0574340465955784,0.333333333333333,0.327905544688856,-171.81007981961,0.6686063093645,0.441383795612464,-0.114,0.237366554679538
"Toussaint, Touki",FS,2023,113,0.319,0.262,0.0568912423061293,0.407079646017699,0.150808991782428,-172.629400157667,0.583806423029973,0.538684894188793,0.0099999999999999,0.928959990792245
"Bednar, David",FS,2025,125,0.352,0.295,0.0566482870313489,0.368,0.284615504491739,-173.079952425262,0.597354612254738,0.451247831463445,-0.238,0.00336710341518323
"Pagán, Emilio",FS,2024,40,0.4,0.343,0.0565531708840318,0.45,0.168107840153418,-172.643507382712,0.604183107106841,0.513006885352457,-0.016,0.752693813630494
"Waldichuk, Ken",CH,2023,97,0.371,0.315,0.0564379448238975,0.257731958762887,0.45537573520511,-173.139507956087,0.570508555596789,0.572346338113076,0.065,0.508852365458507
"Imanaga, Shota",FS,2026,354,0.39,0.333,0.0563505473860751,0.42090395480226,0.147372180160873,-172.785172562376,0.659955156327682,0.46886107803794,-0.0559999999999999,0.618017199387042
"Crismatt, Nabil",CH,2025,124,0.323,0.266,0.056313286919202,0.338709677419355,0.30694479681312,-172.244859517471,0.612719500510896,0.565566807546057,-0.158,0.0627760057849304
"Skenes, Paul",CH,2025,169,0.426,0.37,0.0562360113882189,0.443786982248521,0.0730831857663192,-172.847536361155,0.50055621359971,0.561792792656258,0.00800000000000012,0.733192610622854
"Kremer, Dean",FS,2026,93,0.409,0.352,0.0561731227572277,0.290322580645161,0.394798403617597,-172.73274302503,0.665978618380607,0.523095355916111,-0.0660000000000002,0.614304335073596
"Avila, Luinder",CH,2026,51,0.353,0.298,0.0553053247374252,0.352941176470588,0.273438223450608,-172.864169451383,0.657772549009705,0.422718543072179,0.113,0.155772277230276
"Smith, Drew",CH,2023,41,0.366,0.311,0.0551069708675088,0.24390243902439,0.521036813048688,-173.815389399528,0.664319777243002,0.485096530510817,0.0770000000000001,0.349882026299697
"Nunez, Anthony",CH,2026,76,0.368,0.314,0.054023470265532,0.526315789473684,-0.0858489700083436,-171.906520378191,0.755810675082535,0.530837151185112,-0.17,0.00758283199123576
"Bednar, David",FS,2026,174,0.351,0.297,0.0540165600355966,0.459770114942529,0.0855365234337264,-172.663820587245,0.568921593273034,0.505749432968762,-0.282,0.00034142020360715
"McFarland, T.J.",CH,2024,55,0.273,0.22,0.0532203579999575,0.472727272727273,0.026965786762262,-171.458607045012,0.487165189803331,0.466347162865363,0.049,0.752301640908602
"Fedde, Erick",CH,2026,71,0.254,0.2,0.0532175388128237,0.394366197183099,0.142282547101643,-172.72971389571,0.517029817616946,0.562916356852745,-0.135,0.126288888278685
"Neris, Héctor",FS,2024,204,0.348,0.295,0.0531190843834169,0.441176470588235,0.121870108271439,-171.262286484341,0.684964046775146,0.519859063781338,-0.225,0.00300929879530369
"Suarez, José",CH,2025,43,0.395,0.342,0.0529798376941141,0.325581395348837,0.219872469008595,-172.328636083844,0.577504418191294,0.473928230143355,-0.07,0.547099047924691
"Quintana, Jose",CH,2026,63,0.286,0.233,0.0528561274925368,0.53968253968254,-0.0283748668285565,-172.354712474324,0.540723471086203,0.413596655573814,0.109,0.206265668530161
"Webb, Jacob",CH,2025,188,0.356,0.304,0.0528246036834179,0.24468085106383,0.410899957206073,-173.341301764036,0.587805992098264,0.530607423102258,0.119,0.201617607109904
"Peralta, Freddy",CH,2023,107,0.327,0.274,0.0526928924557866,0.280373831775701,0.343776290538454,-173.558748615557,0.572802262552959,0.453889446289063,0.0670000000000001,0.423309894831697
"Kelly, Merrill",CH,2026,259,0.305,0.252,0.052658848645344,0.50965250965251,-0.0250404721169774,-172.539770505894,0.475275164653781,0.49814038283444,-0.0580000000000002,0.629636336860694
"Altavilla, Dan",CH,2025,63,0.317,0.265,0.0526560687444824,0.349206349206349,0.328657611033038,-173.43287819984,0.581092137114557,0.465782577757248,-0.0579999999999999,0.580018465147529
"Blanco, Ronel",CH,2025,52,0.346,0.294,0.0519673757590151,0.307692307692308,0.319662609349101,-172.472694026221,0.601347198337893,0.459220248028618,-0.0129999999999999,0.545854875657024
"Neris, Héctor",FS,2023,69,0.348,0.296,0.0516728418317881,0.289855072463768,0.245632589623416,-171.471195877162,0.651416992715551,0.528210377591614,-0.216,0.00435515487852878
"Wentz, Joey",CH,2023,56,0.357,0.306,0.0514463759050581,0.464285714285714,0.156350711449371,-172.686535275656,0.499547800838942,0.354996871253733,0,0.80732875463534
"Hicks, Jordan",FS,2024,186,0.392,0.341,0.0514172127968074,0.413978494623656,0.131159357453651,-171.921666425252,0.620643739026485,0.565355021829398,-0.119,0.0717351343261659
"Jax, Griffin",CH,2026,175,0.411,0.36,0.051141574457781,0.4,0.160699823317944,-173.111244623989,0.60507018841244,0.448225358885364,-0.0660000000000002,0.563930483708525
"Estévez, Carlos",CH,2024,43,0.326,0.275,0.0505966187383925,0.13953488372093,0.679037420657968,-173.539111396692,0.629512316887138,0.425493249324561,-0.078,0.435736847419388
"Mize, Casey",FS,2026,173,0.335,0.285,0.0504695171439821,0.445086705202312,0.104500855322552,-172.798457464349,0.567890299321765,0.492346286637906,-0.05,0.623193032516257
"Peralta, Wandy",CH,2025,211,0.336,0.286,0.0504235191979047,0.345971563981043,0.202580450666646,-172.624790697009,0.537898460697179,0.48313797077198,-0.112,0.274971071504278
"Adon, Joan",CH,2023,58,0.31,0.26,0.0503624847415543,0.396551724137931,0.232558716571623,-172.777679431054,0.47371550812735,0.56290519951384,-0.0850000000000001,0.43524523337417
"Stone, Gavin",CH,2024,292,0.346,0.296,0.049966741947539,0.366438356164384,0.218526683955411,-172.925150199717,0.598673481984874,0.516856670806388,0.034,0.643603928771785
"Agnos, Zach",FS,2025,56,0.339,0.289,0.0498855010337439,0.285714285714286,0.308871980684351,-172.435697719918,0.575370197652116,0.521022170379577,-0.0650000000000001,0.486667824264437
"Uceta, Edwin",CH,2025,256,0.352,0.302,0.0498377424348773,0.31640625,0.270375425312646,-173.606784105564,0.558295429849459,0.534716966252501,-0.11,0.281603829368444
"Soriano, José",FS,2025,123,0.398,0.349,0.0498082769997905,0.439024390243902,0.113766668528865,-172.424085988561,0.546169840334532,0.551203796737481,-0.0570000000000001,0.65465676114827
"Stanek, Ryne",FS,2024,100,0.41,0.36,0.0497214434512677,0.4,0.187511399167898,-172.154778555958,0.639427209574743,0.488115795400469,-0.073,0.376656975845282
"Holmes, Clay",CH,2026,72,0.306,0.256,0.0494511054880342,0.555555555555556,0.0556384929134924,-171.538318633221,0.630683028046277,0.54876886969304,-0.0399999999999999,0.581068767989033
"Blackburn, Paul",CH,2026,77,0.299,0.249,0.0493308329173529,0.246753246753247,0.3832338233794,-172.910842280731,0.569919470630576,0.41076893412641,-0.02,0.915148573533148
"Lyles, Jordan",CH,2023,84,0.298,0.248,0.0492887865155107,0.285714285714286,0.245832542227594,-172.500236114331,0.516724858509135,0.419971092632637,0.0399999999999999,0.6727163800618
"Wacha, Michael",CH,2023,189,0.349,0.3,0.0490286270415907,0.26984126984127,0.427810867891284,-171.753633516827,0.681671331687723,0.513373377305675,-0.151,0.0593603456062027
"Carrasco, Carlos",CH,2025,87,0.31,0.261,0.048850445321864,0.471264367816092,0.0230763240834713,-171.86470014638,0.538762898941237,0.511494919422945,-0.141,0.111695705989433
"Crawford, Kutter",FS,2024,134,0.396,0.347,0.0488365350574797,0.26865671641791,0.432772012788643,-172.677221628976,0.66825626160974,0.533009501473405,-0.289,0.000222409904124685
"Castillo, Luis",CH,2023,116,0.319,0.27,0.0486821006469065,0.327586206896552,0.224468038955964,-173.388120558301,0.457444086338464,0.485279684463096,0.0260000000000001,0.798947482080394
"Suarez, Robert",CH,2024,42,0.452,0.404,0.0485228246473167,0.619047619047619,0.0272069516968031,-172.606998462765,0.645977638382352,0.449642908333638,0.019,0.653338427414043
"McGreevy, Michael",CH,2025,76,0.289,0.241,0.0483844282149034,0.302631578947368,0.266480883614486,-172.50247080526,0.514164648865898,0.424957238554984,-0.108,0.298273423657701
"Gilbert, Logan",FS,2024,168,0.47,0.422,0.0480205959760472,0.446428571428571,0.127762078582281,-171.943427116549,0.732421789040573,0.660589552728523,-0.379,7.63664141747188e-08
"Feltner, Ryan",CH,2024,208,0.37,0.322,0.0476924734422733,0.278846153846154,0.461106864464857,-173.107847628901,0.649813782829111,0.52613779806172,-0.157,0.0831065238122871
"Allen, Logan",CH,2023,78,0.269,0.222,0.047605348780991,0.346153846153846,0.243469072947367,-172.610930966352,0.545924360523868,0.503288329519207,-0.105,0.267928658094216
"Ragans, Cole",CH,2024,406,0.453,0.406,0.0473649221695486,0.24384236453202,0.45093043297176,-172.897227286307,0.586931826954871,0.522694153568883,-0.00399999999999989,0.868035963128484
"Eovaldi, Nathan",FS,2025,336,0.339,0.292,0.047294085266069,0.357142857142857,0.207782638728476,-172.584901137236,0.550259921698893,0.482090400361316,-0.112,0.266286514129391
"Bennett, Jake",CH,2026,131,0.351,0.304,0.0471743939204613,0.374045801526718,0.210121989296768,-172.565115673613,0.542079124654093,0.530434828111836,-0.036,0.773294319671786
"Loáisiga, Jonathan",CH,2025,52,0.346,0.299,0.0468162817554008,0.307692307692308,0.423645443725402,-173.525397623119,0.672569033655111,0.486487215510524,0.083,0.443519783455182
"Rodón, Carlos",CH,2026,66,0.409,0.362,0.0467717773060058,0.393939393939394,0.108279088118916,-172.101565949761,0.700366647212591,0.462223253228606,-0.21,0.0117081835186121
"Littell, Zack",FS,2024,307,0.326,0.279,0.0462338526710858,0.452768729641694,0.0944640148368397,-171.332267790016,0.635712905596652,0.496812158361568,-0.218,0.00481559117376499
"Hoffmann, Andrew",CH,2025,51,0.373,0.327,0.0458564722656195,0.333333333333333,0.169077371379179,-172.117937836015,0.690481558339548,0.511263710584997,-0.019,0.462736165942436
"Seymour, Ian",CH,2026,194,0.361,0.315,0.0456419020079022,0.304123711340206,0.276835044031615,-172.853777673251,0.62666512063771,0.548507234224369,0.0149999999999999,0.755456037285438
"Martinez, Nick",CH,2026,220,0.327,0.282,0.0452580478893048,0.440909090909091,0.0748426599816163,-171.229931773411,0.728374882347874,0.445348559201434,-0.0840000000000001,0.200277043402956
"Winans, Allan",CH,2023,87,0.299,0.254,0.0452514379275461,0.275862068965517,0.294134858003147,-172.149506297582,0.558547317586361,0.510046021431208,-0.146,0.0950389842450632
"Lambert, Peter",CH,2023,69,0.29,0.245,0.0451407732182358,0.333333333333333,0.328962802218622,-172.734964547519,0.652202063610346,0.512324866475027,0.0109999999999999,0.801782746768401
"Ray, Robbie",CH,2025,168,0.369,0.324,0.0448868479096486,0.226190476190476,0.4543631494035,-173.099701306889,0.607365603411859,0.525220929704303,-0.015,0.949810495143958
"Scott, Tayler",FS,2025,76,0.329,0.284,0.0447706985741654,0.526315789473684,-0.0359846540025035,-172.506948219924,0.516082723487673,0.538466496032585,-0.183,0.0250818597010911
"Kahnle, Tommy",CH,2023,158,0.367,0.322,0.0447653879073513,0.29746835443038,0.305280712353818,-172.780900710982,0.567582654428672,0.563174080608966,0.034,0.331673642560582
"Springs, Jeffrey",CH,2025,412,0.403,0.358,0.044720527279659,0.288834951456311,0.307906653714541,-171.656011390755,0.54938130582287,0.496809352077037,-0.033,0.80528475957479
"Erceg, Lucas",CH,2024,93,0.355,0.311,0.0443068632246963,0.172043010752688,0.448638139198054,-173.202805409053,0.462565933221616,0.463827398866905,-0.032,0.802447733110339
"Weathers, Ryan",CH,2025,94,0.404,0.36,0.0442651420593728,0.372340425531915,0.300361280836065,-172.735033876483,0.619963553603034,0.466985140075143,-0.236,0.00307051002678205
"Burnes, Corbin",CH,2024,140,0.35,0.306,0.0438572866814802,0.214285714285714,0.413464060109313,-173.263060767504,0.567428760912764,0.488375584974105,0.034,0.753585799226425
"Eovaldi, Nathan",FS,2024,458,0.347,0.303,0.043705422269317,0.342794759825328,0.208026571317956,-172.556197379011,0.541821586058863,0.520864023518791,-0.085,0.4569458106505
"Pilkington, Konnor",CH,2025,44,0.341,0.297,0.0436162107139327,0.340909090909091,0.362456025495714,-172.435640498279,0.651433498729863,0.63137039002607,-0.07,0.46387716226199
"Urías, Julio",CH,2023,75,0.307,0.263,0.043588012115493,0.253333333333333,0.377941602354402,-172.78358503701,0.565631231125257,0.402006270418901,0.106,0.266388414426536
"Gilbert, Logan",FS,2025,227,0.485,0.441,0.0433828618020671,0.462555066079295,0.101905696856126,-171.561587184455,0.673428633821776,0.649930834535212,-0.397,1.84529280679271e-08
"Wells, Tyler",CH,2026,110,0.327,0.284,0.0431065123301883,0.172727272727273,0.654464307633293,-172.823888970453,0.644763944739309,0.470254995097962,0.0259999999999999,0.826591989883544
"Boyd, Matthew",CH,2024,91,0.352,0.309,0.0429215486031993,0.208791208791209,0.350277743842422,-172.585151881864,0.466474193228916,0.483644354929923,-0.0690000000000001,0.586018787941104
"Bello, Brayan",CH,2024,373,0.34,0.298,0.0426677951032294,0.375335120643432,0.165203175284225,-173.149624935495,0.505072352514952,0.530035540123585,0.166,0.0506129415087767
"Carrasco, Carlos",CH,2023,101,0.287,0.245,0.0423371013738773,0.485148514851485,0.0727438392138206,-172.079129179469,0.517142750112854,0.515170901877489,-0.134,0.148901649822192
"Junis, Jakob",CH,2023,43,0.279,0.237,0.042037673315601,0.441860465116279,0.275320191025424,-172.442366759023,0.56794033540797,0.474982516420834,0.08,0.48209756199328
"Bellozo, Valente",CH,2024,64,0.297,0.255,0.0419533367596274,0.28125,0.444084932203829,-172.475965224983,0.595044768389218,0.56872687607492,0.002,0.498546976250377
"McDonald, Trevor",CH,2026,86,0.314,0.272,0.0419261222478129,0.418604651162791,0.111301931938734,-172.891275791998,0.58598031941246,0.564683608384857,0.0069999999999999,0.978817067650316
"Hart, Kyle",CH,2025,44,0.318,0.276,0.0416876791315468,0.204545454545455,0.409136376446599,-172.684419382798,0.591567989712767,0.458503373260022,0.112,0.218563439255761
"Kremer, Dean",FS,2024,192,0.344,0.302,0.0416580431638815,0.296875,0.412103101375077,-172.590539632292,0.636555402958679,0.570094414454473,-0.00900000000000012,0.838823728550737
"Bielak, Brandon",CH,2023,43,0.256,0.215,0.0406841486582506,0.255813953488372,0.440674319289341,-172.56152415176,0.546097139549462,0.50921566190335,0.129,0.158719581147732
"Adam, Jason",CH,2024,152,0.362,0.321,0.0406457661579369,0.197368421052632,0.552549198154696,-172.720066632971,0.594577459346658,0.544729453743593,-0.09,0.359431103806706
"Bachar, Lake",FS,2026,43,0.372,0.331,0.040623859233972,0.27906976744186,0.437094027534416,-172.966600551904,0.701762896671026,0.533863219573297,0.0470000000000001,0.552468167786199
"Blackburn, Paul",CH,2024,112,0.286,0.245,0.0405776593903248,0.276785714285714,0.330430986167355,-172.500563115352,0.539630337832676,0.407809135048003,-0.144,0.120537694697639
"Cameron, Noah",CH,2025,197,0.416,0.376,0.0405714151535524,0.243654822335025,0.476835423449811,-172.373428709404,0.668562795376436,0.513928477834652,0.094,0.329257828717072
"Muñoz, Roddery",CH,2024,69,0.275,0.235,0.0405230771017427,0.318840579710145,0.349895486068862,-173.441329504462,0.612823944810345,0.585598805014559,0.0530000000000002,0.742971521277491
"Yamamoto, Yoshinobu",FS,2024,177,0.35,0.31,0.0403418488043596,0.485875706214689,0.124027416838347,-172.910404077939,0.648835398547729,0.472804695272895,-0.19,0.0198606936826681
"Valdez, Framber",CH,2023,144,0.299,0.258,0.0402451353070691,0.229166666666667,0.417178258905507,-172.641424279505,0.573528426937284,0.505019206362112,0.013,0.869867536563658
"Mantiply, Joe",CH,2024,121,0.256,0.216,0.0399500251870735,0.363636363636364,0.130729939690577,-171.88253549773,0.461608848407572,0.589876791550905,0.0660000000000002,0.395877318446623
"Williamson, Brandon",CH,2023,93,0.333,0.293,0.0399067974606315,0.236559139784946,0.441844257984236,-171.950327701817,0.588273727132436,0.475618918184773,-0.00700000000000001,0.534845811832699
"Kochanowicz, Jack",CH,2026,135,0.311,0.271,0.0398944543014424,0.296296296296296,0.273747967038219,-172.290759861219,0.559338971865932,0.481649214478231,-0.197,0.0195226507271849
"Peralta, Freddy",CH,2024,240,0.338,0.298,0.0398020032023753,0.35,0.293482222779116,-173.403356993646,0.597310899213757,0.540684986103208,0.013,0.604198624294377
"Finnegan, Kyle",FS,2025,160,0.35,0.31,0.0397946604715629,0.3125,0.297682943940452,-172.824460282439,0.643879805033305,0.483566262107019,-0.075,0.445129060529939
"Messick, Parker",CH,2026,242,0.347,0.308,0.0395929140601914,0.450413223140496,0.0723968865620391,-172.583090800582,0.586875734482769,0.529878299408935,-0.159,0.0527554957876252
"Weathers, Ryan",CH,2026,242,0.343,0.303,0.0395506156272091,0.479338842975207,0.043724807528002,-172.420308924708,0.596019322092979,0.516675667819257,-0.307,6.60054346023177e-05
"Yarbrough, Ryan",CH,2023,80,0.3,0.26,0.0395132556855798,0.3625,0.229667779602004,-172.418088805542,0.468774226038354,0.553360233441202,-0.023,0.699678178734712
"Uceta, Edwin",CH,2024,120,0.358,0.319,0.0392659670448646,0.383333333333333,0.195604648231629,-173.361979966968,0.524837766395447,0.55180905643054,-0.101,0.327508352494858
"Norris, Daniel",CH,2023,46,0.283,0.244,0.0388648784336543,0.41304347826087,0.261496818174984,-172.396924504702,0.604963242480157,0.595048414984585,-0.169,0.0430858103528929
"Bibee, Tanner",CH,2025,217,0.378,0.339,0.0383928263366664,0.142857142857143,0.716444734435945,-172.953517216273,0.648665867004189,0.538624754123509,-0.04,0.800561437883468
"Gausman, Kevin",FS,2025,584,0.37,0.332,0.0381911590262806,0.419520547945205,0.142870120355539,-172.457479364243,0.543156512897534,0.510993734895167,-0.132,0.14686766990441
"Bednar, David",FS,2024,143,0.35,0.312,0.0381425477517378,0.286713286713287,0.34583536648092,-173.16380618132,0.593147025618971,0.513244379209429,-0.257,0.0013255514546476
"Quintana, Jose",CH,2023,104,0.269,0.231,0.0381241052871651,0.394230769230769,0.19332617873261,-172.667189576376,0.573335741599481,0.426168921801303,0.114,0.206695779250321
"Povich, Cade",CH,2025,125,0.344,0.306,0.0379874463577761,0.312,0.37843017630262,-172.230487028444,0.688444553975261,0.584358107968131,-0.201,0.0144016395032762
"Wicks, Jordan",CH,2024,110,0.382,0.344,0.0377725646317766,0.390909090909091,0.200671751943422,-172.25178501943,0.599433854132874,0.476781134633076,0.077,0.376368970552819
"Kremer, Dean",FS,2025,308,0.39,0.352,0.0377157994602664,0.256493506493507,0.479270234697782,-172.33724512705,0.672405501241301,0.51135165667133,-0.0160000000000001,0.902727367844657
"Painter, Andrew",FS,2026,84,0.369,0.332,0.0369919859475207,0.178571428571429,0.527042599008978,-172.728773567491,0.651148025869047,0.535773611832917,-0.15,0.0932596942532022
"Chandler, Bubba",CH,2025,43,0.395,0.358,0.0369785147859844,0.232558139534884,0.365904039161241,-173.487900336717,0.619189997659263,0.488434050326176,0.0259999999999999,0.718459360979208
"Williams, Devin",CH,2023,131,0.405,0.368,0.0369601994397111,0.465648854961832,0.0519510326307987,-171.8942197205,0.498910440459817,0.543413943896389,-0.06,0.146670411905756
"Dunning, Dane",CH,2023,101,0.287,0.25,0.0366732113282341,0.356435643564356,0.296104687116977,-172.966577005986,0.531249901277056,0.477876714327869,0.229,0.00380233756773834
"Means, John",CH,2024,50,0.36,0.323,0.0365707077445155,0.18,0.58662237225338,-173.045260913395,0.575298087970577,0.566523862289242,0.031,0.735918092151822
"Griffin, Foster",CH,2026,87,0.345,0.308,0.0364912722593993,0.252873563218391,0.419495140450932,-172.71924151961,0.529361868071999,0.492077979525213,-0.019,0.823093725774358
"Soriano, George",CH,2026,114,0.368,0.332,0.0362897346115492,0.385964912280702,0.142716181182988,-172.401526370031,0.626221789174777,0.541538686015195,-0.101,0.227866260414428
"Garcia, Robert",CH,2024,151,0.351,0.315,0.036158739319271,0.33112582781457,0.242615413484914,-172.752642895775,0.524280506079357,0.548661721343609,0.00900000000000001,0.871248466204611
"Nola, Aaron",CH,2025,121,0.289,0.253,0.0360451551473662,0.388429752066116,0.174079985772004,-173.168574729201,0.48624995271517,0.482772740081427,0.042,0.602136095466893
"Ashby, Aaron",CH,2024,55,0.364,0.328,0.0360169024740553,0.272727272727273,0.289514168211595,-172.156068825358,0.64947331793807,0.530278607554484,-0.0550000000000001,0.68505963613396
"Carrasco, Carlos",CH,2024,188,0.245,0.209,0.0357318119513048,0.388297872340426,0.172552017516715,-172.289626119755,0.566100179110084,0.542670367232035,-0.166,0.0546378772876734
"Soriano, José",FS,2026,178,0.365,0.33,0.0353849402213228,0.449438202247191,0.117098328850365,-172.732875923278,0.609277699183986,0.521621336997559,-0.003,0.916481218683909
"Latz, Jacob",CH,2025,165,0.4,0.365,0.0349347657667711,0.242424242424242,0.535456645602145,-173.153200455142,0.677866685658043,0.512164895003854,-0.01,0.715005423991173
"Whisenhunt, Carson",CH,2025,81,0.37,0.336,0.0345724157761689,0.395061728395062,0.259082857183601,-172.056486583998,0.581833275821513,0.404832049521037,-0.0509999999999999,0.372223917130804
"Luzardo, Jesús",CH,2026,221,0.376,0.341,0.0344920661778976,0.285067873303167,0.303449174022653,-172.574926596228,0.506060553433168,0.54392749033579,-0.041,0.819956003336486
"Flexen, Chris",CH,2023,66,0.379,0.344,0.0344130349542317,0.151515151515152,0.69484953529379,-172.103166689696,0.721014902633135,0.596569606399359,0.076,0.422032953524883
"Bradley, Taj",FS,2026,184,0.348,0.313,0.0343576018058344,0.271739130434783,0.443368865891918,-173.156471518682,0.698298940068572,0.500060621103619,-0.162,0.0645812939618422
"Chapman, Aroldis",FS,2024,65,0.415,0.381,0.0343484003267504,0.507692307692308,0.0406753691435453,-172.416472390447,0.645665902198043,0.473819119817616,-0.473,1.62439826534188e-10
"De los Santos, Yerry",CH,2025,80,0.338,0.303,0.0341620881265386,0.375,0.162193193500844,-171.929885554757,0.492898151359177,0.553751436560485,-0.103,0.319766168944736
"Vines, Darius",CH,2023,44,0.318,0.284,0.0340184346011066,0.318181818181818,0.33667511065167,-172.3953946688,0.560981067564415,0.547867725608527,0.0410000000000001,0.789747172091855
"Romero, JoJo",CH,2026,56,0.304,0.27,0.0336335048122568,0.517857142857143,-0.0482080732029455,-172.369363167479,0.552968576278065,0.517022608163336,0.0910000000000001,0.389869121919425
"Dobnak, Randy",CH,2026,55,0.273,0.239,0.0335029918041963,0.709090909090909,-0.177794448725247,-171.946821489441,0.478996769661731,0.558151133101984,-0.223,0.00453443323790902
"Sproat, Brandon",CH,2026,59,0.305,0.272,0.0333044358546155,0.389830508474576,0.214429367374519,-173.215523783525,0.587016146572653,0.460192224106479,0.073,0.425169981839851
"Skenes, Paul",CH,2026,148,0.351,0.318,0.0332989695206854,0.425675675675676,0.107377812952534,-173.17159529497,0.542062317209924,0.589569135037114,0.00200000000000011,0.723077691055803
"Pérez, Martín",CH,2025,121,0.298,0.264,0.0332789680413861,0.31404958677686,0.259366303058594,-172.847971674333,0.485406449697406,0.537647769425219,0.029,0.880879279512436
"Estrada, Jeremiah",FS,2026,43,0.488,0.455,0.0330573141958263,0.441860465116279,0.134048670814526,-172.688463393085,0.903380082985473,0.393899271033713,0.0089999999999999,0.493913428012943
"Burke, Brock",CH,2024,53,0.377,0.344,0.0330022618080954,0.169811320754717,0.6100074606032,-172.70745931285,0.62470012972259,0.531868646618199,-0.153,0.0870824478151836
"Gallen, Zac",CH,2023,109,0.321,0.288,0.0327701395790025,0.385321100917431,0.13182976853013,-172.535555507163,0.483226998606163,0.411907762267228,0.0489999999999999,0.596632777310929
"Webb, Logan",CH,2025,438,0.308,0.276,0.0326032470069994,0.520547945205479,-0.00479203130420046,-172.358528829281,0.498912839163168,0.501287630554242,0.00700000000000001,0.58203937660363
"Woodruff, Brandon",CH,2025,97,0.351,0.318,0.0325920164360779,0.298969072164948,0.410970593928704,-172.801302148229,0.701642817562765,0.474401521376884,-0.0329999999999999,0.707871329720294
"Sulser, Cole",CH,2025,78,0.321,0.288,0.0324106133697843,0.461538461538462,0.0958135653508625,-172.099333344402,0.697425675153539,0.418322491449863,-0.138,0.122736590937175
"Martinez, Seth",CH,2024,54,0.278,0.245,0.0323594327025244,0.314814814814815,0.283239258618925,-173.180997969087,0.561169676167943,0.560312053941911,-0.0359999999999999,0.796736248897178
"Burnes, Corbin",CH,2023,64,0.266,0.234,0.0315436706328643,0.25,0.324840559381835,-173.199792021369,0.510926773009044,0.418698663159445,0.024,0.813874676250751
"Urquidy, José",CH,2023,70,0.3,0.269,0.0311542304604787,0.3,0.360593371094838,-172.947983962636,0.61561117319688,0.498849174130796,-0.003,0.574716063037361
"Eovaldi, Nathan",FS,2026,384,0.32,0.289,0.031122279671747,0.432291666666667,0.122711991164998,-172.448931435716,0.564249147385235,0.433855893316358,-0.107,0.297741265543364
"Pérez, Martín",CH,2026,225,0.307,0.276,0.030670195004953,0.297777777777778,0.25574854375846,-173.004342673809,0.497146108388499,0.511493774514297,0.0279999999999999,0.862970262166758
"Henderson, Logan",CH,2026,117,0.342,0.311,0.0305948674707166,0.153846153846154,0.504682134602929,-173.474291382662,0.592022236650712,0.459877089000611,-0.0519999999999999,0.378621901200876
"Scherzer, Max",CH,2023,67,0.299,0.268,0.0304747974305471,0.358208955223881,0.221684677992169,-172.645406545238,0.638405242299939,0.472322347913429,0.0539999999999999,0.511907125033574
"Jones, Jared",CH,2026,43,0.349,0.318,0.0304269077335017,0.488372093023256,0.0342586550791534,-173.297292980637,0.558035070421684,0.445734478786407,0.01,0.866050435553365
"Webb, Jacob",CH,2024,135,0.341,0.31,0.0303151802025848,0.17037037037037,0.550685211025692,-173.35815428771,0.565093066507364,0.511065742015605,0.115,0.210400838127387
"Lugo, Seth",CH,2024,96,0.281,0.251,0.0302646897692272,0.3125,0.269791184899789,-172.963221907547,0.510979957144509,0.48311653287961,0.016,0.744364280142784
"Imanaga, Shota",CH,2024,52,0.327,0.297,0.0302568312411698,0.346153846153846,0.330639046139995,-172.94511547626,0.702999143544943,0.497955163162091,-0.085,0.246983891622516
"Roupp, Landen",CH,2025,154,0.273,0.242,0.030239060270621,0.603896103896104,-0.0745821564977914,-172.184537979935,0.46170069553945,0.549771660848149,-0.011,0.776423635369041
"Rodriguez, Eduardo",CH,2023,128,0.297,0.267,0.0300713338503835,0.421875,0.121639754296368,-172.392007094932,0.597305451963806,0.469332577782483,0.0379999999999999,0.69509266095412
"King, Michael",CH,2024,410,0.327,0.297,0.0295468590669508,0.239024390243902,0.372215689496682,-173.256972688305,0.517372783371286,0.556841626118145,0.135,0.109598929710837
"Myers, Tobias",FS,2025,70,0.386,0.356,0.0295418091913116,0.171428571428571,0.764146443440206,-173.493079664048,0.703478382363536,0.446581074542844,-0.0850000000000001,0.467103117687147
"Kelly, Merrill",CH,2023,165,0.279,0.25,0.0289649037551163,0.484848484848485,0.0204743342860094,-172.327416799241,0.537424541792213,0.469097213078201,0.048,0.673274059360744
"Suarez, Ranger",CH,2025,258,0.318,0.289,0.0288133890254305,0.356589147286822,0.259286029083043,-171.817714830378,0.598648042820834,0.544636891246362,-0.0970000000000001,0.341031831926595
"Pérez, Martín",CH,2024,259,0.313,0.285,0.0280935182326486,0.305019305019305,0.277260885776615,-172.753968062993,0.518980292418766,0.482316593943183,0.0239999999999999,0.870671826433599
"Martinez, Adrián",CH,2023,72,0.319,0.292,0.0276855426602873,0.430555555555556,0.120568791985746,-171.319746543008,0.582336176311572,0.606106739884891,-0.241,0.000861530841322036
"Meyer, Max",CH,2026,79,0.329,0.302,0.027360251640255,0.253164556962025,0.451107431693447,-173.122065832262,0.613267515657484,0.509745835907382,0.022,0.873668685081209
"Sugano, Tomoyuki",FS,2025,282,0.266,0.239,0.0272036471913584,0.379432624113475,0.188244386516853,-172.4430114868,0.587890483528175,0.491074942325832,-0.0820000000000001,0.48999205310106
"Morton, Charlie",CH,2024,157,0.318,0.291,0.0271436237658003,0.191082802547771,0.403753411259834,-172.606633954352,0.490112907415243,0.500775169569185,0.0850000000000001,0.341637400205186
"Giolito, Lucas",CH,2023,245,0.359,0.332,0.0270765850920035,0.281632653061225,0.405502048649808,-172.364511785809,0.711339586543196,0.440786889098665,0,0.819253937002611
"Kelly, Kevin",CH,2026,93,0.269,0.242,0.0270247870993418,0.440860215053763,0.049788153471806,-173.51442211366,0.430028910528492,0.639332578089489,-0.0640000000000001,0.57534404842056
"Gibson, Kyle",CH,2023,111,0.297,0.27,0.0268627750833619,0.396396396396396,0.219666810467657,-171.941382591887,0.595595826041737,0.462225075747579,-0.0820000000000001,0.453017129609853
"Griffin, Foster",FS,2026,65,0.292,0.266,0.0266166457160038,0.553846153846154,-0.077441392535583,-171.402875700729,0.819624818796742,0.594844506138285,-0.773,2.98663508050677e-27
"Sánchez, Cristopher",CH,2026,438,0.434,0.407,0.026522630111766,0.461187214611872,0.0549141846823077,-171.795622768024,0.546521211927107,0.532357977100486,-0.0680000000000001,0.561003023772313
"Bello, Brayan",CH,2025,196,0.306,0.28,0.0263411545235764,0.341836734693878,0.229332615927782,-173.339121138863,0.518185370334016,0.457969298450356,0.15,0.086925341239031
"Luzardo, Jesús",CH,2025,285,0.351,0.325,0.0262745116196014,0.266666666666667,0.365394122507056,-173.100965366657,0.546351498180842,0.512204038527459,0.045,0.725019254765992
"Leiter Jr., Mark",FS,2025,135,0.422,0.396,0.0260447980413364,0.362962962962963,0.18877932942484,-172.364912661919,0.731327410613913,0.603854753056034,-0.0619999999999999,0.413907145908944
"Gonzales, Marco",CH,2024,81,0.284,0.258,0.0260356014725975,0.395061728395062,0.110503236462438,-172.477796400645,0.450787062690089,0.445414252687118,-0.017,0.546004192975385
"Aldegheri, Sam",CH,2026,105,0.333,0.307,0.0259387505488254,0.20952380952381,0.51608009034656,-172.69010167536,0.602753925355819,0.519607659766501,-0.011,0.245022060982813
"Snell, Blake",CH,2025,127,0.417,0.392,0.0257081446483932,0.259842519685039,0.324761463763882,-172.479841019123,0.527894876236203,0.419051049475028,0.065,0.473803029897887
"Holmes, Clay",CH,2025,226,0.283,0.258,0.0256617610055336,0.393805309734513,0.172177006305148,-171.584476437672,0.562925679866137,0.560122451048528,0.0890000000000001,0.338255658368728
"Bello, Brayan",CH,2023,170,0.329,0.304,0.025582743071808,0.358823529411765,0.252312917393248,-173.079845075297,0.540044316158047,0.517235625690922,0.076,0.439639325255273
"Gore, MacKenzie",CH,2026,98,0.367,0.342,0.0254434069391697,0.163265306122449,0.578794042555704,-173.8198620978,0.655680131153109,0.551618907937816,0.0280000000000001,0.626748799369109
"Holton, Tyler",CH,2026,64,0.297,0.271,0.0254100810298933,0.390625,0.163546099955931,-172.2628000331,0.469584095262854,0.633657173749848,0.145,0.0514528493440469
"Snell, Blake",CH,2024,157,0.452,0.427,0.0253755570339835,0.273885350318471,0.316813558276809,-172.336113521678,0.541952783848781,0.392425307153095,0.0449999999999999,0.610221904827096
"Rasmussen, Drew",CH,2026,104,0.365,0.34,0.0253097708795452,0.471153846153846,0.082271015837664,-172.602323699095,0.686002872630778,0.525617288268852,-0.188,0.01360958375003
"Martin, Chris",FS,2025,60,0.283,0.258,0.0249032778429053,0.45,0.0424458589064773,-171.912291450986,0.653900079137363,0.407588593664588,-0.165,0.0597857741257041
"Valdez, Framber",CH,2025,254,0.272,0.247,0.0248863176566054,0.34251968503937,0.255161532732233,-172.327419234505,0.550071166756365,0.446136333106279,0.0219999999999999,0.863662395635774
"Ober, Bailey",CH,2023,189,0.312,0.287,0.0248152567425234,0.201058201058201,0.441705188034019,-172.563891247483,0.518942129107329,0.525115017964242,0.0880000000000002,0.223810938789466
"Montero, Keider",CH,2024,82,0.329,0.304,0.0248131172453779,0.195121951219512,0.48394406556813,-173.119073286862,0.595214452328401,0.430322759503447,0,0.806893694226654
"Sánchez, Cristopher",CH,2025,571,0.427,0.403,0.0243783163144033,0.366024518388792,0.16618172469367,-171.781004687559,0.498959667511751,0.522480910786975,-0.0810000000000001,0.465585667884139
"Finnegan, Kyle",FS,2023,81,0.346,0.321,0.0242184096799598,0.333333333333333,0.293406921261857,-172.857506616384,0.658330612014072,0.438665802641412,-0.13,0.162254896388734
"Moll, Sam",CH,2026,41,0.268,0.244,0.0242061021784515,0.487804878048781,0.044536707347587,-172.042556145491,0.511202964169983,0.796020929205872,0.16,0.0528021141638899
"Verlander, Justin",CH,2025,101,0.287,0.263,0.0239379909663937,0.178217821782178,0.609470817434488,-172.017947279955,0.633189088867635,0.475098297638677,-0.024,0.748417414361243
"Loup, Aaron",CH,2023,41,0.341,0.318,0.0235402364319328,0.365853658536585,0.150944643507478,-172.825622299062,0.439988687926426,0.573775715071023,0.0640000000000001,0.421488664168547
"Gaddis, Hunter",CH,2026,42,0.357,0.334,0.0234452889256146,0.0714285714285714,0.736468631855127,-172.905455296911,0.509507227664978,0.471106258885853,0.041,0.335287528300154
"Cantillo, Joey",CH,2026,242,0.405,0.382,0.0227636399870962,0.194214876033058,0.630872771190001,-173.255148017341,0.710293756256487,0.509792105900926,0.01,0.804884601654603
"Maeda, Kenta",FS,2024,304,0.286,0.264,0.0224723423543114,0.513157894736842,0.00889229771214374,-171.709194558749,0.578630285889827,0.498673241222605,-0.0720000000000001,0.360072605773467
"Suarez, Ranger",CH,2024,180,0.3,0.279,0.0210715876015782,0.3,0.257225612593408,-171.780141651914,0.515739600956161,0.534706958891639,-0.023,0.722988169504772
"López, Reynaldo",CH,2024,43,0.349,0.328,0.0210536024839245,0.302325581395349,0.243249668239049,-173.052144924499,0.61209831375834,0.504710480072491,-0.01,0.938660684103741
"Rodriguez, Eduardo",CH,2024,90,0.256,0.235,0.0209872903108308,0.233333333333333,0.293660207594442,-172.715349646156,0.46857627777546,0.441674679122567,0.074,0.455488826303536
"Farmer, Buck",CH,2024,128,0.297,0.276,0.0209026679172236,0.421875,0.173280770398527,-172.13737883024,0.630691915676492,0.496539421734217,-0.111,0.222373597693766
"Suárez, Andrew",CH,2023,42,0.333,0.313,0.0206933805022102,0.214285714285714,0.559589806760205,-173.045552820857,0.691376462252547,0.450884369020342,0.0189999999999999,0.819444928235419
"Roupp, Landen",CH,2026,215,0.274,0.254,0.0206842241009471,0.590697674418605,-0.0742335059349533,-172.398278261988,0.475715392492952,0.548905536608774,0.0180000000000001,0.674031742947415
"Garcia, Robert",CH,2023,63,0.349,0.329,0.0205556953861049,0.476190476190476,0.0575018941397466,-172.435988303177,0.575765383323332,0.531505398365174,-0.00800000000000012,0.886752791355885
"Seymour, Ian",CH,2025,167,0.329,0.309,0.0204989712400209,0.197604790419162,0.53475275686903,-172.923706408755,0.611139791161733,0.471815296979842,0.0340000000000001,0.705613012101156
"Finnegan, Kyle",FS,2026,115,0.339,0.319,0.0203439215436409,0.28695652173913,0.307258349524378,-173.211116199847,0.616264996894505,0.545706268579838,-0.0590000000000001,0.49167885445157
"Luzardo, Jesús",CH,2024,128,0.336,0.316,0.0203154264242575,0.3828125,0.199381966898364,-172.732569467892,0.552344413997331,0.472066736483813,0.0190000000000001,0.863863251093952
"Olson, Reese",CH,2023,92,0.304,0.284,0.0199825215418921,0.423913043478261,0.138628333172044,-172.09188149481,0.628602482639928,0.58938347145896,-0.178,0.0343733776352597
"Weissert, Greg",CH,2024,45,0.356,0.336,0.0199672538485694,0.577777777777778,-0.0271353825550443,-172.840536921221,0.527360536589535,0.569242611249602,0.219,0.00328948520673363
"Englert, Mason",CH,2026,86,0.291,0.271,0.0198414779199995,0.476744186046512,0.0208730206138804,-171.937030490353,0.628797713548132,0.527058322909781,-0.29,0.000167349468315258
"Lopez, Jacob",CH,2025,100,0.3,0.28,0.0198013986414139,0.13,0.546235419185169,-173.380358712376,0.498041612469695,0.511798475240835,0.032,0.773648648731386
"Gallen, Zac",CH,2025,234,0.286,0.267,0.0196278158643063,0.376068376068376,0.175297168288818,-172.384009028492,0.52755638395823,0.430777297812069,0.00700000000000001,0.832734035582034
"Winn, Keaton",FS,2026,123,0.333,0.314,0.0194270315185164,0.333333333333333,0.21193532995278,-172.177706901365,0.583552564590569,0.512200347106606,-0.0519999999999998,0.632745292452131
"Luzardo, Jesús",CH,2023,126,0.333,0.314,0.0192302444864624,0.214285714285714,0.362008558122858,-173.1052617044,0.513899985220377,0.494575350725516,-0.001,0.903797705779745
"Warren, Will",CH,2025,120,0.317,0.298,0.0188211146819974,0.408333333333333,0.134640801944702,-172.294956361383,0.513237675945525,0.446143232205525,0.1,0.280313490734749
"Anderson, Tyler",CH,2025,408,0.375,0.356,0.0185588383629611,0.272058823529412,0.422794689206904,-172.055646898688,0.680304618343316,0.495955500676697,-0.0470000000000001,0.666898183896645
"Neal, Zach",CH,2023,52,0.269,0.251,0.0182732504466812,0.211538461538462,0.347367968599801,-172.656048601673,0.529679863407523,0.519657891303718,0.111,0.275306913651487
"Romero, JoJo",CH,2025,96,0.292,0.273,0.0182585583643252,0.354166666666667,0.148974701482104,-172.492658115987,0.572751306568816,0.504346481878871,0.101,0.291610105311594
"Crochet, Garrett",CH,2024,54,0.315,0.297,0.0181006260012681,0.277777777777778,0.343803153849764,-173.315067265178,0.57293966913718,0.557535506240284,0.123,0.192729849835749
"Schwellenbach, Spencer",FS,2025,119,0.42,0.402,0.0180168547610179,0.546218487394958,0.00500799260271125,-172.328075167901,0.547096371486339,0.504384843330908,-0.08,0.312951142202749
"Snell, Blake",CH,2023,140,0.414,0.396,0.0179678629419642,0.228571428571429,0.443516735895312,-172.648587477365,0.530767103527197,0.412712244048617,0.0609999999999999,0.516107704054126
"Iglesias, Raisel",CH,2023,90,0.289,0.271,0.0178075303089218,0.3,0.270433254745233,-173.338653875321,0.523747115901267,0.439893366325074,-0.025,0.738403085108896
"Rea, Colin",CH,2025,153,0.307,0.29,0.0174818605269513,0.34640522875817,0.240135002150535,-172.392149531393,0.537490925544778,0.556356549682805,0.0319999999999998,0.546273682479546
"Zerpa, Angel",CH,2023,62,0.29,0.273,0.0170425170985132,0.225806451612903,0.515714172469187,-173.14954128679,0.620944482662311,0.601165190130735,0.037,0.840060048724387
"Weathers, Ryan",CH,2024,190,0.337,0.32,0.0169731426839936,0.289473684210526,0.340072701145426,-172.827837288165,0.616632552648056,0.546240622801457,-0.143,0.112479971756239
"Minter, A.J.",CH,2024,42,0.357,0.341,0.0161518133848151,0.214285714285714,0.400334897000533,-173.077844943586,0.591354591824728,0.513245916620539,0.0790000000000001,0.35679339204613
"Buehler, Walker",CH,2026,74,0.311,0.295,0.0159649227750361,0.27027027027027,0.369130100367789,-173.15223254387,0.710577413161973,0.469765543427998,0.0149999999999999,0.550906153738272
"Chirinos, Yonny",FS,2023,89,0.292,0.276,0.0157427396003638,0.393258426966292,0.22440524324242,-171.351265134115,0.61349079144154,0.425379476719851,-0.388,2.78482679828884e-07
"Ureña, Walbert",CH,2026,243,0.362,0.346,0.0157293773463352,0.374485596707819,0.193769170919392,-172.385943644584,0.536573207698053,0.470846219361317,0.0369999999999998,0.804711830884465
"Adams, Travis",CH,2025,45,0.311,0.295,0.0156488067830697,0.288888888888889,0.229965849281775,-172.786756205572,0.536887148525366,0.530636975744959,0.094,0.336500083555792
"Pepiot, Ryan",CH,2023,128,0.305,0.289,0.0153562459839545,0.3984375,0.24255420245008,-172.363092475101,0.572037789057448,0.47284053868218,-0.098,0.172702136457385
"Leahy, Kyle",CH,2026,108,0.324,0.309,0.0153355327966275,0.37037037037037,0.21015434964167,-172.85101916416,0.573830154558065,0.48609985778892,-0.141,0.105666768604616
"Scott, Tayler",FS,2024,127,0.299,0.284,0.01516251334793,0.456692913385827,0.0655777751767289,-172.618376329797,0.512349285651408,0.54682215746828,-0.168,0.0462878734633567
"Williams, Devin",CH,2026,176,0.369,0.354,0.0148843934098194,0.477272727272727,0.0300420058700603,-172.232652764707,0.491842073129479,0.596144671045783,-0.0189999999999999,0.3236517104442
"Elder, Bryce",CH,2026,71,0.268,0.253,0.0144986849429615,0.492957746478873,0.0734661218950194,-172.004727827162,0.707643957780862,0.462902267183565,-0.12,0.158625928793565
"Blubaugh, AJ",CH,2025,50,0.32,0.306,0.01441357675998,0.34,0.321547476888029,-172.707440058263,0.675340459118459,0.551811526916124,-0.133,0.125088482940006
"Jackson, Andre",CH,2023,107,0.299,0.285,0.0143437433290993,0.252336448598131,0.464087674687455,-172.794544831991,0.623666139180525,0.425926289603838,-0.0720000000000001,0.332856031125713
"Milner, Hoby",CH,2025,94,0.191,0.177,0.0141588729977193,0.425531914893617,0.0843195696304144,-172.902157147132,0.394389704373061,0.477948476001744,-0.00600000000000001,0.880722405453714
"Shuster, Jared",CH,2024,167,0.305,0.291,0.0139427423418398,0.377245508982036,0.206967355880837,-172.984495771194,0.555595708252123,0.431521521710441,0.04,0.802046736329957
"Yarbrough, Ryan",CH,2026,90,0.311,0.297,0.013934150366964,0.444444444444444,0.0548160697529034,-171.841405105565,0.43904656286626,0.430515338706,-0.053,0.469638439325281
"Peralta, Sammy",CH,2023,53,0.226,0.213,0.013732069940491,0.30188679245283,0.29992485775658,-172.90047309593,0.505705380416628,0.585320141854294,0.0860000000000002,0.293406040249705
"Skubal, Tarik",CH,2024,432,0.44,0.426,0.0134681045161905,0.31712962962963,0.28751306828527,-172.383051362896,0.606001531688202,0.510252537356646,-0.13,0.15428026877575
"Santana, Dennis",CH,2026,54,0.278,0.265,0.0132587823120236,0.351851851851852,0.115470803573596,-172.952321128099,0.504163582340005,0.524116868345111,-0.0740000000000001,0.529541038918652
"Nola, Aaron",CH,2026,134,0.261,0.248,0.0132063329098681,0.395522388059701,0.130524220695845,-173.396288065806,0.405637425547783,0.390225757367404,0.0460000000000002,0.620229427715815
"Yates, Kirby",FS,2024,185,0.297,0.284,0.0131443024163414,0.535135135135135,0.0263747712954181,-172.45645438465,0.575064983365948,0.600585711777963,-0.01,0.596019545564435
"Wheeler, Zack",FS,2025,115,0.357,0.343,0.013058573235517,0.391304347826087,0.147889612804974,-173.138800704186,0.508647782774943,0.497302545810245,-0.00900000000000001,0.909977666713417
"Pfaadt, Brandon",CH,2023,61,0.311,0.299,0.012882997526589,0.163934426229508,0.388471582247885,-173.11450794721,0.455918770358426,0.492791681640599,0.084,0.412078810935366
"Ohl, Pierson",CH,2025,125,0.304,0.291,0.0127570577968357,0.4,0.181904101583785,-171.897120317293,0.581564085511761,0.485799911329004,-0.155,0.0330388543372764
"Birdsong, Hayden",CH,2025,82,0.354,0.341,0.0127268687819501,0.365853658536585,0.287952534605457,-171.755882406993,0.715654311691571,0.456745149304477,-0.0540000000000001,0.293022803769331
"Skenes, Paul",FS,2024,334,0.284,0.272,0.0126569891232726,0.275449101796407,0.285491727973181,-172.968442900156,0.482704006438532,0.494215979526722,-0.0529999999999999,0.683001290297009
"Ureña, José",CH,2024,154,0.299,0.286,0.0125675101531414,0.357142857142857,0.182021573334236,-173.183072668464,0.483648588128289,0.482441539047749,0.003,0.964106450413241
"Anderson, Chase",CH,2023,67,0.299,0.286,0.0124320972527416,0.104477611940299,0.583877218673377,-173.566497675132,0.524212236198048,0.51039098047385,0.0610000000000002,0.471344117989167
"Buttó, José",CH,2025,75,0.293,0.281,0.0121251511572987,0.48,0.15188190399119,-172.800405166881,0.573212103359903,0.495251528132355,-0.0409999999999999,0.590315651169621
"Lange, Alex",CH,2026,80,0.312,0.3,0.0121184257707735,0.4,0.165277068342191,-172.699295330431,0.516657375122628,0.544626517034712,0.0229999999999999,0.735684025050104
"Smith, Will",CH,2024,45,0.244,0.232,0.0121062625107193,0.222222222222222,0.390555988122155,-172.597902282708,0.559738857205312,0.403366511913585,0.02,0.939954242384155
"Sandoval, Patrick",CH,2024,203,0.369,0.357,0.0120856774704003,0.226600985221675,0.495502580492422,-172.856635757714,0.628480321687003,0.517631419820091,0.0419999999999999,0.434768257244975
"Suarez, Ranger",CH,2026,104,0.288,0.276,0.0120536196459998,0.442307692307692,0.0710307700536665,-171.81705273881,0.564559695698828,0.517279419145384,-0.0939999999999999,0.333546638902497
"Webb, Logan",CH,2026,235,0.281,0.269,0.0117756564054644,0.617021276595745,-0.176690707878924,-172.464455567153,0.426228106133222,0.549129130018809,0.0499999999999999,0.41807733331436
"Moore, Matt",CH,2023,75,0.373,0.362,0.0116284031890462,0.24,0.461701923309761,-172.266501779389,0.644084181212495,0.479077136899596,-0.00599999999999989,0.578454312709494
"Brazobán, Huascar",CH,2025,197,0.299,0.288,0.0116231703123252,0.32994923857868,0.270080783111796,-172.565156065351,0.583037390983422,0.572870053740117,-0.102,0.331330854538773
"Swanson, Erik",FS,2023,108,0.315,0.303,0.0114116874328452,0.287037037037037,0.431442942312522,-172.443783804638,0.617157832853636,0.516808385574719,-0.045,0.709735253689308
"Kochanowicz, Jack",CH,2025,147,0.265,0.254,0.0112963432264658,0.231292517006803,0.393705216866442,-172.774843232304,0.570258148442895,0.521392698764158,-0.186,0.0282773139372276
"Peralta, Freddy",CH,2025,300,0.34,0.329,0.0111091808835128,0.31,0.312126886910023,-173.467922415867,0.550785572670907,0.49012650094318,0.022,0.468342428368384
"López, Jorge",CH,2024,51,0.314,0.303,0.0110649780754618,0.352941176470588,0.324465068347564,-172.611238632869,0.641772104802117,0.554304328837461,0.0079999999999999,0.656701154325274
"Hall, DL",CH,2024,72,0.319,0.308,0.0110491605838661,0.291666666666667,0.399159553776832,-173.366750079877,0.584274671760943,0.521783785313522,0.148,0.0878616500951013
"Varland, Louis",CH,2026,77,0.351,0.34,0.0110081132877706,0.428571428571429,0.10365659436831,-173.259845435216,0.61982705365835,0.483303671231202,-0.163,0.0602843771397711
"Rodriguez, Eduardo",CH,2025,264,0.277,0.266,0.0103529660435178,0.325757575757576,0.279226867751882,-172.571526882544,0.492871413471748,0.435600905297699,0.0659999999999999,0.501346991230726
"Canning, Griffin",CH,2024,425,0.271,0.26,0.0103440927360831,0.225882352941176,0.417080498461583,-172.905101606761,0.578543532612542,0.456614122942869,-0.067,0.457081442756825
"Messick, Parker",CH,2025,76,0.303,0.292,0.010253309126473,0.421052631578947,0.172159291509577,-172.403691468343,0.608734574545757,0.465278055425048,-0.152,0.0688348598470332
"Cortes, Nestor",CH,2024,137,0.307,0.296,0.0102057601819383,0.364963503649635,0.264908306419473,-172.574926359746,0.64872348110778,0.45688888442759,-0.013,0.445873884441147
"Blach, Ty",CH,2023,110,0.218,0.208,0.00998945466252544,0.4,0.13041003982634,-171.395101947909,0.489187983711791,0.593243644051337,0,0.740193145693985
"Montgomery, Jordan",CH,2023,132,0.341,0.331,0.00998868479236593,0.106060606060606,0.732600238709519,-172.732075223809,0.554829572815642,0.416462951035796,0.165,0.0586524839123034
"Criswell, Cooper",CH,2025,51,0.196,0.187,0.00945694285497982,0.450980392156863,-0.0157880552043522,-172.300563838653,0.443685151214304,0.525998763491553,0.126,0.181304640757725
"Mantiply, Joe",CH,2026,42,0.238,0.229,0.00945618597479074,0.476190476190476,0.00555368179552917,-171.868597018104,0.439190106847956,0.509146289028059,0.067,0.362036534330727
"Megill, Tylor",FS,2024,46,0.391,0.382,0.00944123743818348,0.456521739130435,0.0944925623388317,-171.562081258894,0.651080229283771,0.731548813709525,-0.464,4.31621175473478e-11
"Pagán, Emilio",FS,2025,121,0.397,0.388,0.00912707790493858,0.363636363636364,0.147731295986415,-172.295318596866,0.609917956797871,0.509937532556379,-0.149,0.060757002133136
"Lorenzen, Michael",CH,2026,170,0.3,0.291,0.0090606473697675,0.205882352941176,0.426492698920189,-173.150684305477,0.591642972996016,0.508628275589247,0.037,0.76292727366758
"Iglesias, Raisel",CH,2024,177,0.311,0.302,0.00866743942971697,0.333333333333333,0.245499226378766,-173.134111570565,0.549112331406821,0.449089757346065,-0.00700000000000001,0.785648494837546
"Shuster, Jared",CH,2025,52,0.269,0.261,0.0085144713356216,0.384615384615385,0.231208915844261,-172.416357011497,0.626201619873803,0.507081234991162,-0.164,0.0640242139399979
"Wacha, Michael",CH,2024,452,0.321,0.312,0.00846844587419574,0.274336283185841,0.404576971830267,-171.490402445224,0.662554066815738,0.50622319035426,-0.19,0.0152452500055759
"Tate, Dillon",CH,2024,41,0.268,0.26,0.00844233628135183,0.195121951219512,0.431396194040339,-172.979129724145,0.61339258926778,0.542566457260143,0.081,0.352199359524465
"Adam, Jason",CH,2025,180,0.328,0.32,0.00813522435125003,0.205555555555556,0.474669424975398,-172.180032156439,0.559266751013673,0.51451883355426,-0.116,0.207315429738856
"Montero, Keider",CH,2026,106,0.283,0.275,0.00763765744031268,0.141509433962264,0.615699174194868,-173.628418146472,0.546966578204121,0.483141634996089,0.0330000000000001,0.821628353089945
"Yesavage, Trey",FS,2026,193,0.383,0.376,0.00738726647664708,0.341968911917098,0.335556490736515,-171.304470078928,0.757425376408015,0.471262660355321,-0.111,0.224341322761691
"Alexander, Tyler",CH,2025,118,0.271,0.264,0.00737058956397723,0.415254237288136,0.17157685165844,-172.415440562272,0.540184259454852,0.432788420793711,-0.0289999999999999,0.733967350067542
"Brito, Jhony",CH,2023,95,0.284,0.277,0.00734038929859478,0.221052631578947,0.452648017953585,-172.945825753831,0.542239159529466,0.469932945983151,0.0670000000000001,0.590840083512882
"Milner, Hoby",CH,2024,60,0.217,0.209,0.00728996915198255,0.3,0.332561254595457,-173.870720576859,0.533534571713208,0.448788271222392,0.0209999999999999,0.79328053076988
"Lodolo, Nick",CH,2025,295,0.258,0.251,0.00710017990595588,0.250847457627119,0.294947449441615,-172.90914867072,0.467459810780934,0.488899235058084,-0.022,0.910833297824685
"Gausman, Kevin",FS,2024,456,0.316,0.309,0.00703212894001343,0.464912280701754,0.0785285828270466,-172.689622415902,0.529528644512178,0.51779701727164,-0.0600000000000001,0.583524663218308
"Latz, Jacob",CH,2024,104,0.365,0.359,0.00639288248148201,0.259615384615385,0.430254223237207,-173.237361934522,0.638868915091608,0.495445270440636,0.013,0.721044586074173
"Boyd, Matthew",CH,2025,355,0.315,0.309,0.00638808938865258,0.197183098591549,0.482943793427897,-172.468436139065,0.576928900708784,0.534448836055101,-0.0419999999999999,0.806151012373586
"Lynch IV, Daniel",CH,2024,67,0.299,0.292,0.00630457864721994,0.119402985074627,0.615392545444977,-172.703742484695,0.585207142331274,0.490736476297166,0.0120000000000001,0.717534494777079
"Bubic, Kris",CH,2026,83,0.289,0.283,0.00603859670664103,0.373493975903614,0.259155480462756,-172.431552942081,0.65044793574642,0.449671564995997,-0.109,0.15222620283898
"McClanahan, Shane",CH,2026,225,0.378,0.372,0.00579286477589724,0.355555555555556,0.220058130243329,-172.235431633057,0.578917924882962,0.505221359764537,0.015,0.583089384995013
"Junis, Jakob",CH,2025,111,0.234,0.229,0.00509592260047334,0.333333333333333,0.259869401212817,-172.518269260693,0.617676127518999,0.541434724476083,-0.0550000000000001,0.688822534597877
"deGrom, Jacob",CH,2025,132,0.379,0.374,0.00499454001657569,0.371212121212121,0.208228644798222,-172.893391568109,0.594886478415124,0.494256947668739,-0.0269999999999999,0.816231241047972
"Hendricks, Kyle",CH,2025,534,0.238,0.233,0.00490311705845869,0.207865168539326,0.470574666252991,-172.189566101016,0.557535286839757,0.759734417874566,-0.109,0.279308587733656
"Skubal, Tarik",CH,2025,529,0.463,0.458,0.00472326808970896,0.338374291115312,0.250590180124419,-172.583272020229,0.59077155981007,0.51636352496456,-0.108,0.252830859011994
"Hurt, Kyle",CH,2026,103,0.33,0.326,0.00452809823312249,0.310679611650485,0.339307890803243,-172.920711662729,0.636710674733609,0.507624625209437,-0.02,0.401782688473158
"Hurter, Brant",CH,2025,58,0.276,0.271,0.00445473801477365,0.241379310344828,0.315333143164999,-172.257925097197,0.472032606106941,0.571115399604586,0.174,0.0413788693387026
"Criswell, Cooper",CH,2026,64,0.219,0.214,0.00436936054438304,0.46875,0.0567579018410503,-172.449917833675,0.45230503209078,0.572581499456148,0.148,0.102846618126263
"Pfaadt, Brandon",CH,2024,148,0.284,0.279,0.00436139731351967,0.344594594594595,0.193466596025295,-173.010538163023,0.454690725614313,0.484122880625208,0.101,0.309643328463182
"Cantillo, Joey",CH,2024,85,0.424,0.419,0.00416881055110914,0.235294117647059,0.475166980124259,-172.525487285754,0.674605165382937,0.503764312377074,-0.003,0.623097920445498
"Harvey, Hunter",FS,2024,107,0.336,0.332,0.00410323959344575,0.355140186915888,0.200773220600801,-172.758203528447,0.635155566526582,0.580392863689978,-0.173,0.0353259162517947
"Ragans, Cole",CH,2026,52,0.404,0.4,0.00400807901819807,0.269230769230769,0.390716069616625,-172.929847411125,0.542565583628387,0.56288567852571,-0.002,0.890770937682217
"Adam, Jason",CH,2026,86,0.279,0.275,0.00391194057764847,0.302325581395349,0.318923100782945,-172.324886979963,0.532271655779089,0.503086800846911,-0.0559999999999999,0.587077674266919
"Stripling, Ross",CH,2023,114,0.289,0.286,0.00381702674899475,0.271929824561404,0.454981816075642,-171.994833275574,0.602322652997781,0.454576562798008,-0.005,0.830638310644924
"Castillo, Luis",CH,2025,150,0.24,0.236,0.00377891619785056,0.433333333333333,0.119701323780048,-173.020131043888,0.488327463035614,0.555374312810878,0.00600000000000012,0.795863026554186
"Cabrera, Edward",CH,2025,288,0.267,0.264,0.00359095561459236,0.25,0.350604381954911,-172.955159425458,0.555815732508342,0.479240952661692,0.01,0.913042465843431
"Mlodzinski, Carmen",FS,2026,203,0.296,0.292,0.0033924187903838,0.433497536945813,0.10344807660291,-172.501697411397,0.574690365675549,0.548141219861583,-0.308,5.36752670116211e-05
"Avila, Pedro",CH,2024,177,0.299,0.296,0.0032797071475118,0.361581920903955,0.163619544117178,-172.159562444609,0.585645185858441,0.542263124797493,-0.511,3.06169703766699e-12
"Francis, Bowden",FS,2025,123,0.358,0.355,0.00290514369835004,0.414634146341463,0.138062067788934,-172.062167704582,0.589966091495459,0.448800282380843,0.00700000000000012,0.822763715566441
"Bubic, Kris",CH,2024,43,0.326,0.323,0.0027741442510132,0.348837209302326,0.322200135803725,-172.78785123594,0.562150658516001,0.436363374663626,0.012,0.591013219005613
"Suarez, Ranger",CH,2023,100,0.3,0.297,0.00260928625386089,0.34,0.190489431914326,-171.945435237024,0.561301360234153,0.438797494879701,0.0840000000000001,0.424345060853324
"Montas, Frankie",FS,2025,75,0.32,0.317,0.00259843616881278,0.506666666666667,0.0120406554646076,-171.896478256753,0.581277641730774,0.483051603676061,0.017,0.757929787289824
"Burrows, Mike",CH,2026,220,0.3,0.298,0.00245494793057596,0.327272727272727,0.299219797404664,-172.74584638584,0.548707538851953,0.47879427778302,0.0180000000000001,0.747035468310406
"Berríos, José",CH,2023,123,0.301,0.298,0.00244773816029324,0.333333333333333,0.234261057125761,-172.750432616827,0.531056946380618,0.444890102590903,0.065,0.417333933802843
"Birdsong, Hayden",CH,2024,105,0.314,0.312,0.00229201357953218,0.342857142857143,0.318561034093955,-171.796266301645,0.70003307646803,0.449078548204096,-0.0610000000000002,0.229429476325015
"Mize, Casey",FS,2025,337,0.318,0.315,0.00215771029642639,0.362017804154303,0.242162764529592,-172.765968991898,0.58745651051502,0.487352608870799,-0.0339999999999999,0.609121392908882
"Morejon, Adrian",CH,2026,113,0.496,0.493,0.00209794333443726,0.575221238938053,-0.0867136047913816,-172.077248414332,0.700942532974513,0.530838431123987,0.025,0.470279870337618
"Cobb, Alex",FS,2023,228,0.232,0.23,0.00206988084243905,0.37719298245614,0.228629924423683,-172.369659534105,0.553999003582191,0.453288380238639,-0.0750000000000001,0.522493769652629
"Suarez, Robert",CH,2026,88,0.364,0.362,0.00189708354205275,0.284090909090909,0.306056497428117,-173.107534606759,0.552477513531811,0.547871951584025,0.028,0.638083391286274
"Anderson, Tyler",CH,2024,530,0.37,0.368,0.00183207200783559,0.3,0.395258719042457,-171.996345056619,0.697957152194719,0.460666268526386,-0.013,0.787066198673784
"Smith, Cade",FS,2025,139,0.374,0.373,0.00159922101495201,0.431654676258993,0.12117052443845,-171.905311207114,0.635537014897215,0.510596459751278,-0.034,0.164251050920867
"Lynn, Lance",CH,2023,41,0.268,0.267,0.00137792203615111,0.146341463414634,0.368038719754317,-173.226736193923,0.463159862441591,0.498849032080869,0.0890000000000001,0.417109658750625
"Morillo, Juan",CH,2026,74,0.311,0.309,0.00137200249418298,0.243243243243243,0.286844191133138,-173.493132815958,0.557032415002142,0.551898024049396,0.0659999999999999,0.393850165346606
"Imanaga, Shota",FS,2025,410,0.305,0.304,0.00136961975524443,0.282926829268293,0.353804082720245,-173.00932236907,0.566455350975524,0.471310669475363,-0.042,0.717175870378127
"Harrison, Kyle",CH,2024,206,0.204,0.203,0.00134899135617679,0.223300970873786,0.393185780981322,-173.386177933053,0.543648552248125,0.559256028512604,-0.005,0.656918403902236
"Whitlock, Garrett",CH,2026,58,0.345,0.344,0.00115964440572522,0.482758620689655,-0.0349491148298432,-171.86034051978,0.638940457619751,0.426507732873864,-0.127,0.101161947142089
"Blubaugh, AJ",CH,2026,114,0.325,0.324,0.00105630588197917,0.456140350877193,0.0988646185703328,-172.090404069233,0.640213323252925,0.473473585910918,-0.22,0.00462379385692574
"Houser, Adrian",CH,2024,65,0.308,0.307,0.00101249674420781,0.384615384615385,0.261236205214207,-172.326611749848,0.562328157646899,0.463485850540364,-0.042,0.710116210523299
"McGreevy, Michael",CH,2026,172,0.227,0.226,0.00101196027516901,0.372093023255814,0.187622785183198,-172.499228634796,0.556036603316277,0.526189508877068,-0.132,0.161398313612691
"Beede, Tyler",FS,2024,46,0.261,0.26,0.000858104166432862,0.456521739130435,0.134355835209569,-172.768772767396,0.58872676006035,0.460472284054538,-0.0349999999999999,0.79456976853785
"Brogdon, Connor",CH,2025,196,0.321,0.321,0.000789529814469598,0.316326530612245,0.301502453582322,-172.723215411734,0.563466662367157,0.513465566831749,0.00700000000000001,0.676040761085314
"Vásquez, Randy",CH,2026,40,0.3,0.3,0.000156878520838268,0.45,0.182379232633809,-172.69416742345,0.686372058175311,0.464297411757919,0.045,0.539949656040735
"Loáisiga, Jonathan",CH,2026,102,0.304,0.304,0.000132241679878026,0.284313725490196,0.371457952384997,-173.580589474542,0.601011920379925,0.545330621976907,0.0739999999999998,0.47123674909382
"Bido, Osvaldo",CH,2025,61,0.213,0.213,6.38272081120166e-05,0.0655737704918033,0.719280395288579,-173.599920153187,0.513328206895156,0.466594643790284,0.027,0.902608615869434
"Floro, Dylan",CH,2024,44,0.227,0.227,5.63421038254025e-05,0.386363636363636,0.174325754380632,-171.935821595694,0.494502866873954,0.380274371056,0.118,0.19203866650532
"Gray, Sonny",CH,2025,86,0.233,0.233,-0.000295218752519872,0.209302325581395,0.4408743515848,-173.425246518071,0.532378941510171,0.461646150759137,0.168,0.0486224286009738
"Houser, Adrian",CH,2025,147,0.333,0.334,-0.000924997590519261,0.319727891156463,0.199403978487229,-172.572896051703,0.556426758863388,0.514769145054709,-0.03,0.797885031761843
"Estrada, Jeremiah",FS,2025,134,0.463,0.464,-0.00120807905473903,0.261194029850746,0.561115306476356,-173.324748474963,0.75099926151288,0.502579863021706,-0.012,0.424903435365646
"Taillon, Jameson",CH,2026,110,0.291,0.292,-0.00139663835935993,0.363636363636364,0.297653260165262,-172.55348533863,0.601432069323287,0.387322192719273,-0.05,0.579381018818961
"Heaney, Andrew",CH,2024,268,0.235,0.238,-0.00253457868452386,0.223880597014925,0.396736617707212,-173.346510561691,0.528276583493775,0.497221541685232,-0.00099999999999989,0.909615505327277
"Bradley, Taj",FS,2024,316,0.31,0.313,-0.00260381480167968,0.272151898734177,0.458705403346053,-172.928686220213,0.673695478935086,0.500669688036227,-0.139,0.134384686411362
"Sears, JP",CH,2023,107,0.215,0.218,-0.00285924828754132,0.196261682242991,0.388038561850769,-173.831179018152,0.49067825379548,0.455863306781419,0.0359999999999999,0.538349882056978
"Blackburn, Paul",CH,2025,40,0.225,0.228,-0.00292372275670118,0.275,0.415675550538963,-172.606714726276,0.625725044595432,0.55112746516561,-0.0629999999999999,0.631245892060966
"Holman, Grant",FS,2025,81,0.309,0.312,-0.0032360336834926,0.37037037037037,0.238709273663013,-172.073447776522,0.706703166598289,0.456760349523611,-0.192,0.0177861833882543
"Suarez, Robert",CH,2023,71,0.366,0.37,-0.00337841906760992,0.323943661971831,0.323336489637401,-173.011348820524,0.568275151614592,0.449819502392523,0.015,0.761831462472118
"Brieske, Beau",CH,2023,79,0.316,0.32,-0.00373091024286493,0.367088607594937,0.259147879015304,-172.892478717994,0.617522887014338,0.410507759569718,0.0499999999999999,0.570022863854395
"Yates, Kirby",FS,2023,96,0.292,0.296,-0.00387107921468811,0.427083333333333,0.0472382317111287,-172.3093811113,0.53691037676195,0.598081618850963,-0.0239999999999999,0.52454361009701
"Stroman, Marcus",FS,2024,130,0.208,0.212,-0.0038874482972728,0.3,0.290829365332822,-172.959894471022,0.59042180700025,0.559805812824198,0.186,0.0262660030234034
"García, Luis",FS,2024,92,0.293,0.298,-0.00418437850814044,0.402173913043478,0.202837998363104,-172.103178862045,0.659992776746223,0.540239103091694,-0.0259999999999999,0.89117188671582
"Smith, Cade",FS,2026,98,0.408,0.412,-0.00422850414159046,0.469387755102041,0.0139749805793955,-171.61828862561,0.638959110854008,0.5039039884425,-0.0930000000000001,0.00838612320059586
"Hoglund, Gunnar",CH,2025,56,0.321,0.326,-0.0044207540971754,0.303571428571429,0.293336241182559,-172.12755418856,0.573842992497092,0.508346776598899,-0.085,0.307784849563336
"Nelson, Ryne",CH,2023,44,0.318,0.323,-0.0045313663822249,0.272727272727273,0.368179320940043,-172.748023353735,0.591534815331532,0.418848966553386,0.0360000000000001,0.371149198266019
"Cueto, Johnny",CH,2023,83,0.253,0.258,-0.00468163297353267,0.409638554216867,0.144075232218451,-172.557909398855,0.497352820528024,0.498629368503539,-0.129,0.179905463866663
"Rodríguez, Joely",CH,2024,51,0.196,0.201,-0.00503553798444323,0.254901960784314,0.35586584885881,-172.671873423815,0.497969608892261,0.539258149417079,0.072,0.482448825727136
"Springs, Jeffrey",CH,2026,221,0.367,0.372,-0.00521930942635208,0.393665158371041,0.173393705177533,-171.730089023338,0.565473519828908,0.481798116960791,-0.04,0.696971554846088
"Allen, Logan",CH,2024,147,0.238,0.244,-0.0054359411908745,0.346938775510204,0.258694116828463,-172.392563480682,0.639156701326785,0.54766765560449,-0.193,0.0214476080322324
"Suter, Brent",CH,2025,106,0.33,0.336,-0.00604304085435394,0.19811320754717,0.557371486945957,-172.23912754515,0.62995662703478,0.584462723091524,0.237,0.00270882400701923
"Rosenberg, Kenny",CH,2024,68,0.279,0.286,-0.0066448132298375,0.308823529411765,0.367774243499714,-172.485900865798,0.659523714543081,0.502805808135551,-0.0339999999999999,0.800659289135013
"Flexen, Chris",CH,2024,206,0.364,0.371,-0.00664713534973707,0.20873786407767,0.521887154275548,-171.998854489601,0.63087573167187,0.521751525024803,0.068,0.479737454942928
"Rodriguez, Grayson",CH,2026,83,0.325,0.332,-0.00673218531634636,0.313253012048193,0.276979896376781,-172.673396270052,0.610836131084523,0.400774187707283,-0.128,0.115620930374136
"Suter, Brent",CH,2026,150,0.32,0.327,-0.00691404734411935,0.28,0.463206160959451,-172.208019508903,0.631616485644,0.501636286988727,0.13,0.146460318681972
"Rangel, Alan",CH,2026,91,0.363,0.37,-0.00691513413010885,0.307692307692308,0.474515853430874,-172.736404394271,0.778455628401202,0.501930598065587,-0.0529999999999999,0.597889394851634
"Duran, Jhoan",FS,2025,247,0.223,0.23,-0.00706479523668371,0.206477732793522,0.478695045738181,-173.074854981188,0.529307073890547,0.488565400533201,-0.114,0.266893628029017
"Nola, Aaron",CH,2023,87,0.253,0.26,-0.00708356144608264,0.35632183908046,0.169001040093745,-173.239692826761,0.444262886031505,0.468787466258428,0.038,0.613993267776391
"De Los Santos, Enyel",CH,2025,91,0.297,0.304,-0.00714727156819753,0.296703296703297,0.309812937862833,-173.293447635193,0.479027300653618,0.486488322489981,0.0780000000000001,0.525720738817979
"Young, Brandon",FS,2025,101,0.287,0.294,-0.00731140495304324,0.356435643564356,0.30940347233667,-172.464024833382,0.640306514395506,0.408309291207167,-0.142,0.110791630956733
"Weissert, Greg",CH,2025,46,0.304,0.312,-0.00749121541377516,0.369565217391304,0.144908863021652,-173.016299066503,0.519528392805984,0.60510200776426,0.191,0.0121131643336007
"Rea, Colin",CH,2024,128,0.25,0.259,-0.00873479150985353,0.3671875,0.195328295416574,-172.696278442533,0.596616533167444,0.502366249505653,0.129,0.125850070530549
"King, Michael",CH,2026,311,0.27,0.279,-0.00904866242630512,0.247588424437299,0.31116392093981,-173.380216802268,0.461086565605315,0.55274854879351,0.147,0.0773076929918714
"Weissert, Greg",CH,2026,41,0.341,0.351,-0.00911705073784548,0.609756097560976,-0.0400252936655666,-172.737052820707,0.426046756745443,0.533723312784056,0.197,0.00897822325649958
"De Jesus, Enmanuel",CH,2026,48,0.292,0.301,-0.0091924220604009,0.333333333333333,0.281055245505477,-173.18903197742,0.568295525886811,0.534018854434049,-0.0770000000000001,0.503300844065584
"Bernardino, Brennan",CH,2025,55,0.236,0.246,-0.00921038734580761,0.272727272727273,0.302944043604451,-172.362565238615,0.459343388322838,0.634270567170861,0.134,0.141710184912571
"Freeland, Kyle",CH,2026,121,0.198,0.208,-0.00931701774051568,0.272727272727273,0.407367220810675,-172.893206001914,0.62235224101174,0.432033559523873,0.0869999999999999,0.40213832700499
"Fujinami, Shintaro",FS,2023,67,0.343,0.353,-0.00938643335195593,0.373134328358209,0.211199626518921,-172.811040666972,0.638168281194402,0.527818313665535,-0.098,0.334931438783955
"Darvish, Yu",FS,2025,63,0.27,0.279,-0.00939375599512179,0.349206349206349,0.233352494859049,-172.860681223439,0.548643287296786,0.611767164353194,-0.346,3.91844973239865e-06
"Priester, Quinn",CH,2024,50,0.22,0.229,-0.00949097931536972,0.38,0.370892126378651,-172.717208943325,0.695268818640028,0.482067575192921,0.149,0.0800023716267728
"Toussaint, Touki",FS,2024,90,0.233,0.243,-0.00952736902339168,0.311111111111111,0.298709874785486,-172.657900551349,0.534398673255374,0.523171060235767,-0.002,0.925937328717605
"Gallen, Zac",CH,2024,182,0.253,0.263,-0.00998468278075869,0.313186813186813,0.214510963167202,-172.645260512157,0.490287057518894,0.45576133344965,0.037,0.721422805611958
"Ober, Bailey",CH,2025,374,0.286,0.296,-0.010132965666967,0.318181818181818,0.253345529299005,-172.163084304355,0.529458194078087,0.476499973514747,0.0900000000000001,0.240455599746358
"Mahle, Tyler",FS,2026,212,0.264,0.274,-0.010327250231144,0.35377358490566,0.166336873087193,-172.925668476459,0.525138705014835,0.462621390897788,-0.092,0.376685494739128
"Bibee, Tanner",CH,2023,102,0.314,0.324,-0.0104627330525274,0.127450980392157,0.809237923863915,-173.270396269347,0.642183720833859,0.492029275958873,0.073,0.475985082054753
"Martinez, Nick",CH,2025,247,0.287,0.298,-0.0104802233332264,0.267206477732794,0.451358891180189,-171.592189734495,0.702726300641019,0.453608149007324,-0.144,0.0512306243392524
"Kikuchi, Yusei",CH,2024,128,0.328,0.339,-0.010569635906811,0.2578125,0.413703957390232,-173.514782351941,0.603053457204499,0.523738631595445,-0.013,0.967948524232155
"González, Victor",CH,2024,49,0.204,0.215,-0.0106025356386597,0.326530612244898,0.343687138451442,-173.537481475859,0.544855253155814,0.55860604283684,-0.003,0.903991600791531
"Cano, Yennier",CH,2024,138,0.297,0.308,-0.0106242918407226,0.550724637681159,-0.00994008776589717,-172.40669460281,0.463341836617613,0.485517144240555,0.09,0.423813678172713
"Brieske, Beau",CH,2024,177,0.299,0.31,-0.0106383254617613,0.384180790960452,0.223772511332546,-172.741695485113,0.579941057472107,0.477856305585674,-0.00399999999999989,0.702733170895819
"Bachar, Lake",FS,2025,62,0.323,0.334,-0.0109880587493849,0.387096774193548,0.290284825664526,-172.860913186507,0.628545580745306,0.501563379573044,0.0600000000000001,0.450060517944696
"Williams, Trevor",CH,2023,79,0.203,0.214,-0.0110135819610262,0.417721518987342,0.0702187128583424,-172.803573840715,0.444931269470642,0.431808159702258,0.187,0.0214763895297879
"Walker, Taijuan",FS,2026,57,0.175,0.187,-0.0114555901074848,0.315789473684211,0.257875898290837,-171.967631106759,0.586900335856049,0.5363776665912,-0.143,0.122724401675093
"Ryan, Joe",FS,2026,118,0.22,0.232,-0.0116599053771557,0.406779661016949,0.11360827182827,-173.568959448346,0.509125933946206,0.489218520676813,-0.0919999999999999,0.376938983500956
"Stratton, Chris",CH,2024,51,0.235,0.247,-0.011734305429181,0.333333333333333,0.253192237521432,-172.274696184689,0.521132121469092,0.446722153322941,-0.049,0.66464470790326
"Petty, Chase",CH,2026,41,0.317,0.329,-0.012005640766027,0.146341463414634,0.416680671067106,-173.301578588895,0.573128810638012,0.452620360748837,-0.0910000000000001,0.331417079294593
"Garcia, Robert",CH,2025,142,0.31,0.322,-0.0120309068219029,0.267605633802817,0.350082158183438,-172.746942569108,0.504238840387264,0.49453406474027,0.024,0.860365832624703
"Woods Richardson, Simeon",FS,2025,93,0.269,0.281,-0.0120821113583438,0.236559139784946,0.51204420381434,-172.475828155802,0.720498108970889,0.496800189902815,-0.042,0.644651743590496
"López, Pablo",CH,2023,151,0.272,0.284,-0.0122490355611595,0.218543046357616,0.3670326185979,-173.217813076713,0.481943175114728,0.468719111340119,0.115,0.223863615291487
"Parker, Mitchell",FS,2025,156,0.276,0.288,-0.0123276177376968,0.217948717948718,0.572315562244352,-172.850867047084,0.690708532871688,0.45840545115977,-0.0720000000000001,0.52049757302759
"Gilbert, Logan",FS,2023,113,0.345,0.358,-0.0126552142539305,0.300884955752212,0.415201025498356,-172.357154860835,0.654753800502471,0.504129916663744,-0.137,0.0946798935930731
"Anderson, Drew",CH,2026,168,0.357,0.37,-0.0127551765196481,0.452380952380952,0.181981441729059,-172.317860018233,0.703288016219134,0.519935108135765,-0.175,0.0215724473490784
"Sale, Chris",CH,2024,201,0.224,0.237,-0.0127958645795981,0.278606965174129,0.274840976757794,-173.215587445524,0.48353669483499,0.508484385094277,0.0279999999999999,0.75840825565003
"Boyd, Matthew",CH,2026,162,0.265,0.278,-0.0128862006331814,0.37037037037037,0.161459199930099,-172.267981620699,0.549087194008473,0.556327693894396,-0.019,0.893610750717706
"Alcantara, Sandy",CH,2026,263,0.274,0.287,-0.0129935895330278,0.338403041825095,0.202013745935228,-172.705828761876,0.52729959819875,0.449708614501755,-0.0650000000000001,0.620144178217623
"Ober, Bailey",CH,2026,234,0.231,0.244,-0.0131076485909958,0.213675213675214,0.424628746587056,-172.57488016611,0.506028640002922,0.496340710078589,0.13,0.100746059409328
"Castillo, Luis",CH,2024,211,0.237,0.25,-0.0133505257058016,0.407582938388626,0.189242238018002,-173.234401834953,0.494917619236676,0.515085523858596,0.0179999999999999,0.771109890686137
"Ureña, José",CH,2023,56,0.268,0.282,-0.0142630044140393,0.285714285714286,0.256052350266727,-173.098197337858,0.513596362414458,0.403286248085298,-0.00100000000000011,0.943774562218016
"Gordon, Tanner",CH,2025,153,0.248,0.263,-0.0147822693670299,0.281045751633987,0.24373383885836,-172.15970642072,0.520212839339833,0.460859842750978,-0.05,0.647376532692976
"Wacha, Michael",CH,2025,394,0.254,0.269,-0.0150840571060619,0.230964467005076,0.48006698128337,-171.582565765539,0.613708884470269,0.44965418408369,-0.204,0.00691337688120077
"Holton, Tyler",CH,2023,71,0.268,0.283,-0.0151521013301838,0.183098591549296,0.473566232631174,-172.625735801132,0.534614823213362,0.487838500718204,0.107,0.138866717978861
"Smith-Shawver, AJ",FS,2025,130,0.392,0.408,-0.0153265395551817,0.376923076923077,0.267053851822343,-172.753771843032,0.67458475108332,0.583947906908632,-0.123,0.200426896138405
"Stanek, Ryne",FS,2026,57,0.351,0.366,-0.0153364277574724,0.473684210526316,0.12695476950001,-172.407763435151,0.684195363285731,0.546547738232435,-0.0609999999999999,0.517222969456769
"Funderburk, Kody",CH,2025,43,0.186,0.202,-0.0154731123701345,0.232558139534884,0.507447940869809,-172.739872263867,0.561612057952771,0.460898611866444,0.0579999999999999,0.543057178505187
"Holton, Tyler",CH,2025,83,0.253,0.268,-0.0154851058290812,0.349397590361446,0.197268531346234,-172.380606454796,0.450416337052463,0.467097307271774,0.107,0.16455767953749
"Sale, Chris",CH,2025,74,0.216,0.232,-0.0156909810866788,0.22972972972973,0.388981423236442,-173.490753572638,0.512392281179021,0.503393520851355,0.045,0.696239773021051
"Lorenzen, Michael",CH,2023,125,0.28,0.296,-0.0157594024716781,0.32,0.339571730236253,-172.779781953638,0.649987669591475,0.517696109784155,0.0109999999999999,0.846568902054696
"Kelly, Zack",CH,2024,91,0.319,0.335,-0.015821714781024,0.340659340659341,0.270029392384311,-172.454199726452,0.590743081592408,0.536572713825083,-0.0139999999999999,0.312722022906134
"Morales, Luis",CH,2025,48,0.25,0.266,-0.0159216611971157,0.145833333333333,0.624710584536258,-173.924548469969,0.56512870155159,0.479492759097236,0.042,0.776050638330437
"Garrett, Braxton",CH,2024,44,0.273,0.289,-0.0159656902953448,0.363636363636364,0.114003412513743,-171.733008981161,0.648815089883946,0.593695559426133,0.04,0.592172657763572
"Littell, Zack",FS,2023,101,0.267,0.283,-0.0161506924524779,0.277227722772277,0.364444499490881,-171.737873644542,0.646821617727581,0.469834092963428,-0.258,0.000886054955392752
"Holton, Tyler",CH,2024,143,0.259,0.275,-0.0162452039831862,0.27972027972028,0.307402744547774,-172.425614495902,0.543602323290193,0.50033865246478,0.111,0.137431823399501
"Carrasco, Carlos",CH,2026,41,0.195,0.212,-0.0170899004792603,0.463414634146342,0.0323196906811078,-172.333299084209,0.475729932250104,0.556282777598326,-0.1,0.340696965053365
"Bowlan, Jonathan",CH,2026,47,0.298,0.315,-0.0174740015810315,0.170212765957447,0.496502593803156,-173.043642596254,0.553469411407067,0.44965846513553,-0.253,0.00162794829091155
"Baz, Shane",CH,2024,57,0.281,0.298,-0.0176366649154895,0.140350877192982,0.575408987826578,-173.509326776088,0.568231456148106,0.505434447198362,0.0190000000000001,0.77129723512133
"Knack, Landon",CH,2025,95,0.284,0.302,-0.0177055206379452,0.157894736842105,0.713625530192388,-173.33532714672,0.725789764134348,0.57572046580352,-0.0750000000000001,0.435668440870448
"Hendricks, Kyle",CH,2024,439,0.221,0.239,-0.0179368565834344,0.20501138952164,0.427003153305812,-172.427088363182,0.546190353233286,0.694170027646035,-0.129,0.171909116230603
"Williams, Trevor",CH,2024,79,0.215,0.233,-0.0180724634466393,0.455696202531646,-0.0202683840522903,-172.605223039876,0.421140260103761,0.443517901176671,0.226,0.00409963398327729
"Milner, Hoby",CH,2023,45,0.178,0.196,-0.0183771778959437,0.244444444444444,0.260699971102554,-173.734225395525,0.391184382928283,0.448049759724663,0.00900000000000001,0.913392408025693
"Bello, Brayan",CH,2026,118,0.254,0.273,-0.0183957181860287,0.347457627118644,0.203459570248257,-173.218917955535,0.548206358901562,0.399651520164741,0.153,0.0777121417837611
"Garcia, Rico",CH,2025,60,0.283,0.302,-0.018591587504602,0.0833333333333333,0.741163509554469,-174.010286051804,0.618746057261833,0.456516647164268,-0.00800000000000001,0.768089710008605
"Blach, Ty",CH,2024,146,0.192,0.211,-0.0187589924859219,0.445205479452055,0.107144075413304,-171.387713405245,0.476339562260551,0.536356794024882,0.003,0.719616442850414
"Yoho, Craig",CH,2026,76,0.329,0.348,-0.0189232771232545,0.289473684210526,0.302402883532265,-172.329744227222,0.577973047293671,0.557471373566903,-0.121,0.0619450911185011
"Hoffman, Jeff",FS,2025,150,0.313,0.332,-0.0190952292819545,0.3,0.405406802668736,-173.157059359534,0.647718484013673,0.531203952656517,-0.025,0.73559571197644
"Smith, Shane",CH,2025,190,0.305,0.325,-0.0194864085182588,0.284210526315789,0.290992403355829,-172.674122175216,0.55153863044304,0.510957210958758,0.0509999999999999,0.59212619870487
"Evans, Logan",CH,2025,72,0.194,0.215,-0.0202298995306302,0.194444444444444,0.462287378659718,-172.815559113543,0.554904885085468,0.550334978690677,-0.027,0.857477607159932
"Fried, Max",CH,2023,63,0.286,0.306,-0.0202381967548298,0.19047619047619,0.473602283605511,-172.82700125269,0.580806242102744,0.442192735302166,0.108,0.208309992940982
"Hoffman, Jeff",FS,2026,103,0.33,0.35,-0.0202536442091128,0.475728155339806,0.114401781840429,-172.799074485583,0.56937177875483,0.526310190356888,-0.064,0.52759702347809
"Gordon, Colton",CH,2025,60,0.25,0.27,-0.0203128232159982,0.2,0.453232633531177,-173.125548947166,0.509764094438359,0.467563186526092,-0.074,0.560539395431512
"Teng, Kai-Wei",CH,2026,54,0.241,0.261,-0.0203686629179826,0.314814814814815,0.357875685336719,-173.030340079085,0.608095980641531,0.556237715798683,0.04,0.793533117072049
"Germán, Domingo",CH,2024,47,0.213,0.233,-0.0205190186320815,0.212765957446809,0.518782158336565,-173.331059416045,0.550133802869193,0.543572058226521,-0.023,0.941252621867272
"Houck, Tanner",FS,2024,362,0.191,0.211,-0.0206323211200797,0.273480662983425,0.269545329854852,-172.190037793936,0.465947632186993,0.478249380860203,0.0609999999999999,0.626425801831157
"Keller, Mitch",CH,2026,76,0.237,0.258,-0.020742166184211,0.368421052631579,0.173255969780438,-172.607614828732,0.553834729075978,0.497513091726455,-0.0110000000000001,0.815369197561017
"Ryan, Joe",FS,2024,224,0.246,0.266,-0.0208792010511986,0.348214285714286,0.212224309101491,-173.266082232848,0.558667084919676,0.485170403627065,-0.179,0.0352619039409713
"Criswell, Cooper",CH,2024,253,0.154,0.175,-0.0211837613791822,0.411067193675889,0.101743895562011,-172.226136734729,0.434495166946927,0.54095668719289,0.036,0.761802519586443
"Baker, Bryan",CH,2025,144,0.354,0.376,-0.0214428118626768,0.166666666666667,0.627252112014375,-172.372886178926,0.633030156706316,0.466074499709197,-0.0820000000000001,0.395164768606613
"Mize, Casey",FS,2024,177,0.316,0.338,-0.0216202375076116,0.333333333333333,0.302955783536884,-172.791037741319,0.630318646690699,0.480197272593733,-0.084,0.358999395412057
"Ferrer, José A.",CH,2023,54,0.333,0.356,-0.0223385419292599,0.240740740740741,0.412979430128509,-172.563074300758,0.570121134159628,0.506975693213939,-0.018,0.890672428754664
"Hoffman, Jeff",FS,2024,67,0.299,0.321,-0.0228211586308777,0.298507462686567,0.393427532428377,-172.939532394422,0.662906735833391,0.573738621616917,-0.05,0.659020943138927
"Duran, Jhoan",FS,2024,155,0.187,0.21,-0.0229444334641282,0.167741935483871,0.50059514281422,-173.221706975708,0.547418218377678,0.480949249975628,-0.125,0.204333702664436
"Lee, Dylan",CH,2025,76,0.276,0.299,-0.022956070884104,0.223684210526316,0.402991418658677,-172.908300896667,0.558768698344731,0.499031998097941,-0.00800000000000012,0.864656220698745
"Blewett, Scott",FS,2024,41,0.268,0.291,-0.0231940465234709,0.219512195121951,0.569967628350194,-172.362482539871,0.663088572437087,0.467783057705957,-0.24,0.00210575936927612
"Brieske, Beau",CH,2025,45,0.267,0.29,-0.0234853302384618,0.4,0.206344823258555,-172.752888617395,0.543512950500793,0.446571214340098,-0.096,0.291237911030104
"Bachman, Sam",CH,2026,45,0.311,0.335,-0.0235943911597425,0.288888888888889,0.304289448183899,-173.229432172372,0.612068200370635,0.519701112863743,-0.107,0.229266947485089
"Kirby, George",CH,2026,58,0.293,0.317,-0.0240953152522432,0.241379310344828,0.321240601071657,-173.206369605008,0.442798314426193,0.489059371390064,0.074,0.43388286992743
"Jarvis, Bryce",CH,2024,50,0.3,0.324,-0.0241967285297496,0.24,0.374055606415848,-172.958370957045,0.644284378912329,0.539654608549715,0.023,0.378461270362469
"Woodruff, Brandon",CH,2023,84,0.321,0.346,-0.0243647696228266,0.226190476190476,0.517465492288858,-173.279575929559,0.649769130357967,0.444702239059716,-0.037,0.708205749015924
"Rodriguez, Bradgley",CH,2026,175,0.366,0.39,-0.0244289410694329,0.251428571428571,0.477306445293174,-173.457462673925,0.620155826517998,0.529612886916621,0.0650000000000001,0.507819022858397
"Henriquez, Ronny",CH,2025,72,0.347,0.372,-0.0244344244773641,0.333333333333333,0.215970914877879,-173.495297609041,0.541372292412116,0.436591741800685,0.072,0.346493773737267
"Gray, Peyton",CH,2026,150,0.273,0.298,-0.0246893293808746,0.3,0.297613938266316,-172.721853725426,0.58090563551079,0.556303051486657,-0.043,0.617212090043178
"Koenig, Jared",CH,2025,42,0.31,0.334,-0.0247514850810844,0.166666666666667,0.602515737552463,-173.140677941954,0.57326326352013,0.592402602472145,0.139,0.105090275517649
"Blanco, Ronel",CH,2024,285,0.281,0.306,-0.0248155706315645,0.312280701754386,0.370758230939726,-172.379140600001,0.65006336295128,0.513391092995379,-0.018,0.575240187392125
"Detmers, Reid",CH,2024,115,0.313,0.338,-0.0248703492463412,0.173913043478261,0.633710177541724,-173.162803848738,0.631866203705752,0.480354584345013,-0.0629999999999999,0.646062522446109
"Lowder, Rhett",CH,2026,119,0.261,0.285,-0.0248767176523422,0.378151260504202,0.221583810906449,-172.584942734194,0.506850752670526,0.453899446802007,0.015,0.627644894164058
"Sears, JP",CH,2025,154,0.182,0.207,-0.0249184644982752,0.168831168831169,0.479597837107525,-173.597827726121,0.501232900915193,0.474067101911293,-0.021,0.70768263199746
"Gordon, Tanner",CH,2026,111,0.216,0.241,-0.0249645964151067,0.324324324324324,0.292017010532442,-172.596514777535,0.535476257009295,0.426708268405434,-0.0079999999999999,0.846225465371463
"Sasaki, Roki",FS,2026,238,0.332,0.357,-0.0249811225716593,0.382352941176471,0.165654205165267,-172.077961950241,0.665613231137317,0.500525697039608,-0.132,0.117908077991363
"Winder, Josh",CH,2023,64,0.234,0.259,-0.0249996545821369,0.25,0.482501949431864,-172.913655179934,0.640511583691187,0.496370895551195,-0.012,0.698381097203354
"Rosenberg, Kenny",CH,2023,117,0.282,0.307,-0.025058096133783,0.282051282051282,0.410278919034377,-172.637032419019,0.641428549448743,0.458416184154569,-0.00600000000000001,0.887214117504883
"Eisert, Brandon",CH,2026,52,0.288,0.314,-0.0253913133803088,0.403846153846154,0.0830407293525402,-173.286958299827,0.531498547419344,0.453929971112555,-0.048,0.691284833519186
"Yamamoto, Yoshinobu",FS,2026,267,0.315,0.34,-0.0254788542878402,0.456928838951311,0.0974982282950217,-173.098348852111,0.579436003407989,0.478681981130277,-0.124,0.166696508093691
"Whitlock, Garrett",CH,2023,49,0.327,0.352,-0.0255800519114834,0.346938775510204,0.139491857103628,-171.982017003388,0.53622512877725,0.452003695828923,-0.0940000000000001,0.289641593157992
"Orze, Eric",FS,2025,168,0.298,0.323,-0.0255948569571127,0.226190476190476,0.458737615235337,-172.085422952355,0.62952061667302,0.472184225473969,-0.238,0.00244442171820115
"Lopez, Jacob",CH,2026,54,0.222,0.248,-0.0257297676543753,0.277777777777778,0.331693570837118,-173.303330800567,0.46999093431709,0.470822912587476,0.0169999999999999,0.767022346966484
"Miller, Bobby",CH,2024,75,0.347,0.372,-0.0257405425249198,0.266666666666667,0.446800182480525,-172.987742088906,0.619917870490994,0.470703851353083,-0.01,0.610036777829277
"Jacob, Alek",CH,2025,96,0.208,0.234,-0.0257412920473826,0.197916666666667,0.526000159635569,-173.4329481606,0.550942852951178,0.593746315959279,0.092,0.25281513415246
"Rutledge, Jackson",FS,2025,58,0.293,0.319,-0.025759583188906,0.155172413793103,0.639834123937456,-172.410571198375,0.667014545680257,0.549420569618017,-0.05,0.677583289658252
"Quantrill, Cal",FS,2025,201,0.224,0.25,-0.0259688470677247,0.283582089552239,0.410180088587922,-172.321503319458,0.657300515453125,0.479083609648402,-0.0439999999999999,0.628673687114457
"Martin, Chris",FS,2024,44,0.227,0.253,-0.026127770848533,0.318181818181818,0.242484209616133,-172.274090481526,0.539818410101923,0.443569890705228,-0.148,0.100518051873775
"Houck, Tanner",FS,2025,69,0.188,0.215,-0.0261514064366122,0.36231884057971,0.194878813958153,-172.233157122694,0.500821108733158,0.523974020409468,0.0659999999999999,0.589888064481155
"Williams, Devin",CH,2025,310,0.361,0.388,-0.0262766064471877,0.441935483870968,0.0733854922070719,-171.864784964615,0.500648835929025,0.53078230461181,-0.1,0.0858640303802737
"Ferrer, José A.",CH,2024,46,0.37,0.396,-0.0263080177442622,0.391304347826087,0.265055987058556,-172.642058600363,0.630289875003831,0.626597800467508,-0.005,0.869057297923825
"Phillips, Tyler",FS,2026,164,0.287,0.313,-0.0264971759857494,0.524390243902439,0.0377036410025429,-172.086549266982,0.56098340217656,0.493148572642793,0.02,0.668161249333512
"Burns, Chase",CH,2026,41,0.317,0.344,-0.0265427476998278,0.317073170731707,0.40648135492463,-173.095024268187,0.580296350393545,0.462685271787144,0.0640000000000001,0.471714942986855
"Pfaadt, Brandon",CH,2025,229,0.249,0.276,-0.0266387366031482,0.279475982532751,0.278663799576391,-173.124746513226,0.456042387759524,0.538254398206957,0.109,0.257681630890449
"Lodolo, Nick",CH,2026,132,0.205,0.231,-0.0266877247024064,0.416666666666667,0.132621291212588,-172.901603218523,0.465891866188687,0.482248600452451,-0.017,0.936814581609194
"Suarez, José",CH,2024,112,0.295,0.321,-0.0267242950960879,0.383928571428571,0.155109685378149,-172.379110443949,0.678333391950574,0.487735258814085,-0.0449999999999999,0.718737608701729
"Houser, Adrian",CH,2026,126,0.302,0.328,-0.0267953571357198,0.341269841269841,0.271406809545052,-172.736298451595,0.573555357960045,0.44726590753447,-0.0910000000000001,0.392000997706572
"Valdez, Framber",CH,2026,176,0.216,0.243,-0.027057205035507,0.323863636363636,0.308270706614017,-172.603648679593,0.671564098459826,0.490495162931075,-0.032,0.820869239213932
"Phillips, Tyler",FS,2025,83,0.265,0.292,-0.0271907311356924,0.36144578313253,0.164151317010828,-172.162647295646,0.480402132384446,0.472585393533202,0.177,0.0349435800953617
"Bellozo, Valente",CH,2025,86,0.256,0.283,-0.0273674898874786,0.267441860465116,0.399606860468054,-172.405163533954,0.6006178906639,0.492227601875546,-0.00600000000000001,0.470150957162021
"Henry, Tommy",CH,2024,57,0.228,0.256,-0.0277613318537057,0.245614035087719,0.413984856290223,-172.579404664142,0.513336413452271,0.485905283106599,0.0449999999999999,0.601817359731116
"Burke, Sean",CH,2025,55,0.309,0.337,-0.0279025372394333,0.127272727272727,0.680841429320447,-173.088461096766,0.60956404188056,0.455172043110994,0.11,0.2024421456165
"Miller, Bobby",CH,2023,91,0.374,0.402,-0.0279641701008755,0.351648351648352,0.272626511486322,-172.993298560682,0.679967337618523,0.40115144611606,-0.025,0.621475151852249
"Peralta, Wandy",CH,2026,160,0.262,0.291,-0.0280625033853002,0.3875,0.162982771234549,-172.800381408786,0.529928395603609,0.461458940764104,-0.111,0.28146429716783
"Peterson, David",CH,2023,89,0.27,0.298,-0.0283315004892678,0.202247191011236,0.401922814150451,-172.243934887933,0.508184710813473,0.472675563227674,0.136,0.122774657690617
"Akin, Keegan",CH,2025,114,0.246,0.274,-0.0283963008590398,0.166666666666667,0.631367705905216,-173.422574380765,0.597460197723971,0.467041172662001,0.0239999999999999,0.743394952378356
"Garrett, Braxton",CH,2023,42,0.262,0.29,-0.028479635162866,0.214285714285714,0.322597660612522,-171.851083877283,0.499732362067328,0.612587867027469,0.073,0.379844697435574
"Ragans, Cole",CH,2023,154,0.37,0.399,-0.0287946013537024,0.24025974025974,0.398695229474532,-172.909432854841,0.548780270715756,0.533444212440989,0.02,0.854270925018309
"Miller, Shelby",FS,2024,81,0.259,0.288,-0.0289827257109838,0.234567901234568,0.454699525358378,-173.506006129334,0.613545333858395,0.457609957604165,-0.0890000000000001,0.405304156097319
"Rodriguez, Grayson",CH,2024,210,0.31,0.339,-0.0289955258431079,0.242857142857143,0.396828630559878,-172.491916941478,0.630552369429613,0.527495139664325,-0.099,0.187663893667108
"Marinaccio, Ron",CH,2024,58,0.276,0.305,-0.0290360894454015,0.275862068965517,0.356251599906026,-172.441588211835,0.569308402577707,0.669797551537466,-0.041,0.331602112517211
"Matz, Steven",CH,2026,148,0.23,0.259,-0.0290765025343319,0.337837837837838,0.169834988887773,-172.028491734275,0.554997062879541,0.531190454037978,-0.159,0.0547539345267059
"Howard, Spencer",CH,2024,40,0.3,0.33,-0.0295224421510297,0.225,0.56650344491347,-172.620370287333,0.694481589089923,0.579498775107097,0.0179999999999999,0.759028175194187
"Romero, JoJo",CH,2024,79,0.253,0.283,-0.0297118885997428,0.227848101265823,0.450842351840858,-172.997056502508,0.513429800279452,0.492377770792652,0.112,0.232106530583764
"Sears, JP",CH,2026,48,0.188,0.217,-0.0297539979466156,0.3125,0.25834633218102,-173.461173629775,0.493010159163287,0.478509423416964,0.00600000000000001,0.664597542920787
"Lodolo, Nick",CH,2024,167,0.246,0.275,-0.0297848326901653,0.305389221556886,0.283915614958633,-172.726976328826,0.497471988484759,0.524147060118461,-0.037,0.821867266603201
"Ray, Robbie",CH,2026,185,0.232,0.263,-0.0301501570336433,0.264864864864865,0.358057062621561,-173.05935653208,0.55274659273812,0.486183276832809,-0.0210000000000001,0.919515492146184
"Rodón, Carlos",CH,2025,265,0.328,0.359,-0.0304573605359133,0.313207547169811,0.29601571624276,-171.933199661069,0.631267623112441,0.511457096812134,-0.185,0.0309439852024598
"Cameron, Noah",CH,2026,190,0.332,0.362,-0.0304592689035161,0.221052631578947,0.446405254471606,-172.391604224764,0.574378546513869,0.44202666195515,0.0720000000000001,0.482816948594764
"Blewett, Scott",FS,2025,68,0.265,0.295,-0.0307853030218063,0.382352941176471,0.156266242443093,-171.832104247004,0.606342496938043,0.478509119872628,-0.19,0.018269500324928
"Webb, Logan",CH,2024,565,0.188,0.219,-0.0312468933991275,0.550442477876106,-0.0306088088938067,-172.46048069309,0.451091565923346,0.50864257275891,0.0630000000000001,0.413174058002678
"Vest, Will",CH,2024,47,0.277,0.308,-0.0312574799191949,0.468085106382979,0.0441444064919452,-172.935281432837,0.511086129092942,0.448135023685249,0.00599999999999989,0.74660302146751
"Verlander, Justin",CH,2024,81,0.247,0.279,-0.0317493042742507,0.283950617283951,0.517604711090976,-171.812418090308,0.704226335078369,0.489243357016856,-0.015,0.754974686704362
"Walker, Taijuan",FS,2023,190,0.195,0.226,-0.0317609687204354,0.294736842105263,0.321534196694094,-171.983688303094,0.588436510383524,0.523450631620866,-0.17,0.0508018828224132
"Moore, Matt",CH,2024,134,0.284,0.316,-0.0320993950659564,0.208955223880597,0.506564712547637,-172.102811582261,0.598003669146213,0.524619075090893,-0.005,0.596637843287231
"Schultz, Noah",CH,2026,58,0.241,0.273,-0.0321075415332896,0.362068965517241,0.200560491311021,-172.769478570077,0.507698187005124,0.529931661138705,0.005,0.923015592856341
"Povich, Cade",CH,2024,81,0.235,0.267,-0.0322164287609053,0.0864197530864198,0.784723312315649,-173.492638093693,0.573215667564231,0.518460227391626,0.022,0.882441486027085
"Richards, Trevor",CH,2024,236,0.275,0.308,-0.032229008373627,0.334745762711864,0.280167239082084,-170.845584338359,0.750528198761868,0.527904921731441,-0.393,2.69611517595084e-08
"Wells, Tyler",CH,2025,49,0.204,0.237,-0.0325099471789802,0.163265306122449,0.559214081551431,-172.48181413319,0.605217047257679,0.45307355021262,0.0289999999999999,0.817628738038824
"Brubaker, JT",CH,2026,47,0.149,0.182,-0.0328603769182612,0.25531914893617,0.384463735608924,-172.797286309627,0.606396258104337,0.47413526293576,-0.044,0.7686386494354
"Gaddis, Hunter",CH,2024,59,0.288,0.321,-0.0329474314279613,0.0508474576271187,0.78478515566647,-172.812066392389,0.570633880802179,0.526937018363228,0.049,0.351681320525287
"Scherzer, Max",CH,2024,45,0.222,0.255,-0.0330990296385954,0.4,0.205906211861588,-172.304094353435,0.580108262336827,0.494612414013523,0.0520000000000001,0.501900675106088
"Paxton, James",CH,2024,44,0.295,0.329,-0.0332527539135748,0.204545454545455,0.43647233646786,-172.639971421869,0.56287576451607,0.533166845810148,-0.073,0.436282789946474
"Sheehan, Emmet",CH,2025,92,0.272,0.305,-0.0333567900406184,0.369565217391304,0.186626533062223,-172.522251123395,0.658257909056295,0.433105892319399,-0.002,0.235803421853559
"Sears, JP",CH,2024,251,0.171,0.205,-0.0336211267046316,0.155378486055777,0.510107922823179,-173.805308615402,0.494443620746663,0.472206037318786,0.022,0.636584242092098
"Clevinger, Mike",CH,2023,90,0.278,0.312,-0.0337785735987094,0.166666666666667,0.583693625033282,-173.298393197336,0.656581419826223,0.536371505496199,0.033,0.681505312720573
"Paddack, Chris",CH,2026,147,0.265,0.3,-0.0347162095121077,0.421768707482993,0.111797297511202,-172.341036461048,0.576262159921045,0.419098607642701,-0.0169999999999999,0.529640205014471
"Bradford, Cody",CH,2024,148,0.304,0.339,-0.0347303887756111,0.162162162162162,0.578325402332852,-172.698620562792,0.548918566236076,0.459149841444608,0.00600000000000001,0.720272524985426
"Alexander, Jason",CH,2026,49,0.265,0.3,-0.0349886264301817,0.26530612244898,0.328162575612702,-172.244287924239,0.549494051202781,0.524625552606743,0.036,0.636278577679152
"Hancock, Emerson",CH,2025,131,0.252,0.287,-0.035376819416224,0.458015267175573,0.128820201292672,-172.681602403636,0.575065211524644,0.526634167568985,0.078,0.33008594561714
"Pepiot, Ryan",CH,2025,348,0.276,0.311,-0.0355325951367997,0.261494252873563,0.391440274906205,-172.385626549123,0.655375941323738,0.485003648995409,-0.183,0.0110327268327318
"Heaney, Andrew",CH,2025,177,0.181,0.217,-0.0359511499671775,0.248587570621469,0.489402530585214,-173.380383952926,0.593798916093165,0.544504320885741,0.00199999999999989,0.897696173250839
"Ramirez, Nick",CH,2023,64,0.297,0.333,-0.0360689314062482,0.234375,0.369287495143412,-172.084885595187,0.499484009021418,0.556041943384989,0.0359999999999999,0.819327342241211
"Topa, Justin",CH,2025,70,0.2,0.236,-0.0361357363498775,0.357142857142857,0.195105072004682,-172.500280522974,0.442067760727621,0.557824169426936,-0.0840000000000001,0.419067736460346
"Alcantara, Sandy",CH,2025,356,0.258,0.295,-0.0365482737369548,0.278089887640449,0.309451646527259,-172.802744038148,0.515426235576314,0.473667926765573,-0.03,0.883308723686106
"France, J.P.",CH,2023,87,0.276,0.312,-0.036609908909758,0.160919540229885,0.612572024055556,-173.490843470458,0.610779783733113,0.426244969779255,0.253,0.00111641120384799
"Hancock, Emerson",CH,2024,116,0.233,0.27,-0.0371175556135078,0.275862068965517,0.274993582028687,-172.814466804748,0.510472535197608,0.543500175854989,0.027,0.560411424329188
"Baz, Shane",CH,2025,147,0.272,0.309,-0.0372210158769615,0.156462585034014,0.617156571905818,-173.691911848104,0.565001334399284,0.459441359708023,0.013,0.849927858418619
"Gordon, Tanner",CH,2024,75,0.213,0.251,-0.0372212260549076,0.146666666666667,0.580395722163333,-173.095947173465,0.593547400289566,0.446302708118315,-0.021,0.873476534220386
"García, Luis",FS,2025,102,0.245,0.283,-0.0374647157163049,0.382352941176471,0.178059962904552,-172.208236665434,0.6280017156911,0.52320236415368,-0.018,0.877847046869177
"Rea, Colin",CH,2026,158,0.247,0.284,-0.037467620235293,0.474683544303797,0.0714214086074201,-172.348049006005,0.615287152859677,0.474073474375069,-0.0190000000000001,0.563519234921842
"Manaea, Sean",CH,2024,169,0.225,0.262,-0.0375191547538943,0.236686390532544,0.484083504272247,-172.894078420503,0.607338012993261,0.515231070466792,-0.046,0.774430605361144
"Peralta, Freddy",CH,2026,209,0.263,0.301,-0.0375364178724325,0.339712918660287,0.201466905031082,-173.36938498397,0.508753294601044,0.537665732280972,0.0520000000000001,0.364729740484362
"Peterson, David",CH,2024,140,0.257,0.295,-0.0376050785407497,0.335714285714286,0.289008962735761,-171.936540151184,0.549090184351545,0.516474957054236,0.113,0.220011643980193
"Wood, Alex",CH,2024,83,0.12,0.158,-0.0377390645525955,0.240963855421687,0.337315935019587,-173.146629424271,0.465148005983991,0.463925861705099,-0.016,0.649898303249551
"Ortiz, Luis",CH,2025,95,0.263,0.301,-0.0377694924494262,0.305263157894737,0.301237285435713,-173.343541097922,0.544561570467005,0.509107869650934,0.0660000000000002,0.587744926477967
"Sands, Cole",FS,2024,95,0.242,0.28,-0.0379591140991478,0.442105263157895,0.150227802954634,-172.193922481269,0.607037782051442,0.520825193317509,-0.0590000000000001,0.500304259711006
"Bradford, Cody",CH,2023,59,0.288,0.326,-0.0382645775153016,0.254237288135593,0.47889326429799,-172.935395558362,0.567376126407517,0.56991233995835,-0.00200000000000011,0.6794159052653
"Hatch, Thomas",CH,2023,60,0.3,0.338,-0.0382799468053954,0.35,0.263286941392148,-172.540505487452,0.709842890095522,0.504663275706712,-0.44,3.69857521122947e-09
"Dubin, Shawn",CH,2024,48,0.292,0.33,-0.0385563665969647,0.25,0.383242465545866,-172.49285327681,0.560252882529157,0.498244328343764,-0.0390000000000001,0.586435604900236
"Bibee, Tanner",CH,2026,125,0.312,0.351,-0.0385892539167042,0.096,0.729036256078175,-173.144413089582,0.619183938874785,0.530094903110041,0.029,0.872173693941012
"Wacha, Michael",CH,2026,239,0.251,0.29,-0.0386626415007743,0.271966527196653,0.42943670727298,-171.730862472994,0.682968980792607,0.444295051530359,-0.2,0.00849762847058099
"Suter, Brent",CH,2024,91,0.242,0.28,-0.0387150845375928,0.164835164835165,0.681712954412624,-172.070285930403,0.709535152656892,0.488215517460196,0.241,0.00216080632346335
"Pfaadt, Brandon",CH,2026,77,0.221,0.26,-0.0395509490455598,0.402597402597403,0.0865304456211082,-173.076227386278,0.474201170479262,0.462693003596088,0.112,0.247059400621513
"Berríos, José",CH,2024,238,0.252,0.292,-0.0396035868740508,0.310924369747899,0.313530869615639,-172.840765900596,0.565945483148168,0.478989677143365,0.0489999999999999,0.485018509069706
"Kriske, Brooks",FS,2025,91,0.275,0.315,-0.0400092570283802,0.296703296703297,0.395401716096694,-171.558085425097,0.726016775683525,0.49252789703247,-0.436,3.88825725579271e-09
"McLean, Nolan",CH,2026,71,0.254,0.294,-0.0403785641867368,0.295774647887324,0.260537723761257,-172.565288399282,0.562202020316893,0.59840070245949,-0.0979999999999999,0.255606234993854
"Brito, Jhony",CH,2024,116,0.241,0.282,-0.0405462800426039,0.0948275862068965,0.62236485552357,-173.218362602539,0.497087758584775,0.466666495560865,0.032,0.852557410022309
"Ohtani, Shohei",FS,2026,56,0.321,0.362,-0.040842382011134,0.446428571428571,0.1167117537185,-172.550100230527,0.688774167398424,0.550511340668131,-0.0319999999999999,0.751698010284835
"Leiter, Jack",CH,2026,122,0.303,0.344,-0.0410294791576355,0.286885245901639,0.390731496664226,-173.273055282695,0.653214593001115,0.558914410346123,-0.193,0.022236737313692
"Warren, Will",CH,2026,78,0.244,0.286,-0.0421245272659681,0.538461538461538,-0.00398255108136109,-172.365021851429,0.565254421921501,0.397926725033798,0.0710000000000001,0.461519561808225
"Rogers, Trevor",CH,2025,230,0.243,0.286,-0.0422025167361726,0.334782608695652,0.179107946120265,-172.172294495163,0.434549363217533,0.481727386724079,-0.00499999999999989,0.891687143716843
"Swanson, Erik",FS,2024,119,0.277,0.32,-0.0422399978673494,0.277310924369748,0.394757158907537,-172.229891091562,0.648269977182373,0.533637926506939,-0.092,0.350820721885188
"Kolek, Stephen",CH,2025,83,0.229,0.272,-0.0427865913016124,0.409638554216867,0.118562567188518,-172.678404058449,0.524258206541094,0.513698042740207,-0.159,0.0673430840430815
"Morton, Charlie",CH,2023,52,0.25,0.293,-0.0428440697529315,0.326923076923077,0.377597972019913,-172.755852081629,0.636460922041039,0.555599173674163,0.0680000000000002,0.42723173774821
"Devenski, Chris",CH,2024,88,0.284,0.327,-0.0429677108290784,0.375,0.176319512650611,-171.641458519687,0.616707753668943,0.437023854729493,-0.0550000000000001,0.595526111662704
"Walker, Taijuan",FS,2025,219,0.178,0.221,-0.0429846545250277,0.251141552511416,0.333250821443261,-172.052309944538,0.532155546784772,0.469341272048459,-0.175,0.044378315506803
"Matz, Steven",CH,2023,84,0.214,0.257,-0.0430904291620075,0.226190476190476,0.393293132322402,-172.424302422435,0.541354485225359,0.475778589684288,-0.16,0.0536886599179156
"Mahle, Tyler",FS,2025,227,0.238,0.281,-0.0435938579731005,0.18942731277533,0.402215682940058,-172.957701715566,0.516116451902836,0.504691333722727,-0.0860000000000001,0.439262097036365
"Alexander, Tyler",CH,2026,98,0.224,0.268,-0.0436351901506071,0.438775510204082,0.105644254110386,-172.466126131921,0.53007534365131,0.504794123992682,-0.0820000000000001,0.437667431990164
"Gallen, Zac",CH,2026,127,0.244,0.288,-0.0439564973847266,0.425196850393701,0.12160318589932,-172.560745023431,0.593257646147486,0.42804823603342,0.0139999999999999,0.823375872850555
"Stripling, Ross",CH,2024,136,0.213,0.257,-0.0440539734110181,0.169117647058824,0.5488551004195,-172.150447296825,0.519334918717612,0.475531397231461,-0.027,0.792421672410207
"Ryan, Joe",FS,2025,116,0.216,0.26,-0.0440758330968585,0.396551724137931,0.150117511173687,-173.145375075205,0.538446560428719,0.455094393745617,-0.168,0.0510683542106164
"Morgan, Eli",CH,2024,94,0.213,0.257,-0.0442287752400936,0.287234042553192,0.348039064578561,-171.938230099786,0.570310179971788,0.576148841551164,-0.079,0.170519552218621
"Quantrill, Cal",FS,2023,73,0.233,0.277,-0.0443685678806453,0.273972602739726,0.405011338317783,-172.284635521282,0.642220819279081,0.496019122130258,-0.026,0.703622843381127
"Blalock, Bradley",FS,2025,84,0.238,0.283,-0.0444683617929163,0.154761904761905,0.593691599229378,-172.886875806611,0.593880419553769,0.513191127429535,-0.0640000000000001,0.507892210250607
"Rogers, Trevor",CH,2026,221,0.235,0.28,-0.0444754244930575,0.398190045248869,0.161656144387331,-172.54097056886,0.557509253054755,0.525269269759593,-0.014,0.883727076635057
"Pepiot, Ryan",CH,2024,245,0.265,0.31,-0.0445128018009784,0.383673469387755,0.178384891251005,-171.91306797003,0.616581818995936,0.478128474215937,-0.17,0.0182254926040959
"Molina, Anthony",CH,2024,103,0.252,0.297,-0.0450045983096795,0.29126213592233,0.363957667137777,-172.439490808338,0.633558540028196,0.479897112282376,-0.036,0.757819176844969
"Matz, Steven",CH,2024,95,0.211,0.256,-0.045513114057063,0.368421052631579,0.27465948836874,-172.166599253363,0.600653540410958,0.553625500196431,-0.168,0.0391142756077816
"Marsh, Alec",CH,2023,81,0.235,0.28,-0.0455659646587645,0.246913580246914,0.397431192540107,-173.078648975756,0.510216631816342,0.470158753893616,0.043,0.697489534817212
"Ashby, Aaron",CH,2025,64,0.281,0.327,-0.0456199987348038,0.265625,0.390446238186721,-172.435662341286,0.638518352476539,0.498421471637682,-0.0130000000000001,0.919533049814251
"Wood, Alex",CH,2023,140,0.114,0.16,-0.045689224641124,0.271428571428571,0.307949968607376,-173.218868429052,0.495926770686453,0.509887173465791,-0.0260000000000001,0.552895361601892
"Gomber, Austin",CH,2024,261,0.234,0.28,-0.0459321576607433,0.199233716475096,0.500540549366279,-172.311828369327,0.584558510443804,0.452530489477987,-0.0160000000000001,0.63529647706118
"Irvin, Cole",CH,2024,128,0.219,0.265,-0.0460906761264084,0.1875,0.483993241807268,-172.767479763968,0.550546898192282,0.493079414387913,0.015,0.871439821342776
"Senzatela, Antonio",CH,2025,73,0.205,0.252,-0.0463511460072044,0.191780821917808,0.480608736077523,-172.999905953788,0.545639714227939,0.483932199494827,-0.168,0.0583529902472473
"Yarbrough, Ryan",CH,2024,127,0.213,0.259,-0.0464193597121285,0.204724409448819,0.397293789073872,-172.504014036316,0.483182583414366,0.469566842799876,-0.0659999999999999,0.452707625937346
"Anderson, Chase",CH,2024,139,0.252,0.298,-0.0465029999508765,0.136690647482014,0.525001646168202,-173.468836697648,0.498075488573294,0.492646317943394,0.0720000000000001,0.380838123524223
"Cannon, Jonathan",CH,2024,190,0.242,0.289,-0.0468203180218484,0.389473684210526,0.263478754264316,-172.275042462977,0.535609079333568,0.534998427581703,-0.129,0.155228032308752
"Sánchez, Cristopher",CH,2024,523,0.319,0.367,-0.0473032730278769,0.349904397705545,0.243195352948868,-171.743023931422,0.567404598877943,0.546737196411529,-0.0640000000000001,0.593663818084596
"Whitlock, Garrett",CH,2025,142,0.31,0.357,-0.0474644363979677,0.450704225352113,0.0965540125321539,-171.957918991393,0.558618814439548,0.504712808583911,-0.134,0.0822315422103062
"Orze, Eric",FS,2026,163,0.27,0.318,-0.0481294749224133,0.343558282208589,0.24953628916553,-172.133098247529,0.62201287464648,0.525643227455226,-0.242,0.00191002465053732
"Corbin, Patrick",CH,2026,103,0.262,0.311,-0.048965844541821,0.339805825242718,0.304242591240903,-171.753988064755,0.638312830496708,0.519465502004806,0.111,0.244922894424981
"Kirby, George",FS,2023,67,0.328,0.378,-0.0496581403858208,0.358208955223881,0.26406316887375,-171.982722242212,0.619212733138019,0.557710411634966,-0.042,0.311045587135648
"Wicks, Jordan",CH,2023,88,0.284,0.334,-0.0497139719627129,0.454545454545455,0.130760678948286,-171.975482903936,0.583655642541986,0.399577042119831,0.073,0.409012755781063
"Erceg, Lucas",CH,2025,76,0.237,0.287,-0.0498380656765196,0.25,0.397421613470378,-173.113770898168,0.507793277395649,0.463458631306332,-0.022,0.866005515194586
"Lively, Ben",CH,2024,107,0.178,0.227,-0.0498607008544401,0.233644859813084,0.339267114619211,-173.376133915822,0.448161493990162,0.433068548109998,0.015,0.759382058240076
"Hatch, Thomas",CH,2025,41,0.146,0.196,-0.0498648486055775,0.0975609756097561,0.625845397487338,-173.52151151551,0.519627997848774,0.410722059694327,0.022,0.947302046361453
"Smith, Cade",FS,2024,104,0.279,0.329,-0.0501317943698058,0.288461538461538,0.298653773960379,-172.54937266181,0.621218898064407,0.49687968861673,-0.12,0.138455739973986
"Bradley, Taj",FS,2025,167,0.216,0.266,-0.0502563171811139,0.131736526946108,0.65638314479174,-173.460729094045,0.65867013166793,0.45412239411984,-0.04,0.71375970313497
"King, Michael",CH,2025,144,0.257,0.307,-0.0502847754739174,0.194444444444444,0.452272319183853,-173.359914705673,0.49515939646356,0.553044038640317,0.119,0.151377113753848
"Henderson, Logan",CH,2025,80,0.238,0.288,-0.0505006969976305,0.2,0.506142001742749,-173.129062188048,0.617468622958158,0.49039652106627,-0.0340000000000001,0.427277211319632
"Syndergaard, Noah",CH,2023,58,0.155,0.206,-0.0505553083171761,0.189655172413793,0.437004297354578,-172.606650980632,0.534410087226342,0.444274225599972,0.108,0.260942486318412
"Richardson, Lyon",CH,2025,126,0.254,0.305,-0.0505938144808104,0.253968253968254,0.335743453351792,-172.871241964686,0.503255447204734,0.527780913338562,-0.005,0.774644765139548
"King, John",CH,2024,119,0.218,0.269,-0.0506158126213988,0.277310924369748,0.250201126834228,-172.753267409329,0.537961549850407,0.450212695852791,0.157,0.0806623077672457
"Gomber, Austin",CH,2023,63,0.222,0.273,-0.0507049678853783,0.126984126984127,0.657163915248322,-172.454521956753,0.565131817490129,0.457664827995247,-0.02,0.592256515816523
"Rogers, Trevor",CH,2024,290,0.214,0.264,-0.050706197050867,0.431034482758621,0.121993683085082,-172.072619817221,0.485674035568756,0.50377763600637,-0.043,0.749947289770565
"Morgan, Eli",CH,2026,57,0.175,0.226,-0.0510181316385622,0.333333333333333,0.314161312062754,-171.723263647922,0.57718764555293,0.576346635073578,-0.126,0.0639950539990796
"Gomber, Austin",CH,2025,91,0.209,0.26,-0.0511196803909976,0.175824175824176,0.629624272388962,-172.424401480003,0.64993296655764,0.443444342012253,-0.018,0.642372542411752
"Freeland, Kyle",CH,2023,50,0.14,0.191,-0.051200225375325,0.24,0.493762288659872,-173.198955810444,0.543699914963284,0.471296919589115,0.105,0.306831653463035
"Gilbert, Logan",FS,2026,134,0.366,0.417,-0.05137162396626,0.447761194029851,0.0590777631476669,-171.141107722839,0.640287343383457,0.678039106322918,-0.357,4.18707947589621e-07
"Allard, Kolby",CH,2024,62,0.21,0.261,-0.0516536195373882,0.193548387096774,0.520203431953921,-172.915707239515,0.60514760729805,0.436410791831499,0.074,0.405486095492716
"Miller, Erik",CH,2024,197,0.289,0.341,-0.0518923348284559,0.258883248730964,0.349035508198903,-172.133764654394,0.525113136434238,0.538503673301404,0.0489999999999999,0.310584615858764
"Contreras, Roansy",CH,2024,51,0.216,0.268,-0.0519608938434032,0.0980392156862745,0.768767957662402,-173.77992556957,0.593799310973354,0.5142742740718,0.079,0.426758610380783
"Rodríguez, Yariel",FS,2024,63,0.19,0.243,-0.0520243969600798,0.349206349206349,0.284231217977962,-172.638446708464,0.608041979134091,0.453420849688965,0.204,0.0108440138686909
"Bivens, Spencer",CH,2025,106,0.217,0.269,-0.0523287887157485,0.19811320754717,0.472614803798506,-172.473666169151,0.569902446458164,0.509473952067347,-0.23,0.00476103766777468
"Soriano, José",FS,2024,73,0.301,0.354,-0.0523335675497411,0.328767123287671,0.28990884825307,-172.460413684747,0.604176262525764,0.562832829164418,-0.017,0.887120334299878
"Miller, Bryce",FS,2024,249,0.261,0.314,-0.0524966730476278,0.261044176706827,0.420048618542396,-172.600627606705,0.673976467698423,0.562939800215399,-0.231,0.00240544553682093
"Kremer, Dean",CH,2023,61,0.246,0.299,-0.0528189786243746,0.377049180327869,0.252219311621004,-172.726427967799,0.71120787331406,0.491623034517183,-0.027,0.54964446902807
"Heaney, Andrew",CH,2023,95,0.2,0.253,-0.053345801377404,0.178947368421053,0.541454838073313,-173.519549924168,0.542956498812469,0.550836859238877,-0.00100000000000011,0.881057182905512
"Peterson, David",CH,2026,89,0.225,0.278,-0.0533533326087587,0.382022471910112,0.244777475819579,-172.116082787598,0.587287487054449,0.509925802479073,0.2,0.0134715817027418
"Peterson, David",CH,2025,209,0.239,0.293,-0.0533787804636766,0.253588516746412,0.428968445895253,-172.175653432294,0.540730979713712,0.488718436826748,0.198,0.0157530392943864
"Rodriguez, Eduardo",CH,2026,259,0.22,0.274,-0.053549135086327,0.312741312741313,0.250103595187317,-172.576924222283,0.515656592907344,0.457248558961185,0.033,0.706410715726915
"López, Pablo",CH,2024,308,0.24,0.294,-0.0539186744029955,0.191558441558442,0.406397335309259,-173.280363730474,0.487497542358213,0.446922786160354,0.111,0.252099536462833
"Herz, DJ",CH,2024,193,0.254,0.308,-0.0539602837582222,0.248704663212435,0.478394523639092,-172.69274002126,0.670055265941925,0.484065067584122,-0.0720000000000001,0.359394570954877
"Liberatore, Matthew",CH,2026,123,0.22,0.274,-0.0543460880664124,0.195121951219512,0.512683273281235,-172.928279523704,0.592003683198186,0.425064444612651,-0.00700000000000001,0.810560403385823
"Lynch IV, Daniel",CH,2025,95,0.242,0.297,-0.0549496826927178,0.147368421052632,0.554830955961703,-172.748138193283,0.502669322562215,0.50639452901895,-0.00400000000000011,0.772669266981885
"Ogasawara, Shinnosuke",CH,2025,77,0.273,0.328,-0.0549532958168202,0.155844155844156,0.550338354618726,-172.868433005299,0.569814445221583,0.453797269979465,0.0449999999999999,0.692469296746606
"Abbott, Andrew",CH,2025,281,0.242,0.297,-0.0550365564663041,0.138790035587189,0.617325661692505,-173.154086321939,0.546327015300347,0.462386246440995,0,0.91437682958887
"Brown, Hunter",CH,2024,143,0.266,0.321,-0.0555613237620843,0.181818181818182,0.568950889069653,-173.200456482933,0.57551185956828,0.453301106575868,0.0399999999999999,0.666396536413765
"Winn, Cole",FS,2026,45,0.289,0.345,-0.0557937052676667,0.288888888888889,0.359591918849194,-173.172499647085,0.60121994937387,0.545282292831645,-0.0429999999999999,0.546689791508526
"Quantrill, Cal",FS,2026,96,0.198,0.254,-0.0560514787074203,0.354166666666667,0.242604118093525,-171.89271058169,0.62312341541157,0.520261143929668,-0.0520000000000001,0.593658439168207
"Kahnle, Tommy",CH,2025,377,0.231,0.287,-0.0563120312089116,0.251989389920424,0.375385269353101,-172.728204448778,0.566644331750337,0.542656662939835,0.0519999999999999,0.288509135976443
"Lauer, Eric",CH,2025,41,0.171,0.227,-0.0564567836071053,0.292682926829268,0.334748599080916,-172.422176627612,0.598366894195768,0.549697669417009,0.0330000000000001,0.65384982117306
"Bednar, David",FS,2023,53,0.245,0.302,-0.0565080968655809,0.245283018867925,0.429684409771497,-173.18641548188,0.556169475170163,0.458514789351204,-0.282,0.000335461201066231
"Ferrer, José A.",CH,2026,55,0.345,0.402,-0.0565866674385851,0.436363636363636,0.17920233671801,-172.846315861996,0.561298479890788,0.642005519261749,-0.026,0.726243972465974
"Early, Connelly",CH,2026,149,0.221,0.279,-0.0571204381229558,0.389261744966443,0.216149991099083,-172.161810310906,0.659330738215365,0.546771383300994,-0.102,0.182466248386737
"Littell, Zack",FS,2025,402,0.229,0.286,-0.0571918495607552,0.293532338308458,0.330471738855634,-171.507105297962,0.595930727266939,0.510174651145499,-0.185,0.0178533404616095
"Quantrill, Cal",FS,2024,417,0.201,0.259,-0.0574757873986998,0.227817745803357,0.452749626911432,-172.33625268644,0.61749069271881,0.497411249196407,-0.042,0.610600918349657
"Elder, Bryce",CH,2023,77,0.156,0.214,-0.0576830682706769,0.402597402597403,0.216114048012816,-171.79561547353,0.632667252565506,0.36697151889765,-0.179,0.0355477205216618
"Clarke, Taylor",CH,2025,82,0.268,0.326,-0.0577308178804719,0.317073170731707,0.318438928862076,-172.489721333728,0.638597798037969,0.423720943637173,-0.0389999999999999,0.546424163621994
"Webb, Logan",CH,2023,360,0.147,0.205,-0.0578926782546942,0.372222222222222,0.151937426185107,-172.660158563644,0.457814886191312,0.528854461720549,0.022,0.690617218436812
"Knack, Landon",CH,2024,69,0.261,0.319,-0.0579493993001248,0.0869565217391304,0.817192355238365,-173.941097362752,0.648155462521989,0.525903730227293,0.003,0.847227944119866
"Detmers, Reid",CH,2026,93,0.312,0.371,-0.0590615412226588,0.150537634408602,0.558385313565737,-173.110931511346,0.623446019443812,0.524682786663292,-0.027,0.837586891924575
"Molina, Anthony",CH,2025,47,0.234,0.293,-0.0590876334164922,0.297872340425532,0.371076590501589,-172.790083956082,0.599278202108028,0.44931411773132,-0.0570000000000001,0.567538551771369
"Machado, Andrés",CH,2023,77,0.247,0.306,-0.0591003359044502,0.285714285714286,0.346722328332315,-173.521359886568,0.50470357708226,0.478680132912604,-0.0700000000000001,0.552568152306433
"Lugo, Seth",CH,2025,115,0.191,0.251,-0.0592113320504043,0.191304347826087,0.445753339412039,-173.035118934338,0.551473121727733,0.507037095651518,0.0209999999999999,0.751117140692364
"Scherzer, Max",CH,2025,75,0.2,0.259,-0.0593829282836784,0.293333333333333,0.350200278830161,-172.949585422408,0.528308894349426,0.51045773505347,0.0609999999999999,0.462312738617696
"Akin, Keegan",CH,2024,63,0.254,0.313,-0.0595225550290563,0.126984126984127,0.667398555036107,-173.388682775453,0.693347651635925,0.52385993481079,0.033,0.700499740402783
"Keuchel, Dallas",CH,2023,102,0.196,0.256,-0.0599060206243789,0.284313725490196,0.298667131714778,-171.578855373612,0.518897575131869,0.514377670423826,0.0529999999999999,0.704622297277299
"Bielak, Brandon",CH,2024,65,0.138,0.198,-0.0599836435360562,0.276923076923077,0.346011002299562,-172.441364907143,0.562437134470561,0.523953155217272,0.068,0.509663493441903
"Alcantara, Sandy",CH,2023,161,0.236,0.296,-0.0599913671828518,0.354037267080745,0.254536132321836,-172.681330920549,0.556209256845232,0.493089711649708,-0.0329999999999999,0.86498810628232
"López, Pablo",CH,2025,130,0.254,0.314,-0.0601977452452395,0.307692307692308,0.268938069935464,-172.77227603009,0.556562832526397,0.449741571693828,0.0139999999999999,0.731752431272223
"Ryu, Hyun Jin",CH,2023,100,0.22,0.281,-0.0605080183656181,0.25,0.377316105700548,-172.067500733425,0.529597322517049,0.451252246158978,0.017,0.801007806970088
"Abbott, Andrew",CH,2024,167,0.246,0.307,-0.0613122876853131,0.119760479041916,0.607363745179385,-173.486593350287,0.551859201068043,0.480711958165535,0.0239999999999999,0.839054520904663
"Junk, Janson",CH,2026,95,0.274,0.336,-0.0626202466597648,0.347368421052632,0.319309523896542,-172.762521052988,0.673500460993339,0.463196731149489,-0.0669999999999998,0.404871427113034
"Clarke, Taylor",CH,2026,97,0.196,0.259,-0.0626265066105358,0.381443298969072,0.182199447128725,-172.600624838445,0.551385803470111,0.444380479403512,0.0189999999999999,0.686272204056547
"Estes, Joey",CH,2024,97,0.186,0.249,-0.0629421165625167,0.0618556701030928,0.744357306277062,-173.319808405307,0.526977577442281,0.464329880064871,0.0760000000000001,0.477835183305376
"Kikuchi, Yusei",FS,2026,52,0.269,0.333,-0.0638865031192225,0.25,0.520110826010623,-173.235258692328,0.793774178352446,0.383537360892686,-0.0219999999999999,0.925768693846523
"Paddack, Chris",CH,2025,329,0.243,0.307,-0.0640118704713243,0.389057750759878,0.174252363649142,-172.217244845437,0.549639915342951,0.463028369796562,-0.022,0.465063573965216
"Cecconi, Slade",CH,2024,76,0.263,0.327,-0.0640768951411746,0.210526315789474,0.442932133053122,-172.853569927101,0.553280677579246,0.538500134302642,-0.0510000000000001,0.742091566648751
"Marinaccio, Ron",CH,2026,115,0.235,0.299,-0.0646509703614097,0.486956521739131,0.11855436071267,-172.64209438008,0.563196719787399,0.48824353309119,-0.0289999999999999,0.41307050584319
"Harrison, Kyle",CH,2023,41,0.171,0.236,-0.0652975222397717,0.146341463414634,0.557990736956115,-173.683578297384,0.598261067635937,0.481986866091387,0.002,0.742294439228561
"Myers, Tobias",FS,2026,81,0.296,0.362,-0.0654526311082208,0.234567901234568,0.524106452913952,-172.708423397039,0.718912033010332,0.512517566501468,-0.24,0.00308900376481832
"Baker, Bryan",CH,2026,154,0.318,0.384,-0.0656245471014608,0.305194805194805,0.322806847453035,-172.31343256041,0.557582922066142,0.449055205207037,-0.065,0.526180957393364
"Bibee, Tanner",CH,2024,235,0.264,0.329,-0.0656523597654485,0.0893617021276596,0.853500146392988,-173.18752067758,0.606232055155797,0.508478208671721,0.07,0.563453223195963
"Bieber, Shane",CH,2026,45,0.222,0.288,-0.0660971418327982,0.422222222222222,0.137264400462975,-172.640593813074,0.608613271382182,0.46867007082209,-0.097,0.275878392719843
"Daniel, Davis",CH,2024,50,0.18,0.246,-0.066106896842681,0.12,0.642246181174371,-173.775977065604,0.550761332366706,0.486414079804275,0.013,0.757974930549284
"Miller, Bryce",FS,2025,155,0.265,0.331,-0.066390139379331,0.193548387096774,0.48410531757785,-172.7676759618,0.623326236843772,0.517874225042715,-0.253,0.00116673316613547
"Milner, Hoby",CH,2026,40,0.1,0.167,-0.0670384956194601,0.5,0.0428320411553248,-173.050809005037,0.38518253243223,0.536866740822794,-0.00200000000000011,0.892231206127483
"Finnegan, Kyle",FS,2024,143,0.252,0.319,-0.0671741627737647,0.286713286713287,0.435859117084143,-173.178709098166,0.693660307520194,0.519354285473952,-0.0399999999999999,0.682446068699522
"Rodriguez, Grayson",CH,2023,173,0.272,0.34,-0.068192382731564,0.335260115606936,0.312065396609169,-172.352323305466,0.67726131457542,0.536595685396581,-0.146,0.0611196376030782
"Martin, Davis",CH,2025,290,0.169,0.237,-0.0682867932475243,0.296551724137931,0.321047363554883,-172.512772841564,0.564948505009591,0.491725726938265,-0.133,0.129392248859492
"Miller, Bryce",FS,2026,137,0.292,0.36,-0.0684933001096203,0.27007299270073,0.328353866565237,-173.067272158847,0.548839340141947,0.537123279351886,-0.192,0.0205212237025649
"Spiers, Carson",CH,2024,87,0.172,0.241,-0.0687364722103172,0.229885057471264,0.382609492479061,-173.432382065368,0.448983827843561,0.443819571149963,0.129,0.11163525506526
"Canning, Griffin",CH,2025,169,0.225,0.294,-0.0687533936484542,0.236686390532544,0.381599479806139,-172.745461260183,0.512911403732509,0.45513415266349,-0.076,0.365622257589961
"Elder, Bryce",CH,2025,131,0.168,0.237,-0.068904532319359,0.297709923664122,0.38224961563614,-172.088010813772,0.620475677220647,0.417727657664475,-0.176,0.0387117404774104
"Cannon, Jonathan",CH,2025,200,0.215,0.284,-0.0691164507170367,0.295,0.364301614770484,-172.283130660776,0.555739875870934,0.451483399262379,-0.112,0.244679048310473
"Kirby, George",FS,2024,152,0.276,0.346,-0.0697540346339229,0.223684210526316,0.360146648020686,-172.34600358285,0.608627924671989,0.546467436903884,-0.0720000000000001,0.356562807629483
"Bivens, Spencer",CH,2024,40,0.175,0.245,-0.069932886657862,0.325,0.357248188405167,-172.384786357995,0.58998958919347,0.516477296719216,-0.155,0.0831837002619125
"Vodnik, Victor",CH,2024,101,0.267,0.338,-0.0708043125683305,0.247524752475248,0.29414557884673,-173.453362172512,0.577608045911197,0.465279878931995,-0.0689999999999998,0.366753120526918
"Hill, Jaden",CH,2025,69,0.261,0.332,-0.0709332785402517,0.260869565217391,0.339078586612912,-172.507191941821,0.502603899079011,0.572647595836059,0.048,0.540490782144763
"Brogdon, Connor",CH,2026,51,0.235,0.306,-0.0711908296846976,0.274509803921569,0.24121750492978,-172.78727476393,0.516603210269802,0.591972018097262,-0.00600000000000001,0.572366909232039
"Meyer, Max",CH,2024,66,0.212,0.284,-0.0713846197696655,0.242424242424242,0.551598996385064,-173.290317677567,0.609122022531852,0.474666467906371,0.0910000000000001,0.389150224371218
"Akin, Keegan",CH,2026,55,0.2,0.272,-0.0718814244657832,0.309090909090909,0.39258930795345,-173.294095930773,0.57649187949273,0.491449884693499,0.0359999999999999,0.678663088771938
"Harrison, Kyle",CH,2026,62,0.21,0.282,-0.0719755353631821,0.354838709677419,0.168018080750353,-172.637635190543,0.597030706001345,0.54773341316204,-0.103,0.140310540327274
"Paredes, Mike",CH,2026,69,0.174,0.246,-0.0720713403773152,0.304347826086957,0.333649170815333,-173.271922988731,0.63268272439979,0.452467280655587,-0.0170000000000001,0.59385693950622
"Vodnik, Victor",CH,2026,45,0.244,0.317,-0.0721679153204355,0.4,0.161181011239906,-173.578029112311,0.60231603868073,0.50847519070397,0.0479999999999999,0.481875958992942
"Brown, Hunter",CH,2025,154,0.253,0.326,-0.0725074754240874,0.194805194805195,0.486453722212058,-173.122015349921,0.601727941432008,0.449640843983477,0.015,0.734184189891038
"Young, Brandon",FS,2026,147,0.231,0.304,-0.0725273175190739,0.353741496598639,0.317872401258807,-172.269149549518,0.722639317609772,0.531366084867932,-0.287,0.000192634852923964
"Matz, Steven",CH,2025,112,0.188,0.26,-0.0726623607968293,0.348214285714286,0.267218713163744,-172.058283902766,0.590233300569779,0.461044284550231,-0.177,0.0289686411784021
"Scherzer, Max",CH,2026,45,0.178,0.251,-0.0727677082804675,0.377777777777778,0.215270289456919,-172.786334182894,0.550858147220666,0.508201877082973,0.0750000000000001,0.410642641892932
"Morton, Charlie",CH,2025,126,0.238,0.311,-0.0730123010603801,0.301587301587302,0.28552249963379,-172.404339145005,0.515220810203098,0.508831975030552,-0.108,0.204943669974595
"Montero, Keider",CH,2025,87,0.207,0.28,-0.0730193334243849,0.206896551724138,0.514006533537271,-173.285054678429,0.58776682660939,0.501197559761866,0.0160000000000001,0.855506544793615
"Matthews, Zebby",CH,2025,55,0.236,0.309,-0.0731179445794308,0.272727272727273,0.439197832835839,-173.147143387223,0.543506814192622,0.500269991167801,0.032,0.718076514539059
"Faedo, Alex",CH,2024,89,0.225,0.298,-0.0735531414856849,0.415730337078652,0.13960774907649,-172.353496885011,0.584089077237659,0.497950724543625,-0.0439999999999999,0.508050001201165
"Skenes, Paul",FS,2026,125,0.176,0.25,-0.0737115962251368,0.36,0.189829716399017,-173.049957275087,0.492477280118808,0.489944010752309,-0.069,0.572092857530196
"Kowar, Jackson",CH,2023,63,0.254,0.328,-0.0740784660909128,0.317460317460317,0.329132983600727,-172.543561645679,0.664797879527408,0.495564445961522,-0.125,0.115992841980596
"Cobb, Alex",FS,2024,56,0.143,0.217,-0.0740818020401616,0.375,0.214742752839867,-172.602237285946,0.571990499024098,0.512004604827823,-0.116,0.239328346896338
"Woo, Bryan",CH,2025,87,0.218,0.293,-0.0741513606705243,0.264367816091954,0.363684403643347,-173.764564600397,0.602160782264467,0.445885137349936,-0.0289999999999999,0.840320966493479
"Fried, Max",CH,2024,189,0.228,0.302,-0.0742065685074584,0.148148148148148,0.606864582445465,-172.989276597627,0.541009933798181,0.459969840678674,0.208,0.00792925348648543
"Javier, Cristian",CH,2024,70,0.214,0.289,-0.0745150939616672,0.285714285714286,0.310349441076599,-172.149496089418,0.608462401832418,0.447397071004134,-0.213,0.00244821843688222
"Canning, Griffin",CH,2023,91,0.22,0.294,-0.0745584126457792,0.186813186813187,0.472576863714691,-173.148974103886,0.546917844192888,0.433276790234916,-0.0700000000000001,0.434961112403632
"Kay, Anthony",CH,2026,122,0.238,0.313,-0.0748411010552386,0.5,-0.0381331494145557,-172.237979161385,0.508909393160805,0.476267469443518,-0.032,0.722088896407192
"Winn, Keaton",FS,2024,195,0.241,0.316,-0.0748710737841751,0.343589743589744,0.25728914301445,-171.998733249832,0.577937855344267,0.500930440168269,-0.0539999999999999,0.613664509175233
"Giolito, Lucas",CH,2025,291,0.254,0.33,-0.0755789517445947,0.199312714776632,0.607094096131943,-172.829468387467,0.670651435213124,0.468208395029861,-0.005,0.871849581060852
"Gray, Jon",CH,2024,61,0.18,0.256,-0.075733289640238,0.262295081967213,0.307341531798504,-173.15823051893,0.546024061683211,0.417627834469597,0.035,0.759057159087212
"Castillo, Luis",CH,2026,116,0.181,0.257,-0.0757698723036106,0.258620689655172,0.238412265879189,-173.326414848517,0.456342529618656,0.550278657674927,0.0620000000000001,0.474970016048668
"Gusto, Ryan",CH,2026,53,0.226,0.302,-0.0757816148737362,0.188679245283019,0.524293951346989,-172.953518848404,0.6582580523952,0.498651349548137,0.00900000000000001,0.450269340389172
"Chavez, Jesse",CH,2024,64,0.141,0.217,-0.0759166271273193,0.265625,0.281152713822096,-172.953971671086,0.526512771545016,0.566309021598791,0.0430000000000002,0.622635381954601
"Cecconi, Slade",CH,2025,62,0.242,0.318,-0.0759699675275984,0.32258064516129,0.318144186019934,-172.418866361914,0.644771127456444,0.502166255090582,-0.0559999999999999,0.65472886736122
"Sheehan, Emmet",CH,2026,135,0.207,0.284,-0.0761750122999329,0.355555555555556,0.233473704568312,-172.550140994438,0.584530028108119,0.452626509260671,0.00900000000000001,0.229297889797014
"Paddack, Chris",CH,2024,196,0.219,0.296,-0.0762145990441132,0.311224489795918,0.304461342396015,-172.054510675176,0.498704749507032,0.437683601777948,-0.04,0.431735713149786
"Ross, Joe",CH,2024,50,0.16,0.237,-0.0774163114797537,0.18,0.514900138669502,-173.545535481341,0.602979155977919,0.388344809736946,0.07,0.470622593252373
"Aguiar, Julian",CH,2024,50,0.22,0.298,-0.0776215027510516,0.24,0.470806871106661,-173.029108115668,0.590131995019444,0.471567110582995,-0.004,0.6885774360536
"May, Trevor",CH,2023,50,0.22,0.299,-0.0787570786985635,0.2,0.603584358462241,-173.648496133731,0.723807086746162,0.486777260441146,0.0800000000000001,0.448017534189268
"Strahm, Matt",CH,2026,40,0.175,0.254,-0.0792617160649184,0.325,0.260569650029905,-172.329539809954,0.698772032643153,0.580301666018652,-0.164,0.03868002040171
"Halvorsen, Seth",FS,2025,94,0.266,0.345,-0.079530549727608,0.202127659574468,0.470059441895503,-173.130213864669,0.525624213483161,0.442591150574999,-0.071,0.53220586536293
"Fedde, Erick",CH,2024,197,0.132,0.212,-0.0797114961941103,0.34010152284264,0.240285366173253,-172.630649897937,0.526317171575621,0.458302387870752,-0.102,0.269380942840157
"Woo, Bryan",CH,2024,81,0.198,0.277,-0.0797615890744109,0.271604938271605,0.419008793889162,-173.803826326116,0.542866950714802,0.447166695513467,-0.049,0.706935981073112
"Buehler, Walker",CH,2025,59,0.203,0.283,-0.0798213479360406,0.203389830508475,0.469691807973154,-173.552589407756,0.545765455085323,0.472050613428425,0.0329999999999999,0.520531870046646
"Kuhl, Chad",CH,2024,56,0.196,0.277,-0.0806818789844421,0.25,0.45429279963394,-173.256845687276,0.600453057125619,0.487779549254963,-0.043,0.748339510054184
"Miley, Wade",CH,2023,106,0.208,0.289,-0.0815070083374329,0.254716981132076,0.366322192667474,-172.50176865334,0.518428807359404,0.397433479101318,0.017,0.688781852785707
"Detmers, Reid",CH,2023,54,0.241,0.322,-0.081602830372363,0.259259259259259,0.443843929244785,-172.617506114661,0.519799647341876,0.448134764111235,-0.0609999999999999,0.649926290522915
"Henriquez, Ronny",CH,2024,51,0.255,0.337,-0.0818030817852921,0.0784313725490196,0.642237085706267,-173.928012141079,0.452515734319005,0.510785027692329,0.0539999999999999,0.405906284940152
"Soroka, Michael",CH,2026,77,0.195,0.277,-0.0818997987857856,0.272727272727273,0.345023330939101,-172.929525788201,0.507650064612907,0.521785537746613,0.0540000000000001,0.628487934488413
"Pérez, Martín",CH,2023,79,0.19,0.272,-0.0820745613915559,0.30379746835443,0.330303623502472,-173.05986521319,0.499451519844897,0.439824425459325,0.015,0.94828605818645
"Fried, Max",CH,2026,65,0.292,0.374,-0.0821293387979624,0.292307692307692,0.474080180625074,-173.005907502393,0.651829489928042,0.513399110239193,-0.0790000000000001,0.401006922116488
"Giolito, Lucas",CH,2026,85,0.247,0.33,-0.0825915209990484,0.188235294117647,0.576467678250359,-172.731435714645,0.626138032793316,0.429549776098173,0.001,0.829501202126964
"Kikuchi, Yusei",CH,2025,181,0.243,0.326,-0.0828405544200758,0.18232044198895,0.588671949776549,-173.475952929603,0.634755138697972,0.544078472073315,0.003,0.969435324832713
"Walker, Taijuan",FS,2024,165,0.133,0.216,-0.0830836463371742,0.303030303030303,0.329815718133747,-171.911400870412,0.586465609406397,0.448142445749985,-0.216,0.00884155356207141
"Peralta, Wandy",CH,2024,126,0.198,0.282,-0.0830875374476246,0.317460317460317,0.258243316593518,-172.764059644474,0.520958169447195,0.518861946589252,-0.106,0.311415013521478
"Gusto, Ryan",CH,2025,76,0.211,0.294,-0.0835093974505634,0.171052631578947,0.56146890009148,-173.411427385065,0.655360216047265,0.470031776024309,0.0800000000000001,0.253930366429643
"Ureña, José",CH,2025,109,0.211,0.295,-0.0835360160968668,0.192660550458716,0.336547170790868,-173.419022692222,0.458651664591442,0.557910517945568,0.00100000000000011,0.975094226454868
"Suárez, Albert",CH,2026,60,0.217,0.301,-0.0841604057069179,0.216666666666667,0.342273957943369,-172.809379544199,0.482699864446282,0.430498175328061,0.0620000000000001,0.505893741160656
"Skenes, Paul",FS,2025,209,0.211,0.295,-0.0841608246172873,0.239234449760766,0.310306579475164,-172.923397915222,0.47385095883083,0.496980316047126,-0.072,0.548416225534925
"Allen, Logan",CH,2025,256,0.164,0.248,-0.0843271540629758,0.24609375,0.360381725799846,-173.038393829515,0.582847320220204,0.540377676071843,-0.0239999999999999,0.807530845739481
"Leiter, Jack",CH,2025,177,0.305,0.39,-0.0850476273925649,0.305084745762712,0.404290618950034,-173.103743314061,0.65416008860428,0.480312758999462,-0.155,0.0805728751969265
"Canning, Griffin",CH,2026,136,0.228,0.314,-0.0861726869902883,0.330882352941176,0.246923787895056,-172.843375208535,0.524695561827232,0.489044369892412,-0.037,0.563748807993637
"Corbin, Patrick",CH,2024,40,0.25,0.337,-0.0865981129500631,0.3,0.319714944636997,-172.025341140895,0.530138789178987,0.456096267304431,0.131,0.16988054519736
"Lord, Brad",CH,2025,135,0.178,0.265,-0.0868828123227674,0.125925925925926,0.588696025195624,-173.49582810691,0.492878139181096,0.543124163579661,0.00600000000000001,0.862567853031466
"Ryan, Joe",FS,2023,129,0.171,0.258,-0.0870118901644519,0.255813953488372,0.390661701742145,-173.167248482703,0.565536686055385,0.481648672129488,-0.146,0.0972417762797486
"Junis, Jakob",CH,2026,61,0.164,0.251,-0.0870134591673673,0.295081967213115,0.345881156567056,-172.644469014478,0.568068442118253,0.453517555126236,0.0229999999999999,0.901219251115711
"Gil, Luis",CH,2024,259,0.236,0.323,-0.0871123875764342,0.204633204633205,0.5065792964108,-173.774818531188,0.600551085561899,0.513862509646922,0.0419999999999999,0.640790455661619
"Duran, Jhoan",FS,2023,67,0.179,0.266,-0.0873068611888612,0.194029850746269,0.473469580852236,-173.240312021254,0.503772121202298,0.457517198651569,-0.181,0.0369490277199391
"Melton, Troy",FS,2026,44,0.25,0.338,-0.0876820474414202,0.363636363636364,0.152795166283493,-172.823271174355,0.643628295613769,0.47584358591354,-0.133,0.122403880943922
"Martin, Davis",CH,2024,91,0.187,0.275,-0.0878133531132437,0.252747252747253,0.436118055981117,-172.471690848127,0.597719742427938,0.441384505038757,-0.148,0.0793269742907428
"McCullers Jr., Lance",CH,2025,78,0.192,0.281,-0.0882649830666713,0.205128205128205,0.290957587709839,-172.522484282035,0.490689709366062,0.427120915663357,0.091,0.259169154079433
"Enns, Dietrich",CH,2025,118,0.237,0.326,-0.0886823170113205,0.228813559322034,0.541711151526101,-172.214020639388,0.644233256408896,0.498931620010845,0.0240000000000001,0.405924751637223
"Ritchie, JR",CH,2026,83,0.217,0.306,-0.0888367037336962,0.289156626506024,0.312124298639522,-172.81265479189,0.551235555999138,0.514292256779449,-0.00700000000000012,0.821485443505413
"Quintana, Jose",CH,2025,203,0.177,0.266,-0.0889926460989355,0.408866995073892,0.150018092737173,-172.312443614661,0.551449586168132,0.49463204042112,0.0169999999999998,0.674808407193672
"Hall, DL",CH,2025,50,0.24,0.329,-0.0891481831236246,0.2,0.487664910613927,-173.473936697475,0.671300000009655,0.444874659275014,0.06,0.477755573993263
"Littell, Zack",FS,2026,174,0.178,0.268,-0.0895847180490732,0.373563218390805,0.235254222788928,-171.794627546757,0.63616871073555,0.482266457443088,-0.18,0.0211192348236443
"Hudson, Dakota",CH,2024,45,0.133,0.223,-0.0898382456297529,0.266666666666667,0.314762279721089,-172.063654502772,0.429755394848186,0.518427074879621,0.095,0.352074647277299
"Fedde, Erick",CH,2025,112,0.134,0.224,-0.0900157928116426,0.339285714285714,0.251531427342723,-172.540035781302,0.52902747848156,0.48299680043804,-0.078,0.411845038805813
"Fried, Max",CH,2025,160,0.275,0.365,-0.0904256602356871,0.15625,0.533970967690143,-172.682146264837,0.549250029306671,0.446528295124833,-0.024,0.662948513988672
"Suarez, Robert",CH,2025,118,0.305,0.397,-0.091873969874036,0.271186440677966,0.332926671649581,-173.019813157776,0.561051514403407,0.478085608078566,-0.0109999999999999,0.700007878393822
"Gray, Jon",CH,2023,47,0.17,0.262,-0.0919696804077144,0.127659574468085,0.534594055185433,-173.51662730409,0.485201165231586,0.453611250916443,0.0390000000000001,0.714520194767685
"Mikolas, Miles",CH,2025,136,0.132,0.225,-0.0925546731490584,0.147058823529412,0.552319037899421,-172.509680928272,0.518168545650331,0.429863654894996,0.0169999999999999,0.88128396946026
"Taillon, Jameson",CH,2024,53,0.132,0.225,-0.0927783154892688,0.169811320754717,0.695551020482328,-173.194348299091,0.600908531105209,0.356831212204716,0.05,0.654539268979186
"Gilbert, Logan",CH,2026,51,0.294,0.388,-0.0935904987575499,0.333333333333333,0.178338365312368,-172.144742131624,0.525338694602229,0.534369685279952,-0.064,0.34461418771692
"Boyle, Joe",FS,2025,56,0.25,0.344,-0.0941237570677901,0.160714285714286,0.548722103213596,-173.229860246243,0.555784309817463,0.521543212399568,0.0880000000000001,0.376994871712485
"Gómez, Yoendrys",CH,2025,42,0.167,0.261,-0.0947154358917527,0.142857142857143,0.603756255255449,-173.735033490182,0.595998889528968,0.382163030329876,0.0650000000000001,0.41450915266761
"Freeland, Kyle",CH,2024,93,0.129,0.224,-0.0949932685624778,0.161290322580645,0.466177382031159,-172.970060982218,0.457792761336386,0.486420083809036,0.08,0.443367760207861
"Woods Richardson, Simeon",FS,2026,102,0.176,0.272,-0.0951322218281057,0.323529411764706,0.341943432104431,-172.362956772451,0.631013939662661,0.501218469635329,-0.0479999999999999,0.575654349443395
"Sands, Cole",FS,2025,142,0.19,0.286,-0.0954582369751789,0.352112676056338,0.248006853393221,-172.519774033967,0.529274489111527,0.465258484809341,0.005,0.784903927102191
"Liberatore, Matthew",CH,2025,126,0.159,0.254,-0.0957562163200725,0.150793650793651,0.567698993647048,-173.007521698109,0.550560351389102,0.417930754010437,-0.00700000000000001,0.812669562083756
"Jones, Jared",CH,2024,65,0.231,0.327,-0.0960533377478868,0.307692307692308,0.362924386569142,-173.230489249562,0.694050961406512,0.51141431158205,-0.0639999999999998,0.632071548862022
"Suárez, Albert",CH,2024,192,0.208,0.306,-0.0977802581141719,0.1875,0.49289510440042,-172.894690202769,0.512250595299413,0.466999942981437,0.0640000000000001,0.513455884167193
"Greene, Hunter",FS,2024,86,0.267,0.365,-0.0979248338869299,0.290697674418605,0.423863373597634,-172.671394736721,0.711998315182231,0.503172497609598,-0.15,0.101540174534216
"Burke, Brock",CH,2026,69,0.275,0.374,-0.0984868746978703,0.231884057971015,0.513425174420998,-172.901297683567,0.700105265173275,0.503696604059015,-0.121,0.211516359543175
"Kolek, Stephen",CH,2026,50,0.16,0.26,-0.0998178164875448,0.42,0.147555650333708,-173.027148953553,0.599812719785108,0.385452685920897,-0.177,0.0380663341801811
"Alexander, Tyler",CH,2024,115,0.183,0.282,-0.0998355965152513,0.217391304347826,0.435473850350299,-172.527690654983,0.558455618175659,0.473830899156422,-0.0109999999999999,0.814939627956963
"Estévez, Carlos",CH,2025,83,0.181,0.281,-0.100615946200104,0.144578313253012,0.740235225760789,-173.54116873999,0.654891846451677,0.462779773159656,-0.125,0.167542453035252
"Soroka, Michael",CH,2025,62,0.194,0.294,-0.100741640781581,0.112903225806452,0.623532033194534,-173.13019893112,0.475621397969423,0.491201594088952,0.083,0.434711886070128
"Woodford, Jake",FS,2025,64,0.141,0.242,-0.101468406898023,0.25,0.438381739752174,-173.114985249992,0.538003392475245,0.47925069864652,-0.0959999999999999,0.293438918541103
"Keller, Mitch",CH,2025,100,0.15,0.252,-0.1017823844526,0.17,0.561051199291179,-172.78470051646,0.574159447744171,0.475128038079366,-0.142,0.102125490776008
"Manaea, Sean",CH,2023,72,0.153,0.255,-0.101841009351694,0.333333333333333,0.351686881270186,-172.844564999551,0.548043166069203,0.434260324592479,-0.0650000000000001,0.626707877133408
"Freeland, Kyle",CH,2025,57,0.105,0.207,-0.101990348434095,0.192982456140351,0.34401185367986,-173.044052485942,0.455529675835675,0.401771185027197,0.0790000000000001,0.476120970390925
"Lynch IV, Daniel",CH,2026,89,0.247,0.349,-0.10212385176535,0.213483146067416,0.386578198694571,-172.531450687393,0.534505984920796,0.537825086540935,-0.0159999999999999,0.735657113070768
"Meyer, Max",CH,2025,75,0.213,0.316,-0.102419842496395,0.16,0.401691493321123,-172.92200883772,0.472744919690011,0.475388460884651,0.084,0.459420760375794
"Vasil, Mike",CH,2025,99,0.182,0.285,-0.102937310397815,0.282828282828283,0.324572962767752,-172.202973095564,0.481508280667179,0.520109509356682,0.108,0.225359679775238
"Woods Richardson, Simeon",CH,2024,202,0.198,0.302,-0.104195721420923,0.193069306930693,0.541743310760399,-172.506015660084,0.601065161242821,0.420912060255787,-0.109,0.0847729169508119
"Martin, Davis",CH,2026,136,0.125,0.23,-0.104636131654334,0.308823529411765,0.363332972730284,-172.763819763019,0.598770758888947,0.584763210827885,-0.131,0.132530941952281
"Newcomb, Sean",CH,2025,58,0.172,0.277,-0.104738244444137,0.431034482758621,0.148835573686567,-172.129339560009,0.63964891350671,0.588654358807062,-0.0619999999999999,0.616994575273752
"Irvin, Jake",CH,2025,115,0.148,0.253,-0.104776280964968,0.104347826086957,0.556042804080766,-172.927040425627,0.491395384876773,0.445913597003575,-0.0670000000000001,0.605200896158641
"Burke, Brock",CH,2025,127,0.244,0.349,-0.105273474736783,0.173228346456693,0.616552376411362,-172.717033057087,0.618120550534396,0.4959362096036,-0.149,0.100770083521611
"Civale, Aaron",FS,2025,43,0.14,0.245,-0.105463284473049,0.232558139534884,0.391073529442779,-172.415229252773,0.46993431107335,0.53149580911584,-0.0280000000000001,0.701305120930973
"Dollander, Chase",CH,2025,61,0.213,0.32,-0.107236576431162,0.213114754098361,0.41941057083901,-173.529527206349,0.490085870324655,0.52480017178256,0.03,0.764970458576256
"King, John",CH,2025,71,0.155,0.263,-0.108292926250462,0.295774647887324,0.25635711462816,-172.471047279517,0.522120634033203,0.50060539242038,0.115,0.256394958523386
"Richardson, Lyon",CH,2023,48,0.188,0.296,-0.108717533453557,0.270833333333333,0.337005659925528,-172.954905986661,0.466951057670921,0.503214742134397,0.0389999999999999,0.58537436148457
"Kahnle, Tommy",CH,2026,58,0.19,0.299,-0.109257345892459,0.258620689655172,0.407697645179614,-173.050018025028,0.559329262217396,0.445406461360808,0.101,0.151397458395994
"Lowder, Rhett",CH,2024,41,0.171,0.281,-0.110705983888322,0.195121951219512,0.530578560899838,-172.746528365537,0.621614818464668,0.449216506953937,-0.03,0.568213703376133
"Mikolas, Miles",CH,2024,122,0.131,0.243,-0.111731543336882,0.213114754098361,0.448244949966166,-172.427177932745,0.516820801482184,0.490650990964175,0.0499999999999999,0.72397987765493
"Vásquez, Randy",CH,2025,59,0.153,0.265,-0.112278583212862,0.11864406779661,0.535247930409601,-172.848864375396,0.514429107185749,0.461258270706667,0.0559999999999999,0.494287248747291
"Mattson, Isaac",CH,2025,50,0.18,0.293,-0.112819819723096,0.24,0.501973276007043,-172.961858998301,0.622318885230637,0.508627935428064,-0.035,0.688731847558277
"Allen, Logan",FS,2024,46,0.196,0.309,-0.113229058531565,0.217391304347826,0.364192660394183,-172.056277974913,0.624328956051306,0.412087746264372,-0.003,0.805687321216418
"Lugo, Seth",CH,2026,79,0.152,0.266,-0.113625620320753,0.240506329113924,0.360593660016168,-172.900988659479,0.542429136780955,0.491286692773863,0.021,0.675008269076198
"Bassitt, Chris",CH,2024,55,0.164,0.277,-0.113665610768224,0.109090909090909,0.607412946590907,-173.38995640901,0.577884281966202,0.467292023889708,0.144,0.102211157574467
"Montero, Rafael",CH,2024,73,0.11,0.224,-0.114151287600266,0.232876712328767,0.300556530786242,-173.986680001072,0.464569892119475,0.398273508849166,0.03,0.843675516319327
"Gil, Luis",CH,2025,92,0.163,0.278,-0.114675517413689,0.119565217391304,0.663273836220291,-174.037734208454,0.581374621673842,0.51726697212873,0.079,0.391682866658706
"Harris, Hogan",CH,2024,75,0.227,0.343,-0.11612759262113,0.106666666666667,0.624741229108352,-173.003274171065,0.566808536775187,0.462886468483895,-0.021,0.593889456515549
"Gibson, Cade",CH,2025,67,0.134,0.251,-0.116414101293468,0.223880597014925,0.350432616703445,-172.240426106037,0.586326908360384,0.469794181040406,-0.0850000000000001,0.405019275638912
"Patrick, Chad",CH,2025,50,0.14,0.257,-0.116519028978285,0.48,0.213895070245565,-173.083562028543,0.702838259612656,0.548659573718293,-0.175,0.0423537818749612
"Devenski, Chris",CH,2025,45,0.2,0.317,-0.116618357093069,0.4,0.214026754322689,-171.453206595031,0.557032986134606,0.569147617974749,-0.0650000000000001,0.525521951681575
"Banks, Tanner",CH,2023,41,0.122,0.239,-0.116760360521873,0.195121951219512,0.47176176540717,-172.486781570612,0.540120329731599,0.386467560479541,-0.0850000000000001,0.460475795383571
"Fleming, Josh",CH,2024,76,0.092,0.21,-0.117740696103562,0.421052631578947,0.164265447815977,-172.362205992524,0.563109689872405,0.590124256623671,-0.0910000000000001,0.41673249602866
"Stanek, Ryne",FS,2025,53,0.264,0.383,-0.11835924165188,0.320754716981132,0.359493029569891,-172.22959250313,0.692971467965938,0.475156726378264,-0.05,0.481898997375275
"Falter, Bailey",FS,2025,58,0.121,0.24,-0.119650155815635,0.0517241379310345,0.834295063088997,-173.616501812371,0.573633971260223,0.412638558019061,-0.037,0.726945328940647
"Allard, Kolby",CH,2025,107,0.14,0.26,-0.119919697276768,0.168224299065421,0.594131680287033,-172.97242575372,0.636105085279367,0.460591679733891,0.0620000000000001,0.466499641521382
"Francis, Bowden",FS,2024,133,0.195,0.316,-0.120243512237025,0.285714285714286,0.381001620550479,-172.407385082297,0.641258121493748,0.519296470042873,-0.034,0.728937473791468
"Megill, Tylor",CH,2023,50,0.2,0.32,-0.120385079173801,0.04,0.841182642661733,-173.148289025581,0.521645814895558,0.523983236673373,0.029,0.80420695445149
"Banks, Tanner",CH,2024,64,0.156,0.277,-0.120558577703926,0.234375,0.402547431157082,-172.441434088069,0.496918476048181,0.477448031985139,-0.0359999999999999,0.839867093926521
"Erceg, Lucas",CH,2026,48,0.188,0.308,-0.120973441353669,0.3125,0.307049673480958,-173.019536291125,0.564116685694155,0.412065029009753,-0.035,0.791040797138833
"Leahy, Kyle",CH,2025,65,0.169,0.291,-0.122092808237206,0.153846153846154,0.606755943332294,-173.485196840664,0.592044133007471,0.470075306613387,-0.0600000000000001,0.606512096873654
"Chandler, Bubba",CH,2026,137,0.241,0.364,-0.123095671776829,0.218978102189781,0.454423192038044,-173.873193711397,0.563403252964222,0.48387311940691,-0.00399999999999989,0.748613614388141
"Greene, Hunter",FS,2025,68,0.279,0.403,-0.123673239735337,0.264705882352941,0.381898125551335,-172.756265419364,0.612171798958656,0.469623816351786,-0.0940000000000001,0.382760090073592
"Eflin, Zach",CH,2025,102,0.127,0.251,-0.123993404944294,0.215686274509804,0.361561094359465,-172.604327335088,0.470509122591586,0.477393146878238,0.088,0.389807528359809
"Nola, Aaron",CH,2024,124,0.121,0.248,-0.127442855156722,0.274193548387097,0.232296862738123,-173.371018536013,0.447677902090027,0.472789467507581,0.0540000000000001,0.574905379763374
"Tong, Jonah",CH,2025,45,0.222,0.35,-0.127990785106567,0.222222222222222,0.41322400297416,-172.981031041465,0.59998352704719,0.500798618010618,0.00300000000000011,0.519309168563415
"Rodríguez, Yariel",FS,2025,51,0.176,0.305,-0.128536796958946,0.313725490196078,0.224552049841814,-172.694679450305,0.64989607189948,0.484635304694073,0.187,0.0239270195000394
"Ross, Joe",CH,2025,40,0.075,0.204,-0.128694802739384,0.15,0.56763603350267,-173.273059599855,0.517166112567427,0.453032338619848,0.16,0.0591449854086455
"Bassitt, Chris",FS,2024,54,0.13,0.26,-0.130700764438731,0.222222222222222,0.437471041971456,-172.648087270041,0.614781694789479,0.560746942132705,0.131,0.074457202622129
"Lauer, Eric",CH,2026,100,0.11,0.241,-0.131292057316267,0.21,0.406123396073636,-172.700238198222,0.52306420551411,0.541397318484414,0.017,0.818932199884295
"Woo, Bryan",CH,2026,61,0.164,0.296,-0.132177162367881,0.327868852459016,0.324083570473693,-173.719634025728,0.706102887243432,0.481517878937266,-0.0609999999999999,0.649737320910245
"Severino, Luis",CH,2023,77,0.182,0.314,-0.132406229362819,0.142857142857143,0.536847715631007,-173.093196693051,0.533185025990981,0.518081788307823,0.06,0.408410279112141
"Cole, Gerrit",CH,2026,76,0.211,0.345,-0.134450885982286,0.197368421052632,0.473064600753682,-173.577766236585,0.60778069538598,0.38228303957612,0.0279999999999999,0.726602190043853
"May, Dustin",CH,2026,52,0.212,0.347,-0.135045029672967,0.307692307692308,0.342344125589745,-173.385677267469,0.549005557850098,0.47387281989963,0.002,0.647000178097309
"Wilson, Bryse",CH,2025,69,0.159,0.295,-0.135513235360637,0.318840579710145,0.264361752004962,-172.54182671621,0.42337632705875,0.468080545204202,0.0189999999999999,0.771481089550406
"Seabold, Connor",CH,2026,41,0.146,0.283,-0.136762251046679,0.536585365853659,0.116706379484885,-172.596031720292,0.676444347490782,0.63192165708019,-0.122,0.0660204031171012
"Sánchez, Sixto",CH,2024,83,0.145,0.282,-0.137563739578495,0.120481927710843,0.579804939363887,-173.126355053846,0.519945594183818,0.455939223618452,0.0239999999999999,0.831257644524491
"Marsh, Alec",CH,2024,107,0.15,0.288,-0.138329447965792,0.214953271028037,0.493667118515985,-172.993475555075,0.564735043494846,0.455333281951384,0.043,0.706253115831075
"Cavalli, Cade",CH,2026,68,0.191,0.33,-0.139009367822292,0.25,0.319919491737556,-172.837880947141,0.51685844827078,0.459955949413255,0.125,0.148966751612996
"Miller, Erik",CH,2025,57,0.228,0.367,-0.139257263038585,0.245614035087719,0.416514935197762,-172.527538438232,0.617534493826828,0.497422436944798,0.0559999999999999,0.357611644666326
"Baz, Shane",CH,2026,71,0.155,0.294,-0.139334241569906,0.225352112676056,0.527935951426588,-173.621207027935,0.604369878503725,0.42737202840301,0.0210000000000001,0.804561421039142
"Assad, Javier",CH,2024,48,0.125,0.265,-0.140048672428297,0.25,0.401354617359344,-172.673755101754,0.544183898322467,0.530099432879006,0.0550000000000001,0.615856974084143
"Prielipp, Connor",CH,2026,71,0.169,0.312,-0.142932638526885,0.211267605633803,0.418543859411043,-172.674535870436,0.542879008031373,0.480187403506151,-0.09,0.420018532308487
"Matthews, Zebby",CH,2026,63,0.159,0.302,-0.142942788793175,0.253968253968254,0.345930534588735,-172.896218375662,0.559859678450123,0.491501823174657,0.0289999999999999,0.563493700173064
"Hagenman, Justin",CH,2025,43,0.116,0.262,-0.145830511397427,0.27906976744186,0.256621291047438,-172.879592922431,0.465126021827918,0.382385614211815,-0.02,0.659571751715784
"Severino, Luis",CH,2024,101,0.178,0.325,-0.146363962990074,0.168316831683168,0.637498786865348,-173.259137031793,0.628572163050391,0.559905545625891,0.0750000000000001,0.309839239207285
"Severino, Luis",CH,2025,63,0.175,0.323,-0.147899802998634,0.126984126984127,0.593137749654212,-173.250731189597,0.531299729350018,0.469548416253236,0.0549999999999999,0.417971109296306
"Harris, Hogan",CH,2025,63,0.222,0.37,-0.148117559957514,0.0634920634920635,0.918835247568328,-173.654241465786,0.566366633533767,0.513372664913618,0.00900000000000001,0.649444159846316
"Bassitt, Chris",CH,2023,53,0.132,0.28,-0.148137680546057,0.0943396226415094,0.680994816616982,-173.428334552736,0.451835265695195,0.415103016788972,0.165,0.0533833942613817
"Nelson, Ryne",CH,2024,119,0.176,0.326,-0.149092606110195,0.168067226890756,0.654727023616956,-173.123167192998,0.62248298466857,0.495470779978129,0.014,0.430016589267354
"Vásquez, Randy",CH,2024,96,0.104,0.255,-0.15072715948275,0.177083333333333,0.525096091278725,-173.090725213933,0.574608930631113,0.513367964624598,0.0760000000000001,0.417091640444055
"Vines, Darius",CH,2024,44,0.159,0.314,-0.154511548997411,0.0454545454545455,0.74263468573996,-173.242928642856,0.49248111060229,0.479135119424204,0.0330000000000001,0.793384806017563
"Winckowski, Josh",CH,2024,83,0.084,0.239,-0.1548728897814,0.192771084337349,0.549019965033818,-173.085739777527,0.579570459929322,0.449174097793748,0.088,0.312649454921648
"Soriano, George",CH,2025,97,0.165,0.321,-0.155975801235118,0.268041237113402,0.385939856917044,-172.529487693489,0.532458338397811,0.493154681139227,-0.106,0.228006777927355
"Scott, Christian",FS,2024,44,0.136,0.293,-0.156175149026407,0.204545454545455,0.493553355965379,-173.198823498129,0.580096237640877,0.497914208775571,-0.034,0.808708018321513
"Dubin, Shawn",CH,2025,40,0.15,0.309,-0.159078679252071,0.375,0.234502282748213,-172.112276212331,0.538287757184119,0.58020349381695,-0.038,0.521371413884982
"Mikolas, Miles",CH,2026,54,0.093,0.255,-0.162778655747017,0.388888888888889,0.231142031256128,-171.800420914583,0.56221435893897,0.530010808108011,-0.0510000000000001,0.560670290593617
"Soroka, Michael",CH,2024,52,0.115,0.279,-0.164040601486083,0.211538461538462,0.493214314138263,-172.375960502805,0.542108806763073,0.560988223557303,0.11,0.249729866522368
"Eflin, Zach",CH,2024,76,0.105,0.27,-0.164777331927612,0.276315789473684,0.280145742220796,-172.321950276262,0.46722404911268,0.494377943910458,0.0940000000000001,0.358035569279753
"Ashcraft, Braxton",FS,2026,40,0.1,0.267,-0.166544746589155,0.2,0.374109928420874,-173.124922425792,0.505301118990139,0.446421797675304,-0.0109999999999999,0.97108628748069
"Means, John",CH,2023,75,0.2,0.372,-0.171688284735545,0.146666666666667,0.732544428313044,-173.022962629754,0.607974785955063,0.575075356493959,-0.0289999999999999,0.685101407513773
"Irvin, Cole",CH,2023,65,0.123,0.298,-0.175142113802448,0.230769230769231,0.427510863916092,-172.57875219165,0.520849195840775,0.480258649967155,0.00800000000000001,0.895001247432568
"Mikolas, Miles",CH,2023,43,0.093,0.271,-0.177621381458629,0.162790697674419,0.539625896536777,-172.55053615221,0.573517770614443,0.398521789744564,0.0550000000000001,0.586071991848069
"Junk, Janson",CH,2025,49,0.122,0.312,-0.189473161732188,0.204081632653061,0.494547298585571,-173.382205028956,0.546947928430849,0.43586792314727,0.00700000000000012,0.707774656274086
"Whitlock, Garrett",CH,2024,45,0.133,0.324,-0.190295058551016,0.355555555555556,0.280024227336877,-172.444563007955,0.56879883307996,0.449577929973102,-0.0560000000000001,0.51276170943805
