player_name,pitch_type,grp,n,act,base,aug,gain,path_ratio,axis_diff,as_gap
"Wacha, Michael",CU,breaking,60,0.48,0.34,1.3,0.956,1.07,172.1,-0.171
"May, Dustin",ST,breaking,152,1.14,2.38,3.21,0.834,0.46,169.1,-0.307
"Lawrence, Justin",ST,breaking,96,3.25,1.08,1.89,0.817,0.72,171.2,-0.202
"Taylor, Grant",SL,breaking,61,1.58,3.52,4.33,0.81,0.37,143,-0.607
"Houser, Adrian",SL,breaking,69,0.3,1.16,1.93,0.771,0.37,60.6,-0.583
"Alvarez, Andrew",CU,breaking,134,1.76,1.95,2.72,0.769,0.54,168.5,-0.072
"Mlodzinski, Carmen",FS,offspeed,203,0.87,1.15,1.9,0.748,0.33,26.3,-0.308
"Bradish, Kyle",CU,breaking,193,2.7,0.95,1.65,0.7,0.3,154.8,0.042
"Bazardo, Eduard",ST,breaking,109,1,1.03,1.71,0.684,0.7,172.6,-0.326
"Sasaki, Roki",SL,breaking,157,2.14,1.68,2.36,0.679,0.45,153.2,-0.689
"McLean, Nolan",ST,breaking,81,1.02,0.76,1.41,0.649,0.57,174.1,-0.294
"Hancock, Emerson",ST,breaking,104,1.91,1.13,1.77,0.643,0.74,171.3,-0.18
"Griffin, Foster",FS,offspeed,65,1.99,1.24,1.87,0.634,0.37,77.6,-0.773
"Nance, Tommy",CU,breaking,93,1.23,1.24,1.87,0.633,0.48,159,-0.095
"Varland, Louis",KC,breaking,125,1.81,2.07,2.7,0.632,0.42,168,-0.337
"Parker, Mitchell",SL,breaking,172,1.47,1.85,2.45,0.596,0.66,152,-0.653
"Young, Brandon",FS,offspeed,147,0.9,1.38,1.96,0.579,0.36,24.8,-0.287
"Skubal, Tarik",CH,offspeed,217,2.63,1.72,2.28,0.565,0.3,21,-0.196
"Lugo, Seth",CU,breaking,125,0.59,0.62,1.17,0.549,1.12,170.6,-0.059
"Burke, Brock",SL,breaking,94,1.97,1.91,2.43,0.52,0.45,16.3,-0.565
"Harrison, Kyle",CH,offspeed,62,0.6,1.25,1.77,0.516,0.33,43.3,-0.103
"Chivilli, Angel",SL,breaking,41,2.02,0.53,1.03,0.504,0.19,,-0.699
"Morgan, Eli",CH,offspeed,57,0.7,1.25,1.74,0.496,0.57,48.8,-0.126
"Macko, Adam",SL,breaking,82,1.93,1.36,1.85,0.486,0.49,45.9,-0.678
"Cabrera, Edward",SL,breaking,67,1.95,1.32,1.8,0.485,0.28,31.7,-0.714
"De Los Santos, Enyel",SL,breaking,102,1.5,1.41,1.89,0.481,0.29,18.5,-0.58
"Erceg, Lucas",SL,breaking,99,1.52,2.35,2.82,0.472,0.51,159.2,-0.683
"Rucker, Michael",CU,breaking,48,1.6,1.46,1.92,0.459,0.53,170.9,-0.015
"Messick, Parker",CH,offspeed,243,1.23,1.09,1.54,0.453,0.33,29.2,-0.159
"Murphy, Chris",CU,breaking,43,1.06,1.09,1.54,0.448,0.91,163.3,0.029
"Nunez, Anthony",CH,offspeed,76,1.87,1.38,1.82,0.447,0.25,65.3,-0.17
"Garcia, Rico",SL,breaking,68,1.08,1.14,1.58,0.44,0.28,14.7,-0.651
"Arrighetti, Spencer",ST,breaking,84,1.27,1.74,2.17,0.43,0.51,156.5,-0.354
"De Jesus, Enmanuel",CH,offspeed,48,1.07,0.97,1.4,0.426,0.19,13,-0.077
"Ashcraft, Braxton",CU,breaking,245,1.7,1.21,1.63,0.423,0.54,176,-0.281
"Yamamoto, Yoshinobu",CU,breaking,101,1.14,1.75,2.16,0.417,1.2,176.8,0.005
"Peterson, David",CU,breaking,60,2.14,2.74,3.15,0.412,0.46,175.7,0.006
"Senga, Kodai",FO,offspeed,83,2.74,2.67,3.08,0.407,0.51,38.7,
"Ahlstrom, Robby",SL,breaking,42,0.94,1.23,1.64,0.407,0.38,73.7,-0.709
"Kilian, Caleb",SL,breaking,51,1.86,1.32,1.73,0.406,0.36,99.1,-0.488
"Avila, Luinder",SL,breaking,102,1.37,1.49,1.88,0.398,0.38,107.5,-0.325
"Kikuchi, Yusei",SL,breaking,69,0.73,1.09,1.49,0.397,0.39,99.8,-0.676
"Imai, Tatsuya",SL,breaking,269,1.47,1.45,1.85,0.397,0.3,34.4,-0.767
"Martinez, Nick",CH,offspeed,220,2.15,1.53,1.93,0.396,0.51,43.1,-0.084
"Herget, Jimmy",SL,breaking,81,1.18,0.55,0.95,0.396,0.28,38.7,-0.492
"Farris, Mitch",CH,offspeed,81,3.47,1.17,1.56,0.389,0.43,50.7,0.007
"Strider, Spencer",SL,breaking,92,2.25,1.85,2.23,0.382,0.5,38.8,-0.64
"Warren, Austin",ST,breaking,117,1.2,1.41,1.78,0.373,0.46,175,-0.418
"Miller, Erik",SL,breaking,110,2.83,3.71,4.08,0.369,0.48,148.8,-0.778
"Márquez, Germán",SL,breaking,52,1.22,1.43,1.8,0.362,0.3,29.1,-0.721
"Strahm, Matt",SL,breaking,75,1.52,1.29,1.65,0.358,0.53,130.8,-0.759
"Weissert, Greg",ST,breaking,44,1.33,0.8,1.16,0.358,0.73,154.6,-0.148
"Matthews, Zebby",SL,breaking,142,1.28,1.08,1.44,0.358,0.36,71.8,-0.718
"Maton, Phil",CU,breaking,79,1.35,1.21,1.56,0.354,0.68,157.6,0.248
"Wilcox, Cole",ST,breaking,48,0.99,1.86,2.21,0.346,0.41,157.2,-0.435
"Pérez, Eury",SL,breaking,120,1.69,2.42,2.76,0.345,0.36,56.2,-0.647
"Misiorowski, Jacob",SL,breaking,105,1.29,2.1,2.44,0.343,0.36,81.8,-0.53
"Rogers, Trevor",ST,breaking,115,1.46,0.95,1.29,0.342,0.75,138,-0.525
"Whitlock, Garrett",SL,breaking,89,2.6,2.12,2.46,0.337,0.29,142.1,-0.761
"Barnett, Mason",SL,breaking,56,1.01,0.88,1.21,0.337,0.37,115.6,-0.493
"Kirby, George",ST,breaking,267,1.08,2.06,2.4,0.332,0.36,175.4,-0.395
"Holmes, Grant",CU,breaking,57,2.11,2.64,2.98,0.331,0.54,172.9,-0.429
"Sproat, Brandon",CU,breaking,72,1.33,0.86,1.19,0.331,0.55,174.1,-0.078
"Garcia, Brandyn",ST,breaking,50,3.09,1.49,1.82,0.331,0.32,164.8,-0.27
"Peralta, Freddy",ST,breaking,62,1.06,1,1.33,0.329,0.7,131.6,-0.491
"Englert, Mason",CH,offspeed,89,0.98,0.91,1.24,0.329,0.21,23.8,-0.29
"Hart, Kyle",FS,offspeed,67,1.2,1.18,1.51,0.324,0.27,58.8,-0.307
"Gore, MacKenzie",SL,breaking,99,0.59,1.55,1.88,0.324,0.31,131.5,-0.709
"Montero, Keider",SL,breaking,141,0.98,1.15,1.47,0.324,0.36,129.3,-0.635
"Holton, Tyler",ST,breaking,53,1.15,1,1.32,0.318,0.7,153.4,-0.177
"Ramírez, Yohan",CU,breaking,49,1.26,2.18,2.5,0.317,0.47,171.7,-0.065
"Weathers, Ryan",CH,offspeed,244,1.39,1.22,1.54,0.317,0.35,19.9,-0.307
"Junis, Jakob",ST,breaking,115,0.91,0.69,1.01,0.315,0.61,158.3,-0.174
"Freeland, Kyle",KC,breaking,171,1.23,2.1,2.41,0.315,0.29,170.5,-0.444
"Yesavage, Trey",FS,offspeed,193,2.7,2.15,2.46,0.314,0.51,22.9,-0.111
"Orze, Eric",FS,offspeed,163,0.87,1.35,1.66,0.313,0.31,28.5,-0.242
"Early, Connelly",SL,breaking,56,0.66,0.98,1.29,0.313,0.31,16.6,-0.583
"Garcia, Rico",CU,breaking,55,1.66,2.29,2.6,0.309,0.4,164.7,-0.576
"Abbott, Andrew",CH,offspeed,169,1.41,0.86,1.16,0.309,0.26,15.5,-0.047
"Schweitzer, Tyler",SL,breaking,66,0.58,0.77,1.08,0.309,0.3,45.6,-0.464
"Barlow, Scott",CU,breaking,98,2.36,1.16,1.47,0.305,0.98,154.3,0.095
"McClanahan, Shane",SL,breaking,164,0.71,1.2,1.5,0.302,0.4,84.7,-0.757
"Englert, Mason",CU,breaking,43,1.52,1.13,1.43,0.3,1.06,177.4,-0.086
"Hudson, Bryan",ST,breaking,83,0.87,1.3,1.59,0.295,0.6,176.6,-0.014
"Rodriguez, Grayson",CU,breaking,41,0.53,2.81,3.1,0.295,0.77,176.5,-0.339
"Bubic, Kris",ST,breaking,52,0.72,1.43,1.72,0.294,0.36,160.4,-0.294
"Headrick, Brent",SL,breaking,138,3.47,1.77,2.06,0.294,0.42,31,-0.646
"Phillips, Tyler",CU,breaking,108,2.75,1.73,2.03,0.292,0.59,175.9,-0.247
"Halvorsen, Seth",SL,breaking,47,2.41,2.94,3.23,0.291,0.49,156.9,-0.556
"Fermin, José",SL,breaking,174,1.57,1.4,1.69,0.291,0.32,41.3,-0.763
"Lovelady, Richard",ST,breaking,104,1.05,1.79,2.08,0.289,0.38,156.4,-0.075
"Fried, Max",CH,offspeed,65,0.98,1.43,1.72,0.287,0.26,24,-0.079
"Sousa, Bennett",SL,breaking,43,2.35,1.19,1.48,0.286,0.28,,-0.645
"Dobnak, Randy",ST,breaking,40,2.62,1.46,1.75,0.285,0.57,173.6,-0.423
"Leiter Jr., Mark",CU,breaking,43,2.3,1.11,1.39,0.282,0.99,175.3,-0.005
"Gordon, Tanner",SL,breaking,117,0.52,0.67,0.95,0.281,0.36,15,-0.496
"Chapman, Aroldis",SL,breaking,43,2.33,2.17,2.45,0.275,0.4,120.7,-0.471
"Medina, Luis",SL,breaking,53,2.09,1.89,2.16,0.275,0.54,157,-0.508
"Imanaga, Shota",FS,offspeed,362,1.93,1.2,1.47,0.271,0.29,17.6,-0.056
"Rodón, Carlos",CH,offspeed,66,2.02,1.51,1.78,0.268,0.3,7.6,-0.21
"Yarbrough, Ryan",CH,offspeed,90,2.06,0.97,1.24,0.268,0.35,31,-0.053
"Gray, Peyton",SL,breaking,56,0.61,0.92,1.19,0.268,0.29,60.3,-0.645
"Wacha, Michael",SL,breaking,81,1.56,0.95,1.21,0.255,0.34,44.7,-0.7
"Finnegan, Kyle",SL,breaking,54,1.61,1.45,1.71,0.255,0.55,98.1,-0.763
"Zeferjahn, Ryan",SL,breaking,45,0.54,1.31,1.56,0.254,0.4,93,-0.424
"Romero, JoJo",ST,breaking,102,1.62,2.08,2.33,0.253,0.68,173.6,-0.307
"Painter, Andrew",ST,breaking,62,1.75,1.24,1.49,0.25,0.6,131.5,-0.387
"Fuentes, Didier",SL,breaking,90,2.39,1.78,2.03,0.25,0.44,97.5,-0.61
"Schreiber, John",ST,breaking,68,1.01,1.14,1.39,0.249,0.48,168,-0.185
"Bubic, Kris",CH,offspeed,84,0.88,0.84,1.09,0.247,0.21,39.2,-0.109
"Chivilli, Angel",CH,offspeed,57,1.43,0.56,0.8,0.247,0.39,,-0.072
"Santa, Alimber",ST,breaking,49,1.16,1.11,1.36,0.245,0.47,163.5,-0.219
"Bello, Brayan",ST,breaking,75,1.4,1.45,1.7,0.243,0.41,167.5,-0.357
"Vesia, Alex",SL,breaking,94,1.91,1.16,1.4,0.241,0.3,50.4,-0.551
"Brown, Hunter",KC,breaking,72,1.38,1.58,1.82,0.241,0.55,170.5,-0.093
"Teng, Kai-Wei",ST,breaking,192,1.48,1.38,1.62,0.24,0.48,172.1,-0.365
"Brubaker, JT",SL,breaking,101,1.6,1.58,1.82,0.238,0.2,51,-0.748
"Morillo, Juan",CH,offspeed,74,0.96,0.86,1.1,0.238,0.19,31.7,0.066
"Johnson, Pierce",CU,breaking,166,1.12,1.34,1.57,0.237,0.38,171.1,-0.555
"Williamson, Brandon",CH,offspeed,59,1.53,1.05,1.29,0.237,0.24,27.5,0.003
"McCullers Jr., Lance",ST,breaking,50,0.72,0.97,1.2,0.233,0.42,150.5,-0.227
"Wrobleski, Justin",SL,breaking,237,0.43,0.67,0.9,0.232,0.38,122.7,-0.562
"Johnson, Ryan",ST,breaking,54,1.14,1.16,1.39,0.23,0.57,140,-0.361
"Sandlin, David",CU,breaking,40,2.09,1.5,1.73,0.228,0.48,163.2,-0.276
"Domínguez, Seranthony",ST,breaking,86,2.35,1.9,2.13,0.227,0.56,140.7,-0.423
"Watson, Ryan",CU,breaking,47,1.21,0.96,1.19,0.225,0.52,169.8,0.001
"Ramírez, Yohan",ST,breaking,146,2.07,2.05,2.27,0.223,0.61,167.1,-0.281
"Scott, Christian",CU,breaking,43,0.75,1.48,1.71,0.223,0.44,153.6,-0.327
"Ashby, Aaron",CH,offspeed,61,1.61,0.85,1.07,0.221,0.2,19.2,-0.056
"Abbott, Andrew",CU,breaking,95,2.01,1.19,1.41,0.22,0.65,163.2,-0.355
"Beeks, Jalen",CH,offspeed,74,1.18,0.73,0.95,0.219,0.3,21.8,-0.017
"Sasaki, Roki",FO,offspeed,66,1.57,2.16,2.37,0.217,0.5,80,
"Alexander, Tyler",CH,offspeed,98,0.49,0.86,1.08,0.216,0.22,17.9,-0.082
"Armstrong, Shawn",ST,breaking,62,1.02,1.01,1.23,0.214,0.37,114.6,-0.378
"Cease, Dylan",CH,offspeed,81,2.93,2.4,2.61,0.214,0.54,4.7,0.004
"Kinley, Tyler",SL,breaking,196,1.39,1.15,1.36,0.213,0.32,59.4,-0.577
"Sánchez, Cristopher",SL,breaking,192,2.26,1.09,1.3,0.212,0.44,169.1,-0.585
"Legumina, Casey",ST,breaking,48,1.24,1.41,1.62,0.212,0.65,141.2,-0.45
"Ginn, J.T.",CH,offspeed,180,1.22,0.7,0.91,0.211,0.16,12.8,-0.101
"Santana, Dennis",SL,breaking,121,1.65,1.73,1.93,0.207,0.37,75.4,-0.761
"Brazobán, Huascar",CH,offspeed,159,1.17,0.66,0.87,0.206,0.24,9,-0.074
"Leahy, Kyle",CH,offspeed,108,1.01,0.83,1.04,0.205,0.2,22.8,-0.141
"Garcia, Julian",ST,breaking,81,1.83,2.44,2.65,0.204,0.53,141.3,-0.32
"Mattson, Isaac",SL,breaking,42,0.46,1.32,1.53,0.204,0.53,118.7,-0.7
"Peralta, Wandy",CH,offspeed,160,0.84,1.06,1.27,0.201,0.24,7.7,-0.111
"Bachar, Lake",ST,breaking,79,2.76,2.52,2.72,0.199,0.36,168.9,-0.621
"Funderburk, Kody",ST,breaking,46,0.64,1.38,1.58,0.198,0.55,167.6,-0.116
"Wells, Tyler",SL,breaking,64,1,0.74,0.94,0.197,0.28,44.4,-0.513
"Jump, Gage",CU,breaking,59,0.56,1.12,1.31,0.197,0.61,169.9,-0.263
"Rodón, Carlos",SL,breaking,92,1.54,1.55,1.74,0.196,0.38,138.8,-0.816
"Springs, Jeffrey",SL,breaking,189,0.62,0.71,0.9,0.192,0.43,79.3,-0.675
"Sánchez, Cristopher",CH,offspeed,438,1.69,1.21,1.4,0.188,0.33,14.8,-0.068
"Griffin, Foster",CH,offspeed,87,1.43,1.3,1.49,0.188,0.31,17.6,-0.019
"Ryan, Joe",ST,breaking,141,1.58,1.63,1.82,0.187,0.75,160.5,-0.375
"Matz, Steven",SL,breaking,50,0.63,1.54,1.72,0.186,0.76,163.2,-0.57
"Strahm, Matt",CH,offspeed,40,1.11,0.9,1.08,0.185,0.3,37.8,-0.164
"Rolison, Ryan",SL,breaking,51,0.5,1.21,1.39,0.185,0.35,128.5,-0.399
"Matsui, Yuki",SL,breaking,75,1.83,1.15,1.33,0.182,0.27,58.2,-0.686
"Gage, Matt",SL,breaking,106,0.97,1.06,1.25,0.181,0.3,91.7,-0.61
"Abbott, Andrew",ST,breaking,209,1.71,1.36,1.54,0.181,0.52,149.6,-0.487
"Eisert, Brandon",CH,offspeed,52,0.83,0.68,0.86,0.18,0.17,16,-0.048
"Flaherty, Jack",KC,breaking,139,1.63,1.68,1.85,0.179,0.78,156.4,-0.085
"Kerkering, Orion",ST,breaking,134,1.11,1.45,1.63,0.178,0.49,169.6,-0.488
"Irvin, Jake",CU,breaking,119,2.1,1.12,1.3,0.177,0.73,158.4,-0.042
"Faucher, Calvin",CU,breaking,48,1.34,1.13,1.31,0.177,0.56,172.9,-0.015
"Ashby, Aaron",CU,breaking,57,3.36,3.41,3.59,0.177,0.63,173.3,0.047
"Gausman, Kevin",SL,breaking,82,1.94,1.83,2,0.176,0.36,56.9,-0.792
"Ashcraft, Braxton",SL,breaking,247,0.87,0.99,1.17,0.176,0.25,43.7,-0.58
"Eovaldi, Nathan",CU,breaking,195,2.37,1.38,1.56,0.175,0.83,173.4,-0.135
"Herrin, Tim",SL,breaking,80,2.36,1.24,1.42,0.175,0.36,123.5,-0.557
"Cabrera, Edward",CH,offspeed,210,0.72,0.47,0.64,0.173,0.14,15.1,-0.011
"Cole, Gerrit",KC,breaking,55,0.47,0.83,1,0.172,0.8,174.9,-0.122
"Leasure, Jordan",SL,breaking,59,1.41,1.36,1.53,0.171,0.3,60.6,-0.607
"Rocker, Kumar",SL,breaking,312,2.44,2.12,2.29,0.169,0.41,166.3,-0.599
"Legumina, Casey",SL,breaking,42,0.47,1.2,1.36,0.167,0.31,76.3,-0.612
"Anderson, Drew",CH,offspeed,168,0.99,1.06,1.23,0.166,0.19,39.8,-0.175
"Leahy, Kyle",CU,breaking,114,1.32,1.15,1.32,0.165,0.45,160.8,-0.056
"Wacha, Michael",CH,offspeed,239,0.93,1.42,1.59,0.164,0.57,39.7,-0.2
"Burke, Sean",SL,breaking,176,1.46,1.39,1.55,0.164,0.29,43.5,-0.539
"Cavalli, Cade",ST,breaking,94,1.42,0.93,1.09,0.163,0.48,175.8,-0.071
"Ryan, Joe",SL,breaking,56,1.01,1.03,1.2,0.162,0.28,55.4,-0.715
"Mize, Casey",SL,breaking,153,0.56,0.83,0.99,0.162,0.27,43.9,-0.634
"Vodnik, Victor",CH,offspeed,45,0.82,0.91,1.07,0.162,0.18,31.7,0.048
"Bigge, Hunter",SL,breaking,57,1.29,1.53,1.69,0.162,0.34,66.8,-0.59
"Kelly, Merrill",CH,offspeed,259,0.77,0.59,0.75,0.161,0.15,15.7,-0.058
"Bidois, Brandan",SL,breaking,57,2.3,1.39,1.55,0.161,0.38,93.5,-0.607
"Burke, Sean",KC,breaking,157,1.5,1.17,1.33,0.16,0.66,174.7,-0.037
"Lord, Brad",ST,breaking,61,0.63,1.19,1.35,0.16,0.68,167.1,-0.592
"Martin, Davis",CH,offspeed,137,0.2,0.59,0.75,0.159,0.17,25.4,-0.131
"Jax, Griffin",CH,offspeed,175,1.32,0.99,1.15,0.157,0.18,16.3,-0.066
"Ryan, Joe",FS,offspeed,118,0.66,0.67,0.83,0.157,0.18,15.8,-0.092
"Meyer, Max",ST,breaking,253,1.26,2.85,3,0.153,0.26,159.4,-0.504
"Hill, Jaden",SL,breaking,53,1.98,1.14,1.29,0.153,0.29,116.4,-0.664
"Yamamoto, Yoshinobu",FS,offspeed,267,0.87,0.86,1.01,0.153,0.17,22.3,-0.124
"Singer, Brady",SL,breaking,246,1.52,1.21,1.36,0.15,0.37,121.6,-0.408
"Lee, Dylan",CH,offspeed,51,1.63,1.2,1.35,0.149,0.26,16.6,-0.002
"Avila, Luinder",CH,offspeed,51,0.96,0.94,1.09,0.149,0.27,34.4,0.113
"Rangel, Alan",CH,offspeed,91,1.81,2.37,2.52,0.147,0.53,21.5,-0.053
"Gray, Sonny",CU,breaking,100,1.57,1.08,1.23,0.146,0.6,174.2,0.318
"Varland, Gus",SL,breaking,107,0.9,1.25,1.39,0.146,0.35,97.6,-0.833
"Taylor, Grant",CU,breaking,82,2.43,2.75,2.89,0.146,0.58,176.6,-0.049
"Raley, Brooks",ST,breaking,119,0.84,0.88,1.02,0.145,0.42,155.6,-0.169
"Gómez, Yoendrys",ST,breaking,88,1.33,1.33,1.47,0.145,0.51,131.6,-0.381
"Mlodzinski, Carmen",ST,breaking,59,1,1.27,1.42,0.144,0.49,167.5,-0.314
"deGrom, Jacob",CU,breaking,45,2.04,1.18,1.32,0.142,0.93,148.2,-0.284
"Beeter, Clayton",SL,breaking,124,1.93,2.31,2.45,0.142,0.43,171.3,-0.43
"Arrighetti, Spencer",CU,breaking,187,1.44,1.98,2.12,0.141,0.73,168.2,-0.125
"Cleavinger, Garrett",ST,breaking,41,3.2,1.77,1.91,0.14,1,154.4,-0.176
"McLean, Nolan",CH,offspeed,71,0.66,1,1.14,0.14,0.34,29.6,-0.098
"Lauer, Eric",SL,breaking,56,0.49,0.91,1.05,0.139,0.36,94.8,-0.638
"Pérez, Cionel",SV,breaking,98,1.48,1.85,1.99,0.138,0.52,171.3,-0.415
"Matsui, Yuki",FS,offspeed,94,2.43,1.2,1.34,0.138,0.34,37.4,-0.237
"Uribe, Abner",SL,breaking,90,2.87,2.31,2.45,0.138,0.42,134.6,-0.346
"Romano, Jordan",SL,breaking,78,2.22,1.25,1.39,0.137,0.41,135.4,-0.554
"King, Michael",ST,breaking,161,1.17,1.13,1.27,0.137,0.54,152.5,-0.314
"Johnson, Ryan",FS,offspeed,103,1.67,0.82,0.96,0.137,0.35,21.7,-0.097
"Franco, Jose",SL,breaking,64,1.75,1.44,1.58,0.136,0.34,104.5,-0.788
"Morejon, Adrian",SL,breaking,63,0.97,1.42,1.55,0.132,0.32,133.2,-0.489
"Sabrowski, Erik",CU,breaking,51,3.18,2.46,2.59,0.132,0.46,173.6,-0.266
"Wells, Tyler",CH,offspeed,111,1.23,0.66,0.79,0.131,0.23,15.5,0.026
"Kelly, Merrill",SL,breaking,100,1.73,0.63,0.76,0.13,0.24,59.4,-0.631
"Suarez, José",CH,offspeed,138,1.64,1.17,1.3,0.13,0.32,17.6,-0.08
"Ober, Bailey",CH,offspeed,234,0.87,0.78,0.91,0.129,0.32,35,0.13
"Junk, Janson",ST,breaking,91,0.71,0.96,1.09,0.129,0.97,143,-0.401
"Gasser, Robert",ST,breaking,122,1.04,1.16,1.29,0.129,0.61,139.3,-0.329
"Valdez, Framber",CH,offspeed,177,0.35,0.55,0.67,0.128,0.2,12.7,-0.032
"Soriano, George",SL,breaking,85,1.82,2.2,2.33,0.128,0.3,63.1,-0.735
"Ribalta, Orlando",SL,breaking,115,1.14,1.48,1.61,0.128,0.29,34.1,-0.655
"Rodriguez, Grayson",SL,breaking,45,1.3,1.89,2.02,0.127,0.6,122.8,-0.685
"Nunez, Anthony",ST,breaking,96,3.36,1.96,2.09,0.127,0.37,158.1,-0.326
"Early, Connelly",CH,offspeed,149,0.51,1.41,1.53,0.126,0.41,36.7,-0.102
"Drohan, Shane",CU,breaking,78,1.81,1.32,1.45,0.125,0.79,174.8,-0.239
"López, Reynaldo",CU,breaking,59,0.72,1.15,1.27,0.12,1.19,161.7,-0.295
"Junk, Janson",SL,breaking,122,0.21,0.89,1.01,0.119,0.31,73.2,-0.551
"Wilcox, Cole",SL,breaking,46,2.27,2.72,2.84,0.119,0.38,139.2,-0.766
"Liberatore, Matthew",SL,breaking,212,1.34,1.27,1.39,0.118,0.37,99.4,-0.72
"Young, Brandon",SL,breaking,115,2.57,1.29,1.41,0.118,0.35,46.7,-0.727
"Banda, Anthony",SL,breaking,110,1.85,1.55,1.67,0.117,0.39,169.8,-0.681
"Cantillo, Joey",SL,breaking,56,2.05,1.33,1.45,0.117,0.42,158.6,-0.461
"Henderson, Logan",CH,offspeed,117,1.66,1.45,1.56,0.117,0.39,37.8,-0.052
"Mikolas, Miles",SL,breaking,170,0.34,0.48,0.6,0.116,0.25,31,-0.512
"Brogdon, Connor",CH,offspeed,51,1.08,1.16,1.28,0.116,0.28,33.5,-0.006
"Peralta, Freddy",CU,breaking,130,1.53,1,1.12,0.115,0.48,143.9,-0.434
"Skenes, Paul",FS,offspeed,125,0.35,0.5,0.62,0.115,0.12,12.7,-0.069
"Granillo, Andre",SL,breaking,40,0.48,0.82,0.93,0.114,0.41,,-0.653
"Harrison, Kyle",SV,breaking,183,1.53,2.22,2.34,0.113,0.5,169,-0.501
"Paredes, Mike",ST,breaking,59,1.33,0.89,1.01,0.113,0.53,132.4,-0.195
"Lorenzen, Michael",CU,breaking,90,1.13,1.82,1.94,0.112,0.34,160.6,-0.358
"Bieber, Shane",CH,offspeed,45,0.73,0.73,0.84,0.112,0.17,26.1,-0.097
"Wheeler, Zack",CU,breaking,59,1.92,2.55,2.66,0.111,0.45,175.7,-0.104
"Sulser, Cole",CH,offspeed,144,1.38,1.16,1.27,0.109,0.24,22.4,-0.184
"Brash, Matt",SL,breaking,61,1.38,2.68,2.79,0.109,0.38,170.6,-0.417
"Burrows, Mike",SL,breaking,136,0.52,0.69,0.8,0.109,0.21,34.8,-0.469
"Sisk, Evan",CU,breaking,60,1.63,1.82,1.93,0.109,0.57,160.8,-0.047
"Scherzer, Max",SL,breaking,53,0.79,0.94,1.05,0.107,0.26,46.6,-0.627
"Cameron, Noah",SL,breaking,105,1.43,1.12,1.23,0.107,0.29,63.8,-0.732
"Bibee, Tanner",CH,offspeed,125,1.22,1.96,2.07,0.105,0.53,8.8,0.029
"Leiter, Jack",SL,breaking,117,1.98,1.76,1.87,0.104,0.4,124.1,-0.698
"Kent, Zak",SL,breaking,45,1.26,0.74,0.84,0.104,0.26,101.5,-0.227
"Taillon, Jameson",CH,offspeed,110,0.9,0.98,1.08,0.102,0.32,24.3,-0.05
"Holmes, Clay",CH,offspeed,72,0.93,0.69,0.79,0.102,0.22,27.5,-0.04
"Suarez, Ranger",CH,offspeed,104,0.94,1.1,1.2,0.101,0.42,20.5,-0.094
"Burke, Brock",CH,offspeed,69,0.87,1.52,1.62,0.101,0.42,13,-0.121
"Akin, Keegan",SL,breaking,58,0.69,0.9,1,0.101,0.27,32.2,-0.63
"Duran, Jhoan",FS,offspeed,145,0.46,0.37,0.47,0.1,0.13,5.5,-0.092
"Javier, Cristian",CH,offspeed,40,0.89,0.89,0.99,0.1,0.2,44.4,-0.076
"Adam, Jason",CH,offspeed,86,0.57,0.81,0.91,0.099,0.17,20.6,-0.056
"Valdez, Framber",SL,breaking,42,1.71,0.95,1.05,0.099,0.34,119.6,-0.606
"Leahy, Kyle",SL,breaking,137,0.44,0.67,0.77,0.099,0.25,54.2,-0.428
"Morán, Jovani",CH,offspeed,114,2.86,1.44,1.53,0.096,0.42,29.4,0.023
"Kolek, Stephen",CH,offspeed,50,0.38,0.82,0.91,0.096,0.22,15.6,-0.177
"Jones, Jared",SL,breaking,132,1.23,1.86,1.96,0.095,0.27,103.5,-0.665
"Ober, Bailey",ST,breaking,70,3.01,1.5,1.6,0.094,0.97,149.5,-0.314
"King, Michael",CH,offspeed,311,0.92,0.96,1.05,0.094,0.29,28.3,0.147
"Sugano, Tomoyuki",ST,breaking,66,0.88,1,1.09,0.091,0.42,139.9,-0.561
"Pérez, Martín",CU,breaking,44,1.22,0.86,0.95,0.09,0.61,162.1,-0.612
"Santana, Dennis",CH,offspeed,54,0.76,0.77,0.86,0.09,0.2,12.7,-0.074
"Watson, Ryan",ST,breaking,89,1.46,1.16,1.25,0.09,0.42,120.6,-0.573
"Miller, Bryce",FS,offspeed,137,1.14,1.72,1.81,0.088,0.41,19.1,-0.192
"Elder, Bryce",SL,breaking,231,1.14,1.57,1.65,0.088,0.35,165,-0.443
"Lorenzen, Michael",ST,breaking,55,1.66,1.34,1.43,0.087,0.41,169.2,-0.631
"Fedde, Erick",CH,offspeed,71,0.35,0.51,0.6,0.087,0.16,21.8,-0.135
"Avila, Luinder",CU,breaking,74,0.61,1.62,1.71,0.087,0.59,137.4,-0.233
"Skubal, Tarik",SL,breaking,91,0.54,1.04,1.12,0.086,0.31,37.5,-0.652
"Vásquez, Randy",SL,breaking,51,1.74,1.26,1.35,0.086,0.38,105.2,-0.529
"Varland, Louis",CH,offspeed,77,1.16,1.08,1.16,0.086,0.24,17.1,-0.163
"Dobbins, Hunter",SL,breaking,43,0.42,0.91,0.99,0.085,0.29,73.6,-0.331
"Keller, Brad",SL,breaking,55,0.65,0.86,0.94,0.083,0.5,129,-0.255
"deGrom, Jacob",SL,breaking,339,1.35,1.26,1.35,0.081,0.23,67.7,-0.57
"McGreevy, Michael",CH,offspeed,172,0.8,0.56,0.64,0.08,0.18,11.7,-0.132
"Clarke, Taylor",SL,breaking,96,1.3,0.84,0.92,0.079,0.27,47.1,-0.525
"Liberatore, Matthew",CH,offspeed,123,0.5,0.84,0.92,0.079,0.26,20.2,-0.007
"Martin, Davis",SL,breaking,139,1.75,0.96,1.03,0.078,0.3,109.2,-0.574
"Littell, Zack",SL,breaking,229,0.18,0.29,0.36,0.077,0.2,13.1,-0.333
"Lynch IV, Daniel",SL,breaking,82,2.2,1.08,1.16,0.077,0.32,84,-0.745
"Phillips, Tyler",ST,breaking,120,1.81,1.49,1.57,0.077,0.51,153.3,-0.544
"Dobbins, Hunter",ST,breaking,51,1.27,1.23,1.31,0.077,0.54,132.9,-0.185
"Seabold, Connor",CH,offspeed,41,0.42,1.29,1.36,0.075,0.34,50.2,-0.122
"Gilbert, Logan",CU,breaking,77,2.34,1.87,1.95,0.075,0.68,166.6,
"Bednar, David",CU,breaking,61,3.34,1.41,1.48,0.075,1.35,162.4,-0.398
"Lodolo, Nick",CH,offspeed,132,0.83,0.73,0.8,0.074,0.19,7.8,-0.017
"Taillon, Jameson",ST,breaking,123,1.38,1.58,1.65,0.073,0.48,146.1,-0.341
"Zeferjahn, Ryan",ST,breaking,157,1.45,1.55,1.62,0.073,0.46,125.8,-0.296
"Bachar, Lake",SL,breaking,79,1.91,1.34,1.42,0.071,0.19,21.9,-0.743
"Leahy, Kyle",ST,breaking,105,1.26,1.52,1.59,0.071,0.47,140,-0.305
"Miller, Mason",SL,breaking,161,6.04,3.53,3.6,0.07,0.39,165.3,-0.252
"Griffin, Foster",CU,breaking,96,1.27,0.64,0.71,0.069,0.55,176.9,-0.122
"Elder, Bryce",CH,offspeed,71,1.07,0.81,0.88,0.069,0.2,28.5,-0.12
"Latz, Jacob",SL,breaking,66,1.95,1.34,1.41,0.068,0.35,83.1,-0.683
"Morgan, Eli",SL,breaking,45,1.82,0.8,0.87,0.068,0.19,58.9,-0.744
"Sheehan, Emmet",CU,breaking,62,1.16,1.31,1.38,0.068,1.13,166.2,-0.164
"Prielipp, Connor",CH,offspeed,71,0.77,1.32,1.39,0.068,0.38,10,-0.09
"Paredes, Mike",CH,offspeed,69,0.49,0.68,0.75,0.068,0.19,31.5,-0.017
"Silseth, Chase",FS,offspeed,94,1.74,1.11,1.18,0.067,0.23,36.7,-0.159
"Melton, Troy",FS,offspeed,44,0.89,1.1,1.17,0.066,0.21,25.6,-0.133
"Jameson, Drey",SL,breaking,43,2.24,1.49,1.55,0.066,0.49,90.6,-0.82
"Quintana, Jose",CH,offspeed,63,0.78,0.61,0.68,0.064,0.18,28.1,0.109
"Scholtens, Jesse",SL,breaking,95,0.35,0.58,0.64,0.064,0.2,20.9,-0.445
"Brubaker, JT",CH,offspeed,47,0.22,0.48,0.54,0.061,0.18,11.5,-0.044
"Sears, JP",CH,offspeed,48,0.43,0.66,0.72,0.061,0.39,28.6,0.006
"Morgan, David",CU,breaking,42,3.75,0.95,1.02,0.061,0.5,164.7,-0.022
"Megill, Trevor",KC,breaking,115,3.43,4.82,4.88,0.06,0.28,159.9,-0.715
"Hernández, Jonathan",SL,breaking,50,0.77,1.21,1.26,0.059,0.27,93.3,-0.613
"Banks, Tanner",SL,breaking,95,0.2,0.41,0.47,0.058,0.26,41.6,-0.463
"Dobnak, Randy",CH,offspeed,55,0.69,0.65,0.71,0.058,0.35,29.1,-0.223
"Woo, Bryan",CH,offspeed,61,0.45,0.88,0.94,0.058,0.23,10.2,-0.061
"Milner, Hoby",FF,fastball,47,0.06,0.16,0.21,0.057,,3.7,0
"Severino, Luis",ST,breaking,115,1.01,1.11,1.17,0.057,0.52,137.9,-0.302
"Drohan, Shane",SL,breaking,134,1.51,1.38,1.43,0.057,0.39,142.2,-0.679
"Cavalli, Cade",KC,breaking,223,1.96,0.93,0.99,0.057,0.44,176.1,-0.041
"Chandler, Bubba",CH,offspeed,137,0.69,1.15,1.21,0.057,0.24,23.9,-0.004
"Cease, Dylan",SL,breaking,308,1.72,1.97,2.03,0.056,0.29,66.4,-0.647
"Ashby, Aaron",SL,breaking,63,5.7,4.75,4.8,0.056,0.52,170.3,-0.405
"Lambert, Peter",SL,breaking,114,0.97,1.19,1.25,0.055,0.28,110.5,-0.698
"Scott, Christian",ST,breaking,130,1.35,0.93,0.99,0.055,0.61,148.6,-0.347
"Gaddis, Hunter",SL,breaking,144,1.08,0.68,0.74,0.055,0.24,52.7,-0.45
"Weaver, Luke",CH,offspeed,135,1.49,1.16,1.22,0.054,0.29,14.8,-0.159
"Tolle, Payton",CU,breaking,54,3.16,1.49,1.55,0.054,0.56,158.1,-0.457
"Wheeler, Zack",FS,offspeed,142,2.04,1.04,1.09,0.053,0.19,14.4,0.056
"Lorenzen, Michael",SL,breaking,74,0.62,1.22,1.27,0.052,0.26,119.1,-0.787
"Woods Richardson, Simeon",SL,breaking,102,0.53,0.73,0.79,0.052,0.28,33.5,-0.428
"Leiter, Jack",CH,offspeed,122,0.93,1.1,1.15,0.052,0.27,11.1,-0.193
"Nola, Aaron",KC,breaking,341,1.63,1.55,1.6,0.051,0.69,173.1,-0.093
"Peterson, David",SL,breaking,184,0.72,0.77,0.82,0.051,0.28,72.7,-0.49
"Miles, Spencer",CU,breaking,129,0.45,1.43,1.48,0.051,0.74,175.4,-0.057
"Bachman, Sam",CH,offspeed,45,0.75,0.99,1.04,0.051,0.23,25.7,-0.107
"Buehler, Walker",ST,breaking,70,0.86,1.16,1.21,0.05,0.48,122.2,-0.361
"Keller, Mitch",CH,offspeed,76,0.59,0.63,0.68,0.05,0.14,19.5,-0.011
"Kay, Anthony",ST,breaking,140,1.82,1.1,1.15,0.047,0.54,160.2,-0.323
"Winn, Cole",SL,breaking,73,2.11,2.35,2.4,0.047,0.28,145,-0.658
"Woods Richardson, Simeon",FS,offspeed,102,0.51,0.89,0.94,0.047,0.24,24.9,-0.048
"Pfaadt, Brandon",CU,breaking,67,1.06,0.95,1,0.047,0.41,170.1,0.029
"Alcantara, Sandy",CH,offspeed,263,0.67,0.89,0.94,0.046,0.2,10.3,-0.065
"Bradley, Taj",FS,offspeed,184,1.06,0.9,0.95,0.046,0.19,14.7,-0.162
"Seymour, Ian",CH,offspeed,194,1.39,1.14,1.19,0.046,0.29,22.6,0.015
"Klein, Will",ST,breaking,108,1.19,3.2,3.24,0.046,0.39,171.8,-0.502
"Quintana, Jose",CU,breaking,57,0.86,0.88,0.93,0.045,0.48,146.4,-0.33
"Cano, Yennier",FS,offspeed,74,0.77,0.41,0.45,0.045,0.24,11.8,0.067
"Anderson, Drew",CU,breaking,81,1.32,1.01,1.05,0.044,0.62,175.9,0.06
"Lambert, Peter",ST,breaking,58,1.09,0.86,0.9,0.044,0.45,159.6,-0.435
"Agnos, Zach",FS,offspeed,63,1.52,1.01,1.05,0.044,0.21,27.6,-0.097
"Sugano, Tomoyuki",FS,offspeed,152,1.12,0.54,0.59,0.043,0.24,7.9,-0.074
"Clarke, Taylor",CH,offspeed,97,0.43,0.64,0.68,0.043,0.19,26.2,0.019
"Whitlock, Garrett",CH,offspeed,58,1.35,1.38,1.42,0.042,0.37,37.3,-0.127
"Cleavinger, Garrett",SL,breaking,120,0.81,1.31,1.35,0.04,0.34,103,-0.541
"Kochanowicz, Jack",SL,breaking,52,1.44,2.7,2.74,0.04,0.38,172,-0.482
"McLean, Nolan",CU,breaking,134,0.98,2.16,2.2,0.039,0.64,174.6,0.014
"Painter, Andrew",SL,breaking,105,0.9,1.3,1.34,0.039,0.27,58.9,-0.467
"Skenes, Paul",ST,breaking,121,0.98,1.4,1.44,0.039,0.61,143.8,-0.61
"Petersen, Michael",SL,breaking,84,1.56,2.13,2.17,0.038,0.38,143,-0.773
"Mize, Casey",FS,offspeed,173,1.14,0.82,0.85,0.037,0.23,20.9,-0.05
"Zuber, Tyler",ST,breaking,44,0.67,0.82,0.86,0.037,0.57,145.9,-0.398
"Shugart, Chase",ST,breaking,50,0.89,0.92,0.96,0.036,0.5,155,-0.374
"Pallante, Andre",SL,breaking,267,1.07,0.97,1,0.036,0.29,76.1,-0.49
"Schultz, Noah",CH,offspeed,58,0.5,0.79,0.83,0.036,0.22,11.9,0.005
"Mikolas, Miles",CH,offspeed,54,0.18,0.85,0.89,0.035,0.29,25.2,-0.051
"Rolison, Ryan",CU,breaking,52,1.16,1.23,1.26,0.035,0.72,169.2,0.092
"Akin, Keegan",CH,offspeed,55,0.43,0.89,0.93,0.035,0.29,22.7,0.036
"Soto, Gregory",SL,breaking,98,2.49,2.28,2.31,0.034,0.58,141.1,-0.699
"Jax, Griffin",ST,breaking,137,1.42,1.95,1.98,0.034,0.36,162.6,-0.487
"Flaherty, Jack",SL,breaking,174,1.57,0.99,1.03,0.034,0.34,87.8,-0.433
"Barnett, Mason",ST,breaking,43,0.54,1.48,1.51,0.034,0.48,154.4,-0.237
"deGrom, Jacob",CH,offspeed,109,1.61,1.25,1.28,0.033,0.23,16,-0.061
"Sewald, Paul",ST,breaking,107,1.74,0.83,0.87,0.033,0.36,159.9,-0.413
"Mahle, Tyler",FS,offspeed,212,0.88,0.87,0.91,0.033,0.25,15.7,-0.092
"Hart, Kyle",SL,breaking,49,0.44,0.54,0.57,0.032,0.23,49.7,-0.467
"Gore, MacKenzie",CH,offspeed,99,1.62,1.38,1.42,0.032,0.29,28,0.028
"Montero, Keider",KC,breaking,109,0.65,1.51,1.54,0.032,0.79,169.8,-0.283
"Petty, Chase",CH,offspeed,41,1.9,1.32,1.35,0.032,0.31,23.4,-0.091
"Rea, Colin",CH,offspeed,158,0.73,0.85,0.88,0.031,0.2,33,-0.019
"Rogers, Tyler",SI,fastball,266,0.11,0.12,0.15,0.03,,5,0
"Latz, Jacob",CH,offspeed,68,1.37,1.44,1.47,0.03,0.28,23.9,-0.007
"Harris, Hogan",CU,breaking,90,1.43,1.4,1.43,0.03,1.29,172.7,-0.037
"Ohtani, Shohei",ST,breaking,173,2.2,2.3,2.32,0.027,0.62,150.6,-0.218
"Feltner, Ryan",ST,breaking,60,1.4,1.64,1.66,0.027,0.49,149.6,-0.35
"Soriano, George",CH,offspeed,114,1.13,0.99,1.02,0.027,0.2,30.5,-0.101
"Painter, Andrew",CU,breaking,51,0.73,1.14,1.17,0.027,0.56,145.3,-0.268
"Roupp, Landen",CU,breaking,224,1.45,0.81,0.84,0.027,0.93,177.1,0.012
"Feltner, Ryan",SL,breaking,132,0.66,0.75,0.78,0.026,0.2,37.1,-0.402
"Lowder, Rhett",CH,offspeed,119,0.81,0.89,0.92,0.026,0.29,29.9,0.015
"Houser, Adrian",CH,offspeed,126,1.36,1.35,1.38,0.025,0.35,14.6,-0.091
"Phillips, Tyler",FS,offspeed,164,1,1.29,1.31,0.025,0.31,27,0.02
"Yesavage, Trey",SL,breaking,184,1.42,1.23,1.25,0.025,0.27,14.7,-0.526
"Sommers, Drew",SI,fastball,54,0.11,0.14,0.16,0.025,,4.7,-0.04
"McCullers Jr., Lance",CH,offspeed,46,1.81,0.65,0.67,0.024,0.26,28.4,0.092
"Vesia, Alex",CH,offspeed,46,3.19,1.55,1.58,0.024,0.57,31.8,0.009
"Hughes, Gabriel",FF,fastball,120,0.19,0.16,0.18,0.024,,4.6,0
"Early, Connelly",CU,breaking,68,0.89,1.45,1.48,0.024,0.48,171.3,-0.216
"Rodriguez, Eduardo",CH,offspeed,259,0.52,0.88,0.9,0.023,0.21,21.8,0.033
"Yarbrough, Ryan",ST,breaking,62,1.52,1.57,1.6,0.023,1.17,148.3,-0.331
"Roupp, Landen",CH,offspeed,215,0.86,0.71,0.73,0.023,0.21,26.9,0.018
"Gray, Sonny",FF,fastball,129,0.12,0.22,0.24,0.022,,6.5,0
"Quantrill, Cal",FS,offspeed,96,0.52,0.95,0.98,0.022,0.27,22.1,-0.052
"Maton, Phil",FC,fastball,94,0.23,0.33,0.36,0.022,,29,-0.139
"Holderman, Colin",ST,breaking,90,2.21,1.44,1.47,0.022,0.41,151.3,-0.442
"Lodolo, Nick",CU,breaking,110,2.24,2.24,2.26,0.021,0.51,171.5,-0.513
"Cavalli, Cade",CH,offspeed,68,0.45,1.16,1.18,0.021,0.33,26.1,0.125
"Bradish, Kyle",FF,fastball,160,0.16,0.18,0.2,0.021,,5.3,0
"Castillo, Luis",SL,breaking,226,0.98,1.39,1.41,0.02,0.32,109.4,-0.747
"Rasmussen, Drew",SI,fastball,166,0.09,0.18,0.2,0.02,,11.2,-0.011
"Cruz, Steven",SL,breaking,42,0.46,1.18,1.2,0.02,0.29,80.8,-0.496
"Misiorowski, Jacob",FF,fastball,562,0.57,0.31,0.33,0.02,,3,0
"Pintaro, Jonathan",FC,fastball,53,0.62,0.28,0.3,0.02,,16.3,-0.404
"Freeland, Kyle",CH,offspeed,121,0.58,0.56,0.58,0.019,0.22,16.2,0.087
"Abner, Philip",FF,fastball,47,0.17,0.18,0.19,0.019,,5.6,0
"Eovaldi, Nathan",FS,offspeed,384,0.74,0.83,0.85,0.018,0.21,11.2,-0.107
"Abreu, Bryan",SL,breaking,136,2.04,2,2.02,0.018,0.35,159.8,-0.398
"Buehler, Walker",CH,offspeed,76,0.61,0.86,0.87,0.017,0.17,34.2,0.015
"Herget, Jimmy",SI,fastball,44,0.03,0.13,0.15,0.017,,11.4,0.007
"Festa, Matt",FF,fastball,148,0.31,0.23,0.25,0.017,,6.2,0
"Perkins, Jack",CH,offspeed,111,1.37,0.98,1,0.017,0.18,29.1,-0.005
"Soroka, Michael",SV,breaking,197,1.72,1.3,1.32,0.016,0.54,170.4,-0.14
"Kilian, Caleb",SI,fastball,41,0.27,0.18,0.19,0.016,,5.4,0.017
"Gordon, Tanner",CH,offspeed,111,0.71,0.91,0.92,0.016,0.34,17.8,-0.008
"Lord, Brad",SL,breaking,96,0.89,0.99,1.01,0.016,0.42,160.7,-0.765
"Glasnow, Tyler",SL,breaking,46,1.21,1.38,1.39,0.015,0.25,87.6,-0.51
"Keller, Mitch",ST,breaking,142,0.9,1.2,1.21,0.015,0.48,157,-0.251
"Lord, Brad",FF,fastball,184,0.22,0.18,0.19,0.015,,3.5,0
"Coulombe, Danny",SI,fastball,46,0.06,0.15,0.16,0.014,,4.1,-0.004
"Pivetta, Nick",FF,fastball,77,0.29,0.18,0.2,0.014,,3.7,0
"Glasnow, Tyler",FF,fastball,84,0.19,0.25,0.26,0.014,,4.1,0
"Glasnow, Tyler",SI,fastball,55,0.26,0.21,0.22,0.014,,7.1,-0.024
"Buehler, Walker",SL,breaking,94,0.52,0.94,0.95,0.014,0.32,76.8,-0.455
"Buehler, Walker",KC,breaking,83,0.66,0.83,0.84,0.013,0.58,167.7,-0.029
"Canning, Griffin",CH,offspeed,136,0.38,0.82,0.84,0.013,0.2,29.7,-0.037
"Alvarado, Elvis",SL,breaking,68,2.07,2.56,2.57,0.013,0.36,57.3,-0.826
"Poulin, PJ",FF,fastball,71,0.07,0.15,0.16,0.013,,3,0
"Pérez, Martín",CH,offspeed,225,1.12,0.99,1,0.012,0.32,11.4,0.028
"Ray, Robbie",CH,offspeed,185,0.84,0.93,0.95,0.012,0.24,7.2,-0.021
"Stanek, Ryne",FS,offspeed,57,1.17,1.55,1.56,0.012,0.28,23.9,-0.061
"Taillon, Jameson",CU,breaking,43,0.62,1.44,1.45,0.012,0.61,164.4,-0.173
"Freeland, Kyle",SI,fastball,42,0.46,0.17,0.18,0.012,,6.2,-0.036
"Kay, Anthony",CH,offspeed,122,0.65,1.21,1.22,0.012,0.27,21,-0.032
"Wells, Tyler",FF,fastball,112,0.26,0.18,0.19,0.012,,3,0
"Avila, Luinder",SI,fastball,149,0.18,0.19,0.21,0.012,,6.3,-0.025
"Feltner, Ryan",FF,fastball,145,0.19,0.2,0.21,0.011,,4,0
"Lovelady, Richard",FF,fastball,50,0.14,0.21,0.22,0.011,,7.5,0
"Fairbanks, Pete",FF,fastball,152,0.24,0.22,0.23,0.011,,3.5,0
"Maton, Phil",SI,fastball,43,0.29,0.18,0.19,0.011,,4.2,0
"Pallante, Andre",FF,fastball,261,0.15,0.17,0.18,0.011,,4.8,0
"Sanders, Cam",SL,breaking,51,2.36,1.67,1.68,0.011,0.34,101.8,-0.621
"Sterner, Justin",FF,fastball,149,0.15,0.17,0.18,0.011,,2.6,0
"Pérez, Eury",CH,offspeed,67,1.53,1.16,1.17,0.011,0.22,17.1,0.018
"Feltner, Ryan",SI,fastball,81,0.15,0.17,0.18,0.01,,6.1,-0.085
"Alvarez, Andrew",FF,fastball,119,0.16,0.17,0.18,0.01,,4.6,0
"Junk, Janson",CH,offspeed,95,0.86,1.26,1.27,0.01,0.29,30.3,-0.067
"Kelly, Zack",FC,fastball,50,0.37,0.22,0.23,0.01,,8.5,-0.393
"Abel, Mick",FF,fastball,74,0.28,0.24,0.25,0.01,,3.2,0
"Jansen, Kenley",FC,fastball,187,0.24,0.26,0.27,0.009,,5,-0.188
"Romano, Jordan",FF,fastball,61,0.27,0.18,0.19,0.009,,7.4,0
"Banks, Tanner",FF,fastball,65,0.48,0.15,0.16,0.009,,4.1,0
"Williams, Devin",CH,offspeed,179,1.09,1.43,1.44,0.009,0.37,47.5,-0.019
"Hill, Tim",SI,fastball,227,0.1,0.18,0.19,0.009,,3.9,-0.032
"Estrada, Jeremiah",FF,fastball,100,0.25,0.2,0.2,0.009,,3,0
"Dion, Will",FF,fastball,68,0.3,0.18,0.19,0.009,,3.7,0
"Yesavage, Trey",FF,fastball,327,0.22,0.16,0.17,0.009,,3.1,0
"Blubaugh, AJ",CH,offspeed,114,1.48,1.46,1.47,0.009,0.31,33,-0.22
"Yamamoto, Yoshinobu",SI,fastball,106,0.08,0.16,0.17,0.009,,3.9,-0.076
"Kelly, Merrill",FC,fastball,132,0.12,0.19,0.2,0.008,,8.6,-0.146
"Milner, Hoby",ST,breaking,64,0.76,0.45,0.46,0.008,0.55,158.1,-0.338
"Blackburn, Paul",CH,offspeed,78,1.09,0.76,0.77,0.008,0.24,8.9,-0.02
"Baker, Bryan",FF,fastball,182,0.2,0.2,0.21,0.008,,4,0
"Civale, Aaron",CU,breaking,145,0.75,0.71,0.71,0.008,0.74,164.8,-0.21
"Webb, Jacob",FF,fastball,189,0.22,0.2,0.21,0.008,,2.9,0
"Bernardino, Brennan",SI,fastball,141,0.16,0.14,0.15,0.008,,5.1,-0.011
"Bubic, Kris",FF,fastball,147,0.24,0.21,0.21,0.008,,4.5,0
"Vesia, Alex",FF,fastball,168,0.3,0.21,0.22,0.008,,2.7,0
"Jones, Jared",CH,offspeed,43,1.01,0.8,0.81,0.008,0.13,16.1,0.01
"Henriquez, Edgardo",SI,fastball,95,0.21,0.24,0.24,0.008,,5.5,0.007
"Laweryson, Cody",FF,fastball,90,0.19,0.17,0.18,0.008,,2,0
"McLean, Nolan",FF,fastball,188,0.35,0.2,0.21,0.008,,3.8,0
"Junis, Jakob",FF,fastball,41,0.37,0.15,0.16,0.007,,3.6,0
"Márquez, Germán",SI,fastball,54,0.05,0.13,0.14,0.007,,7.5,-0.015
"Minter, A.J.",FF,fastball,56,0.25,0.2,0.21,0.007,,3.7,0
"Pagán, Emilio",FF,fastball,128,0.22,0.24,0.25,0.007,,3,0
"Peralta, Freddy",FF,fastball,489,0.22,0.2,0.21,0.007,,4.4,0
"Flaherty, Jack",FF,fastball,365,0.18,0.16,0.17,0.007,,3.4,0
"Gage, Matt",FF,fastball,80,0.17,0.16,0.16,0.007,,3.4,0
"Thornton, Trent",FF,fastball,77,0.2,0.2,0.21,0.007,,3.6,0
"Nelson, Ryne",FF,fastball,400,0.11,0.2,0.21,0.007,,3.4,0
"Basso, Brady",FF,fastball,46,0.24,0.17,0.18,0.007,,3.1,0
"Leasure, Jordan",FF,fastball,89,0.11,0.19,0.2,0.007,,3.5,0
"Dreyer, Jack",SL,breaking,133,0.63,0.96,0.97,0.007,0.26,23.1,-0.767
"Lopez, Jacob",CH,offspeed,54,0.65,0.75,0.76,0.007,0.26,21.7,0.017
"Peoples, Ben",FF,fastball,54,0.12,0.21,0.21,0.007,,3.5,0
"Cole, Gerrit",CH,offspeed,76,0.81,1.38,1.38,0.006,0.45,21.9,0.028
"Milner, Hoby",SI,fastball,97,0.24,0.15,0.16,0.006,,5.5,-0.028
"Alexander, Tyler",SI,fastball,72,0.05,0.15,0.16,0.006,,3.3,0.015
"Mahle, Tyler",FF,fastball,270,0.17,0.17,0.18,0.006,,3.5,0
"Loáisiga, Jonathan",SI,fastball,106,0.21,0.19,0.19,0.006,,3.6,0.009
"Ferguson, Caleb",FF,fastball,49,0.22,0.19,0.19,0.006,,3.9,0
"May, Dustin",CH,offspeed,52,0.38,1.04,1.05,0.006,0.17,29.5,0.002
"Vásquez, Randy",CH,offspeed,40,1.29,1,1,0.006,0.22,28.9,0.045
"Funderburk, Kody",SI,fastball,68,0.03,0.2,0.2,0.006,,4.4,0
"Eisert, Brandon",FF,fastball,106,0.26,0.21,0.21,0.006,,3.9,0
"Young, Brandon",CU,breaking,54,0.17,0.7,0.71,0.006,1.12,172,-0.033
"Gasser, Robert",FF,fastball,134,0.22,0.18,0.19,0.006,,4.2,0
"Henderson, Logan",FF,fastball,155,0.18,0.18,0.18,0.006,,3.6,0
"Paredes, Mike",FF,fastball,95,0.1,0.16,0.17,0.006,,3.2,0
"Murphy, Owen",FF,fastball,40,0.09,0.19,0.2,0.006,,2.6,0
"Suárez, Albert",FF,fastball,166,0.16,0.16,0.17,0.005,,3.7,0
"Smith, Burch",FF,fastball,57,0.2,0.18,0.19,0.005,,3.8,0
"Weaver, Luke",FF,fastball,146,0.16,0.2,0.21,0.005,,3,0
"Nola, Aaron",FF,fastball,184,0.08,0.19,0.2,0.005,,2.6,0
"Rea, Colin",FF,fastball,362,0.13,0.16,0.17,0.005,,3.6,0
"Keller, Brad",FF,fastball,67,0.23,0.2,0.2,0.005,,4.4,0
"Mayza, Tim",SL,breaking,103,1.02,1.4,1.4,0.005,0.28,163.2,-0.728
"Newcomb, Sean",SV,breaking,106,0.91,0.74,0.74,0.005,0.51,176.2,-0.268
"Petersen, Michael",FF,fastball,247,0.19,0.21,0.21,0.005,,3,0
"Morán, Jovani",FF,fastball,100,0.18,0.19,0.19,0.005,,4.4,0
"Javier, Cristian",FF,fastball,101,0.27,0.16,0.16,0.005,,3.1,0
"Winn, Cole",FF,fastball,89,0.21,0.21,0.22,0.005,,3.7,0
"Henry, Cole",FF,fastball,64,0.27,0.22,0.23,0.005,,3.4,0
"Bieber, Shane",FF,fastball,70,0.18,0.18,0.18,0.005,,3,0
"Garcia, Rico",CH,offspeed,101,1.95,1.22,1.22,0.005,0.39,16.8,-0.011
"Abbott, Andrew",FF,fastball,429,0.1,0.18,0.18,0.005,,3.4,0
"Walker, Ryan",SI,fastball,139,0.13,0.2,0.21,0.005,,5.4,0.059
"Poulin, PJ",SI,fastball,54,0.07,0.13,0.13,0.005,,7.5,-0.03
"Avila, Luinder",FF,fastball,134,0.22,0.25,0.25,0.005,,3.9,0
"Castaño, Blas",SI,fastball,64,0.18,0.15,0.16,0.005,,4.1,-0.015
"Fisher, Braydon",FF,fastball,65,0.27,0.17,0.17,0.005,,3.2,0
"Smith, Dylan",FF,fastball,77,0.29,0.22,0.22,0.005,,3.6,0
"Leiter, Jack",SI,fastball,51,0.04,0.19,0.19,0.005,,3,0.005
"Bratt, Mitch",FF,fastball,59,0.07,0.19,0.19,0.005,,3.4,0
"Sheehan, Emmet",FF,fastball,349,0.29,0.22,0.22,0.005,,3.4,0
"Slaten, Justin",FF,fastball,66,0.11,0.25,0.25,0.005,,3.3,0
"Barnett, Mason",FF,fastball,83,0.24,0.17,0.18,0.005,,3.3,0
"King, Bryan",FF,fastball,231,0.25,0.16,0.17,0.005,,3.5,0
"Svanson, Matt",SI,fastball,177,0.11,0.19,0.2,0.005,,2.8,0
"Warren, Will",FF,fastball,317,0.18,0.23,0.24,0.005,,4,0
"Ritchie, JR",FF,fastball,60,0.26,0.19,0.2,0.005,,3.3,0
"Thielbar, Caleb",FF,fastball,127,0.18,0.17,0.18,0.004,,3.2,0
"Hart, Kyle",ST,breaking,83,1.27,1.16,1.16,0.004,0.54,157.5,-0.359
"Freeland, Kyle",FF,fastball,190,0.11,0.19,0.19,0.004,,6.6,0
"Wacha, Michael",FF,fastball,259,0.13,0.14,0.14,0.004,,3.1,0
"Márquez, Germán",FF,fastball,130,0.09,0.15,0.16,0.004,,6.3,0
"Borucki, Ryan",SI,fastball,51,0.18,0.19,0.2,0.004,,5.6,0
"Domínguez, Seranthony",FF,fastball,133,0.24,0.21,0.21,0.004,,4.6,0
"Domínguez, Seranthony",SI,fastball,44,0.12,0.2,0.2,0.004,,6.5,0.026
"Williams, Devin",FF,fastball,157,0.25,0.19,0.19,0.004,,4.7,0
"Seabold, Connor",FF,fastball,120,0.14,0.16,0.16,0.004,,2.6,0
"Kolek, Stephen",FF,fastball,111,0.15,0.17,0.17,0.004,,3.7,0
"Hollowell, Gavin",FF,fastball,42,0.25,0.3,0.3,0.004,,3.5,0
"Legumina, Casey",FF,fastball,160,0.36,0.21,0.21,0.004,,4.5,0
"Kirby, George",SI,fastball,175,0.09,0.18,0.18,0.004,,2.5,-0.033
"Gómez, Yoendrys",FF,fastball,152,0.33,0.23,0.24,0.004,,3.3,0
"Woods Richardson, Simeon",FF,fastball,194,0.16,0.15,0.16,0.004,,3.7,0
"Parker, Mitchell",FF,fastball,112,0.15,0.17,0.17,0.004,,2.7,0
"Burke, Sean",SI,fastball,142,0.1,0.16,0.17,0.004,,5.3,0.056
"Aleman, Franco",FF,fastball,71,0.29,0.26,0.27,0.004,,2.6,0
"Vásquez, Randy",CU,breaking,97,0.44,0.91,0.91,0.004,0.38,134.4,-0.415
"Varland, Gus",FF,fastball,160,0.16,0.19,0.2,0.004,,3.7,0
"Gray, Peyton",FF,fastball,125,0.17,0.18,0.18,0.004,,3,0
"Mears, Nick",FF,fastball,53,0.11,0.16,0.17,0.004,,3.6,0
"Ribalta, Orlando",SI,fastball,55,0.08,0.18,0.19,0.004,,2.8,0.015
"Gusto, Ryan",FF,fastball,72,0.3,0.2,0.2,0.004,,2.9,0
"Gasser, Robert",SI,fastball,89,0.1,0.16,0.16,0.004,,7.1,-0.048
"Dobbins, Hunter",FF,fastball,86,0.15,0.2,0.2,0.004,,4.1,0
"Harrison, Kyle",FF,fastball,442,0.28,0.2,0.21,0.004,,3.3,0
"Pérez, Eury",FF,fastball,389,0.21,0.29,0.3,0.004,,3.2,0
"Pfaadt, Brandon",CH,offspeed,77,0.47,0.77,0.77,0.004,0.19,16.8,0.112
"Pfaadt, Brandon",FF,fastball,116,0.12,0.2,0.21,0.004,,5.3,0
"Martin, Trevor",FF,fastball,40,0.5,0.19,0.19,0.004,,2.5,0
"Skenes, Paul",CH,offspeed,148,1.33,1.15,1.16,0.004,0.2,25.5,0.002
"Burns, Chase",FF,fastball,491,0.14,0.29,0.3,0.004,,3.3,0
"Sommers, Drew",FF,fastball,41,0.84,0.19,0.2,0.004,,3.3,0
"Yamamoto, Yoshinobu",FF,fastball,225,0.26,0.19,0.19,0.004,,3.3,0
"Early, Connelly",FF,fastball,265,0.15,0.2,0.2,0.004,,3.5,0
"Kelly, Merrill",FF,fastball,199,0.07,0.18,0.18,0.003,,3.2,0
"Kittredge, Andrew",SI,fastball,94,0.08,0.17,0.18,0.003,,3.5,0.087
"Wheeler, Zack",SI,fastball,126,0.1,0.15,0.16,0.003,,2.4,0.008
"Taillon, Jameson",FF,fastball,152,0.26,0.17,0.18,0.003,,3.4,0
"deGrom, Jacob",FF,fastball,397,0.23,0.24,0.24,0.003,,2.8,0
"Rucker, Michael",FF,fastball,63,0.28,0.2,0.2,0.003,,3.5,0
"Anderson, Drew",FF,fastball,221,0.2,0.19,0.19,0.003,,4.2,0
"Iglesias, Raisel",FF,fastball,125,0.24,0.18,0.18,0.003,,7.6,0
"Alexander, Tyler",FF,fastball,54,0.34,0.17,0.17,0.003,,3,0
"Soroka, Michael",FF,fastball,208,0.13,0.22,0.22,0.003,,3.3,0
"Hoffman, Jeff",FF,fastball,131,0.19,0.24,0.25,0.003,,3.6,0
"Ferguson, Caleb",SI,fastball,57,0.23,0.17,0.17,0.003,,5.9,0.003
"De Los Santos, Enyel",FF,fastball,203,0.15,0.17,0.18,0.003,,2.9,0
"Irvin, Jake",FF,fastball,124,0.23,0.19,0.19,0.003,,3.4,0
"Gallen, Zac",FF,fastball,239,0.05,0.16,0.16,0.003,,5.3,0
"Rolison, Ryan",FF,fastball,111,0.11,0.19,0.19,0.003,,4.9,0
"May, Dustin",FF,fastball,194,0.15,0.21,0.21,0.003,,3.1,0
"Lee, Dylan",FF,fastball,115,0.13,0.18,0.19,0.003,,2.5,0
"Mlodzinski, Carmen",FF,fastball,197,0.18,0.17,0.17,0.003,,3.1,0
"Melton, Troy",SI,fastball,40,0.47,0.16,0.16,0.003,,3.2,0.025
"Karinchak, James",FF,fastball,41,0.21,0.19,0.19,0.003,,4.1,0
"Perkins, Jack",FF,fastball,196,0.13,0.18,0.19,0.003,,3.6,0
"Backhus, Kyle",SI,fastball,77,0.09,0.22,0.23,0.003,,3.6,0
"Vásquez, Randy",SI,fastball,95,0.09,0.15,0.15,0.003,,4,-0.026
"Leahy, Kyle",FF,fastball,177,0.19,0.18,0.18,0.003,,3.5,0
"Warren, Austin",FF,fastball,45,0.58,0.19,0.2,0.003,,3.7,0
"Leiter, Jack",FF,fastball,260,0.2,0.23,0.24,0.003,,2.8,0
"Franco, Jose",FF,fastball,72,0.04,0.18,0.18,0.003,,3.9,0
"Lord, Brad",SI,fastball,129,0.16,0.13,0.13,0.003,,4.7,0.008
"Eovaldi, Nathan",FF,fastball,103,0.16,0.17,0.17,0.002,,3.1,0
"Hader, Josh",SI,fastball,115,0.27,0.2,0.2,0.002,,2.8,0
"Sulser, Cole",FF,fastball,185,0.12,0.18,0.18,0.002,,2.3,0
"Loáisiga, Jonathan",FF,fastball,46,0.11,0.22,0.22,0.002,,5.3,0
"Santana, Dennis",FF,fastball,97,0.09,0.19,0.19,0.002,,3.5,0
"Ginkel, Kevin",FF,fastball,147,0.11,0.2,0.2,0.002,,3,0
"Griffin, Foster",FF,fastball,113,0.15,0.16,0.16,0.002,,3.4,0
"Keller, Mitch",FF,fastball,281,0.14,0.18,0.18,0.002,,2.9,0
"Gil, Luis",FF,fastball,59,0.07,0.21,0.21,0.002,,4.4,0
"Martin, Davis",FF,fastball,223,0.24,0.19,0.19,0.002,,4.4,0
"Woodford, Jake",SI,fastball,57,0.06,0.16,0.17,0.002,,3.4,0
"Singer, Brady",SI,fastball,354,0.14,0.16,0.16,0.002,,7.5,0.042
"Medina, Luis",SI,fastball,93,0.13,0.19,0.19,0.002,,4.3,0.016
"Liberatore, Matthew",FF,fastball,264,0.12,0.16,0.16,0.002,,2.9,0
"Watson, Ryan",FF,fastball,91,0.18,0.18,0.18,0.002,,3.4,0
"Garcia, Rico",FF,fastball,99,0.14,0.21,0.21,0.002,,2.9,0
"Bradley, Taj",FF,fastball,443,0.1,0.2,0.2,0.002,,2.9,0
"Melton, Troy",FF,fastball,158,0.19,0.19,0.2,0.002,,3.5,0
"Junk, Janson",FF,fastball,194,0.09,0.18,0.19,0.002,,5.3,0
"Imanaga, Shota",FF,fastball,364,0.14,0.2,0.2,0.002,,3.1,0
"Gamboa, Alec",FF,fastball,55,0.17,0.18,0.19,0.002,,3.4,0
"Elder, Bryce",FF,fastball,153,0.2,0.15,0.15,0.002,,3.1,0
"Natera Jr., Samy",FF,fastball,141,0.32,0.19,0.19,0.002,,3.4,0
"Davis, Tyler",FF,fastball,120,0.24,0.22,0.22,0.002,,2.8,0
"Blubaugh, AJ",ST,breaking,117,2.07,1.19,1.19,0.002,0.47,147.5,-0.529
"Fermin, José",SI,fastball,76,0.22,0.18,0.18,0.002,,3.5,0.002
"Armstrong, Shawn",FF,fastball,97,0.17,0.16,0.16,0.001,,3.6,0
"Cole, Gerrit",SL,breaking,104,0.81,1.08,1.08,0.001,0.27,68,-0.684
"Wheeler, Zack",FF,fastball,274,0.29,0.24,0.24,0.001,,2.8,0
"Adam, Jason",FF,fastball,61,0.08,0.21,0.21,0.001,,4.5,0
"Rodriguez, Eduardo",FF,fastball,375,0.21,0.17,0.17,0.001,,3.5,0
"Bassitt, Chris",SI,fastball,165,0.16,0.16,0.16,0.001,,4.2,0.03
"Woodruff, Brandon",FF,fastball,149,0.26,0.18,0.18,0.001,,3.5,0
"Lugo, Seth",FC,fastball,172,0.22,0.21,0.21,0.001,,11.8,-0.223
"Sugano, Tomoyuki",FF,fastball,163,0.14,0.17,0.17,0.001,,3.5,0
"Ferguson, Tyler",FF,fastball,48,0.21,0.18,0.18,0.001,,4.9,0
"Jax, Griffin",FF,fastball,108,0.26,0.24,0.24,0.001,,2.7,0
"Cease, Dylan",FF,fastball,334,0.23,0.25,0.25,0.001,,3.6,0
"Rasmussen, Drew",FF,fastball,244,0.26,0.24,0.24,0.001,,2.8,0
"Ryan, Joe",FF,fastball,453,0.24,0.19,0.19,0.001,,3.9,0
"Waldron, Matt",FF,fastball,58,0.21,0.16,0.16,0.001,,4.3,0
"Santillan, Tony",FF,fastball,155,0.19,0.18,0.18,0.001,,3.8,0
"Kremer, Dean",FF,fastball,58,0.13,0.16,0.16,0.001,,3.5,0
"Lodolo, Nick",SI,fastball,121,0.08,0.21,0.21,0.001,,3.3,0.002
"Soriano, George",FF,fastball,99,0.18,0.18,0.18,0.001,,3.3,0
"Kilian, Caleb",FF,fastball,163,0.14,0.21,0.21,0.001,,3.5,0
"Myers, Tobias",FF,fastball,183,0.14,0.17,0.17,0.001,,2.8,0
"Gilbert, Logan",FF,fastball,404,0.18,0.19,0.19,0.001,,3.8,0
"Englert, Mason",FF,fastball,49,0.18,0.16,0.16,0.001,,2.3,0
"Dreyer, Jack",FF,fastball,150,0.29,0.23,0.23,0.001,,2.6,0
"Bibee, Tanner",FF,fastball,191,0.18,0.15,0.15,0.001,,5.1,0
"Vest, Will",FF,fastball,100,0.1,0.18,0.18,0.001,,3.3,0
"Marinaccio, Ron",FF,fastball,188,0.29,0.17,0.17,0.001,,3.4,0
"Scott, Christian",FF,fastball,292,0.29,0.21,0.21,0.001,,3.4,0
"Bidois, Brandan",FF,fastball,89,0.37,0.21,0.22,0.001,,3,0
"Bigge, Hunter",FF,fastball,68,0.13,0.22,0.22,0.001,,3.7,0
"Kochanowicz, Jack",FF,fastball,111,0.17,0.18,0.18,0.001,,5.2,0
"Young, Brandon",FF,fastball,321,0.17,0.16,0.17,0.001,,3.4,0
"Kelly, Kevin",CH,offspeed,95,0.47,0.64,0.64,0.001,0.26,16.6,-0.064
"Headrick, Brent",FF,fastball,214,0.19,0.2,0.2,0.001,,2.8,0
"Morgan, David",FF,fastball,66,0.32,0.25,0.25,0.001,,4.4,0
"Nunez, Anthony",FF,fastball,99,0.19,0.28,0.28,0.001,,4.3,0
"Beeter, Clayton",FF,fastball,107,0.21,0.21,0.21,0.001,,2.8,0
"Hoffmann, Andrew",FF,fastball,45,0.09,0.17,0.17,0.001,,4.2,0
"Miller, Mason",FF,fastball,164,0.41,0.29,0.3,0.001,,3.8,0
"Hoppe, Alex",FF,fastball,74,0.23,0.22,0.22,0.001,,4.5,0
"Adams, Travis",FF,fastball,66,0.08,0.18,0.19,0.001,,3.9,0
"Messick, Parker",FF,fastball,346,0.3,0.18,0.18,0.001,,2.9,0
"Thornton, Zac",FF,fastball,50,0.12,0.17,0.17,0.001,,3.6,0
"Schweitzer, Tyler",FF,fastball,70,0.14,0.21,0.21,0.001,,4.3,0
"Yates, Kirby",FF,fastball,145,0.25,0.17,0.17,0,,5.9,0
"Kimbrel, Craig",FF,fastball,191,0.28,0.19,0.19,0,,3.3,0
"Ray, Robbie",FF,fastball,347,0.22,0.18,0.18,0,,3.1,0
"Woodruff, Brandon",SI,fastball,64,0.1,0.15,0.15,0,,6.2,0.002
"Buehler, Walker",FF,fastball,125,0.06,0.17,0.17,0,,3.4,0
"Strahm, Matt",SI,fastball,42,0.05,0.19,0.19,0,,3.1,-0.004
"Finnegan, Kyle",FF,fastball,164,0.19,0.19,0.19,0,,2.8,0
"Brogdon, Connor",FF,fastball,63,0.24,0.18,0.18,0,,4.1,0
"Jax, Griffin",SI,fastball,132,0.23,0.23,0.23,0,,3.4,-0.042
"De Jesus, Enmanuel",FF,fastball,94,0.16,0.18,0.18,0,,2.4,0
"Abreu, Bryan",FF,fastball,115,0.23,0.18,0.18,0,,3.2,0
"Cease, Dylan",SI,fastball,74,0.24,0.19,0.19,0,,4.9,-0.06
"Rangel, Alan",FF,fastball,81,0.03,0.17,0.17,0,,2.7,0
"Mize, Casey",SI,fastball,75,0.1,0.14,0.14,0,,4.2,-0.005
"Harris, Hogan",FF,fastball,241,0.19,0.19,0.19,0,,3.4,0
"Paddack, Chris",FF,fastball,168,0.09,0.15,0.15,0,,2.4,0
"Cabrera, Edward",SI,fastball,129,0.05,0.16,0.16,0,,3.2,-0.031
"Lodolo, Nick",FF,fastball,130,0.16,0.21,0.21,0,,2.9,0
"Nance, Tommy",SI,fastball,75,0.1,0.17,0.17,0,,3.4,0
"Baz, Shane",FF,fastball,292,0.15,0.21,0.21,0,,2.8,0
"Baz, Shane",SI,fastball,76,0.06,0.16,0.16,0,,3.5,-0.015
"Liberatore, Matthew",SI,fastball,76,0.07,0.16,0.16,0,,4,-0.029
"Scholtens, Jesse",FF,fastball,56,0.3,0.17,0.17,0,,2.7,0
"Bednar, David",FF,fastball,168,0.17,0.2,0.2,0,,3.2,0
"Richards, Trevor",FF,fastball,226,0.08,0.14,0.14,0,,2.9,0
"Bido, Osvaldo",FF,fastball,41,0.14,0.18,0.18,0,,2.7,0
"Strider, Spencer",FF,fastball,156,0.1,0.19,0.19,0,,2.6,0
"Bolton, Cody",FF,fastball,46,0.17,0.19,0.19,0,,4.6,0
"Mattson, Isaac",FF,fastball,226,0.16,0.19,0.19,0,,3.2,0
"Ashby, Aaron",SI,fastball,231,0.28,0.2,0.2,0,,4.1,-0.021
"Nardi, Andrew",FF,fastball,90,0.43,0.21,0.21,0,,3.6,0
"Cecconi, Slade",FF,fastball,211,0.23,0.17,0.17,0,,2.6,0
"Hill, Jaden",FF,fastball,76,0.28,0.22,0.22,0,,3.1,0
"Teng, Kai-Wei",FF,fastball,145,0.14,0.2,0.2,0,,5,0
"Bowlan, Jonathan",FF,fastball,134,0.35,0.22,0.22,0,,2.6,0
"Weiss, Ryan",FF,fastball,93,0.1,0.21,0.21,0,,2.9,0
"Vásquez, Randy",FF,fastball,247,0.14,0.19,0.19,0,,2.9,0
"Arrighetti, Spencer",FF,fastball,199,0.2,0.2,0.2,0,,3.4,0
"Burrows, Mike",FF,fastball,199,0.09,0.16,0.16,0,,3.5,0
"Fernandez, Ryan",SL,breaking,55,2,1.09,1.09,0,0.29,91.3,-0.749
"Sisk, Evan",FF,fastball,55,0.31,0.2,0.2,0,,4,0
"Cornelio, Riley",FF,fastball,84,0.09,0.2,0.2,0,,3.4,0
"Jones, Jared",FF,fastball,168,0.33,0.28,0.28,0,,3.9,0
"Gaddis, Hunter",FF,fastball,111,0.22,0.17,0.17,0,,3.3,0
"Painter, Andrew",FF,fastball,173,0.09,0.18,0.18,0,,3.6,0
"Woo, Bryan",FF,fastball,441,0.22,0.2,0.2,0,,3.6,0
"Patrick, Chad",FF,fastball,164,0.29,0.19,0.19,0,,3.4,0
"Rivera, Eduardo",FF,fastball,54,0.21,0.19,0.19,0,,4.5,0
"Ritchie, JR",CU,breaking,101,0.87,1.16,1.16,0,0.46,177.5,0.035
"Matthews, Zebby",FF,fastball,207,0.1,0.17,0.17,0,,3.8,0
"Scherzer, Max",FF,fastball,122,0.1,0.17,0.16,-0.001,,3.3,0
"García, Luis",SI,fastball,62,0.11,0.16,0.16,-0.001,,4.1,0
"Cruz, Fernando",FF,fastball,91,0.11,0.15,0.15,-0.001,,3.5,0
"Sale, Chris",SI,fastball,72,0.06,0.17,0.17,-0.001,,2.7,-0.018
"Gray, Sonny",SI,fastball,158,0.14,0.2,0.2,-0.001,,11.5,0.031
"Lorenzen, Michael",FF,fastball,174,0.06,0.18,0.18,-0.001,,4.9,0
"Corbin, Patrick",FF,fastball,76,0.1,0.16,0.16,-0.001,,2.9,0
"Gausman, Kevin",FF,fastball,533,0.13,0.17,0.17,-0.001,,3.2,0
"Ray, Robbie",SI,fastball,106,0.11,0.16,0.16,-0.001,,5.8,0.003
"Rodón, Carlos",FF,fastball,168,0.23,0.19,0.19,-0.001,,2.8,0
"Martinez, Nick",FF,fastball,97,0.09,0.15,0.15,-0.001,,3.5,0
"Giolito, Lucas",FF,fastball,88,0.21,0.15,0.15,-0.001,,2.7,0
"Quantrill, Cal",FF,fastball,71,0.15,0.15,0.15,-0.001,,2.9,0
"Castillo, Luis",FF,fastball,418,0.24,0.18,0.18,-0.001,,3.1,0
"López, Reynaldo",FF,fastball,322,0.14,0.16,0.16,-0.001,,2.9,0
"Alcantara, Sandy",SI,fastball,283,0.12,0.17,0.17,-0.001,,2.2,-0.003
"Holmes, Grant",FC,fastball,65,0.19,0.21,0.21,-0.001,,5.1,-0.199
"Peterson, David",FF,fastball,167,0.16,0.17,0.17,-0.001,,4.7,0
"Falter, Bailey",FF,fastball,41,0.07,0.17,0.17,-0.001,,3.1,0
"Lambert, Peter",FF,fastball,257,0.22,0.15,0.15,-0.001,,2.4,0
"Assad, Javier",FF,fastball,109,0.12,0.15,0.15,-0.001,,3.2,0
"Gore, MacKenzie",FF,fastball,483,0.19,0.2,0.2,-0.001,,2.9,0
"Morgan, Eli",FF,fastball,53,0.08,0.16,0.16,-0.001,,3.5,0
"Kirby, George",FF,fastball,319,0.21,0.19,0.19,-0.001,,2.4,0
"Holderman, Colin",SI,fastball,143,0.31,0.2,0.19,-0.001,,3.2,0.06
"Foster, Cameron",FF,fastball,47,0.12,0.24,0.24,-0.001,,2.3,0
"Montero, Keider",SI,fastball,165,0.07,0.14,0.14,-0.001,,3.7,-0.006
"Senga, Kodai",FF,fastball,131,0.16,0.2,0.19,-0.001,,3.2,0
"Heuer, Codi",FF,fastball,45,0.13,0.23,0.23,-0.001,,3.6,0
"Brown, Ben",FF,fastball,168,0.16,0.18,0.17,-0.001,,4.1,0
"Crochet, Garrett",FF,fastball,88,0.18,0.22,0.22,-0.001,,5,0
"Hill, Jaden",SI,fastball,48,0.08,0.18,0.18,-0.001,,2.7,0.029
"Orze, Eric",FF,fastball,71,0.03,0.17,0.17,-0.001,,2.9,0
"Rodriguez, Grayson",FF,fastball,222,0.08,0.2,0.2,-0.001,,3.6,0
"Madden, Ty",FF,fastball,77,0.2,0.16,0.15,-0.001,,4.7,0
"Murray, Jayden",FF,fastball,85,0.38,0.21,0.2,-0.001,,3.1,0
"Fernandez, Ryan",FF,fastball,41,0.18,0.16,0.16,-0.001,,2.4,0
"Sabrowski, Erik",FF,fastball,161,0.41,0.24,0.24,-0.001,,2.8,0
"Funderburk, Kody",FC,fastball,77,0.37,0.2,0.2,-0.001,,13.1,-0.132
"Lopez, Jacob",FF,fastball,189,0.25,0.2,0.2,-0.001,,4.1,0
"Miller, Bryce",FF,fastball,235,0.16,0.25,0.25,-0.001,,3.5,0
"Agnos, Zach",FF,fastball,122,0.11,0.18,0.17,-0.001,,3.5,0
"Tolle, Payton",FF,fastball,371,0.31,0.21,0.21,-0.001,,3.5,0
"Boyd, Matthew",FF,fastball,251,0.19,0.19,0.18,-0.002,,3.5,0
"Milner, Hoby",CH,offspeed,40,0.41,0.66,0.66,-0.002,0.29,14.2,-0.002
"Kikuchi, Yusei",FF,fastball,90,0.25,0.2,0.2,-0.002,,4.4,0
"Houser, Adrian",FF,fastball,128,0.21,0.19,0.18,-0.002,,3.7,0
"Lugo, Seth",FF,fastball,117,0.1,0.17,0.17,-0.002,,4.4,0
"Senzatela, Antonio",FF,fastball,173,0.31,0.2,0.19,-0.002,,4.4,0
"Severino, Luis",SI,fastball,118,0.1,0.15,0.15,-0.002,,3.2,-0.01
"Manaea, Sean",FF,fastball,299,0.2,0.19,0.19,-0.002,,3.9,0
"Santana, Dennis",SI,fastball,43,0.09,0.16,0.16,-0.002,,4.2,-0.013
"King, Michael",FF,fastball,162,0.2,0.17,0.17,-0.002,,4.5,0
"Beeks, Jalen",FF,fastball,105,0.14,0.17,0.17,-0.002,,3.3,0
"Hentges, Sam",FF,fastball,54,0.41,0.18,0.18,-0.002,,3.5,0
"Holmes, Grant",FF,fastball,228,0.1,0.16,0.16,-0.002,,3.4,0
"Latz, Jacob",FF,fastball,235,0.21,0.2,0.2,-0.002,,2.3,0
"Mize, Casey",FF,fastball,196,0.23,0.17,0.17,-0.002,,2.8,0
"Zeferjahn, Ryan",FF,fastball,91,0.45,0.22,0.22,-0.002,,4.2,0
"Ginn, J.T.",FF,fastball,87,0.14,0.17,0.17,-0.002,,4,0
"Ramírez, Yohan",FF,fastball,114,0.3,0.23,0.23,-0.002,,3.4,0
"Smith, Cade",FF,fastball,260,0.3,0.22,0.21,-0.002,,2.8,0
"Montero, Keider",FF,fastball,230,0.1,0.15,0.15,-0.002,,3.3,0
"Mejia, Juan",FF,fastball,215,0.22,0.23,0.23,-0.002,,4.2,0
"Zuber, Tyler",FF,fastball,57,0.25,0.2,0.2,-0.002,,3.3,0
"Sears, JP",FF,fastball,93,0.12,0.18,0.18,-0.002,,2.7,0
"Winn, Keaton",FF,fastball,55,0.12,0.19,0.19,-0.002,,2.9,0
"Cavalli, Cade",FF,fastball,324,0.17,0.19,0.19,-0.002,,5.2,0
"Rocker, Kumar",FF,fastball,88,0.18,0.16,0.16,-0.002,,3.9,0
"Silseth, Chase",FF,fastball,131,0.31,0.19,0.19,-0.002,,3.9,0
"Burrows, Mike",SI,fastball,120,0.12,0.13,0.13,-0.002,,2.9,0.014
"Leahy, Kyle",SI,fastball,96,0.05,0.16,0.16,-0.002,,3.8,-0.035
"Brown, Hunter",FF,fastball,101,0.21,0.19,0.18,-0.002,,4.4,0
"Varland, Louis",FF,fastball,183,0.28,0.22,0.22,-0.002,,3.6,0
"Ribalta, Orlando",FF,fastball,83,0.29,0.25,0.25,-0.002,,3.6,0
"Kerkering, Orion",FF,fastball,100,0.45,0.21,0.2,-0.002,,2.4,0
"Klein, Will",FF,fastball,149,0.14,0.21,0.21,-0.002,,3.1,0
"Skenes, Paul",SI,fastball,83,0.1,0.17,0.17,-0.002,,4.6,-0.011
"McGreevy, Michael",FF,fastball,207,0.08,0.16,0.15,-0.002,,3.3,0
"Cameron, Noah",FF,fastball,226,0.11,0.17,0.17,-0.002,,4.3,0
"Morris, Andrew",FF,fastball,188,0.16,0.18,0.18,-0.002,,2.7,0
"Blubaugh, AJ",FF,fastball,295,0.18,0.17,0.17,-0.002,,3,0
"Cole, Gerrit",FF,fastball,234,0.22,0.19,0.19,-0.003,,3.3,0
"Mikolas, Miles",FF,fastball,216,0.11,0.15,0.15,-0.003,,3.7,0
"Rodriguez, Eduardo",SI,fastball,84,0.02,0.16,0.16,-0.003,,4.7,-0.01
"Banda, Anthony",FF,fastball,68,0.12,0.18,0.18,-0.003,,3.4,0
"Severino, Luis",FF,fastball,113,0.21,0.19,0.19,-0.003,,3.2,0
"Mayza, Tim",SI,fastball,209,0.25,0.18,0.17,-0.003,,3,-0.026
"Soto, Gregory",FF,fastball,65,0.2,0.23,0.22,-0.003,,4,0
"Canning, Griffin",FF,fastball,120,0.16,0.17,0.16,-0.003,,3.5,0
"Webb, Logan",FF,fastball,110,0.15,0.18,0.17,-0.003,,3.6,0
"Martin, Davis",SI,fastball,172,0.09,0.16,0.15,-0.003,,4.8,-0.064
"Hudson, Bryan",FF,fastball,249,0.2,0.21,0.21,-0.003,,5.3,0
"Sandoval, Patrick",FF,fastball,44,0.48,0.17,0.17,-0.003,,3.5,0
"Cabrera, Edward",FF,fastball,74,0.23,0.18,0.18,-0.003,,3.3,0
"Legumina, Casey",SI,fastball,70,0.06,0.15,0.15,-0.003,,3.3,0.003
"Cruz, Steven",FF,fastball,175,0.3,0.21,0.21,-0.003,,4.4,0
"Ashcraft, Braxton",FF,fastball,291,0.13,0.21,0.2,-0.003,,3.8,0
"Burke, Sean",FF,fastball,392,0.22,0.25,0.25,-0.003,,4.2,0
"Arrighetti, Spencer",SI,fastball,57,0.07,0.15,0.14,-0.003,,3.7,0.033
"Herrin, Tim",FF,fastball,50,0.52,0.21,0.21,-0.003,,3.7,0
"Mey, Luis",SI,fastball,45,0.46,0.22,0.22,-0.003,,5,0
"Gordon, Tanner",FF,fastball,186,0.16,0.14,0.14,-0.003,,2.3,0
"Johnson, Seth",FF,fastball,65,0.27,0.23,0.23,-0.003,,2.3,0
"Sproat, Brandon",FF,fastball,192,0.21,0.18,0.18,-0.003,,3.3,0
"Schultz, Paxton",FF,fastball,97,0.11,0.15,0.15,-0.003,,2.6,0
"Sandlin, David",FF,fastball,46,0.14,0.2,0.19,-0.003,,3.3,0
"Taylor, Grant",FF,fastball,220,0.4,0.25,0.24,-0.003,,3.8,0
"Woo, Bryan",ST,breaking,116,1.94,1.5,1.49,-0.003,0.45,160,-0.481
"Schlittler, Cam",FF,fastball,507,0.37,0.25,0.25,-0.003,,3.7,0
"Seymour, Ian",FF,fastball,169,0.19,0.17,0.16,-0.003,,5.1,0
"Skenes, Paul",FF,fastball,455,0.32,0.2,0.19,-0.003,,2.8,0
"Lowder, Rhett",FF,fastball,127,0.12,0.16,0.15,-0.003,,3.1,0
"Ahlstrom, Robby",FF,fastball,52,0.28,0.17,0.17,-0.003,,3.8,0
"Jump, Gage",FF,fastball,265,0.21,0.22,0.22,-0.003,,2.4,0
"Bachman, Sam",SI,fastball,85,0.17,0.23,0.23,-0.003,,2.6,0.009
"Chandler, Bubba",FF,fastball,408,0.17,0.25,0.24,-0.003,,4.6,0
"Povich, Cade",FF,fastball,67,0.16,0.2,0.2,-0.003,,3.5,0
"Farris, Mitch",FF,fastball,132,0.09,0.17,0.16,-0.003,,2.7,0
"Eovaldi, Nathan",SI,fastball,77,0.02,0.14,0.13,-0.004,,4.2,-0.017
"Johnson, Pierce",FF,fastball,77,0.25,0.18,0.17,-0.004,,3.4,0
"Springs, Jeffrey",CH,offspeed,221,1.74,1.98,1.98,-0.004,0.49,20,-0.04
"Martinez, Nick",SI,fastball,243,0.05,0.14,0.13,-0.004,,2.7,-0.03
"Bummer, Aaron",SI,fastball,42,0.22,0.15,0.15,-0.004,,2.9,0.025
"Enns, Dietrich",FF,fastball,85,0.18,0.17,0.16,-0.004,,3.1,0
"Waguespack, Jacob",FF,fastball,75,0.2,0.17,0.17,-0.004,,2.8,0
"Sewald, Paul",FF,fastball,185,0.2,0.26,0.25,-0.004,,2.8,0
"Brazobán, Huascar",SI,fastball,183,0.32,0.18,0.18,-0.004,,3.7,-0.036
"Suarez, Ranger",FF,fastball,116,0.15,0.16,0.15,-0.004,,3.7,0
"Iglesias, Raisel",CH,offspeed,130,1.38,0.79,0.78,-0.004,0.25,16.5,-0.008
"Civale, Aaron",FF,fastball,90,0.12,0.17,0.17,-0.004,,3.3,0
"Megill, Trevor",FF,fastball,187,0.28,0.24,0.23,-0.004,,3.2,0
"Ohtani, Shohei",FF,fastball,318,0.28,0.26,0.26,-0.004,,3.6,0
"Muñoz, Andrés",FF,fastball,108,0.25,0.24,0.24,-0.004,,4.5,0
"Pearson, Nate",FF,fastball,73,0.23,0.22,0.22,-0.004,,3.2,0
"Phillips, Tyler",FF,fastball,63,0.08,0.18,0.17,-0.004,,4.9,0
"Soriano, José",FF,fastball,210,0.17,0.19,0.19,-0.004,,4.8,0
"Greene, Hunter",FF,fastball,91,0.19,0.23,0.22,-0.004,,4.6,0
"Williams, Gavin",FF,fastball,244,0.34,0.2,0.2,-0.004,,3.5,0
"Hall, DL",SI,fastball,68,0.08,0.2,0.2,-0.004,,5,-0.005
"Montero, Keider",CH,offspeed,106,0.97,0.87,0.87,-0.004,0.3,12.9,0.033
"Drohan, Shane",FF,fastball,174,0.37,0.21,0.2,-0.004,,3.7,0
"Sanders, Cam",FF,fastball,44,0.33,0.25,0.24,-0.004,,3.4,0
"Brown, Ben",SI,fastball,88,0.1,0.17,0.16,-0.004,,5.3,-0.001
"Ashcraft, Braxton",FS,offspeed,40,0.27,0.72,0.72,-0.004,0.15,5.3,-0.011
"Wrobleski, Justin",FF,fastball,414,0.23,0.21,0.21,-0.004,,3.4,0
"Henriquez, Edgardo",FF,fastball,104,0.38,0.28,0.28,-0.004,,3.4,0
"Kent, Zak",FF,fastball,58,0.04,0.31,0.3,-0.004,,4.6,0
"Agnos, Zach",SI,fastball,69,0.06,0.15,0.14,-0.004,,6.9,-0.036
"Kerkering, Orion",SI,fastball,61,0.13,0.17,0.17,-0.004,,2.7,-0.019
"Pérez, Eury",SI,fastball,126,0.27,0.26,0.26,-0.004,,3.9,0.006
"Painter, Andrew",SI,fastball,66,0.06,0.15,0.15,-0.004,,3.6,-0.019
"Miles, Spencer",FF,fastball,90,0.27,0.19,0.18,-0.004,,3.2,0
"Graceffo, Gordon",FF,fastball,141,0.04,0.16,0.16,-0.004,,3.4,0
"Morales, Luis",FF,fastball,54,0.09,0.22,0.21,-0.004,,4.3,0
"Quintana, Jose",FF,fastball,106,0.19,0.17,0.16,-0.005,,4,0
"Quintana, Jose",SI,fastball,47,0.07,0.16,0.16,-0.005,,5,0.038
"Matz, Steven",SI,fastball,208,0.17,0.18,0.17,-0.005,,2.3,0
"Stanek, Ryne",FF,fastball,197,0.21,0.21,0.2,-0.005,,3.4,0
"Taillon, Jameson",SI,fastball,49,0.2,0.15,0.14,-0.005,,3.5,-0.009
"Treinen, Blake",SI,fastball,63,0.17,0.15,0.15,-0.005,,3.4,-0.025
"Okert, Steven",FF,fastball,90,0.12,0.18,0.17,-0.005,,3,0
"Fedde, Erick",SI,fastball,195,0.11,0.16,0.16,-0.005,,5.2,-0.102
"Fried, Max",FF,fastball,78,0.27,0.19,0.18,-0.005,,2.7,0
"Sugano, Tomoyuki",SI,fastball,130,0,0.13,0.12,-0.005,,3.3,-0.012
"McCullers Jr., Lance",SI,fastball,66,0.09,0.16,0.16,-0.005,,3.4,0.004
"Speier, Gabe",FF,fastball,94,0.41,0.2,0.19,-0.005,,3.7,0
"Burke, Brock",FF,fastball,150,0.35,0.21,0.21,-0.005,,3.3,0
"Newcomb, Sean",FF,fastball,167,0.4,0.18,0.17,-0.005,,3.6,0
"Thompson, Ryan",SI,fastball,182,0.26,0.23,0.22,-0.005,,4.1,0.038
"Suarez, José",FF,fastball,153,0.22,0.19,0.18,-0.005,,3.9,0
"Bazardo, Eduard",SI,fastball,222,0.12,0.17,0.17,-0.005,,3.7,0
"McClanahan, Shane",FF,fastball,265,0.17,0.19,0.19,-0.005,,2.5,0
"Wolfram, Grant",FF,fastball,54,0.11,0.2,0.2,-0.005,,4.2,0
"Gallen, Zac",SI,fastball,44,0.11,0.12,0.12,-0.005,,5.8,-0.014
"Hurt, Kyle",FF,fastball,133,0.29,0.18,0.18,-0.005,,2.9,0
"Kuhnel, Joel",SI,fastball,139,0.16,0.18,0.18,-0.005,,3.3,0.071
"Murphy, Chris",FF,fastball,88,0.23,0.23,0.23,-0.005,,4,0
"Ramírez, Yohan",SI,fastball,117,0.22,0.18,0.18,-0.005,,4.1,0.004
"Macko, Adam",FF,fastball,72,0.26,0.18,0.18,-0.005,,2.8,0
"Matsui, Yuki",FF,fastball,106,0.2,0.19,0.18,-0.005,,3.5,0
"Drohan, Shane",SI,fastball,114,0.1,0.19,0.19,-0.005,,4.3,-0.01
"Vodnik, Victor",FF,fastball,140,0.29,0.23,0.22,-0.005,,4.8,0
"Uribe, Abner",SI,fastball,183,0.42,0.22,0.21,-0.005,,5.4,0
"Barco, Hunter",FF,fastball,46,0.11,0.21,0.21,-0.005,,3.2,0
"Collyer, Gavin",FF,fastball,40,0.32,0.25,0.24,-0.005,,3.2,0
"Bennett, Jake",FF,fastball,162,0.31,0.19,0.19,-0.005,,4.1,0
"Pallette, Peyton",FF,fastball,98,0.27,0.16,0.16,-0.005,,2,0
"Taylor, Grant",SI,fastball,40,0.18,0.22,0.22,-0.005,,8.1,0.012
"Palencia, Daniel",FF,fastball,103,0.33,0.25,0.25,-0.005,,2.9,0
"Pfaadt, Brandon",SI,fastball,116,0.1,0.17,0.17,-0.005,,6.7,0.075
"Johnson, Ryan",SI,fastball,96,0.01,0.15,0.15,-0.005,,5.5,0
"Pomeranz, Drew",FF,fastball,180,0.12,0.24,0.24,-0.006,,5.6,0
"Chapman, Aroldis",FF,fastball,103,0.14,0.26,0.25,-0.006,,3.9,0
"Corbin, Patrick",SI,fastball,181,0.05,0.15,0.15,-0.006,,2.9,-0.022
"Gausman, Kevin",FS,offspeed,386,1.82,1.25,1.25,-0.006,0.36,18.3,-0.177
"Springs, Jeffrey",FF,fastball,344,0.13,0.17,0.16,-0.006,,3.8,0
"Rea, Colin",SI,fastball,67,0.02,0.15,0.14,-0.006,,6.2,-0.076
"Blackburn, Paul",SI,fastball,110,0.11,0.15,0.14,-0.006,,3.4,0.007
"Keller, Brad",SI,fastball,47,0.23,0.21,0.21,-0.006,,4.5,-0.012
"Suarez, Robert",FF,fastball,114,0.14,0.24,0.23,-0.006,,3.2,0
"Brubaker, JT",SI,fastball,152,0.06,0.14,0.14,-0.006,,2.7,-0.011
"Medina, Luis",FF,fastball,118,0.2,0.22,0.21,-0.006,,3.8,0
"Peguero, Joel",FF,fastball,43,0.23,0.22,0.22,-0.006,,2.8,0
"Romero, JoJo",SI,fastball,110,0.15,0.16,0.15,-0.006,,4.2,-0.03
"Skubal, Tarik",FF,fastball,280,0.21,0.21,0.21,-0.006,,3.2,0
"Detmers, Reid",FF,fastball,455,0.21,0.17,0.17,-0.006,,4.6,0
"Cecconi, Slade",SI,fastball,193,0.18,0.14,0.14,-0.006,,7.1,0.007
"Rocker, Kumar",SI,fastball,244,0.07,0.14,0.13,-0.006,,4.6,0.003
"Prielipp, Connor",SI,fastball,69,0.18,0.17,0.17,-0.006,,3.3,0.013
"Aldegheri, Sam",FF,fastball,129,0.09,0.16,0.15,-0.006,,2.5,0
"Schlittler, Cam",SI,fastball,194,0.23,0.2,0.19,-0.006,,4,-0.064
"Rojas, Kendry",FF,fastball,94,0.4,0.21,0.21,-0.006,,4.9,0
"Sasaki, Roki",FF,fastball,353,0.18,0.21,0.2,-0.006,,3,0
"Kelly, Merrill",SI,fastball,83,0.16,0.16,0.16,-0.007,,3,-0.011
"Sale, Chris",CH,offspeed,111,0.95,0.89,0.88,-0.007,0.31,16.2,0.053
"Buehler, Walker",SI,fastball,103,0.07,0.15,0.15,-0.007,,5.3,-0.009
"Senzatela, Antonio",SI,fastball,46,0.08,0.15,0.15,-0.007,,2.9,-0.015
"Alcantara, Sandy",FF,fastball,220,0.18,0.19,0.18,-0.007,,2.5,0
"Scott, Tanner",FF,fastball,160,0.31,0.27,0.26,-0.007,,2.7,0
"Webb, Jacob",CH,offspeed,177,1.53,1.12,1.12,-0.007,0.3,22.1,0.108
"Clarke, Taylor",FC,fastball,68,0.08,0.21,0.21,-0.007,,5.2,-0.072
"Clarke, Taylor",SI,fastball,51,0.03,0.18,0.18,-0.007,,4.1,0.035
"Alvarado, Elvis",FF,fastball,153,0.27,0.24,0.23,-0.007,,3,0
"Morillo, Juan",FF,fastball,155,0.43,0.21,0.2,-0.007,,4.2,0
"Morillo, Juan",SI,fastball,58,0.18,0.19,0.18,-0.007,,4.6,-0.035
"Soriano, José",FS,offspeed,179,1.04,0.79,0.79,-0.007,0.17,11.3,-0.003
"Erceg, Lucas",FF,fastball,102,0.16,0.18,0.18,-0.007,,3.5,0
"Bachar, Lake",FF,fastball,141,0.16,0.27,0.26,-0.007,,2.6,0
"Bednar, David",FS,offspeed,174,1.01,0.76,0.75,-0.007,0.17,6.5,-0.282
"Halvorsen, Seth",FF,fastball,101,0.02,0.21,0.21,-0.007,,3.8,0
"Wrobleski, Justin",SI,fastball,64,0.1,0.17,0.16,-0.007,,4.3,-0.009
"Phillips, Connor",FF,fastball,90,0.12,0.24,0.23,-0.007,,2.9,0
"Johnson, Seth",SL,breaking,42,0.97,1.74,1.73,-0.007,0.29,73,-0.645
"Dotel, Wilber",FF,fastball,88,0.18,0.21,0.21,-0.007,,3.8,0
"Chandler, Bubba",SI,fastball,54,0.18,0.2,0.2,-0.007,,6.1,0.002
"Rodriguez, Bradgley",FF,fastball,79,0.17,0.24,0.23,-0.007,,4.9,0
"Ureña, Walbert",FF,fastball,156,0.21,0.2,0.19,-0.007,,3.7,0
"Fuentes, Didier",FF,fastball,282,0.26,0.21,0.2,-0.007,,3.7,0
"Dollander, Chase",FF,fastball,155,0.27,0.24,0.23,-0.007,,2.9,0
"Lorenzen, Michael",SI,fastball,165,0.09,0.15,0.14,-0.008,,5.4,-0.034
"Booser, Cam",FF,fastball,67,0.17,0.19,0.19,-0.008,,3,0
"Guerrero, Tyron",SI,fastball,173,0.26,0.23,0.22,-0.008,,2.9,0
"Iglesias, Raisel",SI,fastball,43,0.19,0.17,0.16,-0.008,,6.8,0.04
"Littell, Zack",FF,fastball,212,0.15,0.15,0.14,-0.008,,3.7,0
"Griffin, Foster",SI,fastball,94,0.22,0.16,0.15,-0.008,,5.5,-0.055
"Lange, Alex",SI,fastball,76,0.26,0.15,0.15,-0.008,,4.3,-0.017
"De los Santos, Yerry",SI,fastball,43,0.23,0.18,0.17,-0.008,,2,-0.018
"Akin, Keegan",FF,fastball,100,0.28,0.18,0.18,-0.008,,2.9,0
"Zerpa, Angel",SI,fastball,54,0.1,0.17,0.17,-0.008,,5.7,-0.039
"Whitlock, Garrett",SI,fastball,171,0.14,0.18,0.17,-0.008,,3,0
"Bruihl, Justin",SI,fastball,179,0.13,0.2,0.19,-0.008,,9.3,0.023
"Weathers, Ryan",FF,fastball,215,0.2,0.21,0.2,-0.008,,2.7,0
"Anderson, Grant",FF,fastball,139,0.17,0.23,0.22,-0.008,,4.6,0
"Dodd, Dylan",SI,fastball,160,0.15,0.17,0.16,-0.008,,2.7,0
"Rodriguez, Bradgley",SI,fastball,93,0.08,0.19,0.18,-0.008,,5.1,-0.031
"Gibson, Cade",SI,fastball,54,0,0.19,0.18,-0.008,,2.9,-0.062
"Scherzer, Max",CH,offspeed,45,0.46,0.95,0.94,-0.009,0.32,25.7,0.075
"Rogers, Taylor",SI,fastball,93,0.1,0.18,0.17,-0.009,,2.3,0
"Quantrill, Cal",SI,fastball,133,0.12,0.14,0.13,-0.009,,7.2,-0.002
"Helsley, Ryan",FF,fastball,52,0.32,0.31,0.3,-0.009,,3.9,0
"Lawrence, Justin",FF,fastball,49,0.31,0.27,0.26,-0.009,,4.9,0
"Alvarado, Elvis",SI,fastball,42,0.04,0.21,0.2,-0.009,,3.7,-0.005
"Kilian, Caleb",KC,breaking,70,1.43,0.93,0.92,-0.009,0.59,166.5,0.107
"Gore, MacKenzie",SI,fastball,55,0.19,0.2,0.19,-0.009,,2.8,0.029
"Gómez, Yoendrys",SI,fastball,44,0.12,0.19,0.18,-0.009,,6.6,-0.021
"Winn, Keaton",FS,offspeed,123,1.06,1,0.99,-0.009,0.22,18.9,-0.052
"Bradish, Kyle",SI,fastball,256,0.1,0.2,0.19,-0.009,,11.3,0.028
"Maxwell, Zach",FF,fastball,61,0.09,0.23,0.22,-0.009,,3,0
"Gibson, Trey",FF,fastball,46,0.15,0.17,0.16,-0.009,,3.4,0
"Petty, Chase",SI,fastball,80,0.1,0.19,0.18,-0.009,,6.3,0.008
"Schultz, Noah",SI,fastball,102,0.14,0.2,0.19,-0.009,,5.4,0.018
"Early, Connelly",ST,breaking,57,2.36,2.06,2.05,-0.009,0.53,170.8,-0.495
"Lauer, Eric",FF,fastball,328,0.14,0.17,0.16,-0.01,,2.7,0
"Muñoz, Andrés",SL,breaking,171,3.09,2.07,2.06,-0.01,0.48,130.1,-0.453
"Shugart, Chase",SI,fastball,61,0.17,0.16,0.15,-0.01,,4.6,-0.014
"Valdez, Framber",SI,fastball,380,0.15,0.18,0.17,-0.01,,4.9,-0.034
"Luzardo, Jesús",FF,fastball,252,0.12,0.21,0.2,-0.01,,3.1,0
"Pallante, Andre",SI,fastball,187,0.11,0.18,0.17,-0.01,,7.7,0.054
"Hancock, Emerson",FF,fastball,395,0.15,0.22,0.21,-0.01,,5.2,0
"Meyer, Max",FF,fastball,180,0.08,0.26,0.25,-0.01,,2.7,0
"Wilcox, Cole",FF,fastball,45,0.15,0.18,0.17,-0.01,,2.7,0
"Ferrer, José A.",SI,fastball,257,0.16,0.21,0.2,-0.01,,3.1,0
"Kempner, William",FF,fastball,40,0.3,0.23,0.22,-0.01,,3,0
"Morris, Andrew",SI,fastball,56,0.33,0.17,0.16,-0.01,,7.8,-0.01
"Mikolas, Miles",SI,fastball,214,0.14,0.14,0.13,-0.011,,4.4,-0.043
"Nola, Aaron",SI,fastball,138,0.19,0.15,0.14,-0.011,,3.3,-0.027
"Woodruff, Brandon",CH,offspeed,68,1.86,1.22,1.21,-0.011,0.26,22.9,-0.019
"Banda, Anthony",SI,fastball,74,0.12,0.19,0.18,-0.011,,4.2,-0.025
"Wacha, Michael",SI,fastball,141,0.12,0.13,0.12,-0.011,,5.4,-0.009
"Kay, Anthony",FF,fastball,209,0.15,0.21,0.19,-0.011,,3.9,0
"Lambert, Peter",CH,offspeed,208,1.14,0.78,0.77,-0.011,0.24,18.9,0.023
"Lambert, Peter",SI,fastball,77,0.09,0.13,0.12,-0.011,,6.2,-0.044
"Rogers, Trevor",FF,fastball,409,0.26,0.22,0.21,-0.011,,3.3,0
"Scholtens, Jesse",SI,fastball,76,0.29,0.15,0.14,-0.011,,3,-0.093
"Brown, Ben",KC,breaking,180,2.28,1.34,1.33,-0.011,0.32,147,-0.615
"Silseth, Chase",SI,fastball,52,0.18,0.17,0.15,-0.011,,8.1,-0.023
"Brown, Hunter",SI,fastball,92,0.24,0.16,0.15,-0.011,,4.1,-0.08
"Prielipp, Connor",FF,fastball,165,0.09,0.19,0.18,-0.011,,2.8,0
"Treinen, Blake",ST,breaking,67,2.66,1.9,1.89,-0.012,0.42,174.3,-0.377
"Junis, Jakob",SI,fastball,55,0.05,0.15,0.14,-0.012,,3.9,-0.025
"Alvarado, José",SI,fastball,217,0.24,0.22,0.21,-0.012,,2.9,-0.013
"Ober, Bailey",FF,fastball,209,0.15,0.19,0.18,-0.012,,3.4,0
"Soto, Gregory",SI,fastball,99,0.17,0.23,0.22,-0.012,,4.9,-0.005
"Leiter Jr., Mark",SI,fastball,58,0.18,0.14,0.13,-0.012,,3.8,-0.043
"Lambert, Peter",FC,fastball,80,0.17,0.2,0.19,-0.012,,14.4,-0.298
"Ragans, Cole",FF,fastball,155,0.25,0.24,0.23,-0.012,,3.1,0
"O'Brien, Riley",SI,fastball,196,0.19,0.22,0.2,-0.012,,3.7,0
"Montgomery, Mason",FF,fastball,217,0.33,0.24,0.23,-0.012,,3.2,0
"McDonald, Trevor",SI,fastball,279,0.12,0.2,0.18,-0.012,,3.5,0.071
"Carrasco, Carlos",CH,offspeed,41,0.69,0.52,0.51,-0.013,0.2,11.1,-0.1
"Lugo, Seth",SI,fastball,160,0.11,0.17,0.15,-0.013,,6.7,-0.018
"Suter, Brent",FF,fastball,128,0.14,0.19,0.18,-0.013,,5.3,0
"Keller, Mitch",SI,fastball,134,0.16,0.18,0.16,-0.013,,2.8,-0.078
"Phillips, Tyler",SI,fastball,147,0.05,0.16,0.15,-0.013,,7.6,0.02
"Assad, Javier",SI,fastball,207,0.06,0.14,0.13,-0.013,,4.6,-0.006
"King, John",SI,fastball,91,0.21,0.17,0.16,-0.013,,3.9,0
"Williams, Gavin",SI,fastball,167,0.2,0.18,0.16,-0.013,,8.9,0.043
"Mlodzinski, Carmen",SI,fastball,95,0.08,0.16,0.14,-0.013,,8.1,-0.02
"Weissert, Greg",FF,fastball,111,0.21,0.19,0.17,-0.013,,6.7,0
"Watson, Ryan",SI,fastball,75,0.22,0.18,0.17,-0.013,,3.6,-0.033
"Bello, Brayan",SI,fastball,218,0.22,0.16,0.15,-0.013,,5.9,0.039
"Kelly, Kevin",SI,fastball,176,0.13,0.2,0.19,-0.013,,3.2,-0.006
"Nunez, Anthony",SI,fastball,49,0.21,0.23,0.22,-0.013,,7.8,0.044
"Schultz, Noah",FF,fastball,113,0.25,0.23,0.21,-0.013,,3.6,0
"Ritchie, JR",SI,fastball,62,0.17,0.18,0.17,-0.013,,4.3,-0.027
"Tolle, Payton",SI,fastball,158,0.16,0.22,0.21,-0.013,,2.8,-0.021
"Dollander, Chase",SI,fastball,77,0.17,0.23,0.22,-0.013,,2.9,-0.039
"Sale, Chris",FF,fastball,389,0.26,0.23,0.22,-0.014,,3.9,0
"Strahm, Matt",FF,fastball,116,0.28,0.22,0.21,-0.014,,3.5,0
"Hernández, Jonathan",SI,fastball,53,0.37,0.19,0.18,-0.014,,2.8,-0.002
"Lynch IV, Daniel",SI,fastball,84,0.28,0.18,0.17,-0.014,,3.9,-0.033
"Skubal, Tarik",SI,fastball,121,0.24,0.2,0.19,-0.014,,5.3,-0.059
"Englert, Mason",SI,fastball,66,0.07,0.14,0.12,-0.014,,2.4,-0.044
"Cantillo, Joey",FF,fastball,264,0.19,0.18,0.16,-0.014,,3.5,0
"Teng, Kai-Wei",SI,fastball,71,0.22,0.18,0.16,-0.014,,3.4,-0.04
"Gibson, Trey",SI,fastball,55,0.22,0.16,0.14,-0.014,,5.8,-0.06
"Lowder, Rhett",SI,fastball,182,0.05,0.16,0.14,-0.014,,10.4,0.016
"Ureña, Walbert",SI,fastball,218,0.37,0.19,0.18,-0.014,,3.5,0.03
"Imai, Tatsuya",FF,fastball,171,0.18,0.19,0.18,-0.014,,3.6,0
"Houser, Adrian",SI,fastball,266,0.12,0.17,0.16,-0.015,,4.6,-0.027
"Ryan, Joe",SI,fastball,90,0.07,0.15,0.14,-0.015,,4.2,-0.011
"Waldron, Matt",SI,fastball,43,0.1,0.16,0.15,-0.015,,3.3,-0.056
"Wolfram, Grant",SI,fastball,106,0.24,0.19,0.18,-0.015,,4.7,0.115
"Kremer, Dean",SI,fastball,41,0.07,0.13,0.12,-0.015,,10.2,-0.022
"Schreiber, John",FF,fastball,87,0.28,0.21,0.19,-0.015,,5.8,0
"Pérez, Cionel",FF,fastball,65,0.23,0.21,0.2,-0.015,,3.7,0
"Way, Beck",SI,fastball,42,0.18,0.18,0.17,-0.015,,3.5,-0.007
"Raley, Brooks",SI,fastball,45,0.15,0.19,0.17,-0.016,,5.7,0
"Alexander, Tyler",FC,fastball,59,0.16,0.27,0.25,-0.016,,20.1,-0.391
"Doval, Camilo",FC,fastball,70,0.14,0.32,0.31,-0.016,,5.1,-0.01
"Ashcraft, Graham",FC,fastball,102,0.29,0.29,0.27,-0.016,,5.6,0
"Wilson, Bryse",SI,fastball,46,0.08,0.13,0.12,-0.016,,5.6,-0.056
"Hanifee, Brenan",SI,fastball,87,0.03,0.19,0.17,-0.016,,3.4,0.009
"Morejon, Adrian",SI,fastball,191,0.18,0.25,0.24,-0.016,,7.1,-0.063
"Agnos, Zach",FC,fastball,133,0.23,0.24,0.22,-0.016,,12.9,-0.333
"Miles, Spencer",SI,fastball,205,0.34,0.2,0.18,-0.016,,3.5,-0.025
"Manaea, Sean",SI,fastball,155,0.15,0.19,0.17,-0.017,,4.3,-0.002
"Sánchez, Cristopher",SI,fastball,410,0.11,0.2,0.18,-0.017,,2.9,0
"Duran, Jhoan",FF,fastball,77,0.39,0.21,0.19,-0.017,,2.8,0
"Baz, Shane",CH,offspeed,71,0.36,1.05,1.04,-0.017,0.36,18.4,0.021
"Cavalli, Cade",SI,fastball,149,0.1,0.17,0.15,-0.017,,5.2,0
"Rodriguez, Grayson",CH,offspeed,83,1.54,1.41,1.39,-0.017,0.37,32.4,-0.128
"Warren, Austin",SI,fastball,58,0.02,0.16,0.15,-0.017,,6,0.025
"Davila, Nick",SL,breaking,108,0.39,1.22,1.2,-0.017,0.32,148.5,-0.563
"Patrick, Chad",SI,fastball,123,0.08,0.19,0.17,-0.017,,5.9,-0.063
"Kittredge, Andrew",SL,breaking,122,1.08,1,0.98,-0.018,0.21,72.5,-0.431
"Mantiply, Joe",SI,fastball,49,0.04,0.2,0.18,-0.018,,4.4,0
"Walker, Taijuan",FS,offspeed,57,0.66,0.5,0.49,-0.018,0.19,9.7,-0.143
"Hentges, Sam",SI,fastball,41,0.22,0.19,0.17,-0.018,,3.1,-0.035
"Suarez, José",SI,fastball,43,0.11,0.17,0.16,-0.018,,3.8,-0.021
"Doval, Camilo",SI,fastball,140,0.29,0.29,0.27,-0.018,,4.8,0
"Erceg, Lucas",SI,fastball,89,0.09,0.17,0.15,-0.018,,5.8,0.002
"Morejon, Adrian",FF,fastball,75,0.5,0.27,0.25,-0.018,,3.9,0
"Walker, Ryan",SL,breaking,63,1.36,1.36,1.34,-0.018,0.62,172.6,-0.192
"Johnson, Ryan",FC,fastball,109,0.54,0.31,0.29,-0.018,,24.1,-0.332
"Peralta, Wandy",SI,fastball,168,0.18,0.19,0.17,-0.019,,3.5,-0.01
"McCullers Jr., Lance",FC,fastball,88,0.28,0.27,0.25,-0.019,,33.1,-0.332
"Speier, Gabe",SI,fastball,71,0.28,0.19,0.17,-0.019,,3.3,0.006
"Civale, Aaron",SI,fastball,107,0.11,0.15,0.14,-0.019,,5,-0.026
"Holton, Tyler",SI,fastball,60,0.12,0.18,0.16,-0.019,,5.8,0.015
"Roberts, Ethan",FC,fastball,89,0.25,0.39,0.38,-0.019,,11.2,-0.084
"Herrin, Tim",SI,fastball,62,0.21,0.19,0.17,-0.019,,3.4,0.036
"Headrick, Brent",SI,fastball,46,0.26,0.21,0.19,-0.019,,3.8,-0.041
"Woo, Bryan",SI,fastball,173,0.08,0.2,0.18,-0.019,,3.5,-0.047
"Topa, Justin",SI,fastball,62,0.13,0.17,0.15,-0.02,,3.3,0
"Holmes, Grant",SI,fastball,77,0.18,0.15,0.13,-0.02,,5.3,-0.085
"Webb, Logan",CH,offspeed,235,0.76,0.66,0.64,-0.02,0.18,35.6,0.05
"Kolek, Stephen",SI,fastball,88,0.04,0.17,0.15,-0.02,,6.6,-0.132
"Erceg, Lucas",CH,offspeed,48,0.65,1.03,1.01,-0.02,0.31,14.6,-0.035
"Ashcraft, Braxton",SI,fastball,137,0.26,0.22,0.2,-0.02,,3.8,-0.049
"Bennett, Jake",SI,fastball,109,0.12,0.2,0.18,-0.02,,3.4,-0.008
"Painter, Andrew",FS,offspeed,84,1.35,1.33,1.31,-0.02,0.32,14.7,-0.15
"Rasmussen, Drew",CH,offspeed,105,0.98,1.12,1.1,-0.021,0.16,39.7,-0.188
"Assad, Javier",FC,fastball,60,0.23,0.4,0.38,-0.021,,47,-0.399
"May, Dustin",SI,fastball,165,0.2,0.26,0.23,-0.021,,10,-0.056
"Winn, Keaton",SI,fastball,55,0.15,0.18,0.16,-0.021,,4.3,-0.092
"Burns, Chase",CH,offspeed,41,1.2,1.22,1.2,-0.021,0.21,26.2,0.064
"Yarbrough, Ryan",FF,fastball,43,0.08,0.19,0.17,-0.022,,3.9,0
"Irvin, Jake",SI,fastball,97,0.08,0.2,0.17,-0.022,,4.7,-0.062
"Zeferjahn, Ryan",SI,fastball,51,0.12,0.2,0.18,-0.022,,6.7,-0.004
"Suarez, Ranger",SI,fastball,156,0.1,0.17,0.15,-0.023,,8,-0.082
"Bender, Anthony",SI,fastball,54,0.37,0.2,0.18,-0.023,,3,0
"Pérez, Cionel",SI,fastball,95,0.21,0.21,0.19,-0.023,,3.2,-0.024
"Herrin, Tim",CU,breaking,65,3.12,1.81,1.79,-0.023,0.84,172.7,-0.088
"Pfaadt, Brandon",FC,fastball,82,0.25,0.36,0.34,-0.023,,18.7,-0.315
"McGreevy, Michael",SI,fastball,153,0.08,0.16,0.14,-0.023,,5.2,-0.106
"Sullivan, Sean",FF,fastball,84,0.07,0.24,0.22,-0.023,,2.8,0
"Moll, Sam",CH,offspeed,41,0.6,0.81,0.78,-0.024,0.3,27.7,0.16
"Fedde, Erick",FC,fastball,133,0.16,0.28,0.26,-0.024,,18.4,-0.27
"Martinez, Nick",FC,fastball,205,0.24,0.27,0.24,-0.024,,7.4,-0.302
"Soroka, Michael",SI,fastball,64,0.05,0.18,0.16,-0.024,,3.1,-0.023
"Griffin, Foster",FC,fastball,357,0.18,0.21,0.19,-0.024,,33.7,-0.398
"Criswell, Cooper",FC,fastball,44,0.38,0.37,0.34,-0.024,,59.1,-0.423
"Gray, Peyton",CH,offspeed,150,1.18,1.15,1.12,-0.024,0.44,24.4,-0.043
"Schlittler, Cam",FC,fastball,306,0.21,0.4,0.37,-0.024,,34.5,-0.274
"Holmes, Clay",ST,breaking,59,1.97,2.05,2.03,-0.025,0.65,167.1,-0.23
"Thompson, Ryan",SL,breaking,103,2.07,1.57,1.55,-0.025,0.68,164.5,0.032
"Kirby, George",KC,breaking,81,0.69,0.97,0.94,-0.025,0.43,177,-0.084
"Marinaccio, Ron",CH,offspeed,115,1.16,1.32,1.29,-0.025,0.36,40.5,-0.029
"McLean, Nolan",SI,fastball,299,0.21,0.22,0.19,-0.025,,5,-0.055
"Elder, Bryce",SI,fastball,179,0.26,0.15,0.13,-0.025,,7.6,-0.061
"Banks, Tanner",SI,fastball,41,0.2,0.15,0.13,-0.026,,3,0.008
"Littell, Zack",SI,fastball,141,0.21,0.15,0.12,-0.026,,6.8,0
"Greene, Hunter",SL,breaking,69,2.65,1.48,1.45,-0.026,0.51,77.7,-0.535
"Crochet, Garrett",SI,fastball,45,0.25,0.26,0.23,-0.026,,5.6,-0.006
"Garcia, Brandyn",SI,fastball,82,0.09,0.22,0.19,-0.026,,4.1,0
"Sale, Chris",SL,breaking,337,2.58,2.84,2.81,-0.027,0.71,165.4,-0.276
"Boyd, Matthew",SL,breaking,67,2.35,1.43,1.41,-0.027,0.37,121.2,-0.767
"Peralta, Freddy",CH,offspeed,209,0.88,1.03,1.01,-0.027,0.32,38.7,0.052
"Detmers, Reid",CH,offspeed,93,1.41,1.75,1.72,-0.027,0.37,14,-0.027
"Bibee, Tanner",SI,fastball,209,0.32,0.16,0.13,-0.027,,13.4,-0.013
"Criswell, Cooper",SI,fastball,54,0.17,0.21,0.18,-0.027,,2.9,0.068
"Roycroft, Chris",SI,fastball,77,0.12,0.25,0.22,-0.027,,14.4,0.256
"Yates, Kirby",FS,offspeed,77,0.95,0.7,0.67,-0.028,0.21,28.9,-0.002
"Hart, Kyle",SI,fastball,61,0.07,0.22,0.19,-0.028,,2.8,0.02
"Severino, Luis",FC,fastball,112,0.15,0.27,0.24,-0.028,,17.7,-0.251
"Romero, JoJo",CH,offspeed,56,1.3,0.71,0.68,-0.028,0.25,14.6,0.091
"Melton, Troy",SL,breaking,97,1.47,1.31,1.28,-0.028,0.28,111.2,-0.426
"Imanaga, Shota",SI,fastball,63,0.18,0.22,0.19,-0.028,,7.4,-0.105
"Sugano, Tomoyuki",SL,breaking,65,0.8,0.97,0.94,-0.029,0.23,113.5,-0.613
"Lovelady, Richard",SI,fastball,60,0.12,0.29,0.26,-0.029,,15.5,-0.004
"Ginn, J.T.",SI,fastball,238,0.38,0.19,0.16,-0.029,,4.6,-0.002
"Rogers, Trevor",CH,offspeed,225,0.7,0.9,0.87,-0.029,0.25,13.9,-0.014
"Rogers, Trevor",SI,fastball,84,0.18,0.23,0.2,-0.029,,4.4,0.008
"Perkins, Jack",ST,breaking,146,1.76,1.78,1.75,-0.029,0.38,166.6,-0.526
"Criswell, Cooper",CH,offspeed,64,0.5,0.55,0.52,-0.029,0.19,12.7,0.148
"Lowder, Rhett",SL,breaking,180,1.38,2.26,2.23,-0.029,0.35,163.1,-0.67
"Castillo, Luis",SI,fastball,145,0.14,0.17,0.14,-0.03,,7,0.042
"Dobnak, Randy",SI,fastball,79,0.1,0.17,0.14,-0.03,,2.5,-0.037
"Chapman, Aroldis",SI,fastball,119,0.24,0.3,0.27,-0.031,,6,-0.029
"Bassitt, Chris",FC,fastball,94,0.19,0.29,0.26,-0.031,,12.4,-0.211
"Holmes, Clay",SI,fastball,188,0.15,0.17,0.14,-0.031,,3.6,0
"Canning, Griffin",SI,fastball,49,0,0.18,0.15,-0.031,,6.1,-0.024
"Canning, Griffin",SL,breaking,119,1.29,1.74,1.71,-0.031,0.27,167.4,-0.678
"Keller, Mitch",SL,breaking,88,0.64,0.98,0.95,-0.031,0.24,102.9,-0.584
"Hicks, Jordan",SI,fastball,123,0.06,0.2,0.17,-0.031,,7.6,-0.034
"Imanaga, Shota",ST,breaking,121,2.13,1.34,1.31,-0.031,0.48,155.2,-0.524
"Yoho, Craig",CH,offspeed,76,1.48,2.07,2.03,-0.031,0.68,52.6,-0.121
"Rodríguez, Elmer",SI,fastball,54,0.18,0.18,0.15,-0.031,,6.8,-0.004
"Cabrera, Edward",CU,breaking,83,1.22,2.01,1.98,-0.032,0.42,168.1,-0.348
"Miller, Erik",SI,fastball,110,0.18,0.24,0.21,-0.032,,4.3,0.007
"Wells, Tyler",FC,fastball,111,0.57,0.3,0.27,-0.032,,16.9,-0.253
"Weissert, Greg",CH,offspeed,41,1.02,1.04,1.01,-0.032,0.37,41.3,0.197
"Hancock, Emerson",SI,fastball,214,0.15,0.21,0.17,-0.032,,5.7,0.031
"Smith, Dylan",ST,breaking,58,1.17,1.73,1.7,-0.032,0.41,129.2,-0.506
"Morgan, David",SI,fastball,50,0.21,0.24,0.21,-0.032,,17.9,0.086
"Rodón, Carlos",SI,fastball,60,0.32,0.27,0.24,-0.033,,8.9,-0.14
"Bird, Jake",SI,fastball,83,0.28,0.23,0.19,-0.033,,18.6,0.127
"Lawrence, Justin",SI,fastball,126,0.38,0.27,0.24,-0.033,,6.4,-0.029
"Poulin, PJ",ST,breaking,98,1.32,1.1,1.07,-0.033,0.49,141.6,-0.724
"Suarez, Robert",CH,offspeed,88,1.2,1.28,1.25,-0.034,0.19,27.3,0.028
"Luzardo, Jesús",SI,fastball,163,0.15,0.22,0.18,-0.034,,4,0.008
"Sproat, Brandon",SI,fastball,172,0.2,0.2,0.17,-0.034,,4.4,-0.11
"Warren, Will",SI,fastball,198,0.27,0.23,0.2,-0.034,,7.9,0
"Yarbrough, Ryan",FC,fastball,79,0.17,0.18,0.15,-0.035,,14.9,-0.345
"Kochanowicz, Jack",SI,fastball,192,0.24,0.21,0.18,-0.035,,4.5,-0.057
"Young, Brandon",SI,fastball,95,0.06,0.17,0.13,-0.035,,7.8,-0.013
"Gusto, Ryan",SI,fastball,41,0.41,0.21,0.18,-0.035,,15.7,-0.077
"Roupp, Landen",SI,fastball,253,0.08,0.17,0.14,-0.035,,6.4,0.023
"Waldron, Matt",FC,fastball,59,0.15,0.32,0.29,-0.036,,28.7,-0.371
"Cano, Yennier",SI,fastball,139,0.27,0.21,0.18,-0.036,,3,-0.016
"Elder, Bryce",FC,fastball,140,0.32,0.3,0.26,-0.036,,11.4,-0.212
"Nola, Aaron",CH,offspeed,134,0.97,0.76,0.72,-0.037,0.27,23,0.046
"Manaea, Sean",FC,fastball,66,0.56,0.52,0.48,-0.037,,46.3,-0.611
"Peterson, David",SI,fastball,209,0.16,0.23,0.19,-0.037,,4.1,0.076
"Bubic, Kris",SI,fastball,48,0.15,0.25,0.22,-0.037,,6.7,-0.018
"Burrows, Mike",CU,breaking,79,1.54,1.31,1.28,-0.037,0.73,171.5,-0.155
"Adams, Travis",FC,fastball,50,0.2,0.31,0.27,-0.037,,31.1,-0.287
"McClanahan, Shane",CU,breaking,69,0.52,1.18,1.14,-0.038,0.54,169.8,-0.385
"Nelson, Ryne",FC,fastball,57,0.37,0.32,0.28,-0.038,,9.9,-0.198
"Weissert, Greg",SI,fastball,114,0.12,0.17,0.14,-0.038,,10.9,0.066
"Hurter, Brant",SI,fastball,88,0.25,0.2,0.16,-0.038,,4.4,0.034
"Alexander, Tyler",ST,breaking,55,0.85,1.11,1.07,-0.039,0.69,155.8,-0.363
"Bernardino, Brennan",FC,fastball,42,0.67,0.37,0.33,-0.039,,29.7,-0.456
"Woodford, Jake",FC,fastball,79,0.35,0.34,0.31,-0.039,,26.2,-0.315
"Alvarez, Andrew",SI,fastball,53,0.2,0.23,0.19,-0.039,,14.4,-0.072
"López, Reynaldo",SL,breaking,155,1.89,1.07,1.03,-0.04,0.35,92.4,-0.647
"Yarbrough, Ryan",SI,fastball,50,0.02,0.2,0.16,-0.04,,5.1,-0.015
"Webb, Logan",SI,fastball,238,0.09,0.2,0.16,-0.04,,5.8,-0.008
"Bello, Brayan",CH,offspeed,118,0.9,0.81,0.77,-0.04,0.28,20.4,0.153
"Lugo, Seth",CH,offspeed,79,0.5,0.85,0.81,-0.041,0.29,26.1,0.021
"Weathers, Ryan",SI,fastball,159,0.1,0.22,0.18,-0.041,,5.5,0.009
"Gibson, Cade",SL,breaking,42,0.43,0.78,0.74,-0.041,0.24,53.1,-0.605
"Singer, Brady",FC,fastball,67,0.19,0.32,0.27,-0.042,,17.7,-0.315
"Cavalli, Cade",FC,fastball,49,0.3,0.33,0.29,-0.042,,16.5,-0.296
"Sproat, Brandon",FC,fastball,161,0.41,0.32,0.28,-0.042,,31.7,-0.363
"Lange, Alex",CH,offspeed,80,0.79,0.8,0.76,-0.043,0.22,22.4,0.023
"Meyer, Max",SI,fastball,77,0.01,0.24,0.2,-0.043,,6.3,0.032
"Sisk, Evan",SI,fastball,75,0.08,0.25,0.21,-0.043,,6.7,-0.018
"Eisert, Brandon",SL,breaking,109,1.08,0.78,0.73,-0.043,0.26,91.5,-0.546
"Chandler, Bubba",SL,breaking,188,0.84,1.79,1.75,-0.043,0.3,67.6,-0.68
"Junis, Jakob",CH,offspeed,61,0.35,0.7,0.66,-0.044,0.33,9.2,0.023
"Wacha, Michael",FC,fastball,141,0.14,0.3,0.25,-0.044,,10.2,-0.306
"King, Michael",SI,fastball,221,0.18,0.24,0.2,-0.044,,11.2,-0.061
"Lynch IV, Daniel",CH,offspeed,89,0.98,1.28,1.24,-0.044,0.32,24.3,-0.016
"Fisher, Braydon",CU,breaking,82,0.74,0.62,0.57,-0.044,0.49,175.2,-0.226
"Pérez, Eury",ST,breaking,110,1.81,2.43,2.39,-0.044,0.6,106.4,-0.555
"Buehler, Walker",FC,fastball,192,0.27,0.35,0.3,-0.045,,33.8,-0.365
"Suarez, José",SL,breaking,109,0.78,0.94,0.89,-0.045,0.45,138.7,-0.56
"Martin, Davis",CU,breaking,92,2.65,1.13,1.09,-0.045,0.47,166.8,-0.099
"Seymour, Ian",SI,fastball,56,0.08,0.2,0.16,-0.045,,4.1,-0.093
"Burns, Chase",SL,breaking,351,2.71,1.78,1.73,-0.045,0.21,81.5,-0.683
"Cameron, Noah",FC,fastball,206,0.28,0.27,0.22,-0.045,,18.7,-0.327
"Burke, Brock",SI,fastball,49,0.07,0.24,0.19,-0.046,,3.6,-0.022
"Hentges, Sam",SL,breaking,53,1.2,0.77,0.72,-0.046,0.23,56.5,-0.613
"Luzardo, Jesús",ST,breaking,320,2.78,2.69,2.65,-0.046,0.45,154.7,-0.594
"Roupp, Landen",FC,fastball,117,0.51,0.36,0.31,-0.046,,56.5,-0.484
"Pérez, Martín",SI,fastball,169,0.11,0.21,0.16,-0.047,,4.4,-0.009
"Boyd, Matthew",CH,offspeed,162,1.57,1.22,1.18,-0.047,0.5,12,-0.019
"Griffin, Foster",ST,breaking,118,1.52,0.97,0.93,-0.047,0.6,155.1,-0.362
"Cleavinger, Garrett",SI,fastball,54,0.17,0.24,0.19,-0.047,,7.5,-0.038
"Williamson, Brandon",FC,fastball,56,0.23,0.41,0.36,-0.047,,28.6,-0.509
"Thornton, Zac",FC,fastball,58,0.69,0.35,0.31,-0.047,,21.4,-0.533
"Booser, Cam",FC,fastball,79,0.55,0.87,0.82,-0.048,,59.5,-0.715
"Keller, Mitch",FC,fastball,75,0.15,0.39,0.34,-0.048,,24.5,-0.385
"Webb, Logan",FC,fastball,114,0.28,0.3,0.26,-0.048,,13.5,-0.377
"Gallen, Zac",SL,breaking,177,1.09,0.56,0.52,-0.048,0.19,55.1,-0.437
"Weiss, Ryan",ST,breaking,73,1.86,1.26,1.21,-0.048,0.46,159.3,-0.353
"Silseth, Chase",ST,breaking,55,2.24,1.56,1.51,-0.048,0.34,162.1,-0.477
"Anderson, Grant",SI,fastball,73,0.13,0.22,0.17,-0.048,,5.8,0.012
"Soriano, José",KC,breaking,229,3.48,3.16,3.11,-0.049,0.52,158.7,-0.28
"Sproat, Brandon",CH,offspeed,61,0.77,0.76,0.71,-0.049,0.18,25.2,0.073
"Samaniego, Tyler",SI,fastball,52,0.35,0.27,0.23,-0.049,,11.5,-0.075
"Kay, Anthony",SI,fastball,183,0.28,0.25,0.2,-0.05,,6.6,-0.066
"Gallen, Zac",CH,offspeed,127,0.76,0.87,0.82,-0.05,0.28,18.3,0.014
"Lopez, Jacob",FC,fastball,115,0.3,0.33,0.28,-0.05,,26.9,-0.469
"Gusto, Ryan",CH,offspeed,53,0.99,1.06,1.01,-0.05,0.25,40.2,0.009
"Matthews, Zebby",CH,offspeed,63,0.42,1.14,1.09,-0.05,0.29,31.4,0.029
"Freeland, Kyle",FC,fastball,178,0.21,0.34,0.29,-0.051,,13.5,-0.38
"Lugo, Seth",ST,breaking,104,0.47,0.79,0.74,-0.051,0.82,155.7,-0.299
"Crow, Coleman",FC,fastball,52,0.37,0.65,0.6,-0.051,,39.4,-0.385
"Suarez, Ranger",CU,breaking,112,2.11,0.84,0.78,-0.052,0.62,175.7,0.058
"Suarez, Ranger",FC,fastball,164,0.12,0.26,0.21,-0.052,,16.4,-0.274
"Holmes, Grant",SL,breaking,314,2.27,2.03,1.98,-0.052,0.3,164.7,-0.6
"Ryan, Joe",KC,breaking,114,1.21,1.88,1.83,-0.052,0.75,168.7,-0.214
"Mejia, Juan",ST,breaking,139,1.93,1.57,1.52,-0.052,0.61,148.6,-0.202
"Teng, Kai-Wei",CH,offspeed,54,1.02,0.75,0.7,-0.052,0.26,11.5,0.04
"Ureña, Walbert",CH,offspeed,249,1.27,1.01,0.96,-0.052,0.24,12.2,0.037
"Ritchie, JR",CH,offspeed,83,0.58,0.91,0.85,-0.052,0.17,19.3,-0.007
"Early, Connelly",SI,fastball,105,0.12,0.25,0.2,-0.052,,6.6,0.004
"Quintana, Jose",SV,breaking,45,1.39,1.15,1.09,-0.053,0.52,130.5,-0.381
"Freeland, Kyle",ST,breaking,102,1.04,1.64,1.59,-0.053,0.4,170.6,-0.529
"Blackburn, Paul",FC,fastball,88,0.29,0.28,0.23,-0.053,,28.9,-0.319
"Kolek, Stephen",FC,fastball,50,0.24,0.38,0.32,-0.053,,18.6,-0.481
"Irvin, Jake",FC,fastball,57,0.2,0.44,0.39,-0.053,,32.6,-0.283
"Schreiber, John",SI,fastball,68,0.16,0.28,0.22,-0.053,,7.8,-0.001
"Rocker, Kumar",FC,fastball,116,0.48,0.39,0.34,-0.053,,15.6,-0.428
"Gasser, Robert",FC,fastball,75,0.47,0.41,0.35,-0.053,,33.5,-0.459
"Lauer, Eric",FC,fastball,150,0.11,0.32,0.26,-0.054,,26.5,-0.469
"Detmers, Reid",CU,breaking,80,1.64,1.25,1.2,-0.054,1.56,176.2,-0.075
"Armstrong, Shawn",FC,fastball,78,0.22,0.34,0.28,-0.055,,44.8,-0.336
"Corbin, Patrick",SL,breaking,169,1.87,1.68,1.63,-0.055,0.52,153.7,-0.623
"Littell, Zack",FS,offspeed,174,0.79,1.05,0.99,-0.055,0.4,35.6,-0.18
"Svanson, Matt",ST,breaking,107,0.78,1.26,1.21,-0.055,0.36,154,-0.437
"Rojas, Kendry",SL,breaking,53,1.18,1.07,1.01,-0.056,0.25,36.2,-0.534
"Suter, Brent",SI,fastball,137,0.09,0.26,0.2,-0.057,,15.6,0.117
"Alvarado, José",FC,fastball,128,1.51,1.12,1.06,-0.057,,20.1,-0.663
"Finnegan, Kyle",FS,offspeed,115,1.45,1.28,1.22,-0.057,0.27,26.8,-0.059
"Ober, Bailey",SL,breaking,108,0.35,0.67,0.61,-0.057,0.33,40,-0.369
"Schultz, Paxton",FC,fastball,126,0.24,0.37,0.32,-0.057,,22.4,-0.325
"Messick, Parker",SI,fastball,147,0.09,0.23,0.18,-0.057,,7.2,-0.019
"Kolek, Stephen",SL,breaking,75,2.02,1.32,1.26,-0.058,0.31,134.7,-0.624
"May, Dustin",FC,fastball,200,0.37,0.42,0.36,-0.058,,17.5,-0.414
"Sugano, Tomoyuki",FC,fastball,81,0.56,0.34,0.28,-0.059,,22.5,-0.445
"Peterson, David",CH,offspeed,89,0.74,0.88,0.82,-0.059,0.2,24.7,0.2
"Castillo, Luis",CH,offspeed,116,0.5,0.87,0.81,-0.06,0.28,26.9,0.062
"King, John",CH,offspeed,62,0.98,0.67,0.62,-0.06,0.47,11.4,0.114
"Leiter, Jack",FC,fastball,70,0.13,0.42,0.36,-0.06,,17,-0.307
"Martin, Chris",FC,fastball,52,0.31,0.28,0.21,-0.061,,21.3,-0.384
"Gómez, Yoendrys",FC,fastball,57,0.25,0.53,0.47,-0.061,,26.9,-0.343
"Montgomery, Mason",CU,breaking,51,2.06,3.78,3.72,-0.061,0.5,163.6,-0.534
"Eovaldi, Nathan",FC,fastball,169,0.22,0.38,0.32,-0.062,,29.3,-0.355
"Rea, Colin",FC,fastball,43,0.27,0.66,0.6,-0.062,,50.7,-0.445
"Ginn, J.T.",FC,fastball,122,0.34,0.32,0.26,-0.062,,9.6,-0.331
"Matz, Steven",CU,breaking,42,0.77,0.74,0.68,-0.063,0.77,160,-0.202
"Rogers, Tyler",SL,breaking,70,0.59,1.09,1.02,-0.063,0.66,153.4,-0.098
"Lorenzen, Michael",CH,offspeed,170,1.33,1.23,1.16,-0.064,0.36,16.1,0.037
"Lorenzen, Michael",FC,fastball,119,0.31,0.43,0.36,-0.064,,16.1,-0.441
"Matz, Steven",CH,offspeed,148,0.83,1.2,1.13,-0.064,0.37,27.5,-0.159
"Topa, Justin",FC,fastball,46,0.24,0.3,0.23,-0.064,,11.6,-0.355
"Loáisiga, Jonathan",CH,offspeed,102,1.03,0.87,0.81,-0.064,0.27,20.1,0.074
"Rodriguez, Eduardo",FC,fastball,114,0.25,0.3,0.24,-0.065,,15.1,-0.302
"Lugo, Seth",SL,breaking,84,0.98,0.86,0.79,-0.065,0.33,104.1,-0.567
"Senzatela, Antonio",FC,fastball,113,0.37,0.52,0.46,-0.065,,26.7,-0.385
"Newcomb, Sean",SI,fastball,97,0.13,0.26,0.19,-0.065,,4.6,-0.083
"Pallante, Andre",KC,breaking,109,1.84,1.66,1.59,-0.066,0.72,170,-0.007
"Melton, Troy",FC,fastball,101,0.6,0.46,0.39,-0.067,,36.2,-0.374
"Wilson, Bryse",FC,fastball,59,0.12,0.47,0.4,-0.068,,30.7,-0.371
"Drohan, Shane",FC,fastball,79,0.28,0.53,0.47,-0.068,,16.9,-0.417
"Paredes, Mike",FC,fastball,46,0.65,0.6,0.53,-0.068,,40.4,-0.395
"Suárez, Albert",CH,offspeed,60,0.68,1.1,1.03,-0.069,0.3,24.4,0.062
"Giolito, Lucas",CH,offspeed,85,1.3,2.04,1.97,-0.069,0.43,19.2,0.001
"Soriano, José",SI,fastball,251,0.32,0.3,0.23,-0.07,,6.2,0.003
"Perkins, Jack",FC,fastball,52,0.37,0.42,0.35,-0.07,,16,-0.509
"Miles, Spencer",SL,breaking,85,0.49,1.67,1.6,-0.07,0.33,132.4,-0.602
"Borucki, Ryan",SL,breaking,78,1.88,1.28,1.2,-0.071,0.27,70.6,-0.811
"Keller, Mitch",CU,breaking,51,1.13,1.09,1.02,-0.071,0.69,176.2,0.067
"Collyer, Gavin",ST,breaking,46,0.54,1.04,0.97,-0.071,0.39,167,-0.355
"Kahnle, Tommy",CH,offspeed,58,0.55,0.9,0.82,-0.072,0.21,42.1,0.101
"Martin, Davis",FC,fastball,121,0.54,0.46,0.39,-0.072,,27.5,-0.405
"McClanahan, Shane",CH,offspeed,225,1.7,1.56,1.48,-0.072,0.29,32.6,0.015
"Winn, Cole",FS,offspeed,45,0.69,1.28,1.21,-0.072,0.2,29.1,-0.043
"Henderson, Logan",FC,fastball,68,0.14,0.58,0.51,-0.072,,22.7,-0.37
"Messick, Parker",FC,fastball,50,0.61,0.32,0.25,-0.072,,23.9,-0.319
"Burrows, Mike",CH,offspeed,220,1.17,1.06,0.99,-0.073,0.28,22.7,0.018
"Paddack, Chris",CU,breaking,41,0.69,0.45,0.38,-0.074,0.76,176.6,-0.054
"Hurt, Kyle",CH,offspeed,103,0.92,1.32,1.24,-0.074,0.3,42.3,-0.02
"Gusto, Ryan",FC,fastball,44,0.34,0.52,0.45,-0.074,,24.5,-0.397
"Gray, Sonny",FC,fastball,167,0.58,0.47,0.4,-0.076,,53.6,-0.266
"Thornton, Trent",FC,fastball,64,1.03,0.59,0.51,-0.076,,41.2,-0.456
"Myers, Tobias",FC,fastball,46,0.31,0.53,0.46,-0.076,,26.3,-0.246
"Sisk, Evan",ST,breaking,47,2.18,1.22,1.15,-0.076,0.64,150.3,-0.286
"Kochanowicz, Jack",CH,offspeed,135,0.85,0.86,0.79,-0.076,0.2,9.4,-0.197
"Mahle, Tyler",FC,fastball,105,0.33,0.48,0.41,-0.077,,25.5,-0.395
"Feltner, Ryan",CH,offspeed,93,2.43,1.19,1.12,-0.077,0.41,5.8,-0.123
"Civale, Aaron",FC,fastball,228,0.43,0.44,0.36,-0.078,,32.3,-0.41
"Kremer, Dean",FC,fastball,42,1.37,0.6,0.52,-0.078,,33.8,-0.469
"Sheehan, Emmet",SL,breaking,262,2.12,1.26,1.18,-0.078,0.25,46.7,-0.737
"Soroka, Michael",FC,fastball,69,0.38,0.55,0.47,-0.079,,31,-0.431
"Nance, Tommy",SL,breaking,125,1.49,2.03,1.95,-0.079,0.28,108.6,-0.727
"Fedde, Erick",ST,breaking,300,0.8,1.26,1.18,-0.081,0.48,141.4,-0.197
"Pearson, Nate",SL,breaking,57,1.11,1.4,1.31,-0.081,0.26,84.9,-0.594
"Cruz, Steven",FC,fastball,99,0.48,0.45,0.37,-0.081,,29.5,-0.354
"Matthews, Zebby",FC,fastball,60,0.19,0.48,0.4,-0.081,,13.6,-0.437
"Kelly, Merrill",CU,breaking,65,0.43,0.79,0.71,-0.082,0.4,171,-0.262
"Whisenhunt, Carson",CH,offspeed,57,2.33,1.39,1.31,-0.082,0.38,30.1,0.026
"Stanek, Ryne",SL,breaking,73,2.1,1.9,1.82,-0.083,0.33,128.1,-0.781
"Weathers, Ryan",SL,breaking,121,1.26,1.05,0.97,-0.084,0.33,120.3,-0.701
"Anderson, Grant",ST,breaking,118,2.18,1.75,1.67,-0.084,0.51,154.7,-0.19
"Suter, Brent",SL,breaking,61,1.02,1.37,1.29,-0.085,0.72,120.7,-0.273
"McGreevy, Michael",CU,breaking,77,0.38,1.01,0.93,-0.085,0.47,173.6,-0.012
"Fried, Max",FC,fastball,114,0.43,0.37,0.28,-0.086,,13.3,-0.459
"Soroka, Michael",CH,offspeed,77,0.26,0.96,0.87,-0.086,0.26,18.4,0.054
"Holton, Tyler",FC,fastball,129,0.21,0.39,0.31,-0.086,,45,-0.427
"Valdez, Framber",CU,breaking,226,1.36,0.97,0.88,-0.086,0.81,176.9,0.034
"McGreevy, Michael",FC,fastball,90,0.22,0.45,0.37,-0.086,,30.5,-0.439
"Rea, Colin",SL,breaking,106,1.09,0.92,0.84,-0.087,0.26,116.7,-0.592
"Ragans, Cole",CH,offspeed,52,1.64,2.04,1.95,-0.088,0.38,14.8,-0.002
"Walker, Taijuan",FC,fastball,40,0.41,0.41,0.32,-0.089,,28,-0.417
"Farris, Mitch",FC,fastball,55,0.45,0.35,0.26,-0.089,,16.1,-0.36
"Banks, Tanner",ST,breaking,58,0.54,0.85,0.76,-0.09,0.51,135,-0.423
"Soto, Gregory",ST,breaking,65,3.32,2,1.91,-0.09,0.63,154.9,-0.606
"Shugart, Chase",FC,fastball,64,0.23,0.51,0.42,-0.09,,26.5,-0.522
"Bender, Anthony",ST,breaking,122,1.83,1.46,1.37,-0.09,0.83,169.4,-0.157
"Slaten, Justin",FC,fastball,85,0.14,0.49,0.4,-0.09,,18,-0.266
"Yamamoto, Yoshinobu",FC,fastball,118,0.38,0.54,0.45,-0.09,,38,-0.456
"Corbin, Patrick",FC,fastball,114,0.36,0.45,0.36,-0.091,,22.4,-0.566
"Singer, Brady",ST,breaking,114,1.85,1.4,1.31,-0.091,0.4,132.3,-0.382
"McLean, Nolan",FC,fastball,103,0.7,0.51,0.42,-0.091,,35.4,-0.585
"Mikolas, Miles",CU,breaking,64,0.83,0.63,0.54,-0.092,0.82,174.4,-0.152
"Montgomery, Mason",SL,breaking,66,1.44,2.37,2.27,-0.092,0.33,101.1,-0.769
"Henriquez, Edgardo",SL,breaking,59,2.13,2.5,2.41,-0.092,0.41,124.2,-0.652
"Gibson, Trey",FC,fastball,46,0.14,0.4,0.3,-0.093,,40.1,-0.435
"Adams, Travis",CH,offspeed,78,1.37,1.16,1.07,-0.093,0.29,19.4,0.041
"Cameron, Noah",CU,breaking,127,1.48,2.2,2.11,-0.093,0.5,168.8,-0.233
"Raley, Brooks",FC,fastball,93,0.44,0.32,0.22,-0.094,,55.9,-0.363
"Mantiply, Joe",CH,offspeed,42,0.59,0.76,0.67,-0.094,0.44,34.9,0.067
"Williams, Gavin",FC,fastball,78,0.24,0.53,0.44,-0.094,,10.9,-0.377
"Warren, Will",CH,offspeed,82,0.83,0.9,0.8,-0.094,0.26,23.3,0.071
"Matthews, Zebby",CU,breaking,60,2.18,0.87,0.78,-0.094,0.74,170.9,-0.21
"Pérez, Martín",FC,fastball,134,0.32,0.45,0.35,-0.095,,22.7,-0.425
"Fried, Max",SI,fastball,94,0.35,0.4,0.31,-0.095,,7.5,-0.222
"Seymour, Ian",ST,breaking,148,0.56,0.96,0.87,-0.095,0.54,101.3,-0.587
"Holton, Tyler",CH,offspeed,64,1.06,0.92,0.83,-0.096,0.24,42.5,0.145
"Bradish, Kyle",SL,breaking,248,1.74,1.21,1.12,-0.096,0.29,130.2,-0.297
"King, Bryan",ST,breaking,93,0.56,1.13,1.03,-0.096,0.45,144.5,-0.182
"Hoffman, Jeff",FS,offspeed,103,0.99,1.19,1.09,-0.097,0.19,21.7,-0.064
"Alvarez, Andrew",SL,breaking,121,1.73,2.71,2.61,-0.097,0.35,163.7,-0.499
"Hoppe, Alex",SL,breaking,100,1.91,1.42,1.32,-0.098,0.3,131.5,-0.415
"Vásquez, Randy",FC,fastball,184,0.37,0.56,0.46,-0.099,,31.5,-0.451
"Winn, Cole",FC,fastball,89,0.39,0.57,0.47,-0.1,,17.7,-0.416
"Faucher, Calvin",FC,fastball,139,0.53,0.6,0.5,-0.1,,61.6,-0.525
"Ureña, Walbert",ST,breaking,83,1.91,1.69,1.59,-0.1,0.4,167.1,-0.454
"Minter, A.J.",FC,fastball,96,0.54,0.49,0.39,-0.102,,49.9,-0.48
"Detmers, Reid",SL,breaking,325,1.41,1.18,1.08,-0.102,0.27,153,-0.594
"Sterner, Justin",FC,fastball,118,0.8,0.71,0.61,-0.102,,43.3,-0.547
"Sulser, Cole",FC,fastball,46,0.56,0.57,0.46,-0.103,,30,-0.473
"Waldron, Matt",KN,other,71,0.56,0.93,0.83,-0.103,,120.9,
"Patrick, Chad",FC,fastball,275,0.52,0.64,0.54,-0.103,,72.5,-0.564
"Quantrill, Cal",FC,fastball,112,0.23,0.6,0.5,-0.104,,31.3,-0.593
"Cantillo, Joey",CH,offspeed,242,2.18,2.36,2.26,-0.104,0.54,20.2,0.01
"Fisher, Braydon",SL,breaking,200,1.18,1.02,0.92,-0.104,0.21,21.6,-0.661
"Medina, Luis",CH,offspeed,58,2.4,1.12,1.01,-0.107,0.22,13.4,-0.175
"Watson, Ryan",FC,fastball,125,0.21,0.47,0.36,-0.107,,17.8,-0.357
"Sasaki, Roki",FS,offspeed,238,1.28,1.4,1.29,-0.107,0.26,28,-0.132
"Ohtani, Shohei",FS,offspeed,56,1.76,1.41,1.3,-0.108,0.25,18.7,-0.032
"Kay, Anthony",FC,fastball,148,0.37,0.46,0.35,-0.109,,25,-0.456
"Lee, Dylan",SL,breaking,228,2.4,2.32,2.21,-0.109,0.38,41,-0.796
"Kirby, George",CH,offspeed,58,0.94,1.09,0.98,-0.109,0.25,24,0.074
"Thielbar, Caleb",SL,breaking,63,1.26,0.92,0.81,-0.11,0.22,35.5,-0.517
"Cecconi, Slade",FC,fastball,211,0.39,0.54,0.42,-0.111,,28.3,-0.509
"Cameron, Noah",CH,offspeed,193,1.48,1.86,1.75,-0.111,0.61,20.2,0.072
"Paddack, Chris",CH,offspeed,147,0.84,1.11,0.99,-0.113,0.27,35.1,-0.017
"Adams, Travis",SL,breaking,49,1.36,0.87,0.76,-0.113,0.25,86.5,-0.486
"Fried, Max",CU,breaking,46,0.93,1.52,1.41,-0.115,1.14,174,-0.036
"Wheeler, Zack",FC,fastball,90,0.19,0.59,0.48,-0.116,,25.3,-0.46
"Weaver, Luke",FC,fastball,40,0.94,0.56,0.44,-0.116,,22,-0.365
"Lauer, Eric",CU,breaking,61,0.68,0.5,0.39,-0.116,0.69,173.5,-0.279
"Arrighetti, Spencer",FC,fastball,45,0.14,0.48,0.36,-0.116,,32.3,-0.376
"Bachman, Sam",SL,breaking,182,2.43,2.24,2.13,-0.116,0.34,158.9,-0.677
"Marinaccio, Ron",FC,fastball,73,0.48,0.75,0.63,-0.118,,62.8,-0.582
"Jump, Gage",SL,breaking,117,0.64,1.17,1.05,-0.118,0.33,84.6,-0.649
"Graceffo, Gordon",SL,breaking,112,0.82,1.36,1.24,-0.118,0.23,86.8,-0.775
"Ray, Robbie",KC,breaking,92,2.18,1.51,1.39,-0.119,0.52,174,-0.384
"Taillon, Jameson",FC,fastball,101,0.67,0.77,0.66,-0.119,,41.7,-0.363
"Leiter Jr., Mark",FS,offspeed,101,1.94,1.33,1.21,-0.119,0.39,29.4,-0.148
"Gore, MacKenzie",CU,breaking,177,1.73,1.68,1.56,-0.119,0.48,175.9,-0.217
"Bruihl, Justin",ST,breaking,144,0.66,1.64,1.52,-0.119,0.69,173.4,-0.091
"Warren, Will",ST,breaking,130,1.23,2.43,2.31,-0.119,0.41,166.4,-0.213
"Garcia, Brandyn",FC,fastball,43,0.27,0.44,0.32,-0.119,,29.2,-0.341
"Rodriguez, Bradgley",CH,offspeed,176,1.33,1.45,1.32,-0.121,0.29,22.5,0.065
"Littell, Zack",ST,breaking,66,0.9,0.7,0.58,-0.122,0.69,164.1,-0.479
"Schreiber, John",FC,fastball,44,0.14,0.51,0.39,-0.122,,31.1,-0.462
"Santillan, Tony",SV,breaking,55,2.19,1.75,1.63,-0.123,0.32,158.9,-0.484
"Fluharty, Mason",FC,fastball,163,0.15,0.39,0.26,-0.123,,8.1,0
"Svanson, Matt",FC,fastball,85,0.41,0.51,0.39,-0.124,,28.4,-0.493
"Rodriguez, Eduardo",CU,breaking,99,0.77,0.97,0.85,-0.125,0.47,147.1,-0.353
"McCullers Jr., Lance",KC,breaking,53,1.12,0.96,0.83,-0.127,0.36,170.1,-0.028
"Ferguson, Caleb",FC,fastball,44,0.58,0.6,0.47,-0.129,,51.9,-0.575
"Gore, MacKenzie",FC,fastball,86,0.36,0.64,0.51,-0.129,,12.7,-0.382
"O'Brien, Riley",ST,breaking,84,3.22,2.9,2.77,-0.129,0.61,171.9,-0.135
"Meyer, Max",CH,offspeed,79,1.08,1.1,0.97,-0.129,0.41,12.4,0.022
"Crochet, Garrett",FC,fastball,72,0.3,0.73,0.6,-0.129,,48.3,-0.478
"Burke, Sean",FC,fastball,60,0.69,0.6,0.47,-0.13,,14,-0.283
"Skenes, Paul",SL,breaking,69,1.04,1.86,1.73,-0.13,0.35,126.5,-0.712
"Messick, Parker",SL,breaking,48,0.91,1.03,0.9,-0.13,0.24,66,-0.527
"Prielipp, Connor",CU,breaking,79,1.43,1.97,1.84,-0.132,0.44,175.5,-0.261
"Lauer, Eric",CH,offspeed,100,0.12,0.79,0.66,-0.135,0.23,17.6,0.017
"Mahle, Tyler",SL,breaking,55,0.99,1.44,1.3,-0.135,0.32,117.5,-0.686
"Beck, Tristan",ST,breaking,45,0.43,1.2,1.06,-0.135,0.32,156.2,-0.373
"Phillips, Connor",ST,breaking,117,2.73,1.73,1.6,-0.135,0.63,157.9,-0.381
"Nelson, Ryne",SL,breaking,138,0.91,1.33,1.19,-0.136,0.27,61.8,-0.652
"Bradley, Taj",FC,fastball,253,1.31,1,0.86,-0.136,,45.8,-0.564
"Bibee, Tanner",CU,breaking,96,1.25,1.16,1.03,-0.136,0.59,163.9,-0.2
"Morris, Andrew",FC,fastball,77,0.62,0.75,0.62,-0.136,,45.8,-0.4
"Baker, Bryan",CH,offspeed,157,1,2.06,1.92,-0.137,0.43,20.9,-0.065
"Cease, Dylan",KC,breaking,46,2.03,1.73,1.59,-0.138,0.49,170.9,-0.196
"Schultz, Noah",FC,fastball,93,0.22,0.7,0.56,-0.138,,37.8,-0.43
"Mears, Nick",SL,breaking,46,1.29,2.46,2.32,-0.139,0.36,160.5,-0.658
"Myers, Tobias",SL,breaking,48,0.89,0.85,0.71,-0.14,0.34,73,-0.584
"Nelson, Ryne",CU,breaking,42,0.81,1.89,1.75,-0.14,0.51,153.2,-0.402
"Murphy, Chris",SL,breaking,72,1.21,0.91,0.77,-0.14,0.23,48.1,-0.503
"Prielipp, Connor",SL,breaking,175,1.03,1.84,1.7,-0.141,0.28,135.3,-0.701
"Peralta, Wandy",SL,breaking,62,1.33,1.07,0.93,-0.142,0.24,11.6,-0.626
"Dotel, Wilber",FC,fastball,44,0.57,0.73,0.59,-0.142,,28,-0.441
"Paddack, Chris",FC,fastball,61,0.45,0.8,0.65,-0.143,,21.7,-0.509
"Moll, Sam",SI,fastball,134,0.12,0.36,0.21,-0.144,,7.5,0.04
"Alcantara, Sandy",SL,breaking,69,1.05,1.9,1.75,-0.146,0.53,157.6,-0.717
"Gilbert, Logan",SL,breaking,246,1.44,1.71,1.57,-0.146,0.3,151.5,-0.636
"Tolle, Payton",FC,fastball,166,0.81,1.06,0.92,-0.146,,36.6,-0.551
"Lange, Alex",FC,fastball,42,0.23,0.55,0.4,-0.149,,17.3,-0.479
"Gilbert, Logan",FC,fastball,61,0.15,0.64,0.49,-0.149,,27.7,-0.356
"Webb, Logan",ST,breaking,105,0.71,1.3,1.15,-0.151,0.35,174.8,-0.309
"Schultz, Noah",ST,breaking,74,2.34,1.24,1.09,-0.151,0.46,160,-0.327
"Vest, Will",SL,breaking,65,1.31,2.09,1.94,-0.152,0.28,162.1,-0.723
"Adam, Jason",SL,breaking,117,2.07,2.56,2.41,-0.153,0.32,104,-0.766
"Coulombe, Danny",FC,fastball,60,0.4,0.53,0.38,-0.154,,35.2,-0.448
"Alexander, Jason",CH,offspeed,49,1.11,1.59,1.44,-0.154,0.42,25.4,0.036
"Cantillo, Joey",CU,breaking,249,1.29,1.03,0.87,-0.155,0.7,176.8,-0.037
"Cecconi, Slade",SL,breaking,46,1.61,1.58,1.43,-0.155,0.34,164.8,-0.585
"Smith, Cade",FS,offspeed,98,1.81,2.2,2.05,-0.156,0.29,99.2,-0.093
"Weathers, Ryan",ST,breaking,117,2.44,1.84,1.68,-0.158,0.82,161.5,-0.506
"Mederos, Victor",FC,fastball,53,0.66,0.79,0.63,-0.158,,29.1,-0.475
"Bennett, Jake",CH,offspeed,131,1.57,1.34,1.18,-0.158,0.31,15.6,-0.036
"Aldegheri, Sam",CH,offspeed,105,1.68,1.26,1.1,-0.158,0.42,53.6,-0.011
"De Los Santos, Enyel",CH,offspeed,106,1.57,1.16,1,-0.16,0.34,6.7,0.054
"Dodd, Dylan",FC,fastball,84,0.83,0.81,0.65,-0.16,,7.2,-0.404
"Miller, Bryce",SL,breaking,64,1.52,1.25,1.09,-0.162,0.27,83.2,-0.66
"Agnos, Zach",SL,breaking,68,1.54,1.16,1,-0.162,0.33,160.9,-0.471
"Scott, Christian",FC,fastball,106,0.35,0.82,0.66,-0.163,,44.6,-0.46
"Pérez, Cionel",CU,breaking,57,1.52,1.86,1.7,-0.165,0.47,172.5,-0.205
"Bibee, Tanner",FC,fastball,229,1.16,1.07,0.91,-0.166,,95.5,-0.594
"Sterner, Justin",ST,breaking,92,3.33,1.31,1.14,-0.166,0.36,148,-0.457
"Bird, Jake",ST,breaking,71,1.42,0.94,0.77,-0.168,0.41,141.7,-0.068
"Okert, Steven",SL,breaking,298,1.21,1.39,1.22,-0.169,0.48,126.3,-0.527
"Williams, Gavin",ST,breaking,282,2.51,2.37,2.2,-0.169,0.34,168.6,-0.4
"Hoffman, Jeff",SL,breaking,162,3.06,3.95,3.78,-0.17,0.34,148.2,-0.809
"Misiorowski, Jacob",FC,fastball,130,0.69,0.75,0.58,-0.171,,28.2,-0.464
"Davis, Tyler",SL,breaking,61,1.18,1.46,1.29,-0.171,0.25,106.2,-0.596
"Gibson, Trey",SL,breaking,70,1.24,1.91,1.74,-0.173,0.25,173.7,-0.425
"Luzardo, Jesús",CH,offspeed,221,1.54,1.46,1.29,-0.175,0.41,7,-0.041
"Parker, Mitchell",CU,breaking,41,2.62,1.48,1.31,-0.176,0.68,168.6,-0.369
"Bibee, Tanner",ST,breaking,40,0.51,0.97,0.79,-0.177,0.43,141.5,-0.366
"McDonald, Trevor",SL,breaking,122,2.13,3.63,3.45,-0.177,0.35,149.2,-0.359
"Pfaadt, Brandon",ST,breaking,65,1.1,1.31,1.13,-0.177,0.41,137.2,-0.393
"Kremer, Dean",FS,offspeed,93,1.86,1.79,1.61,-0.179,0.38,9.3,-0.066
"Barlow, Scott",ST,breaking,78,1.45,1.22,1.04,-0.18,0.44,132.7,-0.191
"Bassitt, Chris",CU,breaking,108,1.41,1.33,1.15,-0.18,1.18,176,0.172
"Manaea, Sean",ST,breaking,237,1.72,2.05,1.87,-0.18,0.74,167.3,-0.44
"Nola, Aaron",FC,fastball,75,0.4,0.79,0.61,-0.181,,23.7,-0.511
"Rogers, Trevor",FC,fastball,85,1.11,1.2,1.02,-0.181,,90.4,-0.639
"Woo, Bryan",SL,breaking,143,0.91,1.25,1.07,-0.181,0.23,88.9,-0.754
"Baz, Shane",KC,breaking,329,1.29,2.73,2.55,-0.182,0.35,175.6,-0.343
"Hill, Jaden",CH,offspeed,45,1.89,1.45,1.27,-0.182,0.39,29.7,0.103
"Loáisiga, Jonathan",CU,breaking,47,0.5,1.39,1.21,-0.183,0.26,129,-0.57
"Glasnow, Tyler",KC,breaking,48,2.18,1.91,1.73,-0.184,0.72,171.9,0.057
"Gilbert, Logan",CH,offspeed,51,1.22,1.94,1.75,-0.184,0.41,37.6,-0.064
"Cantillo, Joey",FC,fastball,56,0.67,0.64,0.45,-0.188,,66.4,-0.614
"McDonald, Trevor",CH,offspeed,86,1.58,1.24,1.05,-0.191,0.3,4.5,0.007
"Fairbanks, Pete",FC,fastball,67,1.18,1.3,1.1,-0.193,,95.6,-0.612
"Moll, Sam",FF,fastball,42,0.11,0.44,0.25,-0.194,,9.4,0
"Gray, Sonny",ST,breaking,181,1.93,2.35,2.16,-0.195,0.27,157.3,-0.037
"Kay, Anthony",SL,breaking,52,1.4,1.09,0.89,-0.198,0.26,156.8,-0.486
"Hancock, Emerson",FC,fastball,83,1.18,1.11,0.91,-0.198,,97.6,-0.578
"Mlodzinski, Carmen",CU,breaking,75,0.58,1.68,1.48,-0.199,0.4,174.5,-0.279
"Vásquez, Randy",ST,breaking,54,0.32,1.04,0.84,-0.199,0.32,127.9,-0.448
"Misiorowski, Jacob",CU,breaking,82,2.42,2.25,2.05,-0.199,0.32,174.3,-0.213
"Speier, Gabe",SL,breaking,54,1.99,1.53,1.33,-0.201,0.28,144.8,-0.588
"Cecconi, Slade",CU,breaking,96,2.1,1.48,1.27,-0.203,0.84,175.9,-0.127
"Kikuchi, Yusei",FS,offspeed,53,0.78,1.43,1.22,-0.204,0.27,5.3,-0.022
"Márquez, Germán",KC,breaking,135,1.27,2.22,2.01,-0.204,0.46,122.4,-0.834
"Gallen, Zac",KC,breaking,149,0.5,1.39,1.18,-0.204,0.47,164.3,-0.192
"Festa, Matt",ST,breaking,131,0.84,1.2,1,-0.205,0.39,133.4,-0.086
"Dotel, Wilber",SL,breaking,44,1.92,1.48,1.27,-0.206,0.26,85,-0.674
"Suárez, Albert",FC,fastball,69,1.02,1.05,0.85,-0.207,,12.6,-0.397
"Fluharty, Mason",ST,breaking,150,1,2.07,1.86,-0.207,0.41,135.3,0.055
"Kuhnel, Joel",FC,fastball,67,1.02,0.77,0.56,-0.208,,54.5,-0.456
"Alcantara, Sandy",ST,breaking,95,0.91,1.45,1.24,-0.209,0.46,164.6,-0.652
"Estrada, Jeremiah",FS,offspeed,43,3.22,3.82,3.6,-0.21,0.32,37.8,0.009
"Baz, Shane",FC,fastball,185,0.47,0.97,0.76,-0.21,,28,-0.52
"Scott, Tanner",SL,breaking,177,1.47,1.2,0.99,-0.212,0.23,89.7,-0.512
"Yamamoto, Yoshinobu",SL,breaking,71,1.68,1.77,1.56,-0.215,0.32,119.6,-0.587
"Faucher, Calvin",ST,breaking,81,1.05,1.3,1.08,-0.218,0.27,169.6,-0.26
"Bachar, Lake",FS,offspeed,43,3.14,1.55,1.33,-0.222,0.53,27.4,0.047
"Rasmussen, Drew",FC,fastball,286,0.7,0.96,0.74,-0.223,,49.3,-0.576
"Bieber, Shane",KC,breaking,48,1.94,1.71,1.49,-0.223,0.46,174.8,-0.195
"Patrick, Chad",SV,breaking,56,0.84,0.91,0.69,-0.228,0.23,137.4,-0.492
"Ginn, J.T.",SL,breaking,126,1.61,1.86,1.63,-0.229,0.26,170.6,-0.414
"Senga, Kodai",FC,fastball,59,0.84,0.97,0.74,-0.229,,13.8,-0.397
"Bernardino, Brennan",CU,breaking,87,1.47,1.61,1.38,-0.231,0.62,173.2,-0.239
"Rea, Colin",ST,breaking,80,1.01,1.03,0.79,-0.235,0.39,148.1,-0.293
"Bowlan, Jonathan",SL,breaking,56,2.21,2.57,2.32,-0.243,0.26,148.5,-0.702
"Meyer, Max",SL,breaking,225,1.24,2.3,2.05,-0.248,0.19,135.3,-0.696
"Helsley, Ryan",SL,breaking,46,2.6,2.24,1.99,-0.249,0.34,73.2,-0.675
"Gusto, Ryan",ST,breaking,46,1.25,1.12,0.86,-0.253,0.42,143.5,-0.353
"Wheeler, Zack",ST,breaking,84,2.69,2,1.75,-0.255,0.56,173.8,-0.254
"Pomeranz, Drew",KC,breaking,52,1.01,1.53,1.27,-0.257,0.37,171,-0.146
"Hader, Josh",SL,breaking,68,3.35,3.92,3.67,-0.257,0.3,105.3,-0.859
"Sproat, Brandon",ST,breaking,63,1.85,1.49,1.23,-0.257,0.35,156.7,-0.387
"Alcantara, Sandy",FC,fastball,153,0.55,1.1,0.84,-0.26,,30.7,-0.608
"Ray, Robbie",SL,breaking,217,1.31,0.98,0.72,-0.262,0.25,18,-0.613
"Henriquez, Edgardo",FC,fastball,43,0.46,0.97,0.71,-0.263,,18.5,-0.42
"Ginkel, Kevin",SL,breaking,169,1.98,1.97,1.7,-0.268,0.3,164.8,-0.58
"Myers, Tobias",FS,offspeed,81,1.6,2.54,2.27,-0.271,0.66,4.9,-0.24
"Bowlan, Jonathan",CH,offspeed,47,0.65,1.08,0.81,-0.271,0.22,4.8,-0.253
"Gibson, Cade",CU,breaking,45,0.94,1.53,1.26,-0.271,0.44,176,0.008
"Ferrer, José A.",CH,offspeed,55,1.43,1.78,1.51,-0.273,0.47,22.8,-0.026
"Backhus, Kyle",ST,breaking,45,2.54,2.23,1.96,-0.274,0.72,172.3,-0.529
"Cornelio, Riley",SL,breaking,88,4.16,2.87,2.6,-0.274,0.56,68.1,-0.885
"Herget, Jimmy",ST,breaking,87,0.97,1.76,1.48,-0.276,0.57,171.4,-0.313
"Sheehan, Emmet",CH,offspeed,135,0.7,1.24,0.96,-0.28,0.33,55.1,0.009
"Thielbar, Caleb",CU,breaking,66,1.68,1.01,0.72,-0.292,0.78,164.2,-0.174
"Morán, Jovani",FC,fastball,44,1.46,1.21,0.92,-0.292,,40.8,-0.49
"Collyer, Gavin",FC,fastball,58,0.54,1.07,0.78,-0.292,,93.8,-0.61
"Williams, Gavin",CU,breaking,209,0.98,1.66,1.36,-0.295,0.58,173,-0.051
"Agnos, Zach",ST,breaking,61,2.91,0.85,0.55,-0.299,0.33,161.1,-0.367
"Rogers, Taylor",ST,breaking,166,0.68,1.51,1.2,-0.302,0.72,161.4,-0.237
"Richards, Trevor",CH,offspeed,94,3.48,2.28,1.97,-0.31,0.66,61,-0.406
"Gaddis, Hunter",CH,offspeed,42,1.51,2.05,1.73,-0.319,0.8,43.4,0.041
"Doval, Camilo",SL,breaking,85,2.22,2.05,1.72,-0.327,0.43,163.6,-0.141
"Way, Beck",FC,fastball,80,1.11,1.02,0.68,-0.335,,55.5,-0.734
"De Jesus, Enmanuel",FC,fastball,42,0.83,1.3,0.95,-0.343,,124.9,-0.747
"Messick, Parker",CU,breaking,57,0.51,1.15,0.8,-0.354,0.54,166.6,-0.362
"Schlittler, Cam",CU,breaking,72,1.97,1.78,1.42,-0.359,0.31,167.7,-0.176
"Suter, Brent",CH,offspeed,154,1.85,2.14,1.77,-0.364,0.63,21.3,0.13
"Morejon, Adrian",CH,offspeed,113,1.36,1.98,1.62,-0.365,0.2,37.6,0.025
"Roberts, Ethan",ST,breaking,66,1.13,1.29,0.93,-0.368,0.38,150.1,-0.066
"Fairbanks, Pete",SL,breaking,56,2.36,1.26,0.89,-0.37,0.48,157.6,-0.252
"McGreevy, Michael",ST,breaking,75,1.4,1.36,0.98,-0.374,0.4,170.9,-0.261
"Lopez, Jacob",SL,breaking,193,1.25,1.6,1.22,-0.377,0.64,151.5,-0.436
"Lange, Alex",SL,breaking,135,1.59,2.38,2,-0.383,0.27,141.3,-0.691
"Ashcraft, Graham",SL,breaking,97,2.21,1.86,1.47,-0.386,0.25,151.3,-0.284
"Kimbrel, Craig",ST,breaking,42,2.63,1.69,1.29,-0.402,0.24,166.8,-0.404
"Dollander, Chase",SL,breaking,47,1.7,1.97,1.56,-0.413,0.32,125.2,-0.555
"Wolfram, Grant",CU,breaking,43,1.13,1.8,1.38,-0.416,0.25,169.1,-0.358
"Bradley, Taj",CU,breaking,61,1.94,1.73,1.29,-0.436,0.52,175.3,-0.18
"Madden, Ty",SL,breaking,46,1.67,1.5,1.06,-0.44,0.24,165.8,-0.515
"Palmquist, Carson",ST,breaking,69,2.08,2.42,1.98,-0.447,1.02,156.6,-0.378
"Senga, Kodai",SL,breaking,43,2.66,3.01,2.56,-0.453,0.27,104.1,-0.745
"Antone, Tejay",ST,breaking,137,1.67,2.05,1.58,-0.462,0.36,163.5,-0.335
"King, John",SL,breaking,48,0.58,1.96,1.49,-0.47,0.28,172.7,-0.328
"Vodnik, Victor",SL,breaking,69,1.19,2.22,1.74,-0.476,0.26,134.4,-0.535
"Corbin, Patrick",CH,offspeed,103,1.24,1.99,1.51,-0.48,0.46,18.5,0.111
"Bello, Brayan",FC,fastball,96,1.92,1.51,1.03,-0.481,,60,-0.696
"Gibson, Cade",ST,breaking,68,0.94,1.49,0.98,-0.51,0.55,162.8,-0.241
"Bachar, Lake",CU,breaking,51,2.58,1.72,1.2,-0.512,0.25,169.7,-0.517
"Cruz, Fernando",FS,offspeed,208,4.33,3.74,3.22,-0.525,0.69,34.8,-0.442
"Liberatore, Matthew",CU,breaking,91,1.47,1.9,1.32,-0.577,0.63,175.8,-0.09
"Blackburn, Paul",CU,breaking,49,2.1,1.74,1.07,-0.675,0.38,173.8,0.034
"Hicks, Jordan",ST,breaking,66,4.39,3.15,2.42,-0.725,0.4,171.1,-0.691
"Gilbert, Logan",FS,offspeed,134,1.59,2.97,2.12,-0.857,0.49,73.3,-0.357
"Moll, Sam",ST,breaking,111,2.68,3.4,2.52,-0.876,0.57,159.6,-0.21
