pitcher,season,player_name,np,nsw,axis,kill,hmove,velo_sep,spin,rv100,wh,gb,arm,relz,relx,hi_slot,slot3,para2
663372,2026,"Feltner, Ryan",183,97,5.82900899992638,8.56498706764064,0.0506205530499844,9.41924538121259,1612.95081967213,2.49725799600758,18.4066855955723,15.8463872344535,46.5698924731183,5.55365591397849,-1.56752688172043,TRUE,HIGH,TRUE
656302,2026,"Cease, Dylan",226,84,5.18702141574531,8.73072992077351,-2.95208949250284,14.7150139064475,1767.7610619469,0.932238843581294,18.1835410456888,5.29478576238325,59.6049382716049,6.14555555555556,-1.51777777777778,TRUE,HIGH,TRUE
621112,2023,"Blackburn, Paul",158,86,7.93495723920283,10.4310959986258,-5.11683010160336,6.01718450326045,1700.61392405063,2.72340311749727,12.7727365747604,-6.47119699345863,49.6144578313253,6.01072289156626,-2.03301204819277,TRUE,HIGH,TRUE
669372,2025,"Ginn, J.T.",148,71,14.6273967754755,2.52396558873429,2.41052601167426,4.87995551038091,1482.45945945946,-1.96505629796021,12.7715511957418,-0.312378583360535,44.9478873239437,5.64380281690141,-1.1730985915493,TRUE,HIGH,TRUE
701581,2025,"Festa, David",256,134,14.0661786686607,12.7522947428043,-8.53336999326709,6.35231002697842,1758.1796875,0.909768378890083,11.0024488680567,-9.85082717373598,47.012213740458,5.95152671755725,-2.37198473282443,TRUE,HIGH,TRUE
641745,2025,"Keller, Brad",130,68,12.2703484514215,10.670386346837,-10.1187882658158,4.4876759410802,1725.08461538462,1.17804561156832,8.98398551332925,4.03625070403202,46.7268656716418,6.35029850746269,-1.53149253731343,TRUE,HIGH,TRUE
621112,2026,"Blackburn, Paul",152,83,9.65158094454389,5.14911035934614,2.58170467138086,6.83944904395821,1791.40789473684,5.66431742111251,8.65446597939375,18.315010297468,45.4480519480519,5.99506493506493,-2.13103896103896,TRUE,HIGH,TRUE
671096,2023,"Abbott, Andrew",202,90,9.75749456416199,7.33942744826805,4.67448907148017,6.0472612715817,2052.83168316832,1.07604187530429,8.40480268760475,-0.909469636870905,44.2573033707865,5.74191011235955,1.72584269662921,TRUE,HIGH,TRUE
676440,2025,"Bibee, Tanner",450,222,9.87364733939907,6.92588468653287,-3.4836216198103,12.5577667607148,1961.80444444444,-0.471098667434363,8.18854407580962,8.27421403553234,54.1847926267282,6.17165898617511,-2.22640552995392,TRUE,HIGH,TRUE
621112,2024,"Blackburn, Paul",213,121,8.88893932180568,11.4106336255322,-4.53233524523058,6.26228415691892,1746.41314553991,2.30636858914856,6.281105745058,13.9080091346068,50.1365217391304,6.08452173913044,-2.01121739130435,TRUE,HIGH,TRUE
543294,2023,"Hendricks, Kyle",568,322,13.1352369195681,6.75212504247203,-3.2672891305381,6.96124576918878,2156.00352112676,1.27255337379592,5.9939597841482,7.2279313701432,45.9236593059937,6.09858044164037,-2.60470031545741,TRUE,HIGH,TRUE
605488,2024,"Springs, Jeffrey",178,103,12.0320906889057,13.443395141493,0.608993999973411,10.2857584269663,1382.91011235955,-1.14981205774545,5.88865094197873,-11.3068164160939,45.292,6.1665,2.4384,TRUE,HIGH,TRUE
666745,2024,"Brito, Jhony",216,120,11.0348524392482,7.51680620213463,-2.63881255714189,6.54748761500354,1760.37037037037,0.966659649184069,5.23248466986861,7.72220665983128,55.8155172413793,6.13405172413793,-1.23241379310345,TRUE,HIGH,TRUE
656756,2023,"Montgomery, Jordan",298,145,14.8539426720708,5.03153701031604,0.972057956237314,9.77026094710659,1615.74496644295,-0.562647385904419,5.20594167035106,4.95911836624841,48.6586466165414,6.66187969924812,1.57075187969925,TRUE,HIGH,TRUE
605488,2025,"Springs, Jeffrey",720,424,14.2438709058991,10.7661108844654,-2.31334700140824,11.5550934718781,1394.775,-0.838376902737542,5.01124282593372,-4.92496417726117,45.3519417475728,6.26917475728155,2.37402912621359,TRUE,HIGH,TRUE
656756,2024,"Montgomery, Jordan",373,189,13.2456137180619,5.68052082006689,2.58965297306878,8.99824202978133,1605.50938337802,-1.58883876665172,4.68335211881671,-1.54749347315602,46.3762430939227,6.55033149171271,1.43110497237569,TRUE,HIGH,TRUE
607074,2026,"Rodón, Carlos",129,66,7.83859734386312,15.3387197587321,0.701103339683221,8.82354861813279,1657.78294573643,0.888146201636286,4.26184592812107,-0.91642120381395,44.2469696969697,6.20454545454545,2.44121212121212,TRUE,HIGH,TRUE
666745,2023,"Brito, Jhony",153,98,12.2561783508463,8.74042029096605,-3.48497633232324,6.45248586325916,1646.43790849673,1.42793593934965,2.83347499840571,-6.18752867490196,51.5115789473684,6.08778947368421,-0.911368421052631,TRUE,HIGH,TRUE
676440,2026,"Bibee, Tanner",283,129,8.20468347340183,6.89270716813337,-3.77939572388547,12.9584415270813,1876.02826855124,0.0892207323564852,2.81602928054871,4.71311926308809,59.3944,6.22728,-2.18144,TRUE,HIGH,TRUE
676879,2025,"Ashby, Aaron",122,67,11.672195747369,4.82599513712812,-3.48448748512269,6.100405196412,1902.45901639344,-0.0122369754996396,2.0289727080985,2.35211023748511,48.321875,6.3803125,0.48375,TRUE,HIGH,TRUE
665795,2023,"Cabrera, Edward",192,96,9.60501604385843,10.1300516531809,-6.81220337448063,2.98446479885058,1696.33333333333,1.69686158755125,1.93422830224667,11.8732704200894,45.1901098901099,6.19142857142857,-1.38989010989011,TRUE,HIGH,TRUE
527048,2025,"Pérez, Martín",260,125,8.80816547799847,1.65478624516031,-3.65755903535084,7.28774725274725,1649.55769230769,1.41433827756245,1.51039815898762,4.67416367322187,45.1132231404959,5.64520661157025,1.1496694214876,TRUE,HIGH,TRUE
527048,2024,"Pérez, Martín",501,270,12.2531311720623,8.28115035030534,0.98259332764616,8.10812492661735,1671.84031936128,-0.88236985048144,1.44199244832681,1.39811462272477,46.3378378378378,5.73347490347491,1.12818532818533,TRUE,HIGH,TRUE
683004,2026,"Leiter, Jack",243,122,11.7188980597952,15.598645910726,-3.19889351533826,6.68748068597305,1559.65432098765,-0.826938216329114,1.36933436063952,-0.871476861590051,44.9967213114754,5.62122950819672,-1.35008196721311,TRUE,HIGH,TRUE
579328,2024,"Kikuchi, Yusei",325,134,3.80223447393203,10.7371815027473,2.29098516561019,8.76665838092039,1654.96,0.695835038394442,1.33365125873656,10.0560050200354,44.384375,5.445,2.348984375,TRUE,HIGH,TRUE
676440,2024,"Bibee, Tanner",512,244,12.0168931825745,7.94514750900344,-6.40765231307428,12.1556767040858,1992.388671875,0.147902963232677,1.01051824264759,0.375066754769811,52.191914893617,6.17234042553191,-2.20553191489361,TRUE,HIGH,TRUE
700712,2026,"Ureña, Walbert",496,248,12.0264874882884,9.25175489201098,-6.15498632143944,7.25221429556107,1689.625,1.39187861316241,0.363490362038497,4.96035580325107,44.0618473895582,6.37518072289156,-1.00979919678715,TRUE,HIGH,TRUE
672282,2024,"Detmers, Reid",220,116,7.81680377201685,9.13887830167365,0.677448692995893,9.13,1522.30909090909,-0.97714166887026,-0.9821474552355,7.69010274446558,45.915652173913,6.12686956521739,1.40878260869565,TRUE,HIGH,TRUE
671106,2024,"Allen, Logan",300,154,14.4422649776931,13.9188756204198,-6.51288272080959,9.51905037513398,871.32,0.136328213454815,-2.39850634951935,5.28063733055711,44.4727891156463,5.38863945578232,1.69503401360544,TRUE,HIGH,TRUE
670046,2024,"Rosenberg, Kenny",132,69,14.4998886669402,9.66556501984608,-1.69202423467899,9.14179035250464,1640.48484848485,0.850632821474953,-3.8490696509069,7.0894567742582,45.8058823529412,6.02323529411765,1.78941176470588,TRUE,HIGH,TRUE
641672,2023,"Hatch, Thomas",102,62,11.1543828360103,7.5810565947816,10.1215705855317,9.31748057713652,1954.09803921569,-0.864219808881682,-4.27350192881442,10.5993959693595,44.3133333333333,5.79466666666667,-1.47466666666667,TRUE,HIGH,TRUE
671096,2025,"Abbott, Andrew",526,286,13.022636497002,8.12631238095978,3.38736295471966,7.96169991781291,1984.03422053232,0.221774305224582,-4.38597220263445,-6.102536427567,46.0701067615658,6.0235587188612,2.56957295373666,TRUE,HIGH,TRUE
685299,2024,"Gordon, Tanner",116,77,13.4739923071365,5.04610889938047,0.656058704832031,8.19214432518839,2134.26724137931,-3.62280504447685,-5.96896407288222,0.0573267630821314,48.256,6.21466666666667,-2.4756,TRUE,HIGH,TRUE
572971,2023,"Keuchel, Dallas",178,102,11.3491458539216,2.31811568755127,-3.21448916912504,7.0902276759314,1680.63483146067,-1.50313828046372,-8.39924376505274,6.23143251616819,45.3705882352941,6.18490196078432,1.18794117647059,TRUE,HIGH,TRUE
683003,2024,"Jones, Jared",119,65,9.62112877482727,14.0723047390786,-1.89515719277135,7.47579099652613,1732.85714285714,-3.09500616289726,-10.3737208148542,-0.898941778792649,44.1712121212121,5.62590909090909,-1.57424242424242,TRUE,HIGH,TRUE
621383,2024,"Banks, Tanner",147,68,9.91192780333534,10.9037293943574,7.88346379048366,7.34226682408501,1850.4693877551,-2.98542789295749,-13.8786444373735,7.6223338520031,50.4875,6.2403125,2.679375,TRUE,HIGH,TRUE
665622,2026,"Medina, Luis",125,60,13.5440876115529,15.8809641136836,-1.56924540965978,7.73542388059702,1594.176,2.46941087780664,22.2026916613982,-7.46379687946283,42.4381818181818,6.09618181818182,-1.306,FALSE,mid,FALSE
683409,2024,"Chivilli, Angel",206,128,11.9380401317707,7.12835964258955,4.10420321289728,8.33067824422261,1792.54854368932,0.876826705861108,18.4887616897031,8.18693116794439,40.5368,5.92096,-1.07736,FALSE,mid,FALSE
670329,2026,"Garcia, Rico",191,104,16.5495798736486,7.70273508596544,-1.32906690223314,8.87203354491961,2368.01047120419,1.27458365200113,16.9847318176583,-0.918573782949926,46.0297029702971,5.85861386138614,-1.53752475247525,TRUE,HIGH,FALSE
605397,2024,"Musgrove, Joe",119,63,22.386063129942,10.1031136407099,-7.7505679304882,5.89731738849386,2114.75630252101,-3.56978419811787,14.347438848705,-8.94196599600573,29.2172413793104,6.07724137931034,-1.66844827586207,FALSE,low,FALSE
694973,2024,"Skenes, Paul",114,62,32.7552952697067,9.3346654105998,1.3230728453779,11.4749779124069,2043.71052631579,2.43877245984581,14.3021143817112,8.62390215612488,20.8838709677419,5.65274193548387,-2.63096774193548,FALSE,low,FALSE
668941,2023,"Romero, JoJo",104,64,19.3001143260408,2.19036186112981,-5.2972671672042,8.91150667514304,1564.57692307692,1.22549439251572,13.7555354112303,6.49479739806547,37.3345454545455,5.51872727272727,1.61363636363636,FALSE,mid,FALSE
686218,2023,"Sheehan, Emmet",135,68,50.0387820441817,14.0353970284591,-2.60285675818153,12.200056980057,2006.01481481481,1.12960438660734,13.6704924937287,10.5562426346759,29.20625,5.3015625,-1.51515625,FALSE,low,FALSE
622065,2024,"Young, Alex",124,64,9.36993084768592,5.01842270469552,-7.03777133119367,5.03899430740039,1453.10483870968,0.796824419217515,13.4536629120427,3.13706180407441,33.315873015873,6.03746031746032,1.87730158730159,FALSE,mid,FALSE
650633,2023,"King, Michael",122,65,27.9812755466687,10.3493373613486,-8.674207991684,7.83523424753322,2111.54098360656,2.73564784803851,13.0683971897002,2.50265704415711,26.0888888888889,5.51650793650794,-2.61142857142857,FALSE,low,FALSE
657097,2026,"Webb, Jacob",297,182,21.6776139174122,9.27075093836836,-5.00621043584619,8.57914512052443,2269.57575757576,0.391332728903948,12.9301883095335,2.9295219062451,33.2549132947977,5.58127167630058,-2.99936416184971,FALSE,mid,FALSE
663558,2026,"Morán, Jovani",246,115,29.619116234689,11.3704940294312,8.7616652746966,9.34427990708479,1755.5243902439,0.276624932899974,12.8318104059675,-3.67850979565648,44.6859649122807,5.84464912280702,1.47535087719298,TRUE,HIGH,FALSE
669276,2024,"Lee, Dylan",104,61,16.4821661338962,9.50046038770871,2.45754558502234,6.71917659804984,1633.95192307692,-0.727591775872575,12.0749677019959,-12.0358078206758,43.3375,6.37232142857143,1.87767857142857,FALSE,mid,FALSE
663776,2023,"Sandoval, Patrick",282,139,36.327124525867,10.3631302454719,6.50723055179914,10.9649343909852,1798.23404255319,-1.05669820627781,11.9566419448172,-2.96108643023776,51.4015151515151,5.94659090909091,1.08439393939394,TRUE,HIGH,FALSE
690990,2025,"Horton, Cade",228,113,17.0343395325052,8.22271868663838,-11.8119542254332,7.7647966551529,1917.08333333333,1.87771099327041,11.6998569388034,6.37041442476521,46.6833333333333,5.85564814814815,-2.48398148148148,TRUE,HIGH,FALSE
543243,2024,"Gray, Sonny",158,60,23.3747327441235,7.56502694923796,-11.7607447462115,4.08883210742388,1704.36075949367,-1.04138433972336,11.5563993048448,5.82495705458885,45.975,5.41833333333333,-0.926,TRUE,HIGH,FALSE
681347,2025,"Burrows, Mike",365,218,27.8299912747199,11.355778585445,-6.38341832657062,8.2017972056615,1510.24931506849,2.22579343270679,11.4799240898353,5.16832601098111,48.6286384976526,6.18098591549296,-1.44741784037559,TRUE,HIGH,FALSE
666142,2025,"Ragans, Cole",207,113,15.0392866878854,8.80017809992391,-1.48856222417439,10.8622808445964,2069.961352657,0.0953523028460597,11.1567265703814,-2.07750984691902,37.5963302752294,6.09339449541284,1.28963302752294,FALSE,mid,FALSE
663372,2024,"Feltner, Ryan",379,218,5.61453966547199,10.2921552682322,1.1197001624555,9.409555606789,1589.64643799472,-0.10599135955818,11.0587795620729,-5.70374119321634,42.9663461538462,5.53115384615384,-1.32533653846154,FALSE,mid,FALSE
685126,2025,"Eisert, Brandon",356,174,13.4105183237329,12.7383729576942,0.542344465529793,6.08390194075587,1329.38483146067,0.502058564748164,11.0369619124591,-4.1517855192271,29.9680473372781,4.99656804733728,4.098224852071,FALSE,low,FALSE
643377,2024,"Jax, Griffin",175,104,20.192893205464,15.9240873474988,-7.32621181694383,4.75868131868131,1884.29714285714,0.551065540887601,10.7941113310721,3.10863280078215,46.639,5.5185,-0.691,TRUE,HIGH,FALSE
642207,2024,"Williams, Devin",176,84,55.618251904638,20.2273929841884,-3.88197653645044,10.3500897129187,2720.42045454545,0.686348787953413,10.7918372476208,12.2108587079445,17.24625,5.175375,-2.51975,FALSE,low,FALSE
641540,2024,"Dunning, Dane",210,100,21.910410765232,2.14625414039726,-0.896100810809288,4.62343840822714,1903.44285714286,1.05320579562723,10.5862889457518,5.00490798588949,38.7032608695652,5.46630434782609,-2.34608695652174,FALSE,mid,FALSE
669373,2023,"Skubal, Tarik",273,159,18.8280687427024,13.7320850747427,3.04496816007194,11.506087383407,1573.30402930403,2.40131662739599,10.3478389722879,10.3871272051002,47.1309210526316,6.16059210526316,1.86453947368421,TRUE,HIGH,FALSE
701656,2026,"Henderson, Logan",218,120,37.7017535752668,12.7681094193288,-3.98069016848744,10.6140917431193,2549.9495412844,0.606891117066382,10.1098577220953,-11.945886511091,30.6316239316239,5.19094017094017,-1.65316239316239,FALSE,low,FALSE
668964,2024,"Myers, Tobias",245,99,19.1945994368716,10.3213830760727,-3.86284332950524,11.8068484366224,1855.85714285714,2.40467753206775,9.91854633645343,5.19742082140914,58.4270833333334,5.8609375,-1.01583333333333,TRUE,HIGH,FALSE
670955,2025,"Uceta, Edwin",463,263,10.365759038438,13.7757066539037,-1.69018942326843,5.53204342435566,2150.91576673866,1.69500488063487,9.69183785887618,-12.3432419717005,14.1776923076923,4.55219230769231,-1.72557692307692,FALSE,low,FALSE
607074,2024,"Rodón, Carlos",400,208,13.5958473077228,17.124461008825,1.09178138849044,9.94135450685826,1656.41,1.63452127936949,9.69178610192798,1.36793508115251,43.4678048780488,6.22136585365854,2.13980487804878,FALSE,mid,FALSE
669022,2024,"Gore, MacKenzie",277,129,25.7306852207443,11.4382227996736,4.08789630526984,10.1314070712833,2017.6678700361,-0.627451766020593,9.58213632066054,-4.42771021525893,46.2280991735537,5.73768595041322,1.83917355371901,TRUE,HIGH,FALSE
607259,2023,"Martinez, Nick",238,129,37.7201074976841,14.8073153627586,-2.39399186819004,13.0631599809735,2019.23109243697,2.82222368118155,9.509436051363,0.755940668659722,61.6009090909091,6.203,-1.737,TRUE,HIGH,FALSE
676282,2025,"Cantillo, Joey",500,245,24.246741055144,8.43668662938935,0.204297207507417,13.4660506550218,1511.646,0.8434233146058,9.48638972125199,6.34970495538985,52.8629166666667,5.896125,0.508833333333333,TRUE,HIGH,FALSE
547179,2025,"Lorenzen, Michael",401,210,14.9505021831817,8.49026733739443,-0.384866915442792,10.187171503726,1982.02743142145,1.34182215303791,9.33471814077621,-2.67748230244344,42.1058252427185,5.82432038834951,-1.81563106796117,FALSE,mid,FALSE
676130,2024,"Buttó, José",270,141,27.0339762016281,13.683280875089,-2.57024260004566,7.12829282407408,1836.74444444444,0.975697699115659,9.26439618340561,-7.2684776395284,32.35,5.24117647058824,-2.57007352941177,FALSE,mid,FALSE
642152,2025,"Trivino III, Lou",140,65,33.9353554468803,12.8121253177788,-4.99633024955058,7.55679653679653,1732.33571428571,-0.945854418935009,9.19027080187045,-14.745181616066,33.9907692307692,6.03538461538462,-1.37030769230769,FALSE,mid,FALSE
676879,2026,"Ashby, Aaron",120,62,16.7678533337963,5.45451026132877,-2.55418307041344,5.84377039627039,1797.15,-0.610953296590144,9.14278436689127,-13.1712158805852,50.4606557377049,6.43540983606557,0.525245901639344,TRUE,HIGH,FALSE
670955,2024,"Uceta, Edwin",229,123,13.8178217680435,15.385499049155,-2.26758646536018,5.88159607798574,2186.29694323144,3.06561984148085,9.08282642458859,7.98115523106286,15.985,4.66041666666667,-1.91916666666667,FALSE,low,FALSE
656222,2026,"Beeks, Jalen",163,75,22.1438831411275,7.57046338906764,7.22005263879448,5.4929759046857,2043.04294478528,-0.551028890464339,9.03831256559814,8.65096937082718,42.5472972972973,5.90851351351351,1.205,FALSE,mid,FALSE
628452,2025,"Iglesias, Raisel",267,172,19.9000843723556,11.9032772864229,-4.99762118233148,6.11365154022587,1994.22471910112,-1.1781420683655,8.92025785701124,-16.6414205632774,30.1418181818182,5.4330303030303,-1.96278787878788,FALSE,low,FALSE
592094,2024,"Adam, Jason",281,159,20.1610143032375,16.5763255575939,-7.30628666318295,5.97756188793932,2165.52669039146,3.13760751383167,8.79500397231056,4.93220001104063,33.1551282051282,6.12467948717949,-1.18730769230769,FALSE,mid,FALSE
642547,2023,"Peralta, Freddy",225,115,28.8270369950382,11.916495608101,-7.08268251531868,6.0308221841052,1739.65333333333,1.29674263389098,8.76219633206096,21.220157544176,34.4392523364486,5.08691588785047,-2.88990654205607,FALSE,mid,FALSE
628452,2026,"Iglesias, Raisel",208,134,17.1593958415087,11.3213579439411,-4.65357724605126,5.96987179487179,1913.44711538462,1.22741880753291,8.7523191122358,-9.23064190344522,31.0299212598425,5.44204724409449,-1.6555905511811,FALSE,mid,FALSE
596133,2025,"Weaver, Luke",313,171,15.7181281952426,13.6584621189158,-5.76219988631813,6.99596240218548,1970.53354632588,1.35722713203342,8.64911122971175,-14.6219587251238,45.5866666666667,5.52309090909091,-1.58812121212121,TRUE,HIGH,FALSE
641871,2023,"Middleton, Keynan",145,85,7.76977667868257,11.76523082373,-5.08598683259302,7.68012315270935,1878.08275862069,1.38021166668345,8.59714292696886,8.36737386584389,40.9409638554217,5.89614457831325,-1.10361445783133,FALSE,mid,FALSE
592791,2025,"Taillon, Jameson",221,123,24.1553770144673,12.1029375058712,-5.48904708446712,8.22471261259638,1752.65610859729,1.86376257332153,8.36755010917058,4.99822781864021,47.2302521008403,6.1727731092437,-1.26487394957983,TRUE,HIGH,FALSE
623167,2023,"Flexen, Chris",148,68,24.2147193893262,9.9994010981221,-7.8073273240268,10.8075255255255,1298.20945945946,1.56109116833597,8.27040468334427,1.10323024326656,64.8164179104478,6.59731343283582,-0.462686567164179,TRUE,HIGH,FALSE
663567,2026,"Lambert, Peter",400,213,18.4753324628524,10.8156446580308,-3.03166274474594,6.92940028901734,1570.3725,1.61935371985295,8.22987325714536,8.3045860713066,47.2346153846154,5.93942307692308,-2.53259615384615,TRUE,HIGH,FALSE
674072,2024,"Henry, Tommy",123,62,23.6132494782025,11.526698092419,3.12861570491004,6.16649658128381,1498.12195121951,-1.40894334232061,8.21374364778332,-7.49378331158623,41.2413793103448,5.71396551724138,1.7501724137931,FALSE,mid,FALSE
657097,2023,"Webb, Jacob",127,70,22.96473114777,10.000938066433,-6.16920484672116,8.94704858321281,2113.25984251969,0.391253715109352,8.11699479144459,17.3576110967901,36.525,5.54859375,-2.76921875,FALSE,mid,FALSE
641540,2023,"Dunning, Dane",194,106,25.6743574978297,3.70977482663213,0.444138323937522,5.7669129073916,1757.4793814433,1.51116870681627,7.82785150341961,7.60781993367068,35.9079207920792,5.41643564356436,-2.45574257425743,FALSE,mid,FALSE
682227,2026,"Williamson, Brandon",122,60,27.4560207731962,12.0338641055417,5.21713246682583,7.49996906897618,1889.58196721311,0.528263928672722,7.7783390714828,-5.93184850980279,39.0067796610169,6.41203389830508,1.2071186440678,FALSE,mid,FALSE
621244,2025,"Berríos, José",434,247,27.8491950812734,12.0831982772927,-2.14810512309259,7.80197420151088,1555.01843317972,0.204666893704351,7.68144379964823,-1.96890790819199,37.2962809917356,5.55425619834711,-2.00454545454545,FALSE,mid,FALSE
669373,2026,"Skubal, Tarik",359,218,21.2094579980571,15.1176158580547,8.52398118684372,9.43920333196632,1823.4651810585,0.439036911166668,7.66638275840071,2.04930271707012,42.0405529953917,6.00760368663595,2.14576036866359,FALSE,mid,FALSE
674370,2024,"Bido, Osvaldo",160,70,9.57203909796347,8.34844566509704,-4.796410304903,5.97463566350711,2097.9375,2.07962044732823,7.65622765357836,-1.96723588896037,33.004347826087,5.82956521739131,-2.28710144927536,FALSE,mid,FALSE
642232,2025,"Yarbrough, Ryan",209,96,33.0945664669112,11.4870346406912,-1.79737112359915,10.3364891920323,1913.2009569378,-1.36558886875823,7.6354780353077,-11.5404599856347,11.1648936170213,4.95234042553191,3.19414893617021,FALSE,low,FALSE
596133,2024,"Weaver, Luke",381,198,17.073247668972,15.8979041290239,-5.69216144330936,7.06148649716978,1870.37532808399,0.580742787183751,7.560751443448,-0.819092328743492,45.0526315789474,5.63326315789474,-1.74715789473684,TRUE,HIGH,FALSE
669920,2025,"Alexander, Jason",410,230,29.2467969877048,11.0991235518373,0.866188373850675,11.6117399654312,1763.79024390244,-0.553351578043884,7.54005417809675,-11.9434358979275,23.0095890410959,5.53424657534246,-1.44698630136986,FALSE,low,FALSE
669022,2025,"Gore, MacKenzie",289,127,26.9504628571363,11.2045863472172,4.92887123341773,9.10338467137999,2092.74394463668,-0.764701576182091,7.46879890916885,-1.33458744167333,42.7112,5.58312,1.93904,FALSE,mid,FALSE
663460,2025,"Bubic, Kris",378,211,35.2652876247542,18.4796616361867,5.31638950013994,6.6553118908382,1605.16666666667,0.645618978671899,7.45722399204847,6.48549475255214,36.3635467980295,5.63847290640394,2.14256157635468,FALSE,mid,FALSE
681517,2026,"Leahy, Kyle",223,111,23.6489899624654,14.0148381267188,-5.9601491333007,5.70212011738613,1463.80717488789,-0.237131041937609,7.4312260841022,-0.883200887843031,40.1462962962963,5.49027777777778,-1.87601851851852,FALSE,mid,FALSE
666277,2026,"Soriano, George",217,119,30.2679464988538,15.8154259599085,-1.4524719439163,6.61059907834102,1542.59447004608,1.89350258598058,7.13878586922336,-2.58076017627365,37.9555555555555,5.67342592592593,-2.40416666666667,FALSE,mid,FALSE
666200,2026,"Luzardo, Jesús",412,224,6.9881432347668,14.3497355040562,-0.185223969928195,10.9466527003581,1670.07281553398,-0.607143488708081,7.12455284639358,7.13139377748857,31.158371040724,5.69244343891403,2.51932126696832,FALSE,mid,FALSE
592454,2024,"Kahnle, Tommy",538,278,45.5984269178025,15.281528837719,-5.02438654325187,6.77421541107149,1240.90706319703,2.10150491229454,7.11683931321129,7.2740491561067,32.4966165413534,5.67966165413534,-2.36056390977444,FALSE,mid,FALSE
643377,2025,"Jax, Griffin",244,142,20.7384055322812,16.0808431784616,-7.80345210339739,4.70409413554166,1786.60245901639,1.23251215513538,6.9960585179713,-7.36281660657622,44.8781690140845,5.54197183098592,-0.583169014084507,TRUE,HIGH,FALSE
606160,2023,"Montero, Rafael",125,62,11.6573489370048,10.6499230118026,-6.14201728804596,4.38185467128028,2061.304,-1.496685694879,6.93962547427759,6.88189607885311,33.365,4.94916666666667,-1.4395,FALSE,mid,FALSE
656186,2025,"Altavilla, Dan",107,63,20.2888293417801,14.0348583780076,-3.49516440246112,4.22300146752143,1779.38317757009,-0.984158498854977,6.91286407811182,7.93158114467414,21.7603174603175,5.12047619047619,-2.19650793650794,FALSE,low,FALSE
542881,2023,"Anderson, Tyler",347,180,21.4768145655621,9.55517376811651,5.32651296232042,10.2328141613686,1840.50432276657,0.977921609046043,6.87794297192146,0.833514110271777,57.0193181818182,6.47335227272727,1.55534090909091,TRUE,HIGH,FALSE
669330,2026,"Wells, Tyler",183,114,15.5123613532366,6.82341208958323,-10.2372075174457,6.32103112378238,2204.75409836066,0.683019955835289,6.83038356645344,-8.91579810374177,50.5627272727273,6.98381818181818,-0.899090909090909,TRUE,HIGH,FALSE
663738,2024,"Lynch IV, Daniel",134,69,25.7522281152219,12.709540055321,3.23633503827337,8.24359008528784,1624.40298507463,0.764182417995878,6.79430893526084,3.04007755934023,33.5059701492537,5.9144776119403,1.3689552238806,FALSE,mid,FALSE
671096,2026,"Abbott, Andrew",370,172,15.5627688400445,9.19117184058288,5.61407516905031,6.67003298802015,1981.51081081081,0.855567632219082,6.75491138433773,4.90849761527479,48.5100591715977,5.97869822485207,2.61408284023669,TRUE,HIGH,FALSE
605400,2026,"Nola, Aaron",301,138,23.1474447792556,12.5866757036573,0.962888314071311,6.77422630109857,1550.88372093023,1.12894835170704,6.72490773197771,-3.03377722773628,15.8179104477612,4.81492537313433,-1.96932835820896,FALSE,low,FALSE
678022,2026,"Perkins, Jack",222,115,28.6967134992632,15.8086004731563,-1.21100167913566,6.30155437127268,1198.24774774775,0.635586654134414,6.68558110701255,0.110417626790166,35.018018018018,5.4636036036036,-2.04432432432432,FALSE,mid,FALSE
693855,2025,"Seymour, Ian",314,173,21.3802214445975,10.0065305865581,6.29867712167487,8.04015752777834,1713.36624203822,0.88536616428967,6.61979089673027,-6.98241155664994,47.0209580838323,5.9437125748503,1.4585628742515,TRUE,HIGH,FALSE
670950,2023,"Richards, Trevor",314,151,48.9605855664366,18.976025477368,-3.03404425689525,10.6071929737261,2553.84713375796,-0.449457874068625,6.56377565386231,-5.59056508566173,47.86875,6.20631944444444,-2.51916666666667,TRUE,HIGH,FALSE
671106,2023,"Allen, Logan",204,83,21.1516564987343,13.653629952825,-1.80879475135129,8.41923220973782,856.740196078432,2.31297598977471,6.55503701765483,14.2237445182815,41.5354430379747,5.23898734177215,2.21481012658228,FALSE,mid,FALSE
701581,2024,"Festa, David",308,155,19.4615739245905,10.4944892296887,-11.1445793675194,6.29217987894458,1838.57142857143,-1.00296514339019,6.51259459073864,-6.78877546671558,52.4143790849673,6.09333333333333,-2.28176470588235,TRUE,HIGH,FALSE
689017,2025,"Knack, Landon",202,103,23.0256879781949,13.2308976776231,-4.60217771151801,8.51271419141915,1627.05940594059,2.41585062617508,6.41011197789645,-2.98170086365474,53.5073684210526,5.76336842105264,-1.05252631578947,TRUE,HIGH,FALSE
594798,2026,"deGrom, Jacob",236,110,16.2987161575497,16.6851418476378,-3.06956820976712,7.4822246602333,1603.55084745763,1.50150788658363,6.34199083537173,-15.5327266744495,35.5174311926605,5.64449541284404,-1.40036697247706,FALSE,mid,FALSE
681293,2024,"Arrighetti, Spencer",215,98,20.3348873874164,11.9829727055896,-0.523324835786722,8.60929090327592,1675.27906976744,-1.67839970766365,6.32520540913058,5.07282400506963,21.4701030927835,4.87247422680413,-1.86536082474227,FALSE,low,FALSE
660853,2026,"De Los Santos, Enyel",192,108,6.53504329840786,7.58929321045202,-2.64142368387529,9.47644809730251,1884.84895833333,2.24551646858127,6.28469025571231,4.7889142722696,29.1811320754717,5.55037735849056,-2.11,FALSE,low,FALSE
694297,2023,"Pfaadt, Brandon",124,65,19.5493450863228,14.0689037705449,-7.10394083323431,7.17359670314054,1953.47580645161,-1.77742692876329,6.26218655590917,-2.81537932507036,25.8175438596491,5.34298245614035,-2.00245614035088,FALSE,low,FALSE
674370,2025,"Bido, Osvaldo",146,64,6.80037109647641,7.41478377837449,-3.9402263970688,5.75857277560963,2184.28767123288,-1.92493392181189,6.22938371419675,-15.0182083337451,35.1852459016394,5.9172131147541,-2.29819672131148,FALSE,mid,FALSE
672456,2026,"Montero, Keider",214,108,12.8263209843401,9.49505178595417,-7.26498900694261,7.29740468622114,2009.80841121495,2.97241786307279,6.17471605303889,0.647327072938312,41.8622641509434,5.73235849056604,-2.36037735849057,FALSE,mid,FALSE
668674,2023,"Erceg, Lucas",131,63,14.9675808232955,10.278691015276,-4.76843891242441,7.7709455345853,1916.65648854962,0.39019788654295,6.1488138510563,-13.6448106807732,43.655737704918,6.07934426229508,-2.16475409836066,FALSE,mid,FALSE
663567,2024,"Lambert, Peter",260,141,21.5910906091652,11.8874938686292,-3.19447390563803,7.53796124927704,1462.22692307692,0.948938196449127,6.14590078874657,14.6366567832689,51.6355555555556,6.02333333333333,-1.79933333333333,TRUE,HIGH,FALSE
663460,2026,"Bubic, Kris",161,90,37.9228972972915,17.6633044087505,5.88837711382885,5.89135641759959,1536.15527950311,2.8068723387444,6.1028105429652,12.0072490512186,37.3904761904762,5.61130952380952,2.02880952380952,FALSE,mid,FALSE
628711,2023,"Urías, Julio",123,78,20.1039321623386,11.2396767383855,9.37151193489311,6.45575786398533,1918.05691056911,-2.63585510351593,6.09683537863514,-0.209125153001616,43.7573333333333,5.9036,1.592,FALSE,mid,FALSE
502043,2024,"Gibson, Kyle",273,135,17.4240012656221,12.1094177464355,-6.36709260137686,6.47951911848369,1711.80952380952,2.1876615382045,6.05799679166442,-15.3837307309386,43.2351145038168,6.17236641221374,-2.25007633587786,FALSE,mid,FALSE
672456,2024,"Montero, Keider",165,82,19.9315939996837,11.3282219095448,-6.72623536231961,8.77502612330199,1762.30303030303,-0.785579017343746,6.05302023796217,3.2911531729684,39.1670731707317,5.69865853658537,-2.64707317073171,FALSE,mid,FALSE
641927,2023,"Ober, Bailey",329,191,38.2513865255138,11.9173481727669,-6.82754507321266,7.52447320111951,2099.21580547112,-0.934516386361673,6.04814253899284,7.24441291466459,29.0687830687831,5.86206349206349,-1.4510582010582,FALSE,low,FALSE
676130,2023,"Buttó, José",116,64,24.716210777711,14.5605263148816,-2.61519962891909,8.31370520622042,1765.62931034483,-1.13536189137848,6.01646932917784,-15.3458254837244,34.6433333333333,5.43483333333333,-2.40216666666667,FALSE,mid,FALSE
641329,2025,"Baker, Bryan",307,147,22.4494222849515,13.8228741362874,-8.06646506325049,11.6790566274117,1872.26058631922,1.29354698957979,6.01067389392024,-5.7942140247031,53.6104166666667,6.54590277777778,-0.904236111111111,TRUE,HIGH,FALSE
700249,2025,"Povich, Cade",296,128,20.5042761634564,14.8198556267588,-1.88284460230627,8.59444987279231,1145.30067567568,0.601587583946403,6.00337798954205,8.61002409509954,39.2632,5.88944,1.82392,FALSE,mid,FALSE
684974,2026,"Yoho, Craig",140,80,52.864505461422,15.0874104353502,5.00553907370472,15.0028571428571,2511.42857142857,3.75700598183936,5.90271138671779,-4.65107846599664,16.2697368421053,4.78144736842105,-2.04065789473684,FALSE,low,FALSE
669022,2026,"Gore, MacKenzie",227,101,27.5380209216588,8.86345276672317,4.43735513733371,8.83041237595519,1970.28634361233,1.10141847446304,5.89814170250745,-7.03772724451598,46.715306122449,5.56622448979592,1.75183673469388,TRUE,HIGH,FALSE
641927,2024,"Ober, Bailey",791,467,39.3042918407837,12.2090520305044,-6.01813037256401,8.38373211272733,2037.85082174463,1.3660521816913,5.84946734216931,-5.58199403144834,34.2891067538127,6.04122004357298,-1.48581699346405,FALSE,mid,FALSE
682052,2025,"Lopez, Jacob",224,103,17.8400259085177,7.77692609259298,1.32786170574037,7.97286596495497,2129.45982142857,-1.21269298192309,5.83480279029934,-19.8948492176435,15.837,5.0173,3.7628,FALSE,low,FALSE
596133,2023,"Weaver, Luke",144,68,17.1682925274584,9.76126224349593,-4.67432727038688,7.70363116863458,1774.52777777778,-3.30250018475019,5.80105613332896,-7.56759647135426,45.6378787878788,5.66318181818182,-1.58954545454545,TRUE,HIGH,FALSE
650911,2025,"Sánchez, Cristopher",1083,596,14.1489563795738,6.0934112654494,-5.29824487978724,9.11001399263115,2043.18190212373,0.780537540173622,5.79606747345521,-1.87100923580629,27.8439579684764,5.86418563922942,2.05868651488617,FALSE,low,FALSE
683409,2025,"Chivilli, Angel",374,195,12.460618217405,4.20635351247342,5.26506779531261,8.38844338278052,1848.38502673797,-0.0601737667193698,5.74776851307247,8.27547576022141,34.4174358974359,5.75466666666666,-1.63912820512821,FALSE,mid,FALSE
669373,2024,"Skubal, Tarik",760,458,19.3964110369356,13.1798524554344,5.99559178065394,10.5287219643157,1689.37894736842,0.301949634934763,5.70818800125122,-3.34957454995683,46.4009456264775,6.13042553191489,1.73460992907801,TRUE,HIGH,FALSE
664285,2023,"Valdez, Framber",279,150,15.0540354302044,7.32910910719285,-2.09633806266665,4.88587927405132,1659.05376344086,1.06234824932623,5.62072893828339,6.70846654192523,50.3469798657718,6.13785234899329,0.695503355704698,TRUE,HIGH,FALSE
670950,2026,"Richards, Trevor",218,95,61.7870344840175,21.2964450280646,-1.07777606697623,12.0312051426075,2556.92201834862,0.726527776434181,5.6087085410207,-5.01651224827759,48.9393617021277,6.28734042553192,-2.50404255319149,TRUE,HIGH,FALSE
668674,2024,"Erceg, Lucas",188,96,14.2030977939239,10.9815394592356,-5.6704151011386,7.56506608089463,2011.64893617021,-0.670004977898066,5.54271418045598,-3.97112727516476,40.4139784946237,5.92096774193549,-2.2547311827957,FALSE,mid,FALSE
677960,2025,"Weathers, Ryan",188,96,19.6487517865959,15.9554561359543,0.411620274487975,9.61420084813921,1861.77659574468,-1.41269998792212,5.53842647071116,-12.7177016450163,38.2212765957447,5.59340425531915,3.12574468085106,FALSE,mid,FALSE
622503,2025,"Crismatt, Nabil",203,126,22.8662042212429,12.4173934908051,-0.707126573019343,7.65328506142798,1559.1921182266,-0.592488686586998,5.51126024915784,3.99528957370323,31.7645161290323,5.53467741935484,-2.7766935483871,FALSE,mid,FALSE
592094,2025,"Adam, Jason",363,187,21.2225550699867,16.7423047551309,-6.37464648529705,6.42893008108319,2039.50688705234,0.649561090200973,5.48949370927719,3.93762960898583,36.1608938547486,6.39245810055866,-1.07703910614525,FALSE,mid,FALSE
682847,2025,"Ortiz, Luis",194,99,13.3216534345739,10.5117398874695,0.124965749897991,7.02253430581855,1461.9175257732,0.524552857069255,5.44322942348537,4.94128946107157,27.8715789473684,5.17389473684211,-1.88378947368421,FALSE,low,FALSE
592454,2023,"Kahnle, Tommy",327,161,44.3802463039549,14.7745716119148,-5.7346317377903,6.61705512852302,1336.18348623853,-0.499820427923248,5.44082599523405,-4.77908891370296,32.6101265822785,5.63424050632912,-2.25917721518987,FALSE,mid,FALSE
642216,2023,"Winans, Allan",147,89,21.0252370172211,11.7339703486868,-2.2820999763725,7.06875850340136,1845.74829931973,1.21536770647106,5.43729816354762,2.77514236038483,31.6597701149425,5.69793103448276,-2.09781609195402,FALSE,mid,FALSE
677960,2024,"Weathers, Ryan",368,203,16.1638550676155,13.6109820033569,-2.199958450405,9.50792850415947,1817.48641304348,1.0509112144449,5.40204040696709,7.23262331171178,33.0831578947368,5.58936842105263,2.957,FALSE,mid,FALSE
657097,2024,"Webb, Jacob",258,138,21.1766309472645,9.05515410602486,-4.92476655742187,9.16856805000282,2190.17441860465,2.52128055660887,5.40133208173271,1.03206797145699,33.2992592592592,5.58414814814815,-2.56637037037037,FALSE,mid,FALSE
676974,2026,"Meyer, Max",183,80,12.3658960600782,14.4854665571206,-3.07400978681273,7.93060109289617,1591.86885245902,0.622924299403389,5.37810454245551,-1.25067862958251,38.2848101265823,5.75886075949367,-1.26886075949367,FALSE,mid,FALSE
650633,2024,"King, Michael",706,428,28.0593341963534,11.3613391505896,-9.4317059937031,6.96582152974504,2044.6657223796,0.721296724301523,5.37489493194898,-3.05774045969516,24.5491484184915,5.34982968369831,-3.11710462287105,FALSE,low,FALSE
666974,2023,"Cano, Yennier",110,67,9.78523342935823,-4.37217823642027,2.49173066849202,5.53442307692307,1828.59090909091,0.403952464922838,5.34542957714902,-20.8566403340507,20.4738461538462,5.60815384615385,-2.32769230769231,FALSE,low,FALSE
608718,2023,"Suter, Brent",121,60,24.222548278913,2.75480646850391,8.99208426805695,9.81550944079146,1602.89256198347,2.08146193866226,5.32554231779895,14.8624609223,51.6318181818182,6.32636363636364,3.34515151515152,TRUE,HIGH,FALSE
605540,2026,"Woodruff, Brandon",136,68,22.9334020089841,11.7897414321154,-8.28725122168371,9.47239637848022,1774.07352941176,2.34692229264075,5.24307550412842,-15.5057510267809,39.7088235294118,5.82470588235294,-1.62058823529412,FALSE,mid,FALSE
670329,2025,"Garcia, Rico",129,67,22.0242218162483,8.82579204582805,-2.95883849758827,9.03914225309574,2290.25581395349,0.53324372900617,5.22877316301306,7.28547657181484,46.3383333333333,5.85516666666667,-1.75333333333333,TRUE,HIGH,FALSE
669372,2026,"Ginn, J.T.",350,188,12.5528240536351,9.59838517621368,-5.78033985676823,5.72468519715579,1515.90571428571,2.08775457497243,5.15842336350233,3.63028750554974,41.8727777777778,5.55038888888889,-1.3885,FALSE,mid,FALSE
656641,2026,"Latz, Jacob",135,71,24.1587902573176,10.4073220728081,3.48267779844459,9.00899921197794,2042.04444444444,2.91935831641669,5.14956342720434,3.56964743461052,49.7308823529412,5.88779411764706,2.07941176470588,TRUE,HIGH,FALSE
664285,2024,"Valdez, Framber",441,238,14.3579615662351,5.82235295448124,-3.24964667148939,4.22344984621659,1677.30158730159,1.22443006177831,5.12035718216084,13.0149443939433,42.4733905579399,5.98094420600859,0.694978540772532,FALSE,mid,FALSE
687330,2026,"Kelly, Kevin",170,96,16.7043947223992,2.91783119380976,6.18273222726528,5.41620715461758,1866.22941176471,2.05146951673331,5.10534210185281,8.49617457328027,-0.496774193548387,3.57838709677419,-1.68236559139785,FALSE,low,FALSE
621111,2026,"Buehler, Walker",172,75,33.5929472796498,13.7826941717088,-6.50287092710713,4.87445201817695,1244.60465116279,-4.2208337188029,5.02900155308477,-14.766541610397,41.8554054054054,5.54027027027027,-1.22689189189189,FALSE,mid,FALSE
656492,2026,"Griffin, Foster",204,89,17.2922997566308,10.1466746634634,7.0870349529615,9.19650368033649,1873.04901960784,1.23707987124545,5.02857746898384,6.60926861856095,43.2011494252874,5.88931034482759,2.83011494252874,FALSE,mid,FALSE
658648,2023,"Avila, Pedro",216,124,23.8690942582375,12.3386805308651,3.96971793117742,10.1879,1643.11111111111,3.3240217371175,5.01505057551415,5.96811840266849,41.0188034188035,5.54700854700855,-1.23632478632479,FALSE,mid,FALSE
678606,2025,"Ferrer, José A.",265,134,18.3209874209443,8.82602294339347,-2.98102156700269,10.0564150943396,2184.1358490566,-0.493157106650258,4.98147698843088,-13.3657556534377,30.1940298507463,5.73925373134329,3.0865671641791,FALSE,low,FALSE
607259,2024,"Martinez, Nick",459,266,35.3225786726636,13.232396163293,-4.60935980995069,12.4965701056577,2105.28322440087,0.506512554568902,4.97166881897417,0.827898055540711,60.5548262548263,6.33305019305019,-1.55378378378379,TRUE,HIGH,FALSE
450203,2024,"Morton, Charlie",307,162,26.8139636176695,11.2652845010047,-0.00162885493515928,9.16452450344101,2172.4332247557,-1.59315840033082,4.92776684980283,8.50419356796278,19.8426751592357,5.39324840764331,-2.5487898089172,FALSE,low,FALSE
682227,2023,"Williamson, Brandon",198,98,35.3275287576063,13.8703892719463,3.71855376882787,9.13979684485303,1802.37373737374,-1.22058544678021,4.92652503028668,2.53655850375121,40.3806451612903,6.3810752688172,1.22860215053763,FALSE,mid,FALSE
676282,2026,"Cantillo, Joey",512,251,19.9893479756932,7.17489847863946,0.576618549240492,11.3653842659884,1446.439453125,-0.0252994261446533,4.88862017394652,8.45039339180031,50.2809917355372,5.88966942148761,0.612190082644628,TRUE,HIGH,FALSE
573009,2024,"Mantiply, Joe",229,131,31.935550858754,5.11081389374506,-6.16547474204776,7.9279025061705,1674.20524017467,0.354602399829012,4.84804908139794,-6.48439700077901,13.2512396694215,5.0800826446281,3.30942148760331,FALSE,low,FALSE
687888,2025,"Walter, Brandon",149,72,44.6326414247553,12.2558499762251,3.62543634173039,10.8990467233788,2076.59060402685,-0.132309530370667,4.83886519055014,-3.38073053187619,20.375,5.31833333333333,2.24166666666667,FALSE,low,FALSE
642528,2026,"Loáisiga, Jonathan",189,106,20.1449941411298,9.66782105816898,-5.77800005106843,6.35329034391535,1776.39153439153,0.929980655373998,4.83599146883844,12.6515286222286,43.8625,5.4465625,-1.866875,FALSE,mid,FALSE
672582,2023,"Zerpa, Angel",137,64,6.47433658029283,7.4568937163112,0.0613902390249354,7.60514015825308,1523.76642335766,-0.778251840358295,4.81099859496567,9.4199433671142,41.6790322580645,5.7208064516129,2.10629032258064,FALSE,mid,FALSE
607625,2024,"Lugo, Seth",207,99,22.8311113267504,11.9640147322359,-7.20852659419873,4.91024012122625,1853.61352657005,0.702553949954889,4.80538558208486,0.355989346092108,31.3354166666667,5.459375,-1.32427083333333,FALSE,mid,FALSE
686610,2023,"Waldichuk, Ken",201,100,22.7998616286235,11.393671168178,2.79808136967017,8.97024149767877,1631.59701492537,0.126044481357,4.76465342588046,8.14521598616855,34.0438775510204,5.45275510204082,2.16163265306122,FALSE,mid,FALSE
592662,2025,"Ray, Robbie",399,176,5.80188559390126,8.91164447017837,0.956428569419615,8.73354903265698,1650.39598997494,0.369213128361905,4.75176726278562,-5.82204873485264,43.5785714285715,6.08208333333334,2.85690476190476,FALSE,mid,FALSE
676395,2024,"Garcia, Robert",294,156,15.3301010051348,12.8236528829424,2.10830476421386,6.71478671628972,1679.98299319728,2.38135317526245,4.7470160364732,9.25972997177863,23.0377483443709,5.53264900662252,3.86072847682119,FALSE,low,FALSE
693855,2026,"Seymour, Ian",389,198,22.5106418859027,10.7720358917537,6.76100305572324,8.05131872769827,1660.20565552699,2.21806268917409,4.70838619630538,-7.46215372404061,42.2969072164948,5.73484536082474,1.47577319587629,FALSE,mid,FALSE
686799,2025,"Kochanowicz, Jack",261,153,12.600589028263,13.2318510155085,-0.80790615874462,5.6418574094317,2109,-2.36456440314954,4.69366702187676,-4.32217567179043,30.84,5.86758620689655,-1.83275862068966,FALSE,mid,FALSE
605400,2025,"Nola, Aaron",242,125,26.1045023406939,12.2952058105903,0.223013474944669,6.9695737277077,1602.72314049587,0.252444229168825,4.6933424078033,-4.63987179246336,16.0223140495868,4.89917355371901,-2.02611570247934,FALSE,low,FALSE
592866,2025,"Williams, Trevor",186,65,39.9521976351122,8.93698830517186,-8.64766986564043,6.42747548632673,1485.63440860215,-0.158524818975983,4.69280824303422,-10.7865637885136,15.5921875,4.93296875,-2.4025,FALSE,low,FALSE
643377,2026,"Jax, Griffin",310,183,15.901203126937,15.7768325679252,-7.03961802989631,5.10181097906056,1864.97096774194,0.103559434691131,4.6418123612281,3.28274756329102,44.8702857142857,5.5296,-0.973428571428571,TRUE,HIGH,FALSE
605200,2023,"Davies, Zach",121,67,18.3175473857972,7.61107672150936,1.62153150565968,9.18037575073148,1675.69421487603,0.484756620684245,4.61456148509144,3.42144302519169,34.9446153846154,5.54107692307692,-2.17384615384615,FALSE,mid,FALSE
667463,2026,"King, John",117,69,11.8062638961804,2.21481007469706,-0.720010150418786,6.77974224728152,1545.47008547009,5.95729062240447,4.57263917836905,-2.23434731772178,22.4683333333333,5.4335,2.10666666666667,FALSE,low,FALSE
676272,2024,"Miller, Bobby",210,83,30.4115590638947,11.4618435290858,-6.22495607148106,11.2403211517165,2248.00952380952,0.944043200500955,4.56924369227099,16.3106575198136,46.396,5.97973333333333,-1.1124,TRUE,HIGH,FALSE
806185,2025,"Birdsong, Hayden",201,88,43.2639379828406,19.9395706765464,-4.67414324617085,6.78992041689088,1318.02487562189,0.387604388629988,4.56196398653655,2.81697194261583,44.7048780487805,6.32317073170731,-2.04048780487805,TRUE,HIGH,FALSE
519043,2023,"Moore, Matt",135,77,33.984453432473,12.050346984029,4.0894115722999,10.1513047910296,2033.88888888889,1.19885138203369,4.50031282842235,-5.73532326034502,47.2506666666667,6.39573333333334,1.0412,TRUE,HIGH,FALSE
622491,2023,"Castillo, Luis",220,116,17.626367927486,13.0078416830625,-2.78296777041086,7.99226441241686,1894.28181818182,-2.21910745409167,4.45876493452428,-6.35168114275839,13.051724137931,4.87991379310345,-2.44068965517241,FALSE,low,FALSE
660787,2025,"De los Santos, Yerry",163,83,12.3188024903951,13.6744164333878,2.24366185325437,6.93338367154318,1576.0490797546,-1.48006527111181,4.43649364252707,4.89196498867387,30.69125,6.032875,-2.087375,FALSE,mid,FALSE
656222,2024,"Beeks, Jalen",299,124,21.1154973652505,8.21061800339877,8.75105174546363,5.62319026948999,2028.68227424749,-0.527731550483827,4.39714628366878,1.01141338169709,46.7831932773109,6.01327731092438,0.926050420168067,TRUE,HIGH,FALSE
694973,2025,"Skenes, Paul",326,173,24.3482583380888,8.16224833064769,1.02622580103842,9.44164839844181,1807.60122699387,2.83959797973633,4.39097269017325,-6.40504805043649,21.1650887573965,5.56881656804734,-2.63739644970414,FALSE,low,FALSE
656638,2026,"Lange, Alex",174,81,23.2919400444809,14.0479890893151,-4.79229855230706,5.11702672760006,1780.78735632184,-0.787993247239234,4.33178878894239,-13.1572299312247,39.11875,5.739625,-1.970125,FALSE,mid,FALSE
676440,2023,"Bibee, Tanner",201,106,19.696964131195,7.1230042701221,-6.80572597892349,10.909153618411,2034.70149253731,1.43845220741941,4.23055340989788,7.26122956104043,55.0823529411765,6.22372549019607,-2.18,TRUE,HIGH,FALSE
815083,2026,"Farris, Mitch",181,83,50.9584339156446,18.4834621493295,2.30561045997393,12.7918571791452,1688.08287292818,0.12658442945391,4.2102436669477,1.65876833263117,47.29125,6.147375,0.838,TRUE,HIGH,FALSE
666142,2024,"Ragans, Cole",740,425,16.1900436709146,8.55504643606463,-0.186835505785925,10.6126545367538,2161.43648648649,0.295928668805899,4.1617631798507,0.764610271364087,44.0935960591133,6.2614039408867,1.17396551724138,TRUE,HIGH,FALSE
500779,2024,"Quintana, Jose",529,214,28.0161213121004,11.7102368577446,8.34225301982037,4.97651154192483,1323.12854442344,0.632119536096271,4.15411524107798,2.77568760882991,42.8537313432836,5.77203980099502,2.29149253731343,FALSE,mid,FALSE
623211,2024,"Brazobán, Huascar",260,149,8.21572280209771,14.1622535082708,-4.03550028381974,6.27320512820513,1955.64615384615,1.55773135094428,4.08246534560199,-9.64197145005307,38.1815068493151,5.86246575342466,-1.58527397260274,FALSE,mid,FALSE
571927,2023,"Matz, Steven",167,96,26.8636547184272,12.3167426949325,-4.21492154069079,10.5349707879075,2326.97005988024,1.42191817251704,4.06886917264054,-7.02450797245189,34.0107142857143,5.58083333333334,1.58952380952381,FALSE,mid,FALSE
699134,2026,"Rodriguez, Bradgley",328,183,21.9695319262904,11.8982879546778,-8.32672391153478,8.33888813189807,1809.29573170732,1.18227903902495,4.06519070368639,5.24771851697299,42.7409356725146,5.88005847953216,-0.644327485380117,FALSE,mid,FALSE
663567,2023,"Lambert, Peter",136,71,19.5529559541495,10.8820322216325,-1.85911722900201,6.6358584131327,1514.06617647059,-0.244030131239109,4.05886058035356,-5.05968986057231,49.1608695652174,5.85333333333333,-1.85231884057971,TRUE,HIGH,FALSE
453286,2023,"Scherzer, Max",144,70,27.9041541829029,15.0028044197167,-0.691340898055019,9.8503308297568,1333.77083333333,2.61016787924071,4.05667633931215,0.894625304325087,27.5208955223881,5.36880597014926,-3.12253731343284,FALSE,low,FALSE
547179,2024,"Lorenzen, Michael",394,204,16.3772555071846,8.70348609802788,-1.94786459574602,9.22423565877543,2020.15989847716,2.15463203607115,3.96979379494856,7.5622406940038,40.9990049751244,5.77761194029851,-1.47427860696517,FALSE,mid,FALSE
664299,2025,"Javier, Cristian",115,68,48.4269828550229,13.171596846099,-5.37662782597768,8.75809473312125,2274.8,3.23400634870779,3.90422949158634,2.88388070505104,34.7656716417911,5.69597014925373,-1.77179104477612,FALSE,mid,FALSE
650911,2026,"Sánchez, Cristopher",810,457,14.9673779417079,5.52220772750126,-4.90672955793629,8.14601675583759,2031.48271604938,0.6993925637671,3.84133881813548,1.02887719756844,29.5671232876712,6.00563926940638,2.01579908675799,FALSE,low,FALSE
681857,2024,"Olson, Reese",413,205,22.2848004967078,14.8271334048548,-0.964546661848012,7.65294117647059,1977.64648910412,0.38995729798868,3.79953813502391,-5.28815881267038,35.0558510638298,5.91212765957447,-2.7688829787234,FALSE,mid,FALSE
676467,2025,"Gordon, Colton",114,61,7.20736766958481,10.5589295678238,-0.0265733998750606,7.18849329205366,1465.98245614035,-0.444255390799968,3.68934303307849,-2.65589829606431,32.425,5.4825,2.48566666666667,FALSE,mid,FALSE
608334,2025,"Fulmer, Carson",130,85,24.5032759573007,14.5370416439,-3.31169614202806,5.78892037786775,1419.8,0.841284789186544,3.66643381329101,-5.25946204525257,33.7650602409638,5.50867469879518,-2.54963855421687,FALSE,mid,FALSE
608331,2023,"Fried, Max",140,66,29.1922860725152,10.3022969857184,9.91658831935533,8.1456699889258,1435.80714285714,0.165478525207305,3.65257420186734,4.72443234294132,43.4333333333333,5.75492063492064,1.57301587301587,FALSE,mid,FALSE
547179,2026,"Lorenzen, Michael",393,173,16.2936199241221,7.71424467814708,-1.36866806625751,9.35528023839654,2060.34860050891,-0.87674243704151,3.56553175359854,-5.11017221573129,39.4952941176471,5.73188235294118,-1.73688235294118,FALSE,mid,FALSE
669203,2024,"Burnes, Corbin",330,145,18.6419662160195,5.62245111419296,0.218662832648274,7.7497628458498,2037.19696969697,0.550478110730518,3.55925578212715,9.83532499057822,39.3716312056737,5.68914893617022,-1.08,FALSE,mid,FALSE
666277,2023,"Soriano, George",127,61,18.5518148984917,10.2480279081567,-8.83218094860037,5.38193897637795,2048.07086614173,-0.0180263368229515,3.55441853144629,10.3555720203638,26.6622950819672,5.35950819672131,-1.59639344262295,FALSE,low,FALSE
642048,2024,"Saucedo, Tayler",147,74,13.3529396209363,0.515270302117265,-1.78839644140917,5.95180607454249,2198.55782312925,1.43078504352014,3.52347383270132,0.386162076282978,19.727027027027,5.18405405405405,2.0504054054054,FALSE,low,FALSE
666214,2024,"Wentz, Joey",234,94,19.833231497211,9.17294202001201,3.81082330488095,7.94855446566856,2042.37606837607,-1.02436017562712,3.50300821321233,3.54186225265133,49.7247311827957,6.27096774193548,0.986666666666667,TRUE,HIGH,FALSE
571578,2025,"Corbin, Patrick",240,103,11.4175251227726,7.84115168104782,1.31288618970728,9.60130434782609,1527.65416666667,-0.313632875311817,3.47422466031275,4.03331795644799,40.816,6.2978,2.4644,FALSE,mid,FALSE
642207,2023,"Williams, Devin",244,138,56.4149074874766,20.0695330256776,-3.141990146744,11.4223546944858,2725.39754098361,2.79543937094443,3.44053416307614,-3.49925194796152,15.4083969465649,5.12389312977099,-2.34679389312977,FALSE,low,FALSE
656605,2026,"Keller, Mitch",166,79,18.8309154229465,13.5457383521093,-2.21487085206934,4.62200886880856,1540.30120481928,-1.47840897651387,3.42252880554009,-12.5502831837627,36.675,5.77986842105263,-1.96723684210526,FALSE,mid,FALSE
680767,2025,"Vodnik, Victor",239,113,29.5339620701656,14.0325132625686,-7.92023439707717,6.61329086457762,1901.33472803347,1.56629412737221,3.35253684336765,31.5206562756306,35.4169642857143,5.14446428571428,-2.22866071428571,FALSE,mid,FALSE
701519,2026,"Adams, Travis",154,81,18.9047828515554,13.1188765512947,-7.23438722640632,8.31817267239803,1937.55844155844,1.67577678953483,3.33952318827467,-12.137851815813,38.2935897435897,5.71205128205128,-1.00910256410256,FALSE,mid,FALSE
519242,2026,"Sale, Chris",210,116,16.3986068699495,11.272644652127,-1.46171107621385,7.8366999322368,1845.50952380952,0.721895711273123,3.33250728283987,6.76626882622916,7.67747747747747,4.60963963963964,3.04783783783784,FALSE,low,FALSE
678394,2024,"Bello, Brayan",730,390,21.4925034668147,10.5433527719535,-4.96984079398472,8.0554600366735,1810.11780821918,0.207453115732935,3.1922925619229,-1.60617248512685,26.9286863270777,5.14064343163539,-1.86249329758713,FALSE,low,FALSE
608379,2023,"Wacha, Michael",322,194,32.6846342155939,13.3011934472685,-3.48089047937692,10.7884454635166,1491.2049689441,1.01709013955471,3.17028650061295,3.78859258002722,53.3285714285714,6.59417989417989,-1.56428571428572,TRUE,HIGH,FALSE
665795,2024,"Cabrera, Edward",566,291,10.946610090988,10.1169121136548,-6.50868116837474,3.15461719670201,1631.79858657244,0.303058904180734,3.10188755974195,1.97757929471877,43.265,6.16178571428571,-1.29882142857143,FALSE,mid,FALSE
702070,2025,"Cameron, Noah",402,199,20.7883389221024,8.4103574584129,4.05646956634208,11.0524670866334,1517.77114427861,-0.281877905734436,3.0588081247635,1.63568200661869,51.0390862944162,6.38309644670051,1.53695431472081,TRUE,HIGH,FALSE
571510,2024,"Boyd, Matthew",175,91,10.0966004082222,9.72934203085351,-0.43337246814091,11.1042316602317,1863.08571428571,-0.468725595472271,3.02268474801387,-3.85444402241888,28.7802197802198,5.49758241758242,2.20087912087912,FALSE,low,FALSE
527048,2026,"Pérez, Martín",431,231,11.589422546153,8.4657875580245,1.60339512924636,7.937750966744,1623.15081206497,0.709354719448464,2.97435080496675,6.29185481805599,42.9537777777778,5.54817777777777,1.21817777777778,FALSE,mid,FALSE
680570,2024,"Rodriguez, Grayson",395,224,36.8833416511589,16.223229821034,4.3254914671097,12.9980515370705,1739.82278481013,1.52549543661249,2.96657732597907,-0.870386791646413,34.8162679425837,5.49019138755981,-2.46401913875598,FALSE,mid,FALSE
681343,2025,"Smith, Shane",398,197,23.5156391910279,14.2368370950288,-6.24055010271439,5.65568568277567,1587.68844221106,0.372756374109309,2.89328979094542,-10.1076546996751,30.89,5.75005263157895,-2.29963157894737,FALSE,mid,FALSE
642547,2025,"Peralta, Freddy",655,307,37.8605883735959,14.6120798235513,-10.8736973677798,5.87757685603452,1929.31450381679,1.2347444100904,2.87790896025829,3.78753907766514,31.5656666666667,5.09536666666667,-3.70316666666667,FALSE,mid,FALSE
669373,2025,"Skubal, Tarik",895,538,20.6284854064374,13.5482532942806,9.93959813664575,9.51152243000034,1837.36089385475,1.49584238683255,2.87766430415842,-5.72760379384616,46.2345935727788,6.05914933837429,1.88158790170132,TRUE,HIGH,FALSE
621111,2025,"Buehler, Walker",150,60,32.8361022025962,12.8707936683322,-9.37770594309911,4.30039229843562,1560.3,-0.40764682081221,2.87557807463338,4.63224951705073,36.6745762711864,5.39440677966102,-1.53593220338983,FALSE,mid,FALSE
686790,2026,"McDonald, Trevor",167,88,4.54988245416593,0.0521862229942779,6.41978467322811,9.63290853407689,1613.97005988024,-0.20768757367293,2.83568291323617,-11.4123641639357,26.403488372093,4.97058139534884,-2.19918604651163,FALSE,low,FALSE
663738,2025,"Lynch IV, Daniel",209,98,22.2630774304583,14.3845246690393,2.37051429722152,8.09735001840266,1641.86124401914,-0.0936790592129262,2.82257269809678,-0.841368098637735,32.2273684210526,5.67242105263158,1.36126315789474,FALSE,mid,FALSE
607067,2025,"Rea, Colin",306,157,31.8311456558227,15.0651979393811,-2.87976208597477,6.50575238024166,1417.87581699346,-1.81615819339024,2.76387880958285,-2.49126599752374,31.481045751634,5.60483660130719,-1.66535947712418,FALSE,mid,FALSE
642547,2024,"Peralta, Freddy",532,252,31.5336307159149,13.7962343718018,-6.91744249487245,6.62667965367965,1731.34210526316,1.21347018757632,2.70323834516582,9.57627607915887,32.0703703703704,5.14460905349794,-2.950329218107,FALSE,mid,FALSE
694973,2026,"Skenes, Paul",300,154,25.9532998790691,8.27196513234344,-0.12785156643731,8.15792753623189,1843.48333333333,-0.915522124419269,2.69629992640297,1.73635627670555,23.5466216216216,5.55817567567568,-2.49371621621622,FALSE,low,FALSE
656288,2024,"Canning, Griffin",765,438,25.9024334695214,12.950804661247,-6.99302713155238,4.87123962899784,1770.32810457516,0.23042885886765,2.67181394664585,-0.00352720970060487,40.5237647058823,5.7968705882353,-1.68112941176471,FALSE,mid,FALSE
624133,2024,"Suarez, Ranger",372,193,23.5601288033205,11.4646737751214,2.38220797486437,11.8323811023255,1231.18548387097,0.341031223706844,2.66556425655008,-1.5761775091045,38.5655555555556,5.729,1.87711111111111,FALSE,mid,FALSE
678394,2025,"Bello, Brayan",410,204,19.4729200735215,10.1445521885513,-6.77855179469436,6.28890722142516,1841.6756097561,0.084739307087231,2.64188992823469,2.03975352867609,30.1081632653061,5.22142857142857,-1.76295918367347,FALSE,low,FALSE
605280,2026,"Holmes, Clay",121,72,27.5181257582478,4.2565576836603,9.12176008460684,4.80622009569377,809.239669421488,1.2903454605321,2.62944797775468,4.31905408951441,40.1194444444444,6.33944444444444,-1.24180555555556,FALSE,mid,FALSE
657097,2025,"Webb, Jacob",327,190,19.298224873473,8.40067792952624,-6.05937042625991,8.52103764631446,2260.95107033639,0.729530569268179,2.62082233230982,-8.7237596771705,35.4010362694301,5.62481865284974,-2.71051813471503,FALSE,mid,FALSE
700241,2025,"McGreevy, Michael",147,77,8.16925136515108,11.0898629571833,-3.59243266872856,4.95441447356423,1742.27210884354,-1.67877901758033,2.59659711815779,-4.25058205466011,34.3473684210526,5.7978947368421,-2.32671052631579,FALSE,mid,FALSE
670970,2026,"Morejon, Adrian",196,118,38.0100681833335,18.5897316434873,4.60877540938354,7.23410457206139,1073.50510204082,0.716877927124436,2.55326731033115,10.9994888326491,42.1477876106195,5.9412389380531,2.68486725663717,FALSE,mid,FALSE
701542,2025,"Warren, Will",275,120,23.3626390027279,15.5218082705068,-4.60008328811414,6.26656106125635,1722.6,-1.7392903283134,2.53496821861739,-3.08523267262429,27.7416666666667,5.6125,-2.53958333333333,FALSE,low,FALSE
623167,2024,"Flexen, Chris",440,211,23.3497315221047,10.8742621726039,-7.72017931387193,9.99077509196007,1319.39318181818,-1.25747029773961,2.53105263237457,-2.85036404437103,67.4043689320389,6.68995145631068,-0.264077669902913,TRUE,HIGH,FALSE
681867,2026,"Criswell, Cooper",124,68,12.7299216833746,1.85845153931858,3.94683028085206,5.55193548387096,1557.74193548387,-1.090084521969,2.49010214628482,4.70379131495651,5.59375,4.7046875,-1.9121875,FALSE,low,FALSE
682610,2024,"Muñoz, Roddery",138,72,4.14659731830515,6.75016545361951,-0.2271726146543,6.17457985471105,1720.22463768116,-1.96729005373049,2.45463708782683,-14.4911126534177,41.2144927536232,5.76115942028986,-1.37623188405797,FALSE,mid,FALSE
668678,2023,"Gallen, Zac",216,111,23.7193061186023,14.2318478697391,-8.5639852472084,6.32184354539236,1526.71296296296,-0.904561714584811,2.41831735809894,0.509549802379263,36.9056074766355,5.73289719626168,-2.93869158878505,FALSE,mid,FALSE
678368,2024,"Bellozo, Valente",152,65,37.8116827936267,10.5466578717868,-8.55544560541675,8.06861313868613,2028.86184210526,-0.534380238009644,2.37250358957114,13.9476008399262,33.8140625,5.81375,-1.45921875,FALSE,mid,FALSE
669438,2025,"Englert, Mason",245,129,28.6435730765222,17.1987895243384,-3.23769344792076,6.41334094476952,2112.95510204082,2.29544779461656,2.33574167823282,-17.5534476585812,39.4090909090909,5.80598484848485,-1.36363636363636,FALSE,mid,FALSE
592094,2026,"Adam, Jason",177,88,21.3239904277382,14.9654626148477,-4.84659051524768,5.28501479687921,2055.42372881356,-0.801912314500638,2.31795983995112,-2.73556558671491,32.656976744186,6.21593023255814,-1.13872093023256,FALSE,mid,FALSE
656641,2025,"Latz, Jacob",314,168,25.7234913987269,11.6894727245706,2.84039219012033,9.5181709981868,1981.74203821656,-1.65633345417951,2.30780137901323,4.26716479980236,47.1514792899408,5.83721893491125,1.99721893491124,TRUE,HIGH,FALSE
605540,2025,"Woodruff, Brandon",170,99,22.1619054643092,11.650232960024,-8.77044490716371,9.46486486486486,1907.97647058824,4.76649005944913,2.2872056160229,12.9643390109802,41.6061855670103,5.86835051546392,-1.52226804123711,FALSE,mid,FALSE
696136,2024,"Wicks, Jordan",220,117,28.2633941217757,12.6253903631319,4.68207986004762,10.3177840909091,1513.38181818182,0.150906284452432,2.25640354920939,0.298130279767968,49.9027272727273,5.91854545454546,2.21909090909091,TRUE,HIGH,FALSE
571948,2024,"Milner, Hoby",143,63,18.7856393993709,4.27774517988203,-3.08456926012212,7.67646416083916,1707.51748251748,0.654318854404905,2.25441428067601,13.9696213877473,-7.05,4.078,4.339,FALSE,low,FALSE
668941,2024,"Romero, JoJo",157,84,20.729463468462,11.5774131978438,1.88774223313229,9.16945474907259,1575.4076433121,-2.50381612594539,2.25283598449493,-12.5040863571178,32.9974683544304,5.45189873417722,1.69455696202532,FALSE,mid,FALSE
700249,2024,"Povich, Cade",151,81,11.6838616471068,10.2544673681358,3.20104660609389,6.28595113846442,1717.76158940397,-1.65254114802435,2.24666427341467,-11.7186697410714,37.4271604938271,5.69604938271605,1.92444444444444,FALSE,mid,FALSE
543475,2023,"Lyles, Jordan",194,86,21.6494981293498,11.136243711291,-6.17586810390156,5.99930487927735,1705.95360824742,-0.11964122904511,2.2377189607381,-9.38277881069506,39.5869047619048,5.8075,-1.79333333333333,FALSE,mid,FALSE
665795,2026,"Cabrera, Edward",367,217,15.1523863753187,10.7928084407436,-4.34322796227048,3.24801277835197,1740.56130790191,-0.283584826063512,2.16665965302738,-3.31997318052824,32.6719047619048,5.91438095238095,-1.26423809523809,FALSE,mid,FALSE
608334,2024,"Fulmer, Carson",397,196,22.8844194490044,14.1007071095087,-5.18418350014634,5.36054691624308,1412.91687657431,0.0122400048557532,2.16640450614818,2.52979584652885,37.1795811518325,5.64324607329843,-2.56031413612565,FALSE,mid,FALSE
676760,2024,"Marinaccio, Ron",129,61,43.8819797447274,16.1546078366006,-0.130070572018726,11.3564155964364,2096.47286821705,-2.99903166263801,2.14992156561393,-5.50870409479213,32.4866666666667,5.26666666666667,-2.89933333333333,FALSE,mid,FALSE
676395,2025,"Garcia, Robert",273,145,13.5170806704685,13.1270243690115,3.89532052616929,5.50711597271231,1686.90476190476,0.769788396446956,2.09743364345572,0.274057353636322,24.987323943662,5.61373239436619,3.79218309859155,FALSE,low,FALSE
642207,2026,"Williams, Devin",320,181,47.0058972348458,17.6474226590659,-3.7895844891228,10.0089930555556,2610.765625,-1.38237262679907,2.073155295145,-9.83740462373756,13.4230337078652,5.13983146067416,-2.41926966292135,FALSE,low,FALSE
656222,2025,"Beeks, Jalen",345,165,20.0052333783121,7.23159598496192,7.81561017232508,5.55158514492753,2133.68985507246,3.52506064300067,2.02059403361655,17.734805300585,46.624375,5.99375,1.0766875,TRUE,HIGH,FALSE
623211,2026,"Brazobán, Huascar",312,160,9.34462720401042,5.53580252406664,3.36754128039514,5.36788397595754,2046.45512820513,1.60874209208564,1.97926708093229,-3.7066586346715,39.7584905660377,6.05616352201258,-1.36,FALSE,mid,FALSE
642232,2026,"Yarbrough, Ryan",148,91,30.1341125689229,11.2595793751532,0.348235336081786,9.65355394764844,1953.02702702703,-0.0464026342030296,1.97101113081002,-15.1107800465136,18.3166666666667,5.19411111111111,3.03533333333333,FALSE,low,FALSE
682608,2026,"Gray, Peyton",283,154,24.0098758387824,13.7915704113469,-1.09994934573114,9.6361501175667,1798.65371024735,-0.0350010155760069,1.97057909207186,-8.87275037267649,37.8198630136986,5.53698630136987,-3.0172602739726,FALSE,mid,FALSE
686799,2026,"Kochanowicz, Jack",257,135,10.2824923885028,14.7241630227071,-2.25520556038408,6.20316048598428,2166.84046692607,-1.61204901570503,1.96925297395195,0.901409740254513,36.3933333333334,6.15148148148148,-1.43051851851852,FALSE,mid,FALSE
641927,2026,"Ober, Bailey",479,238,34.8588041982177,10.2075774507364,-8.49896535955795,5.41678157013157,2055.83924843424,-0.442975030330879,1.95163394300597,1.30320943784157,28.5802752293578,5.9566513761468,-1.4194495412844,FALSE,low,FALSE
695076,2026,"Lowder, Rhett",283,125,30.285330054119,14.0712240574285,-4.39526914859082,7.09931200711394,1949.57243816254,-1.13167312830425,1.90932403419957,-7.71370391568733,24.4154545454546,5.40927272727273,-2.63218181818182,FALSE,low,FALSE
594798,2025,"deGrom, Jacob",295,137,15.9631026101786,16.8749633374387,-2.87029157109341,7.66534060329402,1665.96949152542,-0.168173597734706,1.83185262885632,8.13162443844632,32.5204545454546,5.46015151515152,-1.25954545454546,FALSE,mid,FALSE
681857,2025,"Olson, Reese",283,145,22.5294744240687,15.7104649192486,-3.03256597089962,6.52545111896349,1959.81978798587,0.635295648232406,1.80200526937889,-4.76939258470287,35.3587096774194,5.92651612903226,-2.83122580645161,FALSE,mid,FALSE
571510,2025,"Boyd, Matthew",650,362,8.03286950436549,9.57892397865826,-2.62839592446082,14.5985152776126,1817.77846153846,0.966959352653681,1.79376385871084,0.64476107102466,29.3456338028169,5.54222535211267,2.28419718309859,FALSE,low,FALSE
657277,2025,"Webb, Logan",792,449,33.0073056434925,15.7589630499706,1.7123307793224,6.27878494244774,1501.93181818182,0.465829444668581,1.7155496806797,0.631494219307602,19.2710045662101,4.87442922374429,-2.01260273972603,FALSE,low,FALSE
628452,2023,"Iglesias, Raisel",163,93,21.7396215788757,11.7249493912058,-5.24517325557889,5.90178284679047,1934.33128834356,-0.114352810024488,1.70037059573883,-5.49247675894121,30.41,5.35444444444444,-1.83633333333333,FALSE,low,FALSE
677161,2024,"Kelly, Zack",200,92,48.3369295951005,16.9164454551456,-3.62012600321752,12.9499125874126,2177.115,-0.476424689161521,1.6896453988523,-8.06926098319582,33.4472527472528,5.30923076923077,-2.91153846153846,FALSE,mid,FALSE
605483,2023,"Snell, Blake",279,143,23.7277597719375,11.1029286948582,6.54318943105046,9.57956989247312,1756.02150537634,0.288082548145568,1.66811446395625,1.71638942550032,53.130534351145,6.41343511450381,2.34519083969466,TRUE,HIGH,FALSE
691951,2026,"Aldegheri, Sam",189,105,53.0196431626261,9.62090995213495,4.53830826840938,11.8468915343915,1881.93650793651,0.186698542303437,1.6390166914856,-4.31801662027051,37.2057142857143,5.93942857142857,1.5792380952381,FALSE,mid,FALSE
650633,2026,"King, Michael",574,324,28.6080516513643,12.2680668691102,-6.75902187044636,7.74905959358597,1869.30487804878,1.72605778231237,1.62940831288843,3.81169247645643,18.8461538461539,5.20996655518395,-3.30795986622073,FALSE,low,FALSE
678394,2023,"Bello, Brayan",330,173,22.2321724828127,11.0336140384851,-3.21313665087903,9.48316569954868,1748.32121212121,0.47733939051643,1.60857362355434,0.0152494967706693,26.9753086419753,5.12975308641975,-1.98907407407407,FALSE,low,FALSE
678692,2025,"Henriquez, Ronny",192,74,33.4532181326233,17.1344294287861,-10.1060463913162,4.96053662536444,1604.3125,-0.565417209672318,1.59092635566298,-3.6841301880986,34.5902777777778,5.16305555555555,-2.64527777777778,FALSE,mid,FALSE
669203,2023,"Burnes, Corbin",129,66,18.1661069869698,2.99961648663452,-1.83049049062212,5.81040345313601,2063.33333333333,1.11982775754362,1.54973117513021,-1.78374631607823,39.4546875,5.685,-0.7275,FALSE,mid,FALSE
596133,2026,"Weaver, Luke",214,132,15.0676897070847,15.8734970990909,-5.14969217862533,7.31912155504465,1895.67289719626,2.00655772869214,1.54620470443605,-10.3597181951948,45.5044444444444,5.5162962962963,-1.49711111111111,TRUE,HIGH,FALSE
686973,2026,"Varland, Louis",147,81,17.3761855314259,17.3264307773707,-3.30221181192223,5.66714285714285,1714.28571428571,3.2428053209318,1.51226995996105,7.29545947237537,36.4545454545454,5.30922077922078,-3.00506493506493,FALSE,mid,FALSE
642232,2023,"Yarbrough, Ryan",154,83,25.6142064178431,6.48492202024474,-1.09445045357653,8.69196428571429,1920.14935064935,-1.99793346169194,1.44168507711396,-5.74180185448101,20.605,5.25075,3.049,FALSE,low,FALSE
687562,2026,"Bennett, Jake",227,132,15.4722131297349,7.59512096224398,-2.5740793353897,9.48571941052389,1980.7268722467,3.36435188958025,1.43838480744622,-0.178136457012492,34.2671755725191,5.72396946564885,2.94931297709924,FALSE,mid,FALSE
500779,2023,"Quintana, Jose",223,108,23.7123985993664,9.16501736658905,8.51581595563262,4.33030704825469,1319.47533632287,-0.374712326768146,1.4261139811525,10.8404021303801,43.3,5.77365384615385,2.25682692307692,FALSE,mid,FALSE
656578,2023,"Jackson, Andre",182,108,33.9427757664517,11.8754463047695,-2.25316804736922,7.81452460582896,1785.06593406593,-0.718901410146735,1.4179002476968,-4.36633542691179,51.2233644859813,6.01345794392523,-1.9214953271028,TRUE,HIGH,FALSE
680570,2026,"Rodriguez, Grayson",193,88,31.7866651271798,13.5775340828787,3.87640468730046,13.2245924428156,1761.37305699482,0.208948662706196,1.41044630665124,-0.394953503715326,36.4963855421687,5.61469879518072,-2.50361445783132,FALSE,mid,FALSE
689672,2024,"Thorpe, Drew",256,140,19.6515952523255,5.13978841408324,-5.59040398909802,9.37770743534483,2113.59765625,1.77478551364421,1.38434320011483,-4.04427294248219,51.7051094890511,6.05824817518248,-1.17386861313869,TRUE,HIGH,FALSE
681347,2026,"Burrows, Mike",424,226,22.7482053503094,12.688935659318,-3.91485005654164,8.2822812460428,1482.84669811321,0.365297338222874,1.34787361837002,1.0594093160353,39.5218181818182,5.94581818181818,-2.21959090909091,FALSE,mid,FALSE
608379,2024,"Wacha, Michael",839,472,34.3592511499344,15.0801994714706,-3.06807161223781,12.3862393152307,1549.35280095352,0.359964975963518,1.34347200453372,0.130467406602017,53.4329646017699,6.61449115044247,-1.61564159292036,TRUE,HIGH,FALSE
666200,2025,"Luzardo, Jesús",520,290,15.2294514084594,9.07963479759015,1.31258140636002,8.63204936281284,1930.25961538462,0.410596362987864,1.26334461857599,-0.354022742103829,32.1582456140351,5.77112280701754,2.43533333333333,FALSE,mid,FALSE
676282,2024,"Cantillo, Joey",196,87,30.4009329598289,9.09043097863397,1.66117253168555,14.3716270658119,1513.21428571429,0.153367138284946,1.21541187229697,24.7579347884482,53.5047058823529,5.94435294117647,0.227529411764706,TRUE,HIGH,FALSE
640455,2024,"Manaea, Sean",337,176,6.95873053045803,7.29749502364072,-2.27927721520191,6.94198525273714,1502.3056379822,0.512642647164093,1.20974172865919,5.51414019183389,23.4272189349112,5.55757396449704,2.97994082840237,FALSE,low,FALSE
664285,2025,"Valdez, Framber",517,262,13.2596025644335,5.69309092813209,-2.63265490140847,4.41176984788208,1707.84332688588,-0.624237020065432,1.20841883011264,2.09500435307077,41.0708661417323,5.94094488188976,0.77255905511811,FALSE,mid,FALSE
623454,2026,"Anderson, Drew",331,174,39.8702305572107,19.9341606485872,-3.25412527912543,5.50232259620158,1482.51963746224,-1.89104684497755,1.17809491353273,-9.92212666014717,40.0625,5.66940476190476,-2.16077380952381,FALSE,mid,FALSE
694813,2024,"Stone, Gavin",574,312,25.5553510498527,12.662165198316,-3.27944568788931,7.41998980351435,1665.06620209059,1.19156187985049,1.17400597917367,-8.13208322052435,46.6650684931507,5.62123287671232,-1.96047945205479,TRUE,HIGH,FALSE
693433,2024,"Woo, Bryan",161,82,14.0815960529561,12.1769250666776,-6.19315110350866,5.22810243623707,1927.99378881988,0.47240108697803,1.14244261982762,4.37175578907361,26.5024691358025,4.99444444444445,-1.46407407407407,FALSE,low,FALSE
518876,2024,"Kelly, Merrill",239,124,17.2929927576582,13.6969177096924,-4.90273213344433,3.48705981647422,2174.61506276151,3.88577608308782,1.12947472946966,6.72458239016128,26.0294117647059,5.53235294117647,-1.82361344537815,FALSE,low,FALSE
663158,2026,"Suarez, Robert",148,88,27.4192803777956,13.027638360258,-8.83301357379103,8.02929864253394,1862.02702702703,1.99913780204343,0.998121443131989,8.40900259828545,41.5386363636364,6.01409090909091,-1.74806818181818,FALSE,mid,FALSE
686752,2023,"Pepiot, Ryan",227,132,40.2938967617447,14.6589260135384,-5.00917597310177,7.64713257117,2383.35682819383,-0.277668038659439,0.979144916530119,5.80212416320542,38.6234375,6.005625,-1.404375,FALSE,mid,FALSE
628452,2024,"Iglesias, Raisel",285,181,21.8535107270653,12.3838376529779,-6.62200915553359,6.02136591478697,2044.31228070175,2.33857863099329,0.950646491414424,7.23656026693048,32.4242937853107,5.49033898305085,-1.78463276836158,FALSE,mid,FALSE
605400,2023,"Nola, Aaron",168,89,26.052451651403,12.3675815174266,0.0304166990429602,6.84689667128988,1576.56547619048,0.293749416263034,0.801077663868043,-6.81669885522616,17.8275862068966,4.95459770114943,-2.19712643678161,FALSE,low,FALSE
829272,2025,"Ogasawara, Shinnosuke",150,79,18.0659366852138,10.3902344435136,4.30355918780273,10.435938697318,1589.66666666667,-1.08008569333659,0.793580789131738,1.86291892887899,46.9454545454545,5.69519480519481,1.58337662337662,TRUE,HIGH,FALSE
471911,2024,"Carrasco, Carlos",392,200,15.8190969199989,8.79017892251507,-2.85971996722455,4.89221104329582,1341.79081632653,-0.663034483994611,0.75268571255893,-0.347178791346873,34.1248677248677,5.86952380952381,-1.36809523809524,FALSE,mid,FALSE
806185,2024,"Birdsong, Hayden",256,110,48.0406972955684,20.0859144568256,0.351589740128011,7.70258544527464,1248.12890625,-0.703583577028496,0.75127688750397,13.6537939686754,37.8304761904762,6.16095238095238,-1.346,FALSE,mid,FALSE
668941,2025,"Romero, JoJo",223,100,20.3938750316063,13.0098294370479,1.13667601174455,6.98602264954018,1387.20627802691,0.517063930437708,0.736092789889556,5.52292377099339,32.4135416666667,5.44604166666667,1.87229166666667,FALSE,mid,FALSE
642232,2024,"Yarbrough, Ryan",232,131,26.9772297695036,6.93875746029356,-2.54642143726213,9.38420787247885,1871.0775862069,1.07010539270112,0.697259339099306,1.32193555707612,12.4992125984252,4.95015748031496,3.19629921259843,FALSE,low,FALSE
683004,2025,"Leiter, Jack",424,181,15.6306356899706,16.9193076386978,-4.05707617398933,6.59862920098769,1522.1179245283,0.247247848022436,0.690942827948294,3.02048199932146,43.6134078212291,5.57597765363128,-1.60435754189944,FALSE,mid,FALSE
607259,2025,"Martinez, Nick",510,253,43.1481884495415,14.9577075718287,-2.36438648072458,14.1035511982571,2010.39803921569,-0.785168748883295,0.656222249437393,-4.9854582785492,60.5692307692308,6.29898785425102,-1.48931174089069,TRUE,HIGH,FALSE
605483,2024,"Snell, Blake",311,166,24.3063079229987,11.8517349644672,5.32649217188298,10.3936161296513,1815.95498392283,-0.975454809653933,0.645396685348118,9.36297875300519,53.6617834394905,6.49229299363058,2.19866242038216,TRUE,HIGH,FALSE
502624,2023,"Anderson, Chase",149,67,27.9364545560018,4.71072106230275,-6.93018915941752,9.08493266367395,2300.61073825503,3.90756672459705,0.597800986786218,-8.39301199863099,40.8373134328358,5.72761194029851,-1.53641791044776,FALSE,mid,FALSE
669165,2026,"Hurt, Kyle",180,104,41.5386307405299,15.7990553137069,-3.25939135173238,7.91321428571428,1340.41111111111,0.87108997637017,0.584826198781523,3.02443559556917,42.2009708737864,5.71203883495145,-1.11349514563107,FALSE,mid,FALSE
660604,2026,"Rangel, Alan",152,92,21.9222761682574,10.8752385643825,-4.14436679171066,12.2208431109621,2022.02631578947,-1.65802140354515,0.559644392423488,13.9638128271711,71.4318681318681,6.25043956043956,0.531978021978022,TRUE,HIGH,FALSE
607074,2025,"Rodón, Carlos",519,274,9.91906290397177,15.9432766184563,-0.76501692721581,9.12701139283548,1649.74373795761,1.27020613024989,0.543148508869047,0.131689191050479,43.4762264150943,6.27249056603773,2.37433962264151,FALSE,mid,FALSE
571656,2024,"Farmer, Buck",245,135,23.359119098763,14.9667897072695,-1.27316396040399,5.89822328931572,1792.02040816327,-1.00073907414368,0.532633174902849,-4.59077072914889,29.0921875,5.671484375,-1.274765625,FALSE,low,FALSE
607200,2026,"Fedde, Erick",212,72,22.218994874113,5.53554305554235,-0.379022893120112,5.19794494649677,1842.77830188679,-2.16632134816627,0.497648856869651,-2.49261923404853,30.812676056338,5.81267605633803,-1.52014084507042,FALSE,mid,FALSE
676272,2023,"Miller, Bobby",195,94,28.5328372726642,11.6534409803908,-6.31905467623723,11.2680493346316,2313.93846153846,-0.100967070385317,0.44506410655489,5.11786909273842,45.9362637362638,5.91197802197802,-1.50241758241758,TRUE,HIGH,FALSE
669854,2024,"Blanco, Ronel",608,312,33.563403835964,14.9667871197746,-3.95975001663615,8.25199036542779,1484.86677631579,-0.0998952269560226,0.433685184496689,-0.272856796300996,46.5205128205128,6.0869597069597,-0.882893772893773,TRUE,HIGH,FALSE
543243,2025,"Gray, Sonny",229,90,20.0312055297081,4.5050905831158,-13.7829085614152,5.52187854479133,1859.81222707424,-0.578605638019186,0.430531946629166,-3.34643598862343,42.5930232558139,5.37441860465116,-1.00453488372093,FALSE,mid,FALSE
683155,2024,"Estes, Joey",222,101,17.7195947033978,9.65064129778697,-2.4005023525945,7.661526155607,1655.09009009009,-2.49735333840941,0.401627325491076,-6.28848511743943,40.3278350515464,5.84422680412371,-1.97938144329897,FALSE,mid,FALSE
650911,2023,"Sánchez, Cristopher",376,206,15.624470349468,6.24333996345149,-4.73283697495786,10.1762855520119,1887.14361702128,0.553745305442526,0.397152644566022,11.6041540188716,25.857,5.97155,1.9948,FALSE,low,FALSE
672851,2023,"Adon, Joan",134,60,15.1478363021217,10.3259429575351,-4.6471942164536,6.45108124151967,2024.10447761194,1.45118966810879,0.383183601319454,21.9584262484325,31.5844827586207,5.73706896551724,-2.09034482758621,FALSE,mid,FALSE
593974,2025,"Peralta, Wandy",393,222,7.78963363829902,5.60806870764515,-2.04254798471746,6.45026427736352,2172.99491094148,0.02037593200475,0.34677721632207,10.7100264585236,41.7241706161137,5.90440758293839,0.733838862559242,FALSE,mid,FALSE
701656,2025,"Henderson, Logan",164,85,38.0077088761234,13.7495124202184,-3.44894148083215,11.0875,2503.91463414634,1.57851344647671,0.343761058444163,-3.92859611189714,31.6125,5.176125,-1.45975,FALSE,mid,FALSE
502043,2023,"Gibson, Kyle",196,114,14.5993990577162,12.8771444966363,-6.66152847975545,6.15714285714286,1657.27040816327,-2.44439569404026,0.332272635114326,-0.0835201133677802,42.3378378378378,6.23108108108108,-2.21171171171171,FALSE,mid,FALSE
669211,2025,"Akin, Keegan",211,118,21.8655336655971,10.2268318388123,2.30811202517129,7.13542894050082,2067.02843601896,2.12811158880995,0.321239448341451,1.63578399009251,36.6754385964912,5.74780701754386,1.90043859649123,FALSE,mid,FALSE
605288,2024,"Houser, Adrian",135,67,17.6737565061347,13.1262775048163,-2.66541621825095,9.57604288499025,1540.56296296296,-1.14674465495553,0.320548375612788,-7.79068257241193,38.5646153846154,5.81107692307692,-1.46553846153846,FALSE,mid,FALSE
650633,2025,"King, Michael",261,150,30.7050066957748,13.3364123063427,-9.46239415851469,6.93544641820504,2014.25287356322,1.9408743099609,0.284346849592607,-7.23253626391127,19.8770833333333,5.27652777777778,-3.22854166666667,FALSE,low,FALSE
519242,2025,"Sale, Chris",154,77,17.7312257358411,10.4040490971836,-1.60751248282615,7.99826993337631,1831.32467532468,-1.29842502830527,0.226805529063535,7.59922545886911,4.17972972972973,4.59837837837838,3.15783783783784,FALSE,low,FALSE
686730,2024,"Spiers, Carson",188,91,32.6795762031591,11.2639792258019,-6.89120160107804,5.66776687652222,1658.46808510638,-6.28995983778601,0.222684809808703,-2.40979202869832,27.967816091954,5.25735632183908,-1.65471264367816,FALSE,low,FALSE
660761,2026,"Suarez, José",236,140,17.8519146603288,14.9512560602481,2.55810046242017,9.7396694214876,1612.0593220339,0.428002244663083,0.190912484262518,-4.24405951257391,42.8728682170543,5.73697674418605,1.66023255813953,FALSE,mid,FALSE
608331,2024,"Fried, Max",377,195,31.9055557716708,8.15174493264393,10.854148770028,8.12366719796363,1420.71883289125,1.45793423666876,0.149461692763105,14.1617497498165,40.7613756613756,5.66867724867725,1.65640211640212,FALSE,mid,FALSE
592454,2025,"Kahnle, Tommy",877,398,44.7851940482062,16.9380305600775,-3.76687302216122,6.818126056698,1281.50855188141,0.67434294260952,0.12787841806182,-3.57246884223074,30.9855263157895,5.48963157894737,-2.26931578947368,FALSE,mid,FALSE
579328,2025,"Kikuchi, Yusei",376,183,6.45546315510728,10.9590639131472,1.24272924170828,9.24176688251619,1542.43085106383,0.999917731124118,0.112735777217519,-4.11250049133913,39.1734806629834,5.44950276243094,2.29049723756906,FALSE,mid,FALSE
686613,2024,"Brown, Hunter",354,150,21.9030317089267,11.1242497045094,-7.49284636164469,7.59856074703683,1462.63276836158,1.04975600344217,0.104009149333067,9.98680821265939,50.231724137931,6.06062068965517,-1.82241379310345,TRUE,HIGH,FALSE
664353,2023,"Urquidy, José",131,74,33.4393001104399,10.1618393378553,-7.22523765818356,7.26392049546306,2119.65648854962,4.27779766031224,0.0674624864180714,19.3818268141931,52.0528571428572,6.05357142857143,-1.46385714285714,TRUE,HIGH,FALSE
608337,2023,"Giolito, Lucas",485,258,19.5466440646494,10.1271356474989,-4.16242060836139,12.1792779414171,1569.2206185567,-0.424447984227985,0.0524864917990253,-0.895399835934558,49.5648979591837,6.31669387755102,-1.31257142857143,TRUE,HIGH,FALSE
605288,2026,"Houser, Adrian",231,130,14.8077216321009,12.4991406293268,-1.74707694643897,10.2741647665312,1543.99567099567,-0.879757183989542,0.0236831281439735,10.2030394388354,35.852380952381,5.72992063492063,-1.51460317460317,FALSE,mid,FALSE
691587,2026,"Pérez, Eury",159,69,17.5178660626788,11.1118485778443,-0.715304855807609,8.26152433925909,1647.06918238994,-0.949210528229509,-0.0677941280474734,3.01396391991039,32.16875,5.97234375,-1.8415625,FALSE,mid,FALSE
663776,2024,"Sandoval, Patrick",409,213,36.4757867432907,9.08312529107512,4.23947028317921,10.7751940044648,1698.99511002445,0.242354279196993,-0.083870994935835,-2.51842463281645,50.0846534653465,5.9600495049505,1.05950495049505,TRUE,HIGH,FALSE
542881,2025,"Anderson, Tyler",795,416,19.0605211891324,9.73591797607269,2.86830885232999,10.6121827847816,1916.38113207547,-0.429809357612775,-0.0860272081808522,-1.31438460618341,59.2002469135803,6.46646913580247,1.2963950617284,TRUE,HIGH,FALSE
605182,2023,"Clevinger, Mike",179,93,23.5608734234165,10.9049278507157,-4.55386340520048,8.71766969573453,1536.16201117318,2.48964281677958,-0.103542840802808,1.31082743071045,47.0421686746988,5.76277108433735,-1.51,TRUE,HIGH,FALSE
663556,2026,"McClanahan, Shane",451,230,32.4935761975479,13.9223430172318,3.98014381796804,8.66452480551047,1552.27937915743,1.41161102716789,-0.10614256762593,0.1008218640473,38.5339449541284,6.1756880733945,0.75197247706422,FALSE,mid,FALSE
518876,2025,"Kelly, Merrill",767,453,14.9172128971174,14.7896336325706,-4.40021615248686,3.51103854673995,2158.7666232073,0.0944366197203067,-0.133050811163342,0.00890833421534738,24.6145785876993,5.50767653758544,-1.86637813211845,FALSE,low,FALSE
666200,2023,"Luzardo, Jesús",260,128,14.2906798906268,9.49959836857531,-1.20963804388391,8.39093341441168,1950.51538461538,-1.16599648658998,-0.165465392327296,-4.66612617797446,34.7547619047619,5.78095238095238,2.30373015873016,FALSE,mid,FALSE
623211,2025,"Brazobán, Huascar",385,202,10.5442020114936,14.2082951796148,-3.6655224494201,5.70181818181819,1990.22597402597,-0.669972760011892,-0.17706492215645,-4.11015031725127,36.938578680203,5.90568527918782,-1.64710659898477,FALSE,mid,FALSE
434378,2025,"Verlander, Justin",222,101,21.8099714605329,12.0076705021392,-1.52463485691563,9.24249096812548,1728.88738738739,1.60962507674575,-0.215784051524854,-5.06113294322613,51.6356435643564,7.06683168316832,-1.96861386138614,TRUE,HIGH,FALSE
624133,2025,"Suarez, Ranger",464,264,15.7173114845795,9.23048001547024,1.68020338258383,11.8236579153605,1284.81465517241,1.27511512704214,-0.246410555020834,-0.201908724714697,36.9631782945736,5.76841085271317,2.09709302325581,FALSE,mid,FALSE
608718,2025,"Suter, Brent",251,110,24.749078789771,5.01550139494262,9.86179322710393,10.5591493897023,1687.96015936255,-1.86947120782332,-0.247452980187393,1.76651172131649,48.122641509434,6.09971698113208,3.40396226415094,TRUE,HIGH,FALSE
660853,2025,"De Los Santos, Enyel",168,93,7.66173209687765,7.13536889920054,-2.90447600666592,8.53255291005291,1914.19642857143,-0.817439451995531,-0.247767909586221,5.52454800772889,27.8395604395605,5.56340659340659,-2.01351648351648,FALSE,low,FALSE
656876,2026,"Rasmussen, Drew",213,105,38.7946803427629,16.536661465975,-7.18323905145576,5.94870693085064,1204.93427230047,2.30078717714464,-0.250528509045101,8.65030395281005,50.3567307692308,5.77846153846154,-1.89163461538462,TRUE,HIGH,FALSE
519043,2024,"Moore, Matt",271,142,31.5583500214724,11.8341344180362,2.88389790838036,9.95595547758756,1923.85977859779,-1.34304974573404,-0.258638940708505,-6.47720222135152,45.7022388059701,6.41582089552239,0.872686567164179,TRUE,HIGH,FALSE
518876,2026,"Kelly, Merrill",467,267,15.888514294046,14.5608761180595,-4.23589489536679,3.6695309052567,2162.88008565311,0.0446908719841379,-0.299175888484886,-9.63242430752526,24.4594594594595,5.43822393822395,-1.84957528957529,FALSE,low,FALSE
666974,2025,"Cano, Yennier",123,66,8.90636376834098,5.05925480763202,-3.03599934069245,3.06901215914813,1849.80487804878,-4.85911410108601,-0.306341165990404,-17.95022598121,20.7738461538462,5.67630769230769,-2.36907692307692,FALSE,low,FALSE
663947,2023,"Holton, Tyler",117,71,41.8081946507087,13.4505528018904,7.21187213630916,8.98190170940172,1647.46153846154,-0.312428755064222,-0.323063269542196,-1.29232300210169,40.6197183098592,5.6212676056338,1.37845070422535,FALSE,mid,FALSE
605288,2025,"Houser, Adrian",289,151,15.6560816148223,12.2641627983181,-2.12300023899187,9.40578104055613,1612.62629757785,-0.455395763009132,-0.341472186987203,-13.3014437779739,34.7855172413793,5.67455172413793,-1.41165517241379,FALSE,mid,FALSE
800048,2026,"Messick, Parker",447,249,29.2219289409465,16.2462839389347,7.53630270554323,8.34286067875672,1844.17225950783,-0.664228775784989,-0.367076546359177,-3.6937332157477,38.3396694214876,5.39301652892562,1.20487603305785,FALSE,mid,FALSE
669432,2025,"Rogers, Trevor",407,238,14.3978495183134,14.740243190822,0.165437432418587,6.79761208919104,1480.36363636364,1.24796329340617,-0.372437881191514,11.0999982048937,21.8995652173913,5.73065217391305,2.10791304347826,FALSE,low,FALSE
676083,2026,"Junk, Janson",222,101,30.170674425501,18.6474290356006,-6.93669067426602,6.93409047345218,1393,-0.292941836447251,-0.420520149695224,14.8503429848548,40.6452631578947,5.54494736842105,-1.18231578947368,FALSE,mid,FALSE
598286,2023,"Ramirez, Nick",97,66,11.8337600260488,-1.14901627081926,-3.94715125462489,9.9873369218137,1602.27835051546,4.3062336236246,-0.428516404509833,0.781572297649288,34.575,5.91640625,3.22984375,FALSE,mid,FALSE
607536,2026,"Freeland, Kyle",231,123,16.1633114623055,9.46987711860448,4.01178112678508,5.07893531589183,1640.90476190476,-1.91581562153791,-0.457541034704001,-1.31079627318578,32.2231404958677,5.84859504132231,2.6098347107438,FALSE,mid,FALSE
571760,2024,"Heaney, Andrew",462,272,13.6904712726064,9.06243115680512,-1.79022000624355,7.87459374796058,2105.42424242424,0.683146182461105,-0.499625615729106,0.924725277243228,30.4772388059702,5.0505223880597,2.95522388059701,FALSE,low,FALSE
596001,2025,"Junis, Jakob",205,111,12.5308778161228,11.1450515610812,-5.79291976445344,4.82227820959528,1313.28292682927,3.42978077105302,-0.520169830576652,-1.4252727198254,28.1945945945946,5.62567567567568,-2.01162162162162,FALSE,low,FALSE
669212,2023,"Morgan, Eli",184,101,50.0688631926726,15.7481113907777,-4.0422847201684,13.7822082379863,2022.72826086957,-1.72534918526836,-0.562520453936138,-3.10196773478461,46.365306122449,5.61428571428571,-0.544489795918367,TRUE,HIGH,FALSE
548389,2023,"Stripling, Ross",192,119,19.148571757829,8.02673822219082,-2.47336527612857,9.68992860486892,1703.25,-1.2740102389719,-0.574962084418875,-3.35934419923861,64.0269565217391,6.932,-1.044,TRUE,HIGH,FALSE
669084,2024,"Hall, DL",160,75,21.5616272661028,6.65102228506458,6.3512560905148,8.60597934472935,2078.66875,-0.427262485075359,-0.586900414185301,2.14868261960677,42.3777777777778,5.48611111111111,2.90013888888889,FALSE,mid,FALSE
663158,2023,"Suarez, Robert",151,72,22.4103588414723,12.681344266235,-7.31795669498526,8.09161789619591,1815.84768211921,1.0799271184055,-0.603434942393685,-5.46041123893462,42.9725806451613,6.05629032258065,-1.39677419354839,FALSE,mid,FALSE
623437,2025,"Topa, Justin",147,71,17.769067806575,5.25835457875521,7.31055824779239,7.02171802818548,1843.10204081633,-1.03513849277522,-0.635578257350038,-4.5411118237223,10.9657142857143,4.98314285714286,-2.48985714285714,FALSE,low,FALSE
471911,2025,"Carrasco, Carlos",166,88,19.026679483848,10.9105162546141,-0.933836733383087,6.59820020824036,1233.27710843373,1.97386859838975,-0.647661355730405,-12.6066888472295,32.6563218390805,5.85333333333333,-1.37620689655172,FALSE,mid,FALSE
605483,2025,"Snell, Blake",243,131,25.5045727736368,10.8190218861016,6.31245960081634,9.65038855820106,1793.12757201646,1.07320650764234,-0.659999879341759,14.7551170707759,52.7417322834646,6.39291338582677,2.18952755905512,TRUE,HIGH,FALSE
592791,2026,"Taillon, Jameson",211,112,24.2631775372323,12.6728988543361,-7.72934927841371,7.32981242907683,1831.64928909953,-1.86020293449408,-0.669703280392765,-14.9403021268374,46.8909090909091,6.04872727272727,-1.25245454545455,TRUE,HIGH,FALSE
663947,2026,"Holton, Tyler",127,66,43.8632135765369,13.5378161240147,5.55798808695241,8.00296062992126,1418.40157480315,0.0281528644471003,-0.728688205673872,7.09775804330181,36.2640625,5.74484375,1.7778125,FALSE,mid,FALSE
669358,2025,"Baz, Shane",309,149,17.0064306818054,10.3420593745431,-4.4763773293518,7.67948317639981,2113.84466019417,0.0467384560966146,-0.730125526518695,12.7925559738761,35.4979865771812,5.7248322147651,-1.45208053691275,FALSE,mid,FALSE
686752,2025,"Pepiot, Ryan",655,356,48.6331891662162,19.0175010781691,-4.43712565980022,8.41491954211059,2505.96488549618,0.350412520883417,-0.75448515612844,2.54168896880654,38.1888579387187,5.94161559888579,-1.00991643454039,FALSE,mid,FALSE
678368,2025,"Bellozo, Valente",191,88,38.7186185847647,13.8866322090021,-9.53285363291368,9.30746486635437,2036.07853403141,-1.00977655955185,-0.770374106811899,13.13106809568,33.2523255813954,5.62593023255814,-1.64406976744186,FALSE,mid,FALSE
694297,2024,"Pfaadt, Brandon",315,154,17.4755782803847,12.4016824171536,-8.27767009766278,6.34202888172813,2073.6,0.256158882693905,-0.779077740756774,-1.16976910491071,24.3986486486487,5.33472972972973,-2.11114864864865,FALSE,low,FALSE
678394,2026,"Bello, Brayan",214,121,20.8921362377594,6.53142728791662,-8.1842891787786,6.27058534185932,1750.97196261682,0.153670175981254,-0.822248209684808,1.58824592687427,36.4059322033899,5.51584745762712,-1.86389830508474,FALSE,mid,FALSE
666200,2024,"Luzardo, Jesús",252,142,14.6954816477492,8.9427929386008,-0.227927716976772,8.82186035035776,1928.69444444444,1.11705645320246,-0.840688768255119,5.91353164024872,38.878125,5.964921875,2.41765625,FALSE,mid,FALSE
596001,2026,"Junis, Jakob",112,63,9.51589058082276,11.0784787907676,-7.41772355055338,5.60049603174603,1308.98214285714,-0.0268964706964165,-0.867760366943947,10.414021803749,31.8606557377049,5.72475409836065,-1.82409836065574,FALSE,mid,FALSE
666157,2025,"Lodolo, Nick",538,302,8.78578265970535,7.61045517125108,-2.5464682166507,6.01918005190433,1833.86059479554,0.604727168889038,-0.883249651892491,3.10451424152632,15.488813559322,5.37935593220339,3.67630508474576,FALSE,low,FALSE
594835,2024,"Gonzales, Marco",139,84,33.795597790188,11.7171637236116,1.61586408953995,9.53098047276465,2134.05035971223,-1.11152766392215,-0.892308708008352,8.59008979090497,30.4469135802469,5.16592592592593,2.11296296296296,FALSE,low,FALSE
593974,2023,"Peralta, Wandy",133,66,6.15480406034087,5.85736928608173,-2.0063134049236,7.19195418452674,2174.82706766917,0.924900968266581,-0.942257380047166,-5.35079544080153,38.1546875,5.73796875,0.77328125,FALSE,mid,FALSE
680767,2024,"Vodnik, Victor",219,105,33.4635931813935,16.2229459357291,-5.37877993716378,7.8129560825364,1828.47488584475,2.22237179447625,-0.989770475929498,12.1586855100957,31.6237623762376,4.93386138613861,-2.5309900990099,FALSE,mid,FALSE
656641,2024,"Latz, Jacob",185,108,25.0908673163771,10.0440219835058,5.47284845300997,8.99758101384967,2024.7027027027,-0.0753619676661272,-1.07513332623994,-1.28304440580543,48.9673076923077,5.86519230769231,1.83788461538462,TRUE,HIGH,FALSE
679525,2023,"Marsh, Alec",167,83,18.5689643082786,12.1407226190989,-3.52060570634416,7.14312507061348,1726.0119760479,-3.69647508427282,-1.0886207342275,3.13228160019482,32.6530864197531,5.5362962962963,-2.52604938271605,FALSE,mid,FALSE
702275,2026,"Ritchie, JR",158,86,19.5200165215126,15.0929838537153,-2.75907573453188,6.19101723349092,1691.51898734177,-2.75206320406076,-1.0957983243948,0.418517581200509,26.5096385542169,5.49361445783133,-1.95168674698795,FALSE,low,FALSE
690997,2026,"McLean, Nolan",135,72,28.6559935879311,18.0708470384146,1.56670014398093,7.92903634313471,1227.96296296296,-1.15688043688499,-1.16070378078715,-16.1413403139616,31.5716417910448,5.35850746268657,-3.73985074626866,FALSE,mid,FALSE
656849,2023,"Peterson, David",176,92,22.0356961857241,10.0793397572427,6.2823623738988,7.56828282828283,1651.30681818182,-2.92528392281266,-1.16274700933759,-7.764090857419,41.5307692307692,6.14582417582418,2.18450549450549,FALSE,mid,FALSE
693433,2025,"Woo, Bryan",191,88,12.4649412661815,11.6842610986233,-4.73989589652404,6.10677080784851,1826.71727748691,-0.174912589230136,-1.17543073857627,-6.72402990495501,24.0238636363637,4.95397727272727,-1.37852272727273,FALSE,low,FALSE
600921,2023,"Machado, Andrés",141,79,13.610050543574,12.8041040190555,-3.31174687529507,6.88780348915464,1748.33333333333,2.65540466967597,-1.18523235975,10.118739762483,30.3363636363636,5.18662337662338,-2.24012987012987,FALSE,low,FALSE
672282,2026,"Detmers, Reid",203,96,14.2573051313611,9.32173517538049,-0.00558583317324394,10.4574077817617,1641.039408867,-0.87870299198419,-1.18665965205869,11.901691828613,43.9258064516129,6.02290322580645,1.70623655913978,FALSE,mid,FALSE
605280,2025,"Holmes, Clay",434,232,24.40913447191,13.6703105174711,-4.21428693624689,5.11726873472923,1105.01152073733,0.261514982519466,-1.21684093458699,-1.05992579189483,42.2566820276498,6.39502304147466,-0.843456221198157,FALSE,mid,FALSE
500779,2026,"Quintana, Jose",144,64,28.8131227832767,9.89640148237247,7.54556910896645,4.63423202614379,1353.51388888889,-0.603321502621373,-1.2184410335257,-19.9401052539994,40.8698412698413,5.75650793650794,2.48333333333333,FALSE,mid,FALSE
608344,2024,"Irvin, Cole",227,133,15.078501736571,8.9569592136346,-0.165307040855286,6.84443465491924,1561.66960352423,-1.63739244035084,-1.2444590543845,-2.0230182629038,39.1123076923077,6.02776923076923,1.16738461538462,FALSE,mid,FALSE
702070,2026,"Cameron, Noah",402,195,20.4922096535606,9.93232663902046,3.63369761922266,11.5207069103227,1643.47512437811,0.0211781778764617,-1.25382022069848,1.60590145244682,48.1586592178771,6.2759217877095,1.5377094972067,TRUE,HIGH,FALSE
668678,2025,"Gallen, Zac",501,242,18.471405365777,14.6383683237636,-6.29538379072068,7.26069435596891,1517.50898203593,0.710302596896099,-1.25553005818631,8.76606464684664,35.7166666666667,5.82547008547009,-3.0648717948718,FALSE,mid,FALSE
607067,2026,"Rea, Colin",342,170,33.2422848726926,15.6606047814368,-1.96176460449014,6.05035537561853,1399.0730994152,1.49856450692573,-1.29284951045019,8.88147365702183,30.0335443037975,5.49158227848101,-1.60354430379747,FALSE,low,FALSE
677960,2026,"Weathers, Ryan",473,246,19.5942871655512,16.440628742157,-1.44676824846379,10.1044397463002,1932.82029598309,-0.0954570806131722,-1.32250220567139,7.33609454686845,32.7982456140351,5.4319298245614,2.72328947368421,FALSE,mid,FALSE
694297,2025,"Pfaadt, Brandon",457,239,17.8100014075259,12.6565950731879,-8.36925966099419,6.30794708573702,2114.00437636761,-0.822632392947615,-1.50715840769317,-2.47832613986459,22.8270742358079,5.3264192139738,-2.33270742358079,FALSE,low,FALSE
663465,2024,"Allard, Kolby",106,64,26.8530577314708,9.70124668377589,5.34358652470059,8.03428205948193,1591.47169811321,1.54851631259315,-1.54582888428028,6.72906751164608,46.6112903225806,5.66387096774194,1.87370967741935,TRUE,HIGH,FALSE
543294,2025,"Hendricks, Kyle",987,546,13.1989207017935,6.35182702371446,-2.92793654626021,7.04244634797826,2077.38905775076,0.689207175704299,-1.57316710965013,-6.23200281804496,43.6805243445693,6.14269662921348,-2.61674157303371,FALSE,mid,FALSE
641482,2024,"Cortes, Nestor",274,141,39.8221801763876,16.2497873263192,6.5077422615327,8.48766907669423,1406.01824817518,-1.23170959568076,-1.60021556493377,2.71526274925047,43.3343065693431,5.55175182481752,1.32445255474453,FALSE,mid,FALSE
605540,2023,"Woodruff, Brandon",169,85,20.4662979154962,12.3914481458578,-7.40796154075118,10.1062941673711,2003.84615384615,3.34609208165321,-1.66174377556913,5.39520004226178,41.2095238095238,5.74321428571428,-1.37761904761905,FALSE,mid,FALSE
641927,2025,"Ober, Bailey",680,380,35.3312884750657,11.5274417362188,-6.81061978087675,6.95891843971632,2028.77794117647,0.253910198413452,-1.67413456412107,-7.44614067766197,30.8534759358289,5.9764973262032,-1.45545454545455,FALSE,mid,FALSE
661563,2024,"Gil, Luis",663,272,23.0773698925645,14.3230077263557,-8.78641417067179,4.99292598901347,1721.05882352941,0.763319602214161,-1.69647862928824,-4.75399600561981,27.6254752851711,5.33220532319391,-2.98349809885932,FALSE,low,FALSE
686563,2024,"Cannon, Jonathan",379,197,18.808012004058,14.3809715740914,-2.26480234956447,8.51991819520827,1710.1635883905,-0.580596364189003,-1.69724949658827,-14.9328494490493,22.6621052631579,5.66342105263158,-2.35647368421053,FALSE,low,FALSE
642121,2025,"Sulser, Cole",151,81,19.6227984895494,16.0861767538589,-1.36664092685107,8.90615504479938,1652.92715231788,1.81571183716712,-1.70916680087912,9.83462947719094,41.4397435897436,5.76282051282051,-1.72833333333333,FALSE,mid,FALSE
700241,2026,"McGreevy, Michael",363,177,12.0216029828875,10.5449578237585,-3.71301452136106,4.90844155844156,1731.63360881543,0.83487435825383,-1.7225193425547,-0.603544390640936,33.6558139534884,5.72470930232558,-2.13523255813953,FALSE,mid,FALSE
676664,2025,"Sears, JP",354,157,24.4671674903029,11.601424210082,1.29323301492001,8.80576848660201,1506.27683615819,-0.288140246904429,-1.74340550800166,-8.24630455168048,20.6720779220779,4.70519480519481,1.32590909090909,FALSE,low,FALSE
425844,2023,"Greinke, Zack",144,70,31.7340207032599,11.4797336492502,-8.3282462704166,3.13245967741935,1789.54166666667,1.09707462997706,-1.78110937286747,1.99038426083825,39.6897058823529,6.11882352941177,-1.46794117647059,FALSE,mid,FALSE
663623,2025,"Irvin, Jake",228,117,9.28569708667592,10.9478179244794,-3.87259074121473,6.75993437365997,2198.38596491228,-3.14964469155637,-1.79579862807754,2.91560757900538,26.4034782608696,5.73304347826087,-2.30669565217391,FALSE,low,FALSE
542881,2024,"Anderson, Tyler",1082,556,20.9594607041597,9.76975485685871,5.16528331681695,10.5155408854854,1885.53696857671,0.919919031910943,-1.82970701781932,2.87644685982417,62.2967924528302,6.53250943396226,1.29066037735849,TRUE,HIGH,FALSE
658648,2024,"Avila, Pedro",310,190,31.752519279154,11.2573791759677,1.67355307569252,10.0355912034066,1727.64193548387,1.90965750205588,-1.85938064171211,-1.67059595378747,44.7212290502793,5.77128491620112,-1.24625698324022,TRUE,HIGH,FALSE
656288,2025,"Canning, Griffin",312,172,29.4821797256093,15.3337714158855,-4.1901810557384,4.59732769884043,1485.99038461538,1.5560415669951,-1.89624225025626,2.05302746149758,38.187573964497,5.68674556213018,-1.22952662721894,FALSE,mid,FALSE
657277,2026,"Webb, Logan",435,239,35.4677602033689,14.7303668958539,-1.1446985165265,6.33495971640348,1480.20229885057,-0.743860752060197,-1.92870626956269,-5.23539641279325,16.6774468085106,4.71357446808511,-1.90387234042553,FALSE,low,FALSE
621121,2025,"McCullers Jr., Lance",195,79,34.4265115505746,14.5350043919826,-7.25202543461311,5.11503722084368,1855.08205128205,-1.49296713962575,-1.95005112875219,2.7881271562753,24.9705128205128,5.19615384615385,-1.81525641025641,FALSE,low,FALSE
680739,2023,"Winder, Josh",112,64,26.2494512096681,12.2007816118011,-2.05339616707634,5.48905844155844,1301.59821428571,1.1590215929674,-1.95434771497659,-9.11576434051207,45.36875,5.95234375,-1.25765625,TRUE,HIGH,FALSE
621244,2023,"Berríos, José",217,124,30.0708886940637,12.886116216949,-2.58970998435767,9.29301720195589,1450.98156682028,-0.102737327680452,-1.98264166449045,-12.5543462379545,39.869918699187,5.56617886178862,-2.23463414634146,FALSE,mid,FALSE
641585,2023,"France, J.P.",192,88,28.7131822654165,8.6382326409154,-9.09288742365562,11.051497005988,1870.88020833333,1.64620553996284,-1.98770487529791,11.7508281239892,44.116091954023,5.40632183908046,-1.25965517241379,TRUE,HIGH,FALSE
689017,2024,"Knack, Landon",167,70,17.3091685231757,8.65471577841897,-0.506625385926759,9.28935775066408,1722.33532934132,0.254144615667666,-2.0096763747353,5.87666986275765,52.5057971014493,5.75478260869565,-0.900289855072464,TRUE,HIGH,FALSE
686218,2025,"Sheehan, Emmet",191,96,54.012008783908,19.0691970984221,-1.06013338864118,9.40922677189967,1141.01570680628,0.335655047745265,-2.01451701586753,-13.9018817987997,33.1923913043478,5.45141304347826,-1.23826086956522,FALSE,mid,FALSE
690986,2024,"Harrison, Kyle",411,209,29.1939333080598,10.1535999168114,-1.07272255112694,7.73950679068102,1946.34306569343,-0.700832126416715,-2.01585855507726,-3.12161185420879,19.302427184466,4.73038834951456,2.09597087378641,FALSE,low,FALSE
690986,2026,"Harrison, Kyle",140,67,44.7508610500178,19.7216650311809,-4.65896332256655,8.7476201760325,1274.40714285714,-2.18573503235202,-2.03130830503131,-7.77004134655787,30.5612903225806,4.95806451612903,2.80564516129032,FALSE,low,FALSE
608718,2026,"Suter, Brent",307,151,21.5377583729834,7.31687060548271,7.36723276021408,11.2395531043332,1548.95765472313,0.627967185530793,-2.03535390945777,8.37145713417061,45.1078431372549,6.01137254901961,3.43849673202615,TRUE,HIGH,FALSE
656288,2023,"Canning, Griffin",171,94,27.0852561154994,14.1089333702564,-7.86914009280631,4.68868421052631,1852.2865497076,-0.349927031691376,-2.0500465830264,-10.2410615914137,38.7714285714286,5.62098901098901,-1.15813186813187,FALSE,mid,FALSE
656271,2025,"Burke, Brock",223,129,12.0428644725272,13.0046279254799,4.91879489515363,7.3611221190948,2115.21076233184,-1.83131302791105,-2.06287092891598,-1.56577853385966,37.6188976377953,6.2348031496063,1.99330708661417,FALSE,mid,FALSE
622072,2024,"Wood, Alex",169,87,28.4780997540322,10.2720071779435,-3.05619157536685,5.95709209004965,1664.97041420118,-2.89941305924555,-2.06922831765815,-1.72407934626081,18.4204819277108,4.76349397590361,1.91373493975904,FALSE,low,FALSE
605488,2026,"Springs, Jeffrey",415,229,20.1536933138765,11.5970872506451,-0.515673877025763,11.8838024896521,1384.76626506024,-2.17994092863504,-2.0867182622109,-6.30444485686495,47.1049773755656,6.2627149321267,2.29723981900452,TRUE,HIGH,FALSE
687931,2025,"Whisenhunt, Carson",152,82,38.4081224612606,11.9400727126172,1.45262035688364,11.433367071525,2073.25,-2.89256315729967,-2.10783380344563,4.08231027838139,43.2592592592593,6.02617283950617,2.35345679012346,FALSE,mid,FALSE
676664,2024,"Sears, JP",549,256,28.5739781228961,13.1813959954698,2.01732438776428,7.94794658364044,1675.47723132969,0.801673333171316,-2.11548573376855,5.62952619315704,16.5127490039841,4.49525896414342,1.45561752988048,FALSE,low,FALSE
592662,2026,"Ray, Robbie",354,187,7.07544427997731,8.45216135465274,-0.176554791260604,7.1935806566315,1623.28248587571,1.59134631200494,-2.12240425828547,-7.16689775025971,43.9483146067416,6.13415730337079,2.83348314606742,FALSE,mid,FALSE
688138,2025,"Evans, Logan",163,72,12.5516537015321,9.95222541942177,-2.32140264167612,5.49015900838864,2044.30061349693,0.705577507543284,-2.1304120466274,4.11798136531723,26.9625,5.68611111111111,-2.34875,FALSE,low,FALSE
607067,2024,"Rea, Colin",235,132,28.7388677489065,10.5570735638358,-5.44053450901334,6.42975012370115,1413.27234042553,-1.28399084354817,-2.20826507395544,5.70203545306515,35.4453125,5.604140625,-1.9896875,FALSE,mid,FALSE
642547,2026,"Peralta, Freddy",436,217,38.6927115853776,15.3358761344667,-8.49149040826891,6.91224651548628,1939.01376146789,-1.35752279793373,-2.20900139728742,6.4311006312456,25.6258373205742,4.97277511961722,-3.57799043062201,FALSE,low,FALSE
642207,2025,"Williams, Devin",583,319,55.096928436771,20.7515283442556,-2.27239660888022,10.4030031743767,2741.80274442539,-0.195471080579738,-2.27692693590566,-5.69615397817333,15.5070967741936,5.14703225806452,-2.51822580645161,FALSE,low,FALSE
450203,2025,"Morton, Charlie",253,133,29.8897296396757,16.6840825499933,0.432811217058222,6.69718477979348,1815.20553359684,-2.1102401973601,-2.30851308089499,2.03474791374895,19.7193548387097,5.28120967741935,-2.51975806451613,FALSE,low,FALSE
607536,2024,"Freeland, Kyle",206,98,17.0988493811945,9.47958476810451,2.64942408687086,5.91924757281554,1545.74757281553,-1.31472572598004,-2.34981471650606,-10.7109852358959,29.641935483871,5.72010752688172,2.54010752688172,FALSE,low,FALSE
456501,2023,"Cueto, Johnny",160,87,8.92844157830526,11.9293755046228,1.86659356534222,8.06242647058823,1391.7875,-1.68330189555168,-2.35283569914658,3.65345409447028,33.4361445783133,5.56313253012048,-2.17361445783133,FALSE,mid,FALSE
518876,2023,"Kelly, Merrill",298,176,17.6250697016371,14.2787717307786,-6.59328707427096,3.50072580780811,2126.26174496644,0.300503779924245,-2.36098957348364,1.38262619368848,27.72,5.56715151515151,-1.74593939393939,FALSE,low,FALSE
641154,2023,"López, Pablo",281,155,18.5991045129514,9.22603487749647,-9.88960897190042,6.43014186125871,2077.90035587189,-3.24563660443732,-2.36525424353748,5.51116283242094,36.7546052631579,5.59842105263158,-1.94828947368421,FALSE,mid,FALSE
676395,2023,"Garcia, Robert",141,64,15.8682289940427,14.3676773676004,4.57533579565523,6.20691070531077,1702.97163120567,0.627109061949402,-2.37731250793683,-3.73942180091669,25.9746031746032,5.5368253968254,3.69809523809524,FALSE,low,FALSE
669211,2024,"Akin, Keegan",134,63,22.1452638773187,11.3763520152889,2.7550655090254,8.29658112316118,2039.03731343284,-0.754664259775942,-2.38946820960928,12.7843685369284,41.6709677419355,5.80145161290323,2.12532258064516,FALSE,mid,FALSE
519242,2024,"Sale, Chris",399,206,19.7844670350528,10.752593421102,-1.88772199779231,7.91522160419636,1881.29824561404,2.48064916102847,-2.41091950743663,-2.89447753248841,6.56716417910448,4.82985074626866,3.15965174129353,FALSE,low,FALSE
689690,2025,"Jacob, Alek",189,97,32.5747401505176,10.2733347431517,-1.56058303989895,11.1554227448964,2159.37566137566,0.53156841120475,-2.44511332763375,14.9749483726001,-3.896875,3.7846875,-3.00072916666667,FALSE,low,FALSE
663738,2026,"Lynch IV, Daniel",160,91,24.1047257308336,15.7532124058759,4.466708056803,8.99797648514852,1579.5875,1.86572614609267,-2.50349914826891,2.65457277608284,35.9831460674157,5.90988764044944,1.93483146067416,FALSE,mid,FALSE
641329,2026,"Baker, Bryan",298,158,20.9728085570238,14.7914691048543,-8.99461644960082,11.4617590660425,1850.57718120805,0.700326369817608,-2.50667412738417,3.8514093586066,53.698,6.48786666666667,-1.01773333333333,TRUE,HIGH,FALSE
664285,2026,"Valdez, Framber",346,181,12.8688517057568,3.98428250176782,-2.91093845163003,4.80935839523293,1648.28323699422,1.24201310364581,-2.52072955779046,-7.6903658748039,42.0607954545455,5.92596590909091,0.73125,FALSE,mid,FALSE
608331,2025,"Fried, Max",340,163,26.1450595209777,13.9283074482027,8.184867764221,10.6691021671827,1658.37058823529,-0.107949924313526,-2.54075239946514,3.5661743825979,40.231875,5.7889375,1.7936875,FALSE,mid,FALSE
543294,2024,"Hendricks, Kyle",827,452,13.8887591073967,6.66848984796379,-2.73370984482879,6.80264554733623,2169.61910519952,-0.0462563456001277,-2.58061391463853,0.678585696289995,43.5644646924829,6.03993166287016,-2.63323462414578,FALSE,mid,FALSE
674003,2024,"Bradford, Cody",321,157,25.3415074239433,8.83633170746072,4.82954929502578,8.89007674188892,1787.07165109034,0.00398751304356511,-2.64385588710913,-1.70773348836709,51.7905405405405,6.11547297297297,0.692094594594595,TRUE,HIGH,FALSE
594902,2024,"Lively, Ben",216,108,22.2179202378198,8.6525825727478,-4.37806241451941,5.95623993558777,1701.48148148148,-0.484960819136705,-2.67805512601767,4.26208325924427,37.1878504672897,5.20317757009346,-1.37448598130841,FALSE,mid,FALSE
641401,2025,"Brogdon, Connor",352,197,27.9217615188237,11.0507822434674,-1.80224051269933,11.4525568181818,2021.02556818182,-0.999236358422588,-2.80128803940133,-0.205025603829741,29.8836734693878,5.68765306122449,-2.76882653061224,FALSE,low,FALSE
608331,2026,"Fried, Max",132,67,25.141768610884,14.4070392363737,9.35826556964482,9.30792098197162,1689.7803030303,1.583683276111,-2.83526405571625,-2.3401632966162,41.7184615384615,5.71876923076923,1.43215384615385,FALSE,mid,FALSE
694738,2026,"Roupp, Landen",410,227,27.1621989663631,13.4132536470843,-2.7981715285024,5.68614683419561,1878.61951219512,0.666846258250481,-2.88826832464427,-0.548651181973717,17.7976635514019,5.16542056074766,-1.65892523364486,FALSE,low,FALSE
650911,2024,"Sánchez, Cristopher",998,552,14.2797077015269,7.90410550101065,-3.7187286354254,9.36879771627848,2017.60521042084,1.11662581842013,-2.96233939573212,5.5042550386248,29.9175908221797,6.102982791587,1.97619502868069,FALSE,low,FALSE
681867,2024,"Criswell, Cooper",459,258,16.8559823508734,4.79330221139281,4.24362061554437,4.6694294949799,1515.76688453159,0.867685864558401,-2.97235301471736,5.84092162583679,10.4462450592885,4.91185770750988,-1.76766798418972,FALSE,low,FALSE
664199,2025,"Clarke, Taylor",176,84,30.8193454132972,17.4545876333857,-6.686378338108,5.16679593554593,1756.51136363636,1.48152122750219,-2.98789578411131,-7.3377730121798,39.4914634146341,5.87182926829268,-1.07475609756098,FALSE,mid,FALSE
663436,2024,"Martin, Davis",176,93,27.5609007302316,16.2003611083588,-6.80470474513678,4.33290533285612,2016.75,-1.60082304161653,-2.99662523724737,11.9480883383203,36.5021978021978,5.92175824175824,-2.10604395604396,FALSE,mid,FALSE
665795,2025,"Cabrera, Edward",580,293,12.3648166871725,11.4207851043472,-6.00194644965458,2.71800661313179,1748.80172413793,0.0107120277938598,-3.00096661311708,3.5310038063926,36.8461805555555,6.05486111111112,-1.23173611111111,FALSE,mid,FALSE
641302,2025,"Alexander, Tyler",254,121,21.309306708534,13.7064478652712,2.64477267106329,7.47310091673324,1519.93700787402,0.109675790945018,-3.01881962285565,1.37688990617659,32.15,5.37703389830508,1.95271186440678,FALSE,mid,FALSE
800048,2025,"Messick, Parker",146,77,26.8021419911606,14.9221247250032,8.24276938546168,8.24160426179605,1855.43150684932,-1.58327101296835,-3.03480967045332,5.99010122133396,41.5736842105263,5.57263157894737,1.15894736842105,FALSE,mid,FALSE
570632,2024,"Ureña, José",320,159,6.36201263613518,6.0967162269379,-0.0310628211180602,7.69877016129032,1801.375,0.582276622224639,-3.07176850996427,-3.0404443428625,32.9272727272727,5.69675324675325,-2.9911038961039,FALSE,mid,FALSE
593958,2025,"Rodriguez, Eduardo",531,269,22.4519754213834,9.74483317980829,8.32819536188817,6.09064761895847,1933.64595103578,-2.31327600779564,-3.08819680164334,-6.87100359781839,40.4757575757575,5.90329545454546,1.21189393939394,FALSE,mid,FALSE
641154,2025,"López, Pablo",267,133,25.5715386321214,12.8518792553026,-6.55637620793948,7.12551154685987,1795.93258426966,-1.09660552246235,-3.14151143185567,-8.23986032289199,35.4507692307692,5.52976923076923,-1.96223076923077,FALSE,mid,FALSE
702474,2026,"Paredes, Mike",141,69,32.9810386835621,14.597993857833,-4.86032159312032,5.32176679182311,1452.09929078014,-0.21658966274378,-3.19566996626496,7.04813231523961,35.8579710144927,5.17159420289855,-1.54130434782609,FALSE,mid,FALSE
608650,2025,"Enns, Dietrich",207,122,42.6149693118061,15.3627702892001,3.64478208878985,9.3713697073032,1084.35748792271,1.53279153668091,-3.24291697009643,2.35558324072697,49.9420634920635,6.24888888888889,1.84190476190476,TRUE,HIGH,FALSE
571948,2025,"Milner, Hoby",200,96,15.6405789302922,8.86844610814714,-2.09750717475986,6.82721951219512,1643.275,-1.12630561429091,-3.30932826806603,-0.842825857447753,-8.87872340425532,4.01468085106383,4.44861702127659,FALSE,low,FALSE
647336,2025,"Soroka, Michael",154,63,16.0896114033984,9.25389250652677,-4.51772954038362,9.30708110333471,2209.14285714286,0.310184543782108,-3.33180813534245,17.6386758693312,33.7758064516129,5.80354838709677,-2.67177419354839,FALSE,mid,FALSE
670046,2023,"Rosenberg, Kenny",204,120,15.7987892925511,9.45184968686654,-0.774111468657784,10.1012443438914,1544.93137254902,0.32185681162335,-3.36915404086383,10.063014208559,46.6034188034188,5.99153846153846,1.53871794871795,TRUE,HIGH,FALSE
656288,2026,"Canning, Griffin",265,141,29.5998624672637,15.8251563766079,-5.5019884970339,4.34896922882108,1511.58490566038,-2.4395518753717,-3.37691625502518,5.22188002214941,35.7286764705882,5.58470588235294,-1.09419117647059,FALSE,mid,FALSE
622491,2024,"Castillo, Luis",400,218,21.208086772124,13.4860798721252,-1.97521178987035,7.50565444015444,1893.5575,-1.6683067470961,-3.39719892905337,3.64784943346439,10.7457943925234,4.81481308411215,-2.29523364485981,FALSE,low,FALSE
686613,2025,"Brown, Hunter",356,158,24.3089842624132,12.0248366604655,-5.84184260266166,8.37709585990485,1501.36516853933,0.825513860240438,-3.4240711392805,-1.11651978546984,48.3227272727273,5.93623376623377,-2.23577922077922,TRUE,HIGH,FALSE
607625,2025,"Lugo, Seth",229,116,20.7314024794182,11.6011458937915,-5.651364101906,5.50494992547656,1671.38864628821,-2.15315505061621,-3.45395869587057,-6.76976443310989,31.3313043478261,5.54173913043479,-1.32330434782609,FALSE,mid,FALSE
606965,2024,"Devenski, Chris",253,99,21.2132535509778,14.0041905314705,-1.84680585149357,10.333907773386,1697.63241106719,0.864742597536337,-3.45458028097735,-19.4313359246972,44.4829545454545,6.415,0.0561363636363636,TRUE,HIGH,FALSE
676974,2025,"Meyer, Max",180,75,12.1473132783559,14.9261508842463,-5.06944811691812,5.71887445887446,1783.53333333333,-0.479780711726498,-3.47807707425107,-2.97968355718315,35.424,5.5816,-1.52386666666667,FALSE,mid,FALSE
680689,2025,"Richardson, Lyon",273,131,22.2537075766653,14.3163584466537,-3.1007253597105,9.09927536231884,1791.55311355311,-1.83283332100518,-3.4975008011315,1.45029769620168,28.5880952380952,5.39579365079365,-1.46523809523809,FALSE,low,FALSE
596295,2023,"Gomber, Austin",115,64,31.5294054503355,8.50634677158423,0.852052761168283,9.1223464458247,1675.35652173913,-1.79679284072563,-3.49919184838361,12.5436476045795,52.147619047619,6.45460317460317,1.79492063492063,TRUE,HIGH,FALSE
647336,2026,"Soroka, Michael",160,79,18.5357688783171,11.6520063398698,-5.76257367576653,7.78508610451306,2191.81875,-0.407235743116267,-3.52182319479256,-0.823079471641166,25.9532467532468,5.51818181818182,-2.65441558441558,FALSE,low,FALSE
607625,2026,"Lugo, Seth",172,82,25.5253973638957,13.2263745618773,-4.73412665938761,6.80950685554125,1731.33720930233,2.95591229514372,-3.54578783370414,-4.47910765464041,27.8417721518987,5.45544303797468,-1.96746835443038,FALSE,low,FALSE
676664,2023,"Sears, JP",219,107,31.7057027061424,12.7582365734401,2.69446903585177,8.75733237202596,1704.28767123288,-0.515446855284838,-3.5661403409114,2.74741274270889,16.3495327102804,4.48448598130841,1.49009345794393,FALSE,low,FALSE
668678,2024,"Gallen, Zac",351,185,19.598101805519,13.53024711209,-5.48315423247969,7.05176245210729,1532.86894586895,0.55726612205596,-3.56746925267155,-0.449818016646722,35.810989010989,5.77549450549451,-2.97043956043956,FALSE,mid,FALSE
672456,2025,"Montero, Keider",185,88,16.4068593307299,10.7698354688986,-8.35185536079382,7.09817791301236,1956.55675675676,1.41689338996231,-3.57483503351992,-12.3101135791582,38.0022471910112,5.65595505617978,-2.47179775280899,FALSE,mid,FALSE
571760,2025,"Heaney, Andrew",361,181,14.2343138971426,8.2715660746019,-2.34178465690284,8.1015361924004,2107.18282548477,0.626998460518815,-3.59969675010375,7.30119581394248,27.419209039548,4.91853107344633,2.9345197740113,FALSE,low,FALSE
663947,2024,"Holton, Tyler",252,148,39.0751917585992,12.8000210875161,6.37879530400215,8.42056419927707,1662.5753968254,0.164781451446929,-3.60606710973872,-5.66414877615816,40.5251748251748,5.79062937062937,1.64237762237762,FALSE,mid,FALSE
805123,2026,"Blubaugh, AJ",257,115,33.0977472302332,15.7394729623988,-1.65424680752777,10.017507155031,2345.0233463035,-0.481669306745322,-3.66060828625817,-2.00566420846023,39.9087719298246,6.05350877192982,-2.4430701754386,FALSE,mid,FALSE
608379,2026,"Wacha, Michael",469,245,39.5581938943684,13.3032232610952,-4.12883335278542,12.5051762292434,1536.38592750533,0.39381377283499,-3.68291852885402,2.31098195513398,55.8979079497908,6.70460251046025,-1.95397489539749,TRUE,HIGH,FALSE
661563,2025,"Gil, Luis",229,93,25.1463320701042,13.3900788556045,-11.3182258338285,4.54538638728555,1732.03493449782,0.850814292304328,-3.6837441776087,-2.09225978401276,23.0445652173913,5.16869565217391,-3.15413043478261,FALSE,low,FALSE
670950,2024,"Richards, Trevor",619,253,64.8105710150522,22.0102830275762,-1.97054480244177,13.1372815528139,2600.74636510501,0.133396251094777,-3.73093331375794,-1.41267529846288,49.9589958158996,6.27635983263598,-2.33150627615063,TRUE,HIGH,FALSE
656271,2026,"Burke, Brock",137,71,13.2234727214516,10.6015978585179,3.93700886083482,8.72047671339061,2107.79562043796,-1.73367065081326,-3.73323731146055,-16.1143382138737,38.2298507462687,6.20522388059702,1.84522388059701,FALSE,mid,FALSE
621244,2024,"Berríos, José",457,245,30.9598309277014,11.9453378130276,-2.13574348714814,9.28103614331597,1587.57768052516,0.555699476756421,-3.77398273358682,-2.0819684775134,37.7355371900826,5.47925619834711,-2.02442148760331,FALSE,mid,FALSE
607259,2026,"Martinez, Nick",450,227,43.0290617119762,15.2727584252083,-2.69410116124775,14.4602875816993,1848.97333333333,1.29962381903272,-3.793537250576,-9.52938466780594,58.8722727272727,6.20140909090909,-1.55954545454545,TRUE,HIGH,FALSE
695418,2025,"Lord, Brad",278,137,17.3336494232633,6.35154284746985,1.35445723345636,8.86515183202275,1956.68345323741,1.04424744173459,-3.81554988310768,3.88324910675166,17.76,5.32718518518518,-2.53340740740741,FALSE,low,FALSE
571760,2023,"Heaney, Andrew",161,97,16.0098807459571,8.99140419106508,-2.36351897670689,8.61819989081508,2110.78881987578,1.87192643972879,-3.82875112527405,18.6456323442373,29.4021052631579,5.06273684210526,2.95978947368421,FALSE,low,FALSE
645261,2026,"Alcantara, Sandy",468,272,10.357140353136,12.9415111808786,-2.01482446027335,6.5569359266398,2099.65811965812,-0.992837887343415,-3.85053747659848,-4.18938196254307,33.1912547528517,5.89509505703422,-1.95186311787072,FALSE,mid,FALSE
622491,2026,"Castillo, Luis",227,120,26.6568871369133,14.2951363902452,-2.42855341030615,7.74210511376539,1939.49779735683,-1.06350539559563,-3.86293017944729,-7.87476474989504,10.5965517241379,4.83706896551724,-2.12215517241379,FALSE,low,FALSE
686218,2026,"Sheehan, Emmet",273,139,55.7722329843612,20.0730245817895,-2.60207390133315,8.89527325587497,1280.61904761905,-1.84723982483372,-3.88417723696822,-8.24022544913321,32.0851851851852,5.47474074074074,-1.23725925925926,FALSE,mid,FALSE
686563,2025,"Cannon, Jonathan",383,208,16.9859153663998,14.7140043096172,-4.03590354384991,8.17582406105644,1836.68668407311,-0.83765080155772,-3.95009987199069,1.26284894797446,25.41,5.7611,-2.23925,FALSE,low,FALSE
676130,2025,"Buttó, José",166,76,26.5466853507877,13.4221624172436,-5.23178699736691,6.86223880597014,1899.67469879518,2.08151650056282,-3.9975654483514,7.65506313112898,37.4893333333333,5.4784,-2.15506666666667,FALSE,mid,FALSE
608718,2024,"Suter, Brent",202,94,25.5767185666364,3.56460345756565,9.64946013662117,10.3160576057606,1595.92079207921,-0.333864661095191,-4.02535378575313,-1.3161617549746,51.8659340659341,6.30692307692308,3.45626373626374,TRUE,HIGH,FALSE
687792,2024,"Herz, DJ",388,196,31.836658125577,11.8847833479415,-0.22767378025029,9.96025173819228,2271.73969072165,-0.122806960505485,-4.12096704609788,-0.614768732285876,36.9953367875648,5.8140414507772,2.08834196891192,FALSE,mid,FALSE
702352,2025,"Bivens, Spencer",198,107,10.435508512358,12.6855961940195,-2.2927090356375,6.73058361391694,1601.97474747475,-1.05100780544756,-4.23733041758491,-3.13379380792461,35.1575471698113,6.14481132075472,-1.83056603773585,FALSE,mid,FALSE
596295,2025,"Gomber, Austin",164,94,28.5216639067273,7.62732686774661,0.572022606175821,8.48154232424678,1661.25,1.79766875884878,-4.26183984659686,10.6150076908539,51.7406593406594,6.46857142857143,2.11296703296703,TRUE,HIGH,FALSE
471911,2023,"Carrasco, Carlos",173,101,14.1894029448367,12.0132447034908,-0.851010757607108,5.88990096093664,1298.2485549133,-2.15828961020218,-4.28672087809927,-7.04024969133217,33.029702970297,5.77633663366337,-1.49653465346535,FALSE,mid,FALSE
669276,2025,"Lee, Dylan",146,77,16.4876101617984,9.01040097682248,1.21643238777486,7.37108951895507,1726.36301369863,1.39988891052425,-4.29387989022819,5.07457830021381,43.8118421052632,6.40421052631579,1.90907894736842,FALSE,mid,FALSE
547179,2023,"Lorenzen, Michael",236,129,16.8590757179205,9.63781985485043,-0.797246069155528,10.3812435621313,2052.8093220339,0.700066313765224,-4.30111241731613,5.24419562626936,40.9992,5.86352,-1.57088,FALSE,mid,FALSE
624133,2023,"Suarez, Ranger",189,104,16.8158964519105,11.4615265200746,3.05337327006934,11.5014478114478,1349.25396825397,-0.259212612033175,-4.35732773297712,-1.93716525471072,37.4852941176471,5.77411764705882,1.61019607843137,FALSE,mid,FALSE
593958,2024,"Rodriguez, Eduardo",195,90,21.9020286734086,8.98879991485196,8.32346039039097,5.30318532416094,1952.5641025641,-1.04769720171775,-4.41538674259471,-4.21057552941182,39.2633333333333,5.85333333333333,1.40588888888889,FALSE,mid,FALSE
696149,2026,"Chandler, Bubba",301,139,23.7877659832033,13.7520671593375,-8.15498176588998,6.78503976643512,2066.52823920266,0.300148560183595,-4.41823655204445,-3.39555676531316,37.978102189781,5.52357664233577,-1.4063503649635,FALSE,mid,FALSE
666157,2024,"Lodolo, Nick",306,170,10.3285386524355,9.86312200751617,-1.9500525940203,6.04797841617267,2005.01307189543,-0.822983765824286,-4.44002994806112,2.26602078905331,18.9221556886227,5.48137724550898,3.52850299401198,FALSE,low,FALSE
666142,2023,"Ragans, Cole",284,156,15.2008114585502,8.50997820122647,-0.353043293720102,10.0428751821272,2082.33450704225,1.72354944245743,-4.51755408108255,1.64626929850256,40.7733766233766,6.14363636363636,1.42350649350649,FALSE,mid,FALSE
676106,2024,"Hancock, Emerson",214,117,31.4017857456154,11.4162821488228,-1.8435829323807,6.85435771644695,1880.03271028037,0.862429845474555,-4.55339728563916,-12.3953171432661,26.4663793103448,5.49336206896551,-1.80741379310345,FALSE,low,FALSE
656849,2025,"Peterson, David",410,212,21.670535269296,9.82521970870889,7.5467314538403,7.70812118270436,1565.9,0.510532068749244,-4.60221103810172,11.1303327437407,41.7224880382775,6.17071770334928,2.19191387559809,FALSE,mid,FALSE
677944,2024,"Cecconi, Slade",157,78,7.96667173226181,10.6197076388521,3.17794570214295,12.5286633200187,1912.86624203822,-0.174540273896787,-4.60925939231465,13.355420929365,32.0828947368421,5.50684210526316,-2.13973684210526,FALSE,mid,FALSE
592866,2023,"Williams, Trevor",210,81,27.7492051521041,8.03036025034886,-6.91162310902537,5.63689732142858,1621.19047619048,-0.90240858089868,-4.64403542515326,-8.59145640668398,17.3266666666667,5.012,-2.35186666666667,FALSE,low,FALSE
669432,2024,"Rogers, Trevor",528,300,13.399583635934,14.7048594078706,0.231459611491026,6.36012977880066,1619.02083333333,-1.45291419401738,-4.66844955710492,6.79791265692138,22.1089655172414,5.62824137931034,2.49441379310345,FALSE,low,FALSE
669432,2026,"Rogers, Trevor",399,227,13.5551536391002,14.1996636899944,1.44317706961833,6.42769897034778,1580.07518796992,-1.10599547047848,-4.70587827053313,-0.796473251066638,21.8262443438914,5.68203619909503,2.09850678733032,FALSE,low,FALSE
660761,2024,"Suarez, José",243,123,16.23040027326,15.17183510267,3.32277471354,10.0648955565974,1545.58024691358,-1.41646736108032,-4.71511293461564,-2.90257647710719,40.4303571428572,5.57098214285715,1.56544642857143,FALSE,mid,FALSE
624133,2026,"Suarez, Ranger",212,105,21.330061456324,10.3896630635389,3.28502047212969,10.5256660949114,1272.90094339623,-1.02363125190708,-4.85882888833286,-20.4979643762375,40.9730769230769,5.84346153846154,2.22596153846154,FALSE,mid,FALSE
656605,2025,"Keller, Mitch",200,101,23.0277908147455,14.1526132549119,-4.12108977260441,4.90609409409409,2028.225,-0.697357412060782,-4.87092250301046,8.75737931992566,39.219,5.9072,-1.7838,FALSE,mid,FALSE
642121,2026,"Sulser, Cole",302,145,22.4237241295585,17.4191165750249,-2.13089040007738,8.72970293282876,1696.84105960265,-0.400391622742842,-4.88761837405614,5.23652268066653,41.7482517482517,5.71881118881119,-1.80615384615385,FALSE,mid,FALSE
664350,2024,"Sánchez, Sixto",184,86,14.8610416120807,11.4538828849396,-6.74630868824169,8.41736192714454,1783.46739130435,1.4749971798926,-4.89114890030281,20.982727976702,30.2518072289157,5.56457831325301,-2.64433734939759,FALSE,low,FALSE
694738,2025,"Roupp, Landen",315,157,21.4430886577333,4.95844890956541,4.37880302804988,6.12554546040337,1826.93650793651,0.446600169299576,-4.91716530163037,-0.601006975269962,17.0902597402597,5.22279220779221,-2.54571428571429,FALSE,low,FALSE
661309,2023,"Martinez, Adrián",130,75,51.450289599997,12.1150907125699,7.44251947564575,11.6271794871795,2294.42307692308,0.716386288765989,-4.9403596215087,-9.31290953629086,20.0541666666667,5.68625,-1.90944444444444,FALSE,low,FALSE
681857,2023,"Olson, Reese",184,95,20.7902291434736,16.2462551736965,-1.52542692920092,6.95625488154126,2130.23369565217,0.158945800040719,-4.96827994763653,-2.43587326996253,34.3423913043478,5.80945652173913,-2.96119565217391,FALSE,mid,FALSE
677955,2025,"Hill, Jaden",120,69,28.0150497294174,13.4630103568192,0.853426679153327,12.0240990990991,1637.50833333333,0.821293575614723,-4.97827713389247,4.42984456694509,24.5086956521739,5.60565217391304,-1.30521739130435,FALSE,low,FALSE
666661,2026,"Morillo, Juan",143,76,31.5150309038863,11.2861781070569,-10.5420644491099,6.11470051687443,2265.46853146853,2.20072707003075,-4.99446493621753,-5.8717264982448,45.4094594594595,5.75905405405406,-1.63432432432432,TRUE,HIGH,FALSE
453286,2025,"Scherzer, Max",195,77,28.4325762952104,13.1536965221352,-2.81245879974553,8.71294301148901,1352.85641025641,-1.45907249298586,-5.02233336305737,9.99401992596053,28.9413333333333,5.44666666666667,-3.09933333333333,FALSE,low,FALSE
641302,2026,"Alexander, Tyler",179,100,17.0643496622539,13.6836596740253,1.03895091037265,7.36562722194007,1486.15642458101,-1.50636717254945,-5.0400639531877,-1.47023190913795,33.7683673469388,5.4280612244898,2.59744897959184,FALSE,mid,FALSE
657277,2023,"Webb, Logan",638,366,25.1958319482797,13.3062619158852,-0.94325287852862,4.94949429230497,1441.52664576803,1.01886257034863,-5.09277390969951,6.87153130801805,19.7030470914127,4.9504432132964,-1.36421052631579,FALSE,low,FALSE
694363,2024,"Shuster, Jared",379,170,10.4242383821265,7.14448785755636,-0.196408296241355,8.43695023954288,1664.84960422164,-0.530299527375972,-5.09681450594875,-6.14772523523327,42.2347305389222,5.59964071856287,1.38341317365269,FALSE,mid,FALSE
547943,2023,"Ryu, Hyun Jin",189,104,19.2200080462417,8.02682665983851,-1.11737470432073,10.6169799498747,1480.50793650794,-1.5737531113739,-5.11996810784411,-4.72463173668142,37.059,5.72,2.3929,FALSE,mid,FALSE
671106,2025,"Allen, Logan",497,263,17.3184575937015,11.5988711337602,1.63139594545312,8.79170489604292,959.406438631791,-0.753807470311824,-5.16152189596963,5.23989466541476,36.527734375,5.2791015625,2.3680078125,FALSE,mid,FALSE
641154,2024,"López, Pablo",599,313,17.0116541399499,9.38597918270462,-9.66970287281965,6.53573119791631,2108.34223706177,-0.480236121401233,-5.1897622074145,7.36624446401554,38.2607142857143,5.58779220779221,-1.74042207792208,FALSE,mid,FALSE
571927,2024,"Matz, Steven",194,103,28.5652525783104,12.0382800056314,-4.18850874228971,10.5729553264605,2319.44845360825,-2.66594115906237,-5.21215858380752,-9.42833901653421,35.2505263157895,5.6098947368421,1.884,FALSE,mid,FALSE
596295,2024,"Gomber, Austin",538,275,29.3987327514295,8.87541770659029,0.132112501605649,9.35152809888898,1664.16542750929,-0.199891547211813,-5.21675377776186,-1.38518943538253,53.2298804780876,6.42780876494024,2.15565737051793,TRUE,HIGH,FALSE
666974,2024,"Cano, Yennier",248,143,8.59112279420948,6.92507745176122,0.218761665251829,5.49671905155776,1738.30241935484,-0.893109743089283,-5.2213803440623,2.68369932257082,23.2384057971015,5.68746376811594,-2.18413043478261,FALSE,low,FALSE
656232,2024,"Bielak, Brandon",140,72,21.0140295649158,11.3316081011802,-8.54297619175967,4.53674876847291,2039.76428571429,0.0477578273837918,-5.23463444291546,-11.269627200648,43.9793650793651,6.13095238095238,-1.08936507936508,TRUE,HIGH,FALSE
593958,2023,"Rodriguez, Eduardo",232,130,20.6080815926725,9.73197761443119,8.00545864872772,6.52643289841566,1852.14224137931,1.90279132198317,-5.26455761654012,-0.17287908015107,38.065625,5.828515625,1.666796875,FALSE,mid,FALSE
687473,2025,"Gusto, Ryan",168,76,38.9547524067219,11.586293432496,-8.25044587114004,6.77709533098025,1801.375,-3.06917990576621,-5.33788946079381,-1.35096083104212,38.0815789473684,5.67802631578947,-2.29842105263158,FALSE,mid,FALSE
608379,2025,"Wacha, Michael",677,402,40.6390962443588,13.523592809517,-2.83786262028309,13.2137789848448,1536.82127031019,1.33899462377578,-5.39823113660341,-6.92517310369713,53.2727735368957,6.64781170483461,-1.41216284987277,TRUE,HIGH,FALSE
681517,2025,"Leahy, Kyle",129,65,16.7144283329291,13.0506456281125,-7.87370669836249,5.14201436388509,1497.86046511628,0.159715174783178,-5.41295695106629,0.772638171001017,41.896875,5.6415625,-2.1690625,FALSE,mid,FALSE
671096,2024,"Abbott, Andrew",381,176,15.108875458035,6.13777751027591,3.41710649196587,8.03119093700157,2114.53805774278,-0.130219971285281,-5.42019327348076,1.75281546239437,43.5413173652695,5.87502994011976,1.7677245508982,FALSE,mid,FALSE
668678,2026,"Gallen, Zac",288,132,18.8637768935076,13.6880973395958,-7.80761190120665,6.78313475665749,1542.02777777778,1.12759308164636,-5.47889453366672,-1.87239139603038,37.4047244094488,5.79771653543307,-2.80818897637795,FALSE,mid,FALSE
502624,2024,"Anderson, Chase",309,144,30.0180592947727,6.39990758975386,-7.0118338645121,9.65139957130248,2301.25242718447,0.370599921799074,-5.4931173884344,-4.81859920970501,39.5129496402878,5.68151079136691,-1.33381294964029,FALSE,mid,FALSE
689296,2026,"Nunez, Anthony",166,79,65.6927208832623,20.2326348230492,-0.677652318519666,8.47559954102123,1162.13253012048,1.40400105209731,-5.51484199861646,-10.7213967305541,39.421052631579,5.72631578947368,-1.05315789473684,FALSE,mid,FALSE
571927,2026,"Matz, Steven",288,151,27.2631498612351,12.0263847864932,-4.48728815736171,10.4874474354418,2357.21180555556,-0.0731386555434726,-5.62809575471346,-12.757000143547,32.1290780141844,5.67822695035461,2.14014184397163,FALSE,mid,FALSE
621389,2023,"Blach, Ty",217,114,24.9603544670169,9.00048741429041,-4.2522692474604,9.35027930274495,2009.77880184332,-0.801862008612768,-5.68709953308303,4.94301418705622,19.5477477477478,5.69693693693693,3.19108108108108,FALSE,low,FALSE
657277,2024,"Webb, Logan",987,588,31.13589732768,13.5657109539535,-0.426597299518485,5.24496292714377,1459.82978723404,-0.692510140787523,-5.68843778910043,-10.1450257964535,19.3498233215548,4.88128975265018,-1.5115371024735,FALSE,low,FALSE
669461,2026,"Liberatore, Matthew",248,124,20.5599834010252,9.02906693198083,7.25479853505618,5.78150137579767,1800.83870967742,-0.332994563653551,-5.77544544851444,-3.68203209365802,41.659349593496,6.43463414634146,0.828617886178862,FALSE,mid,FALSE
680570,2023,"Rodriguez, Grayson",284,176,36.7896093182621,16.9855400629825,3.51658502548874,13.4255781198821,1875.19366197183,1.56882072409031,-5.78148892254958,16.4000534924665,38.2564705882353,5.6295294117647,-2.595,FALSE,mid,FALSE
693433,2026,"Woo, Bryan",119,63,10.8952269160414,13.388803909033,-3.21013110225233,6.40482057034551,1956.81512605042,4.53440199515592,-5.90790995306907,4.80323172379795,23.172131147541,4.96409836065574,-1.75655737704918,FALSE,low,FALSE
622608,2025,"Senzatela, Antonio",180,75,5.06827012383072,6.60143048097343,-3.24119495397386,7.40636386964332,2200.47777777778,-4.75131245870663,-5.91273127466955,-18.0905757351845,38.7205479452055,5.98342465753425,-2.38684931506849,FALSE,mid,FALSE
434378,2024,"Verlander, Justin",160,83,22.5662733287087,12.3052456808173,-2.13325596597149,9.4677469035202,1779.49375,0.171061292835264,-5.93748260995235,-20.2035347054245,50.6296296296296,7.04827160493827,-1.69851851851852,TRUE,HIGH,FALSE
645261,2025,"Alcantara, Sandy",672,369,7.82100264325782,10.261858241321,-0.664343778735371,7.31354256854256,2088.8869047619,0.227501548111883,-5.94043871060178,2.93541024269846,32.4553370786517,5.93957865168539,-1.73747191011236,FALSE,mid,FALSE
571510,2026,"Boyd, Matthew",289,166,12.0839783111953,9.90151224362683,-2.82662565415457,13.9983406895854,1782.30103806228,0.130434402023344,-5.97005248447733,-9.90247631891547,25.0462962962963,5.34654320987654,2.47216049382716,FALSE,low,FALSE
701487,2025,"Ohl, Pierson",205,128,45.5561497985006,15.0234864031925,-0.868164781359674,10.803681082189,2147.3512195122,-2.93603425063067,-5.98959421155969,-4.90559419443973,46.7776,5.95976,-1.05592,TRUE,HIGH,FALSE
663568,2025,"Kolek, Stephen",196,85,18.174641548378,14.2605932944841,-3.38928209364917,6.53474336616864,1467.95918367347,2.54400780939894,-5.99647839873461,13.3377461665255,30.0843373493976,5.15072289156627,-2.41698795180723,FALSE,low,FALSE
676760,2026,"Marinaccio, Ron",262,118,40.5835448199066,13.0313691329901,1.1678323707554,11.9453354760948,2213.34732824427,-0.417686379097649,-6.05547111150208,12.1885920465048,25.8907407407407,4.92824074074074,-3.07888888888889,FALSE,low,FALSE
622491,2025,"Castillo, Luis",328,150,21.4343578277987,13.7407684148121,-1.70921663380486,7.81977959719945,1970.19512195122,-0.608531911959499,-6.07492087606633,2.19156289827519,10.2339869281046,4.83633986928105,-2.31555555555556,FALSE,low,FALSE
656412,2024,"Faedo, Alex",200,97,30.8923736112323,15.8136255058032,-6.97199065884442,4.84598870056497,1872.6,-0.828745055271287,-6.08398993336753,-0.401250882848296,27.8168539325843,5.86348314606741,-2.27674157303371,FALSE,low,FALSE
663436,2025,"Martin, Davis",563,296,23.4355973460539,14.6232163717015,-7.38756999027344,3.79018997094562,2060.34103019538,0.051987169758417,-6.18696493033181,1.53422717188023,36.5810344827586,5.90558620689655,-2.23255172413793,FALSE,mid,FALSE
571578,2026,"Corbin, Patrick",245,107,17.3334965002128,9.02829878844996,0.117876981732801,12.8923142087024,1203.72653061225,0.51276331867696,-6.1916442036071,3.10913006136772,39.9747572815534,6.3121359223301,2.51640776699029,FALSE,mid,FALSE
669062,2024,"Miller, Erik",425,201,43.5623579967906,16.7712160707689,4.43671752462545,11.3518523352289,1781.90823529412,-0.650437890275294,-6.20766198444756,7.98808739748294,23.9585858585859,6.00631313131313,1.70828282828283,FALSE,low,FALSE
608032,2025,"Estévez, Carlos",163,84,21.9300118876982,10.2464853623798,-1.9673180937716,8.00327638146756,1616.89570552147,2.40467423376384,-6.21280867901898,-7.51752001580079,40.5481927710844,5.93072289156627,-2.00012048192771,FALSE,mid,FALSE
664199,2026,"Clarke, Taylor",188,97,26.3036395672272,9.58243243830536,0.583149228716695,5.21674110768231,1718.26595744681,1.53573269762824,-6.25173686297585,2.5573047434793,39.8239583333333,5.81354166666667,-1.14927083333333,FALSE,mid,FALSE
663158,2025,"Suarez, Robert",257,125,26.3219327077499,13.4564545045108,-8.83208523531258,8.11610621084702,1858.6420233463,-3.06901326673382,-6.3167084167545,-11.4859650156626,42.0864406779661,6.00008474576271,-1.33550847457627,FALSE,mid,FALSE
689225,2023,"Brieske, Beau",150,80,25.4493665280508,13.4230544431578,-8.93673346166291,7.8489689608637,2027.79333333333,-2.8249141642887,-6.35204336143711,1.80279877429028,43.8151898734177,5.84101265822785,-1.51911392405063,FALSE,mid,FALSE
669438,2026,"Englert, Mason",157,88,23.5361142527064,16.851709089594,-2.88904737933949,6.40149681528663,2084.59872611465,-2.04277846887592,-6.38269683698775,-21.7627377715794,41.6752808988764,5.92741573033708,-1.41820224719101,FALSE,mid,FALSE
548389,2024,"Stripling, Ross",239,141,18.1404447167282,9.02681103872014,-2.33260554357092,8.94338922167705,1667.81589958159,-2.53405493642453,-6.42411610454531,-2.37491190211805,59.7676470588235,6.84227941176471,-1.25683823529412,TRUE,HIGH,FALSE
685299,2025,"Gordon, Tanner",263,155,19.2997534159502,8.7289914250531,1.43102457114331,9.05814828318604,2106.42965779468,-2.05976049456918,-6.4261270751144,-4.30035304889207,44.8490196078432,6.21261437908497,-2.71549019607843,TRUE,HIGH,FALSE
679525,2024,"Marsh, Alec",216,113,17.4510163357774,13.0001093254758,-2.76506555742856,7.81830760673064,1747.90277777778,2.09042253118671,-6.4348539523626,-0.724897234368124,29.5551401869159,5.55570093457944,-2.02579439252337,FALSE,low,FALSE
622072,2023,"Wood, Alex",277,141,33.7172287405031,10.0031036439909,-3.86839870682837,6.04605767314124,1653.3357400722,-0.851095994244532,-6.46019734887348,6.1639629367754,17.6425531914894,4.74007092198582,2.04730496453901,FALSE,low,FALSE
656849,2026,"Peterson, David",183,90,23.6834408112474,9.17033502626115,9.50269295983298,6.60145030276178,1600.16393442623,-2.12536165444042,-6.51730917644764,-15.2936689726529,41.6168539325843,6.15640449438202,1.74640449438202,FALSE,mid,FALSE
663947,2025,"Holton, Tyler",168,84,36.4746538994998,12.7746448057911,6.66131544879726,7.41369047619048,1641.81547619048,-2.32132695113389,-6.51759338506108,-6.51073300978054,37.8734939759036,5.7621686746988,1.61084337349398,FALSE,mid,FALSE
570632,2025,"Ureña, José",230,117,6.19168435748473,5.03956355055928,0.994903017707314,7.53833487511563,1858.31304347826,0.456374060336,-6.51974017523331,-4.92144764991154,29.9816513761468,5.66183486238532,-2.76577981651376,FALSE,low,FALSE
592866,2024,"Williams, Trevor",179,80,28.060861920633,9.05288656068664,-8.57242747634867,6.11569059322899,1636.56424581006,-0.429301702308556,-6.52301727178696,3.46169577417596,16.0759493670886,4.94645569620253,-2.24835443037975,FALSE,low,FALSE
701542,2026,"Warren, Will",181,80,22.9761305414413,15.3936270145712,-4.8902758004292,6.70094628837287,1696.21546961326,0.459487855350766,-6.6715268854075,-4.21345247980261,30.4858974358974,5.49128205128205,-3.39717948717949,FALSE,low,FALSE
678024,2025,"Vasil, Mike",200,102,25.3289262825006,13.3446238513961,-4.18427945510548,8.03588961038961,1496.86,1.95691477643654,-6.75119736769485,0.715507058230641,30.6646464646465,5.86484848484849,-1.57040404040404,FALSE,low,FALSE
608337,2025,"Giolito, Lucas",534,296,15.8738476788326,9.17458334933185,-3.38502440470417,11.5974414078472,1672.66853932584,-0.508611126272377,-6.80284494954941,-1.50139212326618,51.3432989690722,6.23539518900344,-1.45398625429553,TRUE,HIGH,FALSE
621107,2025,"Eflin, Zach",187,105,17.7587909356969,10.4054222445613,-4.15897652652573,5.37326921006353,1649.75935828877,2.46719608461195,-6.83457910494384,3.28486697055985,24.1019607843137,5.55578431372549,-2.42823529411765,FALSE,low,FALSE
677944,2025,"Cecconi, Slade",155,62,15.0660306291622,14.2104272891974,-0.294303715946141,10.0505627240143,1617.98064516129,-0.634056061342495,-6.83494853015995,4.39539529814379,36.0564516129032,5.73161290322581,-1.83951612903226,FALSE,mid,FALSE
689225,2024,"Brieske, Beau",305,182,26.399770586802,14.3329092463892,-7.55557156582202,7.52653513649245,2104.65573770492,-0.973177904317461,-6.85462017963913,-12.051828129893,45.9514124293785,5.91305084745763,-1.61112994350283,TRUE,HIGH,FALSE
656849,2024,"Peterson, David",307,144,22.0350864569339,10.7779973850682,5.32376443400693,8.45770845910427,1636.64169381107,0.750759344295831,-6.92633567601529,-6.30176063487015,42.0278571428571,6.20978571428572,2.26535714285714,FALSE,mid,FALSE
686752,2024,"Pepiot, Ryan",503,252,47.6515320286887,19.067375758169,-3.96306524767891,9.08875877575874,2477.34791252485,-1.41287980056269,-6.98252694780986,2.91078967758465,39.8595918367347,6.06816326530612,-1.11191836734694,FALSE,mid,FALSE
663978,2024,"Paddack, Chris",374,204,37.0918203188325,14.2333087942261,-1.23797197121589,10.4412653123986,1894.61497326203,-1.74226370518458,-6.99544194458505,-3.26771869564692,40.2888888888889,6.00479797979798,-2.74691919191919,FALSE,mid,FALSE
676106,2025,"Hancock, Emerson",291,135,32.401905674144,10.8536386003254,-0.340091452143813,8.47279555963369,1646.40549828179,-1.85416435925783,-7.05401654656096,-4.0335147166227,16.475572519084,5.29435114503817,-2.52954198473283,FALSE,low,FALSE
676477,2025,"Whitlock, Garrett",246,143,37.9024987815024,16.8278813407959,0.246887586512275,11.5063607650465,2282.40243902439,-0.575080485505978,-7.08868514466984,2.23604128073756,32.6957746478873,5.63042253521127,-1.56260563380282,FALSE,mid,FALSE
813349,2026,"Early, Connelly",279,150,37.6213822787523,19.2322283963273,-2.35319538699683,10.3073750869309,1269.23655913979,-0.926476356152036,-7.1085793068212,2.13180680026419,28.6181208053691,5.44409395973154,2.78409395973154,FALSE,low,FALSE
543037,2026,"Cole, Gerrit",158,78,21.4349469382652,12.0204712202467,-2.28164503249884,10.5080199866755,1955,-0.0188587101828885,-7.18007999350285,0.959417211961016,34.4539473684211,5.55368421052632,-2.37697368421053,FALSE,mid,FALSE
666277,2025,"Soriano, George",213,102,26.3513779404332,16.0576991274587,-1.11776251247458,7.60452307339974,1655.17840375587,-0.825191173322881,-7.22049455924596,-7.53031937030683,34.3896907216495,5.65835051546392,-2.28494845360825,FALSE,mid,FALSE
676974,2024,"Meyer, Max",173,68,15.2461618130358,9.11770750033822,-8.05735153619592,7.32169516593972,1699.98843930636,-1.35997012868725,-7.23074404130158,15.6611800951083,45.5415384615385,5.79,-1.196,TRUE,HIGH,FALSE
593958,2026,"Rodriguez, Eduardo",549,268,21.4584758740103,10.6943717016836,7.1251748440307,6.2007872020274,1869.18579234973,0.153394559910847,-7.28587012504203,3.66310997396024,42.8030888030888,5.97335907335908,1.29579150579151,FALSE,mid,FALSE
592351,2024,"Gray, Jon",115,63,16.5200744797853,8.10960371130474,-2.08829958658011,6.20350845410628,1517.26086956522,-0.726203062479379,-7.29216021854213,-9.91382616873574,33.5540983606557,5.64327868852459,-1.61229508196721,FALSE,mid,FALSE
607200,2024,"Fedde, Erick",474,206,23.6124214171331,6.34541229904766,-0.491687487077305,5.31065724124389,1730.04852320675,0.608925614529361,-7.32013108881834,0.89379150163758,34.4269035532995,5.79604060913706,-1.60116751269035,FALSE,mid,FALSE
666157,2026,"Lodolo, Nick",259,134,7.88262374829486,7.78071463961535,-2.23701510431314,5.85380282435078,1893.75675675676,0.690993230138671,-7.40441759312086,-5.89389902112954,14.5765151515152,5.27121212121212,3.70954545454545,FALSE,low,FALSE
668674,2025,"Erceg, Lucas",161,77,14.2130038711639,9.67056986825872,-4.56330009836973,7.53525543209611,1932.49689440994,-0.725338449095137,-7.40609492913935,13.3505281543167,39.8934210526316,5.92039473684211,-1.96684210526316,FALSE,mid,FALSE
669212,2024,"Morgan, Eli",153,97,48.6046713475906,15.0942188015983,-1.23244419337189,13.2860809451986,2147.74509803922,1.35594158494541,-7.46368524093217,-10.5985910905259,44.1255319148936,5.67585106382979,-0.617765957446808,TRUE,HIGH,FALSE
489119,2023,"Miley, Wade",245,107,26.5841750628754,9.6570751741927,10.8163401679288,6.64392342983704,1816.56734693878,0.420107179266748,-7.4864806205836,10.5908931723567,46.1179245283019,6.07,2.04801886792453,TRUE,HIGH,FALSE
801403,2025,"Dollander, Chase",138,61,18.968271353305,9.92998118807042,-1.37297382220742,8.66170202096184,2072.42753623188,-0.647578813306292,-7.53581826269741,-10.4888699062282,23.6131147540984,5.29770491803278,-2.3027868852459,FALSE,low,FALSE
663687,2025,"Harris, Hogan",148,64,29.4244291998442,7.49940837486432,3.76445144928983,11.4696728418559,2111.70945945946,3.11835009494102,-7.69501314165267,-5.88852623671199,47.3238095238095,5.90571428571429,2.44539682539683,TRUE,HIGH,FALSE
593974,2026,"Peralta, Wandy",299,168,8.25107689901775,12.4726689205983,4.43117705162541,6.9065276411568,2191.61538461539,-0.380736546936505,-7.92106183465063,-6.49094078610539,37.3335483870968,5.76154838709677,0.61141935483871,FALSE,mid,FALSE
663978,2026,"Paddack, Chris",276,149,35.1712660839605,14.7400784207763,-5.53742655198154,8.15761904761905,1686.53260869565,-1.00909525007756,-7.98210780567743,1.07995011980559,40.7353741496599,5.92768707482993,-2.42482993197279,FALSE,mid,FALSE
622663,2024,"Severino, Luis",217,102,35.5262736581342,11.3228203604639,-5.12148060387046,10.0777056954946,1583.34101382489,-2.49389594551542,-8.36860248371205,15.7922405657616,37.9336633663366,5.75039603960396,-1.92891089108911,FALSE,mid,FALSE
805673,2026,"Matthews, Zebby",154,64,31.5399509012485,14.3836334312785,-3.122328424347,9.00660758160759,1540.57792207792,-2.18088825512514,-8.46337343048819,-0.556053946132122,31.5444444444445,5.64015873015873,-2.31968253968254,FALSE,mid,FALSE
685299,2026,"Gordon, Tanner",202,111,17.5233626132333,8.06691061637953,-0.927735569104477,8.27071308194649,2120.06435643564,-0.543674330802231,-8.49193646984444,9.88496408242978,44.2936936936937,6.26225225225225,-2.78288288288288,TRUE,HIGH,FALSE
445926,2024,"Chavez, Jesse",140,64,25.168754409127,5.56845611302011,2.1958574934293,5.55912557193696,1882.20714285714,1.4529829125495,-8.71521835849501,5.61073753213112,23.68125,5.16671875,-1.5825,FALSE,low,FALSE
571945,2024,"Mikolas, Miles",230,126,10.6520992041223,8.77579763374684,-5.74870737679262,7.58734523466744,1675.56956521739,-4.14733794077117,-8.71570911428277,10.3929097334992,39.9385245901639,6.25270491803279,-2.79303278688525,FALSE,mid,FALSE
669461,2025,"Liberatore, Matthew",291,130,19.6122623096791,8.09407012038031,6.86798208936653,5.46344426357991,1802.28865979381,1.89691857794039,-8.71928635082519,-8.79558270627293,41.8087301587302,6.37634920634921,0.789206349206349,FALSE,mid,FALSE
544150,2024,"Suárez, Albert",385,197,22.6365975089031,10.8373443496888,-6.81171981943839,8.68996532141693,2017.07532467532,-1.08568390045155,-8.72142248037412,-0.751871823454279,33.4119791666667,5.99208333333333,-1.62989583333333,FALSE,mid,FALSE
663436,2026,"Martin, Davis",251,138,24.5983021277979,13.916881557485,-7.4603788184696,3.76716318399869,2120.3187250996,1.97327475024034,-8.7241887405895,0.54342418806685,33.7532846715329,5.79233576642335,-2.17343065693431,FALSE,mid,FALSE
663687,2024,"Harris, Hogan",200,77,29.8002358676507,10.3439196258958,2.88278667555684,11.7752901325479,2064.825,0.830226765191868,-8.78757294836786,1.98200657943984,41.9333333333333,5.69306666666667,2.65466666666667,FALSE,mid,FALSE
683627,2024,"Molina, Anthony",228,105,17.0343204806828,9.90382569172681,-3.66831568901798,9.44980410512447,1841.27192982456,0.547956339546494,-8.87572036135245,7.21445377646304,50.0942857142857,6.27914285714286,-1.65342857142857,TRUE,HIGH,FALSE
622663,2025,"Severino, Luis",147,65,33.1011958832154,11.7285202010685,-4.04501576499981,9.91658052254845,1603.19047619048,-3.18340217770303,-8.97778529165385,9.36460703846761,36.5603174603175,5.74809523809524,-1.98349206349206,FALSE,mid,FALSE
663465,2025,"Allard, Kolby",200,110,27.8470397109236,10.9179459549255,4.92667081652466,8.62483804627249,1546.62,1.85749821569114,-8.9861783157186,1.71059680564081,44.4971962616823,5.55785046728972,2.12542056074766,TRUE,HIGH,FALSE
694297,2026,"Pfaadt, Brandon",149,77,17.1009529159291,11.6791694169918,-8.19442319982046,6.18653523489933,2085.98657718121,-2.30102255831234,-9.03179541365798,7.50475996554561,23.2831168831169,5.25935064935065,-2.43857142857143,FALSE,low,FALSE
676917,2026,"Cavalli, Cade",151,70,26.1674165695471,12.6353560370484,-9.72208226637581,7.90409932799501,1936.31125827815,-1.47647572622432,-9.13447673794757,-0.394393298438609,32.95,5.91588235294118,-2.10514705882353,FALSE,mid,FALSE
605400,2024,"Nola, Aaron",307,126,23.5667283643498,12.0846390482361,-0.85836251404152,6.78140740221557,1558.34527687296,-0.463820437526526,-9.22386450930797,8.03938517293749,16.825,4.90838709677419,-1.86548387096774,FALSE,low,FALSE
571945,2025,"Mikolas, Miles",285,137,12.7920349230531,9.65453149605777,-4.14605578452111,7.0614847161572,1659.20701754386,0.101943007580943,-9.28091373708373,2.95346486861224,39.6852941176471,6.32220588235294,-2.43080882352941,FALSE,mid,FALSE
621389,2024,"Blach, Ty",278,149,25.5481565399011,7.53603624959799,-3.51352848431684,9.11501423860912,1965.81294964029,-1.54526702847,-9.31597619121482,-4.69711007621874,20.2630136986301,5.74397260273973,3.07479452054794,FALSE,low,FALSE
693821,2026,"Elder, Bryce",152,72,28.7305490903419,12.0518813387764,-5.72013765953552,6.90748167888075,1355.30263157895,0.792463584456213,-9.31921108626167,-11.4765766471488,47.7760563380282,6.19140845070423,-1.59253521126761,TRUE,HIGH,FALSE
693821,2025,"Elder, Bryce",263,133,17.8339745031757,11.471218300984,-6.90871925571413,6.18686920890398,2175.4752851711,-2.85390856040477,-9.41824808818766,-4.37022801583786,51.6229007633588,6.47809160305343,-1.09297709923664,TRUE,HIGH,FALSE
667463,2025,"King, John",152,75,7.41434132923204,1.17656506716334,-1.85309646994125,7.31049647607139,1706.875,-1.55211082947206,-9.50695158770239,-5.60339714487812,26.1971830985915,5.59183098591549,2.07633802816901,FALSE,low,FALSE
667463,2024,"King, John",237,121,9.47084989558601,0.798850120102267,-2.84699694411249,9.04002673685089,1635.50632911392,0.237001999457473,-9.51811399933305,1.12422241865836,23.9983050847458,5.38398305084746,2.02601694915254,FALSE,low,FALSE
665152,2023,"Kremer, Dean",139,63,32.5947319693311,13.0982996824662,-2.71970111437149,9.06299889548941,1699.06474820144,0.522333683042434,-9.57679268946976,6.64903126248406,34.3852459016394,5.74081967213115,-2.4327868852459,FALSE,mid,FALSE
641778,2026,"Lauer, Eric",220,103,17.4537894227487,9.7683936453851,1.76156379963727,6.64310778797749,1352.28636363636,0.508330644934278,-9.68918272201455,-7.29767406481181,33.782,6.0182,1.8267,FALSE,mid,FALSE
696136,2023,"Wicks, Jordan",173,90,27.0020851293205,11.9130875592413,4.26593214088544,10.8497910718017,1497.82658959538,0.610820992681259,-9.72859940880545,1.01893812029034,49.4465909090909,5.94079545454546,2.38068181818182,TRUE,HIGH,FALSE
670174,2024,"Winckowski, Josh",156,83,27.7567901241216,11.2231404870407,-10.9062325167046,3.67230769230769,1691.80769230769,-2.59624912859058,-9.8662047173302,21.1440646705542,43.0650602409639,5.94277108433735,-2.00144578313253,FALSE,mid,FALSE
663978,2025,"Paddack, Chris",604,333,38.1926073854631,15.3067251802221,-3.30777150805781,9.17964800339188,1809.51324503311,-1.94108402895484,-9.88853389525916,-1.1710756936147,41.2424615384616,5.91104615384615,-2.31489230769231,FALSE,mid,FALSE
664299,2024,"Javier, Cristian",153,76,55.684115338866,15.7205651575766,-4.05813533309442,10.4473068394024,2396.64052287582,0.740800982660422,-9.92946740193812,-8.6321976088444,39.58,5.85285714285714,-1.45314285714286,FALSE,mid,FALSE
641302,2024,"Alexander, Tyler",228,116,18.3944735013595,12.3141449195406,2.47097806766394,8.32973313891589,1581.65789473684,-2.73834496787953,-9.92986089021409,-3.33936125716792,36.7704347826087,5.65313043478261,1.49391304347826,FALSE,mid,FALSE
663804,2023,"Kowar, Jackson",128,63,34.1229050666485,13.1215012465417,-2.49806312191935,10.145,2350.390625,-0.847055205707931,-9.98312751975999,-1.82614480178149,39.5698412698413,5.81365079365079,-1.60698412698413,FALSE,mid,FALSE
608337,2026,"Giolito, Lucas",191,86,18.7372025404754,7.52060643663604,-2.02081453730788,11.8122156427902,1541.35078534031,-1.65034618401843,-10.0130514435216,-14.3135667219783,54.5211764705882,6.26164705882353,-1.41282352941176,TRUE,HIGH,FALSE
622663,2023,"Severino, Luis",138,79,32.4008426797328,10.835682874335,-4.44562308046391,9.73882020651016,1559.67391304348,-1.06151698958778,-10.4218083621703,4.50742281543676,41.1155844155844,5.94207792207792,-1.74077922077922,FALSE,mid,FALSE
687570,2026,"Prielipp, Connor",148,74,10.2841558371453,13.2274253975792,2.85579315879107,9.09550787050787,1898.12162162162,-0.41901116221939,-10.4827134190503,4.69968823571394,35.8338028169014,5.94323943661972,1.83549295774648,FALSE,mid,FALSE
527048,2023,"Pérez, Martín",150,79,7.40756729101525,1.8569160853149,-4.9956168304189,7.77580952380953,1629.85333333333,-2.26515047746162,-10.5553120766506,-1.55239677485525,43.7197368421053,5.55118421052632,1.35697368421053,FALSE,mid,FALSE
645261,2023,"Alcantara, Sandy",279,166,8.23102040193144,12.363213621662,-2.00194059647533,7.03931287699973,1953.37275985663,0.950610496645071,-10.6592376980634,2.9278305623451,32.5708074534162,5.91732919254659,-1.86422360248447,FALSE,mid,FALSE
571927,2025,"Matz, Steven",211,114,28.8850784008341,12.476940139935,-3.73275478241787,10.6561768885591,2422.83886255924,-1.8809563202196,-10.9927259065882,4.81240328773272,32.2258928571429,5.62625,1.91366071428572,FALSE,mid,FALSE
669194,2024,"Nelson, Ryne",238,123,41.4292837046829,12.1364285471946,-6.30456232100108,12.2122491054587,1960.28571428571,-2.49845407234542,-11.2218364277999,4.2324839941042,42.1478991596639,5.91243697478991,-1.82411764705882,FALSE,mid,FALSE
680573,2024,"Woods Richardson, Simeon",442,205,51.3795664673936,10.3460850357841,-6.59815882109201,10.3056605159546,2271.24886877828,-3.99947517807075,-11.2871468448008,1.37375378788328,43.9519801980198,6.29628712871287,-1.2070297029703,FALSE,mid,FALSE
607200,2025,"Fedde, Erick",281,114,23.9909856348707,7.60269693082708,1.21739065390293,5.59883122279026,1807.55516014235,-0.556964390508738,-11.3802414138846,-1.62152160718742,30.2678571428571,5.75848214285714,-1.691875,FALSE,low,FALSE
544150,2026,"Suárez, Albert",116,60,24.2897406764472,10.7859820769696,-8.86086753172261,8.78393351800554,2018.18965517241,-1.19593229336554,-11.4420852091948,-9.48484148206184,34.1833333333333,6.00633333333334,-1.68233333333333,FALSE,mid,FALSE
500779,2025,"Quintana, Jose",482,213,27.0440925206827,12.0455380873082,8.10149502294325,4.83335123260922,1354.89004149378,-0.342704567134275,-11.4611552665395,-9.85232128434498,40.6364532019705,5.7568472906404,2.28546798029557,FALSE,mid,FALSE
593974,2024,"Peralta, Wandy",255,134,7.47205611194346,5.93364735367264,-1.72978891649634,6.47130455407969,2158.34901960784,0.529697394815725,-11.537875729469,6.30724136101686,39.6698412698413,5.82,0.601349206349207,FALSE,mid,FALSE
606160,2024,"Montero, Rafael",159,74,12.2388409304068,11.2639555644828,-4.55898630049185,4.39217691215257,2090.32075471698,-1.63427045583239,-11.5663007032969,5.70546812468226,30.6859154929578,4.91084507042254,-1.57323943661972,FALSE,low,FALSE
669358,2026,"Baz, Shane",164,71,18.1655948858011,9.77712564214331,-2.40177244953372,7.95214943521116,1879.68902439024,-0.362897967920093,-11.6957754357487,-8.63913868498033,35.9323943661972,5.7443661971831,-1.27549295774648,FALSE,mid,FALSE
640455,2023,"Manaea, Sean",146,72,7.49501818030905,4.8047842567552,-4.59668803687611,6.0140736205709,1585.85616438356,3.1279348231729,-11.8588123981334,9.78622038924823,33.5083333333334,5.95166666666667,1.85319444444444,FALSE,mid,FALSE
641743,2026,"Kay, Anthony",271,129,20.6752540529602,16.8568648890726,3.87483347014139,9.7721202867201,1706.85977859779,-1.31993270970057,-12.3052686417364,-0.723622272676368,30.7770491803279,5.52704918032787,2.5055737704918,FALSE,mid,FALSE
806188,2025,"Gibson, Cade",132,68,19.4829169025498,10.6534053014317,4.1608379934228,7.07579281183932,1951.53787878788,2.22311754021375,-12.4214579438738,3.78071175942761,34.1582089552239,5.82074626865672,1.41194029850746,FALSE,mid,FALSE
681190,2024,"Vásquez, Randy",210,98,24.2138427639498,10.8023899755662,-8.65782853862051,5.66943942133816,2193.35238095238,-2.88825275745446,-12.6962274085676,-2.19901883051446,37.0145833333333,5.94166666666667,-2.05072916666667,FALSE,mid,FALSE
669060,2025,"Wilson, Bryse",152,69,20.7745779064262,12.2571835760759,-7.48370497161386,6.68937783199721,1721.93421052632,-2.25238265092982,-12.7076496251313,-19.5350204279705,35.504347826087,5.74449275362319,-2.70144927536232,FALSE,mid,FALSE
676596,2024,"Fleming, Josh",160,82,8.64703333658396,2.50099094537471,-6.35137320373275,7.2181619458128,1560.80625,1.45450048855049,-13.5553073957226,13.9472889376318,25.4131578947368,5.26802631578947,2.98184210526316,FALSE,low,FALSE
693821,2023,"Elder, Bryce",180,79,17.2289318756409,11.9871803039731,-5.62738574024838,5.57509992006395,2103.83333333333,0.437415936946508,-13.6058880968319,10.1985109576333,50.5597402597403,6.38025974025974,-1.28272727272727,TRUE,HIGH,FALSE
607644,2023,"Means, John",113,77,24.1112453825307,8.14366697694805,1.35980704285831,10.7584507042254,2132.81415929204,1.00548154802006,-14.5050185127171,-11.8894297854033,48.112,6.42626666666667,0.788533333333333,TRUE,HIGH,FALSE
621107,2024,"Eflin, Zach",146,76,17.0079809275094,10.3454265501992,-4.56360838360109,6.91336451720682,1596.32876712329,0.686455834401708,-15.2955515369771,-1.78881326028982,27.8381578947369,5.82355263157895,-2.36763157894737,FALSE,low,FALSE
608344,2023,"Irvin, Cole",127,65,15.081578174501,9.93789301856205,1.2454278072015,7.90165039370079,1575.72440944882,-2.82338511809336,-18.4853392407969,-5.59484516785283,41.12,6.15169230769231,1.36707692307692,FALSE,mid,FALSE
