pitcher,player_name,season,np,nsw,axis,ivb_kill,spin,rv100,rv_res100,xwobacon,gbpct,ev,para
667463,"King, John",2026,117,69,11.8062638961804,2.21481007469706,1545.47008547009,4.58119658119658,5.70110572977832,0.263368421052632,57.8947368421053,88.5263157894737,FALSE
621112,"Blackburn, Paul",2026,153,84,9.65158094454389,5.16640565526306,1791.40789473684,5.64509803921569,5.54065103983638,0.247794871794872,64.1025641025641,82.7589743589744,FALSE
605540,"Woodruff, Brandon",2025,168,97,22.1863452402195,11.6463075410741,1909.86904761905,5.0875,4.6464964234512,0.1675,53.125,79.03125,FALSE
598286,"Ramirez, Nick",2023,97,66,11.8337600260488,-1.14901627081926,1602.27835051546,4.91237113402062,4.28795470034125,0.267684482758621,37.9310344827586,83.5034482758621,FALSE
664353,"Urquidy, José",2023,131,74,33.4393001104399,10.1618393378553,2119.65648854962,4.78778625954199,4.27051271555873,0.2216,60,80.976,FALSE
693433,"Woo, Bryan",2026,119,63,10.8952269160414,13.388803909033,1956.81512605042,4.04117647058824,4.15098834994792,0.247625,58.3333333333333,84.3458333333333,FALSE
518876,"Kelly, Merrill",2024,235,123,17.3088567298829,13.703210544604,2174.85957446809,4.38553191489362,3.92847362908364,0.233663076923077,64,83.482,FALSE
502624,"Anderson, Chase",2023,149,67,27.9364545560018,4.71072106230275,2300.61073825503,4.09731543624161,3.80396919324432,0.154863636363636,27.2727272727273,83.6090909090909,FALSE
596001,"Junis, Jakob",2025,202,110,12.5920140511533,11.1517096774068,1314.25247524752,3.36287128712871,3.72518259703983,0.250745454545455,50,86.3840909090909,FALSE
664299,"Javier, Cristian",2025,115,68,48.4269828550229,13.171596846099,2274.8,3.40434782608696,3.64705222982002,0.35102109375,41.6666666666667,87.9833333333333,FALSE
656222,"Beeks, Jalen",2025,332,159,20.0373372802069,7.23793636917629,2131.31927710843,3.11415662650602,3.49824371804151,0.243148707773708,66.6666666666667,79.7648148148148,FALSE
663687,"Harris, Hogan",2025,147,63,29.4313698139276,7.49410762347553,2112.27210884354,3.96122448979592,3.44176754812966,0.119363636363636,27.2727272727273,85.9181818181818,FALSE
684974,"Yoho, Craig",2026,140,80,52.864505461422,15.0874104353502,2511.42857142857,3.81785714285714,3.38601077077526,0.2936,40,85.848,FALSE
686973,"Varland, Louis",2026,147,81,17.3761855314259,17.3264307773707,1714.28571428571,4.13673469387755,3.33379578123451,0.263739130434783,69.5652173913044,83.2478260869565,FALSE
687562,"Bennett, Jake",2026,226,132,15.4507714705403,7.60303829152545,1980.32300884956,3.89823008849558,3.26414253958372,0.211931818181818,45.4545454545455,80.9318181818182,FALSE
592094,"Adam, Jason",2024,284,161,20.1068828807581,16.6205312405622,2166.47670250896,3.37288732394366,3.10932145534552,0.334663487235735,57.1428571428571,85.9553571428572,FALSE
640455,"Manaea, Sean",2023,147,72,7.49501818030905,4.87666079321768,1585.85616438356,2.47755102040816,3.01532226468064,0.240966666666667,56.6666666666667,82.5433333333333,FALSE
607259,"Martinez, Nick",2023,237,128,37.7045949635566,14.80271436676,2020.10126582279,3.38270042194093,2.96382000907878,0.251262052341598,42.4242424242424,81.5090909090909,FALSE
670955,"Uceta, Edwin",2024,229,123,13.8178217680435,15.385499049155,2186.29694323144,3.16768558951965,2.96078556618041,0.290205128205128,61.5384615384615,86.5538461538462,TRUE
658648,"Avila, Pedro",2023,189,104,24.8820366590676,12.4164060572683,1647.39682539683,2.54232804232804,2.92294319161363,0.325540583136328,55.5555555555556,89.1592592592593,FALSE
605540,"Woodruff, Brandon",2023,166,83,20.4655116162576,12.4285545672618,2002.72891566265,3.79578313253012,2.8856259951055,0.256119667013527,45.1612903225806,80.6354838709678,FALSE
656641,"Latz, Jacob",2026,132,70,24.0225949711223,10.4114559431091,2045.90909090909,2.93560606060606,2.87487820008205,0.258421052631579,52.6315789473684,76.9789473684211,FALSE
607625,"Lugo, Seth",2026,170,81,25.631832826819,13.2310112166968,1732.25882352941,2.53235294117647,2.8161500332127,0.337486486486486,43.2432432432432,91.7243243243243,FALSE
663460,"Bubic, Kris",2026,159,90,37.841405041611,17.6427476090446,1536.50632911392,2.86289308176101,2.79687973120586,0.251083333333333,70.8333333333334,87.7625,FALSE
600921,"Machado, Andrés",2023,136,75,13.508655040629,12.7933158999343,1750.84558823529,3.11102941176471,2.74475340351732,0.412564723135671,64.5161290322581,79.9645161290323,FALSE
694973,"Skenes, Paul",2025,324,171,24.2870601255614,8.16450341870671,1808.00308641975,2.72253086419753,2.73126819464725,0.235671982281285,46.5116279069768,77.7627906976744,FALSE
650633,"King, Michael",2023,122,65,27.9812755466687,10.3493373613486,2111.54098360656,2.58852459016393,2.66868288477371,0.3186,50,82.24,FALSE
663568,"Kolek, Stephen",2025,193,84,18.2797644404459,14.2719444512033,1467.10362694301,2.67823834196891,2.6008024316872,0.255377905091341,75.8620689655172,89.2931034482759,FALSE
519242,"Sale, Chris",2024,378,194,19.8952171841992,10.7932924181209,1885.19841269841,3.12089947089947,2.59188482025531,0.264895051144805,52.3809523809524,82.9880952380952,FALSE
672456,"Montero, Keider",2026,209,107,12.837544880955,9.49686028954552,2008.82775119617,2.60956937799043,2.57422387793715,0.238652173913043,39.1304347826087,82.1695652173913,FALSE
657097,"Webb, Jacob",2024,257,137,21.1699498022701,9.05082615847289,2190.69260700389,2.17354085603113,2.54526004099069,0.265872658303465,37.7777777777778,83.8533333333333,FALSE
669373,"Skubal, Tarik",2023,255,148,17.7725986468625,13.7729503718314,1568.33333333333,2.89843137254902,2.51055037065525,0.34759375,61.1111111111111,85.0444444444444,FALSE
694973,"Skenes, Paul",2024,114,62,32.7552952697067,9.3346654105998,2043.71052631579,2.50087719298246,2.492914269829,0.227,57.1428571428571,76.3928571428571,FALSE
642207,"Williams, Devin",2023,244,138,56.4149074874766,20.0695330256776,2725.39754098361,3.86926229508197,2.48883233202094,0.290692255062945,51.7241379310345,84.6793103448276,FALSE
668964,"Myers, Tobias",2024,241,99,19.1307612319385,10.3109156874567,1855.4356846473,1.0643153526971,2.48718243782361,0.205153846153846,44.4444444444444,73.762962962963,FALSE
621107,"Eflin, Zach",2025,182,102,17.6837601898737,10.3861712113601,1647.17032967033,2.3043956043956,2.48047726574176,0.37084783085256,55.7692307692308,89.1826923076923,FALSE
689017,"Knack, Landon",2025,202,103,23.0256879781949,13.2308976776231,1627.05940594059,1.79158415841584,2.43585043016358,0.304725002167881,41.9354838709678,86.9193548387097,FALSE
621112,"Blackburn, Paul",2023,158,86,7.93495723920283,10.4310959986258,1700.61392405063,2.91645569620253,2.40304763695643,0.39374854560644,38.0952380952381,88.1952380952381,FALSE
671106,"Allen, Logan",2023,205,83,21.2541315838732,13.670163520331,855.70297029703,2.19317073170732,2.38951045074358,0.333730769230769,62.0689655172414,91.6758620689655,FALSE
453286,"Scherzer, Max",2023,143,69,27.9266386428873,15.0183802977506,1334.05594405594,1.88041958041958,2.38148700863277,0.329067914067914,50,84.9192307692308,FALSE
669438,"Englert, Mason",2025,245,130,28.6119800173367,17.1597494976353,2115.03719008264,2.49673469387755,2.35050032703292,0.348527732683983,37.5,88.1175,FALSE
608718,"Suter, Brent",2023,131,65,24.2207664094061,2.8730169448334,1602.61666666667,1.50458015267176,2.3299206191087,0.255625,62.5,81.6458333333333,FALSE
681347,"Burrows, Mike",2025,365,218,27.8299912747199,11.355778585445,1510.24931506849,2.43506849315069,2.31356352537129,0.330512994350282,50.8474576271187,83.5745762711865,FALSE
806188,"Gibson, Cade",2025,130,66,19.505411075044,10.6822361282753,1953.68461538462,2.45615384615385,2.30874948711151,0.319194293478261,57.1428571428571,90.2171428571429,FALSE
665622,"Medina, Luis",2026,125,60,13.5440876115529,15.8809641136836,1594.176,1.1832,2.30358461494677,0.341083333333333,41.6666666666667,85.275,TRUE
669211,"Akin, Keegan",2025,208,116,21.883898594507,10.2632380687061,2065.79326923077,2.62788461538462,2.30025825088098,0.216908397435898,50,83.198,FALSE
656876,"Rasmussen, Drew",2026,214,105,38.8335772757628,16.5415206815296,1205.83644859813,2.25747663551402,2.27661496803226,0.259970588235294,70.5882352941177,84.5823529411765,FALSE
592454,"Kahnle, Tommy",2024,537,280,45.6438025651978,15.2962953589849,1240.06805293006,1.73389199255121,2.24988713177291,0.287794903033794,61.25,83.565,FALSE
547179,"Lorenzen, Michael",2024,386,199,16.3332009057801,8.70362063906254,2020.83160621762,1.93756476683938,2.24550377585871,0.231186095766978,47.0588235294118,80.8308823529412,FALSE
669372,"Ginn, J.T.",2026,345,184,12.5960749968138,9.62330982353187,1515.86956521739,2.06,2.2154342906162,0.255033333333333,56.6666666666667,83,FALSE
693855,"Seymour, Ian",2026,375,189,22.5637764188932,10.7402597164831,1661.12533333333,2.15573333333333,2.19278558167897,0.321484375,40.625,86.6078125,FALSE
676130,"Buttó, José",2025,163,76,26.5212584899702,13.3868292806696,1904.33742331288,1.73374233128834,2.17492731620378,0.293117424242424,59.0909090909091,84.7545454545455,FALSE
663372,"Feltner, Ryan",2026,183,97,5.82900899992638,8.56498706764064,1612.95081967213,0.920765027322405,2.17003701261473,0.267142857142857,57.1428571428571,80.1071428571429,FALSE
663158,"Suarez, Robert",2026,137,81,26.9042379631181,12.9719359583679,1866.51094890511,3.12627737226277,2.15833167099923,0.264769230769231,61.5384615384615,78.5576923076923,FALSE
621112,"Blackburn, Paul",2024,208,118,8.74854810612358,11.381163573231,1747.39603960396,2.52115384615385,2.15542931823652,0.342489090546981,68.2926829268293,86.2731707317073,FALSE
678024,"Vasil, Mike",2025,197,101,25.3156267901148,13.393456422793,1495.50253807107,2.38629441624365,2.1394897099986,0.317603670542892,57.1428571428571,88.834693877551,FALSE
596295,"Gomber, Austin",2025,163,93,28.5365898381952,7.63301611830238,1660.76073619632,1.95276073619632,2.13238438459906,0.325800644557831,52.6315789473684,85.8315789473684,FALSE
471911,"Carrasco, Carlos",2025,165,88,19.0041165688485,10.9047545155394,1232.16363636364,1.62484848484849,2.12524202788625,0.315851515151515,42.4242424242424,84.5333333333333,FALSE
676395,"Garcia, Robert",2024,279,149,15.4335975652983,12.8275756083271,1682.03237410072,2.41505376344086,2.11699601461523,0.260961538461538,69.2307692307692,81.5576923076923,FALSE
628452,"Iglesias, Raisel",2024,273,174,22.0554000657967,12.4052972193386,2045.88644688645,3.07069597069597,2.11541951133493,0.29194253143635,59.375,80.8046875,FALSE
650633,"King, Michael",2025,258,147,30.6863842240649,13.3329412545253,2015.13178294574,2.23759689922481,2.10347451657626,0.284677771285084,38.4615384615385,83.1246153846154,FALSE
687330,"Kelly, Kevin",2026,159,91,16.925371414963,2.9413566897128,1864.76729559748,1.29245283018868,2.09427620915642,0.337428571428571,68.5714285714286,89.4057142857143,FALSE
679525,"Marsh, Alec",2024,216,113,17.4510163357774,13.0001093254758,1747.90277777778,1.35787037037037,2.08777427636744,0.39640086700058,41.1764705882353,86.7196078431373,FALSE
502043,"Gibson, Kyle",2024,274,136,17.4244645822798,12.0909128248,1712.27941176471,1.40985401459854,2.08205780833943,0.361175358163769,34.6153846153846,86.1884615384616,FALSE
660853,"De Los Santos, Enyel",2026,186,105,6.51932881316174,7.58244312455585,1884.97311827957,2.75645161290323,2.06698336676838,0.30321052631579,42.1052631578947,84.1052631578947,FALSE
666277,"Soriano, George",2026,217,119,30.2679464988538,15.8154259599085,1542.59447004608,2.14377880184332,2.05322141334376,0.28146875,62.5,85.896875,FALSE
608032,"Estévez, Carlos",2025,163,84,21.9300118876982,10.2464853623798,1616.89570552147,1.47239263803681,2.04083982897335,0.234684459841629,34.2857142857143,84.44,FALSE
680767,"Vodnik, Victor",2024,215,104,33.4431960072745,16.2855963502543,1827.78773584906,2.08186046511628,1.99843778002513,0.241783571428571,65.7142857142857,89.9342857142857,FALSE
605182,"Clevinger, Mike",2023,170,87,23.6052046754704,10.9290446131987,1535.50588235294,1.44705882352941,1.98983408109862,0.2416,42.8571428571429,80.7685714285714,FALSE
674370,"Bido, Osvaldo",2024,160,70,9.57203909796347,8.34844566509704,2097.9375,2.021875,1.96333554330359,0.20732,42.3076923076923,76.5307692307692,FALSE
605540,"Woodruff, Brandon",2026,134,66,22.9129893663151,11.770044708099,1772.50746268657,2.47611940298507,1.96264036806019,0.2915,22.2222222222222,86.3888888888889,FALSE
663738,"Lynch IV, Daniel",2026,159,90,24.097194107099,15.7714924981124,1579.81761006289,2.6433962264151,1.96085786336703,0.2892,57.5,87.9,FALSE
663567,"Lambert, Peter",2024,253,134,21.5683329320597,11.8600675932749,1461.94466403162,1.01620553359684,1.95356780411629,0.24152380952381,64.2857142857143,84.352380952381,FALSE
596133,"Weaver, Luke",2026,219,137,15.0557006447366,15.9390751983264,1895.35680751174,2.65890410958904,1.84903984186232,0.271386363636364,38.6363636363636,86.1636363636364,FALSE
666142,"Ragans, Cole",2023,284,156,15.2008114585502,8.50997820122647,2082.33450704225,2.29119718309859,1.82058201511813,0.279910955266955,45.4545454545455,83.3672727272727,FALSE
663465,"Allard, Kolby",2025,195,109,27.836655095539,10.8811858285676,1548.47179487179,0.984102564102564,1.81277551478795,0.261347966847967,46.1538461538462,86.0846153846154,FALSE
689672,"Thorpe, Drew",2024,256,140,19.6515952523255,5.13978841408324,2113.59765625,2.102734375,1.7886097066879,0.293402435099591,34.0909090909091,78.3227272727273,FALSE
700712,"Ureña, Walbert",2026,481,239,12.1558501812184,9.19155973476367,1688.84516129032,2.4954261954262,1.7878458694303,0.213378048780488,54.8780487804878,81.6975609756098,FALSE
593958,"Rodriguez, Eduardo",2023,222,124,20.6505258863909,9.71038224559186,1857.43693693694,1.50135135135135,1.78488233535723,0.32652013339921,54.1666666666667,83.5895833333333,FALSE
623211,"Brazobán, Huascar",2026,316,162,9.34981825326364,5.50037056801884,2046.5691318328,0.990822784810126,1.7578667876824,0.262207547169811,49.0566037735849,81.7509433962264,FALSE
669461,"Liberatore, Matthew",2025,283,126,19.6457522857577,8.12161760809013,1803.76325088339,2.17385159010601,1.74372987752102,0.3506201076922,39.6825396825397,89.0873015873016,FALSE
666661,"Morillo, Juan",2026,136,71,31.6047573539069,11.3213445737788,2265.44852941177,2.16911764705882,1.74187100707772,0.216666666666667,48.3870967741936,80.5225806451613,FALSE
592791,"Taillon, Jameson",2025,216,119,24.1421584791899,12.1322826458475,1751.10185185185,1.95555555555556,1.72321850712013,0.253207791495199,48.8888888888889,83.2733333333333,FALSE
642121,"Sulser, Cole",2025,151,81,19.6227984895494,16.0861767538589,1652.92715231788,1.50794701986755,1.71745170227279,0.243108695652174,56.5217391304348,88.3391304347826,FALSE
663436,"Martin, Davis",2026,251,135,24.2830073993202,13.9218107034243,2122.43089430894,1.6003984063745,1.69369343109064,0.37308064516129,58.0645161290323,94.0532258064516,FALSE
670329,"Garcia, Rico",2025,124,65,22.2307109385289,8.91200587737696,2288.22580645161,1.88790322580645,1.66438052464453,0.282842105263158,47.3684210526316,75.1157894736842,FALSE
592662,"Ray, Robbie",2026,331,177,6.82698389381461,8.41254163390836,1625.29003021148,1.77552870090634,1.65859929558983,0.2845875,37.037037037037,86.8802469135803,FALSE
571760,"Heaney, Andrew",2023,157,95,15.9797930543348,8.95332913389339,2108.03184713376,1.7859872611465,1.65790053360845,0.306569875776397,60.8695652173913,84.9304347826087,FALSE
527048,"Pérez, Martín",2025,260,125,8.80816547799847,1.65478624516031,1649.55769230769,0.956153846153846,1.62791726519465,0.344863659938989,47.9166666666667,85.8875,FALSE
689017,"Knack, Landon",2024,165,69,17.3641827867536,8.67358299389377,1722.13333333333,0.267272727272727,1.6083717471852,0.326290993265993,43.3333333333333,87.0133333333333,FALSE
665795,"Cabrera, Edward",2023,193,96,9.60501604385843,10.0892062636578,1696.33333333333,1.98186528497409,1.60594457174507,0.21459375,75,81.88125,FALSE
689296,"Nunez, Anthony",2026,161,76,65.7691258821398,20.2185927253754,1166.77639751553,0.709316770186336,1.60160658586026,0.3714,46.1538461538462,89.3461538461538,FALSE
676596,"Fleming, Josh",2024,160,82,8.64703333658396,2.50099094537471,1560.80625,0.646875,1.59405806438945,0.290563520871143,73.6842105263158,82.9526315789474,FALSE
642216,"Winans, Allan",2023,143,88,21.075805496361,11.7033591835546,1846.65734265734,1.25104895104895,1.58553372552371,0.391194651226909,51.6129032258065,86.7387096774194,FALSE
571927,"Matz, Steven",2023,167,96,26.8636547184272,12.3167426949325,2326.97005988024,2.04670658682635,1.57383683529663,0.303369565217391,35.2941176470588,86.1352941176471,FALSE
434378,"Verlander, Justin",2025,221,101,21.7951738575,12.0062157847951,1729.04524886878,1.12262443438914,1.57293763985376,0.304820512820513,33.3333333333333,81.7794871794872,FALSE
658648,"Avila, Pedro",2024,307,190,31.5399155209049,11.2291027038345,1725.75737704918,1.52964169381108,1.56516876937253,0.422121099629116,46.969696969697,86.3924242424242,FALSE
623211,"Brazobán, Huascar",2024,248,140,8.39829989055103,14.2283539722028,1955.49596774194,1.35725806451613,1.56167621763296,0.272807142857143,55,79.7875,TRUE
650633,"King, Michael",2026,558,317,28.5492018078522,12.2173383808781,1869.70430107527,1.38154121863799,1.5574167085422,0.320220588235294,50,84.4102941176471,FALSE
607074,"Rodón, Carlos",2024,395,204,13.6359514060085,17.1178938594773,1655.77215189873,1.47443037974684,1.55302694708202,0.275786546968514,55.7377049180328,87.6786885245902,TRUE
605280,"Holmes, Clay",2026,114,67,27.6016983838842,4.2337483939651,804.771929824561,1.38771929824561,1.54937119315725,0.348241379310345,68.9655172413793,93.4275862068966,FALSE
690990,"Horton, Cade",2025,228,113,17.0343395325052,8.22271868663838,1917.08333333333,1.53684210526316,1.54598024612321,0.303675071270193,51.5151515151515,81.7393939393939,FALSE
669212,"Morgan, Eli",2024,149,95,48.5578669435023,15.0393011612418,2149.38255033557,2.18187919463087,1.53529549666918,0.287405263157895,31.5789473684211,84.621052631579,FALSE
669165,"Hurt, Kyle",2026,169,96,41.2815301488139,15.8589409332641,1341.62721893491,1.91775147928994,1.53527874994673,0.374766666666667,63.3333333333333,86.43,FALSE
701656,"Henderson, Logan",2025,164,85,38.0077088761234,13.7495124202184,2503.91463414634,1.56768292682927,1.53283445729661,0.342150183150183,28.5714285714286,84.9047619047619,FALSE
663465,"Allard, Kolby",2024,106,64,26.8530577314708,9.70124668377589,1591.47169811321,1.72169811320755,1.53109332515414,0.276291290322581,51.6129032258065,89.5322580645161,FALSE
680570,"Rodriguez, Grayson",2024,384,220,36.9598645941969,16.1997815541958,1736.38020833333,1.48255208333333,1.5294284168763,0.328358926071215,43.5897435897436,86.7307692307692,FALSE
641585,"France, J.P.",2023,193,88,28.7131822654165,8.64769075012721,1870.88020833333,2.18238341968912,1.52823397426663,0.313243902439024,51.219512195122,83.7390243902439,FALSE
623167,"Flexen, Chris",2023,148,69,24.1735353481422,10.0199476570725,1298.43537414966,0.843243243243243,1.51107162557358,0.358541333333333,40,84.748,FALSE
608379,"Wacha, Michael",2025,668,397,40.6519127732306,13.5305277075118,1537.29191616766,2.62724550898204,1.49911750842993,0.293239454694835,32,82.866,FALSE
641927,"Ober, Bailey",2024,783,464,39.3086875197941,12.2070579608041,2038.76854219949,1.94418901660281,1.49642396559134,0.311717396527494,38.4615384615385,82.9169230769231,FALSE
680767,"Vodnik, Victor",2025,239,112,29.5925394760233,14.0453608719542,1899.32217573222,1.60543933054393,1.47921199320609,0.276069119286511,91.304347826087,84.0608695652174,FALSE
445926,"Chavez, Jesse",2024,140,64,25.168754409127,5.56845611302011,1882.20714285714,0.807857142857143,1.47639272575146,0.351366062949396,55.5555555555556,83.3055555555556,FALSE
608331,"Fried, Max",2026,132,67,25.141768610884,14.4070392363737,1689.7803030303,1.89166666666667,1.46495334031519,0.299107142857143,50,81.0571428571429,FALSE
664350,"Sánchez, Sixto",2024,194,93,14.7705552830803,11.4713038532578,1782.55670103093,1.4819587628866,1.44591715453795,0.247619047619048,64.2857142857143,85.7714285714286,FALSE
641540,"Dunning, Dane",2023,185,101,25.7553189500932,3.67325399395033,1756.63586956522,0.0329729729729721,1.44392580285298,0.332510121100164,52.5,86.7775,FALSE
656288,"Canning, Griffin",2025,309,170,29.4852915005657,15.3126180932994,1483.23300970874,1.78996763754045,1.44377974397837,0.32524722792531,61.6438356164384,91.158904109589,FALSE
657277,"Webb, Logan",2023,634,363,25.2118224852947,13.29922573359,1441.39778129952,1.9282334384858,1.44108657909055,0.308559496926684,72.6708074534162,90.260248447205,FALSE
666745,"Brito, Jhony",2023,153,98,12.2561783508463,8.74042029096605,1646.43790849673,1.66470588235294,1.43495211572385,0.337721108608609,44.4444444444444,87.4416666666667,FALSE
624133,"Suarez, Ranger",2025,452,260,15.7956936075706,9.25367982175939,1285.42477876106,1.24535398230088,1.43442542637082,0.302741521592666,47.5247524752475,82.5633663366337,FALSE
701519,"Adams, Travis",2026,150,78,18.7963952084496,13.1454319051714,1936.02,1.14533333333333,1.42505350231552,0.281333333333333,37.037037037037,82.4888888888889,FALSE
663556,"McClanahan, Shane",2026,448,229,32.468888994507,13.9088288581705,1552.22321428571,2.04419642857143,1.4114564630318,0.307065789473684,55.2631578947369,83.0934210526316,FALSE
664285,"Valdez, Framber",2026,347,181,12.8322398166199,3.96338936518767,1648.41786743516,0.261095100864555,1.4068155426974,0.379578947368421,50,89.8289473684211,FALSE
607259,"Martinez, Nick",2026,451,227,43.0290617119762,15.2692139102542,1848.97333333333,1.74035476718404,1.38979586585933,0.278127659574468,32.6315789473684,80.9431578947369,FALSE
669432,"Rogers, Trevor",2025,407,238,14.3978495183134,14.740243190822,1480.36363636364,1.63488943488944,1.38953245197622,0.337089807299062,70.5263157894737,89.4126315789474,TRUE
608331,"Fried, Max",2024,373,194,31.9185339186048,8.1541310968968,1420.60321715818,1.56461126005362,1.38649385904567,0.324906824491224,65.3846153846154,85.724358974359,FALSE
664285,"Valdez, Framber",2023,284,155,15.0540354302044,7.33727429831769,1659.05376344086,0.686971830985916,1.38419716830231,0.337822113423093,62.0689655172414,87.6137931034483,FALSE
519043,"Moore, Matt",2023,135,76,33.9934202940715,11.9980725057274,2034.18045112782,1.56296296296296,1.37509855082958,0.378316130180524,33.3333333333333,80.9541666666667,FALSE
607644,"Means, John",2023,113,77,24.1112453825307,8.14366697694805,2132.81415929204,3.41946902654867,1.37405185683453,0.360120351987539,25,83.9,FALSE
543294,"Hendricks, Kyle",2023,565,320,13.1277833485847,6.74461831240321,2155.93805309735,1.1316814159292,1.36809344508664,0.299936258813249,51.8796992481203,79.7142857142857,FALSE
663567,"Lambert, Peter",2026,394,208,18.44677916336,10.819949597047,1570.1345177665,1.01700507614213,1.35920448526049,0.27798275862069,55.1724137931035,83.9,FALSE
664199,"Clarke, Taylor",2025,175,83,30.8202545042063,17.4418470269032,1756.65714285714,1.28628571428571,1.3476554453507,0.310871953083851,51.6129032258065,86.8483870967742,FALSE
672456,"Montero, Keider",2025,185,88,16.4566357738466,10.7927755070396,1951.85635359116,0.654054054054054,1.33639059763032,0.383062494170129,32.4324324324324,87.172972972973,FALSE
594798,"deGrom, Jacob",2026,236,110,16.2987161575497,16.6851418476378,1603.55084745763,1.01779661016949,1.32084649808427,0.35441935483871,38.7096774193548,90.3677419354839,FALSE
669373,"Skubal, Tarik",2025,862,521,20.6120667118822,13.5475963742507,1837.67285382831,2.79106728538283,1.32057292184462,0.309652712507924,48.951048951049,82.7993006993007,FALSE
664199,"Clarke, Taylor",2026,188,97,26.3036395672272,9.58243243830536,1718.26595744681,1.36382978723404,1.31656086350864,0.329958333333333,59.1836734693878,84.0591836734694,FALSE
605483,"Snell, Blake",2025,225,121,25.408770304501,10.8398051715445,1794.24444444444,3.10577777777778,1.30808281848213,0.238975397154031,67.4418604651163,77.9441860465116,FALSE
607067,"Rea, Colin",2026,331,164,33.1567033458645,15.6255430607687,1399.25981873112,1.37492447129909,1.28373773547854,0.308362068965517,72.4137931034483,89.3051724137931,FALSE
680570,"Rodriguez, Grayson",2023,273,167,36.8837510919814,17.0204441678058,1874.89377289377,1.26996336996337,1.28008040719385,0.270883298319328,66.1764705882353,87.1470588235294,FALSE
676440,"Bibee, Tanner",2023,201,106,19.696964131195,7.1230042701221,2034.70149253731,1.66666666666667,1.27088826262777,0.324661096256685,41.1764705882353,81.3264705882353,FALSE
656492,"Griffin, Foster",2026,195,87,17.2729181578374,10.1211077267245,1871.14358974359,1.07435897435897,1.26924618298699,0.287685714285714,51.4285714285714,85.9342857142857,FALSE
676282,"Cantillo, Joey",2024,173,77,30.5511924856045,9.11010639367223,1513.99421965318,0.786705202312139,1.25953476279474,0.268526315789474,63.1578947368421,83.2736842105263,FALSE
592454,"Kahnle, Tommy",2023,293,140,44.4610784588114,14.8513410190028,1335.20890410959,0.709215017064846,1.2551036800695,0.255743099627821,52.0833333333333,84.0020833333333,FALSE
669276,"Lee, Dylan",2025,146,77,16.4876101617984,9.01040097682248,1726.36301369863,2.23356164383562,1.25324330746356,0.31275784030784,51.5151515151515,81.7272727272727,FALSE
642547,"Peralta, Freddy",2023,225,115,28.8270369950382,11.916495608101,1739.65333333333,1.06577777777778,1.25024601064616,0.279765074847143,72.2222222222222,85.725,FALSE
642547,"Peralta, Freddy",2025,633,297,37.8609043293621,14.6199984379472,1932.40126382306,1.41500789889416,1.24916982975182,0.299316393425995,59.1397849462366,85.2333333333333,FALSE
642048,"Saucedo, Tayler",2024,147,74,13.3529396209363,0.515270302117265,2198.55782312925,0.0904761904761912,1.24807246382847,0.265488536155203,55.5555555555556,76.9296296296296,FALSE
547179,"Lorenzen, Michael",2025,382,198,14.9116529711333,8.4809672475659,1983.5445026178,0.525916230366491,1.2418366668981,0.287415566840567,34.9206349206349,83.0079365079365,FALSE
608650,"Enns, Dietrich",2025,218,130,42.671158045918,15.333679058334,1083.60679611651,1.33623853211009,1.23364575758422,0.332869523809524,54,86.494,FALSE
642547,"Peralta, Freddy",2024,530,252,31.5503808286612,13.8034228490291,1730.17680608365,0.711509433962264,1.22730888589594,0.329389216254618,61.1764705882353,85.9341176470588,FALSE
628452,"Iglesias, Raisel",2026,208,134,17.1593958415087,11.3213579439411,1913.44711538462,1.47307692307692,1.18896998497275,0.327266666666667,40,85.6577777777778,FALSE
668941,"Romero, JoJo",2023,104,64,19.3001143260408,2.19036186112981,1564.57692307692,0.698076923076923,1.17582369274246,0.378315789473684,57.8947368421053,82.5,FALSE
425844,"Greinke, Zack",2023,143,69,31.6993773445774,11.4768950164143,1789.93706293706,1.59160839160839,1.16116304709558,0.332813786008231,63.8888888888889,87.8833333333333,FALSE
669022,"Gore, MacKenzie",2026,228,102,27.5380209216588,8.87505021429507,1970.28634361233,0.533771929824562,1.15900923874184,0.353851851851852,35.7142857142857,86.3928571428571,FALSE
643377,"Jax, Griffin",2025,237,139,20.8027688165034,16.0849497369291,1783.08860759494,1.71350210970464,1.14857323658678,0.331489795918367,54.2857142857143,86.2371428571429,FALSE
650911,"Sánchez, Cristopher",2024,992,548,14.2601967048059,7.89723928276743,2017.98487903226,1.615625,1.14498474826039,0.264533607645328,64.5502645502646,82.9502645502646,FALSE
608379,"Wacha, Michael",2023,322,194,32.6846342155939,13.3011934472685,1491.2049689441,1.77795031055901,1.13730230160593,0.312155161290323,41.6666666666667,84.295,FALSE
670329,"Garcia, Rico",2026,188,102,16.489203355881,7.69287350012394,2365.57978723404,1.64468085106383,1.13699466550727,0.291310344827586,37.9310344827586,78.0931034482759,FALSE
670955,"Uceta, Edwin",2025,440,248,10.3248899412001,13.7874783841008,2151.25754060325,0.931136363636364,1.13671295443999,0.4485784073142,36.3636363636364,88.8350649350649,FALSE
596133,"Weaver, Luke",2025,312,170,15.7112878577313,13.660428384951,1970.3717948718,1.59134615384615,1.12784932559126,0.314394952993567,32.5581395348837,87.0162790697675,FALSE
642232,"Yarbrough, Ryan",2024,229,129,27.0171683514918,6.95818608449528,1871.47161572052,0.934497816593886,1.11829615576198,0.310853162393162,44,83.908,FALSE
699134,"Rodriguez, Bradgley",2026,324,180,21.9629907347175,11.8803592128259,1809.02476780186,1.66728395061728,1.07169340166748,0.255416666666667,54.1666666666667,83.8645833333333,FALSE
680739,"Winder, Josh",2023,112,64,26.2494512096681,12.2007816118011,1301.59821428571,0.504464285714286,1.04944334086995,0.318750408496732,41.6666666666667,92.0958333333333,FALSE
664285,"Valdez, Framber",2024,448,245,14.3444311738591,5.80181925211803,1677.05287356322,0.371875,1.04257991209647,0.303179545454545,78.4090909090909,87.1556818181818,FALSE
686218,"Sheehan, Emmet",2023,135,68,50.0387820441817,14.0353970284591,2006.01481481481,0.778518518518518,1.0413210016893,0.3575575,50,86,FALSE
666745,"Brito, Jhony",2024,216,120,11.0348524392482,7.51680620213463,1760.37037037037,1.2625,1.01736979118201,0.347335069875596,50.9803921568627,83.3098039215686,FALSE
641745,"Keller, Brad",2025,127,67,12.2808318796544,10.6519586517145,1725.8188976378,1.5251968503937,1.01560032608125,0.275521739130435,69.5652173913044,81.3652173913044,FALSE
641329,"Baker, Bryan",2025,306,146,22.4465694608685,13.8299000826953,1871.9477124183,1.82222222222222,1.01221811885068,0.338034580338557,33.3333333333333,83.16,FALSE
663158,"Suarez, Robert",2023,151,72,22.4103588414723,12.681344266235,1815.84768211921,1.67019867549669,1.0076713868786,0.303075091575091,42.8571428571429,83.8857142857143,FALSE
668678,"Gallen, Zac",2026,278,129,18.8996981564972,13.7017458580204,1541.89208633094,1.57158273381295,1.00696845005345,0.309509090909091,50.9090909090909,87.7763636363637,FALSE
593974,"Peralta, Wandy",2023,122,62,6.07592354713365,5.94934664467651,2174.01639344262,1.22540983606557,1.00565730472632,0.476623592853083,45.4545454545455,81.4909090909091,FALSE
695418,"Lord, Brad",2025,276,136,17.3354697525311,6.33534871195607,1957.0615942029,0.182246376811594,0.995161366461984,0.358554725862438,43.4782608695652,87.9913043478261,FALSE
641871,"Middleton, Keynan",2023,142,82,7.71762218262102,11.7908937222121,1875.30281690141,1.0669014084507,0.992022176303401,0.478678031247752,47.6190476190476,83.1428571428572,FALSE
677955,"Hill, Jaden",2025,120,69,28.0150497294174,13.4630103568192,1637.50833333333,0.339166666666667,0.98659649403451,0.331584595959596,50,80.1181818181818,FALSE
681867,"Criswell, Cooper",2024,450,250,16.9643582653027,4.77747951432747,1515.88888888889,0.205555555555555,0.983875714363118,0.306955215762777,69.2307692307692,90.0957264957265,FALSE
663738,"Lynch IV, Daniel",2024,132,67,25.8654121948239,12.7659537851634,1623.89393939394,0.936363636363637,0.982714471000845,0.325197855750487,51.8518518518519,86.6888888888889,FALSE
676282,"Cantillo, Joey",2025,498,244,24.2351105330557,8.43102742596115,1511.88554216867,0.758032128514056,0.969071424313321,0.281814123376623,45.7142857142857,80.9342857142857,FALSE
694813,"Stone, Gavin",2024,555,300,25.5234600924411,12.6704608709504,1664.71351351351,0.583243243243244,0.953139294331651,0.377408976498264,39.5604395604396,86.7087912087912,FALSE
641540,"Dunning, Dane",2024,207,99,21.9111200167976,2.15256280157174,1903.53623188406,-1.03478260869565,0.950799390342819,0.403433547066012,45.1612903225806,86.4548387096774,FALSE
542881,"Anderson, Tyler",2024,1051,538,20.9646252248784,9.77077803166154,1885.20171265461,1.57592768791627,0.947427973761789,0.305772635893422,45.0777202072539,83.0238341968912,FALSE
664299,"Javier, Cristian",2024,153,76,55.684115338866,15.7205651575766,2396.64052287582,1.35228758169935,0.942395587715515,0.325129682539682,30,86.33,FALSE
500779,"Quintana, Jose",2024,524,213,27.9111413855607,11.6711424980797,1322.61100196464,0.331297709923663,0.941704594066933,0.318164705882353,64.7058823529412,84.0505882352941,FALSE
676106,"Hancock, Emerson",2024,213,117,31.4488657333299,11.4386908478693,1880.21596244131,0.542723004694837,0.940003220385268,0.350462832864981,35.8490566037736,86.5754716981132,FALSE
579328,"Kikuchi, Yusei",2025,374,183,6.46752247216559,10.9640989799685,1542.5320855615,-0.0521390374331555,0.939245000214028,0.352048608627662,44.2857142857143,87.8885714285714,FALSE
689690,"Jacob, Alek",2025,169,86,32.4260910787917,10.2264685908461,2155.31360946746,-0.0982248520710068,0.936029687297282,0.274414942103966,56.0975609756098,80.8975609756098,FALSE
677960,"Weathers, Ryan",2024,354,193,16.3386676085845,13.6990953999063,1814.47740112994,0.804802259887006,0.935092887899497,0.362031716883891,58.3333333333333,89.4347222222222,FALSE
519242,"Sale, Chris",2026,211,115,16.4296813330717,11.2534908236165,1845.19711538462,1.36208530805687,0.93382014322446,0.330083333333333,64.5833333333334,90.5458333333333,FALSE
693855,"Seymour, Ian",2025,306,170,21.2957328720984,9.98095053182245,1711.84640522876,1.09411764705882,0.92446007161366,0.416519572536317,33.9622641509434,87.5792452830189,FALSE
607074,"Rodón, Carlos",2025,467,244,9.89049282952048,15.93787430867,1645.18415417559,0.87323340471092,0.91956201410645,0.328410486128929,55.8823529411765,85.8862745098039,TRUE
670950,"Richards, Trevor",2026,214,95,61.9799093875586,21.31929272515,2555.19158878505,0.685981308411215,0.906019633206875,0.331035714285714,42.8571428571429,81.3,FALSE
676130,"Buttó, José",2024,266,138,27.0287541192354,13.7112529788375,1838.71428571429,-0.0951127819548878,0.899799732327681,0.39842367792415,41.4634146341463,90.5341463414634,FALSE
571510,"Boyd, Matthew",2025,637,355,8.03996600069312,9.57136187334586,1817.92307692308,1.49183673469388,0.879440397869147,0.311521875530595,35.9154929577465,86.8387323943662,FALSE
676272,"Miller, Bobby",2024,210,83,30.4115590638947,11.4618435290858,2248.00952380952,-0.0376190476190471,0.876724172256622,0.273780381944444,58.3333333333333,81.0541666666667,FALSE
670046,"Rosenberg, Kenny",2024,127,67,14.4473355769855,9.67285748587504,1637.70078740158,0.185826771653543,0.874581158734475,0.396127865961199,51.8518518518519,85.8481481481481,FALSE
683409,"Chivilli, Angel",2024,200,124,12.0937197434212,7.06894642193019,1788.55,0.106,0.872807513089107,0.392772239283044,51.5151515151515,84.9333333333333,FALSE
605400,"Nola, Aaron",2026,292,134,23.23731643993,12.6249923313607,1549.13698630137,0.650342465753424,0.863506563145641,0.297882352941177,47.0588235294118,86.2529411764706,FALSE
571578,"Corbin, Patrick",2026,233,103,17.403965958428,8.97162327483047,1204.12554112554,0.606008583690987,0.86170668756409,0.322820512820513,41.025641025641,86.2769230769231,FALSE
693821,"Elder, Bryce",2026,151,71,28.6803138167274,12.0476359415723,1355.18543046358,0.329801324503311,0.853450451957125,0.278941176470588,44.1176470588235,83.164705882353,FALSE
656849,"Peterson, David",2024,306,144,22.009820517012,10.7624533810549,1636.82679738562,0.397385620915033,0.828572851023221,0.308536370573871,50.7936507936508,88.5873015873016,FALSE
676664,"Sears, JP",2024,547,255,28.580908743591,13.1825967230899,1675.521023766,-0.589213893967093,0.823671996653771,0.344345858837429,55.1470588235294,86.4794117647059,FALSE
657097,"Webb, Jacob",2026,291,177,21.6498101061032,9.23337618006406,2271.05154639175,1.14054982817869,0.807997179482026,0.335020833333333,43.75,84.2354166666667,FALSE
657097,"Webb, Jacob",2025,337,193,19.2678703844837,8.44583464871059,2260.63692307692,1.22640949554896,0.799993967227577,0.330755826798438,31.5068493150685,82.5602739726027,FALSE
666157,"Lodolo, Nick",2025,534,302,8.76901517715858,7.60937780259058,1833.93445692884,1.29850187265918,0.788309100651283,0.324406502102818,59.8425196850394,85.796062992126,FALSE
694738,"Roupp, Landen",2026,402,222,27.1807282710591,13.4034680279318,1875.83582089552,1.14228855721393,0.786172317901751,0.291532467532468,64.1025641025641,81.6076923076923,FALSE
650633,"King, Michael",2024,697,426,28.0318437241471,11.3833081003478,2044.27994227994,1.25853658536585,0.78549144895557,0.315342843444773,44.9664429530201,81.6751677852349,FALSE
663687,"Harris, Hogan",2024,200,77,29.8002358676507,10.3439196258958,2064.825,1.001,0.78013274576521,0.239111111111111,40.5405405405405,80.1243243243243,FALSE
700241,"McGreevy, Michael",2026,358,175,12.0084491696717,10.5279892069423,1732.22346368715,0.646648044692737,0.772821209605032,0.361579545454545,55.6818181818182,86.5090909090909,FALSE
641778,"Lauer, Eric",2026,218,102,17.4896909639134,9.77527239210172,1348.96788990826,-0.0486238532110088,0.768095591691129,0.319095238095238,42.8571428571429,87.8031746031746,FALSE
606965,"Devenski, Chris",2024,239,92,21.803770285703,14.0596821176291,1696.56485355649,0.498326359832636,0.759081774882622,0.36923355056779,18.75,89.06875,FALSE
650911,"Sánchez, Cristopher",2023,374,205,15.609996830913,6.24043306966658,1887.78877005348,0.822994652406418,0.758391868738584,0.35973111156457,71.875,78.5859375,FALSE
663460,"Bubic, Kris",2025,371,208,35.3028606445774,18.4789692057245,1607.75202156334,0.636657681940701,0.755600694155086,0.278584633683897,66.1290322580645,88.7870967741936,FALSE
650911,"Sánchez, Cristopher",2026,800,450,14.954205575381,5.51254165715508,2031.5525,1.233875,0.754693611623082,0.284240310077519,61.5384615384615,83.4523076923077,FALSE
701581,"Festa, David",2025,253,133,14.0942789651034,12.7652130858204,1757.54150197628,0.866798418972332,0.744281667391513,0.314259766205769,41.6666666666667,85.6583333333333,FALSE
650911,"Sánchez, Cristopher",2025,1058,583,14.200644205204,6.08358794721151,2043.15042573321,1.61077504725898,0.728871400973097,0.318086004834944,60.233918128655,84.2795321637427,FALSE
670970,"Morejon, Adrian",2026,195,117,38.0000734161958,18.5785797172263,1073.33333333333,1.91384615384615,0.725776866044598,0.240413793103448,75.8620689655172,85.6068965517241,FALSE
669330,"Wells, Tyler",2026,186,115,15.4912443262099,6.82737164634622,2205.75268817204,2.2010752688172,0.722391736551971,0.29609756097561,34.1463414634146,81.7536585365854,FALSE
686613,"Brown, Hunter",2024,357,151,21.8820073997651,11.1524198278268,1461.01994301994,0.805042016806723,0.719205176481927,0.269960657755388,55.5555555555556,83.0380952380953,FALSE
641329,"Baker, Bryan",2026,289,153,20.9306126024477,14.8040979613958,1850.56747404844,2.22664359861592,0.7184801672036,0.266865384615385,44.2307692307692,80.8980769230769,FALSE
681857,"Olson, Reese",2025,297,155,22.5729499414841,15.6852826273879,1958.36785714286,0.725252525252524,0.718203154641493,0.349340979264267,54.2857142857143,85.5314285714286,FALSE
608334,"Fulmer, Carson",2025,130,85,24.5032759573007,14.5370416439,1419.8,0.656923076923078,0.712559786502008,0.281127086656034,46.6666666666667,86.33,FALSE
547179,"Lorenzen, Michael",2023,235,128,16.8353649353745,9.64022988498816,2053.34042553192,0.452765957446809,0.70792647190338,0.274857216004682,45.2380952380953,82.8714285714286,FALSE
571760,"Heaney, Andrew",2024,444,261,13.7638595959947,9.07265610439354,2106.42342342342,0.696171171171171,0.704677777880129,0.352568886664898,44.8275862068966,86.5224137931035,FALSE
527048,"Pérez, Martín",2026,431,231,11.589422546153,8.4657875580245,1623.15081206497,0.465893271461717,0.704139494336356,0.351022222222222,50,82.5888888888889,FALSE
542881,"Anderson, Tyler",2023,324,169,21.6065846553247,9.54595432928886,1840.84161490683,1.01851851851852,0.702279895841257,0.358394659985096,46,81.672,FALSE
668678,"Gallen, Zac",2025,498,242,18.4958384273646,14.6352196529892,1517.21485943775,0.976506024096386,0.701752839790244,0.283268599594513,60.7843137254902,84.1911764705882,FALSE
671096,"Abbott, Andrew",2026,370,172,15.5627688400445,9.19117184058288,1981.51081081081,0.803513513513514,0.701021348225946,0.311281690140845,54.9295774647887,82.9915492957747,FALSE
700249,"Povich, Cade",2025,292,127,20.6021971016574,14.8597881641916,1146.15410958904,-0.485273972602739,0.689987937519395,0.399827019778107,57.4468085106383,86.1042553191489,FALSE
607074,"Rodón, Carlos",2026,128,66,7.89357306289193,15.3507139864431,1658.078125,0.61015625,0.684538486727186,0.323125,50,88.175,TRUE
645261,"Alcantara, Sandy",2023,279,166,8.23102040193144,12.363213621662,1953.37275985663,0.841935483870968,0.669710691759601,0.315178661333748,58.3333333333333,83.385,FALSE
688138,"Evans, Logan",2025,155,68,12.5906404420822,10.0036486277778,2046.62580645161,-0.0748387096774192,0.66151659375338,0.300483834586466,53.3333333333333,86.38,FALSE
607625,"Lugo, Seth",2024,205,99,22.7950774315617,11.9549035366693,1852.60487804878,0.131219512195122,0.661314126686663,0.384897118941916,50,82.9970588235294,FALSE
665152,"Kremer, Dean",2023,139,63,32.5947319693311,13.0982996824662,1699.06474820144,-0.507194244604317,0.650736477285421,0.35659649122807,54.1666666666667,80.7625,FALSE
607259,"Martinez, Nick",2024,454,265,35.3068808556412,13.2400379247372,2104.7417218543,1.51850220264317,0.648080103438916,0.282794528282149,43.010752688172,80.0064516129032,FALSE
666157,"Lodolo, Nick",2026,255,131,7.8875628930743,7.79193075895906,1894.69411764706,0.953333333333333,0.64784864076986,0.34418,49.0196078431373,86.143137254902,FALSE
656849,"Peterson, David",2025,404,209,21.6447579876393,9.82453313816927,1563.97524752475,0.54009900990099,0.647708524779437,0.312549193554614,65.4320987654321,88.2024691358025,FALSE
678022,"Perkins, Jack",2026,221,115,28.7060690086187,15.793447065303,1197.32126696833,0.844796380090499,0.645553143702951,0.328294117647059,61.7647058823529,88.2558823529412,FALSE
592094,"Adam, Jason",2025,363,187,21.2225550699867,16.7423047551309,2039.50688705234,0.855922865013774,0.633057177718705,0.270065292536745,57.3770491803279,89.7409836065574,FALSE
593974,"Peralta, Wandy",2024,256,135,7.47205611194346,5.93958362132787,2158.34901960784,0.457421875,0.622280989155101,0.290326150452112,57.6923076923077,83.6653846153846,FALSE
643377,"Jax, Griffin",2024,177,104,20.212958886909,15.9272231007494,1885.09770114943,1.37118644067797,0.621318744448073,0.308836670338452,67.6470588235294,85.8588235294118,FALSE
570632,"Ureña, José",2024,316,159,6.39098776418442,6.09938257876288,1801.83544303797,0.012974683544304,0.619779175941073,0.338664726953202,38.9830508474576,82.5610169491526,FALSE
669203,"Burnes, Corbin",2023,126,64,18.2849700360654,3.00685275890718,2062.84920634921,0.593650793650795,0.619295196069832,0.363527380952381,48,84.772,FALSE
502624,"Anderson, Chase",2024,302,140,30.0141157897683,6.38529465727511,2301.13245033113,1.2317880794702,0.605250057502749,0.319644992044015,28.8135593220339,83.9440677966102,FALSE
657277,"Webb, Logan",2025,785,445,33.0081375353267,15.760701704663,1502.3898089172,1.17273885350318,0.604601740801772,0.367829970952412,66.4335664335664,90.327972027972,FALSE
676395,"Garcia, Robert",2023,139,63,15.919570344644,14.343149674259,1703.94202898551,0.545323741007195,0.599534737972989,0.404684210526316,57.8947368421053,80.5315789473684,FALSE
671096,"Abbott, Andrew",2023,193,86,9.73893940114876,7.34214218483328,2052.58031088083,0.25699481865285,0.591553152559407,0.385127890499195,43.3333333333333,88.6133333333333,FALSE
661563,"Gil, Luis",2024,674,278,23.0773698925645,14.3794741521531,1721.05882352941,0.332789317507419,0.587747685204314,0.331315539452496,51.1111111111111,85.5911111111111,FALSE
676974,"Meyer, Max",2026,183,80,12.3658960600782,14.4854665571206,1591.86885245902,0.167213114754099,0.586061672586755,0.390916666666667,45.8333333333333,91.0333333333333,TRUE
642207,"Williams, Devin",2024,176,84,55.618251904638,20.2273929841884,2720.42045454545,1.45738636363636,0.581952668258609,0.322333333333333,66.6666666666667,77.68,FALSE
621244,"Berríos, José",2024,465,249,30.9598309277014,11.9248981835935,1587.57768052516,0.333118279569893,0.581770178251899,0.34111982486703,43.6893203883495,86.8271844660194,FALSE
605483,"Snell, Blake",2023,277,143,23.7397158295439,11.0895899249583,1755.75451263538,2.38050541516246,0.569086197676864,0.274564935064935,52.8301886792453,80.4490566037736,FALSE
691951,"Aldegheri, Sam",2026,187,103,52.960508397609,9.61903382056282,1881.70588235294,0.758288770053475,0.560666575992523,0.3638,34.2857142857143,85.8285714285714,FALSE
661563,"Gil, Luis",2025,208,86,25.1617418786363,13.3652845863566,1729.36538461538,0.00769230769230853,0.549567098191629,0.35180312257529,54.7619047619048,85.4357142857143,FALSE
607200,"Fedde, Erick",2024,459,196,23.6541417531504,6.35742803778236,1730.13507625272,-0.0161220043572981,0.536772026334529,0.319987386854396,56.1797752808989,88.6292134831461,FALSE
642528,"Loáisiga, Jonathan",2026,185,103,20.1843419890112,9.67229589467787,1776.87027027027,0.348108108108109,0.529220793154003,0.363868421052632,60.5263157894737,86.7078947368421,FALSE
543294,"Hendricks, Kyle",2025,973,540,13.1737909137876,6.35305239323954,2077.26310380267,0.553751284686537,0.518080127587814,0.313894307510944,38.0952380952381,83.4818181818182,FALSE
621107,"Eflin, Zach",2024,147,75,17.0314575453649,10.3894404214141,1597.04137931034,0.448979591836735,0.512765330594055,0.304375626885971,46.8085106382979,83.331914893617,FALSE
571948,"Milner, Hoby",2024,142,62,18.7874824964483,4.29528948059672,1707.07042253521,-0.438732394366197,0.484636950000781,0.357338709677419,59.375,87.953125,FALSE
701542,"Warren, Will",2026,188,84,23.0008748696416,15.43930883056,1695.31914893617,0.960106382978723,0.479095698016253,0.367305555555556,55.5555555555556,83.7416666666667,FALSE
608379,"Wacha, Michael",2024,833,467,34.3731800606414,15.0890693575314,1549.59783913565,1.71692677070828,0.477024712573652,0.311551193074,42.6751592356688,83.6433121019108,FALSE
686752,"Pepiot, Ryan",2025,666,361,48.6491191028989,19.0732757205429,2506.65426356589,0.744294294294294,0.464032562428026,0.362177188695735,50.7352941176471,88.8301470588235,FALSE
686613,"Brown, Hunter",2025,345,153,24.286748470197,12.0552862089352,1501.12463768116,0.435362318840579,0.459578386534008,0.308413330826772,43.75,84.3921875,FALSE
694738,"Roupp, Landen",2025,310,154,21.5261727592461,4.96305277961202,1825.34838709677,0.174838709677419,0.453983334079494,0.354723198928694,57.4074074074074,88.4777777777778,FALSE
666200,"Luzardo, Jesús",2024,224,121,14.7176789307627,8.85085324116951,1933.72321428571,0.446428571428571,0.449508509847851,0.381678983178983,52.6315789473684,83.5921052631579,FALSE
489119,"Miley, Wade",2023,243,105,26.6287034915308,9.6680667772513,1816.03703703704,1.13662551440329,0.447676239584266,0.252227260458839,63.1578947368421,83.9263157894737,FALSE
647336,"Soroka, Michael",2025,154,63,16.0896114033984,9.25389250652677,2209.14285714286,-0.30844155844156,0.447110269701784,0.256133487940631,53.5714285714286,80.1071428571429,FALSE
668941,"Romero, JoJo",2025,209,95,20.4265310703988,13.0185747945498,1391.57894736842,0.164114832535885,0.446287104990979,0.297258235294118,61.7647058823529,87.9852941176471,FALSE
579328,"Kikuchi, Yusei",2024,313,130,3.86142306752462,10.7328285873163,1653.60383386581,-0.326517571884984,0.437356622456915,0.331187494986007,60.8695652173913,84.5652173913044,FALSE
660761,"Suarez, José",2026,236,140,17.8519146603288,14.9512560602481,1612.0593220339,0.231779661016949,0.437030914745313,0.357658536585366,51.219512195122,86.2804878048781,FALSE
666142,"Ragans, Cole",2024,728,418,16.1982048833929,8.54732116556945,2161.33653846154,1.07870879120879,0.431069889562503,0.30483022328933,42.1052631578947,81.1964912280702,FALSE
605280,"Holmes, Clay",2025,433,231,24.4076764201652,13.6875548149714,1105.57967667436,0.606235565819862,0.423546558134554,0.322608501809508,63.8888888888889,87.2569444444445,FALSE
669203,"Burnes, Corbin",2024,326,146,18.7208990526307,5.63866548932903,2037.01846153846,0.254294478527609,0.420364689497138,0.311869452286844,58.6956521739131,82.8086956521739,FALSE
682847,"Ortiz, Luis",2025,194,99,13.3216534345739,10.5117398874695,1461.9175257732,-0.4,0.414301102416493,0.390054621848739,52.9411764705882,90.2205882352941,FALSE
666200,"Luzardo, Jesús",2025,516,287,15.2307585475152,9.05911516336483,1930.34563106796,1.23992248062015,0.409375683684861,0.328533688704083,49.0740740740741,84.4398148148148,FALSE
663558,"Morán, Jovani",2026,240,114,29.6568194867215,11.3738886884953,1756.05,0.621666666666666,0.409254983343578,0.340290322580645,40.625,83.10625,FALSE
608379,"Wacha, Michael",2026,469,245,39.5581938943684,13.3032232610952,1536.38592750533,1.26929637526652,0.393237759554202,0.300782178217822,42.5742574257426,84.0544554455446,FALSE
676395,"Garcia, Robert",2025,257,134,13.350232690555,13.1704382460544,1687.8431372549,0.903501945525292,0.391945600689402,0.312438415495657,61.8181818181818,85.8672727272727,FALSE
683627,"Molina, Anthony",2024,234,106,17.0237516577444,9.88023545327982,1841.57709251101,-0.183760683760683,0.390352393815466,0.314435897435897,46.1538461538462,85.5230769230769,FALSE
661309,"Martinez, Adrián",2023,129,74,51.4017854467024,12.1056450028472,2294.31007751938,0.708527131782945,0.384250030205589,0.377570875877253,42.3076923076923,91.6115384615385,FALSE
685126,"Eisert, Brandon",2025,356,174,13.4105183237329,12.7383729576942,1329.38483146067,-0.430056179775281,0.382567957638525,0.327430988382814,51.6129032258065,85.358064516129,FALSE
668678,"Gallen, Zac",2024,350,184,19.593917841335,13.5249628002255,1533.08571428571,0.755142857142857,0.377257297264831,0.373958215408805,50,88.5763888888889,FALSE
669373,"Skubal, Tarik",2026,359,218,21.2094579980571,15.1176158580547,1823.4651810585,1.53509749303621,0.374417887267858,0.366483333333333,58.3333333333333,81.835,FALSE
570632,"Ureña, José",2025,230,117,6.19168435748473,5.03956355055928,1858.31304347826,-0.275217391304348,0.373761307191124,0.400982166947902,37.2093023255814,84.2209302325582,FALSE
596133,"Weaver, Luke",2024,381,198,17.073247668972,15.8979041290239,1870.37532808399,0.86246719160105,0.365830209783064,0.337658548842462,54.5454545454545,83.8672727272727,FALSE
701656,"Henderson, Logan",2026,211,117,37.6610778937154,12.775070777844,2550.45497630332,0.863981042654029,0.365565494080818,0.341117647058824,20.5882352941176,85.4382352941177,FALSE
669373,"Skubal, Tarik",2024,761,454,19.4315006291073,13.1896187977397,1689.6100795756,1.05584756898817,0.357190730062289,0.342579836050384,48.5915492957747,86.2683098591549,FALSE
668674,"Erceg, Lucas",2023,132,64,14.9675808232955,10.2744593862048,1916.65648854962,0.334848484848485,0.356665559039047,0.378166666666667,41.6666666666667,88.225,FALSE
678394,"Bello, Brayan",2023,316,165,22.2900742856512,11.0407198621387,1749.71518987342,0.329113924050633,0.351784416582652,0.30656267738072,45.2830188679245,81.4754716981132,FALSE
641927,"Ober, Bailey",2025,640,361,35.3180531809481,11.5116986957255,2028.7421875,0.45375,0.343952174213709,0.316151803928013,37.7952755905512,85.0543307086614,FALSE
645261,"Alcantara, Sandy",2025,653,360,7.78305776452706,10.2574735982793,2089.01225114855,0.322052067381318,0.340579095620357,0.30084469124424,55.2,86.5264,FALSE
696136,"Wicks, Jordan",2023,166,86,26.8851898023479,11.8968818993358,1498.72891566265,0.862048192771085,0.335326530505696,0.295744175816441,51.5151515151515,83.1818181818182,FALSE
663947,"Holton, Tyler",2024,247,147,39.0494704039305,12.8095819314832,1662.53441295547,0.576113360323887,0.332135979139499,0.380974121769434,46.875,85.153125,FALSE
592454,"Kahnle, Tommy",2025,825,365,44.7363295480162,16.926924832583,1279.99632352941,0.00412121212121274,0.325641129108845,0.357702440429308,51.3513513513514,88.6432432432433,FALSE
681857,"Olson, Reese",2024,388,193,22.2287851463031,14.8308087789966,1980.23711340206,-0.272938144329897,0.307737156142771,0.365487167594311,48.2142857142857,91.0946428571429,FALSE
518876,"Kelly, Merrill",2025,756,447,14.9210462739132,14.7684698479697,2159.3544973545,0.920370370370371,0.305767958901053,0.345708279039423,61.0738255033557,87.9140939597316,TRUE
696149,"Chandler, Bubba",2026,300,139,23.7791724062376,13.7425022599555,2066.48333333333,0.513,0.301102430307225,0.307180327868853,49.1803278688525,84.4852459016394,FALSE
605400,"Nola, Aaron",2023,160,84,26.1196124779978,12.3121739939086,1577.54088050314,0.4075,0.297946866821096,0.390333019713262,46.6666666666667,86.2366666666667,FALSE
608718,"Suter, Brent",2026,285,139,21.550432693796,7.28764735917543,1553.46071428571,-0.134385964912282,0.294013339294981,0.34469387755102,48.9795918367347,81.9489795918367,FALSE
640455,"Manaea, Sean",2024,337,178,6.99404942957206,7.28652997659107,1502.00925925926,-0.737982195845696,0.279715534882645,0.324377594639674,54.8780487804878,86.9756097560976,FALSE
656578,"Jackson, Andre",2023,179,104,33.8823362060121,11.8818045460897,1785.55617977528,-0.194972067039106,0.272992615361679,0.427502008860705,39.3939393939394,88.6181818181818,FALSE
593958,"Rodriguez, Eduardo",2026,541,263,21.4702039839361,10.7022164141921,1869.79297597043,0.938262476894639,0.271218000682953,0.292674418604651,58.0152671755725,84.9511450381679,FALSE
678394,"Bello, Brayan",2026,202,116,21.0428256057617,6.57954548075721,1751.90594059406,0.281188118811882,0.258479879903006,0.372282051282051,51.2820512820513,86.8333333333333,FALSE
806185,"Birdsong, Hayden",2025,200,87,43.2158782813481,19.9319071025216,1318.55,0.1075,0.258403185468267,0.415470801767677,62.5,92.8875,FALSE
665795,"Cabrera, Edward",2024,564,290,10.9268042184395,10.1067820344356,1631.97340425532,0.219503546099292,0.25118205884601,0.3784205194928,60.4651162790698,86.7755813953488,FALSE
671096,"Abbott, Andrew",2025,512,278,13.0262902517549,8.15638719312547,1982.529296875,0.8224609375,0.248263805816656,0.351928348375795,39.1666666666667,83.6533333333333,FALSE
657097,"Webb, Jacob",2023,127,70,22.96473114777,10.000938066433,2113.25984251969,-0.150393700787402,0.245526834262473,0.318519574175824,56.25,80.56875,FALSE
656288,"Canning, Griffin",2024,745,425,25.8836305967955,12.937290535177,1771.68187919463,0.596510067114094,0.24350672553615,0.33178819403926,51.4450867052023,87.1109826589595,FALSE
573009,"Mantiply, Joe",2024,224,130,31.924399891817,5.12892582871629,1673.89285714286,0.372767857142857,0.237486293719913,0.309401947484334,54.5454545454545,84.8795454545455,FALSE
678394,"Bello, Brayan",2025,405,201,19.4939980620791,10.1508652937215,1840.23456790123,-0.205432098765432,0.220316370890216,0.370964303954853,53.6585365853659,84.640243902439,FALSE
663776,"Sandoval, Patrick",2024,409,213,36.4757867432907,9.08312529107512,1698.99511002445,0.459413202933985,0.22012386486521,0.331780377178324,40.8450704225352,81.9042253521127,FALSE
693821,"Elder, Bryce",2023,173,78,17.1967652278309,11.9923630586814,2104.24277456647,0.0369942196531798,0.219741269088129,0.283603896103896,64.2857142857143,87.2,FALSE
518876,"Kelly, Merrill",2023,297,176,17.6310418111404,14.2723938772655,2126.19865319865,0.882491582491583,0.204048300165365,0.365414669811321,62.2641509433962,85.9433962264151,FALSE
605400,"Nola, Aaron",2025,242,125,26.1045023406939,12.2952058105903,1602.72314049587,0.197520661157025,0.19420178406449,0.328642309902903,46.4285714285714,88.7928571428571,FALSE
702070,"Cameron, Noah",2026,404,198,20.5477443227837,9.92655758671113,1643.17128463476,0.74009900990099,0.191766845685424,0.324402985074627,40.5797101449275,82.0434782608696,FALSE
656302,"Cease, Dylan",2026,223,83,5.24736002436943,8.73746132994568,1767.83856502242,0.854708520179373,0.189359109622425,0.3038,40,80.815,FALSE
670046,"Rosenberg, Kenny",2023,199,118,15.5666522074477,9.42985383591324,1544.80904522613,-0.369849246231156,0.186353401770836,0.352691509438866,48.8888888888889,87.6266666666667,FALSE
608331,"Fried, Max",2023,140,66,29.1922860725152,10.3022969857184,1435.80714285714,0.455714285714286,0.18483904228614,0.334291666666667,58.3333333333333,84.9916666666667,FALSE
815083,"Farris, Mitch",2026,168,78,51.0918527527928,18.5232053942997,1685.05952380952,-0.37797619047619,0.181744897770517,0.394952380952381,57.1428571428571,84.252380952381,FALSE
681347,"Burrows, Mike",2026,412,219,22.7553724138742,12.6494761700034,1481.62378640777,-0.0638349514563114,0.180793520967775,0.300714285714286,48.0519480519481,84.8649350649351,FALSE
686610,"Waldichuk, Ken",2023,202,101,22.7998616286235,11.3982710508233,1631.59701492537,-0.785643564356436,0.174301891329215,0.351127901974979,58.1395348837209,81.0627906976744,FALSE
696136,"Wicks, Jordan",2024,220,117,28.2633941217757,12.6253903631319,1513.38181818182,0.299545454545455,0.159181021484447,0.347627414256362,48.6486486486487,84.7027027027027,FALSE
687075,"Sproat, Brandon",2026,132,61,24.8997690855551,11.5690430972836,1700.43846153846,-0.255303030303031,0.142996874536589,0.345,66.6666666666667,92.3444444444445,FALSE
571760,"Heaney, Andrew",2025,352,176,14.1745399340322,8.28313012252763,2107.04829545455,-0.16875,0.140656305816035,0.345151716257548,48.8888888888889,87.2,FALSE
666142,"Ragans, Cole",2025,206,113,15.0275142569488,8.80418757308376,2070.92718446602,0.859708737864078,0.139714040942664,0.295155189444199,32.3529411764706,84.7911764705883,FALSE
674003,"Bradford, Cody",2024,321,157,25.3415074239433,8.83633170746072,1787.07165109034,1.0202492211838,0.132721387193665,0.363424435981305,44.0677966101695,84.4050847457627,FALSE
667463,"King, John",2024,237,121,9.47084989558601,0.798850120102267,1635.50632911392,-0.190717299578059,0.131456199869829,0.360370730779217,50,87.2793103448276,FALSE
678394,"Bello, Brayan",2024,729,390,21.4953333895838,10.5459027943942,1809.91083676269,0.0148148148148148,0.129380444915811,0.355756887783945,49.6124031007752,84.4426356589147,FALSE
621244,"Berríos, José",2025,423,240,27.8646813489902,12.0921496052268,1556.13238770686,-0.0995271867612289,0.116259642279958,0.379332597247347,45.3488372093023,87.2639534883721,FALSE
656232,"Bielak, Brandon",2024,139,72,21.0014121079702,11.3298812708848,2039,-0.373381294964029,0.108878762222086,0.37644696969697,43.75,88.01875,FALSE
693433,"Woo, Bryan",2024,161,82,14.0815960529561,12.1769250666776,1927.99378881988,-0.00434782608695589,0.103147880417876,0.303278647356722,55.3191489361702,89.2170212765958,FALSE
681343,"Smith, Shane",2025,402,197,23.6081113420206,14.2871750390996,1588.90355329949,-0.538805970149254,0.0976376589915651,0.365674546703297,48.5714285714286,92.0957142857143,FALSE
571927,"Matz, Steven",2026,287,150,27.2804625790052,12.0340325872083,2357.01742160279,0.198954703832752,0.096704948745693,0.362940298507463,34.3283582089552,85.3014925373134,FALSE
666974,"Cano, Yennier",2023,110,67,9.78523342935823,-4.37217823642027,1828.59090909091,-0.299090909090909,0.0933192101128156,0.418639813258637,36,87.752,FALSE
670950,"Richards, Trevor",2024,628,256,64.8574207727259,22.0567564676331,2600.40064620355,0.391082802547771,0.0931767272967086,0.255391470146198,41.1111111111111,83.9011111111111,FALSE
683409,"Chivilli, Angel",2025,360,190,12.4200483809749,4.16935873382342,1851.63888888889,-0.488888888888889,0.0723201770524058,0.338596609746308,51.7857142857143,86.0214285714286,FALSE
663947,"Holton, Tyler",2026,127,66,43.8632135765369,13.5378161240147,1418.40157480315,0.101574803149605,0.0680306636948534,0.238041666666667,62.5,81.2791666666667,FALSE
694297,"Pfaadt, Brandon",2024,310,151,17.4617533955921,12.4074012697027,2074.01612903226,0.376774193548387,0.0449172779487972,0.289865217391304,51.6666666666667,88.3483333333333,FALSE
624133,"Suarez, Ranger",2024,384,200,23.5601288033205,11.4901838057083,1231.18548387097,-0.390364583333333,0.0439118355665626,0.345376058201058,45.8333333333333,83.6763888888889,FALSE
641302,"Alexander, Tyler",2025,252,121,21.3171182320936,13.7174241122025,1519.61111111111,-0.0186507936507937,0.0383405232281631,0.367949181848853,60,87.515,FALSE
687888,"Walter, Brandon",2025,149,72,44.6326414247553,12.2558499762251,2076.59060402685,0.103355704697986,0.0382544765405168,0.244464285714286,46.4285714285714,82.7071428571429,FALSE
434378,"Verlander, Justin",2024,154,80,22.7247148871503,12.3462848281316,1779.95454545455,-0.572727272727272,0.0300949736516917,0.318763020833333,25,80.8541666666667,FALSE
666277,"Soriano, George",2023,132,62,18.5518148984917,10.209334320389,2048.07086614173,0.0219696969696967,0.0218922450265068,0.408459866220736,65.3846153846154,88.9692307692308,FALSE
686218,"Sheehan, Emmet",2025,178,89,53.9297686521355,19.1259438172499,1146.66853932584,0.0398876404494385,0.0160636331228205,0.28998610626367,34.4827586206897,89.5965517241379,FALSE
592662,"Ray, Robbie",2025,395,174,5.83930495948793,8.91049936467041,1650.74683544304,-0.234683544303798,0.0140046020970096,0.345065731177913,38.1818181818182,90.1763636363636,FALSE
593974,"Peralta, Wandy",2025,372,214,7.79084341909137,5.5678593228011,2174.83333333333,0.175268817204302,0.0125089302652857,0.348659118121618,64.9350649350649,82.6467532467533,FALSE
656641,"Latz, Jacob",2024,185,108,25.0908673163771,10.0440219835058,2024.7027027027,0.697837837837838,0.0108612806932956,0.370557828008685,42.5,83.525,FALSE
571510,"Boyd, Matthew",2026,287,165,12.0930688914734,9.89074432284457,1782.62717770035,1.02926829268293,0.00913397954078161,0.353145161290323,30.6451612903226,81.3838709677419,FALSE
665795,"Cabrera, Edward",2025,566,288,12.3268873197623,11.4124892320111,1750.73851590106,0.779858657243816,0.00890409873535513,0.345279028157077,63.302752293578,88.3678899082569,FALSE
543475,"Lyles, Jordan",2023,192,85,21.6073482152605,11.1278207280707,1706.41145833333,-0.905729166666667,-0.00731390158111641,0.366897030651341,44.4444444444444,88.9638888888889,FALSE
543294,"Hendricks, Kyle",2024,805,438,13.9007769977104,6.64351484801014,2169.92919254658,-0.216273291925466,-0.0129932213773278,0.32570985451551,45.1612903225806,82.1994623655914,FALSE
805123,"Blubaugh, AJ",2026,241,110,33.1158785572268,15.7776545993749,2345.01244813278,-0.586721991701246,-0.0145751940552109,0.341444444444444,43.4782608695652,87.3847826086957,FALSE
596295,"Gomber, Austin",2024,537,275,29.3943107362766,8.87700592663199,1664.17504655494,0.154562383612662,-0.0181253865247585,0.353420761582056,40.8333333333333,87.5716666666667,FALSE
680570,"Rodriguez, Grayson",2026,193,88,31.7866651271798,13.5775340828787,1761.37305699482,-0.508808290155441,-0.0212301882925909,0.404041666666667,45.8333333333333,88.6666666666667,FALSE
641927,"Ober, Bailey",2026,479,238,34.8588041982177,10.2075774507364,2055.83924843424,-0.844258872651357,-0.0264515374300609,0.372725490196078,43.1372549019608,86.4833333333333,FALSE
518876,"Kelly, Merrill",2026,467,267,15.888514294046,14.5608761180595,2162.88008565311,0.609421841541756,-0.0275762892213355,0.427446808510638,50,87.9382978723404,FALSE
681517,"Leahy, Kyle",2025,123,62,16.7573475993311,13.0383817817107,1497.75609756098,-0.339024390243903,-0.0437679129190834,0.345941499767404,48.2758620689655,89.5448275862069,FALSE
671096,"Abbott, Andrew",2024,379,176,15.1240833195853,6.13366440927929,2113.85224274406,-0.246174142480211,-0.052932881560348,0.290116344189848,42.2535211267606,83.143661971831,FALSE
676974,"Meyer, Max",2025,179,74,12.1613018971947,14.9267681152386,1784.0782122905,0.125698324022347,-0.063828324378853,0.31669301994302,56.6666666666667,86.6233333333334,TRUE
682608,"Gray, Peyton",2026,276,150,24.0862828649513,13.802453974181,1798.28985507246,-0.86231884057971,-0.0761293251873813,0.361607142857143,33.9285714285714,83.4892857142857,FALSE
608331,"Fried, Max",2025,335,160,26.067099169523,13.9072873609799,1661.0328358209,0.526268656716418,-0.0814136142386589,0.299487882417916,56.9230769230769,82.5415384615385,FALSE
624133,"Suarez, Ranger",2023,192,106,16.8158964519105,11.4825768345392,1349.25396825397,-0.352604166666667,-0.0835729903070432,0.321748558516441,47.8260869565218,84.0434782608696,FALSE
663436,"Martin, Davis",2025,556,292,23.4682024710662,14.6460022588077,2060.78417266187,0.0152877697841723,-0.0859781996172596,0.374926297752435,62.3188405797102,93.4471014492754,FALSE
681857,"Olson, Reese",2023,183,95,20.7915952636922,16.2882060527005,2130.29508196721,-0.512568306010929,-0.0924961330587311,0.411346206896552,55.1724137931035,89.6620689655172,FALSE
642207,"Williams, Devin",2025,574,313,54.9938658041223,20.7241259965904,2740.70855148342,1.32369337979094,-0.106733565052909,0.370190830168016,49.4117647058824,86.4364705882353,FALSE
676282,"Cantillo, Joey",2026,499,244,20.0416674584086,7.14062479422244,1446.1503006012,-0.372945891783567,-0.113709257550811,0.339191176470588,47.1428571428571,78.9242857142857,FALSE
642232,"Yarbrough, Ryan",2026,148,91,30.1341125689229,11.2595793751532,1953.02702702703,0.625675675675676,-0.124485199374115,0.328789473684211,31.5789473684211,83.1210526315789,FALSE
605400,"Nola, Aaron",2024,302,123,23.5416620313257,12.085901117968,1558.40397350993,-0.715562913907285,-0.125342924266464,0.393505190979767,59.3220338983051,88.5016949152542,FALSE
678692,"Henriquez, Ronny",2025,180,69,33.5188431326233,17.129413860638,1605.26111111111,0.222777777777778,-0.138069076838988,0.302502192982456,62.5,89.0208333333333,FALSE
683004,"Leiter, Jack",2025,425,183,15.6306922622705,16.9360873045357,1522.47754137116,-0.626352941176471,-0.138071583211314,0.407732208738808,54.8387096774194,89.8661290322581,FALSE
669854,"Blanco, Ronel",2024,585,299,32.5101593465354,14.8290731486841,1483.04615384615,-0.371111111111113,-0.138502316384939,0.336774564728876,47,88.144,FALSE
687792,"Herz, DJ",2024,389,196,31.836658125577,11.8894013942445,2271.73969072165,-0.860668380462725,-0.139773933838385,0.331378773881876,42.1052631578947,84.7302631578947,FALSE
669358,"Baz, Shane",2025,304,147,17.0578462715094,10.3419955033929,2114.59271523179,-0.166447368421052,-0.141428220192198,0.256563200280112,55.8823529411765,82.5441176470588,FALSE
500779,"Quintana, Jose",2025,482,213,27.0440925206827,12.0455380873082,1354.89004149378,-0.518672199170125,-0.141781416563661,0.353363840090669,51.4851485148515,85.0693069306931,FALSE
596001,"Junis, Jakob",2026,110,62,9.50712709749294,11.0514351454654,1310.04545454545,0.588181818181818,-0.143683297209172,0.308625,62.5,88.475,FALSE
643377,"Jax, Griffin",2026,308,183,15.8654508414282,15.7705325170868,1865.83441558442,0.81525974025974,-0.156489329500378,0.385410714285714,65.5172413793104,85.6275862068966,FALSE
676879,"Ashby, Aaron",2025,122,67,11.672195747369,4.82599513712812,1902.45901639344,-0.99016393442623,-0.159908213964106,0.347476720647773,61.5384615384615,89.1576923076923,FALSE
608334,"Fulmer, Carson",2024,396,195,22.8948061552668,14.098471719608,1412.84848484848,-0.531565656565657,-0.161248223789245,0.317270633176347,59.1549295774648,85.6042253521127,FALSE
621244,"Berríos, José",2023,216,123,30.1164169412048,12.8747293632007,1450.52314814815,-0.543055555555557,-0.161805346002284,0.349109909090909,34,85.84,FALSE
663947,"Holton, Tyler",2023,117,71,41.8081946507087,13.4505528018904,1647.46153846154,0.196581196581197,-0.17859173221851,0.349059997632763,48.2758620689655,86.8172413793104,FALSE
676440,"Bibee, Tanner",2026,278,127,8.21996552755285,6.90067601278241,1876.19064748201,0.039568345323742,-0.180994000645467,0.320090909090909,38.6363636363636,83.0295454545455,FALSE
663738,"Lynch IV, Daniel",2025,208,97,22.2584767679629,14.3855311348939,1641.3125,-0.426442307692307,-0.188099057340711,0.410180817870401,53.8461538461539,87.1442307692308,FALSE
571945,"Mikolas, Miles",2025,282,135,12.7304906155394,9.64455797846046,1660.22695035461,0.00354609929078014,-0.216527027029474,0.344335172832475,48.0519480519481,87.6103896103896,FALSE
592866,"Williams, Trevor",2025,184,65,40.000643170409,8.93843614734864,1485.33152173913,-0.964130434782609,-0.224138413174466,0.36308835978836,44.4444444444444,84.3407407407407,FALSE
669920,"Alexander, Jason",2025,375,209,29.1407807275422,11.1308998505863,1758.49333333333,-0.636000000000001,-0.226049536376541,0.345969762382496,33.8709677419355,85.6403225806452,FALSE
671106,"Allen, Logan",2024,297,152,14.4275994676328,13.958774288696,870.666666666667,-0.863636363636364,-0.228006192875364,0.36770239352398,52.4590163934426,90.8688524590164,TRUE
702474,"Paredes, Mike",2026,140,69,32.9795695852845,14.6160685432579,1450.90714285714,-0.614285714285713,-0.251233570162528,0.31746875,65.625,92.509375,FALSE
594902,"Lively, Ben",2024,216,107,22.2663799124477,8.67763159163003,1702.60747663551,-0.765740740740741,-0.260208560440855,0.371129904599068,49.1525423728814,91.3542372881356,FALSE
608337,"Giolito, Lucas",2023,472,251,19.5537182870759,10.092931081578,1569.21656050955,-0.0307203389830502,-0.282108739083651,0.335276701304372,36.3636363636364,83.1948051948052,FALSE
665795,"Cabrera, Edward",2026,340,202,15.0874288502239,10.7159791520708,1740.76176470588,-0.0670588235294123,-0.286449658892354,0.36868115942029,57.9710144927536,90.3217391304348,FALSE
669461,"Liberatore, Matthew",2026,250,123,20.5831446913478,9.04628399680013,1803.14,0.560000000000001,-0.286561471859714,0.374754385964912,43.1034482758621,85.9931034482759,FALSE
543037,"Cole, Gerrit",2026,158,78,21.4349469382652,12.0204712202467,1955,-0.252531645569619,-0.290054685262598,0.32221875,43.75,83.96875,FALSE
677161,"Kelly, Zack",2024,200,92,48.3369295951005,16.9164454551456,2177.115,-0.4835,-0.290286600317778,0.44538781317405,42.8571428571429,83.925,FALSE
676440,"Bibee, Tanner",2024,491,237,12.003267248152,7.94328606782373,1993.07128309572,0.120570264765785,-0.293599246923311,0.401023817749303,33.3333333333333,86.0987654320988,FALSE
676664,"Sears, JP",2023,216,105,31.7051953494707,12.7607502245428,1704.9212962963,-1.27083333333333,-0.317390436533336,0.317185537285976,48.1481481481482,90.3018518518519,FALSE
605288,"Houser, Adrian",2025,287,151,15.6449776036339,12.2543436990913,1612.24041811847,-0.729268292682927,-0.326703110119083,0.422461992286909,36.3636363636364,83.7563636363636,FALSE
676664,"Sears, JP",2025,354,157,24.4671674903029,11.601424210082,1506.27683615819,-1.12062146892655,-0.337472376515409,0.338109871112559,38.3561643835616,87.9205479452055,FALSE
681517,"Leahy, Kyle",2026,213,107,23.5583864360437,13.936606841182,1467.43192488263,-0.797652582159625,-0.345397577475404,0.415025641025641,56.4102564102564,90.9179487179487,FALSE
663372,"Feltner, Ryan",2024,379,218,5.61453966547199,10.2921552682322,1589.64643799472,-1.02744063324538,-0.348965195832424,0.353549887240871,35.7142857142857,85.97,FALSE
677960,"Weathers, Ryan",2026,436,228,19.373814247694,16.39792900698,1929.71788990826,0.107798165137614,-0.352779967699323,0.333172839506173,64.6341463414634,85.4414634146342,FALSE
669062,"Miller, Erik",2024,424,198,43.5502851886526,16.7598212894433,1782.2553699284,0.425000000000001,-0.364316579734625,0.316315802808303,65.7142857142857,86.4114285714286,FALSE
647336,"Soroka, Michael",2026,159,79,18.5289685638516,11.6589632258675,2191.64150943396,-0.483018867924528,-0.370796957427425,0.377333333333333,44.4444444444444,84.8805555555556,FALSE
677944,"Cecconi, Slade",2024,156,78,7.96737754932283,10.6265924951336,1912.45512820513,-0.568589743589744,-0.379610028102552,0.259361038961039,55.5555555555556,81.0555555555556,FALSE
622072,"Wood, Alex",2023,278,142,33.7172287405031,9.99462886928769,1653.3357400722,-1.13201438848921,-0.380871566203237,0.318256527606642,63.768115942029,86.768115942029,FALSE
656756,"Montgomery, Jordan",2023,298,145,14.8531178692326,5.0462462442886,1615.87205387205,0.00771812080536964,-0.383654481679088,0.299826687931951,43.859649122807,82.8947368421053,FALSE
676760,"Marinaccio, Ron",2026,261,118,40.5689682344418,13.022413552822,2213.88505747126,-1.65402298850575,-0.392657068268723,0.296807692307692,53.8461538461539,84.0019230769231,FALSE
642121,"Sulser, Cole",2026,304,146,22.4066593806168,17.4210467015737,1696.49013157895,-0.883223684210526,-0.396104652091641,0.35704347826087,60.8695652173913,83.25,FALSE
670950,"Richards, Trevor",2023,314,151,48.9605855664366,18.976025477368,2553.84713375796,-0.360509554140127,-0.401564544856947,0.469055295082205,36.8421052631579,84.5289473684211,FALSE
687570,"Prielipp, Connor",2026,148,74,10.2841558371453,13.2274253975792,1898.12162162162,-0.299324324324325,-0.402977948080189,0.412709677419355,57.5757575757576,89.069696969697,FALSE
594798,"deGrom, Jacob",2025,283,130,15.9958749644938,16.8416423312055,1668.31448763251,-0.714134275618375,-0.41870160720655,0.426646417619422,67.6470588235294,90.0852941176471,FALSE
806185,"Birdsong, Hayden",2024,244,106,48.1346394062241,20.0529391178655,1240.52459016393,-0.911885245901639,-0.424481764914023,0.394221590909091,71.875,90.96875,FALSE
542881,"Anderson, Tyler",2025,787,413,19.0488999541264,9.74635790294781,1916.32274459975,-0.0373570520965683,-0.442165793256765,0.366442345397901,38.6861313868613,84.9503649635036,FALSE
500779,"Quintana, Jose",2026,144,64,28.8131227832767,9.89640148237247,1353.51388888889,-1.24444444444445,-0.445281646312578,0.332827586206897,36.6666666666667,81.9433333333333,FALSE
686752,"Pepiot, Ryan",2023,226,131,40.307697393299,14.6632599359446,2383.6017699115,0.346460176991152,-0.447406651404982,0.337809084896585,52.0833333333333,81.7770833333333,FALSE
678606,"Ferrer, José A.",2025,257,130,18.4258479305457,8.84483936225004,2184.40856031128,-0.860700389105059,-0.448740591867019,0.364052503052503,41.025641025641,83.3128205128205,FALSE
693433,"Woo, Bryan",2025,182,82,12.7205198112488,11.7784643286942,1823.02222222222,-0.725274725274724,-0.44921763461949,0.34552610308553,50,89.2184210526316,FALSE
663947,"Holton, Tyler",2025,155,78,36.3685932934392,12.8123746939345,1642.88311688312,-0.203870967741935,-0.450538317165695,0.28820427963849,55.2631578947369,82.4368421052632,FALSE
641154,"López, Pablo",2024,594,313,17.0216718277208,9.39352237650634,2108.18686868687,-0.064983164983163,-0.454117063046637,0.343150618843136,57.0247933884298,84.4090909090909,FALSE
686563,"Cannon, Jonathan",2024,376,195,18.7981225628365,14.3708333502938,1710.55319148936,-0.54122340425532,-0.461307136414872,0.352074990146474,43.6781609195402,85.3252873563218,FALSE
605483,"Snell, Blake",2024,303,159,24.3407969024432,11.8800099299184,1815.84488448845,1.2963696369637,-0.478239230821601,0.347219315761869,59.5744680851064,82.1978723404255,FALSE
608337,"Giolito, Lucas",2025,533,295,15.8835468292814,9.17789735025453,1672.49155722326,-0.00450281425891206,-0.486318560037103,0.356319686110925,32.6530612244898,85.665306122449,FALSE
669022,"Gore, MacKenzie",2024,272,126,25.5980004681429,11.4051197933716,2016.14705882353,-1.15294117647059,-0.487632092652097,0.367136190476191,40,84.3657142857143,FALSE
657277,"Webb, Logan",2024,985,586,31.1530793774009,13.5680311413262,1459.61037639878,0.0755329949238586,-0.492367120197296,0.43911730438523,55.4655870445344,91.9781376518219,FALSE
663567,"Lambert, Peter",2023,133,69,19.466821500368,10.8327153572662,1514.98496240602,-1.26766917293233,-0.510654328610504,0.284361363636364,41.6666666666667,86.4875,FALSE
664285,"Valdez, Framber",2025,514,259,13.2877587210267,5.70042824091745,1708.40856031128,-0.745914396887159,-0.512568942580256,0.316432752582063,63.2183908045977,89.632183908046,FALSE
674072,"Henry, Tommy",2024,123,62,23.6226457197059,11.5144594828703,1497.45901639344,-1.9219512195122,-0.513322113951732,0.440491046831956,40.9090909090909,93.5954545454545,FALSE
607200,"Fedde, Erick",2025,276,113,23.9090149903788,7.61863517549339,1807.42391304348,-1.31014492753623,-0.516333583505967,0.326743913678768,54.8387096774194,88.8548387096774,FALSE
621389,"Blach, Ty",2023,218,114,25.0104026933592,9.01141751199533,2008.31627906977,-1.33577981651376,-0.517328792467608,0.404172708802254,59.0909090909091,86.8590909090909,FALSE
690986,"Harrison, Kyle",2024,409,208,29.1952516102263,10.1383423435358,1946.29095354523,-1.56650366748166,-0.519008154631924,0.398193309193869,48.0769230769231,87.6730769230769,FALSE
702070,"Cameron, Noah",2025,399,197,20.8168617216385,8.4149039807737,1518.68421052632,-0.226065162907269,-0.521193020199732,0.391254751684242,40.5797101449275,85.131884057971,FALSE
669084,"Hall, DL",2024,153,73,21.5050504687172,6.65711046625183,2076.69281045752,-0.588888888888889,-0.528223866928493,0.359660095321963,44.8275862068966,87.4689655172414,FALSE
676272,"Miller, Bobby",2023,190,91,28.5633365979004,11.6445328424361,2314.66842105263,-0.208421052631579,-0.530704095805168,0.314583941093969,51.5151515151515,82.8515151515152,FALSE
677944,"Cecconi, Slade",2025,154,62,15.0675387984123,14.2029514980407,1618.01948051948,-1.36363636363636,-0.536707794937191,0.470985042735043,50,92.05,FALSE
543243,"Gray, Sonny",2025,228,89,20.0048288275226,4.48928906872014,1861.24122807018,-1.32719298245614,-0.538490438309051,0.449561290158083,42.8571428571429,84.8142857142857,FALSE
656288,"Canning, Griffin",2023,171,94,27.0852561154994,14.1089333702564,1852.2865497076,0.0146198830409359,-0.544463507051807,0.385394395678981,42.4242424242424,89.6757575757576,FALSE
500779,"Quintana, Jose",2023,215,104,23.6209033162434,9.26921821617637,1319.1488372093,-1.03767441860465,-0.565945152784568,0.338913312693499,65.9574468085106,86.131914893617,FALSE
678368,"Bellozo, Valente",2024,148,64,37.9361493654617,10.5397258060776,2027.35135135135,-0.942567567567568,-0.572732196259701,0.337220960108181,55.1724137931035,79.9620689655173,FALSE
592866,"Williams, Trevor",2023,200,76,27.7827872650117,8.0544466942907,1617.825,-1.7205,-0.576253557887132,0.362206985079603,46.1538461538462,85.6153846153846,FALSE
813349,"Early, Connelly",2026,279,150,37.6213822787523,19.2322283963273,1269.23655913979,-0.221863799283154,-0.580867020975972,0.367558823529412,60.2941176470588,92.1308823529412,FALSE
676083,"Junk, Janson",2026,214,99,30.2522630563854,18.7023410625484,1389.69953051643,-0.170560747663552,-0.581376320576639,0.337057142857143,68.5714285714286,88.0057142857143,FALSE
608718,"Suter, Brent",2024,198,90,25.5589167864584,3.56968620137389,1593.79797979798,-0.509090909090909,-0.582128143067992,0.338574443301032,46.1538461538462,81.3384615384616,FALSE
669211,"Akin, Keegan",2024,134,63,22.1452638773187,11.3763520152889,2039.03731343284,-0.676865671641789,-0.596815107128662,0.2665375,57.1428571428571,84.375,FALSE
642152,"Trivino III, Lou",2025,140,65,33.9353554468803,12.8121253177788,1732.33571428571,-0.985714285714286,-0.597860725783419,0.361927488370085,30.4347826086957,86.9695652173913,FALSE
656222,"Beeks, Jalen",2026,152,71,22.1105847878824,7.52169774962136,2045.82894736842,-1.08881578947368,-0.599124288575336,0.428060606060606,51.5151515151515,85.2,FALSE
676477,"Whitlock, Garrett",2025,243,141,37.9245804838009,16.8162017273648,2281.8024691358,0.212345679012346,-0.600992315414998,0.297370598290598,53.3333333333333,87.4133333333333,FALSE
657277,"Webb, Logan",2026,434,238,35.4580086275439,14.7277796789829,1480.14746543779,0.0442396313364059,-0.603783669547914,0.357205128205128,61.5384615384615,86.7192307692308,FALSE
669358,"Baz, Shane",2026,154,68,18.3949265297669,9.78217004946379,1877.35064935065,-0.940259740259741,-0.621469665727432,0.46844,32,88.7,FALSE
656222,"Beeks, Jalen",2024,303,127,21.1052276148761,8.21595723029222,2028.13087248322,-1.21485148514851,-0.632379276386049,0.383888141295206,51.219512195122,81.7975609756098,FALSE
666200,"Luzardo, Jesús",2026,408,223,7.00356402582924,14.366665460918,1669.95098039216,-0.28357843137255,-0.647913894244493,0.369578947368421,57.8947368421053,84.2355263157895,TRUE
641154,"López, Pablo",2025,265,132,25.5880165385844,12.8633749937981,1795.44905660377,-0.566037735849057,-0.650529374297822,0.36148228919281,41.5094339622642,86.4150943396226,FALSE
607259,"Martinez, Nick",2025,510,253,43.1481884495415,14.9577075718287,2010.39803921569,-0.31078431372549,-0.660466902956184,0.290161142484213,30.5263157894737,84.0726315789474,FALSE
571578,"Corbin, Patrick",2025,223,93,11.5835812882849,7.83261672617616,1525.05381165919,-1.22600896860987,-0.663106870740476,0.336560902255639,48.5714285714286,81.9114285714286,FALSE
592866,"Williams, Trevor",2024,172,77,28.0486147761419,9.18218857116789,1633.63953488372,-1.29186046511628,-0.677800156255623,0.368315232240437,59.375,86.903125,FALSE
666277,"Soriano, George",2025,213,102,26.3513779404332,16.0576991274587,1655.17840375587,-1.2906103286385,-0.67914984214641,0.435577434354264,51.219512195122,86.5853658536585,FALSE
622491,"Castillo, Luis",2025,337,156,21.4131101730144,13.7770350190178,1968.89538461538,-1.05905044510386,-0.696290962605563,0.400429797875057,54.2372881355932,84.7864406779661,FALSE
676879,"Ashby, Aaron",2026,120,62,16.7678533337963,5.45451026132877,1797.15,-1.37833333333333,-0.730603196930886,0.278944444444444,44.4444444444444,83.0277777777778,FALSE
605488,"Springs, Jeffrey",2025,714,420,14.2750277903534,10.7580272484515,1395.42296918768,-0.201680672268907,-0.752797003002931,0.328890416374641,38.125,81.574375,FALSE
663776,"Sandoval, Patrick",2023,268,132,36.4573245893792,10.359115991881,1797.38432835821,-0.595522388059703,-0.758388175073541,0.390291675991666,40,87.15,FALSE
685299,"Gordon, Tanner",2026,201,110,17.5426898091232,8.05329915650483,2120.49751243781,-0.940796019900498,-0.759605903737428,0.4035,46.5116279069768,87.3139534883721,FALSE
668674,"Erceg, Lucas",2024,188,96,14.2030977939239,10.9815394592356,2011.64893617021,-0.528723404255319,-0.761003711864177,0.403842490842491,45.7142857142857,82.5428571428571,FALSE
642232,"Yarbrough, Ryan",2023,149,80,25.742376905074,6.51147309217601,1917.04026845638,-1.15973154362416,-0.766009612649086,0.44423667019774,37.5,83.1875,FALSE
672456,"Montero, Keider",2024,164,82,19.9034713093659,11.3179977280317,1764.44512195122,-1.5140243902439,-0.766855465105319,0.430669264069264,48.4848484848485,82.0787878787879,FALSE
656605,"Keller, Mitch",2025,199,101,23.0016624391107,14.1411498286864,2028.93969849246,-1.12160804020101,-0.767028534409359,0.387978963666495,62.7906976744186,88.5790697674419,FALSE
666974,"Cano, Yennier",2024,248,143,8.59112279420948,6.92507745176122,1738.30241935484,-0.458870967741935,-0.768616245012734,0.374089957887917,63.265306122449,87.9142857142857,FALSE
666157,"Lodolo, Nick",2024,304,169,10.337676079336,9.85872069087237,2004.97039473684,-0.460526315789474,-0.772819290154002,0.329651088067031,59.7402597402597,88.3012987012987,FALSE
571656,"Farmer, Buck",2024,242,134,23.3862062972788,14.9399289938937,1790.97933884298,-0.866115702479339,-0.7738246963407,0.375012224209899,53.4883720930233,87.8441860465116,FALSE
663804,"Kowar, Jackson",2023,128,63,34.1229050666485,13.1215012465417,2350.390625,-0.8890625,-0.776873167263549,0.399747826086957,43.4782608695652,84.0869565217391,FALSE
672282,"Detmers, Reid",2026,199,94,14.2832971604722,9.3279752440788,1641.91959798995,-0.975376884422111,-0.780200470997615,0.386514285714286,48.5714285714286,87.3942857142857,FALSE
624133,"Suarez, Ranger",2026,200,101,21.3001585640632,10.2825149515011,1269.085,-0.718,-0.781797160376912,0.348102564102564,33.3333333333333,84.5794871794872,FALSE
593974,"Peralta, Wandy",2026,289,161,8.29970903314632,12.4487695951929,2191.69204152249,-0.104498269896194,-0.795270781186973,0.405737704918033,50.8196721311476,87.9475409836066,FALSE
668678,"Gallen, Zac",2023,211,107,23.7656024148986,14.2499483292301,1526.54976303318,-0.00473933649289039,-0.797653030349402,0.387852426013237,56.7567567567568,88.1486486486486,FALSE
527048,"Pérez, Martín",2024,488,262,12.2262610601588,8.25476977222832,1671.55737704918,-1.0563524590164,-0.804357641842935,0.42715838107991,48.4848484848485,82.9141414141414,FALSE
676440,"Bibee, Tanner",2025,442,220,9.88404802604875,6.90550510780507,1963.31674208145,-0.838235294117648,-0.809554544057561,0.342563221035898,43.2432432432432,83.3648648648649,FALSE
672582,"Zerpa, Angel",2023,137,64,6.47433658029283,7.4568937163112,1523.76642335766,-2.05620437956204,-0.813933636126602,0.386742753623188,52.1739130434783,89.3173913043478,FALSE
608344,"Irvin, Cole",2024,221,128,15.2406492402786,9.04373413343097,1561.92924528302,-0.677828054298643,-0.814964903041272,0.41024950440006,49.2063492063492,87.6666666666667,FALSE
669022,"Gore, MacKenzie",2025,283,125,26.9799051890473,11.2306626218139,2092.30035335689,-1.77102473498233,-0.818709455917183,0.33964045295346,46.5116279069768,80.9186046511628,FALSE
605288,"Houser, Adrian",2026,223,128,14.9045224244158,12.4918581596386,1542.75784753363,-0.986995515695068,-0.829407396643903,0.351727272727273,56.8181818181818,85.2818181818182,FALSE
622663,"Severino, Luis",2023,137,79,32.4386377803469,10.7930475501747,1559.88321167883,-0.924087591240876,-0.833222839834715,0.406269230769231,45.8333333333333,87.8041666666667,FALSE
548389,"Stripling, Ross",2023,187,115,19.1473595968415,8.06514965302313,1702.51086956522,-0.148663101604279,-0.835548737491316,0.421699812800059,37.2549019607843,86.1490196078431,FALSE
592351,"Gray, Jon",2024,115,63,16.5200744797853,8.10960371130474,1517.26086956522,-1.25478260869565,-0.840124826021412,0.359691124789562,31.25,92.378125,FALSE
800048,"Messick, Parker",2026,439,243,29.2753744894545,16.2483143868665,1844.14645308924,-0.480182232346241,-0.849316709707675,0.3356,52.5,86.82375,FALSE
801403,"Dollander, Chase",2025,135,60,19.0388027542712,9.93691542152542,2072.87407407407,-1.50888888888889,-0.849511504051538,0.387725714285714,36.6666666666667,87.48,FALSE
666200,"Luzardo, Jesús",2023,249,123,14.2667843082975,9.4691096560188,1949.32530120482,-0.653815261044176,-0.851304362228954,0.360585453869048,45,84.71,FALSE
668674,"Erceg, Lucas",2025,160,76,14.2318550501048,9.65649045627698,1933.03125,-0.594375,-0.853226864061303,0.34856349862259,60.6060606060606,86.0848484848485,FALSE
622503,"Crismatt, Nabil",2025,183,115,22.8936073814894,12.4372976393525,1552.36612021858,-1.6,-0.860134604430559,0.361027540047987,50,85.125,FALSE
690997,"McLean, Nolan",2026,127,66,28.6065331038249,18.0118104753617,1235.97637795276,-1.34566929133858,-0.874661057419918,0.417,47.8260869565218,84.2478260869565,FALSE
592094,"Adam, Jason",2026,177,88,21.3239904277382,14.9654626148477,2055.42372881356,-1.07514124293785,-0.88118172748311,0.242571428571429,54.2857142857143,87.9257142857143,FALSE
694297,"Pfaadt, Brandon",2025,443,232,17.7488211713206,12.6577977552211,2115.37020316027,-0.511738148984198,-0.888210508147007,0.371311030535778,49.4505494505495,86.1945054945055,FALSE
571510,"Boyd, Matthew",2024,165,88,10.1445971849549,9.75529217396451,1869.63636363636,-0.173333333333334,-0.917939804578237,0.336516883116883,37.1428571428572,83.8971428571429,FALSE
686563,"Cannon, Jonathan",2025,373,201,16.9041584665572,14.6867065987023,1837.10991957105,-0.801608579088473,-0.919974824940786,0.343496595755801,46.3768115942029,85.204347826087,FALSE
656412,"Faedo, Alex",2024,199,96,30.8779128034757,15.8105512373607,1873.30653266332,-0.823115577889448,-0.922173804626827,0.367643406593407,61.1111111111111,91.0194444444445,FALSE
547179,"Lorenzen, Michael",2026,389,172,16.3115624530833,7.71784186865717,2059.95629820051,-1.79125964010283,-0.927584979180691,0.334730158730159,33.3333333333333,85.1587301587302,FALSE
656638,"Lange, Alex",2026,174,81,23.2919400444809,14.0479890893151,1780.78735632184,-0.990804597701149,-0.930367556893662,0.345666666666667,41.6666666666667,82.9625,FALSE
663978,"Paddack, Chris",2026,276,149,35.1712660839605,14.7400784207763,1686.53260869565,-0.339855072463767,-0.945448013739375,0.336239436619718,47.887323943662,85.3732394366197,FALSE
471911,"Carrasco, Carlos",2024,387,199,15.6924647838331,8.77519866163469,1342.93523316062,-1.54341085271318,-0.955240535232051,0.377953310211777,55.8441558441558,89.5766233766234,FALSE
691587,"Pérez, Eury",2026,153,66,17.4439975215516,11.1600957417259,1645.62745098039,-1.65751633986928,-0.957702279404143,0.373739130434783,47.8260869565218,82.2782608695652,FALSE
645261,"Alcantara, Sandy",2026,440,255,10.3881621091577,12.9658616307158,2096.15681818182,-0.64159090909091,-0.977018147793225,0.323817391304348,53.9130434782609,86.3721739130435,FALSE
681867,"Criswell, Cooper",2026,124,68,12.7299216833746,1.85845153931858,1557.74193548387,-1.59032258064516,-0.988199557592039,0.325032258064516,70.9677419354839,84.7129032258065,FALSE
689225,"Brieske, Beau",2024,305,182,26.399770586802,14.3329092463892,2104.65573770492,-0.132459016393443,-0.998492520493045,0.311575879226286,38.7096774193548,84.3564516129032,FALSE
660853,"De Los Santos, Enyel",2025,164,90,7.62861400103585,7.12144559155957,1913.28048780488,-0.426219512195121,-1.00105136892401,0.283319930366848,46.875,80.346875,FALSE
686790,"McDonald, Trevor",2026,164,86,4.57256589067904,0.0498849435533842,1612.71951219512,-2.40792682926829,-1.00273479061447,0.387928571428571,34.4827586206897,81.4551724137931,FALSE
663978,"Paddack, Chris",2024,362,198,37.1285514155373,14.235247383277,1898.16480446927,-0.730386740331492,-1.00439048419192,0.42305997691285,39.5348837209302,86.5709302325582,FALSE
621121,"McCullers Jr., Lance",2025,195,79,34.4265115505746,14.5350043919826,1855.08205128205,-1.6774358974359,-1.008766546098,0.324287392518758,61.2903225806452,87.3354838709677,FALSE
605488,"Springs, Jeffrey",2024,179,104,12.0320906889057,13.4546740779161,1382.91011235955,-0.926815642458101,-1.01873321484608,0.361970554897862,37.8378378378378,83.4702702702703,FALSE
453286,"Scherzer, Max",2025,192,76,28.3905089875181,13.1559404829586,1351.43229166667,-1.88333333333333,-1.02535944160101,0.373937883469985,51.6129032258065,88.8096774193548,FALSE
702352,"Bivens, Spencer",2025,195,104,10.4626087636976,12.7208456855838,1603.58974358974,-1.42512820512821,-1.03855758892743,0.307613616817965,48.936170212766,86.5765957446809,FALSE
676130,"Buttó, José",2023,114,64,24.8027201546015,14.5523478154885,1764.15789473684,-1.72368421052632,-1.04038428931273,0.518953044569994,33.3333333333333,94.04,FALSE
641672,"Hatch, Thomas",2023,102,62,11.1543828360103,7.5810565947816,1954.09803921569,-1.72745098039216,-1.05109864765231,0.340608921729611,57.1428571428571,89,FALSE
623437,"Topa, Justin",2025,142,69,17.9433036981147,5.26295322171585,1842.5,-1.87394366197183,-1.06421076386201,0.395804618811987,55.5555555555556,89.5296296296296,FALSE
628452,"Iglesias, Raisel",2025,257,165,20.0895271197685,11.967797984756,1994.36964980545,-0.509727626459144,-1.06543881310741,0.30985511448719,33.9622641509434,85.4132075471698,FALSE
641927,"Ober, Bailey",2023,314,183,38.1899380133267,11.9138335341848,2096.81847133758,-0.90063694267516,-1.06873342772901,0.36048161357252,52.3809523809524,83.7714285714286,FALSE
623211,"Brazobán, Huascar",2025,380,199,10.5718445026664,14.2090670984554,1991.51842105263,-1.25789473684211,-1.07066222119664,0.375038150107947,53.030303030303,85.7484848484849,TRUE
641401,"Brogdon, Connor",2025,352,197,27.9217615188237,11.0507822434674,2021.02556818182,-1.02215909090909,-1.07339699385911,0.341321013832195,40.3225806451613,88.2822580645161,FALSE
683004,"Leiter, Jack",2026,243,122,11.7188980597952,15.598645910726,1559.65432098765,-1.92674897119342,-1.08153925719446,0.389153846153846,48.0769230769231,86.2807692307692,TRUE
694363,"Shuster, Jared",2024,340,151,10.4692491646187,7.08009222924826,1665,-1.49529411764706,-1.08332828352691,0.352589990413426,38.5964912280702,84.4684210526316,FALSE
622491,"Castillo, Luis",2026,225,119,26.6632307492481,14.2893037002001,1939.46222222222,-1.64622222222222,-1.09925984649165,0.305547169811321,45.2830188679245,87.7037735849057,FALSE
605288,"Houser, Adrian",2024,140,71,17.6056762121003,13.0789645709781,1542.87786259542,-1.62428571428572,-1.11116054364609,0.327195019026672,41.9354838709678,88.541935483871,FALSE
695076,"Lowder, Rhett",2026,283,125,30.285330054119,14.0712240574285,1949.57243816254,-1.25194346289753,-1.13558576179254,0.374617021276596,42.5531914893617,87.6042553191489,FALSE
682052,"Lopez, Jacob",2025,207,99,17.9598291708912,7.78373856106883,2129.49758454106,-1.45458937198068,-1.1452945168988,0.292620220911811,23.6842105263158,86.9184210526316,FALSE
571948,"Milner, Hoby",2025,201,96,15.6405789302922,8.87690141565495,1643.275,-1.51890547263682,-1.15097686309114,0.341210896474119,58.1395348837209,87.0604651162791,FALSE
694973,"Skenes, Paul",2026,292,151,25.9029802443659,8.26599033221167,1844.03767123288,-1.62568493150685,-1.16639034866708,0.345217391304348,52.1739130434783,80.3326086956522,FALSE
666214,"Wentz, Joey",2024,227,91,19.8488570855238,9.19423578583207,2041.73127753304,-1.49251101321586,-1.17079050106003,0.347014590347924,48.1481481481482,87.0074074074074,FALSE
671106,"Allen, Logan",2025,479,252,17.5385260919033,11.6079499346893,960.204592901879,-1.53528183716075,-1.19428091467083,0.358270427024665,51.1811023622047,88.2007874015748,FALSE
544150,"Suárez, Albert",2024,383,196,22.656902008581,10.8441486035726,2016.72584856397,-0.472845953002612,-1.20172430608679,0.370999927363741,43.0232558139535,86.8325581395349,FALSE
669432,"Rogers, Trevor",2026,404,232,13.5568414948371,14.2425056312353,1579.8425,-1.05445544554456,-1.21236720538385,0.361316326530612,57.1428571428571,91.265306122449,TRUE
607536,"Freeland, Kyle",2026,228,122,16.290160081995,9.48229154773628,1641.16228070175,-1.30745614035088,-1.2264273757178,0.395573770491803,50.8196721311476,92.9049180327869,FALSE
594835,"Gonzales, Marco",2024,138,84,33.7819391518812,11.7551206299438,2135.20289855072,-0.665942028985508,-1.22703037987868,0.398793735676089,52.9411764705882,86.7823529411765,FALSE
593958,"Rodriguez, Eduardo",2024,186,88,21.9394976560389,8.9920870262903,1955.1935483871,-0.603763440860214,-1.22707298979503,0.307961194475551,48.8888888888889,84.1333333333333,FALSE
572971,"Keuchel, Dallas",2023,177,101,11.3591756895084,2.32348160484562,1680.79661016949,-1.44689265536723,-1.22890572277617,0.362904247555102,58.8235294117647,83.1823529411765,FALSE
641482,"Cortes, Nestor",2024,271,140,39.8301662781465,16.2651507502823,1405.43911439114,-1.2380073800738,-1.23038179311065,0.349909499811782,58.3333333333333,84.4933333333333,FALSE
656186,"Altavilla, Dan",2025,106,63,20.3142216888088,14.0802244613374,1779.69811320755,-1.10566037735849,-1.23583867938526,0.334464224338153,66.6666666666667,83.8857142857143,FALSE
519242,"Sale, Chris",2025,153,76,17.829660380593,10.4119700245606,1830.22222222222,-1.49803921568628,-1.24212626819625,0.369751520515614,61.7647058823529,86.7411764705882,FALSE
672282,"Detmers, Reid",2024,216,113,7.81760809130878,9.12118637501343,1522.625,-1.02222222222222,-1.248376838914,0.367083762851184,46,88.114,FALSE
676917,"Cavalli, Cade",2026,151,70,26.1674165695471,12.6353560370484,1936.31125827815,-1.34635761589404,-1.25093592882601,0.437851851851852,51.8518518518519,85.5555555555556,FALSE
656641,"Latz, Jacob",2025,312,170,25.7002704091457,11.6722942205581,1982.48013245033,-1.30769230769231,-1.25916202045359,0.410941387307611,45.1612903225806,87.1403225806452,FALSE
642547,"Peralta, Freddy",2026,435,216,38.7052260966167,15.3422997154895,1939.43908045977,-1.01126436781609,-1.26551008277932,0.322719512195122,56.6265060240964,82.044578313253,FALSE
607067,"Rea, Colin",2024,232,131,28.7598749783261,10.6024454696943,1413.05603448276,-2.03534482758621,-1.27080574727857,0.415055745308876,56.8627450980392,85.9,FALSE
663978,"Paddack, Chris",2025,563,311,38.1740828513861,15.314291521291,1808.37122557726,-0.642984014209591,-1.27506331216886,0.377550236088778,50,89.2468253968254,FALSE
682227,"Williamson, Brandon",2023,185,92,35.3325348844555,13.8683547625845,1798.68648648649,-1.43513513513513,-1.29615197460024,0.402889025389025,54.0540540540541,87.4756756756757,FALSE
450203,"Morton, Charlie",2024,304,162,26.7664216152694,11.2783532315238,2172.41447368421,-1.68980263157895,-1.32743157064228,0.434031588028041,54.3859649122807,87.8912280701755,FALSE
641743,"Kay, Anthony",2026,270,129,20.6790906148753,16.8558590119936,1708.04074074074,-0.497777777777778,-1.33580899780594,0.313160714285714,64.2857142857143,89.3839285714286,FALSE
607536,"Freeland, Kyle",2024,206,98,17.0988493811945,9.47958476810451,1545.74757281553,-1.70485436893204,-1.33611233398557,0.475650814813916,37.2093023255814,91.4372093023256,FALSE
701581,"Festa, David",2024,305,154,19.4692171010861,10.484333652786,1839.37704918033,-0.94655737704918,-1.33904305269515,0.351353219526804,41.5094339622642,85.8528301886793,FALSE
519043,"Moore, Matt",2024,271,142,31.5583500214724,11.8341344180362,1923.85977859779,-1.63690036900369,-1.34598538404695,0.318499566199449,33.9285714285714,83.8857142857143,FALSE
686752,"Pepiot, Ryan",2024,498,248,47.7529131466688,19.0925227781679,2478.32730923695,-0.629116465863453,-1.36749896174861,0.372500738321604,54.1666666666667,86.9083333333333,FALSE
678368,"Bellozo, Valente",2025,186,86,38.7543107538803,13.8993237649421,2035.02688172043,-1.43279569892473,-1.36979058521176,0.357105133346513,54.0540540540541,83.4405405405405,FALSE
660787,"De los Santos, Yerry",2025,159,82,12.387277783438,13.7229268813253,1574.18238993711,-1.62327044025157,-1.3777102675869,0.379653846153846,64.5161290322581,84.8709677419355,FALSE
660761,"Suarez, José",2024,240,122,16.1490126935766,15.1167598109395,1543.68619246862,-2.31125,-1.40983401044384,0.400533858495927,46,89.588,FALSE
642207,"Williams, Devin",2026,320,180,47.0539067889859,17.6553250524491,2610.93630573248,-0.295625,-1.41475619353719,0.341175438596491,43.1034482758621,83.2827586206897,FALSE
669432,"Rogers, Trevor",2024,521,297,13.3658266130542,14.6784462232107,1618.48368522073,-0.895009596928982,-1.41929381974078,0.337280313790984,67.7966101694915,90.6576271186441,TRUE
623167,"Flexen, Chris",2024,435,208,23.3703950539751,10.8761636488426,1318.85287356322,-1.71402298850575,-1.42366727143947,0.381272106782372,36.6197183098592,83.4915492957746,FALSE
621389,"Blach, Ty",2024,261,143,25.6141257956452,7.5648752863472,1967.83908045977,-2.30842911877395,-1.42419266780888,0.393888230190494,50,88.27,FALSE
607200,"Fedde, Erick",2026,203,69,22.1270485965779,5.6009812932418,1838.54187192118,-2.46009852216749,-1.46287463025236,0.416708333333333,54.1666666666667,89.9125,FALSE
622491,"Castillo, Luis",2024,404,221,21.2307654134736,13.5074865656196,1895.25,-1.98762376237624,-1.47326748952854,0.412735184958344,57.1428571428571,88.5619047619048,FALSE
700249,"Povich, Cade",2024,151,81,11.6838616471068,10.2544673681358,1717.76158940397,-1.86026490066225,-1.47506911908362,0.356564967342599,34.2105263157895,84.7342105263158,FALSE
641302,"Alexander, Tyler",2026,176,97,16.9911843499127,13.7100402402413,1485.03409090909,-1.40113636363636,-1.51932547539253,0.340826086956522,56.5217391304348,91.2739130434783,FALSE
686218,"Sheehan, Emmet",2026,269,135,55.8011148831316,20.0594870697346,1280.37918215613,-1.26617100371747,-1.5458594424445,0.334280701754386,47.3684210526316,88.9701754385965,FALSE
669194,"Nelson, Ryne",2024,234,120,41.3799768024349,12.1406698344548,1959.49572649573,-1.5042735042735,-1.54841470023361,0.367639462432357,43.6363636363636,87.5418181818182,FALSE
669212,"Morgan, Eli",2023,184,101,50.0688631926726,15.7481113907777,2022.72826086957,-1.34565217391304,-1.56710568576969,0.399420170559882,35.4838709677419,87.1967741935484,FALSE
677960,"Weathers, Ryan",2025,187,96,19.6486857322122,15.9251895798042,1863.06417112299,-1.375935828877,-1.57821664957432,0.405295352383892,39.2857142857143,89.3321428571429,FALSE
642232,"Yarbrough, Ryan",2025,205,94,33.1059330207682,11.4896503884341,1912.28780487805,-1.44243902439025,-1.623230621777,0.37840972972973,37.8378378378378,81.9297297297297,FALSE
547943,"Ryu, Hyun Jin",2023,164,91,19.5322096206384,8.08781929884091,1481.45731707317,-1.16280487804878,-1.62907737899858,0.327246965931449,40,84.2,FALSE
656756,"Montgomery, Jordan",2024,363,185,13.5016063589376,5.67353169374885,1605.6914600551,-1.78732782369146,-1.62936143143656,0.449391490856197,36.0655737704918,86.9934426229508,FALSE
656605,"Keller, Mitch",2026,164,79,18.8624317320855,13.5284403841776,1540.64634146341,-1.85548780487805,-1.63454656502968,0.454969696969697,45.4545454545455,90.3060606060606,FALSE
681293,"Arrighetti, Spencer",2024,211,97,20.2951210477272,12.0121145383394,1678.25592417062,-2.21943127962085,-1.63791867263688,0.415732601294787,50,86.8647058823529,FALSE
700241,"McGreevy, Michael",2025,147,77,8.16925136515108,11.0898629571833,1742.27210884354,-1.87210884353741,-1.64923046229561,0.392736854228205,53.125,85.309375,FALSE
829272,"Ogasawara, Shinnosuke",2025,133,69,18.0974153819557,10.4770634962202,1585.12030075188,-1.79473684210526,-1.65505290001514,0.362531240641711,40,88.58,FALSE
800048,"Messick, Parker",2025,122,66,26.7270240931143,14.8754735642366,1841.87704918033,-1.19672131147541,-1.66647110268596,0.278708333333333,63.3333333333333,86.57,FALSE
456501,"Cueto, Johnny",2023,160,87,8.92844157830526,11.9293755046228,1391.7875,-2.2575,-1.67178392030627,0.377947199363616,50,88.6857142857143,FALSE
676106,"Hancock, Emerson",2025,284,130,32.4370118357572,10.8172946140805,1646.18661971831,-2.51443661971831,-1.69149074586,0.424520334618941,46.1538461538462,88.0269230769231,FALSE
663436,"Martin, Davis",2024,176,93,27.5609007302316,16.2003611083588,2016.75,-1.51647727272727,-1.70830624004924,0.422606397827237,73.1707317073171,88.7048780487805,FALSE
701542,"Warren, Will",2025,269,118,23.357110107831,15.5621438276344,1721.23048327138,-1.85873605947956,-1.70902821560887,0.370171547396832,58,87.514,FALSE
608337,"Giolito, Lucas",2026,191,86,18.7372025404754,7.52060643663604,1541.35078534031,-1.64450261780105,-1.73014275240416,0.305657894736842,18.4210526315789,83.3131578947369,FALSE
450203,"Morton, Charlie",2025,249,132,29.865807865623,16.6804384595202,1815.82329317269,-1.74779116465863,-1.74782037671281,0.403902019198941,60,88.3290909090909,FALSE
676974,"Meyer, Max",2024,169,67,15.3219219799475,9.16448299496403,1698.92899408284,-2.39230769230769,-1.75338967331996,0.275671936758893,59.2592592592593,86.1037037037037,FALSE
669438,"Englert, Mason",2026,161,91,23.5361142527064,16.870718792272,2084.59872611465,-1.10186335403727,-1.75477996477139,0.395892857142857,35.7142857142857,88.3642857142857,FALSE
686799,"Kochanowicz, Jack",2026,257,135,10.2824923885028,14.7241630227071,2166.84046692607,-1.78326848249027,-1.75869257495337,0.367340425531915,59.5744680851064,85.1617021276596,TRUE
660604,"Rangel, Alan",2026,152,92,21.9222761682574,10.8752385643825,2022.02631578947,-1.53552631578947,-1.76753297096521,0.366259259259259,48.1481481481482,82.9851851851852,FALSE
607067,"Rea, Colin",2025,299,155,31.7935792498292,15.0569780779558,1418.99665551839,-2.26688963210702,-1.79029333848546,0.437966832724348,57.4074074074074,88.4851851851852,FALSE
608718,"Suter, Brent",2025,241,109,24.737880776543,5.01880948278559,1689.12033195021,-1.88672199170124,-1.79037734565193,0.366311351665215,46.1538461538462,82.2102564102564,FALSE
680689,"Richardson, Lyon",2025,273,131,22.2537075766653,14.3163584466537,1791.55311355311,-1.96043956043956,-1.79056486371005,0.416000397381277,50,91.025,FALSE
592791,"Taillon, Jameson",2026,206,111,24.2750488849523,12.6956264146987,1829.97087378641,-1.41699029126214,-1.79465988932656,0.379723404255319,34.0425531914894,85.2808510638298,FALSE
667463,"King, John",2025,152,75,7.41434132923204,1.17656506716334,1706.875,-2.38815789473684,-1.80322939436478,0.347443041994126,50,85.5323529411765,FALSE
606160,"Montero, Rafael",2023,125,62,11.6573489370048,10.6499230118026,2061.304,-1.2992,-1.81135222394881,0.310480402655815,65.2173913043478,84.2739130434783,FALSE
694297,"Pfaadt, Brandon",2023,124,65,19.5493450863228,14.0689037705449,1953.47580645161,-1.83709677419355,-1.81919769982342,0.435338571428571,46.1538461538462,89.6269230769231,FALSE
656849,"Peterson, David",2026,182,89,23.676685271705,9.15684809445806,1601.05494505495,-1.8989010989011,-1.82671826545864,0.368176470588235,44.1176470588235,87.9852941176471,FALSE
674370,"Bido, Osvaldo",2025,142,62,6.863314662359,7.41386979777232,2182.97183098592,-2.41619718309859,-1.8664843899682,0.360636111111111,23.3333333333333,85.62,FALSE
656271,"Burke, Brock",2025,221,127,12.0529878252459,13.0187054770741,2115.41628959276,-1.64117647058824,-1.92063637893647,0.33546263788517,54.1666666666667,85.8479166666667,FALSE
606160,"Montero, Rafael",2024,156,72,12.2251161127408,11.1912229397815,2092.37820512821,-1.71153846153846,-1.93194940914822,0.410361500696196,60,88.68,FALSE
607625,"Lugo, Seth",2025,223,113,20.7296755691446,11.6140510213837,1673.23766816144,-2.19461883408072,-1.96306966794523,0.41924514035001,42.3076923076923,90.5615384615385,FALSE
571927,"Matz, Steven",2025,186,100,28.8929518146852,12.4000251164069,2416.37634408602,-1.21182795698925,-1.97049217133166,0.29479114270214,54.3478260869565,85.0304347826087,FALSE
656271,"Burke, Brock",2026,134,69,13.3046589659884,10.5775363763023,2108.16417910448,-1.68358208955224,-1.98112039266073,0.40621875,31.25,86.2125,FALSE
669372,"Ginn, J.T.",2025,144,71,14.5539084205381,2.48655025539281,1482.30555555556,-3.43333333333333,-1.98218081682764,0.362752095238096,60,85.4,FALSE
471911,"Carrasco, Carlos",2023,173,101,14.1894029448367,12.0132447034908,1298.2485549133,-2.54624277456647,-2.01706910295479,0.437178901884341,50,92.7666666666667,FALSE
690986,"Harrison, Kyle",2026,138,66,44.8858506980509,19.7743940670609,1275.84782608696,-2.25217391304348,-2.04154812132421,0.353785714285714,53.5714285714286,89.1928571428572,FALSE
682610,"Muñoz, Roddery",2024,137,72,4.16650629888842,6.80394773968761,1720.05839416058,-3.0051094890511,-2.05018329829255,0.52015739778818,32.1428571428572,88.8678571428572,FALSE
669060,"Wilson, Bryse",2025,152,69,20.7745779064262,12.2571835760759,1721.93421052632,-2.18026315789474,-2.07858384900855,0.387510752688172,29.0322580645161,87.3193548387097,FALSE
596295,"Gomber, Austin",2023,109,61,31.4920699896255,8.5543512290915,1668.95412844037,-1.6,-2.1014695542342,0.336786610343062,50,90.04,FALSE
623454,"Anderson, Drew",2026,327,172,39.8299393444091,19.9244052481903,1482.89296636086,-1.93363914373089,-2.11480619795217,0.385254545454545,52.7272727272727,88.7236363636364,FALSE
605488,"Springs, Jeffrey",2026,415,229,20.1536933138765,11.5970872506451,1384.76626506024,-1.67614457831325,-2.11592890817905,0.331716049382716,39.5061728395062,82.2777777777778,FALSE
527048,"Pérez, Martín",2023,151,79,7.44274964922826,1.8553341037709,1629.73509933775,-2.55298013245033,-2.16439841091303,0.359589569457142,41.9354838709678,87.841935483871,FALSE
683155,"Estes, Joey",2024,220,100,17.7338043676075,9.65664236795319,1655.49545454545,-2.79909090909091,-2.18932379308384,0.484622578512775,34.2857142857143,89.0771428571429,FALSE
593958,"Rodriguez, Eduardo",2025,526,267,22.4710463637602,9.76438357643378,1932.85551330799,-1.75703422053232,-2.21370310159227,0.342582760729412,48.2758620689655,81.6810344827586,FALSE
686799,"Kochanowicz, Jack",2025,260,152,12.5825295986102,13.2356633284043,2109.21153846154,-2.87192307692308,-2.22191858136141,0.462949898760192,48.9795918367347,92.9591836734694,FALSE
608344,"Irvin, Cole",2023,123,64,15.0708874376724,9.91502261154807,1576.35772357724,-1.8650406504065,-2.42042015925295,0.408030072463768,46.6666666666667,90.0733333333333,FALSE
622491,"Castillo, Luis",2023,218,116,17.6098124646002,12.9827944912904,1895.79357798165,-2.1802752293578,-2.43658440844937,0.37064070083706,46.6666666666667,86.2244444444445,FALSE
628711,"Urías, Julio",2023,121,78,20.1196547989038,11.2412367204738,1917.59504132231,-1.66694214876033,-2.46671841298586,0.454005467103467,52,88.444,FALSE
805673,"Matthews, Zebby",2026,145,61,31.5959294055029,14.3480727401898,1539.8275862069,-2.61586206896552,-2.47081677823455,0.353485714285714,42.8571428571429,87.5542857142857,FALSE
502043,"Gibson, Kyle",2023,194,113,14.5473025779783,12.8766974167436,1660.53886010363,-2.11237113402062,-2.49103931379878,0.440382205691172,56.5217391304348,89.6826086956522,FALSE
656288,"Canning, Griffin",2026,265,141,29.5998624672637,15.8251563766079,1511.58490566038,-2.71283018867925,-2.49306546754543,0.319783333333333,65,92.6833333333333,FALSE
622072,"Wood, Alex",2024,169,87,28.4780997540322,10.2720071779435,1664.97041420118,-3.13846153846154,-2.49538331688815,0.438601535638457,51.219512195122,94.2414634146341,FALSE
676760,"Marinaccio, Ron",2024,134,63,43.8819797447274,16.1332589046553,2096.47286821705,-3.35298507462687,-2.52379912243502,0.507307603219595,43.4782608695652,88.1608695652174,FALSE
694297,"Pfaadt, Brandon",2026,144,75,17.2134156303214,11.6723398854549,2086.53472222222,-2.05277777777778,-2.52812312373035,0.4367,60,87.4933333333333,FALSE
548389,"Stripling, Ross",2024,231,137,18.1804925350187,9.05131710109898,1669.09523809524,-1.72770562770563,-2.53530800054319,0.346102480024122,37.3134328358209,83.5701492537313,FALSE
622663,"Severino, Luis",2024,214,100,35.6215189314018,11.2829849850232,1581.55140186916,-3.35560747663551,-2.53826988773793,0.450210783569931,52.2727272727273,88.3431818181818,FALSE
685299,"Gordon, Tanner",2025,248,148,19.1626106464175,8.82064903419967,2103.45161290323,-2.55443548387097,-2.55123159958719,0.432657986021892,39.344262295082,87.7213114754098,FALSE
668941,"Romero, JoJo",2024,154,83,20.6934803433069,11.5640032340999,1575.48701298701,-3.1525974025974,-2.61764008153651,0.49945213706928,38.8888888888889,86.2277777777778,FALSE
681190,"Vásquez, Randy",2024,201,94,24.4317894784476,10.9073850796027,2191.76119402985,-2.77313432835821,-2.61998403134949,0.398114115174164,46.6666666666667,86.9044444444445,FALSE
702275,"Ritchie, JR",2026,157,86,19.5056428471274,15.0887570774065,1691.97452229299,-3.39426751592357,-2.68839990489885,0.387029411764706,52.9411764705882,90.9794117647059,FALSE
687931,"Whisenhunt, Carson",2025,152,82,38.4081224612606,11.9400727126172,2073.25,-2.67763157894737,-2.69741998821568,0.338557004580417,44.8275862068966,89.1448275862069,FALSE
683003,"Jones, Jared",2024,125,70,9.45993399991693,14.0557965075892,1733,-2.9432,-2.71094810243081,0.388568437590432,45.4545454545455,90.5636363636364,TRUE
689225,"Brieske, Beau",2023,150,80,25.4493665280508,13.4230544431578,2027.79333333333,-1.972,-2.77878307897395,0.345749425378458,54.8387096774194,82.6677419354839,FALSE
641302,"Alexander, Tyler",2024,219,111,18.4064760892988,12.3106164390762,1585.19634703196,-2.88584474885845,-2.80858727195262,0.397091260753965,45.2830188679245,85.0245283018868,FALSE
641154,"López, Pablo",2023,278,154,18.5874228645151,9.24336124584564,2077.18050541516,-2.381654676259,-2.93556693441721,0.348443009606346,52.2388059701493,86.7179104477612,FALSE
701487,"Ohl, Pierson",2025,199,125,45.6764831726886,15.0585016698602,2144.69346733668,-1.91959798994975,-2.95854774020482,0.358272233201581,34.7826086956522,84.8152173913043,FALSE
571927,"Matz, Steven",2024,186,100,28.6136951013123,12.0320271905288,2317.31182795699,-3.2005376344086,-2.96119351508858,0.420245648009329,36.9565217391304,87.4760869565217,FALSE
693821,"Elder, Bryce",2025,260,132,17.845082200027,11.4497733446083,2176.88076923077,-3.05961538461538,-2.98638065778395,0.388981683525409,43.5483870967742,89.5225806451613,FALSE
670174,"Winckowski, Josh",2024,155,82,27.7775097270993,11.2167292244055,1693.15483870968,-2.87935483870968,-3.10627200575726,0.293204471544715,78.5714285714286,88.0952380952381,FALSE
687473,"Gusto, Ryan",2025,165,74,38.9885186404882,11.5819055405389,1798.41818181818,-3.73333333333333,-3.25181433289068,0.312449937673725,42.4242424242424,82.5515151515152,FALSE
621383,"Banks, Tanner",2024,143,68,9.7829928507776,10.898775700655,1851.65734265734,-2.42657342657343,-3.2543394921242,0.356413314046805,62.5,88.645,FALSE
656849,"Peterson, David",2023,176,92,22.1184854834766,10.0308949732035,1656.19540229885,-2.91647727272727,-3.25680377637634,0.475300289606227,46.875,88.196875,FALSE
622663,"Severino, Luis",2025,143,65,33.190901045613,11.7389709790708,1604.08391608392,-3.82167832167832,-3.25818647354662,0.436530045132173,50,91.8033333333333,FALSE
596133,"Weaver, Luke",2023,145,68,17.1682925274584,9.74630710015418,1774.52777777778,-3.20827586206897,-3.26364337476991,0.518037538461539,32,86.056,FALSE
663158,"Suarez, Robert",2025,249,122,26.3755948270442,13.4132984065532,1860.02008032129,-2.27951807228916,-3.32620340641377,0.425697990271378,42.5,89.27,FALSE
605397,"Musgrove, Joe",2024,123,65,22.386063129942,10.1261593220355,2114.75630252101,-3.62926829268293,-3.41637205072788,0.462718635531135,42.8571428571429,88.1678571428571,FALSE
663623,"Irvin, Jake",2025,226,116,9.28923087389343,10.9568962733999,2198.2389380531,-3.71548672566372,-3.43069476030477,0.384452301099577,44.7761194029851,91.7537313432836,FALSE
679525,"Marsh, Alec",2023,148,71,18.4948422820608,12.1114101053026,1727.06081081081,-4.06689189189189,-3.89677162268525,0.381431813738559,51.5151515151515,87.5878787878788,FALSE
571945,"Mikolas, Miles",2024,220,120,10.5746009391694,8.82371683567669,1676.68636363636,-3.80227272727273,-3.92924664820648,0.410585354446881,53.448275862069,86.6120689655172,FALSE
680573,"Woods Richardson, Simeon",2024,442,205,51.3795664673936,10.3460850357841,2271.24886877828,-3.57149321266968,-3.9857212140052,0.367877361021614,38.4615384615385,88.8051282051282,FALSE
621111,"Buehler, Walker",2026,174,77,33.5929472796498,13.7376899353887,1244.60465116279,-5.06954022988506,-4.21390041580725,0.519967741935484,45.1612903225806,92.4096774193548,FALSE
685299,"Gordon, Tanner",2024,111,72,13.3968720834645,5.02147898742677,2135.94594594595,-4.80720720720721,-4.39209986261671,0.28281769174222,36.6666666666667,85.6066666666667,FALSE
666974,"Cano, Yennier",2025,123,66,8.90636376834098,5.05925480763202,1849.80487804878,-5.49105691056911,-4.90358361626623,0.441939976689977,42.3076923076923,85.9192307692308,FALSE
622608,"Senzatela, Antonio",2025,179,75,5.07238216051559,6.60236768996424,2199.43016759777,-4.9122905027933,-4.98338458052643,0.522501318240958,27.5,88.39,FALSE
686730,"Spiers, Carson",2024,184,90,32.7083689876179,11.2573145015247,1657.61413043478,-6.87717391304348,-6.36118402786947,0.461813257871455,42.2222222222222,91.0266666666667,FALSE
