pitcher,season,player_name,nsw,axis,arm,velo_sep,w1,w2,w3,w4,as_ch,as_fb,hs,hi,last,bin
425794,2021,"Wainwright, Adam",80,23.6562466122391,44.035,6.30675167224081,-8.57233451180346,-8.01633791702164,-1.71855742783687,-1.20748572698741,0.901,0.764,FALSE,TRUE,Wainwright,FALSE
425794,2022,"Wainwright, Adam",72,28.1294108632399,42.8277777777778,5.80090996168583,-9.7237444037184,-8.25771342257789,-2.56107340906881,-0.984398121030057,0.91,0.758,FALSE,FALSE,Wainwright,FALSE
425844,2020,"Greinke, Zack",98,29.2697271545869,43.080612244898,1.80712868480726,15.6826413825233,16.1956582362905,9.73783859631241,9.88231997028976,0.817,0.784,FALSE,FALSE,Greinke,FALSE
425844,2021,"Greinke, Zack",288,30.5048199014418,43.7892361111111,2.61965182274612,0.455345606972,0.724091165973046,-2.10766424226033,-1.98068657939841,0.844,0.787,FALSE,FALSE,Greinke,FALSE
425844,2022,"Greinke, Zack",159,30.7574708894884,39.874213836478,2.75567341616812,-9.28574634579839,-8.34464196554297,-9.2494127071084,-8.11016270883417,0.861,0.792,FALSE,FALSE,Greinke,FALSE
425844,2023,"Greinke, Zack",184,32.9174394299601,40.2375,3.05926850763808,-4.41579939126949,-2.95345144294968,-5.82896161758264,-4.74154288744945,0.861,0.801,TRUE,FALSE,Greinke,FALSE
433589,2021,"Petit, Yusmeiro",109,4.20866892079322,42.4596330275229,6.74813184374075,-1.7597656079012,-1.03238187036035,3.59798841702486,3.80112047441861,0.94,0.896,TRUE,FALSE,Petit,FALSE
434378,2024,"Verlander, Justin",83,22.280731160034,50.6530120481928,9.38769419267683,-7.64639170753104,-7.31239847135593,-6.74005215334267,-6.20408744307117,0.948,0.963,TRUE,TRUE,Verlander,FALSE
434378,2025,"Verlander, Justin",101,21.2287565822883,51.6356435643564,8.96191385636025,-3.36488973416782,-3.06849855489407,-0.800707388676207,-1.19100193698559,0.941,0.965,TRUE,TRUE,Verlander,FALSE
434671,2022,"Sánchez, Aníbal",182,27.789177221421,47.3532967032967,10.2271403015589,-2.22710988093116,-0.941871626691051,-1.1731448733403,-0.677235056816551,0.942,0.905,TRUE,TRUE,Sánchez,FALSE
446372,2021,"Kluber, Corey",93,21.7083641515829,33.3451612903226,5.2560549973559,16.4308062105259,16.4616991056661,12.630744636532,12.8936238840463,0.766,0.748,FALSE,FALSE,Kluber,FALSE
450203,2022,"Morton, Charlie",118,31.2760950535475,19.7720338983051,7.72764874101975,3.2996769707511,2.80573577624059,2.29214797477157,1.72506340120104,0.992,0.854,TRUE,FALSE,Morton,FALSE
450203,2023,"Morton, Charlie",131,27.1394223363943,18.6977099236641,8.70274560238964,2.96640353007158,2.63622483853315,1.69290631795143,1.222374175374,0.994,0.926,TRUE,FALSE,Morton,FALSE
450203,2024,"Morton, Charlie",162,26.4772322065624,19.8969135802469,9.14260187505801,1.56307051930623,1.28676317382203,5.41821869125675,4.53587296829871,0.993,0.908,TRUE,FALSE,Morton,FALSE
450203,2025,"Morton, Charlie",131,28.9113028225499,19.7229007633588,6.76758878667276,-5.67199278593756,-4.85854084984394,-1.38104553563836,-1.33596126699713,0.765,0.873,FALSE,FALSE,Morton,FALSE
452657,2020,"Lester, Jon",68,9.25477092900407,36.5323529411765,6.19646657297731,7.51465334122051,8.07533608249081,5.15078505455357,5.72340364598593,0.801,0.823,TRUE,FALSE,Lester,FALSE
452657,2021,"Lester, Jon",231,6.83062016951158,40.9683982683983,7.36999316473001,1.95061909320598,2.62664337133881,-0.870706663823764,-0.199154475895512,0.712,0.764,FALSE,FALSE,Lester,FALSE
453265,2021,"Watson, Tony",163,10.6327109298365,18.4,6.5176246077295,0.80129600491531,1.77098049101731,-1.27644607553831,-1.39003855425286,0.992,0.929,TRUE,FALSE,Watson,FALSE
453281,2021,"LeBlanc, Wade",89,18.6970170559933,37.7337078651685,7.97290152015863,6.42377083264904,5.97057287826325,5.09923592017882,5.12847034289875,0.99,0.948,TRUE,FALSE,LeBlanc,FALSE
453286,2020,"Scherzer, Max",61,28.515862564867,23.6655737704918,9.65304659498207,3.7090044864261,4.95045164322637,6.22362005912069,6.07464307936672,0.986,0.905,TRUE,FALSE,Scherzer,FALSE
453286,2021,"Scherzer, Max",205,25.1097708360715,27.9965853658537,9.34096190529104,0.457680343045349,1.56171974442086,2.69350102705812,2.81327133656494,0.984,0.907,TRUE,FALSE,Scherzer,FALSE
453286,2022,"Scherzer, Max",142,25.3734415547233,26.6957746478873,9.88671991297378,-5.06881712529802,-4.06252411247965,-5.93506778342157,-5.73743223666121,0.988,0.931,TRUE,FALSE,Scherzer,FALSE
453286,2023,"Scherzer, Max",166,27.8046944757912,27.6530120481928,9.88795497225329,-0.164801023787402,0.358404860954363,1.06281671157817,1.45496328301821,0.991,0.937,TRUE,FALSE,Scherzer,FALSE
453286,2025,"Scherzer, Max",77,28.3759662386004,28.9155844155844,8.64872056726656,-7.7186049106102,-6.77367473427319,-4.19424215566769,-4.46639971861373,0.991,0.93,TRUE,FALSE,Scherzer,FALSE
456034,2021,"Price, David",153,24.4621183380499,32.502614379085,7.47941929459956,-4.41878632936217,-4.13655844900044,-2.62278486921393,-2.20905952958686,0.991,0.919,TRUE,FALSE,Price,FALSE
456501,2020,"Cueto, Johnny",117,10.6907078633113,31.5111111111111,9.00787545787546,6.11532011690063,6.4942577189626,0.943181032693196,0.902880832547936,0.763,0.896,FALSE,FALSE,Cueto,FALSE
456501,2021,"Cueto, Johnny",238,10.6573357688269,34.1365546218487,9.15061782109293,4.75578819030736,4.85795235343999,3.12482061850576,2.84130611675082,0.798,0.935,FALSE,FALSE,Cueto,FALSE
456501,2022,"Cueto, Johnny",233,8.48683000901058,32.4163090128755,8.96399437268715,-1.44812755373161,-0.804165744007024,-2.63871579173445,-3.09095659550743,0.837,0.942,TRUE,FALSE,Cueto,FALSE
456501,2023,"Cueto, Johnny",90,9.00155731421368,33.4844444444444,8.1116835016835,3.47125053945546,3.54127200532775,-0.600838853047886,-0.0578841471173762,0.806,0.935,TRUE,FALSE,Cueto,FALSE
457918,2021,"Happ, J.A.",153,14.3939442991894,43.2849673202614,4.87272838449309,-4.35515689549319,-3.97243254574184,-7.48786971626572,-7.26712470195378,0.962,0.906,TRUE,FALSE,Happ,FALSE
458681,2023,"Lynn, Lance",96,16.4366516129329,30.3197916666667,7.59983829723225,1.79780517083681,3.02777113870964,0.381286836011654,1.86652974628877,0.802,0.713,FALSE,FALSE,Lynn,FALSE
461325,2020,"Clippard, Tyler",67,24.9729478070311,46.7865671641791,11.3414768263943,-12.6433298299075,-10.4634172256858,-5.39808890277915,-4.81948718438895,0.985,0.973,TRUE,TRUE,Clippard,FALSE
461325,2021,"Clippard, Tyler",66,27.0649504751658,45.8575757575758,10.6136363636364,-12.4786962194659,-10.5630020388667,-8.48762055451566,-7.44083212155132,0.974,0.963,TRUE,TRUE,Clippard,FALSE
461829,2020,"Gonzalez, Gio",74,17.7764148002537,34.4,7.26891226201572,20.4457862254046,20.2594885632166,12.0820208877537,11.5693331667387,0.977,0.909,TRUE,FALSE,Gonzalez,FALSE
471911,2020,"Carrasco, Carlos",127,9.55767084115171,36.3984251968504,5.76300655480892,9.87261518042285,9.3806436543809,3.51553717668955,3.70672919137071,0.679,0.832,FALSE,FALSE,Carrasco,FALSE
471911,2021,"Carrasco, Carlos",115,12.9819465041752,36.8460869565217,6.11794243723209,2.15025922045978,1.42463075474865,-3.88505001129141,-3.92503905194663,0.685,0.825,FALSE,FALSE,Carrasco,FALSE
471911,2022,"Carrasco, Carlos",350,13.0423483210377,33.7522857142857,5.77851668092386,5.59413600077999,5.34081843949975,1.62913571688569,1.89194242313991,0.775,0.846,FALSE,FALSE,Carrasco,FALSE
471911,2023,"Carrasco, Carlos",242,14.6377287857313,34.5421487603306,5.43224780270234,6.3879590252619,6.16546061446698,0.340062221280436,1.07689943985836,0.682,0.816,FALSE,FALSE,Carrasco,FALSE
471911,2024,"Carrasco, Carlos",200,16.3618365322655,34.21,4.67531308411215,5.21515262476935,5.07353616143892,2.23970931082618,3.12152888252847,0.585,0.751,FALSE,FALSE,Carrasco,FALSE
471911,2025,"Carrasco, Carlos",88,19.3972877314851,32.6522727272727,6.67189955106621,7.46298369326666,7.22244197129965,1.37244005392805,1.92810307125199,0.618,0.759,FALSE,FALSE,Carrasco,FALSE
489119,2021,"Miley, Wade",326,25.3869104537311,49.2273006134969,7.97301798998251,0.641031902968877,0.144431567023949,-2.47170201958944,-3.04745570787629,0.862,0.858,TRUE,TRUE,Miley,FALSE
489119,2022,"Miley, Wade",91,26.145391573822,44.3164835164835,7.6320173653507,5.13447525480776,4.31826779716325,6.81176168424587,7.21802823293893,0.873,0.858,TRUE,TRUE,Miley,FALSE
489119,2023,"Miley, Wade",197,24.4138037418621,46.3233502538071,6.73302560383779,-7.67557208003147,-8.8287632890204,-6.42705665808994,-7.01235631239306,0.883,0.866,TRUE,TRUE,Miley,FALSE
491624,2021,"Valdez, César",326,30.394139350122,14.7668711656442,7.39872652909463,2.35439602596915,2.80292142776778,2.03693606083703,1.22580935959251,0.716,0.84,FALSE,FALSE,Valdez,FALSE
493603,2023,"Ottavino, Adam",72,20.6001551880452,22.0763888888889,5.53808479532164,1.01344498079666,2.94854829291596,3.82536831514023,4.54173946281221,0.775,0.804,FALSE,FALSE,Ottavino,FALSE
500610,2021,"Guerra, Deolis",198,19.814478407184,43.6525252525253,9.09855646933886,7.42280775520521,7.28456011257958,5.07509461949703,5.98589060024217,0.92,0.969,TRUE,FALSE,Guerra,FALSE
500779,2021,"Quintana, Jose",70,23.9548828855985,48.1928571428572,4.87658949745907,10.2886144544166,8.00922181296037,6.22177791735058,5.28208057644638,0.942,0.894,TRUE,TRUE,Quintana,FALSE
500779,2022,"Quintana, Jose",223,26.4052089088282,43.4443946188341,4.83763044728067,2.5527407163509,1.10973718217204,0.818185759765085,0.337655624134184,0.929,0.836,TRUE,FALSE,Quintana,FALSE
500779,2023,"Quintana, Jose",108,23.6157787777417,43.3416666666667,4.3667005044912,5.5853738375053,3.99507693733185,2.77154047498719,2.22088090907308,0.948,0.834,TRUE,FALSE,Quintana,FALSE
500779,2024,"Quintana, Jose",214,28.0658978257127,42.8714953271028,4.93597393791091,9.04468543675548,7.82166010222943,4.33315656907019,3.90720956300668,0.926,0.861,TRUE,FALSE,Quintana,FALSE
500779,2025,"Quintana, Jose",213,27.1601095078059,40.6173708920188,4.88222038111019,-9.33157852190031,-9.33032522919149,-11.4401922370102,-11.0279873685102,0.891,0.874,TRUE,FALSE,Quintana,FALSE
500779,2026,"Quintana, Jose",64,28.1238866721656,40.8609375,4.53648897058823,3.72908395565686,3.50082915482601,-1.20786849917173,-0.858500720360029,0.906,0.797,FALSE,FALSE,Quintana,FALSE
501381,2021,"Pineda, Michael",134,11.8932457781477,40.3007462686567,5.22020653489311,-5.39112748899093,-3.25595024531028,-5.86019172539975,-4.43268709027427,0.941,0.883,TRUE,FALSE,Pineda,FALSE
501381,2022,"Pineda, Michael",64,13.2895650723883,41.0953125,4.50489318706698,3.88435845644661,5.85371354674278,3.45057673723052,4.52506995245916,0.96,0.887,TRUE,FALSE,Pineda,FALSE
501625,2021,"Alvarez, Jose",130,23.4911276263834,37.5046153846154,10.0043992371265,-0.0174258838588457,-0.219955065706429,-0.20646503824799,-0.337507078455595,0.892,0.935,TRUE,FALSE,Alvarez,FALSE
501985,2020,"Minor, Mike",77,22.5319842985146,35.1363636363636,5.19282572266443,5.64582683695365,5.31955214263479,13.7803309217176,12.9495372684428,0.958,0.666,FALSE,FALSE,Minor,FALSE
501985,2021,"Minor, Mike",268,22.1978781421086,38.5462686567164,5.60738726226392,-0.27405826916644,0.605804165345117,2.07277047692435,1.48503687189537,0.967,0.688,FALSE,FALSE,Minor,FALSE
501985,2022,"Minor, Mike",218,23.1104660957904,32.401376146789,6.15220158107782,0.168964149475167,1.11405468322236,1.20255604016587,1.0719189879603,0.987,0.769,FALSE,FALSE,Minor,FALSE
502042,2022,"Archer, Chris",138,16.7988266268717,48.8275362318841,5.95986325019309,6.74045582309304,7.06471718412689,3.48506076532427,2.93527788551804,0.96,0.965,TRUE,TRUE,Archer,FALSE
502043,2020,"Gibson, Kyle",79,14.7481582216526,43.993670886076,7.97088607594936,-3.12278356535853,-2.43827161645895,-8.36253991388116,-7.91446830290764,0.864,0.881,TRUE,FALSE,Gibson,FALSE
502043,2021,"Gibson, Kyle",184,18.7957658596224,41.3097826086957,7.99065577708384,-7.33392472787187,-5.84598246968448,-5.63391321502707,-4.43059776586188,0.851,0.863,TRUE,FALSE,Gibson,FALSE
502043,2022,"Gibson, Kyle",160,17.9430854980332,39.43375,7.32977134146341,-4.28081458827675,-1.89622292895982,-2.05489941590435,-0.610429806879676,0.836,0.854,TRUE,FALSE,Gibson,FALSE
502043,2023,"Gibson, Kyle",280,15.9738655392858,42.0632142857143,6.57076143904995,-2.86486775062928,-2.04337975211664,0.0978600224253095,0.259042808319443,0.793,0.875,FALSE,FALSE,Gibson,FALSE
502043,2024,"Gibson, Kyle",135,16.9083794438561,43.3177777777778,6.59019880916338,9.92364167271828,9.93418290946728,7.12897084085174,6.61361155749412,0.794,0.86,FALSE,FALSE,Gibson,FALSE
502202,2021,"Boxberger, Brad",97,34.9381125618219,35.3010309278351,11.0199450171821,-0.0136033611090502,1.53694064879729,-2.89235628408835,-1.21261829729822,0.9,0.904,TRUE,FALSE,Boxberger,FALSE
502202,2022,"Boxberger, Brad",127,31.2421988020446,36.0661417322835,11.6799575394373,-2.53689271170642,-0.571425611687107,-6.2026874718877,-5.40043077019182,0.86,0.912,TRUE,FALSE,Boxberger,FALSE
502327,2021,"Santiago, Héctor",68,30.4502727351209,37.0220588235294,9.54856606193879,-4.09095536460532,-3.41565589690328,1.08692002370051,0.940540288601097,0.895,0.996,TRUE,FALSE,Santiago,FALSE
502624,2021,"Anderson, Chase",128,28.3140967622122,48.615625,9.69462053571428,-6.55949894452305,-6.48187544091402,-4.94519958243985,-4.85844557392478,0.996,0.942,TRUE,TRUE,Anderson,FALSE
502624,2022,"Anderson, Chase",69,28.1825021126128,44.104347826087,9.26802536231884,-5.10123070400123,-4.73129480726784,-3.57654981225686,-3.17751926861114,0.995,0.953,TRUE,TRUE,Anderson,FALSE
502624,2023,"Anderson, Chase",159,29.6876639437515,41.4729559748428,9.44083103667585,-2.68407978390297,-2.10695003400963,-1.73320930869699,-1.79202848982724,0.994,0.933,TRUE,FALSE,Anderson,FALSE
502624,2024,"Anderson, Chase",144,30.0473203519464,39.53125,9.70121753246753,-5.08766459981003,-4.56360042442026,-5.8441118020344,-5.352900275794,0.994,0.922,TRUE,FALSE,Anderson,FALSE
518516,2021,"Bumgarner, Madison",95,22.346769980359,25.0663157894737,6.51815789473684,-9.18263381142671,-5.85669696463544,-5.26299651346938,-3.85276455685864,0.969,0.863,TRUE,FALSE,Bumgarner,FALSE
518516,2022,"Bumgarner, Madison",135,17.9910024789305,24.0155555555556,5.72525260283324,-4.07294638174263,-0.487287576435984,-0.110161102355718,1.03850989072588,0.961,0.871,TRUE,FALSE,Bumgarner,FALSE
518617,2023,"Diekman, Jake",70,12.4241762705094,18.4385714285714,7.63229299363058,-11.9001363534169,-11.5479867931773,-10.1245691611226,-9.03252734420386,0.984,0.984,TRUE,FALSE,Diekman,FALSE
518633,2020,"Duffy, Danny",60,32.7089030385959,48.46,8.12194214876033,2.20211434040497,3.22859788942877,-2.22801588165802,-2.83097686246544,0.919,0.975,TRUE,TRUE,Duffy,FALSE
518633,2021,"Duffy, Danny",67,31.831497974941,51.6791044776119,8.30648839137646,1.98194231118803,0.0595093491850141,2.38324754353321,1.84972093940898,0.923,0.967,TRUE,TRUE,Duffy,FALSE
518774,2021,"Harvey, Matt",131,11.1955819931299,43.8748091603054,7.90021896343913,-15.0327681028292,-15.19455393155,-11.1794298273202,-11.4507845885654,0.978,0.978,TRUE,FALSE,Harvey,FALSE
518876,2021,"Kelly, Merrill",219,14.5168438048098,32.9063926940639,4.43955280600972,2.30462386938177,2.3964831347925,2.61285414718249,2.87129527103457,0.792,0.8,FALSE,FALSE,Kelly,FALSE
518876,2022,"Kelly, Merrill",358,17.4156190221295,27.8600558659218,3.90087184696124,-0.653527023382876,-0.877712990998976,-1.56049523095941,-1.22495184473149,0.86,0.803,TRUE,FALSE,Kelly,FALSE
518876,2023,"Kelly, Merrill",377,18.7864264262264,28.353050397878,3.55355508657799,1.5299833869241,1.15485365501186,-2.02167342783155,-2.0267679555893,0.831,0.783,FALSE,FALSE,Kelly,FALSE
518876,2024,"Kelly, Merrill",124,17.498081163651,26.0653225806452,3.32164613041672,2.36092299879949,2.54429667983471,1.34333747547179,1.33166664295348,0.776,0.807,FALSE,FALSE,Kelly,FALSE
518876,2025,"Kelly, Merrill",452,15.06487501664,24.6013274336283,3.45789533851575,3.21836103990677,2.82625696792797,0.00615131747862764,0.346193467690276,0.799,0.845,FALSE,FALSE,Kelly,FALSE
518876,2026,"Kelly, Merrill",267,15.6493463379794,24.4385767790262,3.6217472194464,1.22312229304185,1.0470946605259,-0.336060114222073,-0.4140820383539,0.791,0.849,FALSE,FALSE,Kelly,FALSE
519043,2021,"Moore, Matt",127,27.134743624174,48.6330708661417,9.81792424461793,3.02817582474673,2.56036595359428,3.34042269834381,2.62290772950183,0.984,0.983,TRUE,TRUE,Moore,FALSE
519043,2022,"Moore, Matt",105,29.3392499777359,44.28,8.79250723493818,12.1160796619254,12.7333923524867,7.2353380955649,7.40040258165288,0.97,0.97,TRUE,TRUE,Moore,FALSE
519043,2023,"Moore, Matt",147,32.1654099482279,46.243537414966,9.86319693706629,-2.46274809644479,-1.55311599275225,0.724430244801521,0.552031303088401,0.974,0.98,TRUE,TRUE,Moore,FALSE
519043,2024,"Moore, Matt",142,32.2093556864586,45.656338028169,9.93867467097668,0.0470731331000664,1.46177180942285,1.36244284915236,1.27216768289608,0.976,0.981,TRUE,TRUE,Moore,FALSE
519242,2021,"Sale, Chris",77,20.0541472879278,12.0896103896104,6.93887119170138,-2.9023999710675,-3.46333179954574,-0.536033118641314,-0.421070205270565,0.992,0.921,TRUE,FALSE,Sale,FALSE
519242,2023,"Sale, Chris",108,20.0122551179091,8.0962962962963,7.66346766322494,3.95106137881892,4.76700572953907,6.20466118224454,5.91744821201809,0.992,0.946,TRUE,FALSE,Sale,FALSE
519242,2024,"Sale, Chris",206,19.7354858483363,6.55922330097087,7.98363049048977,-2.32952445291245,-1.98475066179025,-2.64561906858259,-2.34688853555631,0.995,0.967,TRUE,FALSE,Sale,FALSE
519242,2025,"Sale, Chris",77,17.5408549589267,4.23376623376623,8.20476343986982,-2.72832466007483,-2.59376107031973,0.839381062598692,0.695144272028674,0.989,0.944,TRUE,FALSE,Sale,FALSE
519242,2026,"Sale, Chris",116,16.1841040845478,7.72413793103448,8.1311170094125,5.64210875163987,5.7037203249434,3.00446129145388,2.85513780375825,0.987,0.934,TRUE,FALSE,Sale,FALSE
527048,2020,"Pérez, Martín",124,5.48702586921733,47.7427419354839,8.80012406947891,5.33277805907814,2.77199889017923,4.45649274142305,2.72977438358507,0.996,0.965,TRUE,TRUE,Pérez,TRUE
527048,2021,"Pérez, Martín",237,7.50734360616586,47.8704641350211,8.61023688218919,3.33283176312893,0.986743856764605,1.95995672878754,-0.180654569889351,0.994,0.973,TRUE,TRUE,Pérez,TRUE
527048,2022,"Pérez, Martín",422,10.4737482039677,42.5485781990521,8.45084060863058,3.89270784159743,3.47293261191566,-3.75948417833268,-3.36519698001079,0.994,0.973,TRUE,FALSE,Pérez,FALSE
527048,2023,"Pérez, Martín",323,10.0241711322528,44.9808049535604,7.51188909774436,1.38264562204715,-0.330597997086526,-1.8924651031885,-3.28522968845785,0.994,0.979,TRUE,TRUE,Pérez,FALSE
527048,2024,"Pérez, Martín",270,12.3852107460566,46.3833333333333,8.13326797385621,5.85136380189422,4.68291210079918,4.22585191553909,2.90574792958734,0.993,0.969,TRUE,TRUE,Pérez,FALSE
527048,2026,"Pérez, Martín",231,11.4215857425854,42.9701298701299,7.8827012987013,4.18269799402492,3.79894935223501,6.53515167269149,6.13937033097497,0.995,0.967,TRUE,FALSE,Pérez,FALSE
527054,2023,"Teheran, Julio",74,5.88611498335234,24.1162162162162,5.96301846400857,2.07801206474642,3.35898881000314,10.3980866241215,10.199004566325,0.933,0.704,FALSE,FALSE,Teheran,FALSE
542881,2020,"Anderson, Tyler",126,20.2175502073477,50.9952380952381,9.23597030209933,0.513626184037226,1.09800344171253,0.24137851750225,0.558744827461904,0.961,0.993,TRUE,TRUE,Anderson,FALSE
542881,2021,"Anderson, Tyler",346,21.0588901675216,47.0748554913295,9.63039433465484,-3.23710494032822,-3.79834904526857,-4.69759690899401,-4.96490018683926,0.973,0.984,TRUE,TRUE,Anderson,FALSE
542881,2022,"Anderson, Tyler",454,17.5237163659144,49.9687224669604,11.5752922862273,0.931602531797467,2.06590244975155,-1.99375327869695,-1.88251838706341,0.958,0.99,TRUE,TRUE,Anderson,FALSE
542881,2023,"Anderson, Tyler",409,21.1492563657819,54.620293398533,9.92220048899756,3.35442156233728,3.01153517852661,3.21116845086634,3.20553883939321,0.986,0.971,TRUE,TRUE,Anderson,FALSE
542881,2024,"Anderson, Tyler",556,21.1350281984083,62.2784172661871,10.3740373415553,1.32054931723282,-1.82491716647867,-0.566774774598686,-1.27038565440217,0.968,0.981,TRUE,TRUE,Anderson,FALSE
542881,2025,"Anderson, Tyler",413,19.1477674467656,59.1917675544794,10.5533977024723,2.82508144280532,1.32019295953975,1.53989185600257,1.70820087747112,0.945,0.992,TRUE,TRUE,Anderson,FALSE
542882,2020,"Andriese, Matt",81,48.1398320892882,39.6012345679012,5.86169484702093,-1.35640413349297,-0.622265178593802,-2.80803650491961,-3.30718371847523,0.303,0.881,FALSE,FALSE,Andriese,FALSE
542882,2021,"Andriese, Matt",140,63.7423942596937,43.8785714285714,6.07871428571429,1.01432444336719,1.05198036422026,-0.802051063383076,-1.25884361932202,0.243,0.853,FALSE,FALSE,Andriese,FALSE
542960,2021,"Brach, Brad",102,26.4958189026924,24.4156862745098,7.33729411764707,8.58238676842787,9.37747538519046,0.204983668142136,2.35934715193188,0.791,0.915,FALSE,FALSE,Brach,FALSE
543037,2021,"Cole, Gerrit",214,23.7142463231846,38.8901869158879,7.956347129506,0.209965576485767,-0.318208934483045,0.140847211978306,-0.306690042891084,0.987,0.983,TRUE,FALSE,Cole,FALSE
543037,2022,"Cole, Gerrit",124,24.6297017274174,37.2120967741936,8.0800377612552,-1.57481790052833,-1.52735982643536,-0.813233925899357,-0.882309448211528,0.984,0.975,TRUE,FALSE,Cole,FALSE
543037,2023,"Cole, Gerrit",112,22.2185220061921,40.7946428571429,7.61284562211981,-3.10823372080353,-2.76944598578624,-1.56651947244025,-0.682447845996437,0.992,0.945,TRUE,FALSE,Cole,FALSE
543037,2026,"Cole, Gerrit",78,21.8346548253148,34.425641025641,10.3292955465587,-11.7394203289416,-11.4791295433485,-6.7409951990904,-6.33852399477609,0.995,0.967,TRUE,FALSE,Cole,FALSE
543101,2021,"DeSclafani, Anthony",124,22.9744656538889,35.9967741935484,5.83317639380944,-15.8690688021889,-16.0576818063208,-8.48977981854165,-8.86379407258246,0.972,0.949,TRUE,FALSE,DeSclafani,FALSE
543243,2023,"Gray, Sonny",67,30.5568205121687,44.9805970149254,5.06652057174446,-7.08399019474036,-9.6985312837388,-3.40220487406821,-4.13336482706473,0.878,0.677,FALSE,TRUE,Gray,FALSE
543243,2024,"Gray, Sonny",60,23.638023883364,45.975,4.0860472972973,7.92474381164848,5.26948867478253,11.5331960966097,10.2469241427738,0.773,0.628,FALSE,TRUE,Gray,FALSE
543243,2025,"Gray, Sonny",90,19.3450936280141,42.6322222222222,5.5221939256744,0.499287067890261,-0.304703641804212,1.34060443060677,1.26444139166279,0.751,0.583,FALSE,FALSE,Gray,FALSE
543294,2020,"Hendricks, Kyle",172,13.3359984517872,52.0924418604651,7.60154718431674,-0.125349374219744,-0.153078600001784,0.508751704199451,0.82296869528205,0.821,0.917,TRUE,TRUE,Hendricks,FALSE
543294,2021,"Hendricks, Kyle",460,13.5535664043539,47.3219565217391,7.19776679841897,-2.79674974032825,-3.59307186395933,-3.91333316622437,-3.98050829639105,0.873,0.938,TRUE,TRUE,Hendricks,FALSE
543294,2022,"Hendricks, Kyle",236,13.3528404555997,48.3741525423729,6.94925936476285,10.0731198952997,9.66806629149893,5.63684369238139,6.23998742655015,0.834,0.902,TRUE,TRUE,Hendricks,FALSE
543294,2023,"Hendricks, Kyle",487,12.7788282326315,46.0112936344969,6.99468120077943,6.7214097148343,4.88313675023094,4.19271327568357,4.11011629071378,0.748,0.849,FALSE,TRUE,Hendricks,FALSE
543294,2024,"Hendricks, Kyle",452,13.5878641595356,43.5391592920354,6.77433953669964,-1.49747047976236,-2.35526228549142,-1.66315683268995,-1.92345808418416,0.75,0.879,FALSE,FALSE,Hendricks,FALSE
543294,2025,"Hendricks, Kyle",546,12.8780133071246,43.6714285714286,6.98405261405261,-0.674406759950522,-1.16755608880492,-0.129046751767087,0.0760855414618409,0.768,0.877,FALSE,FALSE,Hendricks,FALSE
543475,2021,"Lyles, Jordan",90,22.3662772688946,43.0377777777778,6.46511206485455,-4.1261614871657,-3.53627400406995,-5.24175329942925,-3.79855096399887,0.984,0.921,TRUE,FALSE,Lyles,FALSE
543475,2022,"Lyles, Jordan",123,23.3351269749961,41.2918699186992,5.35750654899667,-3.23337831678641,-1.8504180206673,-2.83580916956775,-1.5594944213421,0.977,0.893,TRUE,FALSE,Lyles,FALSE
543475,2023,"Lyles, Jordan",139,20.4734018252528,39.8230215827338,5.72573819022156,0.105463298517796,0.214861777820881,1.32518831481342,1.66896231563472,0.911,0.871,TRUE,FALSE,Lyles,FALSE
543507,2021,"May, Trevor",98,8.13672042585817,52.3989795918367,9.58711981077721,-4.51838561355814,-3.12857112801033,1.23238053573604,0.868186733800165,0.95,0.893,TRUE,TRUE,May,TRUE
543507,2023,"May, Trevor",88,17.4786413796661,41.45,6.81658952749378,-7.67857651203049,-8.13457056725811,-3.40181984557654,-3.08404425675125,0.942,0.862,TRUE,FALSE,May,FALSE
543548,2020,"Milone, Tommy",131,23.5825989942593,44.6007633587786,7.04893331985239,8.22204260929859,7.25255603529614,4.53608537861462,3.92852661320454,0.979,0.974,TRUE,TRUE,Milone,FALSE
544150,2024,"Suárez, Albert",197,22.5350878510483,33.4055837563452,8.65550688645088,-10.7129091536843,-8.06899472546667,-8.12464918587816,-6.62492464139172,0.974,0.91,TRUE,FALSE,Suárez,FALSE
544150,2026,"Suárez, Albert",60,24.3943383775966,34.1833333333333,8.5956001846722,-13.2362423610396,-9.40002177850007,-10.1582956686735,-8.42822985078319,0.968,0.906,TRUE,FALSE,Suárez,FALSE
547001,2022,"Poteet, Cody",95,20.7056088963801,31.5347368421053,7.04425438596491,3.82661509864615,5.32066294572965,1.55251751722696,2.60663076542917,0.844,0.818,TRUE,FALSE,Poteet,FALSE
547179,2022,"Lorenzen, Michael",177,12.6856923686202,36.6389830508475,8.9395304768923,5.0177274931212,5.25196977684403,6.60626118754363,6.96784039761495,0.98,0.901,TRUE,FALSE,Lorenzen,FALSE
547179,2023,"Lorenzen, Michael",280,17.7222805582733,40.7117857142857,9.8229122224165,-2.38038962105015,-2.15411625786164,0.0095564976934502,0.106290390971691,0.985,0.974,TRUE,FALSE,Lorenzen,FALSE
547179,2024,"Lorenzen, Michael",204,16.4538704171079,40.9799019607843,9.18498264792643,5.66134075354094,6.11335053590723,6.15107719963777,5.88745071827204,0.973,0.947,TRUE,FALSE,Lorenzen,FALSE
547179,2025,"Lorenzen, Michael",210,14.7167888474733,42.0638095238095,10.0975016307893,9.70645679706812,9.57414256598163,11.9961330988254,11.4567326138571,0.973,0.954,TRUE,FALSE,Lorenzen,FALSE
547179,2026,"Lorenzen, Michael",173,16.003911294785,39.528323699422,9.3818521838583,0.597401179529702,0.696143940589626,4.92824380466367,4.37049683827139,0.964,0.927,TRUE,FALSE,Lorenzen,FALSE
547942,2021,"Kim, Kwang Hyun",101,11.0048000469706,57.4188118811881,8.90159689019517,-7.53817108903564,-5.76916812650995,-6.1132899231174,-6.63959764362179,0.922,0.835,TRUE,TRUE,Kim,FALSE
547943,2020,"Ryu, Hyun Jin",98,20.5140552288207,35.3551020408163,10.3560456440641,2.50666879160303,2.45659894013025,-0.0511441200926378,0.47544925108512,0.994,0.965,TRUE,FALSE,Ryu,FALSE
547943,2021,"Ryu, Hyun Jin",338,18.7641541776912,37.1346153846154,9.78093778986086,-2.98462988735027,-3.59666441095941,-3.59487760691913,-3.28973049962482,0.993,0.978,TRUE,FALSE,Ryu,FALSE
547943,2022,"Ryu, Hyun Jin",60,17.7761806330138,39.2266666666667,9.489,2.03193310234131,1.85947344920001,6.45960434191613,6.32593676007524,0.986,0.993,TRUE,FALSE,Ryu,FALSE
547943,2023,"Ryu, Hyun Jin",104,19.3727349489686,37.0769230769231,10.7004048582996,-3.39454717630456,-3.59889668128025,-3.02119180408967,-2.15673043503071,0.987,0.97,TRUE,FALSE,Ryu,FALSE
548389,2021,"Stripling, Ross",114,21.9745383279949,63.0666666666667,8.7349968343443,5.98501470230186,4.84077885315339,5.7505527704054,5.30975581934499,0.913,0.937,TRUE,TRUE,Stripling,FALSE
548389,2022,"Stripling, Ross",352,21.1290976648461,63.0309659090909,9.23150197628459,2.2328183475872,1.32623353985916,-0.14324866030613,-0.372586156204907,0.916,0.942,TRUE,TRUE,Stripling,FALSE
548389,2023,"Stripling, Ross",204,20.7905640637737,64.2730392156863,8.74752100840337,-0.727679796502087,-1.84002350014866,-1.81286953131554,-2.41955625617566,0.889,0.894,TRUE,TRUE,Stripling,FALSE
548389,2024,"Stripling, Ross",141,17.8289221196185,59.7276595744681,8.8076789632124,-6.85265441873631,-6.39468083028606,-6.34620532449281,-7.49770691576105,0.872,0.899,TRUE,TRUE,Stripling,FALSE
570257,2021,"Rodríguez, Joely",161,16.9847143768749,29.2074534161491,5.48575082206796,6.14863842261678,5.60081566780998,4.76339431082295,4.7103264894829,0.965,0.922,TRUE,FALSE,Rodríguez,FALSE
570257,2022,"Rodríguez, Joely",185,15.6735745145271,29.7572972972973,4.94543543543543,4.5185541719412,3.59766241483039,3.6807131495612,3.24976132344227,0.97,0.904,TRUE,FALSE,Rodríguez,FALSE
570632,2021,"Ureña, José",111,4.29922112384938,37.4027027027027,4.63903136713356,1.51345135838577,2.9202967833336,-1.68891857586578,-0.171851626779542,0.958,0.898,TRUE,FALSE,Ureña,FALSE
570632,2022,"Ureña, José",118,6.4127183348712,34.4694915254237,5.93976132826012,1.03814431646063,1.59699402435181,-4.40274693621737,-3.20789819485038,0.977,0.927,TRUE,FALSE,Ureña,FALSE
570632,2023,"Ureña, José",89,9.95186979800142,35.2584269662921,8.37815008025681,-3.64138769907805,-3.18786164988213,-5.90744894649843,-5.49760712247652,0.953,0.954,TRUE,FALSE,Ureña,FALSE
570632,2024,"Ureña, José",159,6.43438979133409,33.0081761006289,7.70265773990667,2.51348799203956,1.86324958190255,-1.23716892272313,-1.26360801053176,0.957,0.954,TRUE,FALSE,Ureña,FALSE
570632,2025,"Ureña, José",117,6.42743264167207,29.9350427350427,7.59839061647572,-5.28766337854175,-5.01800822926159,-4.67483060308934,-4.98050734337383,0.989,0.988,TRUE,FALSE,Ureña,FALSE
570663,2021,"Robles, Hansel",151,8.40584632065445,40.9609271523179,7.25558396221572,-6.9956382238591,-7.01620541189463,-4.62933684784161,-5.18727985612382,0.953,0.995,TRUE,FALSE,Robles,FALSE
570666,2022,"Cessa, Luis",119,17.5940353558507,43.3243697478992,5.39035062300783,-2.71299298880258,-2.07168055711625,-6.95315626379674,-6.68629549636627,0.821,0.852,TRUE,FALSE,Cessa,FALSE
571510,2020,"Boyd, Matthew",109,15.8218457659234,32.4431192660551,12.6638135564741,8.91557401598474,9.27438410504461,5.47683615415812,5.94676574348643,0.895,0.915,TRUE,FALSE,Boyd,FALSE
571510,2021,"Boyd, Matthew",164,13.0747025489254,33.9725609756098,11.9494027809437,-4.54412805018762,-3.586508268176,-2.12026448199552,-2.0048484893364,0.874,0.895,TRUE,FALSE,Boyd,FALSE
571510,2023,"Boyd, Matthew",113,12.699495984328,27.7150442477876,11.1952925811859,6.87882559797168,9.16086761714138,2.6679357359935,3.62778626423121,0.812,0.839,TRUE,FALSE,Boyd,FALSE
571510,2024,"Boyd, Matthew",91,10.3924634032942,28.7802197802198,11.0107811107811,2.37326815282285,3.52839552818157,4.83063977776079,5.10688502212173,0.83,0.899,TRUE,FALSE,Boyd,FALSE
571510,2025,"Boyd, Matthew",362,8.08478957292861,29.3566298342541,14.5485679762952,-0.681650639554293,-0.211670677343157,2.29315666726909,1.83181261653653,0.904,0.946,TRUE,FALSE,Boyd,FALSE
571510,2026,"Boyd, Matthew",166,11.9842993184076,25.0144578313253,13.9209195864879,-3.64674486200638,-2.15246063621361,-5.44218665487806,-5.39969432220052,0.915,0.934,TRUE,FALSE,Boyd,FALSE
571578,2022,"Corbin, Patrick",102,10.2408861168641,44.3627450980392,9.88490846575597,-0.255811776279817,0.879670426688577,-6.30907962261349,-5.73367762189198,0.982,0.887,TRUE,TRUE,Corbin,FALSE
571578,2023,"Corbin, Patrick",70,10.9600042494769,42.37,10.8680378657487,6.31825543751351,7.507662603661,1.11356544038954,3.08069545037557,0.987,0.901,TRUE,FALSE,Corbin,FALSE
571578,2025,"Corbin, Patrick",102,11.6259922774374,40.771568627451,10.12757885763,9.49093114811619,11.4627175108845,4.39825589491177,6.30109242649577,0.969,0.879,TRUE,FALSE,Corbin,FALSE
571578,2026,"Corbin, Patrick",107,18.4152223940608,39.988785046729,13.1678892611532,0.304774491825723,1.97501329803164,-3.68250869412365,-1.02581629643177,0.98,0.869,TRUE,FALSE,Corbin,FALSE
571656,2021,"Farmer, Buck",78,20.5729825955391,35.7628205128205,6.24779098452568,5.2209969578975,5.03021702321296,4.82636926635031,5.12155375533421,0.895,0.958,TRUE,FALSE,Farmer,FALSE
571656,2022,"Farmer, Buck",84,25.7931664553344,29.577380952381,5.79217968955537,-1.78195536622516,-1.88422056027322,-5.49331041793387,-4.68366062970143,0.767,0.911,FALSE,FALSE,Farmer,FALSE
571656,2023,"Farmer, Buck",136,21.1662270082105,31.7786764705882,6.0792964795861,3.96401270353996,3.98684263846846,3.52751580313464,3.72040603443969,0.831,0.923,TRUE,FALSE,Farmer,FALSE
571656,2024,"Farmer, Buck",135,24.1444554555279,29.1533333333333,5.86215375038904,3.52291901467207,3.3343871945686,1.60112854143879,1.17731423744454,0.796,0.907,FALSE,FALSE,Farmer,FALSE
571670,2021,"Floro, Dylan",115,22.7043197385627,34.7939130434783,7.67783669141039,-12.6522350298789,-11.9287302509162,-12.4969814557709,-11.8831697613851,0.941,0.9,TRUE,FALSE,Floro,FALSE
571670,2022,"Floro, Dylan",63,23.4286671903538,32.0301587301587,7.17566862361382,-10.870987730659,-10.2362368885705,-14.5305002799388,-13.6412155552983,0.954,0.888,TRUE,FALSE,Floro,FALSE
571710,2021,"Givens, Mychal",131,42.5628445271952,1.85648854961832,12.4445279929946,-0.0763393711429275,-0.242543535135069,-0.827550966204017,-0.382203801178694,0.516,0.742,FALSE,FALSE,Givens,FALSE
571710,2022,"Givens, Mychal",85,48.7599031269745,-3.12588235294118,11.3448529411765,3.44773199826221,4.26632876427846,0.419696022057206,1.07618410994458,0.521,0.692,FALSE,FALSE,Givens,FALSE
571760,2020,"Heaney, Andrew",81,13.8679149128946,35.6888888888889,8.75079449465414,1.25595092925385,0.668370312667187,0.783842307503665,0.191374234926547,0.995,0.993,TRUE,FALSE,Heaney,FALSE
571760,2021,"Heaney, Andrew",220,13.9816538365171,33.7172727272727,8.21100964805001,-6.4817439695953,-6.9456433341608,-4.3988156164105,-4.90522374231416,0.992,0.993,TRUE,FALSE,Heaney,FALSE
571760,2023,"Heaney, Andrew",254,14.7558930555028,30.4377952755906,8.45935385983728,-2.32758839941773,-2.61003975899451,-1.04960923880947,-1.68823699998842,0.993,0.994,TRUE,FALSE,Heaney,FALSE
571760,2024,"Heaney, Andrew",272,13.5452586420996,30.5,7.87408286178793,-0.70588303825704,-1.45035005557651,-0.461331343955652,-1.20259711359989,0.994,0.995,TRUE,FALSE,Heaney,FALSE
571760,2025,"Heaney, Andrew",181,14.3210657312038,27.385635359116,8.09159297145184,-4.970214470738,-4.98416603205969,-3.00721169911064,-3.65105470662051,0.996,0.994,TRUE,FALSE,Heaney,FALSE
571800,2022,"Hutchison, Drew",79,15.2734812261442,48.4113924050633,6.29831223628692,-4.90425727010603,-5.41952652479463,-3.11606790559127,-3.97067726552903,0.854,0.841,TRUE,TRUE,Hutchison,FALSE
571945,2022,"Mikolas, Miles",64,21.5922016843076,42.878125,10.7182390402844,-23.1655229093276,-21.4756578149034,-12.7397047064943,-12.0792958305988,0.959,0.864,TRUE,FALSE,Mikolas,FALSE
571945,2023,"Mikolas, Miles",92,18.7747795806078,42.3902173913044,8.86317427928634,-23.7930056141306,-22.6238876404602,-15.3025830380282,-14.3528638943166,0.93,0.875,TRUE,FALSE,Mikolas,FALSE
571945,2024,"Mikolas, Miles",126,11.0144371415715,40.1198412698413,7.46348050036792,-11.8979616025692,-10.758626787793,-8.25100610155337,-7.52596777753772,0.909,0.859,TRUE,FALSE,Mikolas,FALSE
571945,2025,"Mikolas, Miles",137,12.8208669925958,39.7175182481752,7.00474505678981,-13.8994846457454,-12.5605874880924,-8.40200354647247,-7.18068135814766,0.926,0.909,TRUE,FALSE,Mikolas,FALSE
571948,2022,"Milner, Hoby",98,15.5758281187285,-4.14489795918367,7.88827531012405,5.06663543328712,5.88358664770682,4.05217113777602,4.3550553608658,0.979,0.987,TRUE,FALSE,Milner,FALSE
571948,2023,"Milner, Hoby",90,15.7119132573481,-5.53111111111111,7.89657940663177,-0.11334810705708,0.281606048579077,-1.05453577391179,-0.659258665296277,0.991,0.982,TRUE,FALSE,Milner,FALSE
571948,2024,"Milner, Hoby",63,18.1074244374859,-7.04444444444444,7.60292658730158,0.866873251234227,2.25925807092403,1.15538438103589,1.43034325852778,0.973,0.952,TRUE,FALSE,Milner,FALSE
571948,2025,"Milner, Hoby",96,15.3023524548406,-8.87916666666667,6.79601117886178,-3.2745463068417,-3.0807953248965,-3.72441883193179,-3.47327533976738,0.95,0.956,TRUE,FALSE,Milner,FALSE
572070,2021,"Richards, Garrett",86,39.3047110110482,37.203488372093,3.70309444708115,3.02267577659062,2.08337061156308,6.97308423536261,7.45393573160956,0.863,0.497,FALSE,FALSE,Richards,FALSE
572070,2022,"Richards, Garrett",115,31.7857739129413,35.5721739130435,4.11110292311471,0.285008228527937,0.71204991547184,0.545971321506125,0.95214458028191,0.8,0.55,FALSE,FALSE,Richards,FALSE
572971,2021,"Keuchel, Dallas",378,20.8881454496235,47.2878306878307,9.44336799854041,-2.04058280304194,-2.39605548523565,-3.90944781821899,-4.12928967123755,0.904,0.791,FALSE,TRUE,Keuchel,FALSE
572971,2022,"Keuchel, Dallas",161,19.8115095306206,44.5987577639752,8.78798604611588,-0.509410623703561,-0.403362962976424,-3.27801485548819,-2.05512561361968,0.909,0.724,FALSE,TRUE,Keuchel,FALSE
573668,2021,"Minaya, Juan",142,17.21823805336,35.4676056338028,6.19280653244621,-0.407808094125128,-0.398597548791967,-5.61654072859937,-5.0288811826681,0.844,0.91,TRUE,FALSE,Minaya,FALSE
579328,2021,"Kikuchi, Yusei",142,6.86128075711728,56.1619718309859,8.87263559594783,8.58048099689593,4.3355489248747,5.18589236491288,2.22380295136601,0.872,0.95,TRUE,TRUE,Kikuchi,TRUE
579328,2022,"Kikuchi, Yusei",109,5.24126622328582,46.5623853211009,7.9735819489214,8.7712468892702,6.28687921455356,6.99389081216924,4.6250215734902,0.888,0.963,TRUE,TRUE,Kikuchi,TRUE
579328,2023,"Kikuchi, Yusei",105,6.90176814383632,45.5961904761905,6.24018838304552,-7.1344363740775,-9.48140798014508,-6.96845252116315,-8.68873508403391,0.84,0.918,TRUE,TRUE,Kikuchi,TRUE
579328,2024,"Kikuchi, Yusei",134,3.83857866373073,44.3932835820896,8.983230137522,3.84658765993205,1.01724161761056,1.2261504114599,-0.798537952554971,0.889,0.902,TRUE,TRUE,Kikuchi,TRUE
579328,2025,"Kikuchi, Yusei",183,6.6968935712714,39.1486338797814,9.00067282368583,-4.28320576328198,-5.2253894798754,0.150974470013933,0.110142365637285,0.915,0.912,TRUE,FALSE,Kikuchi,FALSE
592094,2022,"Adam, Jason",157,23.3972834838591,30.0815286624204,4.67327793478719,-0.377235039487528,0.509030766202559,3.45792847003951,4.39436982980347,0.822,0.767,FALSE,FALSE,Adam,FALSE
592094,2023,"Adam, Jason",150,21.7046871015082,31.7146666666667,4.74303630363037,1.24714498160284,1.8804100658113,5.94714464956896,6.74624953145527,0.763,0.82,FALSE,FALSE,Adam,FALSE
592094,2024,"Adam, Jason",159,20.3669094027621,33.1798742138365,5.90367258871597,3.17597872783497,4.45950415583377,7.37330250311475,7.13739130917634,0.785,0.875,FALSE,FALSE,Adam,FALSE
592094,2025,"Adam, Jason",186,21.2550352974816,36.1069892473118,6.36032170998215,-1.48858824691884,-0.233490076835348,2.91599195416696,3.57421271526608,0.783,0.899,FALSE,FALSE,Adam,FALSE
592094,2026,"Adam, Jason",88,20.6341470789966,32.6943181818182,5.29489538239539,-0.597672507181953,0.194821196896263,2.12999134371436,2.47766728038884,0.837,0.893,TRUE,FALSE,Adam,FALSE
592222,2021,"Claudio, Alex",65,14.7647693886249,14.7830769230769,12.3888278388278,9.11392254085134,8.09822714355714,9.03062013355017,7.7129316514546,0.971,0.904,TRUE,FALSE,Claudio,FALSE
592314,2021,"Foltynewicz, Mike",136,6.57097435803752,41.0977941176471,8.60554904963516,3.53578484483661,3.54852379686744,5.41661615380052,5.62487245230027,0.981,0.957,TRUE,FALSE,Foltynewicz,FALSE
592332,2021,"Gausman, Kevin",65,18.1953849578523,40.5738461538462,10.7494208832992,6.97787574443891,7.25732561244309,4.56844724743637,5.86980076156206,0.936,0.976,TRUE,FALSE,Gausman,FALSE
592346,2021,"González, Chi Chi",81,23.971680558656,39.0691358024691,7.72419169059554,-9.05193323351087,-7.30040491329119,-3.39231244084074,-1.77870860095761,0.86,0.711,FALSE,FALSE,González,FALSE
592351,2021,"Gray, Jon",83,19.7682198938798,32.755421686747,7.22382400048968,-4.28546836431344,-4.32164386594074,-10.0274512005146,-10.0844530070275,0.979,0.956,TRUE,FALSE,Gray,FALSE
592351,2022,"Gray, Jon",87,12.2983896273851,29.4436781609195,7.3054761904762,-13.6906824472287,-12.6984293515335,-14.1993431647182,-13.0672509978277,0.991,0.958,TRUE,FALSE,Gray,FALSE
592351,2023,"Gray, Jon",149,19.0375634395836,31.0328859060403,6.94106120007974,-5.34866443419045,-4.66118689832024,-4.47327272875913,-4.17690833888334,0.994,0.955,TRUE,FALSE,Gray,FALSE
592351,2024,"Gray, Jon",63,17.1397583376941,33.5333333333333,6.09375,-5.55527297010019,-5.63809480801562,-6.08086507016126,-4.83570984194201,0.988,0.953,TRUE,FALSE,Gray,FALSE
592454,2023,"Kahnle, Tommy",257,44.9471529678858,33.6501945525292,6.44479612856816,2.80682784284363,3.45052402134759,4.37177124698325,4.83617384547746,0.987,0.953,TRUE,FALSE,Kahnle,FALSE
592454,2024,"Kahnle, Tommy",267,45.0449551886907,32.4449438202247,6.68484292593442,7.04330696263705,7.74940240800145,6.83958731512491,6.74366974462838,0.987,0.94,TRUE,FALSE,Kahnle,FALSE
592454,2025,"Kahnle, Tommy",398,44.7249183252356,30.9738693467337,6.73062727430255,-4.99681981987913,-4.38450999979883,0.0663719877848366,-0.269750100495284,0.986,0.934,TRUE,FALSE,Kahnle,FALSE
592662,2025,"Ray, Robbie",176,6.10173867191278,43.5721590909091,8.63937325229699,9.03887581669207,8.51518926449318,4.99601726929871,6.061735979629,0.943,0.958,TRUE,FALSE,Ray,FALSE
592662,2026,"Ray, Robbie",180,7.17847451422953,43.9483333333333,7.10736596736596,-2.80562258828144,-3.04209644028689,-2.53192380344096,-2.00538737065783,0.936,0.957,TRUE,FALSE,Ray,FALSE
592716,2021,"Sampson, Adrian",71,22.8639190244334,38.4408450704225,6.6634160897589,11.1299160441035,10.5043971240599,12.3395122096876,12.0714116626053,0.992,0.984,TRUE,FALSE,Sampson,FALSE
592716,2022,"Sampson, Adrian",96,20.958540532485,35.91875,7.39803420881971,-0.593128534616306,-0.254575290863025,-1.51689178218253,-1.5566163567153,0.988,0.977,TRUE,FALSE,Sampson,FALSE
592761,2021,"Smith, Caleb",157,14.7543750141948,46.9955414012739,9.14785647985148,2.77245168195829,3.26181986889582,6.96289955750892,6.0679151566212,0.994,0.988,TRUE,TRUE,Smith,FALSE
592761,2022,"Smith, Caleb",144,15.8264758638629,43.6659722222222,8.22207615826158,8.67455028539503,9.41045221287464,10.855175653357,10.7168119187384,0.992,0.984,TRUE,FALSE,Smith,FALSE
592789,2022,"Syndergaard, Noah",218,19.1822913750773,38.5591743119266,5.65435020353606,-3.1577021124544,-0.299882762254163,-0.670936642243446,1.32977250925514,0.968,0.832,TRUE,FALSE,Syndergaard,FALSE
592789,2023,"Syndergaard, Noah",170,18.6170313604236,39.6323529411765,4.94978842129737,-4.83428201531909,-3.5702068327529,-1.7197468925999,0.0228502015970511,0.964,0.856,TRUE,FALSE,Syndergaard,FALSE
592791,2022,"Taillon, Jameson",122,19.3177485418376,43.072131147541,6.21398533754201,-10.8846255127744,-9.29190306330911,-8.14834030683949,-6.90713542870588,0.99,0.892,TRUE,FALSE,Taillon,FALSE
592791,2025,"Taillon, Jameson",123,24.2418648929207,47.1593495934959,8.34057914682733,3.21994736237543,2.78130542436963,8.28352786543389,7.72049454825106,0.868,0.939,TRUE,TRUE,Taillon,FALSE
592791,2026,"Taillon, Jameson",112,24.3133637254516,46.84375,7.27318158953722,-2.549104188659,-3.84086531748308,-0.0246000522106551,-1.64787183678473,0.855,0.905,TRUE,TRUE,Taillon,FALSE
592826,2021,"Velasquez, Vince",117,24.7345026571789,41.9068376068376,4.3235703586219,2.6961850861291,3.18709660219568,4.35966326845376,5.14076371437407,0.935,0.857,TRUE,FALSE,Velasquez,FALSE
592866,2020,"Williams, Trevor",72,18.737955774649,35.5375,6.59989119303636,-1.37134196660659,-0.241322044381172,-2.46343146197075,-1.06799067935117,0.927,0.748,FALSE,FALSE,Williams,FALSE
592866,2022,"Williams, Trevor",62,15.3919232883852,21.4064516129032,6.93625566133654,0.788892386097858,3.40040324832836,-9.09225040343647,-8.06525294351288,0.88,0.744,FALSE,FALSE,Williams,FALSE
592866,2023,"Williams, Trevor",179,21.217902664991,18.2055865921788,6.268505462995,-3.17480953057337,-1.03542634147508,-8.09295526073293,-6.96536455538327,0.902,0.715,FALSE,FALSE,Williams,FALSE
592866,2024,"Williams, Trevor",80,27.915363185273,16.06625,6.21231070496084,-3.64048649355057,-1.09031651703766,-6.86230093428224,-5.16251436324689,0.896,0.67,FALSE,FALSE,Williams,FALSE
592866,2025,"Williams, Trevor",65,39.3336699262619,15.6461538461538,6.43229765340696,11.7431941823952,13.7892724295217,4.74604069713224,6.88809519481937,0.901,0.618,FALSE,FALSE,Williams,FALSE
593334,2021,"Germán, Domingo",187,5.98332796028562,32.1032085561497,6.72895019537015,1.34387749078362,1.82316034633489,1.43595828616053,1.24005999345129,0.855,0.822,TRUE,FALSE,Germán,FALSE
593334,2022,"Germán, Domingo",122,4.20354856152066,29.8803278688525,6.65814129864068,-9.76181585950344,-8.85628325305627,-6.09739085902035,-6.25250501894433,0.871,0.867,TRUE,FALSE,Germán,FALSE
593334,2023,"Germán, Domingo",165,3.74888930124346,32.9975757575758,6.40406510520048,3.48236947702153,4.67379933956079,3.34840793868745,3.4479480007633,0.889,0.865,TRUE,FALSE,Germán,FALSE
593372,2021,"Martinez, Carlos",85,23.4625307174833,25.0847058823529,8.60698195187166,3.20149194892145,4.19315653075909,4.43673956066527,5.0028672452867,0.837,0.844,TRUE,FALSE,Martinez,FALSE
593958,2021,"Rodriguez, Eduardo",334,17.1978124094386,35.1473053892216,7.23864816492476,-0.298516143879268,0.827744803245665,-4.19697646100944,-2.78858115030772,0.898,0.834,TRUE,FALSE,Rodriguez,FALSE
593958,2022,"Rodriguez, Eduardo",120,19.5395790939121,34.9616666666667,6.18378269617707,-0.460185737127378,0.196118922648143,-7.53532285427156,-5.60250191001212,0.9,0.816,TRUE,FALSE,Rodriguez,FALSE
593958,2023,"Rodriguez, Eduardo",237,21.7896601300284,37.9506329113924,6.33901774980552,1.7799609972424,2.66957904413249,-4.62230400359186,-3.57876868129156,0.875,0.837,TRUE,FALSE,Rodriguez,FALSE
593958,2024,"Rodriguez, Eduardo",90,21.8721141434941,39.2633333333333,5.26344173441735,0.136169520450473,0.533618349703177,-3.65689775833729,-3.57228988283888,0.866,0.792,FALSE,FALSE,Rodriguez,FALSE
593958,2025,"Rodriguez, Eduardo",269,22.5245864501325,40.4724907063197,6.10152210001756,0.820808025077086,1.57534904113434,-2.89512885739466,-1.86303975000541,0.868,0.802,TRUE,FALSE,Rodriguez,FALSE
593958,2026,"Rodriguez, Eduardo",268,21.7965910787826,42.7779850746269,6.25522063595068,-4.86297702114805,-5.14611087249798,-6.57675928697496,-6.39035023963117,0.889,0.856,TRUE,FALSE,Rodriguez,FALSE
593974,2020,"Peralta, Wandy",60,5.25547857258307,35.8433333333333,7.36984848484849,3.71130081706191,4.15812648148847,2.05567086540037,3.09725211639509,0.894,0.965,TRUE,FALSE,Peralta,FALSE
593974,2021,"Peralta, Wandy",197,9.1054566051268,37.8578680203046,7.69935113661444,0.447154220498376,0.459702691038916,-6.10486749931135,-5.79216015072733,0.881,0.956,TRUE,FALSE,Peralta,FALSE
593974,2026,"Peralta, Wandy",162,7.79195873847119,37.2598765432099,6.89809005083515,-2.14851504582051,-1.26759741847784,-8.52966341575711,-8.7469435453286,0.865,0.976,TRUE,FALSE,Peralta,FALSE
594798,2020,"deGrom, Jacob",79,20.3490593336145,36.2379746835443,7.30488174877522,1.01993266848579,0.99081936950918,7.57722173544217,7.86617420129936,0.896,0.89,TRUE,FALSE,deGrom,FALSE
594798,2025,"deGrom, Jacob",137,16.0004402323486,32.4386861313869,7.68020884528338,2.83782020622574,2.7474582598359,0.591122987504504,1.35040904427836,0.879,0.906,TRUE,FALSE,deGrom,FALSE
594798,2026,"deGrom, Jacob",110,15.9695173902153,35.5127272727273,7.56935871262159,7.53853379326793,8.92502422966766,5.24732027482675,5.66185693081703,0.86,0.921,TRUE,FALSE,deGrom,FALSE
594835,2020,"Gonzales, Marco",69,29.0758998063193,40.795652173913,7.70048106199002,-7.4878960561283,-7.88615154450216,-1.66917553458899,-2.20103106413724,0.994,0.993,TRUE,FALSE,Gonzales,FALSE
594835,2021,"Gonzales, Marco",248,30.7728576045602,40.7258064516129,8.99328601414053,-0.879698889182377,-0.648799802603489,0.732256970385401,0.0750231286128834,0.966,0.995,TRUE,FALSE,Gonzales,FALSE
594835,2022,"Gonzales, Marco",492,33.5370629878648,33.8957317073171,9.28189508323655,-5.32282328976746,-5.17037729135871,-3.32041815949098,-3.42609901060478,0.963,0.994,TRUE,FALSE,Gonzales,FALSE
594835,2023,"Gonzales, Marco",149,32.4410139741907,33.6604026845638,9.21761358364519,0.39387501148334,-0.0611273962245708,-0.832879802630437,-0.8969632175028,0.961,0.994,TRUE,FALSE,Gonzales,FALSE
594835,2024,"Gonzales, Marco",84,34.2519184479475,30.4869047619048,9.4982380952381,1.46424468210592,1.66292633727788,0.617943394351615,0.0608182606965658,0.976,0.993,TRUE,FALSE,Gonzales,FALSE
594902,2023,"Lively, Ben",60,19.5401152108321,36.75,6.19873614190688,-9.36610479998491,-10.7561022349951,-4.43599680490522,-5.24772713742826,0.967,0.927,TRUE,FALSE,Lively,FALSE
594902,2024,"Lively, Ben",108,22.3382906081902,37.1740740740741,6.01272141706925,-3.87278106603317,-4.73371683530416,-2.17442137584093,-2.55767914450692,0.989,0.974,TRUE,FALSE,Lively,FALSE
595881,2022,"Beede, Tyler",144,14.588917703217,36.1583333333333,10.9114035087719,-3.57062449761381,-4.44030167407511,-7.78258811112092,-8.42570122569553,0.915,0.96,TRUE,FALSE,Beede,FALSE
596001,2025,"Junis, Jakob",111,11.1217853189004,28.1945945945946,4.93299673299673,-1.57067156656494,0.0420902098685777,-0.461536974020991,1.16652287946794,0.7,0.755,FALSE,FALSE,Junis,FALSE
596001,2026,"Junis, Jakob",63,9.21223511113875,31.8857142857143,5.52063492063492,-8.17111230192527,-7.17514103906739,0.017051718125921,0.616607268124987,0.776,0.753,FALSE,FALSE,Junis,FALSE
596057,2020,"Norris, Daniel",64,29.5284369036462,38.15,5.04978540772532,5.97381661341627,7.16193037010474,1.39653913822418,1.56187883575702,0.788,0.801,FALSE,FALSE,Norris,FALSE
596057,2021,"Norris, Daniel",131,32.6364701956241,37.6916030534351,5.95638530153518,1.64921278829811,1.89516619282195,2.31924855512382,1.99951085002494,0.767,0.827,FALSE,FALSE,Norris,FALSE
596057,2022,"Norris, Daniel",127,30.8166648844942,33.0409448818898,4.5596699061266,7.20197791627718,6.1813852060907,4.43615525292468,4.77719668342651,0.777,0.854,FALSE,FALSE,Norris,FALSE
596071,2021,"Peters, Dillon",89,22.5760152937162,51.7977528089888,6.87318692543412,13.929506398381,10.8392780085722,13.6319003948158,11.8165798445761,0.99,0.868,TRUE,TRUE,Peters,FALSE
596071,2022,"Peters, Dillon",71,25.5474665239441,44.5521126760563,8.24382710053424,9.62563669507792,8.34198785338061,9.41888859239371,8.90405852946177,0.984,0.868,TRUE,TRUE,Peters,FALSE
596133,2020,"Weaver, Luke",120,13.8734137815881,51.7266666666667,9.51489324410453,0.26457038774632,0.232408901882989,-4.15440093166337,-5.74822596910507,0.894,0.979,TRUE,TRUE,Weaver,FALSE
596133,2021,"Weaver, Luke",178,13.475003637778,51.8567415730337,8.19252866906058,-2.48288631146965,-2.72741544161029,-8.47248135103203,-9.51142270462196,0.858,0.954,TRUE,TRUE,Weaver,FALSE
596133,2022,"Weaver, Luke",89,13.1687633325177,42.4426966292135,8.09564808343637,-4.60950054258709,-5.44844381583979,-13.0702991193356,-12.7971151352218,0.787,0.923,FALSE,FALSE,Weaver,FALSE
596133,2023,"Weaver, Luke",218,13.7590837970232,45.5775229357798,7.94614717855821,2.8186846370109,2.22023987111582,2.74541588432741,2.43558686568498,0.764,0.922,FALSE,TRUE,Weaver,FALSE
596133,2024,"Weaver, Luke",197,16.7266977136047,45.0319796954315,6.98686854015045,12.5135814562291,11.1920740469242,5.25658696327931,4.29143076019796,0.831,0.935,TRUE,TRUE,Weaver,FALSE
596133,2025,"Weaver, Luke",171,15.3493895221488,45.5350877192983,7.1367149758454,10.656425672515,8.64933537546217,7.24324186670153,5.80446824921659,0.884,0.96,TRUE,TRUE,Weaver,FALSE
596133,2026,"Weaver, Luke",132,14.7995005936675,45.5106060606061,7.29528269919644,4.87646546075557,3.10549008532932,-0.432098220829455,-1.90832359551147,0.795,0.954,FALSE,TRUE,Weaver,FALSE
596295,2021,"Gomber, Austin",177,33.2164778652428,58.6853107344633,8.40316024039435,2.43092503467159,0.2486380898757,2.49314391149659,1.23142019499963,0.963,0.995,TRUE,TRUE,Gomber,FALSE
596295,2022,"Gomber, Austin",196,32.6399725015191,53.4137755102041,8.87642582705453,-2.09731419691642,-2.10801320962844,-4.99206797718951,-4.90685678343804,0.967,0.992,TRUE,TRUE,Gomber,FALSE
596295,2023,"Gomber, Austin",201,28.59455525911,53.5268656716418,9.03549643088903,-9.69074799073652,-9.7560047195218,-8.79663742311159,-8.69546969966743,0.975,0.995,TRUE,TRUE,Gomber,FALSE
596295,2024,"Gomber, Austin",264,29.421082161289,53.1996212121212,9.2498059517672,-1.95131806525505,-2.18404931279911,-3.68132307341135,-4.59904529168525,0.978,0.994,TRUE,TRUE,Gomber,FALSE
596295,2025,"Gomber, Austin",94,28.7376732476717,51.6702127659575,8.50362327909888,-4.50996956033331,-4.40168687133618,-3.73988660280699,-3.86521963207546,0.978,0.996,TRUE,TRUE,Gomber,FALSE
598287,2021,"Ramirez, Noé",96,26.9820708609084,20.5875,5.04776090342679,1.95301878477759,2.15859765422697,1.38045953502968,1.58929482799199,0.716,0.741,FALSE,FALSE,Ramirez,FALSE
598287,2022,"Ramirez, Noé",145,25.4868568897261,17.8786206896552,5.73877984084881,4.29863154658179,4.52987509781159,3.15467436412612,3.1473713311405,0.731,0.789,FALSE,FALSE,Ramirez,FALSE
600917,2022,"Leclerc, José",86,5.86030068591002,40.8348837209302,6.74178702570379,10.5462783667499,12.4553944710576,2.74690268958564,5.02816433086174,0.839,0.782,FALSE,FALSE,Leclerc,FALSE
600917,2023,"Leclerc, José",69,5.91825131283735,47.0521739130435,6.83434906478385,-0.529809225030848,0.720935159538219,-4.61632737748793,-3.23305449936873,0.858,0.824,TRUE,TRUE,Leclerc,TRUE
600921,2022,"Machado, Andrés",85,15.984514082888,34.04,6.74123529411765,15.3492491139092,16.5942806753958,13.8023752809801,15.0000725999611,0.882,0.961,TRUE,FALSE,Machado,FALSE
600921,2023,"Machado, Andrés",116,13.2873344248682,31.7689655172414,6.79883109292812,-4.7803064381004,-4.55063833685532,-3.24380667462526,-2.82500380919794,0.916,0.986,TRUE,FALSE,Machado,FALSE
605135,2021,"Bassitt, Chris",92,16.8203378859162,38.1847826086957,7.86165274349725,-11.6004754371801,-11.4028117242228,-9.1150978472192,-8.63873159884176,0.958,0.836,TRUE,FALSE,Bassitt,FALSE
605135,2022,"Bassitt, Chris",63,22.363717029921,34.8650793650794,7.821249896119,-12.5693003573803,-10.8122999478114,-6.70246400188048,-6.26027232691377,0.96,0.8,TRUE,FALSE,Bassitt,FALSE
605135,2023,"Bassitt, Chris",99,20.0319882921419,38.110101010101,8.19282551542825,-20.4321214605539,-19.2416857613514,-16.1332257936664,-15.2129639258338,0.97,0.805,TRUE,FALSE,Bassitt,FALSE
605164,2020,"Bundy, Dylan",61,24.9330623923182,52.0524590163934,7.60693126258268,-0.681920099319344,-1.99985126725978,4.24552185332527,2.98128746817444,0.936,0.888,TRUE,TRUE,Bundy,FALSE
605164,2021,"Bundy, Dylan",111,21.5883840368734,53.6675675675676,7.21319993069994,-1.31275431624104,-2.37929144412557,0.901728446896526,-0.733759672565477,0.895,0.885,TRUE,TRUE,Bundy,FALSE
605164,2022,"Bundy, Dylan",248,24.2209041488136,53.3290322580645,7.84650460829493,-8.43130104285793,-8.44188735969033,-7.64581566917049,-8.03513643967212,0.91,0.914,TRUE,TRUE,Bundy,FALSE
605182,2022,"Clevinger, Mike",86,18.8154365897738,42.1616279069768,7.48315153066121,4.16840905087114,3.45283919473385,5.08500510579946,5.43763310350486,0.988,0.955,TRUE,FALSE,Clevinger,FALSE
605182,2023,"Clevinger, Mike",126,22.3380296184485,47.202380952381,8.34492878722486,-1.56821961525648,-4.18838181792745,0.847499035059232,-0.76907028290531,0.986,0.953,TRUE,TRUE,Clevinger,FALSE
605194,2021,"Cotton, Jharel",86,44.0605937894847,52.4953488372093,13.1282144916394,-0.350249385528825,1.05525717349643,1.04808221610002,1.8765257652616,0.774,0.992,FALSE,TRUE,Cotton,FALSE
605194,2022,"Cotton, Jharel",164,45.5982068047232,49.4475609756098,12.8588338414634,1.80963600815143,1.68131989014806,1.66791995872608,2.91762201594547,0.765,0.994,FALSE,TRUE,Cotton,FALSE
605200,2021,"Davies, Zach",471,22.9305347455802,39.3053078556263,9.82083486866348,5.28961644915106,4.59272966919873,1.57516295776654,1.3140565204172,0.979,0.984,TRUE,FALSE,Davies,FALSE
605200,2022,"Davies, Zach",423,22.0190535252585,37.4425531914894,9.99954411773928,0.668356525515872,-0.184694521819523,-3.15757673875593,-3.08181418488716,0.989,0.983,TRUE,FALSE,Davies,FALSE
605200,2023,"Davies, Zach",192,17.4573400772517,36.1328125,8.83723684210526,8.82566722946409,8.69613559750682,5.52343134388988,5.78427241979996,0.994,0.956,TRUE,FALSE,Davies,FALSE
605218,2023,"Edwards Jr., Carl",64,23.6580578198424,52.534375,3.52781769390581,4.93504263976054,3.87311978249066,6.48534043937169,4.92043656143279,0.796,0.683,FALSE,TRUE,Edwards Jr.,FALSE
605242,2021,"Fulmer, Michael",64,25.9246153708912,36.865625,7.50885416666666,2.35793445768298,4.86147220253048,6.24214378293,7.56220625802626,0.859,0.831,TRUE,FALSE,Fulmer,FALSE
605280,2025,"Holmes, Clay",222,22.6530834900526,42.2779279279279,5.14511155450753,1.3411325894726,1.57221980655449,-0.242739858467673,-0.155693997163519,0.864,0.775,FALSE,FALSE,Holmes,FALSE
605288,2021,"Houser, Adrian",97,12.6709906791701,43.1020618556701,6.24351170021273,-7.65904100724863,-8.55897087368577,-7.79605311150118,-8.78389928881354,0.877,0.925,TRUE,FALSE,Houser,FALSE
605288,2022,"Houser, Adrian",72,15.5692712430654,41.3,8.88873873873874,-0.730813966161928,-0.576028470722315,-5.19986843432048,-4.60892466243963,0.941,0.934,TRUE,FALSE,Houser,FALSE
605288,2024,"Houser, Adrian",67,17.9183115088987,38.5641791044776,9.52162608012569,1.5741699470982,1.82155224988038,1.73976066989377,1.98315722673269,0.893,0.935,TRUE,FALSE,Houser,FALSE
605288,2025,"Houser, Adrian",149,16.1119233277411,34.7563758389262,9.42092931858033,2.2752826700441,2.34277639329439,1.18411772332062,1.30051454917552,0.887,0.917,TRUE,FALSE,Houser,FALSE
605288,2026,"Houser, Adrian",130,14.7154087840718,35.8653846153846,10.2067821491486,-0.997670755710027,0.461477874441863,0.928215947265642,1.92386421809377,0.816,0.907,TRUE,FALSE,Houser,FALSE
605347,2021,"López, Jorge",143,25.4401847857166,38.1363636363636,6.78020181572813,-0.671317363803829,-0.825196772400051,-2.33575207306701,-2.05139621191775,0.983,0.966,TRUE,FALSE,López,FALSE
605347,2022,"López, Jorge",87,30.7271354642413,36.0287356321839,7.36390804597701,2.85182797468757,3.06764040740456,-1.17457263607965,-1.29284680456555,0.982,0.981,TRUE,FALSE,López,FALSE
605359,2020,"Marshall, Evan",99,20.6122741198182,27.8383838383838,5.1950956937799,4.36192267822829,4.80075633151357,5.01990609459913,5.44089601886284,0.957,0.894,TRUE,FALSE,Marshall,FALSE
605359,2021,"Marshall, Evan",90,10.3068386145086,33.3422222222222,4.62111111111112,3.71967243071774,2.90907018109623,5.0419915827924,5.54340190980349,0.959,0.859,TRUE,FALSE,Marshall,FALSE
605397,2021,"Musgrove, Joe",69,9.65877052874612,33.1608695652174,6.02597547380156,1.90120251669976,3.26032556749668,0.211856267708009,0.946965165340529,0.616,0.627,FALSE,FALSE,Musgrove,FALSE
605397,2022,"Musgrove, Joe",88,11.2302013176672,33.1454545454546,6.55098576122672,-2.98842429239402,-0.114031456585005,-1.86336726015081,-0.119750435196303,0.668,0.664,FALSE,FALSE,Musgrove,FALSE
605397,2023,"Musgrove, Joe",89,19.1969285358258,30.8269662921348,5.99991742605207,15.4728015814679,17.221461309081,12.1944863054499,13.1132787585277,0.647,0.662,FALSE,FALSE,Musgrove,FALSE
605400,2020,"Nola, Aaron",119,28.0333732485793,15.736974789916,8.02128054068603,11.927605134889,11.6579964107814,10.4281379507486,9.95017121416156,0.991,0.976,TRUE,FALSE,Nola,FALSE
605400,2021,"Nola, Aaron",319,26.7568823813967,19.2984326018809,7.80936418460155,3.12116949775123,3.56110248528024,4.49798581734354,4.27543371324559,0.993,0.968,TRUE,FALSE,Nola,FALSE
605400,2022,"Nola, Aaron",235,23.9244687467749,17.3323404255319,6.88864409670405,2.2743670557296,2.76938074998819,0.0207379756572987,0.497959268029599,0.994,0.961,TRUE,FALSE,Nola,FALSE
605400,2023,"Nola, Aaron",181,24.7583721172849,19.2381215469613,6.85793762563343,6.03414537630658,6.94773609058492,5.34443655693741,5.54012456867089,0.993,0.955,TRUE,FALSE,Nola,FALSE
605400,2024,"Nola, Aaron",126,22.887084085357,16.8,6.79490463607111,-12.5730686597205,-12.2508442651996,-9.9129659824796,-9.4538224516834,0.992,0.938,TRUE,FALSE,Nola,FALSE
605400,2025,"Nola, Aaron",125,25.6460560597022,16.0592,6.87583157894737,4.21661425587461,4.23389564716881,4.32403888666374,4.02677387751688,0.994,0.952,TRUE,FALSE,Nola,FALSE
605400,2026,"Nola, Aaron",138,23.0721883875179,15.8326086956522,6.76117319310107,1.93621366121774,1.39693120020961,6.30422168779952,6.00480811094211,0.994,0.948,TRUE,FALSE,Nola,FALSE
605483,2020,"Snell, Blake",65,13.7426300337537,51.7661538461539,7.14562023562023,-8.89488081003512,-8.49991055759811,-9.70340390776389,-10.548952991483,0.984,0.927,TRUE,TRUE,Snell,FALSE
605483,2021,"Snell, Blake",83,18.1136619272836,53.6265060240964,7.23116772532861,-9.92721471213241,-11.2609057130555,-12.593727920104,-13.807959834674,0.975,0.935,TRUE,TRUE,Snell,FALSE
605483,2023,"Snell, Blake",303,23.3047303178417,54.0237623762376,8.86835221533849,7.58911221655486,5.14047029730408,3.23582108878659,2.71833929116435,0.985,0.924,TRUE,TRUE,Snell,FALSE
605483,2024,"Snell, Blake",166,24.2922065012344,53.6481927710844,10.4038338494049,6.14115130128125,3.95809046696564,-0.872563788852201,-1.65574934931889,0.982,0.937,TRUE,TRUE,Snell,FALSE
605483,2025,"Snell, Blake",131,25.5579136463161,52.7267175572519,9.71159862322792,4.53969625123434,2.58898707604143,-1.30732569334351,-2.04705861696728,0.985,0.92,TRUE,TRUE,Snell,FALSE
605488,2021,"Springs, Jeffrey",64,15.2158027286278,50.071875,9.48186011904762,18.141992159279,16.6573150478064,13.5194075979177,11.2585472544307,0.988,0.987,TRUE,TRUE,Springs,FALSE
605488,2022,"Springs, Jeffrey",428,12.3538496272059,47.3864485981309,10.3098862179663,3.47341635667847,2.56270413536303,2.09363063584477,1.19085167395247,0.975,0.988,TRUE,TRUE,Springs,FALSE
605488,2024,"Springs, Jeffrey",103,11.9890013467,45.2504854368932,10.337645631068,12.0598335246061,11.0378283235772,8.26341705201327,7.5581388625057,0.896,0.965,TRUE,TRUE,Springs,FALSE
605488,2025,"Springs, Jeffrey",424,14.289346309927,45.3327830188679,11.5308979792157,5.79769449544948,5.45014487945528,6.10092399312549,5.60016665761366,0.958,0.991,TRUE,TRUE,Springs,FALSE
605488,2026,"Springs, Jeffrey",229,20.0167648138502,47.0960698689956,11.8749362824653,3.05235667020595,2.96122476258764,-0.0859332151712134,-0.48432208173856,0.956,0.996,TRUE,TRUE,Springs,FALSE
605507,2021,"Thompson, Zach",72,15.5196007877208,42.6833333333333,6.72544132917964,15.0550678907128,16.3522174481449,11.4701788887958,12.8414053864593,0.736,0.748,FALSE,FALSE,Thompson,FALSE
605507,2022,"Thompson, Zach",94,23.8815969346226,42.1542553191489,6.65689783512189,-2.56576015452765,-1.12536499025279,-3.91436154395165,-2.31654438473691,0.721,0.689,FALSE,FALSE,Thompson,FALSE
605540,2020,"Woodruff, Brandon",102,18.1142632671819,42.4519607843137,9.84738249366733,-4.77206838212575,-4.79626806194504,-5.91727831004012,-6.04799059832226,0.972,0.889,TRUE,FALSE,Woodruff,FALSE
605540,2021,"Woodruff, Brandon",213,18.566741211789,41.5352112676056,9.96190454830896,3.59856257421701,3.69182244286968,1.22614605934552,1.55379133101264,0.891,0.876,TRUE,FALSE,Woodruff,FALSE
605540,2022,"Woodruff, Brandon",199,17.3795136368514,42.8155778894472,10.1752704060845,14.2205302389046,13.894021798578,11.2703491333577,11.6886161282504,0.923,0.899,TRUE,FALSE,Woodruff,FALSE
605540,2023,"Woodruff, Brandon",100,20.7230092486396,41.338,9.92313953488372,-1.03846968893235,-0.875438822208034,0.834373268770285,1.8325188348543,0.86,0.897,TRUE,FALSE,Woodruff,FALSE
605540,2025,"Woodruff, Brandon",99,21.8261360050103,41.6040404040404,9.46587496587496,-2.10545999776139,-0.801597159778474,1.35341889094983,2.29032285597908,0.839,0.872,TRUE,FALSE,Woodruff,FALSE
605540,2026,"Woodruff, Brandon",68,22.8598725972194,39.7088235294118,9.39224931965669,2.47343629427385,4.54211868216779,4.99134849261252,5.96036570663576,0.844,0.863,TRUE,FALSE,Woodruff,FALSE
606160,2021,"Montero, Rafael",84,12.854767821439,29.6476190476191,6.1710009246417,-0.58753267185034,0.175992898424953,-6.94067591237225,-8.22958738104811,0.887,0.867,TRUE,FALSE,Montero,FALSE
606160,2022,"Montero, Rafael",87,14.0353457358688,27.0275862068966,5.33256782539905,-4.28810568266689,-3.27907414177469,-2.44740951934158,-3.18942399890282,0.93,0.883,TRUE,FALSE,Montero,FALSE
606160,2023,"Montero, Rafael",135,12.6155617743683,31.6103703703704,4.58431457431457,3.70145935187808,4.64037398007592,5.291091658612,3.85377152557741,0.922,0.888,TRUE,FALSE,Montero,FALSE
606160,2024,"Montero, Rafael",72,11.9941981157076,30.6791666666667,4.41403225806452,-13.2396385247066,-12.1418218790658,-11.9904648548731,-12.6947409654059,0.938,0.908,TRUE,FALSE,Montero,FALSE
606303,2023,"Payamps, Joel",67,21.3368597136908,29.189552238806,6.50101881894874,-10.4102504930201,-9.80994143482076,-8.81301890620993,-8.15235921514537,0.723,0.761,FALSE,FALSE,Payamps,FALSE
606424,2021,"García, Jarlín",130,14.9293770435487,40.2830769230769,7.95854003139717,-6.82162770804422,-6.8990587155877,-3.07036747152809,-3.6088043826311,0.984,0.991,TRUE,FALSE,García,FALSE
606965,2023,"Devenski, Chris",185,19.4356330288606,44.2021621621622,10.81911001911,-0.162362365555431,1.26283478078883,-1.67704761152612,-1.21505637253122,0.914,0.952,TRUE,TRUE,Devenski,FALSE
606965,2024,"Devenski, Chris",99,21.2373338822982,44.5020202020202,10.3413737373737,0.659964631832538,3.42338192902173,-3.86671017401537,-2.69344353981953,0.908,0.963,TRUE,TRUE,Devenski,FALSE
607067,2024,"Rea, Colin",132,28.582273693884,35.4068181818182,6.4050563777308,0.0676323223028404,0.157198402934344,-1.41523477398551,-1.11104157912492,0.958,0.829,TRUE,FALSE,Rea,FALSE
607067,2025,"Rea, Colin",157,31.9670683551724,31.4732484076433,6.53192531225947,1.47022849336071,1.27195917513652,3.1803756582459,2.78417112631119,0.906,0.874,TRUE,FALSE,Rea,FALSE
607067,2026,"Rea, Colin",170,33.0961204420081,29.9358823529412,6.07950226244343,-0.937771853529024,-0.846936389808844,-1.67782182054654,-1.49056839720089,0.84,0.859,TRUE,FALSE,Rea,FALSE
607074,2021,"Rodón, Carlos",123,25.9746316283177,43.8138211382114,10.1093158742647,0.25171669816475,1.27890663667959,-2.96892145238475,-2.1568831213388,0.989,0.976,TRUE,FALSE,Rodón,FALSE
607074,2024,"Rodón, Carlos",208,13.2648579321625,43.4927884615385,9.91510450685826,13.3220210929027,13.5642222462343,7.41893558812519,7.53589591213965,0.774,0.964,FALSE,FALSE,Rodón,FALSE
607074,2025,"Rodón, Carlos",274,9.56994969714426,43.4897810218978,9.12168883260595,1.04218374241946,1.06367857000487,-0.437272128323057,-0.74818561349102,0.793,0.978,FALSE,FALSE,Rodón,FALSE
607074,2026,"Rodón, Carlos",66,7.61048616123384,44.2469696969697,8.87143445322793,7.27865160829673,7.21165887590267,2.80627080332515,2.21734323411859,0.768,0.978,FALSE,TRUE,Rodón,FALSE
607216,2022,"Krehbiel, Joey",164,28.1944649040792,25.6024390243902,10.1098176159803,-4.35897110868783,-2.80104802514493,-4.94618483670053,-3.7888253835935,0.947,0.959,TRUE,FALSE,Krehbiel,FALSE
607231,2021,"Gant, John",198,18.9424535785911,48.6383838383839,11.7729855810008,3.48790718627496,2.41950449112363,0.839675616044418,-0.359655151227726,0.964,0.968,TRUE,TRUE,Gant,FALSE
607259,2022,"Martinez, Nick",237,41.1728262385143,55.1383966244726,13.6633591297218,4.16162120547732,2.84020648675714,2.66800372438509,1.63238071545273,0.884,0.897,TRUE,TRUE,Martinez,FALSE
607259,2023,"Martinez, Nick",265,36.4759935823112,60.5283018867925,12.6129496059231,10.635676996931,5.27034422070585,4.11388689051546,2.22176112232243,0.803,0.897,TRUE,TRUE,Martinez,FALSE
607259,2024,"Martinez, Nick",266,36.2032525796533,60.5586466165414,12.4209341202694,7.30146606490499,3.11009897318832,5.25356651695405,3.60133302614869,0.82,0.904,TRUE,TRUE,Martinez,FALSE
607259,2025,"Martinez, Nick",253,43.1579768708389,60.5332015810277,13.9772317376665,-1.8859469588236,-4.74686249534305,0.550544776617465,-0.161044205545222,0.771,0.915,FALSE,TRUE,Martinez,FALSE
607259,2026,"Martinez, Nick",227,43.1473779136404,58.8422907488987,14.473775589531,3.88157169900727,1.35819184707793,-2.63414211688755,-3.79434211049559,0.818,0.902,TRUE,TRUE,Martinez,FALSE
607455,2021,"Banda, Anthony",122,26.9035049933191,41.6344262295082,7.92666513814055,0.403696322397889,-0.594775051917625,-1.93253179077344,-2.57930744007731,0.961,0.996,TRUE,FALSE,Banda,FALSE
607455,2022,"Banda, Anthony",108,28.6363740267338,36.8148148148148,8.68164781548016,-10.5544795351552,-10.8937834831109,-11.1975282793506,-11.371077632888,0.971,0.996,TRUE,FALSE,Banda,FALSE
607536,2020,"Freeland, Kyle",85,14.145202134734,29.0752941176471,5.71332003988037,-5.01190245939223,-3.39412673918663,-5.58720366562819,-4.20246934049481,0.946,0.833,TRUE,FALSE,Freeland,FALSE
607536,2021,"Freeland, Kyle",130,8.35995484194586,32.9869230769231,5.72543269230769,-4.34207508650573,-2.76181491061188,-2.5701209807687,-1.38461811754048,0.918,0.752,FALSE,FALSE,Freeland,FALSE
607536,2022,"Freeland, Kyle",163,8.79393372158527,28.1159509202454,5.42617771979014,-4.7966954352585,-1.92439033257345,-3.40073154965683,-1.64005495295671,0.931,0.754,FALSE,FALSE,Freeland,FALSE
607536,2023,"Freeland, Kyle",152,8.59796107668504,27.6592105263158,4.3955805658794,-6.9400541817325,-3.18677546776018,-2.82407395485978,-1.49663655720944,0.921,0.816,TRUE,FALSE,Freeland,FALSE
607536,2024,"Freeland, Kyle",98,17.3006692959396,29.3704081632653,6.09586734693878,-5.63531196150089,-3.975914490714,-1.04083147957378,-0.80030277948274,0.958,0.878,TRUE,FALSE,Freeland,FALSE
607536,2026,"Freeland, Kyle",123,16.0183803274364,32.320325203252,5.0321609520443,-1.20538500527742,-0.770965341077208,0.25387401457328,0.996233841955751,0.956,0.869,TRUE,FALSE,Freeland,FALSE
607625,2024,"Lugo, Seth",99,23.1554020364534,31.3666666666667,4.97673111815203,2.65260711244798,3.25154340527436,5.29413109519442,5.57246654234232,0.857,0.841,TRUE,FALSE,Lugo,FALSE
607625,2025,"Lugo, Seth",116,21.4284207024376,31.3224137931035,5.45738178814785,-7.02681289964065,-6.34462398187975,-2.82894981167879,-2.64291060370103,0.87,0.849,TRUE,FALSE,Lugo,FALSE
607625,2026,"Lugo, Seth",82,26.2228126979678,27.8463414634146,6.88242234051005,-9.98642972156907,-8.71713097775509,-2.99480066010367,-2.58986647418059,0.904,0.883,TRUE,FALSE,Lugo,FALSE
607644,2020,"Means, John",93,20.0346402504519,45.7301075268817,9.01602150537634,-11.4314907570307,-8.93306754502234,-10.1959369288952,-9.69913699946279,0.99,0.947,TRUE,TRUE,Means,FALSE
607644,2021,"Means, John",374,22.2131775827957,50.0727272727273,9.45165794568071,-3.13378534722294,-0.936407599390034,-2.97103309401612,-2.15736386473381,0.981,0.972,TRUE,TRUE,Means,FALSE
607644,2023,"Means, John",77,24.3350127655901,48.1142857142857,10.7610481068228,-13.7717160089986,-12.0643909615535,-11.3756679401955,-9.19407674315373,0.944,0.973,TRUE,TRUE,Means,FALSE
608032,2021,"Estévez, Carlos",92,21.6913535796207,37.1304347826087,8.24079974852757,-1.52922326595301,-1.18238360223664,-0.0362363288629585,0.847799600157057,0.945,0.987,TRUE,FALSE,Estévez,FALSE
608032,2022,"Estévez, Carlos",70,19.5089354318726,36.5285714285714,9.2457679316511,-4.12377263757349,-4.29498128226476,-1.43931731708719,-0.720928312622536,0.887,0.994,TRUE,FALSE,Estévez,FALSE
608032,2025,"Estévez, Carlos",84,20.7526414349574,40.525,7.81239119303635,-9.70482921708524,-8.51625677279733,-5.3695170947566,-4.90884099178076,0.865,0.99,TRUE,FALSE,Estévez,FALSE
608331,2022,"Fried, Max",215,26.1150125960629,44.773023255814,7.41736434108527,6.04304061055135,5.06452881493355,4.34173805001802,3.77981921886104,0.883,0.741,FALSE,TRUE,Fried,FALSE
608331,2023,"Fried, Max",103,28.376352759871,43.8728155339806,7.77103924860696,6.33843847625401,5.68765284969341,6.52702386492436,6.43883824992362,0.841,0.733,FALSE,FALSE,Fried,FALSE
608331,2024,"Fried, Max",195,32.4735486982844,40.7707692307692,8.16833563297689,-5.23553744446652,-4.35373436672261,0.209757649936779,1.29743522801425,0.873,0.665,FALSE,FALSE,Fried,FALSE
608331,2025,"Fried, Max",163,26.5880349702795,40.1975460122699,10.5037665482725,-7.39032252145771,-6.30432127830541,-4.27444985815623,-3.72347127197629,0.785,0.809,FALSE,FALSE,Fried,FALSE
608331,2026,"Fried, Max",67,24.0634104019288,41.6492537313433,8.65760438314756,-6.95524504533698,-7.30711659345525,-4.00208791947727,-3.48011362509627,0.821,0.9,TRUE,FALSE,Fried,FALSE
608334,2024,"Fulmer, Carson",196,22.8450461796155,37.1622448979592,5.40274349260662,5.60134969586769,4.98513203894365,2.15946976079639,2.08869868013572,0.922,0.89,TRUE,FALSE,Fulmer,FALSE
608334,2025,"Fulmer, Carson",85,24.8281628351287,33.7576470588235,5.87063983488132,4.42013734922508,4.14291642499548,4.91547546732608,4.14666148397169,0.922,0.889,TRUE,FALSE,Fulmer,FALSE
608337,2020,"Giolito, Lucas",215,18.8135033149128,57.0227906976744,13.0421786228316,5.27598580993793,4.80528081297491,1.87467902152855,1.78853948762546,0.99,0.994,TRUE,TRUE,Giolito,FALSE
608337,2021,"Giolito, Lucas",530,19.2915750807994,55.6892452830189,12.3226607683285,-0.905115651450523,-0.677218745359632,0.405495211103499,0.260703575022089,0.987,0.993,TRUE,TRUE,Giolito,FALSE
608337,2022,"Giolito, Lucas",354,19.6629969341185,56.1392655367232,11.6190368788647,1.80741300800193,1.14172413944335,1.41511679382331,1.41960652266667,0.981,0.985,TRUE,TRUE,Giolito,FALSE
608337,2023,"Giolito, Lucas",471,20.7669686892411,50.3458598726115,12.1793997991279,-2.04732366151265,-1.36140366974781,-2.13705866877569,-0.962802149079467,0.98,0.98,TRUE,TRUE,Giolito,FALSE
608337,2025,"Giolito, Lucas",296,16.183930219385,51.3631756756757,11.5740673315237,-10.8093917329218,-10.3250302666746,-7.62659085513491,-7.04037238532771,0.99,0.995,TRUE,TRUE,Giolito,FALSE
608337,2026,"Giolito, Lucas",86,19.2072500261688,54.5139534883721,11.765405707322,-13.3998391460821,-13.330097418239,-10.0699237528774,-9.70459881936545,0.993,0.992,TRUE,TRUE,Giolito,FALSE
608344,2021,"Irvin, Cole",317,16.1167207140563,45.6425867507887,6.5487921185626,-2.43178808353545,-2.79080712909864,-4.84834339937671,-5.06146612467593,0.989,0.983,TRUE,TRUE,Irvin,FALSE
608344,2022,"Irvin, Cole",259,17.7341208562587,40.2722007722008,7.60553044448012,-5.23914843657714,-4.08675061177534,-5.02290577703763,-4.50256387326209,0.991,0.991,TRUE,FALSE,Irvin,FALSE
608344,2023,"Irvin, Cole",131,15.1215091728344,40.3809160305344,7.96188093464904,-10.7824312882245,-9.05295270080809,-11.6603499224155,-10.0971731577475,0.993,0.985,TRUE,FALSE,Irvin,FALSE
608344,2024,"Irvin, Cole",133,14.6090703956865,39.0699248120301,6.72190476190477,-0.159103465105762,0.748172515165085,0.625048214817723,1.42784761320385,0.992,0.977,TRUE,FALSE,Irvin,FALSE
608379,2021,"Wacha, Michael",317,32.129589164201,52.4760252365931,6.91078625231074,1.80003820807224,0.25248038337406,0.417157165579882,-0.681434021400591,0.891,0.985,TRUE,TRUE,Wacha,FALSE
608379,2022,"Wacha, Michael",342,32.7481353989057,55.5602339181287,8.76894940410097,3.37833041403101,3.44354793310759,4.09465770607517,3.31199250122303,0.838,0.991,TRUE,TRUE,Wacha,FALSE
608379,2023,"Wacha, Michael",453,33.9932621749765,54.4858719646799,10.264267474932,2.53024220369317,2.15656506070572,3.20515007038683,2.94642683528198,0.841,0.992,TRUE,TRUE,Wacha,FALSE
608379,2024,"Wacha, Michael",472,34.6673133385862,53.4391949152542,12.3229582704033,0.797406271508276,0.842492849438476,0.256446190990405,0.742381224994254,0.802,0.992,TRUE,TRUE,Wacha,FALSE
608379,2025,"Wacha, Michael",401,40.9674698504865,53.2623441396509,13.2105820289332,-4.05829118293622,-3.16481120107119,-5.01560387285858,-4.21333340405841,0.782,0.986,FALSE,TRUE,Wacha,FALSE
608379,2026,"Wacha, Michael",245,39.6217333399974,55.9404081632653,12.3724196042053,-4.98150638371303,-4.61682071921764,-3.59111316479278,-3.29403690179342,0.787,0.987,FALSE,TRUE,Wacha,FALSE
608650,2025,"Enns, Dietrich",122,41.8679589372119,50.0549180327869,9.31904532304725,-3.42790043236144,-3.42021674245181,-1.81466117474222,-3.10663952327672,0.984,0.96,TRUE,TRUE,Enns,FALSE
608665,2022,"Graveman, Kendall",77,6.62359896907267,41.9402597402597,5.7679788961039,-8.86877668969409,-9.0361670415761,-7.99158645717372,-7.30829374695718,0.897,0.911,TRUE,FALSE,Graveman,FALSE
608716,2021,"Steckenrider, Drew",77,19.47688256518,51.9116883116883,6.32750392022837,2.21285448416812,1.42616744822805,0.331210395807182,-0.93479544147595,0.979,0.971,TRUE,TRUE,Steckenrider,FALSE
608717,2021,"Stratton, Chris",83,18.3816039937382,41.3674698795181,6.43762280589833,7.92882927885816,8.75682300583139,7.04303616270246,7.93971206304834,0.747,0.71,FALSE,FALSE,Stratton,FALSE
608718,2022,"Suter, Brent",122,26.6921630514159,50.6860655737705,9.35184693127091,12.8844442426096,12.0938227622123,13.5158323673199,13.6602260241453,0.937,0.667,FALSE,TRUE,Suter,FALSE
608718,2023,"Suter, Brent",149,26.7622085803741,50.4946308724832,9.46774632817819,2.6884760296535,1.87786984985829,4.02517778732588,4.0321516317572,0.929,0.66,FALSE,TRUE,Suter,FALSE
608718,2024,"Suter, Brent",94,25.3408854088525,51.881914893617,10.3979303675048,-8.803474602688,-9.77629210376365,-7.01423831718184,-7.21356804320651,0.931,0.69,FALSE,TRUE,Suter,FALSE
608718,2025,"Suter, Brent",110,24.7371327267461,48.1536363636364,10.7820613781123,-0.601845293099772,-1.68400340232293,-1.21831832332171,-2.03939649213185,0.942,0.705,FALSE,TRUE,Suter,FALSE
608718,2026,"Suter, Brent",151,21.346855534181,45.0907284768212,11.2113912301826,0.481900333289622,0.0678187623180605,-0.9585992479777,-1.46974620195464,0.899,0.769,FALSE,TRUE,Suter,FALSE
614179,2022,"Ruiz, José",123,16.3771818604126,41.719512195122,7.08920154376641,-4.0392980992876,-2.05090965504484,-2.48633326649976,-0.935638256772782,0.92,0.933,TRUE,FALSE,Ruiz,FALSE
615698,2021,"Quantrill, Cal",143,15.8119617162526,44.9769230769231,9.36946901678763,-10.139155658281,-9.37676920089819,-11.4556074270144,-10.5435425009289,0.973,0.961,TRUE,TRUE,Quantrill,FALSE
615698,2022,"Quantrill, Cal",195,14.1271853694459,43.94,8.52948717948717,-6.35712881391756,-5.41891378207462,-8.07032693947934,-7.41363215724495,0.979,0.978,TRUE,FALSE,Quantrill,FALSE
615698,2023,"Quantrill, Cal",77,16.1376012724259,43.5103896103896,7.78932126267892,-11.2489392188518,-10.9387519011008,-10.0013016159078,-9.26060905917403,0.977,0.987,TRUE,FALSE,Quantrill,FALSE
621076,2021,"Kaprielian, James",150,18.476099118998,36.0413333333333,9.0752585669782,-1.17733089939852,-0.663820775675568,-6.48923461914532,-6.32992597038072,0.574,0.904,FALSE,FALSE,Kaprielian,FALSE
621076,2022,"Kaprielian, James",119,26.313328258189,36.5756302521008,8.72185807656396,-1.03625269039862,-0.160736117695508,-4.04467024205862,-3.44251271895886,0.582,0.916,FALSE,FALSE,Kaprielian,FALSE
621107,2021,"Eflin, Zach",98,10.0509080916051,31.4459183673469,7.67182653061225,-5.35176297349115,-4.5041320529906,-2.73564517254316,-2.73663474372577,0.982,0.888,TRUE,FALSE,Eflin,FALSE
621107,2024,"Eflin, Zach",76,16.5117660753104,27.8381578947368,6.97259306803595,-17.2776071671862,-15.4174606316426,-14.9377497370013,-14.3449275228537,0.93,0.836,TRUE,FALSE,Eflin,FALSE
621107,2025,"Eflin, Zach",105,18.0748641773056,24.12,5.52559923298178,-11.3347555292446,-9.85502081999276,-6.33827134050661,-6.02825192466259,0.92,0.832,TRUE,FALSE,Eflin,FALSE
621111,2021,"Buehler, Walker",80,37.0021632299846,41.70375,3.97107116920842,-0.952098854379629,0.641807913305529,7.11692810786152,8.04838434535101,0.93,0.864,TRUE,FALSE,Buehler,FALSE
621111,2025,"Buehler, Walker",60,34.4161022025962,36.61,4.19939229843562,-8.4853736249538,-7.09489763346517,2.2276294086432,2.4319956152782,0.948,0.915,TRUE,FALSE,Buehler,FALSE
621111,2026,"Buehler, Walker",75,34.3710868145335,41.7893333333333,4.9301264367816,-0.939212212619328,-1.67648808491067,4.65600320240074,3.67851014375018,0.918,0.903,TRUE,FALSE,Buehler,FALSE
621112,2022,"Blackburn, Paul",101,9.57404608120994,50.7722772277228,5.54851002173388,2.30238023184131,0.905264579144522,7.65351871880642,5.31990980190916,0.803,0.873,TRUE,TRUE,Blackburn,TRUE
621112,2023,"Blackburn, Paul",108,8.08569820883185,49.8231481481482,5.92971102971103,11.9480182992297,10.5363195900358,9.05070784041107,7.09624836328481,0.785,0.905,FALSE,TRUE,Blackburn,FALSE
621112,2024,"Blackburn, Paul",121,8.55779308888256,50.2074380165289,6.35646799271607,7.02030736460545,6.08804876043068,4.76044393278837,2.83551652433719,0.748,0.892,FALSE,TRUE,Blackburn,FALSE
621121,2025,"McCullers Jr., Lance",79,33.3210263185071,24.9632911392405,5.02833809718253,-10.2133405307556,-9.84453849907834,-0.899402567769071,-1.32628696804779,0.823,0.732,FALSE,FALSE,McCullers Jr.,FALSE
621219,2021,"Mills, Alec",157,15.2684533921623,36.6216560509554,9.70084346651225,4.97209202966893,4.30405589358849,1.70790619901389,1.45405804457297,0.858,0.879,TRUE,FALSE,Mills,FALSE
621244,2020,"Berríos, José",78,31.5388826822978,33.3358974358974,9.87319347319347,-1.17948862945169,-1.3045367931802,-2.52450038198987,-2.30231927645137,0.951,0.963,TRUE,FALSE,Berríos,FALSE
621244,2021,"Berríos, José",180,29.7272507849445,35.0933333333333,9.39278825995807,0.329806623089028,0.536541044476465,-2.79275995213017,-3.3526300224814,0.954,0.919,TRUE,FALSE,Berríos,FALSE
621244,2022,"Berríos, José",219,33.6954505773677,32.1936073059361,9.35785753424657,-3.68101944445146,-3.81856716741051,-6.27461747695122,-6.48479436880332,0.962,0.914,TRUE,FALSE,Berríos,FALSE
621244,2023,"Berríos, José",303,30.4804170995067,39.7798679867987,10.0015788513525,4.18011465924206,3.48055313892592,2.5063515187752,2.18675461004335,0.982,0.917,TRUE,FALSE,Berríos,FALSE
621244,2024,"Berríos, José",245,31.2453686460649,37.7591836734694,9.36691923178111,-1.98736438402285,-1.97559884125073,-1.77275240967034,-2.14426785884784,0.976,0.927,TRUE,FALSE,Berríos,FALSE
621244,2025,"Berríos, José",247,28.0166515636704,37.3028340080972,7.76401920235045,7.22211467546884,6.79940815606797,9.14309377840385,8.72577100495409,0.984,0.934,TRUE,FALSE,Berríos,FALSE
621249,2021,"Underwood Jr., Duane",148,13.5011897091198,47.6641891891892,6.26276772055073,7.02228921216415,4.47597743744506,6.80797715885721,5.48980435225297,0.923,0.918,TRUE,TRUE,Underwood Jr.,FALSE
621249,2022,"Underwood Jr., Duane",101,18.5015721093945,45.4118811881188,6.31283654681257,12.4219465599911,11.0259962248808,8.31485167018116,8.11927959485797,0.934,0.858,TRUE,TRUE,Underwood Jr.,FALSE
621295,2021,"Wittgren, Nick",112,23.9149878957725,29.1392857142857,6.74946428571429,0.328236851114143,0.682016845328929,-0.422389354625601,-0.864063506988606,0.81,0.92,TRUE,FALSE,Wittgren,FALSE
621345,2021,"Minter, A.J.",62,26.9331206210642,37.6258064516129,8.88709677419355,-4.91141068152901,-4.52945737517217,-0.733124588415425,0.135009635835102,0.9,0.884,TRUE,FALSE,Minter,FALSE
621345,2022,"Minter, A.J.",88,30.4446243310204,35.0670454545455,8.95399092589481,-6.27742816415337,-5.52106325957241,-4.26793374011286,-3.29119986762773,0.918,0.897,TRUE,FALSE,Minter,FALSE
621345,2023,"Minter, A.J.",79,28.3520498706245,38.8012658227848,9.07277344046085,2.36088714467502,2.2182728692888,6.13996816627496,6.37111733549612,0.911,0.883,TRUE,FALSE,Minter,FALSE
621368,2021,"Hearn, Taylor",85,3.4920010011286,36.2435294117647,7.96498122653317,-9.27792820081409,-5.72543168958149,-7.53192759486567,-5.04932089943104,0.846,0.901,TRUE,FALSE,Hearn,FALSE
621368,2022,"Hearn, Taylor",72,4.04791381313917,35.6277777777778,7.41775059665871,-9.24969158891557,-5.0092248085763,-5.62570815093972,-2.92065797451552,0.874,0.939,TRUE,FALSE,Hearn,FALSE
621383,2022,"Banks, Tanner",93,7.25999081168111,49.7602150537635,8.11885856079404,-10.6090491681745,-10.3954819349111,-12.0345764725819,-11.1778794992139,0.695,0.813,FALSE,TRUE,Banks,FALSE
621383,2023,"Banks, Tanner",64,8.57173760604132,50.54375,6.45003961267605,-7.43378326714298,-8.32244129959853,-7.2886266977011,-7.69635526649559,0.747,0.832,FALSE,TRUE,Banks,FALSE
621383,2024,"Banks, Tanner",68,9.07891986567039,50.3308823529412,7.44590828066764,-13.3346348832091,-14.6092278058124,-14.6010101138157,-15.1818126780798,0.792,0.828,FALSE,TRUE,Banks,FALSE
622065,2020,"Young, Alex",73,11.6589877356443,34.5794520547945,5.83945725680597,-2.09291589510823,-0.561537743493303,-6.50392396713269,-4.949520313063,0.9,0.912,TRUE,FALSE,Young,FALSE
622065,2021,"Young, Alex",97,11.8372358969339,36.9907216494845,6.15588927672701,4.58196619252635,5.12360740986954,3.75366977081895,5.24894319319703,0.855,0.884,TRUE,FALSE,Young,FALSE
622491,2020,"Castillo, Luis",160,23.3438805141296,15.5675,9.03671474358975,7.91055646516724,8.76274540131689,10.2813467579705,10.1528354492673,0.904,0.908,TRUE,FALSE,Castillo,FALSE
622491,2021,"Castillo, Luis",543,17.220800475051,14.8202578268877,8.78975777176154,0.828948754891548,0.550989055110241,-0.21592243988947,-0.343056399449564,0.871,0.871,TRUE,FALSE,Castillo,FALSE
622491,2022,"Castillo, Luis",298,15.6655398983938,14.2664429530201,8.65880953932364,-6.00025707713315,-5.59691131733386,-3.7207880761793,-3.71870549983293,0.902,0.867,TRUE,FALSE,Castillo,FALSE
622491,2023,"Castillo, Luis",270,17.6067858754247,13.8766666666667,7.92644235785081,0.442653231586614,0.61913206063336,3.60276222501738,3.22140874311339,0.917,0.891,TRUE,FALSE,Castillo,FALSE
622491,2024,"Castillo, Luis",216,21.1993558963081,10.7972222222222,7.45876555126555,-2.65174198626274,-1.9205213659684,-5.15668172706826,-4.33954751948269,0.94,0.922,TRUE,FALSE,Castillo,FALSE
622491,2025,"Castillo, Luis",147,21.4980918579961,10.252380952381,7.8541561526997,-5.4201741676334,-4.46373497187252,-8.73350829635514,-8.06423019653703,0.919,0.913,TRUE,FALSE,Castillo,FALSE
622491,2026,"Castillo, Luis",120,26.7765640825814,10.6133333333333,7.63137457044674,-8.69753548623589,-8.27432313646328,-4.82713717805655,-4.96359479411308,0.927,0.865,TRUE,FALSE,Castillo,FALSE
622503,2021,"Crismatt, Nabil",398,24.9548032474819,32.9527638190955,7.73826996618312,-0.121404868050749,-1.11331378301846,0.422146393018655,-0.0748411294519336,0.792,0.833,FALSE,FALSE,Crismatt,FALSE
622503,2022,"Crismatt, Nabil",290,23.5434610079175,30.7824137931035,7.73820057220298,1.14266396262236,0.213940619616967,2.15767925265122,1.63180770659519,0.776,0.846,FALSE,FALSE,Crismatt,FALSE
622503,2025,"Crismatt, Nabil",126,23.2726081621296,31.7349206349206,7.60974373685217,7.2647118324954,6.19439084521075,7.01588182208096,6.55827995507902,0.742,0.9,FALSE,FALSE,Crismatt,FALSE
622608,2021,"Senzatela, Antonio",69,10.9495052251225,43.2579710144928,8.75806048957228,-0.951626192746825,-1.21642015895702,-0.671414063204729,-0.936997810698784,0.613,0.818,FALSE,FALSE,Senzatela,FALSE
622608,2022,"Senzatela, Antonio",60,5.64668119698756,43.1983333333333,7.2920987654321,-2.95666882198102,-2.06866652295977,-7.05833206411154,-7.01938738738595,0.667,0.817,FALSE,FALSE,Senzatela,FALSE
622608,2025,"Senzatela, Antonio",75,4.94205828172827,38.7093333333333,7.3361416474211,-4.58341717375489,-2.75515110217784,-7.04056195918704,-5.91184456929822,0.675,0.843,FALSE,FALSE,Senzatela,FALSE
622663,2022,"Severino, Luis",169,29.4143191539445,42.8213017751479,7.31818513414932,0.253539260783889,0.02738552608174,0.638301980026551,0.933615176085217,0.981,0.931,TRUE,FALSE,Severino,FALSE
622663,2023,"Severino, Luis",162,32.8177760866583,41.6364197530864,9.7529719794701,-10.9157146972168,-10.9707011773618,-9.43085411000507,-9.02244695294381,0.985,0.925,TRUE,FALSE,Severino,FALSE
622663,2024,"Severino, Luis",102,35.2615225964192,37.9274509803922,10.4043118218161,-14.0532683001615,-13.6087197042038,-8.23545932882182,-8.40563573854507,0.979,0.904,TRUE,FALSE,Severino,FALSE
622663,2025,"Severino, Luis",65,34.9711594044242,36.4492307692308,9.96365535248042,-12.2803801412139,-11.4820026574842,-8.72751065845085,-7.31390083453121,0.98,0.925,TRUE,FALSE,Severino,FALSE
622766,2021,"Díaz, Miguel",159,16.6841376154306,42.2289308176101,8.37629291351199,-7.29381495843182,-7.84418304704093,-3.13772130329903,-2.78673523002312,0.934,0.973,TRUE,FALSE,Díaz,FALSE
623167,2021,"Flexen, Chris",211,21.3016674022476,62.9251184834123,10.0753322388828,-6.42766853970959,-5.07141929125024,-6.91632903035756,-6.74218916480489,0.985,0.92,TRUE,TRUE,Flexen,FALSE
623167,2022,"Flexen, Chris",151,25.2692504559369,62.8596026490066,10.6983973981287,1.55260778915319,2.18816177224736,-0.0437048677185075,0.331443967361832,0.989,0.916,TRUE,TRUE,Flexen,FALSE
623167,2023,"Flexen, Chris",125,25.5090671406067,65.776,10.9115838664812,6.87782192533796,4.71895178527839,4.31937094717083,4.11521106149435,0.978,0.902,TRUE,TRUE,Flexen,FALSE
623167,2024,"Flexen, Chris",211,23.3178810266286,67.4104265402844,9.95905815960332,1.92964747947853,0.549266564388141,1.27839260701656,-0.0908988538801131,0.985,0.917,TRUE,TRUE,Flexen,FALSE
623211,2022,"Brazobán, Huascar",72,5.89154799128791,36.8763888888889,8.19006849315069,11.6731660406069,11.8710687867441,1.00396572125862,1.84269566035518,0.823,0.922,TRUE,FALSE,Brazobán,FALSE
623211,2023,"Brazobán, Huascar",155,9.74728099324052,35.7,7.37040706605223,7.05393659282399,7.07345600122234,-2.32685194130982,-1.74938851383355,0.809,0.913,TRUE,FALSE,Brazobán,FALSE
623211,2024,"Brazobán, Huascar",149,8.1814368732431,38.2013422818792,6.26774049217003,8.03792047181399,8.08550279467359,3.47779790888856,4.01498981274783,0.793,0.897,FALSE,FALSE,Brazobán,FALSE
623211,2025,"Brazobán, Huascar",202,10.3709284901611,36.9509900990099,5.7903690369037,-0.775888856580114,-0.885173702721672,-1.02170679415921,-1.23759241437631,0.831,0.933,TRUE,FALSE,Brazobán,FALSE
623454,2026,"Anderson, Drew",174,39.8163360543111,40.0327586206897,5.40170794884248,0.61246181326891,0.16771136599023,0.0371911898244994,-0.013504584088981,0.685,0.86,FALSE,FALSE,Anderson,FALSE
624133,2021,"Suarez, Ranger",183,10.3620904529367,36.9945355191257,8.76949948958145,10.737716130028,10.6616352052266,9.607785445358,9.94379086240424,0.941,0.849,TRUE,FALSE,Suarez,FALSE
624133,2022,"Suarez, Ranger",252,10.6414921545707,33.7555555555556,8.34796365914786,5.80888909391275,6.94321542422197,-0.52867126672747,0.462191437660892,0.929,0.837,TRUE,FALSE,Suarez,FALSE
624133,2023,"Suarez, Ranger",180,12.9893061905818,37.4855555555556,10.8978703703704,2.05178150309675,2.9892721719638,-0.506822665073148,0.644476303579708,0.939,0.855,TRUE,FALSE,Suarez,FALSE
624133,2024,"Suarez, Ranger",193,25.0838255858536,38.5134715025907,11.9844132489632,7.64285488001218,6.96770153988188,6.43674943848848,6.64858175304692,0.767,0.79,FALSE,FALSE,Suarez,FALSE
624133,2025,"Suarez, Ranger",264,16.4730254854743,36.9575757575758,11.8010416666667,5.44802562149698,5.01368635981826,2.81273815513279,3.39510393326594,0.705,0.802,FALSE,FALSE,Suarez,FALSE
624133,2026,"Suarez, Ranger",105,20.4126631274508,40.9857142857143,10.5434199134199,3.38632814589913,2.35979375040336,-1.81081123345041,-1.88388876674937,0.692,0.786,FALSE,FALSE,Suarez,FALSE
628452,2021,"Iglesias, Raisel",159,22.3653775075755,31.7553459119497,7.01871240087503,11.8830206072228,11.7496607095367,12.5707607563103,12.5040936902823,0.884,0.91,TRUE,FALSE,Iglesias,FALSE
628452,2022,"Iglesias, Raisel",143,20.2669524301545,26.9951048951049,6.24042906246296,7.94546282447085,7.99972660271347,6.60867668378336,6.78367332180428,0.889,0.895,TRUE,FALSE,Iglesias,FALSE
628452,2023,"Iglesias, Raisel",191,20.9514980919351,30.086387434555,5.70679067993481,11.9465155629874,11.8253127379746,11.3631110430647,11.4578968630382,0.835,0.86,TRUE,FALSE,Iglesias,FALSE
628452,2024,"Iglesias, Raisel",181,21.6343772580336,32.414364640884,6.00426598263615,0.00257914858407025,0.126023654878067,0.6494258820048,0.306968457613478,0.87,0.877,TRUE,FALSE,Iglesias,FALSE
628452,2025,"Iglesias, Raisel",172,19.5221034382637,30.0383720930233,6.11447028423772,11.2582020867727,11.0022243232581,9.05157523349373,8.81278128570646,0.838,0.865,TRUE,FALSE,Iglesias,FALSE
628452,2026,"Iglesias, Raisel",131,16.333573762824,31.0259541984733,6.02340966921119,10.5229671831711,10.6897552289359,10.9516614382331,10.6953586570419,0.844,0.852,TRUE,FALSE,Iglesias,FALSE
628711,2021,"Urías, Julio",272,21.83540458134,46.1455882352941,7.27757980697848,-3.13056201274509,-3.91812439492619,-1.36372804731826,-2.37699319555048,0.899,0.807,TRUE,TRUE,Urías,FALSE
628711,2022,"Urías, Julio",230,22.2880284099373,40.5873913043478,6.77527771999167,-0.275090705321442,0.480907773092592,-1.31502815956414,-0.718890712339462,0.888,0.755,FALSE,FALSE,Urías,FALSE
628711,2023,"Urías, Julio",164,21.3196681378504,43.175,6.5390742260788,0.378945448006498,0.590368304184745,1.21046368637536,1.17314063888198,0.893,0.787,FALSE,FALSE,Urías,FALSE
640444,2021,"Crowe, Wil",213,23.9066044573713,42.4145539906103,8.62883872773062,7.86371442576956,7.67959876591372,3.13820679667293,3.03280563648384,0.584,0.81,FALSE,FALSE,Crowe,FALSE
640444,2022,"Crowe, Wil",193,26.9945293941115,38.5,9.19828944566683,1.99766382888631,3.58700858303771,-2.27722057133899,-1.62343729155586,0.564,0.796,FALSE,FALSE,Crowe,FALSE
640455,2022,"Manaea, Sean",333,4.82050986936923,29.9696696696697,6.24149551213264,4.61995351428555,5.06192946674943,7.50564838017828,7.02026654736009,0.961,0.984,TRUE,FALSE,Manaea,FALSE
640455,2023,"Manaea, Sean",161,11.1047323183356,32.4024844720497,7.22610650219347,-6.10026981969226,-5.33260895364888,-5.197079629287,-4.98481215504285,0.914,0.979,TRUE,FALSE,Manaea,FALSE
640455,2024,"Manaea, Sean",176,7.58792890250926,23.5840909090909,6.92792907523512,-0.38126269104734,0.708215644027662,1.97593766617822,2.12793752670346,0.931,0.977,TRUE,FALSE,Manaea,FALSE
640470,2021,"Alzolay, Adbert",68,8.26261590564575,38.775,8.5385123024279,-3.07837171770992,0.731413429289314,-1.45307756794159,1.24496844091277,0.932,0.921,TRUE,FALSE,Alzolay,FALSE
641154,2020,"López, Pablo",148,19.6565246674017,27.8581081081081,6.76805749048018,1.51926979112311,1.59667746856914,-0.321690645691096,0.62772744400385,0.855,0.805,TRUE,FALSE,López,FALSE
641154,2021,"López, Pablo",316,19.0564159779864,29.2791139240506,5.96831823065066,-0.340693471879613,-0.638069620976818,-0.593405475497855,-0.409398206073204,0.905,0.788,FALSE,FALSE,López,FALSE
641154,2022,"López, Pablo",551,20.8364057355141,28.5635208711434,5.99403491685661,2.99267389373629,2.85100879018297,-0.384644829179099,0.0988827413432452,0.872,0.712,FALSE,FALSE,López,FALSE
641154,2023,"López, Pablo",354,20.2724401278038,35.3062146892655,6.59738226140517,-2.52406435078349,-2.50163279777123,-0.176239013770508,0.344936669333647,0.87,0.755,FALSE,FALSE,López,FALSE
641154,2024,"López, Pablo",313,16.8022457859108,38.2664536741214,6.56893189983164,-5.9266259593954,-6.10598715093947,-5.28443883692971,-4.83235729720857,0.874,0.763,FALSE,FALSE,López,FALSE
641154,2025,"López, Pablo",133,23.9517283257428,35.4368421052632,7.22456817719976,-5.26481465599565,-5.4157654931654,-3.61410043657592,-3.57758911260808,0.791,0.777,FALSE,FALSE,López,FALSE
641302,2021,"Alexander, Tyler",155,14.9410779376283,41.4122580645161,6.77581320016196,3.1763381057432,3.29755471548925,1.5805380214431,1.99493908157032,0.94,0.903,TRUE,FALSE,Alexander,FALSE
641302,2022,"Alexander, Tyler",145,19.2783060945291,39.4151724137931,7.26024727132233,-8.11314050320923,-7.55312769707647,-7.43345890440318,-6.69611871673493,0.973,0.919,TRUE,FALSE,Alexander,FALSE
641302,2024,"Alexander, Tyler",116,19.7023274065085,36.7465517241379,8.19830543171686,-10.5100777580963,-9.30315856069947,-7.74118829378364,-6.69698565016628,0.912,0.923,TRUE,FALSE,Alexander,FALSE
641302,2025,"Alexander, Tyler",121,21.1845588722615,32.0735537190083,7.44844093104963,0.819611957255836,0.932889462526312,-1.90425893385306,-2.04019456618708,0.874,0.903,TRUE,FALSE,Alexander,FALSE
641302,2026,"Alexander, Tyler",100,17.8700479862763,33.752,7.43409090909091,-4.36771279272409,-5.00549395472812,-4.54784583288479,-5.10285244905477,0.828,0.91,TRUE,FALSE,Alexander,FALSE
641329,2022,"Baker, Bryan",60,16.3707029177904,57.4916666666667,12.2314944275583,-3.47727186604749,-1.52913589670714,4.49507214993154,4.42855262888359,0.873,0.891,TRUE,TRUE,Baker,FALSE
641329,2025,"Baker, Bryan",147,22.6421143454891,53.6482993197279,11.7643720565149,-2.58086989826974,-1.78646664219603,3.62512123065197,3.03099728281908,0.875,0.957,TRUE,TRUE,Baker,FALSE
641329,2026,"Baker, Bryan",153,20.9290747323977,53.6686274509804,11.2188608776844,-8.23300435105182,-6.56609939499961,-7.06696519551761,-7.15523751656959,0.905,0.97,TRUE,TRUE,Baker,FALSE
641401,2021,"Brogdon, Connor",198,25.664940851946,36.5656565656566,11.451295564339,-2.66714351436977,-1.75102098930937,-0.167705113953135,0.565689851896673,0.994,0.972,TRUE,FALSE,Brogdon,FALSE
641401,2022,"Brogdon, Connor",157,29.7722216688678,32.6859872611465,11.2850205738121,-1.26065440103413,-0.708132419298405,-3.49609098441421,-2.64029615447328,0.981,0.972,TRUE,FALSE,Brogdon,FALSE
641401,2023,"Brogdon, Connor",117,29.5431558516202,32.0683760683761,11.4848616543532,-1.27791153701651,-0.930500347735514,-6.02721920156527,-5.05272413731096,0.976,0.981,TRUE,FALSE,Brogdon,FALSE
641401,2025,"Brogdon, Connor",197,27.9224033452076,29.8954314720812,11.4055448200277,-1.06918915047671,-1.0987630971163,-1.81199680811486,-1.97866206515656,0.974,0.967,TRUE,FALSE,Brogdon,FALSE
641482,2024,"Cortes, Nestor",141,40.1787831685707,43.3354609929078,8.5037326476421,3.04356344680836,2.55386903723166,-1.20685693507625,-1.38732619478789,0.954,0.967,TRUE,FALSE,Cortes,FALSE
641540,2023,"Dunning, Dane",233,36.7782607743859,36.5386266094421,4.94493025751074,1.70996726428805,0.4731726556582,6.86337464043862,6.06810745085157,0.984,0.755,FALSE,FALSE,Dunning,FALSE
641582,2020,"Foster, Matt",69,20.4098400774216,52.972463768116,10.0465514230836,2.98660448171716,2.43658268287811,2.53383573506132,1.93801844475684,0.97,0.974,TRUE,TRUE,Foster,FALSE
641582,2021,"Foster, Matt",83,19.0247383976841,57.5698795180723,9.40974928159026,-3.86040189864544,-4.79570077363163,-0.835930032529226,-1.55980928940463,0.964,0.978,TRUE,TRUE,Foster,FALSE
641585,2023,"France, J.P.",146,30.546289728351,44.0356164383562,11.3169498688429,-3.38918520464462,-5.068487517073,0.804291397005811,0.26602500138167,0.986,0.733,FALSE,TRUE,France,FALSE
641672,2023,"Hatch, Thomas",75,11.1727590258121,44.3106666666667,9.34526984126984,4.37543040149026,2.84966521366484,-1.46160594327609,-1.68045210062497,0.386,0.826,FALSE,TRUE,Hatch,FALSE
641703,2023,"Honeywell, Brent",125,44.3738219340934,41.9488,7.47763192488262,-9.17530467838507,-8.98356027001611,-4.89377515401797,-4.5112364256511,0.944,0.94,TRUE,FALSE,Honeywell,FALSE
641726,2022,"Jefferies, Daulton",72,26.6504571441443,31.3986111111111,6.45846253229975,0.568418707983099,0.811236723547568,1.23021372533065,1.71190850577991,0.939,0.968,TRUE,FALSE,Jefferies,FALSE
641743,2026,"Kay, Anthony",129,20.8465236950155,30.7914728682171,9.63441325848703,-7.22959137900593,-6.8973856059595,-13.8426559458228,-13.6888759088501,0.81,0.842,TRUE,FALSE,Kay,FALSE
641745,2025,"Keller, Brad",68,12.6451774405423,46.739705882353,4.4941239048811,8.24818345760544,9.42094916674617,5.91982429839855,6.83073089250324,0.845,0.746,FALSE,TRUE,Keller,FALSE
641771,2022,"Kuhl, Chad",71,11.2175770200407,28.6140845070423,5.47103647526183,-0.302229245629553,0.635192894159248,4.16242777637003,4.18095339129801,0.988,0.98,TRUE,FALSE,Kuhl,FALSE
641778,2021,"Lauer, Eric",75,15.2536490496013,35.8573333333333,5.90622377622377,-8.33930252018394,-8.27230856473716,-7.15215724355841,-6.49182808540982,0.971,0.979,TRUE,FALSE,Lauer,FALSE
641778,2026,"Lauer, Eric",103,17.5931326700578,33.8038834951456,6.6767132601752,-9.07647970140494,-7.04601477648632,-7.6114539028508,-5.95597904461282,0.953,0.936,TRUE,FALSE,Lauer,FALSE
641871,2023,"Middleton, Keynan",220,8.99197431693643,40.0913636363636,7.71119191919192,4.93635464385305,6.05629496613015,6.66278296945398,7.89224280781626,0.848,0.902,TRUE,FALSE,Middleton,FALSE
641927,2021,"Ober, Bailey",114,38.3741253494257,33.9052631578947,7.67242785702575,-11.8205950803801,-10.9162978338974,-6.31428306841782,-6.01120873114292,0.993,0.871,TRUE,FALSE,Ober,FALSE
641927,2022,"Ober, Bailey",65,37.8456929831517,30.3076923076923,7.1006105006105,1.56004801577627,3.33985445337099,7.04255438494453,8.00025143042613,0.984,0.923,TRUE,FALSE,Ober,FALSE
641927,2023,"Ober, Bailey",371,39.3078891791189,29.3487870619946,7.66047041759959,-0.53819726340562,-0.287605313982939,3.48882155873857,3.77460859818407,0.994,0.906,TRUE,FALSE,Ober,FALSE
641927,2024,"Ober, Bailey",467,39.0960416384269,34.2730192719486,8.36437272431866,7.95511593272286,8.81279037251368,6.77427652181494,7.54804854385808,0.988,0.922,TRUE,FALSE,Ober,FALSE
641927,2025,"Ober, Bailey",380,35.3338426546323,30.8468421052632,6.99826054497948,-0.313719097559391,0.291998818674848,-0.2434790147591,0.480232877147403,0.994,0.904,TRUE,FALSE,Ober,FALSE
641927,2026,"Ober, Bailey",222,35.2468874798292,28.5252252252252,5.32824219568406,-3.24433657399995,-3.23136039904398,3.70416224857007,3.94129482370067,0.984,0.854,TRUE,FALSE,Ober,FALSE
642121,2021,"Sulser, Cole",199,14.1454564694075,48.9552763819096,9.34788568068864,1.24290716346853,-0.850404704650416,1.48177570141268,-0.432368554678201,0.824,0.973,TRUE,TRUE,Sulser,FALSE
642121,2022,"Sulser, Cole",116,16.1440530576347,45.1206896551724,8.55976356284398,5.38664877901535,3.94721181770296,-3.47077180865497,-4.34371206875686,0.862,0.951,TRUE,TRUE,Sulser,FALSE
642121,2025,"Sulser, Cole",81,19.5481520992297,41.4592592592593,8.91307189542484,3.80950975000366,2.65331852299265,-1.35067178301462,-1.17351917430764,0.833,0.971,TRUE,FALSE,Sulser,FALSE
642121,2026,"Sulser, Cole",145,22.3471236697326,41.7572413793103,8.70228571428572,4.48725415230227,3.60988383279658,-5.41789260488638,-5.30765436886917,0.787,0.971,FALSE,FALSE,Sulser,FALSE
642152,2021,"Trivino III, Lou",60,42.0556803846077,33.8666666666667,8.20687702265373,7.96965209891133,7.51155260574715,6.21641147013019,6.9332895353857,0.992,0.9,TRUE,FALSE,Trivino III,FALSE
642152,2025,"Trivino III, Lou",65,33.2331576446825,33.9907692307692,7.4666317016317,5.63450605931109,6.42507310990193,10.4790693365688,11.1863224957512,0.988,0.944,TRUE,FALSE,Trivino III,FALSE
642203,2021,"Widener, Taylor",80,15.3638550661942,34.2625,7.02311948297604,5.03678696255863,5.76279915944818,4.50590538138362,4.98915983303866,0.933,0.839,TRUE,FALSE,Widener,FALSE
642207,2020,"Williams, Devin",90,58.0073231638606,25.92,12.0284126984127,10.9374620713323,10.1955591512177,13.3171753885027,11.4550431627506,0.802,0.976,TRUE,FALSE,Williams,FALSE
642207,2021,"Williams, Devin",319,53.4459651788563,22.9181818181818,11.5843205669892,1.40104100893153,0.326464569684169,4.80706246240786,3.97761114100751,0.79,0.995,FALSE,FALSE,Williams,FALSE
642207,2022,"Williams, Devin",314,55.1515832813237,20.9968152866242,10.4772913341025,1.09014684020759,-0.132305280060588,0.298538314130093,-0.670176320768543,0.861,0.989,TRUE,FALSE,Williams,FALSE
642207,2023,"Williams, Devin",286,57.4541857856321,18.2234265734266,10.4072009072009,0.841029200559336,1.1790300864375,-0.186182012477327,-0.445289867762841,0.905,0.965,TRUE,FALSE,Williams,FALSE
642207,2024,"Williams, Devin",84,55.5784791773653,17.2488095238095,10.184370015949,6.48912380332355,6.84267162527284,8.45171273197535,7.89236653302382,0.901,0.961,TRUE,FALSE,Williams,FALSE
642207,2025,"Williams, Devin",319,54.9814141527467,15.4996865203762,10.4064159619795,-4.39905955291589,-5.02890531717001,-4.66263799332175,-5.02316510459872,0.871,0.971,TRUE,FALSE,Williams,FALSE
642207,2026,"Williams, Devin",180,47.5100639015125,13.4144444444444,10.0008333333333,-0.342720297036894,-0.719776983429306,0.713563700340718,-0.0432838901599749,0.934,0.953,TRUE,FALSE,Williams,FALSE
642216,2023,"Winans, Allan",89,20.9617959104413,31.7168539325843,7.01950374531835,4.57874258380275,4.66990858573942,6.81865742325206,6.42313927042871,0.775,0.921,FALSE,FALSE,Winans,FALSE
642232,2020,"Yarbrough, Ryan",89,25.1763242410753,23.2191011235955,8.47225182439477,9.36968176271479,9.83122375975667,6.48905021043667,6.916824673044,0.948,0.976,TRUE,FALSE,Yarbrough,FALSE
642232,2021,"Yarbrough, Ryan",332,25.2596703499802,27.2734939759036,8.01762398430933,0.118481510751298,0.409125016860255,-3.38867565745761,-3.06916320476724,0.93,0.966,TRUE,FALSE,Yarbrough,FALSE
642232,2022,"Yarbrough, Ryan",176,24.5122794687177,23.5772727272727,8.07251700071582,-6.53822515719219,-6.21369772645711,-5.15808891732723,-4.91069419658363,0.934,0.969,TRUE,FALSE,Yarbrough,FALSE
642232,2023,"Yarbrough, Ryan",140,24.1743227684314,21.4207142857143,8.63165584415585,2.1516756224145,2.79720423251198,2.10339743842045,3.20824646402504,0.95,0.973,TRUE,FALSE,Yarbrough,FALSE
642232,2024,"Yarbrough, Ryan",131,26.94603247384,12.524427480916,9.33408612991502,-3.29151825900821,-4.6297611544939,1.36709611474147,0.777252443983825,0.917,0.983,TRUE,FALSE,Yarbrough,FALSE
642232,2025,"Yarbrough, Ryan",96,32.7516139150771,11.1864583333333,10.329920212766,10.6557141106939,8.7870675807642,7.7481889594386,6.42081504879551,0.921,0.99,TRUE,FALSE,Yarbrough,FALSE
642232,2026,"Yarbrough, Ryan",91,31.0564469912573,18.2967032967033,9.59903954313403,2.01444121437938,0.876884475339441,2.12165651095763,2.75870243221897,0.933,0.986,TRUE,FALSE,Yarbrough,FALSE
642528,2026,"Loáisiga, Jonathan",98,18.9322990337565,43.9102040816327,6.28318452380953,-1.01030784627182,-2.70240788824053,5.87886161883116,3.78805421874283,0.948,0.874,TRUE,FALSE,Loáisiga,FALSE
642545,2022,"Barria, Jaime",81,29.0901629671323,47.3222222222222,7.03879142300194,-1.11699712896886,-0.836620203034194,2.27494614612781,2.48123342479422,0.986,0.847,TRUE,TRUE,Barria,FALSE
642545,2023,"Barria, Jaime",82,32.8691101760394,47.7987804878049,8.51987087517935,-2.53656778170854,-2.46919100443854,4.07930928106808,4.71558309585661,0.993,0.915,TRUE,TRUE,Barria,FALSE
642547,2021,"Peralta, Freddy",81,26.4738852687936,35.7728395061728,5.18192848020434,3.53428063185857,2.4261925839543,4.95226702508403,4.18494257697274,0.934,0.861,TRUE,FALSE,Peralta,FALSE
642547,2022,"Peralta, Freddy",66,30.8908696877503,31.5939393939394,6.71807781720299,9.09524813466792,8.46492428435269,14.4905106597854,13.4158056877304,0.962,0.901,TRUE,FALSE,Peralta,FALSE
642547,2023,"Peralta, Freddy",189,27.7553571430449,33.9238095238095,5.89789051661041,2.70737028036415,2.08798292942635,4.95901984676044,4.0164022978399,0.937,0.87,TRUE,FALSE,Peralta,FALSE
642547,2024,"Peralta, Freddy",252,31.4580613080145,32.0019841269841,6.71993362193362,4.43892847494322,4.38885338949449,1.920671959282,1.42272277954726,0.903,0.89,TRUE,FALSE,Peralta,FALSE
642547,2025,"Peralta, Freddy",307,37.9413701325535,31.5921824104235,5.86770292212597,0.419229502784337,0.0035902071550017,2.12324355828876,1.12384110763419,0.879,0.857,TRUE,FALSE,Peralta,FALSE
642547,2026,"Peralta, Freddy",217,38.739692752164,25.6290322580645,6.86493116436802,-4.78492828319242,-4.88465005639479,-2.78903576782195,-2.72287040409486,0.928,0.876,TRUE,FALSE,Peralta,FALSE
642701,2021,"Santana, Dennis",91,3.405206523527,35.1494505494506,8.45638990638991,5.57732408977534,5.76939141602674,5.44336190236676,5.65501762893903,0.9,0.912,TRUE,FALSE,Santana,FALSE
642701,2022,"Santana, Dennis",67,4.70366264458429,29.7373134328358,7.67896455223881,-8.96254302818159,-8.43002140748429,-10.4054608007682,-9.82631588932917,0.952,0.938,TRUE,FALSE,Santana,FALSE
642758,2022,"Acevedo, Domingo",133,21.7322545787937,27.0451127819549,6.17258394212481,0.528976212878986,0.0884785453393703,3.87895451861533,3.53027158221751,0.96,0.958,TRUE,FALSE,Acevedo,FALSE
643361,2023,"Herget, Kevin",86,28.1727965886567,48.3523255813954,8.99368321810182,-5.38137380593571,-5.42409012633755,-2.47430754394466,-3.14067336481992,0.983,0.942,TRUE,TRUE,Herget,FALSE
643377,2021,"Jax, Griffin",86,7.75632545082873,43.1941860465116,5.77023573299468,1.91202072361522,2.6728549873697,1.61294379441806,0.423455656684244,0.988,0.975,TRUE,FALSE,Jax,FALSE
643377,2022,"Jax, Griffin",80,13.8647290663447,43.15875,5.54114583333333,3.24656139899565,3.8143432629518,2.46494380964285,2.49318465413805,0.901,0.922,TRUE,FALSE,Jax,FALSE
643377,2024,"Jax, Griffin",104,20.3745415571124,46.5355769230769,4.78534615384615,6.93451152606987,5.48885095669319,9.22979513048874,7.68288456726347,0.751,0.824,FALSE,TRUE,Jax,FALSE
643377,2025,"Jax, Griffin",142,20.6970755853868,44.8781690140845,4.71104980397851,5.99495378227889,5.35146801601906,5.4225876392297,4.08169688081896,0.762,0.819,FALSE,TRUE,Jax,FALSE
643377,2026,"Jax, Griffin",183,16.2414042199353,44.9491803278689,5.09639056658039,5.49485403152581,3.34446772572737,3.10124208031605,1.85671839957923,0.803,0.869,TRUE,TRUE,Jax,FALSE
645261,2021,"Alcantara, Sandy",423,6.05130819077481,37.1716312056738,6.2019043473337,-1.2391307154966,-1.08288177587891,0.195253199773767,1.32672080658833,0.881,0.906,TRUE,FALSE,Alcantara,FALSE
645261,2022,"Alcantara, Sandy",506,5.82567089821682,35.4286561264822,6.09908163704232,3.86682613868117,4.09604669268184,2.41941784871197,2.86173022883923,0.902,0.939,TRUE,FALSE,Alcantara,FALSE
645261,2023,"Alcantara, Sandy",429,7.69251179894135,34.4955710955711,6.78105279600125,-1.22883024952835,-0.948161917929941,-5.5437821678037,-4.9859385769998,0.903,0.936,TRUE,FALSE,Alcantara,FALSE
645261,2025,"Alcantara, Sandy",369,7.80111382168245,32.4409214092141,7.3730179847253,-3.8075797766903,-3.67885574891025,-5.67708772119326,-5.92868119682212,0.94,0.97,TRUE,FALSE,Alcantara,FALSE
645261,2026,"Alcantara, Sandy",272,10.2966514139706,33.2125,6.41384580597615,-2.07820620714338,-2.40413259640673,-3.8325262995282,-3.91671198222772,0.886,0.951,TRUE,FALSE,Alcantara,FALSE
647336,2025,"Soroka, Michael",63,16.8875912013782,33.7333333333333,9.16184300809662,-12.9930654795875,-11.3443671558026,-2.29662370873242,-2.30113278076427,0.94,0.857,TRUE,FALSE,Soroka,FALSE
647336,2026,"Soroka, Michael",79,18.4651201441398,25.8670886075949,7.65719053489281,-9.34537158057791,-8.55726264980297,-4.68007146537487,-4.98754023392074,0.86,0.806,TRUE,FALSE,Soroka,FALSE
650633,2023,"King, Michael",131,25.484634265665,27.9022900763359,7.47148044747272,7.93702658447276,9.02096221496528,8.6703831485011,9.14765552132182,0.984,0.834,TRUE,FALSE,King,FALSE
650633,2024,"King, Michael",419,27.8091767688522,24.5835322195704,6.94201670644391,3.46121610603385,3.63836821329524,6.30574036049218,6.31379419054152,0.95,0.815,TRUE,FALSE,King,FALSE
650633,2025,"King, Michael",150,30.8998725961579,19.8693333333333,6.94201346801347,-4.68530061077402,-3.74217840253918,1.11450394863602,1.45058249621142,0.967,0.848,TRUE,FALSE,King,FALSE
650633,2026,"King, Michael",307,27.949907761807,18.8416938110749,7.6738243735744,-1.35026339563718,-0.266584898837782,1.91893031140371,1.83715186418638,0.978,0.831,TRUE,FALSE,King,FALSE
650893,2021,"Cabrera, Génesis",103,14.2746108358229,48.7233009708738,7.9088027090801,2.33530274493741,1.78391071731293,-1.91885769096834,-3.25006661579281,0.989,0.988,TRUE,TRUE,Cabrera,FALSE
650893,2022,"Cabrera, Génesis",64,16.4523093749271,45.2640625,5.85037202380952,10.1271572415873,9.98353086265076,5.53918311117073,5.6967472927257,0.966,0.982,TRUE,TRUE,Cabrera,FALSE
656061,2023,"Abreu, Albert",63,24.8832164169547,37.1888888888889,8.65007680491551,-8.5288388994805,-8.32060559977394,-8.79129430928608,-9.1066284705915,0.995,0.995,TRUE,FALSE,Abreu,FALSE
656186,2025,"Altavilla, Dan",63,20.4067643662572,21.7603174603175,4.06864751410206,-0.904270410186153,0.273358179031403,5.00378298468482,5.87933950514547,0.893,0.951,TRUE,FALSE,Altavilla,FALSE
656222,2020,"Beeks, Jalen",70,12.7653887043912,49.9985714285714,5.07268907563025,-0.763478541775845,-2.37390179862777,-4.70911448572434,-5.38337866014156,0.907,0.983,TRUE,TRUE,Beeks,FALSE
656222,2022,"Beeks, Jalen",233,14.6898900083152,48.0351931330472,4.64114907247954,-1.02949552252983,-0.893591160262929,-1.34865198865472,-1.99369051678559,0.877,0.947,TRUE,TRUE,Beeks,FALSE
656222,2023,"Beeks, Jalen",145,21.6076925899309,47.4565517241379,4.67544567338972,0.320816472642651,-0.708010176601779,1.47342997616872,0.731490881600596,0.891,0.897,TRUE,TRUE,Beeks,FALSE
656222,2024,"Beeks, Jalen",124,21.3073061066054,46.8104838709678,5.52155848612609,13.3499032288569,12.3818439804287,4.92081366908631,4.61981569681252,0.928,0.945,TRUE,TRUE,Beeks,FALSE
656222,2025,"Beeks, Jalen",165,19.5830181122081,46.5709090909091,5.44339015151515,8.2964092389523,6.84367028903367,3.45706675168719,3.37656748149091,0.918,0.939,TRUE,TRUE,Beeks,FALSE
656222,2026,"Beeks, Jalen",75,21.804005840514,42.556,5.42353623188406,10.1554148449572,10.3381774369315,10.8418310967818,10.8478632071663,0.9,0.917,TRUE,FALSE,Beeks,FALSE
656232,2023,"Bielak, Brandon",196,19.2755782540361,43.5091836734694,5.06890276110445,6.19948708518701,6.01864091460071,7.07925284733728,6.63586150104603,0.876,0.747,FALSE,FALSE,Bielak,FALSE
656232,2024,"Bielak, Brandon",70,20.0964275089208,43.7771428571429,4.49817733990148,-1.71148755044277,-2.50998056424218,-3.74479488060866,-3.86684566215585,0.823,0.755,FALSE,FALSE,Bielak,FALSE
656271,2022,"Burke, Brock",95,10.9455029335138,38.6189473684211,6.81717691505993,0.571264986287773,2.1827965285908,3.99993439525569,5.62967125096022,0.929,0.964,TRUE,FALSE,Burke,FALSE
656271,2025,"Burke, Brock",129,11.3928742763173,37.6542635658915,7.35193798449613,-8.2143066302744,-6.18749994972684,-3.35875897318738,-2.82751645491874,0.777,0.926,FALSE,FALSE,Burke,FALSE
656271,2026,"Burke, Brock",69,13.176863943734,38.1260869565217,8.67232268821341,-4.58497974716167,-2.31101115396706,-3.40791105852628,-2.0367934742551,0.804,0.925,TRUE,FALSE,Burke,FALSE
656288,2021,"Canning, Griffin",132,24.1292406010953,45.9022727272727,4.44111807732497,4.80574367486809,4.02352442880591,10.3161973519252,8.99478300549494,0.947,0.984,TRUE,TRUE,Canning,FALSE
656288,2023,"Canning, Griffin",265,24.7154930826018,41.1460377358491,4.50165276764307,-4.62944599281934,-4.46623487900925,1.26483808826781,1.32697626904046,0.882,0.952,TRUE,FALSE,Canning,FALSE
656288,2024,"Canning, Griffin",438,25.8653716157417,40.5520547945206,4.79863867994242,0.261391895187454,0.314815774393908,2.97651887971326,2.91750622147354,0.899,0.966,TRUE,FALSE,Canning,FALSE
656288,2025,"Canning, Griffin",172,29.4213568275771,38.1505813953488,4.49769293438009,-9.69101874498824,-8.87606576716697,-2.90542932993699,-2.61700197433829,0.859,0.935,TRUE,FALSE,Canning,FALSE
656288,2026,"Canning, Griffin",141,29.6671179202277,35.7368794326241,4.31288733399972,-8.56340625190487,-7.0537453331168,-3.6590773589232,-3.15658015475881,0.896,0.933,TRUE,FALSE,Canning,FALSE
656302,2021,"Cease, Dylan",83,7.6983308729944,61.1590361445783,18.9446005588083,6.03315186784063,4.84337633007604,6.70103218861414,5.94135015985665,0.866,0.9,TRUE,TRUE,Cease,TRUE
656302,2026,"Cease, Dylan",84,4.76045044767499,59.6619047619048,15.0252857142857,11.3289145393134,10.6065661959743,13.67649087348,11.0246397974864,0.915,0.911,TRUE,TRUE,Cease,TRUE
656354,2022,"Davis, Austin",91,15.5410378555876,35.7131868131868,7.64426028516937,9.73895268557017,10.4766679368429,7.94199704129826,9.82081173622679,0.979,0.904,TRUE,FALSE,Davis,FALSE
656412,2022,"Faedo, Alex",61,21.89153195019,41.0540983606557,6.60862864435065,-7.62844052498775,-6.44616060694829,-1.60413886989008,-0.187758954880475,0.993,0.994,TRUE,FALSE,Faedo,FALSE
656412,2023,"Faedo, Alex",64,23.5790336106972,27.446875,6.89698705179283,-11.4343897363795,-8.86193413146911,-9.31005336280933,-7.93205678172952,0.966,0.927,TRUE,FALSE,Faedo,FALSE
656412,2024,"Faedo, Alex",97,31.3418253990114,27.8536082474227,4.77598870056497,-5.15243457095855,-3.54714152258778,-7.46120752542173,-5.96203739072365,0.867,0.911,TRUE,FALSE,Faedo,FALSE
656420,2021,"Feyereisen, J.P.",104,36.3348382765925,38.7365384615385,5.54495003028468,3.93754477725815,3.92677515393978,-3.46184850773155,-2.29768947282428,0.899,0.939,TRUE,FALSE,Feyereisen,FALSE
656492,2026,"Griffin, Foster",89,17.5786513759302,43.1943820224719,9.22693439194697,3.77457983837509,3.37897534616033,7.15119000820652,7.0101284137866,0.898,0.917,TRUE,FALSE,Griffin,FALSE
656578,2023,"Jackson, Andre",195,34.3955610904949,51.2507692307692,7.98128320110383,-0.311190707203334,-3.49635023172675,2.72224357132638,-0.250548249456574,0.923,0.995,TRUE,TRUE,Jackson,FALSE
656605,2022,"Keller, Mitch",75,23.5798428688282,43.656,4.64751865222624,-12.7800376371869,-13.0934914780896,-8.9059946860548,-9.07973452180875,0.962,0.845,TRUE,FALSE,Keller,FALSE
656605,2025,"Keller, Mitch",101,22.9852120697091,39.2366336633663,4.82478716340102,-11.3082375707469,-11.0558843288264,-5.25716449442484,-5.07516305433096,0.716,0.858,FALSE,FALSE,Keller,FALSE
656605,2026,"Keller, Mitch",79,19.4744261748148,36.6430379746836,4.54831663150492,-0.901965467700143,-0.783357331872211,2.71707328573179,3.02061910636177,0.848,0.859,TRUE,FALSE,Keller,FALSE
656638,2026,"Lange, Alex",81,22.3553676627418,39.1555555555556,5.06523873270861,-0.309535697382773,-0.437247410075108,3.55004958505078,3.27984608145351,0.918,0.895,TRUE,FALSE,Lange,FALSE
656641,2024,"Latz, Jacob",108,24.9083449191062,48.9648148148148,8.9922056384743,4.79191221649202,2.45535732392726,0.589446097464893,-0.32085620272881,0.973,0.96,TRUE,TRUE,Latz,FALSE
656641,2025,"Latz, Jacob",167,25.5219581594729,47.1520958083832,9.50071419205385,7.38452953968341,5.40400198582968,5.07859153156485,3.36616159149637,0.97,0.98,TRUE,TRUE,Latz,FALSE
656641,2026,"Latz, Jacob",71,23.8884720517881,49.7394366197183,8.64626577431493,10.865882606802,8.28627075756823,7.83104336017795,6.28080123089611,0.983,0.99,TRUE,TRUE,Latz,FALSE
656657,2022,"Logue, Zach",72,17.8686710500333,16.5333333333333,8.175,-2.4997235629273,-0.614801737303598,0.412977504012132,0.63544171413763,0.893,0.916,TRUE,FALSE,Logue,FALSE
656731,2021,"Megill, Tylor",185,13.0181645586942,35.5816216216216,9.32051336252454,0.108729601828342,1.85070084242294,-0.0738859374526365,1.15426986761636,0.982,0.965,TRUE,FALSE,Megill,FALSE
656731,2022,"Megill, Tylor",67,16.3947227545499,33.4388059701493,6.79179795467109,-8.55295707027462,-7.41702235887265,-2.93174164599436,-1.73834066215376,0.966,0.895,TRUE,FALSE,Megill,FALSE
656731,2023,"Megill, Tylor",148,16.5789344729213,38.7141891891892,7.19831679505593,-7.27475007681863,-6.407705568831,-3.45478252070082,-2.62681791291555,0.922,0.893,TRUE,FALSE,Megill,FALSE
656756,2020,"Montgomery, Jordan",75,13.4539835656159,51.3506666666667,9.18747417840376,0.908036230593483,0.983067763210922,0.938486492846834,0.563333393580467,0.996,0.891,TRUE,TRUE,Montgomery,FALSE
656756,2021,"Montgomery, Jordan",357,12.6486233504425,52.0854341736695,9.96516634955869,3.32962709964352,3.07846714527977,4.97986850251523,4.71115702104681,0.993,0.869,TRUE,TRUE,Montgomery,FALSE
656756,2022,"Montgomery, Jordan",324,13.5719148898627,42.6888888888889,10.5983117905377,6.37265395291689,6.47303592605103,6.51584224241022,7.68647877396399,0.955,0.829,TRUE,FALSE,Montgomery,FALSE
656756,2023,"Montgomery, Jordan",338,15.3818210408644,47.4180473372781,9.70321164080236,5.47551894354187,5.87936290771732,6.01915686938979,6.30153635386536,0.976,0.811,TRUE,TRUE,Montgomery,FALSE
656756,2024,"Montgomery, Jordan",189,13.7419072438995,46.3740740740741,9.01395901064576,5.41677341528849,5.87795022394536,3.96399800274972,4.90813451543798,0.979,0.806,TRUE,TRUE,Montgomery,FALSE
656793,2021,"Nelson, Nick",60,35.9469885842413,47.645,7.36342490842491,-3.84781020583831,-6.54836458537663,-2.11859403733343,-3.97232021348012,0.993,0.965,TRUE,TRUE,Nelson,FALSE
656793,2022,"Nelson, Nick",161,40.6439354341618,44.7683229813665,8.27739495798319,-0.44805036666617,-1.58385425724751,3.51756814329932,2.52961577442926,0.974,0.956,TRUE,TRUE,Nelson,FALSE
656849,2021,"Peterson, David",84,22.5084359866455,40.3952380952381,8.81670995670996,-11.2006284443132,-11.0193011296848,-14.1715351213709,-12.7374170777198,0.988,0.95,TRUE,FALSE,Peterson,FALSE
656849,2022,"Peterson, David",112,19.2680166893229,37.08125,7.69958926066921,-7.07442068933486,-7.29870845589145,-8.79983974971097,-7.29311430195425,0.989,0.878,TRUE,FALSE,Peterson,FALSE
656849,2023,"Peterson, David",179,20.9020516135707,41.5854748603352,7.38066728739914,1.73188220499031,2.18294783552106,2.71484213553935,3.27154793848718,0.951,0.815,TRUE,FALSE,Peterson,FALSE
656849,2024,"Peterson, David",144,21.5859085174894,42.09375,8.32850333785925,-3.84424049809285,-3.38192272731347,-6.46131262993212,-5.43290061121013,0.923,0.81,TRUE,FALSE,Peterson,FALSE
656849,2025,"Peterson, David",212,21.3165829260062,41.6924528301887,7.72674520479364,-6.68023697680955,-5.84325377762815,-4.68796178667618,-3.90686094477915,0.915,0.717,FALSE,FALSE,Peterson,FALSE
656849,2026,"Peterson, David",90,24.7573934524132,41.6,6.6372972972973,-6.37441600072953,-5.08907572066061,-6.94741341359353,-6.12382470428295,0.857,0.657,FALSE,FALSE,Peterson,FALSE
656876,2026,"Rasmussen, Drew",105,39.5852906714014,50.3180952380953,5.91286521388216,1.7070885251698,-0.719928838961407,-1.00674961477172,-2.95293742250496,0.694,0.882,FALSE,TRUE,Rasmussen,FALSE
656970,2022,"Smeltzer, Devin",160,16.3225084367565,35.379375,7.16531250000001,-6.41549520927913,-5.41988570815138,-1.8011764422649,-1.30411585697643,0.893,0.949,TRUE,FALSE,Smeltzer,FALSE
657097,2021,"Webb, Jacob",152,24.2613162379177,37.8631578947368,10.4488194299979,5.79518139801344,5.33453179022075,0.284043823209287,0.273482720074287,0.969,0.97,TRUE,FALSE,Webb,FALSE
657097,2023,"Webb, Jacob",132,22.6104239286149,36.8772727272727,8.96477773327994,1.17313742083158,2.75447999535343,3.31377407713369,3.29033015426104,0.995,0.88,TRUE,FALSE,Webb,FALSE
657097,2024,"Webb, Jacob",138,21.6183228919898,33.3115942028986,9.24148682317437,0.882762195247814,0.990033582332437,6.25814932992347,5.80703141201706,0.996,0.881,TRUE,FALSE,Webb,FALSE
657097,2025,"Webb, Jacob",190,19.2255661763381,35.4326315789474,8.47083484573503,2.14422493654102,3.09522504639733,3.24396761527468,3.35055410140449,0.994,0.875,TRUE,FALSE,Webb,FALSE
657097,2026,"Webb, Jacob",178,22.0036268557847,33.2522471910112,8.58125800971597,7.81786298329628,7.77177853909478,12.8224440969321,12.2931948325618,0.995,0.887,TRUE,FALSE,Webb,FALSE
657140,2022,"Wright, Kyle",204,19.5193705068657,26.2308823529412,6.89112716653393,-0.477697177164365,-0.148041729199737,6.42970967294664,6.7995752968184,0.942,0.832,TRUE,FALSE,Wright,FALSE
657248,2022,"Otto Jr., Glenn",84,17.3228634850555,44.9785714285714,4.0879917184265,-9.64255934384036,-11.1145687879594,-6.85483767340854,-8.00551006354213,0.983,0.768,FALSE,TRUE,Otto Jr.,FALSE
657277,2020,"Webb, Logan",83,32.4318886902411,24.9048192771084,8.49197657503078,-3.3910992852823,-2.30985936580584,-1.07974706897182,-1.07146332995413,0.868,0.825,TRUE,FALSE,Webb,FALSE
657277,2021,"Webb, Logan",256,36.3257689272578,19.56796875,7.03840962441315,-0.497965207819708,-0.246670122675259,-0.449085711943285,-0.398433357231093,0.788,0.778,FALSE,FALSE,Webb,FALSE
657277,2022,"Webb, Logan",535,25.7675942529914,12.592523364486,5.85952637414858,1.47728732823732,0.0962844888142832,1.43229364804114,1.40468613190771,0.737,0.781,FALSE,FALSE,Webb,FALSE
657277,2023,"Webb, Logan",800,19.393802688403,20.29175,5.19333653846153,-1.76013789472076,-1.43731288381873,-0.941014812280088,-0.50534628670943,0.864,0.842,TRUE,FALSE,Webb,FALSE
657277,2024,"Webb, Logan",588,31.259791572685,19.3651360544218,5.26467996289424,-4.70020608348703,-4.26263793866929,-6.16370824891719,-5.71181233926046,0.822,0.759,FALSE,FALSE,Webb,FALSE
657277,2025,"Webb, Logan",449,33.3110877766939,19.2730512249443,6.291469415238,1.89155875946906,2.02558456217505,1.43077441220255,1.40988970847414,0.767,0.76,FALSE,FALSE,Webb,FALSE
657277,2026,"Webb, Logan",239,35.7124964126701,16.6702928870293,6.3556407148164,-0.661562880341966,-0.851530066883071,-2.59969386061255,-2.30203101387691,0.808,0.758,FALSE,FALSE,Webb,FALSE
657746,2022,"Ryan, Joe",119,23.2000914961456,25.6168067226891,7.35266086936168,-7.19983690453731,-5.53789189733227,-4.38520735320553,-4.58807608658535,0.994,0.963,TRUE,FALSE,Ryan,FALSE
657756,2023,"Seabold, Connor",88,50.1682286622445,25.0147727272727,11.9025558023621,-6.82872369726021,-7.24045564770279,-5.19153248912055,-5.2682354201054,0.881,0.99,TRUE,FALSE,Seabold,FALSE
658551,2021,"Fernández, Junior",64,20.8267677628279,32.5609375,8.35133928571428,5.2275705490007,5.77042024607731,5.09055644007045,4.4710702281979,0.914,0.967,TRUE,FALSE,Fernández,FALSE
658648,2023,"Avila, Pedro",123,24.3313233690607,41.0682926829268,10.2431013868962,8.48990354206079,7.81048732156592,3.7020414487297,4.45565426952787,0.255,0.79,FALSE,FALSE,Avila,FALSE
658648,2024,"Avila, Pedro",190,33.7311061181065,44.8978947368421,10.020820405444,1.3184642482907,0.961485756622032,-2.95089331382304,-2.23244335777269,0.245,0.756,FALSE,TRUE,Avila,FALSE
660365,2021,"Yang, Hyeon-Jong",81,19.2157035495476,61.2592592592593,8.51435014350143,-6.07138773642986,-9.53291118677751,-5.12848048931191,-7.59663145537847,0.895,0.872,TRUE,TRUE,Yang,FALSE
660604,2026,"Rangel, Alan",92,21.4757658707746,71.4152173913044,12.192238991969,-1.42820964375697,-3.32011328393389,-2.52150135476072,-5.12170511813554,0.915,0.968,TRUE,TRUE,Rangel,FALSE
660761,2021,"Suarez, José",244,14.3106283583873,33.5959016393443,10.641762295082,8.79646336865718,8.05596403259829,5.60851544333809,5.77790216308417,0.816,0.902,TRUE,FALSE,Suarez,FALSE
660761,2022,"Suarez, José",255,15.7854842876074,30.9164705882353,10.2919037960012,1.13411836370632,1.56696415866853,1.79673338307196,2.15198050380903,0.884,0.922,TRUE,FALSE,Suarez,FALSE
660761,2023,"Suarez, José",88,15.5145619183083,35.4931818181818,10.3803351309707,5.18730730798901,5.46962305035544,7.36019574688991,7.4351884516329,0.889,0.914,TRUE,FALSE,Suarez,FALSE
660761,2024,"Suarez, José",123,15.8046902731663,40.4861788617886,9.95672532674694,1.41838539140158,1.45217983828972,-4.60154232502448,-4.01409108334008,0.864,0.909,TRUE,FALSE,Suarez,FALSE
660761,2026,"Suarez, José",131,17.6646373601724,42.8290076335878,9.81218850545707,8.36483878760496,7.50012344625571,1.40145378329306,0.559325948864629,0.804,0.884,TRUE,FALSE,Suarez,FALSE
660787,2025,"De los Santos, Yerry",83,11.9710804451452,30.6771084337349,6.99512511584801,5.77349315867624,6.35445600365614,5.0899746583078,5.10677408816433,0.884,0.987,TRUE,FALSE,De los Santos,FALSE
660853,2025,"De Los Santos, Enyel",93,7.75033587528644,27.8709677419355,8.45814814814814,-1.40561959058693,-0.877164560527541,1.37086502540334,2.53173855897761,0.962,0.884,TRUE,FALSE,De Los Santos,FALSE
660853,2026,"De Los Santos, Enyel",108,6.74050620494974,29.1592592592593,9.37847356026547,5.7238833460645,6.99599394174612,8.14937930854585,8.85875091489387,0.973,0.919,TRUE,FALSE,De Los Santos,FALSE
660896,2021,"Alcala, Jorge",60,12.5527626619912,36.8266666666667,7.15370370370371,4.27341335262608,4.47867307751175,3.1024890046349,4.35489083626441,0.971,0.957,TRUE,FALSE,Alcala,FALSE
661269,2021,"Gutierrez, Vladimir",116,19.994376061988,41.7008620689655,11.741720151485,-0.790052558081829,-1.81332326615717,-0.88795823677079,-1.80642107861714,0.974,0.917,TRUE,FALSE,Gutierrez,FALSE
661309,2022,"Martinez, Adrián",163,42.374157571416,17.5760736196319,9.86945783686499,-0.703712815171749,0.109233624952634,-2.15815798166939,-2.61929039188838,0.74,0.98,FALSE,FALSE,Martinez,FALSE
661309,2023,"Martinez, Adrián",127,50.0978546783474,19.0236220472441,11.1371403071874,-2.89944166859457,-2.58459894572912,-3.88397879607542,-4.5797016627104,0.737,0.978,FALSE,FALSE,Martinez,FALSE
661563,2024,"Gil, Luis",272,23.1923365719582,27.6397058823529,4.9403053253634,-7.15498374578166,-4.55607041978918,-4.01935785620522,-3.27535295706401,0.884,0.842,TRUE,FALSE,Gil,FALSE
661563,2025,"Gil, Luis",93,24.9906293889754,23.0279569892473,4.53167553599195,-14.115396636073,-10.2065706247986,-5.23271357867062,-4.15386485315433,0.847,0.768,FALSE,FALSE,Gil,FALSE
663158,2022,"Suarez, Robert",83,23.9249162971387,39.7771084337349,8.5107817634173,-0.372093222907233,1.07577032162719,2.31442747708961,3.48308958106091,0.974,0.937,TRUE,FALSE,Suarez,FALSE
663158,2023,"Suarez, Robert",63,22.0819661157286,42.9206349206349,7.81106496862311,1.74832032220442,1.6012442740955,0.961492103750347,1.30555879703496,0.967,0.952,TRUE,FALSE,Suarez,FALSE
663158,2025,"Suarez, Robert",125,26.4376992447149,42.0848,8.31543695014663,-9.37762216171932,-9.46810688541202,-7.86843804518574,-7.53827541094671,0.934,0.945,TRUE,FALSE,Suarez,FALSE
663158,2026,"Suarez, Robert",88,27.3338995424148,41.5386363636364,8.02816227889758,-3.05394102078096,-2.65524800488525,0.70466627620309,1.5585117931432,0.946,0.918,TRUE,FALSE,Suarez,FALSE
663372,2024,"Feltner, Ryan",218,5.38904355544484,42.9344036697248,9.36103342141465,5.65701108005513,3.11935739550601,7.24654317513349,6.64450919319966,0.669,0.826,FALSE,FALSE,Feltner,FALSE
663372,2026,"Feltner, Ryan",97,5.77833958132408,46.5546391752577,9.22291278023236,15.4172733710972,12.2631487239807,14.943888951047,14.1586278941003,0.687,0.81,FALSE,TRUE,Feltner,FALSE
663436,2024,"Martin, Davis",93,27.3155866488957,36.5462365591398,4.33456100245534,-8.80787175037856,-8.31855172795643,-2.56666250686932,-3.21638234383299,0.697,0.845,FALSE,FALSE,Martin,FALSE
663436,2025,"Martin, Davis",296,23.620509258289,36.6081081081081,3.68331260068015,-9.22220568792871,-8.49804610694087,-7.35649344557795,-6.62554809985067,0.707,0.84,FALSE,FALSE,Martin,FALSE
663436,2026,"Martin, Davis",138,25.4059852572052,33.7659420289855,3.78502218278615,-12.5907131202802,-12.121975222476,-9.13592161828335,-8.59390965959523,0.676,0.807,FALSE,FALSE,Martin,FALSE
663455,2022,"Pilkington, Konnor",105,22.0536015266524,36.2942857142857,7.65823542163451,5.80931873757268,7.03898313113689,3.76094284414522,4.90166746392042,0.977,0.952,TRUE,FALSE,Pilkington,FALSE
663460,2020,"Bubic, Kris",83,35.012863985002,42.3228915662651,11.8485339377311,5.29720200257236,6.26193315472862,7.99359607081802,8.91229415485703,0.99,0.914,TRUE,FALSE,Bubic,FALSE
663460,2021,"Bubic, Kris",374,31.5385079763675,42.3205882352941,10.8365230357877,-3.07794093584554,-2.97449736212507,-1.07338435232826,-1.33938411484298,0.965,0.911,TRUE,FALSE,Bubic,FALSE
663460,2022,"Bubic, Kris",325,33.4146698626917,37.2483076923077,11.0931007887818,-5.56236379796939,-4.52133884595965,-2.47372845619503,-2.04579150210226,0.988,0.942,TRUE,FALSE,Bubic,FALSE
663460,2025,"Bubic, Kris",211,35.301676545013,36.3127962085308,6.64205052520717,5.88488729021883,6.09269379463937,5.83692304919634,5.96937710583583,0.742,0.846,FALSE,FALSE,Bubic,FALSE
663460,2026,"Bubic, Kris",90,38.6703783186855,37.4244444444444,5.89860279441118,0.963250096131576,1.06809167098676,5.23194639620437,5.39279314692499,0.694,0.803,FALSE,FALSE,Bubic,FALSE
663465,2021,"Allard, Kolby",149,21.6501307989838,45.4718120805369,7.81601889540821,-1.87592795031178,-3.78863370860347,-1.05808028316107,-2.04146170098401,0.99,0.949,TRUE,TRUE,Allard,FALSE
663465,2024,"Allard, Kolby",64,26.7065365050557,46.5765625,8.13675847457627,-4.46708007423899,-5.68822312560254,0.398831184695515,-1.25811967787966,0.996,0.922,TRUE,TRUE,Allard,FALSE
663465,2025,"Allard, Kolby",110,27.5429488018327,44.4445454545455,8.54138350081795,-11.6759167386162,-13.0876420984559,-6.61692987406222,-8.25460675286472,0.994,0.932,TRUE,TRUE,Allard,FALSE
663556,2022,"McClanahan, Shane",336,26.3667895633315,36.9247023809524,8.98171424499104,4.82318144502914,4.98434566715652,1.88790341995491,2.84653648345468,0.985,0.992,TRUE,FALSE,McClanahan,FALSE
663556,2023,"McClanahan, Shane",245,25.6870171100879,41.8387755102041,9.77505918902994,13.8252649129134,13.0254350196412,11.3271810529074,11.4998513230376,0.986,0.993,TRUE,FALSE,McClanahan,FALSE
663556,2026,"McClanahan, Shane",223,32.630123779901,38.5739910313901,8.6445502596582,0.496839017187308,0.177360049239342,-2.85025923387476,-2.15754095017032,0.975,0.96,TRUE,FALSE,McClanahan,FALSE
663558,2022,"Morán, Jovani",150,24.5091106915154,46.416,10.0034051896208,11.6933386259042,11.3698218822887,7.32642202076431,7.00786022020206,0.853,0.919,TRUE,TRUE,Morán,FALSE
663558,2023,"Morán, Jovani",165,21.4114422395784,46.8654545454546,10.2334396597554,14.0740197137941,14.0939144885044,11.3235056084635,11.2275029702747,0.869,0.895,TRUE,TRUE,Morán,FALSE
663558,2026,"Morán, Jovani",115,29.4167832548375,44.6860869565217,9.46046583850932,13.6315697023064,13.3587296190973,13.9023778789239,13.371431440426,0.843,0.82,TRUE,TRUE,Morán,FALSE
663567,2023,"Lambert, Peter",150,21.287894654168,48.9486666666667,6.92292879256966,7.68887567118934,4.76850315316966,5.94106180941849,4.12650091078599,0.985,0.974,TRUE,TRUE,Lambert,FALSE
663567,2024,"Lambert, Peter",141,22.2089574940534,51.7276595744681,7.67238841785314,9.42558069271228,7.01123263871925,7.05173580857573,5.13638096900809,0.988,0.983,TRUE,TRUE,Lambert,FALSE
663567,2026,"Lambert, Peter",213,18.9277972515847,47.2253521126761,6.96115498385302,9.92428203472167,7.27893233989077,9.59883726375506,8.08459336348783,0.978,0.955,TRUE,TRUE,Lambert,FALSE
663568,2025,"Kolek, Stephen",85,18.1805949982693,30.1423529411765,6.49912511886972,-4.95763483796548,-5.31189599284633,-6.61578431231746,-7.72779631256976,0.721,0.88,FALSE,FALSE,Kolek,FALSE
663623,2025,"Irvin, Jake",117,9.12491439662772,26.4726495726496,6.6608790430257,-11.6278705409915,-10.4177954721554,-2.28644550767004,-1.5788268011822,0.792,0.859,FALSE,FALSE,Irvin,FALSE
663687,2023,"Harris, Hogan",95,32.5808312916098,44.7705263157895,12.4656781376518,4.3628760520471,3.65456378311632,8.89214603303378,8.31019634562076,0.972,0.982,TRUE,TRUE,Harris,FALSE
663687,2024,"Harris, Hogan",77,31.0727683351831,41.9454545454545,11.761186236444,-8.65731991492076,-8.73503131471359,-6.80524323202222,-7.37716579607438,0.972,0.993,TRUE,FALSE,Harris,FALSE
663687,2025,"Harris, Hogan",64,29.2791589295739,47.2609375,11.5047657472613,-11.920053132749,-10.8751778013061,-4.54146558518847,-5.04284641292012,0.992,0.983,TRUE,TRUE,Harris,FALSE
663738,2021,"Lynch IV, Daniel",100,30.4319842610361,40.522,9.12443025540274,3.08784011547992,4.4406903610852,2.99793335417395,4.6649109872221,0.995,0.912,TRUE,FALSE,Lynch IV,FALSE
663738,2022,"Lynch IV, Daniel",220,29.7469428217951,35.3459090909091,9.08067401195468,-2.87180754446668,-0.89464292847338,-1.36285794563948,0.454138387598162,0.991,0.897,TRUE,FALSE,Lynch IV,FALSE
663738,2023,"Lynch IV, Daniel",124,25.4271915307708,39.2258064516129,8.44753832408539,5.04838331403602,6.88913573695997,6.09358344034549,7.35490362465026,0.932,0.868,TRUE,FALSE,Lynch IV,FALSE
663738,2024,"Lynch IV, Daniel",69,25.6588904556934,33.4913043478261,8.21253881987578,2.90481762916135,4.67315684355676,7.82784598197421,8.53923499510765,0.952,0.94,TRUE,FALSE,Lynch IV,FALSE
663738,2025,"Lynch IV, Daniel",98,22.5159335968483,32.2214285714286,7.91956952821615,-4.38426258292598,-4.06207465745622,2.46357164467886,3.00641393253621,0.938,0.942,TRUE,FALSE,Lynch IV,FALSE
663738,2026,"Lynch IV, Daniel",91,24.1857208517924,35.9714285714286,8.87529104558808,-6.54136353411465,-4.97286258950673,-2.4893100211101,-1.33582677398755,0.917,0.933,TRUE,FALSE,Lynch IV,FALSE
663776,2021,"Sandoval, Patrick",236,39.759338637299,52.8330508474576,8.56186440677966,18.4598680536047,14.9677857516991,17.3542857258703,14.6935672117366,0.988,0.863,TRUE,TRUE,Sandoval,FALSE
663776,2022,"Sandoval, Patrick",302,38.4980633517058,46.4619205298013,9.42967971101746,10.7324439403052,9.43356426266548,10.3485961459128,9.73151783538799,0.989,0.884,TRUE,TRUE,Sandoval,FALSE
663776,2023,"Sandoval, Patrick",344,35.7833523765489,51.4587209302326,10.0439582380467,7.4083028705735,5.99726257994363,8.14793121580357,6.07643158715301,0.981,0.929,TRUE,TRUE,Sandoval,FALSE
663776,2024,"Sandoval, Patrick",212,36.5271660854506,50.0844339622642,10.7933757178015,4.2150798396076,3.54678781541484,2.54301237682532,0.538610848633574,0.981,0.939,TRUE,TRUE,Sandoval,FALSE
663804,2021,"Kowar, Jackson",75,40.5769297119128,40.9053333333333,9.41804530744337,3.82461584717854,4.51716131950694,-0.639329609114731,-0.459788633721371,0.865,0.991,TRUE,FALSE,Kowar,FALSE
663804,2022,"Kowar, Jackson",67,40.9464393344597,45.4149253731343,9.91670612454967,0.7861496422714,-0.606543270629601,-8.12963838930771,-9.14086423417177,0.753,0.989,FALSE,TRUE,Kowar,FALSE
663804,2023,"Kowar, Jackson",102,37.1675305354041,41.6078431372549,10.1385620915033,-8.90022952909393,-8.59672214533754,-9.02352853123242,-9.94018791716792,0.858,0.983,TRUE,FALSE,Kowar,FALSE
663947,2023,"Holton, Tyler",137,43.0934090749717,42.5839416058394,8.72376852135146,1.98420713402948,1.04042384481906,2.475631778592,3.08246850203078,0.974,0.867,TRUE,FALSE,Holton,FALSE
663947,2024,"Holton, Tyler",148,39.137718571126,40.477027027027,8.43564356435643,-0.998970329256943,-0.762010077727176,-3.59491785331689,-2.78113029282408,0.955,0.844,TRUE,FALSE,Holton,FALSE
663947,2025,"Holton, Tyler",84,36.6770348518807,37.9428571428571,7.41309523809524,-2.59883653782354,-2.40255212078425,-7.09674866382873,-6.36511669672263,0.965,0.858,TRUE,FALSE,Holton,FALSE
663947,2026,"Holton, Tyler",66,42.5434492361858,36.2469696969697,8.05618181818182,1.22905033241559,1.65903851859826,-1.3567905815503,-0.415097309479073,0.972,0.827,TRUE,FALSE,Holton,FALSE
663978,2020,"Paddack, Chris",126,31.94784627512,42.7619047619048,9.9270238095238,-0.284199176682559,-0.898115168013912,-1.39155365041641,-1.27675050001207,0.949,0.995,TRUE,FALSE,Paddack,FALSE
663978,2021,"Paddack, Chris",274,33.6228817621088,43.3142335766423,9.4174737791669,-2.57763146203171,-3.60606663020125,-2.75026683995738,-2.99891814515506,0.93,0.986,TRUE,FALSE,Paddack,FALSE
663978,2022,"Paddack, Chris",62,31.551336821342,42.1709677419355,10.2170797962649,-0.938977327048013,-0.544873496598978,0.371921483611969,0.306687201020713,0.947,0.995,TRUE,FALSE,Paddack,FALSE
663978,2024,"Paddack, Chris",204,37.1755992849644,40.3387254901961,10.4213900895822,-5.40081905739109,-5.163150357214,-6.28280152038006,-5.30063980364804,0.953,0.993,TRUE,FALSE,Paddack,FALSE
663978,2025,"Paddack, Chris",329,38.270814740458,41.2300911854103,9.06791517865708,-6.98519681784537,-6.85256404768622,-9.02690342454999,-8.89009057080576,0.973,0.995,TRUE,FALSE,Paddack,FALSE
663978,2026,"Paddack, Chris",149,35.085014746542,40.7308724832215,8.03569511025887,-4.60301960176731,-4.23010488712346,-7.0543501064874,-6.41365272683043,0.979,0.996,TRUE,FALSE,Paddack,FALSE
664123,2022,"Effross, Scott",71,14.242118495197,-12.043661971831,7.57378907591893,0.517367470520794,-0.888984100071638,1.00514801149302,1.23080962113688,0.904,0.9,TRUE,FALSE,Effross,FALSE
664141,2021,"Brubaker, JT",60,11.2786937240471,45.69,5.72128691983122,-7.08038648840832,-8.92111791140062,-3.29946450612617,-5.40661150391374,0.898,0.928,TRUE,TRUE,Brubaker,FALSE
664199,2021,"Clarke, Taylor",60,34.8516277565965,41.0266666666667,6.21878109452736,-14.9228700561277,-13.7484621152495,-7.19325410584818,-6.90126125322813,0.93,0.921,TRUE,FALSE,Clarke,FALSE
664199,2022,"Clarke, Taylor",90,35.8815761276532,41.3511111111111,6.63138888888889,-4.29850519121365,-3.7803999067613,-2.20249708208852,-1.7151541286013,0.956,0.91,TRUE,FALSE,Clarke,FALSE
664199,2023,"Clarke, Taylor",79,32.4120365930176,47.0556962025316,5.67150673744385,0.456341337103798,-1.23095417837926,3.04157540748339,1.29894179261154,0.955,0.9,TRUE,TRUE,Clarke,FALSE
664199,2025,"Clarke, Taylor",84,30.2793021232539,39.5404761904762,5.15145502645502,-5.6664642908257,-4.06060846408474,-2.54496921797568,-2.19052930342661,0.872,0.911,TRUE,FALSE,Clarke,FALSE
664285,2021,"Valdez, Framber",128,16.3056788352578,41.271875,4.35659226190476,9.37822892489909,9.49985532212115,6.32685920822009,6.95304347444824,0.753,0.639,FALSE,FALSE,Valdez,FALSE
664285,2022,"Valdez, Framber",132,18.2816679414825,42.325,4.9767316017316,-2.2435652287764,-2.17390625111311,-1.10792961725691,-0.755188889899374,0.794,0.663,FALSE,FALSE,Valdez,FALSE
664299,2024,"Javier, Cristian",76,55.1775793911536,39.5644736842105,10.5439614661654,-3.62502672252113,-1.78581816812926,-9.07997761772436,-7.44545069522806,0.728,0.941,FALSE,FALSE,Javier,FALSE
664299,2025,"Javier, Cristian",68,48.7223792744603,34.7691176470588,8.81672644667624,5.21942285010834,6.94644426329543,3.65565449592701,4.99520378997636,0.78,0.897,FALSE,FALSE,Javier,FALSE
664350,2020,"Sánchez, Sixto",88,14.0168837556383,27.4443181818182,9.61481544771018,-7.40719795656513,-8.08475807764639,-0.891720649733982,-1.72913242412256,0.919,0.916,TRUE,FALSE,Sánchez,FALSE
664350,2024,"Sánchez, Sixto",86,15.652118457379,30.2953488372093,7.84610307982401,-13.9364957171817,-12.963463836406,-4.22318275595984,-4.28018268221744,0.868,0.844,TRUE,FALSE,Sánchez,FALSE
664353,2021,"Urquidy, José",154,32.6673679194578,55.0006493506494,7.96054795146236,1.63411831280726,-1.26124816849579,7.92522502085682,5.60911569979456,0.977,0.99,TRUE,TRUE,Urquidy,FALSE
664353,2022,"Urquidy, José",227,27.9454516778669,51.1409691629956,7.35658675957737,-5.10609118472469,-6.16221594438675,-0.651229491064882,-2.26545147630014,0.992,0.991,TRUE,TRUE,Urquidy,FALSE
664353,2023,"Urquidy, José",142,33.246151815934,50.4816901408451,6.98778893456433,3.90950160267835,2.34206297699135,4.84865166052416,3.25391005882221,0.985,0.988,TRUE,TRUE,Urquidy,FALSE
665152,2022,"Kremer, Dean",109,35.6580688413052,33.6128440366972,9.91671633027523,-4.33507154625172,-3.95406212869979,-1.87788318302867,-1.40304908217643,0.897,0.952,TRUE,FALSE,Kremer,FALSE
665152,2023,"Kremer, Dean",150,31.213199688246,33.2666666666667,9.38200746965452,-4.20996742365168,-3.68546916642956,-2.91705334674729,-2.45260961548923,0.951,0.978,TRUE,FALSE,Kremer,FALSE
665622,2023,"Medina, Luis",64,26.130803054309,45.6171875,8.46314440993788,-3.92885248274868,-4.56662627830129,1.01232837782005,0.359966253390958,0.95,0.848,TRUE,TRUE,Medina,FALSE
665665,2022,"Sanmartin, Reiver",141,16.5004586559593,20.2085106382979,5.57736524822695,7.42438128054162,6.80502040062462,2.88250001206503,2.87837190761446,0.892,0.899,TRUE,FALSE,Sanmartin,FALSE
665795,2022,"Cabrera, Edward",215,8.97505869102719,44.5846511627907,3.48700545506747,2.96701612347035,2.21625926572913,0.164770903821976,0.159437561353137,0.971,0.933,TRUE,TRUE,Cabrera,TRUE
665795,2023,"Cabrera, Edward",300,10.8410424915847,46.087,3.18135496957404,3.92796349235972,2.05025726325643,1.58533306866568,1.24309045333831,0.957,0.922,TRUE,TRUE,Cabrera,FALSE
665795,2024,"Cabrera, Edward",291,11.0539839080618,43.3,2.95302405498283,3.15751474015892,2.63135318045068,2.50544287100407,2.63700100864454,0.94,0.932,TRUE,FALSE,Cabrera,FALSE
665795,2025,"Cabrera, Edward",293,12.3703819261506,36.8235494880546,2.51489433821123,-6.0675397860807,-5.18889445580463,-3.7127908336447,-3.11613740626165,0.929,0.919,TRUE,FALSE,Cabrera,FALSE
665795,2026,"Cabrera, Edward",217,15.092404501534,32.7092165898618,3.30567296996663,1.9982560414556,2.62977220002012,2.32748430468356,2.46671916882393,0.95,0.961,TRUE,FALSE,Cabrera,FALSE
666120,2020,"Anderson, Ian",63,18.0462468534096,63.8793650793651,6.62455579246624,1.8080144484198,-2.39136694362734,5.91909041908192,3.62196162628803,0.982,0.996,TRUE,TRUE,Anderson,FALSE
666120,2021,"Anderson, Ian",332,14.5334170720958,63.1012048192771,6.56762664693863,2.8262625204148,-1.22193431081477,2.19852311849111,-0.916816777316015,0.986,0.996,TRUE,TRUE,Anderson,FALSE
666120,2022,"Anderson, Ian",374,15.3880650495915,58.4256684491979,5.76416000533648,8.48723301811678,6.22960077196478,4.97126107701607,2.48699407944538,0.975,0.99,TRUE,TRUE,Anderson,FALSE
666129,2023,"Garrett, Braxton",107,24.9946182044807,38.8261682242991,6.80552251486831,5.06707683900641,4.95110030595686,6.02002383718706,6.95383884610962,0.892,0.819,TRUE,FALSE,Garrett,FALSE
666142,2022,"Ragans, Cole",130,18.6290635150382,47.2830769230769,9.8652510511996,-0.477643830176314,0.982902288272447,-2.94294549040173,-2.25427455681147,0.974,0.992,TRUE,TRUE,Ragans,FALSE
666142,2023,"Ragans, Cole",209,16.1477491454537,41.7679425837321,9.95677304324276,-3.99448817697455,-4.37209571245092,-5.09735886576282,-4.93901207111095,0.994,0.974,TRUE,FALSE,Ragans,FALSE
666142,2024,"Ragans, Cole",425,16.6750562618428,44.1021176470588,10.589549608296,8.02791595902816,7.22068310952237,5.78934147290896,5.59290641741272,0.989,0.993,TRUE,TRUE,Ragans,FALSE
666142,2025,"Ragans, Cole",113,15.5440534785314,37.5371681415929,10.8697623545789,11.0363058106375,11.804807668705,11.4111340171915,12.8786089425754,0.995,0.987,TRUE,FALSE,Ragans,FALSE
666157,2022,"Lodolo, Nick",90,11.7663783431898,20.9822222222222,6.04611330698287,-0.774895697953101,0.74188207058725,-0.19203139984582,-0.166525064145367,0.951,0.984,TRUE,FALSE,Lodolo,FALSE
666157,2024,"Lodolo, Nick",170,10.4808262341348,18.8935294117647,6.01274965800274,-2.67382266635438,-2.27467498470996,-3.81597103509445,-3.64063748518724,0.947,0.984,TRUE,FALSE,Lodolo,FALSE
666157,2025,"Lodolo, Nick",302,8.78866062116157,15.4913907284768,6.03166312632763,1.41737302059182,2.32550590931096,0.912502073759795,1.80726345967815,0.96,0.982,TRUE,FALSE,Lodolo,FALSE
666157,2026,"Lodolo, Nick",134,7.81946212625915,14.5783582089552,5.8514516458802,-4.21130844195135,-3.20856560147081,-6.37077590143159,-5.75212779860894,0.968,0.985,TRUE,FALSE,Lodolo,FALSE
666159,2021,"Manning, Matt",75,18.1904871683901,51.996,6.15625632377741,-16.7346582120653,-17.6083511266324,-12.5280682654602,-13.9098308931684,0.96,0.911,TRUE,TRUE,Manning,FALSE
666200,2020,"Luzardo, Jesús",101,18.256418497133,26.2613861386139,8.00147324010751,14.5864199995504,14.2079156233543,12.9228955867889,13.5797408659361,0.991,0.959,TRUE,FALSE,Luzardo,FALSE
666200,2021,"Luzardo, Jesús",174,14.706008227349,32.5465517241379,9.12827466475096,1.60045432739867,0.933060142775079,-3.4515200808058,-2.90671765034318,0.988,0.985,TRUE,FALSE,Luzardo,FALSE
666200,2022,"Luzardo, Jesús",193,12.2410386895391,35.2378238341969,9.19620522640234,9.95163533900413,9.70340172041233,7.70947915427214,7.69708850540258,0.981,0.989,TRUE,FALSE,Luzardo,FALSE
666200,2023,"Luzardo, Jesús",318,13.7387544814591,34.048427672956,8.31941868459247,1.33153110004831,0.284550797713804,0.924970685519952,1.06412947614298,0.982,0.983,TRUE,FALSE,Luzardo,FALSE
666200,2024,"Luzardo, Jesús",142,14.7570878430262,38.8556338028169,8.86709844559586,7.04397432374114,6.34728557059403,0.666869421535024,1.1543731404523,0.994,0.975,TRUE,FALSE,Luzardo,FALSE
666200,2025,"Luzardo, Jesús",290,15.2672656299486,32.1437931034483,8.61229472090302,2.38248685946421,1.65803863118169,2.41290191767964,2.4423836533634,0.995,0.95,TRUE,FALSE,Luzardo,FALSE
666200,2026,"Luzardo, Jesús",224,6.97783859177646,31.2017857142857,10.8297664312873,4.44552643620708,3.52564279998348,6.57038405556641,6.14723181591833,0.884,0.925,TRUE,FALSE,Luzardo,FALSE
666201,2021,"Manoah, Alek",66,18.6157491525733,39.0848484848485,6.83731997637546,-17.1176469751557,-16.7988193732922,-13.6814396839578,-13.0653817013535,0.817,0.78,FALSE,FALSE,Manoah,FALSE
666201,2022,"Manoah, Alek",135,15.152501164116,38.5644444444445,7.43856217434165,-6.77293035963563,-4.24941269374378,-9.08582318813395,-7.43907570163481,0.803,0.825,TRUE,FALSE,Manoah,FALSE
666201,2023,"Manoah, Alek",100,15.4691006393402,39.475,6.50281595092024,-9.11488803694796,-8.59202448582301,-4.77608083889842,-4.53078254615464,0.856,0.842,TRUE,FALSE,Manoah,FALSE
666214,2023,"Wentz, Joey",154,20.6682484336921,40.3188311688312,8.34521437466643,1.45311866540813,1.80377647414577,-2.48923355702882,-2.05229641685701,0.987,0.987,TRUE,FALSE,Wentz,FALSE
666214,2024,"Wentz, Joey",94,19.6623822518936,49.7063829787234,7.79331714979294,10.2265899271967,9.37151656890984,4.34263485087355,4.26580054566446,0.981,0.949,TRUE,TRUE,Wentz,FALSE
666277,2023,"Soriano, George",84,19.4752136360007,28.25,5.29761904761904,1.63525149169123,2.39993052818991,4.27915787350964,4.31534610160313,0.911,0.797,FALSE,FALSE,Soriano,FALSE
666277,2025,"Soriano, George",102,26.6003423149154,34.3911764705882,7.34371114299378,-12.4336745782857,-12.8527437619161,-7.33802213421069,-7.10016135612729,0.731,0.837,FALSE,FALSE,Soriano,FALSE
666277,2026,"Soriano, George",113,30.3467361077605,37.9566371681416,6.5837282329432,6.31892191185542,5.0016210067693,7.01922986504226,7.4859857701988,0.795,0.896,FALSE,FALSE,Soriano,FALSE
666661,2026,"Morillo, Juan",76,31.6871876944642,45.4118421052632,6.02911899313502,-2.97708204216894,-4.98004958974753,-5.46556868987859,-6.71955361539082,0.978,0.912,TRUE,TRUE,Morillo,FALSE
666721,2022,"Castillo, Max",113,27.1550558685097,26.8362831858407,5.52244449154788,3.75473107430593,4.35332367397616,-0.681619495364534,-0.472104028219919,0.941,0.99,TRUE,FALSE,Castillo,FALSE
666745,2023,"Brito, Jhony",252,12.220666895904,51.4361111111111,6.94998837749884,-2.67908100529767,-5.03915716703545,-0.0134416639617365,-2.33506432678298,0.985,0.918,TRUE,TRUE,Brito,FALSE
666745,2024,"Brito, Jhony",120,10.4515191059148,55.7558333333333,6.55526539278132,-2.31470361657875,-6.37702431454635,6.17663872714997,2.91827314097189,0.98,0.948,TRUE,TRUE,Brito,FALSE
666974,2024,"Cano, Yennier",143,8.87113430575275,23.2363636363636,5.50761460761461,4.58104078067319,5.19237186610454,-1.01210296150188,-0.396113078646367,0.988,0.898,TRUE,FALSE,Cano,FALSE
666974,2025,"Cano, Yennier",66,8.9351190923356,20.7393939393939,3.15581925449181,5.40106725254639,6.04165665610959,1.83476400885224,2.83148256209106,0.988,0.873,TRUE,FALSE,Cano,FALSE
667376,2021,"Sánchez, Miguel",133,15.9281653412172,36.6330827067669,5.13494550984203,2.87331991860514,4.0165488103563,-0.542261580175014,0.222822200043133,0.803,0.798,FALSE,FALSE,Sánchez,FALSE
667376,2022,"Sánchez, Miguel",61,11.6015455621926,34.1918032786885,5.35863654538185,-5.82464623372945,-4.50913451178619,-7.298156093493,-6.0513358113595,0.878,0.858,TRUE,FALSE,Sánchez,FALSE
668674,2023,"Erceg, Lucas",98,16.4557913561526,44.1510204081633,7.55714285714286,2.88110741013716,1.50794641514171,4.74580544445159,4.13469356994921,0.942,0.97,TRUE,TRUE,Erceg,FALSE
668674,2024,"Erceg, Lucas",96,14.854902789775,40.4427083333333,7.58317335039817,2.36127850297496,2.21147281534981,5.05098584804826,5.57566618277308,0.945,0.977,TRUE,FALSE,Erceg,FALSE
668674,2025,"Erceg, Lucas",77,13.5813135460511,39.8935064935065,7.5582932638296,-7.416742225374,-7.56311244375696,-7.41385215922681,-6.91333547955227,0.956,0.978,TRUE,FALSE,Erceg,FALSE
668676,2020,"Plesac, Zach",86,19.9926896404648,45.7023255813954,6.87602922690132,7.00336879232777,6.701038017807,9.01440859129507,9.24905669441934,0.991,0.984,TRUE,TRUE,Plesac,FALSE
668676,2021,"Plesac, Zach",312,18.9880014661833,49.5910256410257,7.03092742379223,-3.97552243583003,-4.09526134129048,-2.78032441665154,-3.07462297714951,0.988,0.993,TRUE,TRUE,Plesac,FALSE
668676,2022,"Plesac, Zach",272,15.7608255359908,48.9040441176471,6.18569418089817,-7.19811670630533,-5.39100287335473,-4.40200551448156,-3.92808726348675,0.991,0.991,TRUE,TRUE,Plesac,FALSE
668678,2020,"Gallen, Zac",61,36.2450622072948,33.7885245901639,8.30210933975034,4.82468555112202,5.43346163524627,5.38701227614487,5.53307235423146,0.918,0.857,TRUE,FALSE,Gallen,FALSE
668678,2021,"Gallen, Zac",177,28.4200867114584,37.8649717514124,7.33557122143893,0.916187377256889,0.984916055945003,-0.88982613064032,-1.03393602438746,0.893,0.832,TRUE,FALSE,Gallen,FALSE
668678,2022,"Gallen, Zac",233,20.6600101789345,37.6965665236052,7.89596245107863,-5.92780970235302,-5.13872053421377,-7.47141449761393,-6.05738152786896,0.793,0.82,FALSE,FALSE,Gallen,FALSE
668678,2023,"Gallen, Zac",234,21.3618674364853,36.9747863247863,6.76265688050074,0.204190856559278,0.531154507863026,2.05753437985899,2.91834598837578,0.861,0.812,TRUE,FALSE,Gallen,FALSE
668678,2024,"Gallen, Zac",185,19.3435703509875,35.8043243243243,7.11404473438957,-1.81015224860946,-0.803873275205442,-3.95810843216168,-2.66179831919389,0.895,0.858,TRUE,FALSE,Gallen,FALSE
668678,2025,"Gallen, Zac",242,18.5477485471828,35.7702479338843,7.32574936990797,0.564133798205988,1.8367592456709,-2.04144154943621,-1.10838136355162,0.868,0.861,TRUE,FALSE,Gallen,FALSE
668678,2026,"Gallen, Zac",132,18.360620327851,37.4484848484848,6.78534435261708,-4.2543893768732,-3.08395899200356,-6.4527604915697,-5.43615453341761,0.826,0.812,TRUE,FALSE,Gallen,FALSE
668941,2023,"Romero, JoJo",80,24.0640094884972,38.4375,9.17311046511628,15.7904209200394,14.4197788366735,11.1729495330007,10.5812442143024,0.989,0.865,TRUE,FALSE,Romero,FALSE
668941,2024,"Romero, JoJo",84,20.112311512138,32.9928571428571,9.16868131868132,1.02885862111255,0.108164176251611,2.64592276580925,2.07184252601526,0.986,0.874,TRUE,FALSE,Romero,FALSE
668941,2025,"Romero, JoJo",100,20.3420813096332,32.393,6.96245762711865,3.26086400087963,3.26879366303256,-0.984845799597495,-1.23317380183247,0.941,0.84,TRUE,FALSE,Romero,FALSE
668964,2024,"Myers, Tobias",99,20.0383260315634,58.4757575757576,12.0058300898897,6.2995370401949,5.94830366240483,7.74970546920184,6.91674125737184,0.987,0.996,TRUE,TRUE,Myers,FALSE
669022,2024,"Gore, MacKenzie",129,25.3146272351288,46.2852713178295,10.1508009089124,15.3146779740049,12.8431709221986,9.91873080721425,8.2958948209126,0.919,0.929,TRUE,TRUE,Gore,FALSE
669022,2025,"Gore, MacKenzie",127,27.1706900865181,42.7700787401575,9.09456250425469,13.2616041091878,11.8456449511476,7.88851855868752,7.7630774132518,0.921,0.919,TRUE,FALSE,Gore,FALSE
669022,2026,"Gore, MacKenzie",101,28.0333757434846,46.740594059406,8.84710012402515,6.19537615614867,2.52119144074779,7.95612859725432,5.92830278842796,0.949,0.921,TRUE,TRUE,Gore,FALSE
669060,2021,"Wilson, Bryse",118,19.8548720402067,38.6059322033898,6.18867366155502,-11.1623405697562,-11.6083115684059,-7.66538470494724,-7.9611082970302,0.966,0.877,TRUE,FALSE,Wilson,FALSE
669060,2022,"Wilson, Bryse",79,21.8931251987289,37.5772151898734,6.38324855081037,-9.04142850084017,-9.68996083316769,-6.45353748887955,-7.06680226683731,0.99,0.92,TRUE,FALSE,Wilson,FALSE
669060,2025,"Wilson, Bryse",69,21.1122972046719,35.504347826087,6.70282176792399,-15.1296703309515,-15.1096492481562,-11.4425421040192,-10.7021878529102,0.913,0.894,TRUE,FALSE,Wilson,FALSE
669062,2024,"Miller, Erik",201,43.5415408486947,23.9910447761194,11.4310972869409,-3.49153465800783,-1.80091330060243,-5.81199136762295,-4.85074029578592,0.988,0.939,TRUE,FALSE,Miller,FALSE
669084,2024,"Hall, DL",75,21.8553772661028,42.2946666666667,8.67806267806268,4.317040908658,2.8178525850272,-0.452607317271681,-0.899143802703952,0.986,0.838,TRUE,FALSE,Hall,FALSE
669145,2021,"Zimmermann, Bruce",138,25.1737490380862,41.5028985507246,6.76280846063455,-2.31481219088714,-0.988202924037503,-1.87476996074528,-0.770291561149853,0.988,0.804,TRUE,FALSE,Zimmermann,FALSE
669145,2022,"Zimmermann, Bruce",108,22.2318311685668,40.3472222222222,5.77691542288558,-5.04913511712775,-3.8733478053474,-1.49925579564583,-0.215740856153765,0.975,0.779,FALSE,FALSE,Zimmermann,FALSE
669165,2026,"Hurt, Kyle",104,42.2290153559145,42.2115384615385,7.95552197802197,0.590502658394225,0.212746131856114,1.65667178166155,0.822649243252249,0.973,0.993,TRUE,FALSE,Hurt,FALSE
669169,2022,"Heasley, Jonathan",179,25.5852825790491,49.5346368715084,8.43168528864059,-5.86038489448545,-7.18517149094259,-4.14104797841362,-5.13785873320326,0.949,0.986,TRUE,TRUE,Heasley,FALSE
669194,2023,"Nelson, Ryne",136,39.9413260320434,44.0551470588235,10.9751083169043,-3.67379350673156,-3.68502044812482,-0.405087705618631,-0.826018359266057,0.994,0.958,TRUE,TRUE,Nelson,FALSE
669194,2024,"Nelson, Ryne",123,41.088127730098,42.2211382113821,12.1074462086903,-15.6646495554972,-14.4107402246602,-10.5484442145563,-9.87550205075963,0.992,0.978,TRUE,FALSE,Nelson,FALSE
669211,2021,"Akin, Keegan",163,20.5449632513937,41.7766871165644,10.1227709914863,-2.4480417543803,-2.49914883691646,-2.07852794343939,-2.38088479359991,0.953,0.969,TRUE,FALSE,Akin,FALSE
669211,2022,"Akin, Keegan",105,24.4119815394064,40.7019047619048,9.35292582417583,-4.92493483946346,-4.07927767439303,-6.52805607206226,-5.77023997712066,0.986,0.968,TRUE,FALSE,Akin,FALSE
669211,2024,"Akin, Keegan",62,22.0901362894516,41.6709677419355,8.17794847992574,-5.52907620932537,-4.88470342030234,-0.230478464100275,-0.231723632672643,0.981,0.948,TRUE,FALSE,Akin,FALSE
669211,2025,"Akin, Keegan",118,21.8775426623036,36.65,7.19413646720979,-3.33958025523266,-3.25038009356967,0.49636431499199,0.899565947534047,0.981,0.957,TRUE,FALSE,Akin,FALSE
669212,2021,"Morgan, Eli",180,45.3909787158727,44.39,15.5945871633607,0.932030443876106,1.07649189657715,0.463738293763623,1.98403655887885,0.855,0.99,TRUE,TRUE,Morgan,FALSE
669212,2022,"Morgan, Eli",155,46.74437807701,41.9141935483871,16.4618414474467,-3.40983927346231,-1.7426725757722,-2.50005314429267,-0.493588204275413,0.874,0.995,TRUE,FALSE,Morgan,FALSE
669212,2023,"Morgan, Eli",213,49.7218031784781,48.0535211267606,13.9130498862893,1.09308941096313,3.09757060685404,0.660454727571008,0.710466047875919,0.925,0.971,TRUE,TRUE,Morgan,FALSE
669212,2024,"Morgan, Eli",97,48.4022591112184,44.1144329896907,13.1748889770024,-6.31253451564266,-5.47644717345049,-5.62204220268953,-5.0154351001144,0.904,0.983,TRUE,TRUE,Morgan,FALSE
669270,2022,"Kuhnel, Joel",66,5.12648776860283,30.2530303030303,5.98818181818181,1.04081116127682,3.98965592565722,-1.46758964750667,0.441963613904288,0.877,0.771,FALSE,FALSE,Kuhnel,FALSE
669276,2024,"Lee, Dylan",61,16.6470463356617,43.427868852459,6.79717155391365,15.7188156449622,18.0049526863807,12.7049865387663,14.1553745625851,0.986,0.991,TRUE,FALSE,Lee,FALSE
669276,2025,"Lee, Dylan",77,16.5818994341699,43.7831168831169,7.41958622772576,-1.37828463007414,0.334183157383801,-2.56929199458082,-1.62950377815755,0.986,0.994,TRUE,FALSE,Lee,FALSE
669302,2022,"Gilbert, Logan",77,32.0465510685739,43.4194805194805,9.93785625774473,-9.12120125773437,-8.2843991539796,-6.30056145911595,-6.40856879191807,0.994,0.955,TRUE,FALSE,Gilbert,FALSE
669330,2022,"Wells, Tyler",169,13.7245091849136,50.6704142011834,6.79740628288509,0.48419178252363,2.05128818469334,1.31513225261472,0.795350024162416,0.96,0.961,TRUE,TRUE,Wells,FALSE
669330,2023,"Wells, Tyler",189,15.5429704605008,49.0830687830688,7.1551902769476,-1.75189503563587,-0.383157121121663,1.19845608928713,1.28213470440444,0.943,0.926,TRUE,TRUE,Wells,FALSE
669330,2026,"Wells, Tyler",114,15.378544274073,50.559649122807,6.3432341723875,1.94462130518866,3.85578884164324,4.96794231785933,4.55583257937977,0.956,0.93,TRUE,TRUE,Wells,FALSE
669358,2025,"Baz, Shane",149,16.9281960648335,35.5087248322148,7.62859375175655,-6.46221371855779,-5.49014278632876,-0.882355908275396,-0.443277899544443,0.957,0.944,TRUE,FALSE,Baz,FALSE
669358,2026,"Baz, Shane",71,18.3705072870378,35.9323943661972,7.86734180896589,-16.0965854033594,-13.9319441153406,-11.5461764628072,-10.7236423232312,0.984,0.963,TRUE,FALSE,Baz,FALSE
669372,2026,"Ginn, J.T.",188,12.7186935578309,41.8484042553192,5.73474294791567,8.44059650757996,7.3575826321104,5.01862396446338,4.29411113271448,0.627,0.728,FALSE,FALSE,Ginn,FALSE
669373,2021,"Skubal, Tarik",112,3.72536910378354,60.0053571428571,11.9623397435898,16.0454843299545,11.4937579753302,12.7675325961785,10.345346777146,0.978,0.945,TRUE,TRUE,Skubal,TRUE
669373,2022,"Skubal, Tarik",158,8.68137002445958,51.2069620253165,10.4331812190694,11.5740086066568,11.0032751075519,11.9461441106829,11.1090899433476,0.813,0.963,TRUE,TRUE,Skubal,TRUE
669373,2023,"Skubal, Tarik",169,19.0990418769085,47.1005917159763,11.4823105228397,15.3791797289299,14.7657149609292,10.1691351471858,9.40479135006793,0.745,0.964,FALSE,TRUE,Skubal,FALSE
669373,2024,"Skubal, Tarik",445,18.5276238361644,46.4191011235955,10.4263446727722,8.08851684922242,6.74596665531647,5.56518905739002,4.4096266033763,0.822,0.952,TRUE,TRUE,Skubal,FALSE
669373,2025,"Skubal, Tarik",538,20.3109422488923,46.2288104089219,9.46877835407252,3.64204886227536,2.63945277645974,1.6373982749922,0.597348561544272,0.793,0.901,FALSE,TRUE,Skubal,FALSE
669373,2026,"Skubal, Tarik",218,20.9825973769394,42.0399082568807,9.49459803182066,11.3803704712941,11.5749309584627,6.58910007481231,6.98489772238215,0.707,0.903,FALSE,FALSE,Skubal,FALSE
669432,2021,"Rogers, Trevor",342,13.9751638037521,26.9380116959064,9.79659679016497,5.67457583766205,6.44892543063398,0.996295247609327,1.77424728269476,0.912,0.877,TRUE,FALSE,Rogers,FALSE
669432,2022,"Rogers, Trevor",290,14.3831687942573,21.2603448275862,8.99783564229615,-3.15344409098945,-2.61268285011194,-7.28739637504645,-6.49124766653027,0.942,0.891,TRUE,FALSE,Rogers,FALSE
669432,2024,"Rogers, Trevor",300,13.714415407902,22.0713333333333,6.31061462728551,-5.6016222136164,-3.93200420844264,-4.47931509353631,-3.35834122503697,0.86,0.903,TRUE,FALSE,Rogers,FALSE
669432,2025,"Rogers, Trevor",238,14.5860783425765,21.9021008403361,6.73340999557718,-2.81945155839268,-0.491042760214683,-0.712699602067927,1.16343109690986,0.874,0.879,TRUE,FALSE,Rogers,FALSE
669432,2026,"Rogers, Trevor",227,13.900246666288,21.8400881057269,6.59907233768684,-4.63008475729231,-2.13474008448172,-4.90217495191027,-3.13990380704899,0.858,0.872,TRUE,FALSE,Rogers,FALSE
669438,2023,"Englert, Mason",137,31.6987132776954,30.7379562043796,7.79060659451297,0.833262771422398,0.330365188353144,-0.826068237770572,-1.22546144921651,0.699,0.977,FALSE,FALSE,Englert,FALSE
669438,2025,"Englert, Mason",129,27.8635204732825,39.3798449612403,6.33578359624872,2.82952582275431,2.90465320219126,2.76909343885642,3.20156555499234,0.608,0.918,FALSE,FALSE,Englert,FALSE
669438,2026,"Englert, Mason",88,23.7591165688616,41.7227272727273,6.3175,0.804185172343506,0.37690635518942,-6.04525568060746,-6.36118541269537,0.656,0.946,FALSE,FALSE,Englert,FALSE
669461,2025,"Liberatore, Matthew",130,20.0390928674375,41.8423076923077,5.52401259559154,-9.05866989553591,-6.69705203323421,-9.6383691628046,-7.59208276586241,0.961,0.968,TRUE,FALSE,Liberatore,FALSE
669461,2026,"Liberatore, Matthew",124,20.1728866268317,41.6604838709678,5.8153723435396,-5.73002812742093,-3.26999895378512,-6.1580126704275,-4.76357033953479,0.947,0.954,TRUE,FALSE,Liberatore,FALSE
669674,2021,"Long, Sam",78,22.6108887406921,57.4602564102564,11.9993900921085,-6.60348478007532,-6.59631242386516,-7.57277138457341,-7.9787813407358,0.936,0.984,TRUE,TRUE,Long,FALSE
669674,2022,"Long, Sam",119,25.0161129961483,49.409243697479,10.1668212112431,-1.70192903573487,0.575427085575471,-2.73637084501009,-2.64295063072557,0.949,0.975,TRUE,TRUE,Long,FALSE
669854,2024,"Blanco, Ronel",291,31.6252708101004,46.385910652921,8.19249328186837,0.24875516786243,-0.381142504732874,0.590838880343696,0.0699147378232839,0.968,0.986,TRUE,TRUE,Blanco,FALSE
669920,2022,"Alexander, Jason",82,21.7707812061059,23.6780487804878,11.743315266486,-2.20450776636954,-2.06541614816238,-2.21416586287834,-2.64999747810411,0.976,0.944,TRUE,FALSE,Alexander,FALSE
669920,2025,"Alexander, Jason",229,29.3733280346746,22.9794759825328,11.704858508407,8.95215896736479,7.05986909309046,10.0479827904457,9.5916193832842,0.981,0.923,TRUE,FALSE,Alexander,FALSE
669923,2022,"Kirby, George",74,27.7447874907936,30.3689189189189,9.41315711315711,-14.8860651553657,-15.0489444609683,-10.9762590290081,-10.6700770414349,0.994,0.87,TRUE,FALSE,Kirby,FALSE
670046,2023,"Rosenberg, Kenny",120,14.819405958346,46.5975,10.0032051282051,2.43135767713456,2.49631195361704,-1.25349440322987,-1.24319438883216,0.99,0.996,TRUE,TRUE,Rosenberg,FALSE
670046,2024,"Rosenberg, Kenny",69,14.4376357025133,45.863768115942,9.11115794143745,2.47897414907363,2.73938979350795,-1.85165449433662,-0.885484640068899,0.954,0.988,TRUE,TRUE,Rosenberg,FALSE
670124,2022,"Oller, Adam",90,25.7214762466755,34.0877777777778,6.87971363115693,-2.61625825953432,-2.18554830718146,-2.15217771626192,-2.02026966032078,0.957,0.982,TRUE,FALSE,Oller,FALSE
670174,2022,"Winckowski, Josh",63,29.9072219917928,39.2936507936508,3.13695697577276,-16.7826878107279,-16.3643345214799,-9.443257167955,-8.51056627099325,0.856,0.815,TRUE,FALSE,Winckowski,FALSE
670174,2024,"Winckowski, Josh",83,27.9548902168,43.0650602409639,3.68,-19.2743902063176,-19.3163656752572,-9.82339205184294,-10.1095620127992,0.912,0.824,TRUE,FALSE,Winckowski,FALSE
670329,2025,"Garcia, Rico",67,23.1540378523469,46.6134328358209,9.03273244168767,-0.0529224957092427,-1.45578445911762,5.53769379662342,3.56563299220028,0.985,0.993,TRUE,TRUE,Garcia,FALSE
670329,2026,"Garcia, Rico",104,16.7594570383687,46.0480769230769,8.80267188563648,11.1146957942108,9.07487593431927,18.1384103434284,15.6011674970389,0.977,0.988,TRUE,TRUE,Garcia,FALSE
670950,2020,"Richards, Trevor",105,36.7086009538746,52.572380952381,8.02417155903458,3.33756467038711,-0.0304092301664545,2.42629447910591,2.0442162609205,0.79,0.994,FALSE,TRUE,Richards,FALSE
670950,2021,"Richards, Trevor",145,38.2444039936661,54.851724137931,8.20766639935846,14.9543486764073,9.85833602463565,8.39308318703848,5.31256405649443,0.764,0.994,FALSE,TRUE,Richards,FALSE
670950,2022,"Richards, Trevor",230,42.9132827777861,49.9613043478261,9.32859451983749,6.77481710079595,4.72759922252493,3.08418745509418,1.58168327292457,0.718,0.992,FALSE,TRUE,Richards,FALSE
670950,2023,"Richards, Trevor",378,46.1279287377575,49.1566137566138,10.1633032277836,5.3214129875257,3.73024458974634,3.93241666401878,3.48433671926741,0.685,0.993,FALSE,TRUE,Richards,FALSE
670950,2024,"Richards, Trevor",253,64.8382900825269,50.0249011857708,13.0617204348562,-6.83547220847764,-5.70448840856469,-4.38865235165462,-3.08881735836405,0.599,0.992,FALSE,TRUE,Richards,FALSE
670950,2026,"Richards, Trevor",95,61.0655955656206,48.9094736842105,11.9662799856785,10.1504768534466,9.30651941704052,4.88325787605646,5.87444029541928,0.589,0.995,FALSE,TRUE,Richards,FALSE
670955,2021,"Uceta, Edwin",79,7.28803116131435,30.9341772151899,5.12400316455696,8.18113781503316,8.20578293765548,8.05772660535757,7.1363679227135,0.891,0.962,TRUE,FALSE,Uceta,FALSE
670955,2024,"Uceta, Edwin",123,13.4711359099058,15.9959349593496,5.8029437543446,4.85923491838187,3.12574920139918,8.19717691825278,8.17442839006202,0.787,0.888,FALSE,FALSE,Uceta,FALSE
670955,2025,"Uceta, Edwin",263,10.1165146585248,14.1889733840304,5.51334654748224,7.00086169856016,5.94049392008002,10.4845655033561,9.17708213285734,0.759,0.869,FALSE,FALSE,Uceta,FALSE
670970,2026,"Morejon, Adrian",117,37.6342614503839,42.1076923076923,7.25704631286027,5.70598216908343,6.10197539052608,0.351627438175073,-0.600795537500478,0.911,0.886,TRUE,FALSE,Morejon,FALSE
671096,2023,"Abbott, Andrew",137,9.78870981999901,44.9642335766423,6.23514077163712,12.0071674692541,10.8625065951689,11.0583261314833,10.7354452162086,0.929,0.944,TRUE,TRUE,Abbott,TRUE
671096,2024,"Abbott, Andrew",176,14.8803947851646,43.5573863636364,8.06585450178325,-2.11763184629732,-2.6900534153053,-2.77740445230932,-2.96189811845757,0.981,0.957,TRUE,FALSE,Abbott,FALSE
671096,2025,"Abbott, Andrew",286,13.0068955839227,46.0727272727273,7.95959669783897,-3.61877856960801,-4.85110489765533,-2.37927641871068,-3.020520325756,0.95,0.95,TRUE,TRUE,Abbott,FALSE
671096,2026,"Abbott, Andrew",172,15.4853467438152,48.5017441860465,6.7150204173099,8.71948721683749,6.29335643725505,7.58556994500682,6.42769691247864,0.858,0.905,TRUE,TRUE,Abbott,FALSE
671106,2023,"Allen, Logan",200,30.5086890339633,42.4195,8.59114583333333,7.34122929660816,6.44900543818478,5.95253195574141,5.29022990408809,0.779,0.884,FALSE,FALSE,Allen,FALSE
671106,2024,"Allen, Logan",154,15.0863960810251,44.4883116883117,9.33044431452792,0.211588007505189,0.648165117093991,-1.94391331735138,-2.87395077930937,0.727,0.92,FALSE,TRUE,Allen,FALSE
671106,2025,"Allen, Logan",263,16.9905901229881,36.5684410646388,8.77456020278834,-6.52462141172321,-5.46774615462578,-5.12608578933308,-4.62966150936576,0.877,0.901,TRUE,FALSE,Allen,FALSE
672282,2022,"Detmers, Reid",136,8.96603961972511,39.7154411764706,8.9454092339979,-5.01101819544591,-3.33758118784688,-1.25005571261634,-0.562465952847153,0.973,0.994,TRUE,FALSE,Detmers,FALSE
672282,2023,"Detmers, Reid",69,11.6872996451162,39.7130434782609,9.50498462889767,-5.84796361938427,-4.32760848745331,-6.12031996114708,-4.32123358125879,0.932,0.993,TRUE,FALSE,Detmers,FALSE
672282,2024,"Detmers, Reid",116,7.65783404908727,45.9068965517241,9.11730407523511,-0.876695104193386,0.0237709328647923,-0.697121640484627,-0.253152934299301,0.927,0.99,TRUE,TRUE,Detmers,TRUE
672282,2026,"Detmers, Reid",96,13.9225350164186,44.0333333333333,10.528430975522,-0.0968430672120755,-0.0303758981563707,1.51890161327178,1.576826907337,0.957,0.984,TRUE,TRUE,Detmers,FALSE
672456,2024,"Montero, Keider",82,20.5924956996098,39.1670731707317,8.78781252389327,0.953611774372575,0.695161267169484,6.77952563342818,7.45847217775546,0.895,0.895,TRUE,FALSE,Montero,FALSE
672456,2025,"Montero, Keider",88,15.9499298251542,38.0704545454545,7.10291992775437,-9.03506347465185,-8.42584021977487,-3.51273716056347,-3.00084243875825,0.874,0.858,TRUE,FALSE,Montero,FALSE
672456,2026,"Montero, Keider",108,12.9016065502799,41.862962962963,7.24937768725956,-2.65179353682271,-2.41714535582397,6.55159667683553,6.93445831551247,0.919,0.886,TRUE,FALSE,Montero,FALSE
672582,2023,"Zerpa, Angel",64,7.15914606048482,41.55625,7.80821953781512,6.64427235524619,4.62421804310724,6.62608653493708,5.92970733809016,0.987,0.95,TRUE,FALSE,Zerpa,FALSE
672851,2023,"Adon, Joan",62,14.761646475771,31.6129032258065,6.5496,4.96283266379413,5.41693232472867,0.636112318595638,0.963189557125246,0.825,0.91,TRUE,FALSE,Adon,FALSE
674003,2023,"Bradford, Cody",116,27.6184983083673,48.926724137931,8.23349405805572,0.699998795638648,0.258288562240733,-1.95057687979147,-1.16985598048637,0.992,0.994,TRUE,TRUE,Bradford,FALSE
674003,2024,"Bradford, Cody",157,25.4976873552884,51.8573248407643,8.92281083320388,-2.09978980645149,-1.9823549095839,-1.18368304439787,-0.818600818929513,0.997,0.991,TRUE,TRUE,Bradford,FALSE
674072,2023,"Henry, Tommy",137,27.1971023451851,40.6547445255475,6.59057428080722,3.5204675627529,2.34823639698324,3.05809025043366,2.57386199609075,0.882,0.866,TRUE,FALSE,Henry,FALSE
674072,2024,"Henry, Tommy",62,25.0475531760782,41.4129032258065,6.29840059387232,3.63713540830383,2.41222201572936,7.86802972341781,7.14904959039391,0.95,0.905,TRUE,FALSE,Henry,FALSE
674370,2024,"Bido, Osvaldo",70,9.42021363319544,32.9985714285714,6.06811780636425,5.41127814059112,6.21505732761441,6.79669949597352,7.60850760301776,0.941,0.904,TRUE,FALSE,Bido,FALSE
674370,2025,"Bido, Osvaldo",64,7.13988235091697,35.221875,5.72244263862333,-1.308908334955,-0.0922083095996167,5.61935424192888,6.49212323658104,0.95,0.923,TRUE,FALSE,Bido,FALSE
675911,2023,"Strider, Spencer",97,20.307688199004,44.2041237113402,10.201801018507,3.07064446706788,2.67867288239839,1.00832842914534,0.360664141909088,0.977,0.965,TRUE,TRUE,Strider,FALSE
676050,2022,"Naughton, Packy",87,16.4823273957306,40.3758620689655,8.33511308861699,8.2615397243173,7.9488138292678,2.37101432590408,3.01204483273502,0.937,0.91,TRUE,FALSE,Naughton,FALSE
676051,2021,"Heuer, Codi",125,32.0881629224449,30.18,8.68027346938775,10.6142759615114,8.44941828641761,12.0156358248996,10.3162350028594,0.881,0.983,TRUE,FALSE,Heuer,FALSE
676083,2026,"Junk, Janson",101,30.2221417343941,40.7544554455446,7.0004494066428,-5.50025401570099,-6.54250888187316,-1.65900398292588,-2.13488594841514,0.844,0.911,TRUE,FALSE,Junk,FALSE
676106,2024,"Hancock, Emerson",117,31.9720389607285,26.4376068376068,6.93305010401784,-4.30803022073108,-4.95462557340545,-3.00242167425629,-3.42419550924355,0.989,0.962,TRUE,FALSE,Hancock,FALSE
676106,2025,"Hancock, Emerson",135,31.7038563451595,16.4414814814815,8.36707581927478,-2.8290206624217,-1.75437442345447,-6.25482081198404,-6.0493200237578,0.983,0.905,TRUE,FALSE,Hancock,FALSE
676130,2023,"Buttó, José",83,26.2798913364817,35.3566265060241,8.22773668400143,10.0112640978305,10.3962022630202,4.28355307750778,4.44444437303462,0.715,0.819,FALSE,FALSE,Buttó,FALSE
676130,2024,"Buttó, José",141,27.363425607259,32.2971631205674,7.1937222960993,17.074617593362,16.8785291973063,9.43044213814624,9.81043214643052,0.686,0.8,FALSE,FALSE,Buttó,FALSE
676130,2025,"Buttó, José",75,26.8348781218721,37.4893333333333,6.94557213930348,0.973645135402135,1.25883241934658,-5.00265797110863,-4.84291523024092,0.72,0.761,FALSE,FALSE,Buttó,FALSE
676272,2023,"Miller, Bobby",143,29.2858581998721,45.2573426573427,11.0519813519813,-1.16434670247265,-1.69920651029973,0.183586233919755,-1.1330925602918,0.969,0.994,TRUE,TRUE,Miller,FALSE
676272,2024,"Miller, Bobby",83,31.0585391379083,46.5686746987952,11.2103670495937,0.679389414309055,0.288199721218069,4.57960109207476,2.18265034051932,0.975,0.985,TRUE,TRUE,Miller,FALSE
676282,2024,"Cantillo, Joey",87,30.8889109096295,53.5367816091954,14.3327635893869,-0.822948469993933,0.696239034721553,-1.29133236283243,-2.39075638572733,0.985,0.988,TRUE,TRUE,Cantillo,FALSE
676282,2025,"Cantillo, Joey",245,24.3713124837154,52.8632653061225,13.4355690223688,5.88901384424234,5.62841151052245,6.86924463850422,6.70324624983008,0.981,0.993,TRUE,TRUE,Cantillo,FALSE
676282,2026,"Cantillo, Joey",251,20.1539318277848,50.2900398406375,11.4165460252015,2.21362954775857,1.91217304598879,4.655917730707,3.97800689424128,0.992,0.982,TRUE,TRUE,Cantillo,FALSE
676395,2023,"Garcia, Robert",64,14.5065268663832,25.9890625,6.26937746062992,3.62505812110122,3.80922628540281,-2.11169018161191,-1.58115972731537,0.836,0.844,TRUE,FALSE,Garcia,FALSE
676395,2024,"Garcia, Robert",156,15.764220067165,23.025641025641,6.52742407892708,6.12884855660911,6.1924210026507,5.31274941779794,5.76949348620956,0.899,0.89,TRUE,FALSE,Garcia,FALSE
676395,2025,"Garcia, Robert",145,13.1599118235398,24.9813793103448,5.33394179057261,-0.303484525675387,-1.38825026126489,2.64531822346795,2.93558658028202,0.895,0.871,TRUE,FALSE,Garcia,FALSE
676440,2023,"Bibee, Tanner",193,20.4165352833246,56.1808290155441,10.9488636147963,-0.107260247650558,-2.19291377705075,5.4464632217244,3.05132181488172,0.97,0.897,TRUE,TRUE,Bibee,FALSE
676440,2024,"Bibee, Tanner",244,12.1800979220393,52.2020491803279,12.1023051620776,-7.21201873035442,-6.93588726357031,-0.450422997288411,-1.56161467928004,0.908,0.838,TRUE,TRUE,Bibee,FALSE
676440,2025,"Bibee, Tanner",222,9.49287689265222,54.1905405405406,12.5759409348889,3.19551510409926,2.23060126360919,5.85163144403111,4.7107397364633,0.823,0.863,TRUE,TRUE,Bibee,TRUE
676440,2026,"Bibee, Tanner",129,8.85342542019532,59.4937984496124,12.7667002171955,-4.40274415563088,-6.14782007181425,0.353881623867241,-1.72769204034533,0.929,0.9,TRUE,TRUE,Bibee,TRUE
676467,2025,"Gordon, Colton",61,6.89791343407152,32.4131147540984,7.32989392478302,1.24827068373625,1.86340215511221,4.22760192531231,4.41330807302181,0.912,0.986,TRUE,FALSE,Gordon,FALSE
676477,2021,"Whitlock, Garrett",109,33.8848142638052,35.9853211009174,12.8668651180949,-3.65070005011539,-5.91195648693698,-9.16991724997658,-9.02040637209461,0.915,0.978,TRUE,FALSE,Whitlock,FALSE
676477,2022,"Whitlock, Garrett",132,27.3953129113027,36.3340909090909,10.7220825274017,-8.09125579824404,-10.161293226378,-6.53241226948496,-7.66512876636281,0.95,0.996,TRUE,FALSE,Whitlock,FALSE
676477,2023,"Whitlock, Garrett",157,25.9351541402192,38.5630573248408,11.2807722929936,-3.20567331993396,-3.89265796484875,-5.31218908005377,-5.69224804513008,0.901,0.995,TRUE,FALSE,Whitlock,FALSE
676641,2022,"Sulser, Beau",65,11.8551657604113,45.9907692307692,9.21153846153847,-7.63230096306453,-10.0287943002014,-7.99045791758821,-9.11999923897526,0.951,0.993,TRUE,TRUE,Sulser,FALSE
676664,2022,"Sears, JP",87,34.6479727532352,13.6689655172414,10.3574242338732,-8.77225825152435,-8.5594538734796,-3.8814071649748,-4.16714353518648,0.995,0.978,TRUE,FALSE,Sears,FALSE
676664,2023,"Sears, JP",212,31.5668222659655,16.5698113207547,8.99336734023976,-1.4296059903944,-0.528215585588474,-2.90604085650767,-3.34189752308798,0.99,0.954,TRUE,FALSE,Sears,FALSE
676664,2024,"Sears, JP",256,28.5143908628336,16.51484375,7.8933835998062,-5.07030424867533,-3.70457777301958,-2.70884952356966,-3.11414118201065,0.982,0.96,TRUE,FALSE,Sears,FALSE
676664,2025,"Sears, JP",157,24.6218509981657,20.7146496815287,8.70076110958233,-3.16499979816133,-2.12319550666015,-1.72853794771767,-2.14244159478949,0.956,0.977,TRUE,FALSE,Sears,FALSE
676684,2021,"Vest, Will",60,24.8711081122437,41.495,9.21659420289855,-8.9426771372434,-10.5091087729453,-6.54076021522995,-7.75356067668577,0.993,0.974,TRUE,FALSE,Vest,FALSE
676760,2022,"Marinaccio, Ron",149,41.3306833571013,31.5348993288591,10.5978543523991,8.10767443840141,7.3685931615624,4.16245349439775,3.53709983428402,0.96,0.989,TRUE,FALSE,Marinaccio,FALSE
676760,2023,"Marinaccio, Ron",142,43.8457766877388,33.4535211267606,10.9330526638089,-1.70240985868506,-1.5559611728504,-2.16844082380018,-2.36162852599625,0.955,0.99,TRUE,FALSE,Marinaccio,FALSE
676760,2024,"Marinaccio, Ron",61,43.5490276542457,32.4426229508197,11.3629475572955,-0.953527598294754,-0.69081128530993,1.86872226747292,1.90316061821672,0.946,0.987,TRUE,FALSE,Marinaccio,FALSE
676760,2026,"Marinaccio, Ron",110,39.6880336262136,25.9072727272727,11.9032535885167,-5.43575316268,-5.55280480424053,-5.12056635948846,-5.80251291022171,0.957,0.986,TRUE,FALSE,Marinaccio,FALSE
676879,2022,"Ashby, Aaron",201,13.2173211568941,44.4417910447761,6.37786872091158,1.24128445657191,1.42616650789366,-0.509528767866833,-0.512178343760617,0.836,0.918,TRUE,TRUE,Ashby,FALSE
676917,2026,"Cavalli, Cade",70,26.1094222459899,32.9185714285714,7.66098674521355,-15.5117168534614,-13.6334149478566,-8.32820857993873,-7.35851842036738,0.957,0.832,TRUE,FALSE,Cavalli,FALSE
676974,2024,"Meyer, Max",67,15.0938022236992,45.4164179104478,7.44371224815869,-7.47842364665047,-8.37075341496087,-6.61674864162286,-6.77051042312116,0.912,0.821,TRUE,TRUE,Meyer,FALSE
676974,2025,"Meyer, Max",75,11.1233505062026,35.424,5.53220779220779,-12.033513127132,-12.1804955668316,-4.37872067983054,-4.02042177198103,0.862,0.778,FALSE,FALSE,Meyer,FALSE
676974,2026,"Meyer, Max",80,12.3923987923186,38.3,7.75249999999999,1.94665734888234,2.63022391573791,4.91679263788401,5.24966501091066,0.899,0.877,TRUE,FALSE,Meyer,FALSE
677161,2024,"Kelly, Zack",92,48.35040785597,33.4619565217391,12.6624125874126,-2.8309779037967,-3.34184279084995,0.203573440893185,-0.112420126740959,0.937,0.951,TRUE,FALSE,Kelly,FALSE
677651,2021,"Garcia, Luis",127,31.475539725077,41.7968503937008,9.90371797219445,4.69834704563415,5.77970089101322,6.82742564277603,7.42954727476098,0.991,0.887,TRUE,FALSE,Garcia,FALSE
677651,2022,"Garcia, Luis",124,28.9297269029122,39.7322580645161,9.28924653264765,-6.87612845089942,-3.8455123600969,-8.26185803631196,-6.39994941844795,0.992,0.897,TRUE,FALSE,Garcia,FALSE
677944,2024,"Cecconi, Slade",78,8.30528221946056,32.075641025641,12.6072685788787,-6.18009046387794,-5.8434627324492,-1.89898920363529,-1.99469789160899,0.941,0.992,TRUE,FALSE,Cecconi,FALSE
677944,2025,"Cecconi, Slade",62,14.3499015969041,36.0564516129032,10.4602401433692,-7.01659047958177,-6.23134247898657,-5.64325657924005,-5.1482326615004,0.897,0.953,TRUE,FALSE,Cecconi,FALSE
677955,2025,"Hill, Jaden",69,27.8422236424609,24.5086956521739,11.9889541715629,-5.15193049265177,-4.83781492878267,-4.14727476488235,-4.33435936321588,0.996,0.948,TRUE,FALSE,Hill,FALSE
677960,2023,"Weathers, Ryan",135,4.45353918897135,39.4096296296296,8.48896990740741,0.188897004047806,-0.399997560603408,-0.252927083815334,0.121285153309862,0.944,0.967,TRUE,FALSE,Weathers,FALSE
677960,2024,"Weathers, Ryan",203,16.1967970735572,33.14039408867,9.45015649730576,5.98340928781094,5.67055663565345,5.31436477501261,4.87755768854284,0.816,0.959,TRUE,FALSE,Weathers,FALSE
677960,2025,"Weathers, Ryan",96,20.2306642905871,38.290625,9.64115120274914,7.89340089660431,7.12055802235248,6.24163883668,5.26059745240293,0.696,0.932,FALSE,FALSE,Weathers,FALSE
677960,2026,"Weathers, Ryan",232,19.265398223083,32.8318965517241,10.1095939345338,4.80068075390495,4.63229703298307,-0.777784590781472,-1.11891849168912,0.616,0.923,FALSE,FALSE,Weathers,FALSE
678022,2026,"Perkins, Jack",115,29.0552328882174,35.115652173913,6.18201265564401,8.96936494930531,8.44946041393883,6.55532312463968,5.6855229341628,0.92,0.925,TRUE,FALSE,Perkins,FALSE
678024,2025,"Vasil, Mike",102,25.4865733413241,30.6647058823529,8.08587980646804,-8.37636218774128,-6.98045687007812,-5.98822687195437,-4.78043419970259,0.891,0.783,FALSE,FALSE,Vasil,FALSE
678368,2024,"Bellozo, Valente",65,37.6487273280397,33.8230769230769,7.9855362156092,0.744585055505268,3.36952481860715,3.67965249161326,4.80378414928225,0.892,0.89,TRUE,FALSE,Bellozo,FALSE
678368,2025,"Bellozo, Valente",88,39.0476880754834,33.2647727272727,9.39624401913876,-7.04670834567487,-4.32873582175039,-1.39721869910437,-0.0203135975616407,0.861,0.867,TRUE,FALSE,Bellozo,FALSE
678394,2022,"Bello, Brayan",120,15.9837392650962,30.3941666666667,8.80639784946236,9.09557399165898,9.1556439130203,6.66055975487699,6.8673544804008,0.985,0.865,TRUE,FALSE,Bello,FALSE
678394,2023,"Bello, Brayan",335,21.7472022323919,27.3071641791045,9.29710337202875,6.92210084667961,6.79721710418592,6.61123075680515,6.05739608581657,0.993,0.917,TRUE,FALSE,Bello,FALSE
678394,2024,"Bello, Brayan",390,21.3371820758769,26.8674358974359,8.0310518877448,5.17107989871219,5.24652574783423,2.62128772690054,2.60153496196021,0.981,0.815,TRUE,FALSE,Bello,FALSE
678394,2025,"Bello, Brayan",204,19.5126618238802,30.1186274509804,6.26764705882353,2.75788119104899,2.77432360828057,2.65162029982692,2.19350198203218,0.958,0.808,TRUE,FALSE,Bello,FALSE
678394,2026,"Bello, Brayan",121,20.3190304989783,36.4148760330579,6.44749891257068,-1.31728469656606,-1.76153737006928,0.857923612798787,0.463454665277159,0.973,0.82,TRUE,FALSE,Bello,FALSE
678606,2023,"Ferrer, José A.",63,12.9212002307719,32.9063492063492,10.2487394957983,0.878084219680425,-1.01365215524662,5.04025509975285,4.83239572876774,0.975,0.993,TRUE,FALSE,Ferrer,FALSE
678606,2025,"Ferrer, José A.",134,18.2359256395532,30.1940298507463,9.98217403548297,7.45316980003428,4.58361117627749,5.38778486853516,3.48096583745841,0.935,0.993,TRUE,FALSE,Ferrer,FALSE
678692,2025,"Henriquez, Ronny",74,33.1490233128035,34.5081081081081,4.92155858482389,-3.97987987553704,-3.80788544323866,1.30141421541267,-0.0221815428449515,0.956,0.884,TRUE,FALSE,Henriquez,FALSE
679525,2023,"Marsh, Alec",97,18.725710807261,32.6515463917526,7.18288453608248,-2.26524560528474,-1.93135197212348,0.814474544532795,0.831034302654655,0.89,0.847,TRUE,FALSE,Marsh,FALSE
679525,2024,"Marsh, Alec",113,17.7791054868754,29.4796460176991,7.81737348676997,-12.5183752566769,-11.4872173618896,-6.15679777036145,-5.91801494985803,0.888,0.845,TRUE,FALSE,Marsh,FALSE
680570,2023,"Rodriguez, Grayson",276,39.0232081629162,40.1789855072464,13.4135777509136,-3.65032421289816,-3.89530625808665,-4.79724639309603,-4.61877227490508,0.839,0.985,TRUE,FALSE,Rodriguez,FALSE
680570,2024,"Rodriguez, Grayson",223,37.4203116233448,34.9739910313901,12.977234144779,2.93847239376521,2.61034106212237,4.31650159382841,4.17814294885889,0.888,0.987,TRUE,FALSE,Rodriguez,FALSE
680570,2026,"Rodriguez, Grayson",88,32.1347574493654,36.5636363636364,13.0798503325942,4.58874149587928,4.42212707721138,3.81982869522921,3.83997535379425,0.864,0.992,TRUE,FALSE,Rodriguez,FALSE
680573,2024,"Woods Richardson, Simeon",205,51.536767659315,43.9921951219512,10.1650855242319,-14.4114382648313,-12.6596987262327,-11.1508039426741,-10.2604561621288,0.867,0.976,TRUE,FALSE,Woods Richardson,FALSE
680689,2025,"Richardson, Lyon",131,22.4041423835887,28.5923664122137,9.01021683814582,-4.58997716899879,-4.25334480288867,-3.4559270866291,-3.38656259081609,0.928,0.933,TRUE,FALSE,Richardson,FALSE
680694,2023,"Bradish, Kyle",70,47.0354074504653,50.6114285714286,4.01423208191127,-11.0841155273797,-11.5985556422508,-5.74676190100622,-6.57926867341648,0.989,0.666,FALSE,TRUE,Bradish,FALSE
680739,2022,"Winder, Josh",86,16.1360066010549,53.4325581395349,5.21425730541899,6.87564134692323,6.27140357185807,0.561751035493011,0.145332834267005,0.989,0.983,TRUE,TRUE,Winder,FALSE
680739,2023,"Winder, Josh",76,26.2332409286454,45.8039473684211,5.56078563196312,-1.40856053503577,-2.68021125615162,0.713314611750161,-0.889278719240643,0.937,0.949,TRUE,TRUE,Winder,FALSE
680767,2024,"Vodnik, Victor",105,32.6908599785234,31.6247619047619,7.86795934411501,-5.0418538550831,-5.71710942131942,-2.31571402417015,-2.4211342117992,0.854,0.923,TRUE,FALSE,Vodnik,FALSE
680767,2025,"Vodnik, Victor",113,29.668001393304,35.353982300885,6.50995098973036,8.66188412030185,7.29650556458873,3.93888889459648,2.48543131589027,0.871,0.893,TRUE,FALSE,Vodnik,FALSE
681190,2024,"Vásquez, Randy",98,24.3503693362576,36.9744897959184,5.69154826487557,-17.6836856133749,-16.3990664246821,-12.6101543121348,-11.6327916825604,0.944,0.868,TRUE,FALSE,Vásquez,FALSE
681293,2024,"Arrighetti, Spencer",98,20.9631740509191,21.4377551020408,8.61038250270639,7.80160050825471,8.54291028351432,6.18210693177987,6.47904167036232,0.961,0.951,TRUE,FALSE,Arrighetti,FALSE
681343,2025,"Smith, Shane",193,23.4145713615895,30.8730569948187,5.73241648705614,-0.161501125691783,0.535470160175534,2.45825248009495,3.41148366867018,0.851,0.8,TRUE,FALSE,Smith,FALSE
681347,2025,"Burrows, Mike",218,27.6942365933073,48.5238532110092,8.12873449358408,8.5103068098757,7.55821444394558,11.5700094636511,10.9985872356499,0.974,0.925,TRUE,TRUE,Burrows,FALSE
681347,2026,"Burrows, Mike",226,22.6562659614298,39.5517699115044,8.24984260854071,-0.248244650413063,0.317507529939305,2.29780144016489,2.90463924973635,0.959,0.941,TRUE,FALSE,Burrows,FALSE
681517,2025,"Leahy, Kyle",64,16.5168750383555,41.896875,5.14917279411765,-13.9067146002201,-13.7054618709134,-6.8337835249525,-6.88513762456829,0.799,0.859,FALSE,FALSE,Leahy,FALSE
681517,2026,"Leahy, Kyle",111,22.8923585887614,40.1594594594595,5.72000077831611,3.47549520309041,2.64834718822377,5.47540929241207,5.36635584309839,0.712,0.853,FALSE,FALSE,Leahy,FALSE
681857,2023,"Olson, Reese",129,21.1046371292282,34.4976744186047,7.03878363413247,5.55862000895132,4.72164772477152,-2.24295920656508,-1.72907158992045,0.704,0.882,FALSE,FALSE,Olson,FALSE
681857,2024,"Olson, Reese",204,21.9109399362633,35.1397058823529,7.65735294117647,13.6855652527603,12.8191633260186,4.33753041906738,4.17493464582588,0.74,0.894,FALSE,FALSE,Olson,FALSE
681857,2025,"Olson, Reese",145,22.2119893503511,35.5006896551724,6.46970114942529,15.4855070828448,14.5542545882363,1.88198039468953,1.40743961565001,0.742,0.878,FALSE,FALSE,Olson,FALSE
682052,2025,"Lopez, Jacob",103,17.1825014327526,15.7766990291262,7.96630389838077,4.19994199678749,3.06835543415359,6.70023180336617,7.24807801562183,0.972,0.94,TRUE,FALSE,Lopez,FALSE
682227,2023,"Williamson, Brandon",152,35.7537230675289,40.3776315789474,8.73200076861138,9.78571565914597,11.0291816302404,6.85689349039671,7.73586468916083,0.988,0.995,TRUE,FALSE,Williamson,FALSE
682227,2026,"Williamson, Brandon",60,27.4347092977864,39.0016666666667,7.44393081761006,7.1484271889521,9.8971132929619,7.44525476436505,8.45712791638171,0.993,0.99,TRUE,FALSE,Williamson,FALSE
682608,2026,"Gray, Peyton",150,24.5943988069803,37.8026666666667,9.65227261462206,-1.48842094671639,-2.35418985116472,2.14070179927623,1.99733228042738,0.943,0.986,TRUE,FALSE,Gray,FALSE
682610,2024,"Muñoz, Roddery",72,4.26324095722013,41.1236111111111,5.98170545857579,6.77717311613492,6.7767383403387,3.60294331830435,4.3044464701169,0.954,0.901,TRUE,FALSE,Muñoz,FALSE
682847,2023,"Ortiz, Luis",88,16.8627575231432,31.5295454545455,6.43988359201774,6.43667380405186,6.08392091235419,1.40026852813408,0.475448390614586,0.984,0.923,TRUE,FALSE,Ortiz,FALSE
682847,2025,"Ortiz, Luis",99,13.6547264325954,27.7848484848485,6.9560915275201,0.76591556998757,0.0722165584934374,4.79319785673757,4.1643281643196,0.962,0.896,TRUE,FALSE,Ortiz,FALSE
683003,2024,"Jones, Jared",65,8.7806062515677,44.2338461538462,7.76440120984222,-10.004259647547,-10.8687682946181,-11.2708507580576,-12.3902343711924,0.859,0.923,TRUE,TRUE,Jones,TRUE
683004,2025,"Leiter, Jack",181,14.6706458146636,43.6093922651934,6.5212003466147,-7.56540819435256,-8.80677568541471,-1.70419851167764,-2.80975581407809,0.796,0.951,FALSE,FALSE,Leiter,FALSE
683004,2026,"Leiter, Jack",122,11.1201485702569,44.9967213114754,6.61085989396064,-5.67126038169585,-6.8913700882762,-0.4975426767437,-1.27986492391596,0.74,0.933,FALSE,TRUE,Leiter,FALSE
683155,2024,"Estes, Joey",101,17.7852445116219,40.3455445544554,7.47309961024976,-5.88648886191751,-5.55298147784953,1.57767497692283,1.84025845103174,0.992,0.916,TRUE,FALSE,Estes,FALSE
683409,2024,"Chivilli, Angel",128,11.9362197434212,40.48828125,8.35968309859154,23.4400737453556,23.1856677950541,19.8418121995702,19.7803783253525,0.927,0.995,TRUE,FALSE,Chivilli,FALSE
683409,2025,"Chivilli, Angel",195,12.6104359893443,34.4174358974359,8.36206877699414,9.20029183269585,9.32668049842501,6.86479924753852,6.10239301713733,0.932,0.993,TRUE,FALSE,Chivilli,FALSE
683627,2024,"Molina, Anthony",105,17.004871859129,50.1342857142857,9.68207227555054,-7.81388667317751,-9.14012123187496,-7.82380015955615,-9.044826550877,0.955,0.991,TRUE,TRUE,Molina,FALSE
684974,2026,"Yoho, Craig",80,52.5752197471363,16.31875,14.83,-1.10921551071608,-1.2193250748919,5.66876051640799,4.7922132035175,0.872,0.993,TRUE,FALSE,Yoho,FALSE
685126,2025,"Eisert, Brandon",174,13.7546995797383,30,6.16830721003135,9.94680126288043,8.25113183821648,9.28367553858215,8.17721125253288,0.881,0.956,TRUE,FALSE,Eisert,FALSE
685299,2024,"Gordon, Tanner",77,13.4302171168096,48.2714285714286,8.11863335340156,-5.79480425172996,-5.86946112378953,-4.06558703396092,-5.21294844186098,0.971,0.992,TRUE,TRUE,Gordon,FALSE
685299,2025,"Gordon, Tanner",155,19.1263203238368,44.8283870967742,9.02241174448863,-3.29852861419875,-3.46191919081768,-4.8719312050555,-5.44872115033299,0.943,0.993,TRUE,TRUE,Gordon,FALSE
685299,2026,"Gordon, Tanner",111,17.7917493925188,44.2936936936937,8.19763753114816,-5.59808868505271,-5.91635158552855,-7.51651312152487,-7.81724143494917,0.974,0.982,TRUE,TRUE,Gordon,FALSE
686218,2023,"Sheehan, Emmet",77,48.7532935295032,28.874025974026,12.4701740007565,14.750770670832,14.2964473072527,13.592136040611,12.977619408967,0.863,0.987,TRUE,FALSE,Sheehan,FALSE
686218,2025,"Sheehan, Emmet",96,54.3760467420232,33.1520833333333,9.34939365671642,0.0248798489760915,-0.362520412712758,-0.908962769558599,-0.789691592390988,0.985,0.987,TRUE,FALSE,Sheehan,FALSE
686218,2026,"Sheehan, Emmet",139,55.0655368028449,32.0690647482014,8.78348312753808,-7.94942675368424,-7.91666719241842,-3.79948013747774,-2.85421910033974,0.987,0.978,TRUE,FALSE,Sheehan,FALSE
686563,2024,"Cannon, Jonathan",197,19.3334446439158,22.7142131979695,8.56396142947424,-3.25832358533512,-0.400921707427493,-1.00426529859699,-0.168502175053754,0.765,0.894,FALSE,FALSE,Cannon,FALSE
686563,2025,"Cannon, Jonathan",208,17.101793884374,25.4158653846154,8.2368076923077,-7.83040249024437,-4.78759588494799,-4.04407556102634,-2.92157775723669,0.751,0.863,FALSE,FALSE,Cannon,FALSE
686610,2023,"Waldichuk, Ken",213,23.35456317003,32.2300469483568,9.060406885759,7.81122929790487,7.38323967660526,7.58017856506162,7.58329553288019,0.985,0.92,TRUE,FALSE,Waldichuk,FALSE
686613,2024,"Brown, Hunter",150,21.6069264246493,50.2853333333333,7.55736300692384,-5.86622960941829,-6.73381714504286,-0.800086971763543,-2.03385566450274,0.955,0.915,TRUE,TRUE,Brown,FALSE
686613,2025,"Brown, Hunter",158,23.9097167329011,48.3126582278481,8.54727791082221,-7.66896697787019,-9.98710712879673,-3.70046370427366,-5.46167751516424,0.965,0.95,TRUE,TRUE,Brown,FALSE
686730,2024,"Spiers, Carson",91,32.7726905356351,27.9681318681319,5.59456720385446,-6.58931474053651,-5.96030287081972,-0.128154842960421,0.329328170324346,0.988,0.859,TRUE,FALSE,Spiers,FALSE
686752,2022,"Pepiot, Ryan",69,35.33036617357,33.2492753623188,7.26268379127628,-2.62614261896249,-1.52411951695674,-3.3253343617215,-2.43546041825985,0.916,0.978,TRUE,FALSE,Pepiot,FALSE
686752,2023,"Pepiot, Ryan",132,40.2128328183459,38.6356060606061,7.57055067289206,1.46977899707535,2.97942446945411,0.758990874879749,1.42122692695239,0.879,0.977,TRUE,FALSE,Pepiot,FALSE
686752,2024,"Pepiot, Ryan",252,48.0621766853426,39.8769841269841,9.07529432437182,-5.65188512993525,-4.02177806126892,-6.8810991316685,-6.47652484556321,0.821,0.991,TRUE,FALSE,Pepiot,FALSE
686752,2025,"Pepiot, Ryan",356,48.9102026322082,38.233988764045,8.36982733866261,-4.95068221635334,-3.92774985663873,-1.15330836776384,-0.867338817977263,0.805,0.988,TRUE,FALSE,Pepiot,FALSE
686799,2025,"Kochanowicz, Jack",151,13.3200915598065,30.8384105960265,5.47189724602554,3.21542135038678,4.58698657733559,3.8518364831431,4.7617627325585,0.632,0.818,FALSE,FALSE,Kochanowicz,FALSE
686799,2026,"Kochanowicz, Jack",135,9.38490584230843,36.3933333333333,6.16139077853363,2.78317580246124,3.71994443106274,0.718065245638399,1.9820457189188,0.618,0.815,FALSE,FALSE,Kochanowicz,FALSE
686973,2026,"Varland, Louis",81,17.1118872195086,36.4802469135802,5.84509700176366,-1.83993509013752,-2.23032187270992,1.37091905706345,1.11811969293097,0.772,0.935,FALSE,FALSE,Varland,FALSE
687473,2025,"Gusto, Ryan",76,38.5669077951931,38.0815789473684,7.04586099514065,-10.9039842597481,-9.52170871259234,-4.609401490219,-4.53526717481011,0.984,0.904,TRUE,FALSE,Gusto,FALSE
687562,2026,"Bennett, Jake",132,15.6286341683145,34.2628787878788,9.58491511203237,6.35093587300901,5.82972503348558,3.32150986684239,3.0418831544256,0.868,0.904,TRUE,FALSE,Bennett,FALSE
687570,2026,"Prielipp, Connor",74,10.0009223066106,35.7662162162162,9.16442678942678,-11.7904370428137,-9.73124761790771,-10.3539125674042,-8.89992554237531,0.818,0.908,TRUE,FALSE,Prielipp,FALSE
687792,2024,"Herz, DJ",196,31.8591702231996,37.0571428571429,9.78624584717608,-6.39543008140125,-6.40771711463039,-3.97642230234697,-3.52714915584552,0.916,0.988,TRUE,FALSE,Herz,FALSE
687798,2023,"Robertson, Nick",65,37.1706578432148,30.2353846153846,7.00377622377622,2.23833324742693,2.16180125963185,6.07181671485789,5.81662577644853,0.989,0.953,TRUE,FALSE,Robertson,FALSE
687888,2025,"Walter, Brandon",72,44.0911611861274,20.375,10.8760881104034,8.29249102568735,7.44112290023742,4.42996597866696,4.28518233356431,0.942,0.887,TRUE,FALSE,Walter,FALSE
687931,2025,"Whisenhunt, Carson",82,38.6194510877047,43.240243902439,11.5186366479049,4.17519574960696,4.56368733612624,0.0817978436536155,0.785887580640266,0.937,0.988,TRUE,FALSE,Whisenhunt,FALSE
688138,2025,"Evans, Logan",72,12.2129522700392,26.9625,5.52752267573697,-6.98972611263983,-7.78419179552933,-2.56212725041164,-2.84117225575282,0.916,0.943,TRUE,FALSE,Evans,FALSE
689017,2024,"Knack, Landon",70,17.6199062986306,52.6028571428572,9.43770676691729,-1.49812496547002,-0.586786211655715,0.119190918591705,0.0311273632897491,0.983,0.98,TRUE,TRUE,Knack,FALSE
689017,2025,"Knack, Landon",103,22.8765273822487,53.5252427184466,8.44474822006473,2.10732689788484,0.913554007926826,6.32425755119135,5.32896157363288,0.886,0.961,TRUE,TRUE,Knack,FALSE
689225,2022,"Brieske, Beau",167,20.6851603467276,47.7544910179641,12.4318308588303,-12.6943272362089,-11.4535028675831,-11.6121135671708,-11.4089501315099,0.995,0.929,TRUE,TRUE,Brieske,FALSE
689225,2023,"Brieske, Beau",80,25.1301998613841,43.76875,7.74963562753037,-4.00407219532394,-4.6292154195196,-7.59570225375592,-8.3001127661985,0.879,0.829,TRUE,FALSE,Brieske,FALSE
689225,2024,"Brieske, Beau",182,26.6336863104011,45.9730769230769,7.59997956092048,-2.71358833885521,-3.34634840978222,-7.18992654383462,-8.26804470750591,0.872,0.876,TRUE,TRUE,Brieske,FALSE
689296,2026,"Nunez, Anthony",79,65.3793153624449,39.3772151898734,8.38903556359253,5.16264781312621,4.25978161259291,-5.31197997618982,-5.89977449018832,0.625,0.795,FALSE,FALSE,Nunez,FALSE
689672,2024,"Thorpe, Drew",140,19.5566175737541,51.6878571428572,9.3678078817734,2.93287669830613,3.37564398433198,2.99166172564422,2.5279202153573,0.978,0.909,TRUE,TRUE,Thorpe,FALSE
689690,2025,"Jacob, Alek",97,32.7875258375301,-3.91958762886598,10.8897324596185,-5.5065321081691,-4.89966389998931,-0.135807700118079,-1.09238542863141,0.971,0.879,TRUE,FALSE,Jacob,FALSE
690986,2024,"Harrison, Kyle",209,29.3102319933438,19.28995215311,7.67559568577875,-3.43266510068123,-2.71817428058139,-2.55150883922955,-2.81492441352016,0.983,0.988,TRUE,FALSE,Harrison,FALSE
690986,2026,"Harrison, Kyle",67,43.5559783208067,30.5686567164179,8.75610631675745,-6.02669941877963,-5.40086548725525,-5.06780298315285,-5.905541817324,0.874,0.977,TRUE,FALSE,Harrison,FALSE
690990,2025,"Horton, Cade",113,16.9221286956786,46.7026548672566,7.82299802140038,9.09825926842435,6.84277106802635,9.31463292614681,8.26189797993641,0.775,0.743,FALSE,TRUE,Horton,FALSE
690997,2026,"McLean, Nolan",68,29.9558846554692,31.6264705882353,7.92803416448547,-10.8712066229589,-11.2894043229115,-2.72851199089178,-2.35635469919587,0.81,0.908,TRUE,FALSE,McLean,FALSE
691587,2026,"Pérez, Eury",66,17.0984835583906,32.0909090909091,8.26738483096864,5.43359301591817,7.11473704031932,-0.981220474510866,1.53438749774163,0.983,0.965,TRUE,FALSE,Pérez,FALSE
691951,2026,"Aldegheri, Sam",105,53.5582675012505,37.2057142857143,11.840753968254,1.56213595484416,3.57495559111238,3.77440378757456,5.05146165485896,0.919,0.93,TRUE,FALSE,Aldegheri,FALSE
693433,2024,"Woo, Bryan",82,14.2989843340033,26.509756097561,5.18923711280123,-8.41961807999393,-8.05432652894272,0.422433442312473,0.0623078750005985,0.86,0.909,TRUE,FALSE,Woo,FALSE
693433,2025,"Woo, Bryan",88,11.9097019513105,24.0227272727273,6.08463254035684,-5.6673479228123,-4.19019179767815,-0.983336175722526,-1.08946381598717,0.877,0.906,TRUE,FALSE,Woo,FALSE
693433,2026,"Woo, Bryan",63,10.3648814445194,23.2539682539683,6.28885418379089,-10.8064940868723,-10.0400548931842,-6.84743690972195,-7.0159545623972,0.855,0.916,TRUE,FALSE,Woo,FALSE
693821,2023,"Elder, Bryce",173,17.3078198640503,52.471676300578,5.67235870263327,-1.41030036340122,-1.25067706656655,-6.55563392382561,-6.99260654167947,0.657,0.836,FALSE,TRUE,Elder,FALSE
693821,2025,"Elder, Bryce",133,16.8601403016008,51.6736842105263,6.23765968318856,-9.46270049894973,-8.87829836936652,-9.84166881095446,-10.2924414489525,0.639,0.815,FALSE,TRUE,Elder,FALSE
693821,2026,"Elder, Bryce",72,28.0938531839092,47.7541666666667,7.00879746835443,0.307976907920463,-0.564437814362059,-8.47064195735737,-9.4923806122459,0.696,0.816,FALSE,TRUE,Elder,FALSE
693855,2025,"Seymour, Ian",173,21.2600307299699,47.0375722543353,7.91823270910451,4.45922306568056,3.8904506837439,9.00359376558835,8.69207020564368,0.974,0.94,TRUE,TRUE,Seymour,FALSE
693855,2026,"Seymour, Ian",198,22.5801804592973,42.3085858585859,8.02322026232474,6.01573477072868,5.86111403945376,7.60965358920366,7.80642298457704,0.94,0.925,TRUE,FALSE,Seymour,FALSE
694297,2023,"Pfaadt, Brandon",89,19.7345706249225,25.5943820224719,6.94575564884554,3.81891896286801,4.7743695543377,8.7191164227117,8.92271762551294,0.856,0.772,FALSE,FALSE,Pfaadt,FALSE
694297,2024,"Pfaadt, Brandon",154,17.2560977609042,24.3603896103896,6.4233131530124,1.17578664120692,2.75311851031298,-0.308089901203403,0.801056472249152,0.823,0.722,FALSE,FALSE,Pfaadt,FALSE
694297,2025,"Pfaadt, Brandon",239,17.993378535054,22.8267782426778,6.33455686572841,-1.82153941864595,-0.422242403467708,-2.15032768977286,-1.01103726570701,0.866,0.757,FALSE,FALSE,Pfaadt,FALSE
694297,2026,"Pfaadt, Brandon",77,16.755533234939,23.2831168831169,6.17719155844156,-6.57338276958837,-5.42884352394913,-8.78261977996655,-8.27357292028915,0.863,0.751,FALSE,FALSE,Pfaadt,FALSE
694363,2023,"Shuster, Jared",95,9.78310620308844,47.1421052631579,9.29568115539508,3.41707478430449,2.92949775649339,2.46015284086959,1.64781733226511,0.976,0.933,TRUE,TRUE,Shuster,TRUE
694363,2024,"Shuster, Jared",170,10.595719752854,42.2029411764706,8.52398733406407,2.8597974223173,1.68045502187752,-2.65325303684186,-3.32430759171616,0.99,0.95,TRUE,FALSE,Shuster,FALSE
694738,2026,"Roupp, Landen",226,26.9512341487503,17.7513274336283,5.65327612407258,2.21647035489315,2.39289744593918,-1.95008111548482,-1.73063356910511,0.859,0.841,TRUE,FALSE,Roupp,FALSE
694813,2023,"Stone, Gavin",111,24.8259576606519,49.3144144144144,8.47105781277966,11.8848545739987,7.06492524758507,9.36909623052805,6.20651468931619,0.991,0.935,TRUE,TRUE,Stone,FALSE
694813,2024,"Stone, Gavin",312,25.5191226735701,46.6416666666667,7.50017608065184,6.76868974819515,2.75253845492736,2.07171882972088,-0.668042275242475,0.985,0.951,TRUE,TRUE,Stone,FALSE
694973,2024,"Skenes, Paul",62,32.9542200008895,20.8838709677419,11.5047458807148,14.7369502768857,12.5520406010691,13.9279552231889,12.5660893837211,0.938,0.978,TRUE,FALSE,Skenes,FALSE
694973,2025,"Skenes, Paul",173,24.5311548947043,21.1976878612717,9.45529072618393,8.12258532068153,7.08913289360882,6.87522912911962,6.00449172629827,0.979,0.971,TRUE,FALSE,Skenes,FALSE
694973,2026,"Skenes, Paul",154,25.5107457665149,23.6168831168831,8.10217861848297,4.65414849434655,4.91081627715946,4.0552191072125,3.98149070082154,0.974,0.972,TRUE,FALSE,Skenes,FALSE
695076,2026,"Lowder, Rhett",116,30.1150790488796,24.3120689655172,7.17140899748801,-3.59252462771929,-3.81223619930733,0.447825884620849,0.265264634004852,0.911,0.896,TRUE,FALSE,Lowder,FALSE
695418,2025,"Lord, Brad",137,16.8513134151876,17.7583941605839,8.83903199796299,-10.5451214813119,-9.13009392812874,-3.41088862100152,-3.05284019810354,0.987,0.981,TRUE,FALSE,Lord,FALSE
696136,2023,"Wicks, Jordan",90,26.9709997086397,49.4333333333333,10.7829317269076,-0.998382571942236,-2.73575700452626,-7.66564669139939,-9.23175713085121,0.938,0.865,TRUE,TRUE,Wicks,FALSE
696136,2024,"Wicks, Jordan",117,27.8792837876654,49.8213675213675,10.2400373931624,11.1679733621971,8.96756608103713,3.95135915088006,2.33897830622725,0.948,0.871,TRUE,TRUE,Wicks,FALSE
696149,2026,"Chandler, Bubba",139,23.926990152041,37.9870503597122,6.66309134510574,-12.9376282671689,-12.5187640448051,-4.5930069650658,-4.24996940102514,0.952,0.956,TRUE,FALSE,Chandler,FALSE
699134,2026,"Rodriguez, Bradgley",177,21.9717539188493,42.7960451977401,8.35516207429851,-1.72081046227576,-1.19859792386418,3.74267701566214,3.62272184940291,0.961,0.896,TRUE,FALSE,Rodriguez,FALSE
700241,2025,"McGreevy, Michael",77,8.5816446690911,34.3402597402597,4.88490303262422,3.81921343795266,3.51177081378465,2.39223524655563,1.62140431236485,0.752,0.86,FALSE,FALSE,McGreevy,FALSE
700241,2026,"McGreevy, Michael",177,11.6345470354276,33.7310734463277,4.90063467605841,-0.629548108465649,-0.63778695865442,-1.79495702700837,-1.7129415952045,0.686,0.818,FALSE,FALSE,McGreevy,FALSE
700249,2024,"Povich, Cade",81,11.9660135561902,37.4271604938272,6.51883479474764,-3.36972733605933,-3.02836248226701,3.69906185544343,4.09872214175361,0.942,0.92,TRUE,FALSE,Povich,FALSE
700249,2025,"Povich, Cade",128,19.280278380056,39.3484375,8.43693298090041,8.84617650193711,9.14831275754579,7.1801717559936,7.8792260600354,0.746,0.947,FALSE,FALSE,Povich,FALSE
700712,2026,"Ureña, Walbert",248,12.1656003915142,44.1713709677419,6.8681417149159,2.10557381478292,2.05565860533083,0.436056289865654,0.275819826835636,0.911,0.874,TRUE,TRUE,Ureña,FALSE
701487,2025,"Ohl, Pierson",128,45.2864470545981,46.83046875,10.7527245273109,1.18112881481943,1.34531286113612,-2.9664916463875,-3.26858300197985,0.838,0.993,TRUE,TRUE,Ohl,FALSE
701519,2026,"Adams, Travis",81,19.281047863085,38.2962962962963,8.51624065379934,7.99112405049655,9.41261446068591,4.11732824979981,4.50568647035848,0.86,0.819,TRUE,FALSE,Adams,FALSE
701542,2025,"Warren, Will",120,23.2771844572734,27.7416666666667,6.19319742489271,0.634685897127137,1.16591281095766,2.63638460305853,2.90687456554003,0.862,0.762,FALSE,FALSE,Warren,FALSE
701542,2026,"Warren, Will",80,23.0639067845352,30.44375,6.82898496240601,-5.89765703824273,-6.26937677961568,-6.44101545696049,-6.38901753622443,0.834,0.763,FALSE,FALSE,Warren,FALSE
701581,2024,"Festa, David",155,19.9769907658138,52.4103225806452,6.156048752007,0.634629668400215,-0.214649594691398,2.74252283549262,0.994210596482428,0.871,0.89,TRUE,TRUE,Festa,FALSE
701581,2025,"Festa, David",134,13.6317103850787,47.1313432835821,6.31701385160528,10.1849739452637,8.35462578564703,8.7403728976251,7.46836330813465,0.812,0.869,TRUE,TRUE,Festa,FALSE
701656,2025,"Henderson, Logan",85,38.4120847728236,31.6941176470588,11.0927941176471,-3.45833250592083,-3.60350539577274,1.23786142755856,0.944243559381172,0.945,0.979,TRUE,FALSE,Henderson,FALSE
701656,2026,"Henderson, Logan",120,37.8171205477438,30.6275,10.6631666666667,0.658387808178941,2.01487029756045,9.97129504511856,9.30868069839291,0.935,0.987,TRUE,FALSE,Henderson,FALSE
702070,2025,"Cameron, Noah",199,21.9093794481155,51.051256281407,11.1772602064614,5.21146064113476,6.65462155475299,3.86371726430334,4.62268501460736,0.981,0.887,TRUE,TRUE,Cameron,FALSE
702070,2026,"Cameron, Noah",180,20.4494235839088,48.185,11.5668428970557,-1.95992229964835,-0.315316379167802,0.22413304493188,1.0730079081262,0.978,0.906,TRUE,TRUE,Cameron,FALSE
702275,2026,"Ritchie, JR",86,19.4097837860402,26.4732558139535,6.1756654525077,-7.6114582385464,-6.82729775841663,-1.24736189755901,-1.19122587301645,0.835,0.842,TRUE,FALSE,Ritchie,FALSE
702352,2025,"Bivens, Spencer",107,9.52945766604205,35.1616822429907,6.55286719741548,-5.93516643876877,-3.89835294820777,-3.42290401627032,-2.27236957804627,0.663,0.893,FALSE,FALSE,Bivens,FALSE
702474,2026,"Paredes, Mike",69,31.549031283007,35.8579710144928,5.11208439897698,-9.07949553956229,-9.3986019787363,-3.35558637919956,-4.26555832633443,0.852,0.869,TRUE,FALSE,Paredes,FALSE
800048,2025,"Messick, Parker",77,27.0817185789563,41.5415584415584,8.18155266955268,-1.53736091409868,-3.00916863047551,-4.71119383492938,-4.17813982501701,0.774,0.926,FALSE,FALSE,Messick,FALSE
800048,2026,"Messick, Parker",249,29.1152741337985,38.3497991967871,8.3914227121251,2.01318319351389,1.80628903506008,-2.2011279689366,-1.43768732559213,0.766,0.925,FALSE,FALSE,Messick,FALSE
801403,2025,"Dollander, Chase",61,18.7998227907011,23.6131147540984,8.55975381473708,-10.5265117672893,-11.9055393539908,-7.99017308191597,-8.0310714692051,0.973,0.943,TRUE,FALSE,Dollander,FALSE
805123,2026,"Blubaugh, AJ",115,33.0208397695666,39.9495652173913,9.93050664750269,-1.61528379200971,-1.05211647982884,-3.64177473368835,-3.72469446137007,0.772,0.992,FALSE,FALSE,Blubaugh,FALSE
805673,2026,"Matthews, Zebby",64,31.5269638882615,31.60625,9.0508445945946,-13.5373762347533,-13.1811259813375,-7.89918106709886,-7.58884546016541,0.973,0.944,TRUE,FALSE,Matthews,FALSE
806185,2024,"Birdsong, Hayden",110,47.5441774092048,37.7881818181818,7.57277720663828,0.305073521703007,-1.22190907705928,0.0886223582016854,0.320077989067212,0.908,0.969,TRUE,FALSE,Birdsong,FALSE
806185,2025,"Birdsong, Hayden",88,44.0576964631663,44.6352272727273,6.69831593927894,2.31263337172023,2.37875998644748,3.76168756341147,2.21251196382989,0.888,0.942,TRUE,TRUE,Birdsong,FALSE
806188,2025,"Gibson, Cade",68,18.9325603963109,34.1235294117647,7.06282489740082,-12.1271170136387,-11.5789574060423,-12.2783480872507,-11.5285965411822,0.769,0.854,FALSE,FALSE,Gibson,FALSE
813349,2026,"Early, Connelly",150,36.7243930314404,28.598,10.3316044776119,-5.01126518696036,-4.63871381794932,-7.47364457692799,-6.94891971900403,0.805,0.907,TRUE,FALSE,Early,FALSE
815083,2026,"Farris, Mitch",83,50.6513048468834,47.2301204819277,12.6802416562803,12.7595353208062,11.4843204717247,5.73878192652316,6.13426976582929,0.993,0.986,TRUE,TRUE,Farris,FALSE
829272,2025,"Ogasawara, Shinnosuke",79,17.9700717063109,46.8860759493671,10.0905378534362,-4.50366812796185,-6.04893911779032,2.45832183639504,1.7602708767076,0.96,0.915,TRUE,TRUE,Ogasawara,FALSE
