pitcher,grp,pitch_type,player_name,n,resid_pp,whiff_pct,arm_diff,own_arm,fb_arm,as_gap,spin_nz_pct,cue_val,big,cue_pct,contrib_pp,aligned,share,sim_pct,nz_rate,axis_gap
608718,breaking,SL,"Suter, Brent",223,4.29424917172661,24.6636771300448,2.64878911462532,50.9256116648818,53.4157301919394,-0.24709865470852,100,100,TRUE,0.98804780876494,0.529772632580002,TRUE,0.123367930316674,99,100,-0.25
641745,breaking,SL,"Keller, Brad",260,1.98120873496774,22.6923076923077,2.62027823550563,50.1384615384616,47.8936267389525,-0.265626923076923,100,100,TRUE,0.98804780876494,0.529772632580002,TRUE,0.267398696174549,99,100,-0.27
643511,breaking,SL,"Rogers, Tyler",435,2.8642577300481,26.2068965517241,3.0986323767283,-60.5745721207193,-63.4303955708358,-0.118248275862069,100,100,TRUE,0.98804780876494,0.529772632580002,TRUE,0.184959833405462,99,100,-0.12
657006,breaking,SL,"Steele, Justin",602,-2.90076905370468,27.4086378737542,2.80004555321741,47.3748694826768,45.5000535595001,-0.149563122923588,100,100,TRUE,0.98804780876494,0.529772632580002,FALSE,,99,100,-0.15
657044,breaking,SL,"Thompson, Ryan",363,1.55191559726871,31.9559228650138,3.42879369188551,-6.83626800180017,-10.1007919002549,-0.00573002754820932,100,100,TRUE,0.98804780876494,0.529772632580002,TRUE,0.341366910360572,99,100,-0.01
661403,breaking,SL,"Clase, Emmanuel",309,-8.24331059279836,31.7152103559871,3.43152570744157,54.7250577901063,51.7050966553089,-0.240084142394822,100,100,TRUE,0.98804780876494,0.529772632580002,FALSE,,99,100,-0.24
687765,breaking,SL,"Spence, Mitch",641,0.680777271262469,26.9890795631825,4.88554085728741,42.0380573248408,46.8143007592538,-0.0464836193447739,100,100,TRUE,0.98804780876494,0.529772632580002,TRUE,0.778187896310879,99,100,-0.05
663372,breaking,SL,"Feltner, Ryan",421,4.1424346838993,23.2779097387173,2.82172217289109,42.7946243082163,40.9149759098206,-0.39446080760095,99.2874109263658,99.2874109263658,TRUE,0.972111553784861,0.512101189159127,TRUE,0.123623238080143,97,99.3,-0.39
669203,breaking,SL,"Burnes, Corbin",254,-9.701535513754,38.9763779527559,2.96576862644994,43.5264822134387,42.2456473807917,-0.313,97.6377952755906,97.6377952755906,TRUE,0.968127490039841,0.507683328303908,FALSE,,97,97.6,-0.31
477132,breaking,SL,"Kershaw, Clayton",623,8.83010003523124,26.4847512038523,1.71412309932496,55.1759087307231,54.5960449696575,-0.384268057784912,97.4317817014446,97.4317817014446,TRUE,0.964143426294821,0.50326546744869,TRUE,0.0569943109863659,96,97.4,-0.38
663559,breaking,SL,"Falter, Bailey",507,1.28086144643404,21.1045364891519,1.95233176117372,54.9062814651481,55.4876029800069,-0.362368836291913,96.6469428007889,96.6469428007889,TRUE,0.960159362549801,0.498847606593471,TRUE,0.389462582375541,96,96.6,-0.36
668933,breaking,SL,"Ashcraft, Graham",694,-4.77156961250072,35.4466858789625,3.14317722787475,50.6877521613833,53.3402350720376,-0.141201729106628,96.1095100864553,96.1095100864553,TRUE,0.956175298804781,0.494429745738252,FALSE,,96,96.1,-0.14
676254,breaking,SL,"Walker, Ryan",692,4.01206160886712,33.9595375722543,2.59586156714575,19.0482726697977,16.5828746932918,-0.196443641618497,90.3179190751445,90.3179190751445,TRUE,0.952191235059761,0.490011884883034,TRUE,0.122134686017795,95,90.3,-0.2
613534,breaking,SL,"Adams, Austin",241,7.15878373430612,35.2697095435685,4.04820567455422,10.2551867219917,10.9689189189189,-0.223,89.6265560165975,89.6265560165975,TRUE,0.948207171314741,0.485594024027815,TRUE,0.0678319169918159,95,89.6,-0.22
641927,breaking,SL,"Ober, Bailey",614,2.38859027114448,19.5439739413681,2.45723264209897,31.9150208017545,32.7752080369235,-0.413677524429968,85.9934853420196,85.9934853420196,TRUE,0.944223107569721,0.481176163172596,TRUE,0.201447761462263,94,86,-0.41
552640,breaking,SL,"Kittredge, Andrew",662,3.78492877762159,37.6132930513595,2.31748652242345,40.3036858974359,39.9770665120119,-0.380376132930514,85.0453172205437,85.0453172205437,TRUE,0.940239043824701,0.476758302317377,TRUE,0.125962291585568,94,85,-0.38
573186,breaking,SV,"Stroman, Marcus",224,-3.59744704120658,23.6607142857143,3.11038754361299,31.5353416760405,32.5850768357356,-0.0703482142857142,100,100,FALSE,0.9375,0.473721022979415,FALSE,,94,100,-0.07
607625,breaking,SV,"Lugo, Seth",303,2.11813816852067,22.7722772277228,3.76417559909761,30.7921875,32.3925923740173,-0.124369636963696,100,100,FALSE,0.9375,0.473721022979415,TRUE,0.223649726925164,94,100,-0.12
680694,breaking,SL,"Bradish, Kyle",620,-1.87438389248893,34.8387096774194,3.35354463817843,52.0692811059907,54.2922365009416,-0.304235483870968,83.8709677419355,83.8709677419355,TRUE,0.936254980079681,0.472340441462159,FALSE,,94,83.9,-0.3
666808,breaking,SL,"Doval, Camilo",676,-0.467525253268125,42.8994082840237,3.83531147913799,19.8577666746684,16.1877184456641,-0.210448224852071,77.3668639053254,77.3668639053254,TRUE,0.932270916334661,0.46792258060694,FALSE,,93,77.4,-0.21
681517,breaking,SL,"Leahy, Kyle",379,2.05026941888901,18.7335092348285,2.99229575237112,43.4796833773087,45.8406576337387,-0.446332453825858,67.0184696569921,67.0184696569921,TRUE,0.928286852589641,0.463504719751721,TRUE,0.226070152284125,93,67,-0.45
680573,breaking,SL,"Woods Richardson, Simeon",698,-1.06935084531224,21.3467048710602,3.63608785626189,45.0199140401146,47.5142451342158,-0.455828080229226,63.1805157593125,63.1805157593125,TRUE,0.924302788844621,0.459086858896503,FALSE,,92,63.2,-0.46
669467,breaking,SL,"Pallante, Andre",830,3.82731981629036,30.1204819277108,2.57566085944915,55.4122269184264,57.4065586135499,-0.403836144578314,62.2891566265064,62.2891566265064,TRUE,0.920318725099601,0.454668998041284,TRUE,0.118795663771305,92,62.3,-0.4
670912,breaking,SL,"Oviedo, Johan",304,4.21836379186267,30.5921052631579,3.27794331944799,29.7312761848651,26.6560067642698,-0.412282894736842,59.8684210526317,59.8684210526317,TRUE,0.916334661354582,0.450251137186065,TRUE,0.106735966692728,92,59.9,-0.41
519151,breaking,SL,"Pressly, Ryan",297,0.366707154664449,26.5993265993266,2.93236932581241,58.7634719389622,57.1855167070488,-0.431838383838384,57.5757575757576,57.5757575757576,TRUE,0.912350597609562,0.445833276330847,TRUE,1,91,57.6,-0.43
600917,breaking,SL,"Leclerc, José",261,10.1762105142512,43.2950191570881,4.69527454953559,38.1733021077283,41.7640509334315,-0.383647509578544,54.0229885057472,54.0229885057472,TRUE,0.908366533864542,0.441415415475628,TRUE,0.0433771898544602,91,54,-0.38
668678,breaking,SL,"Gallen, Zac",454,2.90923662281991,23.568281938326,3.51585494302285,42.4905393539461,44.8231313405314,-0.458528634361234,50.4405286343613,50.4405286343613,TRUE,0.904382470119522,0.436997554620409,TRUE,0.150210385498595,90,50.4,-0.46
493603,breaking,ST,"Ottavino, Adam",206,1.50766477975949,23.7864077669903,2.625632710031,22.8252427184466,24.9615327182414,-0.124145631067961,100,100,TRUE,0.903703703703704,0.436244882030261,TRUE,0.289351378295017,90,100,-0.12
543243,breaking,ST,"Gray, Sonny",928,-12.3333435553905,41.0560344827586,1.86450985978043,48.1494166838737,47.406662462584,-0.0195237068965517,100,100,TRUE,0.903703703703704,0.436244882030261,FALSE,,90,100,-0.02
547184,breaking,ST,"Kelly, Michael",348,0.407538446492106,18.1034482758621,3.04374985487055,34.7649425287356,37.0330145322962,-0.0973620689655171,100,100,TRUE,0.903703703703704,0.436244882030261,TRUE,1,90,100,-0.1
592866,breaking,ST,"Williams, Trevor",261,-0.403834903977281,31.8007662835249,1.57433750911534,16.3628,17.2413374093265,-0.125134099616858,100,100,TRUE,0.903703703703704,0.436244882030261,FALSE,,90,100,-0.13
605130,breaking,ST,"Barlow, Scott",460,9.00341747142061,37.6086956521739,4.79763871522639,22.5380098486668,26.8777222502997,-0.113621739130435,100,100,TRUE,0.903703703703704,0.436244882030261,TRUE,0.0484532549351427,90,100,-0.11
605135,breaking,ST,"Bassitt, Chris",278,5.43382009034061,44.2446043165468,6.29430825123636,27.9482071713147,34.2132365155324,0.0374208633093525,100,100,TRUE,0.903703703703704,0.436244882030261,TRUE,0.0802832767330204,90,100,0.04
607481,breaking,ST,"Bummer, Aaron",356,2.85596143466982,41.0112359550562,5.03663998311395,10.6125120743782,5.74364360294669,-0.109463483146067,100,100,TRUE,0.903703703703704,0.436244882030261,TRUE,0.152748870042321,90,100,-0.11
656234,breaking,ST,"Bird, Jake",223,8.61176550256005,33.6322869955157,5.34488609642769,13.1506787330317,18.3432895797369,-0.164162895927602,100,100,TRUE,0.903703703703704,0.436244882030261,TRUE,0.0506568463691419,90,100,-0.16
656557,breaking,ST,"Houck, Tanner",607,4.75117083325823,28.830313014827,2.60062602965404,20.5401976935749,22.771388823514,-0.101845140032949,100,100,TRUE,0.903703703703704,0.436244882030261,TRUE,0.0918183953682624,90,100,-0.1
657376,breaking,ST,"Schmidt, Clarke",319,-0.598812171333265,30.4075235109718,6.18081441556328,28.4877742946709,34.1832594793469,-0.103526645768025,100,100,TRUE,0.903703703703704,0.436244882030261,FALSE,,90,100,-0.1
663542,breaking,ST,"Hudson, Bryan",203,-5.76301756981243,29.064039408867,4.53391721677163,9.91237446197993,14.3941034355691,0.0364726368159204,100,100,TRUE,0.903703703703704,0.436244882030261,FALSE,,90,100,0.04
664208,breaking,ST,"Maton, Phil",245,2.13407850592864,24.8979591836735,3.03548845394654,27.601058904227,30.226656124157,-0.127473469387755,100,100,TRUE,0.903703703703704,0.436244882030261,TRUE,0.20441838518046,90,100,-0.13
668338,breaking,ST,"Miller, Tyson",216,1.79142390414438,25,4.26939272913467,15.1898617511521,19.2075555555556,-0.086,100,100,TRUE,0.903703703703704,0.436244882030261,TRUE,0.243518511180423,90,100,-0.09
669711,breaking,ST,"Weissert, Greg",214,3.86394983770659,26.1682242990654,11.7364743887904,7.49399343700956,19.2304678257999,-0.0689579439252336,100,100,TRUE,0.903703703703704,0.436244882030261,TRUE,0.112901279869924,90,100,-0.07
669713,breaking,ST,"Wesneski, Hayden",300,0.224558654029468,38,2.65710191879429,46.3846666666667,48.0587710706035,-0.219,100,100,TRUE,0.903703703703704,0.436244882030261,TRUE,1,90,100,-0.22
670036,breaking,ST,"Festa, Matt",351,0.284834742666247,23.9316239316239,3.33176896142483,33.6908831908832,31.3524703904548,-0.0895413105413106,100,100,TRUE,0.903703703703704,0.436244882030261,TRUE,1,90,100,-0.09
670167,breaking,ST,"Schreiber, John",370,-5.06350909436619,18.9189189189189,4.75968558244872,6.97466966966967,11.1668071278135,-0.134832432432432,100,100,TRUE,0.903703703703704,0.436244882030261,FALSE,,90,100,-0.13
675848,breaking,ST,"Mejia, Juan",299,2.34897735544435,34.7826086956522,1.87463584035905,36.5672240802676,36.8265071643228,-0.139926421404682,100,100,TRUE,0.903703703703704,0.436244882030261,TRUE,0.185716938062069,90,100,-0.14
676092,breaking,ST,"Snider, Collin",226,-0.626132721532359,23.4513274336283,4.64230522030993,22.5133971291866,17.8982177564267,0.191845132743363,100,100,TRUE,0.903703703703704,0.436244882030261,FALSE,,90,100,0.19
677865,breaking,ST,"Bruihl, Justin",203,-2.10064734881979,24.1379310344828,2.34522058823529,27.2444444444445,25.4485294117647,-0.111192118226601,100,100,TRUE,0.903703703703704,0.436244882030261,FALSE,,90,100,-0.11
681799,breaking,ST,"Roberts, Ethan",224,-0.461900627576756,26.7857142857143,2.77693890779453,32.1023497002107,34.2091265597148,0.0718482142857143,100,100,TRUE,0.903703703703704,0.436244882030261,FALSE,,90,100,0.07
681867,breaking,ST,"Criswell, Cooper",257,0.75413760991995,20.2334630350195,2.66384595458078,14.2048648648649,12.3108626198083,-0.0952062256809337,100,100,TRUE,0.903703703703704,0.436244882030261,TRUE,0.578468539815389,90,100,-0.1
681982,breaking,ST,"Anderson, Grant",322,0.753729377901717,36.3354037267081,9.13775902105713,-0.655239530164197,8.48251949089296,-0.190633540372671,100,100,TRUE,0.903703703703704,0.436244882030261,TRUE,0.578781847729896,90,100,-0.19
687330,breaking,ST,"Kelly, Kevin",296,4.36972023915444,26.3513513513514,2.37139310568215,3.35517874226362,2.91471878091513,-0.0530844594594595,100,100,TRUE,0.903703703703704,0.436244882030261,TRUE,0.0998335953229529,90,100,-0.05
687863,breaking,ST,"Hodge, Porter",213,2.35439244488264,38.9671361502347,6.79591062938591,36.2262910798122,43.0203128567033,-0.160070422535211,100,100,TRUE,0.903703703703704,0.436244882030261,TRUE,0.185289790144568,90,100,-0.16
687911,breaking,ST,"King, Bryan",300,-0.340673013715207,22,2.5760367083163,33.6358380952381,35.3363482831335,-0.13805,100,100,TRUE,0.903703703703704,0.436244882030261,FALSE,,90,100,-0.14
689254,breaking,ST,"Fluharty, Mason",316,1.65188700338378,35.126582278481,6.88463317514922,38.2509493670886,31.3878636888033,0.105955696202532,100,100,TRUE,0.903703703703704,0.436244882030261,TRUE,0.264088815479898,90,100,0.11
573186,breaking,SL,"Stroman, Marcus",222,-3.97723770833572,22.972972972973,3.82720797961215,35.8880829015545,32.514332247557,-0.34190990990991,45.9459459459459,45.9459459459459,TRUE,0.900398406374502,0.432579693765191,FALSE,,90,45.9,-0.34
656427,breaking,SL,"Flaherty, Jack",905,0.886624253215924,30.2762430939227,2.92978852118967,27.5359137466154,29.2264326248116,-0.39390497237569,43.7569060773478,43.7569060773478,TRUE,0.896414342629482,0.428161832909972,TRUE,0.482912385215002,90,43.8,-0.39
682842,breaking,SL,"Uribe, Abner",390,-3.60705232149341,43.5897435897436,4.16385634406935,40.7592391304348,36.6893403805087,-0.347317948717949,39.2307692307692,39.2307692307692,TRUE,0.892430278884462,0.423743972054753,FALSE,,89,39.2,-0.35
622663,breaking,SL,"Severino, Luis",208,-0.457415046430263,26.4423076923077,4.85481230140879,38.4846666666667,43.0848972573885,-0.394711538461538,38.9423076923076,38.9423076923076,TRUE,0.888446215139442,0.419326111199534,FALSE,,89,38.9,-0.39
669947,breaking,SL,"Scholtens, Jesse",253,-4.16474319281453,17.7865612648221,2.83019626550362,46.1698275862069,46.643468038708,-0.561671936758893,35.9683794466402,35.9683794466402,TRUE,0.884462151394422,0.414908250344316,FALSE,,88,36,-0.56
669684,breaking,SL,"Murphy, Chris",216,5.08393366551011,23.1481481481482,6.70084932263505,38.0475162800163,44.6649401709402,-0.480777777777778,35.6481481481482,35.6481481481482,TRUE,0.880478087649402,0.410490389489097,TRUE,0.0807426722094945,88,35.6,-0.48
680704,breaking,SL,"Sandlin, Nick",295,9.65465742285671,40.3389830508475,7.52739765693181,5.96074576271186,13.487389232501,-0.331054237288136,35.2542372881356,35.2542372881356,TRUE,0.876494023904382,0.406072528633878,TRUE,0.0420597552920449,88,35.3,-0.33
641793,breaking,SL,"Littell, Zack",1206,5.45241934533428,17.7446102819237,1.99559585641476,41.4858048141384,40.3325676008943,-0.45193864013267,34.7429519071309,34.7429519071309,TRUE,0.872509960159363,0.40165466777866,TRUE,0.0736654028862182,87,34.7,-0.45
650556,breaking,SL,"Abreu, Bryan",804,-3.14235878091106,38.681592039801,5.3872751489118,45.1362417338367,40.6857672120929,-0.312827114427861,30.8457711442787,30.8457711442787,TRUE,0.868525896414343,0.397236806923441,FALSE,,87,30.8,-0.31
694819,breaking,SL,"Misiorowski, Jacob",239,-2.08969960795092,23.8493723849372,2.39154551600675,28.0778242677825,29.1054726297238,-0.484025104602511,28.4518828451883,28.4518828451883,TRUE,0.864541832669323,0.392818946068222,FALSE,,86,28.5,-0.48
695243,breaking,SL,"Miller, Mason",535,-6.22685642716778,50.8411214953271,2.6428783850839,35.1685856236684,37.5227610127081,-0.378751401869159,25.9813084112147,25.9813084112147,TRUE,0.860557768924303,0.388401085213004,FALSE,,86,26,-0.38
682990,breaking,SL,"Priester, Quinn",536,4.00624744874677,31.7164179104478,2.04343408484406,46.5628731343284,45.1387349451882,-0.491065298507463,15.1119402985075,15.1119402985075,TRUE,0.856573705179283,0.383983224357785,TRUE,0.0958461076781222,86,15.1,-0.49
686539,breaking,SL,"Cronin, Declan",316,-3.6810891455871,27.2151898734177,2.35596220592393,22.195253164557,21.7519097276753,-0.436848101265823,13.9240506329114,13.9240506329114,TRUE,0.852589641434263,0.379565363502566,FALSE,,85,13.9,-0.44
592662,breaking,SL,"Ray, Robbie",659,6.20931976432523,31.4112291350531,2.58238372199269,44.5626545551622,46.5120942968675,-0.502423368740517,11.9878603945372,11.9878603945372,TRUE,0.848605577689243,0.375147502647348,TRUE,0.0604168438550555,85,12,-0.5
664126,breaking,SL,"Fairbanks, Pete",483,5.56053564138527,27.9503105590062,7.02929569673706,61.9019785120119,54.8775406658575,-0.411503105590062,11.5942028985507,11.5942028985507,TRUE,0.844621513944223,0.370729641792129,TRUE,0.0666715700971158,84,11.6,-0.41
663436,breaking,SL,"Martin, Davis",455,1.73100969243535,30.3296703296703,2.13081205046108,37.2327440970028,38.0822699017155,-0.549821978021978,9.89010989010987,9.89010989010987,TRUE,0.840637450199203,0.36631178093691,TRUE,0.211617406036327,84,9.9,-0.55
663903,breaking,SL,"Singer, Brady",1453,-2.83602580549941,31.3833448038541,2.9082820455632,28.188162422574,26.0508294380407,-0.443482450103234,9.84170681348937,9.84170681348937,TRUE,0.836653386454183,0.361893920081692,FALSE,,84,9.8,-0.44
671212,breaking,SL,"Boyle, Joe",341,-2.12916262420123,31.6715542521994,3.03501298701299,39.8901818181818,38.9531158841159,-0.480715542521994,9.67741935483865,9.67741935483865,TRUE,0.832669322709163,0.357476059226473,FALSE,,83,9.7,-0.48
621383,breaking,SL,"Banks, Tanner",584,8.12278015976002,22.2602739726027,2.70867833096793,48.327397260274,50.6462570937723,-0.459375,8.39041095890408,8.39041095890408,TRUE,0.828685258964143,0.353058198371254,TRUE,0.0434651918957862,83,8.4,-0.46
471911,breaking,SL,"Carrasco, Carlos",384,3.16658176760429,28.3854166666667,2.54619153668874,34.1812185978706,36.1961485254904,-0.500309895833333,6.25,6.25,TRUE,0.824701195219124,0.348640337516035,TRUE,0.110099900492954,82,6.2,-0.5
656945,breaking,SL,"Scott, Tanner",753,-1.69888837300616,36.9189907038513,1.95365130914473,33.7682216922033,34.8897553416406,-0.471701195219123,6.24169986719792,6.24169986719792,TRUE,0.820717131474104,0.344222476660817,FALSE,,82,6.2,-0.47
519242,breaking,SL,"Sale, Chris",1466,-2.59595651991762,38.5402455661664,1.76837614384902,10.5240089364257,10.7958773205358,-0.34149727148704,5.2523874488405,5.2523874488405,TRUE,0.816733067729084,0.339804615805598,FALSE,,82,5.3,-0.34
676083,breaking,SL,"Junk, Janson",394,-2.25750882150213,18.7817258883249,4.83546848036456,52.6581080509818,52.85445791403,-0.48343654822335,5.07614213197969,5.07614213197969,TRUE,0.812749003984064,0.335386754950379,FALSE,,81,5.1,-0.48
661563,breaking,SL,"Gil, Luis",459,1.13229835453298,29.4117647058824,2.97799120177195,37.1439614083088,38.9420517442006,-0.484906318082789,3.05010893246188,3.05010893246188,TRUE,0.808764940239044,0.330968894095161,TRUE,0.292298308807196,81,3.1,-0.48
622608,breaking,SL,"Senzatela, Antonio",212,2.63601460921705,23.5849056603774,2.54410391516041,42.6122340425532,42.0208463949843,-0.478198113207547,2.83018867924529,2.83018867924529,TRUE,0.804780876494024,0.326551033239942,TRUE,0.12388058552412,80,2.8,-0.48
683769,breaking,SL,"Gaddis, Hunter",685,7.17081226836372,30.2189781021898,3.65187937346394,37.3321646341463,34.531891496317,-0.465424817518248,1.31386861313868,1.31386861313868,TRUE,0.800796812749004,0.322133172384723,TRUE,0.0449228288691805,80,1.3,-0.47
605280,breaking,ST,"Holmes, Clay",368,-0.913964871502598,29.8913043478261,2.15797646119987,43.7898065965374,44.6459889472333,-0.159508152173913,99.7282608695652,99.7282608695652,TRUE,0.8,0.32124960021368,FALSE,,80,99.7,-0.16
605452,breaking,SL,"Ross, Joe",360,7.08657116205828,33.0555555555556,2.58279049690075,33.2123927038627,35.6118264172461,-0.541619444444444,0.833333333333335,0.833333333333335,TRUE,0.796812749003984,0.317715311529505,TRUE,0.0448334327369154,80,0.8,-0.54
684320,breaking,SL,"Rodríguez, Yariel",481,0.271012182237555,34.3035343035343,5.71788615218847,36.5860706860707,36.7484188187677,-0.470501039501039,0.41580041580042,0.41580041580042,TRUE,0.792828685258964,0.313297450674286,TRUE,1,79,0.4,-0.47
681892,breaking,ST,"Funderburk, Kody",205,-0.42995627169679,30.2439024390244,4.66098719352898,31.7978260869565,36.3321711524478,-0.200614634146341,99.5121951219512,99.5121951219512,TRUE,0.792592592592593,0.313035651512495,FALSE,,79,99.5,-0.2
605280,breaking,SL,"Holmes, Clay",272,2.7311163510501,34.1911764705882,3.33898495930882,48.9580840694487,45.8787754120233,-0.423224264705882,0.36764705882353,0.36764705882353,TRUE,0.788844621513944,0.308879589819067,TRUE,0.113096459511988,79,0.4,-0.42
656605,breaking,ST,"Keller, Mitch",731,-1.29658947422878,24.0766073871409,2.46993631201778,34.5406292749658,35.6891703132779,-0.226526675786594,99.1792065663475,99.1792065663475,TRUE,0.785185185185185,0.304821702811311,FALSE,,79,99.2,-0.23
672582,breaking,SL,"Zerpa, Angel",359,-3.07909903018194,19.7771587743733,4.88756739784137,33.0186943620178,28.8667594676932,-0.460874651810585,0.278551532033426,0.278551532033426,TRUE,0.784860557768924,0.304461728963848,FALSE,,78,0.3,-0.46
666374,breaking,SL,"Brash, Matt",405,-5.3792215813063,38.5185185185185,2.39563622569469,29.8987360430633,29.7971050076294,-0.391116049382716,0.246913580246914,0.246913580246914,TRUE,0.780876494023904,0.30004386810863,FALSE,,78,0.2,-0.39
573124,breaking,ST,"Rogers, Taylor",705,4.48568429573314,29.5035460992908,1.45989872652007,28.9792780101004,29.2909940865763,-0.237873758865248,99.1489361702128,99.1489361702128,TRUE,0.777777777777778,0.296607754110126,TRUE,0.0661231898090252,78,99.1,-0.24
690990,breaking,ST,"Horton, Cade",206,4.2109727308622,36.4077669902913,3.26451062713196,50.523786407767,47.3211711711712,-0.262,99.0291262135922,99.0291262135922,TRUE,0.77037037037037,0.288393805408942,TRUE,0.0684862676253648,77,99,-0.26
502085,breaking,KC,"Robertson, David",223,-7.31316002671699,28.6995515695067,2.50233420593368,44.7523560209424,44.5753708551484,-0.167112107623318,100,100,TRUE,0.766666666666667,0.28428683105835,FALSE,,77,100,-0.17
543037,breaking,KC,"Cole, Gerrit",249,3.70143358280482,25.3012048192771,3.15843364082224,43.5481927710844,41.1673398227378,-0.13714859437751,100,100,TRUE,0.766666666666667,0.28428683105835,TRUE,0.0768045203834043,77,100,-0.14
596295,breaking,KC,"Gomber, Austin",459,-0.585186722380489,19.6078431372549,3.21508734816834,55.3473983232869,52.7969643878354,-0.201058823529412,100,100,TRUE,0.766666666666667,0.28428683105835,FALSE,,77,100,-0.2
605400,breaking,KC,"Nola, Aaron",1348,-5.21265432373005,36.2017804154303,2.70003112023477,22.1429701013965,19.8828691879101,-0.129089020771513,100,100,TRUE,0.766666666666667,0.28428683105835,FALSE,,77,100,-0.13
621111,breaking,KC,"Buehler, Walker",308,-1.7565123346548,24.3506493506494,7.09340448219091,50.5131899350649,43.4506024878677,0.00831818181818177,100,100,TRUE,0.766666666666667,0.28428683105835,FALSE,,77,100,0.01
656302,breaking,KC,"Cease, Dylan",272,-0.550376879672403,28.3088235294118,2.818756773017,53.5360868566177,54.461007464639,-0.122481617647059,100,100,TRUE,0.766666666666667,0.28428683105835,FALSE,,77,100,-0.12
656427,breaking,KC,"Flaherty, Jack",817,-3.97718446563293,39.4124847001224,4.50626737839421,25.9492191629858,29.0475403059072,-0.0497649938800494,100,100,TRUE,0.766666666666667,0.28428683105835,FALSE,,77,100,-0.05
657376,breaking,KC,"Schmidt, Clarke",275,-4.22036670393424,30.5454545454545,7.38601524483134,41.9454545454545,34.5619504451261,0.126232727272728,100,100,TRUE,0.766666666666667,0.28428683105835,FALSE,,77,100,0.13
663893,breaking,KC,"Little, Brendon",369,-11.1581524688276,50.4065040650407,12.5848425276926,41.2486880466472,28.6638455189546,0.0364959349593496,100,100,TRUE,0.766666666666667,0.28428683105835,FALSE,,77,100,0.04
668678,breaking,KC,"Gallen, Zac",967,-4.82002225235626,33.1954498448811,3.67687942799956,41.6931278792393,44.3327233470366,-0.173499482936918,100,100,TRUE,0.766666666666667,0.28428683105835,FALSE,,77,100,-0.17
669467,breaking,KC,"Pallante, Andre",333,-7.07989057281683,33.9339339339339,3.92918669788268,61.7548192771085,57.9711314403819,0.0584474474474474,100,100,TRUE,0.766666666666667,0.28428683105835,FALSE,,77,100,0.06
669923,breaking,KC,"Kirby, George",355,-2.08321331036514,26.1971830985916,1.90849134589696,35.0415532608133,33.7112201760815,-0.0870028169014085,100,100,TRUE,0.766666666666667,0.28428683105835,FALSE,,77,100,-0.09
676917,breaking,KC,"Cavalli, Cade",331,6.35672271307379,38.368580060423,3.14954914587813,41.0879943387496,38.7976046724257,-0.0200634441087614,100,100,TRUE,0.766666666666667,0.28428683105835,TRUE,0.0447222324915417,77,100,-0.02
680732,breaking,KC,"Burke, Sean",390,1.76897953074542,24.8717948717949,2.09266704487356,43.5306653469185,42.2299822021641,-0.0531230769230769,100,100,TRUE,0.766666666666667,0.28428683105835,TRUE,0.160706682082723,77,100,-0.05
686613,breaking,KC,"Brown, Hunter",535,-2.07942208468647,32.8971962616822,3.3682276721744,57.7174781998234,56.95018955182,-0.128308411214953,100,100,TRUE,0.766666666666667,0.28428683105835,FALSE,,77,100,-0.13
519151,breaking,CU,"Pressly, Ryan",238,-1.40266285899907,30.672268907563,2.80812159351747,57.783955558508,57.1416712647792,-0.0341596638655462,100,100,TRUE,0.763157894736842,0.280396013252526,FALSE,,76,100,-0.03
543135,breaking,CU,"Eovaldi, Nathan",523,2.99707703677439,39.3881453154876,5.24651715514387,37.9985365911043,32.8157559284058,-0.147994263862333,100,100,TRUE,0.763157894736842,0.280396013252526,TRUE,0.093556491812537,76,100,-0.15
571945,breaking,CU,"Mikolas, Miles",436,6.2434431737261,20.4128440366972,7.64420268083279,49.6509174311927,42.2823565867703,-0.092447247706422,100,100,TRUE,0.763157894736842,0.280396013252526,TRUE,0.0449104773520642,76,100,-0.09
573204,breaking,CU,"Thielbar, Caleb",248,5.36433556461322,32.6612903225806,3.9418287304293,58.2760335931867,54.4146038084921,-0.0842177419354839,100,100,TRUE,0.763157894736842,0.280396013252526,TRUE,0.0522704088652111,76,100,-0.08
592791,breaking,CU,"Taillon, Jameson",382,-1.40932952291899,18.848167539267,3.53351992982001,47.8410994764398,44.3957940114026,-0.194926701570681,100,100,TRUE,0.763157894736842,0.280396013252526,FALSE,,76,100,-0.19
605130,breaking,CU,"Barlow, Scott",330,-1.83232286612054,38.1818181818182,4.7498978396195,31.4839643005396,26.9917322157748,0.153272727272727,100,100,TRUE,0.763157894736842,0.280396013252526,FALSE,,76,100,0.15
607192,breaking,CU,"Glasnow, Tyler",401,-10.9502819872924,45.8852867830424,3.36667849358342,60.0375857790504,57.0016223603746,-0.0105960099750626,100,100,TRUE,0.763157894736842,0.280396013252526,FALSE,,76,100,-0.01
607259,breaking,CU,"Martinez, Nick",221,2.68315894608544,21.2669683257919,4.93519569584279,61.794687758234,56.8632527922764,-0.143859728506787,100,100,TRUE,0.763157894736842,0.280396013252526,TRUE,0.104502200162837,76,100,-0.14
607625,breaking,CU,"Lugo, Seth",695,2.47063794465626,26.4748201438849,2.89937107913515,34.581970454171,32.8424230980736,-0.0337107913669065,100,100,TRUE,0.763157894736842,0.280396013252526,TRUE,0.113491340914193,76,100,-0.03
621107,breaking,CU,"Eflin, Zach",462,3.62552664098341,28.5714285714286,3.0284277288009,30.5511164605703,27.8034726944937,-0.172709956709957,100,100,TRUE,0.763157894736842,0.280396013252526,TRUE,0.077339388458188,76,100,-0.17
623167,breaking,CU,"Flexen, Chris",200,7.72715295992149,29.5,2.35315832076883,70.436898395722,68.7211453440864,-0.032295,100,100,TRUE,0.763157894736842,0.280396013252526,TRUE,0.03628710531639,76,100,-0.03
624133,breaking,CU,"Suarez, Ranger",599,-0.939477315984658,32.7212020033389,4.08355775673649,44.0295792132186,40.0426059152536,0.0672086811352253,100,100,TRUE,0.763157894736842,0.280396013252526,FALSE,,76,100,0.07
641154,breaking,CU,"López, Pablo",230,-14.1232369840266,31.304347826087,8.29321748201956,45.230890052356,37.1115934569763,-0.0598130434782608,100,100,TRUE,0.763157894736842,0.280396013252526,FALSE,,76,100,-0.06
650644,breaking,CU,"Civale, Aaron",582,6.56909211438796,25.7731958762887,6.18956229508047,49.9034471783888,43.738386999563,-0.126768041237114,100,100,TRUE,0.763157894736842,0.280396013252526,TRUE,0.0426841347890963,76,100,-0.13
656234,breaking,CU,"Bird, Jake",219,5.00145969754264,31.9634703196347,8.14056907738006,25.9922680412371,17.8516989638571,0.0912146118721462,100,100,TRUE,0.763157894736842,0.280396013252526,TRUE,0.056062835693806,76,100,0.09
656605,breaking,CU,"Keller, Mitch",224,1.62355178169799,29.4642857142857,7.20218787889075,42.0995145631068,34.9492387111628,0.0751785714285714,100,100,TRUE,0.763157894736842,0.280396013252526,TRUE,0.17270530968792,76,100,0.08
656849,breaking,CU,"Peterson, David",317,-7.86966854602645,29.3375394321767,5.12609061421788,45.3476340694007,40.2497025241748,-0.0440189274447951,100,100,TRUE,0.763157894736842,0.280396013252526,FALSE,,76,100,-0.04
663687,breaking,CU,"Harris, Hogan",287,0.0541898719525435,28.9198606271777,2.66300845786735,55.3104316546763,55.5881206043271,-0.0230069686411149,100,100,TRUE,0.763157894736842,0.280396013252526,TRUE,1,76,100,-0.02
663978,breaking,CU,"Paddack, Chris",232,3.93060700343472,17.2413793103448,1.80369786522569,48.525089459987,49.0411739896836,-0.098698275862069,100,100,TRUE,0.763157894736842,0.280396013252526,TRUE,0.0713365678653462,76,100,-0.1
664285,breaking,CU,"Valdez, Framber",1130,-2.59724354981796,37.0796460176991,1.81630050644879,43.5107335112864,43.306045206062,0.0195654867256636,100,100,TRUE,0.763157894736842,0.280396013252526,FALSE,,76,100,0.02
668909,breaking,CU,"Williams, Gavin",625,0.124256939299876,30.88,6.39547119131606,39.43664,33.0564856626166,-0.05908,100,100,TRUE,0.763157894736842,0.280396013252526,TRUE,1,76,100,-0.06
669203,breaking,CU,"Burnes, Corbin",438,-3.90762294870918,40.4109589041096,5.94778032482652,47.8751141552512,41.9421268874424,0.0162876712328768,100,100,TRUE,0.763157894736842,0.280396013252526,FALSE,,76,100,0.02
669461,breaking,CU,"Liberatore, Matthew",282,3.89607441715412,32.9787234042553,2.81879053333545,50.1449781659388,47.5429511013657,-0.0435567375886524,100,100,TRUE,0.763157894736842,0.280396013252526,TRUE,0.0719688546034858,76,100,-0.04
671737,breaking,CU,"Bradley, Taj",273,3.127480043238,31.1355311355311,4.65999077293068,59.1058608058609,54.588304599762,-0.139904761904762,100,100,TRUE,0.763157894736842,0.280396013252526,TRUE,0.0896555723381118,76,100,-0.14
672282,breaking,CU,"Detmers, Reid",315,6.97121333415107,25.7142857142857,7.60387310196952,48.4944278606965,40.8941529294894,-0.0918126984126984,100,100,TRUE,0.763157894736842,0.280396013252526,TRUE,0.0402219814273796,76,100,-0.09
676282,breaking,CU,"Cantillo, Joey",405,-0.35033694422863,31.8518518518519,3.10046924387326,54.2646913580247,51.840714679291,-0.0366740740740741,100,100,TRUE,0.763157894736842,0.280396013252526,FALSE,,76,100,-0.04
676440,breaking,CU,"Bibee, Tanner",295,-1.92760057981997,23.3898305084746,6.7184128805926,59.0823728813559,53.6546721579418,-0.168830508474576,100,100,TRUE,0.763157894736842,0.280396013252526,FALSE,,76,100,-0.17
677944,breaking,CU,"Cecconi, Slade",298,-0.704666322526163,27.5167785234899,9.80995906017719,47.3257042253521,37.5157451651749,-0.136020134228188,100,100,TRUE,0.763157894736842,0.280396013252526,FALSE,,76,100,-0.14
679525,breaking,CU,"Marsh, Alec",213,1.67118133765706,24.8826291079812,6.31295784095516,38.850234741784,32.546371079427,-0.154816901408451,100,100,TRUE,0.763157894736842,0.280396013252526,TRUE,0.167783116609973,76,100,-0.15
680694,breaking,CU,"Bradish, Kyle",383,-6.63314426407971,37.3368146214099,5.25883451322545,58.7985754985755,53.7023759015908,0.0342193211488251,100,100,TRUE,0.763157894736842,0.280396013252526,FALSE,,76,100,0.03
681293,breaking,CU,"Arrighetti, Spencer",433,-3.45435351336615,37.6443418013857,2.88661725529879,23.6983833718245,21.9026808286448,-0.175889145496536,100,100,TRUE,0.763157894736842,0.280396013252526,FALSE,,76,100,-0.18
681517,breaking,CU,"Leahy, Kyle",241,-2.45362546454285,28.2157676348548,2.75240267861383,47.7646017699115,45.2940148223869,-0.0388091286307054,100,100,TRUE,0.763157894736842,0.280396013252526,FALSE,,76,100,-0.04
687765,breaking,CU,"Spence, Mitch",292,-0.767569289672874,31.8493150684932,7.06997516939442,53.2462571232509,46.1762819538565,0.151859589041096,100,100,TRUE,0.763157894736842,0.280396013252526,FALSE,,76,100,0.15
694297,breaking,CU,"Pfaadt, Brandon",257,-0.35479438266985,28.7937743190662,3.86053592024977,31.9965492021277,28.4908414622962,-0.0186536964980545,100,100,TRUE,0.763157894736842,0.280396013252526,FALSE,,76,100,-0.02
694738,breaking,CU,"Roupp, Landen",693,-0.0872953002691957,32.1789321789322,6.3256832220407,29.0350649350649,22.7176203493879,-0.0555728715728715,100,100,TRUE,0.763157894736842,0.280396013252526,FALSE,,76,100,-0.06
700249,breaking,CU,"Povich, Cade",324,3.99060012824444,25.6172839506173,1.87578594658708,41.889,41.5320868980206,-0.0790771604938272,100,100,TRUE,0.763157894736842,0.280396013252526,TRUE,0.07026412174649,76,100,-0.08
808967,breaking,CU,"Yamamoto, Yoshinobu",439,3.38186721469318,30.2961275626424,8.80667242494133,50.5021375284738,41.6954651035325,0.0246628701594533,100,100,TRUE,0.763157894736842,0.280396013252526,TRUE,0.0829115974850493,76,100,0.02
650644,breaking,ST,"Civale, Aaron",207,7.80692847914826,23.6714975845411,3.25864959120366,42.9192118226601,45.3142112125163,-0.291,99.0147783251232,99.0147783251232,TRUE,0.762962962962963,0.280179856707758,TRUE,0.0358886157925102,76,99,-0.29
608331,breaking,ST,"Fried, Max",219,2.55793152097726,31.5068493150685,5.71376391030918,42.4061797752809,48.0327337396245,-0.147630136986301,98.1735159817352,98.1735159817352,TRUE,0.755555555555556,0.271965908006573,TRUE,0.106322591428354,76,98.2,-0.15
647336,breaking,SV,"Soroka, Michael",430,3.07561665447276,34.6511627906977,4.37052002351169,32.5296019900498,28.2882339172064,-0.170251748251748,94.1724941724941,94.1724941724941,FALSE,0.75,0.265805446480685,TRUE,0.0864234644113185,75,94.2,-0.17
548384,breaking,ST,"Raley, Brooks",277,3.02982756450211,23.4657039711191,5.5255287905476,28.682489139081,34.0829847993764,-0.168039711191336,96.028880866426,96.028880866426,TRUE,0.748148148148148,0.263751959305389,TRUE,0.0870518053223702,75,96,-0.17
622663,breaking,ST,"Severino, Luis",609,0.900206136868929,27.5862068965517,5.4215186526592,36.3504934210526,41.6037077679602,-0.299617405582923,95.0738916256158,95.0738916256158,TRUE,0.740740740740741,0.255538010604204,TRUE,0.283866105926593,74,95.1,-0.3
701542,breaking,ST,"Warren, Will",379,-6.17007456853206,28.2321899736148,2.2224188628056,28.067638483965,26.9180421395219,-0.180424802110818,93.4036939313985,93.4036939313985,TRUE,0.733333333333333,0.24732406190302,FALSE,,73,93.4,-0.18
666171,breaking,ST,"Zeferjahn, Ryan",288,4.70494090250192,38.5416666666667,2.40229409611792,35.8844444444445,36.5801234497787,-0.302902777777778,93.0555555555556,93.0555555555556,TRUE,0.725925925925926,0.239110113201836,TRUE,0.0508210662273538,73,93.1,-0.3
607200,breaking,ST,"Fedde, Erick",830,-1.83973017787698,23.1325301204819,6.86714662395901,31.6213253012048,38.4556935908794,-0.288043373493976,90.9638554216867,90.9638554216867,TRUE,0.718518518518519,0.230896164500651,FALSE,,72,91,-0.29
660271,breaking,ST,"Ohtani, Shohei",343,0.472261428160359,37.0262390670554,2.5386066019823,31.7466472303207,33.0903140953553,-0.23230029154519,89.795918367347,89.795918367347,TRUE,0.711111111111111,0.222682215799467,TRUE,0.47152319143848,71,89.8,-0.23
686730,breaking,ST,"Spiers, Carson",207,-1.30769627452691,26.5700483091787,3.5838586749415,27.6987261146497,31.2239316239317,-0.273405797101449,85.5072463768116,85.5072463768116,TRUE,0.703703703703704,0.214468267098283,FALSE,,70,85.5,-0.27
594580,breaking,ST,"Moll, Sam",294,-2.95085876060309,36.3945578231293,4.8643311215932,11.7791383219955,16.4447438226274,-0.218683673469388,79.9319727891157,79.9319727891157,TRUE,0.696296296296296,0.206254318397098,FALSE,,70,79.9,-0.22
621111,breaking,ST,"Buehler, Walker",204,0.222399925341837,30.3921568627451,3.13600134979415,42.0892156862746,43.5172060357589,-0.322833333333333,79.4117647058823,79.4117647058823,TRUE,0.688888888888889,0.198040369695914,TRUE,0.890469587125617,69,79.4,-0.32
472610,breaking,ST,"García, Luis",235,5.24699384822056,36.5957446808511,3.67596895733157,41.9988950276243,45.3127865110819,-0.292459574468085,78.2978723404255,78.2978723404255,TRUE,0.681481481481482,0.189826420994729,TRUE,0.0361781291318087,68,78.3,-0.29
663423,breaking,ST,"Thornton, Trent",328,-1.79552037073335,23.4756097560976,16.7127550367097,26.2848210922787,42.9907963540946,-0.260942073170732,77.7439024390244,77.7439024390244,TRUE,0.674074074074074,0.181612472293545,FALSE,,67,77.7,-0.26
621112,breaking,ST,"Blackburn, Paul",263,-2.95461750630783,26.6159695817491,3.71265086788492,44.7989843971631,48.0045999486175,-0.243384030418251,69.2015209125475,69.2015209125475,TRUE,0.666666666666667,0.173398523592361,FALSE,,67,69.2,-0.24
596001,breaking,ST,"Junis, Jakob",633,4.85437190102331,27.4881516587678,2.01473878626672,29.3829383886256,28.8341417159373,-0.263766192733017,68.5624012638232,68.5624012638232,TRUE,0.659259259259259,0.165184574891176,TRUE,0.034028001615689,66,68.6,-0.26
676428,breaking,ST,"Hurter, Brant",247,4.99742558529647,40.080971659919,2.32366463204128,29.4689636827919,29.0423247703917,-0.265574898785425,67.6113360323886,67.6113360323886,TRUE,0.651851851851852,0.156970626189992,TRUE,0.0314102978645314,65,67.6,-0.27
676508,breaking,ST,"Casparius, Ben",233,0.00886940358594961,24.0343347639485,2.10635088959586,44.8067632850242,46.2926829268293,-0.319107296137339,64.3776824034335,64.3776824034335,TRUE,0.644444444444445,0.148756677488808,TRUE,1,64,64.4,-0.32
607067,breaking,ST,"Rea, Colin",441,0.282774729820595,25.6235827664399,1.76667070159551,32.3566893424037,31.9292119546699,-0.269804988662132,61.2244897959184,61.2244897959184,TRUE,0.637037037037037,0.140542728787623,TRUE,0.497013042419985,64,61.2,-0.27
621107,breaking,ST,"Eflin, Zach",264,8.39814795304653,28.4090909090909,2.1285415870357,27.3863535676504,26.9522362985248,-0.265537878787879,59.8484848484849,59.8484848484849,TRUE,0.62962962962963,0.132328780086439,TRUE,0.015756900310197,63,59.8,-0.27
500779,breaking,SV,"Quintana, Jose",227,0.728957176965073,27.7533039647577,2.08505501905682,41.952,43.0887113858659,-0.312647577092511,41.8502202643172,41.8502202643172,FALSE,0.625,0.127195062148199,TRUE,0.174489073113678,62,41.9,-0.31
650633,breaking,ST,"King, Michael",548,4.13657076323821,30.8394160583942,3.52801136293886,27.4274596191869,30.6035356062379,-0.295914233576642,57.846715328467,57.846715328467,TRUE,0.622222222222222,0.124114831385254,TRUE,0.0300042809585818,62,57.8,-0.3
676440,breaking,ST,"Bibee, Tanner",352,1.09537303027087,26.7045454545455,5.23363656033269,49.4454545454546,53.0808412348581,-0.307244318181818,45.7386363636363,45.7386363636363,TRUE,0.614814814814815,0.11590088268407,TRUE,0.105809509163659,61,45.7,-0.31
669302,breaking,ST,"Gilbert, Logan",219,-3.97250549143607,33.3333333333333,4.34666359222297,41.8553143659993,44.5859484883756,-0.277150684931507,45.2054794520547,45.2054794520547,TRUE,0.607407407407407,0.107686933982886,FALSE,,61,45.2,-0.28
606303,breaking,ST,"Payamps, Joel",213,-2.78560045779053,26.2910798122066,2.4855145821269,30.0351851851852,30.907026212928,-0.312079812206573,40.3755868544601,40.3755868544601,TRUE,0.6,0.0994729852817013,FALSE,,60,40.4,-0.31
642232,breaking,ST,"Yarbrough, Ryan",492,5.34774391400295,35.5691056910569,5.82016905139148,11.1898457752394,16.9476737090764,-0.308315040650407,39.8373983739838,39.8373983739838,TRUE,0.592592592592593,0.0912590365805169,TRUE,0.0170649601117879,59,39.8,-0.31
595014,breaking,ST,"Treinen, Blake",299,2.04633524027992,39.1304347826087,2.14767412177852,32.1758044054896,32.3183265945852,-0.284745819397994,38.1270903010033,38.1270903010033,TRUE,0.585185185185185,0.0830450878793325,TRUE,0.0405823475277553,59,38.1,-0.28
670990,breaking,ST,"Ramírez, Yohan",335,-2.65398789319844,34.3283582089552,6.74520643895892,29.3344049473635,22.6576267844882,-0.269662686567164,35.2238805970149,35.2238805970149,TRUE,0.577777777777778,0.0748311391781481,FALSE,,58,35.2,-0.27
657277,breaking,ST,"Webb, Logan",788,-8.34146380750006,24.492385786802,3.36466342832285,20.6582689815315,23.8137179925841,-0.27518654822335,35.02538071066,35.02538071066,TRUE,0.57037037037037,0.0666171904769639,FALSE,,57,35,-0.28
694297,breaking,ST,"Pfaadt, Brandon",890,-2.32250184907228,31.9101123595506,4.1960538041853,25.1152790423867,29.1032105198915,-0.355323595505618,34.9438202247193,34.9438202247193,TRUE,0.562962962962963,0.0584032417757795,FALSE,,56,34.9,-0.36
681517,breaking,ST,"Leahy, Kyle",285,-10.4857248057259,25.2631578947368,2.71281175974237,43.4817543859649,45.7577985869453,-0.355105263157895,34.7368421052633,34.7368421052633,TRUE,0.555555555555556,0.0501892930745951,FALSE,,56,34.7,-0.36
669622,breaking,ST,"Bender, Anthony",454,1.5929948696594,26.8722466960352,11.5957029718731,10.875550660793,22.2608411376721,-0.257229074889868,31.4977973568283,31.4977973568283,TRUE,0.548148148148148,0.0419753443734107,TRUE,0.0263499557800745,55,31.5,-0.26
664875,breaking,ST,"Lawrence, Justin",444,-4.25630394635644,34.2342342342342,5.10916545919525,1.54750204750205,-2.84554384942467,-0.267837837837838,27.2522522522523,27.2522522522523,TRUE,0.540740740740741,0.0337613956722263,FALSE,,54,27.3,-0.27
681190,breaking,ST,"Vásquez, Randy",298,2.16398992410739,21.4765100671141,3.86739683335571,33.0334109090909,35.9293103175805,-0.371560402684564,26.1744966442952,26.1744966442952,TRUE,0.533333333333333,0.0255474469710419,TRUE,0.0118057143826951,53,26.2,-0.37
671106,breaking,ST,"Allen, Logan",481,2.68516424928049,28.2744282744283,3.13036008201747,38.812997903564,40.2963652177533,-0.34518711018711,25.3638253638254,25.3638253638254,TRUE,0.525925925925926,0.0173334982698575,TRUE,0.00645528416911634,53,25.4,-0.35
663969,breaking,ST,"Phillips, Tyler",316,2.60043624826586,36.7088607594937,2.39102444775379,27.7930379746835,29.4603406552494,-0.423449367088608,24.6835443037976,24.6835443037976,TRUE,0.518518518518519,0.00911954956867313,TRUE,0.00350693064471572,52,24.7,-0.42
601713,breaking,CU,"Pivetta, Nick",536,5.92432387801448,21.0820895522388,2.65243032769668,57.8319123314065,56.6055614002705,-0.154350746268657,99.6268656716418,99.6268656716418,TRUE,0.513157894736842,0.00317524458755293,TRUE,0.000535967420575443,51,99.6,-0.15
663903,breaking,ST,"Singer, Brady",359,1.65934263356589,35.933147632312,2.37482658449893,23.6030640668524,24.6748369172477,-0.371066852367688,23.6768802228412,23.6768802228412,TRUE,0.511111111111111,0.000905600867488735,TRUE,0.000545758813863909,51,23.7,-0.37
663947,breaking,ST,"Holton, Tyler",265,10.0374710157086,41.5094339622642,4.87601284694569,37.5159782608696,42.2654177834128,-0.332305660377359,21.8867924528302,21.8867924528302,TRUE,0.503703703703704,-0.00730834783369566,FALSE,,50,21.9,-0.33
656794,breaking,SV,"Newcomb, Sean",294,5.03437141897827,28.5714285714286,5.35154882799367,24.6168247158877,29.872137068282,-0.239244897959184,41.4965986394558,41.4965986394558,FALSE,0.5,-0.0114153221842878,FALSE,,50,41.5,-0.24
663623,breaking,CU,"Irvin, Jake",1064,4.2286783415407,25.4699248120301,3.13597344228287,27.9787418496509,27.9018501374333,-0.160936090225564,99.3421052631579,99.3421052631579,TRUE,0.5,-0.0114153221842878,FALSE,,50,99.3,-0.16
667755,breaking,KC,"Soriano, José",717,-8.40477998253302,42.1199442119944,6.82170775967448,40.458019525802,33.6505240383045,-0.198389121338912,87.866108786611,87.866108786611,TRUE,0.5,-0.0114153221842878,TRUE,0.00135819405243342,50,87.9,-0.2
608371,breaking,ST,"Sims, Lucas",337,5.80322074781912,30.8605341246291,2.84412059000165,37.4158385093168,39.3495139244367,-0.377756676557864,16.3204747774481,16.3204747774481,TRUE,0.496296296296296,-0.01552229653488,FALSE,,50,16.3,-0.38
676534,breaking,ST,"Faucher, Calvin",236,-5.61964532485241,27.5423728813559,4.73321006885588,40.9053892215569,44.090424396734,-0.355368644067797,13.9830508474576,13.9830508474576,TRUE,0.488888888888889,-0.0237362452360644,TRUE,0.00422379774237581,49,14,-0.36
605135,breaking,CU,"Bassitt, Chris",558,4.18119530679007,28.673835125448,8.30570938317201,40.9516129032258,32.7220993463804,0.170808243727599,98.9247311827957,98.9247311827957,TRUE,0.486842105263158,-0.0260058889561284,FALSE,,49,98.9,0.17
677161,breaking,ST,"Kelly, Zack",208,-0.344204099364079,30.2884615384615,3.43334893440219,34.4677777777778,37.6990076552504,-0.363274038461538,13.9423076923077,13.9423076923077,TRUE,0.481481481481482,-0.0319501939372488,TRUE,0.0928233975024618,48,13.9,-0.36
623474,breaking,ST,"Herget, Jimmy",396,7.53806083018078,30.3030303030303,4.93453282870843,2.11161616161617,1.17264839806022,-0.306371212121212,11.1111111111111,11.1111111111111,TRUE,0.474074074074074,-0.0401641426384331,FALSE,,47,11.1,-0.31
702070,breaking,CU,"Cameron, Noah",302,-4.24860219853797,29.4701986754967,5.94073384258615,60.7394012369329,55.344062821568,-0.208523178807947,95.6953642384106,95.6953642384106,TRUE,0.473684210526316,-0.0405964557279692,TRUE,0.00955524989888186,47,95.7,-0.21
672456,breaking,KC,"Montero, Keider",316,-4.65108652376306,19.3037974683544,5.94814065127364,47.5180379746836,41.5752169837207,-0.17875,66.1392405063292,66.1392405063292,TRUE,0.466666666666667,-0.0483780913396175,TRUE,0.0104014601948269,47,66.1,-0.18
700241,breaking,ST,"McGreevy, Michael",226,-5.8825391574169,26.5486725663717,2.80868503995233,30.6187817258884,33.3015291497571,-0.348225663716814,9.73451327433625,9.73451327433625,TRUE,0.466666666666667,-0.0483780913396175,TRUE,0.00822401518205293,47,9.7,-0.35
608331,breaking,CU,"Fried, Max",545,0.708502435659186,36.8807339449541,3.4356170114933,52.0058715596331,48.757548415789,0.140045871559633,92.6605504587156,92.6605504587156,TRUE,0.460526315789474,-0.0551870224998098,FALSE,,46,92.7,0.14
641927,breaking,ST,"Ober, Bailey",383,2.66101614776913,32.6370757180157,2.38026067708939,33.130267121912,32.3746964639634,-0.43888772845953,7.83289817232374,7.83289817232374,TRUE,0.459259259259259,-0.0565920400408019,FALSE,,46,7.8,-0.44
663460,breaking,ST,"Bubic, Kris",300,-7.74062290345004,25.3333333333333,4.52240036516632,36.006,40.3991383900929,-0.35984,7.3333333333333,7.3333333333333,TRUE,0.451851851851852,-0.0648059887419863,TRUE,0.00837219298114908,45,7.3,-0.36
657514,breaking,CU,"Bernardino, Brennan",394,0.156013867380407,31.7258883248731,6.59030485502485,12.7275863301637,19.3066740145861,-0.169098984771574,89.0862944162437,89.0862944162437,TRUE,0.447368421052632,-0.0697775892716505,FALSE,,45,89.1,-0.17
641154,breaking,ST,"López, Pablo",556,-10.807812692635,31.4748201438849,3.14101042863617,34.7196043165468,36.6780296785701,-0.29718345323741,6.29496402877697,6.29496402877697,TRUE,0.444444444444444,-0.0730199374431706,TRUE,0.00675621788791089,44,6.3,-0.3
669160,breaking,ST,"May, Dustin",513,-6.10530198775392,26.9005847953216,4.22125802480758,22.8947368421053,25.3733081560989,-0.268296296296296,3.89863547758283,3.89863547758283,TRUE,0.437037037037037,-0.081233886144355,TRUE,0.0133054656931459,44,3.9,-0.27
554430,breaking,CU,"Wheeler, Zack",348,-10.9539615801123,41.0919540229885,2.23806333767903,26.6973223615465,24.6707284150973,-0.182387931034483,88.5057471264368,88.5057471264368,TRUE,0.434210526315789,-0.0843681560434911,TRUE,0.00770206791638447,43,88.5,-0.18
663546,breaking,KC,"Hjelle, Sean",270,1.173853041183,35.9259259259259,1.70286099086099,27.9591666666667,27.3923888888889,-0.237177777777778,64.4444444444445,64.4444444444445,TRUE,0.433333333333333,-0.0853408604949472,FALSE,,43,64.4,-0.24
676979,breaking,ST,"Crochet, Garrett",435,-2.52363311284472,37.9310344827586,6.38216449528946,41.3647090699723,34.9825445746828,-0.327754022988506,2.5287356321839,2.5287356321839,TRUE,0.42962962962963,-0.0894478348455394,TRUE,0.0354440724328231,43,2.5,-0.33
672782,breaking,ST,"Gómez, Yoendrys",201,3.94939857181484,34.8258706467662,2.83725209640504,32.3082641196013,32.3712388816678,-0.385328358208955,2.48756218905473,2.48756218905473,TRUE,0.422222222222222,-0.0976617835467238,FALSE,,42,2.5,-0.39
450203,breaking,CU,"Morton, Charlie",1216,-4.0222080370311,35.1973684210526,1.81973527519869,20.6954821581808,21.2596102173439,-0.17746875,86.6776315789471,86.6776315789471,TRUE,0.421052631578947,-0.0989587228153318,TRUE,0.0246030841528465,42,86.7,-0.18
622554,breaking,ST,"Domínguez, Seranthony",277,-0.360166552649406,40.4332129963899,2.93900817500449,31.4080118307164,28.7393370158497,-0.413512635379061,2.16606498194946,2.16606498194946,TRUE,0.414814814814815,-0.105875732247908,TRUE,0.293963255246996,41,2.2,-0.41
682120,breaking,CU,"Herrin, Tim",370,-0.562801213689575,39.1891891891892,8.16647080767895,36.3085675253708,28.1444862703454,-0.184489189189189,84.054054054054,84.054054054054,TRUE,0.407894736842105,-0.113549289587173,TRUE,0.201757364456934,41,84.1,-0.18
554430,breaking,ST,"Wheeler, Zack",492,-3.06295450723323,34.5528455284553,2.04780147500886,22.8860458240946,24.2214455641254,-0.41730081300813,2.03252032520324,2.03252032520324,TRUE,0.407407407407407,-0.114089680949093,TRUE,0.0372482453394811,41,2,-0.42
669358,breaking,KC,"Baz, Shane",796,-5.59131326602241,28.0150753768844,4.20104731569962,40.2001282070175,36.0862799718387,-0.283935929648241,22.9899497487437,22.9899497487437,TRUE,0.4,-0.122303629650277,TRUE,0.021873864659578,40,23,-0.28
678906,breaking,ST,"Teng, Kai-Wei",311,-1.46977720535063,29.903536977492,2.95599962207105,21.7775510204082,23.6968739876903,-0.350514469453376,1.92926045016077,1.92926045016077,TRUE,0.4,-0.122303629650277,TRUE,0.0832123598087103,40,1.9,-0.35
664208,breaking,CU,"Maton, Phil",510,-3.26465753450299,34.9019607843137,1.97882859436786,29.0515357159863,28.5441497468462,0.249666666666667,77.8431372549018,77.8431372549018,TRUE,0.394736842105263,-0.128139856359013,TRUE,0.0392506273643558,39,77.8,0.25
592791,breaking,ST,"Taillon, Jameson",623,0.888689852194817,29.0529695024077,2.13122171355756,45.378812199037,44.467944525081,-0.400149277688604,1.92616372391653,1.92616372391653,TRUE,0.392592592592593,-0.130517578351461,FALSE,,39,1.9,-0.4
434378,breaking,SL,"Verlander, Justin",669,5.14980934056006,26.9058295964126,4.16283789093451,54.367264573991,57.5257869060885,-0.623445440956652,0,0,TRUE,0.390438247011952,-0.132906495702802,FALSE,,39,0,-0.62
453286,breaking,SL,"Scherzer, Max",410,8.62892757606098,33.6585365853659,2.47193373573284,30.1730927324502,31.9834946668693,-0.671663414634146,0,0,TRUE,0.390438247011952,-0.132906495702802,FALSE,,39,0,-0.67
458677,breaking,SL,"Wilson, Justin",241,1.54983767676013,31.5352697095436,2.05044451453317,49.8958506224066,50.4554051068798,-0.718215767634855,0,0,TRUE,0.390438247011952,-0.132906495702802,FALSE,,39,0,-0.72
506433,breaking,SL,"Darvish, Yu",299,-1.07183815422068,21.0702341137124,3.93654017082019,38.2560764753671,34.7396143062934,-0.576177257525084,0,0,TRUE,0.390438247011952,-0.132906495702802,TRUE,0.123998660786093,39,0,-0.58
518489,breaking,SL,"Brasier, Ryan",227,-0.160218788621498,32.5991189427313,5.95082002437491,44.7697264624526,38.8356303176639,-0.56347577092511,0,0,TRUE,0.390438247011952,-0.132906495702802,TRUE,0.829531273119164,39,0,-0.56
518876,breaking,SL,"Kelly, Merrill",313,5.86557502057426,32.5878594249201,3.56724768106271,26.3354632587859,22.7759272505081,-0.614105431309904,0,0,TRUE,0.390438247011952,-0.132906495702802,FALSE,,39,0,-0.61
519293,breaking,SL,"Smith, Will",242,1.38612753426652,28.9256198347107,3.76078666498489,42.9645695843639,46.6879576100281,-0.646586776859504,0,0,TRUE,0.390438247011952,-0.132906495702802,FALSE,,39,0,-0.65
543037,breaking,SL,"Cole, Gerrit",356,3.52157396215164,29.7752808988764,2.58474965468538,39.4025280898876,40.9141486580792,-0.664505617977528,0,0,TRUE,0.390438247011952,-0.132906495702802,FALSE,,39,0,-0.66
543351,breaking,SL,"Jackson, Jay",220,7.57101059247104,27.7272727272727,1.8626807420139,31.7538349514564,30.5761084529505,-0.712145454545455,0,0,TRUE,0.390438247011952,-0.132906495702802,FALSE,,39,0,-0.71
543859,breaking,SL,"Tonkin, Michael",356,-5.4209859061645,23.876404494382,1.96149257672436,14.6412006793834,13.7855261266271,-0.624991573033708,0,0,TRUE,0.390438247011952,-0.132906495702802,TRUE,0.0245170339866899,39,0,-0.62
547179,breaking,SL,"Lorenzen, Michael",382,-0.541775569275091,24.869109947644,3.11361246350253,42.6531413612565,40.8058420427159,-0.755185863874346,0,0,TRUE,0.390438247011952,-0.132906495702802,TRUE,0.245316517096985,39,0,-0.76
547973,breaking,SL,"Chapman, Aroldis",275,-2.7339075484396,40,4.03679908636427,55.2176363636364,51.4387708679307,-0.503112727272727,0,0,TRUE,0.390438247011952,-0.132906495702802,TRUE,0.0486141149062116,39,0,-0.5
570632,breaking,SL,"Ureña, José",407,2.6922624340288,28.992628992629,3.16023434641288,32.4533618868249,29.85795751208,-0.500670761670762,0,0,TRUE,0.390438247011952,-0.132906495702802,FALSE,,39,0,-0.5
571510,breaking,SL,"Boyd, Matthew",302,-0.302879533978434,38.0794701986755,10.1208807274576,14.7598803674428,24.8807610949005,-0.669367549668874,0,0,TRUE,0.390438247011952,-0.132906495702802,TRUE,0.438809760293229,39,0,-0.67
571578,breaking,SL,"Corbin, Patrick",1185,-0.510950092873381,37.3839662447257,2.27735500374831,37.9949367088608,37.513025599981,-0.666929957805907,0,0,TRUE,0.390438247011952,-0.132906495702802,TRUE,0.260116394059914,39,0,-0.67
571656,breaking,SL,"Farmer, Buck",238,7.76381435144633,38.655462184874,3.71252366707092,28.6668067226891,32.3131832512104,-0.653159663865546,0,0,TRUE,0.390438247011952,-0.132906495702802,FALSE,,39,0,-0.65
571760,breaking,SL,"Heaney, Andrew",713,-4.13087803495698,31.5568022440393,2.43553555833235,28.3396921582091,27.0470375990678,-0.799050490883591,0,0,TRUE,0.390438247011952,-0.132906495702802,TRUE,0.0321739094154074,39,0,-0.8
571882,breaking,SL,"Law, Derek",279,4.11378792545484,37.9928315412186,3.68230417372349,53.3931899641577,49.9984910262975,-0.702767025089606,0,0,TRUE,0.390438247011952,-0.132906495702802,FALSE,,39,0,-0.7
571945,breaking,SL,"Mikolas, Miles",929,4.56263176756406,16.3616792249731,3.83921035554529,44.8804090419807,42.0594146107096,-0.562608180839612,0,0,TRUE,0.390438247011952,-0.132906495702802,FALSE,,39,0,-0.56
579328,breaking,SL,"Kikuchi, Yusei",1115,0.369199511610387,25.5605381165919,3.10820099947203,37.2461031390135,36.5235223685433,-0.633653811659193,0,0,TRUE,0.390438247011952,-0.132906495702802,FALSE,,39,0,-0.63
592094,breaking,SL,"Adam, Jason",389,4.36909341022976,40.6169665809769,2.73079052322108,37.0655285847533,38.6100971858632,-0.688678663239075,0,0,TRUE,0.390438247011952,-0.132906495702802,FALSE,,39,0,-0.69
592332,breaking,SL,"Gausman, Kevin",293,-1.24848259815927,31.3993174061434,2.79578411669374,36.5054607508532,38.4234991147826,-0.785221843003413,0,0,TRUE,0.390438247011952,-0.132906495702802,TRUE,0.106454423873233,39,0,-0.79
592351,breaking,SL,"Gray, Jon",646,4.53515062923251,31.733746130031,3.23461626034399,32.3115527637762,29.2586793002654,-0.605993808049536,0,0,TRUE,0.390438247011952,-0.132906495702802,FALSE,,39,0,-0.61
592426,breaking,SL,"Jackson, Luke",558,-2.4448094205378,27.2401433691756,3.82044086035006,51.4163514046051,54.5215420455947,-0.560132616487455,0,0,TRUE,0.390438247011952,-0.132906495702802,TRUE,0.0543627223399545,39,0,-0.56
592773,breaking,SL,"Stanek, Ryne",268,3.28250636040018,42.1641791044776,3.45430596974904,47.5978438532429,47.3739778113376,-0.770369402985075,0,0,TRUE,0.390438247011952,-0.132906495702802,FALSE,,39,0,-0.77
594798,breaking,SL,"deGrom, Jacob",845,-5.33690516939541,37.2781065088758,3.63040559198831,33.9763613861386,30.4257659138453,-0.578163313609467,0,0,TRUE,0.390438247011952,-0.132906495702802,TRUE,0.024903289731464,39,0,-0.58
595345,breaking,SL,"Okert, Steven",916,7.50134954870032,33.7336244541485,2.1565809877081,34.0977074235808,32.6195745255215,-0.508111353711791,0,0,TRUE,0.390438247011952,-0.132906495702802,FALSE,,39,0,-0.51
596295,breaking,SL,"Gomber, Austin",391,1.95615814586102,19.1815856777494,2.0822932542019,52.8355775212553,52.8820884124296,-0.646575447570333,0,0,TRUE,0.390438247011952,-0.132906495702802,FALSE,,39,0,-0.65
605154,breaking,SL,"Brebbia, John",387,-0.880969528142959,22.4806201550388,4.43846411948209,42.8583979328166,38.6287187248734,-0.549113695090439,0,0,TRUE,0.390438247011952,-0.132906495702802,TRUE,0.150863896487955,39,0,-0.55
605177,breaking,SL,"Chafin, Andrew",359,-9.21072698866514,48.1894150417827,4.40593586040657,47.7036161116424,51.827877852454,-0.668908077994429,0,0,TRUE,0.390438247011952,-0.132906495702802,TRUE,0.014429533723707,39,0,-0.67
605288,breaking,SL,"Houser, Adrian",382,-2.07203793467495,21.2041884816754,1.6425241603793,38.0464777035566,38.3655499014439,-0.593531413612566,0,0,TRUE,0.390438247011952,-0.132906495702802,TRUE,0.0641428872891999,39,0,-0.59
605447,breaking,SL,"Romano, Jordan",434,2.68623644346666,31.1059907834101,4.66830021493201,50.4474654377881,51.7880500881691,-0.691428571428571,0,0,TRUE,0.390438247011952,-0.132906495702802,FALSE,,39,0,-0.69
605488,breaking,SL,"Springs, Jeffrey",486,5.65872534549004,19.7530864197531,2.66318061866063,44.3572016460906,44.3066823252205,-0.679106995884774,0,0,TRUE,0.390438247011952,-0.132906495702802,FALSE,,39,0,-0.68
607067,breaking,SL,"Rea, Colin",221,4.13204075644669,33.4841628959276,2.15124388201743,30.8669683257918,29.1664655728998,-0.576389140271493,0,0,TRUE,0.390438247011952,-0.132906495702802,FALSE,,39,0,-0.58
607074,breaking,SL,"Rodón, Carlos",1018,2.32161710598614,37.1316306483301,6.18632686143164,41.0337640919198,47.0849256776468,-0.749821218074656,0,0,TRUE,0.390438247011952,-0.132906495702802,FALSE,,39,0,-0.75
607179,breaking,SL,"Weems, Jordan",233,1.06124659684031,24.8927038626609,1.72801619709796,48.3891402714932,49.5848968105065,-0.621384615384615,0,0,TRUE,0.390438247011952,-0.132906495702802,FALSE,,39,0,-0.62
607192,breaking,SL,"Glasnow, Tyler",661,-1.68652996845582,35.5521936459909,4.10950952185677,53.6690275579336,57.125670225555,-0.550747352496218,0,0,TRUE,0.390438247011952,-0.132906495702802,TRUE,0.0788047044455963,39,0,-0.55
607455,breaking,SL,"Banda, Anthony",451,-4.31200467828923,40.3547671840355,3.27381558005418,34.0975438462929,35.0973549902199,-0.68379600886918,0,0,TRUE,0.390438247011952,-0.132906495702802,TRUE,0.0308224377334238,39,0,-0.68
607625,breaking,SL,"Lugo, Seth",308,1.8347663422527,21.1038961038961,4.14775712078358,33.2223392461197,32.2773605092294,-0.539058441558442,0,0,TRUE,0.390438247011952,-0.132906495702802,FALSE,,39,0,-0.54
608032,breaking,SL,"Estévez, Carlos",312,4.09613816961178,21.7948717948718,3.22460409319622,43.6711538461539,40.7653899034349,-0.598525641025641,0,0,TRUE,0.390438247011952,-0.132906495702802,FALSE,,39,0,-0.6
608337,breaking,SL,"Giolito, Lucas",449,4.18226620519694,29.1759465478842,2.80639362063043,50.0359036144578,52.6868780966691,-0.730378619153675,0,0,TRUE,0.390438247011952,-0.132906495702802,FALSE,,39,0,-0.73
608379,breaking,SL,"Wacha, Michael",321,3.66016406948406,29.595015576324,1.69380406423243,50.5246875,50.4130939586863,-0.71720625,0,0,TRUE,0.390438247011952,-0.132906495702802,FALSE,,39,0,-0.72
621111,breaking,SL,"Buehler, Walker",261,-1.04710469037791,22.6053639846743,4.13874666195677,46.8961240310078,42.9890962913409,-0.461605363984674,0,0,TRUE,0.390438247011952,-0.132906495702802,TRUE,0.126927609936342,39,0,-0.46
621242,breaking,SL,"Díaz, Edwin",500,1.94594564698627,37,5.48941601547186,22.4845986984816,17.0083638240598,-0.694694,0,0,TRUE,0.390438247011952,-0.132906495702802,FALSE,,39,0,-0.69
621366,breaking,SL,"Borucki, Ryan",310,7.16857574890456,35.1612903225807,1.87555785559581,27.3012903225806,27.8529012543434,-0.732793548387097,0,0,TRUE,0.390438247011952,-0.132906495702802,FALSE,,39,0,-0.73
621381,breaking,SL,"Strahm, Matt",366,-0.216304343055442,28.6885245901639,4.96496172184583,34.5616480528012,29.6014352250486,-0.735336065573771,0,0,TRUE,0.390438247011952,-0.132906495702802,TRUE,0.614442104237989,39,0,-0.74
622491,breaking,SL,"Castillo, Luis",908,-1.68589900183848,32.0484581497797,2.63494988993937,14.9509746869698,17.0109299160667,-0.76743281938326,0,0,TRUE,0.390438247011952,-0.132906495702802,TRUE,0.0788341979904293,39,0,-0.77
622786,breaking,SL,"Tinoco, Jesus",202,2.96869256477014,34.6534653465347,1.97537128712871,24.8405940594059,24.064019888831,-0.58680198019802,0,0,TRUE,0.390438247011952,-0.132906495702802,FALSE,,39,0,-0.59
623352,breaking,SL,"Hader, Josh",456,-5.53918075461136,53.9473684210526,4.34018398146358,28.7609278621509,33.0627647321039,-0.83230701754386,0,0,TRUE,0.390438247011952,-0.132906495702802,TRUE,0.0239938903586342,39,0,-0.83
623474,breaking,SL,"Herget, Jimmy",295,9.27552141519438,27.1186440677966,6.54347860860293,8.24347826086956,1.83811725568834,-0.599722033898305,0,0,TRUE,0.390438247011952,-0.132906495702802,FALSE,,39,0,-0.6
625643,breaking,SL,"López, Reynaldo",511,5.86642237754437,39.5303326810176,2.5887026700148,39.5170254403131,41.3386258763192,-0.63900782778865,0,0,TRUE,0.390438247011952,-0.132906495702802,FALSE,,39,0,-0.64
628317,breaking,SL,"Maeda, Kenta",322,-0.652382357892795,22.360248447205,1.77882139922981,38.3116919714746,38.6544374210774,-0.672062111801242,0,0,TRUE,0.390438247011952,-0.132906495702802,TRUE,0.203724846472078,39,0,-0.67
628452,breaking,SL,"Iglesias, Raisel",207,7.36031349354545,37.1980676328502,3.95361868891833,34.1974489795918,32.6820291692575,-0.544130434782609,0,0,TRUE,0.390438247011952,-0.132906495702802,FALSE,,39,0,-0.54
641329,breaking,SL,"Baker, Bryan",205,-3.35570131280654,18.0487804878049,2.39071746223935,56.1035489667565,54.8824567049872,-0.496126829268293,0,0,TRUE,0.390438247011952,-0.132906495702802,TRUE,0.0396061756734974,39,0,-0.5
641540,breaking,SL,"Dunning, Dane",371,-5.12757038751924,31.266846361186,2.17340469339923,38.3081128565523,37.5474003262296,-0.482455525606469,0,0,TRUE,0.390438247011952,-0.132906495702802,TRUE,0.0259199748922614,39,0,-0.48
641656,breaking,SL,"Hamilton, Ian",449,6.80809888986274,44.3207126948775,2.28662506988857,40.1261611955715,39.1101825920785,-0.625305122494432,0,0,TRUE,0.390438247011952,-0.132906495702802,FALSE,,39,0,-0.63
641712,breaking,SL,"Hudson, Dakota",335,0.589698891372583,32.5373134328358,3.08599814166466,37.8521416585711,39.7788832793724,-0.63949552238806,0,0,TRUE,0.390438247011952,-0.132906495702802,FALSE,,39,0,-0.64
641729,breaking,SL,"Jiménez, Joe",337,4.17293049989714,40.6528189910979,3.31653864397378,29.9875370919881,33.1913862157641,-0.614608308605341,0,0,TRUE,0.390438247011952,-0.132906495702802,FALSE,,39,0,-0.61
641755,breaking,SL,"Kinley, Tyler",1070,6.44671409335931,34.1121495327103,2.20437861484637,45.2421301451581,44.8096858473915,-0.561143925233645,0,0,TRUE,0.390438247011952,-0.132906495702802,FALSE,,39,0,-0.56
641835,breaking,SL,"Mayza, Tim",254,-12.8476474389231,21.6535433070866,2.40643280499134,42.8379828585225,41.9912576628087,-0.702326771653543,0,0,TRUE,0.390438247011952,-0.132906495702802,TRUE,0.0103448118680584,39,0,-0.7
642100,breaking,SL,"Speier, Gabe",280,4.67665282731103,42.5,2.48328952598776,27.0542667509482,29.0793492050557,-0.604871428571429,0,0,TRUE,0.390438247011952,-0.132906495702802,FALSE,,39,0,-0.6
642397,breaking,SL,"Soto, Gregory",503,0.846438967398868,45.1292246520875,4.23392340661428,38.0070168462907,34.0328721201575,-0.703900596421471,0,0,TRUE,0.390438247011952,-0.132906495702802,FALSE,,39,0,-0.7
642546,breaking,SL,"Hernández, Jonathan",256,3.36519482979098,36.71875,2.7583254307697,28.0461883408072,25.7600995723018,-0.58616015625,0,0,TRUE,0.390438247011952,-0.132906495702802,FALSE,,39,0,-0.59
642547,breaking,SL,"Peralta, Freddy",521,6.86864668233175,42.4184261036468,5.52752499010959,34.096066252588,39.5363412773987,-0.549245681381958,0,0,TRUE,0.390438247011952,-0.132906495702802,FALSE,,39,0,-0.55
642701,breaking,SL,"Santana, Dennis",564,4.0683020770205,37.0567375886525,2.1702831429065,32.7304858198735,31.0687938902454,-0.734132978723404,0,0,TRUE,0.390438247011952,-0.132906495702802,FALSE,,39,0,-0.73
643338,breaking,SL,"Green, Chad",329,0.605872688750384,27.9635258358663,1.52863605156107,45.3155172413794,45.3462456875097,-0.688550151975684,0,0,TRUE,0.390438247011952,-0.132906495702802,FALSE,,39,0,-0.69
645261,breaking,SL,"Alcantara, Sandy",286,-4.2847634881585,24.4755244755245,2.66866130852949,33.2877697841727,31.846881354665,-0.72970979020979,0,0,TRUE,0.390438247011952,-0.132906495702802,TRUE,0.031018397181106,39,0,-0.73
650911,breaking,SL,"Sánchez, Cristopher",754,-1.20736700093743,33.1564986737401,1.89017117212881,32.2844827586207,31.1503858015708,-0.640827586206897,0,0,TRUE,0.390438247011952,-0.132906495702802,TRUE,0.110079615891116,39,0,-0.64
655889,breaking,SL,"Rodríguez, Manuel",244,-2.21296650558177,28.6885245901639,2.83491543646146,47.9172131147541,46.1494820417922,-0.50608606557377,0,0,TRUE,0.390438247011952,-0.132906495702802,TRUE,0.0600580692783064,39,0,-0.51
656240,breaking,SL,"Blewett, Scott",221,1.55644046134132,33.0316742081448,3.13198933419522,45.5357466063349,47.7221840659341,-0.612904977375566,0,0,TRUE,0.390438247011952,-0.132906495702802,FALSE,,39,0,-0.61
656271,breaking,SL,"Burke, Brock",335,-0.823002013587905,31.3432835820896,2.58584973088934,41.7328675770086,42.8152140135958,-0.538701492537314,0,0,TRUE,0.390438247011952,-0.132906495702802,TRUE,0.161489879135765,39,0,-0.54
656288,breaking,SL,"Canning, Griffin",785,-5.20360560116034,32.484076433121,2.61521401374776,44.273983166515,44.8296320315615,-0.746726114649682,0,0,TRUE,0.390438247011952,-0.132906495702802,TRUE,0.0255412315785742,39,0,-0.75
656302,breaking,SL,"Cease, Dylan",1865,-0.696840914829134,43.0563002680965,4.52520953576372,50.0210963059138,54.1869618640244,-0.635924396782842,0,0,TRUE,0.390438247011952,-0.132906495702802,TRUE,0.190727170110829,39,0,-0.64
656412,breaking,SL,"Faedo, Alex",265,5.38878795544276,37.7358490566038,2.61013165436224,33.2475471698114,32.8342096851759,-0.670437735849057,0,0,TRUE,0.390438247011952,-0.132906495702802,FALSE,,39,0,-0.67
656464,breaking,SL,"Ginkel, Kevin",591,-4.01542121196347,41.2859560067682,2.79878861962871,42.7938906946311,40.2863100900012,-0.631702199661591,0,0,TRUE,0.390438247011952,-0.132906495702802,TRUE,0.0330990171857495,39,0,-0.63
656546,breaking,SL,"Hoffman, Jeff",623,-7.46658381307186,44.3017656500803,2.20661688705962,38.8526484751204,37.6922753735055,-0.761208667736758,0,0,TRUE,0.390438247011952,-0.132906495702802,TRUE,0.0178001746220434,39,0,-0.76
656550,breaking,SL,"Holmes, Grant",882,-3.61896503857605,40.1360544217687,2.41331803835774,38.9265447368622,39.2792625956413,-0.571651927437642,0,0,TRUE,0.390438247011952,-0.132906495702802,TRUE,0.0367250012879639,39,0,-0.57
656605,breaking,SL,"Keller, Mitch",443,-3.12200459752634,23.9277652370203,3.13577867169567,38.6092550790068,35.6309725163554,-0.570279909706546,0,0,TRUE,0.390438247011952,-0.132906495702802,TRUE,0.0425708840429343,39,0,-0.57
656638,breaking,SL,"Lange, Alex",369,-4.72594180196943,39.2953929539295,4.1488595973168,43.8937669376694,41.1776315729544,-0.669073170731707,0,0,TRUE,0.390438247011952,-0.132906495702802,TRUE,0.028122753362603,39,0,-0.67
656641,breaking,SL,"Latz, Jacob",266,4.11850912966873,31.203007518797,2.25726625636465,49.5927891955373,49.7691668664392,-0.648854961832061,0,0,TRUE,0.390438247011952,-0.132906495702802,FALSE,,39,0,-0.65
656731,breaking,SL,"Megill, Tylor",284,-4.90995154092137,36.6197183098592,2.14219248681746,37.8211267605634,37.2947891009852,-0.497088028169014,0,0,TRUE,0.390438247011952,-0.132906495702802,TRUE,0.0270687998842981,39,0,-0.5
656849,breaking,SL,"Peterson, David",717,-0.242150531951345,34.5885634588564,3.22886376905119,37.2054393305439,40.3007052115192,-0.556468619246862,0,0,TRUE,0.390438247011952,-0.132906495702802,TRUE,0.548858987142372,39,0,-0.56
656986,breaking,SL,"Sousa, Bennett",222,13.1454534126403,49.0990990990991,5.33519862144023,56.8445945945946,51.5093959731544,-0.609,0,0,TRUE,0.390438247011952,-0.132906495702802,FALSE,,39,0,-0.61
657240,breaking,SL,"Merryweather, Julian",255,-0.832606037209821,32.9411764705882,3.17098838945897,56.9701960784314,53.8104280001927,-0.687886274509804,0,0,TRUE,0.390438247011952,-0.132906495702802,TRUE,0.15962711025756,39,0,-0.69
657424,breaking,SL,"Gage, Matt",230,-1.64277439170155,20,3.7457439002018,48.8134782608696,52.2370262337186,-0.557165217391304,0,0,TRUE,0.390438247011952,-0.132906495702802,TRUE,0.080903681220122,39,0,-0.56
657746,breaking,SL,"Ryan, Joe",261,1.23847828020077,21.0727969348659,2.62367785486923,24.9012765957447,24.677172509336,-0.674934865900383,0,0,TRUE,0.390438247011952,-0.132906495702802,FALSE,,39,0,-0.67
660761,breaking,SL,"Suarez, José",207,0.536416792163927,27.0531400966184,1.95565555889031,41.3608684238161,40.1631140448066,-0.583468599033817,0,0,TRUE,0.390438247011952,-0.132906495702802,FALSE,,39,0,-0.58
660853,breaking,SL,"De Los Santos, Enyel",583,5.98123789100028,38.7650085763293,2.07448862702593,24.2690378329396,23.3172277718746,-0.609938250428817,0,0,TRUE,0.390438247011952,-0.132906495702802,FALSE,,39,0,-0.61
660896,breaking,SL,"Alcala, Jorge",240,-1.34739582967326,25.8333333333333,2.94178912997684,49.0812500000001,50.3806325925146,-0.6758125,0,0,TRUE,0.390438247011952,-0.132906495702802,TRUE,0.0986395332209324,39,0,-0.68
662253,breaking,SL,"Muñoz, Andrés",755,5.20385580267834,48.7417218543046,5.14533967290964,31.2095002819109,26.1668335629983,-0.523950993377483,0,0,TRUE,0.390438247011952,-0.132906495702802,FALSE,,39,0,-0.52
663554,breaking,SL,"Mize, Casey",511,-0.0903133876532195,20.7436399217221,5.03848641231957,41.2755123327406,46.2721734180262,-0.633780821917808,0,0,TRUE,0.390438247011952,-0.132906495702802,TRUE,1,39,0,-0.63
663567,breaking,SL,"Lambert, Peter",313,4.68088337454183,21.7252396166134,2.21139252501339,50.7658146964857,50.1651592947411,-0.618619808306709,0,0,TRUE,0.390438247011952,-0.132906495702802,FALSE,,39,0,-0.62
663568,breaking,SL,"Kolek, Stephen",258,-4.8193350578434,26.7441860465116,2.90991341323634,31.9609865470852,34.5267455762584,-0.625062015503876,0,0,TRUE,0.390438247011952,-0.132906495702802,TRUE,0.027577766249412,39,0,-0.63
663738,breaking,SL,"Lynch IV, Daniel",297,9.70708546349116,37.7104377104377,2.22732707887323,39.3121212121212,38.7126945618615,-0.758814814814815,0,0,TRUE,0.390438247011952,-0.132906495702802,FALSE,,39,0,-0.76
663776,breaking,SL,"Sandoval, Patrick",330,1.8483770558233,23.9393939393939,1.97439378692463,55.1280821917809,54.0182343884772,-0.549109090909091,0,0,TRUE,0.390438247011952,-0.132906495702802,FALSE,,39,0,-0.55
663878,breaking,SL,"Pearson, Nate",298,-0.55109681246454,31.2080536912752,2.75906049326366,39.7035087719299,40.8465394290901,-0.582946308724832,0,0,TRUE,0.390438247011952,-0.132906495702802,TRUE,0.241167237219964,39,0,-0.58
663941,breaking,SL,"Beck, Tristan",211,1.78402416999292,18.957345971564,3.21720413751141,45.1086705202312,42.3894280498935,-0.581597156398104,0,0,TRUE,0.390438247011952,-0.132906495702802,FALSE,,39,0,-0.58
664076,breaking,SL,"Cleavinger, Garrett",411,0.739859471759285,34.0632603406326,2.803414280937,31.4203143811086,33.6851736698325,-0.551175182481752,0,0,TRUE,0.390438247011952,-0.132906495702802,FALSE,,39,0,-0.55
664199,breaking,SL,"Clarke, Taylor",335,6.78883584992486,31.044776119403,2.81358686660616,48.4877103842489,47.4505432003812,-0.563253731343283,0,0,TRUE,0.390438247011952,-0.132906495702802,FALSE,,39,0,-0.56
664747,breaking,SL,"Díaz, Alexis",423,0.825706004685116,28.3687943262411,3.88721339781351,13.5066193853428,10.2727162273745,-0.503898345153664,0,0,TRUE,0.390438247011952,-0.132906495702802,FALSE,,39,0,-0.5
664854,breaking,SL,"Helsley, Ryan",569,0.536070095114077,43.9367311072056,2.93481893248934,60.8776644876618,61.0166760741877,-0.665028119507909,0,0,TRUE,0.390438247011952,-0.132906495702802,FALSE,,39,0,-0.67
665622,breaking,SL,"Medina, Luis",256,7.34677801622995,37.109375,7.31147139265933,37.267847079918,44.5684530296162,-0.58038671875,0,0,TRUE,0.390438247011952,-0.132906495702802,FALSE,,39,0,-0.58
665625,breaking,SL,"Peguero, Elvis",333,-9.17238675614133,38.7387387387387,2.67344844844844,24.3378378378379,22.5129271163055,-0.702072072072072,0,0,TRUE,0.390438247011952,-0.132906495702802,TRUE,0.0144898486333249,39,0,-0.7
665795,breaking,SL,"Cabrera, Edward",319,7.86508140860811,37.9310344827586,2.23088045311439,34.0843648208469,34.2454147978795,-0.689235109717868,0,0,TRUE,0.390438247011952,-0.132906495702802,FALSE,,39,0,-0.69
666142,breaking,SL,"Ragans, Cole",397,-9.70646384203702,35.5163727959698,2.65654304809405,40.8016759776536,43.2358341142548,-0.800841309823678,0,0,TRUE,0.390438247011952,-0.132906495702802,TRUE,0.0136925761910539,39,0,-0.8
666200,breaking,SL,"Luzardo, Jesús",375,-7.00223149443268,41.0666666666667,2.31314979238607,35.9528,36.6994783330183,-0.849312,0,0,TRUE,0.390438247011952,-0.132906495702802,TRUE,0.018980591516929,39,0,-0.85
666214,breaking,SL,"Wentz, Joey",234,-6.33032064188164,27.3504273504274,4.63931810955884,45.2487179487179,49.8153172866521,-0.672,0,0,TRUE,0.390438247011952,-0.132906495702802,TRUE,0.0209952233420038,39,0,-0.67
667297,breaking,SL,"Nance, Tommy",268,-7.01655806903206,26.4925373134328,6.28041884192969,38.8705223880597,45.1126461307396,-0.688809701492537,0,0,TRUE,0.390438247011952,-0.132906495702802,TRUE,0.0189418364952171,39,0,-0.69
668674,breaking,SL,"Erceg, Lucas",368,-6.71167338333464,32.0652173913043,1.96511203713941,42.1467470760234,42.8356700574967,-0.718054347826087,0,0,TRUE,0.390438247011952,-0.132906495702802,TRUE,0.0198022889541696,39,0,-0.72
668881,breaking,SL,"Greene, Hunter",901,5.53445862757054,38.8457269700333,4.62302432555152,30.8457269700333,33.8707935280706,-0.537998890122087,0,0,TRUE,0.390438247011952,-0.132906495702802,FALSE,,39,0,-0.54
668964,breaking,SL,"Myers, Tobias",354,-1.05104952883914,20.6214689265537,1.79021136947861,62.0813559322034,60.6886685177011,-0.545282485875706,0,0,TRUE,0.390438247011952,-0.132906495702802,TRUE,0.12645122047635,39,0,-0.55
669022,breaking,SL,"Gore, MacKenzie",364,0.985995866136385,33.5164835164835,2.58965987105014,46.076231884058,45.0834637681997,-0.714703296703297,0,0,TRUE,0.390438247011952,-0.132906495702802,FALSE,,39,0,-0.71
669093,breaking,SL,"Estrada, Jeremiah",228,1.13019797266593,34.6491228070176,7.21453889839918,61.0765228638184,68.2762348477839,-0.52565350877193,0,0,TRUE,0.390438247011952,-0.132906495702802,FALSE,,39,0,-0.53
669194,breaking,SL,"Nelson, Ryne",407,-4.14122383206866,25.0614250614251,2.93852142498665,51.0019861619862,53.0310083763077,-0.624314496314496,0,0,TRUE,0.390438247011952,-0.132906495702802,TRUE,0.0320935310652869,39,0,-0.62
669199,breaking,SL,"Bachar, Lake",215,3.01662562840495,37.6744186046512,1.9441061912995,39.7450506857484,38.9825873413859,-0.722125581395349,0,0,TRUE,0.390438247011952,-0.132906495702802,FALSE,,39,0,-0.72
669211,breaking,SL,"Akin, Keegan",357,2.01538305469386,28.0112044817927,4.67068306340779,37.7945833548144,42.117376525759,-0.687627450980392,0,0,TRUE,0.390438247011952,-0.132906495702802,FALSE,,39,0,-0.69
669212,breaking,SL,"Morgan, Eli",225,4.59205215396188,34.2222222222222,2.25571690727389,48.1417777777778,47.2401106736434,-0.756688888888889,0,0,TRUE,0.390438247011952,-0.132906495702802,FALSE,,39,0,-0.76
669276,breaking,SL,"Lee, Dylan",828,3.92488495488397,43.1159420289855,2.04010097720487,46.5214127170649,47.7942778239708,-0.659539855072464,0,0,TRUE,0.390438247011952,-0.132906495702802,FALSE,,39,0,-0.66
669302,breaking,SL,"Gilbert, Logan",1341,0.830791591736554,33.4079045488441,3.83705581343285,44.5856347465749,45.2992751977205,-0.77892990305742,0,0,TRUE,0.390438247011952,-0.132906495702802,FALSE,,39,0,-0.78
669372,breaking,SL,"Ginn, J.T.",388,-5.98957977756244,35.0515463917526,5.32898484818049,39.8471649484536,44.4466520619213,-0.505865979381444,0,0,TRUE,0.390438247011952,-0.132906495702802,TRUE,0.0221896194121469,39,0,-0.51
669373,breaking,SL,"Skubal, Tarik",529,0.127520716070702,27.4102079395085,2.94508506659471,46.8844990548204,49.4282765269758,-0.602017013232514,0,0,TRUE,0.390438247011952,-0.132906495702802,FALSE,,39,0,-0.6
669387,breaking,SL,"Mlodzinski, Carmen",253,-6.97028038925502,22.5296442687747,4.49771166828831,26.2697240259741,29.3615784468058,-0.695711462450593,0,0,TRUE,0.390438247011952,-0.132906495702802,TRUE,0.0190675967508685,39,0,-0.7
669461,breaking,SL,"Liberatore, Matthew",750,-0.38390410935843,32.9333333333333,2.00407686714243,45.2557584269663,46.913455383466,-0.734894666666667,0,0,TRUE,0.390438247011952,-0.132906495702802,TRUE,0.346197116579219,39,0,-0.73
669674,breaking,SL,"Long, Sam",218,2.52388266702527,34.4036697247706,3.59681343625219,53.8468292682927,50.9720047347763,-0.768077981651376,0,0,TRUE,0.390438247011952,-0.132906495702802,FALSE,,39,0,-0.77
669854,breaking,SL,"Blanco, Ronel",600,4.35438509974269,31.1666666666667,3.5714504311034,44.1043895845757,47.4265964975196,-0.55954,0,0,TRUE,0.390438247011952,-0.132906495702802,FALSE,,39,0,-0.56
670970,breaking,SL,"Morejon, Adrian",324,3.63285203206174,34.5679012345679,4.39283272122554,39.5606172839506,43.6437438548105,-0.450046296296296,0,0,TRUE,0.390438247011952,-0.132906495702802,FALSE,,39,0,-0.45
672282,breaking,SL,"Detmers, Reid",832,2.04105796202103,32.9326923076923,2.90912118162429,42.5486565487028,41.2419043191035,-0.661961538461538,0,0,TRUE,0.390438247011952,-0.132906495702802,FALSE,,39,0,-0.66
672456,breaking,SL,"Montero, Keider",510,1.88275141138835,28.4313725490196,2.14795553638852,42.5956288247783,41.6714869439468,-0.498211764705883,0,0,TRUE,0.390438247011952,-0.132906495702802,FALSE,,39,0,-0.5
673513,breaking,SL,"Matsui, Yuki",291,8.01873291515428,37.4570446735395,2.45902197763156,55.146735395189,56.143853168451,-0.64914089347079,0,0,TRUE,0.390438247011952,-0.132906495702802,FALSE,,39,0,-0.65
673929,breaking,SL,"Leasure, Jordan",357,1.08157117753958,34.453781512605,2.28568170803596,52.7330532212885,53.3364415021188,-0.594355742296919,0,0,TRUE,0.390438247011952,-0.132906495702802,FALSE,,39,0,-0.59
674370,breaking,SL,"Bido, Osvaldo",461,3.60233424305112,27.3318872017354,2.43026538083909,36.4446511627907,34.7126567128682,-0.622830802603037,0,0,TRUE,0.390438247011952,-0.132906495702802,FALSE,,39,0,-0.62
675540,breaking,SL,"Curry, Xzavion",277,6.1355202047269,21.6606498194946,5.10566298704536,57.4506097387646,62.5327527953518,-0.536978339350181,0,0,TRUE,0.390438247011952,-0.132906495702802,FALSE,,39,0,-0.54
675627,breaking,SL,"Grove, Michael",291,-2.43584411440886,34.020618556701,1.78897451370068,54.7435575688153,53.9177143557862,-0.594773195876289,0,0,TRUE,0.390438247011952,-0.132906495702802,TRUE,0.0545628083983758,39,0,-0.59
675911,breaking,SL,"Strider, Spencer",709,3.22578658945437,47.2496473906911,1.89994647364797,43.765791733592,45.0431360399214,-0.640936530324401,0,0,TRUE,0.390438247011952,-0.132906495702802,FALSE,,39,0,-0.64
676130,breaking,SL,"Buttó, José",271,1.19183405583416,36.90036900369,1.94782254188682,36.8708745598931,36.916252008062,-0.597664206642066,0,0,TRUE,0.390438247011952,-0.132906495702802,FALSE,,39,0,-0.6
676263,breaking,SL,"Dreyer, Jack",430,1.52885462140263,28.1395348837209,4.23450197798003,54.499679785331,58.6095427586305,-0.76216511627907,0,0,TRUE,0.390438247011952,-0.132906495702802,FALSE,,39,0,-0.76
676395,breaking,SL,"Garcia, Robert",271,1.49191162715261,22.140221402214,3.59491573828925,29.1663454561287,25.6991589780092,-0.591815498154982,0,0,TRUE,0.390438247011952,-0.132906495702802,FALSE,,39,0,-0.59
676477,breaking,SL,"Whitlock, Garrett",300,-8.53965159971938,34,2.59868593819108,43.2823529411765,40.999849155671,-0.560453333333334,0,0,TRUE,0.390438247011952,-0.132906495702802,TRUE,0.0155634564420836,39,0,-0.56
676664,breaking,SL,"Sears, JP",382,2.07508608929117,24.3455497382199,9.78636471060572,18.4535612535613,28.2304452042207,-0.675243455497382,0,0,TRUE,0.390438247011952,-0.132906495702802,FALSE,,39,0,-0.68
676684,breaking,SL,"Vest, Will",366,-10.2861622886393,33.0601092896175,4.56484922382036,45.7360008732826,50.0874660525634,-0.649972677595629,0,0,TRUE,0.390438247011952,-0.132906495702802,TRUE,0.0129209020792519,39,0,-0.65
676974,breaking,SL,"Meyer, Max",595,-6.86121112242023,36.1344537815126,3.0104007999556,43.7206043072967,41.8986243408501,-0.644173109243697,0,0,TRUE,0.390438247011952,-0.132906495702802,TRUE,0.0193707048699473,39,0,-0.64
677944,breaking,SL,"Cecconi, Slade",420,0.862379326323244,28.5714285714286,2.45258687383079,38.6071428571429,37.2945817310835,-0.696902380952381,0,0,TRUE,0.390438247011952,-0.132906495702802,FALSE,,39,0,-0.7
677952,breaking,SL,"Ashcraft, Braxton",447,3.01293370351145,30.4250559284116,2.2048371281022,39.179418344519,38.0128755566706,-0.537941834451902,0,0,TRUE,0.390438247011952,-0.132906495702802,FALSE,,39,0,-0.54
677958,breaking,SL,"Rocker, Kumar",436,-4.55312096871753,41.0550458715596,8.16515347559332,39.4168277777778,31.2554979628988,-0.615467889908257,0,0,TRUE,0.390438247011952,-0.132906495702802,TRUE,0.0291901964863097,39,0,-0.62
678226,breaking,SL,"Hernández, Daysbel",260,-3.37259807279538,34.2307692307692,2.65691148423768,39.4742307692307,41.669275176695,-0.805592307692308,0,0,TRUE,0.390438247011952,-0.132906495702802,TRUE,0.0394077482208374,39,0,-0.81
678495,breaking,SL,"Rodríguez, Randy",369,-1.92563477298627,33.8753387533875,2.77103675509886,38.0614082345643,39.0109351744311,-0.434718157181572,0,0,TRUE,0.390438247011952,-0.132906495702802,TRUE,0.0690195760729282,39,0,-0.43
679525,breaking,SL,"Marsh, Alec",240,-5.90188641193902,27.9166666666667,2.22989897157562,32.9870833333334,32.1525304754165,-0.6670125,0,0,TRUE,0.390438247011952,-0.132906495702802,TRUE,0.022519324572893,39,0,-0.67
680730,breaking,SL,"Parker, Mitchell",495,1.93501062535304,34.7474747474748,14.6041950881114,47.9420202020202,62.5323336639525,-0.719038383838384,0,0,TRUE,0.390438247011952,-0.132906495702802,FALSE,,39,0,-0.72
680732,breaking,SL,"Burke, Sean",489,-0.493336696573038,29.038854805726,3.2930994845831,39.3617763639577,42.3979459494949,-0.551280163599182,0,0,TRUE,0.390438247011952,-0.132906495702802,TRUE,0.26940322223349,39,0,-0.55
680736,breaking,SL,"Wrobleski, Justin",427,2.54318810088104,20.3747072599532,2.36624744985243,36.3896955503513,36.6501027764692,-0.578487119437939,0,0,TRUE,0.390438247011952,-0.132906495702802,FALSE,,39,0,-0.58
680755,breaking,SL,"Fisher, Braydon",354,2.16874495210465,29.9435028248588,1.99259799256155,48.7525423728814,49.1019426388299,-0.702762711864407,0,0,TRUE,0.390438247011952,-0.132906495702802,FALSE,,39,0,-0.7
680767,breaking,SL,"Vodnik, Victor",217,-7.98921000569895,28.110599078341,5.29712422711151,42.3324159178434,45.6792883281972,-0.545023041474654,0,0,TRUE,0.390438247011952,-0.132906495702802,TRUE,0.016635749418027,39,0,-0.55
680885,breaking,SL,"Schwellenbach, Spencer",369,-9.2039624438299,27.9132791327913,3.1197790493542,36.2766937669377,33.3432044236375,-0.515306233062331,0,0,TRUE,0.390438247011952,-0.132906495702802,TRUE,0.0144401388547493,39,0,-0.52
681347,breaking,SL,"Burrows, Mike",264,2.93247609869715,24.2424242424242,2.83132195387662,42.0621212121212,43.3220601778709,-0.54269696969697,0,0,TRUE,0.390438247011952,-0.132906495702802,FALSE,,39,0,-0.54
681402,breaking,SL,"Varland, Gus",252,-4.76408057837371,26.5873015873016,2.88399586435494,47.5333950617284,49.5627664207437,-0.760976190476191,0,0,TRUE,0.390438247011952,-0.132906495702802,TRUE,0.0278976170777051,39,0,-0.76
681676,breaking,SL,"Fernandez, Ryan",485,6.43779655732011,39.3814432989691,2.55904211149039,53.8902295532647,55.2337023909857,-0.759210309278351,0,0,TRUE,0.390438247011952,-0.132906495702802,FALSE,,39,0,-0.76
681857,breaking,SL,"Olson, Reese",519,6.36037015248906,42.9672447013488,2.51658956452849,38.2108309907919,38.3042734965023,-0.539011560693642,0,0,TRUE,0.390438247011952,-0.132906495702802,FALSE,,39,0,-0.54
681911,breaking,SL,"Vesia, Alex",444,5.78992086377256,35.8108108108108,4.0062028974013,66.8348917465853,62.8561356402871,-0.572231981981982,0,0,TRUE,0.390438247011952,-0.132906495702802,FALSE,,39,0,-0.57
682052,breaking,SL,"Lopez, Jacob",501,1.80585642665513,30.5389221556886,5.4771256061107,17.234009009009,22.6531229337135,-0.444091816367265,0,0,TRUE,0.390438247011952,-0.132906495702802,FALSE,,39,0,-0.44
682120,breaking,SL,"Herrin, Tim",292,3.47985298904524,33.9041095890411,3.01878395808264,30.6310471452263,28.3808558311525,-0.577582191780822,0,0,TRUE,0.390438247011952,-0.132906495702802,FALSE,,39,0,-0.58
682243,breaking,SL,"Miller, Bryce",316,3.64573507832823,29.746835443038,3.98804793384295,43.6117088607595,46.4062569889386,-0.659148734177215,0,0,TRUE,0.390438247011952,-0.132906495702802,FALSE,,39,0,-0.66
682254,breaking,SL,"Montgomery, Mason",247,-6.67312580009672,42.1052631578947,2.48349043487932,53.2689189189189,54.2500801306357,-0.812785425101215,0,0,TRUE,0.390438247011952,-0.132906495702802,TRUE,0.019916677683624,39,0,-0.81
682847,breaking,SL,"Ortiz, Luis",551,-4.75342252795508,30.6715063520871,6.59382208576623,27.0989110707804,20.5630235669563,-0.653696914700545,0,0,TRUE,0.390438247011952,-0.132906495702802,TRUE,0.027960168682917,39,0,-0.65
683003,breaking,SL,"Jones, Jared",470,-4.04848419504818,34.2553191489362,3.13003160151739,44.0331284017813,42.4890624113475,-0.66356170212766,0,0,TRUE,0.390438247011952,-0.132906495702802,TRUE,0.0328287055845157,39,0,-0.66
683004,breaking,SL,"Leiter, Jack",506,-5.18481829153397,26.0869565217391,3.73476669551102,48.4399463670679,44.9587429734965,-0.683644268774704,0,0,TRUE,0.390438247011952,-0.132906495702802,TRUE,0.0256337808250326,39,0,-0.68
683232,breaking,SL,"Mears, Nick",372,-1.45578005417281,40.5913978494624,2.44617642472218,56.0619658119658,57.5170086712542,-0.743120967741936,0,0,TRUE,0.390438247011952,-0.132906495702802,TRUE,0.0912957251487557,39,0,-0.74
685126,breaking,SL,"Eisert, Brandon",330,5.66964115948341,29.0909090909091,2.671742609017,34.2445454545454,32.796579884208,-0.542651515151515,0,0,TRUE,0.390438247011952,-0.132906495702802,FALSE,,39,0,-0.54
685299,breaking,SL,"Gordon, Tanner",346,3.18321021551361,21.6763005780347,2.96685708723444,41.5205202312139,44.326108247513,-0.69043063583815,0,0,TRUE,0.390438247011952,-0.132906495702802,FALSE,,39,0,-0.69
686218,breaking,SL,"Sheehan, Emmet",511,4.33516187498346,40.7045009784736,3.16481866201863,31.6718199608611,34.4659229518802,-0.732334637964775,0,0,TRUE,0.390438247011952,-0.132906495702802,FALSE,,39,0,-0.73
686613,breaking,SL,"Brown, Hunter",229,0.96569930294471,23.5807860262009,3.38845668283447,57.7689655172414,57.5001909525464,-0.500554585152838,0,0,TRUE,0.390438247011952,-0.132906495702802,FALSE,,39,0,-0.5
686752,breaking,SL,"Pepiot, Ryan",476,0.739654838602319,25.6302521008403,3.89693051094344,39.4252857946457,43.0821905518896,-0.480575630252101,0,0,TRUE,0.390438247011952,-0.132906495702802,FALSE,,39,0,-0.48
686799,breaking,SL,"Kochanowicz, Jack",213,-10.6163491933657,27.6995305164319,3.481579002703,32.786634701828,30.4817320475623,-0.575629107981221,0,0,TRUE,0.390438247011952,-0.132906495702802,TRUE,0.0125190395758513,39,0,-0.58
686973,breaking,SL,"Varland, Louis",221,2.10706703906803,25.7918552036199,3.87920289855074,39.4321739130435,42.6083333333334,-0.562923076923077,0,0,TRUE,0.390438247011952,-0.132906495702802,FALSE,,39,0,-0.56
687396,breaking,SL,"Headrick, Brent",226,8.00067502709937,46.9026548672566,1.94706587534874,40.4492227979274,41.5972832179155,-0.692433628318584,0,0,TRUE,0.390438247011952,-0.132906495702802,FALSE,,39,0,-0.69
690925,breaking,SL,"Beeter, Clayton",229,-4.90346376187702,40.6113537117904,2.16424455428827,52.7572052401747,50.7192246167536,-0.440646288209607,0,0,TRUE,0.390438247011952,-0.132906495702802,TRUE,0.0271046146473255,39,0,-0.44
691587,breaking,SL,"Pérez, Eury",384,0.779044464047338,43.75,4.95981677395866,27.8300314465409,32.6786686725016,-0.6600859375,0,0,TRUE,0.390438247011952,-0.132906495702802,FALSE,,39,0,-0.66
693312,breaking,SL,"Nicolas, Kyle",224,0.431678086931667,35.7142857142857,2.94969592213133,43.8034503857409,46.2472725998036,-0.663482142857143,0,0,TRUE,0.390438247011952,-0.132906495702802,FALSE,,39,0,-0.66
693433,breaking,SL,"Woo, Bryan",429,-1.13388877564476,26.8065268065268,2.88347207718173,26.7794603478057,24.8877095097043,-0.657300699300699,0,0,TRUE,0.390438247011952,-0.132906495702802,TRUE,0.117212991748003,39,0,-0.66
693821,breaking,SL,"Elder, Bryce",1001,-3.68997738916281,32.1678321678322,2.83968615922749,52.717982017982,50.107273180124,-0.591375624375623,0,0,TRUE,0.390438247011952,-0.132906495702802,TRUE,0.0360182412209729,39,0,-0.59
694037,breaking,SL,"Palencia, Daniel",217,5.57439590451013,43.778801843318,5.17997398066767,31.6892405063292,36.2029467619312,-0.73321198156682,0,0,TRUE,0.390438247011952,-0.132906495702802,FALSE,,39,0,-0.73
694363,breaking,SL,"Shuster, Jared",225,4.58346466265844,25.7777777777778,2.77897981435921,38.3451923076923,36.4661296947852,-0.667408888888889,0,0,TRUE,0.390438247011952,-0.132906495702802,FALSE,,39,0,-0.67
694973,breaking,SL,"Skenes, Paul",200,-2.36963496894801,33,2.24989962180307,23.736,24.8428966741321,-0.70147,0,0,TRUE,0.390438247011952,-0.132906495702802,TRUE,0.0560873288267709,39,0,-0.7
695076,breaking,SL,"Lowder, Rhett",253,-4.32657460340128,32.4110671936759,2.14443231520625,30.6656888423258,29.1540849884766,-0.65701581027668,0,0,TRUE,0.390438247011952,-0.132906495702802,TRUE,0.0307186418554575,39,0,-0.66
695418,breaking,SL,"Lord, Brad",271,0.654386397492149,25.0922509225092,2.22192849430101,17.8579335793358,19.3229897126483,-0.815369003690037,0,0,TRUE,0.390438247011952,-0.132906495702802,FALSE,,39,0,-0.82
695505,breaking,SL,"Burns, Chase",490,-2.97626042021178,48.3673469387755,3.26717339929064,51.1593525686137,54.0089833229086,-0.679028571428571,0,0,TRUE,0.390438247011952,-0.132906495702802,TRUE,0.0446555330979218,39,0,-0.68
696147,breaking,SL,"Bachman, Sam",275,-4.30476834097105,35.2727272727273,3.68231060577225,36.7458861138861,33.7269742251811,-0.710498181818182,0,0,TRUE,0.390438247011952,-0.132906495702802,TRUE,0.0308742504068921,39,0,-0.71
696149,breaking,SL,"Chandler, Bubba",221,-9.98280482782167,27.1493212669683,5.12115225200332,43.518085106383,47.1930735930736,-0.690004524886878,0,0,TRUE,0.390438247011952,-0.132906495702802,TRUE,0.0133135424357288,39,0,-0.69
700669,breaking,SL,"Graceffo, Gordon",212,0.144629322724127,27.3584905660377,3.31249935358878,47.9740566037736,50.428307713598,-0.753773584905661,0,0,TRUE,0.390438247011952,-0.132906495702802,FALSE,,39,0,-0.75
701581,breaking,SL,"Festa, David",289,-5.11949814772143,29.0657439446367,5.66544772989411,51.8536332179931,57.3468438712383,-0.621339100346021,0,0,TRUE,0.390438247011952,-0.132906495702802,TRUE,0.025960844572618,39,0,-0.62
702056,breaking,SL,"Yesavage, Trey",219,-0.0198382990329958,35.6164383561644,2.19451868102646,65.4760869565217,65.8535168195719,-0.515931506849315,0,0,TRUE,0.390438247011952,-0.132906495702802,TRUE,1,39,0,-0.52
702070,breaking,SL,"Cameron, Noah",261,-0.521913899946307,29.5019157088123,3.255722066953,55.7714501335191,55.4283733570636,-0.677609195402299,0,0,TRUE,0.390438247011952,-0.132906495702802,TRUE,0.25465214801996,39,0,-0.68
805673,breaking,SL,"Matthews, Zebby",432,3.41187743540155,35.4166666666667,2.47499288146743,40.1881944444445,38.9477037227746,-0.745824074074074,0,0,TRUE,0.390438247011952,-0.132906495702802,FALSE,,39,0,-0.75
806185,breaking,SL,"Birdsong, Hayden",256,3.43569612402866,36.71875,3.91062669124993,42.7390074823943,46.5549003170232,-0.690578125,0,0,TRUE,0.390438247011952,-0.132906495702802,FALSE,,39,0,-0.69
820862,breaking,SL,"Fermin, José",300,-0.0459995812896528,39.6666666666667,3.11694973090351,45.3831494252874,44.9223081536484,-0.80348,0,0,TRUE,0.390438247011952,-0.132906495702802,TRUE,1,39,0,-0.8
837227,breaking,SL,"Imai, Tatsuya",269,3.0382350373309,38.6617100371747,3.31735383575531,26.9468401486989,23.6984848484849,-0.767,0,0,TRUE,0.390438247011952,-0.132906495702802,FALSE,,39,0,-0.77
571948,breaking,ST,"Milner, Hoby",360,2.73786402327955,16.3888888888889,1.83513699893559,-4.01267261904763,-3.35727952978714,-0.345663888888889,1.66666666666667,1.66666666666667,TRUE,0.385185185185185,-0.138731527052646,FALSE,,39,1.7,-0.35
500779,breaking,CU,"Quintana, Jose",545,-0.753172864816059,23.6697247706422,2.01769590928565,45.0308256880734,44.1998517398838,-0.261022018348624,73.9449541284405,73.9449541284405,TRUE,0.381578947368421,-0.142730423130854,TRUE,0.189505530268555,38,73.9,-0.26
663941,breaking,ST,"Beck, Tristan",294,1.00439338402604,29.2517006802721,2.39914104387788,40.5937728937729,41.5930770272875,-0.34891156462585,1.36054421768707,1.36054421768707,TRUE,0.377777777777778,-0.14694547575383,FALSE,,38,1.4,-0.35
672335,breaking,SV,"Pérez, Cionel",336,-7.51136601053927,29.7619047619048,2.41125444909853,37.5973214285714,35.8241796914193,-0.338339285714286,0.297619047619048,0.297619047619048,FALSE,0.375,-0.150025706516774,TRUE,0.0199731588510361,38,0.3,-0.34
660825,breaking,ST,"Bazardo, Eduard",493,6.05869194512084,26.5720081135903,2.45486989732418,44.423223588656,43.6647639888538,-0.336503042596349,0.405679513184587,0.405679513184587,TRUE,0.37037037037037,-0.155159424455014,FALSE,,37,0.4,-0.34
518876,breaking,CU,"Kelly, Merrill",260,-2.58123539792045,17.6923076923077,7.16670018631526,29.7357466063349,22.5690464200196,-0.204430769230769,73.0769230769231,73.0769230769231,TRUE,0.368421052631579,-0.157320989902695,TRUE,0.0609479437750771,37,73.1,-0.2
607536,breaking,KC,"Freeland, Kyle",715,-9.24285431943015,33.7062937062937,3.14544781547453,26.9695104895105,28.0681737798541,-0.39099020979021,0.699300699300693,0.699300699300693,TRUE,0.366666666666667,-0.159266398805607,TRUE,0.0172313003430985,37,0.7,-0.39
663362,breaking,ST,"Waldron, Matt",250,-1.29957381379749,14.8,2.05631100266195,27.0309782608696,27.9438775510205,-0.436792,0.4,0.4,TRUE,0.362962962962963,-0.163373373156199,TRUE,0.125713038706747,36,0.4,-0.44
694335,breaking,ST,"Svanson, Matt",251,-1.85597041208724,25.4980079681275,2.40013841062706,31.5362549800797,29.3624275174292,-0.497239043824701,0.398406374501992,0.398406374501992,TRUE,0.355555555555556,-0.171587321857383,TRUE,0.0924515394964806,36,0.4,-0.5
656756,breaking,CU,"Montgomery, Jordan",378,-1.85412371781639,35.4497354497355,2.78194163346531,47.7060846560846,45.0741062436331,-0.225962962962963,67.9894179894182,67.9894179894182,TRUE,0.355263157894737,-0.171911556674535,TRUE,0.0927184928506259,36,68,-0.23
594902,breaking,ST,"Lively, Ben",288,3.29983322211263,25,3.93416285956372,34.15688125,37.5734569044929,-0.415496527777778,0.347222222222223,0.347222222222223,TRUE,0.348148148148148,-0.179801270558568,FALSE,,35,0.3,-0.42
663969,breaking,CU,"Phillips, Tyler",270,-4.66128909600252,38.5185185185185,9.04269571532315,38.5485185185185,29.5058228031954,-0.144674074074074,65.1851851851852,65.1851851851852,TRUE,0.342105263157895,-0.186502123446376,TRUE,0.0400108467003942,34,65.2,-0.14
676974,breaking,ST,"Meyer, Max",291,-10.74075977808,31.2714776632302,3.88524938096924,40.0573122529644,42.6361867704281,-0.485755172413793,0.344827586206896,0.344827586206896,TRUE,0.340740740740741,-0.188015219259752,TRUE,0.017504834215123,34,0.3,-0.49
656288,breaking,KC,"Canning, Griffin",223,3.05308650792856,22.8699551569507,3.04460363712184,46.7309159482759,46.8756267284739,-0.461439461883408,0.448430493273542,0.448430493273542,TRUE,0.333333333333333,-0.196229167960936,FALSE,,33,0.4,-0.46
693433,breaking,ST,"Woo, Bryan",307,1.79420688728271,36.1563517915309,2.52350120207256,24.1932661350986,24.7133731075643,-0.470247557003257,0.325732899022801,0.325732899022801,TRUE,0.333333333333333,-0.196229167960936,FALSE,,33,0.3,-0.47
681190,breaking,CU,"Vásquez, Randy",366,-0.0478651028455825,18.5792349726776,2.55879423539637,37.1628391147961,35.6824216169392,-0.329846994535519,62.0218579234973,62.0218579234973,TRUE,0.328947368421053,-0.201092690218217,TRUE,1,33,62,-0.33
668941,breaking,ST,"Romero, JoJo",427,0.639938794268271,33.9578454332553,2.75999460126872,31.9575941052151,30.0121985340479,-0.433709601873536,0.234192037470726,0.234192037470726,TRUE,0.325925925925926,-0.204443116662121,FALSE,,33,0.2,-0.43
657746,breaking,ST,"Ryan, Joe",492,3.95352681843597,33.5365853658537,2.47478611172754,24.5005685911289,24.6886286330063,-0.372223577235772,0.203252032520326,0.203252032520326,TRUE,0.318518518518519,-0.212657065363305,FALSE,,32,0.2,-0.37
669022,breaking,CU,"Gore, MacKenzie",756,-7.92781055081046,32.4074074074074,7.76048194944971,52.7959555196844,45.0658427217118,-0.23998544973545,61.7724867724868,61.7724867724868,TRUE,0.315789473684211,-0.215683256990057,TRUE,0.0272059045316122,32,61.8,-0.24
643377,breaking,ST,"Jax, Griffin",632,-9.28855085379734,38.9240506329114,2.6971754915668,42.7994673305145,44.4901465551426,-0.39220253164557,0.158227848101265,0.158227848101265,TRUE,0.311111111111111,-0.220871014064489,TRUE,0.0237788453270074,31,0.2,-0.39
678394,breaking,ST,"Bello, Brayan",691,-6.34395861313987,29.3777134587554,2.97637410144101,31.6305354558611,31.5000320485405,-0.402573082489146,0.144717800289435,0.144717800289435,TRUE,0.303703703703704,-0.229084962765674,TRUE,0.0361107278176726,30,0.1,-0.4
605483,breaking,CU,"Snell, Blake",431,-5.28972466880368,47.3317865429234,3.19731745352528,59.4744342170325,56.3666817175906,-0.257684454756381,46.8677494199534,46.8677494199534,TRUE,0.302631578947368,-0.230273823761898,TRUE,0.0435322891416155,30,46.9,-0.26
656730,breaking,KC,"Megill, Trevor",369,-14.1502084267903,49.8644986449865,1.5291689753784,54.3168021680217,54.0852803025774,-0.556227642276423,0.271002710027099,0.271002710027099,TRUE,0.3,-0.233191937116266,TRUE,0.0164797528123167,30,0.3,-0.56
669060,breaking,CU,"Wilson, Bryse",216,-1.920359971363,20.3703703703704,2.03772430905275,43.8793903499239,43.8727818467407,-0.293032407407408,44.4444444444445,44.4444444444445,TRUE,0.289473684210526,-0.244864390533739,TRUE,0.127509630582407,29,44.4,-0.29
665795,breaking,CU,"Cabrera, Edward",482,0.898175054085884,39.0041493775934,7.26848737327646,42.8112033195021,35.5427159462256,-0.264095435684647,43.9834024896266,43.9834024896266,TRUE,0.276315789473684,-0.259454957305579,FALSE,,28,44,-0.26
686973,breaking,KC,"Varland, Louis",409,-11.8173202378158,34.9633251833741,2.89310733366968,42.7132029339853,40.7983954929432,-0.385655256723716,0.244498777506114,0.244498777506114,TRUE,0.266666666666667,-0.270154706271596,TRUE,0.0228609110047719,27,0.2,-0.39
677952,breaking,CU,"Ashcraft, Braxton",325,6.56160701227086,39.0769230769231,4.28942703091301,41.6467692307692,37.3637404744788,-0.248753846153846,24.9230769230768,24.9230769230768,TRUE,0.263157894736842,-0.27404552407742,FALSE,,26,24.9,-0.25
621244,breaking,SV,"Berríos, José",785,-0.73272784631175,28.7898089171975,2.54562811683666,38.5845318846597,40.7549183806153,-0.366005095541401,0.254777070063694,0.254777070063694,FALSE,0.25,-0.288636090849261,TRUE,0.393919914879905,25,0.3,-0.37
663559,breaking,CU,"Falter, Bailey",270,2.23870947422916,22.5925925925926,1.75870755359819,56.2029541992845,55.4922097859606,-0.49327037037037,24.8148148148149,24.8148148148149,TRUE,0.25,-0.288636090849261,FALSE,,25,24.8,-0.49
665152,breaking,CU,"Kremer, Dean",324,-0.440297643389016,19.7530864197531,5.48011111425621,46.1354166666667,40.6792680499254,-0.293895061728395,24.6913580246914,24.6913580246914,TRUE,0.236842105263158,-0.303226657621101,TRUE,0.68868562476768,24,24.7,-0.29
642547,breaking,CU,"Peralta, Freddy",450,0.722587923436324,33.5555555555556,3.0177764866696,39.0726666666667,38.877993024506,-0.363011111111111,22.8888888888889,22.8888888888889,TRUE,0.223684210526316,-0.317817224392942,FALSE,,22,22.9,-0.36
670280,breaking,CU,"Bednar, David",280,9.82025936248693,38.5714285714286,3.96371708977462,37.1131735880399,40.6622227088676,-0.326457142857143,17.5,17.5,TRUE,0.210526315789474,-0.332407791164783,FALSE,,21,17.5,-0.33
547179,breaking,CU,"Lorenzen, Michael",252,-6.43333312425223,24.6031746031746,3.66839149728835,42.7477551020409,40.1274371070962,-0.314456349206349,14.6825396825397,14.6825396825397,TRUE,0.197368421052632,-0.346998357936623,TRUE,0.0539375703441373,20,14.7,-0.31
434378,breaking,CU,"Verlander, Justin",375,9.50481022984609,23.7333333333333,4.65244095835224,53.1928000000001,57.4710180384791,-0.278418666666667,11.4666666666667,11.4666666666667,TRUE,0.184210526315789,-0.361588924708464,FALSE,,18,11.5,-0.28
543243,breaking,CU,"Gray, Sonny",495,-0.922771185484955,29.2929292929293,4.10772061952212,51.422982401333,47.3334927012833,0.29819797979798,9.49494949494942,9.49494949494942,TRUE,0.171052631578947,-0.376179491480305,TRUE,0.407662806768946,17,9.5,0.3
669194,breaking,CU,"Nelson, Ryne",225,-0.224941597918689,23.1111111111111,2.86390686444864,52.3398148148148,52.8662633222443,-0.34652,7.55555555555557,7.55555555555557,TRUE,0.157894736842105,-0.390770058252145,TRUE,1,16,7.6,-0.35
502043,breaking,ST,"Gibson, Kyle",442,1.9811061496642,40.0452488687783,3.77983406520641,41.6713947990543,45.3636888581038,-0.381714932126697,0,0,TRUE,0.151851851851852,-0.397470911139954,FALSE,,15,0,-0.38
547179,breaking,ST,"Lorenzen, Michael",234,2.05346166861575,23.5042735042735,3.72870625396875,40.1914691943128,40.437523924774,-0.59958547008547,0,0,TRUE,0.151851851851852,-0.397470911139954,FALSE,,15,0,-0.6
573204,breaking,ST,"Thielbar, Caleb",224,7.55284660165571,25,2.49410722558124,52.1425981554677,54.1077209094427,-0.494504464285714,0,0,TRUE,0.151851851851852,-0.397470911139954,FALSE,,15,0,-0.49
601713,breaking,ST,"Pivetta, Nick",645,5.09273929874148,34.2635658914729,3.91740685981709,53.5489365971107,56.6813499665242,-0.538251162790698,0,0,TRUE,0.151851851851852,-0.397470911139954,FALSE,,15,0,-0.54
607536,breaking,ST,"Freeland, Kyle",269,-5.18714259995531,26.0223048327138,4.24946169001876,25.6473136838379,28.7746776346693,-0.481817843866171,0,0,TRUE,0.151851851851852,-0.397470911139954,TRUE,0.0766261778003517,15,0,-0.48
608372,breaking,ST,"Sugano, Tomoyuki",329,-2.0519458534319,19.7568389057751,1.80496063230227,40.3264437689969,39.6351009712889,-0.501045592705167,0,0,TRUE,0.151851851851852,-0.397470911139954,TRUE,0.193704385754224,15,0,-0.5
621051,breaking,ST,"Wilson, Steven",506,3.03936197158289,25.4940711462451,4.50234624793021,43.602982393101,47.751702771573,-0.440683794466403,0,0,TRUE,0.151851851851852,-0.397470911139954,FALSE,,15,0,-0.44
621053,breaking,ST,"Ferguson, Tyler",230,4.21285527865713,28.695652173913,2.41672301740879,27.1303317535546,27.9446551360122,-0.47195652173913,0,0,TRUE,0.151851851851852,-0.397470911139954,FALSE,,15,0,-0.47
621383,breaking,ST,"Banks, Tanner",290,5.41924486987436,24.1379310344828,5.35591811635634,45.3451724137931,50.6232050699639,-0.428148275862069,0,0,TRUE,0.151851851851852,-0.397470911139954,FALSE,,15,0,-0.43
623149,breaking,ST,"Sewald, Paul",335,6.50342336894175,27.7611940298507,4.77284075150336,18.6132971506106,13.9037309980926,-0.424220895522388,0,0,TRUE,0.151851851851852,-0.397470911139954,FALSE,,15,0,-0.42
623465,breaking,ST,"Phillips, Evan",237,-2.97662647247826,31.6455696202532,2.49751190358724,24.201184925608,26.3965163332139,-0.406210970464135,0,0,TRUE,0.151851851851852,-0.397470911139954,TRUE,0.133530664601337,15,0,-0.41
640455,breaking,ST,"Manaea, Sean",697,3.41937119165292,33.428981348637,3.28218271320497,20.5984945834113,18.1801938868916,-0.490715925394548,0,0,TRUE,0.151851851851852,-0.397470911139954,FALSE,,15,0,-0.49
641302,breaking,ST,"Alexander, Tyler",359,3.17971273236607,20.891364902507,3.98718985565627,31.983286908078,34.6386483749073,-0.420671309192201,0,0,TRUE,0.151851851851852,-0.397470911139954,FALSE,,15,0,-0.42
641482,breaking,ST,"Cortes, Nestor",207,8.11949459778638,24.1545893719807,10.2597475784493,39.0186046511628,49.2745681381958,-0.519806763285024,0,0,TRUE,0.151851851851852,-0.397470911139954,FALSE,,15,0,-0.52
641793,breaking,ST,"Littell, Zack",219,-0.043410306844757,17.8082191780822,1.86527032379567,40.1070842876775,40.1955648269463,-0.483063926940639,0,0,TRUE,0.151851851851852,-0.397470911139954,TRUE,1,15,0,-0.48
657097,breaking,ST,"Webb, Jacob",273,-5.72513456020156,21.2454212454212,2.0225921053509,32.4030691898285,33.4809098992618,-0.404058608058608,0,0,TRUE,0.151851851851852,-0.397470911139954,TRUE,0.0694256016099577,15,0,-0.4
663855,breaking,ST,"Hicks, Jordan",402,4.87573731949994,41.5422885572139,4.73286081066743,29.2520788081314,33.4353082273099,-0.485708955223881,0,0,TRUE,0.151851851851852,-0.397470911139954,FALSE,,15,0,-0.49
664299,breaking,ST,"Javier, Cristian",260,6.03201767725043,24.2307692307692,1.80919535757075,37.0817834713103,37.0551909898624,-0.469626923076923,0,0,TRUE,0.151851851851852,-0.397470911139954,FALSE,,15,0,-0.47
666200,breaking,ST,"Luzardo, Jesús",715,-4.68874149294082,44.0559440559441,4.58650747405107,29.1806993006993,33.422881252011,-0.585713286713287,0,0,TRUE,0.151851851851852,-0.397470911139954,TRUE,0.0847713425315449,15,0,-0.59
666277,breaking,ST,"Soriano, George",294,-6.74813334739866,31.9727891156463,3.82213390644712,22.99746258946,22.4293795837796,-0.495472789115646,0,0,TRUE,0.151851851851852,-0.397470911139954,TRUE,0.0589008679404912,15,0,-0.5
668909,breaking,ST,"Williams, Gavin",538,-1.2623627880076,43.6802973977695,2.33705725515132,31.4506407938322,32.0852075599277,-0.418081784386617,0,0,TRUE,0.151851851851852,-0.397470911139954,TRUE,0.314862664612672,15,0,-0.42
669199,breaking,ST,"Bachar, Lake",216,-5.60821234611445,31.4814814814815,6.68784070354798,32.4015151515151,39.0441703314856,-0.519657407407407,0,0,TRUE,0.151851851851852,-0.397470911139954,TRUE,0.0708730138250443,15,0,-0.52
669387,breaking,ST,"Mlodzinski, Carmen",234,-1.8680797597248,25.2136752136752,7.19309669647568,22.7828282828283,29.7500745725223,-0.466790598290598,0,0,TRUE,0.151851851851852,-0.397470911139954,TRUE,0.212769775525274,15,0,-0.47
669923,breaking,ST,"Kirby, George",932,-9.38102782810986,26.5021459227468,1.91899237608801,33.0962141802184,33.9974965375636,-0.419989270386266,0,0,TRUE,0.151851851851852,-0.397470911139954,TRUE,0.0423696548419725,15,0,-0.42
670059,breaking,ST,"Holderman, Colin",389,2.31489213309449,36.7609254498715,3.34148635666916,26.9576927687574,28.6996962007972,-0.427560411311054,0,0,TRUE,0.151851851851852,-0.397470911139954,FALSE,,15,0,-0.43
671096,breaking,ST,"Abbott, Andrew",822,-0.983029523273087,27.7372262773723,2.12657072871744,47.0909028271214,47.4049068768084,-0.559614355231143,0,0,TRUE,0.151851851851852,-0.397470911139954,TRUE,0.404332628603603,15,0,-0.56
676083,breaking,ST,"Junk, Janson",229,-4.13257293761397,17.0305676855895,5.95587543034506,47.8027149321267,52.0996698974046,-0.416834061135371,0,0,TRUE,0.151851851851852,-0.397470911139954,TRUE,0.0961800111311387,15,0,-0.42
676467,breaking,ST,"Gordon, Colton",228,-4.24542870782303,21.4912280701754,8.95345347729437,24.6915422885572,33.5920212765957,-0.5835,0,0,TRUE,0.151851851851852,-0.397470911139954,TRUE,0.0936232683421431,15,0,-0.58
676664,breaking,ST,"Sears, JP",666,4.91067427278885,22.3723723723724,8.95951264650407,18.9136434108527,27.8608089668598,-0.585641141141141,0,0,TRUE,0.151851851851852,-0.397470911139954,FALSE,,15,0,-0.59
676710,breaking,ST,"Crawford, Kutter",331,3.70916886660904,24.4712990936556,1.88782008091006,47.8962146792252,47.3709214125379,-0.632504531722054,0,0,TRUE,0.151851851851852,-0.397470911139954,FALSE,,15,0,-0.63
677053,breaking,ST,"Nardi, Andrew",267,1.71129760799689,31.0861423220974,2.74446826237441,47.0802575107297,47.2107082618093,-0.573786516853933,0,0,TRUE,0.151851851851852,-0.397470911139954,FALSE,,15,0,-0.57
677960,breaking,ST,"Weathers, Ryan",283,2.58150350742291,39.9293286219081,4.99077082298865,33.2297211396572,37.001049309789,-0.561484098939929,0,0,TRUE,0.151851851851852,-0.397470911139954,FALSE,,15,0,-0.56
678022,breaking,ST,"Perkins, Jack",251,-1.4959523589827,35.0597609561753,2.69616589246096,29.803984063745,31.428563249142,-0.548589641434263,0,0,TRUE,0.151851851851852,-0.397470911139954,TRUE,0.265697573023146,15,0,-0.55
681293,breaking,ST,"Arrighetti, Spencer",238,-2.38609477182386,32.7731092436975,4.03413802299292,18.8528494750967,22.4586971585146,-0.373411764705882,0,0,TRUE,0.151851851851852,-0.397470911139954,TRUE,0.166578006805714,15,0,-0.37
683155,breaking,ST,"Estes, Joey",244,5.28704802331389,20.0819672131148,2.25347263681592,36.0915555555555,36.6323383084577,-0.391672131147541,0,0,TRUE,0.151851851851852,-0.397470911139954,FALSE,,15,0,-0.39
683175,breaking,ST,"Phillips, Connor",237,7.80905639943011,43.4599156118143,5.61987994775968,36.5700421940928,42.1242282834371,-0.38604641350211,0,0,TRUE,0.151851851851852,-0.397470911139954,FALSE,,15,0,-0.39
684007,breaking,ST,"Imanaga, Shota",364,3.11266564544234,32.6923076923077,3.91104216301527,35.0395104895105,38.2830902348145,-0.617571428571428,0,0,TRUE,0.151851851851852,-0.397470911139954,FALSE,,15,0,-0.62
686563,breaking,ST,"Cannon, Jonathan",283,2.3035294041498,24.7349823321555,3.5153584777438,23.4353356890459,26.6090192095035,-0.459851590106007,0,0,TRUE,0.151851851851852,-0.397470911139954,FALSE,,15,0,-0.46
689147,breaking,ST,"Kerkering, Orion",600,-4.3317068332963,26.1666666666667,7.33363471088048,28.0738333333333,35.4057148527245,-0.473913333333333,0,0,TRUE,0.151851851851852,-0.397470911139954,TRUE,0.0917584976168597,15,0,-0.47
694973,breaking,ST,"Skenes, Paul",424,3.1196264485915,28.0660377358491,2.17130821028477,23.6818396226415,24.6724044024151,-0.605417452830189,0,0,TRUE,0.151851851851852,-0.397470911139954,FALSE,,15,0,-0.61
666214,breaking,CU,"Wentz, Joey",268,-2.07232501347601,29.4776119402985,2.50033075530219,49.1723880597015,46.8575699581221,-0.321268656716418,3.35820895522388,3.35820895522388,TRUE,0.144736842105263,-0.405360625023986,TRUE,0.195606684466958,14,3.4,-0.32
572020,breaking,KC,"Paxton, James",274,-0.0519873456984636,34.6715328467153,3.73654603837861,45.0014598540146,41.6275229056042,-0.361817518248175,0,0,TRUE,0.133333333333333,-0.418005782892915,TRUE,1,13,0,-0.36
592662,breaking,KC,"Ray, Robbie",271,1.92446773525077,38.0073800738007,2.60006311037983,44.4806712352838,46.5366070349192,-0.523682656826568,0,0,TRUE,0.133333333333333,-0.418005782892915,FALSE,,13,0,-0.52
592767,breaking,KC,"Smyly, Drew",442,-3.23078021858697,35.0678733031674,2.82544409064671,49.2429864253394,50.3312556095563,-0.614076923076923,0,0,TRUE,0.133333333333333,-0.418005782892915,TRUE,0.129382302295925,13,0,-0.61
608566,breaking,KC,"Márquez, Germán",464,-6.02036899406823,31.8965517241379,3.80136022251983,43.1315023128679,39.6359396559175,-0.789504310344828,0,0,TRUE,0.133333333333333,-0.418005782892915,TRUE,0.0694319207518291,13,0,-0.79
657508,breaking,KC,"Baumann, Mike",219,-10.333672989399,26.4840182648402,2.07597955037032,48.7493150684932,49.45052800536,-0.445237442922374,0,0,TRUE,0.133333333333333,-0.418005782892915,TRUE,0.0404508429211698,13,0,-0.45
661395,breaking,KC,"Duran, Jhoan",246,-4.30710535518251,43.4959349593496,2.1717727717719,34.3903669724771,34.582764182781,-0.417565040650406,0,0,TRUE,0.133333333333333,-0.418005782892915,TRUE,0.097050280506826,13,0,-0.42
676962,breaking,KC,"Brown, Ben",701,8.66654313783696,43.3666191155492,3.29193000305389,45.4877318116976,42.5369055844502,-0.664833095577746,0,0,TRUE,0.133333333333333,-0.418005782892915,FALSE,,13,0,-0.66
579328,breaking,CU,"Kikuchi, Yusei",611,-5.19343091003212,25.0409165302782,11.7903472738919,48.0772344013491,36.317536937216,-0.459382978723404,0.163666121112931,0.163666121112931,TRUE,0.131578947368421,-0.419951191795827,TRUE,0.0808619964472059,13,0.2,-0.46
690986,breaking,SV,"Harrison, Kyle",468,-5.41544062481763,25.8547008547009,3.78539047640715,26.3220085470086,29.9372119523823,-0.568121794871795,0,0,FALSE,0.125,-0.427246475181747,TRUE,0.0788941297267265,12,0,-0.57
527048,breaking,CU,"Pérez, Martín",221,2.01374054922041,25.3393665158371,4.02894372911572,49.8803571428572,45.9395976743454,-0.635402714932127,0,0,TRUE,0.0657894736842105,-0.49290402565503,FALSE,,7,0,-0.64
572955,breaking,CU,"Johnson, Pierce",923,0.423038063727319,26.9772481040087,3.83824973778229,40.7310933497994,37.2376741742043,-0.514414951245937,0,0,TRUE,0.0657894736842105,-0.49290402565503,FALSE,,7,0,-0.51
573009,breaking,CU,"Mantiply, Joe",223,-7.43945296182692,33.6322869955157,2.20857627118644,16.6898305084746,14.863,-0.439264573991031,0,0,TRUE,0.0657894736842105,-0.49290402565503,TRUE,0.0662554126202831,7,0,-0.44
614179,breaking,CU,"Ruiz, José",209,1.69785489222926,31.5789473684211,1.39708143955636,45.0668639053255,45.1082125603865,-0.469239234449761,0,0,TRUE,0.0657894736842105,-0.49290402565503,FALSE,,7,0,-0.47
615698,breaking,CU,"Quantrill, Cal",312,2.55116366638382,23.0769230769231,5.165283377851,50.2519633110977,45.2053231814486,-0.583525641025641,0,0,TRUE,0.0657894736842105,-0.49290402565503,FALSE,,7,0,-0.58
656550,breaking,CU,"Holmes, Grant",304,-8.01099654916985,34.8684210526316,2.24444558791484,40.7752790178572,39.537855020763,-0.347917763157895,0,0,TRUE,0.0657894736842105,-0.49290402565503,TRUE,0.0615284281586799,7,0,-0.35
666157,breaking,CU,"Lodolo, Nick",675,-2.95495330791921,39.2592592592593,2.48640391530394,17.476,15.1191594620091,-0.532551111111111,0,0,TRUE,0.0657894736842105,-0.49290402565503,TRUE,0.166806028485817,7,0,-0.53
671096,breaking,CU,"Abbott, Andrew",369,-3.74213155861579,20.5962059620596,3.31298879434818,50.3840108401084,47.4037334489139,-0.441612466124661,0,0,TRUE,0.0657894736842105,-0.49290402565503,TRUE,0.131717449783448,7,0,-0.44
680730,breaking,CU,"Parker, Mitchell",527,-2.93498470038423,26.5654648956357,4.80520971772446,56.3167702432934,60.6452546933906,-0.426791271347249,0,0,TRUE,0.0657894736842105,-0.49290402565503,TRUE,0.167940918257769,7,0,-0.43
