pitcher,game_year,pitch_type,n,velo,hb,ivb,spin,sx,cx,sw,wh,name,hand,axis,whiff_rate,mv,fb_type,fb_axis,fb_velo,fb_hb,fb_ivb,fb_spin,fb_n,gap,velo_gap,mv_ratio,active_spin,wres,res_loc,plate_z,below,band
669199,2026,SL,202,90.1366336633664,-1.16257425742574,3.70633663366337,2682.75742574257,-0.443718076619408,-0.704569205472831,82,34,"Bachar, Lake",R,212.201581953779,41.4634146341463,3.8843931502957,FF,212.974102058194,94.6829181494662,9.39330960854092,18.7541637010676,2709.95729537367,281,0.772520104414696,4.54628448609985,0.185191085202893,0.162,6.13067305388839,4.4239618160618,1.83081524957201,36.7088607594937,same axis (<60°)
592662,2025,SL,713,87.8583450210379,0.500364656381487,9.08583450210379,2266.55399719495,-0.519326194400386,-0.840120727612908,382,113,"Ray, Robbie",L,211.722558625179,29.5811518324607,9.09960182584795,FF,212.710696185425,93.5600368324125,8.25465930018416,18.1804051565378,2357.90300798036,1629,0.988137560245718,5.70169181137466,0.455740369553227,0.502,1.61020223030305,5.82570968510172,2.13322556601172,17.3553719008264,same axis (<60°)
669276,2025,SL,612,85.9774509803922,-0.330588235294118,6.67176470588235,2133.93300653595,-0.399714206963946,-0.902151950503595,329,138,"Lee, Dylan",L,203.896575384653,41.9452887537994,6.67995006508075,FF,206.197321345051,94.0546511627907,8.36023255813953,19.2408139534884,2355.8226744186,344,2.30074596039842,8.07720018239853,0.318417070616649,0.435,0.123885477595047,1.54919084455026,1.91591380642029,31.8042813455658,same axis (<60°)
608566,2025,SL,243,88.8201646090535,0.540740740740741,5.9837037037037,2315.33333333333,-0.621043594117564,-0.727010189578014,101,24,"Márquez, Germán",R,220.505387375285,23.7623762376238,6.00808709677334,FF,223.323650641866,94.8277278562259,10.2720924261874,14.1385879332478,2201.05905006418,779,2.8182632665806,6.00756324717244,0.343787946748136,0.35,-3.9339826329994,0.878126994943548,2.12467913522345,15.7303370786517,same axis (<60°)
641656,2025,SL,245,87.8571428571429,-0.284571428571429,5.08065306122449,1522.14693877551,-0.61510482942202,-0.755662730899851,129,65,"Hamilton, Ian",R,219.145378007329,50.3875968992248,5.08861635678,SI,224.093713485162,94.7820754716981,16.7271698113208,8.51698113207547,2192.80817610063,318,4.94833547783284,6.92493261455525,0.271094354838352,0.37,13.4827285977004,8.16942946671538,1.9668129252252,30.6451612903226,same axis (<60°)
685299,2026,SL,239,86.9380753138075,-1.05188284518828,5.56619246861925,2073.32635983264,-0.48319211752763,-0.775496483053058,118,26,"Gordon, Tanner",R,211.92598294944,22.0338983050848,5.66471147700525,FF,218.361403760634,92.7345744680851,9.83202127659574,15.2639361702128,2236.16755319149,376,6.43542081119443,5.79649915427757,0.311994577201897,0.486,-1.61600826146543,2.56721344309537,2.15351777005903,20.5128205128205,same axis (<60°)
806185,2025,SL,291,88.9243986254296,-1.95298969072165,7.1039175257732,2385.17525773196,-0.218891426261824,-0.832906269070657,148,45,"Birdsong, Hayden",R,194.724618815867,30.4054054054054,7.36748348793892,FF,205.124121718652,95.510815939279,6.01434535104364,18.0569259962049,2403.50284629981,527,10.3995029027851,6.58641731384938,0.38710609087943,0.345,0.120292934613992,3.63137168778953,2.29210292499165,15.3846153846154,same axis (<60°)
657746,2025,SL,265,87.8449056603774,0.0389433962264152,6.60905660377359,2321.28301886793,-0.515759023432692,-0.689908220168499,117,26,"Ryan, Joe",R,216.780918228242,22.2222222222222,6.60917133837464,FF,227.78064059281,93.6150034891835,12.581577110956,13.6851081646895,2292.02651779484,1433,10.9997223645679,5.77009782880617,0.355527991138937,0.331,-2.21603969229061,0.0974092372840024,2.25204075777228,15.1785714285714,same axis (<60°)
676263,2026,SL,264,88.7393939393939,-3.01818181818182,4.26545454545455,2409.31439393939,-0.164898306556765,-0.832757596743764,137,40,"Dreyer, Jack",L,191.200520525303,29.1970802919708,5.2252774057405,FF,202.278679555665,93.9405572755418,6.22179566563468,19.742786377709,2472.34365325077,323,11.0781590303622,5.20116333614786,0.252429344650404,0.229,-4.5362522781533,-1.89078858631135,2.19981938060887,24.0601503759399,same axis (<60°)
592662,2026,SL,508,85.9360236220473,-1.36299212598425,6.33897637795276,2215.3937007874,-0.373741220968973,-0.844560938641628,223,77,"Ray, Robbie",L,203.870695214611,34.5291479820628,6.48385449063581,FF,215.522647917111,93.2200280112045,9.18403361344538,17.3895798319328,2331.88095238095,714,11.6519527024998,7.28400438915723,0.329701930412339,0.344,4.17145178750729,4.69194667218969,1.95543979593463,32.258064516129,same axis (<60°)
676263,2025,SL,544,88.0621323529412,-2.53147058823529,3.87044117647059,2357.94485294118,-0.154827573764244,-0.874809991244437,319,95,"Dreyer, Jack",L,190.03651805296,29.7805642633229,4.62478737236853,FF,202.171171600919,92.6843984962406,6.99766917293233,19.6606015037594,2396.58458646617,532,12.1346535479593,4.62226614329943,0.221612568575956,0.236,-0.784604720114634,3.06020999724761,2.12202065973738,23.2323232323232,same axis (<60°)
641793,2026,SL,495,88.0690909090909,-1.57430303030303,10.1549090909091,2120.60202020202,-0.271433560377754,-0.952656781039163,241,49,"Littell, Zack",R,195.903456610584,20.3319502074689,10.2762156787336,FF,209.060376539169,91.6618510158014,6.49381489841986,16.4169751693002,2020.76523702032,443,13.1569199285856,3.59276010671046,0.582068465558033,0.613,0.948947639340949,8.62654830922804,2.62643750828091,6.11353711790393,same axis (<60°)
656271,2025,SL,280,87.8946428571429,1.07614285714286,5.09185714285714,2218.13571428571,-0.42766800000177,-0.862180697626883,136,41,"Burke, Brock",L,206.382818088479,30.1470588235294,5.20433402197101,FF,220.075766002887,96.1162790697674,8.3846511627907,15.8056744186047,2259.03023255814,430,13.692947914408,8.22163621262459,0.290875801064566,0.451,-10.7890948188393,-1.69674709215347,2.30189997080026,9.30232558139535,same axis (<60°)
702056,2026,SL,374,87.6641711229947,3.39529411764706,5.17347593582888,2261.2513368984,-0.489360829351133,-0.859783124632267,190,74,"Yesavage, Trey",R,209.647136482235,38.9473684210526,6.18812373857611,FF,195.043533433638,94.3276203966006,4.22379603399433,19.4862322946176,2251.32294617564,706,14.6036030485961,6.66344927360591,0.310356673537258,0.459,2.97721638714087,0.773689083900658,1.86703149954338,35.3260869565217,same axis (<60°)
660853,2026,SL,243,86.3106995884774,-0.86962962962963,6.10172839506173,2138.74897119342,-0.54417698689675,-0.803254206099168,106,37,"De Los Santos, Enyel",R,214.116283936806,34.9056603773585,6.16338746955214,FF,229.144474325629,94.9988439306359,10.7784971098266,13.4528323699422,2243.04335260116,346,15.0281903888229,8.68814434215848,0.357542909717925,0.339,0.282833424158997,2.68056119227095,2.02205823778233,21.5686274509804,same axis (<60°)
660853,2025,SL,397,88.3491183879093,-1.34025188916877,6.34216624685139,2212.64987405542,-0.540342873850034,-0.813777546148811,193,70,"De Los Santos, Enyel",R,213.583895791496,36.2694300518135,6.48223324396164,FF,228.980425973608,96.1581481481482,10.6722222222222,12.9851111111111,2287.91111111111,540,15.3965301821121,7.80902976023883,0.385663175975979,0.335,2.23222408441688,2.95429826879809,2.01105110781153,24.7311827956989,same axis (<60°)
608337,2025,SL,606,85.9783828382838,-2.37485148514851,4.73386138613861,1966.40264026403,-0.177621437417176,-0.874480120230339,277,89,"Giolito, Lucas",R,191.481529683204,32.129963898917,5.29616495208432,FF,207.295799510345,93.258864628821,6.75898689956332,18.1334148471616,2231.18864628821,1145,15.8142698271406,7.28048179053712,0.273673598536529,0.297,3.16936775617897,4.1300530264836,2.18303861264563,21.6417910447761,same axis (<60°)
669276,2026,SL,403,82.8416873449132,-1.6654094292804,3.64645161290323,2153.90818858561,-0.0855658402862211,-0.635669451238885,232,103,"Lee, Dylan",L,187.666357415404,44.3965517241379,4.00876513809185,FF,203.728827162913,93.2656108597285,7.34606334841629,20.0389140271493,2377.51583710407,221,16.0624697475093,10.4239235148154,0.187825948394769,0.198,4.11401818415333,3.30900669050435,1.80846006296388,36.8421052631579,same axis (<60°)
665660,2025,SL,245,88.8975510204082,0.895836734693878,5.46318367346939,2215.82857142857,-0.843053048608966,-0.320352746307767,102,42,"Alvarado, Elvis",R,249.193649173209,41.1764705882353,5.53614480530355,FF,232.982260766119,98.6860215053763,14.1835483870968,13.6203225806452,2450.02150537634,372,16.2113884070892,9.78847048496819,0.281532208049774,0.269,0.358652491293927,-5.45260349081353,1.81864958772378,41.1764705882353,same axis (<60°)
641793,2025,SL,771,87.2547341115435,-1.48747081712062,7.23844357976654,2198.88326848249,-0.249342895480352,-0.957234922077203,407,79,"Littell, Zack",R,194.600105074949,19.4103194103194,7.38969788890242,FF,212.239828782819,92.1158989598811,7.28166419019316,16.0801783060921,2011.62258543834,673,17.6397237078691,4.86116484833768,0.418631212357588,0.503,-1.95274952175411,5.05447280299204,2.55080501626897,5.83554376657825,same axis (<60°)
607259,2025,SL,278,84.9061151079137,-0.735971223021583,1.75553956834532,2434.38848920863,-0.0507395282026104,-0.0534300854469043,129,45,"Martinez, Nick",R,223.520458101515,34.8837209302326,1.90356844298858,FF,205.211511151136,92.6295575221239,5.33224778761062,17.7750796460177,2317.44778761062,565,18.3089469503793,7.72344241421023,0.102575950237239,0.127,2.16728176265486,4.0346039950439,1.91946389148054,25.8333333333333,same axis (<60°)
656271,2026,SL,248,86.3516129032258,0.240483870967742,4.35048387096774,2261.20564516129,-0.291583082101597,-0.911732628580438,97,38,"Burke, Brock",L,197.734902702839,39.1752577319588,4.35712547486828,FF,216.402846201194,96.1752212389381,8.66017699115044,15.3978761061947,2323.78466076696,339,18.6679434983544,9.82360833571224,0.246636799455358,0.36,-1.26614341477947,-0.273007938732095,2.02031547011842,30.8510638297872,same axis (<60°)
669854,2025,SL,250,85.536,-2.90928,6.39408,2134.48,-0.102820901862825,-0.937388762656494,144,61,"Blanco, Ronel",R,186.25967175987,42.3611111111111,7.02482520528447,FF,205.593666871054,93.204593639576,6.70431095406361,18.8014134275618,2259.93286219081,283,19.3339951111843,7.66859363957597,0.35192777893927,0.348,13.1650680100153,14.4239588559831,2.15452242996256,20.5673758865248,same axis (<60°)
592332,2026,SL,213,84.1192488262911,-0.752112676056338,3.56169014084507,2263.78873239437,-0.15600949691174,-0.598391955738899,83,28,"Gausman, Kevin",R,194.612558538588,33.7349397590361,3.64023490133228,FF,217.484840026981,93.9240566037736,10.9723018867925,16.9143396226415,2272.35754716981,1060,22.8722814883933,9.80480777748249,0.180553726415711,0.187,-1.7618467332923,-3.04239234048289,1.91263367092535,29.2682926829268,same axis (<60°)
700669,2026,SL,230,88.8047826086956,-1.10869565217391,1.09721739130435,2381.09565217391,-0.045577003507445,-0.0312076631117485,114,32,"Graceffo, Gordon",R,235.599625562259,28.0701754385965,1.55983718795586,FF,212.552095614702,95.4696875,6.999,15.219,2045.025,320,23.0475299475568,6.66490489130436,0.0931177279428212,0.16,-5.85795894629846,-3.38436899610673,2.01721052895487,31.25,same axis (<60°)
686613,2025,SL,252,91.4281746031746,-3.68571428571429,5.69238095238095,2209.5873015873,-0.0358029615106048,-0.973810924293879,119,33,"Brown, Hunter",R,182.105578192756,27.7310924369748,6.78142246899188,FF,206.811802254441,96.5776576576577,6.75102702702703,17.3342702702703,2275.80630630631,1110,24.7062240616849,5.14948305448306,0.364543457700072,0.452,-1.18202646526547,-0.051717712925709,2.07359558018067,19.6428571428571,same axis (<60°)
571945,2025,SL,600,87.716,-2.5332,7.0474,2275.87166666667,-0.21264239419015,-0.889252612701499,294,51,"Mikolas, Miles",R,193.448312165585,17.3469387755102,7.48885498591073,FF,219.561767162647,92.8775,8.28183333333333,14.869,2216.93611111111,720,26.1134549970622,5.1615,0.440006629787158,0.38,-2.05662190951677,6.37826769062393,2.52179200789817,5.01792114695341,same axis (<60°)
664141,2026,SL,207,87.168115942029,-0.12463768115942,2.57739130434783,2572.73429951691,-0.642460572489199,-0.225645498299078,103,38,"Brubaker, JT",R,250.647665632599,36.8932038834951,2.58040316371155,SI,223.925442737253,93.640826873385,15.4508527131783,9.13953488372093,2218.90180878553,387,26.7222228953459,6.47271093135602,0.143742237132823,0.139,1.88819063528767,-3.57403312780073,1.80562634907145,40.5940594059406,same axis (<60°)
668820,2025,SL,213,89.9427230046948,-3.08788732394366,8.04507042253521,2182.67605633803,0.165587540578353,-0.953407795379094,114,17,"Kranick, Max",R,170.147172955101,14.9122807017544,8.61732013034927,FF,197.580259730757,95.5990909090909,3.37254545454545,17.1594545454545,2278.71818181818,220,27.4330867756559,5.65636790439606,0.49276359553656,0.564,-11.3364458827626,-0.137141535999044,2.54392906649411,4.62962962962963,same axis (<60°)
666200,2025,SL,214,86.4630841121495,0.432897196261682,1.36317757009346,2383.79439252336,-0.56425609180682,-0.106644338163928,110,37,"Luzardo, Jesús",L,259.297348700711,33.6363636363636,1.43026328699898,FF,231.467857013602,96.501171875,12.0849609375,14.0705859375,2239.865234375,1024,27.8294916871093,10.0380877628505,0.0771115271709169,0.18,-9.6564811104022,-15.6350066731705,1.72579560874681,41.3461538461539,same axis (<60°)
669373,2025,SL,397,90.1408060453401,-3.18015113350126,4.78730478589421,2236.21158690176,0.0549724980247803,-0.916579215108932,183,49,"Skubal, Tarik",L,176.567755812021,26.775956284153,5.74731662125508,FF,204.418511514011,97.6005624296963,3.54938132733408,16.9980202474691,2355.58492688414,889,27.8507557019893,7.45975638435623,0.330978118734511,0.326,-9.29955160852208,-1.09790559918992,2.31110016717929,8.33333333333333,same axis (<60°)
687396,2026,SL,280,84.2307142857143,-3.15428571428572,4.551,2055.93928571429,-0.0691285747646731,-0.942371433146769,139,66,"Headrick, Brent",L,184.195473087271,47.4820143884892,5.53724835702237,FF,212.323414094854,94.28671679198,8.02345864661654,17.556992481203,2337.75187969925,399,28.1279410075834,10.0560025062657,0.286852516900577,0.307,11.9487295160792,6.11781463235279,1.64232469410164,44.9275362318841,same axis (<60°)
571945,2026,SL,361,87.9753462603878,-2.79357340720222,6.24565096952909,2240.17451523546,-0.125151958906359,-0.924807582885534,173,30,"Mikolas, Miles",R,187.706879172369,17.3410404624277,6.84194478307206,FF,217.069172344876,93.2899509803922,7.57294117647059,15.3232352941176,2219.48039215686,408,29.3622931725071,5.31460472000435,0.400291061809678,0.391,-1.7323484955768,3.42105027132967,2.15616163791075,19.4117647058824,same axis (<60°)
677952,2025,SL,344,92.0241279069768,-1.95593023255814,5.59011627906977,2620.3226744186,-0.106514666938374,-0.942407524302246,204,66,"Ashcraft, Braxton",R,186.448432695481,32.3529411764706,5.92242037415074,FF,217.652220641503,96.9593272171254,7.30678899082569,15.7398165137615,2432.20795107034,327,31.2037879460211,4.93519931014863,0.341288382430115,0.387,2.07826980829595,5.10168578826207,2.13069256479286,18,same axis (<60°)
680573,2026,SL,240,86.1008333333333,-3.96,6.285,2200.75416666667,0.229299585276129,-0.94221697418509,103,20,"Woods Richardson, Simeon",R,166.322281626819,19.4174757281553,7.42851431983543,FF,197.840302739819,92.6436936936937,5.96756756756757,18.2989189189189,2205.12387387387,444,31.5180211129994,6.54286036036037,0.38594903350905,0.527,-4.02099485483221,-1.13368264520491,2.01956377067166,25.4901960784314,same axis (<60°)
837227,2026,SL,522,86.6892720306514,4.28505747126437,1.18528735632184,2274.75862068966,-0.94823693116393,-0.00737163225452738,274,109,"Imai, Tatsuya",R,269.554589265484,39.7810218978102,4.44596712190891,FF,236.66836280905,94.8713414634146,12.7058536585366,10.7526829268293,1999.44715447154,492,32.8862264564335,8.1820694327633,0.267103874770981,0.201,5.47533953661486,3.0382350373309,1.784665640519,43.1226765799257,same axis (<60°)
477132,2025,SL,693,85.6780663780664,-4.48329004329004,7.88935064935065,2483.51803751804,0.432389496010183,-0.87281260812265,383,104,"Kershaw, Clayton",L,153.646283579699,27.154046997389,9.07423513474679,FF,186.858459843875,89.0102214650767,-0.00940374787052811,17.5071209540034,2310.46337308348,587,33.2121762641758,3.33215508701028,0.51831673806042,0.484,5.57308558847508,7.62161324115288,1.91040299962927,32.2666666666667,same axis (<60°)
570632,2025,SL,243,87.5395061728395,0.654814814814815,7.9041975308642,2228.48148148148,-0.293419983975728,-0.928179038136161,108,27,"Ureña, José",R,197.543013191002,25,7.93127486906239,SI,230.878050856592,96.100289017341,16.0630057803468,9.82404624277457,2175.4161849711,346,33.3350376655902,8.56078284450153,0.421226084224181,0.501,-6.70578083206476,0.514596107836826,2.25156707074933,7.54716981132076,same axis (<60°)
686218,2025,SL,357,87.8072829131653,-3.49109243697479,3.85512605042017,2353.6862745098,0.0553425827079635,-0.914946919592549,197,85,"Sheehan, Emmet",R,176.538555741324,43.1472081218274,5.20093484559563,FF,210.201964989983,95.6271247739602,9.33482820976492,17.8585171790235,2443.67811934901,553,33.6634092486594,7.81984186079495,0.258097195064287,0.264,9.0203509575087,4.94806617134605,2.06756861939572,21.9895287958115,same axis (<60°)
681347,2026,SL,256,89.49453125,-3.70171875,7.209375,2527.15234375,0.00465501951856174,-0.966386470692857,138,37,"Burrows, Mike",R,179.724012165683,26.8115942028986,8.10418469648407,FF,214.914530498747,94.9657718120805,8.72402684563758,16.5114093959732,2277.29306487696,447,35.1905183330641,5.47124056208054,0.433971675267453,0.472,1.88018928935967,6.82794712520519,2.23982896748486,11.7647058823529,same axis (<60°)
681517,2025,SL,288,91.0743055555556,-4.61666666666667,5.01333333333333,2379.30555555556,0.204858108377346,-0.934176173968431,150,28,"Leahy, Kyle",R,167.631236198074,18.6666666666667,6.8152125588438,FF,203.064003739297,95.4074879227053,3.16579710144928,16.5846376811594,2374.21014492754,414,35.4327675412232,4.33318236714976,0.403647028650265,0.437,-8.17081631390042,2.19796172188091,2.48657187395156,3.52112676056338,same axis (<60°)
663559,2025,SL,379,85.0358839050132,-4.69963060686016,6.315672823219,2044.94722955145,0.383270475440146,-0.890959816154127,198,43,"Falter, Bailey",L,156.723733950428,21.7171717171717,7.87237264431021,FF,192.619326942981,92.1334285714286,3.88022857142857,18.4858285714286,2121.38285714286,1050,35.8955929925535,7.09754466641537,0.416777395522422,0.614,-6.43842944404041,-1.41138288075811,2.29247643164615,15.4285714285714,same axis (<60°)
608379,2025,SL,354,84.854802259887,-4.05016949152542,4.09220338983051,1958.35310734463,0.191564051479421,-0.891976159667839,182,54,"Wacha, Michael",R,167.879064263132,29.6703296703297,5.75760379792007,FF,204.330991193458,93.0401544401544,6.34378378378378,18.1703474903475,2160.03732303732,777,36.4519269303266,8.18535218026743,0.29915983512994,0.298,1.17919255520476,4.60014622533742,2.18207987708601,15.625,same axis (<60°)
669373,2026,SL,202,89.2856435643564,-3.14613861386139,3.82455445544555,2220.37128712871,0.170062504374009,-0.863057862201592,92,26,"Skubal, Tarik",L,168.852875768024,28.2608695652174,4.95231309190948,FF,205.50367486957,96.6684512428298,3.51143403441683,17.0941491395794,2323.73804971319,523,36.6507991015464,7.3828076784734,0.283782655208642,0.251,-4.22946570346784,0.790013744513368,2.10263515581839,19.7802197802198,same axis (<60°)
694819,2025,SL,283,94.1155477031802,-2.61964664310954,6.43293286219081,2473.18727915194,-0.0223828150144468,-0.965746040899147,135,27,"Misiorowski, Jacob",R,181.327689918869,20,6.94587458454366,FF,218.295380418148,99.2728971962617,9.37289719626168,15.9134579439252,2588.61838006231,642,36.9676904992788,5.15734949308147,0.37609093051234,0.455,-8.1545447183953,-0.66285459234276,2.45683230973076,5.22388059701493,same axis (<60°)
663372,2026,SL,299,89.1103678929766,-4.65190635451505,5.26033444816054,2536.04682274248,0.121462517784553,-0.956484432875253,136,42,"Feltner, Ryan",R,172.762831726184,30.8823529411765,7.02220415807472,FF,209.868402445411,94.8930158730159,3.74476190476191,12.4194285714286,2379.28253968254,315,37.1055707192276,5.78264798003929,0.541347304778265,0.408,4.04156817829329,7.47072040255692,2.24937298332915,20.4545454545455,same axis (<60°)
663554,2025,SL,409,88.161858190709,-2.32987775061125,4.50425427872861,2184.804400978,0.0922037023696005,-0.822018150615844,176,34,"Mize, Casey",R,173.600027988057,19.3181818181818,5.07115735707721,FF,211.234957498988,94.5973236009733,8.07255474452555,17.2229197080292,2250.72749391728,822,37.6349295109305,6.4354654102642,0.266609576163727,0.417,-8.73335939503021,1.42713433978463,2.32619881488795,12.5,same axis (<60°)
680573,2025,SL,536,85.4330223880597,-4.91955223880597,5.80701492537313,2298.72574626866,0.329998298741212,-0.895826233234643,266,72,"Woods Richardson, Simeon",R,159.77755904823,27.0676691729323,7.61074349678448,FF,197.460172738075,93.1716553287982,5.30938775510204,18.4121088435374,2251.42857142857,882,37.6826136898453,7.73863294073848,0.397171885473174,0.46,-2.24472295147845,-0.469143476146621,2.11941601867061,21.25,same axis (<60°)
434378,2025,SL,623,87.1081861958267,-4.06825040128411,5.496886035313,2499.5393258427,0.187883996090706,-0.911026844507002,356,112,"Verlander, Justin",R,168.347081825806,31.4606741573034,6.83859762032885,FF,206.941918098647,93.9319114027892,8.87389663658737,18.5891714520098,2432.03363412633,1219,38.5948362728408,6.82372520696252,0.331992923897913,0.34,4.15140207797239,8.38974938546159,2.06193290112365,23.768115942029,same axis (<60°)
680732,2025,SL,570,86.5952631578947,-5.36063157894737,4.87663157894737,2507.29122807018,0.282829763866589,-0.884524791257681,309,86,"Burke, Sean",R,162.268148675763,27.831715210356,7.24692393240018,FF,201.22306514149,94.4160368663595,4.90075576036866,18.3826728110599,2554.09677419355,1085,38.9549164657267,7.82077370846471,0.380921399899628,0.33,-6.04168456432713,-2.75289942310082,2.21657622933736,19.9261992619926,same axis (<60°)
687064,2026,SL,225,84.0297777777778,-2.12053333333333,2.68053333333333,2060.31111111111,0.153211822105656,-0.669503085992109,115,51,"Young, Brandon",R,167.110152826437,44.3478260869565,3.41788246855987,FF,206.197934393268,94.3488486842105,5.55217105263158,17.733552631579,2242.33388157895,608,39.0877815668304,10.3190709064327,0.183931190305058,0.226,14.6735361525955,5.67901791979675,1.7021550610111,41.7391304347826,same axis (<60°)
677952,2026,SL,433,91.7556581986143,-1.05561200923788,4.53117782909931,2589.49191685912,-0.0453801194170266,-0.902688995461036,252,78,"Ashcraft, Braxton",R,182.877959355017,30.952380952381,4.65251429153832,FF,223.180317139005,97.1797297297297,9.38695945945946,15.3869594594595,2352.72466216216,592,40.3023577839877,5.42407153111542,0.258125287449023,0.328,0.254414199858226,1.32163646889556,2.00168240478588,24.2914979757085,same axis (<60°)
641927,2026,SL,223,82.3367713004484,-4.3980269058296,6.38260089686099,2081.10762331839,0.147547271173828,-0.958791553649272,109,13,"Ober, Bailey",R,171.25145141499,11.9266055045872,7.75114410090612,FF,211.807166574225,88.2313953488372,7.51953488372093,16.6917209302326,2277.90697674419,430,40.5557151592351,5.89462404838878,0.423391070667766,0.485,-7.74554408842248,-1.529192143328,2.13457309826316,16.6666666666667,same axis (<60°)
663554,2026,SL,346,87.7106936416185,-3.45294797687861,5.26751445086705,2236.77167630058,0.121572427480495,-0.894087810794538,159,44,"Mize, Casey",R,172.256768990185,27.6729559748428,6.29837742764939,FF,213.395310231367,93.5132450331126,9.73774834437086,17.8932450331126,2264.34657836645,453,41.1385412411818,5.80255139149409,0.309178182779829,0.356,0.861524720409841,7.63135691575038,2.24524092389574,11.7647058823529,same axis (<60°)
668678,2025,SL,423,88.6250591016549,-4.73673758865248,6.38070921985816,2364.23640661939,0.215051712042129,-0.894536135841698,202,41,"Gallen, Zac",R,166.482282193871,20.2970297029703,7.94670580379922,FF,207.624769602285,93.5218836565097,4.35074792243767,17.2007202216067,2322.59556786704,1444,41.142487408414,4.89682455485486,0.447892779737617,0.418,-3.5651925428749,1.2438226073486,2.36637379198233,11.2903225806452,same axis (<60°)
686752,2025,SL,471,89.0261146496815,-6.79847133757962,8.75872611464968,2590.37154989384,0.269807573070182,-0.924147524999279,244,58,"Pepiot, Ryan",R,163.724680929134,23.7704918032787,11.0875829502799,FF,204.996882967895,95.1707398171239,7.83022443890274,19.1229925187032,2412.65669160432,1203,41.2722020387604,6.14462516744233,0.536564956211584,0.508,-7.26844164289715,-2.24038596195492,2.63812862797983,4.60251046025105,same axis (<60°)
680732,2026,SL,371,86.9032345013477,-5.51094339622642,4.08129380053908,2526.24528301887,0.31170624222906,-0.86214348574324,179,58,"Burke, Sean",R,160.122645102328,32.4022346368715,6.85765675743036,FF,201.783362638595,94.8662180349933,4.54982503364738,18.6799461641992,2584.14131897712,743,41.6607175362672,7.96298353364556,0.35668553830801,0.325,-1.40330187004486,0.678155958253389,2.03310971673415,19.8863636363636,same axis (<60°)
643338,2025,SL,346,88.0222543352601,-3.27086705202312,3.46890173410405,2239.96531791908,0.226730528844904,-0.820615071245522,158,38,"Green, Chad",R,164.554875418444,24.0506329113924,4.76779304425858,FF,208.182491673546,95.1734072022161,6.86958448753463,18.3905817174515,2481.36565096953,361,43.6276162551028,7.15115286695595,0.242861626794109,0.259,-3.76974255327832,-1.39810134747756,2.01886430783184,26.3157894736842,same axis (<60°)
693433,2025,SL,316,88.2623417721519,-3.09,4.85810126582279,2241.76582278481,-0.00313846082673998,-0.856035838854594,159,57,"Woo, Bryan",R,180.21006101111,35.8490566037736,5.75753835497333,FF,224.715652336527,95.6566465256798,9.64051359516616,14.879003021148,2292.93882175227,1324,44.5055913254167,7.39430475352786,0.324749063503876,0.274,7.04761981763628,7.68919846403752,2.07961460096937,21.5277777777778,same axis (<60°)
681911,2025,SL,386,84.8642487046632,-6.52383419689119,4.18538860103627,2383.33419689119,0.487488715514215,-0.841803126549623,189,69,"Vesia, Alex",L,149.924841068727,36.5079365079365,7.75099286351183,FF,194.985531674875,92.67184,5.569152,20.86464,2466.2128,625,45.0606906061477,7.80759129533679,0.358923564514626,0.431,4.21978146720163,8.47380909391827,2.1786707681785,18.0790960451977,same axis (<60°)
641927,2025,SL,438,83.6098173515982,-4.01561643835616,6.21643835616438,2026.80365296804,0.17833871895427,-0.899307180909256,247,53,"Ober, Bailey",R,168.78338039576,21.4574898785425,7.40062708261861,FF,213.921379861185,90.204469273743,8.12916201117318,16.8551061452514,2285.87597765363,895,45.1379994654251,6.59465192214485,0.395479673769817,0.464,-2.95331576819884,1.43792222625941,2.29522008302095,12.9310344827586,same axis (<60°)
676083,2025,SL,467,86.9265524625268,-5.98406852248394,3.98595289079229,2355.15203426124,0.421648370401006,-0.868207121125339,268,63,"Junk, Janson",R,154.096281013297,23.5074626865672,7.1900553912608,FF,199.399283025111,93.6162679425837,2.85282296650718,18.1611483253589,2290.09250398724,627,45.3030020118138,6.68971548005696,0.391107180871348,0.425,-5.15747473022624,-0.935183561236575,2.17835463157406,19.4444444444444,same axis (<60°)
700669,2025,SL,201,89.2208955223881,-1.88477611940299,2.70805970149254,2358.91542288557,0.147230232033063,-0.422345026997072,101,29,"Graceffo, Gordon",R,160.78135376536,28.7128712871287,3.29938908998615,FF,206.332066842171,95.736170212766,5.36352583586626,16.075623100304,2084.11550151976,329,45.5507130768104,6.51527469037789,0.194691305757509,0.212,-1.28912256205376,4.09710743981468,2.09282339789372,24,same axis (<60°)
686218,2026,SL,494,86.6105263157895,-2.46267206477733,2.83554655870445,2383.64777327935,0.242355128563041,-0.794403215338709,264,100,"Sheehan, Emmet",R,163.034193315118,37.8787878787879,3.75567277398009,FF,208.920074707947,94.4597421203438,8.90922636103152,18.418452722063,2442.61031518625,698,45.8858813928285,7.84921580455436,0.183561255439111,0.241,7.3937930652594,2.89611964052908,1.97866277049036,28.2442748091603,same axis (<60°)
685126,2025,SL,452,85.1046460176991,-2.47088495575221,5.11008849557522,2124.77876106195,0.00790469353543805,-0.935947079601917,237,70,"Eisert, Brandon",L,179.516110665027,29.535864978903,5.67611459514101,FF,225.597908872006,89.6655,10.0128,15.1506,2042.545,400,46.0817982069789,4.56085398230088,0.3125560480548,0.415,4.04731455741507,8.16922748826651,2.12531718546596,16.7420814479638,same axis (<60°)
621383,2025,SL,406,87.24039408867,-4.82512315270936,4.66522167487685,2357.1921182266,0.327308133659518,-0.896655141087273,220,50,"Banks, Tanner",L,159.94628223633,22.7272727272727,6.71163964427119,FF,206.29092674294,92.64625,2.277,14.5005,2174.47083333333,240,46.3446445066103,5.40585591133005,0.457252573330737,0.338,0.595382349392898,8.04806189030898,2.77518491842634,1.93236714975845,same axis (<60°)
458677,2025,SL,281,87.9804270462634,-2.13523131672598,2.9470462633452,2291.6512455516,0.319842814233187,-0.763113985934448,148,51,"Wilson, Justin",L,157.260053684936,34.4594594594595,3.63927114326815,FF,203.694646158323,94.4735218508997,5.17943444730077,18.9091002570694,2251.34447300771,389,46.434592473387,6.4930948046364,0.185623807181955,0.246,2.98653690603273,2.65712319752743,1.92028815146618,36.6197183098592,same axis (<60°)
663738,2025,SL,341,86.8140762463343,-1.82217008797654,3.65032258064516,2285.23460410557,-0.00195412466234346,-0.721002353257357,158,50,"Lynch IV, Daniel",L,180.155287734003,31.6455696202532,4.07984788592472,FF,227.086846512084,94.0544776119403,10.335223880597,14.7711940298507,2233.31343283582,268,46.9315587780807,7.24040136560599,0.226307492510909,0.17,-0.219759292073904,3.04560706527522,2.16097200990771,15.6028368794326,same axis (<60°)
621242,2025,SL,505,89.1231683168317,-1.67334653465347,3.82289108910891,2260.20198019802,-0.0925915515296338,-0.854844295372325,248,109,"Díaz, Edwin",R,186.181831751904,43.9516129032258,4.17307858831164,FF,233.570863401232,97.2279857397505,13.075935828877,12.8930481283422,2326.89839572193,561,47.3890316493282,8.10481742291877,0.227251016017236,0.234,7.08441647904399,4.55667180726627,1.93725558294149,30.3030303030303,same axis (<60°)
681343,2025,SL,256,89.488671875,-2.6034375,3.81609375,2206.53125,0.146659818059175,-0.784642826468096,122,27,"Smith, Shane",R,169.412847487759,22.1311475409836,4.61957339212132,FF,217.842867681745,95.656477166822,7.29081081081081,14.2991239515377,2280.84156570363,1073,48.4300201939859,6.16780529182201,0.287813626426827,0.308,-3.43952965604269,3.83868250502976,2.22392012882801,11.6666666666667,same axis (<60°)
642397,2025,SL,347,86.2178674351585,-2.61752161383285,3.90674351585014,2434.46685878963,0.0134516582014927,-0.454898412241965,178,82,"Soto, Gregory",L,178.306218063703,46.0674157303371,4.70255933482176,SI,227.593661338578,96.8591549295775,17.6575352112676,8.77711267605634,2306.77816901408,568,49.2874432748753,10.641287494419,0.238482486883267,0.196,4.16618764372585,1.82091803544675,1.91038926830783,33.5294117647059,same axis (<60°)
681911,2026,SL,223,83.9762331838565,-5.8514798206278,2.9257399103139,2382.60986547085,0.619252077999242,-0.767929724800634,96,41,"Vesia, Alex",L,141.117587164927,42.7083333333333,6.54215332394602,FF,191.787568728427,91.9099431818182,4.10693181818182,21.5294318181818,2486.11931818182,352,50.6699815634994,7.93370999796167,0.298487918180286,0.43,11.7564253843023,8.37902361992368,2.08029372884881,31.9148936170213,same axis (<60°)
669093,2025,SL,263,88.361216730038,-4.38479087452471,3.08030418250951,2199.03422053232,0.638896148154519,-0.720237074347163,103,41,"Estrada, Jeremiah",R,138.424932448128,39.8058252427185,5.35860661647231,FF,189.248044340659,97.8383561643836,2.03671232876712,19.577095890411,2196.39863013699,730,50.8231118925314,9.47713943434553,0.272248796774665,0.416,2.81017526589505,5.4901799560311,2.05961682827952,21.6494845360825,same axis (<60°)
641329,2025,SL,278,88.5323741007194,-6.91769784172662,5.00071942446043,2384.55755395683,0.487826401072237,-0.8110648716908,123,29,"Baker, Bryan",R,148.974601978097,23.5772357723577,8.53590875019204,FF,200.697278371017,96.7517175572519,4.18671755725191,18.0792366412214,2288.99427480916,524,51.7226763929199,8.21934345653249,0.45996642955316,0.448,-8.56356036192776,-2.2483380494543,2.23649620162325,11.1111111111111,same axis (<60°)
641755,2025,SL,788,87.3779187817259,-2.18634517766497,2.68233502538071,2555.2423857868,0.393462425376784,-0.694998939785063,420,141,"Kinley, Tyler",R,150.484330963277,33.5714285714286,3.46049511259343,FF,202.30102913356,95.1091872791519,2.38303886925795,14.5352650176678,2384.05300353357,283,51.8166981702827,7.73126849742606,0.234939265710184,0.219,3.17955790271672,6.36225416218328,2.06795129709391,23.5294117647059,same axis (<60°)
668678,2026,SL,353,88.7410764872521,-4.49371104815864,4.17926345609065,2350.56940509915,0.425116680917543,-0.79004934779906,182,54,"Gallen, Zac",R,151.715804254594,29.6703296703297,6.13674848920483,FF,204.434834217604,93.4004958677686,3.29395041322314,16.5738842975207,2311.05950413223,605,52.7190299630091,4.65941938051647,0.363163334423943,0.375,5.97891132051946,4.71634880593157,1.83314655905867,34.4632768361582,same axis (<60°)
681517,2026,SL,272,89.1430147058824,-5.37397058823529,3.57573529411765,2320.25367647059,0.435545308344627,-0.837632729988834,140,29,"Leahy, Kyle",R,152.526845071147,20.7142857142857,6.45487744088272,FF,205.621154924752,94.1326133909287,4.6592656587473,14.7916198704104,2170.75161987041,463,53.094309853605,4.98959868504637,0.416226532230601,0.425,-4.09952039755299,3.13678081453251,2.3448040329263,13.1386861313869,same axis (<60°)
691587,2026,SL,262,88.2038167938931,-1.91587786259542,5.01297709923664,2443.36259541985,0.27833229011723,-0.849830497139644,125,52,"Pérez, Eury",R,161.865599047173,41.6,5.36661228167773,FF,215.765152805246,98.2476878612717,11.1459537572254,18.1026589595376,2670.45953757225,692,53.8995537580727,10.0438710673785,0.252441369707515,0.318,-0.545097146487504,-1.14637629626838,1.92818479959247,34.1666666666667,same axis (<60°)
453286,2025,SL,332,86.310843373494,-3.9021686746988,3.81903614457831,2404.93674698795,0.257326877450877,-0.814340156788787,206,68,"Scherzer, Max",R,162.463758867166,33.0097087378641,5.46003273244732,FF,216.382006945599,93.5817158931083,8.80995780590717,16.2048945147679,2393.05625879044,711,53.9182480784328,7.27087251961432,0.296018722108778,0.287,6.58750924475796,9.34186606123991,2.12359146421852,23.9795918367347,same axis (<60°)
622608,2025,SL,457,86.8091903719913,-4.69496717724289,3.36787746170678,2286.18599562363,0.358498447456599,-0.845334087214543,208,55,"Senzatela, Antonio",R,157.018643750774,26.4423076923077,5.77800271655012,FF,212.333799136555,94.9820586132952,4.95113652609007,11.8162687634024,2225.16511794139,1399,55.3151553857809,8.17286824130396,0.450996556013824,0.363,1.29357397139333,3.88857078178664,2.03028012036915,26.063829787234,same axis (<60°)
623474,2025,SL,379,85.476253298153,-0.500580474934037,3.98279683377309,2688.85488126649,-0.216938406299388,-0.744089200366243,189,53,"Herget, Jimmy",R,196.253987293103,28.042328042328,4.0141314665813,SI,251.987031275467,91.9658469945355,15.4918032786885,0.148524590163935,2422.28961748634,366,55.7330439823638,6.48959369638249,0.259101340556007,0.223,-0.956749876905411,6.56450028221416,2.22866074532704,11.6279069767442,same axis (<60°)
683769,2025,SL,595,88.770756302521,-5.4596974789916,4.88531092436975,2297.6487394958,0.430097275118202,-0.838772027175754,300,104,"Gaddis, Hunter",R,152.852602161484,34.6666666666667,7.32629233581855,FF,209.049267129255,94.6931318681319,7.36351648351648,16.9915384615385,2300.15659340659,364,56.1966649677714,5.92237556561086,0.395620809306229,0.5,9.32523185194685,9.61670991099934,2.06798231462129,22.6765799256506,same axis (<60°)
579328,2025,SL,1158,86.9651986183074,-2.85388601036269,3.87647668393782,2291.30483592401,0.161957106365815,-0.710828618342558,558,141,"Kikuchi, Yusei",L,167.164685114709,25.2688172043011,4.8137030279461,FF,224.30326388527,94.8192619261926,9.44608460846085,15.366804680468,2188.66606660666,1111,57.1385787705606,7.8540633078852,0.26686548529303,0.287,-3.5716660693278,0.922414244276285,2.15903404183178,19.0839694656489,same axis (<60°)
642701,2025,SL,466,86.9420600858369,-2.89931330472103,2.8218025751073,2484.45278969957,0.199166749452717,-0.824999758501145,265,96,"Santana, Dennis",R,166.427670571877,36.2264150943396,4.04581109443021,FF,223.876146799062,94.6702797202797,10.8562237762238,14.4432167832168,2440.17132867133,286,57.4484762271856,7.72821963444281,0.223917420207918,0.214,8.25132963083312,6.00170787860515,1.89315920134391,30.9160305343512,same axis (<60°)
691725,2026,SL,244,88.1040983606557,-6.31377049180328,4.4955737704918,2545.90163934426,0.633272364220436,-0.727257156801552,106,40,"Painter, Andrew",R,138.951689914723,37.7358490566038,7.75073424580534,FF,196.632129642663,96.5420634920635,2.56190476190476,16.2673015873016,2256.81746031746,378,57.6804397279397,8.43796513140775,0.470659952061089,0.419,5.18551880401191,8.25200926782633,2.10948592617887,19.0476190476191,same axis (<60°)
669674,2025,SL,224,84.8709821428571,-1.81392857142857,2.72303571428571,2259.61607142857,0.203766995695206,-0.424630279287447,112,35,"Long, Sam",L,154.36508506325,31.25,3.27188941798472,FF,213.473178996998,93.2070234113712,6.84200668896321,16.3063545150502,2309.54180602007,299,59.1080939337477,8.33604126851409,0.185023783126806,0.159,1.59180137117447,1.62970779402216,1.99537957977395,27.3684210526316,same axis (<60°)
673929,2025,SL,495,87.3329292929293,-6.45721212121212,3.23636363636364,2443.64848484849,0.670917386116255,-0.674721300501046,242,98,"Leasure, Jordan",R,135.161965958249,40.495867768595,7.22285525018366,FF,195.905399234463,96.2512944983819,4.04194174757282,19.2759223300971,2381.03074433657,618,60.7434332762144,8.91836520545259,0.366732902329183,0.357,5.17563800984479,2.89495055545844,1.89327112995076,34.5291479820628,gyro middle (60-120°)
664854,2025,SL,478,88.8688284518829,-3.77322175732218,0.443096234309623,2399.23221757322,0.603345405081848,-0.558709085733913,268,112,"Helsley, Ryan",R,132.80026148638,41.7910447761194,3.79914947097226,FF,194.241391554017,99.2483870967742,2.19406451612903,17.7104516129032,2533.90967741936,465,61.4411300676366,10.3795586448913,0.212887116020356,0.223,1.51124798157471,-0.688581648980704,1.8393236047709,36.5758754863813,gyro middle (60-120°)
605288,2025,SL,304,87.9601973684211,-2.64276315789474,4.32355263157895,2421.39144736842,0.218380539339018,-0.881476764150126,154,32,"Houser, Adrian",R,166.085479209521,20.7792207792208,5.06727781622036,SI,227.638481519567,94.38320268757,17.0946920492721,7.02597984322508,2200.49048152296,893,61.553002310046,6.42300531914894,0.274170235254713,0.327,-9.47680041048949,-6.47859907480425,2.15916194637109,19.1780821917808,gyro middle (60-120°)
642701,2026,SL,247,85.6,-1.69797570850202,2.89603238866397,2576.37246963563,0.143223119372405,-0.509597462011343,125,47,"Santana, Dennis",R,164.301903457386,37.6,3.3571006989445,FF,225.944371479459,94.1331775700935,11.8923364485981,15.1682242990654,2432.1308411215,214,61.6424680220733,8.53317757009346,0.174174023510644,0.174,2.5618593891535,0.022686685084706,1.99082546534473,33.8842975206612,gyro middle (60-120°)
686701,2025,SL,325,87.4249230769231,-3.82929230769231,3.61366153846154,2626.23384615385,0.492803176846177,-0.737522950118523,152,51,"Bergert, Ryan",R,146.249672564302,33.5526315789474,5.26517134500936,FF,208.646345657727,93.4247311827957,7.76666666666667,18.661935483871,2405.72043010753,558,62.3966730934251,5.99980810587262,0.260476892411012,0.284,4.0791422732898,5.18866148271446,1.95302917952109,26.8456375838926,gyro middle (60-120°)
685299,2025,SL,319,84.1840125391849,-1.49605015673981,2.01630094043887,2101.91849529781,0.168151540074648,-0.430206840867771,156,30,"Gordon, Tanner",R,158.651356344397,19.2307692307692,2.51070419482182,FF,221.099486127776,92.2649923896499,11.1274885844749,14.364200913242,2253.50380517504,657,62.4481297833795,8.08097985046497,0.138178050795054,0.2,-5.4998866946785,0.539415768845123,2.02059642445397,18.0645161290323,gyro middle (60-120°)
608032,2025,SL,343,87.3034985422741,-5.39790087463557,3.03253644314869,2237.40816326531,0.542765750982996,-0.762182700904591,158,31,"Estévez, Carlos",R,144.544561370778,19.620253164557,6.19141430784731,FF,207.684555957716,95.6864093959732,7.55697986577181,17.2405369127517,2161.22483221477,596,63.139994586938,8.3829108536991,0.328910160292809,0.393,-7.90840444604421,0.773842718116585,2.26145756759981,15.5405405405405,gyro middle (60-120°)
696149,2026,SL,359,90.4030640668524,-1.86852367688022,3.15777158774373,2417.82451253482,0.34685350499424,-0.537153259278106,190,55,"Chandler, Bubba",R,147.148642057159,28.9473684210526,3.66918276070075,FF,210.634160927096,98.5242424242424,7.90013986013986,17.785034965035,2408.20163170163,858,63.4855188699369,8.12117835739007,0.188542997965593,0.276,-9.56426811567837,-8.99359273120956,2.01957691108306,29.2553191489362,gyro middle (60-120°)
669194,2026,SL,259,88.6749034749035,-3.87891891891892,3.7969111969112,2389.61003861004,0.708334651011458,-0.546121201484809,142,38,"Nelson, Ryne",R,127.631978996487,26.7605633802817,5.42794128715268,FF,191.326000543757,96.3489100817439,2.80201634877384,19.0510626702997,2287.43596730245,734,63.69402154727,7.67400660684039,0.281882831778169,0.334,-7.54564032197134,-7.61489695116862,1.93162525077659,31.8840579710145,gyro middle (60-120°)
820862,2025,SL,320,89.5990625,0.26475,1.705875,2591.2625,-0.288735445373366,0.0384354849903385,139,63,"Fermin, José",R,277.582442843166,45.3237410071943,1.72629721604508,FF,213.828896045972,96.7778846153846,8.76,17.3361538461538,2304.47756410256,312,63.7535467971934,7.17882211538462,0.088875851818822,0.096,-0.319719677575321,-2.00087201353188,1.79575278389346,39.3939393939394,gyro middle (60-120°)
676617,2025,SL,230,90.074347826087,-3.69704347826087,3.24886956521739,2529.46956521739,0.266571948723848,-0.832582010451488,108,32,"O'Brien, Riley",R,162.246233223687,29.6296296296296,4.92171554764668,SI,226.842654257414,98.0237704918033,15.867868852459,6.11934426229508,2184.40983606557,366,64.5964210337267,7.94942266571633,0.289394724333189,0.237,-3.79347140529288,-0.455645344024868,2.09111102358701,20.7547169811321,gyro middle (60-120°)
594798,2026,SL,648,91.1192901234568,-4.76222222222222,3.02296296296296,2654.02469135802,0.461639028888833,-0.831584408022518,352,137,"deGrom, Jacob",R,150.963948175638,38.9204545454546,5.64066180241937,FF,217.612300791603,97.2466314398943,8.31138705416116,16.785891677675,2468.7820343461,757,66.6483526159647,6.12734131643752,0.301142617693747,0.351,2.71316127468933,-4.63379697029389,1.73105698889697,41.0029498525074,gyro middle (60-120°)
656302,2026,SL,570,89.1698245614035,-1.35221052631579,3.42,2708.94912280702,0.672615154651246,-0.541947600930394,317,140,"Cease, Dylan",R,128.859507243838,44.1640378548896,3.67761788491943,FF,195.894445475943,97.5131805157593,3.35501432664756,18.5190257879656,2474.44985673352,698,67.0349382321048,8.34335595435582,0.195405114083412,0.264,1.47118171736892,-5.59289147469277,1.76573803847474,43.3224755700326,gyro middle (60-120°)
656302,2025,SL,1298,89.0838212634823,-1.23947611710324,3.31959938366718,2763.8875192604,0.686445552034586,-0.503293830602473,685,301,"Cease, Dylan",R,126.248432684851,43.9416058394161,3.54345045300662,FF,194.082885435144,97.1514903129657,3.70551415797317,18.4977943368107,2548.06855439642,1342,67.8344527502934,8.06766904948344,0.18782908377284,0.248,0.962821487206506,-1.290906671496,1.86245174760377,33.3850931677019,gyro middle (60-120°)
805673,2026,SL,254,87.0885826771653,-3.5244094488189,2.73212598425197,2366.64960629921,0.44831262309881,-0.689701016189789,144,48,"Matthews, Zebby",R,146.975725834815,33.3333333333333,4.45936927790789,FF,215.473036111739,95.1695945945946,8.92945945945946,15.9678378378378,2295.66216216216,444,68.4973102769239,8.08101191742925,0.243747954917764,0.226,5.62995320369883,3.25532901635826,1.87059763377335,32.3943661971831,gyro middle (60-120°)
543037,2026,SL,207,89.5792270531401,-4.32347826086957,2.89797101449275,2499.00483091787,0.474666002989016,-0.766730240297282,104,26,"Cole, Gerrit",R,148.239251806012,25,5.20487274321399,FF,216.742268251608,96.8985263157895,9.70863157894737,16.9013052631579,2335.04449152542,475,68.5030164455967,7.31929926264937,0.267035383810344,0.283,-2.90437973778951,0.120121199418106,1.9845129374073,22.1153846153846,gyro middle (60-120°)
592332,2025,SL,276,83.1597826086957,-1.67304347826087,2.12478260869565,2316.99275362319,0.102270352775082,-0.173915460490917,93,35,"Gausman, Kevin",R,149.54249823785,37.6344086021505,2.70439930749265,FF,218.22755776644,94.3944110576923,11.0820432692308,16.8587019230769,2260.62860576923,1664,68.6850595285901,11.2346284489967,0.134047566003322,0.194,2.13854663622851,3.24793289778411,1.9888886853548,24.1758241758242,gyro middle (60-120°)
666214,2025,SL,462,84.9062770562771,-4.54649350649351,2.02649350649351,2521.98051948052,0.617336352965425,-0.610820421974039,243,72,"Wentz, Joey",L,134.696022649373,29.6296296296296,4.97767808686419,FF,203.699112215416,93.4541262135922,5.08165048543689,17.9528155339806,2316.93932038835,824,69.0030895660432,8.54784915731517,0.266782970810305,0.245,-6.0796095533851,-6.33032064188164,1.79548022569853,35.8974358974359,gyro middle (60-120°)
656849,2026,SL,360,86.1775,-2.41066666666667,2.511,2275.90277777778,0.409357919217146,-0.568027802046388,189,57,"Peterson, David",L,144.221016501561,30.1587301587302,3.48086695778189,SI,213.23335235768,92.0404255319149,13.5765957446809,8.06093617021277,2123.4170212766,470,69.0123358561195,5.8629255319149,0.220457045197122,0.167,2.20401966166192,5.16024267045336,1.95969495742357,25.5434782608696,gyro middle (60-120°)
663436,2025,SL,506,88.0926877470356,-1.7504347826087,4.75399209486166,2582.12252964427,0.438173262254321,-0.629377878312522,250,74,"Martin, Davis",R,145.154340771795,29.6,5.0660105375111,FF,214.558981736738,93.9519633507853,6.25743455497382,15.0431937172775,2411.39921465969,764,69.4046409649427,5.85927560374977,0.310936807630218,0.273,3.20898671539308,1.22869918103084,2.12186229256836,22.6337448559671,gyro middle (60-120°)
675911,2025,SL,744,84.1233870967742,-5.0991935483871,2.57032258064516,2285.19086021505,0.587708318397703,-0.710970752989175,375,181,"Strider, Spencer",R,140.421912007227,48.2666666666667,5.71037065456236,FF,210.97821384818,95.5037927844588,8.86201665124884,16.416355226642,2300.18316373728,1081,70.5563018409531,11.3804056876846,0.306093899376555,0.322,13.9071618180765,4.98745519185336,1.68373203910027,44.2622950819672,gyro middle (60-120°)
518876,2025,SL,214,85.8742990654206,-2.05401869158879,3.45252336448598,2366.35514018692,0.340451652917511,-0.822144399115692,116,35,"Kelly, Merrill",R,157.505455403136,30.1724137931035,4.01732627100634,FF,229.064405630876,91.8681547619048,9.47,14.8164285714286,2368.6755952381,672,71.5589502277399,5.9938556964842,0.228461027799415,0.215,8.24359032568511,4.85977230501734,1.88848968650044,27.1844660194175,gyro middle (60-120°)
605488,2025,SL,575,83.4873043478261,-4.01154782608696,2.48702608695652,2226.53913043478,0.474877715818612,-0.756628369726831,250,53,"Springs, Jeffrey",L,147.886653810518,21.2,4.71993799940055,FF,220.630465010828,90.7049545829893,11.3585796862097,15.9995375722543,2170.80511973576,1211,72.7438112003102,7.21765023516318,0.240549522573353,0.3,-2.76252223122981,6.49502888866933,2.36412220300141,8.19672131147541,gyro middle (60-120°)
691587,2025,SL,366,86.0844262295082,-1.52065573770492,3.80918032786885,2487.19398907104,0.527643343820005,-0.695625422928655,173,71,"Pérez, Eury",R,142.819083664851,41.0404624277457,4.10149346492689,FF,215.705428734544,97.8934807916182,10.2463795110594,17.6690570430733,2685.91850989523,859,72.8863450696927,11.80905456211,0.200806732635984,0.247,-0.85014839316729,-2.01419042902258,1.83301001472941,34.5029239766082,gyro middle (60-120°)
621111,2025,SL,324,87.4990740740741,-8.30074074074074,3.60925925925926,2523.99691358025,0.691926709179906,-0.643798498072323,166,35,"Buehler, Walker",R,132.936438617787,21.0843373493976,9.05146669029621,FF,206.232652834126,93.9848056537103,5.71123674911661,16.8818374558304,2250.12014134276,566,73.2962142163391,6.48573157963618,0.507888859725539,0.45,-6.16715940065306,-3.17858452883177,2.21934915586522,14.0243902439024,gyro middle (60-120°)
690928,2025,SL,252,87.6650793650794,-6.35809523809524,1.01285714285714,2568.11111111111,0.832503933817609,-0.482609644356933,120,35,"Dobbins, Hunter",R,120.101235963344,29.1666666666667,6.43826487871741,FF,193.470719892055,95.5352785145889,2.05114058355438,15.7534217506631,2371.18567639257,377,73.369483928711,7.87019914950949,0.405269149566765,0.391,0.912937051219258,5.24814016481377,2.05707293663846,27.7310924369748,gyro middle (60-120°)
676083,2026,SL,253,86.4790513833992,-5.83446640316206,2.0001581027668,2428.30039525692,0.69343575106196,-0.67475470620167,128,22,"Junk, Janson",R,134.217741568546,17.1875,6.1677897699006,FF,207.649145394319,94.258865248227,6.28170212765958,18.7497872340426,2332,423,73.4314038257726,7.77981386482774,0.311912830951792,0.36,-12.4896245809301,-5.17994286065767,2.1766647963908,17.2131147540984,gyro middle (60-120°)
669467,2026,SL,574,87.6808362369338,-4.80815331010453,0.69219512195122,2316.893728223,0.803305080262296,-0.405684859012666,273,85,"Pallante, Andre",R,116.79467319016,31.1355311355311,4.85772295837486,FF,190.589980848257,95.1724786324786,0.634871794871795,11.969641025641,2234.05128205128,585,73.7953076580969,7.49164239554483,0.405267318677406,0.315,3.01378284692311,5.00172510531315,2.04430231869681,26.9662921348315,gyro middle (60-120°)
676395,2025,SL,257,86.9128404669261,-3.76389105058366,3.08498054474708,2403.49416342412,0.328976523240251,-0.832536107756799,130,28,"Garcia, Robert",L,158.438553175546,21.5384615384615,4.86661903194936,FF,233.671116410695,94.4354022988506,10.6433103448276,13.743724137931,2249.68275862069,435,75.2325632351488,7.52256183192451,0.279963666116061,0.259,-5.37272079569171,2.10513902393356,2.17380993556752,10.9375,gyro middle (60-120°)
681347,2025,SL,300,87.277,-3.6488,2.9684,2536.48,0.600165664105851,-0.527266060036127,138,37,"Burrows, Mike",R,131.300411699402,26.8115942028986,4.70373681236525,FF,206.975488177335,95.5094684385382,5.66790697674419,16.9325581395349,2305.50166112957,602,75.6750764779333,8.23246843853821,0.263426137847832,0.304,-6.97529470431858,-1.20646186696764,2.23004146676796,14.0625,gyro middle (60-120°)
592836,2025,SL,257,83.6315175097276,-6.6252140077821,5.24451361867704,2470.19844357977,0.58280372121779,-0.658998624527065,135,30,"Walker, Taijuan",R,138.511170742699,22.2222222222222,8.44975643112872,SI,215.237544726942,92.0216589861751,14.7309677419355,12.4877419354839,1963.90783410138,434,76.7263739842429,8.39014147644748,0.437543999439726,0.309,0.0768254425474429,2.94505793853789,2.23213743864653,15.2542372881356,gyro middle (60-120°)
594798,2025,SL,1029,90.3171039844509,-4.75078717201166,2.45586005830904,2693.61613216715,0.558583423333974,-0.736695642448542,505,196,"deGrom, Jacob",R,142.829569147479,38.8118811881188,5.34801153511735,FF,219.795552995203,97.4200634417129,8.9417605075337,16.5140364789849,2516.61300555115,1261,76.9659838477237,7.102959457262,0.284779688865505,0.325,1.91387441555455,-5.8604384253276,1.68965678439098,43.4968017057569,gyro middle (60-120°)
801403,2025,SL,231,89.4060606060606,-4.40831168831169,3.45766233766234,2586.34199134199,0.386531567651801,-0.808793035075252,93,21,"Dollander, Chase",R,154.45632379946,22.5806451612903,5.60255662912871,FF,231.620743129082,97.9070021881838,11.4928227571116,12.5298905908096,2431.80525164114,914,77.1644193296214,8.5009415821232,0.329514764293642,0.368,-9.85402964746925,-3.72737048782653,2.34046576102606,6.89655172413793,gyro middle (60-120°)
668881,2025,SL,698,89.5694842406877,-5.53151862464183,3.71140401146132,2424.0229226361,0.663238536886471,-0.670400443626306,356,164,"Greene, Hunter",R,135.307686780944,46.0674157303371,6.66124748309584,FF,213.896633275741,99.4670433145009,8.99118644067797,16.9089265536723,2436.39736346516,1062,78.5889464947968,9.89755907381327,0.347831248002259,0.42,9.57188311588465,5.459113851005,1.96393429606171,32.2147651006711,gyro middle (60-120°)
605154,2025,SL,208,83.9423076923077,-6.89884615384615,4.20807692307692,2596.07211538462,0.630856916266803,-0.712447739045629,105,27,"Brebbia, John",R,138.475811445789,25.7142857142857,8.08096464816982,FF,217.213316858841,92.5323886639676,10.8733603238866,17.2513360323887,2231.88663967611,247,78.7375054130528,8.59008097165992,0.396278789708776,0.429,-2.93142088601585,4.22191268619198,2.29392844602858,7,gyro middle (60-120°)
695505,2026,SL,701,90.3342368045649,-3.06676176890157,0.441825962910129,2761.30099857347,0.71889230514706,-0.380496788741476,363,186,"Burns, Chase",R,117.891465377846,51.2396694214876,3.09842507230653,FF,198.034343601536,97.7295627376426,3.5774144486692,18.6907984790875,2621.8288973384,1052,80.1428782236904,7.39532593307767,0.162817261536942,0.218,8.75093444509021,-1.9818251524346,1.60350176435477,50.997150997151,gyro middle (60-120°)
605488,2026,SL,448,83.9863839285714,-4.15633928571429,1.678125,2280.03794642857,0.616719822458222,-0.588806417077675,198,46,"Springs, Jeffrey",L,133.673579600655,23.2323232323232,4.48232749512984,FF,214.188475360822,91.4033205619413,9.69134099616858,16.6944061302682,2146.14559386973,783,80.5148957601675,7.41693663336983,0.232202784366721,0.321,-3.23535171608953,3.81319787232132,2.17345241329022,21.1640211640212,gyro middle (60-120°)
663556,2026,SL,294,88.2003401360544,-3.02122448979592,1.96530612244898,2353.59523809524,0.536305611492066,-0.49313567968278,166,46,"McClanahan, Shane",L,132.598691125472,27.710843373494,3.60419555139258,FF,214.48646814835,95.5862542955327,9.51443298969072,16.0086597938144,2220.64948453608,582,81.8877770228782,7.38591415947822,0.1935386847451,0.203,-4.7377068196041,-1.03394660195748,2.02926485186231,25,gyro middle (60-120°)
669467,2025,SL,788,87.3786802030457,-4.70847715736041,-0.797055837563452,2403.70050761421,0.881313394637395,-0.197140854937585,362,124,"Pallante, Andre",R,102.608914135909,34.2541436464088,4.77546386747703,FF,184.663439978319,94.4351417004049,0.384874493927125,10.0221862348178,2304.56842105263,1235,82.0545258424106,7.05646149735917,0.476138277528428,0.322,6.74620367701366,5.9278842029759,1.90976043999028,32.8571428571429,gyro middle (60-120°)
695611,2026,SL,247,87.3736842105263,-5.02591093117409,2.24259109311741,2317.03238866397,0.723875822774434,-0.577113992078212,122,35,"Jump, Gage",L,128.563797250849,28.6885245901639,5.50354390361563,FF,211.305958058992,96.3103250478012,8.5872275334608,16.4661567877629,2357.982791587,523,82.7421608081425,8.93664083727482,0.29635462338801,0.311,-4.15350555817098,-3.66006225431928,1.98517039026832,30.7692307692308,gyro middle (60-120°)
671212,2025,SL,327,90.8498470948012,-3.47596330275229,2.1754128440367,2611.83180428135,0.613775333954799,-0.655693412147118,151,47,"Boyle, Joe",R,136.89122942162,31.1258278145695,4.10057824264828,FF,219.756571473465,98.5152654867257,8.21469026548673,14.7748672566372,2578.91150442478,452,82.8653420518445,7.66541839192445,0.242566504247334,0.264,-3.49360630886368,-1.82895867106101,2.14328332390631,21.8543046357616,gyro middle (60-120°)
552640,2025,SL,422,89.2668246445498,-6.00113744075829,1.44682464454976,2654.40758293839,0.725943179451606,-0.605545804144235,252,100,"Kittredge, Andrew",R,129.833188699929,39.6825396825397,6.17308287121982,SI,213.192045394457,95.2581632653061,15.5657142857143,9.35061224489796,2284.07482993197,294,83.358856694528,5.99133862075637,0.339958495339764,0.344,9.68315753704505,3.42134937973416,1.68929520561871,43.8297872340426,gyro middle (60-120°)
656427,2025,SL,706,84.9725212464589,-6.41473087818697,2.83495750708215,2428.71246458924,0.760663476923573,-0.594803708943807,307,90,"Flaherty, Jack",R,128.023765457454,29.3159609120521,7.01325575653183,FF,211.952666561513,92.9583090379009,5.81772594752187,15.8413994169096,2261.70262390671,1372,83.9289011040592,7.98578779144195,0.415578271897368,0.418,3.04341321279268,-1.42504061286711,1.69182166128814,41.7857142857143,gyro middle (60-120°)
656427,2026,SL,397,85.0309823677582,-5.81773299748111,3.42408060453401,2439.90931989924,0.816195652008088,-0.530593852835691,181,58,"Flaherty, Jack",R,123.02715795919,32.0441988950276,6.75058110212199,FF,208.934557835533,92.7178660049628,5.77399503722084,16.1388089330025,2255.66873449132,806,85.9073998763433,7.68688363720459,0.393835749912653,0.429,4.41040049162133,1.7283124660695,1.79785792594522,33.9080459770115,gyro middle (60-120°)
670912,2025,SL,214,86.714953271028,-6.46317757009346,1.76130841121495,2384.65420560748,0.729761940731419,-0.584998679948116,99,28,"Oviedo, Johan",R,128.716691024006,28.2828282828283,6.69887092142965,FF,215.353064914457,95.4918699186992,5.93170731707317,15.2858536585366,2340.19512195122,246,86.6363738904515,8.77691664767114,0.408557011519345,0.363,-1.81839228433305,3.8025301354917,2.16818345941752,18.1818181818182,gyro middle (60-120°)
669194,2025,SL,365,86.6057534246575,-4.90323287671233,1.29501369863014,2401.84931506849,0.817325854716007,-0.226273229677147,154,49,"Nelson, Ryne",R,105.474525770302,31.8181818181818,5.07136600167178,FF,192.179044844465,95.6113350125945,3.26055415617128,19.1384886649874,2269.16309823678,1588,86.7045190741628,9.00558158793692,0.261218793005924,0.344,0.978600706472874,1.30756407833638,1.89678040220632,30.8219178082192,gyro middle (60-120°)
805673,2025,SL,342,88.2599415204678,-2.31228070175439,1.43473684210526,2420.13742690058,0.505585605859617,-0.34683175480819,197,76,"Matthews, Zebby",R,124.450124734452,38.5786802030457,2.72123351622016,FF,213.55873902205,96.2464991023339,9.04071813285458,16.6412208258528,2330.96947935368,557,89.1086142875975,7.98655758186609,0.143688305797622,0.181,5.66170558329673,0.585279953421645,1.77956126812133,43.1578947368421,gyro middle (60-120°)
656945,2026,SL,348,89.5637931034483,-6.04068965517241,2.15206896551724,2655.29885057471,0.725745645675428,-0.586806061745234,190,82,"Scott, Tanner",L,128.957482585756,43.1578947368421,6.41259170245927,FF,218.535035417071,96.7387959866221,6.74769230769231,16.2907023411371,2539.41806020067,299,89.5775528313147,7.1750028831738,0.363672466965423,0.299,5.49181302960675,-0.516196834955436,1.74204253461117,42.9378531073446,gyro middle (60-120°)
701581,2025,SL,236,87.5555084745763,-1.62,2.88508474576271,2594.81779661017,0.820270236158283,-0.319424011259343,115,37,"Festa, David",R,111.276592511679,32.1739130434783,3.30879343420418,FF,201.636946331339,94.1140287769784,2.95424460431655,18.3258992805755,2417.30935251799,278,90.3603538196603,6.55852030240214,0.178251565552676,0.23,-2.71219150774774,0.707697663812996,2.12315249515844,22.1238938053097,gyro middle (60-120°)
678226,2025,SL,402,88.3201492537314,-2.75044776119403,0.893134328358209,2673.24875621891,0.522368940589962,-0.405020318978276,182,60,"Hernández, Daysbel",R,127.78831766611,32.967032967033,2.89182499739336,FF,218.562431231571,97.6606349206349,8.816,16.1302857142857,2315.52698412698,315,90.7741135654605,9.34048566690358,0.157315961065974,0.179,-1.91886480284168,-2.79605296625368,1.9832884433932,27.5280898876405,gyro middle (60-120°)
685126,2026,SL,227,83.8872246696035,-5.38308370044053,1.74026431718062,2220.64317180617,0.731231521759507,-0.543664447452718,111,39,"Eisert, Brandon",L,126.630490308003,35.1351351351351,5.65739427825219,FF,217.630702135864,90.0062240663901,7.31551867219917,15.1359336099585,2118.26141078838,241,91.0002118278612,6.11899939678652,0.336527182129903,0.353,5.22424374070867,0.601672547914002,1.75791756625066,45.8715596330275,gyro middle (60-120°)
695549,2025,SL,285,88.779298245614,-6.04757894736842,1.44042105263158,2727.67368421053,0.793851333022906,-0.437250203810593,128,34,"Jobe, Jackson",R,118.845800881176,26.5625,6.21675348823789,FF,209.919783849935,96.4564189189189,7.38202702702703,17.6825675675676,2375.81418918919,296,91.073982968759,7.67712067330488,0.3244378534551,0.296,-3.74138728931496,-2.9725984004118,1.9625438935047,28.0701754385965,gyro middle (60-120°)
695505,2025,SL,264,90.8890151515152,-5.04863636363636,1.335,2818.81439393939,0.823206375275584,-0.243717869379063,142,62,"Burns, Chase",R,106.491875423148,43.6619718309859,5.22215991063386,FF,197.678715084734,98.6886414253898,3.49336302895323,18.1165256124722,2602.56792873051,449,91.1868396615859,7.79962627387461,0.283039912510795,0.239,-0.151349831368353,-5.48738832661315,1.91305447793604,41.0071942446043,gyro middle (60-120°)
681402,2026,SL,223,87.5717488789238,-1.47713004484305,1.70690582959641,2209.16143497758,0.639160777485161,-0.347315177835286,111,27,"Varland, Gus",R,118.519325508838,24.3243243243243,2.2573082821113,FF,209.906565907982,95.0978658536585,9.31719512195122,18.3406097560976,2307.59451219512,328,91.3872403991437,7.52611697473476,0.109729690970457,0.146,-9.05640484724498,-7.0825117240004,1.99845468346516,31.7757009345794,gyro middle (60-120°)
690916,2025,SL,206,87.8160194174757,-4.27514563106796,0.432815533980583,2410.3786407767,0.894637292177372,-0.269254703125341,113,29,"Fitts, Richard",R,106.749967100624,25.6637168141593,4.29699888914279,FF,198.673708185473,95.8666666666667,2.40378947368421,17.0273684210526,2451.96140350877,285,91.9237410848497,8.05064724919093,0.249880644962249,0.301,-4.07413850405647,3.22216282376367,2.18253803676908,16.3636363636364,gyro middle (60-120°)
669199,2025,SL,278,89.1769784172662,-2.29079136690648,1.53539568345324,2654.68705035971,0.43490921724366,-0.260181367809111,143,55,"Bachar, Lake",R,120.889675436356,38.4615384615385,2.75774636097305,FF,213.342724712312,94.7687074829932,9.38612244897959,18.2941496598639,2714.43310657596,441,92.453049275956,5.59172906572701,0.134121859219458,0.191,5.57441948457735,2.19912887233958,1.72701818634253,41.9117647058824,gyro middle (60-120°)
625643,2026,SL,377,84.1358090185677,-5.38663129973475,0.187480106100796,2319.2599469496,0.822718370447004,-0.400702196604559,156,54,"López, Reynaldo",R,115.968240886659,34.6153846153846,5.38989290704979,FF,208.704609511097,94.2382440476191,6.92285714285714,16.6333928571429,2065.49702380952,672,92.7363686244378,10.1024350290514,0.299163598856032,0.333,8.861532470615,0.27463114661351,1.6004234211768,49.6774193548387,gyro middle (60-120°)
656986,2025,SL,418,85.6753588516746,-3.66430622009569,-0.168516746411483,2351.66746411483,0.882037448526631,-0.265044892768487,226,113,"Sousa, Bennett",L,106.725084554153,50,3.66817910801164,FF,199.481345083614,95.0677966101695,3.56542372881356,16.9769491525424,2237.59322033898,295,92.7562605294609,9.39243775849485,0.211455252197241,0.239,18.0377632076041,13.1454534126403,1.72138477550295,45.0450450450451,gyro middle (60-120°)
669211,2025,SL,307,85.5547231270358,-3.6042996742671,2.86592833876222,2581.30618892508,0.598201064043249,-0.465829354711595,143,37,"Akin, Keegan",L,127.908499320687,25.8741258741259,4.60483673813114,FF,220.72619084163,93.7098181818182,11.8789090909091,17.1970909090909,2371.19636363636,550,92.8176915209429,8.15509505478235,0.220317428540677,0.256,-3.48097148901546,-3.07241805963293,1.91507234196862,29.6296296296296,gyro middle (60-120°)
693433,2026,SL,285,86.9747368421053,-2.47957894736842,1.53347368421053,2219.10526315789,0.519206072320102,-0.50824364158347,150,49,"Woo, Bryan",R,134.388702752719,32.6666666666667,2.91545078785407,FF,227.222420142782,95.8745684695052,10.7171461449942,14.673417721519,2288.90333716916,869,92.8337173900627,8.89983162739992,0.160449833896054,0.162,1.40739522957929,-2.53651423112065,1.7251723482363,43.3566433566434,gyro middle (60-120°)
682254,2025,SL,293,89.7474402730376,-0.843276450511945,1.76600682593857,2571.34470989761,0.556034355100791,-0.18850822317538,160,70,"Montgomery, Mason",L,108.727821235358,43.75,1.9570118245043,FF,203.131171182734,98.7204116638079,6.08150943396226,18.4972898799314,2314.25214408233,583,94.4033499473753,8.97297139077035,0.100507114009959,0.146,-3.21533875472118,-6.77219540400327,1.92834311384494,35.8974358974359,gyro middle (60-120°)
665795,2025,SL,389,88.4907455012854,-1.87125964010283,2.19670951156812,2548.26992287918,0.625164932438191,-0.45748645386656,183,80,"Cabrera, Edward",R,126.19611404777,43.7158469945355,2.88567935136453,SI,222.990267953205,96.87,17.2160869565217,9.55408695652174,2308.9152173913,460,96.7941539054351,8.37925449871466,0.146559713271243,0.22,8.1883690136929,9.8971365282129,2.05348975217691,21.5909090909091,gyro middle (60-120°)
683004,2025,SL,622,87.6088424437299,-4.21987138263666,1.30668810289389,2550.58038585209,0.780701403896774,-0.374609076055745,323,89,"Leiter, Jack",R,115.633394464098,27.5541795665635,4.41755003188874,FF,213.2722621917,97.3659003831418,8.82689655172414,17.4363218390805,2428.80459770115,1044,97.6388677276021,9.75705793941187,0.22603944569455,0.273,-8.96851970287339,-5.6358384199365,2.16763287582479,18.4818481848185,gyro middle (60-120°)
669387,2025,SL,244,88.6459016393443,-2.65868852459016,2.48852459016393,2469.20491803279,0.490413994938469,-0.38189369244102,130,26,"Mlodzinski, Carmen",R,127.908496690433,20,3.64161767716464,FF,226.00348230498,96.0370065789474,9.61894736842105,11.7059210526316,2142.16118421053,608,98.0949856145469,7.39110493960311,0.240354972702778,0.184,-10.8820450286347,-7.14852816560232,2.03492032690057,21.6666666666667,gyro middle (60-120°)
669461,2025,SL,524,86.4083969465649,-4.00832061068702,1.01954198473283,2690.90648854962,0.73983038041769,-0.266536491795224,308,98,"Liberatore, Matthew",L,109.812419405309,31.8181818181818,4.13595212456471,FF,208.40618013791,93.9322580645161,7.05660589060309,16.4196353436185,2113.37026647966,713,98.593760732601,7.52386111795124,0.231423773777751,0.226,-2.05877398263658,-1.29734478481705,2.06314770673427,26.4604810996564,gyro middle (60-120°)
669461,2026,SL,409,86.5046454767726,-4.31471882640587,0.866699266503667,2658.55012224939,0.801227868559988,-0.244835998083998,216,81,"Liberatore, Matthew",L,106.991894046318,37.5,4.40090515343142,FF,206.544855308652,94.4468239564428,6.3913611615245,16.5717604355717,2107.12341197822,551,99.5529612623345,7.9421784796702,0.247777056298549,0.234,4.39665168036556,2.18311025197233,1.94892110541575,35.377358490566,gyro middle (60-120°)
661563,2025,SL,250,86.6664,-7.92816,5.85072,2654.296,0.911399695925032,-0.166585082973393,111,35,"Gil, Luis",R,100.358148419177,31.5315315315315,9.85325557894445,FF,200.482488890594,95.3488798370672,2.78052953156823,16.3024032586558,2467.75967413442,491,100.124340471417,8.68247983706722,0.595801131336601,0.344,-2.09907098526626,-0.00949708280729796,2.27190271833453,15.5963302752294,gyro middle (60-120°)
694037,2025,SL,207,88.5207729468599,-2.34144927536232,1.08695652173913,2285.57487922705,0.678203871277295,-0.412386526600198,110,43,"Palencia, Daniel",R,121.301980470492,39.0909090909091,2.58144517455745,FF,221.436335531684,99.5993630573248,11.855923566879,15.3626751592357,2347.4076433121,628,100.134355061191,11.0785901104649,0.133026244231626,0.238,0.110026778692411,1.94773318548181,2.08357326143898,20.7920792079208,gyro middle (60-120°)
683003,2026,SL,274,89.8405109489051,-3.26189781021898,1.44569343065693,2680.17518248175,0.783378328984407,-0.374177894518775,138,50,"Jones, Jared",R,115.531308960227,36.231884057971,3.56791351068884,FF,217.32554050962,98.430081300813,8.83284552845528,15.6562601626016,2545.73983739837,369,101.794231549394,8.58957035190791,0.198481732494791,0.236,-4.53693946020766,-4.95322459140881,1.89975104551476,31.8181818181818,gyro middle (60-120°)
693855,2026,ST,304,81.3463815789474,-12.5944736842105,8.84605263157895,2187.50986842105,0.913526576343214,-0.30580021343758,156,52,"Seymour, Ian",L,108.507811499132,33.3333333333333,15.3906924646988,FF,211.126890247773,91.5543543543544,6.45225225225225,17.4998198198198,2184.78378378378,333,102.619078748641,10.207972775407,0.825175628682937,0.338,2.26439496020679,9.5701519693687,2.58028797959523,2.02702702702703,gyro middle (60-120°)
656945,2025,SL,434,88.9112903225806,-5.66599078341014,0.950599078341014,2632.1267281106,0.815684288087475,-0.372643650963684,226,86,"Scott, Tanner",L,114.553191016139,38.0530973451327,5.74517973308333,FF,217.265990697046,96.4799180327869,6.16401639344262,16.769262295082,2549.15163934426,488,102.712799680906,7.56862771020624,0.321565881521928,0.278,3.74754233823681,-0.756580154326329,1.79753771174474,38.1395348837209,gyro middle (60-120°)
607192,2025,SL,341,89.3413489736071,-3.10521994134897,-0.13759530791789,2666.27272727273,0.634062331458755,0.0302708730610947,153,61,"Glasnow, Tyler",R,87.2667081854771,39.8692810457516,3.10826693720349,FF,190.283196266148,95.7097649186257,1.33128390596745,16.4382640144665,2534.14104882459,553,103.016488080671,6.36841594501864,0.188470232325283,0.229,-3.12184204486808,-5.40853701377804,2.05831991316891,28.169014084507,gyro middle (60-120°)
656641,2025,SL,282,84.4829787234043,-5.27276595744681,0.981702127659574,2513.21631205674,0.869880168247368,-0.237883171186604,131,39,"Latz, Jacob",L,105.294538941675,29.7709923664122,5.36337579416745,FF,210.442113696815,94.2451127819549,8.73437593984962,18.7773834586466,2279.64210526316,665,105.14757475514,9.76213405855063,0.258982612583027,0.313,-0.425140191947915,3.5246740924904,2.07132844616167,23.015873015873,gyro middle (60-120°)
691587,2026,ST,237,83.573417721519,-8.87594936708861,10.9422784810127,2520.4641350211,0.911755612140538,-0.310184476401053,111,39,"Pérez, Eury",R,108.788598181753,35.1351351351351,14.0895683228108,FF,215.765152805246,98.2476878612717,11.1459537572254,18.1026589595376,2670.45953757225,692,106.976554623492,14.6742701397527,0.662762603167979,0.41,-2.76314573016509,1.60941176840394,2.2701610661807,13.6363636363636,gyro middle (60-120°)
663436,2026,SL,254,87.1259842519685,-4.81275590551181,1.20425196850394,2604.86220472441,0.824016081529165,-0.292988726485507,139,53,"Martin, Davis",R,109.573448721812,38.1294964028777,4.96113315782639,FF,216.689197231104,93.9786163522013,5.39421383647799,14.1194968553459,2410.19077568134,477,107.115748509292,6.85263210023275,0.328229756808277,0.233,11.1402213890919,-1.57452612248921,1.72077378778874,43.7956204379562,gyro middle (60-120°)
678692,2025,SL,270,87.6685185185185,-3.87733333333333,4.72266666666667,2521.86666666667,0.824349341343405,-0.160137267011158,149,59,"Henriquez, Ronny",R,100.993301617728,39.5973154362416,6.11042504431748,FF,210.36449020071,96.6620991253644,6.31661807580175,18.4380174927114,2496.8250728863,343,109.371188582982,8.99358060684591,0.31351588600427,0.277,1.82770609382595,1.56827875485281,1.90266429902478,30.8219178082192,gyro middle (60-120°)
663567,2026,SL,250,85.6484,-2.98752,1.6944,2635.42,0.874209798782095,-0.206085382545229,115,30,"Lambert, Peter",R,103.264672633934,26.0869565217391,3.43456942139768,FF,212.649667537148,93.9381502890173,8.27075144508671,17.5685549132948,2304.15028901734,519,109.384994903214,8.28975028901735,0.176875378998387,0.257,-1.81926532660177,1.81147853702339,1.99131126233832,26.3157894736842,gyro middle (60-120°)
656605,2025,SL,401,86.9371571072319,-4.57197007481297,-0.494364089775561,2531.1246882793,0.854867022292242,-0.277969845639659,221,60,"Keller, Mitch",R,108.012530617046,27.1493212669683,4.59862003412381,FF,217.772662433933,94.0940940940941,8.46354354354354,15.2586186186186,2403.5955955956,999,109.760131816888,7.15693698686216,0.263550920246566,0.278,-0.756691769462622,-2.94587716900894,1.82797803238739,34.8623853211009,gyro middle (60-120°)
681676,2025,SL,257,86.6054474708171,-2.75766536964981,0.396887159533075,2666.47470817121,0.746868298250568,-0.0340345580801688,141,52,"Fernandez, Ryan",R,92.6091459582113,36.8794326241135,2.7860792717308,FF,202.432618492589,95.1538461538462,8.20961538461538,17.3630769230769,2203.75961538462,208,109.823472534378,8.54839868302904,0.145062218196297,0.207,4.88737338228862,6.66745438621784,1.97315053549033,24.2424242424242,gyro middle (60-120°)
542888,2025,ST,260,85.0819230769231,-12.3429230769231,9.92169230769231,2616.46538461538,0.95779426899622,-0.181617487586189,109,39,"Armstrong, Shawn",R,100.736982910502,35.7798165137615,15.8362788663045,FF,211.096164972926,93.49726443769,5.41531914893617,15.7637689969605,2344.94224924012,329,110.359182062424,8.41534136076689,0.950100945397308,0.449,1.26800074751119,1.73855601757563,2.2839761932362,16.3461538461538,gyro middle (60-120°)
679883,2026,SL,265,88.0132075471698,-6.59003773584906,-1.08860377358491,2701.05283018868,0.925244043828031,-0.0155944474809403,106,37,"Avila, Luinder",R,90.9655954440798,34.9056603773585,6.67934544216556,SI,201.695182400032,96.3681415929204,11.4300884955752,11.0056637168142,2413.28318584071,339,110.729586955952,8.35493404575054,0.420950056512287,0.424,-0.579139026436971,-5.3852110498661,1.86323832063762,39.2156862745098,gyro middle (60-120°)
672841,2025,SL,223,90.195067264574,-3.67748878923767,2.08035874439462,2378.60986547085,0.692585015821494,-0.23498842612314,121,32,"Vargas, Carlos",R,108.74165383628,26.4462809917355,4.22514097993758,SI,221.854022530578,97.5849927849928,15.3809523809524,4.80363636363636,2165.89898989899,693,113.112368694298,7.38992552041879,0.262209363641217,0.264,-3.23351638606844,0.0161029262046687,2.2259475524032,18.1818181818182,gyro middle (60-120°)
607067,2026,SL,207,86.0792270531401,-3.41913043478261,-0.513623188405797,2128.15458937198,0.921908868197918,-0.203921239831798,109,32,"Rea, Colin",R,102.472686454638,29.3577981651376,3.45749355888407,FF,218.909761910933,93.6953846153846,8.60707692307692,13.358,2176.58974358974,780,116.437075456295,7.61615756224451,0.217578141739745,0.267,1.66693718681673,-3.39760896397286,1.79436034897973,44.3396226415094,gyro middle (60-120°)
702070,2025,SL,306,84.1421568627451,-2.95764705882353,-1.15647058823529,2534.4183006536,0.821683577864826,0.108006060937498,161,50,"Cameron, Noah",L,82.5116958878694,31.055900621118,3.1757047006957,FF,199.005193416206,92.3355516637478,4.47446584938704,16.8077758318739,2288.01576182137,571,116.493497528337,8.19339480100271,0.182583490866599,0.246,-0.28097829362396,0.716143478009119,1.95070590568005,28.2051282051282,gyro middle (60-120°)
605130,2025,SL,252,84.261507936508,-7.57666666666667,1.15952380952381,2645.68253968254,0.963193890616857,-0.204863304941318,105,38,"Barlow, Scott",R,102.007405611695,36.1904761904762,7.66487920600386,FF,218.808322638522,92.2713793103448,3.51765517241379,12.3045517241379,2435.09310344828,290,116.800917026827,8.00987137383689,0.598935878248315,0.453,8.35422251512994,8.61953858268854,1.91266552673175,25.2525252525253,gyro middle (60-120°)
601713,2025,ST,549,81.9105646630237,-13.1796721311475,3.1575956284153,2439.58469945355,0.918342080554455,0.272619144704825,281,106,"Pivetta, Nick",R,73.465945396509,37.7224199288256,13.5526443042358,FF,192.292708056356,93.8156467315716,2.78144645340751,19.7267315716273,2322.39638386648,1438,118.826762659847,11.905082068548,0.680290214072288,0.422,5.627339275769,9.11696778420106,2.43484344970679,11.4503816793893,gyro middle (60-120°)
592866,2025,ST,398,76.8090452261307,-10.4421105527638,7.31788944723618,2226.56281407035,0.986514841499269,-0.0343456315717022,173,49,"Williams, Trevor",R,91.9939540215023,28.3236994219653,12.7510461828868,FF,212.0047916122,87.7430668841762,2.20972267536705,10.1230668841762,2220.74225122349,613,120.010837590697,10.9340216580455,1.23062537819076,0.502,-2.04572879660194,-3.6459060078159,1.72959019833792,38.4615384615385,mirror (>120°)
664076,2025,SL,344,87.0665697674419,-6.09139534883721,-0.296162790697675,2592.70058139535,0.90878764350859,-0.196923863869124,171,61,"Cleavinger, Garrett",L,102.226319497743,35.672514619883,6.09859079578466,SI,222.671348923596,96.2911042944785,16.1650306748466,9.15349693251534,2409.5245398773,326,120.445029425853,9.22453452703667,0.32829202659896,0.355,2.36919226578112,3.9864945225758,2.1321149857662,17.5757575757576,mirror (>120°)
677960,2026,SL,223,87.0946188340807,-3.69201793721973,1.32699551569507,2651.09865470852,0.730712807096552,-0.185465982406479,121,45,"Weathers, Ryan",L,104.241791831712,37.1900826446281,3.92325292932116,FF,226.186086018617,95.8164904862579,10.9063002114165,15.3559408033827,2380.00422832981,473,121.944294186906,8.72187165217721,0.20829732677745,0.222,5.86647365610094,5.09155952311053,1.87665607948429,31.9327731092437,mirror (>120°)
682990,2025,SL,664,86.1003012048193,-4.11524096385542,-0.492289156626506,2470.3343373494,0.913565044226223,-0.092513149661401,343,120,"Priester, Quinn",R,95.7824068360893,34.9854227405248,4.14458161993774,SI,218.36170937794,93.8762876579203,14.638250728863,7.15288629737609,2043.5267249757,1029,122.57930254185,7.77598645310104,0.254387483885574,0.285,6.62475034332916,4.17788859728178,1.78443667666922,36.1194029850746,mirror (>120°)
642547,2025,SL,282,83.8475177304965,-5.09702127659575,5.74595744680851,2453.80141843972,0.925082888357913,0.0896958938922317,130,67,"Peralta, Freddy",R,84.461921659557,51.5384615384615,7.68086276889543,FF,207.739411626404,94.7791035735918,4.61153240460327,16.7552271350697,2440.75469412477,1651,123.277489966847,10.9315858430953,0.441981156048916,0.295,13.0734505224662,7.75959566158854,1.78634815790451,36.4341085271318,mirror (>120°)
680736,2025,SL,271,87.7693726937269,-3.34671586715867,0.0655350553505534,2440.29520295203,0.827690758991471,-0.0640828172671365,155,40,"Wrobleski, Justin",L,94.4272147367906,25.8064516129032,3.34735745610943,FF,218.080044440256,96.0442307692308,7.21230769230769,16.2288461538462,2421.95512820513,312,123.652829703466,8.27485807550383,0.18848473539485,0.285,0.0507737716556917,4.5716098714585,2.18393444440276,17.3333333333333,mirror (>120°)
680736,2026,SL,478,86.2537656903766,-3.57112970711297,0.0180753138075312,2446.78033472803,0.874490448005744,-0.0332551019431453,245,49,"Wrobleski, Justin",L,92.1777931556875,20,3.57117545102366,FF,216.420289421253,94.3103491271821,6.23581047381546,16.1129177057357,2446.91521197008,802,124.242496265566,8.05658343680548,0.206695342656763,0.268,-2.15774778122326,0.535634788319802,1.97645256624225,26.1603375527426,mirror (>120°)
676083,2025,ST,253,81.9664031620553,-13.0373122529644,3.58197628458498,2450.98023715415,0.948798449628848,0.253315828580959,136,26,"Junk, Janson",R,75.0515066180533,19.1176470588235,13.52043138678,FF,199.399283025111,93.6162679425837,2.85282296650718,18.1611483253589,2290.09250398724,627,124.347776407057,11.6498647805284,0.735451608658714,0.451,-9.07173021034213,-4.42791861137358,2.26915260640309,16.1538461538462,mirror (>120°)
666171,2026,ST,346,85.2841040462428,-14.8002312138728,5.24323699421965,2680.98265895954,0.965570982935036,0.186437880532928,162,66,"Zeferjahn, Ryan",R,79.0714962710405,40.7407407407407,15.7015406301945,FF,204.139554920871,97.4172881355932,3.1728813559322,16.1979661016949,2289.13220338983,295,125.06805864983,12.1331840893505,0.951274400629623,0.532,4.37789716334904,4.78326112705793,2.10388215656876,21.656050955414,mirror (>120°)
605447,2025,SL,471,85.8288747346072,-2.2575796178344,-0.3571974522293,1983.40976645435,0.764481806821823,0.107079614327471,250,76,"Romano, Jordan",R,82.0265554425076,30.4,2.28566308775821,FF,207.4200738835,95.5089285714286,7.29128571428571,17.8637142857143,2266.78571428571,280,125.393518440992,9.68005383682134,0.118462310679893,0.185,-4.30330596140779,2.30077644666428,2.13762245320454,19.1964285714286,mirror (>120°)
595345,2026,SL,558,81.0804659498208,-7.41354838709677,7.50752688172043,2417.25806451613,0.974458304821671,-0.0557217487822261,305,106,"Okert, Steven",L,93.2727393971645,34.7540983606557,10.5510027754513,FF,219.148127155997,91.38125,7.18285714285714,15.9573214285714,2234.32589285714,224,125.875387758833,10.3007840501792,0.602934581275357,0.367,1.65400970435372,7.23439574134559,2.27260023211951,16.7785234899329,mirror (>120°)
683004,2026,SL,255,86.5082352941177,-3.31105882352941,-0.889411764705882,2639.44705882353,0.895481135125997,0.0549078927038022,118,39,"Leiter, Jack",R,86.4912083916231,33.0508474576271,3.42843460198225,FF,212.375977387539,96.6920074349443,8.13657992565056,17.3975464684015,2435.18773234201,538,125.884768995916,10.1837721408266,0.178506553538097,0.235,0.202572780884184,-0.519678190479309,1.94883793170341,29.9145299145299,mirror (>120°)
678368,2025,ST,226,78.6738938053097,-14.792389380531,3.33716814159292,2726.05309734513,0.958964651478885,0.227440915995892,134,36,"Bellozo, Valente",R,76.6574959807516,26.865671641791,15.1641509749312,FF,202.767419261788,90.8134328358209,3.36805970149254,17.4782089552239,2145.72885572139,402,126.109923281037,12.1395390305112,0.851929867863685,0.558,2.48217717631266,7.67400127442345,2.24149148729587,15.2542372881356,mirror (>120°)
641745,2025,SL,205,87.1004878048781,-5.83024390243902,-3.41268292682927,2645.58048780488,0.932848264253857,0.297225723525169,86,23,"Keller, Brad",R,72.3269910029196,26.7441860465116,6.75560128493381,FF,198.831765789791,97.178893442623,1.3416393442623,15.0681147540984,2384.08401639344,488,126.504774786872,10.0784056377449,0.446570853714228,0.464,-2.20452520299901,2.69605224733765,2.05381205369002,22.7848101265823,mirror (>120°)
607067,2025,SL,254,85.2145669291339,-3.9496062992126,-1.72629921259843,2217.02362204724,0.93376992778657,-0.0242939730382201,117,46,"Rea, Colin",R,91.4903330525349,39.3162393162393,4.31039428477231,FF,219.269096862548,93.8677693761815,8.51126654064272,14.0177693761815,2194.55765595463,1058,127.778763810013,8.65320244704762,0.262838928703115,0.312,13.3047613226291,11.0724135422247,1.83268493017854,31.304347826087,mirror (>120°)
663903,2026,SL,555,82.5681081081081,-4.76021621621622,-1.05124324324324,2422.57117117117,0.962617225651404,-0.0193441939155938,253,87,"Singer, Brady",R,91.1512275948151,34.3873517786561,4.87491238706835,SI,219.459830500491,91.3443693693694,15.5414864864865,9.04459459459459,2352.25112612613,888,128.308602905676,8.77626126126127,0.271103686530355,0.341,3.33440297487107,-4.44500686659847,1.64519762194353,50,mirror (>120°)
607200,2025,ST,632,82.5822784810127,-12.7448734177215,4.36367088607595,2435.20411392405,0.968440054944976,0.199924826513601,286,73,"Fedde, Erick",R,78.3357143079511,25.5244755244755,13.4712071484233,SI,206.769591351719,93.1954601226994,11.8638036809816,9.38090797546012,1971.54478527607,815,128.433877043768,10.6131816416867,0.890686265167578,0.472,-1.24310007955344,0.507437587453915,2.06105855925897,20.9558823529412,mirror (>120°)
672456,2026,SL,295,85.9071186440678,-6.65084745762712,2.00908474576271,2572.67457627119,0.90545138222676,0.128120177869638,146,41,"Montero, Keider",R,81.9461894610352,28.0821917808219,6.94767539687063,FF,211.042837894165,94.2602040816327,5.92579591836735,16.4172244897959,2228.43265306122,490,129.096648433129,8.35308543756486,0.398057517390521,0.251,-1.8874472036384,-0.264105035809122,2.04693122846191,26.9503546099291,mirror (>120°)
662253,2026,SL,322,87.0065217391304,-6.35739130434783,-0.929068322981366,2374.41614906832,0.97914564780333,-0.0234409251158321,175,88,"Muñoz, Andrés",R,91.3714094357377,50.2857142857143,6.4249196217046,FF,221.273526250704,99.4808,7.88112,13.59936,2331.452,250,129.902116814967,12.4742782608696,0.408762632213338,0.403,11.6120237599088,-1.28388775486202,1.53729765170139,56.140350877193,mirror (>120°)
676130,2025,SL,332,86.4954819277108,-2.88903614457831,-0.404096385542168,2643.96385542169,0.736495893128653,0.162962763448228,175,65,"Buttó, José",R,77.5233184319499,37.1428571428572,2.91716021731549,FF,208.423186175647,95.2005847953216,3.06877192982456,15.1028070175439,2414.51461988304,342,130.899867743697,8.70510286761079,0.189285512385119,0.173,2.2700009083927,-2.05288146801324,1.8396295513113,36.3095238095238,mirror (>120°)
571578,2025,SL,868,80.3715437788019,-2.37345622119816,0.487741935483871,2229.07488479263,0.828140139169451,0.0395905594665747,394,155,"Corbin, Patrick",L,87.2629677929908,39.3401015228426,2.42305316276259,SI,218.168718369815,91.5664438502674,15.1613903743316,11.0570053475936,2090.62299465241,748,130.905750576824,11.1949000714655,0.129126219326169,0.193,6.15103754970675,-1.50697441809124,1.6114493176443,50.3916449086162,mirror (>120°)
663903,2025,SL,851,82.5367802585194,-4.88672150411281,-1.27191539365452,2430.39600470035,0.968795565248021,0.0357451943407561,438,121,"Singer, Brady",R,87.8869430947508,27.6255707762557,5.04953619923394,SI,220.016266212809,92.1500402900887,15.8721031426269,10.1469137792103,2358.70346494762,1241,132.129323118058,9.61326003156925,0.268045533843851,0.359,-2.55545435071809,-6.38156758360035,1.79778518717404,36.5384615384615,mirror (>120°)
683232,2025,SL,358,86.6393854748603,-1.98234636871508,-0.230614525139665,2513.13687150838,0.69111777413767,0.245274305991924,203,78,"Mears, Nick",R,70.4604759101196,38.423645320197,1.99571545686335,FF,202.680982638262,95.4059734513274,5.02513274336283,18.3992920353982,2281.70132743363,452,132.220506728142,8.76658797646711,0.104634688556979,0.19,0.410356683461051,-1.18383625186483,1.83807286839596,37.1859296482412,mirror (>120°)
672282,2025,SL,338,88.3337278106509,-2.70461538461538,-2.7,2332.16568047337,0.742941666247256,0.177700277261037,183,74,"Detmers, Reid",L,76.5484441599271,40.4371584699454,3.82164158166333,FF,208.817615808002,95.8369918699187,7.76853658536585,18.1424390243902,2165.23983739837,492,132.269171648075,7.50326405926782,0.193640946082841,0.3,7.08414635362147,6.57573012905312,1.93274438088577,35.4651162790698,mirror (>120°)
621381,2025,SL,318,82.5650943396227,-6.38490566037736,4.34339622641509,2690.06918238994,0.824675164518149,-0.0700874102963136,170,51,"Strahm, Matt",L,94.8577746042537,30,7.72218305089667,FF,227.139218992489,92.2927613941019,13.5944235924933,16.718927613941,2531.02680965147,373,132.281444388236,9.72766705447923,0.358365590015429,0.193,-3.73885068668856,0.284002066052083,2.1876117973501,15.4761904761905,mirror (>120°)
656240,2025,SL,337,84.0062314540059,-2.2586350148368,-0.569376854599407,2139.9703264095,0.926624198446037,0.254601277704101,178,62,"Blewett, Scott",R,74.636417989784,34.8314606741573,2.32929648881381,FF,207.353154357147,93.4346570397112,5.34281588447654,14.7197111913357,2259.27797833935,277,132.716736367363,9.42842558570526,0.148747865627692,0.267,1.76195323094888,3.86971703646746,1.90192363747435,26.9938650306749,mirror (>120°)
670036,2026,ST,295,83.0769491525424,-16.104406779661,1.21138983050847,2688.10847457627,0.88048646246711,0.452500058996052,143,42,"Festa, Matt",R,62.8004384428118,29.3706293706294,16.1499034995956,FF,195.866517912234,92.4113496932515,-0.856196319018405,11.8273619631902,2517.62883435583,326,133.066079469422,9.33440054070917,1.36190576865984,0.532,-4.53709558220129,-2.25527606112111,2.07043147476536,21.3740458015267,mirror (>120°)
622554,2025,ST,248,86.4040322580645,-10.1022580645161,4.64225806451613,2523.46774193548,0.950421609821136,0.19866656594406,109,53,"Domínguez, Seranthony",R,78.193464384424,48.6238532110092,11.117831530458,FF,211.680675800886,97.6406504065041,5.10170731707317,15.56,2362.14430894309,492,133.487211416462,11.2366181484395,0.678951046863917,0.404,11.644147995908,4.23733211744205,1.99229732738671,33,mirror (>120°)
669302,2025,SL,768,87.5325520833333,-0.679375,0.84046875,1823.37369791667,0.48084899432145,0.0921569294019399,363,127,"Gilbert, Logan",R,79.1505613535255,34.9862258953168,1.08071185352598,FF,212.979106023829,95.4602977667494,8.55647642679901,16.5540446650124,2117.07444168735,806,133.828544670303,7.92774568341605,0.0579947907217071,0.169,-0.88985422577482,2.19325439268498,1.98354640200293,28.1609195402299,mirror (>120°)
676664,2025,ST,682,79.1365102639296,-12.5377126099707,6.37161290322581,2316.38563049853,0.980875923934427,-0.0743410861121587,291,76,"Sears, JP",L,94.3341901797892,26.1168384879725,14.0638433039753,FF,228.42008636025,92.1891757696127,11.8086196623635,14.0453624627607,2018.88679245283,1007,134.085896180461,13.0526655056831,0.766429711618435,0.389,-0.353190063375724,6.44034955698344,2.5336388199872,3.80228136882129,mirror (>120°)
681190,2025,ST,281,82.1274021352313,-12.6781494661922,4.60142348754448,2989.16370106762,0.968721414500672,0.17102651308076,127,32,"Vásquez, Randy",R,79.9876795638366,25.1968503937008,13.4873485903952,FF,214.104550620788,93.483185840708,9.08920353982301,15.5838053097345,2384.93805309735,452,134.116871056951,11.3557837054766,0.747604709361933,0.487,-0.729723695917879,4.69316582876177,2.35794200913832,10.4838709677419,mirror (>120°)
670036,2025,ST,322,83.0978260869565,-15.5932919254658,0.617142857142857,2668.23913043478,0.865546864701885,0.473235263168986,169,47,"Festa, Matt",R,61.3324935902264,27.810650887574,15.6054996196508,FF,196.083044212214,92.0978527607362,-0.598159509202454,11.6311656441718,2514.13496932515,326,134.750550621988,9.00002667377969,1.3399262360561,0.533,-0.624648192719371,2.51874051154528,2.30934699986998,13.0434782608696,mirror (>120°)
621383,2025,ST,272,81.94375,-12.7288235294118,2.925,2363.00367647059,0.932384174168124,0.317256650503746,117,32,"Banks, Tanner",L,71.208415674804,27.3504273504274,13.0605732432733,FF,206.29092674294,92.64625,2.277,14.5005,2174.47083333333,240,135.082511068136,10.7025,0.889794601794325,0.359,1.60139576665931,8.55739653266483,2.22808583512437,9.09090909090909,mirror (>120°)
605130,2025,ST,375,81.5245333333333,-13.26496,6.63136,2519.472,0.983330891497172,0.111348088012999,163,66,"Barlow, Scott",R,83.5395952456362,40.4907975460123,14.8301752940146,FF,218.808322638522,92.2713793103448,3.51765517241379,12.3045517241379,2435.09310344828,290,135.268727392886,10.7468459770115,1.15883418715061,0.544,10.6718125634354,10.5100332568729,2.08173429451288,21.0526315789474,mirror (>120°)
680742,2025,SL,239,85.8037656903766,-3.41774058577406,-1.04937238493724,2488.64016736402,0.887314708337039,0.225007361130875,115,45,"Bowlan, Jonathan",R,75.7707394188866,39.1304347826087,3.57521091880131,FF,211.199654327616,95.5482352941176,7.94305882352941,17.6371764705882,2342.55294117647,255,135.428914908729,9.74446960374108,0.184829686091727,0.254,6.02984630528144,2.90304105245235,1.93814527496523,31.1926605504587,mirror (>120°)
595345,2025,SL,626,80.8519169329074,-8.17361022364217,7.15878594249201,2481.3785942492,0.973020937307284,0.0861905995930827,340,143,"Okert, Steven",L,84.9379282468339,42.0588235294118,10.8653633284142,FF,220.753567699866,91.9711111111111,8.12293333333333,16.3709333333333,2225.48222222222,450,135.815639453032,11.1191941782038,0.594535571414106,0.386,6.14114379381652,11.5934301504886,2.25303181132755,14.2405063291139,mirror (>120°)
678495,2025,SL,371,86.2504043126685,-10.6476549865229,2.2466846361186,2782.21563342318,0.920570573491153,0.337429763934042,208,70,"Rodríguez, Randy",R,69.8698842876084,33.6538461538462,10.8821022126333,FF,205.780571068404,97.3484536082474,5.58111340206186,18.1741855670103,2653.0824742268,485,135.910686780796,11.098049295579,0.572385703293089,0.425,-4.56426683645757,-4.03547548212601,1.97754983131473,29,mirror (>120°)
642100,2025,SL,237,83.1569620253165,-4.4253164556962,-1.82936708860759,2184.27848101266,0.955638324213228,-0.0085880612674652,115,56,"Speier, Gabe",L,90.514887700237,48.6956521739131,4.78852896805859,FF,226.804116447505,95.0037593984962,9.77714285714286,15.169022556391,2234.28571428571,399,136.289228747268,11.8467973731798,0.265337558282439,0.339,20.0472309221315,10.3207272300508,1.6196724315811,50.8928571428571,mirror (>120°)
641302,2025,ST,365,80.2030136986302,-12.3639452054795,4.77994520547945,2475.71232876712,0.962011210179298,0.13212943998153,174,45,"Alexander, Tyler",L,82.1795222155663,25.8620689655172,13.2557541170423,FF,218.760684833547,90.6844393592677,9.26883295194508,15.9531350114416,2225.60869565217,437,136.581162617981,10.4814256606376,0.718457153049862,0.452,-2.88314581159055,4.10391780181307,2.22985548626537,14.375,mirror (>120°)
669724,2025,SL,210,87.7042857142857,-2.38857142857143,1.52457142857143,2217.20476190476,0.713148364599715,-0.183394859975878,83,26,"Hanifee, Brenan",R,104.421816991928,31.3253012048193,2.833653385685,SI,241.10961912837,95.232268370607,16.1380830670927,3.99258785942492,2038.68690095847,626,136.687802136442,7.52798265632131,0.17044906046839,0.188,3.82489758494282,1.49002616337579,1.84007136802686,35.0649350649351,mirror (>120°)
669022,2026,SL,203,85.6556650246306,-4.2792118226601,2.71270935960591,2083.62561576355,0.806086276449409,0.2425597745401,100,22,"Gore, MacKenzie",L,73.2529106497094,22,5.06660101970616,FF,210.184446038694,95.3997865528282,6.67235859124867,16.3197438633938,2243.99679829242,937,136.931535388984,9.74412152819764,0.287367857759897,0.212,-11.5479281130884,-6.47677035749808,2.16051260339685,19.1919191919192,mirror (>120°)
682842,2026,SL,225,87.2733333333333,-11.4730666666667,3.81226666666667,2543.98222222222,0.936773748809831,0.252249806741802,93,35,"Uribe, Abner",R,74.9291457429548,37.6344086021505,12.0898567351129,SI,211.877491801438,98.7142857142857,13.7170960187354,6.93274004683841,2297.15690866511,427,136.948346058483,11.4409523809524,0.786613406553849,0.373,-4.17442753529102,-8.43670928676862,1.89231067620437,31.1111111111111,mirror (>120°)
676974,2026,SL,466,90.1467811158798,-0.933733905579399,-1.62540772532189,2690.87982832618,-0.0518710461636124,0.904776460639725,235,93,"Meyer, Max",R,356.718811232652,39.5744680851064,1.87451574545658,FF,219.557601207681,95.1,9.18920930232558,17.4206511627907,2613.85581395349,430,137.161210024971,4.95321888412016,0.0951738506394591,0.181,-3.99497268528426,-5.09025019157506,1.87288882416811,34.6666666666667,mirror (>120°)
682842,2025,SL,547,87.2703839122486,-10.5049360146252,3.89725776965265,2517.03290676417,0.933251179149484,0.212080478883468,239,112,"Uribe, Abner",R,77.1970218742124,46.8619246861925,11.2045659797463,SI,214.612129244529,98.7063311688312,13.9087012987013,6.20571428571429,2309.46753246753,616,137.415107370317,11.4359472565825,0.73567468075571,0.365,1.41894524642323,0.810055396068279,1.9642797994194,27.6315789473684,mirror (>120°)
622663,2025,ST,677,84.5407680945347,-15.7400295420975,2.39556868537666,2579.99113737075,0.957157740367982,0.249075264970603,295,67,"Severino, Luis",R,75.4137713208412,22.7118644067797,15.9212838462374,FF,213.105763672499,96.1036553524804,7.15143603133159,16.3162402088773,2284.19451697128,766,137.691992351658,11.5628872579457,0.893717212145828,0.61,-3.44132634128967,-0.652271753594255,2.24175535906612,11.7241379310345,mirror (>120°)
680730,2025,SL,326,84.9929447852761,-4.60969325153374,2.58699386503067,2266.34355828221,0.787409976135213,0.453930996685638,184,65,"Parker, Mitchell",L,60.0371438917994,35.3260869565217,5.28600124204886,FF,197.929609688917,92.9501665556296,5.80013324450367,17.9812125249833,2167.72751499001,1501,137.892465797118,7.9572217703535,0.279778352518126,0.204,-0.855969722907892,3.08206895353271,2.17083303518352,18.6813186813187,mirror (>120°)
622663,2026,ST,267,84.8685393258427,-17.2988764044944,3.67460674157303,2601.82771535581,0.963644037911026,0.22586147884281,118,34,"Severino, Luis",R,76.8089717939292,28.8135593220339,17.684848304783,SI,214.933350641318,96.3447876447876,14.4412355212355,12.0046332046332,2125.41312741313,259,138.124378847389,11.476248318945,0.941722459894768,0.626,-1.96910537056218,-2.42291005074231,2.18106728533338,21.7391304347826,mirror (>120°)
672782,2025,ST,202,82.2222772277228,-15.2910891089109,3.73544554455446,2669.56930693069,0.94456751470041,0.299938025016151,87,27,"Gómez, Yoendrys",R,72.3832716594392,31.0344827586207,15.7407420267593,FF,210.535209488884,93.7647201946472,6.66248175182482,16.341897810219,2466.07299270073,411,138.151937829445,11.5424429669244,0.891935854860142,0.531,1.23184426857569,2.72257790219494,2.15225661430611,16.25,mirror (>120°)
660761,2026,SL,246,81.7117886178862,-6.00243902439024,-1.67463414634146,2845.56097560976,0.924263738510016,0.150345322044299,116,34,"Suarez, José",L,80.7609057645178,29.3103448275862,6.23166701337738,FF,218.961316838301,92.7396694214876,7.82876033057851,16.598347107438,2370.9173553719,363,138.200411073783,11.0278808036014,0.339564022359898,0.324,1.15382698823274,1.71603304225548,1.85307748289001,33.0275229357798,mirror (>120°)
670970,2025,SL,263,87.4714828897338,-5.76182509505703,-1.21596958174905,2839.47148288973,0.941731317747379,0.279222021423801,121,44,"Morejon, Adrian",L,73.4849833031253,36.3636363636364,5.88873589573925,SI,211.779277132467,97.7070254110613,15.2640358744395,10.4704932735426,2415.63677130045,669,138.294293829342,10.2355425213274,0.31813719022495,0.413,-1.73586036735433,3.12934163397005,2.08014069801334,23.6363636363636,mirror (>120°)
694297,2025,ST,569,84.704920913884,-10.5564147627417,5.11339191564148,2843.48506151142,0.951224206284277,0.196823462338774,289,100,"Pfaadt, Brandon",R,78.309564895437,34.6020761245675,11.7296491646587,FF,216.769437862691,93.5514285714286,5.83967346938776,15.4352653061225,2565.25442176871,735,138.459872967254,8.84650765754456,0.710758348399759,0.369,-1.11891567991212,-2.91097610785397,2.0076390704832,21.5909090909091,mirror (>120°)
669432,2026,ST,231,78.1476190476191,-10.3761038961039,4.09246753246753,2114.36363636364,0.961700485878921,-0.0173279990404972,116,34,"Rogers, Trevor",L,91.0322484054979,29.3103448275862,11.1540047770764,FF,229.769704066155,93.5149746192893,10.5650253807107,15.5319289340102,2467.15228426396,788,138.737455660657,15.3673555716703,0.593785045601785,0.347,1.33009505471845,1.3069006164487,1.81874984324522,37.1681415929204,mirror (>120°)
676467,2025,ST,396,80.6217171717172,-10.6866666666667,6.12333333333333,2636.14141414141,0.95640295437724,0.154035243274757,201,46,"Gordon, Colton",L,80.8506914798534,22.8855721393035,12.3166576454635,FF,219.886809421993,91.0823529411765,9.9866218487395,16.285512605042,2040.66722689076,595,139.036117942139,10.4606357694593,0.644727012604786,0.407,-6.97977047176678,-3.12287678656285,2.04304909137579,22.8855721393035,mirror (>120°)
681517,2026,ST,220,84.785,-16.6309090909091,2.18781818181818,2626.64545454545,0.906588837533867,0.397053467930329,113,30,"Leahy, Kyle",R,66.3483015990714,26.5486725663717,16.7741970176452,FF,205.621154924752,94.1326133909287,4.6592656587473,14.7916198704104,2170.75161987041,463,139.272853325681,9.34761339092873,1.08164189321193,0.548,-10.3655480146754,-13.6381358512114,2.20538841185846,18.0952380952381,mirror (>120°)
662253,2025,SL,535,86.1091588785047,-5.83132710280374,-1.43641121495327,2352.31401869159,0.957141996192735,0.029512179765106,267,138,"Muñoz, Andrés",R,88.2339216171354,51.685393258427,6.00563510033177,FF,227.524923199965,98.4087301587302,11.3136507936508,13.32,2276.18518518519,378,139.291001582829,12.2995712802255,0.343644523149011,0.392,14.6198027173835,10.2865509891594,1.80660588442184,37.2,mirror (>120°)
688107,2026,ST,250,80.2412,-13.8072,4.61088,2461.632,0.979196841079968,0.14108794248003,127,32,"Gasser, Robert",L,81.8009445578786,25.1968503937008,14.5567505376166,FF,221.175759753576,92.522268907563,7.86302521008403,14.1458823529412,2235.27731092437,238,139.374815195697,12.281068907563,0.899433800227783,0.535,-2.41878715997644,-0.356168508361567,2.01962137666289,24.5901639344262,mirror (>120°)
671106,2025,ST,619,78.08352180937,-14.2135056542811,0.78048465266559,2298.64620355412,0.92773844472448,0.340959034643789,244,66,"Allen, Logan",L,69.8207952787621,27.0491803278689,14.2349183094715,FF,209.666373603408,91.2431192660551,6.26449541284404,16.3801376146789,2230.99655963303,872,139.845578324646,13.1595974566851,0.811699220230584,0.546,0.953223132700982,3.32433350464169,1.91743396871701,27.9352226720648,mirror (>120°)
622554,2026,ST,212,85.0867924528302,-10.5962264150943,4.40094339622642,2458.8820754717,0.945360019756521,0.25235058220184,87,27,"Domínguez, Seranthony",R,75.0541788984872,31.0344827586207,11.4738100479628,FF,215.099952753244,97.2538181818182,5.31447272727273,13.9893818181818,2308.18181818182,275,140.045773854756,12.167025728988,0.766717877407312,0.385,-4.5644105122476,-7.28504809235748,2.06780405314326,25.8823529411765,mirror (>120°)
666171,2025,ST,286,83.8870629370629,-15.24,3.02643356643357,2689.71678321678,0.91289429671396,0.361303425887395,119,46,"Zeferjahn, Ryan",R,68.4074333927709,38.655462184874,15.5375963434514,FF,209.308741571242,97.4166172106825,4.6593471810089,15.8229080118694,2210.43026706231,337,140.901308178471,13.5295542736196,0.941977146383398,0.554,7.98699787087709,6.81160492452678,2.02769502031203,26.5486725663717,mirror (>120°)
664126,2025,SL,391,85.2774936061381,-5.21647058823529,-5.41196930946292,2534.01534526854,0.73850646803348,0.652596643024868,172,53,"Fairbanks, Pete",R,48.5339055629572,30.8139534883721,7.5167131915813,FF,189.512950287854,97.2894841269841,0.238809523809524,17.2342857142857,2432.2619047619,504,140.979044724897,12.011990520846,0.436106943443911,0.485,1.39461380839785,3.79700115592231,2.12956694220971,26.7857142857143,mirror (>120°)
607200,2026,ST,619,81.9069466882068,-15.7907592891761,0.553279483037157,2521.94184168013,0.891843885432209,0.434427131958148,301,63,"Fedde, Erick",R,64.0287688819548,20.9302325581395,15.8004492694053,SI,205.040439088151,93.9422845691383,8.67847695390782,8.33699398797595,2059.16432865731,499,141.011670206196,12.0353378809315,1.31296460531331,0.574,-4.58136976423495,-3.00998309254814,2.00659854817657,26,mirror (>120°)
663903,2026,ST,238,81.7453781512605,-7.88117647058824,3.57680672268908,2431.92016806723,0.960886512488575,0.199357626934775,117,51,"Singer, Brady",R,78.2789839164534,43.5897435897436,8.65485348761187,SI,219.459830500491,91.3443693693694,15.5414864864865,9.04459459459459,2352.25112612613,888,141.180846584037,9.59899121810886,0.481313816653579,0.367,12.4950845635186,5.23644846403666,1.74018530501257,41.2280701754386,mirror (>120°)
675848,2025,ST,352,83.1596590909091,-13.9425,-1.68409090909091,2843.13636363636,0.864533622702501,0.490401674309456,166,57,"Mejia, Juan",R,60.4361771233484,34.3373493975904,14.0438409432777,FF,201.944697227829,96.6257975034674,1.08948682385576,12.297253814147,2581.09292649099,721,141.508520104481,13.4661384125583,1.13757484116562,0.637,2.36605080168071,-1.57369815057908,1.98441827268027,31.25,mirror (>120°)
680694,2026,SL,514,87.3120622568093,-13.0935408560311,-0.138910505836576,2618.57003891051,0.790892856109359,0.594574875062146,256,88,"Bradish, Kyle",R,53.0650050698681,34.375,13.0942776920756,SI,194.72289116795,94.6585585585585,11.1410810810811,12.7983783783784,2172.72372372372,666,141.657886098082,7.34649630174921,0.771691982739425,0.407,1.30674356326873,-5.72566786711752,1.87449040271694,37.9032258064516,mirror (>120°)
676508,2025,ST,416,85.2725961538462,-14.0010576923077,-0.856153846153846,3077.96634615385,0.843800212702012,0.516014141642388,217,56,"Casparius, Ben",R,58.552716091965,25.8064516129032,14.0272098405781,FF,200.811251118571,96.1392307692308,2.77415384615385,17.8926153846154,2435.46666666667,390,142.258535026606,10.8666346153846,0.774710163827188,0.53,-3.0157077700543,-1.08842874237469,2.11160599265525,24.6376811594203,mirror (>120°)
687911,2025,ST,320,80.0528125,-16.908,2.88,2307.071875,0.944005343269101,0.317002992760893,148,39,"King, Bryan",L,71.4376216306018,26.3513513513514,17.1515265792873,FF,213.961763506978,91.9909502262443,3.90606334841629,14.3042533936652,2122.19457013575,663,142.524141876376,11.9381377262443,1.15670012896926,0.65,-0.544593066023497,1.95950485102321,2.13138959372718,21.9858156028369,mirror (>120°)
608372,2025,ST,509,83.6414538310413,-11.2451080550098,2.48110019646365,2598.6326129666,0.892921489661422,0.402059027936707,269,59,"Sugano, Tomoyuki",R,65.7592168427772,21.9330855018587,11.5155683035506,FF,208.962220404037,92.7468041237113,5.76024742268041,16.8059381443299,2393.52577319588,485,143.20300356126,9.10535029267008,0.648191173495003,0.379,-5.59220702177899,-1.5139884551628,2.24847856570521,13.6882129277567,mirror (>120°)
472610,2025,ST,304,82.8516447368421,-11.9265789473684,3.20802631578947,2473.30263157895,0.915357357573101,0.382373315057006,125,48,"García, Luis",R,67.3281847643165,38.4,12.3504946553006,SI,210.564240542606,96.8766839378238,13.9311917098446,10.3918134715026,2188.36787564767,386,143.236055778289,14.0250392009817,0.71061123789744,0.522,5.65930133558659,5.99354592071143,2.04738183634478,27.2727272727273,mirror (>120°)
671096,2025,ST,487,82.6601642710472,-11.8280082135524,2.65995893223819,2780.42710472279,0.894387056968678,0.339805599697512,281,92,"Abbott, Andrew",L,69.19665071753,32.7402135231317,12.1234137032874,FF,213.680693922068,92.7246200607903,9.00638297872341,16.2076595744681,2269.57370820669,1316,144.484043204538,10.0644557897431,0.65383774986703,0.351,0.529453973316643,4.18278586404098,2.10006858666305,20.4545454545455,mirror (>120°)
607074,2026,SL,201,86.4029850746269,-5.03880597014925,-0.325373134328358,2620.03482587065,0.699456287270667,0.28933432863644,96,31,"Rodón, Carlos",L,67.527270261132,32.2916666666667,5.04930027641003,FF,212.198294691825,94.3638586956522,9.23576086956522,18.3348913043478,2365.71739130435,368,144.671024430693,7.9608736210253,0.245951312029081,0.162,-5.38815420556786,-6.74328638939675,1.91239001354709,29.3478260869565,mirror (>120°)
656849,2025,SL,516,84.6187984496124,-2.54744186046512,-0.0365116279069766,2314.23837209302,0.710594734517744,0.274255192839981,284,108,"Peterson, David",L,68.8958239929425,38.0281690140845,2.5477035014739,SI,213.813940680708,91.2501253132832,14.5894736842105,7.82721804511278,2122.47493734336,798,144.918116687765,6.63132686367081,0.153879242453723,0.176,2.89850009620506,-0.413279475332061,1.72459697645018,40.6474820143885,mirror (>120°)
687911,2026,ST,215,80.893488372093,-13.5661395348837,2.06344186046512,2234.65581395349,0.928096011915902,0.354349573360252,96,19,"King, Bryan",L,69.1030081372384,19.7916666666667,13.7221694418723,FF,214.083416360417,91.9011235955056,3.10301123595506,13.2307415730337,2091.50337078652,445,144.980408223179,11.0076352234126,1.00974435119427,0.561,-8.42654682235781,-4.49120054329356,2.04102149246814,22.5806451612903,mirror (>120°)
663903,2025,ST,322,81.6111801242236,-8.97913043478261,1.85888198757764,2419.05590062112,0.952132854224059,0.258116313648826,155,53,"Singer, Brady",R,74.8320851268857,34.1935483870968,9.1695270111702,SI,220.016266212809,92.1500402900887,15.8721031426269,10.1469137792103,2358.70346494762,1241,145.184181085923,10.538860165865,0.486747825112654,0.39,4.17631260882786,0.657650376835823,1.92040004914354,30,mirror (>120°)
690990,2025,ST,387,83.3607235142119,-12.6759689922481,-1.13395348837209,2566.35917312662,0.75752669624535,0.642129493970015,210,79,"Horton, Cade",R,49.7131948421209,37.6190476190476,12.726587932601,FF,195.785835906091,95.738042269188,0.130545050055617,14.4584649610679,2485.45494994438,899,146.07264106397,12.3773187549761,0.880181212058076,0.481,7.13570114584296,4.2109727308622,1.84132605382423,36.8932038834951,mirror (>120°)
672456,2025,SL,335,84.1268656716418,-10.3479402985075,1.97588059701493,2729.83582089552,0.890294254554133,0.416888970549619,166,60,"Montero, Keider",R,64.9081983044821,36.144578313253,10.5348930965214,FF,211.815975461356,93.9758835758836,5.41696465696466,16.123659043659,2222.08316008316,481,146.907777156874,9.84901790424178,0.619361194695187,0.378,6.48571520260919,7.25409409490679,2.06135152833688,27.5641025641026,mirror (>120°)
642397,2026,SL,204,83.4995098039216,-5.52705882352941,3.00647058823529,2589.37254901961,0.86924292940977,0.1181315926748,98,41,"Soto, Gregory",L,82.2608193650123,41.8367346938776,6.29183952725101,SI,229.212901662931,96.4828571428571,17.1882857142857,8.21228571428572,2314.74285714286,280,146.952082297919,12.9833473389356,0.330291074332128,0.209,3.20923168213728,-0.001183303080038,1.8879734738043,36.734693877551,mirror (>120°)
592791,2026,ST,212,80.1716981132075,-15.5003773584906,-0.793584905660377,2746.72169811321,0.839889012372323,0.506908661550863,127,42,"Taillon, Jameson",R,58.8872364550453,33.0708661417323,15.5206789560927,FF,206.025921988834,91.7847887323944,5.50445070422535,18.455661971831,2344.36056338028,355,147.138685533789,11.6130906191868,0.805890783445897,0.564,1.42920088313199,-1.28228922000881,1.93417468023627,33.3333333333333,mirror (>120°)
592773,2025,SL,231,88.7709956709957,-3.05402597402597,0.308571428571429,2464.92207792208,0.751446757255806,0.413081078024498,103,46,"Stanek, Ryne",R,61.2017725337685,44.6601941747573,3.06957504820389,FF,208.551456077296,98.4985576923077,8.70269230769231,18.2832692307692,2347.73076923077,624,147.349683543528,9.72756202131202,0.151592772544774,0.217,5.79202469047203,1.12489454417911,1.92593247672771,31.3725490196078,mirror (>120°)
694973,2026,ST,318,84.2411949685535,-10.3849056603774,5.57811320754717,2350.71383647799,0.972719877630145,0.0721228288045547,124,36,"Skenes, Paul",R,85.7595335620434,29.0322580645161,11.7881980188301,FF,233.210033454264,96.8865942028986,12.5131884057971,12.9608695652174,2180.62439613527,828,147.450499892221,12.6453992343451,0.654330603413541,0.362,-2.65426858776593,3.43807179024775,2.28675674049923,14.8760330578512,mirror (>120°)
684007,2025,ST,373,80.3823056300268,-12.0186595174263,1.84150134048257,2533.39142091153,0.904049808529859,0.35152135417354,167,56,"Imanaga, Shota",L,68.7524437175806,33.5329341317365,12.1589186929932,FF,216.42320859456,90.8886156648452,11.8897267759563,17.9816393442623,2480.60109289618,1098,147.67076487698,10.5063100348184,0.564035322151503,0.351,5.60361370702635,6.56705648393962,2.22646138279724,14.1025641025641,mirror (>120°)
805123,2026,ST,251,84.2326693227092,-12.5684462151394,3.13625498007968,2629.0438247012,0.937442464905678,0.32038004482562,125,42,"Blubaugh, AJ",R,71.1316399572059,33.6,12.9538386419983,FF,218.987855882607,95.6252892561984,10.9410247933884,16.8200330578512,2254.88429752066,605,147.856215925401,11.3926199334892,0.645581477143832,0.463,1.05998503149811,-1.06066348307483,2.08831535492338,27.3504273504274,mirror (>120°)
694335,2025,ST,336,87.152380952381,-10.0025,2.78285714285714,2262.10416666667,0.932337021244851,0.265012170019304,149,40,"Svanson, Matt",R,74.1324627405464,26.8456375838926,10.3824033887897,SI,222.603716472165,96.8459518599562,15.3773304157549,9.67089715536105,2262.78118161926,457,148.471253731618,9.69357090757528,0.571542418270815,0.34,-3.99206273344185,-2.27690256905304,2.20150607787521,16.6666666666667,mirror (>120°)
663460,2025,SL,278,85.5064748201439,-1.16719424460432,0.551223021582734,2480.91366906475,0.608532555984265,0.384943522615034,135,38,"Bubic, Kris",L,57.6835077298953,28.1481481481482,1.29080952280352,FF,206.184024469666,92.1884265279584,4.51911573472042,18.1505851755527,2408.52405721717,769,148.500516739771,6.68195170781451,0.069009868236933,0.188,-10.5767719143685,-6.73291479703669,2.16664432157967,19.4690265486726,mirror (>120°)
547179,2025,SL,279,85.2100358422939,-2.77978494623656,-0.00903225806451611,2580.84229390681,0.672689673774465,0.171902854449122,150,38,"Lorenzen, Michael",R,75.6651025705166,25.3333333333333,2.77979962029804,FF,224.185260818011,93.9160516605166,11.3864944649447,14.950184501845,2335.74723247233,542,148.520158247495,8.7060158182227,0.147920228637007,0.201,-3.52542247147079,-0.935493553181077,2.09982535774736,21.6216216216216,mirror (>120°)
607067,2025,ST,237,82.7886075949367,-13.7701265822785,1.99037974683544,2449.29957805907,0.928633802174863,0.328551775973154,129,33,"Rea, Colin",R,70.5161582906105,25.5813953488372,13.9132310276436,FF,219.269096862548,93.8677693761815,8.51126654064272,14.0177693761815,2194.55765595463,1058,148.752938571937,11.0791617812448,0.848400052641116,0.541,-0.460607931625096,2.37509342784164,2.23201321722726,13.6,mirror (>120°)
686790,2026,SL,295,85.7718644067797,-10.0360677966102,-4.00393220338983,2743.14576271186,0.524507727199327,0.837860609022738,124,48,"McDonald, Trevor",R,32.04690937252,38.7096774193548,10.8052825001245,SI,243.070436225651,93.3909923664122,16.421679389313,1.1261679389313,2278.72671755725,655,148.976473146869,7.61912795963256,0.656447073175027,0.41,-6.27231236420944,-15.2331751903282,1.82305200973089,40.1639344262295,mirror (>120°)
694973,2025,ST,490,84.4634693877551,-11.4673469387755,5.68726530612245,2335.09387755102,0.976636603746063,0.0114824803621099,223,75,"Skenes, Paul",R,89.3263949465623,33.6322869955157,12.8001965796025,FF,238.40643304199,98.1738424045492,13.9642567018684,11.58716490658,2254.03980503656,1231,149.080038095428,13.7103730167941,0.705415940083905,0.368,0.664777186001353,5.65586828988725,2.26448744949553,8.8785046728972,mirror (>120°)
675848,2026,ST,326,84.3806748466258,-14.1773006134969,-1.5158282208589,2851.93558282209,0.867102118946986,0.472715227024315,143,55,"Mejia, Juan",R,61.4022511826693,38.4615384615385,14.2581060411477,FF,210.500368076151,97.3775510204082,4.48462585034014,10.8778231292517,2464.82993197279,441,149.098116893482,12.9968761737824,1.21180506252967,0.572,8.56359778239469,6.86428729043535,2.04867248745267,24.4604316546763,mirror (>120°)
681035,2026,ST,264,81.3424242424243,-16.6581818181818,5.38954545454546,2487.46590909091,0.939388947066986,0.282553610701838,121,38,"Scott, Christian",R,73.2595288282776,31.404958677686,17.5083472005274,FF,222.621405007429,95.3694397283532,9.62200339558574,15.1984380305603,2298.74702886248,589,149.361876179151,14.0270154859289,0.97332383002918,0.557,3.27233546103237,3.69404787274731,2.28526698907348,17.6470588235294,mirror (>120°)
686993,2026,ST,215,81.366511627907,-14.5015813953488,3.57879069767442,2709.67441860465,0.902541099898218,0.410645260644202,97,42,"Sterner, Justin",R,65.5350402645156,43.298969072165,14.9366530997974,FF,215.000356754877,93.4850174216028,7.98397212543554,17.5388153310105,2333.5818815331,287,149.465316490361,12.1185057936958,0.775102837778848,0.484,9.90947495999258,1.00576558640698,1.78735907675086,41.304347826087,mirror (>120°)
675660,2026,SL,252,86.040873015873,-3.76714285714286,-0.0176190476190474,2832.47222222222,0.878574089211945,0.196961237854383,137,52,"Drohan, Shane",L,77.3641878670611,37.956204379562,3.76718405934213,FF,227.184481000532,94.8404891304348,11.4883695652174,14.2861956521739,2429.7527173913,368,149.820293133471,8.79961611456176,0.20549288235433,0.229,1.57297122043742,-2.93996541367349,1.75857620212868,45.3846153846154,mirror (>120°)
660271,2026,ST,393,85.0249363867684,-15.009465648855,3.40427480916031,2726.27226463104,0.90973011560356,0.395913288498289,175,66,"Ohtani, Shohei",R,66.4813912663017,37.7142857142857,15.3906837418108,FF,216.395569922086,98.06926910299,5.01627906976744,14.0483720930233,2488.073089701,602,149.914178655784,13.0443327162216,1.03174784347594,0.528,-0.0845526167481729,-2.55910534488388,2.00130313014702,26.5895953757225,mirror (>120°)
656546,2025,SL,346,87.0043352601156,-4.27734104046243,0.0242774566473983,2738.23699421965,0.654540535451472,0.237968508537595,156,73,"Hoffman, Jeff",R,70.0204678514479,46.7948717948718,4.27740993725473,FF,220.078678963646,96.3578703703704,12.05,17.4494444444444,2563.24768518519,432,150.058211112198,9.35353511025475,0.20170951177763,0.196,4.4081731107318,-7.01560104516589,1.75968420063023,43.5374149659864,mirror (>120°)
621051,2025,ST,585,82.1389743589744,-15.1074871794872,-0.279589743589744,2647.96581196581,0.783785801548602,0.598056555483121,283,76,"Wilson, Steven",R,52.6550752758201,26.8551236749117,15.1100740998544,FF,203.095569892437,93.8467261904762,6.185,18.8832142857143,2490.55357142857,336,150.440494616617,11.7077518315018,0.76043398596289,0.509,-2.51924418156262,3.94931686469133,2.19388485931832,14.1791044776119,mirror (>120°)
592791,2025,ST,320,80.196875,-15.79875,-0.874875,2721.515625,0.827845139271745,0.536565784210417,175,54,"Taillon, Jameson",R,57.0508097275175,30.8571428571429,15.8229550915158,FF,207.515698384709,92.2647741935484,7.35762580645161,18.2108903225806,2324.4335483871,775,150.464888657191,12.0678991935484,0.805606021288706,0.536,2.36646584494065,0.161913552770129,1.88507820882056,31.2883435582822,mirror (>120°)
678692,2025,ST,328,85.3585365853659,-13.0730487804878,1.22378048780488,2584.60670731707,0.849546162795506,0.496818240524769,188,89,"Henriquez, Ronny",R,59.680720900028,47.3404255319149,13.1302034675532,FF,210.36449020071,96.6620991253644,6.31661807580175,18.4380174927114,2496.8250728863,343,150.683769300682,11.3035625399986,0.673689202255173,0.398,10.8153377324734,0.452590463816601,1.68908124557083,46.1538461538462,mirror (>120°)
671096,2026,ST,413,82.1496368038741,-14.0359322033898,-1.06983050847458,2853.66343825666,0.793128133192685,0.542736844586934,213,62,"Abbott, Andrew",L,55.6161998814285,29.1079812206573,14.0766448465186,FF,206.669764047999,92.5132762312634,6.7810278372591,16.6331049250535,2342.8426124197,934,151.05356416657,10.3636394273893,0.783679261763586,0.418,-3.23886719602037,-6.12263982840336,1.8299282501956,36.8421052631579,mirror (>120°)
680730,2026,SL,331,83.183081570997,-7.96640483383686,0.149728096676738,2273,0.689427225361661,0.696907586007247,173,59,"Parker, Mitchell",L,44.690847455199,34.1040462427746,7.96781177485473,FF,195.994582169418,93.6475555555556,5.448,18.0352,2166.94666666667,225,151.303734714219,10.4644739845586,0.422917834825196,0.343,-0.857777262304656,-0.0746936143608779,1.92655164491169,31.9767441860465,mirror (>120°)
682052,2026,SL,420,76.8616666666667,-9.83942857142857,2.22714285714286,2405.07619047619,0.977354086596911,0.117575577684776,196,55,"Lopez, Jacob",L,83.1402893322257,28.0612244897959,10.0883358349317,FF,234.545212784886,90.4881720430108,13.6327741935484,12.5661935483871,2190.69247311828,465,151.40492345266,13.6265053763441,0.544115069265056,0.503,-0.654889750699352,-2.27664950802005,1.84365546336643,35.2331606217617,mirror (>120°)
806960,2025,ST,220,82.2990909090909,-19.4623636363636,-2.80036363636364,3000.00909090909,0.827091855453582,0.543812351889501,80,30,"Morales, Luis",R,56.6751065045101,37.5,19.6627982446527,FF,208.492117295971,97.2342789598109,7.70184397163121,16.0675177304965,2520.04491725768,423,151.817010791461,14.93518805072,1.10353147629228,0.673,10.8531175218874,13.724110647306,2.21571703005091,20.253164556962,mirror (>120°)
670059,2026,ST,208,85.1966346153846,-10.5894230769231,5.6025,2588.35576923077,0.963504991700368,0.142709355872297,91,37,"Holderman, Colin",R,81.5749002688832,40.6593406593407,11.9801455480337,SI,233.457584185953,96.9642857142857,17.3817391304348,6.0544099378882,2257.60869565217,322,151.88268391707,11.7676510989011,0.650882719532063,0.37,5.87184374925884,3.88744774742757,2.0317665184683,22.2222222222222,mirror (>120°)
686701,2025,ST,234,82.6448717948718,-14.9984615384615,-0.594358974358974,2816.11538461539,0.817149629786563,0.540284212556263,99,29,"Bergert, Ryan",R,56.5280602160729,29.2929292929293,15.0102335461881,FF,208.646345657727,93.4247311827957,7.76666666666667,18.661935483871,2405.72043010753,558,152.118285441655,10.7798593879239,0.742581529123561,0.444,0.384204796418934,4.76497247906973,2.04191909552385,21.0526315789474,mirror (>120°)
687570,2026,SL,357,87.4518207282913,-2.80571428571429,0.941176470588235,2896.05322128852,0.58443137648929,0.220591728369027,180,50,"Prielipp, Connor",L,69.3211484093084,27.7777777777778,2.95936577696137,FF,221.540718740428,95.4563186813187,8.32186813186813,15.2821978021978,2276.9478021978,364,152.21957033112,8.00449795302737,0.170067523132607,0.207,-10.3451877273635,-9.37972648703391,2.01657076279305,26.8571428571429,mirror (>120°)
596001,2025,ST,500,82.8866,-12.35808,2.71992,2474.236,0.902120249165612,0.411128374290666,212,67,"Junis, Jakob",R,65.499553453855,31.6037735849057,12.6538573602202,SI,217.738238998048,90.8716129032258,14.892,5.82735483870968,2112.82903225806,310,152.238685544193,7.98501290322581,0.791283893660174,0.439,5.93705699061462,8.91740072275591,2.18718982727212,13.903743315508,mirror (>120°)
607074,2025,SL,948,85.8831223628692,-5.53329113924051,-0.742784810126582,2630.9641350211,0.737205297571711,0.356595790031708,432,173,"Rodón, Carlos",L,64.1863420441251,40.0462962962963,5.58292397456318,FF,216.483375142557,94.1203269367448,10.7191471215352,17.6287420042644,2344.73702914001,1407,152.297033098432,8.23720457387564,0.270597534573038,0.2,6.76519554120518,4.65089656481222,1.8267245604957,35.5231143552311,mirror (>120°)
641927,2025,ST,260,78.4042307692308,-11.2430769230769,0.862615384615385,2094.97692307692,0.858082644904002,0.473750731609241,118,48,"Ober, Bailey",R,61.0967420637273,40.6779661016949,11.2761200774025,FF,213.921379861185,90.204469273743,8.12916201117318,16.8551061452514,2285.87597765363,895,152.824637797458,11.8002385045123,0.602580867785396,0.461,7.0273896246781,2.16698393238087,2.13414050241979,18.6915887850467,mirror (>120°)
687223,2025,ST,222,73.8477477477478,-8.82918918918919,1.37945945945946,1984.30630630631,0.982471621539687,0.143232676151486,92,31,"Palmquist, Carson",L,81.7053924615742,33.695652173913,8.93630181556036,FF,234.724975137501,90.3667567567568,10.8726486486486,12.8701621621622,2159.07837837838,370,153.019582675926,16.519009009009,0.530406849176149,0.495,-0.294697198053255,0.253096345831774,1.92395575815213,34.4444444444444,mirror (>120°)
682052,2025,SL,509,78.1143418467584,-9.22420432220039,1.68660117878193,2370.03929273085,0.976922363103307,0.142449977953006,257,84,"Lopez, Jacob",L,81.7038810784204,32.6848249027237,9.37713010008761,FF,235.089343227442,90.7701873935264,13.6109028960818,11.8742759795571,2133.45485519591,587,153.385462149021,12.6558455467681,0.519148115400368,0.502,2.24760090405119,3.99967183436857,1.91410584448703,27.4900398406375,mirror (>120°)
684320,2025,SL,478,85.5759414225942,-7.00744769874477,0.442845188284519,2764.71548117155,0.793315027261728,0.440489478781336,242,90,"Rodríguez, Yariel",R,60.9587033491973,37.1900826446281,7.02142685722996,FF,214.673048922442,95.7169133192389,4.08989429175476,13.4831289640592,2443.32769556025,473,153.714345573245,10.1409718966448,0.498334612870723,0.238,-0.0397235967314498,0.454292648564354,2.08633511202306,23.5294117647059,mirror (>120°)
643511,2025,SL,255,74.0513725490196,-10.7891764705882,13.9383529411765,2422.89803921569,0.848349451255697,-0.518909266920295,125,37,"Rogers, Tyler",R,121.452843142692,29.6,17.6262307833041,SI,327.348210370609,83.482472826087,1.47114130434783,-13.0090760869565,1973.6847826087,736,154.104632772083,9.43110027706736,1.34633656603924,0.593,0.971532149576117,1.71135454478124,2.51487143834873,6.66666666666667,mirror (>120°)
663568,2025,SL,290,85.4386206896552,-2.71737931034483,-0.381931034482759,2516.58275862069,0.839047353402407,0.313121448201007,153,34,"Kolek, Stephen",R,69.535086464467,22.2222222222222,2.74408848825821,FF,223.712169528656,94.0218262806236,8.25354120267261,12.8870378619154,2175.57461024499,449,154.177083064189,8.58320559096845,0.179311332583487,0.248,-10.7604689034661,-7.198350791838,1.97974562040558,21.6216216216216,mirror (>120°)
693433,2025,ST,262,84.668320610687,-11.433893129771,3.74473282442748,2480.04198473282,0.927175298894937,0.328924306130022,122,53,"Woo, Bryan",R,70.4673726851905,43.4426229508197,12.0314976636065,FF,224.715652336527,95.6566465256798,9.64051359516616,14.879003021148,2292.93882175227,1324,154.248279651337,10.9883259149927,0.67862641252407,0.365,10.9407643091399,6.34011721549853,2.19544746937883,18.4210526315789,mirror (>120°)
694335,2026,ST,254,86.5818897637795,-10.7017322834646,2.13165354330709,2233.62204724409,0.929617177403813,0.309046832754038,112,31,"Svanson, Matt",R,71.6108574673681,27.6785714285714,10.9119668573379,SI,225.942862789924,96.2824858757062,15.2969491525424,7.70135593220339,2263.33615819209,354,154.332005322556,9.70059611192669,0.637149617990618,0.392,-4.45016900644099,-1.28948227560991,2.20869926162777,12.1495327102804,mirror (>120°)
656234,2025,ST,418,83.9263157894737,-14.5535885167464,6.00344497607656,2714.43779904306,0.980457540348991,0.130482107209439,168,57,"Bird, Jake",R,82.4194567023585,33.9285714285714,15.7431982232186,SI,236.786969119132,94.3834688346884,11.3213008130081,0.333983739837398,2128.07317073171,369,154.367512416773,10.4571530452147,1.38997739500177,0.53,5.3011870661559,7.04035151704758,2.21645547235841,16.2337662337662,mirror (>120°)
676440,2025,ST,493,82.9600405679513,-16.0515212981744,-1.90247464503043,2673.88235294118,0.767178849353132,0.612083169336679,218,72,"Bibee, Tanner",R,51.4158619847314,33.0275229357798,16.1638716203987,FF,206.000643203858,94.3278867102397,5.56666666666667,14.6138562091503,2249.51307189542,918,154.584781219127,11.3678461422883,1.03361612490678,0.553,0.139733265104927,1.6100974393029,2.08413128945527,22.9268292682927,mirror (>120°)
669302,2026,SL,456,86.465350877193,-1.06184210526316,-2.13842105263158,2102.86622807018,0.745100287828579,0.550162232544064,246,89,"Gilbert, Logan",R,53.5588262923913,36.1788617886179,2.38754125720324,FF,208.174546761179,96.0543927648579,6.15751937984496,17.1314728682171,2190.15762273902,774,154.615720468788,9.58904188766489,0.131151437611797,0.295,-0.942889857803515,-2.66533301894665,1.74261058997244,42.8571428571429,mirror (>120°)
621121,2025,ST,367,82.8427792915531,-16.4779291553134,5.33754768392371,2879.91280653951,0.960786570426545,0.232053340595091,150,37,"McCullers Jr., Lance",R,76.4217138778465,24.6666666666667,17.3208419115725,SI,231.182706150365,91.4575971731449,12.7009187279152,4.3017667844523,2236.93992932862,283,154.760992272518,8.61481788159175,1.29167059083752,0.534,-0.816553411260569,5.51926411630461,2.40718145278811,8.10810810810811,mirror (>120°)
666200,2026,ST,801,86.1991260923845,-8.48089887640449,-0.933183520599251,2427.01123595506,0.476629977883236,0.851117555150561,331,158,"Luzardo, Jesús",L,29.249038858092,47.7341389728097,8.53208516336523,FF,234.334777453602,97.0226235741445,11.7584030418251,13.9512547528517,2238.35931558935,526,154.91426140449,10.82349748176,0.467627326023705,0.331,1.59052524993825,-10.0020061798033,1.69925748394302,42.5,mirror (>120°)
681982,2026,ST,263,81.0627376425856,-12.1355133079848,3.83133079847909,2600.27376425856,0.990487459460062,0.110423656031096,120,46,"Anderson, Grant",R,83.6386960170622,38.3333333333333,12.7259490387024,FF,238.619070754214,93.4047794117647,11.2085294117647,12.4720588235294,2407.07352941177,272,154.980374737152,12.3420417691792,0.758918874526178,0.583,5.21190493533919,-0.715177679556786,1.85179905628942,28.8135593220339,mirror (>120°)
622491,2025,SL,651,84.4413210445469,-0.887741935483871,-0.308755760368664,2240.73425499232,0.393455892499806,0.57624456154281,283,106,"Castillo, Luis",R,34.3249972649471,37.4558303886926,0.939902049991105,FF,239.28109155273,94.9371592539455,12.9624103299857,12.3745480631277,2208.81922525108,1394,155.043905712217,10.4958382093986,0.0524476764460902,0.131,4.84885043995524,0.200911041002809,1.79910351659102,35.7976653696498,mirror (>120°)
543243,2025,ST,546,85.0395604395604,-14.9962637362637,-4.00395604395604,2659.73443223443,0.672406420839852,0.734806061180474,322,137,"Gray, Sonny",R,42.4610120796364,42.5465838509317,15.5215846500772,FF,197.519356994037,91.6484992101106,-1.45194312796209,10.6365876777251,2497.0868878357,633,155.058344914401,6.60893877055015,1.44585504551166,0.566,4.38116288761864,-11.4305812226507,1.55137056993861,53.0744336569579,mirror (>120°)
571578,2026,SL,383,79.0198433420366,-3.08553524804178,-0.902036553524804,2199.31331592689,0.816895514201212,0.427187324869404,172,63,"Corbin, Patrick",L,62.3931331162939,36.6279069767442,3.21468469850515,SI,217.51356722762,91.3846560846561,14.5031746031746,11.1663492063492,2049.07142857143,378,155.120434111326,12.3648127426195,0.175629273560938,0.246,4.63749145087179,-5.61718132876408,1.52547520171392,55.952380952381,mirror (>120°)
672282,2026,SL,663,86.104826546003,-3.59891402714932,-3.70769230769231,2449.87933634992,0.817536525723433,0.464201944930561,337,120,"Detmers, Reid",L,60.411840277687,35.6083086053412,5.1671234186279,FF,215.535798316915,94.1086393088553,9.37231101511879,17.0265226781857,2149.19978401728,926,155.123958039228,8.00381276285228,0.265858653956859,0.39,3.80903589027054,-1.10456736077647,1.74533374583847,41.9753086419753,mirror (>120°)
695418,2025,SL,430,85.5274418604651,-0.783627906976744,0.559255813953488,2512.32093023256,0.255011267549981,0.296748724755733,180,48,"Lord, Brad",R,40.6741435103823,26.6666666666667,0.96272517471682,FF,245.417556015699,94.7543604651163,15.5881395348837,10.496976744186,2329.82945736434,1032,155.256587494684,9.22691860465116,0.0512278770684257,0.138,-2.81422767992645,1.10131093714681,2.00864827624513,19.4285714285714,mirror (>120°)
656492,2026,ST,288,79.915625,-16.98625,-1.2375,2527.33333333333,0.823907317727201,0.55457396929546,124,44,"Griffin, Foster",L,56.0554095211548,35.4838709677419,17.0312681651279,FF,211.398876713957,91.4381703470032,4.47331230283912,16.1761514195584,2091.76971608833,317,155.343467192803,11.5225453470031,1.01477606769877,0.555,6.78973352214013,4.02044882199481,1.86644514169913,38.9830508474576,mirror (>120°)
684007,2026,ST,255,81.2482352941177,-13.7811764705882,-0.459764705882353,2530.19215686275,0.847587775007644,0.509394190891502,119,38,"Imanaga, Shota",L,58.9944338446377,31.9327731092437,13.7888436244041,FF,214.478328961006,91.6909340659341,11.0624175824176,17.7883516483517,2500.17307692308,728,155.483895116368,10.4426987718164,0.658253658309503,0.464,3.25213203001068,-0.418950477081704,1.96242434329209,32.4786324786325,mirror (>120°)
663947,2025,ST,230,81.3269565217391,-14.1245217391304,0.784695652173913,2737.19130434783,0.881807761107517,0.433016968092657,98,47,"Holton, Tyler",L,63.8463777099919,47.9591836734694,14.1463020477335,SI,219.573418317052,91.4035335689046,15.7717314487633,9.53809187279152,2163.48409893993,283,155.72704060706,10.0765770471655,0.767503981677279,0.482,21.3395333697764,13.3761661461571,1.92275438169205,29.6703296703297,mirror (>120°)
656848,2026,SL,203,86.8837438423645,-1.04630541871921,-2.08197044334975,2388,0.612762053766781,0.507551848975909,86,29,"Petersen, Michael",R,50.3649897328764,33.7209302325581,2.33009784262875,FF,206.389908834134,97.7650107991361,7.8207343412527,19.5037580993521,2358.48164146868,463,156.024919101258,10.8812669567715,0.110886599767964,0.222,-2.34687470173517,-4.47413247078902,1.75436197482886,40.4761904761905,mirror (>120°)
676974,2025,SL,379,89.8496042216359,-2.37688654353562,-1.26269129287599,2616.34564643799,0.321908534374132,0.893585565252904,202,83,"Meyer, Max",R,19.8112343521685,41.0891089108911,2.69146408891992,FF,223.418396086908,94.989539748954,9.15012552301255,15.446359832636,2509.38912133891,239,156.392838265261,5.13993552731809,0.149916158786143,0.22,-1.63375302933355,-3.42224119023047,1.80314332512886,36.4640883977901,mirror (>120°)
677944,2025,SL,383,84.2610966057441,-5.30130548302872,0.400417754569191,2571.58485639687,0.876466572672442,0.412684149266936,190,68,"Cecconi, Slade",R,64.7866060691238,35.7894736842105,5.3164061359686,FF,221.200236061316,94.3678298800436,10.7538058887677,15.8379062159215,2395.26063249727,917,156.413629992192,10.1067332742995,0.277709585090031,0.305,1.80741386687553,3.24085436612048,2.01339781821198,23.2044198895028,mirror (>120°)
680885,2025,SL,302,86.9559602649007,-2.54264900662252,-2.36066225165563,2353.44039735099,0.823779156563973,0.490512996387907,171,63,"Schwellenbach, Spencer",R,59.2286400024235,36.8421052631579,3.46955187845207,FF,216.097626472866,97.0275563258232,5.48589254766031,14.8870710571924,2318.90121317158,577,156.868986470442,10.0715960609226,0.218682791431452,0.26,-7.40813308034911,-7.80241469872543,1.85474754567126,36.1842105263158,mirror (>120°)
608331,2025,ST,384,81.42890625,-17.3109375,-3.6959375,2828.6171875,0.790268642679584,0.590956924329247,129,50,"Fried, Max",L,53.2111374841343,38.7596899224806,17.7010878516777,SI,210.135748361449,93.95,9.95656565656566,4.31818181818182,2124.83333333333,594,156.924610877315,12.52109375,1.63103912213494,0.618,4.16239687776501,7.51943961588163,2.16400764005618,19.8275862068966,mirror (>120°)
808963,2026,SL,366,86.6087431693989,-1.31836065573771,-1.94491803278689,2041.49180327869,0.803048612983601,0.463317135489414,163,64,"Sasaki, Roki",R,60.017297589314,39.2638036809816,2.34963422107714,FF,217.218975625575,97.8136490250697,9.5433426183844,16.1288022284123,2257.87186629526,718,157.201678036261,11.2049058556707,0.125376044973973,0.278,4.09934950894783,0.851195078241011,1.75288537432728,42.0382165605096,mirror (>120°)
656605,2025,ST,547,82.3405850091408,-17.508592321755,-0.118244972577696,2713.92504570384,0.86191352499007,0.487119295526215,289,78,"Keller, Mitch",R,60.5265906962485,26.9896193771626,17.508991603258,FF,217.772662433933,94.0940940940941,8.46354354354354,15.2586186186186,2403.5955955956,999,157.246071737685,11.7535090849533,1.00345556175251,0.617,-1.46754412818981,-0.890183964480504,2.12430187736238,19.5729537366548,mirror (>120°)
656605,2026,ST,290,82.041724137931,-17.2009655172414,0.910344827586207,2699.68275862069,0.872365219396394,0.475607493308723,144,35,"Keller, Mitch",R,61.4010867359371,24.3055555555556,17.22503824177,FF,218.753421926451,93.3774305555555,8.62041666666667,15.1579166666667,2363.62673611111,576,157.352335190514,11.3357064176245,0.987803444127091,0.608,-3.74628292412858,-4.25290699337075,2.0417688424831,19.0140845070423,mirror (>120°)
594580,2026,ST,294,81.1843537414966,-14.694693877551,-2.00612244897959,2858.69387755102,0.768022123977573,0.605059363445716,114,45,"Moll, Sam",L,51.7684292417829,39.4736842105263,14.8309998123942,SI,253.978682452416,91.3493548387097,15.5667096774194,-2.03148387096774,2456.6,310,157.789746789367,10.1650010972131,0.944727521303067,0.481,-1.43697110168526,-7.75993117116899,1.9150967336245,29.7297297297297,mirror (>120°)
683175,2026,ST,263,86.0722433460076,-15.5119391634981,2.11072243346008,2489.69581749049,0.895823499016332,0.428800377851205,120,44,"Phillips, Connor",R,64.4211399936138,36.6666666666667,15.6548844072123,FF,222.243449594195,98.3333333333333,10.1092134831461,16.36,2483.734082397,267,157.822309600581,12.2610899873257,0.814028333132792,0.526,5.86755993476348,-0.0213711160428151,1.89744609732721,36.7521367521368,mirror (>120°)
681857,2025,SL,269,84.446468401487,-4.92267657992565,-3.39122676579926,2833.97769516729,0.888232263694999,0.379204486637518,139,65,"Olson, Reese",R,66.8813746387559,46.7625899280576,5.97772228257735,SI,224.706318300161,94.5415954415954,15.7928205128205,10.5538461538462,2161.96296296296,351,157.824943661405,10.0951270401085,0.314705524472582,0.322,11.7262833798459,4.61576934613646,1.74302582385254,41.6666666666667,mirror (>120°)
668674,2026,SL,219,84.5716894977169,-1.07397260273973,-2.24109589041096,1991.28310502283,0.332183250332699,0.910065239090317,102,29,"Erceg, Lucas",R,20.0526064890812,28.4313725490196,2.48514143288716,FF,221.464766819022,97.1328703703704,10.5438888888889,14.2944444444444,2092.59722222222,216,158.587839670059,12.5611808726535,0.139909810856923,0.305,-10.5112096945127,-11.7897483789779,1.85757605305278,35.3535353535354,mirror (>120°)
622491,2026,SL,471,85.5067940552017,-0.796942675159236,1.44407643312102,2240.24628450106,0.283996739886007,0.0746085088246355,231,59,"Castillo, Luis",R,75.2804920528119,25.5411255411255,1.64938605917035,FF,234.056769250752,95.3033766233766,12.0880519480519,12.6478441558442,2273.65324675325,770,158.77627719794,9.79658256817493,0.0942754220767575,0.118,-4.70762064687789,-5.69660140010877,1.85832794955517,30.2222222222222,mirror (>120°)
676974,2026,ST,537,88.9871508379888,-8.88737430167598,-6.34815642458101,2799.2905027933,0.314006444933666,0.934177284486363,258,92,"Meyer, Max",R,18.5791201420084,35.6589147286822,10.921744914117,FF,219.557601207681,95.1,9.18920930232558,17.4206511627907,2613.85581395349,430,159.021518934327,6.11284916201117,0.554524293379705,0.373,-4.4316288645867,-10.4968400577288,1.77005384510203,43.8735177865613,mirror (>120°)
689296,2026,ST,211,85.9473933649289,-15.6295734597156,-0.855355450236967,2929.89573459716,0.769861820165145,0.616428956357331,98,47,"Nunez, Anthony",R,51.315717508332,47.9591836734694,15.6529613645118,FF,210.367520080593,96.0852380952381,4.48057142857143,17.0028571428571,2608.49523809524,210,159.051802572261,10.1378447303092,0.890217165152888,0.469,11.0427970431757,-4.21409577409464,1.73577208650369,37.5,mirror (>120°)
650556,2026,SL,332,86.3849397590361,-6.29927710843374,-5.18313253012048,2810.21686746988,0.763503226210662,0.608058547045001,140,49,"Abreu, Bryan",R,51.4659738188387,35,8.15755814650625,FF,210.874961964284,95.2820433436533,6.15975232198142,16.3374613003096,2190.06501547988,323,159.408988145446,8.89710358461711,0.46721134644188,0.489,-2.8815518427546,-7.12373190817754,1.79016291182679,39.7058823529412,mirror (>120°)
669022,2025,SL,340,86.7091176470588,-1.05564705882353,2.14835294117647,2096.02352941176,0.0995453179058021,0.436954028739668,177,72,"Gore, MacKenzie",L,12.8338857731945,40.6779661016949,2.39370237762851,FF,213.028164451803,95.2762369337979,6.62759581881533,17.0141602787456,2259.44529616725,1435,159.805721321392,8.56711928673909,0.13109405736512,0.119,-1.2356742304088,1.781969381169,2.16764807837152,21.6374269005848,mirror (>120°)
623149,2026,ST,238,83.0680672268908,-11.2447058823529,5.72974789915966,2478.44537815126,0.979216065917264,0.140548319086894,113,44,"Sewald, Paul",R,81.832037980194,38.9380530973451,12.6203574184152,FF,241.746216060953,91.4262711864407,11.1359322033898,12.3610169491525,2564.88418079096,354,159.914178080759,8.35820395954991,0.758552578063679,0.356,11.5910734158887,15.5348046735547,2.09803562324451,17.7570093457944,mirror (>120°)
668674,2025,SL,294,84.9622448979592,-0.222857142857143,-1.42081632653061,2064.8231292517,0.335396150057433,0.858511907129983,139,52,"Erceg, Lucas",R,21.3391716952855,37.410071942446,1.4381878666775,FF,220.874396959477,97.5270967741936,10.0796129032258,14.4654193548387,2145.37741935484,310,160.464774735808,12.5648518762344,0.0815722258287315,0.202,-3.71142800921332,-3.63728194325545,1.88538203760428,31.25,mirror (>120°)
650556,2025,SL,583,86.4636363636364,-8.45392795883362,-6.08356775300172,2921.54545454545,0.793875527476324,0.586651201380813,275,128,"Abreu, Bryan",R,53.5366638645514,46.5454545454546,10.4153105829116,FF,214.065379275067,97.2822553897181,6.51701492537313,16.6294527363184,2312.85903814262,603,160.528715410515,10.8186190260817,0.5831361332653,0.58,4.98996963254752,-0.966895065870014,1.86613743440539,35.3159851301115,mirror (>120°)
693433,2026,ST,219,84.4200913242009,-10.4767123287671,3.58191780821918,2482.62100456621,0.912122651563398,0.394559123352377,119,41,"Woo, Bryan",R,66.6080210672703,34.453781512605,11.0721107474853,FF,227.222420142782,95.8745684695052,10.7171461449942,14.673417721519,2288.90333716916,869,160.614399075512,11.4544771453043,0.609346018706198,0.435,0.780099874663027,-3.23820559009449,1.96872715690219,31.0344827586207,mirror (>120°)
657746,2026,ST,288,80.5170138888889,-14.4633333333333,1.14583333333333,2768.5,0.920585993501939,0.370484730806453,142,52,"Ryan, Joe",R,68.0779534977179,36.6197183098592,14.5086507001474,FF,228.742087734282,93.5217294900222,13.2227494456763,13.4441241685144,2287.81929046563,902,160.664134236564,13.0047156011333,0.769404914801444,0.591,4.46720406500039,4.09570800506068,2.10873428602616,17.7304964539007,mirror (>120°)
666200,2025,ST,983,86.1086469989827,-8.71165818921668,-0.217904374364192,2286.86571719227,0.522964699553996,0.830388950790295,415,185,"Luzardo, Jesús",L,32.2020191327859,44.5783132530121,8.71438297999997,FF,231.467857013602,96.501171875,12.0849609375,14.0705859375,2239.865234375,1024,160.734162119184,10.3925248760173,0.469829146876873,0.371,2.38923988696114,-0.384324531431984,1.88261058704744,32.6582278481013,mirror (>120°)
434378,2025,ST,221,80.4954751131222,-11.5878733031674,-1.69085972850679,2662.35294117647,0.705153654168322,0.678133738896331,98,26,"Verlander, Justin",R,46.1190228932317,26.530612244898,11.710585566561,FF,206.941918098647,93.9319114027892,8.87389663658737,18.5891714520098,2432.03363412633,1219,160.822895205415,13.436436289667,0.568512984481213,0.483,1.50143470342836,5.76325407994608,2.33665599103783,17.2043010752688,mirror (>120°)
641743,2026,ST,424,82.686320754717,-12.9769811320755,-0.117169811320755,2433.03537735849,0.856228153085422,0.485194607644338,140,50,"Kay, Anthony",L,60.4612859060253,35.7142857142857,12.9775100873368,FF,221.360617664118,95.8204597701149,7.39862068965517,15.0612413793103,2337.68045977011,435,160.899331758093,13.134139015398,0.77337481573094,0.519,7.09161012582307,3.91843800741351,1.8818245717155,31.4285714285714,mirror (>120°)
519242,2025,SL,957,79.0253918495298,-10.6369905956113,-2.94721003134796,2355.71264367816,0.774287590975384,0.621277661210639,469,187,"Sale, Chris",L,51.2569241179295,39.8720682302772,11.0377359952121,FF,250.329274911203,94.83463356974,14.9608510638298,9.30085106382979,2265.82624113475,846,160.927649206726,15.8092417202102,0.626564948478481,0.553,1.23331832007611,-2.50345043595739,1.77754377086067,35.6828193832599,mirror (>120°)
573124,2025,ST,483,78.1755693581781,-16.224347826087,0.479503105590062,2838.8198757764,0.933574299926946,0.345919387374024,229,75,"Rogers, Taylor",L,69.6687073211746,32.7510917030568,16.2314320258603,SI,230.64017349056,92.6888650963597,17.0484796573876,7.996573875803,2162.95503211991,467,160.971466169385,14.5132957381817,0.861965754056865,0.673,5.36566430531021,7.43523904632066,2.24765542815048,16.8181818181818,mirror (>120°)
686563,2025,ST,287,81.5292682926829,-15.1216724738676,2.5183275261324,2627.05226480836,0.891865723453295,0.433198113353879,101,20,"Cannon, Jonathan",R,64.0931702195718,19.8019801980198,15.3299364622232,SI,225.183698135994,93.0510895883777,15.089200968523,5.12397094430993,2164.13559322034,413,161.090527916422,11.5218212956948,0.96200116397279,0.433,-3.2408761311653,1.45865923125428,2.21121292787288,10.989010989011,mirror (>120°)
571948,2025,ST,415,78.2325301204819,-14.9109397590361,0.123759036144578,1812.86265060241,0.885818974145946,0.452013152789149,152,25,"Milner, Hoby",L,62.9658195003286,16.4473684210526,14.9114533428715,SI,261.613628480859,87.541645244216,18.2066838046273,-0.595681233933162,1964.15938303342,389,161.35219101947,9.30911512373402,0.818571845728629,0.63,-2.79829079256926,5.46389140568935,2.08681148708286,10.7913669064748,mirror (>120°)
669199,2025,ST,334,86.4419161676647,-11.5717365269461,0.06,2863.87125748503,0.772871483101978,0.605567863283754,129,35,"Bachar, Lake",R,51.9202415576426,27.1317829457364,11.5718920773164,FF,213.342724712312,94.7687074829932,9.38612244897959,18.2941496598639,2714.43310657596,441,161.422483154669,8.32679131532852,0.562794208365476,0.416,-4.54244094322402,-4.49535874914494,1.96438319396834,26.890756302521,mirror (>120°)
573124,2026,ST,353,78.0467422096317,-16.385269121813,0.317507082152974,2808.45609065156,0.93221554515982,0.35056514064838,173,40,"Rogers, Taylor",L,69.3909341387311,23.121387283237,16.3883450946536,SI,230.864655271774,91.906015037594,16.7418045112782,8.37609022556391,2155.21052631579,266,161.473721133043,13.8592728279623,0.875435160854344,0.667,-5.30014827903236,-1.41857948186236,2.32856699011147,12.0481927710843,mirror (>120°)
663969,2026,ST,327,84.2189602446483,-12.1207339449541,1.21504587155963,2489.12232415902,0.879706853030188,0.447695260566316,123,44,"Phillips, Tyler",R,63.0278131180013,35.7723577235772,12.1814829899466,SI,224.515968489458,95.7017391304348,17.2069565217391,8.57634782608696,2070.42608695652,345,161.488155371457,11.4827788857865,0.63359937308838,0.351,4.8154084394692,0.412227728561759,1.81396257275095,36.6666666666667,mirror (>120°)
663941,2025,ST,235,83.0876595744681,-18.6362553191489,-1.72442553191489,2815.81276595745,0.812754275621654,0.571398632541397,135,41,"Beck, Tristan",R,54.8912541997373,30.3703703703704,18.7158664169102,FF,216.491029993408,94.6395017793594,9.53978647686833,15.7340925266904,2131.08540925267,281,161.599775793671,11.5518422048913,1.01715284269499,0.635,-1.31688441418583,0.0768848131172423,2.20794913127221,21.3740458015267,mirror (>120°)
689147,2025,ST,544,86.6825367647059,-13.8485294117647,1.68661764705882,2891.55882352941,0.871213925107774,0.460001243454763,230,55,"Kerkering, Orion",R,62.1659310939791,23.9130434782609,13.9508582515873,FF,224.098448201021,97.468085106383,11.3575531914894,15.903829787234,2406.47606382979,376,161.932517107041,10.7855483416771,0.71385732172119,0.458,-10.3917588378927,-8.7839782382406,2.03830731105037,24.0740740740741,mirror (>120°)
674370,2025,SL,411,85.2469586374696,-7.13109489051095,3.34598540145985,2227.72506082725,0.821504882134397,0.463909920995378,211,72,"Bido, Osvaldo",R,60.5462594964822,34.1232227488152,7.87706370700744,FF,222.684125492355,94.5099426386233,10.2261567877629,15.7613001912046,2441.5621414914,523,162.137865995873,9.26298400115374,0.419258034007955,0.263,3.54973951068344,7.14969123858906,2.22565481535227,17.8217821782178,mirror (>120°)
643377,2026,ST,337,87.7617210682493,-12.6494955489614,-0.747418397626113,3014.3175074184,0.76010697584227,0.624847076615307,143,54,"Jax, Griffin",R,50.5780345717087,37.7622377622378,12.6715575958248,SI,212.891489282072,95.4992727272727,16.5669818181818,11.1696,2514.82545454545,275,162.313454710364,7.73755165902347,0.634192670268703,0.382,-2.89481858313501,-5.02567376527256,1.96702313964713,23.3576642335766,mirror (>120°)
607625,2026,ST,208,79.1067307692308,-16.8796153846154,0.167884615384615,2887.92788461539,0.885574762709704,0.445011425284668,107,18,"Lugo, Seth",R,63.319949811253,16.8224299065421,16.8804502539662,SI,225.640696726573,91.3984924623116,16.3854271356784,8.11326633165829,2347.05025125628,398,162.32074691532,12.2917616930808,0.923232507828273,0.584,-7.27372906775789,-0.845829740226467,2.27383443472106,15.3846153846154,mirror (>120°)
678022,2025,ST,209,86.2842105263158,-12.3582775119617,2.79617224880383,2745.70813397129,0.881344118006689,0.450953464901198,108,41,"Perkins, Jack",R,62.9027360239865,37.962962962963,12.6706591110186,FF,225.234927820828,95.974531835206,11.5469662921348,14.1743820224719,2258.2734082397,267,162.332191796842,9.6903213088902,0.693052921890058,0.376,4.47981647861526,1.74617998191579,2.10328351565751,22.8571428571429,mirror (>120°)
605177,2025,SL,257,80.4642023346304,-0.901167315175097,-1.97322957198444,2447.22178988327,0.306436127700487,0.931168048151381,135,60,"Chafin, Andrew",L,18.2157492968167,44.4444444444444,2.16927118491298,SI,215.857124321736,89.72,14.6617358490566,12.5089811320755,2053.76981132076,265,162.358624975081,9.25579766536966,0.112556055486464,0.302,-1.48270374921863,-10.55006870407,1.54647215634241,53.448275862069,mirror (>120°)
657585,2025,ST,207,86.3531400966184,-12.8353623188406,2.17333333333333,2814.64734299517,0.876074334273274,0.454170164066215,93,42,"Garrett, Reed",R,62.5970946269671,45.1612903225807,13.0180606709944,SI,225.074656815882,96.9508403361345,16.8332773109244,7.26806722689076,2285.13445378151,238,162.477562188915,10.5977002395161,0.709999028041649,0.455,7.92166682319538,5.60444005576471,2.01453544245183,22.8260869565217,mirror (>120°)
657746,2025,ST,376,80.6002659574468,-15.823085106383,0.137553191489362,2780.07712765958,0.900220510829432,0.414714222124472,159,54,"Ryan, Joe",R,65.2653878605578,33.9622641509434,15.8236829835638,FF,227.78064059281,93.6150034891835,12.581577110956,13.6851081646895,2292.02651779484,1433,162.515252732253,13.0147375317367,0.851205383479942,0.631,2.7997547457351,3.24313148028779,2.10187261276181,13.1578947368421,mirror (>120°)
650633,2026,ST,396,81.8934343434344,-13.2687878787879,2.93666666666667,2812.67929292929,0.916382653822719,0.379905587456989,171,46,"King, Michael",R,67.4825262932829,26.9005847953216,13.5898764852143,SI,230.062433810091,92.9250877192982,17.0103157894737,4.84105263157895,2239.09298245614,570,162.579907516808,11.0316533758639,0.768407183823897,0.517,-1.2568527568056,1.59457697291302,2.14779014314084,16.7701863354037,mirror (>120°)
693821,2025,SL,900,84.2943333333333,-1.85506666666667,-0.122266666666666,2491.88666666667,0.637076010294906,0.561422256936469,480,154,"Elder, Bryce",R,48.6119344740675,32.0833333333333,1.85909157266541,SI,211.755763650335,91.4918063314711,14.4430167597765,8.23474860335196,2092.01582867784,1074,163.143829176267,7.19747299813781,0.11182077006836,0.23,-3.04817455365355,-4.8239056479496,1.81734882981857,38.695652173913,mirror (>120°)
663855,2025,ST,295,82.5525423728814,-10.3700338983051,1.84759322033898,2317.32542372881,0.868973632928824,0.47417359257792,135,59,"Hicks, Jordan",R,61.3799890565138,43.7037037037037,10.5333377312151,SI,225.006552415349,97.5177531206658,16.089653259362,7.35228848821082,1921.48821081831,721,163.626563358835,14.9652107477844,0.595443099081868,0.489,9.86132677906569,6.11725358664245,1.92621876099662,30.0813008130081,mirror (>120°)
695243,2025,SL,476,87.8105042016807,-8.56789915966387,-1.5390756302521,2397.5462184874,0.750996476323883,0.650570156785039,215,116,"Miller, Mason",R,49.098404645386,53.953488372093,8.70503588768046,FF,212.829844293215,101.171534195933,8.5565988909427,16.7933456561922,2544.33086876155,541,163.731439647829,13.3610299942528,0.461864541272341,0.484,5.93116370166569,-2.24348706954657,1.88582321107671,36.6336633663366,mirror (>120°)
701542,2025,ST,593,82.7295109612142,-19.5310623946037,0.252748735244519,3024.56492411467,0.866856641652488,0.490479525676956,231,78,"Warren, Will",R,60.4982158107278,33.7662337662338,19.532697719083,FF,224.384595944902,93.2820920502092,7.97834309623431,15.4581087866109,2570.55146443515,1195,163.886380134174,10.552581088995,1.12285242827322,0.619,-0.985060171178952,-3.65236450691563,1.9761293343509,26.2672811059908,mirror (>120°)
681982,2025,ST,450,80.1793333333333,-13.9477333333333,2.42026666666667,2696.90888888889,0.983132136862074,0.165494179319633,214,80,"Anderson, Grant",R,80.4447756232075,37.3831775700935,14.1561631763538,FF,244.749004336292,93.4378238341969,12.9659067357513,12.1576165803109,2445.41191709845,386,164.304228713084,13.2584905008636,0.796444220150321,0.628,3.23992886860475,1.60339130329438,2.00902771540336,17.6470588235294,mirror (>120°)
677960,2026,ST,394,81.2215736040609,-13.4278172588832,0.479695431472081,2625.34010152284,0.86128132230393,0.460958600288735,121,48,"Weathers, Ryan",L,61.8442671276085,39.6694214876033,13.4363828482571,FF,226.186086018617,95.8164904862579,10.9063002114165,15.3559408033827,2380.00422832981,473,164.341818891009,14.594916882197,0.71337807662954,0.417,4.996357060136,3.54757525573286,1.97692722306958,31.6239316239316,mirror (>120°)
695243,2026,SL,377,87.8864721485411,-10.0545358090186,-4.19777188328913,2423.35278514589,0.615214575358481,0.771198729130184,165,93,"Miller, Mason",R,38.5806967359186,56.3636363636364,10.8956403721383,FF,203.134687684065,101.438957055215,5.97386503067485,16.6715337423313,2536.5490797546,326,164.553990948147,13.5524849066736,0.615241990507353,0.602,4.43852825709237,-12.2038685042183,1.52015373721715,52.1739130434783,mirror (>120°)
554430,2025,ST,375,83.7090666666667,-13.41856,2.73696,2662.80266666667,0.885769101752791,0.444334246867333,179,73,"Wheeler, Zack",R,63.3599793322899,40.7821229050279,13.6948421865752,FF,227.924432709738,96.0125725338491,9.99400386847195,14.7356286266925,2468.2166344294,1034,164.564453377448,12.3035058671825,0.7691560829635,0.459,2.43507307844558,3.13793374893197,2.1629627874749,19.375,mirror (>120°)
645261,2026,ST,210,84.3566666666667,-12.2262857142857,0.928571428571429,2377.71904761905,0.895352939625368,0.386734389573457,96,27,"Alcantara, Sandy",R,66.6387877614196,28.125,12.2614969422704,SI,231.343680943027,97.3348877374784,17.2093264248705,8.42549222797928,2296.96718480138,579,164.704893181608,12.9782210708117,0.639914314696694,0.299,1.83634845141733,4.80193223224608,2.09587087261531,22.1052631578947,mirror (>120°)
657044,2026,SL,201,77.8507462686567,-14.6626865671642,8.18029850746269,2297.48258706468,0.993795568255876,0.0742580760896074,106,26,"Thompson, Ryan",R,85.7267042688508,24.5283018867925,16.7902251634126,SI,280.994127232034,89.2869346733668,11.8938693467337,-8.33185929648241,1983.07286432161,398,164.732577036817,11.4361884047101,1.15620461184066,0.758,-2.00853960770692,-3.56404499602765,2.42082548148776,4.85436893203884,mirror (>120°)
592094,2025,SL,396,83.9113636363636,-1.43606060606061,-1.81060606060606,2596.79545454545,0.578142632534627,0.566913806693153,197,77,"Adam, Jason",R,45.5618445395453,39.0862944162437,2.31096611203682,FF,210.814779713997,94.509594095941,8.17859778597786,18.6340959409594,2580.22878228782,271,165.252935174452,10.5982304595773,0.113561469117019,0.202,0.106846450833753,5.10823003709567,2.04555003491775,24.3243243243243,mirror (>120°)
676428,2025,ST,344,82.1936046511628,-10.6670930232558,1.70441860465116,2681.1511627907,0.924418804138685,0.364861419976187,140,63,"Hurter, Brant",L,68.4612087598158,45,10.802403267175,SI,234.005742610982,92.2520871143376,16.4058076225045,3.34562613430127,2130.32849364791,551,165.544533851166,10.0584824631748,0.64517117562933,0.504,12.2349292843161,7.0409850267167,1.88865477575079,33.3333333333333,mirror (>120°)
519242,2026,SL,722,79.4671745152355,-12.4587257617729,-4.2408864265928,2502.15235457064,0.801378036527556,0.592914073979162,339,132,"Sale, Chris",L,53.5034411080479,38.9380530973451,13.1607357427433,FF,247.833137294763,96.0622864651774,14.6254927726675,9.78086727989487,2335.5308804205,761,165.670303813285,16.5951119499419,0.74799802684718,0.658,-0.723228839530613,-7.30049181268739,1.69754532859313,45.945945945946,mirror (>120°)
643377,2025,ST,494,87.7827935222672,-14.0110931174089,-2.89068825910931,3096.41497975709,0.695204071548607,0.701010676658665,230,106,"Jax, Griffin",R,44.7617185690917,46.0869565217391,14.3061807955882,FF,210.512393942544,97.0185365853659,5.89639024390244,16.390243902439,2472.10243902439,205,165.750675373453,9.23574306309864,0.821316492519394,0.481,-1.36369586629997,-7.88626586118727,1.84594948395734,34.703196347032,mirror (>120°)
607455,2025,SL,528,85.8785984848485,-6.59068181818182,-1.68090909090909,2345.1875,0.484925478075465,0.803342919481256,242,91,"Banda, Anthony",L,31.1166285749566,37.603305785124,6.80165731277409,FF,225.203384663172,95.92734375,10.1278125,14.60296875,2187.1015625,256,165.913243911784,10.0487452651515,0.382732573808818,0.273,-4.64421686535108,-6.92516144263738,2.01590498364881,26.9565217391304,mirror (>120°)
701542,2026,ST,342,84.0479532163743,-17.3347368421053,0.246315789473685,3003.87134502924,0.824488398249886,0.554413045633661,132,29,"Warren, Will",R,56.0818193676115,21.969696969697,17.3364867505843,FF,222.073593215465,93.6531626506024,7.66283132530121,15.2607831325301,2538.6671686747,664,165.991773847853,9.60520943422814,1.01521850164243,0.55,-10.6314500901683,-11.0383996343874,2.12144869831261,16.6666666666667,mirror (>120°)
621053,2025,ST,313,83.6597444089457,-11.1001916932907,1.22913738019169,2537.57827476038,0.84519637982052,0.49540683278118,133,38,"Ferguson, Tyler",R,59.6235537958693,28.5714285714286,11.1680362789161,FF,225.728214760332,94.7560209424084,8.54701570680628,14.451832460733,2304.20680628272,382,166.104660964463,11.0962765334627,0.66515664350749,0.364,3.35589604183502,2.62512766129231,1.95714328631651,32.5581395348837,mirror (>120°)
676979,2025,ST,529,82.8100189035917,-13.7727788279773,-2.97867674858223,2374.6370510397,0.797299620193698,0.587086039018972,319,126,"Crochet, Garrett",L,53.6341844140854,39.4984326018809,14.0912012198011,FF,219.797852171622,96.4613367174281,7.94497461928934,15.9092385786802,2457.3807106599,1182,166.163667757537,13.6513178138364,0.792408070649577,0.556,6.60891484409364,-0.11661886235309,1.67693813601499,43.2885906040268,mirror (>120°)
650911,2025,SL,490,85.6769387755102,-1.57640816326531,-0.493714285714286,2090.01428571429,0.537531111949048,0.162606457926525,244,80,"Sánchez, Cristopher",L,73.1691120928293,32.7868852459016,1.65191297988964,SI,239.395733652788,95.4015407190022,18.3112252384446,4.54071900220103,2137.62435803375,1363,166.226621559959,9.72460194349199,0.0875611625601243,0.215,-4.26516737973869,-1.21606746862047,1.94007663734215,25.6521739130435,mirror (>120°)
640455,2025,ST,371,77.6857142857143,-12.9946091644205,3.9321832884097,2285.80323450135,0.948807334070961,0.252385945088261,170,60,"Manaea, Sean",L,75.1040698668952,35.2941176470588,13.5765213788249,FF,241.429666872989,91.7199095022624,14.1230769230769,10.9116742081448,2049.18250377074,663,166.325597006093,14.0341952165482,0.760704714250848,0.463,3.59253152947049,5.22303889085733,2.14310883883859,17.9640718562874,mirror (>120°)
670990,2026,ST,350,84.3125714285714,-15.7628571428571,3.00925714285714,2651.6,0.897810153861501,0.406802612521332,152,57,"Ramírez, Yohan",R,65.6244639556095,37.5,16.0475323292386,SI,231.976909837339,96.3769547325103,17.3703703703704,5.42864197530864,2241.69547325103,243,166.35244588173,12.0643833039389,0.881785894504354,0.556,1.79095695987754,-6.17008297071948,2.05867506666219,28.0821917808219,mirror (>120°)
620454,2025,SL,237,84.1620253164557,-5.23493670886076,-1.15037974683544,2485.98312236287,0.82809986556078,0.54279846646915,135,35,"Castillo, José",L,56.7561747207147,25.9259259259259,5.35984476526206,SI,223.266253350967,93.0009478672986,15.5283412322275,5.52796208530806,2012.95260663507,211,166.510078630253,8.83892255084288,0.325175027785158,0.381,-7.35384437302255,-7.59492632437186,1.81222003605808,37.4045801526718,mirror (>120°)
669062,2026,SL,258,85.9581395348837,-3.73813953488372,-0.243255813953488,2563.56976744186,0.415117023188949,0.647142955287543,112,61,"Miller, Erik",L,32.6785922200223,54.4642857142857,3.74604599188035,SI,225.934385288554,96.9081560283688,17.2757446808511,8.7931914893617,2337.14184397163,282,166.744206931468,10.9500164934851,0.193246281102776,0.14,3.19309526607831,-7.1890553448135,1.66216094943901,47.2727272727273,mirror (>120°)
656464,2026,SL,346,85.2878612716763,-4.20832369942197,-2.81479768786127,2396.75433526012,0.780945257736193,0.579323374365112,173,73,"Ginkel, Kevin",R,53.4311155259009,42.1965317919075,5.0629116506913,FF,220.209438141912,95.4319620253164,8.70075949367089,15.5407594936709,2408.68987341772,316,166.778322616012,10.1441007536401,0.284263532791368,0.307,6.23451365549947,-0.0219344824937743,1.6136491485438,46.7455621301775,mirror (>120°)
650633,2025,ST,245,82.2877551020408,-14.7761632653061,3.02791836734694,2775.14693877551,0.886655439171395,0.451613007945878,99,34,"King, Michael",R,63.0082346497799,34.3434343434343,15.08321220703,SI,230.031514192638,92.6361038961039,18.5887792207792,4.43719480519481,2285.87792207792,385,167.023279542858,10.3483487940631,0.789241259318383,0.526,4.20058569248739,4.54470680947459,2.11804409856294,20.6521739130435,mirror (>120°)
656731,2025,SL,329,84.1641337386018,-4.78796352583587,-5.82492401215806,2538.92097264438,0.714267958411967,0.65641644417935,145,70,"Megill, Tylor",R,47.4168083421308,48.2758620689655,7.54018132886406,FF,215.071483487752,95.4613126079447,6.58839378238342,16.9280829015544,2295.65457685665,579,167.654675145621,11.2971788693429,0.415094124710854,0.469,8.59435097728305,-4.18788582498286,1.45983145771582,57.6,mirror (>120°)
656288,2025,SL,469,87.7098081023454,-1.17697228144989,-4.16827292110874,2726.28997867804,0.391754495422075,0.845892812817845,241,83,"Canning, Griffin",R,24.8500555583532,34.4398340248963,4.33125419435869,FF,216.95831389597,93.9611001964636,9.56770137524558,15.7728094302554,2150.57367387033,509,167.891741662384,6.25129209411823,0.234783940700624,0.279,-1.65594283581815,-2.71956127400488,1.94531371393634,34.7619047619048,mirror (>120°)
663460,2025,ST,410,82.959756097561,-12.9927804878049,-4.68819512195122,2685.56829268293,0.597120319553383,0.760978578902718,171,45,"Bubic, Kris",L,38.1203650024275,26.3157894736842,13.8127302987415,FF,206.184024469666,92.1884265279584,4.51911573472042,18.1505851755527,2408.52405721717,769,168.063659467239,9.22867043039741,0.738462709694106,0.489,-7.80526978796053,-6.65497891775511,2.07972021987855,25.9259259259259,mirror (>120°)
543243,2026,ST,327,84.9489296636086,-13.4209174311927,-4.48440366972477,2671.78593272171,0.651213884978114,0.710683417021949,184,70,"Gray, Sonny",R,42.4996719830496,38.0434782608696,14.1502968508767,SI,210.722969744576,92.0877906976744,11.426511627907,7.05697674418605,2342.51162790698,344,168.223297761526,7.13886103406585,1.05362994937845,0.552,-0.36794799624121,-16.1854458815967,1.46464686839335,58.5635359116022,mirror (>120°)
674841,2026,SL,253,84.0185770750988,-1.59225296442688,-2.45596837944664,2659.85375494071,0.308491450819902,0.893938832569573,123,45,"Alvarez, Andrew",L,19.0391625849369,36.5853658536585,2.92695237125033,FF,210.800668021802,92.4010600706714,2.69342756183746,13.4578091872792,2318.21908127208,283,168.238494563135,8.38248299557256,0.213261783668498,0.251,-7.82370503763487,-9.59022030811451,1.79004825933849,40.495867768595,mirror (>120°)
640455,2026,ST,500,75.6382,-13.3728,2.22408,2276.88,0.947790346910372,0.280648999346286,244,75,"Manaea, Sean",L,73.5055183604822,30.7377049180328,13.5564859637887,FF,241.798363043376,90.7658743633277,13.5866893039049,10.771273344652,2035.02546689304,589,168.292844682893,15.1276743633277,0.78187856820775,0.521,-0.343353585115731,-3.29990813354902,1.95146740661279,30.379746835443,mirror (>120°)
676254,2025,SL,391,83.9774936061381,-15.216368286445,2.45984654731458,2694.55242966752,0.916257766489669,0.383361001949437,185,52,"Walker, Ryan",R,67.2956320872565,28.1081081081081,15.4139128343541,SI,235.894639800689,95.9579277864992,16.8077237048666,3.43459968602826,2369.27472527473,637,168.599007713432,11.9804341803611,0.898505378846849,0.527,-2.76616843142896,-1.54129210074574,2.03470353838936,21.6666666666667,mirror (>120°)
696147,2026,SL,369,88.5915989159892,-2.15479674796748,-1.2660162601626,2681.57452574526,0.76937692150519,0.454189759651126,185,73,"Bachman, Sam",R,59.445179531622,39.4594594594595,2.4991891077002,SI,228.055879882444,98.7425438596491,16.6905263157895,8.04894736842105,2354.66666666667,228,168.610700350822,10.15094494366,0.134872920285006,0.248,-0.544415772192762,-4.32501086208529,1.89264996415635,35.3591160220994,mirror (>120°)
678022,2026,ST,342,86.0771929824561,-12.1564912280702,1.52912280701754,2731.50584795322,0.811189185954153,0.557267307910507,156,57,"Perkins, Jack",R,55.5118782864553,36.5384615384615,12.2522853189553,FF,224.370854068304,95.9272300469484,9.94338028169014,14.4583098591549,2241.71830985916,426,168.858975781849,9.85003706449221,0.698236763547774,0.399,-1.86566628690935,-3.82762287812202,2.06968367068228,21.9178082191781,mirror (>120°)
695418,2026,SL,216,85.1509259259259,-1.82722222222222,-1.84888888888889,2562.68518518519,0.684747757042017,0.476289892987729,99,25,"Lord, Brad",R,55.1786896506788,25.2525252525253,2.59944824392399,FF,246.119611603883,94.5208556149733,15.9096256684492,10.2850267379679,2416.39037433155,374,169.059078046796,9.36992968904732,0.137213132015992,0.203,-0.292459854354732,-0.160319794586651,1.93857922062351,33.3333333333333,mirror (>120°)
668909,2026,ST,568,87.531338028169,-10.5280985915493,-0.298521126760563,2278.52288732394,0.800889147555959,0.58534401079902,293,130,"Williams, Gavin",R,53.8381368340256,44.3686006825939,10.5323299804224,FF,222.957702782239,97.2428571428572,11.0507142857143,14.3919047619048,2297.74404761905,504,169.119565948213,9.71151911468813,0.58044987931389,0.541,4.85761310393189,-2.17281656658916,1.9452822102204,32.9787234042553,mirror (>120°)
547179,2025,ST,223,82.2914798206278,-12.1495964125561,-0.786726457399103,2549.77578475336,0.802470791907485,0.562398064367708,114,23,"Lorenzen, Michael",R,54.9759580504369,20.1754385964912,12.17504133491,FF,224.185260818011,93.9160516605166,11.3864944649447,14.950184501845,2335.74723247233,542,169.209302767575,11.6245718398888,0.647865006086953,0.352,-4.48814484366053,1.93092782738692,2.23938510501325,13.7254901960784,mirror (>120°)
689147,2026,ST,330,87.2181818181818,-14.3123636363636,-0.670909090909091,2918.78484848485,0.807372460287955,0.581176366252997,137,37,"Kerkering, Orion",R,54.2522734236869,27.007299270073,14.3280798388259,FF,224.04544640662,97.4621399176955,11.5886419753086,15.9817283950617,2353.69135802469,243,169.793172982933,10.2439580995136,0.725798314958501,0.497,-4.03618417254587,-3.42992078349444,2.05408178701647,23.134328358209,mirror (>120°)
669160,2026,ST,342,86.0108187134503,-16.1919298245614,-3.88245614035088,3159.54970760234,0.75948106201292,0.640655711385316,153,47,"May, Dustin",R,49.8508948448851,30.718954248366,16.650887577702,FF,219.695324197963,96.9327586206897,9.80637931034483,14.9650862068966,2328.1099137931,464,169.844429353078,10.9219399072394,0.930640061875923,0.641,-6.84909787926205,-8.49907410722453,2.04146824269658,25.6578947368421,mirror (>120°)
657044,2025,SL,288,77.9118055555556,-14.06,8.74041666666667,2254.00694444444,0.994604786703651,0.0769819702337516,144,51,"Thompson, Ryan",R,85.5741559082317,35.4166666666667,16.5553158685343,SI,275.6437075477,89.6809917355372,13.0076033057851,-6.9900826446281,2005.54545454545,363,169.930448360532,11.7691861799816,1.12111577664931,0.727,4.27425054036924,5.49391237397956,2.44507510404045,6.4,mirror (>120°)
669622,2025,ST,360,83.9058333333333,-16.765,2.254,2779.52222222222,0.904859848752084,0.415066788093244,151,41,"Bender, Anthony",R,65.3586799691641,27.1523178807947,16.9158428994833,SI,235.343290080813,96.5040358744395,18.2889686098655,3.30242152466368,2319.68609865471,223,169.984610111649,12.5982025411061,0.910200939060738,0.554,-2.21886236408224,4.08921846939,2.3314834864426,5.4421768707483,mirror (>120°)
700712,2026,ST,241,86.496265560166,-8.31784232365145,-0.985892116182572,2468.57676348548,0.783775486075089,0.579703317168835,83,30,"Ureña, Walbert",R,53.5122853513026,36.144578313253,8.37606615219092,SI,223.707820685562,97.625327510917,15.6696943231441,6.92410480349345,2164.13973799127,458,170.195535334259,11.1290619507511,0.488932558733828,0.42,2.35593852841248,-3.01568886560412,1.75924181392344,41.9753086419753,mirror (>120°)
656550,2026,SL,614,85.3653094462541,-1.84631921824104,-3.38208469055375,2739.48208469055,0.655549905793898,0.674262119894556,322,129,"Holmes, Grant",R,44.1938258042403,40.0621118012422,3.85323130758124,FF,214.404578204598,94.2011834319527,6.99668639053254,15.2821301775148,2324.99013806706,507,170.210752400358,8.83587398569858,0.229254603660474,0.244,2.73195898797791,-5.06852462222172,1.61443384550378,50,mirror (>120°)
669372,2025,SL,406,86.0706896551724,-4.69596059113301,-1.35871921182266,2198.15763546798,0.495900452186937,0.792900589427642,188,72,"Ginn, J.T.",R,32.022921703798,38.2978723404255,4.88857481992965,SI,221.727022446778,93.3779284833539,14.382392108508,3.43546239210851,1891.51294697904,811,170.29589925702,7.30723882818147,0.330599322790835,0.22,-1.55675742236514,-3.54720405694148,1.96699630599641,25.8064516129032,mirror (>120°)
656550,2025,SL,730,85.3480821917808,-3.08449315068493,-3.14679452054795,2839.00136986301,0.665833324515789,0.718505423413647,407,169,"Holmes, Grant",R,42.8210290599202,41.5233415233415,4.4064059902797,FF,213.162323498054,94.4659324522761,5.24669603524229,15.1873127753304,2318.11013215859,681,170.341294438134,9.11785026049525,0.2742339921071,0.293,0.971955448395456,-2.4278813690722,1.71939969530563,40.5835543766578,mirror (>120°)
678394,2025,ST,499,85.6711422845691,-9.88881763527054,-3.167374749499,2474.57915831663,0.619975484286228,0.769573459488253,219,58,"Bello, Brayan",R,38.8552394397649,26.4840182648402,10.383688026294,SI,228.226622936527,95.2829809725159,16.9186046511628,5.6984778012685,2120.99260042283,946,170.628616503238,9.61183868794672,0.581637685626387,0.502,-7.12785210986146,-10.0861086510873,1.90996570841781,29.0748898678414,mirror (>120°)
676106,2026,ST,296,77.1236486486487,-16.4464864864865,2.8645945945946,2602.43918918919,0.959441525200589,0.267072659344305,107,39,"Hancock, Emerson",R,74.4447849168521,36.4485981308411,16.6940953615811,FF,245.544242486404,95.4343195266272,12.0268047337278,9.16473372781065,2359.07988165681,676,171.099457569552,18.3106708779786,1.10405377173217,0.641,3.33797723782273,-1.35643297047484,1.87846366517092,35.5769230769231,mirror (>120°)
650911,2026,SL,400,86.291,-1.4214,-3.7944,2074.5025,0.743752810305378,0.643493936018815,201,91,"Sánchez, Cristopher",L,49.1336843359135,45.273631840796,4.05189453465907,SI,237.67883275214,95.1545352743561,18.0689361702128,4.28049272116461,2131.69652855543,893,171.454851583773,8.86353527435611,0.218207056398649,0.324,8.21123492840589,4.59600241729269,1.79224071017295,36.9791666666667,mirror (>120°)
671131,2025,SL,353,85.2660056657224,-1.53552407932011,0.0866855524079322,2049.03682719547,0.587184330695795,0.320422254299877,157,63,"Rutledge, Jackson",R,61.3790211127647,40.1273885350319,1.53796897991089,SI,232.852057716408,95.2339366515837,16.9756561085973,9.26552036199095,2264.82126696833,442,171.473036603643,9.96793098586133,0.0795240621651466,0.146,10.1229192514539,8.56991053379488,2.16595822041068,24.6753246753247,mirror (>120°)
678024,2025,ST,269,81.6921933085502,-16.5100371747212,-3.42914498141264,2557.72862453532,0.769981634494502,0.630635995989564,101,29,"Vasil, Mike",R,50.6815868480142,28.7128712871287,16.8623949311545,SI,222.4089675116,94.3671664167916,14.5266566716642,4.56215892053973,2184.50524737631,667,171.727380663586,12.6749731082414,1.10745946039119,0.64,5.52456785031743,8.63211093656707,2.34783555816205,14.2857142857143,mirror (>120°)
657277,2025,ST,873,84.6382588774342,-14.6034364261168,-0.455257731958763,2543.6197021764,0.788731281714264,0.57451159218816,348,101,"Webb, Logan",R,53.9304182155144,29.0229885057471,14.6105309641417,SI,242.081568778429,92.5657608695652,15.7072826086957,0.456956521739131,1960.63134057971,1104,171.848849437086,7.92750199213108,0.929782220887551,0.482,-2.38777906774053,-3.67186865191697,2.03006079497592,20.8333333333333,mirror (>120°)
669372,2026,SL,271,85.5564575645757,-5.68826568265683,-2.9030258302583,2334.81549815498,0.527413424350156,0.827832779323039,132,44,"Ginn, J.T.",R,32.5012691428148,33.3333333333333,6.38622936071343,SI,220.652391081763,93.5423875432526,14.7039446366782,4.00567474048443,1982.46712802768,578,171.848878061052,7.98592997867695,0.419049498258969,0.314,-8.05028072446219,-13.8482240642085,1.80000107006091,35.7142857142857,mirror (>120°)
690925,2026,SL,263,86.141825095057,-3.5867680608365,-5.92973384030418,2782.87452471483,0.456089726954332,0.877607564743261,125,44,"Beeter, Clayton",R,27.4607494649177,35.2,6.93012615607288,FF,199.351906387319,95.5762962962963,3.49022222222222,17.6422222222222,2407.3037037037,270,171.891156922402,9.43447120123926,0.385346324615343,0.456,-3.4377854699649,-9.04338268043373,1.75749355193305,41.4634146341463,mirror (>120°)
686799,2025,SL,291,87.2247422680412,-3.35381443298969,-0.65979381443299,2733.42955326461,0.543557774250093,0.628854592741286,107,29,"Kochanowicz, Jack",R,40.8388767411324,27.1028037383178,3.41809875932425,SI,228.811121815915,95.5100977198697,14.2239739413681,3.06345276872964,2137.90662323561,921,172.027754925218,8.28535545182847,0.23491883651373,0.182,-17.1516316922428,-13.4375605816054,2.06150969811299,23.469387755102,mirror (>120°)
695076,2026,SL,390,84.8582051282051,-2.51538461538462,-0.873846153846155,2774.03333333333,0.679370995002066,0.592805936725857,182,65,"Lowder, Rhett",R,48.8926809297176,35.7142857142857,2.6628493881377,SI,236.849457481958,92.7411347517731,17.2834042553191,6.7531914893617,2260.74940898345,423,172.04322344776,7.88292962356792,0.143504140820486,0.226,-2.14483484729895,-6.71393475383646,1.78023430175349,41.1111111111111,mirror (>120°)
669371,2025,ST,318,80.8220125786164,-14.3758490566038,0.53622641509434,2613.86477987421,0.865390740894403,0.489530508020026,116,34,"Henry, Cole",R,60.5042138815583,29.3103448275862,14.3858463382069,FF,232.565396306587,94.4453798767967,14.4924024640657,14.1996714579055,2537.79671457906,487,172.061182425029,13.6233672981804,0.709032058358415,0.537,-1.30059451019565,1.52744115922513,2.10705471248736,21.9298245614035,mirror (>120°)
668909,2025,ST,621,86.5082125603865,-9.99246376811594,-1.16966183574879,2270.95974235105,0.751464454751866,0.637559617043422,280,124,"Williams, Gavin",R,49.6879651350636,44.2857142857143,10.0606878973118,FF,221.852834140921,96.5679668049793,10.9639170124481,15.2686804979253,2304.25809128631,1205,172.164869005857,10.0597542445928,0.53521863335927,0.52,6.34759927867961,-0.25944104753885,1.86062777053732,33.59375,mirror (>120°)
676617,2026,ST,219,83.4054794520548,-15.2980821917808,-4.00164383561644,2347.09589041096,0.811189770368049,0.577771646897294,85,41,"O'Brien, Riley",R,54.5395485523042,48.2352941176471,15.812794570651,SI,226.949842729389,98.0671981776765,16.2519362186788,4.74779043280182,2199.35307517084,439,172.410294177085,14.6617187256217,0.933941814125118,0.672,6.74365460615078,-7.16805068647309,1.54358808271585,55.952380952381,mirror (>120°)
571510,2025,SL,421,82.0083135391924,-2.35467933491687,0.336627078384799,2485.15201900238,0.583701754696214,0.332389018643363,197,68,"Boyd, Matthew",L,60.3406463630824,34.5177664974619,2.37861988560308,FF,232.983192762945,93.2808478425435,13.2304314912945,12.8775170325511,2316.35049205148,1321,172.642546399863,11.2725343033511,0.12883314872675,0.234,0.180697514415977,-1.93571690096812,1.91720997695614,34.7593582887701,mirror (>120°)
571760,2025,SL,346,80.5346820809249,-3.16335260115607,-0.524046242774567,2475.28323699422,0.628281507375754,0.515936078382733,169,51,"Heaney, Andrew",L,50.6076336197734,30.1775147928994,3.20646598980981,FF,237.872304434542,90.1020902090209,15.9453465346535,12.679603960396,2375.07920792079,909,172.735329185231,9.56740812809605,0.157394212536538,0.192,-3.15724393003027,-2.39571404584588,1.90943963000043,27.1084337349398,mirror (>120°)
645261,2025,SL,495,85.2630303030303,-2.76121212121212,-1.73963636363636,2443.93737373737,0.761033376487664,0.424560043478076,212,46,"Alcantara, Sandy",R,60.8440278763064,21.6981132075472,3.26352984604319,SI,233.724540437881,97.143641231593,17.3452208835341,8.47839357429719,2322.55287817938,747,172.880512561575,11.8806109285627,0.169038129598854,0.234,-8.13959426012673,-6.77546416251436,1.89304599421526,33.4928229665072,mirror (>120°)
670167,2025,ST,309,82.2838187702265,-15.2726213592233,0.699805825242719,2582.42718446602,0.912467058331192,0.385531842032863,130,22,"Schreiber, John",R,67.0951690973301,16.9230769230769,15.2886458319646,FF,240.043455599585,93.7073099415205,10.7971929824561,10.6642105263158,2254.54093567251,342,172.948286502255,11.4234911712939,1.00743621982078,0.652,-9.40958734637454,-5.8304716738775,2.07915600361558,18.2539682539683,mirror (>120°)
669923,2025,ST,588,87.1164965986395,-10.7187755102041,-3.32918367346939,2372.18537414966,0.596703029353452,0.786283070848442,257,80,"Kirby, George",R,37.1945300532326,31.1284046692607,11.2238857963651,FF,224.124748578876,96.1432612312812,10.1219301164725,13.4457903494176,2283.37437603993,601,173.069781474356,9.02676463264174,0.666904794906895,0.525,-5.44365189256053,-6.63919650316341,1.96613531742876,28.6852589641434,mirror (>120°)
676477,2025,SL,376,84.6757978723404,-3.36510638297872,-5.88734042553192,2115.43882978723,0.640897529055856,0.749640099576148,192,68,"Whitlock, Garrett",R,40.5284663197263,35.4166666666667,6.78120330434551,SI,227.393648596612,95.8230902777778,13.0160416666667,15.1389583333333,2189.34895833333,576,173.134817723114,11.1472924054374,0.339652781882922,0.533,-0.786116334341286,-4.88371488955358,1.89184740703395,32.2404371584699,mirror (>120°)
605280,2025,ST,542,81.9448339483395,-16.779852398524,-6.14191881918819,2815.11623616236,0.676957499005971,0.722200281000381,199,51,"Holmes, Clay",R,43.1479447203039,25.6281407035176,17.8685929299917,SI,229.844892952188,93.7511226252159,14.9612435233161,2.94217616580311,2180.08549222798,1158,173.303051768116,11.8062886768764,1.17188056509836,0.599,-1.18939816851712,2.18424016268719,2.19613924740539,17.1122994652406,mirror (>120°)
688138,2025,ST,333,84.1558558558559,-14.3412612612613,-0.300540540540541,2842.64264264264,0.780474108010626,0.601361335430912,148,35,"Evans, Logan",R,52.3854704534321,23.6486486486487,14.3444100324921,SI,239.052342162521,93.0182926829268,17.6614634146341,5.37414634146342,2019.59349593496,246,173.333128290911,8.86243682707097,0.777011291262519,0.428,-8.13040690105304,-7.25804003266474,2.17718836577198,16.0583941605839,mirror (>120°)
678906,2026,ST,407,84.2515970515971,-14.796855036855,0.914004914004914,2729.62899262899,0.835989129472647,0.529023210450364,193,57,"Teng, Kai-Wei",R,57.6739168013654,29.5336787564767,14.8250573005479,FF,231.079008144886,93.3481595092025,9.95631901840491,13.2901840490798,2471.72699386503,326,173.405091343521,9.09656245760542,0.892756224662156,0.439,-0.85062586903867,0.0433169976958017,2.29630067256643,11.4583333333333,mirror (>120°)
700249,2025,ST,203,82.6866995073892,-10.3525123152709,-0.291428571428571,2456.78325123153,0.704998341484236,0.672095793220502,84,18,"Povich, Cade",L,46.3686925970886,21.4285714285714,10.3566134353891,FF,219.787904650433,92.2275579809004,10.4863301500682,17.3644747612551,2356.14870395634,733,173.419212053344,9.54085847351125,0.510550991889755,0.448,-9.53496187288582,-6.03067778998295,2.09038494408129,24.0963855421687,mirror (>120°)
694361,2026,ST,204,88.6220588235294,-12.97,-3.53294117647059,2512.52450980392,0.669271463370987,0.728209717587721,111,32,"Klein, Will",R,42.5850027698687,28.8288288288288,13.4425657281786,FF,216.234142299043,97.5601648351648,9.11703296703297,15.7351648351648,2213.06868131868,364,173.649139529174,8.93810601163543,0.739187749465578,0.473,-13.5666057997896,-13.3963936859004,2.2599527554776,13.8888888888889,mirror (>120°)
672582,2025,SL,360,85.1038888888889,-6.099,-6.866,2608.03333333333,0.735590007382013,0.659318652106674,156,32,"Zerpa, Angel",L,48.1297242726908,20.5128205128205,9.18366794913666,SI,234.367374562668,96.6220647773279,16.4635627530364,3.81813765182186,2061.48380566802,494,173.762349710023,11.518175888439,0.54339606292585,0.59,-10.0211522477536,-12.6050175857237,1.83994919251739,34.2281879194631,mirror (>120°)
657097,2025,ST,206,81.9873786407767,-13.6415533980583,-5.19961165048544,2590.8932038835,0.571399801566117,0.814305539832732,79,17,"Webb, Jacob",R,35.0574146628529,21.5189873417722,14.5989020281643,FF,221.258292057837,93.3587006960557,8.58125290023202,17.2103944315545,2467.11600928074,431,173.799122605016,11.371322055279,0.759129468063715,0.526,-7.35838279093968,-7.04743067537507,1.88358695614789,25,mirror (>120°)
660825,2026,ST,261,83.27969348659,-14.8910344827586,-4.34942528735632,2630.14942528736,0.688934179172358,0.703297893392746,111,42,"Bazardo, Eduard",R,44.4088981130785,37.8378378378378,15.5132333282588,SI,218.382264144938,95.3550106609808,16.1045628997868,10.2754797441365,2199.02132196162,469,173.973366031859,12.0753171743908,0.812063788212616,0.581,10.2577247060775,11.2195058940912,1.93808126900558,31.4814814814815,mirror (>120°)
676684,2025,SL,288,88.6517361111111,-5.10916666666667,-0.347916666666667,2736.99305555556,0.529606975082475,0.73474237959049,130,57,"Vest, Will",R,35.7843028005309,43.8461538461539,5.12099892938109,FF,209.947684623057,96.6495253164557,5.90563291139241,16.6110759493671,2249.0332278481,632,174.163381822526,7.99778920534459,0.290476594788877,0.192,-2.62235610205867,-8.94104157169844,1.75764588483633,39.1666666666667,mirror (>120°)
682847,2025,SL,423,85.4290780141844,-6.36255319148936,0.886808510638298,2386.86052009456,0.82104818124291,0.465501650352658,209,81,"Ortiz, Luis",R,60.4484884910284,38.755980861244,6.42405731987752,FF,234.679823571643,96.2826771653543,12.3325984251969,12.0205511811024,2274.78543307087,508,174.231335080615,10.8535991511699,0.373021289717829,0.235,0.411554704671684,0.171676199456534,1.96902301591371,28.7958115183246,mirror (>120°)
660825,2025,ST,520,82.4944230769231,-16.0506923076923,-4.00730769230769,2563.12692307692,0.679495656369787,0.725667079048409,247,54,"Bazardo, Eduard",R,43.1180285134433,21.8623481781377,16.5433744591919,SI,217.367713683671,95.4818181818182,15.9989256198347,11.1042148760331,2228.66115702479,484,174.249685170228,12.9873951048951,0.849474423032949,0.59,-0.990855251861076,5.3448300062899,2.08582792207607,18.0257510729614,mirror (>120°)
669160,2025,ST,875,85.1897142857143,-16.94208,-2.35117714285714,3185.28342857143,0.803782925322578,0.584003588918026,379,103,"May, Dustin",R,53.9990151050552,27.1767810026385,17.1044470440729,SI,239.725203244921,94.5519256308101,18.4897211155378,5.49625498007968,2412.56972111554,753,174.273811860134,9.3622113450958,0.886730586804698,0.64,-5.95340912190455,-5.0973979374505,2.00601070192269,22.4376731301939,mirror (>120°)
656288,2026,SL,270,87.5381481481482,-1.22977777777778,-3.37466666666667,2773.35555555556,0.49392594261979,0.805915841386585,120,46,"Canning, Griffin",R,31.5031051235355,38.3333333333333,3.59175841250872,FF,217.04919413651,94.391610738255,9.32335570469799,15.3877852348993,2182.13087248322,298,174.453910987026,6.85346259010689,0.19963183569301,0.255,0.264801331423618,-4.16452742588854,1.77173104307586,39.4957983193277,mirror (>120°)
641154,2025,ST,288,84.8885416666667,-12.5245833333333,-0.0512499999999999,2410.32638888889,0.696443400668847,0.701177641003973,134,42,"López, Pablo",R,44.8059195269264,31.3432835820896,12.5246881891771,FF,219.307798094426,94.5437062937063,6.48965034965035,14.2504195804196,2164.53146853147,572,174.5018785675,9.65516462703962,0.799862853568346,0.444,-11.0014631797012,-13.9169997098088,2.02845086402048,21.1864406779661,mirror (>120°)
623352,2025,SL,358,83.291061452514,-3.26245810055866,0.178994413407821,2560.74581005587,0.503363132146609,0.649231017288077,185,103,"Hader, Josh",L,37.7872110619688,55.6756756756757,3.26736466558785,SI,212.383002504041,95.3912133891213,9.41297071129707,18.5128870292887,2312.410041841,478,174.595791442073,12.1001519366074,0.157323018366107,0.182,2.27388204666181,-7.98541650323666,1.56507685581594,50,mirror (>120°)
690925,2025,SL,214,87.4317757009346,-4.23084112149533,-5.28224299065421,2831.09345794393,0.427715977172835,0.877656425032476,108,53,"Beeter, Clayton",R,25.9817678201156,49.0740740740741,6.76772543825851,FF,200.697744804295,96.4729083665339,3.73434262948207,17.9985657370518,2446.03984063745,251,174.715976984179,9.04113266559928,0.368173642981789,0.439,6.93980308543046,-0.0995955827970601,1.74686501617832,37.7358490566038,mirror (>120°)
656457,2025,ST,259,81.0389961389961,-8.88277992277992,0.603243243243243,2455.45945945946,0.792943137238817,0.58005340458586,110,50,"Gilbert, Tyler",L,53.813800264894,45.4545454545455,8.90323994774154,SI,239.068901453976,89.8441947565543,17.5973033707865,3.37797752808989,2148.50936329588,267,174.744898810918,8.80519861755816,0.496871720030809,0.395,8.86896305030971,10.3164957729953,2.18985152316077,14.018691588785,mirror (>120°)
656557,2025,ST,265,83.5101886792453,-14.1980377358491,-2.19169811320755,2625.43773584906,0.862601481853585,0.49819222932772,111,36,"Houck, Tanner",R,59.9915801435921,32.4324324324324,14.3662039581802,SI,245.243072554575,94.4563758389262,16.9663087248322,0.517852348993289,2229.75503355705,298,174.748507589017,10.9461871596809,0.84635479448408,0.645,2.00864999540375,2.18026080232138,1.978665864487,22.9357798165138,mirror (>120°)
693821,2026,SL,439,83.1719817767654,-3.30587699316629,-3.32938496583144,2450.23006833713,0.602286409054608,0.761149558214607,239,74,"Elder, Bryce",R,38.3540484603976,30.9623430962343,4.69186817213043,SI,213.108380830351,91.2434689507495,13.6540471092077,8.07109207708779,2085.50321199143,467,174.754332369953,8.07148717398408,0.295809149816994,0.373,-2.01568255006127,-3.54530538189326,1.75525400760028,44.1558441558442,mirror (>120°)
554430,2026,ST,229,81.1908296943232,-17.7400873362445,-1.2225327510917,2780.02183406114,0.824474095397855,0.560355272293377,86,33,"Wheeler, Zack",R,55.797943761076,38.3720930232558,17.7821619896197,FF,230.689380719521,95.1873263888889,11.718125,14.244375,2433.88368055556,576,174.891436958445,13.9964966945658,0.964065997895016,0.627,1.09799995853682,-10.2806696998393,1.67354219521609,47.6190476190476,mirror (>120°)
656464,2025,SL,220,84.865,-4.31018181818182,-2.55163636363636,2413.79090909091,0.712813089454483,0.66813770898342,108,48,"Ginkel, Kevin",R,46.8529395224622,44.4444444444444,5.00884372265861,FF,221.761982581367,94.94375,8.9653125,15.74859375,2431.7109375,256,174.909043058905,10.07875,0.276400733805569,0.34,3.82419902684686,-4.24085624845001,1.60133466012951,45.5445544554456,mirror (>120°)
623474,2025,ST,410,77.7809756097561,-15.5967804878049,2.00956097560976,3026.08292682927,0.959796956207815,0.221241182264576,233,79,"Herget, Jimmy",R,77.0195773460978,33.9055793991416,15.7257081525591,SI,251.987031275467,91.9658469945355,15.4918032786885,0.148524590163935,2422.28961748634,366,174.967453929369,14.1848713847794,1.0150519726228,0.571,3.41393085863511,9.8395045491967,2.2466258857659,11.4678899082569,mirror (>120°)
700241,2025,ST,311,83.659807073955,-12.8828295819936,0.00424437299035384,2469.81672025724,0.74937196262616,0.652210231344562,131,37,"McGreevy, Michael",R,48.9655648744904,28.2442748091603,12.8828302811684,FF,223.958983245843,92.968992248062,9.55906976744186,13.3032558139535,2234.50129198966,387,174.993418371352,9.30918517410704,0.786427187828886,0.489,-5.27363814742512,-4.74101358007601,1.89707315651964,25.4098360655738,mirror (>120°)
663969,2025,ST,264,84.4609848484849,-10.0940909090909,0.617727272727273,2460.00378787879,0.810978421259321,0.556579041786404,123,54,"Phillips, Tyler",R,55.5379722830889,43.9024390243902,10.1129747485328,SI,230.621882351769,95.4167567567568,16.9368648648649,5.6027027027027,2055.42972972973,370,175.08391006868,10.9557719082719,0.566886751195651,0.312,9.94615165749428,4.85162551531077,1.82181578389574,35.042735042735,mirror (>120°)
605280,2025,SL,307,85.3345276872964,-2.01068403908795,-4.21094462540717,2595.67100977199,0.682145981136157,0.651998023235623,148,47,"Holmes, Clay",R,46.2945055540558,31.7567567567568,4.66635885281967,SI,229.844892952188,93.7511226252159,14.9612435233161,2.94217616580311,2180.08549222798,1158,176.449612601868,8.41659493791947,0.306035023060799,0.325,-0.428281486462303,1.15150498537865,1.87564672424355,31.1111111111111,mirror (>120°)
656546,2026,SL,362,86.6403314917127,-3.69248618784531,-1.20331491712707,2781.08839779006,0.477065572315178,0.542745605052734,171,86,"Hoffman, Jeff",R,41.3150055898562,50.2923976608187,3.88360927967901,FF,224.858579107799,96.5469696969697,13.6209090909091,16.3659090909091,2534.16666666667,264,176.456426482057,9.906638205257,0.182392977608246,0.174,-0.0390946858283249,-9.76251044982508,1.81267240085461,39.5061728395062,mirror (>120°)
676917,2026,ST,228,85.8276315789474,-14.6205263157895,-7.86263157894737,2271.52631578947,0.638015227160246,0.765597095561623,98,27,"Cavalli, Cade",R,39.8063505165214,27.5510204081633,16.600625442945,FF,216.276292039724,96.7705014749263,5.90407079646018,14.6125663716814,2297.58554572271,678,176.469941523203,10.9428698959789,1.05332317327669,0.761,1.14720365103696,-6.89280568974606,1.84039361091038,31.9148936170213,mirror (>120°)
677958,2026,SL,645,83.1679069767442,-0.869581395348837,-3.79181395348837,2176.72713178295,0.579195317098542,0.731903280129419,315,130,"Rocker, Kumar",R,38.3565062594117,41.2698412698413,3.89024740357293,SI,221.745581622112,94.2896761133603,15.848016194332,7.72105263157895,2135.02834008097,494,176.610924637299,11.1217691366161,0.220675791684852,0.298,3.61914979724025,-5.59509816665803,1.54535801179263,53.2051282051282,mirror (>120°)
664875,2026,ST,298,82.1070469798658,-17.208322147651,2.04765100671141,2981.4932885906,0.938690392420776,0.326983605412021,101,46,"Lawrence, Justin",R,70.7947184296086,45.5445544554455,17.3297208801129,SI,247.609083781034,95.5419243986254,16.5575257731959,1.42103092783505,2420.58419243986,291,176.814365351426,13.4348774187597,1.04280364500958,0.595,8.73428007250678,-3.05459503874832,1.85744653065363,34.375,mirror (>120°)
657277,2026,ST,326,84.2266871165644,-14.500490797546,0.990184049079754,2607.07668711656,0.841137238482741,0.524318610589086,109,25,"Webb, Logan",R,58.0628599225393,22.9357798165138,14.5342594520935,SI,241.21744698287,92.1958415841584,15.3485940594059,0.168475247524752,1943.80396039604,505,176.845412939669,7.969154467594,0.946886984615668,0.449,-8.16903380380456,-10.416786244613,1.9819734359105,25.7142857142857,mirror (>120°)
668941,2026,ST,260,83.0284615384615,-16.1358461538462,-0.271846153846154,2848.25,0.844390244593981,0.514076509712794,108,29,"Romero, JoJo",L,58.6663643110132,26.8518518518519,16.1381359342383,SI,241.110218517872,93.8996855345912,16.2094339622642,0.88188679245283,2194.88050314465,318,177.556145793141,10.8712239961297,0.994131227436024,0.494,-11.5371990507014,-11.8926377653541,2.00098744743771,21.5686274509804,mirror (>120°)
690997,2026,ST,303,84.9122112211221,-18.5865346534653,-1.50059405940594,3011.92079207921,0.82604931428098,0.550388678979032,86,25,"McLean, Nolan",R,56.3248625321839,29.0697674418605,18.6470119042058,SI,234.261344507447,95.0806167400881,17.7231718061674,5.20211453744493,2204.01174743025,681,177.936481975263,10.168405518966,1.00953653110682,0.614,-0.197476959300499,-1.10574837050445,2.10580001214305,23.4567901234568,mirror (>120°)
607536,2025,ST,336,83.5857142857143,-9.60714285714286,-3.14035714285714,2329.16964285714,0.644333010774135,0.746750568722615,185,47,"Freeland, Kyle",L,40.7892354465375,25.4054054054054,10.1073753696123,FF,218.763352968,91.5671280276817,7.83792387543253,15.1050519031142,2398.55478662053,867,177.974117521463,7.98141374196737,0.593939737405488,0.437,-7.74677914874407,-7.70993392651568,1.97054311382724,26.3473053892216,mirror (>120°)
668941,2025,ST,384,82.99921875,-13.09875,-0.81375,2813.62760416667,0.830426010753016,0.530248644523192,163,54,"Romero, JoJo",L,57.4407082318996,33.1288343558282,13.1240024620921,SI,239.432001951821,93.654128440367,17.4645871559633,2.71045871559633,2171.61162079511,327,178.008706280078,10.654909690367,0.742573958321204,0.414,1.85406327185741,6.65681337903022,2.08277901162744,20.7547169811321,mirror (>120°)
669920,2025,ST,200,78.5025,-16.3098,-0.2166,2626.09,0.920190767191505,0.373436879544744,64,17,"Alexander, Jason",R,67.9114312769875,26.5625,16.3112381994746,SI,249.854345371061,90.8838,16.54344,1.248,2053.348,500,178.057085905927,12.3813,0.983170544509261,0.667,1.67389865000737,5.59259305504737,1.97195214438958,20.6349206349206,mirror (>120°)
669923,2026,ST,542,87.1583025830258,-11.4321033210332,-3.30752767527675,2370.96125461255,0.624632237041648,0.772242030308689,268,71,"Kirby, George",R,38.9678553841289,26.4925373134328,11.9009548215889,FF,220.688502423065,96.5936210131332,9.12923076923077,13.357373358349,2255.08067542214,533,178.279352961064,9.43531843010737,0.735577228577957,0.522,-9.49351562176552,-11.553349588947,1.87627276575154,32.2097378277154,mirror (>120°)
623437,2025,ST,304,82.791447368421,-13.4917105263158,3.81828947368421,2623.76315789474,0.933785803876475,0.326612132378141,121,39,"Topa, Justin",R,70.7215921857209,32.2314049586777,14.0216114420115,SI,252.090720329312,94.0623655913978,17.6622580645161,0.178387096774194,2174.68548387097,372,178.630871856408,11.2709182229768,0.793833737844984,0.46,3.43224774780674,-0.962562112461838,2.17055901634277,11.6071428571429,mirror (>120°)
592426,2025,SL,375,87.1989333333333,0.21376,-5.17216,2284.97333333333,0.453161945698166,0.872516277570197,185,46,"Jackson, Luke",R,27.4461747003493,24.8648648648649,5.17657535473019,FF,206.24551205782,94.1574712643678,6.13977011494253,18.4648275862069,2317.80076628352,261,178.799337357471,6.95853793103449,0.266026860772972,0.372,-9.38504393697795,-4.49106810104865,1.92365534434195,28,mirror (>120°)
663542,2026,ST,202,80.4455445544555,-14.8021782178218,-4.84574257425743,2096.51485148515,0.825715718255512,0.559258664356379,85,21,"Hudson, Bryan",L,55.8901477854657,24.7058823529412,15.5751629554277,FF,236.806477007842,92.0407114624506,9.95288537549407,12.3415019762846,2201.38735177866,506,179.083670777624,11.5951669079951,0.982366699052944,0.81,-6.7638482106383,-10.5094512720484,1.76901799835243,38.5542168674699,mirror (>120°)
641835,2026,SL,254,87.3220472440945,-1.3511811023622,-1.44472440944882,2228.15748031496,0.547023936036173,0.676399022790277,104,31,"Mayza, Tim",L,38.963494719753,29.8076923076923,1.97810995413248,SI,218.284839760339,94.2660753880266,14.9941463414634,9.22483370288248,2060.42128603104,451,179.321345040586,6.94402814393212,0.112363236077949,0.169,-8.69874926720219,-11.4172231944377,1.8049220752343,43.6893203883495,mirror (>120°)
677865,2026,ST,339,77.8498525073746,-18.0902654867257,-1.46761061946903,2543.50442477876,0.859789670355073,0.504634126621902,148,35,"Bruihl, Justin",L,59.5901592151276,23.6486486486487,18.1496993449092,SI,239.155726238686,90.2469849246231,15.9702512562814,1.76050251256281,2163.65577889447,398,179.565567023558,12.3971324172485,1.12962632662161,0.643,-6.76240490341096,-4.03666394272572,2.0989156957875,20.1388888888889,mirror (>120°)
