pitcher,season,player_name,np,nsw,axis,kill,velo_sep,arm,spin,rv100,wh,gb,as_ch,as_fb,as_gap,core,wide,last
425794,2021,"Wainwright, Adam",194,82,24.3675868882754,7.61723284412592,6.22885218770472,43.9968586387435,1714.09793814433,0.906901417766003,-1.54139750820504,9.96894092254277,0.901,0.764,0.137,FALSE,FALSE,Wainwright
425794,2022,"Wainwright, Adam",189,72,27.9984584822875,7.70477475042454,5.8364258347017,42.8714285714286,1763.63492063492,0.63813077689001,-2.42444272069473,3.75635498257163,0.91,0.758,0.152,FALSE,FALSE,Wainwright
425844,2020,"Greinke, Zack",230,129,29.8865391096961,12.5336416706702,1.94872584541063,42.9316384180791,1667.8347826087,2.55073104734114,10.2860669984445,3.70538902314851,0.817,0.784,0.033,FALSE,FALSE,Greinke
425844,2021,"Greinke, Zack",552,289,30.703275263431,11.6630314922246,2.59416873095868,43.7370235934664,1590.29347826087,1.03363740586448,-3.26937400521576,3.56293183118538,0.844,0.787,0.057,FALSE,FALSE,Greinke
425844,2022,"Greinke, Zack",359,164,30.9774390049734,11.6791943915709,2.69852129900129,39.691884057971,1640.78830083565,-1.97221307390783,-10.156615631453,5.22577295059405,0.861,0.792,0.069,FALSE,FALSE,Greinke
425844,2023,"Greinke, Zack",365,184,32.3767065873421,11.3855426890141,3.047334320622,40.2309589041096,1755.4,-0.357354186128855,-6.98906010681313,2.51735303590867,0.861,0.801,0.06,FALSE,FALSE,Greinke
433589,2021,"Petit, Yusmeiro",191,111,4.16766398287681,5.0745253165364,6.75668172605979,42.4075268817204,1751.15706806283,3.04358079523656,7.53974441821901,0.0472479125454722,0.94,0.896,0.044,FALSE,TRUE,Petit
434378,2024,"Verlander, Justin",160,83,22.5662733287087,12.3052456808173,9.4677469035202,50.5825,1779.49375,-0.475225613548442,-5.41683201657825,-23.3919238908801,0.948,0.963,-0.015,FALSE,FALSE,Verlander
434378,2025,"Verlander, Justin",222,101,21.8099714605329,12.0076705021392,9.24249096812548,50.9328828828829,1728.88738738739,1.11846133200475,-0.681126373010227,-8.67213628635039,0.941,0.965,-0.024,FALSE,FALSE,Verlander
434671,2022,"Sánchez, Aníbal",315,182,28.0139635462073,9.91473529541261,9.9203026947213,47.4819047619048,1470.47936507937,-0.246111393029133,-0.374858073342681,-2.42667565577072,0.942,0.905,0.037,FALSE,FALSE,Sánchez
446372,2021,"Kluber, Corey",184,97,21.4088082843552,10.1456890535232,5.20693157519601,33.590395480226,1637.78804347826,3.44481431388697,12.424476510101,-5.23844814203897,0.766,0.748,0.018,FALSE,FALSE,Kluber
450203,2022,"Morton, Charlie",247,118,30.7370502446544,12.2854426103663,7.74673197714134,19.7615384615385,2153.49392712551,-0.224002929785441,1.65226551820051,-1.4711331933612,0.992,0.854,0.138,FALSE,FALSE,Morton
450203,2023,"Morton, Charlie",292,131,27.4929986199873,11.6968945457941,8.81589785586658,18.5345890410959,2131.28424657534,0.815402788118673,2.35471931720266,1.5519913217732,0.994,0.926,0.068,FALSE,FALSE,Morton
450203,2024,"Morton, Charlie",307,162,26.8139636176695,11.2652845010047,9.16452450344101,19.6977198697068,2172.4332247557,-1.85033710904226,5.21844799412834,6.96136592150237,0.993,0.908,0.085,FALSE,FALSE,Morton
450203,2025,"Morton, Charlie",253,133,29.8897296396757,16.6840825499933,6.69718477979348,19.6192771084337,1815.20553359684,-2.05843228358521,-1.51904414115678,0.511628645559916,0.765,0.873,-0.108,FALSE,FALSE,Morton
452657,2020,"Lester, Jon",126,68,8.91864425365394,9.1911745409942,6.0243377214367,36.6015873015873,1912.46825396825,0.249314942071217,5.86410888492909,11.9518561928001,0.801,0.823,-0.022,FALSE,FALSE,Lester
452657,2021,"Lester, Jon",431,231,6.33741315887873,8.70916015541019,7.33085032767534,40.8754098360656,1737.73549883991,0.956813287681752,0.971782463218817,-10.5072282322766,0.712,0.764,-0.052,FALSE,FALSE,Lester
453265,2021,"Watson, Tony",281,164,10.9066008972624,4.12439994430067,6.63501648162422,18.3514285714286,2351.08185053381,1.31640115748164,-2.61469944352991,-3.32872791267454,0.992,0.929,0.063,FALSE,FALSE,Watson
453281,2021,"LeBlanc, Wade",176,90,18.6965701714172,9.40471387008931,8.03285427807487,37.6891428571429,1497.97727272727,0.643871911536226,2.49447703268461,-4.12187712555229,0.99,0.948,0.042,FALSE,FALSE,LeBlanc
453286,2020,"Scherzer, Max",194,95,28.7371000460256,14.7198741464519,9.73500535786867,23.5433823529412,1439.8969072165,-3.01123518298011,-0.131009676724941,-2.33972250163552,0.986,0.905,0.081,FALSE,FALSE,Scherzer
453286,2021,"Scherzer, Max",421,208,25.4146894387017,13.9299210882109,9.31554854569426,27.7418491484185,1446.15914489311,2.19389282496144,3.33795223972375,0.911307233995856,0.984,0.907,0.077,FALSE,FALSE,Scherzer
453286,2022,"Scherzer, Max",272,142,25.4587253161152,14.1887229578536,9.93054758488762,26.7455882352941,1398.90808823529,-1.23556056730221,-5.50489025323195,-13.8518795755334,0.988,0.931,0.057,FALSE,FALSE,Scherzer
453286,2023,"Scherzer, Max",347,167,27.9952607755725,14.5483882632208,9.93135103489001,27.7577259475219,1365.24783861671,0.418900732863911,0.722264790649367,3.14149271306581,0.991,0.937,0.054,FALSE,FALSE,Scherzer
453286,2025,"Scherzer, Max",195,77,28.4325762952104,13.1536965221352,8.71294301148901,29.1589743589744,1352.85641025641,-1.5954507745527,-4.24288518199704,8.4512735571085,0.991,0.93,0.061,FALSE,FALSE,Scherzer
456034,2021,"Price, David",293,156,24.0718261563942,8.53766414600248,7.41423381198786,32.3854671280277,1676.82935153584,-2.24218503524439,-2.96650635459932,-10.585821374057,0.991,0.919,0.072,FALSE,FALSE,Price
456501,2020,"Cueto, Johnny",308,148,10.0044089202832,11.0699327306821,8.94307359307359,31.544,1333.33441558442,3.30896287167326,3.7853002171554,5.7694714688682,0.763,0.896,-0.133,FALSE,FALSE,Cueto
456501,2021,"Cueto, Johnny",440,239,10.6584534188863,12.3419575927408,9.05957504034427,34.1061784897025,1335.23181818182,-0.36395755867895,3.28368193783515,3.47801163484958,0.798,0.935,-0.137,FALSE,FALSE,Cueto
456501,2022,"Cueto, Johnny",467,233,8.40990805983766,11.7384850924679,8.92402966323681,32.3453961456103,1324.75374732334,0.969710764301171,-3.28092975660918,-2.92618129961259,0.837,0.942,-0.105,FALSE,FALSE,Cueto
456501,2023,"Cueto, Johnny",166,90,8.85612913737522,11.92403726785,8.04539166768082,33.4825301204819,1390.74096385542,-2.18805492085527,-0.93667123796822,-2.74941588117933,0.806,0.935,-0.129,FALSE,FALSE,Cueto
457918,2021,"Happ, J.A.",322,155,14.4974210813524,8.93659804567026,4.91209630557456,43.3075,1653.25776397516,-1.01747388454114,-8.47826611640706,-13.434850504903,0.962,0.906,0.056,FALSE,TRUE,Happ
458681,2023,"Lynn, Lance",217,96,16.6524562077146,8.48402530440849,7.54549401919846,29.7986175115207,1803.37788018433,0.114584020099088,2.5051462053709,-9.38702813483758,0.802,0.713,0.089,FALSE,FALSE,Lynn
461325,2020,"Clippard, Tyler",144,85,24.9784023047361,7.76873674477752,11.4676169590643,47.0224299065421,2030.34027777778,3.37043952157843,-6.7827896034091,-9.82679387741937,0.985,0.973,0.012,FALSE,FALSE,Clippard
461325,2021,"Clippard, Tyler",140,67,26.7536950639103,6.95310631308087,10.5497619047619,46.0302158273381,2089.80714285714,-1.82582591345359,-8.6543579861337,-16.8234434206471,0.974,0.963,0.011,FALSE,FALSE,Clippard
461829,2020,"Gonzalez, Gio",202,93,16.601882462119,10.4747996599775,7.22550846217628,34.2950310559006,1580.67821782178,2.47907328026722,5.94696255576798,11.5378253995083,0.977,0.909,0.068,FALSE,FALSE,Gonzalez
471911,2020,"Carrasco, Carlos",298,167,9.22379853399626,14.368487283505,6.00993885941179,36.2594594594595,1318.85234899329,0.776449805062493,2.17223913761857,5.09535098631473,0.679,0.832,-0.153,FALSE,FALSE,Carrasco
471911,2021,"Carrasco, Carlos",219,116,13.0379702918156,15.1254177152114,6.0995703903788,36.9743119266055,1214.8904109589,-1.30354083069295,-3.65133821950419,1.58163170121451,0.685,0.825,-0.14,FALSE,FALSE,Carrasco
471911,2022,"Carrasco, Carlos",580,350,12.8357723327487,13.6431655976649,5.84776791245096,33.8060344827586,1310.65517241379,0.505372916728437,1.12802203009839,4.33970804330455,0.775,0.846,-0.071,FALSE,FALSE,Carrasco
471911,2023,"Carrasco, Carlos",472,253,14.7317487745304,11.733454928022,5.47227266612859,34.6145054945055,1366.02966101695,0.844192387219641,-0.253319758680189,-6.36736289826923,0.682,0.816,-0.134,FALSE,FALSE,Carrasco
471911,2024,"Carrasco, Carlos",392,200,15.8190969199989,8.79017892251507,4.89221104329582,34.1015306122449,1341.79081632653,-0.81510535897754,2.41414749415329,-2.75003675514386,0.585,0.751,-0.166,FALSE,FALSE,Carrasco
471911,2025,"Carrasco, Carlos",166,88,19.026679483848,10.9105162546141,6.59820020824036,32.4343373493976,1233.27710843373,1.84544845277296,1.41270593436028,-14.8406317591831,0.618,0.759,-0.141,FALSE,FALSE,Carrasco
489119,2021,"Miley, Wade",690,330,25.6015335507907,10.9486593810758,7.9780193236715,49.2106881405564,1808.24202898551,-0.463700511773382,-3.10316740061171,5.50373780243833,0.862,0.858,0.004,FALSE,FALSE,Miley
489119,2022,"Miley, Wade",177,91,25.6604805868949,11.7968647171161,7.70378740322243,44.4124293785311,1834.62146892655,-2.25157075259406,7.30870271452468,17.9368521665685,0.873,0.858,0.015,FALSE,FALSE,Miley
489119,2023,"Miley, Wade",460,197,24.7113314545713,10.1026147346841,6.72721452460583,46.3558695652174,1811.60652173913,0.128785862186833,-6.45146173992091,3.49738067241552,0.883,0.866,0.017,FALSE,FALSE,Miley
491624,2021,"Valdez, César",567,328,29.7847805904438,13.2376469053225,7.4483645983646,15.4868561278863,1770.53262786596,-0.719949589581432,1.4137190285773,-1.90249712012342,0.716,0.84,-0.124,FALSE,FALSE,Valdez
493603,2023,"Ottavino, Adam",142,72,20.3855207644264,12.70148609915,5.61717321472696,21.8880281690141,1780.34507042254,4.38546392364217,3.26228384359677,20.5830014968759,0.775,0.804,-0.029,FALSE,FALSE,Ottavino
500610,2021,"Guerra, Deolis",336,199,19.7803007421671,12.1331030385135,9.04445293398533,43.772754491018,1496.58035714286,0.0675171528914816,4.69770302323863,-3.22678407470059,0.92,0.969,-0.049,FALSE,FALSE,Guerra
500779,2021,"Quintana, Jose",181,79,23.3354727780764,9.03236459741617,4.87309304915599,48.2791411042945,1288.99447513812,-1.95932689126922,7.32359923259349,7.51514932904351,0.942,0.894,0.048,FALSE,FALSE,Quintana
500779,2022,"Quintana, Jose",519,223,26.3980806784438,9.53667203454049,4.82409544982955,43.3921001926782,1319.88824662813,-1.20898176415411,0.331053660838769,4.99698143291116,0.929,0.836,0.093,FALSE,FALSE,Quintana
500779,2023,"Quintana, Jose",223,108,23.7123985993664,9.16501736658905,4.33030704825469,43.2080717488789,1319.47533632287,0.157519744006868,2.31803733206133,7.65753628420141,0.948,0.834,0.114,FALSE,FALSE,Quintana
500779,2024,"Quintana, Jose",529,214,28.0161213121004,11.7102368577446,4.97651154192483,42.8657844990548,1323.12854442344,0.944309147661795,3.97707278735314,0.331261384997262,0.926,0.861,0.065,FALSE,FALSE,Quintana
500779,2025,"Quintana, Jose",482,213,27.0440925206827,12.0455380873082,4.83335123260922,40.4582987551867,1354.89004149378,-0.0271453320993793,-11.3488305034413,-12.6642746313254,0.891,0.874,0.017,FALSE,FALSE,Quintana
500779,2026,"Quintana, Jose",144,64,28.8131227832767,9.89640148237247,4.63423202614379,40.9729166666667,1353.51388888889,-0.105879560489772,-1.61293794587854,-21.9472124316597,0.906,0.797,0.109,FALSE,FALSE,Quintana
501381,2021,"Pineda, Michael",288,140,11.9334613668708,6.9477375656019,5.12488626126126,40.1730215827338,1719.38888888889,-0.52052223331096,-5.48523339796405,-14.0479922229911,0.941,0.883,0.058,FALSE,FALSE,Pineda
501381,2022,"Pineda, Michael",141,70,13.4585588667146,6.09479998302326,4.5421715558613,41.07734375,1713.0780141844,-2.82164774046213,3.34220213034648,-8.83195122108814,0.96,0.887,0.073,FALSE,FALSE,Pineda
501625,2021,"Alvarez, Jose",269,130,23.5688503004777,12.6499171236333,10.0625119051276,37.5,1541.10780669145,1.0784166176849,-1.34408429524762,-7.03669590709945,0.892,0.935,-0.043,FALSE,FALSE,Alvarez
501985,2020,"Minor, Mike",214,96,21.3817515070999,3.75124074803732,5.21067983117275,35.1279761904762,2262.51869158879,1.40561119750779,11.9831989368383,-11.777290249334,0.958,0.666,0.292,FALSE,FALSE,Minor
501985,2021,"Minor, Mike",510,269,22.4469123826705,4.42025030211864,5.73550695790337,38.6165354330709,2236.67254901961,-0.239532688791063,-0.578504799544618,0.14401486518166,0.967,0.688,0.279,FALSE,FALSE,Minor
501985,2022,"Minor, Mike",404,218,22.923005836003,5.56327429499055,6.17503971351491,32.344801980198,2174.58168316832,-1.92644610828053,-0.741953204512074,-6.60798637279313,0.987,0.769,0.218,FALSE,FALSE,Minor
502042,2022,"Archer, Chris",263,138,16.5800301315832,10.8553955441244,6.04000321823189,48.8965779467681,1704.51330798479,0.868972105087144,4.47310205801638,-2.0937758824826,0.96,0.965,-0.005,FALSE,FALSE,Archer
502043,2020,"Gibson, Kyle",203,99,15.6540372515184,10.9123580350116,8.01605038348818,43.8759259259259,1651.89655172414,-1.39248563355382,-6.12510756625072,7.90343984287896,0.864,0.881,-0.017,FALSE,FALSE,Gibson
502043,2021,"Gibson, Kyle",385,189,18.6541916891581,13.6010868141214,8.04892229317644,41.274801061008,1640.78961038961,0.502097317823052,-4.63010614230233,-9.74100670213507,0.851,0.863,-0.012,FALSE,FALSE,Gibson
502043,2022,"Gibson, Kyle",295,160,17.6975346505756,13.3633764377917,7.37990905332782,39.4569491525424,1622.42033898305,-0.690309763109613,-2.65979255851909,3.23607660476228,0.836,0.854,-0.018,FALSE,FALSE,Gibson
502043,2023,"Gibson, Kyle",516,282,15.8932747273807,13.2148423476938,6.59718447337996,42.0258754863813,1679.10271317829,-0.588332834014582,0.383584575534902,0.187241198990461,0.793,0.875,-0.082,FALSE,FALSE,Gibson
502043,2024,"Gibson, Kyle",273,135,17.4240012656221,12.1094177464355,6.47951911848369,43.2201465201465,1711.80952380952,2.04729858649566,7.26198671114998,-17.5995900819368,0.794,0.86,-0.066,FALSE,FALSE,Gibson
502202,2021,"Boxberger, Brad",207,97,34.6699219148773,14.5015990744758,10.9971400966184,35.5458937198068,1302.84541062802,0.445134961348706,-2.85314949065787,1.19033885586619,0.9,0.904,-0.004,FALSE,FALSE,Boxberger
502202,2022,"Boxberger, Brad",240,127,31.3802565448267,13.9961141086519,11.514058589306,35.8658333333333,1332.3375,0.622623840612878,-6.2259399672723,-5.75651123177146,0.86,0.912,-0.052,FALSE,FALSE,Boxberger
502327,2021,"Santiago, Héctor",125,69,29.9954492057091,8.38158335834593,9.52911900311526,36.8653225806452,1904.104,-0.199060007903914,0.56445258929326,8.47960964791486,0.895,0.996,-0.101,FALSE,FALSE,Santiago
502624,2020,"Anderson, Chase",153,83,28.9179675746824,7.43018804714187,9.93298139768727,47.4935483870968,2257.48366013072,-0.426450289169456,-0.59971127840355,-0.250752297502268,0.996,0.957,0.039,FALSE,FALSE,Anderson
502624,2021,"Anderson, Chase",251,138,28.0288938239652,6.28609227210109,9.59484775184974,48.5978723404255,2162.04780876494,0.539883333051854,-4.76694520158786,4.92868136081501,0.996,0.942,0.054,FALSE,FALSE,Anderson
502624,2022,"Anderson, Chase",133,69,28.1233122584621,6.40640257458006,9.08040413533834,44.0233082706767,2280.27819548872,0.844956675461036,-2.40564794256479,7.9583490734897,0.995,0.953,0.042,FALSE,FALSE,Anderson
502624,2023,"Anderson, Chase",311,159,29.8201640954229,5.36396478726172,9.43811915170346,41.4109324758843,2296.86495176849,1.25535030626543,-0.907101938191562,-2.26513370496412,0.994,0.933,0.061,FALSE,FALSE,Anderson
502624,2024,"Anderson, Chase",309,144,30.0180592947727,6.39990758975386,9.65139957130248,39.4741100323625,2301.25242718447,-0.0137320951313683,-4.81451818983354,-5.40120461980188,0.994,0.922,0.072,FALSE,FALSE,Anderson
518516,2021,"Bumgarner, Madison",178,95,22.1769363732468,9.26825233195844,6.63002069781194,25.174011299435,1434.43820224719,-0.536340176836278,-7.53664791145545,-9.01219652763379,0.969,0.863,0.106,FALSE,FALSE,Bumgarner
518516,2022,"Bumgarner, Madison",307,135,17.6560387759672,8.37860675927013,5.69597524730182,23.9490196078431,1480.47231270358,3.45701383172238,-1.03792163813836,9.28685249544827,0.961,0.871,0.09,FALSE,FALSE,Bumgarner
518617,2023,"Diekman, Jake",144,72,11.8786329559614,8.2760607042707,7.73687632696391,18.4143884892086,1622.32638888889,1.68647882204562,-7.97618655675679,-2.59775623202072,0.984,0.984,0,FALSE,FALSE,Diekman
518633,2020,"Duffy, Danny",144,70,32.536433509746,9.38760661616755,8.29610881542699,48.3593220338983,2158.47222222222,-0.743514719399175,-0.218650106577164,3.30786520764279,0.919,0.975,-0.056,FALSE,FALSE,Duffy
518633,2021,"Duffy, Danny",155,67,31.8501787645414,9.38370525580175,8.52079749103943,51.1882352941177,2292.56129032258,0.503848306453143,2.31022553896886,4.15460838078934,0.923,0.967,-0.044,FALSE,FALSE,Duffy
518774,2021,"Harvey, Matt",265,139,11.2021973769813,5.3722808651944,8.03117676266137,44.1923076923077,1697.31320754717,2.0014118178598,-10.6946428596277,6.58641774998253,0.978,0.978,0,FALSE,TRUE,Harvey
518876,2021,"Kelly, Merrill",422,234,14.5720785724349,10.6306386614515,4.51185690261427,32.7730478589421,1969.38625592417,0.538387702360519,1.56162757053135,-0.0428230813945003,0.792,0.8,-0.008,FALSE,FALSE,Kelly
518876,2022,"Kelly, Merrill",638,358,17.3044223986159,13.1929208829227,3.94127481713689,27.8197492163009,2158.81504702194,-0.299167401283104,-2.28871944145129,3.2562336540369,0.86,0.803,0.057,FALSE,FALSE,Kelly
518876,2023,"Kelly, Merrill",646,377,18.6864222165265,14.0435652524659,3.5187072985168,28.2981424148607,2137.81114551084,1.11610480779753,-2.32785431831223,0.970413504950083,0.831,0.783,0.048,FALSE,FALSE,Kelly
518876,2024,"Kelly, Merrill",239,124,17.2929927576582,13.6969177096924,3.48705981647422,26.1359832635983,2174.61506276151,3.57243188184006,1.28881479664141,4.96717226284966,0.776,0.807,-0.031,FALSE,FALSE,Kelly
518876,2025,"Kelly, Merrill",767,453,14.9172128971174,14.7896336325706,3.51103854673995,24.6220626631854,2158.7666232073,-0.26745446864824,-0.571442440268516,-1.64870701019737,0.799,0.845,-0.046,FALSE,FALSE,Kelly
518876,2026,"Kelly, Merrill",467,267,15.888514294046,14.5608761180595,3.6695309052567,24.4331905781585,2162.88008565311,-0.257773386107562,-0.740768798037167,-11.2804580030056,0.791,0.849,-0.058,FALSE,FALSE,Kelly
519043,2021,"Moore, Matt",243,129,26.6902748347356,10.0038570204999,9.86568355248223,48.7765690376569,1842.86419753086,-0.66319117813247,2.87241820372355,8.21178947775227,0.984,0.983,0.001,FALSE,FALSE,Moore
519043,2022,"Moore, Matt",200,111,29.181869025355,11.632488291145,8.8643167587477,44.3492146596859,2020.63,1.4241761258026,6.50911729850437,-3.75509145802696,0.97,0.97,0,FALSE,FALSE,Moore
519043,2023,"Moore, Matt",258,147,31.9184553524361,12.1594113592314,9.83146936231546,46.0627906976744,2017.48837209302,2.52640772713378,-0.37672413041338,-4.74219149832366,0.974,0.98,-0.006,FALSE,FALSE,Moore
519043,2024,"Moore, Matt",271,142,31.5583500214724,11.8341344180362,9.95595547758756,45.6147601476015,1923.85977859779,-1.42064023119142,0.741590466352143,-8.18539797066569,0.976,0.981,-0.005,FALSE,FALSE,Moore
519144,2020,"Porcello, Rick",124,69,25.8542586466388,10.909974618457,9.73952395865957,42.952380952381,1682.00806451613,-1.73820194487284,-8.05071254505745,11.4078441494602,0.971,0.9,0.071,FALSE,FALSE,Porcello
519242,2021,"Sale, Chris",137,77,20.2725245101914,11.4269002943757,7.04933663866318,12.1117647058824,2021.98540145985,-3.3202093964596,0.0595741903238154,10.9168723825016,0.992,0.921,0.071,FALSE,FALSE,Sale
519242,2023,"Sale, Chris",219,115,20.6299071468734,8.4628087020162,7.82794001228633,7.62634146341463,1992.39726027397,-0.717244588087252,5.75065246997295,4.58549228699808,0.992,0.946,0.046,FALSE,FALSE,Sale
519242,2024,"Sale, Chris",399,206,19.7844670350528,10.752593421102,7.91522160419636,6.59774436090226,1881.29824561404,2.85126009894179,-2.74852585827203,-2.62842981695572,0.995,0.967,0.028,FALSE,FALSE,Sale
519242,2025,"Sale, Chris",154,77,17.7312257358411,10.4040490971836,7.99826993337631,4.23896103896104,1831.32467532468,-1.06703074455669,0.756714442269387,7.78170316064105,0.989,0.944,0.045,FALSE,FALSE,Sale
519242,2026,"Sale, Chris",210,116,16.3986068699495,11.272644652127,7.8366999322368,7.65190476190476,1845.50952380952,0.947540785696171,1.97300911773358,9.13990481267158,0.987,0.934,0.053,FALSE,FALSE,Sale
527048,2020,"Pérez, Martín",265,150,5.54700496807082,7.26583647897716,8.52378809869376,47.6977973568282,1703.31698113208,-0.47020166390358,2.36687243708284,-1.00156787070854,0.996,0.965,0.031,TRUE,TRUE,Pérez
527048,2021,"Pérez, Martín",445,242,7.21215786873129,7.9413100090409,8.56666697748147,47.8888382687927,1697.16629213483,-0.441914583256027,1.53624168329481,3.47038717032168,0.994,0.973,0.021,TRUE,TRUE,Pérez
527048,2022,"Pérez, Martín",794,426,10.3406950819622,8.16029978105783,8.43580007954395,42.5274111675127,1659.37783375315,-0.312955197466319,-4.00739552709751,4.18202252079487,0.994,0.973,0.021,FALSE,TRUE,Pérez
527048,2023,"Pérez, Martín",586,326,9.93030764047454,7.71080722401243,7.54115980009752,44.8642611683849,1680.04266211604,-0.4380360484483,-2.5264685521694,1.20442083767823,0.994,0.979,0.015,TRUE,TRUE,Pérez
527048,2024,"Pérez, Martín",501,270,12.2531311720623,8.28115035030534,8.10812492661735,46.3081836327345,1671.84031936128,-0.73215821701251,3.5369713909936,-1.0964619513055,0.993,0.969,0.024,FALSE,TRUE,Pérez
527048,2026,"Pérez, Martín",431,231,11.589422546153,8.4657875580245,7.937750966744,42.8904872389791,1623.15081206497,0.87762714416303,5.31467370027835,4.59152065773634,0.995,0.967,0.028,FALSE,TRUE,Pérez
527054,2023,"Teheran, Julio",127,74,5.93424562909155,8.63874184067663,5.83926873002261,23.9055118110236,1508.12598425197,0.494838419288934,10.1407958859769,-2.69923664750117,0.933,0.704,0.229,FALSE,FALSE,Teheran
542881,2020,"Anderson, Tyler",310,159,20.2376725071878,7.39857686111702,9.41397849462365,50.803557312253,1987.62258064516,0.583979483841815,-2.25139538883722,-7.97811026433243,0.961,0.993,-0.032,FALSE,FALSE,Anderson
542881,2021,"Anderson, Tyler",629,349,20.5204736141095,7.40846393905858,9.67105985566718,47.04336,1837.31955484897,-0.768872997249428,-5.18377266171406,-2.83413700303049,0.973,0.984,-0.011,FALSE,FALSE,Anderson
542881,2022,"Anderson, Tyler",815,457,17.4567722292695,10.946201997298,11.6447874350071,49.8606435643564,1847.92392638037,1.2986317516345,-1.84774923850825,0.739351637708,0.958,0.99,-0.032,FALSE,FALSE,Anderson
542881,2023,"Anderson, Tyler",821,409,21.508466514374,9.49007259482389,10.1187819732034,54.4712195121951,1861.82460414129,-0.18549461590337,2.70633220154275,-7.15159349428006,0.986,0.971,0.015,FALSE,FALSE,Anderson
542881,2024,"Anderson, Tyler",1082,556,20.9594607041597,9.76975485685871,10.5155408854854,62.3834565619224,1885.53696857671,0.823893552869027,-0.744793342304469,1.82851763001748,0.968,0.981,-0.013,FALSE,FALSE,Anderson
542881,2025,"Anderson, Tyler",795,416,19.0605211891324,9.73591797607269,10.6121827847816,59.2575757575758,1916.38113207547,-0.634700992582451,1.37115053008066,-0.296923308971632,0.945,0.992,-0.047,FALSE,FALSE,Anderson
542882,2020,"Andriese, Matt",181,100,54.3888172858154,16.0312823029691,5.94753483065097,39.5013888888889,2133.60220994475,0.535087458987242,-1.53153941858095,9.71347740178262,0.303,0.881,-0.578,FALSE,FALSE,Andriese
542882,2021,"Andriese, Matt",290,155,60.0722111755969,16.7832699869752,5.97006896551724,43.8333333333333,2196.16896551724,-0.992938719112811,-4.37357159070406,6.274062715813,0.243,0.853,-0.61,FALSE,FALSE,Andriese
542960,2021,"Brach, Brad",208,103,26.8475345889669,14.9972622093475,7.4255576923077,24.395652173913,1907.72115384615,-0.352137381970811,2.10001482559644,10.0587778836961,0.791,0.915,-0.124,FALSE,FALSE,Brach
543037,2021,"Cole, Gerrit",420,222,23.2597993113208,10.8835267552555,7.83147619047619,38.7637037037037,1719.2,1.20502177636617,-1.18724670825977,0.346906460911569,0.987,0.983,0.004,FALSE,FALSE,Cole
543037,2022,"Cole, Gerrit",266,124,23.6646883876162,12.2408115707794,8.00496499870365,37.4996240601504,1615.04887218045,-0.0290722792258517,-1.93735814021702,-17.330237571443,0.984,0.975,0.009,FALSE,FALSE,Cole
543037,2023,"Cole, Gerrit",233,112,22.3933763900058,9.99935454335451,7.56650135479915,40.9884120171674,1580.82832618026,-0.92983059621524,-2.0390954340711,-13.7622086325699,0.992,0.945,0.047,FALSE,FALSE,Cole
543037,2026,"Cole, Gerrit",158,78,21.4349469382652,12.0204712202467,10.5080199866755,34.5854430379747,1955,-0.0803149481582306,-7.83383075583459,-0.89966632831005,0.995,0.967,0.028,FALSE,FALSE,Cole
543101,2021,"DeSclafani, Anthony",268,127,23.0698154683952,12.9001555380667,5.86334009145027,36.1266409266409,1581.9552238806,1.12023436109509,-9.25052369207972,7.92830173199042,0.972,0.949,0.023,FALSE,FALSE,DeSclafani
543243,2023,"Gray, Sonny",181,67,30.1946534469424,7.6693860218687,5.01769563565144,44.9414364640884,1715.36464088398,0.810078521957433,-2.49801536275548,1.03126768809204,0.878,0.677,0.201,FALSE,FALSE,Gray
543243,2024,"Gray, Sonny",158,60,23.3747327441235,7.56502694923796,4.08883210742388,46,1704.36075949367,-1.12852715754525,13.080499332202,5.26483717977737,0.773,0.628,0.145,FALSE,FALSE,Gray
543243,2025,"Gray, Sonny",229,90,20.0312055297081,4.5050905831158,5.52187854479133,42.7589519650655,1859.81222707424,-0.698188316288269,4.8414915048002,-1.50275685893497,0.751,0.583,0.168,FALSE,FALSE,Gray
543294,2020,"Hendricks, Kyle",326,204,13.2142929469367,4.63254330510421,7.66141307103382,52.086690647482,2062.23619631902,1.74895463790546,2.12364597057729,10.2213132667041,0.821,0.917,-0.096,FALSE,TRUE,Hendricks
543294,2021,"Hendricks, Kyle",768,462,13.7174631373022,5.83763325015179,7.26018301218709,47.0893840104849,2008.01953125,-0.78128810187782,-3.871974405556,0.307154354787303,0.873,0.938,-0.065,FALSE,TRUE,Hendricks
543294,2022,"Hendricks, Kyle",413,236,13.4073198744859,6.14039136987777,6.969719413189,48.3501210653753,2039.85714285714,-0.0765542172340955,6.03660889109674,-3.11472584637334,0.834,0.902,-0.068,FALSE,TRUE,Hendricks
543294,2023,"Hendricks, Kyle",867,487,13.0066761540201,7.01603652986913,7.06144852372504,45.9517877739331,2156.10841983852,1.42375740656988,4.00673539338453,2.06950179154269,0.748,0.849,-0.101,FALSE,TRUE,Hendricks
543294,2024,"Hendricks, Kyle",827,452,13.8887591073967,6.66848984796379,6.80264554733623,43.6140435835351,2169.61910519952,-0.11034788170413,-1.91264810952795,1.36439777876687,0.75,0.879,-0.129,FALSE,TRUE,Hendricks
543294,2025,"Hendricks, Kyle",987,546,13.1989207017935,6.35182702371446,7.04244634797826,43.6786220871327,2077.38905775076,0.612805474355302,-0.252017014203621,-5.16279918968533,0.768,0.877,-0.109,FALSE,TRUE,Hendricks
543475,2021,"Lyles, Jordan",214,92,22.8351831381063,10.5705305425705,6.66659700774136,42.84,1595.93925233645,0.868423201012486,-4.4741037808403,1.45356022855711,0.984,0.921,0.063,FALSE,FALSE,Lyles
543475,2022,"Lyles, Jordan",317,129,23.0629502871489,10.5431506186185,5.4450729104647,41.4627450980392,1464.47634069401,-1.16466009422948,-2.29185311204379,5.54232248509455,0.977,0.893,0.084,FALSE,FALSE,Lyles
543475,2023,"Lyles, Jordan",303,139,20.4742091002249,10.6595665107263,5.75520372670327,39.8382838283828,1676.93729372937,-0.61857457709639,1.05314969775052,-6.05489725567475,0.911,0.871,0.04,FALSE,FALSE,Lyles
543507,2021,"May, Trevor",170,99,8.02688952262922,7.08060913916786,9.55615942662355,52.2285714285714,1721.02941176471,-0.644215123687393,2.80547694121844,4.55816717187649,0.95,0.893,0.057,TRUE,TRUE,May
543507,2023,"May, Trevor",172,88,17.1065324418476,9.77420164504695,6.95477663108786,41.2406976744186,1647.63953488372,1.58631603456908,-2.54046233444738,-13.7416079732595,0.942,0.862,0.08,FALSE,FALSE,May
543548,2020,"Milone, Tommy",267,158,27.248330077164,10.4991062048232,7.1089155939182,44.4281938325991,1677.24719101124,-2.33507647420535,2.00113217441859,-3.93016537822111,0.979,0.974,0.005,FALSE,FALSE,Milone
543699,2020,"Roark, Tanner",117,62,6.48738681336049,9.46845733510159,9.72606837606838,53.2015384615385,1503.95726495727,-0.129493189078791,10.3044688631245,12.599368287077,0.819,0.948,-0.129,FALSE,TRUE,Roark
544150,2024,"Suárez, Albert",385,197,22.6365975089031,10.8373443496888,8.68996532141693,33.258961038961,2017.07532467532,-1.33232439302223,-8.4948430218478,-2.8908233853956,0.974,0.91,0.064,FALSE,FALSE,Suárez
544150,2026,"Suárez, Albert",116,60,24.2897406764472,10.7859820769696,8.78393351800554,33.8387931034483,2018.18965517241,-1.22984008348898,-10.3332422917397,-10.1253973326332,0.968,0.906,0.062,FALSE,FALSE,Suárez
547001,2022,"Poteet, Cody",171,95,20.6775387209415,14.6424789011723,7.1565350877193,31.4853801169591,1983.54970760234,1.7991434848914,1.36515663821251,2.62868241341005,0.844,0.818,0.026,FALSE,FALSE,Poteet
547179,2022,"Lorenzen, Michael",336,177,12.3333848018639,7.48848439922857,8.89623447204968,36.5642857142857,2033.79464285714,0.845830409624635,6.79993859142869,9.98596735182962,0.98,0.901,0.079,FALSE,FALSE,Lorenzen
547179,2023,"Lorenzen, Michael",510,280,17.2787197941793,9.25524538845052,9.85368253053975,40.753137254902,2093.54509803922,0.560651332848381,0.37114211847745,4.53034245521465,0.985,0.974,0.011,FALSE,FALSE,Lorenzen
547179,2024,"Lorenzen, Michael",394,204,16.3772555071846,8.70348609802788,9.22423565877543,41.0931472081218,2020.15989847716,2.16536520110895,6.23520735588654,6.34634350504183,0.973,0.947,0.026,FALSE,FALSE,Lorenzen
547179,2025,"Lorenzen, Michael",401,210,14.9505021831817,8.49026733739443,10.187171503726,41.7970074812968,1982.02743142145,1.30631502135779,12.0660284659863,-4.27416527683317,0.973,0.954,0.019,FALSE,FALSE,Lorenzen
547179,2026,"Lorenzen, Michael",393,173,16.2936199241221,7.71424467814708,9.35528023839654,39.0870229007634,2060.34860050891,-0.836488548956792,5.58520094354256,-5.32248661738342,0.964,0.927,0.037,FALSE,FALSE,Lorenzen
547942,2021,"Kim, Kwang Hyun",210,101,11.5189029023241,5.15917861587584,8.70355351442902,57.2602870813397,1603.66666666667,-1.14046788032231,-4.9687872315344,16.1590100965551,0.922,0.835,0.087,FALSE,TRUE,Kim
547943,2020,"Ryu, Hyun Jin",315,186,19.9274339136279,8.21876783836722,10.1521454173067,35.396855345912,1478.50158730159,2.36252751634764,0.847747131900054,18.0149684188556,0.994,0.965,0.029,FALSE,FALSE,Ryu
547943,2021,"Ryu, Hyun Jin",653,381,18.3478869721673,7.49696738009426,9.93671404329291,37.2618213660245,1508.34456355283,-0.330706477148713,-4.46041188931371,3.23536909432596,0.993,0.978,0.015,FALSE,FALSE,Ryu
547943,2022,"Ryu, Hyun Jin",94,60,18.3036377826659,7.85388193837063,9.58634042553191,39.0021276595745,1510.25531914894,-0.26714221303409,7.09238453229258,9.3540805601309,0.986,0.993,-0.007,FALSE,FALSE,Ryu
547943,2023,"Ryu, Hyun Jin",189,104,19.2200080462417,8.02682665983851,10.6169799498747,36.9603174603175,1480.50793650794,-1.29479254318885,-1.95021735296879,-6.76675031386948,0.987,0.97,0.017,FALSE,FALSE,Ryu
548389,2020,"Stripling, Ross",137,74,21.669313124252,11.2738412644756,7.12479490079162,60.2477272727273,1699.02919708029,1.69715359847949,7.20357727013892,13.7959032034789,0.907,0.927,-0.02,FALSE,FALSE,Stripling
548389,2021,"Stripling, Ross",256,152,21.8102017051879,9.99893713028614,8.71786415890571,62.9589473684211,1674.76953125,2.6254063058476,2.37179182267427,-5.68458461457752,0.913,0.937,-0.024,FALSE,FALSE,Stripling
548389,2022,"Stripling, Ross",552,352,21.0668092675097,10.6467178290666,9.32804347826087,62.9425724637681,1679.63224637681,-0.263372395548905,-0.422383549281296,9.80388384378585,0.916,0.942,-0.026,FALSE,FALSE,Stripling
548389,2023,"Stripling, Ross",349,204,20.8574317442959,8.34538574147271,8.76322554236595,64.3624641833811,1688.04011461318,-1.75578478253248,-1.83270629398006,1.41525551190055,0.889,0.894,-0.005,FALSE,FALSE,Stripling
548389,2024,"Stripling, Ross",239,141,18.1404447167282,9.02681103872014,8.94338922167705,59.5234309623431,1667.81589958159,-2.77810763153234,-6.74474054190855,-6.03607991923305,0.872,0.899,-0.027,FALSE,FALSE,Stripling
570257,2021,"Rodríguez, Joely",284,164,17.1072741260361,11.8596738880741,5.53224937862469,29.2301075268817,1121.0985915493,0.945101599480193,3.35970236626449,5.77501775998012,0.965,0.922,0.043,FALSE,FALSE,Rodríguez
570257,2022,"Rodríguez, Joely",325,185,15.1753939442466,11.3268589782258,4.96388034188034,29.7750769230769,1067.77846153846,0.955276554902458,1.9517728901515,-6.89269390665144,0.97,0.904,0.066,FALSE,FALSE,Rodríguez
570632,2021,"Ureña, José",231,111,4.48665255873899,5.50532979315052,4.42839605649824,37.1195652173913,1675.35064935065,-1.52909253959145,-1.74725954405656,-6.89609080105439,0.958,0.898,0.06,FALSE,FALSE,Ureña
570632,2022,"Ureña, José",247,118,6.02586675207991,6.00932818310553,5.85064446831364,34.1874493927126,1698.10526315789,-1.81244810261332,-4.88114950233894,3.38191424802227,0.977,0.927,0.05,FALSE,FALSE,Ureña
570632,2023,"Ureña, José",187,89,9.81910033195225,6.04340216964226,8.22877196333078,35.407486631016,1690.32620320856,-0.359047462778808,-5.32843865323333,2.27371586919719,0.953,0.954,-0.001,FALSE,FALSE,Ureña
570632,2024,"Ureña, José",320,159,6.36201263613518,6.0967162269379,7.69877016129032,33.0278125,1801.375,0.899880631798886,-0.608855941839116,-3.81655929334149,0.957,0.954,0.003,FALSE,FALSE,Ureña
570632,2025,"Ureña, José",230,117,6.19168435748473,5.03956355055928,7.53833487511563,29.75,1858.31304347826,0.655308131357923,-3.78896006251084,-5.44581483986641,0.989,0.988,0.001,FALSE,FALSE,Ureña
570663,2021,"Robles, Hansel",345,158,8.5708072769523,11.0265831439787,7.428675429727,40.9637195121951,1554.7652173913,1.46764351789,-4.80634110547759,4.33380930189835,0.953,0.995,-0.042,FALSE,FALSE,Robles
570666,2022,"Cessa, Luis",231,119,17.0127569961655,9.97377996899939,5.45144051350948,43.161038961039,1680.34632034632,-1.33619188905664,-6.6762833126143,7.53915072256079,0.821,0.852,-0.031,FALSE,FALSE,Cessa
571510,2020,"Boyd, Matthew",184,110,15.0527498341876,9.49701433890901,12.6482421563943,32.3530054644809,1881.5652173913,0.551808925464401,5.72945902472649,2.11358524351775,0.895,0.915,-0.02,FALSE,FALSE,Boyd
571510,2021,"Boyd, Matthew",286,164,13.6199758212253,11.1810159164262,12.0748931442389,33.956993006993,1857.85314685315,0.650553090757416,-1.61629712764815,-3.63089442452056,0.874,0.895,-0.021,FALSE,FALSE,Boyd
571510,2023,"Boyd, Matthew",220,113,13.1505092532536,11.1387763613812,11.2393311974369,27.8354545454546,1890.03181818182,0.149454041760032,4.3412043809702,0.0789861839986923,0.812,0.839,-0.027,FALSE,FALSE,Boyd
571510,2024,"Boyd, Matthew",175,91,10.0966004082222,9.72934203085351,11.1042316602317,28.8062857142857,1863.08571428571,-0.71774027058231,5.7712267925037,-6.67408225161207,0.83,0.899,-0.069,FALSE,FALSE,Boyd
571510,2025,"Boyd, Matthew",650,362,8.03286950436549,9.57892397865826,14.5985152776126,29.2056923076923,1817.77846153846,1.07217249666982,2.79677078731955,0.288330747860892,0.904,0.946,-0.042,FALSE,FALSE,Boyd
571510,2026,"Boyd, Matthew",289,166,12.0839783111953,9.90151224362683,13.9983406895854,25.0612456747405,1782.30103806228,0.318676138296316,-4.8992702602702,-9.32460724559956,0.915,0.934,-0.019,FALSE,FALSE,Boyd
571578,2022,"Corbin, Patrick",217,102,9.84981709015839,7.1501168178404,9.61354314543429,44.231797235023,1628.92165898618,-1.84596699292971,-6.76216648183962,3.34473083768358,0.982,0.887,0.095,TRUE,TRUE,Corbin
571578,2023,"Corbin, Patrick",184,70,10.4367742972425,7.1560492554064,10.5875720272394,42.2521739130435,1563.53260869565,-1.60320376710871,0.76419608124324,-8.05857637324597,0.987,0.901,0.086,FALSE,TRUE,Corbin
571578,2025,"Corbin, Patrick",240,103,11.4175251227726,7.84115168104782,9.60130434782609,40.3489539748954,1527.65416666667,-0.107007634541407,3.15906148857534,3.64695746755415,0.969,0.879,0.09,FALSE,FALSE,Corbin
571578,2026,"Corbin, Patrick",245,107,17.3334965002128,9.02829878844996,12.8923142087024,40.0285714285714,1203.72653061225,0.886791320089174,-5.17679986993226,3.77122097549457,0.98,0.869,0.111,FALSE,FALSE,Corbin
571656,2021,"Farmer, Buck",173,80,20.9255837516084,13.844372150475,6.34054331889651,35.7194117647059,1605.62427745665,-1.12707514526155,3.90549359724543,-6.07747558975996,0.895,0.958,-0.063,FALSE,FALSE,Farmer
571656,2022,"Farmer, Buck",196,84,24.8984814152827,16.1086001878738,5.94132934941932,30.1234693877551,1679.7806122449,-0.455237687164093,-6.08715485842915,7.18434562471083,0.767,0.911,-0.144,FALSE,FALSE,Farmer
571656,2023,"Farmer, Buck",280,136,21.168085890925,13.9662680772118,6.09570404261131,31.7521428571429,1643.825,-0.197085842341198,3.86355206647041,1.02330541690593,0.831,0.923,-0.092,FALSE,FALSE,Farmer
571656,2024,"Farmer, Buck",245,135,23.359119098763,14.9667897072695,5.89822328931572,28.9718367346939,1792.02040816327,-1.00027426622714,1.20524873036935,-5.72944994630687,0.796,0.907,-0.111,FALSE,FALSE,Farmer
571666,2020,"Fiers, Mike",148,90,20.6359294299185,11.4159370242781,5.86554054054054,37.3865384615385,1862.24324324324,-1.06038117051632,1.00199386838227,4.14424301061442,0.884,0.971,-0.087,FALSE,FALSE,Fiers
571670,2021,"Floro, Dylan",236,116,22.7550198122546,13.4285829158525,7.46457213724679,34.8413793103448,1850.85593220339,0.257825770223623,-11.7201359019148,7.03043818475773,0.941,0.9,0.041,FALSE,FALSE,Floro
571670,2022,"Floro, Dylan",127,63,24.0888346694189,13.0145710324507,7.28785460036673,31.659842519685,1819.07086614173,-0.433681733149907,-12.3170880022928,2.34813752437145,0.954,0.888,0.066,FALSE,FALSE,Floro
571710,2021,"Givens, Mychal",315,131,42.2786941511835,15.6415126247975,12.3912528203301,1.76082802547771,2165.02222222222,1.89645267221731,-0.967925997745006,3.64347826937053,0.516,0.742,-0.226,FALSE,FALSE,Givens
571710,2022,"Givens, Mychal",184,85,48.0146228500189,15.558093952515,11.4233695652174,-3.19891304347826,2066.51630434783,-1.11643880748789,0.220864207085106,6.76519473129199,0.521,0.692,-0.171,FALSE,FALSE,Givens
571735,2021,"Hale, David",112,61,25.5712968590401,6.60194085046862,10.1552579365079,38.234693877551,1605.3125,0.273012547545806,-7.31072603439666,7.70893940743878,0.942,0.83,0.112,FALSE,FALSE,Hale
571760,2020,"Heaney, Andrew",189,111,14.9372717937345,9.10866340721707,8.54779625832257,35.6785185185185,2004.82010582011,1.48550369245707,-2.38298251185445,7.74345965394495,0.995,0.993,0.002,FALSE,FALSE,Heaney
571760,2021,"Heaney, Andrew",406,227,13.8346449315181,8.90471489725552,8.24142164984132,33.84631043257,2035.2315270936,-0.263986041305453,-4.67565387860547,-2.66692662784088,0.992,0.993,-0.001,FALSE,FALSE,Heaney
571760,2023,"Heaney, Andrew",441,254,14.8570314344626,9.08781655504531,8.48685756473132,30.3605442176871,2117.04308390023,0.599525302874044,-0.604215885369479,14.9176108153778,0.993,0.994,-0.001,FALSE,FALSE,Heaney
571760,2024,"Heaney, Andrew",462,272,13.6904712726064,9.06243115680512,7.87459374796058,30.3924242424242,2105.42424242424,0.789957784843742,-0.220491087400452,-1.31360123297205,0.994,0.995,-0.001,FALSE,FALSE,Heaney
571760,2025,"Heaney, Andrew",361,181,14.2343138971426,8.2715660746019,8.1015361924004,27.2362880886427,2107.18282548477,0.608735624432256,-2.58541067091561,5.4275303210068,0.996,0.994,0.002,FALSE,FALSE,Heaney
571800,2022,"Hutchison, Drew",180,79,15.4075030240534,8.45725810238124,5.99332630098453,48.3738888888889,1738.36111111111,-2.0926670415927,-0.79925757624094,-3.81729353893143,0.854,0.841,0.013,FALSE,FALSE,Hutchison
571945,2022,"Mikolas, Miles",124,64,22.1992348279424,8.76447774436434,10.904781378994,42.9467741935484,1570.48387096774,-1.94770634731466,-12.5826738763979,-3.44884192890295,0.959,0.864,0.095,FALSE,FALSE,Mikolas
571945,2023,"Mikolas, Miles",170,92,18.4387181995336,8.97531398518551,9.00938911304593,42.45,1640.52941176471,1.15290963871032,-15.8532836608752,-4.2731603550641,0.93,0.875,0.055,FALSE,FALSE,Mikolas
571945,2024,"Mikolas, Miles",230,126,10.6520992041223,8.77579763374684,7.58734523466744,40.5269565217391,1675.56956521739,-4.15419295329723,-7.11114274210583,8.41939271986087,0.909,0.859,0.05,FALSE,FALSE,Mikolas
571945,2025,"Mikolas, Miles",285,137,12.7920349230531,9.65453149605777,7.0614847161572,39.7245614035088,1659.20701754386,0.0454386244960753,-8.10387147537558,0.605243091817416,0.926,0.909,0.017,FALSE,FALSE,Mikolas
571948,2022,"Milner, Hoby",213,98,15.864909050867,4.2897707230916,7.8673018503176,-4.0962441314554,1784.78403755869,0.96855758986934,3.99707904236893,-7.54343813204362,0.979,0.987,-0.008,FALSE,FALSE,Milner
571948,2023,"Milner, Hoby",172,90,16.5589568993174,4.08932462916789,7.85475770120541,-5.53023255813953,1664.11046511628,2.06965101922422,-0.415593520397982,1.16255184378586,0.991,0.982,0.009,FALSE,FALSE,Milner
571948,2024,"Milner, Hoby",143,63,18.7856393993709,4.27774517988203,7.67646416083916,-6.98881118881119,1707.51748251748,0.238483314117534,1.45534662024601,15.6322845266646,0.973,0.952,0.021,FALSE,FALSE,Milner
571948,2025,"Milner, Hoby",200,96,15.6405789302922,8.86844610814714,6.82721951219512,-8.982,1643.275,-1.30689881258813,-2.90971916618176,1.33972780321489,0.95,0.956,-0.006,FALSE,FALSE,Milner
572070,2021,"Richards, Garrett",158,86,39.7034451882634,3.95603161973518,3.69588220098165,37.1272151898734,1694.57594936709,1.13953480706844,8.91647572298747,10.0820493618324,0.863,0.497,0.366,FALSE,FALSE,Richards
572070,2022,"Richards, Garrett",246,118,31.7309135382506,5.8167769251535,4.37059390932893,35.5303797468354,1689.76422764228,1.86415233633412,1.69941372788299,5.14636023655562,0.8,0.55,0.25,FALSE,FALSE,Richards
572971,2021,"Keuchel, Dallas",779,382,20.5784722150465,10.0855043423562,9.48841795405249,47.3900388098318,1629.95635430039,-0.467218109400511,-4.60501500819521,7.87117114443788,0.904,0.791,0.113,FALSE,FALSE,Keuchel
572971,2022,"Keuchel, Dallas",306,161,20.6243419099492,8.99638112070044,8.75752081654579,44.5316993464052,1551.21568627451,-1.21243675136437,-3.47714118243232,2.80539432353031,0.909,0.724,0.185,FALSE,FALSE,Keuchel
573668,2021,"Minaya, Juan",282,143,17.109257931494,16.3943940732178,6.26875299134143,35.2790035587189,1583.04964539007,2.49094134698472,-4.81491086153601,4.82723353991999,0.844,0.91,-0.066,FALSE,FALSE,Minaya
579328,2021,"Kikuchi, Yusei",276,149,7.2139420331554,12.6433888134752,8.69109854757061,55.7794007490637,1477.52173913043,0.837571336598029,7.11605020374452,8.35311784323963,0.872,0.95,-0.078,TRUE,TRUE,Kikuchi
579328,2022,"Kikuchi, Yusei",245,109,5.33511150297767,11.1405380545437,7.93170215113072,46.2930612244898,1565.21224489796,2.56474115648641,7.32598536605415,5.46151126592864,0.888,0.963,-0.075,TRUE,TRUE,Kikuchi
579328,2023,"Kikuchi, Yusei",254,105,7.02747728180153,10.7055348518071,6.43833236504777,44.8444881889764,1708.26771653543,-2.06147766719718,-6.99204500745099,7.05478384529509,0.84,0.918,-0.078,TRUE,TRUE,Kikuchi
579328,2024,"Kikuchi, Yusei",325,134,3.80223447393203,10.7371815027473,8.76665838092039,44.0975384615385,1654.96,0.575569770899796,1.89922019977424,6.8416320275477,0.889,0.902,-0.013,TRUE,TRUE,Kikuchi
579328,2025,"Kikuchi, Yusei",376,183,6.45546315510728,10.9590639131472,9.24176688251619,39.3603723404255,1542.43085106383,1.09297631787724,0.417770539348331,-5.26129197798869,0.915,0.912,0.003,FALSE,FALSE,Kikuchi
592094,2022,"Adam, Jason",303,157,23.6631807742251,16.7510528407536,4.81050860052893,29.9049504950495,2016.25082508251,1.15015255950905,2.85215254920583,4.41267073271465,0.822,0.767,0.055,FALSE,FALSE,Adam
592094,2023,"Adam, Jason",319,150,21.2842482300348,16.019600228906,5.01329753665022,31.4554858934169,2258.00626959248,0.243132643771126,6.0829566101856,0.30837538141434,0.763,0.82,-0.057,FALSE,FALSE,Adam
592094,2024,"Adam, Jason",281,159,20.1610143032375,16.5763255575939,5.97756188793932,33.2494661921708,2165.52669039146,2.79851257711854,7.14934738091223,3.541257765202,0.785,0.875,-0.09,FALSE,FALSE,Adam
592094,2025,"Adam, Jason",363,187,21.2225550699867,16.7423047551309,6.42893008108319,36.0055248618785,2039.50688705234,0.456306234386624,2.94063844885115,4.11404397494865,0.783,0.899,-0.116,FALSE,FALSE,Adam
592094,2026,"Adam, Jason",177,88,21.3239904277382,14.9654626148477,5.28501479687921,32.6785310734463,2055.42372881356,-1.02798337753953,1.69262353376459,-3.58032641531433,0.837,0.893,-0.056,FALSE,FALSE,Adam
592222,2021,"Claudio, Alex",139,68,15.266281282256,5.16232592874818,12.6759335388832,14.5772727272727,1885.03597122302,-2.99093183119649,9.20025513123065,-3.4053106851347,0.971,0.904,0.067,FALSE,FALSE,Claudio
592314,2021,"Foltynewicz, Mike",282,138,6.89294615901178,5.98031110063139,8.57017149435774,40.8758992805755,1778.82624113475,-0.636478988452309,6.02557046766597,-10.4526983102429,0.981,0.957,0.024,FALSE,FALSE,Foltynewicz
592332,2021,"Gausman, Kevin",167,66,18.8267373470625,8.06277391755175,10.7642619703559,40.4969879518072,1640.68862275449,-2.04935495051488,4.83351649341898,5.8093626469737,0.936,0.976,-0.04,FALSE,FALSE,Gausman
592346,2021,"González, Chi Chi",158,81,24.3414717564602,7.63241968123889,7.63938937773416,38.6462025316456,1649.3164556962,3.60399922545787,-3.45799206552426,3.80758076609818,0.86,0.711,0.149,FALSE,FALSE,González
592351,2021,"Gray, Jon",204,84,19.8547705374905,4.87028738190274,7.25876375952583,32.5569306930693,1457.02941176471,-0.888967208471959,-11.2417543948859,7.84093221984905,0.979,0.956,0.023,FALSE,FALSE,Gray
592351,2022,"Gray, Jon",189,87,12.1936642123149,5.41700718718556,7.17055555555556,29.3698412698413,1453.54497354497,2.6681238012083,-15.0285633696003,10.057108881451,0.991,0.958,0.033,FALSE,FALSE,Gray
592351,2023,"Gray, Jon",276,149,19.1181002904575,7.79753813841957,6.88931769263883,30.8865942028986,1455.22826086957,2.69558761979724,-4.62942753585205,-8.1351166173008,0.994,0.955,0.039,FALSE,FALSE,Gray
592351,2024,"Gray, Jon",115,63,16.5200744797853,8.10960371130474,6.20350845410628,33.5452173913044,1517.26086956522,-0.594477332360117,-5.60954263617008,-12.1078403226273,0.988,0.953,0.035,FALSE,FALSE,Gray
592454,2023,"Kahnle, Tommy",517,257,44.3547282166271,14.6375334155486,6.46533816621426,33.5549323017408,1333.10058027079,0.461063932123496,3.89908920465444,-6.44075834255002,0.987,0.953,0.034,FALSE,FALSE,Kahnle
592454,2024,"Kahnle, Tommy",538,278,45.5984269178025,15.281528837719,6.77421541107149,32.5173076923077,1240.90706319703,1.82112704513555,6.7268208534197,3.86618131140038,0.987,0.94,0.047,FALSE,FALSE,Kahnle
592454,2025,"Kahnle, Tommy",877,398,44.7851940482062,16.9380305600775,6.818126056698,30.9628278221209,1281.50855188141,0.463838715126998,-0.3164152071365,-6.83329130027643,0.986,0.934,0.052,FALSE,FALSE,Kahnle
592662,2025,"Ray, Robbie",399,176,5.80188559390126,8.91164447017837,8.73354903265698,43.5190476190476,1650.39598997494,0.613719297709265,5.44714161419908,-6.70006009632931,0.943,0.958,-0.015,FALSE,TRUE,Ray
592662,2026,"Ray, Robbie",354,187,7.07544427997731,8.45216135465274,7.1935806566315,43.7568862275449,1623.28248587571,2.13798839683658,-1.4790932055372,-8.33508796087507,0.936,0.957,-0.021,FALSE,TRUE,Ray
592716,2021,"Sampson, Adrian",135,71,22.9124323264678,11.8878949444486,6.80826741996234,38.3985185185185,1712.71111111111,2.08654183498937,12.1182828742971,9.62522756793816,0.992,0.984,0.008,FALSE,FALSE,Sampson
592716,2022,"Sampson, Adrian",216,96,20.6228923843369,10.010493893322,7.4425943940049,35.9384259259259,1812.7962962963,1.57730453520414,-1.08837534851395,3.6354931173534,0.988,0.977,0.011,FALSE,FALSE,Sampson
592761,2021,"Smith, Caleb",304,159,14.3852861406938,6.96065135277244,9.27403398571806,47.0883720930233,2001.99013157895,1.05739017100257,6.9100639874169,-1.80956426191388,0.994,0.988,0.006,FALSE,TRUE,Smith
592761,2022,"Smith, Caleb",271,144,15.9497097122474,6.35475633187886,8.33025830258302,43.6546125461255,2131.28413284133,1.95868620012907,9.68258919053084,2.91022147938574,0.992,0.984,0.008,FALSE,FALSE,Smith
592789,2022,"Syndergaard, Noah",395,218,19.3639697788604,7.48169449285425,5.64072344706178,38.3321518987342,1533.9164556962,-1.05785595447201,-0.0782579338402279,-6.09206268116567,0.968,0.832,0.136,FALSE,FALSE,Syndergaard
592789,2023,"Syndergaard, Noah",311,170,18.6622933237298,8.95821053440435,4.91763786332499,39.603536977492,1604.53376205788,-3.81417235783733,-2.65372985765148,-9.59551003356466,0.964,0.856,0.108,FALSE,FALSE,Syndergaard
592791,2022,"Taillon, Jameson",229,122,19.6488030196098,8.92445479564826,6.31828772139196,42.8262008733624,1843.97379912664,-2.38758739564257,-8.93971606010699,-2.41297640860382,0.99,0.892,0.098,FALSE,FALSE,Taillon
592791,2025,"Taillon, Jameson",221,123,24.1553770144673,12.1029375058712,8.22471261259638,47.3665158371041,1752.65610859729,1.79726692999714,8.55990662314741,3.98880188527186,0.868,0.939,-0.071,FALSE,FALSE,Taillon
592791,2026,"Taillon, Jameson",211,112,24.2631775372323,12.6728988543361,7.32981242907683,46.6772511848341,1831.64928909953,-1.87893293877121,0.441368243875845,-15.6255967538946,0.855,0.905,-0.05,FALSE,FALSE,Taillon
592826,2021,"Velasquez, Vince",267,132,24.8679447283389,12.0990320858109,4.2729989574887,41.6929752066116,1563.88389513109,-1.89607268696066,4.18869173803842,-3.12912691412675,0.935,0.857,0.078,FALSE,FALSE,Velasquez
592866,2020,"Williams, Trevor",155,74,19.1553812887082,6.34240239596616,6.44221198156683,35.4601307189543,1851.12903225806,-0.316609468836969,-1.23223048693955,-3.24711032677103,0.927,0.748,0.179,FALSE,FALSE,Williams
592866,2022,"Williams, Trevor",170,62,15.6199126205674,8.45998830053395,6.77511714141244,21.2894117647059,1802.48235294118,-1.27978189423204,-9.20381764553528,-5.82722971464491,0.88,0.744,0.136,FALSE,FALSE,Williams
592866,2023,"Williams, Trevor",443,184,22.6459300158361,8.20468146638428,6.3676126171118,18.0536643026005,1684.97516930023,-0.76373950724461,-8.63157761363449,-4.66346212821993,0.902,0.715,0.187,FALSE,FALSE,Williams
592866,2024,"Williams, Trevor",179,80,28.060861920633,9.05288656068664,6.11569059322899,15.8486033519553,1636.56424581006,-0.443978493218973,-7.12667705582733,2.02945631059997,0.896,0.67,0.226,FALSE,FALSE,Williams
592866,2025,"Williams, Trevor",186,65,39.9521976351122,8.93698830517186,6.42747548632673,14.9897849462366,1485.63440860215,-0.292444744268629,7.04411283373146,-11.56389620481,0.901,0.618,0.283,FALSE,FALSE,Williams
593334,2021,"Germán, Domingo",349,188,5.68702779929941,9.62118193156571,6.84548789667104,32.1757925072046,2291.91977077364,0.599459954816953,1.64038932212287,-2.68806224549331,0.855,0.822,0.033,FALSE,FALSE,Germán
593334,2022,"Germán, Domingo",235,122,4.23822130827706,9.12487610600754,6.75728325887787,29.8970212765958,2359.46808510638,-0.10371818395269,-6.13476624682984,-3.73900029600973,0.871,0.867,0.004,FALSE,FALSE,Germán
593334,2023,"Germán, Domingo",340,175,3.64375827231059,8.16884386766792,6.54569612124326,32.8969325153374,2392.15,1.50902923575246,3.72318879367155,6.10239037351393,0.889,0.865,0.024,FALSE,FALSE,Germán
593372,2021,"Martinez, Carlos",172,93,23.2129664068149,14.6399972846999,8.57737182875264,25.1101910828026,1858.08720930233,1.69322015772803,3.49171519763271,17.4411359641559,0.837,0.844,-0.007,FALSE,FALSE,Martinez
593958,2021,"Rodriguez, Eduardo",623,350,16.7033515323906,9.3837905986166,7.16747910657277,35.1951505016722,1885.00481540931,-0.539797979639888,-3.75642577228392,3.75958900169419,0.898,0.834,0.064,FALSE,FALSE,Rodriguez
593958,2022,"Rodriguez, Eduardo",222,120,19.504687990964,8.49768960146936,6.20702593942031,34.8445945945946,1877.2972972973,-4.37827741898966,-6.29317339665891,-0.804004081216234,0.9,0.816,0.084,FALSE,FALSE,Rodriguez
593958,2023,"Rodriguez, Eduardo",444,238,21.6680014773418,10.0246451980151,6.25437868035633,38.1018058690745,1879.26126126126,0.668621111979076,-2.67123096127996,-1.88733988796364,0.875,0.837,0.038,FALSE,FALSE,Rodriguez
593958,2024,"Rodriguez, Eduardo",195,90,21.9020286734086,8.98879991485196,5.30318532416094,39.42,1952.5641025641,-0.692842211633033,-2.65959816327943,-4.47485892203432,0.866,0.792,0.074,FALSE,FALSE,Rodriguez
593958,2025,"Rodriguez, Eduardo",531,269,22.4519754213834,9.74483317980829,6.09064761895847,40.4079096045198,1933.64595103578,-2.03478015849189,-2.0231347572186,-8.19436664805288,0.868,0.802,0.066,FALSE,FALSE,Rodriguez
593958,2026,"Rodriguez, Eduardo",549,268,21.4584758740103,10.6943717016836,6.2007872020274,42.7714025500911,1869.18579234973,0.274080185659284,-6.16503396268108,1.31574351471194,0.889,0.856,0.033,FALSE,FALSE,Rodriguez
593974,2020,"Peralta, Wandy",148,87,6.95274568290515,10.0055712070549,7.17818181818182,35.9783505154639,2255.10135135135,0.765792375070724,-0.0428633387696208,-10.1911165785915,0.894,0.965,-0.071,FALSE,FALSE,Peralta
593974,2021,"Peralta, Wandy",363,205,8.96853903795709,11.4061373565847,7.75125643789675,37.835446685879,2183.59504132231,1.18290173185415,-6.47588838852958,5.18244738941885,0.881,0.956,-0.075,FALSE,FALSE,Peralta
593974,2026,"Peralta, Wandy",299,168,8.25107689901775,12.4726689205983,6.9065276411568,37.1052816901408,2191.61538461539,-0.714967312251709,-8.63374468897068,-7.51919847228064,0.865,0.976,-0.111,FALSE,FALSE,Peralta
594798,2020,"deGrom, Jacob",192,98,19.7521347967797,15.8301968494278,7.17077705468239,36.2456375838926,1637.8125,0.957043146674546,8.18031986541144,-7.36586710152554,0.896,0.89,0.006,FALSE,FALSE,deGrom
594798,2025,"deGrom, Jacob",295,137,15.9631026101786,16.8749633374387,7.66534060329402,32.3881355932203,1665.96949152542,-0.492731353102802,0.287372127856973,4.51563691639181,0.879,0.906,-0.027,FALSE,FALSE,deGrom
594798,2026,"deGrom, Jacob",236,110,16.2987161575497,16.6851418476378,7.4822246602333,35.4101694915254,1603.55084745763,1.38291582221375,4.64431328857135,-17.9602593144888,0.86,0.921,-0.061,FALSE,FALSE,deGrom
594835,2020,"Gonzales, Marco",151,79,28.6535856389017,8.93341399924558,7.58040235961935,40.8711111111111,2113.92052980132,-2.07841772212494,-3.39605441385789,-10.3778725287061,0.994,0.993,0.001,FALSE,FALSE,Gonzales
594835,2021,"Gonzales, Marco",465,258,30.3396328489031,9.02135562421867,9.0587967668287,40.8363636363636,2183.80215053763,0.0823661266457489,-0.709932893615616,0.916072935882186,0.966,0.995,-0.029,FALSE,FALSE,Gonzales
594835,2022,"Gonzales, Marco",829,498,33.3193024956902,10.3826108190167,9.2787933444387,33.8613776137761,2115.30639324487,-0.83462544320542,-2.84186708877849,3.33038918785602,0.963,0.994,-0.031,FALSE,FALSE,Gonzales
594835,2023,"Gonzales, Marco",245,149,32.2254270682874,10.2392069985454,9.27722185648453,33.6375510204082,2164.24897959184,0.305699948007389,-0.548291221237651,-6.09519923748326,0.961,0.994,-0.033,FALSE,FALSE,Gonzales
594835,2024,"Gonzales, Marco",139,84,33.795597790188,11.7171637236116,9.53098047276465,30.7151079136691,2134.05035971223,-1.45597229234728,0.820521485218058,4.53372807458816,0.976,0.993,-0.017,FALSE,FALSE,Gonzales
594902,2023,"Lively, Ben",141,60,20.8138740760803,8.31848356645644,6.30774323410546,36.7283687943262,1657.09929078014,0.389561207737023,-4.72701465649131,0.519853512410457,0.967,0.927,0.04,FALSE,FALSE,Lively
594902,2024,"Lively, Ben",216,108,22.2179202378198,8.6525825727478,5.95623993558777,37.3060185185185,1701.48148148148,-0.23056882592107,-1.86019492377066,1.08418976692324,0.989,0.974,0.015,FALSE,FALSE,Lively
595881,2022,"Beede, Tyler",282,144,14.6065118817728,11.6538976490224,11.0131765584173,35.8304964539007,1616.5780141844,1.79876477792204,-8.04446911077802,-1.44084908880598,0.915,0.96,-0.045,FALSE,FALSE,Beede
596001,2025,"Junis, Jakob",205,111,12.5308778161228,11.1450515610812,4.82227820959528,28.0107317073171,1313.28292682927,3.36062791337172,0.18645393901562,-4.13604474510531,0.7,0.755,-0.055,FALSE,FALSE,Junis
596001,2026,"Junis, Jakob",112,63,9.51589058082276,11.0784787907676,5.60049603174603,31.6267857142857,1308.98214285714,0.144360379706192,0.0957454157777138,9.66884950303021,0.776,0.753,0.023,FALSE,FALSE,Junis
596057,2020,"Norris, Daniel",150,69,28.6857285703129,16.7538393887005,5.07178540772532,38.313475177305,1599.34,0.998361259284496,0.623176578012533,12.0445712294342,0.788,0.801,-0.013,FALSE,FALSE,Norris
596057,2021,"Norris, Daniel",286,131,32.3202635015548,18.2752697338268,5.78930581613508,37.6916083916084,1434.83566433566,-0.111255144601532,0.532890246860191,-5.81906046825252,0.767,0.827,-0.06,FALSE,FALSE,Norris
596057,2022,"Norris, Daniel",271,127,30.6335268619623,18.1925804243663,4.46782575933867,32.9911439114391,1425.25092250923,1.78098082222744,4.54756460591992,-1.1047272630118,0.777,0.854,-0.077,FALSE,FALSE,Norris
596071,2021,"Peters, Dillon",143,90,22.6492577703435,8.49842159949175,6.84440559440559,51.7702127659575,1479.08391608392,1.66328709075633,14.4527737764703,13.9540101907086,0.99,0.868,0.122,FALSE,FALSE,Peters
596071,2022,"Peters, Dillon",153,71,25.7896648117099,8.61286153380895,8.1503538426865,44.3477124183007,1542.65359477124,-0.791822941123494,9.25608666527506,9.60200921543267,0.984,0.868,0.116,FALSE,FALSE,Peters
596133,2020,"Weaver, Luke",264,152,13.344953576172,10.4503638113753,9.31534778955908,51.7956730769231,1665.98106060606,0.291009546457832,-1.7634929692248,-8.07004273605288,0.894,0.979,-0.085,FALSE,TRUE,Weaver
596133,2021,"Weaver, Luke",332,178,13.3486620809615,9.18108135448038,8.2724257856167,51.9513595166163,1725.67771084337,-2.48317836251008,-7.90803063666159,3.71693628552754,0.858,0.954,-0.096,FALSE,TRUE,Weaver
596133,2022,"Weaver, Luke",182,96,13.04231812368,12.4638587563937,7.96146485093853,42.4605882352941,1663.96703296703,-0.492188447546606,-9.41145532201573,-1.1798451733151,0.787,0.923,-0.136,FALSE,TRUE,Weaver
596133,2023,"Weaver, Luke",446,218,14.346551677905,9.72853810709954,7.94881513429112,45.5639013452915,1714.10538116592,-1.98897119548982,4.0725846537038,-2.90284682063836,0.764,0.922,-0.158,FALSE,FALSE,Weaver
596133,2024,"Weaver, Luke",381,198,17.073247668972,15.8979041290239,7.06148649716978,44.8531746031746,1870.37532808399,0.143813486945686,6.6550342367317,-2.92581091846682,0.831,0.935,-0.104,FALSE,FALSE,Weaver
596133,2025,"Weaver, Luke",313,171,15.7181281952426,13.6584621189158,6.99596240218548,45.4076677316294,1970.53354632588,1.19567102268624,8.10537132093885,-16.465784285325,0.884,0.96,-0.076,FALSE,FALSE,Weaver
596133,2026,"Weaver, Luke",214,132,15.0676897070847,15.8734970990909,7.31912155504465,45.4177570093458,1895.67289719626,1.77346675551411,0.91271507397424,-13.112464756383,0.795,0.954,-0.159,FALSE,FALSE,Weaver
596295,2021,"Gomber, Austin",358,181,33.055287321418,9.063557556464,8.49387292543049,58.6648414985591,1654.72625698324,1.61200985067507,0.656607124239985,4.80961661835807,0.963,0.995,-0.032,FALSE,FALSE,Gomber
596295,2022,"Gomber, Austin",354,196,32.5473900842299,8.99244846671346,8.93056510988631,53.1412429378531,1644.37005649718,-0.270125853191477,-5.89520802365732,7.33430381120775,0.967,0.992,-0.025,FALSE,FALSE,Gomber
596295,2023,"Gomber, Austin",390,201,29.0058832346171,8.96320232959526,8.96445930880713,53.2225641025641,1641.9641025641,-0.697634119512151,-9.0121456402391,7.05275990368931,0.975,0.995,-0.02,FALSE,FALSE,Gomber
596295,2024,"Gomber, Austin",538,275,29.3987327514295,8.87541770659029,9.35152809888898,52.962015503876,1664.16542750929,-0.282731882200693,-5.54652519886203,-3.63892064314885,0.978,0.994,-0.016,FALSE,FALSE,Gomber
596295,2025,"Gomber, Austin",164,94,28.5216639067273,7.62732686774661,8.48154232424678,51.6810975609756,1661.25,1.92861560811398,-4.019786446396,7.98251959253837,0.978,0.996,-0.018,FALSE,FALSE,Gomber
598287,2021,"Ramirez, Noé",167,97,26.8889446134034,13.1727198654518,5.02718954614136,20.5181818181818,2128.64670658683,1.83832979486374,0.712561874678868,-1.72002537711202,0.716,0.741,-0.025,FALSE,FALSE,Ramirez
598287,2022,"Ramirez, Noé",259,145,26.2468305683836,14.510729676302,5.70748440748441,17.9158301158301,2022.89189189189,-0.281414746560351,1.7791863468481,-0.0800415916909615,0.731,0.789,-0.058,FALSE,FALSE,Ramirez
600917,2022,"Leclerc, José",171,86,6.35654646382411,9.39367452865406,6.7825730994152,41.0594117647059,2153.21637426901,2.03089822093918,6.57851247332481,-8.36166724166235,0.839,0.782,0.057,FALSE,FALSE,Leclerc
600917,2023,"Leclerc, José",130,70,6.69332493901901,7.99077847513028,6.76749287749288,46.471875,2069.63076923077,-0.48360752178617,-1.03179806309342,-23.7591281855757,0.858,0.824,0.034,TRUE,TRUE,Leclerc
600921,2022,"Machado, Andrés",153,85,15.8014702622077,13.4953184653649,6.76711764705882,33.9718954248366,1519.65359477124,1.14353959599914,14.5851450301101,1.33783190387314,0.882,0.961,-0.079,FALSE,FALSE,Machado
600921,2023,"Machado, Andrés",213,116,12.9105154351579,12.8511651468256,6.84150553035729,32.3779342723005,1715.44131455399,2.24437272744039,-3.63113810665839,6.72806774399498,0.916,0.986,-0.07,FALSE,FALSE,Machado
605135,2021,"Bassitt, Chris",243,94,16.54716995914,8.41011537963888,7.91655075745323,38.1406639004149,1957.9670781893,1.2035151059118,-7.37399914263008,-8.29350113481869,0.958,0.836,0.122,FALSE,FALSE,Bassitt
605135,2022,"Bassitt, Chris",173,63,23.9053421014165,8.27016918564804,7.84072874738976,34.5838150289017,1822.96531791908,-1.47145280725167,-6.31700756573172,3.04568457031894,0.96,0.8,0.16,FALSE,FALSE,Bassitt
605135,2023,"Bassitt, Chris",204,99,20.1860286961823,6.53190764995144,8.28599247918345,37.8602941176471,1931.25980392157,1.94432942028995,-14.0328058759331,-5.48743464016832,0.97,0.805,0.165,FALSE,FALSE,Bassitt
605164,2020,"Bundy, Dylan",211,111,24.7426789917655,11.9643507775827,7.76221834206369,51.8850393700788,1620.29383886256,0.187126602285419,5.90285888035296,23.3793422337099,0.936,0.888,0.048,FALSE,FALSE,Bundy
605164,2021,"Bundy, Dylan",202,112,20.9082303467196,12.5269359134006,7.48352817974106,53.7555,1546.5198019802,-1.67095618885549,1.5477433942209,12.9586895542992,0.895,0.885,0.01,FALSE,FALSE,Bundy
605164,2022,"Bundy, Dylan",408,248,23.7360053505846,13.7422365394964,7.85212605042016,53.3210784313726,1361.22549019608,-1.07722736060057,-7.20582858732721,-0.576251223218525,0.91,0.914,-0.004,FALSE,FALSE,Bundy
605182,2022,"Clevinger, Mike",181,86,18.7054275635422,9.18970541772301,7.37909139960635,41.8657458563536,1534.33149171271,0.701036937330353,5.51528139567078,12.8368684904757,0.988,0.955,0.033,FALSE,FALSE,Clevinger
605182,2023,"Clevinger, Mike",268,133,22.2365726177378,10.7902659739579,8.31518465076431,47.2358267716535,1525.51865671642,2.31039040895452,0.983006708667642,-4.79254204114837,0.986,0.953,0.033,FALSE,FALSE,Clevinger
605194,2021,"Cotton, Jharel",163,86,44.2477816907544,15.3795513140779,13.1396212543731,52.1540372670808,2350.55214723926,0.272045410354048,0.342561510344952,-1.248075471281,0.774,0.992,-0.218,FALSE,FALSE,Cotton
605194,2022,"Cotton, Jharel",283,164,45.5595745544431,15.3631226795173,13.0037511042403,49.6459363957597,2396.51590106007,-0.0659677876860732,2.55623812684723,-8.23166394266558,0.765,0.994,-0.229,FALSE,FALSE,Cotton
605200,2021,"Davies, Zach",836,500,22.9440112037666,7.4922199741972,9.76157024793389,39.2775818639799,1691.5,-0.313808769265305,0.56213018980386,-0.653372432289819,0.979,0.984,-0.005,FALSE,FALSE,Davies
605200,2022,"Davies, Zach",761,424,22.0981148956291,7.94886828126793,9.98745786815477,37.2511198945982,1672.47831800263,1.40712277560726,-3.69192989866286,-1.15014547170422,0.989,0.983,0.006,FALSE,FALSE,Davies
605200,2023,"Davies, Zach",369,198,17.2620910935119,8.3872552076386,8.742081015547,36.090756302521,1769.32520325203,-1.21684122481303,4.16151454058362,-0.88810571736685,0.994,0.956,0.038,FALSE,FALSE,Davies
605218,2023,"Edwards Jr., Carl",131,64,24.1987764785446,7.28221793177709,3.65938973589054,52.6015267175573,1743.43511450382,1.68154534416404,8.6302639571237,10.181693641424,0.796,0.683,0.113,FALSE,FALSE,Edwards Jr.
605242,2021,"Fulmer, Michael",133,64,26.0591313483348,13.0553133702532,7.39843358395989,36.5977443609023,1679.69172932331,-0.295896462528227,6.0720172971918,-4.57270423865599,0.859,0.831,0.028,FALSE,FALSE,Fulmer
605280,2025,"Holmes, Clay",434,232,24.40913447191,13.6703105174711,5.11726873472923,41.9764423076923,1105.01152073733,-0.0153635321176038,-0.857879663432248,-4.16560351414865,0.864,0.775,0.089,FALSE,FALSE,Holmes
605288,2021,"Houser, Adrian",257,105,12.5096856853172,9.72108493410279,6.3678648631956,43.22,2064.44357976654,-1.45407703680503,-8.60794334149496,3.52849061633581,0.877,0.925,-0.048,FALSE,TRUE,Houser
605288,2022,"Houser, Adrian",174,72,15.3858421242915,10.4944636523735,8.89621000310656,41.3557471264368,1546.79885057471,0.543265155978918,-4.41885752338407,-2.35876401983085,0.941,0.934,0.007,FALSE,FALSE,Houser
605288,2024,"Houser, Adrian",135,67,17.6737565061347,13.1262775048163,9.57604288499025,38.7933333333333,1540.56296296296,-1.36252134453517,1.40690594254974,-10.0593395125348,0.893,0.935,-0.042,FALSE,FALSE,Houser
605288,2025,"Houser, Adrian",289,151,15.6560816148223,12.2641627983181,9.40578104055613,34.5308771929825,1612.62629757785,-0.434197236084861,0.333214891386508,-15.6372486265971,0.887,0.917,-0.03,FALSE,FALSE,Houser
605288,2026,"Houser, Adrian",231,130,14.8077216321009,12.4991406293268,10.2741647665312,35.7917748917749,1543.99567099567,-0.870302705624078,1.28535357646131,7.63422270575737,0.816,0.907,-0.091,FALSE,FALSE,Houser
605347,2021,"López, Jorge",298,150,24.0397286822529,10.570019623072,6.76808842576239,38.2405693950178,1614.10067114094,-0.198775565879867,-2.56818617040093,9.06272272501898,0.983,0.966,0.017,FALSE,FALSE,López
605347,2022,"López, Jorge",180,87,30.0185147745861,13.8992440490387,7.27277777777778,36.2614525139665,1699.05,0.756323292295402,-1.19256200057722,9.97701355038881,0.982,0.981,0.001,FALSE,FALSE,López
605359,2020,"Marshall, Evan",150,99,19.404676316397,10.2348273288302,5.14170175438596,27.764,1691.93333333333,1.71520296830031,4.44666321207956,-5.77503957129537,0.957,0.894,0.063,FALSE,FALSE,Marshall
605359,2021,"Marshall, Evan",153,90,10.1720402660405,11.1005401194067,4.72627450980393,33.1575163398693,1657.87581699346,-2.52294010425656,4.65974013087891,-12.7817273901383,0.959,0.859,0.1,FALSE,FALSE,Marshall
605397,2021,"Musgrove, Joe",142,70,10.0121161741022,9.39425556677468,6.2683922935607,33.4063829787234,2069.2676056338,-1.12450675789152,0.524887215136561,-3.03049244178238,0.616,0.627,-0.011,FALSE,FALSE,Musgrove
605397,2022,"Musgrove, Joe",169,88,11.9929519563948,10.3445697916841,6.49104762244243,33.1727810650888,1970.33136094675,0.0727914810321121,-1.63257130676018,7.13208710232683,0.668,0.664,0.004,FALSE,FALSE,Musgrove
605397,2023,"Musgrove, Joe",176,96,20.0551384438953,9.36836914871634,5.95340312574564,30.8382165605096,2092.60795454545,0.123850610714101,10.2097063017721,-1.01028503487437,0.647,0.662,-0.015,FALSE,FALSE,Musgrove
605397,2024,"Musgrove, Joe",119,63,22.386063129942,10.1031136407099,5.89731738849386,28.7718181818182,2114.75630252101,-3.94917200852814,14.4475247028639,-8.76768718016319,0.62,0.633,-0.013,FALSE,FALSE,Musgrove
605400,2020,"Nola, Aaron",314,172,27.5293161689569,12.2248124113895,7.92599338123626,15.8294392523365,1517.55095541401,1.31312152528539,5.00679973125172,24.0159079507259,0.991,0.976,0.015,FALSE,FALSE,Nola
605400,2021,"Nola, Aaron",589,343,26.7077528328819,12.8981308159081,7.75060671351459,19.2670932358318,1511.02376910017,-0.205722853667866,3.7554666914362,4.00175065093143,0.993,0.968,0.025,FALSE,FALSE,Nola
605400,2022,"Nola, Aaron",439,235,23.8583331014699,12.8772767377039,6.8425664540927,17.2175398633257,1481.61731207289,-1.6843539974522,-0.318739772510877,5.14736392260941,0.994,0.961,0.033,FALSE,FALSE,Nola
605400,2023,"Nola, Aaron",382,181,24.2121262651768,11.6202482645975,6.84357298474945,19.2492146596859,1557.05759162304,0.0190490582395437,4.25695455237084,-6.51151750723758,0.993,0.955,0.038,FALSE,FALSE,Nola
605400,2024,"Nola, Aaron",307,126,23.5667283643498,12.0846390482361,6.78140740221557,16.5726384364821,1558.34527687296,-0.519130839893377,-10.7527763902472,4.00860549659607,0.992,0.938,0.054,FALSE,FALSE,Nola
605400,2025,"Nola, Aaron",242,125,26.1045023406939,12.2952058105903,6.9695737277077,15.8557851239669,1602.72314049587,-0.00171901476609985,3.79788517530444,-8.51345892448278,0.994,0.952,0.042,FALSE,FALSE,Nola
605400,2026,"Nola, Aaron",301,138,23.1474447792556,12.5866757036573,6.77422630109857,15.8475083056478,1550.88372093023,0.959482491795556,5.4913977341444,-6.30521224556853,0.994,0.948,0.046,FALSE,FALSE,Nola
605483,2020,"Snell, Blake",167,72,14.4057767952104,9.38340491684914,7.03481415547283,51.7181208053691,1739.4251497006,0.510089330748093,-7.85433627405967,27.6652004551017,0.984,0.927,0.057,FALSE,TRUE,Snell
605483,2021,"Snell, Blake",233,83,17.7326701490117,10.3515130448887,6.82912004964735,53.55,1734.12446351931,-3.88625958053136,-12.7499243088837,-7.05454509822462,0.975,0.935,0.04,FALSE,FALSE,Snell
605483,2023,"Snell, Blake",584,312,23.1736005958119,10.9373549383017,8.77584859853846,53.8855633802817,1795.58219178082,0.520738223313018,2.37760303081057,0.755343108555385,0.985,0.924,0.061,FALSE,FALSE,Snell
605483,2024,"Snell, Blake",311,166,24.3063079229987,11.8517349644672,10.3936161296513,53.6041800643087,1815.95498392283,-1.18460753646239,-2.65477357186666,5.85810570545467,0.982,0.937,0.045,FALSE,FALSE,Snell
605483,2025,"Snell, Blake",243,131,25.5045727736368,10.8190218861016,9.65038855820106,52.7884773662552,1793.12757201646,1.0131005659426,-2.75170828789156,12.4571221192006,0.985,0.92,0.065,FALSE,FALSE,Snell
605488,2021,"Springs, Jeffrey",209,85,15.1583116999197,9.1819094214461,9.41914331282753,50.0497076023392,1475.85167464115,1.58494545672731,8.57594827320837,0.0420122484070722,0.988,0.987,0.001,FALSE,FALSE,Springs
605488,2022,"Springs, Jeffrey",729,431,12.3483820353396,11.6746321543891,10.2872598446217,47.3966850828729,1415.02469135802,0.520301013482564,1.40909008578407,-1.70277891929738,0.975,0.988,-0.013,FALSE,TRUE,Springs
605488,2024,"Springs, Jeffrey",178,103,12.0320906889057,13.443395141493,10.2857584269663,45.1,1382.91011235955,-0.932428328040566,7.60742357062132,-13.2435300601851,0.896,0.965,-0.069,FALSE,TRUE,Springs
605488,2025,"Springs, Jeffrey",720,424,14.2438709058991,10.7661108844654,11.5550934718781,45.1991666666667,1394.775,-0.58790859762633,5.49552461098611,-5.17754987301154,0.958,0.991,-0.033,FALSE,TRUE,Springs
605488,2026,"Springs, Jeffrey",415,229,20.1536933138765,11.5970872506451,11.8838024896521,47.0465060240964,1384.76626506024,-1.97933008176833,-0.90828720163147,-6.73605148208538,0.956,0.996,-0.04,FALSE,FALSE,Springs
605507,2021,"Thompson, Zach",151,75,15.8347222005244,10.9685297217146,6.76753110107074,42.2182432432432,1738.43708609272,1.19536156393804,9.49261487501031,-0.623052123194761,0.736,0.748,-0.012,FALSE,FALSE,Thompson
605507,2022,"Thompson, Zach",177,94,24.2919827983081,9.17202492290766,6.53991863089061,42.1344632768362,1863.57627118644,-4.75016889508335,-4.14517741973867,-8.2321383136429,0.721,0.689,0.032,FALSE,FALSE,Thompson
605540,2020,"Woodruff, Brandon",212,107,18.2815773626314,10.9531827993001,9.84094520176944,42.3419512195122,1817.42924528302,-0.845911008401249,-6.29416370448185,11.6820756664699,0.972,0.889,0.083,FALSE,FALSE,Woodruff
605540,2021,"Woodruff, Brandon",397,216,18.4995116378719,12.8040377037753,10.0545832063192,41.6078880407125,1905.76826196474,0.561067954434895,2.05831462084884,-8.49593485870957,0.891,0.876,0.015,FALSE,FALSE,Woodruff
605540,2022,"Woodruff, Brandon",386,199,18.0365050113574,11.7561073676665,10.1410253465901,42.7826424870466,2012.48186528497,-1.03469962558391,13.2854019232875,-6.93426381431956,0.923,0.899,0.024,FALSE,FALSE,Woodruff
605540,2023,"Woodruff, Brandon",205,100,20.9779535961864,12.3698489488394,10.0588712422008,41.2268292682927,2004.78536585366,2.88200381311186,2.19995988283989,0.992742826182515,0.86,0.897,-0.037,FALSE,FALSE,Woodruff
605540,2025,"Woodruff, Brandon",170,99,22.1619054643092,11.650232960024,9.46486486486486,41.2647058823529,1907.97647058824,4.80145653118561,2.81600289194029,9.77951013306363,0.839,0.872,-0.033,FALSE,FALSE,Woodruff
605540,2026,"Woodruff, Brandon",136,68,22.9334020089841,11.7897414321154,9.47239637848022,39.7647058823529,1774.07352941176,2.29555740516096,6.09482472040584,-15.6426934079039,0.844,0.863,-0.019,FALSE,FALSE,Woodruff
606160,2021,"Montero, Rafael",166,86,13.0476129544233,11.3040882589975,6.01866300152064,29.4714285714286,2014.89156626506,-0.635574633615133,-7.75876835396406,19.619963541844,0.887,0.867,0.02,FALSE,FALSE,Montero
606160,2022,"Montero, Rafael",210,87,13.8938720692595,11.8291581342026,5.32120493541547,27.0966666666667,2056.96666666667,1.62375352123278,-3.22576668274343,5.17594721470564,0.93,0.883,0.047,FALSE,FALSE,Montero
606160,2023,"Montero, Rafael",277,135,12.6233712298745,11.2265402820594,4.62571850532139,31.4447653429603,2057.11913357401,-2.29617435790316,4.45969571923402,3.15115673353531,0.922,0.888,0.034,FALSE,FALSE,Montero
606160,2024,"Montero, Rafael",159,74,12.2388409304068,11.2639555644828,4.39217691215257,31.0025641025641,2090.32075471698,-1.90134772774801,-12.4590948306338,3.28484814438308,0.938,0.908,0.03,FALSE,FALSE,Montero
606303,2023,"Payamps, Joel",138,67,21.5324037327261,13.6508630542235,6.3236231884058,29.081884057971,2076.84782608696,0.214442354676916,-9.11241104284428,-3.638118290721,0.723,0.761,-0.038,FALSE,FALSE,Payamps
606424,2021,"García, Jarlín",245,130,13.6217487131318,5.6999822982675,7.94816326530612,40.3487704918033,2150.09387755102,1.73791975124853,-2.54410031446912,-2.62155034156904,0.984,0.991,-0.007,FALSE,FALSE,García
606965,2023,"Devenski, Chris",347,187,20.4730730848981,12.6515027545839,10.7451634500626,44.1559766763848,1620.9711815562,1.2340822135493,-1.75376778171708,-1.54620894500439,0.914,0.952,-0.038,FALSE,FALSE,Devenski
606965,2024,"Devenski, Chris",253,99,21.2132535509778,14.0041905314705,10.333907773386,44.5897233201581,1697.63241106719,0.724763749402257,-3.94482513560227,-20.0086065927441,0.908,0.963,-0.055,FALSE,FALSE,Devenski
607067,2024,"Rea, Colin",235,132,28.7388677489065,10.5570735638358,6.42975012370115,35.3455319148936,1413.27234042553,-1.34961616653623,-1.94951636773916,3.59725632699883,0.958,0.829,0.129,FALSE,FALSE,Rea
607067,2025,"Rea, Colin",306,157,31.8311456558227,15.0651979393811,6.50575238024166,31.2277777777778,1417.87581699346,-1.94630105866706,3.02207120129903,-3.3721453732351,0.906,0.874,0.032,FALSE,FALSE,Rea
607067,2026,"Rea, Colin",342,170,33.2422848726926,15.6606047814368,6.05035537561853,29.7918128654971,1399.0730994152,1.34146806239238,-1.34177446554509,6.79110953026798,0.84,0.859,-0.019,FALSE,FALSE,Rea
607074,2021,"Rodón, Carlos",274,123,25.9924940697158,9.30161879314135,10.1154787132654,43.870802919708,1673.32481751825,-2.47693674648958,-5.74628956521721,-12.2560430799549,0.989,0.976,0.013,FALSE,FALSE,Rodón
607074,2024,"Rodón, Carlos",400,208,13.5958473077228,17.124461008825,9.94135450685826,43.62725,1656.41,1.64551907095546,7.6047959491343,1.56522758526605,0.774,0.964,-0.19,FALSE,FALSE,Rodón
607074,2025,"Rodón, Carlos",519,274,9.91906290397177,15.9432766184563,9.12701139283548,43.4136801541426,1649.74373795761,1.41185911228504,-1.09035194634801,-0.585503984872135,0.793,0.978,-0.185,FALSE,FALSE,Rodón
607074,2026,"Rodón, Carlos",129,66,7.83859734386312,15.3387197587321,8.82354861813279,44.4139534883721,1657.78294573643,0.984511952936249,2.71593800509404,-1.62081949888972,0.768,0.978,-0.21,FALSE,FALSE,Rodón
607216,2022,"Krehbiel, Joey",322,164,27.9290884459668,15.394850934578,10.0481375675028,25.5245341614907,1495.22670807453,0.682593631296873,-5.13699211059123,0.706323244165721,0.947,0.959,-0.012,FALSE,FALSE,Krehbiel
607231,2021,"Gant, John",443,200,18.6458736527284,11.2370621127552,11.7128401082143,48.5095671981777,1482.16027088036,-0.184339576667877,1.57404746176327,-0.774291034287592,0.964,0.968,-0.004,FALSE,FALSE,Gant
607259,2022,"Martinez, Nick",432,237,41.2522038756451,15.0594001864223,13.6868911269089,55.1861111111111,1716.77083333333,0.566305923958712,2.65010606404025,-2.94244153698087,0.884,0.897,-0.013,FALSE,FALSE,Martinez
607259,2023,"Martinez, Nick",504,284,36.6742340734762,14.4143224422754,12.6027175005023,60.183864118896,2001.89682539683,2.19509277534692,6.09027933358219,7.51569611254503,0.803,0.897,-0.094,FALSE,FALSE,Martinez
607259,2024,"Martinez, Nick",459,266,35.3225786726636,13.232396163293,12.4965701056577,60.7056644880174,2105.28322440087,0.370745647897525,5.11143106471556,2.21877212712894,0.82,0.904,-0.084,FALSE,FALSE,Martinez
607259,2025,"Martinez, Nick",510,253,43.1481884495415,14.9577075718287,14.1035511982571,60.3535294117647,2010.39803921569,-0.916338416832814,0.0939092382832262,-3.81157662897056,0.771,0.915,-0.144,FALSE,FALSE,Martinez
607259,2026,"Martinez, Nick",450,227,43.0290617119762,15.2727584252083,14.4602875816993,58.7184444444445,1848.97333333333,1.18313513501554,-3.25641357759538,-9.64839641829781,0.818,0.902,-0.084,FALSE,FALSE,Martinez
607455,2021,"Banda, Anthony",221,122,26.4088829326411,11.1264708969575,7.93029617441383,41.3140271493213,1780.22624434389,-0.141035487343546,-2.97633824640986,-7.14375098607986,0.961,0.996,-0.035,FALSE,FALSE,Banda
607455,2022,"Banda, Anthony",206,108,28.0543891292149,12.5509037923967,8.62664961339458,36.9101941747573,1747.65048543689,-2.71146983321396,-12.4597522612998,-16.6322137766166,0.971,0.996,-0.025,FALSE,FALSE,Banda
607536,2020,"Freeland, Kyle",274,150,13.7976551735571,10.2448324039436,6.17661759247805,28.7286666666667,1375.39781021898,0.929364848970669,-5.12235627229035,1.85339103881106,0.946,0.833,0.113,FALSE,FALSE,Freeland
607536,2021,"Freeland, Kyle",317,131,8.68137958648642,6.47844210897712,5.69631111987382,32.9753164556962,1523.94006309148,-0.740206606486841,-2.21445594542372,-8.85554910123089,0.918,0.752,0.166,FALSE,FALSE,Freeland
607536,2022,"Freeland, Kyle",393,163,9.11321460491182,6.95867996963747,5.49029049082933,28.0114503816794,1477.4427480916,-1.61101713889354,-3.00401314159945,5.29951799436915,0.931,0.754,0.177,FALSE,FALSE,Freeland
607536,2023,"Freeland, Kyle",305,152,8.4193331077885,6.63766566543,4.42160947010718,27.4393442622951,1629.79344262295,-1.98815509079492,-2.69839974340367,-11.7517217970612,0.921,0.816,0.105,FALSE,FALSE,Freeland
607536,2024,"Freeland, Kyle",206,98,17.0988493811945,9.47958476810451,5.91924757281554,28.5169902912621,1545.74757281553,-0.869489208138444,-1.47877444349994,-12.6559864272288,0.958,0.878,0.08,FALSE,FALSE,Freeland
607536,2026,"Freeland, Kyle",231,123,16.1633114623055,9.46987711860448,5.07893531589183,31.978354978355,1640.90476190476,-1.53830675728138,0.184704882003433,-2.03048074940556,0.956,0.869,0.087,FALSE,FALSE,Freeland
607625,2023,"Lugo, Seth",129,62,7.77550571612533,12.9337165929255,7.11674542141511,39.4109243697479,1545.12403100775,-0.777757637288164,6.46804930887569,12.6147182427515,0.746,0.89,-0.144,FALSE,FALSE,Lugo
607625,2024,"Lugo, Seth",207,99,22.8311113267504,11.9640147322359,4.91024012122625,31.5444444444444,1853.61352657005,0.422263178105254,5.02107619381414,-2.11201953320797,0.857,0.841,0.016,FALSE,FALSE,Lugo
607625,2025,"Lugo, Seth",229,116,20.7314024794182,11.6011458937915,5.50494992547656,31.3366812227074,1671.38864628821,-2.05609116193358,-2.73536402700208,-9.15643236007057,0.87,0.849,0.021,FALSE,FALSE,Lugo
607625,2026,"Lugo, Seth",172,82,25.5253973638957,13.2263745618773,6.80950685554125,28.1744186046512,1731.33720930233,3.04429088900086,-2.96704740821256,-8.22117744021416,0.904,0.883,0.021,FALSE,FALSE,Lugo
607644,2020,"Means, John",182,109,20.145423295875,5.76054004788927,8.91901098901099,45.4466666666667,2407.26373626374,-0.776603382418464,-11.0096971979614,7.9499634714328,0.99,0.947,0.043,FALSE,FALSE,Means
607644,2021,"Means, John",634,386,22.0625508853143,6.86506209652279,9.40125561095847,49.7988467874794,2255.42744479495,-1.03391277557767,-3.49911640508602,3.66471466434323,0.981,0.972,0.009,FALSE,FALSE,Means
607644,2023,"Means, John",113,77,24.1112453825307,8.14366697694805,10.7584507042254,47.8902654867257,2132.81415929204,1.48984402704537,-12.0207679194505,-13.5405761840965,0.944,0.973,-0.029,FALSE,FALSE,Means
608032,2021,"Estévez, Carlos",190,92,21.5341453416344,11.1681030290369,8.32515901626212,37.2079787234043,1593.43157894737,2.87812076892945,-0.630984681913809,4.0497830199951,0.945,0.987,-0.042,FALSE,FALSE,Estévez
608032,2022,"Estévez, Carlos",148,70,19.6963871693243,10.8243099484839,9.09798800887117,36.3074324324324,1660.18918918919,0.850254755142303,-1.19562147403436,-8.89403297963432,0.887,0.994,-0.107,FALSE,FALSE,Estévez
608032,2025,"Estévez, Carlos",163,84,21.9300118876982,10.2464853623798,8.00327638146756,40.4104294478528,1616.89570552147,2.12098534366299,-6.4043978364324,-11.1176153171271,0.865,0.99,-0.125,FALSE,FALSE,Estévez
608331,2022,"Fried, Max",397,215,25.8351258673823,9.75355685233061,7.46409739714525,44.8624685138539,1412.81863979849,1.90269199968606,2.82900250945862,-8.07644367410508,0.883,0.741,0.142,FALSE,FALSE,Fried
608331,2023,"Fried, Max",201,104,28.9706599937469,10.084649323479,7.8367785134478,43.8336683417085,1453.15422885572,0.883713626518992,5.2957038703092,13.0355433143282,0.841,0.733,0.108,FALSE,FALSE,Fried
608331,2024,"Fried, Max",377,195,31.9055557716708,8.15174493264393,8.12366719796363,41.0289124668435,1420.71883289125,0.963729637285274,-0.742549740131726,13.0895312680086,0.873,0.665,0.208,FALSE,FALSE,Fried
608331,2025,"Fried, Max",340,163,26.1450595209777,13.9283074482027,10.6691021671827,39.9205882352941,1658.37058823529,-0.388212463573123,-3.84268328898471,2.54126884023353,0.785,0.809,-0.024,FALSE,FALSE,Fried
608331,2026,"Fried, Max",132,67,25.141768610884,14.4070392363737,9.30792098197162,40.6318181818182,1689.7803030303,1.17356786711812,-5.57923312414748,-5.82905932900231,0.821,0.9,-0.079,FALSE,FALSE,Fried
608334,2024,"Fulmer, Carson",397,196,22.8844194490044,14.1007071095087,5.36054691624308,36.8088161209068,1412.91687657431,-0.0601970591263617,1.52014751352639,0.993218216011865,0.922,0.89,0.032,FALSE,FALSE,Fulmer
608334,2025,"Fulmer, Carson",130,85,24.5032759573007,14.5370416439,5.78892037786775,33.9584615384615,1419.8,0.706767582580076,4.01105753257955,-7.87599516155988,0.922,0.889,0.033,FALSE,FALSE,Fulmer
608337,2020,"Giolito, Lucas",408,238,18.1387905193655,9.93158493169377,13.1031567350067,57.1325333333333,1410.19117647059,0.855209724707711,2.66752838204311,11.682646501309,0.99,0.994,-0.004,FALSE,FALSE,Giolito
608337,2021,"Giolito, Lucas",940,535,19.4190432635712,10.3140476236451,12.3437808004442,55.6479099678457,1491.65319148936,0.297856280921364,0.967773105666203,-5.52183668242868,0.987,0.993,-0.006,FALSE,FALSE,Giolito
608337,2022,"Giolito, Lucas",671,354,19.407601916984,10.0710605058492,11.5935786286774,56.223695976155,1443.68107302534,-0.380962653257752,2.61654853279306,-4.35786168106711,0.981,0.985,-0.004,FALSE,FALSE,Giolito
608337,2023,"Giolito, Lucas",900,471,20.6209448994197,10.5091566681445,12.1766453759148,50.216,1546.84666666667,-0.498556128496522,-0.983063216416656,-1.64487543325224,0.98,0.98,0,FALSE,FALSE,Giolito
608337,2025,"Giolito, Lucas",534,296,15.8738476788326,9.17458334933185,11.5974414078472,51.4668539325843,1672.66853932584,-0.372779548865535,-6.53175039043798,-3.44042640824132,0.99,0.995,-0.005,FALSE,FALSE,Giolito
608337,2026,"Giolito, Lucas",191,86,18.7372025404754,7.52060643663604,11.8122156427902,54.5424083769634,1541.35078534031,-1.75093059856243,-8.72170825547001,-16.8688655275762,0.993,0.992,0.001,FALSE,FALSE,Giolito
608344,2021,"Irvin, Cole",579,319,16.3305942819349,8.80196392678424,6.51834203329648,45.5415652173913,1583.86010362694,0.620113324131582,-6.44144126308882,-1.61227795917606,0.989,0.983,0.006,FALSE,FALSE,Irvin
608344,2022,"Irvin, Cole",465,259,17.7717142864254,10.220800630628,7.67779016964307,40.1498924731183,1551.46666666667,1.00917828484893,-6.26599845282733,-3.90240508608797,0.991,0.991,0,FALSE,FALSE,Irvin
608344,2023,"Irvin, Cole",268,131,15.2018659176423,10.0741666500932,7.97731616308701,40.2873134328358,1561.51119402985,-3.52046540760947,-12.8430525794379,-9.05326685755294,0.993,0.985,0.008,FALSE,FALSE,Irvin
608344,2024,"Irvin, Cole",227,133,15.078501736571,8.9569592136346,6.84443465491924,38.9453744493392,1561.66960352423,-1.32261393930405,0.516000926922013,-3.87603970459627,0.992,0.977,0.015,FALSE,FALSE,Irvin
608379,2020,"Wacha, Michael",123,63,27.2538686754675,11.3336113396139,7.13035916435113,47.1486956521739,1524.56910569106,0.116040987692695,7.57792161424208,6.28757130083756,0.905,0.978,-0.073,FALSE,FALSE,Wacha
608379,2021,"Wacha, Michael",557,332,31.4492772181629,10.8569521907754,6.84546901089238,52.5396584440228,1549.67145421903,0.164601682837044,-0.653487074367856,-0.507458137334779,0.891,0.985,-0.094,FALSE,FALSE,Wacha
608379,2022,"Wacha, Michael",578,342,32.7395253501391,9.61303911492348,8.73269512942928,55.5102076124568,1582.93079584775,0.502635823605401,3.74241978632981,2.70482630093082,0.838,0.991,-0.153,FALSE,FALSE,Wacha
608379,2023,"Wacha, Michael",765,453,33.7616472331941,11.6113854722345,10.3520327002274,54.5756862745098,1521.90980392157,0.172759621412612,2.78764655930075,-5.26224055996135,0.841,0.992,-0.151,FALSE,FALSE,Wacha
608379,2024,"Wacha, Michael",839,472,34.3592511499344,15.0801994714706,12.3862393152307,53.5264600715137,1549.35280095352,0.186040561292315,0.0178950809312933,-0.560248652917576,0.802,0.992,-0.19,FALSE,FALSE,Wacha
608379,2025,"Wacha, Michael",677,402,40.6390962443588,13.523592809517,13.2137789848448,53.260237388724,1536.82127031019,1.1256093845377,-6.08400007382984,-7.02622055337072,0.782,0.986,-0.204,FALSE,FALSE,Wacha
608379,2026,"Wacha, Michael",469,245,39.5581938943684,13.3032232610952,12.5051762292434,55.8424307036247,1536.38592750533,0.211386581098621,-4.2266073118806,1.48082452471092,0.787,0.987,-0.2,FALSE,FALSE,Wacha
608650,2025,"Enns, Dietrich",207,122,42.6149693118061,15.3627702892001,9.3713697073032,50.1521739130435,1084.35748792271,1.45811070577044,-4.06445304924095,1.2852354558932,0.984,0.96,0.024,FALSE,FALSE,Enns
608665,2022,"Graveman, Kendall",137,77,6.99985918666463,12.2643739191379,5.81932025547446,41.621897810219,1764.40875912409,0.254407101632719,-6.44276390921524,4.67844535351295,0.897,0.911,-0.014,FALSE,FALSE,Graveman
608716,2021,"Steckenrider, Drew",159,80,19.2615039953788,10.6608329540773,6.40751698892069,52.0012903225807,1675.51572327044,2.29407795304035,-0.714133712166591,12.7461140963023,0.979,0.971,0.008,FALSE,FALSE,Steckenrider
608717,2021,"Stratton, Chris",163,83,18.7628590754146,11.3532813778897,6.43352050713271,41.3291925465839,2246.99386503068,1.88579368467124,8.37213049003432,0.0436012520521929,0.747,0.71,0.037,FALSE,FALSE,Stratton
608718,2022,"Suter, Brent",264,122,27.1059732848983,3.68262713374362,9.23735363767926,50.5719696969697,1478.80303030303,2.58838090231192,13.4361377403131,-11.7567222782751,0.937,0.667,0.27,FALSE,FALSE,Suter
608718,2023,"Suter, Brent",307,149,26.1613455780808,3.24871398142496,9.77717509323514,50.5504885993485,1587.92508143322,1.58641474125414,4.13170273325516,2.44416385138577,0.929,0.66,0.269,FALSE,FALSE,Suter
608718,2024,"Suter, Brent",202,94,25.5767185666364,3.56460345756565,10.3160576057606,51.7935643564357,1595.92079207921,-1.13146941029849,-7.04493111142157,2.92183261340251,0.931,0.69,0.241,FALSE,FALSE,Suter
608718,2025,"Suter, Brent",251,110,24.749078789771,5.01550139494262,10.5591493897023,48.1537848605578,1687.96015936255,-2.28083529093457,-2.42870644904292,2.06453617386075,0.942,0.705,0.237,FALSE,FALSE,Suter
608718,2026,"Suter, Brent",307,151,21.5377583729834,7.31687060548271,11.2395531043332,45.1345276872964,1548.95765472313,0.471781481353646,-1.28946056004021,8.90901740623748,0.899,0.769,0.13,FALSE,FALSE,Suter
614179,2022,"Ruiz, José",247,123,15.8710431553008,11.3879710558274,7.05240551993573,41.5748987854251,1795.33198380567,-0.036378093587941,-2.05222882249315,5.20291202638204,0.92,0.933,-0.013,FALSE,FALSE,Ruiz
615698,2021,"Quantrill, Cal",313,155,15.2799694442694,9.29420133700081,9.39337035506596,45.128275862069,1354.16932907348,-0.26168753922417,-10.4527613884383,-3.086436441157,0.973,0.961,0.012,FALSE,FALSE,Quantrill
615698,2022,"Quantrill, Cal",330,195,14.1831666857772,11.3426666522378,8.55825174825174,43.7084848484849,1529.90606060606,0.778521211879734,-7.96157139746992,2.28547492789064,0.979,0.978,0.001,FALSE,TRUE,Quantrill
615698,2023,"Quantrill, Cal",173,77,15.6498863537988,10.6176316716447,7.56574195181637,43.6965317919075,1529.73988439306,-2.4313278095321,-9.69725536978187,-12.2674325356908,0.977,0.987,-0.01,FALSE,FALSE,Quantrill
621076,2021,"Kaprielian, James",319,151,18.5300048889818,14.1857955503401,9.22774968505552,36.2690851735016,1299.43887147335,0.974893895821199,-6.57556550726488,-1.55887560490381,0.574,0.904,-0.33,FALSE,FALSE,Kaprielian
621076,2022,"Kaprielian, James",226,119,26.1872901887084,14.7112393842343,8.73502458210422,36.5110619469027,1365.00442477876,-2.27088263203102,-4.34929772436084,8.07757090582236,0.582,0.916,-0.334,FALSE,FALSE,Kaprielian
621107,2021,"Eflin, Zach",173,106,9.70588868695177,8.45474667039984,7.78526878612717,31.241875,1693.43352601156,-1.12072709950506,-4.32789104785655,3.3229855154651,0.982,0.888,0.094,FALSE,FALSE,Eflin
621107,2024,"Eflin, Zach",146,76,17.0079809275094,10.3454265501992,6.91336451720682,27.7082191780822,1596.32876712329,0.890986428414017,-14.4577621590273,-2.99668350616088,0.93,0.836,0.094,FALSE,FALSE,Eflin
621107,2025,"Eflin, Zach",187,105,17.7587909356969,10.4054222445613,5.37326921006353,24.1818181818182,1649.75935828877,2.41101154754159,-6.95825607360049,2.84241191033897,0.92,0.832,0.088,FALSE,FALSE,Eflin
621111,2021,"Buehler, Walker",150,81,35.4429965633179,14.4309867694656,3.84807116920842,42.0590604026846,1521.40666666667,3.4907822112657,7.29831482266957,19.7162815156869,0.93,0.864,0.066,FALSE,FALSE,Buehler
621111,2025,"Buehler, Walker",150,60,32.8361022025962,12.8707936683322,4.30039229843562,36.19,1560.3,-0.671050901843696,1.78507273560812,2.72786506635723,0.948,0.915,0.033,FALSE,FALSE,Buehler
621111,2026,"Buehler, Walker",172,75,33.5929472796498,13.7826941717088,4.87445201817695,41.6802325581395,1244.60465116279,-4.3345772933551,4.12453380650337,-15.5905464701095,0.918,0.903,0.015,FALSE,FALSE,Buehler
621112,2022,"Blackburn, Paul",223,101,9.65980800923388,9.66983108623398,5.52334463524007,50.7668161434978,1810.466367713,-0.235690396193949,9.65560855920029,-3.05063499649631,0.803,0.873,-0.07,TRUE,TRUE,Blackburn
621112,2023,"Blackburn, Paul",209,108,8.44802800502953,10.3725708984042,5.90973938342359,49.9191387559809,1686.04784688995,2.07230670890747,12.0131781212129,-5.32663964400095,0.785,0.905,-0.12,FALSE,TRUE,Blackburn
621112,2024,"Blackburn, Paul",213,121,8.88893932180568,11.4106336255322,6.26228415691892,50.3070422535211,1746.41314553991,2.1197642334752,7.08439719201218,11.0894468584603,0.748,0.892,-0.144,FALSE,TRUE,Blackburn
621121,2025,"McCullers Jr., Lance",195,79,34.4265115505746,14.5350043919826,5.11503722084368,25.1451282051282,1855.08205128205,-1.82072956769004,-1.42890404753795,3.09341331474404,0.823,0.732,0.091,FALSE,FALSE,McCullers Jr.
621219,2020,"Mills, Alec",144,72,15.9814528461465,10.7995384549,9.07537482566248,32.1801801801802,1709.34027777778,2.78786691377494,0.51238909918769,12.8643316640852,0.873,0.87,0.003,FALSE,FALSE,Mills
621219,2021,"Mills, Alec",315,159,15.0912417856513,10.3054457606266,9.64795093795093,36.6246006389776,1749.73968253968,-0.101136845468029,2.38027382136755,19.2518706449702,0.858,0.879,-0.021,FALSE,FALSE,Mills
621244,2020,"Berríos, José",206,101,31.8771907667863,12.9533227788044,9.83459501663385,33.3347826086957,1531.27184466019,0.910442024419658,4.50834003207879,-1.58573413937986,0.951,0.963,-0.012,FALSE,FALSE,Berríos
621244,2021,"Berríos, José",401,190,29.7566076441302,11.7423807699588,9.24724101695447,35.2162790697675,1521.49625935162,1.71013062239091,-1.93239987588931,-5.79208913980212,0.954,0.919,0.035,FALSE,FALSE,Berríos
621244,2022,"Berríos, José",401,219,33.2030949878262,11.6392595019717,9.32530307564422,32.0763092269327,1524.11970074813,-0.17777904861639,-6.15646341371769,-1.62555193751694,0.962,0.914,0.048,FALSE,FALSE,Berríos
621244,2023,"Berríos, José",543,303,30.5070567800494,13.3492654305627,10.1409931795256,39.6337016574586,1436.36095764273,-0.0773696352402062,2.03605484420019,-6.67489525399659,0.982,0.917,0.065,FALSE,FALSE,Berríos
621244,2024,"Berríos, José",457,245,30.9598309277014,11.9453378130276,9.28103614331597,37.7067833698031,1587.57768052516,0.623733514081277,-2.9050107303727,-4.81681253752649,0.976,0.927,0.049,FALSE,FALSE,Berríos
621244,2025,"Berríos, José",434,247,27.8491950812734,12.0831982772927,7.80197420151088,37.3064516129032,1555.01843317972,-0.00181727257949884,8.32427706385055,-4.89379017529322,0.984,0.934,0.05,FALSE,FALSE,Berríos
621249,2021,"Underwood Jr., Duane",321,152,13.3073535843991,9.69907271074355,6.29903529653794,47.7506578947368,1608.65420560748,0.34403414188862,6.17507772791976,-0.6054140285152,0.923,0.918,0.005,FALSE,TRUE,Underwood Jr.
621249,2022,"Underwood Jr., Duane",209,101,18.6005346372262,10.4808484839479,6.23078149920255,45.2143540669857,1498.58373205742,-0.601012721133697,7.32188998560879,-9.01065843906645,0.934,0.858,0.076,FALSE,FALSE,Underwood Jr.
621295,2021,"Wittgren, Nick",235,116,24.1620705658832,14.2057168782939,6.74332446808511,29.0048672566372,1748.74042553192,-0.772373225380819,-1.22450091330812,4.89646654356441,0.81,0.92,-0.11,FALSE,FALSE,Wittgren
621345,2021,"Minter, A.J.",117,65,26.8584032237662,16.0264259593232,8.88595257788806,37.61,1722.57264957265,-0.760011214464816,-1.52133589593959,5.35748994450359,0.9,0.884,0.016,FALSE,FALSE,Minter
621345,2022,"Minter, A.J.",196,88,29.8220590044601,16.5945761906298,9.03515975706364,35.2734693877551,1651.02040816327,2.66342241574649,-5.43679892657135,-4.91991015133843,0.918,0.897,0.021,FALSE,FALSE,Minter
621345,2023,"Minter, A.J.",144,79,28.5558121772349,14.1925358653323,9.14950515635396,38.7713286713287,1636.70138888889,0.420062561399691,4.89229689437365,3.45105739688343,0.911,0.883,0.028,FALSE,FALSE,Minter
621368,2021,"Hearn, Taylor",212,85,3.83074775945221,11.6821908559012,8.10823316881952,36.43,1739.44339622642,0.0544874228348432,-7.18563823025608,-7.23440597223173,0.846,0.901,-0.055,FALSE,FALSE,Hearn
621368,2022,"Hearn, Taylor",153,72,4.16192561637818,9.53001774032449,7.18596955090708,35.5555555555556,1768.51633986928,-2.03448464611526,-4.84526642405675,-1.97019381875152,0.874,0.939,-0.065,FALSE,FALSE,Hearn
621383,2022,"Banks, Tanner",180,93,8.42564789470838,11.6953577337956,7.90556106975462,49.6955555555556,1778.2,-0.0990942337875224,-10.563508516366,7.51921764303806,0.695,0.813,-0.118,FALSE,TRUE,Banks
621383,2023,"Banks, Tanner",166,64,10.317563211926,10.7980338364549,6.35077379942304,49.7433734939759,1828.22891566265,0.390807732025718,-6.8914083207,1.62068076071951,0.747,0.832,-0.085,FALSE,TRUE,Banks
621383,2024,"Banks, Tanner",147,68,9.91192780333534,10.9037293943574,7.34226682408501,49.8721088435374,1850.4693877551,-3.03686392917049,-14.1133389713801,7.50088691898306,0.792,0.828,-0.036,TRUE,TRUE,Banks
622065,2020,"Young, Alex",167,98,12.0964022320419,11.7923936870548,5.99763131963921,34.6040322580645,1717.85628742515,0.741464770221284,-2.58124905519111,-6.79229039716249,0.9,0.912,-0.012,FALSE,FALSE,Young
622065,2021,"Young, Alex",171,99,11.6317737880535,12.4612351766501,6.1382971865359,37.0639053254438,1546.37426900585,-3.44346242070331,4.02490102301066,-2.79551165580645,0.855,0.884,-0.029,FALSE,FALSE,Young
622491,2020,"Castillo, Luis",343,209,19.4261293024022,13.3880414322898,9.20663639082007,15.515,1942.30612244898,-0.0477651541517841,9.44066569606019,-1.6691070748843,0.904,0.908,-0.004,FALSE,FALSE,Castillo
622491,2021,"Castillo, Luis",956,544,17.09795047861,13.5754411339616,8.79200219874012,14.7692226890756,1970.69979079498,0.430753193965834,-0.181449782431103,4.13025008152391,0.871,0.871,0,FALSE,FALSE,Castillo
622491,2022,"Castillo, Luis",555,298,15.6945329590229,13.0267375779482,8.65057990028864,14.2295495495496,1936.63783783784,-0.620458913099487,-3.81010584189811,-1.93908039083693,0.902,0.867,0.035,FALSE,FALSE,Castillo
622491,2023,"Castillo, Luis",497,270,17.8380798289777,13.8515588833655,7.90969818913481,13.8770623742455,1905.62173038229,-2.04211355837448,3.97448495720668,-7.12105887237937,0.917,0.891,0.026,FALSE,FALSE,Castillo
622491,2024,"Castillo, Luis",400,218,21.208086772124,13.4860798721252,7.50565444015444,10.7336683417085,1893.5575,-1.87422638541668,-4.95847087795875,0.71409171076895,0.94,0.922,0.018,FALSE,FALSE,Castillo
622491,2025,"Castillo, Luis",328,150,21.4343578277987,13.7407684148121,7.81977959719945,10.0712025316456,1970.19512195122,-0.823577330829752,-7.53158088385295,-1.43502633565323,0.919,0.913,0.006,FALSE,FALSE,Castillo
622491,2026,"Castillo, Luis",227,120,26.6568871369133,14.2951363902452,7.74210511376539,10.6942731277533,1939.49779735683,-1.1125690569325,-4.95636659684653,-12.0710412274133,0.927,0.865,0.062,FALSE,FALSE,Castillo
622503,2021,"Crismatt, Nabil",677,400,25.0843883654344,12.1842426394386,7.79937757215982,33.0219584569733,1597.83456425406,1.21423884897239,-0.208821557173558,1.86794815047638,0.792,0.833,-0.041,FALSE,FALSE,Crismatt
622503,2022,"Crismatt, Nabil",516,290,23.4232525075165,13.130371807366,7.78313107206933,30.8288759689922,1698.49612403101,1.57552029626738,1.11805101790498,3.13246364376661,0.776,0.846,-0.07,FALSE,FALSE,Crismatt
622503,2025,"Crismatt, Nabil",203,126,22.8662042212429,12.4173934908051,7.65328506142798,32.0004926108374,1559.1921182266,-1.07889767498796,6.05201255474015,0.477720089177952,0.742,0.9,-0.158,FALSE,FALSE,Crismatt
622608,2020,"Senzatela, Antonio",118,61,10.0318335311693,3.56435574838214,7.95996396636861,40.2171428571429,2133.1186440678,0.595849591507014,-12.9104153208365,-2.87935104345834,0.614,0.818,-0.204,FALSE,FALSE,Senzatela
622608,2021,"Senzatela, Antonio",149,69,10.4260625554716,4.84084804870434,8.63236260026191,43.4302013422819,2015.57718120805,0.185938723490234,2.3639330604379,-1.95005538380614,0.613,0.818,-0.205,FALSE,FALSE,Senzatela
622608,2022,"Senzatela, Antonio",112,60,6.48306101261227,4.58529134891798,7.39370590828924,43.0848214285714,2082.26785714286,0.520516903894448,-4.72283794320739,4.29598835025436,0.667,0.817,-0.15,FALSE,TRUE,Senzatela
622608,2025,"Senzatela, Antonio",180,75,5.06827012383072,6.60143048097343,7.40636386964332,38.5761111111111,2200.47777777778,-4.5770882387405,-5.29297418941714,-16.9129500374373,0.675,0.843,-0.168,FALSE,FALSE,Senzatela
622663,2022,"Severino, Luis",344,169,29.3117570404485,10.3735550625087,7.39009238611023,42.5837209302326,1550.74418604651,-0.389385775130141,0.0580450948907042,4.95269730171953,0.981,0.931,0.05,FALSE,FALSE,Severino
622663,2023,"Severino, Luis",302,162,31.8718403607962,10.5372604630252,9.83213966813006,42.0344370860927,1560.8178807947,-0.785020237099483,-8.94268670572336,10.5392739183835,0.985,0.925,0.06,FALSE,FALSE,Severino
622663,2024,"Severino, Luis",217,102,35.5262736581342,11.3228203604639,10.0777056954946,38.2640552995392,1583.34101382489,-2.52245299761841,-8.71031613238718,11.9987711896982,0.979,0.904,0.075,FALSE,FALSE,Severino
622663,2025,"Severino, Luis",147,65,33.1011958832154,11.7285202010685,9.91658052254845,36.1034013605442,1603.19047619048,-3.25635697908363,-8.84054607698687,7.14574890227938,0.98,0.925,0.055,FALSE,FALSE,Severino
622766,2021,"Díaz, Miguel",361,161,17.2588514606196,13.4720289871329,8.42359687351129,42.1759103641457,1759.11911357341,0.259242698912606,-2.50664915859098,0.121405915995995,0.934,0.973,-0.039,FALSE,FALSE,Díaz
623167,2021,"Flexen, Chris",431,215,21.1558475850034,11.5728497882528,10.0427000927661,63.0599526066351,1325.49187935035,0.924766653209707,-5.77303042897283,-0.642125146065151,0.985,0.92,0.065,FALSE,FALSE,Flexen
623167,2022,"Flexen, Chris",339,152,25.1638176481071,12.8635415113649,10.6339694936961,62.8396449704142,1305.91740412979,0.522080331521281,-0.190133611109232,-0.219542962888257,0.989,0.916,0.073,FALSE,FALSE,Flexen
623167,2023,"Flexen, Chris",280,125,25.5086385691781,10.4376224217133,10.8878124379098,65.655,1300.40714285714,0.590909591286094,6.27504743986438,5.04114862622009,0.978,0.902,0.076,FALSE,FALSE,Flexen
623167,2024,"Flexen, Chris",440,211,23.3497315221047,10.8742621726039,9.99077509196007,67.3725,1319.39318181818,-1.56084709598137,3.2038208533383,-6.81704048352178,0.985,0.917,0.068,FALSE,FALSE,Flexen
623211,2022,"Brazobán, Huascar",155,73,5.91516458048657,13.4735345196302,8.26087494476359,37.0344155844156,1839.10322580645,1.46466489186062,2.73966575678582,-1.73841443055244,0.823,0.922,-0.099,FALSE,FALSE,Brazobán
623211,2023,"Brazobán, Huascar",286,155,10.0742800904583,15.0005373879115,7.34409756909757,35.406993006993,1841.2972027972,1.38650715832443,-2.28186762034533,16.1473161809648,0.809,0.913,-0.104,FALSE,FALSE,Brazobán
623211,2024,"Brazobán, Huascar",260,149,8.21572280209771,14.1622535082708,6.27320512820513,38.1046153846154,1955.64615384615,1.32608362000462,3.40650985045983,-12.1965229952504,0.793,0.897,-0.104,FALSE,FALSE,Brazobán
623211,2025,"Brazobán, Huascar",385,202,10.5442020114936,14.2082951796148,5.70181818181819,36.7906493506494,1990.22597402597,-1.14309681035305,-0.826386337317718,-7.62111499548984,0.831,0.933,-0.102,FALSE,FALSE,Brazobán
623454,2026,"Anderson, Drew",331,174,39.8702305572107,19.9341606485872,5.50232259620158,40.2583081570997,1482.51963746224,-2.17095506939615,-0.249688250981928,-11.9106675926545,0.685,0.86,-0.175,FALSE,FALSE,Anderson
624133,2021,"Suarez, Ranger",380,196,10.346550158268,7.20919969161708,8.70130133024869,37.0234636871508,1488.19210526316,1.25842262231612,7.53978839731172,9.15205249184926,0.941,0.849,0.092,FALSE,FALSE,Suarez
624133,2022,"Suarez, Ranger",529,252,10.6321581829102,6.70812314946696,8.2732112061818,33.6801512287335,1520.46691871456,-0.430920271075409,-0.88638752793056,7.78662875311929,0.929,0.837,0.092,FALSE,FALSE,Suarez
624133,2023,"Suarez, Ranger",367,180,12.5206216544446,9.43120302150977,10.4647277727319,37.1365122615804,1447.34877384196,-0.564473208066444,-0.688616169593524,-6.30598750313865,0.939,0.855,0.084,FALSE,FALSE,Suarez
624133,2024,"Suarez, Ranger",372,193,23.5601288033205,11.4646737751214,11.8323811023255,38.333064516129,1231.18548387097,0.54493083396875,4.6730955402234,-3.08694255225384,0.767,0.79,-0.023,FALSE,FALSE,Suarez
624133,2025,"Suarez, Ranger",464,264,15.7173114845795,9.23048001547024,11.8236579153605,36.8504310344828,1284.81465517241,1.48493061846925,2.24655948737187,-1.25199928847821,0.705,0.802,-0.097,FALSE,FALSE,Suarez
624133,2026,"Suarez, Ranger",212,105,21.330061456324,10.3896630635389,10.5256660949114,40.875,1272.90094339623,-0.794691821730671,-2.89779338809444,-20.8754261213385,0.692,0.786,-0.094,FALSE,FALSE,Suarez
628452,2021,"Iglesias, Raisel",252,160,22.6347375373098,14.711232776043,6.93195738440304,31.499203187251,1940.5119047619,-0.572608850560833,12.7259050712426,2.05909093664744,0.884,0.91,-0.026,FALSE,FALSE,Iglesias
628452,2022,"Iglesias, Raisel",227,143,20.5019125295597,13.2604184628677,6.36371238706787,27.1251101321586,1882.2422907489,2.05294506374341,5.88769302573164,-7.73357155269876,0.889,0.895,-0.006,FALSE,FALSE,Iglesias
628452,2023,"Iglesias, Raisel",307,191,20.9467229499599,11.8755023370652,5.74509243479949,30.2459283387622,1931.42671009772,0.901994987133015,11.1767510979334,1.03757409805765,0.835,0.86,-0.025,FALSE,FALSE,Iglesias
628452,2024,"Iglesias, Raisel",285,181,21.8535107270653,12.3838376529779,6.02136591478697,32.2357894736842,2044.31228070175,1.97888231223459,0.609818958470259,5.28673966749391,0.87,0.877,-0.007,FALSE,FALSE,Iglesias
628452,2025,"Iglesias, Raisel",267,172,19.9000843723556,11.9032772864229,6.11365154022587,29.8602996254682,1994.22471910112,-1.44087444099401,8.49993456683384,-18.8643435483981,0.838,0.865,-0.027,FALSE,FALSE,Iglesias
628452,2026,"Iglesias, Raisel",208,134,17.1593958415087,11.3213579439411,5.96987179487179,30.7235,1913.44711538462,1.02996506062668,8.87281045310396,-11.4642331263216,0.844,0.852,-0.008,FALSE,FALSE,Iglesias
628711,2020,"Urías, Julio",116,61,23.7895704234328,12.3649221880937,9.24596467103872,45.4661971830986,1811.48275862069,-0.489711372922919,-9.09484977406898,-17.5167251921265,0.943,0.854,0.089,FALSE,FALSE,Urías
628711,2021,"Urías, Julio",483,283,21.7124043569195,12.1572974838052,7.26867711546709,46.0605150214592,1921.09730848861,1.42527690253622,-2.42725336224563,6.5040316285736,0.899,0.807,0.092,FALSE,FALSE,Urías
628711,2022,"Urías, Julio",441,230,22.8332759333987,11.3425552550282,6.87991244344627,40.3789115646259,1950.40589569161,-0.589774551846781,-1.78667314577953,-0.934258432208906,0.888,0.755,0.133,FALSE,FALSE,Urías
628711,2023,"Urías, Julio",290,164,21.6054124608109,12.1740753973101,6.64389340185677,43.0903448275862,1859.25517241379,-4.8185036964832,1.4557068648994,0.338599303212312,0.893,0.787,0.106,FALSE,FALSE,Urías
640444,2021,"Crowe, Wil",394,214,23.7668148074859,13.5431882544482,8.67784852254008,42.4659846547315,1713.79441624365,0.491443128275449,3.42150936509035,3.39383187552594,0.584,0.81,-0.226,FALSE,FALSE,Crowe
640444,2022,"Crowe, Wil",386,193,26.5786271102095,14.6883186846653,9.17212364255802,38.5536269430052,1739.90932642487,-1.29788710523974,-1.78145618859497,4.01830256962283,0.564,0.796,-0.232,FALSE,FALSE,Crowe
640455,2022,"Manaea, Sean",595,333,4.98687983421871,6.93343965130172,6.45463705703889,29.7426890756303,1437.05714285714,-0.296931275128872,6.28646426043426,5.00163431090992,0.961,0.984,-0.023,FALSE,FALSE,Manaea
640455,2023,"Manaea, Sean",343,167,11.5802649124039,6.51177355233846,7.14339639951885,31.994512195122,1485.69679300292,2.01670314603023,-6.32202450632311,1.6488583468954,0.914,0.979,-0.065,FALSE,FALSE,Manaea
640455,2024,"Manaea, Sean",337,176,6.95873053045803,7.29749502364072,6.94198525273714,23.2922848664688,1502.3056379822,0.763513394311476,1.56621966727423,5.69405515837158,0.931,0.977,-0.046,FALSE,FALSE,Manaea
640470,2021,"Alzolay, Adbert",137,70,8.19066628618096,9.75983654620528,8.44334270174091,38.6125925925926,1704.75912408759,3.34684967425621,1.6797017773843,10.0813428726695,0.932,0.921,0.011,FALSE,FALSE,Alzolay
641154,2020,"López, Pablo",270,149,18.2173987793849,11.3243518470695,6.70196639938909,28.0384328358209,1968.68518518519,0.590554555296278,-0.735447156550735,11.3544843343935,0.855,0.805,0.05,FALSE,FALSE,López
641154,2021,"López, Pablo",530,317,18.8811612914681,11.3478272924977,5.90297430898838,29.1223062381853,1947.20188679245,-0.683571220048127,-1.67956876661823,4.25928225188436,0.905,0.788,0.117,FALSE,FALSE,López
641154,2022,"López, Pablo",1026,552,20.9971333089277,10.7666852159322,6.00298161309913,28.4721951219512,1964.68713450292,0.303708444127447,-0.681515442796056,1.48941311809679,0.872,0.712,0.16,FALSE,FALSE,López
641154,2023,"López, Pablo",631,354,20.4089350340216,10.0030110251131,6.51665576682657,35.2584786053883,2066.72583201268,-0.934901482872884,-0.698933925452566,3.70771072852836,0.87,0.755,0.115,FALSE,FALSE,López
641154,2024,"López, Pablo",599,313,17.0116541399499,9.38597918270462,6.53573119791631,38.2333889816361,2108.34223706177,-0.6995351626522,-4.78960354280066,6.43478362010792,0.874,0.763,0.111,FALSE,FALSE,López
641154,2025,"López, Pablo",267,133,25.5715386321214,12.8518792553026,7.12551154685987,35.4101123595506,1795.93258426966,-1.35934541628801,-3.59095607219288,-10.4840221991261,0.791,0.777,0.014,FALSE,FALSE,López
641302,2021,"Alexander, Tyler",283,156,14.7590421459948,9.88701900300441,6.77242781317918,41.3465949820789,1464.5371024735,-0.371277868683774,1.8469055197138,5.34158332462064,0.94,0.903,0.037,FALSE,FALSE,Alexander
641302,2022,"Alexander, Tyler",275,145,19.5624440255636,10.5359039288025,7.25447924624396,39.3836363636364,1529.74545454545,-2.04648276994807,-8.06101482070204,-0.521914546291214,0.973,0.919,0.054,FALSE,FALSE,Alexander
641302,2024,"Alexander, Tyler",228,116,18.3944735013595,12.3141449195406,8.32973313891589,36.9789473684211,1581.65789473684,-2.83037796776585,-8.58037719925839,-5.28875339708442,0.912,0.923,-0.011,FALSE,FALSE,Alexander
641302,2025,"Alexander, Tyler",254,121,21.309306708534,13.7064478652712,7.47310091673324,32.1397637795276,1519.93700787402,-0.101509409333814,-2.66064123771404,-1.00854852989121,0.874,0.903,-0.029,FALSE,FALSE,Alexander
641302,2026,"Alexander, Tyler",179,100,17.0643496622539,13.6836596740253,7.36562722194007,33.6497206703911,1486.15642458101,-1.3454437391219,-5.36062985266255,-3.22338638902123,0.828,0.91,-0.082,FALSE,FALSE,Alexander
641329,2022,"Baker, Bryan",202,60,17.9718580333019,11.1802175856101,12.2080125793734,57.7693069306931,1915.61881188119,2.56991360837236,6.63800050736698,17.421061690828,0.873,0.891,-0.018,FALSE,FALSE,Baker
641329,2025,"Baker, Bryan",307,147,22.4494222849515,13.8228741362874,11.6790566274117,53.7254071661238,1872.26058631922,0.970913265548428,3.71338626012145,-7.54627128587437,0.875,0.957,-0.082,FALSE,FALSE,Baker
641329,2026,"Baker, Bryan",298,158,20.9728085570238,14.7914691048543,11.4617590660425,53.8131944444444,1850.57718120805,0.439737580835915,-5.35272712436627,2.57036741842801,0.905,0.97,-0.065,FALSE,FALSE,Baker
641401,2021,"Brogdon, Connor",329,201,25.287074037909,10.7476953330931,11.430362832768,36.6340557275542,1956.24012158055,1.82359147887468,0.0888340899488835,8.53456305866965,0.994,0.972,0.022,FALSE,FALSE,Brogdon
641401,2022,"Brogdon, Connor",294,157,29.2424440007708,12.0763682147787,11.3314068990428,32.8836734693878,2058.25170068027,-0.112747268512997,-2.78504838410746,-4.63957588102658,0.981,0.972,0.009,FALSE,FALSE,Brogdon
641401,2023,"Brogdon, Connor",234,117,29.8850361935006,12.2535030271089,11.5096479791395,31.9764957264957,2108.00854700855,0.219884790187796,-5.27735616408204,2.11439261228422,0.976,0.981,-0.005,FALSE,FALSE,Brogdon
641401,2025,"Brogdon, Connor",352,197,27.9217615188237,11.0507822434674,11.4525568181818,29.7900568181818,2021.02556818182,-1.39873348620713,-1.73636571262483,-5.05217386732218,0.974,0.967,0.007,FALSE,FALSE,Brogdon
641482,2024,"Cortes, Nestor",274,141,39.8221801763876,16.2497873263192,8.48766907669423,43.2310218978102,1406.01824817518,-1.29526670021564,-1.78867442519831,-0.876240633786092,0.954,0.967,-0.013,FALSE,FALSE,Cortes
641540,2023,"Dunning, Dane",417,234,36.8479492296303,7.81543407637748,4.95544064748202,36.4881642512077,1775.10791366906,-0.112513253496079,6.26660357380589,3.43445785234504,0.984,0.755,0.229,FALSE,FALSE,Dunning
641582,2020,"Foster, Matt",146,82,20.0007672165917,8.38870938320129,10.0318204324146,53.0674603174603,1755.19178082192,2.9760354995008,1.19199567654404,-10.8469654633794,0.97,0.974,-0.004,FALSE,FALSE,Foster
641582,2021,"Foster, Matt",164,83,18.4887985543083,9.04695712693703,9.26963761541336,57.6810975609756,1725.90243902439,-2.93544993778704,-0.338584614917507,-11.0431914020821,0.964,0.978,-0.014,FALSE,FALSE,Foster
641585,2023,"France, J.P.",333,146,30.5945228930225,8.53849219545182,11.2869692032458,44.0636636636637,1866.81981981982,1.99971845155315,2.11986617867051,9.87295657204317,0.986,0.733,0.253,FALSE,FALSE,France
641672,2020,"Hatch, Thomas",110,64,13.4458518143314,11.9364159800834,9.73726398601398,42.1042253521127,2020.86363636364,2.58273347883184,2.58342093793407,25.44405411151,0.476,0.855,-0.379,FALSE,FALSE,Hatch
641672,2023,"Hatch, Thomas",129,75,12.9348829041634,14.6120013743747,9.26607604282023,44.3945736434109,1966.05426356589,-1.17264418521665,-0.468124479480197,8.08673697908528,0.386,0.826,-0.44,FALSE,FALSE,Hatch
641703,2023,"Honeywell, Brent",250,128,44.2098219340934,12.3511473187742,7.47563192488262,41.8913223140496,1712.932,-2.38944552845464,-5.09919236033814,11.5070630216135,0.944,0.94,0.004,FALSE,FALSE,Honeywell
641726,2022,"Jefferies, Daulton",120,72,26.2531290353155,12.0983787929452,6.44290697674419,31.4208333333333,1501.55,1.63139174766162,1.1067859162612,9.27375214089208,0.939,0.968,-0.029,FALSE,FALSE,Jefferies
641743,2026,"Kay, Anthony",271,129,20.6752540529602,16.8568648890726,9.7721202867201,30.849815498155,1706.85977859779,-1.22884518376928,-12.6214839475009,-1.74664548219301,0.81,0.842,-0.032,FALSE,FALSE,Kay
641745,2025,"Keller, Brad",130,68,12.2703484514215,10.670386346837,4.4876759410802,46.6553846153846,1725.08461538462,0.364597626920592,9.01504604012661,1.19186498976729,0.845,0.746,0.099,FALSE,TRUE,Keller
641771,2022,"Kuhl, Chad",170,71,11.1881898398426,7.99444628079743,5.32831070889895,28.4470588235294,1698.59411764706,-1.53099948109118,3.8430959283409,3.78865546787031,0.988,0.98,0.008,FALSE,FALSE,Kuhl
641778,2021,"Lauer, Eric",207,75,15.5585765858332,10.5827619531807,5.93008851052329,35.7420289855073,1481.30917874396,1.47207180885138,-7.48788519128026,3.13131210679325,0.971,0.979,-0.008,FALSE,FALSE,Lauer
641778,2026,"Lauer, Eric",220,103,17.4537894227487,9.7683936453851,6.64310778797749,33.3809090909091,1352.28636363636,1.09423697133416,-7.85912238962848,-8.29151577139513,0.953,0.936,0.017,FALSE,FALSE,Lauer
641871,2023,"Middleton, Keynan",367,220,8.73943420465468,12.3780705204656,7.78357735392068,40.2198910081744,1872.70027247956,1.8928224495903,7.22970485997987,17.7979603709115,0.848,0.902,-0.054,FALSE,FALSE,Middleton
641927,2021,"Ober, Bailey",192,114,38.3697393845134,8.76184163654267,7.64397390965733,33.9942708333333,1862.109375,-0.736102247929667,-6.82498272092904,0.21889646829968,0.993,0.871,0.122,FALSE,FALSE,Ober
641927,2022,"Ober, Bailey",118,65,38.3807646911048,10.6409036079988,7.18340059187517,29.9745762711864,1811.77966101695,-1.29167177260062,7.07416626991829,-16.3947135542617,0.984,0.923,0.061,FALSE,FALSE,Ober
641927,2023,"Ober, Bailey",651,371,39.1770599758613,11.950828676356,7.63025275536732,29.3328725038402,2083.61290322581,0.640574346992934,3.42054540707901,2.65903589056919,0.994,0.906,0.088,FALSE,FALSE,Ober
641927,2024,"Ober, Bailey",791,467,39.3042918407837,12.2090520305044,8.38373211272733,34.2721871049305,2037.85082174463,1.07872522525761,6.77903161077144,-6.75561910176777,0.988,0.922,0.066,FALSE,FALSE,Ober
641927,2025,"Ober, Bailey",680,380,35.3312884750657,11.5274417362188,6.95891843971632,30.9614705882353,2028.77794117647,0.102278323115363,-0.567706024060428,-8.60664741242503,0.994,0.904,0.09,FALSE,FALSE,Ober
641927,2026,"Ober, Bailey",479,238,34.8588041982177,10.2075774507364,5.41678157013157,28.5288546255507,2055.83924843424,-0.519058769116367,2.91723856982483,-0.0312523011184416,0.984,0.854,0.13,FALSE,FALSE,Ober
642121,2020,"Sulser, Cole",108,69,7.79670002246558,10.7528135719242,8.06710444754379,44.8705882352941,1699.81481481482,2.7565023531405,4.27719619937619,-12.7247023036869,0.972,0.993,-0.021,TRUE,TRUE,Sulser
642121,2021,"Sulser, Cole",355,208,14.4473320444659,14.4140252311819,9.26569868939414,48.954705882353,1585.0985915493,2.96887399156383,3.46544776922497,-1.3178481991286,0.824,0.973,-0.149,FALSE,TRUE,Sulser
642121,2022,"Sulser, Cole",240,118,15.2714955863704,13.4517474952984,8.6470480456026,45.256768558952,1512.42083333333,-1.0825497250694,-2.59094430963185,12.9100550115824,0.862,0.951,-0.089,FALSE,FALSE,Sulser
642121,2025,"Sulser, Cole",151,81,19.6227984895494,16.0861767538589,8.90615504479938,41.3900662251656,1652.92715231788,1.42187248182826,-1.64638659719251,7.25916310330216,0.833,0.971,-0.138,FALSE,FALSE,Sulser
642121,2026,"Sulser, Cole",302,145,22.4237241295585,17.4191165750249,8.72970293282876,41.6327814569536,1696.84105960265,-0.610349990100584,-5.64446555943317,2.82267813300349,0.787,0.971,-0.184,FALSE,FALSE,Sulser
642152,2021,"Trivino III, Lou",142,61,41.7458212296781,15.7803909590815,8.30558594284152,33.9928571428571,1677.8661971831,2.86392881587421,5.82458673234592,19.3102592358897,0.992,0.9,0.092,FALSE,FALSE,Trivino III
642152,2025,"Trivino III, Lou",140,65,33.9353554468803,12.8121253177788,7.55679653679653,33.67,1732.33571428571,-0.956259098605167,9.92681979319616,-17.4800281126694,0.988,0.944,0.044,FALSE,FALSE,Trivino III
642203,2021,"Widener, Taylor",193,80,15.5227281231891,8.1539465532731,6.93771145188795,33.9848958333333,1712.35233160622,-0.301553966824649,4.1893464389762,-2.36456993084479,0.933,0.839,0.094,FALSE,FALSE,Widener
642207,2020,"Williams, Devin",227,113,58.0824977922849,20.837238911528,12.3985595412908,25.6453488372093,2852.12334801762,3.61074072731717,12.2439448963762,14.8784597166777,0.802,0.976,-0.174,FALSE,FALSE,Williams
642207,2021,"Williams, Devin",621,329,53.2448662076822,20.2046517205703,11.6357165861514,22.9391447368421,2817.79549114332,0.48855853537022,3.5721264000715,-5.95021388209173,0.79,0.995,-0.205,FALSE,FALSE,Williams
642207,2022,"Williams, Devin",620,314,55.1963226339231,20.3971482458248,10.5147394540943,20.95,2738.58225806452,-0.234139490152403,-1.32769917996396,3.9449519852611,0.861,0.989,-0.128,FALSE,FALSE,Williams
642207,2023,"Williams, Devin",548,286,56.8255361078774,19.7771873416599,10.3845285066088,18.4439781021898,2682.99270072993,1.34341059641205,-0.935378919557899,5.9609726169255,0.905,0.965,-0.06,FALSE,FALSE,Williams
642207,2024,"Williams, Devin",176,84,55.618251904638,20.2273929841884,10.3500897129187,17.3431818181818,2720.42045454545,0.146009594404482,7.67277083425294,10.2181375406598,0.901,0.961,-0.06,FALSE,FALSE,Williams
642207,2025,"Williams, Devin",583,319,55.096928436771,20.7515283442556,10.4030031743767,15.5327615780446,2741.80274442539,-0.488034250131347,-5.12615614868026,-7.40102571792122,0.871,0.971,-0.1,FALSE,FALSE,Williams
642207,2026,"Williams, Devin",320,181,47.0058972348458,17.6474226590659,10.0089930555556,13.4225396825397,2610.765625,-1.75353948766801,0.687302906889451,-13.155485024666,0.934,0.953,-0.019,FALSE,FALSE,Williams
642216,2023,"Winans, Allan",147,89,21.0252370172211,11.7339703486868,7.06875850340136,31.4795918367347,1845.74829931973,1.22320564101984,6.21738773546806,0.395056029153234,0.775,0.921,-0.146,FALSE,FALSE,Winans
642232,2020,"Yarbrough, Ryan",249,136,24.8497221278851,6.34344238658887,8.74225769055605,23.2115151515152,1978.80321285141,1.69505831934954,5.78622467573862,3.20225436379759,0.948,0.976,-0.028,FALSE,FALSE,Yarbrough
642232,2021,"Yarbrough, Ryan",695,362,25.5121822829324,5.53573016676337,7.91809854442028,27.0827906976744,2026.58129496403,-0.27878639952009,-2.75191767939673,-3.51489835730494,0.93,0.966,-0.036,FALSE,FALSE,Yarbrough
642232,2022,"Yarbrough, Ryan",324,176,24.786479805418,6.87554432436556,8.10481918926801,23.5969135802469,1919.69135802469,-0.288489137326156,-4.67644474755344,0.411491395402592,0.934,0.969,-0.035,FALSE,FALSE,Yarbrough
642232,2023,"Yarbrough, Ryan",259,140,24.7337822278909,6.43375405736498,8.56028518778519,21.1150579150579,1927.86486486486,-2.05703551866747,2.88145518323893,2.64937830145038,0.95,0.973,-0.023,FALSE,FALSE,Yarbrough
642232,2024,"Yarbrough, Ryan",232,131,26.9772297695036,6.93875746029356,9.38420787247885,12.5715517241379,1871.0775862069,1.42688077550465,1.29936162950134,3.18851173381035,0.917,0.983,-0.066,FALSE,FALSE,Yarbrough
642232,2025,"Yarbrough, Ryan",209,96,33.0945664669112,11.4870346406912,10.3364891920323,11.3272727272727,1913.2009569378,-1.15221033587233,8.22420713936453,-10.560413717198,0.921,0.99,-0.069,FALSE,FALSE,Yarbrough
642232,2026,"Yarbrough, Ryan",148,91,30.1341125689229,11.2595793751532,9.65355394764844,18.5587837837838,1953.02702702703,-0.0569581174391151,2.98969910561998,-16.1106140574778,0.933,0.986,-0.053,FALSE,FALSE,Yarbrough
642528,2026,"Loáisiga, Jonathan",189,106,20.1449941411298,9.66782105816898,6.35329034391535,43.6141242937853,1776.39153439153,0.905339598407638,5.12518586220176,10.0253576487066,0.948,0.874,0.074,FALSE,FALSE,Loáisiga
642545,2022,"Barria, Jaime",151,81,29.7057158035859,8.54696010015114,7.15252701289647,47.0874172185431,1611.30463576159,2.20239362757193,2.46142554362516,5.02653073643411,0.986,0.847,0.139,FALSE,FALSE,Barria
642545,2023,"Barria, Jaime",186,82,33.2197787961147,10.1962942097289,8.41223908918407,48.1838709677419,1536.26344086022,0.886866643775388,4.34477252036428,-21.5653342295543,0.993,0.915,0.078,FALSE,FALSE,Barria
642547,2021,"Peralta, Freddy",212,81,27.0496167603444,13.4904105847624,5.29459444805899,35.6589622641509,1620.87735849057,-0.41006420012573,4.82126756595804,3.5419606251216,0.934,0.861,0.073,FALSE,FALSE,Peralta
642547,2022,"Peralta, Freddy",141,66,30.3136512481647,13.2519163475082,6.73351946775102,31.4950354609929,1694.26241134752,2.9005621150208,14.6530207073385,9.59009721096515,0.962,0.901,0.061,FALSE,FALSE,Peralta
642547,2023,"Peralta, Freddy",415,189,28.1431304585291,12.0202556120324,5.83144951450676,33.6310843373494,1707.31807228916,0.656101561722406,4.30827592595529,16.9213909329114,0.937,0.87,0.067,FALSE,FALSE,Peralta
642547,2024,"Peralta, Freddy",532,252,31.5336307159149,13.7962343718018,6.62667965367965,31.9285714285714,1731.34210526316,1.22858905999005,1.32847579546898,8.07261084230301,0.903,0.89,0.013,FALSE,FALSE,Peralta
642547,2025,"Peralta, Freddy",655,307,37.8605883735959,14.6120798235513,5.87757685603452,31.5227480916031,1929.31450381679,1.15414247249066,2.27347165888701,1.8768364386976,0.879,0.857,0.022,FALSE,FALSE,Peralta
642547,2026,"Peralta, Freddy",436,217,38.6927115853776,15.3358761344667,6.91224651548628,25.8366972477064,1939.01376146789,-1.30559814831281,-2.67593866419373,3.98151313113526,0.928,0.876,0.052,FALSE,FALSE,Peralta
642701,2021,"Santana, Dennis",182,95,3.62436309077517,8.77154158470625,8.51628001628002,35.092,2199.79120879121,-1.00741364261418,6.82578371763345,5.89431850737532,0.9,0.912,-0.012,FALSE,FALSE,Santana
642701,2022,"Santana, Dennis",126,67,4.96283731329721,9.17991414045446,7.63338293650794,29.7269841269841,2069.71428571429,3.57660942001735,-9.43892528608766,-7.76978385382436,0.952,0.938,0.014,FALSE,FALSE,Santana
642758,2022,"Acevedo, Domingo",219,133,21.9973446157275,10.7549080917424,6.19871433660416,26.6474885844749,1865.70776255708,3.39426379312999,3.55286427952349,6.52818835184845,0.96,0.958,0.002,FALSE,FALSE,Acevedo
643230,2020,"Brault, Steven",179,69,8.03483438290147,12.3044001260832,7.17060142078765,36.0350993377483,1648.64245810056,2.71227889561386,6.20728036892372,12.0611395640797,0.847,0.931,-0.084,FALSE,FALSE,Brault
643230,2021,"Brault, Steven",105,60,7.20468898846324,10.2391821254666,6.87872371283538,32.4712871287129,1647.62857142857,-2.83024048032357,-5.87677427939472,5.07190813118678,0.922,0.931,-0.009,FALSE,FALSE,Brault
643361,2023,"Herget, Kevin",147,86,28.4559796293149,7.60090591985532,8.94129435558007,48.1510204081633,2015.99319727891,-1.67129426903472,-1.73570807733297,-14.3553619960996,0.983,0.942,0.041,FALSE,FALSE,Herget
643377,2021,"Jax, Griffin",198,99,7.10945791709551,7.25180627491847,5.26522046402592,43.1793939393939,1791.01515151515,-3.17559238532667,1.00765396734804,1.44560202054199,0.988,0.975,0.013,FALSE,TRUE,Jax
643377,2022,"Jax, Griffin",156,81,13.998703425319,12.6884864646204,5.56710737179487,42.9412903225806,1583.10256410256,1.39964518997386,2.35941586829053,19.4822643919878,0.901,0.922,-0.021,FALSE,TRUE,Jax
643377,2024,"Jax, Griffin",175,104,20.192893205464,15.9240873474988,4.75868131868131,46.8228571428571,1884.29714285714,-0.123472755463916,9.01682409699644,3.00823498057965,0.751,0.824,-0.073,FALSE,FALSE,Jax
643377,2025,"Jax, Griffin",244,142,20.7384055322812,16.0808431784616,4.70409413554166,45.025,1786.60245901639,0.68828351898683,5.54557198747344,-8.7283617105484,0.762,0.819,-0.057,FALSE,FALSE,Jax
643377,2026,"Jax, Griffin",310,183,15.901203126937,15.7768325679252,5.10181097906056,44.8254838709677,1864.97096774194,-0.253777802435816,2.83995205243032,2.23263960712671,0.803,0.869,-0.066,FALSE,FALSE,Jax
645261,2021,"Alcantara, Sandy",728,426,5.94005482368259,12.3852674396273,6.24809748634599,37.1950276243094,2004.53434065934,0.320284800387692,0.834503696623654,0.179020418678948,0.881,0.906,-0.025,FALSE,FALSE,Alcantara
645261,2022,"Alcantara, Sandy",889,507,5.71429903656755,11.8655881023076,6.1855408642239,35.3813979706877,2055.84026996625,2.24395192935331,2.39420949742551,10.3061150166457,0.902,0.939,-0.037,FALSE,FALSE,Alcantara
645261,2023,"Alcantara, Sandy",740,429,7.60695382314078,11.8675027396318,6.86103232098077,34.5225675675676,1967.59459459459,-0.996803474511744,-5.60303704362233,-4.1478382534982,0.903,0.936,-0.033,FALSE,FALSE,Alcantara
645261,2025,"Alcantara, Sandy",672,369,7.82100264325782,10.261858241321,7.31354256854256,32.3364583333333,2088.8869047619,-0.0439000139533024,-5.15882832409544,1.08778352241447,0.94,0.97,-0.03,FALSE,FALSE,Alcantara
645261,2026,"Alcantara, Sandy",468,272,10.357140353136,12.9415111808786,6.5569359266398,33.2405982905983,2099.65811965812,-1.31879047470596,-3.5120812379892,-6.72830890705481,0.886,0.951,-0.065,FALSE,FALSE,Alcantara
647336,2025,"Soroka, Michael",154,63,16.0896114033984,9.25389250652677,9.30708110333471,33.6350649350649,2209.14285714286,0.226933662094836,-2.45295016523644,15.6237796561852,0.94,0.857,0.083,FALSE,FALSE,Soroka
647336,2026,"Soroka, Michael",160,79,18.5357688783171,11.6520063398698,7.78508610451306,25.845,2191.81875,-0.495331040876487,-4.05740145920786,-0.752997243282061,0.86,0.806,0.054,FALSE,FALSE,Soroka
650633,2021,"King, Michael",126,65,26.8992834807442,11.3754199049451,10.3266363474229,26.9923076923077,2115.79365079365,0.79389769862743,6.72190736866896,5.21924808494874,0.993,0.882,0.111,FALSE,FALSE,King
650633,2023,"King, Michael",243,134,25.3106018408982,9.99165174639547,7.45640175554924,27.7114406779661,2129.16049382716,3.11868798220826,8.14964540190897,-0.155231323815537,0.984,0.834,0.15,FALSE,FALSE,King
650633,2024,"King, Michael",706,428,28.0593341963534,11.3613391505896,6.96582152974504,24.5409620991254,2044.6657223796,0.91041740587554,6.38650580260199,-3.13703657409257,0.95,0.815,0.135,FALSE,FALSE,King
650633,2025,"King, Michael",261,150,30.7050066957748,13.3364123063427,6.93544641820504,19.9494252873563,2014.25287356322,2.07036500562731,1.35522519922513,-8.05978977139132,0.967,0.848,0.119,FALSE,FALSE,King
650633,2026,"King, Michael",574,324,28.6080516513643,12.2680668691102,7.74905959358597,18.7444649446494,1869.30487804878,1.80777682290689,2.62594262031856,1.99824124461734,0.978,0.831,0.147,FALSE,FALSE,King
650893,2021,"Cabrera, Génesis",202,105,14.3772254662179,9.96461988944003,7.90603427689708,48.812,1766.31188118812,2.20623017671194,-2.94841178362794,4.56689464140542,0.989,0.988,0.001,FALSE,TRUE,Cabrera
650893,2022,"Cabrera, Génesis",127,64,16.089087503101,9.90047243859344,5.88345519310086,45.644094488189,1767.75590551181,-0.402907316499939,5.81746429654513,-5.91960233852925,0.966,0.982,-0.016,FALSE,FALSE,Cabrera
656061,2023,"Abreu, Albert",150,63,24.8009941947325,7.76890001009922,8.47817204301075,37.266,2006.24,-1.18115467687379,-8.64479036662693,2.50892027119267,0.995,0.995,0,FALSE,FALSE,Abreu
656186,2025,"Altavilla, Dan",107,63,20.2888293417801,14.0348583780076,4.22300146752143,21.8542056074766,1779.38317757009,-1.26144432788577,5.5908930511168,5.7308897739126,0.893,0.951,-0.058,FALSE,FALSE,Altavilla
656222,2020,"Beeks, Jalen",141,87,14.2638689475523,10.5588011806549,5.06539424280351,50.3867256637168,1901.78014184397,-0.181748899810439,-1.35361412828201,-0.302518775384921,0.907,0.983,-0.076,FALSE,TRUE,Beeks
656222,2022,"Beeks, Jalen",491,233,15.2585529096044,10.8394268955597,4.70824783737207,48.1213849287169,1932.93890020367,0.525293344134535,-0.771109424294886,1.49455032302222,0.877,0.947,-0.07,FALSE,FALSE,Beeks
656222,2023,"Beeks, Jalen",324,145,21.5124180050012,9.26478657206383,4.71136734218495,47.6932098765432,1923.58024691358,0.177157986817338,1.05512942554848,-2.53339026897925,0.891,0.897,-0.006,FALSE,FALSE,Beeks
656222,2024,"Beeks, Jalen",299,124,21.1154973652505,8.21061800339877,5.62319026948999,46.9772575250836,2028.68227424749,-0.3323870423129,4.77340228528974,1.03524767483888,0.928,0.945,-0.017,FALSE,FALSE,Beeks
656222,2025,"Beeks, Jalen",345,165,20.0052333783121,7.23159598496192,5.55158514492753,46.5797101449275,2133.68985507246,3.74206557965289,2.54402110525069,17.5413157901557,0.918,0.939,-0.021,FALSE,FALSE,Beeks
656222,2026,"Beeks, Jalen",163,75,22.1438831411275,7.57046338906764,5.4929759046857,42.7288343558282,2043.04294478528,-0.206574664566213,9.29634118816815,5.72089471584911,0.9,0.917,-0.017,FALSE,FALSE,Beeks
656232,2023,"Bielak, Brandon",344,196,19.2785445568363,9.16079745115012,5.07049863201095,43.5293604651163,1876.94186046512,1.15905216334308,5.87287973569764,-5.82015397753985,0.876,0.747,0.129,FALSE,FALSE,Bielak
656232,2024,"Bielak, Brandon",140,72,21.0140295649158,11.3316081011802,4.53674876847291,43.5276119402985,2039.76428571429,-0.213053690776637,-5.02291401146985,-13.3515870400569,0.823,0.755,0.068,FALSE,FALSE,Bielak
656271,2022,"Burke, Brock",170,97,11.6068251900235,10.1016344956934,6.93339982527665,38.7357575757576,1991.77058823529,0.154690816586748,4.44243930477471,-8.28206693284809,0.929,0.964,-0.035,FALSE,FALSE,Burke
656271,2025,"Burke, Brock",223,129,12.0428644725272,13.0046279254799,7.3611221190948,37.3730941704036,2115.21076233184,-2.04953148719957,-2.90488119898977,-2.3922243592938,0.777,0.926,-0.149,FALSE,FALSE,Burke
656271,2026,"Burke, Brock",137,71,13.2234727214516,10.6015978585179,8.72047671339061,38.2578947368421,2107.79562043796,-1.77800991959917,-4.25700635454573,-16.9869593957828,0.804,0.925,-0.121,FALSE,FALSE,Burke
656288,2020,"Canning, Griffin",147,83,25.118364782796,10.5123251041047,4.81369047619048,44.5188118811881,1740.74149659864,3.18638769874325,1.79252412874187,-3.54734998346646,0.986,0.974,0.012,FALSE,FALSE,Canning
656288,2021,"Canning, Griffin",226,133,23.8366726553684,12.0402614467404,4.45172413793103,46.0013392857143,1869.53097345133,0.471832063947334,10.5414354617478,-3.64134389799829,0.947,0.984,-0.037,FALSE,FALSE,Canning
656288,2023,"Canning, Griffin",442,265,25.4575016001063,12.5877363248312,4.50083060423489,40.9739819004525,1809.85520361991,1.24047368454436,1.16828406053869,0.558478138527234,0.882,0.952,-0.07,FALSE,FALSE,Canning
656288,2024,"Canning, Griffin",765,438,25.9024334695214,12.950804661247,4.87123962899784,40.3279738562092,1770.32810457516,-0.0813837919791332,2.34440065530425,-3.35584745453736,0.899,0.966,-0.067,FALSE,FALSE,Canning
656288,2025,"Canning, Griffin",312,172,29.4821797256093,15.3337714158855,4.59732769884043,38.2836538461538,1485.99038461538,1.55537208726136,-3.06849327485301,0.0627473790469093,0.859,0.935,-0.076,FALSE,FALSE,Canning
656288,2026,"Canning, Griffin",265,141,29.5998624672637,15.8251563766079,4.34896922882108,35.6479245283019,1511.58490566038,-2.53421007702527,-3.35839606092277,3.40097933438632,0.896,0.933,-0.037,FALSE,FALSE,Canning
656302,2021,"Cease, Dylan",210,84,8.45735124098886,10.5322396355301,18.6042850109024,61.0545454545455,1637.5,-0.0233285462744211,9.87348907195868,-0.984954101180056,0.866,0.9,-0.034,TRUE,TRUE,Cease
656302,2026,"Cease, Dylan",226,84,5.18702141574531,8.73072992077351,14.7150139064475,59.3346666666667,1767.7610619469,1.1974279295551,16.7140225179099,2.29417336058336,0.915,0.911,0.004,TRUE,TRUE,Cease
656354,2022,"Davis, Austin",179,91,15.3656760230799,9.42474755739381,7.73392815919479,35.8269662921348,1896.18994413408,-0.0646976129783845,8.5350679933217,-3.66163058823411,0.979,0.904,0.075,FALSE,FALSE,Davis
656412,2022,"Faedo, Alex",126,61,21.1013245866919,7.95988039856282,6.53708297690334,41.2420634920635,1945.35714285714,0.830362408448403,-2.06942233328162,-1.98685568448709,0.993,0.994,-0.001,FALSE,FALSE,Faedo
656412,2023,"Faedo, Alex",138,65,23.5466513643204,11.1325767548034,6.94979502280733,27.5832116788321,1900.95652173913,-1.18553797763588,-8.63685891797893,10.0474968306107,0.966,0.927,0.039,FALSE,FALSE,Faedo
656412,2024,"Faedo, Alex",200,97,30.8923736112323,15.8136255058032,4.84598870056497,28.0075,1872.6,-1.36766940386978,-7.79966699819426,-2.38342836844896,0.867,0.911,-0.044,FALSE,FALSE,Faedo
656420,2021,"Feyereisen, J.P.",194,106,36.3011348666004,19.3487616696318,5.47257691371053,38.5125,1592.48453608247,0.38509667426111,-3.05903524142561,-2.98936936617216,0.899,0.939,-0.04,FALSE,FALSE,Feyereisen
656492,2026,"Griffin, Foster",204,89,17.2922997566308,10.1466746634634,9.19650368033649,43.2617647058824,1873.04901960784,1.55568022131065,6.72467475434942,4.9575740748987,0.898,0.917,-0.019,FALSE,FALSE,Griffin
656578,2023,"Jackson, Andre",319,195,34.2139679709708,11.6508614642722,7.94993041595794,51.1855799373041,1766.45454545455,-1.77217359460313,2.62670491931071,-7.80595403975145,0.923,0.995,-0.072,FALSE,FALSE,Jackson
656605,2022,"Keller, Mitch",167,75,22.8004435530338,11.2501063828211,4.42766236480109,43.4664670658683,1633.25149700599,-1.40495593689033,-9.97196965537475,18.187878196314,0.962,0.845,0.117,FALSE,FALSE,Keller
656605,2025,"Keller, Mitch",200,101,23.0277908147455,14.1526132549119,4.90609409409409,39.1745,2028.225,-1.04263450766862,-5.30060126270211,8.47167428402552,0.716,0.858,-0.142,FALSE,FALSE,Keller
656605,2026,"Keller, Mitch",166,79,18.8309154229465,13.5457383521093,4.62200886880856,36.7415662650602,1540.30120481928,-1.66569416363754,2.34590027781298,-15.5349344157084,0.848,0.859,-0.011,FALSE,FALSE,Keller
656638,2026,"Lange, Alex",174,81,23.2919400444809,14.0479890893151,5.11702672760006,38.7183908045977,1780.78735632184,-1.09915198636366,3.69155078840319,-16.5593274748971,0.918,0.895,0.023,FALSE,FALSE,Lange
656641,2024,"Latz, Jacob",185,108,25.0908673163771,10.0440219835058,8.99758101384967,48.9908108108108,2024.7027027027,-0.100319410582138,-0.161937310359401,-3.13839230550946,0.973,0.96,0.013,FALSE,FALSE,Latz
656641,2025,"Latz, Jacob",314,168,25.7234913987269,11.6894727245706,9.5181709981868,47.2827476038339,1981.74203821656,-1.68887848416418,3.23227617790025,2.26229424417265,0.97,0.98,-0.01,FALSE,FALSE,Latz
656641,2026,"Latz, Jacob",135,71,24.1587902573176,10.4073220728081,9.00899921197794,50.1185185185185,2042.04444444444,3.02510575478078,6.3705498794448,1.08379788781366,0.983,0.99,-0.007,FALSE,FALSE,Latz
656657,2022,"Logue, Zach",139,72,17.1910131763323,13.4151897337829,8.16384892086331,16.5935251798561,1873.40287769784,1.78553982129701,0.627967201765371,0.528885865392886,0.893,0.916,-0.023,FALSE,FALSE,Logue
656731,2021,"Megill, Tylor",325,188,13.443547396912,10.1137912644048,9.14793124194242,35.214375,1495.79076923077,-0.38675044341794,-0.558642913673476,5.06987214120601,0.982,0.965,0.017,FALSE,FALSE,Megill
656731,2022,"Megill, Tylor",140,67,16.4632728611597,11.40651845999,6.61943121693122,33.1921428571429,1541.95714285714,-3.35621215364672,-4.51811666229379,1.96143345969197,0.966,0.895,0.071,FALSE,FALSE,Megill
656731,2023,"Megill, Tylor",313,148,17.0754919540382,10.3683409688669,7.13697710072902,38.5143769968051,1600.94249201278,1.29568173829734,-3.28206705678741,1.35514764106226,0.922,0.893,0.029,FALSE,FALSE,Megill
656756,2020,"Montgomery, Jordan",190,117,13.6764397059667,4.5080016346118,9.35329873980726,51.2471074380165,1756.13157894737,1.28542639951078,2.260131592781,12.8447364721916,0.996,0.891,0.105,FALSE,TRUE,Montgomery
656756,2021,"Montgomery, Jordan",626,372,12.7908003490375,4.95041304862935,9.99214615106396,52.0444630872483,1704.16932907348,0.914187982105511,4.66523223488274,5.53065651587355,0.993,0.869,0.124,FALSE,TRUE,Montgomery
656756,2022,"Montgomery, Jordan",604,350,13.6086044104999,6.06952084212569,10.7052061573107,42.6644128113879,1679.43046357616,0.1182103003695,4.61284715646734,3.50326609478117,0.955,0.829,0.126,FALSE,TRUE,Montgomery
656756,2023,"Montgomery, Jordan",666,338,15.3487613539585,5.65698080890287,9.74794039322342,47.3160660660661,1673.38588588589,0.0917180734366788,4.95156291897125,0.15418710074904,0.976,0.811,0.165,FALSE,FALSE,Montgomery
656756,2024,"Montgomery, Jordan",373,189,13.2456137180619,5.68052082006689,8.99824202978133,46.3627345844504,1605.50938337802,-1.72066936154,3.22385771070163,-4.93136396230728,0.979,0.806,0.173,FALSE,FALSE,Montgomery
656793,2021,"Nelson, Nick",115,62,35.4933653958355,13.221163038862,7.24132345914954,47.6747747747748,1818.53043478261,2.04691832519817,-3.24619141463117,-18.0834995097029,0.993,0.965,0.028,FALSE,FALSE,Nelson
656793,2022,"Nelson, Nick",350,161,40.8950029193472,11.5623801792458,8.32368067226891,44.7648571428571,1916.35714285714,-0.851809072060136,3.21312321273921,2.03858050106601,0.974,0.956,0.018,FALSE,FALSE,Nelson
656849,2020,"Peterson, David",152,67,21.2344140752283,7.80226197051862,8.48026315789473,37.7234042553192,1928.16447368421,-0.833150193750615,-4.22791244201964,-5.38796637087919,0.99,0.97,0.02,FALSE,FALSE,Peterson
656849,2021,"Peterson, David",183,84,22.2689746283317,8.96570891344202,8.79176850471933,40.5288888888889,1921.60109289617,-0.0573370847242043,-13.1354031110077,10.7642447654489,0.988,0.95,0.038,FALSE,FALSE,Peterson
656849,2022,"Peterson, David",308,112,20.2182458124367,9.04650509851473,7.83952432560427,36.5795454545455,1639.73701298701,-0.589296731406403,-8.35091846691152,3.82325248272081,0.989,0.878,0.111,FALSE,FALSE,Peterson
656849,2023,"Peterson, David",370,179,20.5339128281158,8.75835281778069,7.40785285285286,41.2964864864865,1599.90810810811,-1.40212287556497,2.15452374561102,-0.363634657895153,0.951,0.815,0.136,FALSE,FALSE,Peterson
656849,2024,"Peterson, David",307,144,22.0350864569339,10.7779973850682,8.45770845910427,42.2456026058632,1636.64169381107,0.697660761736291,-5.92140111428411,-6.48588449255173,0.923,0.81,0.113,FALSE,FALSE,Peterson
656849,2025,"Peterson, David",410,212,21.670535269296,9.82521970870889,7.70812118270436,41.540487804878,1565.9,0.368394681165075,-4.92608427427388,9.42953434034702,0.915,0.717,0.198,FALSE,FALSE,Peterson
656849,2026,"Peterson, David",183,90,23.6834408112474,9.17033502626115,6.60145030276178,41.7486338797814,1600.16393442623,-2.37792606630336,-6.86961449536043,-15.1211334461785,0.857,0.657,0.2,FALSE,FALSE,Peterson
656876,2026,"Rasmussen, Drew",213,105,38.7946803427629,16.536661465975,5.94870693085064,50.3805687203792,1204.93427230047,2.02152890496461,-2.05638337373706,5.79363928700925,0.694,0.882,-0.188,FALSE,FALSE,Rasmussen
656970,2022,"Smeltzer, Devin",290,160,16.3410429195152,13.4149115641585,7.27940732758621,35.2403448275862,1598.62413793103,1.65649809766143,-2.07455013536179,-2.05013077195502,0.893,0.949,-0.056,FALSE,FALSE,Smeltzer
657097,2021,"Webb, Jacob",262,165,24.1907055508948,10.6734101332846,10.4554385541442,37.8518518518519,2260.0534351145,0.461113361052391,-0.603530723216589,2.04776111381835,0.969,0.97,-0.001,FALSE,FALSE,Webb
657097,2023,"Webb, Jacob",255,135,22.2263982650882,9.71936064998573,8.94645331260258,36.602390438247,2165.0431372549,0.0956250860704,2.17113222542823,16.153505504456,0.995,0.88,0.115,FALSE,FALSE,Webb
657097,2024,"Webb, Jacob",258,138,21.1766309472645,9.05515410602486,9.16856805000282,33.1542635658915,2190.17441860465,2.38697396464962,5.87063697457576,-0.608435458968003,0.996,0.881,0.115,FALSE,FALSE,Webb
657097,2025,"Webb, Jacob",327,190,19.298224873473,8.40067792952624,8.52103764631446,35.2892966360856,2260.95107033639,0.540952683960981,2.80434580873497,-9.69929885257889,0.994,0.875,0.119,FALSE,FALSE,Webb
657097,2026,"Webb, Jacob",297,182,21.6776139174122,9.27075093836836,8.57914512052443,33.2168384879725,2269.57575757576,0.330942964803932,12.9337434385101,3.59382426419757,0.995,0.887,0.108,FALSE,FALSE,Webb
657140,2022,"Wright, Kyle",418,204,19.3666837730398,13.2901730472493,7.02365366995827,26.3404306220096,1698.63397129187,1.95415294863741,6.83716643274407,-3.15648498114284,0.942,0.832,0.11,FALSE,FALSE,Wright
657248,2022,"Otto Jr., Glenn",168,84,17.394292056484,6.98911694660772,4.10108695652174,44.8440476190476,1680.84523809524,0.852369989303047,-7.225351490351,-2.22800065841267,0.983,0.768,0.215,FALSE,FALSE,Otto Jr.
657277,2020,"Webb, Logan",283,132,31.9317823321516,15.1284540923531,8.53971381373826,24.8708333333333,1609.24734982332,1.4376166382996,-1.29762465392985,3.29599735086382,0.868,0.825,0.043,FALSE,FALSE,Webb
657277,2021,"Webb, Logan",491,259,35.658024578267,16.1150757158935,7.059145367794,19.4620618556701,1474.23625254582,-0.724593219724166,-0.914740984162243,0.896850045065663,0.788,0.778,0.01,FALSE,FALSE,Webb
657277,2022,"Webb, Logan",933,535,25.4140018263981,12.2608391444629,5.90494032372336,12.6706323687031,1491.96784565916,0.578848499369327,1.40810425615305,4.58104527580345,0.737,0.781,-0.044,FALSE,FALSE,Webb
657277,2023,"Webb, Logan",1314,800,19.1028904726878,12.8477914862811,5.19298208640674,20.3116438356164,1476.04414003044,1.4561646273838,-1.35842143455431,5.53087897541305,0.864,0.842,0.022,FALSE,FALSE,Webb
657277,2024,"Webb, Logan",987,588,31.13589732768,13.5657109539535,5.24496292714377,19.2314083080041,1459.82978723404,-0.845864153997586,-6.52023562883937,-12.0109046818926,0.822,0.759,0.063,FALSE,FALSE,Webb
657277,2025,"Webb, Logan",792,449,33.0073056434925,15.7589630499706,6.27878494244774,19.2691919191919,1501.93181818182,0.194011943588004,0.524249155619042,-0.453458736839714,0.767,0.76,0.007,FALSE,FALSE,Webb
657277,2026,"Webb, Logan",435,239,35.4677602033689,14.7303668958539,6.33495971640348,16.7652873563218,1480.20229885057,-0.648920587291373,-3.41749569542097,-6.62756632597195,0.808,0.758,0.05,FALSE,FALSE,Webb
657746,2022,"Ryan, Joe",290,119,23.2114505225147,6.97191287785247,7.4120175775622,25.7356643356643,2086.94137931034,-0.499314948345143,-4.8681797562408,-5.43912341772096,0.994,0.963,0.031,FALSE,FALSE,Ryan
657756,2023,"Seabold, Connor",208,88,49.0720748160906,12.3135640594638,12.0166292289355,25.0629807692308,1895.48557692308,1.6101255324621,-4.94464372363371,5.47880007784155,0.881,0.99,-0.109,FALSE,FALSE,Seabold
658551,2021,"Fernández, Junior",117,64,20.4364330574804,10.9401543211049,8.11904761904762,32.8362068965517,1972.44444444444,0.546036089174978,4.61059486166653,2.36356207422022,0.914,0.967,-0.053,FALSE,FALSE,Fernández
658648,2023,"Avila, Pedro",229,129,24.2343901615171,12.2717962101881,10.2477202671462,40.8597285067873,1645.41484716157,2.91196212124602,5.43042890504017,3.79826054268984,0.255,0.79,-0.535,FALSE,FALSE,Avila
658648,2024,"Avila, Pedro",310,190,31.752519279154,11.2573791759677,10.0355912034066,44.7832258064516,1727.64193548387,1.79640630479474,-0.881957592488572,-4.68429148089637,0.245,0.756,-0.511,FALSE,FALSE,Avila
660365,2021,"Yang, Hyeon-Jong",162,82,19.3144689816463,9.54887065310096,8.53163409411872,61.1751552795031,1695.06790123457,-1.14444608019155,-4.67732790302224,2.72511924021313,0.895,0.872,0.023,FALSE,FALSE,Yang
660604,2026,"Rangel, Alan",152,92,21.9222761682574,10.8752385643825,12.2208431109621,71.3296052631579,2022.02631578947,-1.5102161580759,0.248029423810037,13.3219573647026,0.915,0.968,-0.053,FALSE,FALSE,Rangel
660761,2021,"Suarez, José",449,245,14.7893116673756,8.58698370469891,10.5711636971047,33.6427293064877,1593.46547884187,2.24702144088263,4.42808878425686,5.11358774521451,0.816,0.902,-0.086,FALSE,FALSE,Suarez
660761,2022,"Suarez, José",435,255,15.9895130005462,12.216940228307,10.2980295566502,31.0165517241379,1553.16781609195,0.282829186188655,2.6569356125744,-3.39118389776295,0.884,0.922,-0.038,FALSE,FALSE,Suarez
660761,2023,"Suarez, José",160,88,16.6984352407092,12.2527182389497,10.2935169491525,35.708125,1583.71875,-3.09138205002923,8.75267725505014,-8.0147502507907,0.889,0.914,-0.025,FALSE,FALSE,Suarez
660761,2024,"Suarez, José",243,123,16.23040027326,15.17183510267,10.0648955565974,40.5312757201646,1545.58024691358,-1.51494294536364,-4.47769234861501,-4.96959824719418,0.864,0.909,-0.045,FALSE,FALSE,Suarez
660761,2026,"Suarez, José",236,140,17.8519146603288,14.9512560602481,9.7396694214876,42.542600896861,1612.0593220339,0.286287343555826,0.333026619346706,-6.09135635023481,0.804,0.884,-0.08,FALSE,FALSE,Suarez
660787,2025,"De los Santos, Yerry",163,83,12.3188024903951,13.6744164333878,6.93338367154318,30.659509202454,1576.0490797546,-1.79359913601451,4.27828445426595,1.39728848202308,0.884,0.987,-0.103,FALSE,FALSE,De los Santos
660853,2025,"De Los Santos, Enyel",168,93,7.66173209687765,7.13536889920054,8.53255291005291,27.8214285714286,1914.19642857143,-0.627150976712769,1.73722789340494,4.10237323995469,0.962,0.884,0.078,FALSE,FALSE,De Los Santos
660853,2026,"De Los Santos, Enyel",192,108,6.53504329840786,7.58929321045202,9.47644809730251,29.303125,1884.84895833333,2.51413457044332,8.12565259532468,4.38967314940603,0.973,0.919,0.054,FALSE,FALSE,De Los Santos
660896,2021,"Alcala, Jorge",128,60,12.9408520642044,9.89081418777973,7.40682870370371,36.88671875,2300.75,-0.641911074055928,2.9912462846514,8.43614273957935,0.971,0.957,0.014,FALSE,FALSE,Alcala
661269,2021,"Gutierrez, Vladimir",224,118,20.7911740915447,8.34397745628439,11.7943063583815,41.6148648648649,1660.45089285714,1.83531642916792,-2.51224728192566,11.8049880877547,0.974,0.917,0.057,FALSE,FALSE,Gutierrez
661309,2022,"Martinez, Adrián",274,163,41.9347746766628,12.1125577500112,9.79800559558605,17.4649635036496,2289.67883211679,-0.220144101070139,-3.01879053334105,-6.00585795351283,0.74,0.98,-0.24,FALSE,FALSE,Martinez
661309,2023,"Martinez, Adrián",221,127,49.9434798975159,12.1680176542618,11.1260276125638,18.7841628959276,2287.44343891403,-0.533661137771053,-4.34854288867853,-11.6580890343096,0.737,0.978,-0.241,FALSE,FALSE,Martinez
661563,2024,"Gil, Luis",663,272,23.0773698925645,14.3230077263557,4.99292598901347,27.5265460030166,1721.05882352941,0.464604503941675,-3.59389143855109,-6.10187810584415,0.884,0.842,0.042,FALSE,FALSE,Gil
661563,2025,"Gil, Luis",229,93,25.1463320701042,13.3900788556045,4.54538638728555,23.2965065502183,1732.03493449782,0.728297146581874,-4.56257423193285,-4.66255378240666,0.847,0.768,0.079,FALSE,FALSE,Gil
663158,2022,"Suarez, Robert",166,83,23.864709002515,12.7789792546888,8.70114320920044,39.5638554216868,1763.59638554217,1.13289639701772,1.70893815071751,-19.4455459091241,0.974,0.937,0.037,FALSE,FALSE,Suarez
663158,2023,"Suarez, Robert",151,72,22.4103588414723,12.681344266235,8.09161789619591,42.957251908397,1815.84768211921,0.614021631221785,-2.29625134045127,-8.40283191996901,0.967,0.952,0.015,FALSE,FALSE,Suarez
663158,2025,"Suarez, Robert",257,125,26.3219327077499,13.4564545045108,8.11610621084702,42.164453125,1858.6420233463,-3.380034653098,-8.00994400515462,-13.2309473911211,0.934,0.945,-0.011,FALSE,FALSE,Suarez
663158,2026,"Suarez, Robert",148,88,27.4192803777956,13.027638360258,8.02929864253394,41.4385135135135,1862.02702702703,1.56080164278462,-0.505610499382292,5.68301592208818,0.946,0.918,0.028,FALSE,FALSE,Suarez
663372,2024,"Feltner, Ryan",379,218,5.61453966547199,10.2921552682322,9.409555606789,42.8160949868074,1589.64643799472,-0.0242114797201069,11.8088481794194,-8.29736219702138,0.669,0.826,-0.157,FALSE,FALSE,Feltner
663372,2026,"Feltner, Ryan",183,97,5.82900899992638,8.56498706764064,9.41924538121259,46.4579234972678,1612.95081967213,2.46717268142307,19.2883105773664,14.8452630452251,0.687,0.81,-0.123,FALSE,TRUE,Feltner
663436,2024,"Martin, Davis",176,93,27.5609007302316,16.2003611083588,4.33290533285612,36.4198863636364,2016.75,-2.17866259964257,-3.78227351407979,10.638655942746,0.697,0.845,-0.148,FALSE,FALSE,Martin
663436,2025,"Martin, Davis",563,296,23.4355973460539,14.6232163717015,3.79018997094562,36.6158081705151,2060.34103019538,-0.317980793935231,-7.32427750945699,-0.60493179774119,0.707,0.84,-0.133,FALSE,FALSE,Martin
663436,2026,"Martin, Davis",251,138,24.5983021277979,13.916881557485,3.76716318399869,33.6394422310757,2120.3187250996,1.5698739588646,-9.39511748202354,-0.0161216882995517,0.676,0.807,-0.131,FALSE,FALSE,Martin
663455,2022,"Pilkington, Konnor",222,105,21.7928887984636,9.6275639560632,7.7251466185457,36.1513513513514,1742.04504504505,-0.542482364332744,3.51629563176509,15.0149383713373,0.977,0.952,0.025,FALSE,FALSE,Pilkington
663460,2020,"Bubic, Kris",274,132,36.2900686051294,9.00827672484401,11.7898055936981,42.3530054644809,1739.95620437956,0.2748852211749,0.733077805927211,3.3128592711414,0.99,0.914,0.076,FALSE,FALSE,Bubic
663460,2021,"Bubic, Kris",675,374,31.4300618664582,9.81211110167936,10.8657965552966,42.2958456973294,1604.07851851852,-1.08147270045277,-1.57733961099787,1.67118289129017,0.965,0.911,0.054,FALSE,FALSE,Bubic
663460,2022,"Bubic, Kris",628,330,32.8735625623487,10.2541695177892,11.181916075406,37.4301458670989,1690.03662420382,-0.211635416943314,-3.06475268169815,2.75568977426094,0.988,0.942,0.046,FALSE,FALSE,Bubic
663460,2025,"Bubic, Kris",378,211,35.2652876247542,18.4796616361867,6.6553118908382,36.1624338624339,1605.16666666667,0.694023469386469,6.5422589363362,4.99579039403372,0.742,0.846,-0.104,FALSE,FALSE,Bubic
663460,2026,"Bubic, Kris",161,90,37.9228972972915,17.6633044087505,5.89135641759959,37.3614906832298,1536.15527950311,2.88515364688646,5.22380366145182,11.4881237541252,0.694,0.803,-0.109,FALSE,FALSE,Bubic
663465,2021,"Allard, Kolby",346,149,21.8641250772532,8.6622297440424,7.82653214365276,45.4140350877193,1606.07514450867,0.3440745968772,-0.991691026567447,11.8627135022842,0.99,0.949,0.041,FALSE,FALSE,Allard
663465,2024,"Allard, Kolby",106,64,26.8530577314708,9.70124668377589,8.03428205948193,46.6084905660377,1591.47169811321,1.70688300390129,0.250207762856043,5.715836204055,0.996,0.922,0.074,FALSE,FALSE,Allard
663465,2025,"Allard, Kolby",200,110,27.8470397109236,10.9179459549255,8.62483804627249,44.5385,1546.62,1.86220482198407,-7.01091456738069,-0.0288358922216399,0.994,0.932,0.062,FALSE,FALSE,Allard
663556,2021,"McClanahan, Shane",157,67,24.0292238374473,7.70816530664249,7.23898982007764,40.5246376811594,1725.40127388535,-4.29450035259431,3.92966525060881,18.6290682934779,0.987,0.968,0.019,FALSE,FALSE,McClanahan
663556,2022,"McClanahan, Shane",624,336,26.3413774754195,10.6173623557926,9.04897614975294,36.8339743589744,1732.12980769231,1.74513287285542,0.75321575015283,6.23488591282624,0.985,0.992,-0.007,FALSE,FALSE,McClanahan
663556,2023,"McClanahan, Shane",469,245,25.9754727908677,14.2856054556722,9.84448958805522,41.7415778251599,1603.98081023454,2.10243374328674,10.442693529837,-7.27848904591396,0.986,0.993,-0.007,FALSE,FALSE,McClanahan
663556,2026,"McClanahan, Shane",451,230,32.4935761975479,13.9223430172318,8.66452480551047,38.4640091116173,1552.27937915743,1.20922100986329,-1.72904222801307,-2.32412772175787,0.975,0.96,0.015,FALSE,FALSE,McClanahan
663558,2022,"Morán, Jovani",296,150,24.2005521329568,12.3565696937875,10.0735313157469,46.422972972973,1805.07094594595,3.04960715255207,6.11027231485832,14.0717987525636,0.853,0.919,-0.066,FALSE,FALSE,Morán
663558,2023,"Morán, Jovani",353,171,21.2040768004849,11.7949534724007,10.1112403293408,47.2116417910448,1691.87535410765,1.41747623992138,9.48117869257769,0.621827418249238,0.869,0.895,-0.026,FALSE,FALSE,Morán
663558,2026,"Morán, Jovani",246,115,29.619116234689,11.3704940294312,9.34427990708479,44.4821138211382,1755.5243902439,0.354690125768304,11.8478081460575,-6.79692498118744,0.843,0.82,0.023,FALSE,FALSE,Morán
663567,2023,"Lambert, Peter",286,150,20.6397361460095,11.4694750451381,6.96246725410812,48.634965034965,1506.68881118881,-0.591731462064772,5.65809584736705,8.99384237660069,0.985,0.974,0.011,FALSE,FALSE,Lambert
663567,2024,"Lambert, Peter",260,141,21.5910906091652,11.8874938686292,7.53796124927704,51.8388461538462,1462.22692307692,0.905987129535546,6.92750163688989,10.2150723790017,0.988,0.983,0.005,FALSE,FALSE,Lambert
663567,2026,"Lambert, Peter",400,213,18.4753324628524,10.8156446580308,6.92940028901734,47.12275,1570.3725,1.83109808704348,9.10129083479691,5.44088635502006,0.978,0.955,0.023,FALSE,FALSE,Lambert
663568,2025,"Kolek, Stephen",196,85,18.174641548378,14.2605932944841,6.53474336616864,29.8061224489796,1467.95918367347,2.49349253137046,-6.97774126248943,11.5954657470024,0.721,0.88,-0.159,FALSE,FALSE,Kolek
663623,2025,"Irvin, Jake",228,117,9.28569708667592,10.9478179244794,6.75993437365997,26.4105263157895,2198.38596491228,-3.36603009290653,-2.35233542706764,2.27437764924383,0.792,0.859,-0.067,FALSE,FALSE,Irvin
663687,2023,"Harris, Hogan",225,95,32.8596617009665,11.0490848965261,12.4538418803419,44.5306666666667,1964.70222222222,0.649497788540122,6.89792231919557,-7.80926014588229,0.972,0.982,-0.01,FALSE,FALSE,Harris
663687,2024,"Harris, Hogan",200,77,29.8002358676507,10.3439196258958,11.7752901325479,42.6025,2064.825,0.631676900377825,-7.32926658296891,1.38472113738212,0.972,0.993,-0.021,FALSE,FALSE,Harris
663687,2025,"Harris, Hogan",148,64,29.4244291998442,7.49940837486432,11.4696728418559,47.1594594594595,2111.70945945946,3.45281273488378,-5.55647391027409,-7.26245544496692,0.992,0.983,0.009,FALSE,FALSE,Harris
663738,2021,"Lynch IV, Daniel",205,102,30.3639354805483,5.73454503285629,9.13772293832957,40.3905472636816,1719.7756097561,-2.43923986726841,1.94699782452138,-5.98094502966613,0.995,0.912,0.083,FALSE,FALSE,Lynch IV
663738,2022,"Lynch IV, Daniel",419,220,29.9666434076054,7.98105001932923,9.22177294881734,35.3656324582339,1670.13126491647,0.00342756943716646,-1.73651763956793,3.37759867154693,0.991,0.897,0.094,FALSE,FALSE,Lynch IV
663738,2023,"Lynch IV, Daniel",226,124,25.2020987531517,9.37819837909637,8.50610954874997,39.3783185840708,1631.76991150442,4.03863885381171,5.96336479385189,10.7261201920317,0.932,0.868,0.064,FALSE,FALSE,Lynch IV
663738,2024,"Lynch IV, Daniel",134,69,25.7522281152219,12.709540055321,8.24359008528784,33.5723880597015,1624.40298507463,0.81045413767843,6.82789237501445,2.66749888445288,0.952,0.94,0.012,FALSE,FALSE,Lynch IV
663738,2025,"Lynch IV, Daniel",209,98,22.2630774304583,14.3845246690393,8.09735001840266,32.38995215311,1641.86124401914,-0.160644473854722,2.74990359534598,-1.28880446929603,0.938,0.942,-0.004,FALSE,FALSE,Lynch IV
663738,2026,"Lynch IV, Daniel",160,91,24.1047257308336,15.7532124058759,8.99797648514852,36.139375,1579.5875,1.6057607589099,-2.04741549912381,1.16174330932936,0.917,0.933,-0.016,FALSE,FALSE,Lynch IV
663776,2020,"Sandoval, Patrick",136,60,39.3009598245124,8.05495451000537,8.59972736285525,53.7763157894737,1550.72794117647,-3.09431329532564,9.35365895790413,10.2820110958779,0.964,0.941,0.023,FALSE,FALSE,Sandoval
663776,2021,"Sandoval, Patrick",422,239,39.5321913360824,8.81376744673178,8.62151980078721,52.8265060240964,1591.76777251185,2.18611903512801,14.3766990868552,3.74574332551993,0.988,0.863,0.125,FALSE,FALSE,Sandoval
663776,2022,"Sandoval, Patrick",561,302,38.4460239886792,10.3577439940312,9.38145811051694,46.5409982174688,1606.8752228164,-0.157010997871976,8.31410523490048,-1.20343494553013,0.989,0.884,0.105,FALSE,FALSE,Sandoval
663776,2023,"Sandoval, Patrick",670,344,35.8073590303364,9.32515973711878,10.0438523720279,51.4608955223881,1780.15970149254,0.0369783244071255,5.95954046277172,3.95867964896451,0.981,0.929,0.052,FALSE,FALSE,Sandoval
663776,2024,"Sandoval, Patrick",409,213,36.4757867432907,9.08312529107512,10.7751940044648,50.0073529411765,1698.99511002445,0.130944843398354,1.28832763387415,-3.96121255303029,0.981,0.939,0.042,FALSE,FALSE,Sandoval
663804,2021,"Kowar, Jackson",172,75,41.1354568436957,14.0556975055322,9.42923910589298,40.6035087719298,2410.60465116279,-3.38914880305057,-0.95976391098536,-5.72101795927217,0.865,0.991,-0.126,FALSE,FALSE,Kowar
663804,2022,"Kowar, Jackson",133,67,41.0208417584301,16.2003222412606,10.0435156857661,45.0353383458647,2512.37593984962,-2.84992404602697,-7.64646118764357,-6.10490057050171,0.753,0.989,-0.236,FALSE,FALSE,Kowar
663804,2023,"Kowar, Jackson",202,102,36.8452630145344,13.7307821912007,10.2155665566557,41.7618811881188,2386.82178217822,-1.52999895997129,-8.82567487330497,-11.1008908077029,0.858,0.983,-0.125,FALSE,FALSE,Kowar
663947,2023,"Holton, Tyler",268,137,42.6148711078729,12.3944524246615,8.59322325498258,42.8686567164179,1636.01492537313,-1.14824309879842,2.77156035177809,-7.04471342025769,0.974,0.867,0.107,FALSE,FALSE,Holton
663947,2024,"Holton, Tyler",252,148,39.0751917585992,12.8000210875161,8.42056419927707,40.4452380952381,1662.5753968254,0.0631450916764936,-3.21467780605082,-8.25059168735611,0.955,0.844,0.111,FALSE,FALSE,Holton
663947,2025,"Holton, Tyler",168,84,36.4746538994998,12.7746448057911,7.41369047619048,37.9166666666667,1641.81547619048,-2.38989548596051,-6.6488875057994,-8.80939883119605,0.965,0.858,0.107,FALSE,FALSE,Holton
663947,2026,"Holton, Tyler",127,66,43.8632135765369,13.5378161240147,8.00296062992126,35.8866141732283,1418.40157480315,0.000540251681347193,-1.19672560523582,6.11965801895612,0.972,0.827,0.145,FALSE,FALSE,Holton
663978,2020,"Paddack, Chris",298,171,32.1981392334667,11.629309558255,10.1684587727709,42.5995670995671,1785.89932885906,2.17166079787511,0.0129135278922988,11.7602464056964,0.949,0.995,-0.046,FALSE,FALSE,Paddack
663978,2021,"Paddack, Chris",490,287,33.3898264962068,12.5894155651542,9.56723841494822,43.4533190578158,1795.10408163265,-0.617267319783837,-3.39367517511427,2.15950569706433,0.93,0.986,-0.056,FALSE,FALSE,Paddack
663978,2022,"Paddack, Chris",97,62,31.5605453398118,12.3475491310109,10.4300162778079,42.1134020618557,1948.9381443299,-0.531081820308878,0.288648563178301,-5.62510105875562,0.947,0.995,-0.048,FALSE,FALSE,Paddack
663978,2024,"Paddack, Chris",374,204,37.0918203188325,14.2333087942261,10.4412653123986,40.2326203208556,1894.61497326203,-2.17526467633548,-5.65207980602051,-6.73845142639353,0.953,0.993,-0.04,FALSE,FALSE,Paddack
663978,2025,"Paddack, Chris",604,333,38.1926073854631,15.3067251802221,9.17964800339188,41.1583612040134,1809.51324503311,-2.26342731382586,-10.1990786467941,-3.69600854846278,0.973,0.995,-0.022,FALSE,FALSE,Paddack
663978,2026,"Paddack, Chris",276,149,35.1712660839605,14.7400784207763,8.15761904761905,40.6510869565217,1686.53260869565,-1.0804423858917,-7.10516176961814,-1.19987403314394,0.979,0.996,-0.017,FALSE,FALSE,Paddack
664123,2022,"Effross, Scott",121,71,14.0384354429613,10.7148469923471,7.71793993146543,-12.2636363636364,2067.34710743802,4.25379739133419,3.05045760443503,6.71413862537381,0.904,0.9,0.004,FALSE,FALSE,Effross
664141,2021,"Brubaker, JT",123,61,11.6744331214881,9.35422213727298,5.67531131007513,45.697520661157,1884.52032520325,-3.54981094547681,-3.87765361098806,-3.2628586855392,0.898,0.928,-0.03,FALSE,TRUE,Brubaker
664199,2021,"Clarke, Taylor",118,61,33.9781814289129,13.8587296922619,6.20395058605279,41.0146551724138,1632.32203389831,2.4539990930416,-8.01367803121854,-5.8883924602197,0.93,0.921,0.009,FALSE,FALSE,Clarke
664199,2022,"Clarke, Taylor",182,90,34.7279741740512,14.7931134455127,6.5853083028083,41.5159340659341,1537.38461538462,-1.88065551609073,-3.33821021453281,3.79535067842535,0.956,0.91,0.046,FALSE,FALSE,Clarke
664199,2023,"Clarke, Taylor",164,79,32.4141977538697,13.0221557932079,5.73776947285602,47.3353658536585,1582.89634146341,-3.52146163760362,2.34935070255325,-0.895744930613678,0.955,0.9,0.055,FALSE,FALSE,Clarke
664199,2025,"Clarke, Taylor",176,84,30.8193454132972,17.4545876333857,5.16679593554593,38.9886363636364,1756.51136363636,1.05964620705706,-3.10512632698234,-7.63765680130307,0.872,0.911,-0.039,FALSE,FALSE,Clarke
664285,2021,"Valdez, Framber",252,128,16.4711976866473,8.81471510158757,4.57015873015873,41.0869047619048,1498.12301587302,0.407736615865426,7.31264529936336,10.0612319169466,0.753,0.639,0.114,FALSE,FALSE,Valdez
664285,2022,"Valdez, Framber",273,132,18.6604700453915,7.52499587742125,5.27435897435897,42.1765567765568,1637.63736263736,2.12892235030087,0.820050273484641,18.227443962149,0.794,0.663,0.131,FALSE,FALSE,Valdez
664299,2024,"Javier, Cristian",153,76,55.684115338866,15.7205651575766,10.4473068394024,39.1960784313726,2396.64052287582,0.556042344976853,-9.44393720596982,-10.4851895351106,0.728,0.941,-0.213,FALSE,FALSE,Javier
664299,2025,"Javier, Cristian",115,68,48.4269828550229,13.171596846099,8.75809473312125,34.8913043478261,2274.8,2.89677377545996,4.0111666411052,1.51746497366933,0.78,0.897,-0.117,FALSE,FALSE,Javier
664350,2020,"Sánchez, Sixto",149,100,13.4418165070973,12.6848882527,9.5282535197053,26.9676691729323,1800.15436241611,4.74732600281842,0.111490217234252,19.5478893513568,0.919,0.916,0.003,FALSE,FALSE,Sánchez
664350,2024,"Sánchez, Sixto",184,86,14.8610416120807,11.4538828849396,8.41736192714454,30.2298913043478,1783.46739130435,1.48999251060622,-4.2225198669066,17.5756172147164,0.868,0.844,0.024,FALSE,FALSE,Sánchez
664353,2021,"Urquidy, José",283,157,32.445773010569,11.0226685898523,8.14749439724274,54.9404411764706,1907.06360424028,1.74426711247496,7.08192264698049,9.47891488849737,0.977,0.99,-0.013,FALSE,FALSE,Urquidy
664353,2022,"Urquidy, José",391,227,27.8318467220691,8.87544600014377,7.43625033540801,51.0058823529412,2006.39130434783,-0.828666546696296,-1.31795011491686,9.78698640410028,0.992,0.991,0.001,FALSE,FALSE,Urquidy
664353,2023,"Urquidy, José",237,142,32.9322218224711,10.0122046680666,7.00398017483294,50.5691983122363,2099.71729957806,1.65825468073621,4.19718867786945,1.32773892486911,0.985,0.988,-0.003,FALSE,FALSE,Urquidy
665152,2022,"Kremer, Dean",268,117,36.1318994928386,16.4236061696115,9.82462746268656,33.4698039215686,1584.4328358209,0.35167839935977,-0.828976297763147,-10.9737473006734,0.897,0.952,-0.055,FALSE,FALSE,Kremer
665152,2023,"Kremer, Dean",353,150,31.1886671103423,13.9239146345835,9.29771096351666,33.2866855524079,1715.38243626062,-0.545466926420006,-2.89487842825549,4.87758872039719,0.951,0.978,-0.027,FALSE,FALSE,Kremer
665622,2023,"Medina, Luis",161,64,25.5088115946817,13.2215466068239,8.7407453416149,45.4670807453416,1444.93788819876,1.44488210424321,0.237745401907511,-0.486527051440582,0.95,0.848,0.102,FALSE,FALSE,Medina
665622,2026,"Medina, Luis",125,60,13.5440876115529,15.8809641136836,7.73542388059702,42.7082644628099,1594.176,2.13121683764474,21.1328310085823,-9.13628442120042,0.694,0.869,-0.175,FALSE,FALSE,Medina
665665,2022,"Sanmartin, Reiver",315,141,16.381113794869,12.332334692465,5.72072222222222,20.5669841269841,1996.58412698413,-3.01026918318141,2.79791694974721,13.1343589414596,0.892,0.899,-0.007,FALSE,FALSE,Sanmartin
665795,2022,"Cabrera, Edward",392,215,9.21329945971426,9.44298458464803,3.52222852103804,44.3150510204082,1679.22959183673,1.36491483489357,0.245908486165198,-1.08911811994318,0.971,0.933,0.038,TRUE,TRUE,Cabrera
665795,2023,"Cabrera, Edward",560,300,10.8071880235844,9.57501618451783,3.29017639814547,46.00125,1700.19464285714,0.21712233041858,1.96894614042744,7.41596722459824,0.957,0.922,0.035,FALSE,TRUE,Cabrera
665795,2024,"Cabrera, Edward",566,291,10.946610090988,10.1169121136548,3.15461719670201,43.1256183745583,1631.79858657244,-0.0905432585663999,2.56465374916455,-0.149881467060224,0.94,0.932,0.008,FALSE,TRUE,Cabrera
665795,2025,"Cabrera, Edward",580,293,12.3648166871725,11.4207851043472,2.71800661313179,36.455,1748.80172413793,-0.337426382603177,-3.84878338087511,0.272082969096472,0.929,0.919,0.01,FALSE,FALSE,Cabrera
665795,2026,"Cabrera, Edward",367,217,15.1523863753187,10.7928084407436,3.24801277835197,32.5425068119891,1740.56130790191,-0.520961165338559,2.23854538816104,-5.02164326334783,0.95,0.961,-0.011,FALSE,FALSE,Cabrera
666120,2020,"Anderson, Ian",174,88,18.1998658181792,8.13717795731468,6.66741293532339,63.9084033613445,1747.56896551724,3.45258978505109,9.88977762200217,15.7251068794432,0.982,0.996,-0.014,FALSE,FALSE,Anderson
666120,2021,"Anderson, Ian",679,367,14.2039717993884,7.42905110980442,6.51528133047395,62.9832792207792,1646.04270986745,2.0242460529298,4.11841633408649,11.2550655613736,0.986,0.996,-0.01,FALSE,TRUE,Anderson
666120,2022,"Anderson, Ian",666,374,15.7708975666773,8.30899595148385,5.80033495033495,58.3343843843844,1518.55255255255,1.07126281271625,5.9421303277961,10.7389672400601,0.975,0.99,-0.015,FALSE,FALSE,Anderson
666129,2023,"Garrett, Braxton",218,107,24.6274313743341,13.3032936240377,6.60517097581318,39.2050458715596,1457.90366972477,1.12414709536756,5.37871406976134,4.20125850784112,0.892,0.819,0.073,FALSE,FALSE,Garrett
666142,2022,"Ragans, Cole",235,130,18.6464121238761,7.63523017961637,9.93109393172334,47.2255319148936,2210.40425531915,1.46432002358495,-4.74847250126451,-4.77769643443349,0.974,0.992,-0.018,FALSE,FALSE,Ragans
666142,2023,"Ragans, Cole",374,209,16.3950430315681,8.46497341729091,9.96085410150338,41.672192513369,2057.32352941177,1.97750837883122,-6.53428934916755,-1.46710533387088,0.994,0.974,0.02,FALSE,FALSE,Ragans
666142,2024,"Ragans, Cole",740,425,16.1900436709146,8.55504643606463,10.6126545367538,44.0818918918919,2161.43648648649,0.295948797902105,4.6441818672801,-1.24287801596485,0.989,0.993,-0.004,FALSE,FALSE,Ragans
666142,2025,"Ragans, Cole",207,113,15.0392866878854,8.80017809992391,10.8622808445964,37.4429951690821,2069.961352657,0.0247005115939955,11.7759464449848,-3.47271955947553,0.995,0.987,0.008,FALSE,FALSE,Ragans
666157,2022,"Lodolo, Nick",173,90,11.2324685104277,9.16119296537838,6.07540039754164,20.8433526011561,1961.56647398844,0.0379159403520167,-0.137866241655619,-9.47321305446565,0.951,0.984,-0.033,FALSE,FALSE,Lodolo
666157,2024,"Lodolo, Nick",306,170,10.3285386524355,9.86312200751617,6.04797841617267,18.9029411764706,2005.01307189543,-0.480934939916602,-3.83592752739394,3.93788440474606,0.947,0.984,-0.037,FALSE,FALSE,Lodolo
666157,2025,"Lodolo, Nick",538,302,8.78578265970535,7.61045517125108,6.01918005190433,15.4622676579926,1833.86059479554,1.02762749550649,1.0741869420393,5.50156705201162,0.96,0.982,-0.022,FALSE,FALSE,Lodolo
666157,2026,"Lodolo, Nick",259,134,7.88262374829486,7.78071463961535,5.85380282435078,14.7223938223938,1893.75675675676,1.28742119274694,-5.74035772842798,-2.45843541493997,0.968,0.985,-0.017,FALSE,FALSE,Lodolo
666159,2021,"Manning, Matt",177,75,18.3385097672601,8.52006010714212,6.01874219948362,52.0392045454546,1395,0.530172561612055,-11.3740270948243,17.5333628511321,0.96,0.911,0.049,FALSE,FALSE,Manning
666200,2020,"Luzardo, Jesús",222,109,17.841842175027,10.4096042822419,8.1437308442463,26.1631313131313,1910.2027027027,0.11321385545915,11.813937731935,13.1045101333625,0.991,0.959,0.032,FALSE,FALSE,Luzardo
666200,2021,"Luzardo, Jesús",342,175,14.7249352478653,10.188211634527,9.17804276315789,32.6352941176471,1876.51461988304,-0.872999853122891,-3.23509230012196,-0.521929644485143,0.988,0.985,0.003,FALSE,FALSE,Luzardo
666200,2022,"Luzardo, Jesús",351,203,12.0780955247851,9.49546666931179,9.19321008299269,35.1796407185629,1896.49287749288,2.26991081507166,7.88375568466491,-6.66940743423142,0.981,0.989,-0.008,FALSE,FALSE,Luzardo
666200,2023,"Luzardo, Jesús",625,318,13.7285019244759,9.46260200208414,8.42914396761134,34.10816,1967.7648,-0.234497085637788,0.593843000815705,3.42684229973341,0.982,0.983,-0.001,FALSE,FALSE,Luzardo
666200,2024,"Luzardo, Jesús",252,142,14.6954816477492,8.9427929386008,8.82186035035776,38.9988095238095,1928.69444444444,1.26426515418832,0.0461473746418463,3.52544110325912,0.994,0.975,0.019,FALSE,FALSE,Luzardo
666200,2025,"Luzardo, Jesús",520,290,15.2294514084594,9.07963479759015,8.63204936281284,32.0023076923077,1930.25961538462,0.424483368959287,2.27769174543708,-1.04392721303106,0.995,0.95,0.045,FALSE,FALSE,Luzardo
666200,2026,"Luzardo, Jesús",412,224,6.9881432347668,14.3497355040562,10.9466527003581,31.1303398058252,1670.07281553398,-0.435766801925232,6.60272637936264,6.75702696383504,0.884,0.925,-0.041,FALSE,FALSE,Luzardo
666201,2021,"Manoah, Alek",170,75,18.4104915179773,10.1860721402408,6.91361231149132,38.8951388888889,1972.69411764706,0.146247751964258,-13.2528212110919,6.61025098362248,0.817,0.78,0.037,FALSE,FALSE,Manoah
666201,2022,"Manoah, Alek",324,135,15.8562833924508,9.31502192104862,7.3854140261935,38.5271604938272,1979.74382716049,1.20308966085266,-9.31540061346791,-0.596149449072976,0.803,0.825,-0.022,FALSE,FALSE,Manoah
666201,2023,"Manoah, Alek",214,100,15.7551922161749,8.73952881076037,6.43458230606043,39.2336448598131,2055.52336448598,-0.794357104722972,-5.17646531853513,-6.30133239729163,0.856,0.842,0.014,FALSE,FALSE,Manoah
666214,2023,"Wentz, Joey",336,154,21.2375125029561,6.71896289021186,8.34142649587855,40.1943452380952,2107.08035714286,-0.0233053096667845,-1.78645268950321,-2.03864118305519,0.987,0.987,0,FALSE,FALSE,Wentz
666214,2024,"Wentz, Joey",234,94,19.833231497211,9.17294202001201,7.94855446566856,49.8465811965812,2042.37606837607,-0.896095468649794,3.89387308605601,2.47371206262356,0.981,0.949,0.032,FALSE,FALSE,Wentz
666277,2023,"Soriano, George",186,84,18.4898065699485,9.88670427964501,5.65860215053763,28.8688172043011,2034.15591397849,-0.0580565288935695,4.16706206456369,12.9542713879024,0.911,0.797,0.114,FALSE,FALSE,Soriano
666277,2025,"Soriano, George",213,102,26.3513779404332,16.0576991274587,7.60452307339974,33.8403755868545,1655.17840375587,-1.11539100227223,-7.72115015092929,-9.81874497376485,0.731,0.837,-0.106,FALSE,FALSE,Soriano
666277,2026,"Soriano, George",217,119,30.2679464988538,15.8154259599085,6.61059907834102,38.1804878048781,1542.59447004608,1.61906646396605,7.09080100348058,-3.39489193461887,0.795,0.896,-0.101,FALSE,FALSE,Soriano
666661,2026,"Morillo, Juan",143,76,31.5150309038863,11.2861781070569,6.11470051687443,45.134965034965,2265.46853146853,1.80084322694072,-6.02737176133752,-4.80047331975444,0.978,0.912,0.066,FALSE,FALSE,Morillo
666721,2022,"Castillo, Max",231,113,26.9509780756781,10.0757303727424,5.49472353993312,26.6766233766234,1614.96536796537,0.963371557312184,-1.57098818258595,5.4725700993938,0.941,0.99,-0.049,FALSE,FALSE,Castillo
666745,2023,"Brito, Jhony",419,252,12.4461849471977,8.74142548910975,7.03865849152695,51.0992840095465,1672.91169451074,-0.05692153911721,-0.0940383985241938,-3.0753833804842,0.985,0.918,0.067,FALSE,TRUE,Brito
666745,2024,"Brito, Jhony",216,120,11.0348524392482,7.51680620213463,6.54748761500354,55.9220657276995,1760.37037037037,0.836878662814998,5.64302896294222,5.15032832652068,0.98,0.948,0.032,FALSE,TRUE,Brito
666974,2024,"Cano, Yennier",248,143,8.59112279420948,6.92507745176122,5.49671905155776,23.2036290322581,1738.30241935484,-0.714586952563122,-1.44508413515642,2.31970468763022,0.988,0.898,0.09,FALSE,FALSE,Cano
666974,2025,"Cano, Yennier",123,66,8.90636376834098,5.05925480763202,3.06901215914813,20.6008130081301,1849.80487804878,-4.44809280743957,0.769903603424624,-17.0840457282736,0.988,0.873,0.115,FALSE,FALSE,Cano
667376,2021,"Sánchez, Miguel",241,134,15.9805473335425,13.2164341405722,5.08354002517601,36.6979166666667,1612.93360995851,1.92516317244979,-0.938791599793664,1.00284754497793,0.803,0.798,0.005,FALSE,FALSE,Sánchez
667376,2022,"Sánchez, Miguel",109,61,11.9107985149411,13.0754974892067,5.24588274781831,34.0100917431193,1588.5504587156,-0.736321277650301,-7.45481677924265,-0.729893386409744,0.878,0.858,0.02,FALSE,FALSE,Sánchez
668674,2023,"Erceg, Lucas",232,98,15.7974521584045,10.2134376611225,7.6920566502463,44.2086206896552,1921.93103448276,0.413901846885863,3.92613509938185,-7.20898569139367,0.942,0.97,-0.028,FALSE,FALSE,Erceg
668674,2024,"Erceg, Lucas",188,96,14.2030977939239,10.9815394592356,7.56506608089463,40.5042553191489,2011.64893617021,-1.00842339479535,5.58013817728662,-7.8762485435383,0.945,0.977,-0.032,FALSE,FALSE,Erceg
668674,2025,"Erceg, Lucas",161,77,14.2130038711639,9.67056986825872,7.53525543209611,39.583850931677,1932.49689440994,-0.870608389301859,-6.76359650198322,11.2567646237647,0.956,0.978,-0.022,FALSE,FALSE,Erceg
668676,2020,"Plesac, Zach",191,101,21.1051351249017,9.20802142724528,6.68282333380501,45.5940476190476,1630.25654450262,3.72965891039179,10.8034541588929,1.79672911444623,0.991,0.984,0.007,FALSE,FALSE,Plesac
668676,2021,"Plesac, Zach",523,314,19.0502471395667,8.5982465544815,7.08878580982939,49.6453667953668,1597.16443594646,0.23729515502756,-2.98855202113121,5.41227588674942,0.988,0.993,-0.005,FALSE,FALSE,Plesac
668676,2022,"Plesac, Zach",468,272,15.8320841907083,8.36395360215084,6.17628618693136,48.8809829059829,1626.24145299145,-0.0763333813401872,-4.49874542288635,-1.42559983145883,0.991,0.991,0,FALSE,FALSE,Plesac
668678,2020,"Gallen, Zac",212,112,37.4132496492992,15.9401048857809,8.38278518262074,33.3762376237624,1529.90566037736,-1.75046396998512,10.1994800283201,10.913026750574,0.918,0.857,0.061,FALSE,FALSE,Gallen
668678,2021,"Gallen, Zac",350,178,27.8236541045173,15.3288790483824,7.27252844500633,37.9495702005731,1476.46857142857,-1.18773275091745,-0.739081292958564,3.20973275884348,0.893,0.832,0.061,FALSE,FALSE,Gallen
668678,2022,"Gallen, Zac",408,233,20.5605796532608,15.3311505144842,7.87801243845555,37.5178921568627,1540.58578431373,1.06698537141814,-6.19311836061582,-1.90426293677937,0.793,0.82,-0.027,FALSE,FALSE,Gallen
668678,2023,"Gallen, Zac",453,239,21.5060736663816,14.247822751222,6.71959920234373,36.860407239819,1517.00883002208,0.770673116632038,1.82245149440259,-3.34597230158485,0.861,0.812,0.049,FALSE,FALSE,Gallen
668678,2024,"Gallen, Zac",351,185,19.598101805519,13.53024711209,7.05176245210729,35.8296296296296,1532.86894586895,0.448136540702744,-3.56947355715105,-2.13562616697517,0.895,0.858,0.037,FALSE,FALSE,Gallen
668678,2025,"Gallen, Zac",501,242,18.471405365777,14.6383683237636,7.26069435596891,35.612375249501,1517.50898203593,0.667495699977383,-1.19572725623912,7.09163348137644,0.868,0.861,0.007,FALSE,FALSE,Gallen
668678,2026,"Gallen, Zac",288,132,18.8637768935076,13.6880973395958,6.78313475665749,37.0825174825175,1542.02777777778,1.01846375679148,-4.98996372609576,-2.99210230945389,0.826,0.812,0.014,FALSE,FALSE,Gallen
668941,2023,"Romero, JoJo",153,86,24.105104259739,10.0915536486778,9.14610883112936,38.4222222222222,1574.12418300654,1.28645418163518,12.0482404822359,5.61016402732123,0.989,0.865,0.124,FALSE,FALSE,Romero
668941,2024,"Romero, JoJo",157,84,20.729463468462,11.5774131978438,9.16945474907259,32.7490445859873,1575.4076433121,-2.71538940793218,2.65001257206376,-13.5102768887208,0.986,0.874,0.112,FALSE,FALSE,Romero
668941,2025,"Romero, JoJo",223,100,20.3938750316063,13.0098294370479,6.98602264954018,32.1390134529148,1387.20627802691,0.453046584163439,0.345149903123871,3.48338487130457,0.941,0.84,0.101,FALSE,FALSE,Romero
668964,2024,"Myers, Tobias",245,99,19.1945994368716,10.3213830760727,11.8068484366224,58.5910204081633,1855.85714285714,2.34618152845228,10.4394693515638,2.64682159488027,0.987,0.996,-0.009,FALSE,FALSE,Myers
669022,2024,"Gore, MacKenzie",277,129,25.7306852207443,11.4382227996736,10.1314070712833,45.9249097472924,2017.6678700361,-0.714909813963715,8.99356849104059,-7.30498556539873,0.919,0.929,-0.01,FALSE,FALSE,Gore
669022,2025,"Gore, MacKenzie",289,127,26.9504628571363,11.2045863472172,9.10338467137999,42.7051903114187,2092.74394463668,-0.781887079231877,7.84894789884962,-2.59336364136943,0.921,0.919,0.002,FALSE,FALSE,Gore
669022,2026,"Gore, MacKenzie",227,101,27.5380209216588,8.86345276672317,8.83041237595519,46.9440528634361,1970.28634361233,1.31788846217649,6.44756865863545,-7.72005642272434,0.949,0.921,0.028,FALSE,FALSE,Gore
669060,2021,"Wilson, Bryse",225,119,19.554580145612,9.83839337894295,6.20250793650793,38.704932735426,1576.04888888889,0.473900967361403,-7.92449720452921,-5.58793944722367,0.966,0.877,0.089,FALSE,FALSE,Wilson
669060,2022,"Wilson, Bryse",173,79,21.7269639640741,10.7904355088219,6.62851817838043,37.6734104046243,1612.46820809249,-4.55732277967949,-6.72367065343573,8.13125287255796,0.99,0.92,0.07,FALSE,FALSE,Wilson
669060,2025,"Wilson, Bryse",152,69,20.7745779064262,12.2571835760759,6.68937783199721,35.3513157894737,1721.93421052632,-2.25997800472408,-11.812253348474,-21.0015002418974,0.913,0.894,0.019,FALSE,FALSE,Wilson
669062,2024,"Miller, Erik",425,201,43.5623579967906,16.7712160707689,11.3518523352289,24.0185882352941,1781.90823529412,-1.02335842030989,-7.71848148582588,7.99100812934308,0.988,0.939,0.049,FALSE,FALSE,Miller
669084,2024,"Hall, DL",160,75,21.5616272661028,6.65102228506458,8.60597934472935,42.038125,2078.66875,-0.302873634787516,-0.488691289360433,0.762296624858422,0.986,0.838,0.148,FALSE,FALSE,Hall
669145,2021,"Zimmermann, Bruce",272,151,25.5333071688451,7.5317166737651,6.95329226285109,41.4439516129032,1986.08823529412,-0.540466046261798,-3.45255047326782,-7.26205667646954,0.988,0.804,0.184,FALSE,FALSE,Zimmermann
669145,2022,"Zimmermann, Bruce",208,108,22.6388824506181,7.60564923120366,5.92723593570609,40.3778846153846,1933.13942307692,-2.5520196390074,-0.980891012839692,-3.80081327912494,0.975,0.779,0.196,FALSE,FALSE,Zimmermann
669165,2026,"Hurt, Kyle",180,104,41.5386307405299,15.7990553137069,7.91321428571428,42.4283333333333,1340.41111111111,0.85968108039534,0.378589527070443,0.649169988122603,0.973,0.993,-0.02,FALSE,FALSE,Hurt
669169,2022,"Heasley, Jonathan",368,179,25.5071573766246,11.1511354623749,8.41800724637681,49.4413043478261,1870.20108695652,-1.12277558117619,-4.11185883919311,13.9778865002872,0.949,0.986,-0.037,FALSE,FALSE,Heasley
669194,2023,"Nelson, Ryne",313,138,40.4753187025941,12.7310232398563,11.030086234589,43.632154340836,1713.18849840256,0.0534578533728708,-1.52292651802206,10.512888764128,0.994,0.958,0.036,FALSE,FALSE,Nelson
669194,2024,"Nelson, Ryne",238,123,41.4292837046829,12.1364285471946,12.2122491054587,41.981512605042,1960.28571428571,-2.88874609776758,-11.4867417674603,2.51381245022463,0.992,0.978,0.014,FALSE,FALSE,Nelson
669211,2021,"Akin, Keegan",344,165,20.1971241046547,11.9235438685187,10.1347876843098,41.8376470588235,1937.5,-1.11979445667708,-2.66503112054361,4.09870665075876,0.953,0.969,-0.016,FALSE,FALSE,Akin
669211,2022,"Akin, Keegan",218,105,24.0601685206209,11.4691204056915,9.38366413784992,40.6839449541284,1964.16513761468,-1.91980548162869,-6.92941796302996,8.64180559338672,0.986,0.968,0.018,FALSE,FALSE,Akin
669211,2024,"Akin, Keegan",134,63,22.1452638773187,11.3763520152889,8.29658112316118,41.918045112782,2039.03731343284,-0.67175553031757,-1.67535808185187,9.73042219199407,0.981,0.948,0.033,FALSE,FALSE,Akin
669211,2025,"Akin, Keegan",211,118,21.8655336655971,10.2268318388123,7.13542894050082,36.6132701421801,2067.02843601896,2.4065014696902,0.535641009559203,0.387623838456941,0.981,0.957,0.024,FALSE,FALSE,Akin
669212,2021,"Morgan, Eli",328,183,46.6749895559812,14.3498181383278,15.6170736132252,44.2414330218069,2017.71036585366,0.408366804337519,-0.294280959590105,-9.22715418769791,0.855,0.99,-0.135,FALSE,FALSE,Morgan
669212,2022,"Morgan, Eli",275,155,46.1881317426992,15.5047406059252,16.2459704797048,42.0632727272727,2098.76363636364,-0.7647477043474,-2.60118712408222,2.6603193193197,0.874,0.995,-0.121,FALSE,FALSE,Morgan
669212,2023,"Morgan, Eli",376,214,49.7396460513179,16.2603020100936,13.9384294687486,47.9461333333333,2039.26595744681,0.208885118274135,0.610394269060132,-0.467698037260143,0.925,0.971,-0.046,FALSE,FALSE,Morgan
669212,2024,"Morgan, Eli",153,97,48.6046713475906,15.0942188015983,13.2860809451986,43.9692810457516,2147.74509803922,1.18062379823346,-5.87606688645619,-12.6752695900193,0.904,0.983,-0.079,FALSE,FALSE,Morgan
669270,2022,"Kuhnel, Joel",135,66,5.11594972391651,8.99460632185904,5.98457912457912,30.2874074074074,1483.61481481481,1.01896139899935,-0.403646501225241,4.15941102920936,0.877,0.771,0.106,FALSE,FALSE,Kuhnel
669276,2024,"Lee, Dylan",104,61,16.4821661338962,9.50046038770871,6.71917659804984,43.3769230769231,1633.95192307692,-0.538348534863619,11.6499421528743,-16.6241342269582,0.986,0.991,-0.005,FALSE,FALSE,Lee
669276,2025,"Lee, Dylan",146,77,16.4876101617984,9.01040097682248,7.37108951895507,43.9287671232877,1726.36301369863,1.55968611294728,-4.46793889779125,0.993630930747445,0.986,0.994,-0.008,FALSE,FALSE,Lee
669302,2022,"Gilbert, Logan",241,79,32.1646197219123,12.273278393421,9.98640397558705,43.7174468085106,1752.1244813278,1.52823818118293,-6.3239390938704,-6.43927822822876,0.994,0.955,0.039,FALSE,FALSE,Gilbert
669330,2022,"Wells, Tyler",303,169,14.41598106218,8.92245063442022,6.86480722416265,50.5541254125413,2097.77227722772,-0.18117116739575,0.697573584957085,7.3468682633702,0.96,0.961,-0.001,FALSE,TRUE,Wells
669330,2023,"Wells, Tyler",353,189,15.4884566184516,7.8878927170734,7.15489350101343,49.2872521246459,2251.80736543909,-0.500335648536669,2.24773120601585,2.97749942567066,0.943,0.926,0.017,FALSE,FALSE,Wells
669330,2026,"Wells, Tyler",183,114,15.5123613532366,6.82341208958323,6.32103112378238,50.5579234972678,2204.75409836066,0.509389466849975,4.47115553113319,-9.8638166020017,0.956,0.93,0.026,FALSE,FALSE,Wells
669358,2025,"Baz, Shane",309,149,17.0064306818054,10.3420593745431,7.67948317639981,35.2744336569579,2113.84466019417,-0.153479465822785,-1.24431309557307,12.2681771025484,0.957,0.944,0.013,FALSE,FALSE,Baz
669358,2026,"Baz, Shane",164,71,18.1655948858011,9.77712564214331,7.95214943521116,35.8567073170732,1879.68902439024,-0.102267108757143,-12.0200677654373,-9.87993459599797,0.984,0.963,0.021,FALSE,FALSE,Baz
669372,2026,"Ginn, J.T.",350,188,12.5528240536351,9.59838517621368,5.72468519715579,41.6702857142857,1515.90571428571,1.94475871176946,5.8981852662509,1.70290634027589,0.627,0.728,-0.101,FALSE,FALSE,Ginn
669373,2021,"Skubal, Tarik",305,114,3.80117055588604,7.63290459528509,12.2187419684141,59.8531353135314,1441.03278688525,1.11234757904805,12.0267317261552,0.716134159542933,0.978,0.945,0.033,TRUE,TRUE,Skubal
669373,2022,"Skubal, Tarik",286,158,8.53976766347245,11.3535965026715,10.5419401816258,51.3993006993007,1599.44755244755,1.70475871399554,11.9613840174803,0.79768547701788,0.813,0.963,-0.15,FALSE,TRUE,Skubal
669373,2023,"Skubal, Tarik",294,169,18.4944486659088,13.5527358986866,11.4990617203601,47.2068027210884,1567.04421768708,2.22293940503713,10.3429184467456,9.49234375219408,0.745,0.964,-0.219,FALSE,FALSE,Skubal
669373,2024,"Skubal, Tarik",760,458,19.3964110369356,13.1798524554344,10.5287219643157,46.5172131147541,1689.37894736842,0.0210536548022985,4.33639876199047,-4.62541505290102,0.822,0.952,-0.13,FALSE,FALSE,Skubal
669373,2025,"Skubal, Tarik",895,538,20.6284854064374,13.5482532942806,9.51152243000034,46.3223463687151,1837.36089385475,1.13295925169282,0.953631023160709,-7.03289550217876,0.793,0.901,-0.108,FALSE,FALSE,Skubal
669373,2026,"Skubal, Tarik",359,218,21.2094579980571,15.1176158580547,9.43920333196632,42.01643454039,1823.4651810585,0.255396417722924,6.50015450098507,0.114405159626512,0.707,0.903,-0.196,FALSE,FALSE,Skubal
669432,2020,"Rogers, Trevor",106,70,15.1843591547608,15.560424942216,9.23190671166934,21.8166666666667,1447.67924528302,2.0706747460982,1.31691016388209,13.289730797039,0.914,0.941,-0.027,FALSE,FALSE,Rogers
669432,2021,"Rogers, Trevor",595,356,13.6167870632998,14.8824980047944,9.71573925416812,26.936,1322.43193277311,0.702608169976771,0.297159096154603,5.24402207375678,0.912,0.877,0.035,FALSE,FALSE,Rogers
669432,2022,"Rogers, Trevor",566,290,14.0941959661838,13.8383912207474,8.93663910275674,21.2365724381625,1372.33038869258,-0.814767423378303,-8.30332119187409,-1.28220672436173,0.942,0.891,0.051,FALSE,FALSE,Rogers
669432,2024,"Rogers, Trevor",528,300,13.399583635934,14.7048594078706,6.36012977880066,22.1403409090909,1619.02083333333,-1.31444481085829,-4.43353097291608,4.97774415630956,0.86,0.903,-0.043,FALSE,FALSE,Rogers
669432,2025,"Rogers, Trevor",407,238,14.3978495183134,14.740243190822,6.79761208919104,21.831941031941,1480.36363636364,1.21764890982796,0.105306075862621,8.19399406117914,0.874,0.879,-0.005,FALSE,FALSE,Rogers
669432,2026,"Rogers, Trevor",399,227,13.5551536391002,14.1996636899944,6.42769897034778,21.7418546365915,1580.07518796992,-0.987843676452919,-4.42388473473234,-2.89828759183011,0.858,0.872,-0.014,FALSE,FALSE,Rogers
669438,2023,"Englert, Mason",256,138,30.86579813171,15.6755120323131,7.51828394396552,30.738431372549,1989.50390625,-2.44632588641627,-3.09229891988992,-3.47846439051246,0.699,0.977,-0.278,FALSE,FALSE,Englert
669438,2025,"Englert, Mason",245,129,28.6435730765222,17.1987895243384,6.41334094476952,39.4359183673469,2112.95510204082,1.83165360118105,2.59760613391482,-17.0608233530288,0.608,0.918,-0.31,FALSE,FALSE,Englert
669438,2026,"Englert, Mason",157,88,23.5361142527064,16.851709089594,6.40149681528663,41.675796178344,2084.59872611465,-2.36103839279003,-7.0505348490747,-22.6684420740422,0.656,0.946,-0.29,FALSE,FALSE,Englert
669461,2025,"Liberatore, Matthew",291,130,19.6122623096791,8.09407012038031,5.46344426357991,41.9450171821306,1802.28865979381,2.15897196878545,-8.29156476864112,-10.3124371658577,0.961,0.968,-0.007,FALSE,FALSE,Liberatore
669461,2026,"Liberatore, Matthew",248,124,20.5599834010252,9.02906693198083,5.78150137579767,41.7842741935484,1800.83870967742,-0.0364578258617356,-5.1895021114808,-6.07178025265999,0.947,0.954,-0.007,FALSE,FALSE,Liberatore
669674,2021,"Long, Sam",149,80,23.5154405696761,7.94647629091162,12.2473078343216,57.5190476190476,1894.62416107383,1.98463582058857,-9.11633939182462,0.747159892156741,0.936,0.984,-0.048,FALSE,FALSE,Long
669674,2022,"Long, Sam",214,119,24.6456111055802,7.23433164059778,10.3719142765066,49.442523364486,1945.57009345794,-0.354575016602568,-3.47959900091125,9.12309911084616,0.949,0.975,-0.026,FALSE,FALSE,Long
669854,2024,"Blanco, Ronel",608,312,33.563403835964,14.9667871197746,8.25199036542779,46.3143106457243,1484.86677631579,-0.238200966100407,0.778032753086384,-2.88341839607897,0.968,0.986,-0.018,FALSE,FALSE,Blanco
669920,2022,"Alexander, Jason",181,82,20.4786402146146,8.29528161312704,11.5949457745038,24.1696132596685,1805.70718232044,-2.77106343862861,-2.06649977765643,-5.78201501704435,0.976,0.944,0.032,FALSE,FALSE,Alexander
669920,2025,"Alexander, Jason",410,230,29.2467969877048,11.0991235518373,11.6117399654312,22.8963325183374,1763.79024390244,-0.566922912287675,9.40693175942981,-12.8942667366033,0.981,0.923,0.058,FALSE,FALSE,Alexander
669923,2022,"Kirby, George",160,75,27.0481658691719,13.6154210647289,9.33427197802198,30.3316455696203,1466.425,-1.43407070999837,-11.4289912904863,3.24763830181173,0.994,0.87,0.124,FALSE,FALSE,Kirby
670046,2023,"Rosenberg, Kenny",204,120,15.7987892925511,9.45184968686654,10.1012443438914,46.6382352941177,1544.93137254902,-0.000239718691082163,-2.20972356286245,8.06316130624546,0.99,0.996,-0.006,FALSE,FALSE,Rosenberg
670046,2024,"Rosenberg, Kenny",132,69,14.4998886669402,9.66556501984608,9.14179035250464,45.7378787878788,1640.48484848485,0.793014950521905,-2.04844830433697,4.29561629909997,0.954,0.988,-0.034,FALSE,TRUE,Rosenberg
670124,2022,"Oller, Adam",161,90,25.6069119082949,11.5788102223944,6.82778126400717,34.1242236024845,1653.55279503106,-0.579700325560992,-3.20296074989705,4.12446047057174,0.957,0.982,-0.025,FALSE,FALSE,Oller
670174,2022,"Winckowski, Josh",150,63,29.611527814971,11.7037210760024,3.0274649122807,39.6766666666667,1687.47333333333,0.0508442334280905,-9.10729608842988,11.614490511694,0.856,0.815,0.041,FALSE,FALSE,Winckowski
670174,2024,"Winckowski, Josh",156,83,27.7567901241216,11.2231404870407,3.67230769230769,42.9628205128205,1691.80769230769,-3.12239772209236,-9.58489646679064,19.0727740085277,0.912,0.824,0.088,FALSE,FALSE,Winckowski
670329,2025,"Garcia, Rico",129,67,22.0242218162483,8.82579204582805,9.03914225309574,47.32890625,2290.25581395349,0.887057028795649,4.63304322806303,5.98903539615186,0.985,0.993,-0.008,FALSE,FALSE,Garcia
670329,2026,"Garcia, Rico",191,104,16.5495798736486,7.70273508596544,8.87203354491961,45.9115183246073,2368.01047120419,1.3385913255073,17.1800450504999,-1.16715631483508,0.977,0.988,-0.011,FALSE,FALSE,Garcia
670950,2020,"Richards, Trevor",179,106,36.6284834152931,11.2256323346805,7.99830297696488,52.5384180790961,2398.21787709497,-2.41389081602284,1.96514536399111,-9.86944210280325,0.79,0.994,-0.204,FALSE,FALSE,Richards
670950,2021,"Richards, Trevor",308,153,37.3984726192172,11.5503684352203,8.18684687405618,54.6333333333333,2470.84415584416,-0.139670602495511,7.48773592083325,-17.6179846281947,0.764,0.994,-0.23,FALSE,FALSE,Richards
670950,2022,"Richards, Trevor",429,230,42.9131296402794,15.8203190269743,9.35646215944427,49.7268065268065,2503.48018648019,0.503684256643007,2.74875286385454,-5.4160102632069,0.718,0.992,-0.274,FALSE,FALSE,Richards
670950,2023,"Richards, Trevor",758,378,46.2828756182981,18.3213876552372,10.2410461044711,48.8013192612137,2571.41820580475,0.272932157700663,4.2104060829536,-7.54820947642585,0.685,0.993,-0.308,FALSE,FALSE,Richards
670950,2024,"Richards, Trevor",619,253,64.8105710150522,22.0102830275762,13.1372815528139,49.6127625201939,2600.74636510501,0.114555088234073,-3.81780991018498,-0.507541559464033,0.599,0.992,-0.393,FALSE,FALSE,Richards
670950,2026,"Richards, Trevor",218,95,61.7870344840175,21.2964450280646,12.0312051426075,48.7935779816514,2556.92201834862,0.645511012531725,5.2607022723467,-5.06048218708428,0.589,0.995,-0.406,FALSE,FALSE,Richards
670955,2021,"Uceta, Edwin",147,79,8.15408010336609,10.3200457443722,5.25000850340135,30.8678082191781,2025.87074829932,2.47723440550091,7.62020846031974,6.7615432178226,0.891,0.962,-0.071,FALSE,FALSE,Uceta
670955,2024,"Uceta, Edwin",229,123,13.8178217680435,15.385499049155,5.88159607798574,15.8314410480349,2186.29694323144,2.78824572172197,7.6031357661463,6.23344954869425,0.787,0.888,-0.101,FALSE,FALSE,Uceta
670955,2025,"Uceta, Edwin",463,263,10.365759038438,13.7757066539037,5.53204342435566,13.9982721382289,2150.91576673866,1.52610959197282,9.1204116010182,-12.1003374295817,0.759,0.869,-0.11,FALSE,FALSE,Uceta
670970,2026,"Morejon, Adrian",196,118,38.0100681833335,18.5897316434873,7.23410457206139,42.2432989690722,1073.50510204082,0.459621638254667,0.146176240977645,10.3180374616487,0.911,0.886,0.025,FALSE,FALSE,Morejon
671096,2023,"Abbott, Andrew",310,137,10.9688595705224,7.06457468850128,6.09115207373272,44.6248387096774,2065.96451612903,1.75099439844623,11.8272168727685,-2.85541620377197,0.929,0.944,-0.015,FALSE,TRUE,Abbott
671096,2024,"Abbott, Andrew",381,176,15.108875458035,6.13777751027591,8.03119093700157,43.4629921259843,2114.53805774278,0.0991387099712775,-3.09819313169136,0.781499187308958,0.981,0.957,0.024,FALSE,FALSE,Abbott
671096,2025,"Abbott, Andrew",526,286,13.022636497002,8.12631238095978,7.96169991781291,46.0414448669202,1984.03422053232,0.448692041427195,-2.86925364250694,-6.0514749763691,0.95,0.95,0,FALSE,TRUE,Abbott
671096,2026,"Abbott, Andrew",370,172,15.5627688400445,9.19117184058288,6.67003298802015,48.4897297297297,1981.51081081081,1.31186361371962,7.70844845526381,4.34732029020833,0.858,0.905,-0.047,FALSE,FALSE,Abbott
671106,2023,"Allen, Logan",447,200,30.8951772255298,14.3990182382846,8.70118498322147,42.037807606264,893.702460850112,1.53576734001342,6.40843645045796,11.4080077889476,0.779,0.884,-0.105,FALSE,FALSE,Allen
671106,2024,"Allen, Logan",300,154,14.4422649776931,13.9188756204198,9.51905037513398,44.5866666666667,871.32,0.133866476668786,-1.28730521365778,2.48849179724942,0.727,0.92,-0.193,FALSE,FALSE,Allen
671106,2025,"Allen, Logan",497,263,17.3184575937015,11.5988711337602,8.79170489604292,36.2977867203219,959.406438631791,-0.742725924831692,-5.12176383762269,1.84555764547695,0.877,0.901,-0.024,FALSE,FALSE,Allen
672282,2022,"Detmers, Reid",246,136,8.80436227432448,10.1250519559642,8.9224417543231,39.6686991869919,1434.87804878049,0.158709782309001,-2.24773406268932,-9.68454148355575,0.973,0.994,-0.021,FALSE,FALSE,Detmers
672282,2023,"Detmers, Reid",141,69,10.4987566685165,10.2602804054083,9.52764882871265,39.5673758865248,1492.59574468085,-2.17759855352578,-5.43209719580587,13.1985124466366,0.932,0.993,-0.061,FALSE,FALSE,Detmers
672282,2024,"Detmers, Reid",220,116,7.81680377201685,9.13887830167365,9.13,45.6509090909091,1522.30909090909,-0.89505673165135,-0.507163746343279,5.84019190766412,0.927,0.99,-0.063,TRUE,TRUE,Detmers
672282,2026,"Detmers, Reid",203,96,14.2573051313611,9.32173517538049,10.4574077817617,43.6305418719212,1641.039408867,-0.746696777967121,0.34032160025778,8.97801776547742,0.957,0.984,-0.027,FALSE,TRUE,Detmers
672456,2024,"Montero, Keider",165,82,19.9315939996837,11.3282219095448,8.77502612330199,39.7442424242424,1762.30303030303,-0.613933953695766,7.16705395045589,2.57689847282688,0.895,0.895,0,FALSE,FALSE,Montero
672456,2025,"Montero, Keider",185,88,16.4068593307299,10.7698354688986,7.09817791301236,38.2675675675676,1956.55675675676,1.55619578102083,-3.43693520333313,-13.8240070287268,0.874,0.858,0.016,FALSE,FALSE,Montero
672456,2026,"Montero, Keider",214,108,12.8263209843401,9.49505178595417,7.29740468622114,41.6210280373832,2009.80841121495,2.98886541038637,6.5024654550998,-0.463789110232165,0.919,0.886,0.033,FALSE,FALSE,Montero
672582,2023,"Zerpa, Angel",137,64,6.47433658029283,7.4568937163112,7.60514015825308,41.5226277372263,1523.76642335766,-0.372809524677314,6.42416888734799,6.71057240940554,0.987,0.95,0.037,FALSE,FALSE,Zerpa
672851,2023,"Adon, Joan",140,62,15.1966695172456,10.2268013294842,6.46888571428571,31.5721428571429,2022.10714285714,1.35083039475254,0.715164777733,18.7959146141596,0.825,0.91,-0.085,FALSE,FALSE,Adon
674003,2023,"Bradford, Cody",270,118,27.9187908967831,8.95148486530358,8.26771500313873,48.7701149425287,1900.9037037037,0.4572252101702,-2.66441143564015,-0.323992397497336,0.992,0.994,-0.002,FALSE,FALSE,Bradford
674003,2024,"Bradford, Cody",321,157,25.3415074239433,8.83633170746072,8.89007674188892,51.686292834891,1787.07165109034,-0.24240707449363,-2.04269598224176,-3.76380867849055,0.997,0.991,0.006,FALSE,FALSE,Bradford
674072,2023,"Henry, Tommy",268,142,26.839247459032,13.0693903866807,6.69255706760316,40.7282945736434,1467.78731343284,0.175397002506838,4.87326203327838,-4.20443770754892,0.882,0.866,0.016,FALSE,FALSE,Henry
674072,2024,"Henry, Tommy",123,62,23.6132494782025,11.526698092419,6.16649658128381,41.190243902439,1498.12195121951,-1.17679548743603,8.86135073457134,-11.3025713884057,0.95,0.905,0.045,FALSE,FALSE,Henry
674370,2024,"Bido, Osvaldo",160,70,9.57203909796347,8.34844566509704,5.97463566350711,32.9925,2097.9375,2.2125460100597,6.85368109813846,-3.03260894796678,0.941,0.904,0.037,FALSE,FALSE,Bido
674370,2025,"Bido, Osvaldo",146,64,6.80037109647641,7.41478377837449,5.75857277560963,35.1315068493151,2184.28767123288,-1.66221819074332,5.2101846005791,-16.0236215197995,0.95,0.923,0.027,FALSE,FALSE,Bido
675911,2023,"Strider, Spencer",225,99,20.2120180959113,9.69979879905788,10.222859437751,44.1262443438914,2257.30666666667,1.25018202907487,0.94455688260207,8.20454905041313,0.977,0.965,0.012,FALSE,FALSE,Strider
676050,2022,"Naughton, Packy",142,87,16.2091365263765,9.77982591494039,8.4223156141148,40.312676056338,1427.7676056338,-0.0872996870131855,1.71371451312943,7.24586776881405,0.937,0.91,0.027,FALSE,FALSE,Naughton
676051,2021,"Heuer, Codi",217,125,31.1961114018923,6.85085609659708,8.61858130348914,29.9625,2267.43778801843,2.75864365312984,11.8642292795802,13.7968054593764,0.881,0.983,-0.102,FALSE,FALSE,Heuer
676083,2026,"Junk, Janson",222,101,30.170674425501,18.6474290356006,6.93409047345218,40.890990990991,1393,-0.492762332767188,-1.33186525192934,13.3423869270562,0.844,0.911,-0.067,FALSE,FALSE,Junk
676106,2024,"Hancock, Emerson",214,117,31.4017857456154,11.4162821488228,6.85435771644695,26.153738317757,1880.03271028037,0.599733905713145,-4.23329701887839,-16.5574403657115,0.989,0.962,0.027,FALSE,FALSE,Hancock
676106,2025,"Hancock, Emerson",291,135,32.401905674144,10.8536386003254,8.47279555963369,16.6250859106529,1646.40549828179,-1.83287568760613,-6.18670172304557,-6.97693494558572,0.983,0.905,0.078,FALSE,FALSE,Hancock
676130,2023,"Buttó, José",168,83,25.6079894431943,14.1760415349021,8.3073981871569,35.6625,1713.92857142857,-0.845814551928548,3.35933693006244,3.34152269965892,0.715,0.819,-0.104,FALSE,FALSE,Buttó
676130,2024,"Buttó, José",270,141,27.0339762016281,13.683280875089,7.12829282407408,32.2481481481482,1836.74444444444,0.894179142021476,8.87195850068618,-10.8928414833052,0.686,0.8,-0.114,FALSE,FALSE,Buttó
676130,2025,"Buttó, José",166,76,26.5466853507877,13.4221624172436,6.86223880597014,37.2739393939394,1899.67469879518,2.15988980161352,-4.50273253106767,3.93073331585126,0.72,0.761,-0.041,FALSE,FALSE,Buttó
676272,2023,"Miller, Bobby",314,143,28.9799252792895,11.7935627294206,10.8660297239915,44.8894904458599,2289.87261146497,-0.0715254766577553,-0.969286390499819,8.42943189011699,0.969,0.994,-0.025,FALSE,FALSE,Miller
676272,2024,"Miller, Bobby",210,83,30.4115590638947,11.4618435290858,11.2403211517165,46.7,2248.00952380952,0.4469644052488,3.3435565582097,13.3591697396473,0.975,0.985,-0.01,FALSE,FALSE,Miller
676282,2024,"Cantillo, Joey",196,87,30.4009329598289,9.09043097863397,14.3716270658119,53.5933673469388,1513.21428571429,0.20087811142883,1.31632909701514,21.2942005257934,0.985,0.988,-0.003,FALSE,FALSE,Cantillo
676282,2025,"Cantillo, Joey",500,245,24.246741055144,8.43668662938935,13.4660506550218,52.8652,1511.646,0.873543760057907,9.17967716370864,4.91684019177412,0.981,0.993,-0.012,FALSE,FALSE,Cantillo
676282,2026,"Cantillo, Joey",512,251,19.9893479756932,7.17489847863946,11.3653842659884,50.01953125,1446.439453125,0.0521268707095173,6.22537092326853,5.4778287508317,0.992,0.982,0.01,FALSE,FALSE,Cantillo
676395,2023,"Garcia, Robert",141,64,15.8682289940427,14.3676773676004,6.20691070531077,26.0184397163121,1702.97163120567,0.507879213456859,-2.9706494186259,-5.98761867856334,0.836,0.844,-0.008,FALSE,FALSE,Garcia
676395,2024,"Garcia, Robert",294,156,15.3301010051348,12.8236528829424,6.71478671628972,22.9581632653061,1679.98299319728,2.35200574592774,4.37531716629564,7.47507912725138,0.899,0.89,0.009,FALSE,FALSE,Garcia
676395,2025,"Garcia, Robert",273,145,13.5170806704685,13.1270243690115,5.50711597271231,25.0413919413919,1686.90476190476,0.859574275139096,1.68660001945052,-1.08373253613908,0.895,0.871,0.024,FALSE,FALSE,Garcia
676440,2023,"Bibee, Tanner",386,193,19.6700619250353,6.95419362248401,11.0799516976978,56.3725388601036,2048.0621761658,1.11831885865915,6.54365658754365,3.30340990877705,0.97,0.897,0.073,FALSE,FALSE,Bibee
676440,2024,"Bibee, Tanner",512,244,12.0168931825745,7.94514750900344,12.1556767040858,52.4158203125,1992.388671875,0.0800656676363509,1.43989167298481,-0.996604580151723,0.908,0.838,0.07,FALSE,TRUE,Bibee
676440,2025,"Bibee, Tanner",450,222,9.87364733939907,6.92588468653287,12.5577667607148,53.832293986637,1961.80444444444,-0.522912159693985,8.68767253930943,7.6293268903565,0.823,0.863,-0.04,TRUE,TRUE,Bibee
676440,2026,"Bibee, Tanner",283,129,8.20468347340183,6.89270716813337,12.9584415270813,60.13074204947,1876.02826855124,0.391139582431065,3.3877692573043,4.66972119687938,0.929,0.9,0.029,TRUE,TRUE,Bibee
676467,2025,"Gordon, Colton",114,61,7.20736766958481,10.5589295678238,7.18849329205366,32.409649122807,1465.98245614035,-0.232300062065106,3.6880472746721,-5.81480656629935,0.912,0.986,-0.074,FALSE,FALSE,Gordon
676477,2021,"Whitlock, Garrett",235,116,34.3241662060266,13.8806260078507,13.1772340425532,35.0515695067265,1909.25531914894,0.393865657246954,-8.15944756755714,18.7801446476956,0.915,0.978,-0.063,FALSE,FALSE,Whitlock
676477,2022,"Whitlock, Garrett",231,132,27.8000748160646,11.8124730047698,10.9101777654969,36.2445887445888,2045.70562770563,1.01224219577356,-7.4369481537058,-5.25767116069274,0.95,0.996,-0.046,FALSE,FALSE,Whitlock
676477,2023,"Whitlock, Garrett",288,169,25.793788252038,10.982918163417,11.40625,38.3201492537313,2129.21875,-3.24770494393297,-5.3580714731297,8.02811155301388,0.901,0.995,-0.094,FALSE,FALSE,Whitlock
676641,2022,"Sulser, Beau",112,65,11.531951474697,11.4938085199629,9.14269230769231,45.9330357142857,1471.05357142857,-2.56871963551756,-7.44835261966193,6.60055894859976,0.951,0.993,-0.042,FALSE,TRUE,Sulser
676664,2022,"Sears, JP",188,87,34.5859160156466,12.0299548876395,10.4712356792144,13.4962765957447,1878.24468085106,1.87969597280023,-4.55144861172892,-3.14135252930187,0.995,0.978,0.017,FALSE,FALSE,Sears
676664,2023,"Sears, JP",433,212,31.8698744538195,12.8580092520342,8.9689370818407,16.3909930715935,1715.63741339492,-0.0735550509600524,-3.8414612587417,-0.754910957638892,0.99,0.954,0.036,FALSE,FALSE,Sears
676664,2024,"Sears, JP",549,256,28.5739781228961,13.1813959954698,7.94794658364044,16.7710382513661,1675.47723132969,0.443672161132843,-2.88678962915649,4.91987816812318,0.982,0.96,0.022,FALSE,FALSE,Sears
676664,2025,"Sears, JP",354,157,24.4671674903029,11.601424210082,8.80576848660201,20.7228813559322,1506.27683615819,-0.393755804437706,-2.43717083474455,-9.19570128017688,0.956,0.977,-0.021,FALSE,FALSE,Sears
676684,2021,"Vest, Will",119,66,25.2834330422157,11.6953556781353,8.99461941298258,41.5009174311927,1540.57142857143,-1.41254833263487,-6.44074059944424,-0.385589086623307,0.993,0.974,0.019,FALSE,FALSE,Vest
676760,2022,"Marinaccio, Ron",286,149,41.6617239174896,17.3480437867491,10.7538054482831,31.8276223776224,1981.11538461538,3.25375371588368,4.31146870863556,-4.32402535501277,0.96,0.989,-0.029,FALSE,FALSE,Marinaccio
676760,2023,"Marinaccio, Ron",330,142,43.5675820530969,16.4667792284339,10.9182938076416,33.5378787878788,1964.91818181818,-0.355733161714406,-1.92045381050074,-3.80455162932307,0.955,0.99,-0.035,FALSE,FALSE,Marinaccio
676760,2024,"Marinaccio, Ron",129,61,43.8819797447274,16.1546078366006,11.3564155964364,32.7906976744186,2096.47286821705,-3.40538409434606,2.23550311586558,-8.04526678091251,0.946,0.987,-0.041,FALSE,FALSE,Marinaccio
676760,2026,"Marinaccio, Ron",262,118,40.5835448199066,13.0313691329901,11.9453354760948,25.79203187251,2213.34732824427,-0.449231689695026,-5.82916510396467,8.6133279370175,0.957,0.986,-0.029,FALSE,FALSE,Marinaccio
676831,2021,"Whitley, Kodi",112,66,14.3235684451175,6.07128490112509,9.00371240601504,60.096875,1840.84821428571,2.19468099998116,5.05731453881805,4.53351310085938,0.993,0.992,0.001,FALSE,TRUE,Whitley
676879,2022,"Ashby, Aaron",387,201,13.1753344840635,11.3173494477492,6.35543052429774,44.6945736434109,1785.44702842377,-1.77994944624523,1.41294123521077,9.39273586691368,0.836,0.918,-0.082,FALSE,TRUE,Ashby
676917,2026,"Cavalli, Cade",151,70,26.1674165695471,12.6353560370484,7.90409932799501,33.1258278145695,1936.31125827815,-1.38911831664926,-8.80747490864389,-1.70228263808393,0.957,0.832,0.125,FALSE,FALSE,Cavalli
676974,2024,"Meyer, Max",173,68,15.2461618130358,9.11770750033822,7.32169516593972,45.5087209302326,1699.98843930636,-1.52297789462749,-5.87566004973038,13.2549596926423,0.912,0.821,0.091,FALSE,FALSE,Meyer
676974,2025,"Meyer, Max",180,75,12.1473132783559,14.9261508842463,5.71887445887446,35.0944444444444,1783.53333333333,-0.746178642534811,-4.52856789313447,-5.86523990075319,0.862,0.778,0.084,FALSE,FALSE,Meyer
676974,2026,"Meyer, Max",183,80,12.3658960600782,14.4854665571206,7.93060109289617,37.8726775956284,1591.86885245902,0.561544331219416,5.37605162347599,-3.60862873303887,0.899,0.877,0.022,FALSE,FALSE,Meyer
677161,2024,"Kelly, Zack",200,92,48.3369295951005,16.9164454551456,12.9499125874126,33.3525,2177.115,-0.914180244387037,0.734969037811733,-10.6415456963704,0.937,0.951,-0.014,FALSE,FALSE,Kelly
677651,2021,"Garcia, Luis",276,128,31.69362180056,11.5143000671845,9.83082626844002,41.7420664206642,1909.26086956522,-0.0341937759557322,6.09971904842638,14.8136283969903,0.991,0.887,0.104,FALSE,FALSE,Garcia
677651,2022,"Garcia, Luis",227,124,29.4064925700999,10.6021408044468,9.28529953818978,39.6396475770925,2030.31718061674,-0.491340479141064,-8.25761339072132,1.56380294317933,0.992,0.897,0.095,FALSE,FALSE,Garcia
677944,2024,"Cecconi, Slade",157,78,7.96667173226181,10.6197076388521,12.5286633200187,32.440127388535,1912.86624203822,-0.315977904192498,-2.01366055737423,10.7521949490812,0.941,0.992,-0.051,FALSE,FALSE,Cecconi
677944,2025,"Cecconi, Slade",155,62,15.0660306291622,14.2104272891974,10.0505627240143,35.5329032258065,1617.98064516129,-0.759113835589534,-5.91926826049492,0.847992724373407,0.897,0.953,-0.056,FALSE,FALSE,Cecconi
677955,2025,"Hill, Jaden",120,69,28.0150497294174,13.4630103568192,12.0240990990991,24.395,1637.50833333333,0.655227378660151,-4.77936505392438,2.61710014361328,0.996,0.948,0.048,FALSE,FALSE,Hill
677960,2023,"Weathers, Ryan",252,136,4.33826287662994,7.30655909195993,8.28926091269842,39.2613545816733,1663.75396825397,-0.0684660861079014,-0.693434174548276,-2.16544702765195,0.944,0.967,-0.023,FALSE,FALSE,Weathers
677960,2024,"Weathers, Ryan",368,203,16.1638550676155,13.6109820033569,9.50792850415947,33.1872282608696,1817.48641304348,1.16474229838806,5.51924576208203,6.83399090497479,0.816,0.959,-0.143,FALSE,FALSE,Weathers
677960,2025,"Weathers, Ryan",188,96,19.6487517865959,15.9554561359543,9.61420084813921,38.4377659574468,1861.77659574468,-1.54211885274855,4.6686146811381,-12.7988595802475,0.696,0.932,-0.236,FALSE,FALSE,Weathers
677960,2026,"Weathers, Ryan",473,246,19.5942871655512,16.440628742157,10.1044397463002,33.0196388261851,1932.82029598309,0.0342256002487615,-1.23256803702674,5.9719598845541,0.616,0.923,-0.307,FALSE,FALSE,Weathers
678022,2026,"Perkins, Jack",222,115,28.6967134992632,15.8086004731563,6.30155437127268,35.1490990990991,1198.24774774775,0.497462131364206,5.86804119249649,-2.36846581308642,0.92,0.925,-0.005,FALSE,FALSE,Perkins
678024,2025,"Vasil, Mike",200,102,25.3289262825006,13.3446238513961,8.03588961038961,30.4885,1496.86,1.86203348073652,-5.74088474849519,-1.21394275807922,0.891,0.783,0.108,FALSE,FALSE,Vasil
678368,2024,"Bellozo, Valente",152,65,37.8116827936267,10.5466578717868,8.06861313868613,34.0578947368421,2028.86184210526,-0.48462843839058,4.08590550638836,12.7913831166481,0.892,0.89,0.002,FALSE,FALSE,Bellozo
678368,2025,"Bellozo, Valente",191,88,38.7186185847647,13.8866322090021,9.30746486635437,33.1497382198953,2036.07853403141,-1.25450251335845,0.0891394700123134,11.3924278923657,0.861,0.867,-0.006,FALSE,FALSE,Bellozo
678394,2022,"Bello, Brayan",236,120,16.8614228809154,10.7309090669502,8.72670858392564,29.9423728813559,1876.21610169492,1.93817948998647,7.01603671243557,4.28993399567853,0.985,0.865,0.12,FALSE,FALSE,Bello
678394,2023,"Bello, Brayan",626,344,21.9668770213862,11.5384807919568,9.29076795645486,27.2496710526316,1771.15495207668,1.40522081334289,5.30849578155567,0.73000195843361,0.993,0.917,0.076,FALSE,FALSE,Bello
678394,2024,"Bello, Brayan",730,390,21.4925034668147,10.5433527719535,8.0554600366735,26.7154794520548,1810.11780821918,0.184747125753492,2.75873275261397,-3.51316665750728,0.981,0.815,0.166,FALSE,FALSE,Bello
678394,2025,"Bello, Brayan",410,204,19.4729200735215,10.1445521885513,6.28890722142516,29.8606356968215,1841.6756097561,0.0358257967411371,2.7674832833264,0.720623433132342,0.958,0.808,0.15,FALSE,FALSE,Bello
678394,2026,"Bello, Brayan",214,121,20.8921362377594,6.53142728791662,6.27058534185932,36.1836448598131,1750.97196261682,0.34783063923838,1.27118631844179,2.89534281569286,0.973,0.82,0.153,FALSE,FALSE,Bello
678606,2023,"Ferrer, José A.",132,63,13.2844672787424,7.40733246398132,10.4132055852644,32.7257575757576,1985.37878787879,-0.378646091860449,4.37534316425413,15.4985352797343,0.975,0.993,-0.018,FALSE,FALSE,Ferrer
678606,2025,"Ferrer, José A.",265,134,18.3209874209443,8.82602294339347,10.0564150943396,30.257358490566,2184.1358490566,-0.319726575585106,5.13606447013414,-11.7218946723109,0.935,0.993,-0.058,FALSE,FALSE,Ferrer
678692,2025,"Henriquez, Ronny",192,74,33.4532181326233,17.1344294287861,4.96053662536444,34.3895833333333,1604.3125,-0.835833325481172,-0.638496192393037,-5.70731304304037,0.956,0.884,0.072,FALSE,FALSE,Henriquez
679525,2023,"Marsh, Alec",200,97,18.7980928744461,12.1034420094946,7.2774,32.488,1735.555,-4.56854714941198,0.129556994242814,-4.69791682664808,0.89,0.847,0.043,FALSE,FALSE,Marsh
679525,2024,"Marsh, Alec",216,113,17.4510163357774,13.0001093254758,7.81830760673064,29.4981481481481,1747.90277777778,2.11650163065659,-6.05930680779215,-2.26485485951982,0.888,0.845,0.043,FALSE,FALSE,Marsh
680570,2023,"Rodriguez, Grayson",471,279,39.0095462040867,16.214707322049,13.4583068195003,40.3208602150538,1851.1974522293,0.317308354467206,-5.56976936452672,7.80678466797287,0.839,0.985,-0.146,FALSE,FALSE,Rodriguez
680570,2024,"Rodriguez, Grayson",395,224,36.8833416511589,16.223229821034,12.9980515370705,35.0117048346056,1739.82278481013,0.910968332298896,2.94129151362364,-4.9609520754145,0.888,0.987,-0.099,FALSE,FALSE,Rodriguez
680570,2026,"Rodriguez, Grayson",193,88,31.7866651271798,13.5775340828787,13.2245924428156,36.4766839378238,1761.37305699482,-0.0377419920400085,2.49245981689548,-4.03156008779191,0.864,0.992,-0.128,FALSE,FALSE,Rodriguez
680573,2024,"Woods Richardson, Simeon",442,205,51.3795664673936,10.3460850357841,10.3056605159546,43.7389140271493,2271.24886877828,-4.32022809758831,-11.2894408562839,0.317035791445373,0.867,0.976,-0.109,FALSE,FALSE,Woods Richardson
680689,2025,"Richardson, Lyon",273,131,22.2537075766653,14.3163584466537,9.09927536231884,28.748717948718,1791.55311355311,-1.9312343564491,-3.57005439935755,-2.84792094360042,0.928,0.933,-0.005,FALSE,FALSE,Richardson
680694,2023,"Bradish, Kyle",172,70,46.6417197428241,5.8119130101695,3.6684181284229,49.8011627906977,1376.72093023256,-0.146629232395042,-5.62699747751419,7.60955545857416,0.989,0.666,0.323,FALSE,FALSE,Bradish
680739,2022,"Winder, Josh",151,86,15.9853980279027,8.61768755518975,5.16477324566233,53.546357615894,1510.22516556291,0.566782770659862,0.822904834761012,3.88999370362534,0.989,0.983,0.006,FALSE,FALSE,Winder
680739,2023,"Winder, Josh",139,76,26.1407570210346,12.2727587832608,5.49960615449246,45.8561151079137,1305.18705035971,-0.0158375707384234,-0.0281471674893093,-12.8089066728177,0.937,0.949,-0.012,FALSE,FALSE,Winder
680767,2024,"Vodnik, Victor",219,105,33.4635931813935,16.2229459357291,7.8129560825364,30.8330275229358,1828.47488584475,2.05581818400756,-3.25850213151351,9.96129798378822,0.854,0.923,-0.069,FALSE,FALSE,Vodnik
680767,2025,"Vodnik, Victor",239,113,29.5339620701656,14.0325132625686,6.61329086457762,34.4635983263598,1901.33472803347,1.1078222218293,2.81599548243496,29.5958715490061,0.871,0.893,-0.022,FALSE,FALSE,Vodnik
681190,2024,"Vásquez, Randy",210,98,24.2138427639498,10.8023899755662,5.66943942133816,36.6990476190476,2193.35238095238,-3.05585162342124,-12.7462740820354,-1.46103260708893,0.944,0.868,0.076,FALSE,FALSE,Vásquez
681293,2024,"Arrighetti, Spencer",215,98,20.3348873874164,11.9829727055896,8.60929090327592,21.6855813953488,1675.27906976744,-1.58580748225759,5.24102069503322,1.27819101522219,0.961,0.951,0.01,FALSE,FALSE,Arrighetti
681343,2025,"Smith, Shane",398,197,23.5156391910279,14.2368370950288,5.65568568277567,30.8007653061225,1587.68844221106,0.00845756114179447,2.052741534891,-13.4265519627965,0.851,0.8,0.051,FALSE,FALSE,Smith
681347,2025,"Burrows, Mike",365,218,27.8299912747199,11.355778585445,8.2017972056615,48.7915068493151,1510.24931506849,1.98712670209049,11.1127241376451,3.43362579436061,0.974,0.925,0.049,FALSE,FALSE,Burrows
681347,2026,"Burrows, Mike",424,226,22.7482053503094,12.688935659318,8.2822812460428,39.6591981132075,1482.84669811321,0.418157258543998,1.77364415528161,-1.67665957936807,0.959,0.941,0.018,FALSE,FALSE,Burrows
681517,2025,"Leahy, Kyle",129,65,16.7144283329291,13.0506456281125,5.14201436388509,41.846875,1497.86046511628,-0.233928305788122,-6.28676211164525,-2.81643834536487,0.799,0.859,-0.06,FALSE,FALSE,Leahy
681517,2026,"Leahy, Kyle",223,111,23.6489899624654,14.0148381267188,5.70212011738613,40.019730941704,1463.80717488789,-0.644719436266993,6.71722264715593,-5.89364646448141,0.712,0.853,-0.141,FALSE,FALSE,Leahy
681857,2023,"Olson, Reese",260,129,21.3738380833129,15.7743487840076,7.03459162459163,34.1988461538462,2086.94230769231,0.582856541657038,-0.997286880614668,1.61844410112503,0.704,0.882,-0.178,FALSE,FALSE,Olson
681857,2024,"Olson, Reese",413,205,22.2848004967078,14.8271334048548,7.65294117647059,35.0350490196078,1977.64648910412,0.270900009020769,4.98260713147023,-7.58767229058261,0.74,0.894,-0.154,FALSE,FALSE,Olson
681857,2025,"Olson, Reese",283,145,22.5294744240687,15.7104649192486,6.52545111896349,35.217667844523,1959.81978798587,0.38463078836655,1.87444962645279,-7.5944698574141,0.742,0.878,-0.136,FALSE,FALSE,Olson
682052,2025,"Lopez, Jacob",224,103,17.8400259085177,7.77692609259298,7.97286596495497,16.1901785714286,2129.45982142857,-1.48058388997869,5.86684368799338,-21.5756963430759,0.972,0.94,0.032,FALSE,FALSE,Lopez
682227,2023,"Williamson, Brandon",319,152,35.2968288500164,13.6011335616519,8.78064579418471,40.4307210031348,1737.84639498433,-0.301310531413674,6.32428185574236,2.17158033827338,0.988,0.995,-0.007,FALSE,FALSE,Williamson
682227,2026,"Williamson, Brandon",122,60,27.4560207731962,12.0338641055417,7.49996906897618,39.3475409836066,1889.58196721311,0.567236700828404,8.29603704517764,-8.66146073649306,0.993,0.99,0.003,FALSE,FALSE,Williamson
682608,2026,"Gray, Peyton",283,154,24.0098758387824,13.7915704113469,9.6361501175667,37.7284172661871,1798.65371024735,-0.238111545950817,2.58978112854304,-13.7402035241703,0.943,0.986,-0.043,FALSE,FALSE,Gray
682610,2024,"Muñoz, Roddery",138,72,4.14659731830515,6.75016545361951,6.17457985471105,41.436231884058,1720.22463768116,-1.85702756303078,4.06200015116639,-15.9242623698769,0.954,0.901,0.053,FALSE,FALSE,Muñoz
682847,2023,"Ortiz, Luis",200,88,17.5174818071655,9.50248075267917,6.51779268292683,31.271,1626.34,0.525044153606034,1.19075756671967,1.91974333175583,0.984,0.923,0.061,FALSE,FALSE,Ortiz
682847,2025,"Ortiz, Luis",194,99,13.3216534345739,10.5117398874695,7.02253430581855,27.7603092783505,1461.9175257732,0.314874542656632,4.66504392008084,2.06749901637163,0.962,0.896,0.066,FALSE,FALSE,Ortiz
683003,2024,"Jones, Jared",119,65,9.62112877482727,14.0723047390786,7.47579099652613,44.2126050420168,1732.85714285714,-3.35565165695826,-11.0817263509138,-4.05545623416343,0.859,0.923,-0.064,TRUE,TRUE,Jones
683004,2025,"Leiter, Jack",424,181,15.6306356899706,16.9193076386978,6.59862920098769,43.5330188679245,1522.1179245283,-0.280703411376173,-1.74923806305705,0.217394625281713,0.796,0.951,-0.155,FALSE,FALSE,Leiter
683004,2026,"Leiter, Jack",243,122,11.7188980597952,15.598645910726,6.68748068597305,45.0094650205761,1559.65432098765,-1.089682805894,-0.323545674613656,-3.13182626546253,0.74,0.933,-0.193,FALSE,FALSE,Leiter
683155,2024,"Estes, Joey",222,101,17.7195947033978,9.65064129778697,7.661526155607,40.1936936936937,1655.09009009009,-2.13675560480385,1.63651603297748,-8.06014397088819,0.992,0.916,0.076,FALSE,FALSE,Estes
683409,2024,"Chivilli, Angel",206,128,11.9380401317707,7.12835964258955,8.33067824422261,40.6616504854369,1792.54854368932,0.766817364594254,19.9234070251399,6.08722386262573,0.927,0.995,-0.068,FALSE,FALSE,Chivilli
683409,2025,"Chivilli, Angel",374,195,12.460618217405,4.20635351247342,8.38844338278052,34.3890374331551,1848.38502673797,-0.0443069387129238,7.57624929305682,8.18844855055812,0.932,0.993,-0.061,FALSE,FALSE,Chivilli
683627,2024,"Molina, Anthony",228,105,17.0343204806828,9.90382569172681,9.44980410512447,49.7675438596491,1841.27192982456,0.489106552278335,-7.38238466882899,4.82286478008372,0.955,0.991,-0.036,FALSE,FALSE,Molina
684974,2026,"Yoho, Craig",140,80,52.864505461422,15.0874104353502,15.0028571428571,16.465,2511.42857142857,3.12149612257055,4.9857784927989,-4.65493928240883,0.872,0.993,-0.121,FALSE,FALSE,Yoho
685126,2025,"Eisert, Brandon",356,174,13.4105183237329,12.7383729576942,6.08390194075587,29.9935393258427,1329.38483146067,0.3935920797994,8.12115796518089,-7.99083292575731,0.881,0.956,-0.075,FALSE,FALSE,Eisert
685299,2024,"Gordon, Tanner",116,77,13.4739923071365,5.04610889938047,8.19214432518839,48.3568965517241,2134.26724137931,-3.7820334380329,-3.69129174569456,-0.262650603832855,0.971,0.992,-0.021,FALSE,TRUE,Gordon
685299,2025,"Gordon, Tanner",263,155,19.2997534159502,8.7289914250531,9.05814828318604,44.7460076045627,2106.42965779468,-2.26193137868046,-4.26757154435142,-4.72366107164624,0.943,0.993,-0.05,FALSE,FALSE,Gordon
685299,2026,"Gordon, Tanner",202,111,17.5233626132333,8.06691061637953,8.27071308194649,44.3039800995025,2120.06435643564,-0.756760154073754,-6.65468910372446,9.08875545221415,0.974,0.982,-0.008,FALSE,FALSE,Gordon
686218,2023,"Sheehan, Emmet",165,77,48.6805662567759,13.7220425567208,12.3685289791115,28.3430303030303,2014.1696969697,0.628453439207682,11.8915567346655,3.24892156240392,0.863,0.987,-0.124,FALSE,FALSE,Sheehan
686218,2025,"Sheehan, Emmet",191,96,54.012008783908,19.0691970984221,9.40922677189967,33.3005235602094,1141.01570680628,0.0703563008644626,-1.96176279534551,-17.6696246829789,0.985,0.987,-0.002,FALSE,FALSE,Sheehan
686218,2026,"Sheehan, Emmet",273,139,55.7722329843612,20.0730245817895,8.89527325587497,31.9267399267399,1280.61904761905,-1.78637069848012,-3.97493666228028,-10.3242183503353,0.987,0.978,0.009,FALSE,FALSE,Sheehan
686563,2024,"Cannon, Jonathan",379,197,18.808012004058,14.3809715740914,8.51991819520827,22.8121372031662,1710.1635883905,-0.7052593580439,-1.21626280373301,-15.535618043604,0.765,0.894,-0.129,FALSE,FALSE,Cannon
686563,2025,"Cannon, Jonathan",383,208,16.9859153663998,14.7140043096172,8.17582406105644,25.2026109660574,1836.68668407311,-1.03367618066363,-4.05380656391309,-0.966452196563389,0.751,0.863,-0.112,FALSE,FALSE,Cannon
686610,2023,"Waldichuk, Ken",422,213,23.495575118498,11.5127293624457,9.1138757240653,32.1009478672986,1618.73222748815,-0.850571856788411,7.19335814103353,3.81644158975049,0.985,0.92,0.065,FALSE,FALSE,Waldichuk
686613,2024,"Brown, Hunter",354,150,21.9030317089267,11.1242497045094,7.59856074703683,50.0742937853107,1462.63276836158,0.696788148947957,-0.275919398317561,7.38648563610332,0.955,0.915,0.04,FALSE,FALSE,Brown
686613,2025,"Brown, Hunter",356,158,24.3089842624132,12.0248366604655,8.37709585990485,48.2511235955056,1501.36516853933,0.4669867474468,-4.28795711816387,-4.85190114514724,0.965,0.95,0.015,FALSE,FALSE,Brown
686730,2024,"Spiers, Carson",188,91,32.6795762031591,11.2639792258019,5.66776687652222,28.1037234042553,1658.46808510638,-6.27711856937945,-0.207457624981307,-4.84257683171677,0.988,0.859,0.129,FALSE,FALSE,Spiers
686752,2022,"Pepiot, Ryan",189,69,35.556269095125,13.3375140460114,7.16854990583804,33.1603174603175,2373.80952380952,0.63117195843726,-3.60767876726413,-12.8648720796878,0.916,0.978,-0.062,FALSE,FALSE,Pepiot
686752,2023,"Pepiot, Ryan",227,132,40.2938967617447,14.6589260135384,7.64713257117,38.7378854625551,2383.35682819383,-0.733237582671888,0.597739678918208,5.29160164422107,0.879,0.977,-0.098,FALSE,FALSE,Pepiot
686752,2024,"Pepiot, Ryan",503,252,47.6515320286887,19.067375758169,9.08875877575874,40.0383697813121,2477.34791252485,-1.72655436750641,-7.17745173884027,2.58622089396291,0.821,0.991,-0.17,FALSE,FALSE,Pepiot
686752,2025,"Pepiot, Ryan",655,356,48.6331891662162,19.0175010781691,8.41491954211059,38.2845801526718,2505.96488549618,0.0440599087620448,-1.74145597815788,1.11635903331804,0.805,0.988,-0.183,FALSE,FALSE,Pepiot
686799,2025,"Kochanowicz, Jack",261,153,12.600589028263,13.2318510155085,5.6418574094317,30.9305019305019,2109,-2.52394894970442,4.28210335372643,-5.77754361245648,0.632,0.818,-0.186,FALSE,FALSE,Kochanowicz
686799,2026,"Kochanowicz, Jack",257,135,10.2824923885028,14.7241630227071,6.20316048598428,36.5894941634241,2166.84046692607,-1.91665023080606,1.36392069939361,-0.951400466160728,0.618,0.815,-0.197,FALSE,FALSE,Kochanowicz
686973,2026,"Varland, Louis",147,81,17.3761855314259,17.3264307773707,5.66714285714285,36.5802721088435,1714.28571428571,2.57589649144117,0.552617980008819,5.75406622132483,0.772,0.935,-0.163,FALSE,FALSE,Varland
687473,2025,"Gusto, Ryan",168,76,38.9547524067219,11.586293432496,6.77709533098025,38.6285714285714,1801.375,-3.26589077715482,-6.58739159830907,-3.72245884365121,0.984,0.904,0.08,FALSE,FALSE,Gusto
687562,2026,"Bennett, Jake",227,132,15.4722131297349,7.59512096224398,9.48571941052389,34.1008810572687,1980.7268722467,3.44475901653585,2.80537031338047,-1.35976682878484,0.868,0.904,-0.036,FALSE,FALSE,Bennett
687570,2026,"Prielipp, Connor",148,74,10.2841558371453,13.2274253975792,9.09550787050787,36.0878378378378,1898.12162162162,-0.36641127070304,-9.58089543068969,4.57665768553761,0.818,0.908,-0.09,FALSE,FALSE,Prielipp
687792,2024,"Herz, DJ",388,196,31.836658125577,11.8847833479415,9.96025173819228,37.2309278350516,2271.73969072165,-0.421646734879373,-3.10758002424179,-2.27867835758875,0.916,0.988,-0.072,FALSE,FALSE,Herz
687798,2023,"Robertson, Nick",124,65,36.9887719871354,14.0469709551311,7.08357771260997,29.8129032258065,1800.43548387097,-2.76018958198189,5.39930402369089,11.6461677540877,0.989,0.953,0.036,FALSE,FALSE,Robertson
687888,2025,"Walter, Brandon",149,72,44.6326414247553,12.2558499762251,10.8990467233788,20.2409395973154,2076.59060402685,-0.141057464411205,6.35707054530456,-6.66679702984037,0.942,0.887,0.055,FALSE,FALSE,Walter
687931,2025,"Whisenhunt, Carson",152,82,38.4081224612606,11.9400727126172,11.433367071525,43.183552631579,2073.25,-2.83242975719437,-1.14593523647509,1.64562959333758,0.937,0.988,-0.051,FALSE,FALSE,Whisenhunt
688138,2025,"Evans, Logan",163,72,12.5516537015321,9.95222541942177,5.49015900838864,27.2374233128834,2044.30061349693,0.741772731688392,-2.14182153446439,4.33265669849863,0.916,0.943,-0.027,FALSE,FALSE,Evans
689017,2024,"Knack, Landon",167,70,17.3091685231757,8.65471577841897,9.28935775066408,52.1682634730539,1722.33532934132,0.582404805724348,-0.767675237035613,2.77549214618524,0.983,0.98,0.003,FALSE,FALSE,Knack
689017,2025,"Knack, Landon",202,103,23.0256879781949,13.2308976776231,8.51271419141915,53.3747524752475,1627.05940594059,2.46423928114707,7.63640880253098,-5.07549948983595,0.886,0.961,-0.075,FALSE,FALSE,Knack
689225,2022,"Brieske, Beau",285,167,20.5918942473474,8.7799848902841,12.3408002883922,47.7056140350877,2218.51929824561,0.481802346669575,-11.4420537191633,4.15468942510564,0.995,0.929,0.066,FALSE,FALSE,Brieske
689225,2023,"Brieske, Beau",150,80,25.4493665280508,13.4230544431578,7.8489689608637,43.7953333333333,2027.79333333333,-3.02529883704157,-6.39598410940037,0.571638373680506,0.879,0.829,0.05,FALSE,FALSE,Brieske
689225,2024,"Brieske, Beau",305,182,26.399770586802,14.3329092463892,7.52653513649245,45.8996710526316,2104.65573770492,-1.21823773469616,-6.97649238752047,-14.2104983795011,0.872,0.876,-0.004,FALSE,FALSE,Brieske
689296,2026,"Nunez, Anthony",166,79,65.6927208832623,20.2326348230492,8.47559954102123,39.2427710843374,1162.13253012048,1.33007229593348,-7.04077070924525,-13.3916634904502,0.625,0.795,-0.17,FALSE,FALSE,Nunez
689672,2024,"Thorpe, Drew",256,140,19.6515952523255,5.13978841408324,9.37770743534483,51.54140625,2113.59765625,1.74484967445642,4.69964779402264,-4.17429046506042,0.978,0.909,0.069,FALSE,FALSE,Thorpe
689690,2025,"Jacob, Alek",189,97,32.5747401505176,10.2733347431517,11.1554227448964,-3.31957671957672,2159.37566137566,0.326188357045472,0.164509129811616,11.2412075809932,0.971,0.879,0.092,FALSE,FALSE,Jacob
690986,2024,"Harrison, Kyle",411,209,29.1939333080598,10.1535999168114,7.73950679068102,19.4384428223844,1946.34306569343,-0.347220071721777,-1.64679252694856,-3.03006499708709,0.983,0.988,-0.005,FALSE,FALSE,Harrison
690986,2026,"Harrison, Kyle",140,67,44.7508610500178,19.7216650311809,8.7476201760325,30.5571428571429,1274.40714285714,-1.84754321444547,-4.2630909035682,-9.24766249453933,0.874,0.977,-0.103,FALSE,FALSE,Harrison
690990,2025,"Horton, Cade",228,113,17.0343395325052,8.22271868663838,7.7647966551529,46.5706140350877,1917.08333333333,1.98605644121861,12.9033851417706,5.15073786274614,0.775,0.743,0.032,FALSE,FALSE,Horton
690997,2026,"McLean, Nolan",135,72,28.6559935879311,18.0708470384146,7.92903634313471,31.7087301587302,1227.96296296296,-0.816022650918983,-0.618242649771924,-16.7206014430306,0.81,0.908,-0.098,FALSE,FALSE,McLean
691587,2026,"Pérez, Eury",159,69,17.5178660626788,11.1118485778443,8.26152433925909,31.5333333333333,1647.06918238994,-1.17444455394899,0.808383827719573,0.0772764190248326,0.983,0.965,0.018,FALSE,FALSE,Pérez
691951,2026,"Aldegheri, Sam",189,105,53.0196431626261,9.62090995213495,11.8468915343915,37.3693121693122,1881.93650793651,0.0838946432036847,3.8854280661911,-5.10637851832068,0.919,0.93,-0.011,FALSE,FALSE,Aldegheri
693433,2024,"Woo, Bryan",161,82,14.0815960529561,12.1769250666776,5.22810243623707,27.2496894409938,1927.99378881988,0.260914005349099,-0.188748796915577,2.67151210669764,0.86,0.909,-0.049,FALSE,FALSE,Woo
693433,2025,"Woo, Bryan",191,88,12.4649412661815,11.6842610986233,6.10677080784851,23.865445026178,1826.71727748691,-0.181265349854248,-1.62193306373972,-8.91539114024267,0.877,0.906,-0.029,FALSE,FALSE,Woo
693433,2026,"Woo, Bryan",119,63,10.8952269160414,13.388803909033,6.40482057034551,23.1793103448276,1956.81512605042,4.40738305236377,-7.01122881055225,2.24260308607732,0.855,0.916,-0.061,FALSE,FALSE,Woo
693821,2023,"Elder, Bryce",398,174,17.6872390005648,11.9691968562514,5.7018355667225,52.2911616161616,2068.40954773869,1.13543436167265,-6.86727689624359,8.71848741864863,0.657,0.836,-0.179,FALSE,FALSE,Elder
693821,2025,"Elder, Bryce",263,133,17.8339745031757,11.471218300984,6.18686920890398,51.5771863117871,2175.4752851711,-3.26853427656492,-9.71511128510408,-4.85059254050444,0.639,0.815,-0.176,FALSE,FALSE,Elder
693821,2026,"Elder, Bryce",152,72,28.7305490903419,12.0518813387764,6.90748167888075,47.6190789473684,1355.30263157895,0.841864783811928,-8.56172602788748,-13.1546223799571,0.696,0.816,-0.12,FALSE,FALSE,Elder
693855,2025,"Seymour, Ian",314,173,21.3802214445975,10.0065305865581,8.04015752777834,46.7767515923567,1713.36624203822,1.09720579308855,7.61495299613045,-9.2945869057377,0.974,0.94,0.034,FALSE,FALSE,Seymour
693855,2026,"Seymour, Ian",389,198,22.5106418859027,10.7720358917537,8.05131872769827,42.2601542416453,1660.20565552699,2.37318842714333,5.83271620912252,-9.26363729380117,0.94,0.925,0.015,FALSE,FALSE,Seymour
694297,2023,"Pfaadt, Brandon",196,94,20.1551736976122,13.5865090386921,6.96412872841444,25.2284210526316,1955.44897959184,-3.37631060509639,5.55996368493905,-10.8988682414237,0.856,0.772,0.084,FALSE,FALSE,Pfaadt
694297,2024,"Pfaadt, Brandon",315,154,17.4755782803847,12.4016824171536,6.34202888172813,24.2279365079365,2073.6,0.102426783725294,-0.530514207549214,-2.24942749485707,0.823,0.722,0.101,FALSE,FALSE,Pfaadt
694297,2025,"Pfaadt, Brandon",457,239,17.8100014075259,12.6565950731879,6.30794708573702,23.1844638949672,2114.00437636761,-0.923126677078651,-2.79642059999573,-3.89869274490893,0.866,0.757,0.109,FALSE,FALSE,Pfaadt
694297,2026,"Pfaadt, Brandon",149,77,17.1009529159291,11.6791694169918,6.18653523489933,23.3395973154362,2085.98657718121,-2.21975778051561,-9.09645838488265,6.7826306072904,0.863,0.751,0.112,FALSE,FALSE,Pfaadt
694363,2023,"Shuster, Jared",198,95,9.07308726255399,6.91958551579033,9.16085925215212,47.140404040404,1513.29292929293,-0.952240368064958,4.27751860332887,-6.28473015819712,0.976,0.933,0.043,TRUE,TRUE,Shuster
694363,2024,"Shuster, Jared",379,170,10.4242383821265,7.14448785755636,8.43695023954288,42.1356200527705,1664.84960422164,-0.249188740202027,-2.39783241695773,-8.75406608052274,0.99,0.95,0.04,FALSE,TRUE,Shuster
694738,2026,"Roupp, Landen",410,227,27.1621989663631,13.4132536470843,5.68614683419561,17.4535626535627,1878.61951219512,0.726711721396773,-2.29885473567467,-1.13976990578258,0.859,0.841,0.018,FALSE,FALSE,Roupp
694813,2023,"Stone, Gavin",187,111,24.6689022094788,12.1419510909138,8.27006055884123,49.4550802139037,1532.95721925134,0.493062703540803,8.80154632967975,2.59632040439125,0.991,0.935,0.056,FALSE,FALSE,Stone
694813,2024,"Stone, Gavin",574,312,25.5553510498527,12.662165198316,7.41998980351435,46.4229965156795,1665.06620209059,1.02080316917402,1.56620148681169,-11.3193539586029,0.985,0.951,0.034,FALSE,FALSE,Stone
694973,2024,"Skenes, Paul",114,62,32.7552952697067,9.3346654105998,11.4749779124069,20.8131578947368,2043.71052631579,2.4309510747881,15.1517634135035,4.88845732469509,0.938,0.978,-0.04,FALSE,FALSE,Skenes
694973,2025,"Skenes, Paul",326,173,24.3482583380888,8.16224833064769,9.44164839844181,21.2426380368098,1807.60122699387,2.97785797216495,6.64700413372186,-8.91886611822151,0.979,0.971,0.008,FALSE,FALSE,Skenes
694973,2026,"Skenes, Paul",300,154,25.9532998790691,8.27196513234344,8.15792753623189,23.4776666666667,1843.48333333333,-0.900758734940618,4.40585136250172,-0.19436668115169,0.974,0.972,0.002,FALSE,FALSE,Skenes
695076,2026,"Lowder, Rhett",283,125,30.285330054119,14.0712240574285,7.09931200711394,24.1793233082707,1949.57243816254,-1.13574517025526,1.92528042806533,-10.0702191548285,0.911,0.896,0.015,FALSE,FALSE,Lowder
695418,2025,"Lord, Brad",278,137,17.3336494232633,6.35154284746985,8.86515183202275,17.6910071942446,1956.68345323741,1.215634172363,-2.64160870628423,3.90774663962395,0.987,0.981,0.006,FALSE,FALSE,Lord
696136,2023,"Wicks, Jordan",173,90,27.0020851293205,11.9130875592413,10.8497910718017,49.3312138728324,1497.82658959538,0.650033134379324,-8.37484512039254,-1.82755246793015,0.938,0.865,0.073,FALSE,FALSE,Wicks
696136,2024,"Wicks, Jordan",220,117,28.2633941217757,12.6253903631319,10.3177840909091,49.5918181818182,1513.38181818182,0.0405635080244213,2.96294978739804,-3.2372453614689,0.948,0.871,0.077,FALSE,FALSE,Wicks
696149,2026,"Chandler, Bubba",301,139,23.7877659832033,13.7520671593375,6.78503976643512,37.8518272425249,2066.52823920266,-0.1696177762652,-4.80988924585653,-3.8801707426145,0.952,0.956,-0.004,FALSE,FALSE,Chandler
699134,2026,"Rodriguez, Bradgley",328,183,21.9695319262904,11.8982879546778,8.33888813189807,42.9459375,1809.29573170732,0.981073712738222,3.79145419930763,3.08208148680344,0.961,0.896,0.065,FALSE,FALSE,Rodriguez
700241,2025,"McGreevy, Michael",147,77,8.16925136515108,11.0898629571833,4.95441447356423,34.4224489795918,1742.27210884354,-1.72928674281098,2.91803416412164,-5.16750729808031,0.752,0.86,-0.108,FALSE,FALSE,McGreevy
700241,2026,"McGreevy, Michael",363,177,12.0216029828875,10.5449578237585,4.90844155844156,33.6250688705234,1731.63360881543,0.687239438429981,-1.24081266714953,-1.41687816996901,0.686,0.818,-0.132,FALSE,FALSE,McGreevy
700249,2024,"Povich, Cade",151,81,11.6838616471068,10.2544673681358,6.28595113846442,37.7119205298013,1717.76158940397,-1.24276518469089,3.1705808951436,-12.5423658540464,0.942,0.92,0.022,FALSE,FALSE,Povich
700249,2025,"Povich, Cade",296,128,20.5042761634564,14.8198556267588,8.59444987279231,39.3932432432432,1145.30067567568,0.656453961769027,7.5265626627212,5.11319444321277,0.746,0.947,-0.201,FALSE,FALSE,Povich
700712,2026,"Ureña, Walbert",496,248,12.0264874882884,9.25175489201098,7.25221429556107,44.24375,1689.625,1.17331623283745,0.0915393919128264,2.46451517905808,0.911,0.874,0.037,FALSE,TRUE,Ureña
701487,2025,"Ohl, Pierson",205,128,45.5561497985006,15.0234864031925,10.803681082189,46.8127450980392,2147.3512195122,-3.21682992789183,-3.86907410974477,-7.60438258508752,0.838,0.993,-0.155,FALSE,FALSE,Ohl
701519,2026,"Adams, Travis",154,81,18.9047828515554,13.1188765512947,8.31817267239803,38.0720779220779,1937.55844155844,1.53500404768179,4.37259962891384,-13.0904367948727,0.86,0.819,0.041,FALSE,FALSE,Adams
701542,2025,"Warren, Will",275,120,23.3626390027279,15.5218082705068,6.26656106125635,27.7305454545455,1722.6,-1.81385209747792,2.30274017362919,-3.95516053129427,0.862,0.762,0.1,FALSE,FALSE,Warren
701542,2026,"Warren, Will",181,80,22.9761305414413,15.3936270145712,6.70094628837287,30.0116022099448,1696.21546961326,0.652538820363682,-6.07798827563246,-3.64510473946722,0.834,0.763,0.071,FALSE,FALSE,Warren
701581,2024,"Festa, David",308,155,19.4615739245905,10.4944892296887,6.29217987894458,52.4425324675325,1838.57142857143,-1.39614715251519,5.0834147856508,-10.7189200612581,0.871,0.89,-0.019,FALSE,FALSE,Festa
701581,2025,"Festa, David",256,134,14.0661786686607,12.7522947428043,6.35231002697842,46.87109375,1758.1796875,0.694915713762253,10.5476442590879,-12.4751180075399,0.812,0.869,-0.057,FALSE,TRUE,Festa
701656,2025,"Henderson, Logan",164,85,38.0077088761234,13.7495124202184,11.0875,31.5817073170732,2503.91463414634,1.01581530938114,0.804706990627108,-5.9396523723722,0.945,0.979,-0.034,FALSE,FALSE,Henderson
701656,2026,"Henderson, Logan",218,120,37.7017535752668,12.7681094193288,10.6140917431193,30.2229357798165,2549.9495412844,0.173076768860123,9.66795689875627,-13.5039473486775,0.935,0.987,-0.052,FALSE,FALSE,Henderson
702070,2025,"Cameron, Noah",402,199,20.7883389221024,8.4103574584129,11.0524670866334,51.1781094527363,1517.77114427861,-0.362630587302107,3.53851867575504,-0.53943920405217,0.981,0.887,0.094,FALSE,FALSE,Cameron
702070,2026,"Cameron, Noah",402,195,20.4922096535606,9.93232663902046,11.5207069103227,48.2023746701847,1643.47512437811,-0.104053378476387,-0.519086241972237,1.6470376254708,0.978,0.906,0.072,FALSE,FALSE,Cameron
702275,2026,"Ritchie, JR",158,86,19.5200165215126,15.0929838537153,6.19101723349092,26.5379746835443,1691.51898734177,-2.90062545640672,-2.08032054282935,-1.39659329642245,0.835,0.842,-0.007,FALSE,FALSE,Ritchie
702352,2025,"Bivens, Spencer",198,107,10.435508512358,12.6855961940195,6.73058361391694,34.8686868686869,1601.97474747475,-1.2946982873338,-3.39644787221157,-6.44895985136372,0.663,0.893,-0.23,FALSE,FALSE,Bivens
702474,2026,"Paredes, Mike",141,69,32.9810386835621,14.597993857833,5.32176679182311,35.9390070921986,1452.09929078014,-0.369352188104053,-3.79275588530876,5.00135262885111,0.852,0.869,-0.017,FALSE,FALSE,Paredes
800048,2025,"Messick, Parker",146,77,26.8021419911606,14.9221247250032,8.24160426179605,41.2568493150685,1855.43150684932,-1.73472657106917,-3.47216514232222,4.29873180927515,0.774,0.926,-0.152,FALSE,FALSE,Messick
800048,2026,"Messick, Parker",447,249,29.2219289409465,16.2462839389347,8.34286067875672,38.3163310961969,1844.17225950783,-0.867305117877515,-1.95359799332408,-4.84372471057689,0.766,0.925,-0.159,FALSE,FALSE,Messick
801403,2025,"Dollander, Chase",138,61,18.968271353305,9.92998118807042,8.66170202096184,23.2231884057971,2072.42753623188,-0.681317152611122,-7.46025340764961,-10.9353750411189,0.973,0.943,0.03,FALSE,FALSE,Dollander
805123,2026,"Blubaugh, AJ",257,115,33.0977472302332,15.7394729623988,10.017507155031,40.0517509727627,2345.0233463035,-0.588759419451912,-3.5232588943673,-2.16166130425,0.772,0.992,-0.22,FALSE,FALSE,Blubaugh
805673,2026,"Matthews, Zebby",154,64,31.5399509012485,14.3836334312785,9.00660758160759,31.8668831168831,1540.57792207792,-2.2604195114856,-7.92205682463399,-3.32184850594897,0.973,0.944,0.029,FALSE,FALSE,Matthews
806185,2024,"Birdsong, Hayden",256,110,48.0406972955684,20.0859144568256,7.70258544527464,37.748046875,1248.12890625,-0.988243414272846,-1.03575119438035,12.8730097518724,0.908,0.969,-0.061,FALSE,FALSE,Birdsong
806185,2025,"Birdsong, Hayden",201,88,43.2639379828406,19.9395706765464,6.78992041689088,44.3795,1318.02487562189,-0.0266789282598021,2.07632234113953,1.17173402155697,0.888,0.942,-0.054,FALSE,FALSE,Birdsong
806188,2025,"Gibson, Cade",132,68,19.4829169025498,10.6534053014317,7.07579281183932,34.275,1951.53787878788,2.76708159748104,-10.6372281838716,2.9820282697818,0.769,0.854,-0.085,FALSE,FALSE,Gibson
813349,2026,"Early, Connelly",279,150,37.6213822787523,19.2322283963273,10.3073750869309,28.6774193548387,1269.23655913979,-0.547597494521981,-7.11508565421729,-0.20702719966939,0.805,0.907,-0.102,FALSE,FALSE,Early
815083,2026,"Farris, Mitch",181,83,50.9584339156446,18.4834621493295,12.7918571791452,47.2674033149171,1688.08287292818,0.266179856801964,4.37155419309266,2.57704283543603,0.993,0.986,0.007,FALSE,FALSE,Farris
829272,2025,"Ogasawara, Shinnosuke",150,79,18.0659366852138,10.3902344435136,10.435938697318,46.7553333333333,1589.66666666667,-0.932402780607666,2.71221926167396,1.05329397149182,0.96,0.915,0.045,FALSE,FALSE,Ogasawara
