pitcher,season,player_name,np,nsw,axis,kill,velo_sep,spin,rv100,wh,nbip,gb,ev,xw,axis_p,kill_p,velo_p,rv_p,wh_p,gb_p,ev_p,xw_p,spin_p,d_axis,d_kill,d_velo,d_rv,d_wh,d_gb,d_ev,d_xw,d_spin,grp
687931,2026,"Whisenhunt, Carson",96,59,29.7288318365558,11.8142420705033,9.54027777777778,1919.29166666667,1.62751539279257,5.4125620201938,23,4.43519521445041,85.5913043478261,0.406086956521739,38.4081224612606,11.9400727126172,11.433367071525,-2.89256315729967,-2.10783380344563,4.08231027838139,89.1448275862069,0.338557004580417,2073.25,8.67929062470475,-0.125830642113906,-1.89308929374718,4.52007855009224,7.52039582363943,0.352884936069022,-3.55352323838082,0.0675299519413226,-153.958333333333,never parachute
694973,2025,"Skenes, Paul",326,173,24.3482583380888,8.16224833064769,9.44164839844181,1807.60122699387,2.83959797973633,4.39097269017325,43,-6.40504805043649,77.7627906976744,0.235671982281285,32.7552952697067,9.3346654105998,11.4749779124069,2.43877245984581,14.3021143817112,8.62390215612488,76.3928571428571,0.227,2043.71052631579,8.4070369316179,-1.17241707995211,-2.03332951396511,0.400825519890524,-9.91114169153799,-15.0289502065614,1.36993355481728,0.00867198228128463,-236.109299321924,never parachute
666200,2026,"Luzardo, Jesús",412,224,6.9881432347668,14.3497355040562,10.9466527003581,1670.07281553398,-0.607143488708081,7.12455284639358,76,7.13139377748857,84.2355263157895,0.369578947368421,15.2294514084594,9.07963479759015,8.63204936281284,0.410596362987864,1.26334461857599,-0.354022742103829,84.5381818181818,0.324878530727646,1930.25961538462,8.24130817369259,5.27010070646607,2.31460333754524,-1.01773985169595,5.86120822781759,7.4854165195924,-0.302655502392341,0.0447004166407755,-260.186799850635,moved INTO parachute
642207,2026,"Williams, Devin",320,181,47.0058972348458,17.6474226590659,10.0089930555556,2610.765625,-1.38237262679907,2.073155295145,57,-9.83740462373756,83.040350877193,0.343625,55.096928436771,20.7515283442556,10.4030031743767,-0.195471080579738,-2.27692693590566,-5.69615397817333,86.2390804597701,0.37240732248969,2741.80274442539,8.09103120192524,-3.1041056851897,-0.394010118821159,-1.18690154621933,4.35008223105066,-4.14125064556422,-3.19872958257714,-0.0287823224896897,-131.037119425386,never parachute
624133,2025,"Suarez, Ranger",464,264,15.7173114845795,9.23048001547024,11.8236579153605,1284.81465517241,1.27511512704214,-0.246410555020834,102,-0.201908724714697,82.4372549019608,0.304469545890778,23.5601288033205,11.4646737751214,11.8323811023255,0.341031223706844,2.66556425655008,-1.5761775091045,83.1275362318841,0.323175017253278,1231.18548387097,7.84281731874096,-2.23419375965119,-0.00872318696497842,0.934083903335292,-2.91197481157092,1.3742687843898,-0.690281329923266,-0.0187054713625006,53.6291713014459,never parachute
622065,2024,"Young, Alex",124,64,9.36993084768592,5.01842270469552,5.03899430740039,1453.10483870968,0.796824419217515,13.4536629120427,19,3.13706180407441,82.4684210526316,0.328357894736842,17.0611452995733,6.29936925068946,4.92601683029453,-1.21420435925346,8.35787053604495,0.662274252997362,93.8277777777778,0.425580699284136,1468.98913043478,7.69121445188734,-1.28094654599394,0.112977477105853,2.01102877847098,5.09579237599778,2.47478755107705,-11.3593567251462,-0.0972228045472934,-15.8842917251052,moved INTO parachute
676440,2024,"Bibee, Tanner",512,244,12.0168931825745,7.94514750900344,12.1556767040858,1992.388671875,0.147902963232677,1.01051824264759,83,0.375066754769811,85.5915662650602,0.404408785996308,19.696964131195,7.1230042701221,10.909153618411,1.43845220741941,4.23055340989788,7.26122956104043,81.3264705882353,0.324661096256685,2034.70149253731,7.68007094862053,0.82214323888134,1.24652308567474,-1.29054924418673,-3.22003516725028,-6.88616280627062,4.26509567682494,0.0797476897396231,-42.3128206623135,moved INTO parachute
664299,2025,"Javier, Cristian",115,68,48.4269828550229,13.171596846099,8.75809473312125,2274.8,3.23400634870779,3.90422949158634,24,2.88388070505104,87.9833333333333,0.35102109375,55.684115338866,15.7205651575766,10.4473068394024,0.740800982660422,-9.92946740193812,-8.6321976088444,86.33,0.325129682539682,2396.64052287582,7.25713248384308,-2.54896831147758,-1.68921210628119,2.49320536604737,13.8336968935245,11.5160783138954,1.65333333333334,0.0258914112103177,-121.840522875817,never parachute
671106,2024,"Allen, Logan",300,154,14.4422649776931,13.9188756204198,9.51905037513398,871.32,0.136328213454815,-2.39850634951935,63,5.28063733055711,90.5492063492063,0.359521365158139,21.1516564987343,13.653629952825,8.41923220973782,2.31297598977471,6.55503701765483,14.2237445182815,91.6758620689655,0.333730769230769,856.740196078432,6.70939152104118,0.265245667594721,1.09981816539616,-2.17664777631989,-8.95354336717417,-8.94310718772435,-1.12665571975917,0.0257905959273701,14.5798039215687,moved INTO parachute
676282,2025,"Cantillo, Joey",500,245,24.246741055144,8.43668662938935,13.4660506550218,1511.646,0.8434233146058,9.48638972125199,70,6.34970495538985,80.9342857142857,0.281814123376623,30.4009329598289,9.09043097863397,14.3716270658119,0.153367138284946,1.21541187229697,24.7579347884482,84.2217391304348,0.287695652173913,1513.21428571429,6.15419190468489,-0.65374434924462,-0.905576410790072,0.690056176320854,8.27097784895502,-18.4082298330583,-3.28745341614908,-0.0058815287972897,-1.56828571428582,never parachute
608331,2025,"Fried, Max",340,163,26.1450595209777,13.9283074482027,10.6691021671827,1658.37058823529,-0.107949924313526,-2.54075239946514,65,3.5661743825979,82.5415384615385,0.299487882417916,31.9055557716708,8.15174493264393,8.12366719796363,1.45793423666876,0.149461692763105,14.1617497498165,85.724358974359,0.324906824491224,1420.71883289125,5.76049625069313,5.77656251555881,2.54543496921904,-1.56588416098228,-2.69021409222824,-10.5955753672186,-3.18282051282051,-0.0254189420733078,237.651755344047,never parachute
669062,2025,"Miller, Erik",124,59,38.0194669019266,15.3409504719574,10.1392215568862,1938.15322580645,0.27817821337703,-11.2279446849024,25,0.961398349888337,84.136,0.308875,43.5623579967906,16.7712160707689,11.3518523352289,-0.650437890275294,-6.20766198444756,7.98808739748294,86.643661971831,0.317467647475701,1781.90823529412,5.542891094864,-1.43026559881154,-1.21263077834264,0.928616103652324,-5.02028270045488,-7.02668904759461,-2.50766197183098,-0.00859264747570066,156.244990512334,never parachute
670329,2026,"Garcia, Rico",191,104,16.5495798736486,7.70273508596544,8.87203354491961,2368.01047120419,1.27458365200113,16.9847318176583,29,-0.918573782949926,78.0931034482759,0.291310344827586,22.0242218162483,8.82579204582805,9.03914225309574,0.53324372900617,5.22877316301306,7.28547657181484,76.1714285714286,0.310502040816327,2290.25581395349,5.4746419425997,-1.12305695986261,-0.167108708176137,0.741339922994964,11.7559586546452,-8.20405035476476,1.92167487684728,-0.0191916959887404,77.7546572506999,never parachute
701581,2025,"Festa, David",256,134,14.0661786686607,12.7522947428043,6.35231002697842,1758.1796875,0.909768378890083,11.0024488680567,36,-9.85082717373598,85.6583333333333,0.314259766205769,19.4615739245905,10.4944892296887,6.29217987894458,-1.00296514339019,6.51259459073864,-6.78877546671558,85.8528301886793,0.351353219526804,1838.57142857143,5.39539525592971,2.2578055131156,0.0601301480338332,1.91273352228027,4.48985427731808,-3.0620517070204,-0.194496855345918,-0.0370934533210355,-80.3917410714287,moved INTO parachute
622072,2024,"Wood, Alex",169,87,28.4780997540322,10.2720071779435,5.95709209004965,1664.97041420118,-2.89941305924555,-2.06922831765815,41,-1.72407934626081,94.2414634146341,0.438601535638457,33.7172287405031,10.0031036439909,6.04605767314124,-0.851095994244532,-6.46019734887348,6.1639629367754,86.768115942029,0.318256527606642,1653.3357400722,5.23912898647092,0.268903533952606,-0.0889655830915936,-2.04831706500102,4.39096903121533,-7.88804228303621,7.47334747260516,0.120345008031815,11.6346741289813,never parachute
669438,2026,"Englert, Mason",157,88,23.5361142527064,16.851709089594,6.40149681528663,2084.59872611465,-2.04277846887592,-6.38269683698775,27,-21.7627377715794,89.0148148148148,0.408851851851852,28.6435730765222,17.1987895243384,6.41334094476952,2.29544779461656,2.33574167823282,-17.5534476585812,88.1175,0.348527732683983,2112.95510204082,5.10745882381574,-0.347080434744377,-0.011844129482891,-4.33822626349248,-8.71843851522057,-4.20929011299823,0.897314814814806,0.0603241191678692,-28.3563759261665,never parachute
681347,2026,"Burrows, Mike",424,226,22.7482053503094,12.688935659318,8.2822812460428,1482.84669811321,0.365297338222874,1.34787361837002,79,1.0594093160353,84.9012658227848,0.297784810126582,27.8299912747199,11.355778585445,8.2017972056615,2.22579343270679,11.4799240898353,5.16832601098111,83.5745762711865,0.330512994350282,1510.24931506849,5.08178592441053,1.33315707387303,0.0804840403812985,-1.86049609448392,-10.1320504714653,-4.1089166949458,1.32668955159836,-0.0327281842237002,-27.4026169552856,never parachute
668941,2026,"Romero, JoJo",129,58,15.4169132650737,1.77566228373301,6.71131344156795,1285.97674418605,-1.43930933772393,0.477733014811201,23,-7.39359755449136,90.0739130434783,0.330217391304348,20.3938750316063,13.0098294370479,6.98602264954018,0.517063930437708,0.736092789889556,5.52292377099339,86.9583333333333,0.289716111111111,1387.20627802691,4.97696176653261,-11.2341671533149,-0.27470920797223,-1.95637326816164,-0.258359775078355,-12.9165213254848,3.11557971014493,0.0405012801932367,-101.229533840859,never parachute
676917,2026,"Cavalli, Cade",151,70,26.1674165695471,12.6353560370484,7.90409932799501,1936.31125827815,-1.47647572622432,-9.13447673794757,27,-0.394393298438609,85.5555555555556,0.437851851851852,31.1046638833229,11.3109017576281,7.34201981952949,0.363662254364693,7.12327304706238,-9.73232455843211,84.2173913043478,0.280695652173913,1982.08411214953,4.9372473137758,1.32445427942031,0.562079508465511,-1.84013798058902,-16.25774978501,9.3379312599935,1.33816425120773,0.157156199677939,-45.772853871387,never parachute
643377,2026,"Jax, Griffin",310,183,15.901203126937,15.7768325679252,5.10181097906056,1864.97096774194,0.103559434691131,4.6418123612281,58,3.28274756329102,85.6275862068966,0.385410714285714,20.7384055322812,16.0808431784616,4.70409413554166,1.23251215513538,6.9960585179713,-7.36281660657622,86.2567567567568,0.315057915057915,1786.60245901639,4.83720240534427,-0.304010610536324,0.397716843518896,-1.12895272044425,-2.3542461567432,10.6455641698672,-0.629170549860206,0.0703527992277993,78.3685087255422,never parachute
806185,2025,"Birdsong, Hayden",201,88,43.2639379828406,19.9395706765464,6.78992041689088,1318.02487562189,0.387604388629988,4.56196398653655,32,2.81697194261583,92.8875,0.415470801767677,48.0406972955684,20.0859144568256,7.70258544527464,-0.703583577028496,0.75127688750397,13.6537939686754,91.45,0.388649732620321,1248.12890625,4.77675931272778,-0.146343780279185,-0.912665028383761,1.09118796565848,3.81068709903258,-10.8368220260596,1.4375,0.026821069147356,69.8959693718905,never parachute
694813,2024,"Stone, Gavin",574,312,25.5553510498527,12.662165198316,7.41998980351435,1665.06620209059,1.19156187985049,1.17400597917367,99,-8.13208322052435,85.5575757575758,0.371338947564715,30.0739307942947,7.66723822312972,8.9095211887727,4.21821077969764,11.190220680459,13.0725868373884,84.3588235294118,0.307333643338758,1547.45652173913,4.518579744442,4.99492697518628,-1.48953138525835,-3.02664889984715,-10.0162147012853,-21.2046700579127,1.198752228164,0.0640053042259565,117.609680351462,never parachute
669438,2025,"Englert, Mason",245,129,28.6435730765222,17.1987895243384,6.41334094476952,2112.95510204082,2.29544779461656,2.33574167823282,40,-17.5534476585812,88.1175,0.348527732683983,33.1597850110985,16.8536990980108,6.62963951935915,-1.51360112020464,5.68813414266351,-4.63148090702651,90.3214285714286,0.341987301587301,2053.8785046729,4.51621193457632,0.345090426327605,-0.216298574589633,3.8090489148212,-3.35239246443069,-12.9219667515547,-2.20392857142856,0.00654043109668129,59.076597367919,never parachute
664199,2026,"Clarke, Taylor",188,97,26.3036395672272,9.58243243830536,5.21674110768231,1718.26595744681,1.53573269762824,-6.25173686297585,49,2.5573047434793,84.0591836734694,0.329958333333333,30.8193454132972,17.4545876333857,5.16679593554593,1.48152122750219,-2.98789578411131,-7.3377730121798,87.10625,0.31037595454998,1756.51136363636,4.51570584607003,-7.87215519508029,0.0499451721363782,0.054211470126045,-3.26384107886454,9.8950777556591,-3.04706632653061,0.0195823787833531,-38.2454061895553,never parachute
676282,2026,"Cantillo, Joey",512,251,19.9893479756932,7.17489847863946,11.3653842659884,1446.439453125,-0.0252994261446533,4.88862017394652,71,8.45039339180031,78.9450704225352,0.334420289855073,24.246741055144,8.43668662938935,13.4660506550218,0.8434233146058,9.48638972125199,6.34970495538985,80.9342857142857,0.281814123376623,1511.646,4.25739307945084,-1.26178815074988,-2.10066638903347,-0.868722740750454,-4.59776954730547,2.10068843641047,-1.9892152917505,0.0526061664784491,-65.206546875,never parachute
641302,2026,"Alexander, Tyler",179,100,17.0643496622539,13.6836596740253,7.36562722194007,1486.15642458101,-1.50636717254945,-5.0400639531877,46,-1.47023190913795,91.2739130434783,0.340826086956522,21.309306708534,13.7064478652712,7.47310091673324,0.109675790945018,-3.01881962285565,1.37688990617659,87.515,0.367949181848853,1519.93700787402,4.24495704628008,-0.0227881912459118,-0.107473694793162,-1.61604296349447,-2.02124433033206,-2.84712181531454,3.75891304347826,-0.0271230948923312,-33.7805832930101,never parachute
669358,2025,"Baz, Shane",309,149,17.0064306818054,10.3420593745431,7.67948317639981,2113.84466019417,0.0467384560966146,-0.730125526518695,68,12.7925559738761,82.8279411764706,0.264827906162465,21.2211704341139,10.9938633587102,7.59411764705882,4.04138591166949,2.44134865334553,19.2209000495455,85.17,0.302893939393939,1787.15322580645,4.2147397523085,-0.651803984167188,0.0853655293409856,-3.99464745557288,-3.17147417986422,-6.42834407566945,-2.34205882352941,-0.0380660332314741,326.691434387723,never parachute
656605,2026,"Keller, Mitch",166,79,18.8309154229465,13.5457383521093,4.62200886880856,1540.30120481928,-1.47840897651387,3.42252880554009,33,-12.5502831837627,90.3060606060606,0.454969696969697,23.0277908147455,14.1526132549119,4.90609409409409,-0.697357412060782,-4.87092250301046,8.75737931992566,88.5790697674419,0.387978963666495,2028.225,4.19687539179895,-0.606874902802582,-0.284085225285528,-0.78105156445309,8.29345130855054,-21.3076625036884,1.72699083861875,0.0669907333032023,-487.923795180723,never parachute
663436,2025,"Martin, Davis",563,296,23.4355973460539,14.6232163717015,3.79018997094562,2060.34103019538,0.051987169758417,-6.18696493033181,139,1.53422717188023,93.5388489208633,0.376759112157094,27.5609007302316,16.2003611083588,4.33290533285612,-1.60082304161653,-2.99662523724737,11.9480883383203,88.7048780487805,0.422606397827237,2016.75,4.12530338417762,-1.57714473665732,-0.542715361910505,1.65281021137495,-3.19033969308445,-10.4138611664401,4.83397087208283,-0.0458472856701433,43.5910301953818,never parachute
668678,2024,"Gallen, Zac",351,185,19.598101805519,13.53024711209,7.05176245210729,1532.86894586895,0.55726612205596,-3.56746925267155,72,-0.449818016646722,88.5763888888889,0.373958215408805,23.7193061186023,14.2318478697391,6.32184354539236,-0.904561714584811,2.41831735809894,0.509549802379263,88.225641025641,0.380460421260421,1526.71296296296,4.12120431308335,-0.701600757649043,0.729918906714927,1.46182783664077,-5.98578661077049,-0.959367819025984,0.350747863247861,-0.00650220585161621,6.15598290598291,never parachute
676664,2025,"Sears, JP",354,157,24.4671674903029,11.601424210082,8.80576848660201,1506.27683615819,-0.288140246904429,-1.74340550800166,73,-8.24630455168048,87.9205479452055,0.338109871112559,28.5739781228961,13.1813959954698,7.94794658364044,0.801673333171316,-2.11548573376855,5.62952619315704,86.5277372262774,0.343490374581271,1675.47723132969,4.10681063259318,-1.57997178538778,0.857821902961567,-1.08981358007574,0.372080225766896,-13.8758307448375,1.39281071892812,-0.005380503468712,-169.200395171498,never parachute
641927,2025,"Ober, Bailey",680,380,35.3312884750657,11.5274417362188,6.95891843971632,2028.77794117647,0.253910198413452,-1.67413456412107,135,-7.44614067766197,85.1251851851852,0.31104651184339,39.3042918407837,12.2090520305044,8.38373211272733,1.3660521816913,5.84946734216931,-5.58199403144834,82.8623076923077,0.310229024434471,2037.85082174463,3.97300336571798,-0.681610294285651,-1.42481367301102,-1.11214198327785,-7.52360190629038,-1.86414664621363,2.26287749287749,0.000817487408918793,-9.07288056815628,never parachute
680767,2025,"Vodnik, Victor",239,113,29.5339620701656,14.0325132625686,6.61329086457762,1901.33472803347,1.56629412737221,3.35253684336765,23,31.5206562756306,84.0608695652174,0.276069119286511,33.4635931813935,16.2229459357291,7.8129560825364,2.22237179447625,-0.989770475929498,12.1586855100957,89.9916666666667,0.249039583333333,1828.47488584475,3.92963111122798,-2.1904326731605,-1.19966521795878,-0.656077667104033,4.34230731929714,19.3619707655349,-5.93079710144927,0.0270295359531771,72.8598421887241,never parachute
683004,2026,"Leiter, Jack",243,122,11.7188980597952,15.598645910726,6.68748068597305,1559.65432098765,-0.826938216329114,1.36933436063952,52,-0.871476861590051,86.2807692307692,0.389153846153846,15.6306356899706,16.9193076386978,6.59862920098769,0.247247848022436,0.690942827948294,3.02048199932146,89.6688524590164,0.408973720357477,1522.1179245283,3.91173763017541,-1.32066172797175,0.0888514849853657,-1.07418606435155,0.678391532691229,-3.89195886091151,-3.38808322824715,-0.0198198742036305,37.5363964593523,moved INTO parachute
669920,2026,"Alexander, Jason",105,51,25.38064993402,10.7452623555063,11.1833540372671,1818.2,2.24682494248534,0.459022867688989,23,8.83647751592455,83.1347826086956,0.338347826086957,29.2467969877048,11.0991235518373,11.6117399654312,-0.553351578043884,7.54005417809675,-11.9434358979275,85.9914285714286,0.357938932395925,1763.79024390244,3.8661470536848,-0.353861196331067,-0.428385928164071,2.80017652052923,-7.08103131040776,20.779913413852,-2.85664596273293,-0.0195911063089684,54.4097560975611,never parachute
641540,2024,"Dunning, Dane",210,100,21.910410765232,2.14625414039726,4.62343840822714,1903.44285714286,1.05320579562723,10.5862889457518,31,5.00490798588949,86.4548387096774,0.403433547066012,25.6743574978297,3.70977482663213,5.7669129073916,1.51116870681627,7.82785150341961,7.60781993367068,86.9547619047619,0.328819162952537,1757.4793814433,3.76394673259765,-1.56352068623487,-1.14347449916446,-0.457962911189048,2.75843744233214,-2.60291194778119,-0.499923195084492,0.0746143841134743,145.963475699558,never parachute
607074,2025,"Rodón, Carlos",519,274,9.91906290397177,15.9432766184563,9.12701139283548,1649.74373795761,1.27020613024989,0.543148508869047,113,0.131689191050479,85.4690265486726,0.313839553850892,13.5958473077228,17.124461008825,9.94135450685826,1.63452127936949,9.69178610192798,1.36793508115251,88.0290322580645,0.274499667178699,1656.41,3.67678440375103,-1.18118439036868,-0.814343114022789,-0.364315149119601,-9.14863759305893,-1.23624589010204,-2.56000570939196,0.0393398866721922,-6.66626204238924,stayed parachute
672456,2026,"Montero, Keider",214,108,12.8263209843401,9.49505178595417,7.29740468622114,2009.80841121495,2.97241786307279,6.17471605303889,47,0.647327072938312,82.4191489361702,0.235978723404255,16.4068593307299,10.7698354688986,7.09817791301236,1.41689338996231,-3.57483503351992,-12.3101135791582,86.5861111111111,0.39067534123041,1956.55675675676,3.58053834638985,-1.27478368294445,0.199226773208785,1.55552447311048,9.74955108655881,12.9574406520965,-4.16696217494089,-0.154696617826155,53.2516544581965,moved INTO parachute
672456,2025,"Montero, Keider",185,88,16.4068593307299,10.7698354688986,7.09817791301236,1956.55675675676,1.41689338996231,-3.57483503351992,36,-12.3101135791582,86.5861111111111,0.39067534123041,19.9315939996837,11.3282219095448,8.77502612330199,-0.785579017343746,6.05302023796217,3.2911531729684,82.0787878787879,0.430669264069264,1762.30303030303,3.5247346689538,-0.558386440646142,-1.67684821028963,2.20247240730606,-9.62785527148209,-15.6012667521266,4.50732323232323,-0.0399939228388536,194.253726453727,never parachute
663738,2025,"Lynch IV, Daniel",209,98,22.2630774304583,14.3845246690393,8.09735001840266,1641.86124401914,-0.0936790592129262,2.82257269809678,53,-0.841368098637735,86.9056603773585,0.402535896778507,25.7522281152219,12.709540055321,8.24359008528784,0.764182417995878,6.79430893526084,3.04007755934023,86.6888888888889,0.325197855750487,1624.40298507463,3.48915068476357,1.6749846137183,-0.146240066885188,-0.857861477208805,-3.97173623716406,-3.88144565797797,0.216771488469604,0.0773380410280198,17.4582589445117,never parachute
670955,2025,"Uceta, Edwin",463,263,10.365759038438,13.7757066539037,5.53204342435566,2150.91576673866,1.69500488063487,9.69183785887618,82,-12.3432419717005,88.5158536585366,0.428950150770651,13.8178217680435,15.385499049155,5.88159607798574,3.06561984148085,9.08282642458859,7.98115523106286,86.5538461538462,0.290205128205128,2186.29694323144,3.45206272960549,-1.60979239525138,-0.349552653630078,-1.37061496084598,0.609011434287588,-20.3243972027634,1.96200750469043,0.138745022565523,-35.3811764927805,stayed parachute
527048,2025,"Pérez, Martín",260,125,8.80816547799847,1.65478624516031,7.28774725274725,1649.55769230769,1.41433827756245,1.51039815898762,48,4.67416367322187,85.8875,0.344863659938989,12.2531311720623,8.28115035030534,8.10812492661735,-0.88236985048144,1.44199244832681,1.39811462272477,82.9504854368932,0.42242317846053,1671.84031936128,3.44496569406384,-6.62636410514503,-0.820377673870102,2.29670812804389,0.0684057106608078,3.2760490504971,2.9370145631068,-0.0775595185215409,-22.282627053585,stayed parachute
607644,2024,"Means, John",91,51,20.67798973102,5.84112508411364,8.40054945054945,2150.95604395604,-0.138039255680962,3.37943941638969,20,-13.4932131728986,87.525,0.359638456599898,24.1112453825307,8.14366697694805,10.7584507042254,1.00548154802006,-14.5050185127171,-11.8894297854033,83.9,0.360120351987539,2132.81415929204,3.43325565151071,-2.30254189283441,-2.35790125367591,-1.14352080370102,17.8844579291068,-1.60378338749537,3.625,-0.000481895387641873,18.1418846640086,never parachute
570632,2024,"Ureña, José",320,159,6.36201263613518,6.0967162269379,7.69877016129032,1801.375,0.582276622224639,-3.07176850996427,59,-3.0404443428625,82.5610169491526,0.338664726953202,9.78295937997132,1.38742013017571,7.61227118644067,1.96552268174697,-6.38659849472669,11.8072694611171,77.2333333333333,0.1268,1692.29661016949,3.42094674383613,4.70929609676219,0.0864989748496443,-1.38324605952233,3.31482998476241,-14.8477138039796,5.32768361581921,0.211864726953202,109.078389830509,stayed parachute
543243,2025,"Gray, Sonny",229,90,20.0312055297081,4.5050905831158,5.52187854479133,1859.81222707424,-0.578605638019186,0.430531946629166,36,-3.34643598862343,85.5638888888889,0.454962365431469,23.3747327441235,7.56502694923796,4.08883210742388,-1.04138433972336,11.5563993048448,5.82495705458885,89.2230769230769,0.34128717948718,1704.36075949367,3.34352721441535,-3.05993636612216,1.43304643736745,0.462778701704171,-11.1258673582157,-9.17139304321228,-3.65918803418803,0.11367518594429,155.451467580565,never parachute
608718,2026,"Suter, Brent",307,151,21.5377583729834,7.31687060548271,11.2395531043332,1548.95765472313,0.627967185530793,-2.03535390945777,55,8.37145713417061,81.0036363636364,0.332854545454545,24.749078789771,5.01550139494262,10.5591493897023,-1.86947120782332,-0.247452980187393,1.76651172131649,82.2102564102564,0.366311351665215,1687.96015936255,3.21132041678752,2.30136921054009,0.680403714630897,2.49743839335412,-1.78790092927038,6.60494541285411,-1.20662004662005,-0.0334568062106698,-139.002504639423,never parachute
571948,2025,"Milner, Hoby",200,96,15.6405789302922,8.86844610814714,6.82721951219512,1643.275,-1.12630561429091,-3.30932826806603,43,-0.842825857447753,87.0604651162791,0.341210896474119,18.7856393993709,4.27774517988203,7.67646416083916,0.654318854404905,2.25441428067601,13.9696213877473,87.1121212121212,0.346171875,1707.51748251748,3.14506046907869,4.59070092826511,-0.84924464864404,-1.78062446869582,-5.56374254874204,-14.8124472451951,-0.0516560958421337,-0.00496097852588146,-64.2424825174824,never parachute
676664,2024,"Sears, JP",549,256,28.5739781228961,13.1813959954698,7.94794658364044,1675.47723132969,0.801673333171316,-2.11548573376855,137,5.62952619315704,86.5277372262774,0.343490374581271,31.7057027061424,12.7582365734401,8.75733237202596,-0.515446855284838,-3.5661403409114,2.74741274270889,90.3018518518519,0.317185537285976,1704.28767123288,3.13172458324632,0.423159422029732,-0.809385788385511,1.31712018845615,1.45065460714285,2.88211345044815,-3.77411462557448,0.0263048372952955,-28.8104399031863,never parachute
621244,2025,"Berríos, José",434,247,27.8491950812734,12.0831982772927,7.80197420151088,1555.01843317972,0.204666893704351,7.68144379964823,91,-1.96890790819199,87.4725274725275,0.371643993002987,30.9598309277014,11.9453378130276,9.28103614331597,0.555699476756421,-3.77398273358682,-2.0819684775134,86.530693069307,0.335766622948771,1587.57768052516,3.11063584642799,0.137860464265042,-1.47906194180509,-0.35103258305207,11.4554265332351,0.113060569321412,0.94183440322054,0.0358773700542161,-32.5592473454406,never parachute
676974,2025,"Meyer, Max",180,75,12.1473132783559,14.9261508842463,5.71887445887446,1783.53333333333,-0.479780711726498,-3.47807707425107,31,-2.97968355718315,87.2225806451613,0.3238964709126,15.2461618130358,9.11770750033822,7.32169516593972,-1.35997012868725,-7.23074404130158,15.6611800951083,86.7285714285714,0.293275490037913,1699.98843930636,3.09884853467987,5.80844338390803,-1.60282070706526,0.880189416960756,3.75266696705052,-18.6408636522915,0.494009216589859,0.0306209808746875,83.5448940269748,moved INTO parachute
674003,2024,"Bradford, Cody",321,157,25.3415074239433,8.83633170746072,8.89007674188892,1787.07165109034,0.00398751304356511,-2.64385588710913,59,-1.70773348836709,84.4050847457627,0.363424435981305,28.3648803399579,9.02444452336641,8.23215547703181,0.844844067497012,-8.70470795250975,13.6711034648415,84.6,0.243124867724868,1860.60869565217,3.02337291601464,-0.188112815905685,0.657921264857109,-0.840856554453446,6.06085206540062,-15.3788369532086,-0.194915254237287,0.120299568256437,-73.5370445618314,never parachute
663978,2026,"Paddack, Chris",276,149,35.1712660839605,14.7400784207763,8.15761904761905,1686.53260869565,-1.00909525007756,-7.98210780567743,71,1.07995011980559,85.3732394366197,0.336239436619718,38.1926073854631,15.3067251802221,9.17964800339188,-1.94108402895484,-9.88853389525916,-1.1710756936147,89.3841726618705,0.383392694946192,1809.51324503311,3.02134130150257,-0.56664675944576,-1.02202895577283,0.931988778877278,1.90642608958174,2.25102581342029,-4.0109332252508,-0.0471532583264736,-122.98063633746,never parachute
596001,2026,"Junis, Jakob",112,63,9.51589058082276,11.0784787907676,5.60049603174603,1308.98214285714,-0.0268964706964165,-0.867760366943947,32,10.414021803749,88.475,0.308625,12.5308778161228,11.1450515610812,4.82227820959528,3.42978077105302,-0.520169830576652,-1.4252727198254,86.8777777777778,0.257084444444444,1313.28292682927,3.01498723530008,-0.0665727703135222,0.778217822150755,-3.45667724174944,-0.347590536367295,11.8392945235744,1.59722222222221,0.0515405555555555,-4.30078397212537,stayed parachute
642232,2026,"Yarbrough, Ryan",148,91,30.1341125689229,11.2595793751532,9.65355394764844,1953.02702702703,-0.0464026342030296,1.97101113081002,38,-15.1107800465136,83.1210526315789,0.328789473684211,33.0945664669112,11.4870346406912,10.3364891920323,-1.36558886875823,7.6354780353077,-11.5404599856347,80.7447368421053,0.374267368421053,1913.2009569378,2.96045389798833,-0.227455265538072,-0.682935244383861,1.3191862345552,-5.66446690449768,-3.57032006087888,2.37631578947368,-0.0454778947368421,39.8260700892281,never parachute
605400,2026,"Nola, Aaron",301,138,23.1474447792556,12.5866757036573,6.77422630109857,1550.88372093023,1.12894835170704,6.72490773197771,52,-3.03377722773628,85.9576923076923,0.293057692307692,26.1045023406939,12.2952058105903,6.9695737277077,0.252444229168825,4.6933424078033,-4.63987179246336,88.7928571428571,0.328642309902903,1602.72314049587,2.95705756143836,0.291469893067061,-0.195347426609128,0.876504122538213,2.0315653241744,1.60609456472707,-2.83516483516483,-0.0355846175952108,-51.8394195656351,never parachute
683769,2025,"Gaddis, Hunter",139,52,37.2317436827959,13.2785836767536,15.9248647191757,2067.94964028777,-1.27313555875766,17.8562454617859,14,13.2799073244656,77.5857142857143,0.388972527472528,40.1387816874962,12.526068654776,15.1626039264067,3.57754613204211,3.1081607483971,1.24601706988414,77.4347826086957,0.187899665551839,2154.19337016575,2.9070380047003,0.752515021977585,0.762260792768963,-4.85068169079977,14.7480847133888,12.0338902545815,0.150931677018633,0.201072861920688,-86.243729877976,never parachute
674370,2025,"Bido, Osvaldo",146,64,6.80037109647641,7.41478377837449,5.75857277560963,2184.28767123288,-1.92493392181189,6.22938371419675,31,-15.0182083337451,85.2387096774194,0.366873655913978,9.57203909796347,8.34844566509704,5.97463566350711,2.07962044732823,7.65622765357836,-1.96723588896037,76.5307692307692,0.20732,2097.9375,2.77166800148706,-0.933661886722549,-0.216062887897475,-4.00455436914012,-1.42684393938161,-13.0509724447847,8.70794044665013,0.159553655913978,86.3501712328766,stayed parachute
628452,2026,"Iglesias, Raisel",208,134,17.1593958415087,11.3213579439411,5.96987179487179,1913.44711538462,1.22741880753291,8.7523191122358,45,-9.23064190344522,85.6577777777778,0.327266666666667,19.9000843723556,11.9032772864229,6.11365154022587,-1.1781420683655,8.92025785701124,-16.6414205632774,86.2303571428572,0.330544423830138,1994.22471910112,2.74068853084695,-0.581919342481807,-0.14377974535408,2.40556087589841,-0.167938744775441,7.41077865983215,-0.572579365079363,-0.00327775716347151,-80.7776037165081,never parachute
663947,2024,"Holton, Tyler",252,148,39.0751917585992,12.8000210875161,8.42056419927707,1662.5753968254,0.164781451446929,-3.60606710973872,64,-5.66414877615816,85.153125,0.380974121769434,41.8081946507087,13.4505528018904,8.98190170940172,-0.312428755064222,-0.323063269542196,-1.29232300210169,86.8172413793104,0.349059997632763,1647.46153846154,2.73300289210943,-0.650531714374257,-0.561337510124647,0.477210206511152,-3.28300384019652,-4.37182577405646,-1.66411637931034,0.0319141241366714,15.1138583638583,never parachute
681867,2026,"Criswell, Cooper",124,68,12.7299216833746,1.85845153931858,5.55193548387096,1557.74193548387,-1.090084521969,2.49010214628482,31,4.70379131495651,84.7129032258065,0.325032258064516,15.3506309329023,3.15498783042505,5.00847176079734,-4.39732761851239,-3.61039939994015,13.9688012702376,93.3142857142857,0.341831746031746,1488.39534883721,2.62070924952773,-1.29653629110647,0.543463723073622,3.30724309654339,6.10050154622497,-9.26500995528112,-8.60138248847926,-0.0167994879672299,69.3465866466618,moved INTO parachute
663947,2025,"Holton, Tyler",168,84,36.4746538994998,12.7746448057911,7.41369047619048,1641.81547619048,-2.32132695113389,-6.51759338506108,43,-6.51073300978054,83.9627906976744,0.316813748783516,39.0751917585992,12.8000210875161,8.42056419927707,0.164781451446929,-3.60606710973872,-5.66414877615816,85.153125,0.380974121769434,1662.5753968254,2.60053785909945,-0.0253762817250554,-1.00687372308659,-2.48610840258082,-2.91152627532236,-0.846584233622382,-1.19033430232558,-0.0641603729859179,-20.7599206349207,never parachute
605400,2024,"Nola, Aaron",307,126,23.5667283643498,12.0846390482361,6.78140740221557,1558.34527687296,-0.463820437526526,-9.22386450930797,62,8.03938517293749,88.3290322580645,0.404222681738811,26.052451651403,12.3675815174266,6.84689667128988,0.293749416263034,0.801077663868043,-6.81669885522616,85.34375,0.391218455981183,1576.56547619048,2.48572328705316,-0.282942469190489,-0.0654892690743125,-0.75756985378956,-10.024942173176,14.8560840281636,2.98528225806452,0.0130042257576279,-18.220199317512,never parachute
519043,2024,"Moore, Matt",271,142,31.5583500214724,11.8341344180362,9.95595547758756,1923.85977859779,-1.34304974573404,-0.258638940708505,56,-6.47720222135152,83.8857142857143,0.318499566199449,33.984453432473,12.050346984029,10.1513047910296,1.19885138203369,4.50031282842235,-5.73532326034502,80.9541666666667,0.378316130180524,2033.88888888889,2.42610341100064,-0.2162125659928,-0.195349313442003,-2.54190112776773,-4.75895176913086,-0.741878961006496,2.93154761904762,-0.0598165639810746,-110.029110291103,never parachute
622663,2025,"Severino, Luis",147,65,33.1011958832154,11.7285202010685,9.91658052254845,1603.19047619048,-3.18340217770303,-8.97778529165385,30,9.36460703846761,91.8033333333333,0.436530045132173,35.5262736581342,11.3228203604639,10.0777056954946,-2.49389594551542,-8.36860248371205,15.7922405657616,88.3431818181818,0.450210783569931,1583.34101382489,2.42507777491876,0.405699840604541,-0.161125172946162,-0.689506232187604,-0.609182807941807,-6.42763352729401,3.46015151515151,-0.0136807384377585,19.8494623655913,never parachute
607259,2024,"Martinez, Nick",459,266,35.3225786726636,13.232396163293,12.4965701056577,2105.28322440087,0.506512554568902,4.97166881897417,93,0.827898055540711,80.0064516129032,0.282794528282149,37.7201074976841,14.8073153627586,13.0631599809735,2.82222368118155,9.509436051363,0.755940668659722,81.5090909090909,0.251262052341598,2019.23109243697,2.39752882502058,-1.57491919946566,-0.566589875315861,-2.31571112661265,-4.53776723238883,0.0719573868809891,-1.5026392961877,0.0315324759405514,86.0521319638967,never parachute
518876,2025,"Kelly, Merrill",767,453,14.9172128971174,14.7896336325706,3.51103854673995,2158.7666232073,0.0944366197203067,-0.133050811163342,151,0.00890833421534738,87.8668874172186,0.347578835318897,17.2929927576582,13.6969177096924,3.48705981647422,3.88577608308782,1.12947472946966,6.72458239016128,83.6294117647059,0.230806938159879,2174.61506276151,2.37577986054082,1.09271592287818,0.0239787302657279,-3.79133946336752,-1.26252554063301,-6.71567405594593,4.23747565251267,0.116771897159018,-15.848439554205,moved INTO parachute
571760,2024,"Heaney, Andrew",462,272,13.6904712726064,9.06243115680512,7.87459374796058,2105.42424242424,0.683146182461105,-0.499625615729106,120,0.924725277243228,86.8383333333333,0.351871303566034,16.0098807459571,8.99140419106508,8.61819989081508,1.87192643972879,-3.82875112527405,18.6456323442373,83.9333333333333,0.300254464285714,2110.78881987578,2.31940947335074,0.0710269657400406,-0.743606142854503,-1.18878025726769,3.32912550954495,-17.720907066994,2.905,0.0516168392803195,-5.36457745153393,moved INTO parachute
686799,2026,"Kochanowicz, Jack",257,135,10.2824923885028,14.7241630227071,6.20316048598428,2166.84046692607,-1.61204901570503,1.96925297395195,47,0.901409740254513,85.1617021276596,0.367340425531915,12.600589028263,13.2318510155085,5.6418574094317,-2.36456440314954,4.69366702187676,-4.32217567179043,92.9591836734694,0.462949898760192,2109,2.31809663976015,1.49231200719863,0.561303076552577,0.752515387444512,-2.72441404792481,5.22358541204494,-7.7974815458098,-0.0956094732282767,57.8404669260699,stayed parachute
663568,2026,"Kolek, Stephen",100,50,15.9854011514879,11.8201776276886,7.15994514767932,1489.04,0.644200641645073,-11.8224207203032,25,6.75418121132078,84.356,0.385,18.174641548378,14.2605932944841,6.53474336616864,2.54400780939894,-5.99647839873461,13.3377461665255,89.2931034482759,0.255377905091341,1467.95918367347,2.18924039689004,-2.44041566679547,0.625201781510681,-1.89980716775387,-5.82594232156855,-6.58356495520476,-4.93710344827586,0.129622094908659,21.0808163265306,never parachute
676440,2025,"Bibee, Tanner",450,222,9.87364733939907,6.92588468653287,12.5577667607148,1961.80444444444,-0.471098667434363,8.18854407580962,74,8.27421403553234,83.3648648648649,0.342563221035898,12.0168931825745,7.94514750900344,12.1556767040858,0.147902963232677,1.01051824264759,0.375066754769811,85.5915662650602,0.404408785996308,1992.388671875,2.14324584317543,-1.01926282247057,0.402090056629007,-0.61900163066704,7.17802583316202,7.89914728076253,-2.22670140019537,-0.0618455649604103,-30.5842274305555,stayed parachute
596295,2024,"Gomber, Austin",538,275,29.3987327514295,8.87541770659029,9.35152809888898,1664.16542750929,-0.199891547211813,-5.21675377776186,120,-1.38518943538253,87.5716666666667,0.353420761582056,31.5294054503355,8.50634677158423,9.1223464458247,-1.79679284072563,-3.49919184838361,12.5436476045795,89.209375,0.321424947196621,1675.35652173913,2.13067269890603,0.369070935006066,0.229181653064279,1.59690129351382,-1.71756192937824,-13.928837039962,-1.63770833333332,0.0319958143854349,-11.1910942298366,never parachute
647336,2025,"Soroka, Michael",154,63,16.0896114033984,9.25389250652677,9.30708110333471,2209.14285714286,0.310184543782108,-3.33180813534245,28,17.6386758693312,80.1071428571429,0.256133487940631,18.195345158922,10.5233029171805,11.3190107370116,-1.99404047294626,-18.3876825511495,8.91777164520123,80.3,0.415303647333059,2211.43262411348,2.10573375552361,-1.26941041065374,-2.01192963367684,2.30422501672837,15.0558744158071,8.72090422413001,-0.192857142857136,-0.159170159392428,-2.28976697061762,never parachute
607625,2025,"Lugo, Seth",229,116,20.7314024794182,11.6011458937915,5.50494992547656,1671.38864628821,-2.15315505061621,-3.45395869587057,54,-6.76976443310989,90.8185185185185,0.419347172188898,22.8311113267504,11.9640147322359,4.91024012122625,0.702553949954889,4.80538558208486,0.355989346092108,82.9970588235294,0.384897118941916,1853.61352657005,2.09970884733221,-0.362868838444451,0.594709804250313,-2.8557090005711,-8.25934427795542,-7.125753779202,7.8214596949891,0.0344500532469821,-182.224880281839,never parachute
650633,2026,"King, Michael",574,324,28.6080516513643,12.2680668691102,7.74905959358597,1869.30487804878,1.72605778231237,1.62940831288843,137,3.81169247645643,84.2817518248175,0.319284671532847,30.7050066957748,13.3364123063427,6.93544641820504,1.9408743099609,0.284346849592607,-7.23253626391127,83.1246153846154,0.284677771285084,2014.25287356322,2.09695504441041,-1.06834543723249,0.813613175380935,-0.214816527648529,1.34506146329582,11.0442287403677,1.15713644020214,0.0346069002477627,-144.947995514438,never parachute
671096,2025,"Abbott, Andrew",526,286,13.022636497002,8.12631238095978,7.96169991781291,1984.03422053232,0.221774305224582,-4.38597220263445,123,-6.102536427567,83.6926829268293,0.356304333781263,15.108875458035,6.13777751027591,8.03119093700157,-0.130219971285281,-5.42019327348076,1.75281546239437,83.143661971831,0.290116344189848,2114.53805774278,2.08623896103303,1.98853487068387,-0.0694910191886606,0.351994276509863,1.03422107084631,-7.85535188996137,0.549020954998284,0.0661879895914154,-130.503837210463,moved INTO parachute
607074,2026,"Rodón, Carlos",129,66,7.83859734386312,15.3387197587321,8.82354861813279,1657.78294573643,0.888146201636286,4.26184592812107,24,-0.91642120381395,88.175,0.323125,9.91906290397177,15.9432766184563,9.12701139283548,1.27020613024989,0.543148508869047,0.131689191050479,85.4690265486726,0.313839553850892,1649.74373795761,2.08046556010865,-0.604556859724251,-0.303462774702686,-0.382059928613605,3.71869741925202,-1.04811039486443,2.70597345132744,0.00928544614910837,8.03920777882331,stayed parachute
669372,2026,"Ginn, J.T.",350,188,12.5528240536351,9.59838517621368,5.72468519715579,1515.90571428571,2.08775457497243,5.15842336350233,63,3.63028750554974,82.3746031746032,0.253047619047619,14.6273967754755,2.52396558873429,4.87995551038091,-1.96505629796021,12.7715511957418,-0.312378583360535,85.4,0.362752095238096,1482.45945945946,2.0745727218404,7.0744195874794,0.84472968677488,4.05281087293264,-7.61312783223943,3.94266608891027,-3.02539682539683,-0.109704476190476,33.446254826255,stayed parachute
694297,2024,"Pfaadt, Brandon",315,154,17.4755782803847,12.4016824171536,6.34202888172813,2073.6,0.256158882693905,-0.779077740756774,62,-1.16976910491071,88.1435483870968,0.285514726507714,19.5493450863228,14.0689037705449,7.17359670314054,-1.77742692876329,6.26218655590917,-2.81537932507036,89.6269230769231,0.435338571428571,1953.47580645161,2.0737668059381,-1.66722135339128,-0.831567821412411,2.0335858114572,-7.04126429666594,1.64561022015965,-1.48337468982631,-0.149823844920858,120.124193548387,never parachute
571510,2025,"Boyd, Matthew",650,362,8.03286950436549,9.57892397865826,14.5985152776126,1817.77846153846,0.966959352653681,1.79376385871084,143,0.64476107102466,86.9643356643357,0.311630114163249,10.0966004082222,9.72934203085351,11.1042316602317,-0.468725595472271,3.02268474801387,-3.85444402241888,84.2638888888889,0.327641414141414,1863.08571428571,2.06373090385668,-0.150418052195247,3.49428361738098,1.43568494812595,-1.22892088930303,4.49920509344354,2.70044677544678,-0.0160112999781655,-45.3072527472527,stayed parachute
667463,2025,"King, John",152,75,7.41434132923204,1.17656506716334,7.31049647607139,1706.875,-1.55211082947206,-9.50695158770239,34,-5.60339714487812,85.5323529411765,0.347443041994126,9.47084989558601,0.798850120102267,9.04002673685089,0.237001999457473,-9.51811399933305,1.12422241865836,87.2793103448276,0.360370730779217,1635.50632911392,2.05650856635397,0.377714947061069,-1.7295302607795,-1.78911282892953,0.011162411630659,-6.72761956353648,-1.74695740365112,-0.0129276887850917,71.368670886076,stayed parachute
519242,2025,"Sale, Chris",154,77,17.7312257358411,10.4040490971836,7.99826993337631,1831.32467532468,-1.29842502830527,0.226805529063535,35,7.59922545886911,86.5828571428571,0.360615762786596,19.7844670350528,10.752593421102,7.91522160419636,2.48064916102847,-2.41091950743663,-2.89447753248841,83.1712643678161,0.272576830990386,1881.29824561404,2.0532412992117,-0.348544323918405,0.0830483291799498,-3.77907418933374,2.63772503650017,10.4937029913575,3.41159277504104,0.0880389317962098,-49.9735702893597,never parachute
678394,2025,"Bello, Brayan",410,204,19.4729200735215,10.1445521885513,6.28890722142516,1841.6756097561,0.084739307087231,2.64188992823469,83,2.03975352867609,84.3397590361446,0.36701292679877,21.4925034668147,10.5433527719535,8.0554600366735,0.207453115732935,3.1922925619229,-1.60617248512685,84.4426356589147,0.355756887783945,1810.11780821918,2.01958339329326,-0.398800583402229,-1.76655281524834,-0.122713808645704,-0.550402633688216,3.64592601380294,-0.102876622770154,0.0112560390148247,31.5578015369194,never parachute
605288,2025,"Houser, Adrian",289,151,15.6560816148223,12.2641627983181,9.40578104055613,1612.62629757785,-0.455395763009132,-0.341472186987203,55,-13.3014437779739,83.7563636363636,0.422461992286909,17.6737565061347,13.1262775048163,9.57604288499025,-1.14674465495553,0.320548375612788,-7.79068257241193,87.6965517241379,0.323139503097477,1540.56296296296,2.01767489131248,-0.862114706498257,-0.170261844434123,0.691348891946394,-0.662020562599991,-5.51076120556195,-3.9401880877743,0.0993224891894318,72.0633346148918,never parachute
628452,2025,"Iglesias, Raisel",267,172,19.9000843723556,11.9032772864229,6.11365154022587,1994.22471910112,-1.1781420683655,8.92025785701124,56,-16.6414205632774,86.2303571428572,0.330544423830138,21.8535107270653,12.3838376529779,6.02136591478697,2.33857863099329,0.950646491414424,7.23656026693048,80.734328358209,0.297353363817066,2044.31228070175,1.95342635470969,-0.480560366555009,0.0922856254389037,-3.51672069935879,7.96961136559682,-23.8779808302079,5.49602878464819,0.033191060013072,-50.0875616006308,never parachute
542881,2025,"Anderson, Tyler",795,416,19.0605211891324,9.73591797607269,10.6121827847816,1916.38113207547,-0.429809357612775,-0.0860272081808522,137,-1.31438460618341,84.9503649635036,0.366442345397901,20.9594607041597,9.76975485685871,10.5155408854854,0.919919031910943,-1.82970701781932,2.87644685982417,82.9165829145729,0.312453771585991,1885.53696857671,1.8989395150273,-0.0338368807860192,0.0966418992961362,-1.34972838952372,1.74367980963847,-4.19083146600757,2.03378204893077,0.0539885738119096,30.8441634987619,never parachute
592454,2026,"Kahnle, Tommy",106,59,42.9004572656858,15.6238435954018,5.42796892341842,1259.68867924528,-3.09521255110538,-0.53841014231503,23,-10.2824405233931,95.095652173913,0.416130434782609,44.7851940482062,16.9380305600775,6.818126056698,0.67434294260952,0.12787841806182,-3.57246884223074,88.281875,0.355969549063777,1281.50855188141,1.88473678252036,-1.31418696467567,-1.39015713327957,-3.7695554937149,-0.66628856037685,-6.70997168116232,6.81377717391304,0.0601608857188318,-21.8198726361309,never parachute
657097,2025,"Webb, Jacob",327,190,19.298224873473,8.40067792952624,8.52103764631446,2260.95107033639,0.729530569268179,2.62082233230982,70,-8.7237596771705,81.9128571428572,0.337035065644747,21.1766309472645,9.05515410602486,9.16856805000282,2.52128055660887,5.40133208173271,1.03206797145699,83.8533333333333,0.265872658303465,2190.17441860465,1.87840607379149,-0.654476176498617,-0.647530403688361,-1.79174998734069,-2.78050974942289,-9.75582764862748,-1.94047619047619,0.0711624073412818,70.77665173174,never parachute
686563,2025,"Cannon, Jonathan",383,208,16.9859153663998,14.7140043096172,8.17582406105644,1836.68668407311,-0.83765080155772,-3.95009987199069,72,1.26284894797446,84.9888888888889,0.34442034871042,18.808012004058,14.3809715740914,8.51991819520827,-0.580596364189003,-1.69724949658827,-14.9328494490493,85.0431818181818,0.353028683440264,1710.1635883905,1.82209663765817,0.333032735525851,-0.344094134151831,-0.257054437368717,-2.25285037540243,16.1956983970238,-0.0542929292929273,-0.00860833472984346,126.523095682606,never parachute
676395,2025,"Garcia, Robert",273,145,13.5170806704685,13.1270243690115,5.50711597271231,1686.90476190476,0.769788396446956,2.09743364345572,57,0.274057353636322,85.6894736842105,0.3065984710923,15.3301010051348,12.8236528829424,6.71478671628972,2.38135317526245,4.7470160364732,9.25972997177863,81.5576923076923,0.260961538461538,1679.98299319728,1.81302033466624,0.303371486069009,-1.20767074357741,-1.61156477881549,-2.64958239301748,-8.98567261814231,4.13178137651822,0.045636932630762,6.92176870748313,moved INTO parachute
657097,2024,"Webb, Jacob",258,138,21.1766309472645,9.05515410602486,9.16856805000282,2190.17441860465,2.52128055660887,5.40133208173271,45,1.03206797145699,83.8533333333333,0.265872658303465,22.96473114777,10.000938066433,8.94704858321281,0.391253715109352,8.11699479144459,17.3576110967901,80.56875,0.318519574175824,2113.25984251969,1.78810020050544,-0.945783960408107,0.22151946679001,2.13002684149952,-2.71566270971188,-16.3255431253332,3.28458333333334,-0.0526469158723594,76.914576084966,never parachute
685299,2026,"Gordon, Tanner",202,111,17.5233626132333,8.06691061637953,8.27071308194649,2120.06435643564,-0.543674330802231,-8.49193646984444,43,9.88496408242978,87.3139534883721,0.4035,19.2997534159502,8.7289914250531,9.05814828318604,-2.05976049456918,-6.4261270751144,-4.30035304889207,87.7806451612903,0.426034470118313,2106.42965779468,1.77639080271683,-0.66208080867357,-0.787435201239553,1.51608616376695,-2.06580939473005,14.1853171313218,-0.46669167291823,-0.0225344701183132,13.6346986409671,never parachute
607200,2026,"Fedde, Erick",212,72,22.218994874113,5.53554305554235,5.19794494649677,1842.77830188679,-2.16632134816627,0.497648856869651,26,-2.49261923404853,89.2923076923077,0.401153846153846,23.9909856348707,7.60269693082708,5.59883122279026,-0.556964390508738,-11.3802414138846,-1.62152160718742,88.8548387096774,0.326743913678768,1807.55516014235,1.77199076075775,-2.06715387528473,-0.400886276293486,-1.60935695765753,11.8778902707543,-0.871097626861108,0.437468982630264,0.0744099324750779,35.2231417444436,never parachute
676477,2026,"Whitlock, Garrett",100,59,36.1847017418896,16.2252698623796,10.602501618123,2237.61,-0.452708824973699,-2.22676108452806,18,-6.8626150526087,87.7833333333333,0.321388888888889,37.9024987815024,16.8278813407959,11.5063607650465,-0.575080485505978,-7.08868514466984,2.23604128073756,87.4133333333333,0.297370598290598,2282.40243902439,1.71779703961279,-0.602611478416261,-0.903859146923518,0.122371660532279,4.86192406014179,-9.09865633334626,0.370000000000005,0.0240182905982907,-44.7924390243902,never parachute
678692,2025,"Henriquez, Ronny",192,74,33.4532181326233,17.1344294287861,4.96053662536444,1604.3125,-0.565417209672318,1.59092635566298,27,-3.6841301880986,87.137037037037,0.366600467836257,35.1446695960877,15.6655495678456,4.93337648327939,1.66472200080952,6.66115082890128,13.8084114227812,89.6208333333333,0.320633333333333,1631.99029126214,1.69145146346444,1.46887986094044,0.0271601420850436,-2.23013921048184,-5.0702244732383,-17.4925416108798,-2.4837962962963,0.045967134502924,-27.677791262136,never parachute
676440,2026,"Bibee, Tanner",283,129,8.20468347340183,6.89270716813337,12.9584415270813,1876.02826855124,0.0892207323564852,2.81602928054871,44,4.71311926308809,83.0295454545455,0.320090909090909,9.87364733939907,6.92588468653287,12.5577667607148,-0.471098667434363,8.18854407580962,8.27421403553234,83.3648648648649,0.342563221035898,1961.80444444444,1.66896386599724,-0.0331775183995093,0.400674766366542,0.560319399790848,-5.37251479526091,-3.56109477244425,-0.335319410319414,-0.0224723119449884,-85.7761758932077,stayed parachute
571927,2026,"Matz, Steven",288,151,27.2631498612351,12.0263847864932,10.4874474354418,2357.21180555556,-0.0731386555434726,-5.62809575471346,67,-12.757000143547,85.3014925373134,0.362940298507463,28.8850784008341,12.476940139935,10.6561768885591,-1.8809563202196,-10.9927259065882,4.81240328773272,84.1132075471698,0.322086265122225,2422.83886255924,1.62192853959894,-0.450555353441786,-0.168729453117251,1.80781766467613,5.36463015187471,-17.5694034312797,1.18828499014363,0.0408540333852375,-65.6270570036859,never parachute
693433,2025,"Woo, Bryan",191,88,12.4649412661815,11.6842610986233,6.10677080784851,1826.71727748691,-0.174912589230136,-1.17543073857627,44,-6.72402990495501,87.5727272727273,0.321764967816291,14.0815960529561,12.1769250666776,5.22810243623707,0.47240108697803,1.14244261982762,4.37175578907361,89.2170212765958,0.303278647356722,1927.99378881988,1.61665478677468,-0.492663968054393,0.878668371611438,-0.647313676208166,-2.31787335840388,-11.0957856940286,-1.64429400386847,0.0184863204595696,-101.276511332965,stayed parachute
656756,2024,"Montgomery, Jordan",373,189,13.2456137180619,5.68052082006689,8.99824202978133,1605.50938337802,-1.58883876665172,4.68335211881671,63,-1.54749347315602,87.3126984126984,0.441744141940127,14.8539426720708,5.03153701031604,9.77026094710659,-0.562647385904419,5.20594167035106,4.95911836624841,82.6410714285714,0.300002164502165,1615.74496644295,1.60832895400889,0.648983809750853,-0.77201891732526,-1.0261913807473,-0.522589551534348,-6.50661183940443,4.67162698412699,0.141741977437963,-10.2355830649369,stayed parachute
641154,2024,"López, Pablo",599,313,17.0116541399499,9.38597918270462,6.53573119791631,2108.34223706177,-0.480236121401233,-5.1897622074145,121,7.36624446401554,84.4090909090909,0.343150618843136,18.5991045129514,9.22603487749647,6.43014186125871,-3.24563660443732,-2.36525424353748,5.51116283242094,86.6820895522388,0.347443009606346,2077.90035587189,1.58745037300157,0.159944305208146,0.105589336657594,2.76540048303609,-2.82450796387702,1.85508163159461,-2.2729986431479,-0.00429239076321025,30.4418811898836,never parachute
693433,2026,"Woo, Bryan",119,63,10.8952269160414,13.388803909033,6.40482057034551,1956.81512605042,4.53440199515592,-5.90790995306907,24,4.80323172379795,84.3458333333333,0.247625,12.4649412661815,11.6842610986233,6.10677080784851,-0.174912589230136,-1.17543073857627,-6.72402990495501,87.5727272727273,0.321764967816291,1826.71727748691,1.56971435014008,1.70454281040971,0.298049762497003,4.70931458438605,-4.7324792144928,11.527261628753,-3.22689393939395,-0.0741399678162911,130.097848563509,stayed parachute
656641,2026,"Latz, Jacob",135,71,24.1587902573176,10.4073220728081,9.00899921197794,2042.04444444444,2.91935831641669,5.14956342720434,19,3.56964743461052,76.9789473684211,0.258421052631579,25.7234913987269,11.6894727245706,9.5181709981868,-1.65633345417951,2.30780137901323,4.26716479980236,87.4854838709677,0.418086548597934,1981.74203821656,1.56470114140927,-1.28215065176249,-0.50917178620886,4.57569177059619,2.84176204819111,-0.697517365191847,-10.5065365025467,-0.159665495966355,60.3024062278839,never parachute
666157,2025,"Lodolo, Nick",538,302,8.78578265970535,7.61045517125108,6.01918005190433,1833.86059479554,0.604727168889038,-0.883249651892491,127,3.10451424152632,85.796062992126,0.324406502102818,10.3285386524355,9.86312200751617,6.04797841617267,-0.822983765824286,-4.44002994806112,2.26602078905331,88.3012987012987,0.329651088067031,2005.01307189543,1.54275599273011,-2.25266683626509,-0.02879836426834,1.42771093471332,3.55678029616863,0.838493452473007,-2.50523570917272,-0.00524458596421312,-171.152477099886,stayed parachute
450203,2024,"Morton, Charlie",307,162,26.8139636176695,11.2652845010047,9.16452450344101,2172.4332247557,-1.59315840033082,4.92776684980283,57,8.50419356796278,87.8912280701755,0.434031588028041,28.3381922111418,11.6167244442967,9.05649267399267,2.42709674244284,-2.17110250605173,-3.25681331602957,90.32,0.36686,2168.13076923077,1.5242285934723,-0.351439943292077,0.108031829448343,-4.02025514277366,7.09886935585455,11.7610068839923,-2.42877192982456,0.0671715880280411,4.30245552493125,never parachute
681867,2025,"Criswell, Cooper",86,52,15.3506309329023,3.15498783042505,5.00847176079734,1488.39534883721,-4.39732761851239,-3.61039939994015,21,13.9688012702376,93.3142857142857,0.341831746031746,16.8559823508734,4.79330221139281,4.6694294949799,0.867685864558401,-2.97235301471736,5.84092162583679,90.1487394957983,0.311082018859201,1515.76688453159,1.50535141797111,-1.63831438096776,0.339042265817438,-5.2650134830708,-0.63804638522279,8.12787964440085,3.16554621848739,0.030749727172545,-27.3715356943812,never parachute
815083,2026,"Farris, Mitch",181,83,50.9584339156446,18.4834621493295,12.7918571791452,1688.08287292818,0.12658442945391,4.2102436669477,21,1.65876833263117,84.252380952381,0.394952380952381,52.4582070506878,16.4980225742229,12.6734506784012,0.566698340169737,-0.791025774361866,-14.4723998827563,83.2125,0.3345625,1430.27777777778,1.49977313504316,1.98543957510658,0.118406500744049,-0.440113910715827,5.00126944130957,16.1311682153874,1.03988095238094,0.0603898809523809,257.805095150399,never parachute
641329,2026,"Baker, Bryan",298,158,20.9728085570238,14.7914691048543,11.4617590660425,1850.57718120805,0.700326369817608,-2.50667412738417,53,3.8514093586066,82.2547169811321,0.282867924528302,22.4494222849515,13.8228741362874,11.6790566274117,1.29354698957979,6.01067389392024,-5.7942140247031,83.545652173913,0.338555567722501,1872.26058631922,1.47661372792769,0.968594968566922,-0.217297561369154,-0.593220619762179,-8.51734802130441,9.6456233833097,-1.29093519278096,-0.0556876431941994,-21.6834051111646,never parachute
669212,2024,"Morgan, Eli",153,97,48.6046713475906,15.0942188015983,13.2860809451986,2147.74509803922,1.35594158494541,-7.46368524093217,38,-10.5985910905259,84.621052631579,0.287405263157895,50.0688631926726,15.7481113907777,13.7822082379863,-1.72534918526836,-0.562520453936138,-3.10196773478461,87.1967741935484,0.399420170559882,2022.72826086957,1.46419184508201,-0.653892589179415,-0.49612729278768,3.08129077021376,-6.90116478699603,-7.4966233557413,-2.57572156196945,-0.112014907401987,125.01683716965,never parachute
547179,2025,"Lorenzen, Michael",401,210,14.9505021831817,8.49026733739443,10.187171503726,1982.02743142145,1.34182215303791,9.33471814077621,67,-2.67748230244344,83.4149253731343,0.278107174790384,16.3772555071846,8.70348609802788,9.22423565877543,2.15463203607115,3.96979379494856,7.5622406940038,81.19,0.239923635887922,2020.15989847716,1.42675332400285,-0.213218760633456,0.962935844950579,-0.812809883033244,5.36492434582765,-10.2397229964472,2.22492537313433,0.0381835389024621,-38.132467055711,moved INTO parachute
596133,2025,"Weaver, Luke",313,171,15.7181281952426,13.6584621189158,6.99596240218548,1970.53354632588,1.35722713203342,8.64911122971175,43,-14.6219587251238,87.0162790697675,0.314394952993567,17.073247668972,15.8979041290239,7.06148649716978,0.580742787183751,7.560751443448,-0.819092328743492,83.8672727272727,0.337658548842462,1870.37532808399,1.35511947372937,-2.23944201010805,-0.0655240949842968,0.776484344849666,1.08835978626374,-13.8028663963803,3.14900634249472,-0.0232635958488944,100.158218241889,never parachute
650911,2024,"Sánchez, Cristopher",998,552,14.2797077015269,7.90410550101065,9.36879771627848,2017.60521042084,1.11662581842013,-2.96233939573212,191,5.5042550386248,82.9732984293194,0.264967810706634,15.624470349468,6.24333996345149,10.1762855520119,0.553745305442526,0.397152644566022,11.6041540188716,78.68,0.357344687946374,1887.14361702128,1.34476264794108,1.66076553755916,-0.807487835733403,0.562880512977604,-3.35949204029814,-6.09989898024679,4.29329842931936,-0.0923768772397402,130.461593399565,moved INTO parachute
519242,2026,"Sale, Chris",210,116,16.3986068699495,11.272644652127,7.8366999322368,1845.50952380952,0.721895711273123,3.33250728283987,48,6.76626882622916,90.5458333333333,0.330083333333333,17.7312257358411,10.4040490971836,7.99826993337631,-1.29842502830527,0.226805529063535,7.59922545886911,86.5828571428571,0.360615762786596,1831.32467532468,1.33261886589159,0.868595554943431,-0.161570001139515,2.02032073957839,3.10570175377634,-0.832956632639958,3.9629761904762,-0.0305324294532627,14.1848484848485,never parachute
670046,2024,"Rosenberg, Kenny",132,69,14.4998886669402,9.66556501984608,9.14179035250464,1640.48484848485,0.850632821474953,-3.8490696509069,28,7.0894567742582,85.8964285714286,0.385016156462585,15.7987892925511,9.45184968686654,10.1012443438914,0.32185681162335,-3.36915404086383,10.063014208559,87.5369565217391,0.345067780972803,1544.93137254902,1.29890062561088,0.213715332979536,-0.959453991386766,0.528776009851603,-0.47991561004307,-2.97355743430085,-1.64052795031056,0.0399483754897816,95.5534759358288,moved INTO parachute
666214,2024,"Wentz, Joey",234,94,19.833231497211,9.17294202001201,7.94855446566856,2042.37606837607,-1.02436017562712,3.50300821321233,29,3.54186225265133,87.7586206896552,0.331530825496343,21.07416502097,7.44140265237826,8.50440767830337,-1.69995470289475,0.0455527074928709,-20.2652800896489,85.4681818181818,0.364230947730948,2047.75572519084,1.24093352375909,1.73153936763374,-0.555853212634809,0.675594527267634,3.45745550571946,23.8071423423002,2.29043887147336,-0.0327001222346051,-5.37965681477135,never parachute
672282,2024,"Detmers, Reid",220,116,7.81680377201685,9.13887830167365,9.13,1522.30909090909,-0.97714166887026,-0.9821474552355,51,7.69010274446558,88.2725490196078,0.370709571422729,9.05536551660636,10.1271290724097,9.18131803338171,0.00402734648069969,-3.60549722820415,21.7928248068333,92.3631578947368,0.330105263157895,1487.68867924528,1.23856174458951,-0.988250770736038,-0.0513180333817136,-0.981169015350959,2.62334977296865,-14.1027220623678,-4.09060887512901,0.0406043082648345,34.6204116638078,stayed parachute
666745,2024,"Brito, Jhony",216,120,11.0348524392482,7.51680620213463,6.54748761500354,1760.37037037037,0.966659649184069,5.23248466986861,51,7.72220665983128,83.3098039215686,0.347335069875596,12.2561783508463,8.74042029096605,6.45248586325916,1.42793593934965,2.83347499840571,-6.18752867490196,87.4416666666667,0.337721108608609,1646.43790849673,1.22132591159819,-1.22361408883142,0.0950017517443777,-0.461276290165577,2.3990096714629,13.9097353347332,-4.13186274509803,0.00961396126698732,113.932461873638,stayed parachute
656271,2025,"Burke, Brock",223,129,12.0428644725272,13.0046279254799,7.3611221190948,2115.21076233184,-1.83131302791105,-2.06287092891598,49,-1.56577853385966,86.0612244897959,0.334265499595896,13.2475273779183,13.5475527759652,6.92085856401384,-0.887571487153266,10.8912034850249,17.6404023164638,86.3590909090909,0.254272727272727,2089.60416666667,1.20466290539104,-0.54292485048528,0.440263555080955,-0.943741540757781,-12.9540744139409,-19.2061808503234,-0.297866419294991,0.0799927723231686,25.6065956651719,stayed parachute
623211,2026,"Brazobán, Huascar",312,160,9.34462720401042,5.53580252406664,5.36788397595754,2046.45512820513,1.60874209208564,1.97926708093229,52,-3.7066586346715,82.0788461538462,0.265423076923077,10.5442020114936,14.2082951796148,5.70181818181819,-0.669972760011892,-0.17706492215645,-4.11015031725127,85.8313432835821,0.36972414786753,1990.22597402597,1.19957480748316,-8.67249265554814,-0.33393420586065,2.27871485209754,2.15633200308874,0.403491682579763,-3.75249712973593,-0.104301070944453,56.2291541791542,stayed parachute
666974,2024,"Cano, Yennier",248,143,8.59112279420948,6.92507745176122,5.49671905155776,1738.30241935484,-0.893109743089283,-5.2213803440623,49,2.68369932257082,87.9142857142857,0.374089957887917,9.78523342935823,-4.37217823642027,5.53442307692307,0.403952464922838,5.34542957714902,-20.8566403340507,87.752,0.418639813258637,1828.59090909091,1.19411063514875,11.2972556881815,-0.0377040253653105,-1.29706220801212,-10.5668099212113,23.5403396566216,0.162285714285716,-0.0445498553707198,-90.2884897360702,stayed parachute
656288,2024,"Canning, Griffin",765,438,25.9024334695214,12.950804661247,4.87123962899784,1770.32810457516,0.23042885886765,2.67181394664585,176,-0.00352720970060487,87.1465909090909,0.330054682141444,27.0852561154994,14.1089333702564,4.68868421052631,-0.349927031691376,-2.0500465830264,-10.2410615914137,89.6757575757576,0.385394395678981,1852.2865497076,1.18282264597802,-1.15812870900941,0.182555418471528,0.580355890559026,4.72186052967225,10.2375343817131,-2.52916666666667,-0.0553397135375365,-81.9584451324388,never parachute
666142,2025,"Ragans, Cole",207,113,15.0392866878854,8.80017809992391,10.8622808445964,2069.961352657,0.0953523028460597,11.1567265703814,34,-2.07750984691902,84.7911764705883,0.295155189444199,16.1900436709146,8.55504643606463,10.6126545367538,0.295928668805899,4.1617631798507,0.764610271364087,81.1964912280702,0.30483022328933,2161.43648648649,1.15075698302915,0.245131663859279,0.249626307842588,-0.200576365959839,6.99496339053069,-2.84212011828311,3.59468524251807,-0.00967503384513141,-91.4751338294818,never parachute
668678,2025,"Gallen, Zac",501,242,18.471405365777,14.6383683237636,7.26069435596891,1517.50898203593,0.710302596896099,-1.25553005818631,102,8.76606464684664,84.1911764705882,0.283268599594513,19.598101805519,13.53024711209,7.05176245210729,0.55726612205596,-3.56746925267155,-0.449818016646722,88.5763888888889,0.373958215408805,1532.86894586895,1.12669643974199,1.10812121167363,0.208931903861621,0.153036474840139,2.31193919448524,9.21588266349336,-4.38521241830065,-0.0906896158142918,-15.3599638330179,never parachute
660853,2026,"De Los Santos, Enyel",192,108,6.53504329840786,7.58929321045202,9.47644809730251,1884.84895833333,2.24551646858127,6.28469025571231,39,4.7889142722696,83.9153846153846,0.301538461538462,7.66173209687765,7.13536889920054,8.53255291005291,-0.817439451995531,-0.247767909586221,5.52454800772889,80.0969696969697,0.277219326416337,1914.19642857143,1.1266887984698,0.453924311251475,0.943895187249604,3.0629559205768,6.53245816529853,-0.735633735459286,3.81841491841492,0.0243191351221242,-29.3474702380954,stayed parachute
679525,2024,"Marsh, Alec",216,113,17.4510163357774,13.0001093254758,7.81830760673064,1747.90277777778,2.09042253118671,-6.4348539523626,51,-0.724897234368124,86.7196078431373,0.39640086700058,18.5689643082786,12.1407226190989,7.14312507061348,-3.69647508427282,-1.0886207342275,3.13228160019482,87.9157894736842,0.368879382106292,1726.0119760479,1.11794797250118,0.859386706376942,0.675182536117158,5.78689761545953,-5.3462332181351,-3.85717883456294,-1.19618163054696,0.0275214848942879,21.8908017298736,never parachute
656222,2025,"Beeks, Jalen",345,165,20.0052333783121,7.23159598496192,5.55158514492753,2133.68985507246,3.52506064300067,2.02059403361655,54,17.734805300585,79.7648148148148,0.243148707773708,21.1154973652505,8.21061800339877,5.62319026948999,-0.527731550483827,4.39714628366878,1.01141338169709,81.8725,0.380835344827586,2028.68227424749,1.11026398693833,-0.979022018436856,-0.0716051245624598,4.05279219348449,-2.37655225005223,16.7233919188879,-2.10768518518519,-0.137686637053878,105.007580824972,never parachute
664285,2025,"Valdez, Framber",517,262,13.2596025644335,5.69309092813209,4.41176984788208,1707.84332688588,-0.624237020065432,1.20841883011264,88,2.09500435307077,89.8397727272727,0.318314198575449,14.3579615662351,5.82235295448124,4.22344984621659,1.22443006177831,5.12035718216084,13.0149443939433,87.1178571428572,0.296509523809524,1677.30158730159,1.09835900180163,-0.129262026349148,0.188320001665492,-1.84866708184375,-3.91193835204821,-10.9199400408725,2.72191558441558,0.021804674765925,30.5417395842928,stayed parachute
608379,2026,"Wacha, Michael",469,245,39.5581938943684,13.3032232610952,12.5051762292434,1536.38592750533,0.39381377283499,-3.68291852885402,101,2.31098195513398,84.0544554455446,0.300782178217822,40.6390962443588,13.523592809517,13.2137789848448,1.33899462377578,-5.39823113660341,-6.92517310369713,82.783660130719,0.294711883687747,1536.82127031019,1.08090234999044,-0.220369548421829,-0.708602755601394,-0.945180850940788,1.71531260774939,9.23615505883111,1.27079531482559,0.00607029453007524,-0.435342804861421,never parachute
548389,2024,"Stripling, Ross",239,141,18.1404447167282,9.02681103872014,8.94338922167705,1667.81589958159,-2.53405493642453,-6.42411610454531,68,-2.37491190211805,83.7838235294118,0.348939208259061,19.148571757829,8.02673822219082,9.68992860486892,-1.2740102389719,-0.574962084418875,-3.35934419923861,85.9823529411765,0.434425302996138,1703.25,1.00812704110081,1.00007281652932,-0.746539383191871,-1.26004469745262,-5.84915402012644,0.984432297120552,-2.19852941176471,-0.0854860947370766,-35.43410041841,never parachute
608331,2026,"Fried, Max",132,67,25.141768610884,14.4070392363737,9.30792098197162,1689.7803030303,1.583683276111,-2.83526405571625,28,-2.3401632966162,81.0571428571429,0.299107142857143,26.1450595209777,13.9283074482027,10.6691021671827,-0.107949924313526,-2.54075239946514,3.5661743825979,82.5415384615385,0.299487882417916,1658.37058823529,1.00329091009361,0.47873178817097,-1.36118118521105,1.69163320042453,-0.294511656251117,-5.9063376792141,-1.4843956043956,-0.000380739560772891,31.409714795009,never parachute
593958,2026,"Rodriguez, Eduardo",549,268,21.4584758740103,10.6943717016836,6.2007872020274,1869.18579234973,0.153394559910847,-7.28587012504203,134,3.66310997396024,84.5970149253731,0.292969465648855,22.4519754213834,9.74483317980829,6.09064761895847,-2.31327600779564,-3.08819680164334,-6.87100359781839,81.6810344827586,0.342582760729412,1933.64595103578,0.993499547373119,0.949538521875311,0.11013958306893,2.46667056770648,-4.19767332339869,10.5341135717786,2.91598044261451,-0.0496132950805571,-64.4601586860547,never parachute
500779,2025,"Quintana, Jose",482,213,27.0440925206827,12.0455380873082,4.83335123260922,1354.89004149378,-0.342704567134275,-11.4611552665395,101,-9.85232128434498,85.0693069306931,0.353363840090669,28.0161213121004,11.7102368577446,4.97651154192483,0.632119536096271,4.15411524107798,2.77568760882991,84.65,0.311860465116279,1323.12854442344,0.972028791417706,0.33530122956366,-0.143160309315606,-0.974824103230546,-15.6152705076175,-12.6280088931749,0.419306930693068,0.0415033749743896,31.7614970703355,never parachute
607536,2025,"Freeland, Kyle",147,59,16.1465443674913,9.30656632357403,5.1815734989648,1514.70068027211,-1.72762795532919,-6.79351904468186,28,-15.5191103675883,92.7464285714286,0.408432505152696,17.0988493811945,9.47958476810451,5.91924757281554,-1.31472572598004,-2.34981471650606,-10.7109852358959,91.4372093023256,0.475650814813916,1545.74757281553,0.952305013703192,-0.173018444530484,-0.737674073850736,-0.412902229349152,-4.44370432817581,-4.80812513169236,1.30921926910298,-0.0672183096612193,-31.046892543425,never parachute
666142,2026,"Ragans, Cole",105,52,14.1035307909629,9.12414945242666,10.731832934291,2093.06666666667,-3.9185368200821,-0.341019385241173,16,-8.58789364680107,82.65,0.457125,15.0392866878854,8.80017809992391,10.8622808445964,0.0953523028460597,11.1567265703814,-2.07750984691902,84.7911764705883,0.295155189444199,2069.961352657,0.935755896922513,0.323971352502753,-0.130447910305387,-4.01388912292816,-11.4977459556226,-6.51038379988205,-2.14117647058823,0.161969810555801,23.1053140096619,moved INTO parachute
666157,2026,"Lodolo, Nick",259,134,7.88262374829486,7.78071463961535,5.85380282435078,1893.75675675676,0.690993230138671,-7.40441759312086,52,-5.89389902112954,86.1711538461539,0.339725490196078,8.78578265970535,7.61045517125108,6.01918005190433,0.604727168889038,-0.883249651892491,3.10451424152632,85.796062992126,0.324406502102818,1833.86059479554,0.903158911410486,0.17025946836427,-0.165377227553553,0.0862660612496329,-6.52116794122837,-8.99841326265586,0.37509085402786,0.0153189880932607,59.8961619612176,stayed parachute
596295,2025,"Gomber, Austin",164,94,28.5216639067273,7.62732686774661,8.48154232424678,1661.25,1.79766875884878,-4.26183984659686,39,10.6150076908539,85.7230769230769,0.318498063928143,29.3987327514295,8.87541770659029,9.35152809888898,-0.199891547211813,-5.21675377776186,-1.38518943538253,87.5716666666667,0.353420761582056,1664.16542750929,0.877068844702233,-1.24809083884368,-0.869985774642201,1.99756030606059,0.954913931164993,12.0001971262365,-1.84858974358976,-0.0349226976539129,-2.91542750929375,never parachute
623167,2024,"Flexen, Chris",440,211,23.3497315221047,10.8742621726039,9.99077509196007,1319.39318181818,-1.25747029773961,2.53105263237457,72,-2.85036404437103,83.7138888888889,0.376046105299283,24.2147193893262,9.9994010981221,10.8075255255255,1.56109116833597,8.27040468334427,1.10323024326656,84.748,0.358541333333333,1298.20945945946,0.86498786722154,0.874861074481823,-0.816750433565455,-2.81856146607558,-5.7393520509697,-3.95359428763759,-1.03411111111112,0.0175047719659501,21.1837223587224,never parachute
605288,2026,"Houser, Adrian",231,130,14.8077216321009,12.4991406293268,10.2741647665312,1543.99567099567,-0.879757183989542,0.0236831281439735,44,10.2030394388354,85.2818181818182,0.351727272727273,15.6560816148223,12.2641627983181,9.40578104055613,-0.455395763009132,-0.341472186987203,-13.3014437779739,83.7563636363636,0.422461992286909,1612.62629757785,0.84835998272141,0.234977831008743,0.868383725975054,-0.424361420980411,0.365155315131176,23.5044832168093,1.52545454545455,-0.0707347195596363,-68.6306265821838,moved INTO parachute
669432,2026,"Rogers, Trevor",399,227,13.5551536391002,14.1996636899944,6.42769897034778,1580.07518796992,-1.10599547047848,-4.70587827053313,97,-0.796473251066638,91.5134020618557,0.364443298969072,14.3978495183134,14.740243190822,6.79761208919104,1.24796329340617,-0.372437881191514,11.0999982048937,89.4126315789474,0.337089807299062,1480.36363636364,0.84269587921321,-0.540579500827594,-0.369913118843257,-2.35395876388465,-4.33344038934162,-11.8964714559603,2.1007704829083,0.0273534916700099,99.7115516062886,stayed parachute
608718,2025,"Suter, Brent",251,110,24.749078789771,5.01550139494262,10.5591493897023,1687.96015936255,-1.86947120782332,-0.247452980187393,39,1.76651172131649,82.2102564102564,0.366311351665215,25.5767185666364,3.56460345756565,10.3160576057606,-0.333864661095191,-4.02535378575313,-1.3161617549746,81.0261904761905,0.331009602112863,1595.92079207921,0.827639776865418,1.45089793737697,0.243091783941765,-1.53560654672813,3.77790080556574,3.08267347629109,1.18406593406593,0.0353017495523522,92.0393672833418,never parachute
592454,2025,"Kahnle, Tommy",877,398,44.7851940482062,16.9380305600775,6.818126056698,1281.50855188141,0.67434294260952,0.12787841806182,160,-3.57246884223074,88.281875,0.355969549063777,45.5984269178025,15.281528837719,6.77421541107149,2.10150491229454,7.11683931321129,7.2740491561067,83.5666666666667,0.285254225218562,1240.90706319703,0.813232869596305,1.65650172235846,0.0439106456265037,-1.42716196968502,-6.98896089514947,-10.8465179983374,4.71520833333334,0.0707153238452147,40.601488684388,never parachute
693821,2024,"Elder, Bryce",115,53,16.4221722813311,10.3760590048647,6.3328240552621,2218.5652173913,1.39598240587353,-2.05222410519797,26,16.6795817096684,83.1769230769231,0.270461538461539,17.2289318756409,11.9871803039731,5.57509992006395,0.437415936946508,-13.6058880968319,10.1985109576333,87.5068965517241,0.274445141065831,2103.83333333333,0.806759594309842,-1.61112129910842,0.757724135198147,0.958566468927026,11.5536639916339,6.48107075203508,-4.32997347480107,-0.0039836026042922,114.731884057971,never parachute
642207,2024,"Williams, Devin",176,84,55.618251904638,20.2273929841884,10.3500897129187,2720.42045454545,0.686348787953413,10.7918372476208,15,12.2108587079445,77.68,0.322333333333333,56.4149074874766,20.0695330256776,11.4223546944858,2.79543937094443,3.44053416307614,-3.49925194796152,84.6793103448276,0.290692255062945,2725.39754098361,0.796655582838611,0.157859958510791,-1.07226498156718,-2.10909058299102,7.35130308454464,15.710110655906,-6.99931034482759,0.0316410782703885,-4.97708643815213,never parachute
668674,2024,"Erceg, Lucas",188,96,14.2030977939239,10.9815394592356,7.56506608089463,2011.64893617021,-0.670004977898066,5.54271418045598,35,-3.97112727516476,82.5428571428571,0.403842490842491,14.9675808232955,10.278691015276,7.7709455345853,0.39019788654295,6.1488138510563,-13.6448106807732,88.225,0.378166666666667,1916.65648854962,0.764483029371624,0.702848443959558,-0.205879453690669,-1.06020286444102,-0.606099670600322,9.67368340560847,-5.68214285714285,0.0256758241758242,94.9924476205942,stayed parachute
434378,2025,"Verlander, Justin",222,101,21.8099714605329,12.0076705021392,9.24249096812548,1728.88738738739,1.60962507674575,-0.215784051524854,39,-5.06113294322613,81.7794871794872,0.304820512820513,22.5662733287087,12.3052456808173,9.4677469035202,0.171061292835264,-5.93748260995235,-20.2035347054245,81.464,0.326198214285714,1779.49375,0.756301868175829,-0.297575178678146,-0.225255935394726,1.43856378391048,5.7216985584275,15.1424017621984,0.315487179487178,-0.0213777014652015,-50.6063626126127,never parachute
678394,2024,"Bello, Brayan",730,390,21.4925034668147,10.5433527719535,8.0554600366735,1810.11780821918,0.207453115732935,3.1922925619229,129,-1.60617248512685,84.4426356589147,0.355756887783945,22.2321724828127,11.0336140384851,9.48316569954868,0.47733939051643,1.60857362355434,0.0152494967706693,81.3035087719298,0.297874068441722,1748.32121212121,0.739669015997922,-0.490261266531586,-1.42770566287518,-0.269886274783496,1.58371893836856,-1.62142198189752,3.1391268869849,0.0578828193422233,61.7965960979661,never parachute
694297,2026,"Pfaadt, Brandon",149,77,17.1009529159291,11.6791694169918,6.18653523489933,2085.98657718121,-2.30102255831234,-9.03179541365798,32,7.50475996554561,86.55625,0.42128125,17.8100014075259,12.6565950731879,6.30794708573702,-0.822632392947615,-1.50715840769317,-2.47832613986459,86.3425531914894,0.369652167859105,2114.00437636761,0.709048491596754,-0.97742565619609,-0.121411850837688,-1.47839016536473,-7.52463700596481,9.9830861054102,0.213696808510647,0.0516290821408955,-28.017799186407,never parachute
664285,2024,"Valdez, Framber",441,238,14.3579615662351,5.82235295448124,4.22344984621659,1677.30158730159,1.22443006177831,5.12035718216084,84,13.0149443939433,87.1178571428572,0.296509523809524,15.0540354302044,7.32910910719285,4.88587927405132,1.06234824932623,5.62072893828339,6.70846654192523,87.5964285714286,0.339779281183932,1659.05376344086,0.69607386396928,-1.50675615271161,-0.662429427834731,0.162081812452088,-0.500371756122548,6.30647785201803,-0.478571428571428,-0.0432697573744085,18.2478238607271,moved INTO parachute
543294,2025,"Hendricks, Kyle",987,546,13.1989207017935,6.35182702371446,7.04244634797826,2077.38905775076,0.689207175704299,-1.57316710965013,235,-6.23200281804496,83.3336170212766,0.310728740000027,13.8887591073967,6.66848984796379,6.80264554733623,-0.0462563456001277,-2.58061391463853,0.678585696289995,82.3411458333333,0.3231564215619,2169.61910519952,0.689838405603117,-0.316662824249332,0.239800800642034,0.735463521304427,1.0074468049884,-6.91058851433496,0.992471187943266,-0.0124276815618734,-92.2300474487565,stayed parachute
596133,2026,"Weaver, Luke",214,132,15.0676897070847,15.8734970990909,7.31912155504465,1895.67289719626,2.00655772869214,1.54620470443605,43,-10.3597181951948,86.0046511627907,0.273302325581395,15.7181281952426,13.6584621189158,6.99596240218548,1.35722713203342,8.64911122971175,-14.6219587251238,87.0162790697675,0.314394952993567,1970.53354632588,0.650438488157931,2.21503498017503,0.323159152859162,0.649330596658724,-7.1029065252757,4.26224052992902,-1.01162790697674,-0.0410926274121721,-74.8606491296171,never parachute
694363,2025,"Shuster, Jared",102,54,9.82750838883685,13.5338401407957,8.31524455936221,1798.22549019608,0.384648388526434,0.145720107807036,20,-0.528283500531708,84.4,0.276578571428571,10.4242383821265,7.14448785755636,8.43695023954288,-0.530299527375972,-5.09681450594875,-6.14772523523327,84.2515625,0.324134835211958,1664.84960422164,0.596729993289683,6.38935228323935,-0.121705680180671,0.914947915902405,5.24253461375579,5.61944173470156,0.1484375,-0.0475562637833864,133.375885974443,stayed parachute
676395,2024,"Garcia, Robert",294,156,15.3301010051348,12.8236528829424,6.71478671628972,1679.98299319728,2.38135317526245,4.7470160364732,52,9.25972997177863,81.5576923076923,0.260961538461538,15.8682289940427,14.3676773676004,6.20691070531077,0.627109061949402,-2.37731250793683,-3.73942180091669,80.5315789473684,0.404684210526316,1702.97163120567,0.538127988907956,-1.54402448465791,0.507876010978946,1.75424411331305,7.12432854441003,12.9991517726953,1.02611336032389,-0.143722672064777,-22.9886380083949,never parachute
640455,2024,"Manaea, Sean",337,176,6.95873053045803,7.29749502364072,6.94198525273714,1502.3056379822,0.512642647164093,1.20974172865919,80,5.51414019183389,86.72875,0.317768874128308,7.49501818030905,4.8047842567552,6.0140736205709,3.1279348231729,-11.8588123981334,9.78622038924823,82.5433333333333,0.240966666666667,1585.85616438356,0.536287649851018,2.49271076688553,0.927911632166238,-2.61529217600881,13.0685541267926,-4.27208019741434,4.18541666666667,0.0768022074616409,-83.5505264013659,stayed parachute
642207,2025,"Williams, Devin",583,319,55.096928436771,20.7515283442556,10.4030031743767,2741.80274442539,-0.195471080579738,-2.27692693590566,87,-5.69615397817333,86.2390804597701,0.37240732248969,55.618251904638,20.2273929841884,10.3500897129187,0.686348787953413,10.7918372476208,12.2108587079445,77.68,0.322333333333333,2720.42045454545,0.521323467866957,0.524135360067156,0.0529134614580471,-0.881819868533152,-13.0687641835264,-17.9070126861178,8.55908045977013,0.0500739891563564,21.3822898799313,never parachute
542881,2024,"Anderson, Tyler",1082,556,20.9594607041597,9.76975485685871,10.5155408854854,1885.53696857671,0.919919031910943,-1.82970701781932,199,2.87644685982417,82.9165829145729,0.312453771585991,21.4768145655621,9.55517376811651,10.2328141613686,0.977921609046043,6.87794297192146,0.833514110271777,81.656862745098,0.353406529397153,1840.50432276657,0.517353861402437,0.214581088742202,0.282726724116824,-0.0580025771351,-8.70764998974078,2.04293274955239,1.25972016947483,-0.0409527578111616,45.0326458101392,never parachute
676130,2025,"Buttó, José",166,76,26.5466853507877,13.4221624172436,6.86223880597014,1899.67469879518,2.08151650056282,-3.9975654483514,22,7.65506313112898,84.7545454545455,0.293117424242424,27.0339762016281,13.683280875089,7.12829282407408,0.975697699115659,9.26439618340561,-7.2684776395284,90.5341463414634,0.39842367792415,1836.74444444444,0.487290850840374,-0.26111845784548,-0.266054018103936,1.10581880144716,-13.261961631757,14.9235407706574,-5.77960088691796,-0.105306253681726,62.9302543507363,never parachute
547179,2024,"Lorenzen, Michael",394,204,16.3772555071846,8.70348609802788,9.22423565877543,2020.15989847716,2.15463203607115,3.96979379494856,70,7.5622406940038,81.19,0.239923635887922,16.8590757179205,9.63781985485043,10.3812435621313,0.700066313765224,-4.30111241731613,5.24419562626936,82.8714285714286,0.274857216004682,2052.8093220339,0.481820210735929,-0.934333756822545,-1.15700790335586,1.45456572230593,8.27090621226468,2.31804506773444,-1.68142857142857,-0.0349335801167599,-32.6494235567409,never parachute
641927,2026,"Ober, Bailey",479,238,34.8588041982177,10.2075774507364,5.41678157013157,2055.83924843424,-0.442975030330879,1.95163394300597,102,1.30320943784157,86.4833333333333,0.372725490196078,35.3312884750657,11.5274417362188,6.95891843971632,0.253910198413452,-1.67413456412107,-7.44614067766197,85.1251851851852,0.31104651184339,2028.77794117647,0.472484276847993,-1.31986428548242,-1.54213686958474,-0.696885228744331,3.62576850712704,8.74935011550354,1.35814814814815,0.0616789783526884,27.0613072577673,never parachute
664285,2026,"Valdez, Framber",346,181,12.8688517057568,3.98428250176782,4.80935839523293,1648.28323699422,1.24201310364581,-2.52072955779046,75,-7.6903658748039,89.6746666666667,0.378053333333333,13.2596025644335,5.69309092813209,4.41176984788208,-0.624237020065432,1.20841883011264,2.09500435307077,89.8397727272727,0.318314198575449,1707.84332688588,0.390750858676707,-1.70880842636428,0.397588547350849,1.86625012371124,-3.72914838790309,-9.78537022787467,-0.165106060606064,0.0597391347578845,-59.5600898916605,stayed parachute
701542,2026,"Warren, Will",181,80,22.9761305414413,15.3936270145712,6.70094628837287,1696.21546961326,0.459487855350766,-6.6715268854075,36,-4.21345247980261,83.7416666666667,0.367305555555556,23.3626390027279,15.5218082705068,6.26656106125635,-1.7392903283134,2.53496821861739,-3.08523267262429,87.0921568627451,0.367109360192972,1722.6,0.386508461286599,-0.128181255935642,0.434385227116518,2.19877818366417,-9.20649510402489,-1.12821980717833,-3.35049019607843,0.000196195362583196,-26.3845303867402,never parachute
663687,2025,"Harris, Hogan",148,64,29.4244291998442,7.49940837486432,11.4696728418559,2111.70945945946,3.11835009494102,-7.69501314165267,22,-5.88852623671199,85.9181818181818,0.119363636363636,29.8002358676507,10.3439196258958,11.7752901325479,0.830226765191868,-8.78757294836786,1.98200657943984,80.1243243243243,0.239111111111111,2064.825,0.375806667806501,-2.84451125103153,-0.305617290691917,2.28812332974915,1.09255980671518,-7.87053281615183,5.7938574938575,-0.119747474747475,46.8844594594598,never parachute
656849,2025,"Peterson, David",410,212,21.670535269296,9.82521970870889,7.70812118270436,1565.9,0.510532068749244,-4.60221103810172,81,11.1303327437407,88.2024691358025,0.312549193554614,22.0350864569339,10.7779973850682,8.45770845910427,0.750759344295831,-6.92633567601529,-6.30176063487015,88.5873015873016,0.308536370573871,1636.64169381107,0.364551187637915,-0.95277767635932,-0.749587276399917,-0.240227275546588,2.32412463791357,17.4320933786109,-0.384832451499108,0.00401282298074307,-70.7416938110748,never parachute
668941,2025,"Romero, JoJo",223,100,20.3938750316063,13.0098294370479,6.98602264954018,1387.20627802691,0.517063930437708,0.736092789889556,36,5.52292377099339,86.9583333333333,0.289716111111111,20.729463468462,11.5774131978438,9.16945474907259,-2.50381612594539,2.25283598449493,-12.5040863571178,86.2277777777778,0.49945213706928,1575.4076433121,0.335588436855645,1.43241623920418,-2.18343209953241,3.0208800563831,-1.51674319460538,18.0270101281112,0.730555555555554,-0.209736025958169,-188.201365285196,never parachute
518876,2024,"Kelly, Merrill",239,124,17.2929927576582,13.6969177096924,3.48705981647422,2174.61506276151,3.88577608308782,1.12947472946966,51,6.72458239016128,83.6294117647059,0.230806938159879,17.6250697016371,14.2787717307786,3.50072580780811,0.300503779924245,-2.36098957348364,1.38262619368848,85.9433962264151,0.365414669811321,2126.26174496644,0.332076943978894,-0.58185402108615,-0.0136659913338866,3.58527230316358,3.4904643029533,5.3419561964728,-2.31398446170921,-0.134607731651441,48.3533177950631,never parachute
701656,2026,"Henderson, Logan",218,120,37.7017535752668,12.7681094193288,10.6140917431193,2549.9495412844,0.606891117066382,10.1098577220953,34,-11.945886511091,85.4382352941177,0.341117647058824,38.0077088761234,13.7495124202184,11.0875,1.57851344647671,0.343761058444163,-3.92859611189714,84.9047619047619,0.342150183150183,2503.91463414634,0.305955300856674,-0.98140300088953,-0.473408256880743,-0.971622329410329,9.76609666365113,-8.0172903991939,0.533473389355748,-0.00103253609135961,46.034907138062,never parachute
702070,2026,"Cameron, Noah",402,195,20.4922096535606,9.93232663902046,11.5207069103227,1643.47512437811,0.0211781778764617,-1.25382022069848,69,1.60590145244682,82.2086956521739,0.320805970149254,20.7883389221024,8.4103574584129,11.0524670866334,-0.281877905734436,3.0588081247635,1.63568200661869,85.131884057971,0.391254751684242,1517.77114427861,0.296129268541812,1.52196918060756,0.468239823689286,0.303056083610898,-4.31262834546198,-0.0297805541718679,-2.92318840579711,-0.0704487815349887,125.703980099503,never parachute
669211,2025,"Akin, Keegan",211,118,21.8655336655971,10.2268318388123,7.13542894050082,2067.02843601896,2.12811158880995,0.321239448341451,51,1.63578399009251,83.1352941176471,0.21394940925088,22.1452638773187,11.3763520152889,8.29658112316118,-0.754664259775942,-2.38946820960928,12.7843685369284,84.375,0.2665375,2039.03731343284,0.279730211721617,-1.14952017647658,-1.16115218266035,2.88277584858589,2.71070765795073,-11.1485845468358,-1.23970588235294,-0.0525880907491201,27.9911225861217,never parachute
570632,2025,"Ureña, José",230,117,6.19168435748473,5.03956355055928,7.53833487511563,1858.31304347826,0.456374060336,-6.51974017523331,43,-4.92144764991154,84.2209302325582,0.400982166947902,6.36201263613518,6.0967162269379,7.69877016129032,0.582276622224639,-3.07176850996427,-3.0404443428625,82.5610169491526,0.338664726953202,1801.375,0.170328278650457,-1.05715267637862,-0.160435286174691,-0.125902561888639,-3.44797166526904,-1.88100330704904,1.6599132834056,0.0623174399946996,56.9380434782609,stayed parachute
676879,2025,"Ashby, Aaron",122,67,11.672195747369,4.82599513712812,6.100405196412,1902.45901639344,-0.0122369754996396,2.0289727080985,26,2.35211023748511,89.1576923076923,0.347476720647773,11.8305970724045,5.83744575237234,7.36372053872053,-0.266756867563716,-0.0934484009482088,3.76897631647785,86.4526315789474,0.354699074074074,1775.49494949495,0.158401325035536,-1.01145061524421,-1.26331534230854,0.254519892064076,2.12242110904671,-1.41686607899275,2.70506072874495,-0.00722235342630062,126.964066898493,stayed parachute
650911,2025,"Sánchez, Cristopher",1083,596,14.1489563795738,6.0934112654494,9.11001399263115,2043.18190212373,0.780537540173622,5.79606747345521,173,-1.87100923580629,84.4075144508671,0.317790212871534,14.2797077015269,7.90410550101065,9.36879771627848,1.11662581842013,-2.96233939573212,5.5042550386248,82.9732984293194,0.264967810706634,2017.60521042084,0.13075132195311,-1.81069423556125,-0.258783723647321,-0.336088278246507,8.75840686918733,-7.37526427443109,1.43421602154768,0.0528224021649004,25.5766917028886,stayed parachute
607259,2026,"Martinez, Nick",450,227,43.0290617119762,15.2727584252083,14.4602875816993,1848.97333333333,1.29962381903272,-3.793537250576,95,-9.52938466780594,80.9431578947369,0.278127659574468,43.1481884495415,14.9577075718287,14.1035511982571,-0.785168748883295,0.656222249437393,-4.9854582785492,84.0726315789474,0.290161142484213,2010.39803921569,0.119126737565324,0.315050853379578,0.356736383442268,2.08479256791601,-4.44975950001339,-4.54392638925673,-3.12947368421052,-0.0120334829097445,-161.424705882353,never parachute
596133,2024,"Weaver, Luke",381,198,17.073247668972,15.8979041290239,7.06148649716978,1870.37532808399,0.580742787183751,7.560751443448,55,-0.819092328743492,83.8672727272727,0.337658548842462,17.1682925274584,9.76126224349593,7.70363116863458,-3.30250018475019,5.80105613332896,-7.56759647135426,86.056,0.518037538461539,1774.52777777778,0.0950448584864709,6.13664188552794,-0.642144671464799,3.88324297193395,1.75969531011904,6.74850414261077,-2.18872727272728,-0.180378989619077,95.8475503062116,never parachute
677960,2026,"Weathers, Ryan",473,246,19.5942871655512,16.440628742157,10.1044397463002,1932.82029598309,-0.0954570806131722,-1.32250220567139,87,7.33609454686845,85.7436781609196,0.328802325581395,19.6487517865959,15.9554561359543,9.61420084813921,-1.41269998792212,5.53842647071116,-12.7177016450163,89.3321428571429,0.405295352383892,1861.77659574468,0.0544646210447048,0.485172606202719,0.490238898161012,1.31724290730895,-6.86092867638255,20.0537961918847,-3.58846469622331,-0.076493026802497,71.0437002384058,never parachute
608344,2024,"Irvin, Cole",227,133,15.078501736571,8.9569592136346,6.84443465491924,1561.66960352423,-1.63739244035084,-1.2444590543845,67,-2.0230182629038,88.3164179104478,0.447743804715925,15.081578174501,9.93789301856205,7.90165039370079,-2.82338511809336,-18.4853392407969,-5.59484516785283,89.4193548387097,0.419158134642356,1575.72440944882,0.00307643792993595,-0.980933804927449,-1.05721573878155,1.18599267774251,17.2408801864124,3.57182690494903,-1.10293692826193,0.0285856700735687,-14.0548059245898,never parachute
656849,2024,"Peterson, David",307,144,22.0350864569339,10.7779973850682,8.45770845910427,1636.64169381107,0.750759344295831,-6.92633567601529,63,-6.30176063487015,88.5873015873016,0.308536370573871,22.0356961857241,10.0793397572427,7.56828282828283,-2.92528392281266,-1.16274700933759,-7.764090857419,87.6870967741936,0.483890621529009,1651.30681818182,0.000609728790152531,0.698657627825506,0.88942563082144,3.67604326710849,-5.7635886666777,1.46233022254885,0.900204813108033,-0.175354250955138,-14.6651243707433,never parachute
669276,2025,"Lee, Dylan",146,77,16.4876101617984,9.01040097682248,7.37108951895507,1726.36301369863,1.39988891052425,-4.29387989022819,33,5.07457830021381,81.7272727272727,0.31275784030784,16.4821661338962,9.50046038770871,6.71917659804984,-0.727591775872575,12.0749677019959,-12.0358078206758,85.1962962962963,0.366535066981876,1633.95192307692,-0.00544402790218257,-0.490059410886234,0.651912920905236,2.12748068639683,-16.3688475922241,17.1103861208896,-3.46902356902356,-0.0537772266740351,92.411090621707,never parachute
668674,2025,"Erceg, Lucas",161,77,14.2130038711639,9.67056986825872,7.53525543209611,1932.49689440994,-0.725338449095137,-7.40609492913935,33,13.3505281543167,86.0848484848485,0.34856349862259,14.2030977939239,10.9815394592356,7.56506608089463,-0.670004977898066,5.54271418045598,-3.97112727516476,82.5428571428571,0.403842490842491,2011.64893617021,-0.00990607724001968,-1.31096959097688,-0.0298106487985166,-0.055333471197071,-12.9488091095953,17.3216554294815,3.54199134199133,-0.0552789922199013,-79.1520417602749,stayed parachute
607536,2026,"Freeland, Kyle",231,123,16.1633114623055,9.46987711860448,5.07893531589183,1640.90476190476,-1.91581562153791,-0.457541034704001,62,-1.31079627318578,93.1548387096774,0.420838709677419,16.1465443674913,9.30656632357403,5.1815734989648,-1.72762795532919,-6.79351904468186,-15.5191103675883,92.7464285714286,0.408432505152696,1514.70068027211,-0.0167670948141634,0.163310795030451,-0.102638183072966,-0.188187666208721,6.33597800997786,14.2083140944025,0.408410138248854,0.012406204524723,126.204081632653,never parachute
650633,2024,"King, Michael",706,428,28.0593341963534,11.3613391505896,6.96582152974504,2044.6657223796,0.721296724301523,5.37489493194898,150,-3.05774045969516,81.5126666666667,0.310653891155141,27.9812755466687,10.3493373613486,7.83523424753322,2.73564784803851,13.0683971897002,2.50265704415711,82.24,0.3186,2111.54098360656,-0.0780586496847064,1.01200178924099,-0.869412717788186,-2.01435112373699,-7.69350225775119,-5.56039750385227,-0.727333333333334,-0.00794610884485886,-66.8752612269539,never parachute
669276,2026,"Lee, Dylan",127,54,16.5697185745015,10.003027167781,7.97427227705135,1662.32283464567,-0.437004685340035,14.8875584188684,20,3.07001059526354,81.755,0.30295,16.4876101617984,9.01040097682248,7.37108951895507,1.39988891052425,-4.29387989022819,5.07457830021381,81.7272727272727,0.31275784030784,1726.36301369863,-0.0821084127030858,0.992626190958505,0.603182758096272,-1.83689359586429,19.1814383090966,-2.00456770495027,0.0277272727272617,-0.00980784030784043,-64.0401790529609,never parachute
680570,2024,"Rodriguez, Grayson",395,224,36.8833416511589,16.223229821034,12.9980515370705,1739.82278481013,1.52549543661249,2.96657732597907,80,-0.870386791646413,86.60375,0.329437452919435,36.7896093182621,16.9855400629825,13.4255781198821,1.56882072409031,-5.78148892254958,16.4000534924665,86.5986111111111,0.264264781746032,1875.19366197183,-0.0937323328967565,-0.762310241948502,-0.427526582811558,-0.043325287477826,8.74806624852865,-17.2704402841129,0.00513888888889369,0.065172671173403,-135.370877161704,never parachute
592094,2026,"Adam, Jason",177,88,21.3239904277382,14.9654626148477,5.28501479687921,2055.42372881356,-0.801912314500638,2.31795983995112,35,-2.73556558671491,87.9257142857143,0.242571428571429,21.2225550699867,16.7423047551309,6.42893008108319,0.649561090200973,5.48949370927719,3.93762960898583,89.7409836065574,0.270065292536745,2039.50688705234,-0.101435357751534,-1.77684214028315,-1.14391528420398,-1.45147340470161,-3.17153386932607,-6.67319519570074,-1.81526932084309,-0.0274938639653166,15.9168417612175,never parachute
592791,2026,"Taillon, Jameson",211,112,24.2631775372323,12.6728988543361,7.32981242907683,1831.64928909953,-1.86020293449408,-0.669703280392765,47,-14.9403021268374,85.2808510638298,0.379723404255319,24.1553770144673,12.1029375058712,8.22471261259638,1.86376257332153,8.36755010917058,4.99822781864021,83.2733333333333,0.253207791495199,1752.65610859729,-0.107800522764997,0.569961348464874,-0.894900183519551,-3.72396550781562,-9.03725338956334,-19.9385299454776,2.00751773049645,0.12651561276012,78.9931805022409,never parachute
628452,2024,"Iglesias, Raisel",285,181,21.8535107270653,12.3838376529779,6.02136591478697,2044.31228070175,2.33857863099329,0.950646491414424,67,7.23656026693048,80.734328358209,0.297353363817066,21.7396215788757,11.7249493912058,5.90178284679047,-0.114352810024488,1.70037059573883,-5.49247675894121,85.2363636363636,0.273894232649071,1934.33128834356,-0.113889148189607,0.658888261772153,0.119583067996505,2.45293144101777,-0.74972410432441,12.7290370258717,-4.50203527815468,0.023459131167995,109.980992358196,never parachute
656288,2026,"Canning, Griffin",265,141,29.5998624672637,15.8251563766079,4.34896922882108,1511.58490566038,-2.4395518753717,-3.37691625502518,60,5.22188002214941,92.6833333333333,0.319783333333333,29.4821797256093,15.3337714158855,4.59732769884043,1.5560415669951,-1.89624225025626,2.05302746149758,91.2108108108108,0.321270914034428,1485.99038461538,-0.11768274165447,0.491384960722437,-0.248358470019356,-3.9955934423668,-1.48067400476892,3.16885256065183,1.47252252252252,-0.00148758070109423,25.5945210449929,never parachute
663776,2024,"Sandoval, Patrick",409,213,36.4757867432907,9.08312529107512,10.7751940044648,1698.99511002445,0.242354279196993,-0.083870994935835,71,-2.51842463281645,81.9042253521127,0.331780377178324,36.327124525867,10.3631302454719,10.9649343909852,-1.05669820627781,11.9566419448172,-2.96108643023776,87.0581395348837,0.387713186968991,1798.23404255319,-0.148662217423698,-1.28000495439681,-0.189740386520475,1.29905248547481,-12.0405129397531,0.44266179742131,-5.15391418277105,-0.055932809790667,-99.2389325287418,never parachute
676974,2026,"Meyer, Max",183,80,12.3658960600782,14.4854665571206,7.93060109289617,1591.86885245902,0.622924299403389,5.37810454245551,24,-1.25067862958251,91.0333333333333,0.390916666666667,12.1473132783559,14.9261508842463,5.71887445887446,-0.479780711726498,-3.47807707425107,-2.97968355718315,87.2225806451613,0.3238964709126,1783.53333333333,-0.218582781722288,-0.440684327125673,2.21172663402171,1.10270501112989,8.85618161670658,1.72900492760064,3.81075268817204,0.0670201957540667,-191.664480874317,stayed parachute
622491,2025,"Castillo, Luis",328,150,21.4343578277987,13.7407684148121,7.81977959719945,1970.19512195122,-0.608531911959499,-6.07492087606633,56,2.19156289827519,84.8589285714286,0.384256394189792,21.208086772124,13.4860798721252,7.50565444015444,-1.6683067470961,-3.39719892905337,3.64784943346439,88.619512195122,0.414314091908548,1893.5575,-0.226271055674687,0.254688542686981,0.314125157045012,1.0597748351366,-2.67772194701296,-1.4562865351892,-3.76058362369338,-0.0300576977187556,76.6376219512197,never parachute
605135,2024,"Bassitt, Chris",151,55,20.3878911951274,7.11021026256963,8.16992868059093,1929.72185430464,-2.30967314469913,-9.77427341727081,25,-8.96046884618838,88.976,0.342802447163515,20.1551209037821,6.00206860093439,8.09787087912089,0.312221683890902,-9.50747109299492,-7.98809168463193,85.021052631579,0.271976842105263,1928.66346153846,-0.232770291345261,1.10814166163524,0.0720578014700468,-2.62189482859004,-0.266802324275892,-0.972377161556445,3.95494736842105,0.0708256050582519,1.05839276617439,never parachute
681857,2025,"Olson, Reese",283,145,22.5294744240687,15.7104649192486,6.52545111896349,1959.81978798587,0.635295648232406,1.80200526937889,34,-4.76939258470287,85.3558823529412,0.357792184536745,22.2848004967078,14.8271334048548,7.65294117647059,0.38995729798868,3.79953813502391,-5.28815881267038,91.448275862069,0.36103933422899,1977.64648910412,-0.244673927360822,0.883331514393754,-1.1274900575071,0.245338350243726,-1.99753286564502,0.518766227967511,-6.09239350912779,-0.00324714969224404,-17.8267011182504,never parachute
592866,2024,"Williams, Trevor",179,80,28.060861920633,9.05288656068664,6.11569059322899,1636.56424581006,-0.429301702308556,-6.52301727178696,34,3.46169577417596,87.6176470588236,0.372929042108647,27.7492051521041,8.03036025034886,5.63689732142858,-0.90240858089868,-4.64403542515326,-8.59145640668398,84.7172413793103,0.33822005558861,1621.19047619048,-0.31165676852897,1.02252631033778,0.478793271800417,0.473106878590123,-1.8789818466337,12.0531521808599,2.9004056795132,0.0347089865200369,15.3737696195797,never parachute
666974,2025,"Cano, Yennier",123,66,8.90636376834098,5.05925480763202,3.06901215914813,1849.80487804878,-4.85911410108601,-0.306341165990404,26,-17.95022598121,85.9192307692308,0.441939976689977,8.59112279420948,6.92507745176122,5.49671905155776,-0.893109743089283,-5.2213803440623,2.68369932257082,87.9142857142857,0.374089957887917,1738.30241935484,-0.315240974131497,-1.8658226441292,-2.42770689240963,-3.96600435799673,4.9150391780719,-20.6339253037809,-1.99505494505495,0.0678500188020596,111.502458693942,stayed parachute
593974,2025,"Peralta, Wandy",393,222,7.78963363829902,5.60806870764515,6.45026427736352,2172.99491094148,0.02037593200475,0.34677721632207,79,10.7100264585236,82.8417721518987,0.342257602272346,7.47205611194346,5.93364735367264,6.47130455407969,0.529697394815725,-11.537875729469,6.30724136101686,83.6653846153846,0.290326150452112,2158.34901960784,-0.317577526355565,-0.325578646027484,-0.0210402767161701,-0.509321462810975,11.884652945791,4.40278509750674,-0.823612463485873,0.0519314518202337,14.6458913336323,stayed parachute
571927,2025,"Matz, Steven",211,114,28.8850784008341,12.476940139935,10.6561768885591,2422.83886255924,-1.8809563202196,-10.9927259065882,53,4.81240328773272,84.1132075471698,0.322086265122225,28.5652525783104,12.0382800056314,10.5729553264605,-2.66594115906237,-5.21215858380752,-9.42833901653421,87.6148936170213,0.423261698051683,2319.44845360825,-0.31982582252369,0.438660134303614,0.0832215620986094,0.784984838842775,-5.78056732278065,14.2407423042669,-3.50168606985147,-0.101175432929458,103.390408950994,never parachute
694297,2025,"Pfaadt, Brandon",457,239,17.8100014075259,12.6565950731879,6.30794708573702,2114.00437636761,-0.822632392947615,-1.50715840769317,94,-2.47832613986459,86.3425531914894,0.369652167859105,17.4755782803847,12.4016824171536,6.34202888172813,0.256158882693905,-0.779077740756774,-1.16976910491071,88.1435483870968,0.285514726507714,2073.6,-0.334423127141211,0.254912656034309,-0.0340817959911162,-1.07879127564152,-0.728080666936394,-1.30855703495388,-1.80099519560741,0.0841374413513907,40.404376367615,never parachute
594798,2026,"deGrom, Jacob",236,110,16.2987161575497,16.6851418476378,7.4822246602333,1603.55084745763,1.50150788658363,6.34199083537173,31,-15.5327266744495,90.3677419354839,0.35441935483871,15.9631026101786,16.8749633374387,7.66534060329402,-0.168173597734706,1.83185262885632,8.13162443844632,89.8222222222222,0.426054949973898,1665.96949152542,-0.335613547371054,-0.189821489800952,-0.183115943060721,1.66968148431834,4.51013820651541,-23.6643511128959,0.545519713261655,-0.0716355951351888,-62.4186440677968,never parachute
607200,2025,"Fedde, Erick",281,114,23.9909856348707,7.60269693082708,5.59883122279026,1807.55516014235,-0.556964390508738,-11.3802414138846,62,-1.62152160718742,88.8548387096774,0.326743913678768,23.6124214171331,6.34541229904766,5.31065724124389,0.608925614529361,-7.32013108881834,0.89379150163758,88.6791208791209,0.31969828677701,1730.04852320675,-0.378564217737665,1.25728463177942,0.288173981546369,-1.1658900050381,-4.06011032506628,-2.515313108825,0.17571783055655,0.00704562690175836,77.5066369355977,never parachute
668678,2026,"Gallen, Zac",288,132,18.8637768935076,13.6880973395958,6.78313475665749,1542.02777777778,1.12759308164636,-5.47889453366672,56,-1.87239139603038,87.8035714285714,0.306285714285714,18.471405365777,14.6383683237636,7.26069435596891,0.710302596896099,-1.25553005818631,8.76606464684664,84.1911764705882,0.283268599594513,1517.50898203593,-0.392371527730603,-0.950270984167844,-0.477559599311419,0.417290484750261,-4.22336447548041,-10.638456042877,3.6123949579832,0.0230171146912011,24.5187957418498,never parachute
666200,2024,"Luzardo, Jesús",252,142,14.6954816477492,8.9427929386008,8.82186035035776,1928.69444444444,1.11705645320246,-0.840688768255119,45,5.91353164024872,82.3488888888889,0.367684599491418,14.2906798906268,9.49959836857531,8.39093341441168,-1.16599648658998,-0.165465392327296,-4.66612617797446,84.6090909090909,0.358509503517316,1950.51538461538,-0.404801757122382,-0.556805429974515,0.430926935946086,2.28305293979245,-0.675223375927822,10.5796578182232,-2.26020202020202,0.00917509597410154,-21.8209401709403,stayed parachute
593974,2026,"Peralta, Wandy",299,168,8.25107689901775,12.4726689205983,6.9065276411568,2191.61538461539,-0.380736546936505,-7.92106183465063,65,-6.49094078610539,87.66,0.395415384615385,7.78963363829902,5.60806870764515,6.45026427736352,0.02037593200475,0.34677721632207,10.7100264585236,82.8417721518987,0.342257602272346,2172.99491094148,-0.461443260718721,6.8646002129531,0.456263363793282,-0.401112478941255,-8.2678390509727,-17.200967244629,4.81822784810126,0.053157782343039,18.6204736739091,stayed parachute
669203,2024,"Burnes, Corbin",330,145,18.6419662160195,5.62245111419296,7.7497628458498,2037.19696969697,0.550478110730518,3.55925578212715,46,9.83532499057822,82.8086956521739,0.311869452286844,18.1661069869698,2.99961648663452,5.81040345313601,1.11982775754362,1.54973117513021,-1.78374631607823,84.0230769230769,0.351430173992674,2063.33333333333,-0.475859229049643,2.62283462755845,1.93935939271379,-0.569349646813103,2.00952460699694,11.6190713066565,-1.21438127090302,-0.0395607217058306,-26.1363636363637,never parachute
687473,2026,"Gusto, Ryan",110,55,39.4337764940456,15.8442112327486,6.91592769803297,1319.55454545455,2.51704741702676,-0.442075003433576,18,-8.1085767173434,86.4388888888889,0.330944444444444,38.9547524067219,11.586293432496,6.77709533098025,-3.06917990576621,-5.33788946079381,-1.35096083104212,82.2441176470588,0.304613174800969,1801.375,-0.479024087323722,4.25791780025262,0.138832367052718,5.58622732279297,4.89581445736024,-6.75761588630128,4.19477124183005,0.0263312696434757,-481.820454545455,never parachute
683409,2025,"Chivilli, Angel",374,195,12.460618217405,4.20635351247342,8.38844338278052,1848.38502673797,-0.0601737667193698,5.74776851307247,58,8.27547576022141,86.2913793103448,0.334386381824021,11.9380401317707,7.12835964258955,8.33067824422261,0.876826705861108,18.4887616897031,8.18693116794439,84.95,0.383161291068837,1792.54854368932,-0.522578085634271,-2.92200613011613,0.0577651385579046,-0.937000472580477,-12.7409931766306,0.0885445922770174,1.34137931034482,-0.0487749092448159,55.8364830486476,stayed parachute
666200,2025,"Luzardo, Jesús",520,290,15.2294514084594,9.07963479759015,8.63204936281284,1930.25961538462,0.410596362987864,1.26334461857599,110,-0.354022742103829,84.5381818181818,0.324878530727646,14.6954816477492,8.9427929386008,8.82186035035776,1.11705645320246,-0.840688768255119,5.91353164024872,82.3488888888889,0.367684599491418,1928.69444444444,-0.533969760710203,0.136841858989346,-0.189810987544925,-0.7064600902146,2.1040333868311,-6.26755438235255,2.18929292929292,-0.042806068763772,1.56517094017113,moved OUT of parachute
571760,2025,"Heaney, Andrew",361,181,14.2343138971426,8.2715660746019,8.1015361924004,2107.18282548477,0.626998460518815,-3.59969675010375,92,7.30119581394248,86.8630434782609,0.337626122562936,13.6904712726064,9.06243115680512,7.87459374796058,0.683146182461105,-0.499625615729106,0.924725277243228,86.8383333333333,0.351871303566034,2105.42424242424,-0.543842624536199,-0.79086508220322,0.226942444439823,-0.0561477219422901,-3.10007113437464,6.37647053669925,0.0247101449275249,-0.0142451810030976,1.75858306052214,stayed parachute
643377,2025,"Jax, Griffin",244,142,20.7384055322812,16.0808431784616,4.70409413554166,1786.60245901639,1.23251215513538,6.9960585179713,37,-7.36281660657622,86.2567567567568,0.315057915057915,20.192893205464,15.9240873474988,4.75868131868131,0.551065540887601,10.7941113310721,3.10863280078215,85.8588235294118,0.308836670338452,1884.29714285714,-0.545512326817242,0.156755830962759,-0.0545871831396525,0.68144661424778,-3.79805281310078,-10.4714494073584,0.397933227344993,0.00622124471946262,-97.6946838407496,never parachute
593958,2025,"Rodriguez, Eduardo",531,269,22.4519754213834,9.74483317980829,6.09064761895847,1933.64595103578,-2.31327600779564,-3.08819680164334,116,-6.87100359781839,81.6810344827586,0.342582760729412,21.9020286734086,8.98879991485196,5.30318532416094,-1.04769720171775,-4.41538674259471,-4.21057552941182,84.1333333333333,0.307961194475551,1952.5641025641,-0.549946747974779,0.756033264956328,0.787462294797529,-1.26557880607789,1.32718994095136,-2.66042806840657,-2.45229885057471,0.0346215662538615,-18.918151528321,never parachute
669373,2024,"Skubal, Tarik",760,458,19.3964110369356,13.1798524554344,10.5287219643157,1689.37894736842,0.301949634934763,5.70818800125122,144,-3.34957454995683,86.1881944444445,0.34090511610524,18.8280687427024,13.7320850747427,11.506087383407,2.40131662739599,10.3478389722879,10.3871272051002,84.8275,0.329459375,1573.30402930403,-0.568342294233158,-0.552232619308285,-0.977365419091292,-2.09936699246123,-4.63965097103664,-13.7367017550571,1.36069444444445,0.0114457411052402,116.074918064392,never parachute
605483,2024,"Snell, Blake",311,166,24.3063079229987,11.8517349644672,10.3936161296513,1815.95498392283,-0.975454809653933,0.645396685348118,51,9.36297875300519,83.3549019607843,0.358549738960033,23.7277597719375,11.1029286948582,9.57956989247312,0.288082548145568,1.66811446395625,1.71638942550032,80.4490566037736,0.274564935064935,1756.02150537634,-0.578548151061188,0.748806269609064,0.814046237178197,-1.2635373577995,-1.02271777860813,7.64658932750488,2.90584535701073,0.0839848038950981,59.9334785464855,never parachute
669373,2026,"Skubal, Tarik",359,218,21.2094579980571,15.1176158580547,9.43920333196632,1823.4651810585,0.439036911166668,7.66638275840071,60,2.04930271707012,81.835,0.366483333333333,20.6284854064374,13.5482532942806,9.51152243000034,1.49584238683255,2.87766430415842,-5.72760379384616,82.753642384106,0.312519567840835,1837.36089385475,-0.580972591619748,1.56936256377415,-0.0723190980340132,-1.05680547566588,4.78871845424229,7.77690651091628,-0.918642384105965,0.0539637654924983,-13.8957127962528,never parachute
606160,2024,"Montero, Rafael",159,74,12.2388409304068,11.2639555644828,4.39217691215257,2090.32075471698,-1.63427045583239,-11.5663007032969,41,5.70546812468226,88.6317073170732,0.412035610435313,11.6573489370048,10.6499230118026,4.38185467128028,-1.496685694879,6.93962547427759,6.88189607885311,84.2739130434783,0.310480402655815,2061.304,-0.58149199340202,0.614032552680191,0.0103222408722896,-0.137584760953395,-18.5059261775745,-1.17642795417085,4.35779427359491,0.101555207779498,29.0167547169813,stayed parachute
669022,2026,"Gore, MacKenzie",227,101,27.5380209216588,8.86345276672317,8.83041237595519,1970.28634361233,1.10141847446304,5.89814170250745,28,-7.03772724451598,86.3928571428571,0.353851851851852,26.9504628571363,11.2045863472172,9.10338467137999,-0.764701576182091,7.46879890916885,-1.33458744167333,80.9186046511628,0.33964045295346,2092.74394463668,-0.587558064522444,-2.34113358049401,-0.272972295424804,1.86612005064513,-1.5706572066614,-5.70313980284266,5.47425249169434,0.0142113988983914,-122.457601024344,never parachute
621389,2024,"Blach, Ty",278,149,25.5481565399011,7.53603624959799,9.11501423860912,1965.81294964029,-1.54526702847,-9.31597619121482,64,-4.69711007621874,87.946875,0.380176465803588,24.9603544670169,9.00048741429041,9.35027930274495,-0.801862008612768,-5.68709953308303,4.94301418705622,87,0.399879981939982,2009.77880184332,-0.58780207288412,-1.46445116469242,-0.235265064135827,-0.743405019857229,-3.62887665813179,-9.64012426327496,0.946875000000006,-0.0197035161363936,-43.9658522030302,never parachute
656641,2025,"Latz, Jacob",314,168,25.7234913987269,11.6894727245706,9.5181709981868,1981.74203821656,-1.65633345417951,2.30780137901323,62,4.26716479980236,87.4854838709677,0.418086548597934,25.0908673163771,10.0440219835058,8.99758101384967,-0.0753619676661272,-1.07513332623994,-1.28304440580543,83.525,0.370557828008685,2024.7027027027,-0.632624082349725,1.64545074106473,0.520589984337127,-1.58097148651338,3.38293470525317,5.55020920560779,3.96048387096774,0.0475287205892488,-42.9606644861422,never parachute
621107,2025,"Eflin, Zach",187,105,17.7587909356969,10.4054222445613,5.37326921006353,1649.75935828877,2.46719608461195,-6.83457910494384,53,3.28486697055985,89.211320754717,0.364360135930814,17.0079809275094,10.3454265501992,6.91336451720682,0.686455834401708,-15.2955515369771,-1.78881326028982,83.0416666666667,0.300942102909673,1596.32876712329,-0.750810008187518,0.0599956943620867,-1.54009530714329,1.78074025021024,8.46097243203326,5.07368023084966,6.16965408805031,0.0634180330211404,53.4305911654824,never parachute
543294,2024,"Hendricks, Kyle",827,452,13.8887591073967,6.66848984796379,6.80264554733623,2169.61910519952,-0.0462563456001277,-2.58061391463853,192,0.678585696289995,82.3411458333333,0.3231564215619,13.1352369195681,6.75212504247203,6.96124576918878,1.27255337379592,5.9939597841482,7.2279313701432,79.7142857142857,0.299936258813249,2156.00352112676,-0.753522187828571,-0.0836351945082363,-0.158600221852548,-1.31880971939605,-8.57457369878672,-6.5493456738532,2.62686011904762,0.0232201627486509,13.6155840727561,stayed parachute
621111,2026,"Buehler, Walker",172,75,33.5929472796498,13.7826941717088,4.87445201817695,1244.60465116279,-4.2208337188029,5.02900155308477,30,-14.766541610397,92.2266666666667,0.529566666666667,32.8361022025962,12.8707936683322,4.30039229843562,-0.40764682081221,2.87557807463338,4.63224951705073,87.2407407407408,0.246287830687831,1560.3,-0.756845077053583,0.911900503376613,0.574059719741332,-3.81318689799069,2.15342347845139,-19.3987911274478,4.98592592592591,0.283278835978836,-315.695348837209,never parachute
605540,2026,"Woodruff, Brandon",136,68,22.9334020089841,11.7897414321154,9.47239637848022,1774.07352941176,2.34692229264075,5.24307550412842,19,-15.5057510267809,85.821052631579,0.279947368421053,22.1619054643092,11.650232960024,9.46486486486486,4.76649005944913,2.2872056160229,12.9643390109802,79.03125,0.1675,1907.97647058824,-0.771496544674918,0.139508472091444,0.0075315136153602,-2.41956776680838,2.95586988810552,-28.4700900377611,6.78980263157895,0.112447368421053,-133.902941176471,never parachute
650911,2026,"Sánchez, Cristopher",810,457,14.9673779417079,5.52220772750126,8.14601675583759,2031.48271604938,0.6993925637671,3.84133881813548,133,1.02887719756844,83.0323308270677,0.286212121212121,14.1489563795738,6.0934112654494,9.11001399263115,0.780537540173622,5.79606747345521,-1.87100923580629,84.4075144508671,0.317790212871534,2043.18190212373,-0.8184215621341,-0.571203537948133,-0.963997236793565,-0.0811449764065219,-1.95472865531973,2.89988643337473,-1.37518362379939,-0.0315780916594128,-11.6991860743476,stayed parachute
642547,2026,"Peralta, Freddy",436,217,38.6927115853776,15.3358761344667,6.91224651548628,1939.01376146789,-1.35752279793373,-2.20900139728742,84,6.4311006312456,82.3321428571429,0.321987951807229,37.8605883735959,14.6120798235513,5.87757685603452,1.2347444100904,2.87790896025829,3.78753907766514,85.4208333333333,0.302619006131433,1929.31450381679,-0.832123211781727,0.723796310915455,1.03466965945176,-2.59226720802413,-5.08691035754571,2.64356155358046,-3.08869047619048,0.0193689456757961,9.6992576510961,never parachute
621244,2024,"Berríos, José",457,245,30.9598309277014,11.9453378130276,9.28103614331597,1587.57768052516,0.555699476756421,-3.77398273358682,101,-2.0819684775134,86.530693069307,0.335766622948771,30.0708886940637,12.886116216949,9.29301720195589,-0.102737327680452,-1.98264166449045,-12.5543462379545,85.84,0.349109909090909,1450.98156682028,-0.888942233637703,-0.940778403921389,-0.0119810586399218,0.658436804436873,-1.79134106909637,10.4723777604411,0.690693069306931,-0.0133432861421382,136.596113704888,never parachute
678368,2025,"Bellozo, Valente",191,88,38.7186185847647,13.8866322090021,9.30746486635437,2036.07853403141,-1.00977655955185,-0.770374106811899,39,13.13106809568,82.8794871794872,0.343279229072333,37.8116827936267,10.5466578717868,8.06861313868613,-0.534380238009644,2.37250358957114,13.9476008399262,79.9620689655173,0.337220960108181,2028.86184210526,-0.906935791138011,3.33997433721527,1.23885172766824,-0.47539632154221,-3.14287769638304,-0.816532744246215,2.91741821396994,0.0060582689641514,7.21669192615059,never parachute
669461,2026,"Liberatore, Matthew",248,124,20.5599834010252,9.02906693198083,5.78150137579767,1800.83870967742,-0.332994563653551,-5.77544544851444,58,-3.68203209365802,85.9931034482759,0.374754385964912,19.6122623096791,8.09407012038031,5.46344426357991,1.89691857794039,-8.71928635082519,-8.79558270627293,89.3461538461538,0.353949610451468,1802.28865979381,-0.94772109134616,0.934996811600517,0.318057112217759,-2.22991314159394,2.94384090231075,5.11355061261491,-3.35305039787798,0.0208047755134443,-1.44995011639526,never parachute
689225,2024,"Brieske, Beau",305,182,26.399770586802,14.3329092463892,7.52653513649245,2104.65573770492,-0.973177904317461,-6.85462017963913,62,-12.051828129893,84.3564516129032,0.311575879226286,25.4493665280508,13.4230544431578,7.8489689608637,-2.8249141642887,-6.35204336143711,1.80279877429028,82.6677419354839,0.345749425378458,2027.79333333333,-0.950404058751271,0.909854803231338,-0.322433824371249,1.85173625997123,-0.502576818202018,-13.8546269041833,1.68870967741935,-0.0341735461521723,76.8624043715847,never parachute
621112,2024,"Blackburn, Paul",213,121,8.88893932180568,11.4106336255322,6.26228415691892,1746.41314553991,2.30636858914856,6.281105745058,44,13.9080091346068,85.8227272727273,0.333751198009687,7.93495723920283,10.4310959986258,6.01718450326045,2.72340311749727,12.7727365747604,-6.47119699345863,88.1952380952381,0.39374854560644,1700.61392405063,-0.95398208260285,0.97953762690646,0.24509965365847,-0.417034528348702,-6.49163082970245,20.3792061280654,-2.37251082251082,-0.0599973475967534,45.7992214892731,stayed parachute
518876,2026,"Kelly, Merrill",467,267,15.888514294046,14.5608761180595,3.6695309052567,2162.88008565311,0.0446908719841379,-0.299175888484886,94,-9.63242430752526,87.9382978723404,0.427446808510638,14.9172128971174,14.7896336325706,3.51103854673995,0.0944366197203067,-0.133050811163342,0.00890833421534738,87.8668874172186,0.347578835318897,2158.7666232073,-0.97130139692861,-0.228757514511118,0.158492358516749,-0.0497457477361689,-0.166125077321544,-9.64133264174061,0.0714104551218782,0.079867973191741,4.11346244580363,moved OUT of parachute
686752,2025,"Pepiot, Ryan",655,356,48.6331891662162,19.0175010781691,8.41491954211059,2505.96488549618,0.350412520883417,-0.75448515612844,135,2.54168896880654,89.0696296296296,0.360451093797185,47.6515320286887,19.067375758169,9.08875877575874,-1.41287980056269,-6.98252694780986,2.91078967758465,87.0154639175258,0.372031658545092,2477.34791252485,-0.981657137527549,-0.0498746799998848,-0.673839233648144,1.7632923214461,6.22804179168142,-0.36910070877811,2.05416571210385,-0.0115805647479071,28.6169729713324,never parachute
666142,2024,"Ragans, Cole",740,425,16.1900436709146,8.55504643606463,10.6126545367538,2161.43648648649,0.295928668805899,4.1617631798507,114,0.764610271364087,81.1964912280702,0.30483022328933,15.2008114585502,8.50997820122647,10.0428751821272,1.72354944245743,-4.51755408108255,1.64626929850256,83.3672727272727,0.279910955266955,2082.33450704225,-0.989232212364326,0.0450682348381619,0.56977935462659,-1.42762077365153,8.67931726093324,-0.881659027138472,-2.17078149920255,0.0249192680223747,79.1019794442332,never parachute
663465,2025,"Allard, Kolby",200,110,27.8470397109236,10.9179459549255,8.62483804627249,1546.62,1.85749821569114,-8.9861783157186,52,1.71059680564081,86.0846153846154,0.261347966847967,26.8530577314708,9.70124668377589,8.03428205948193,1.54851631259315,-1.54582888428028,6.72906751164608,89.5322580645161,0.276291290322581,1591.47169811321,-0.993981979452808,1.21669927114961,0.590555986790568,0.308981903097986,-7.44034943143832,-5.01847070600526,-3.44764267990074,-0.0149433234746138,-44.8516981132077,never parachute
669432,2025,"Rogers, Trevor",407,238,14.3978495183134,14.740243190822,6.79761208919104,1480.36363636364,1.24796329340617,-0.372437881191514,95,11.0999982048937,89.4126315789474,0.337089807299062,13.399583635934,14.7048594078706,6.36012977880066,-1.45291419401738,-4.66844955710492,6.79791265692138,90.3175,0.334617308561135,1619.02083333333,-0.998265882379471,0.035383782951449,0.43748231039038,2.70087748742355,4.29601167591341,4.30208554797228,-0.904868421052626,0.00247249873792776,-138.657196969697,stayed parachute
676106,2025,"Hancock, Emerson",291,135,32.401905674144,10.8536386003254,8.47279555963369,1646.40549828179,-1.85416435925783,-7.05401654656096,55,-4.0335147166227,87.4290909090909,0.428673770912454,31.4017857456154,11.4162821488228,6.85435771644695,0.862429845474555,-4.55339728563916,-12.3953171432661,86.5754716981132,0.350462832864981,1880.03271028037,-1.0001199285286,-0.562643548497396,1.61843784318674,-2.71659420473239,-2.5006192609218,8.36180242664337,0.853619210977698,0.078210938047473,-233.627211998587,never parachute
641927,2024,"Ober, Bailey",791,467,39.3042918407837,12.2090520305044,8.38373211272733,2037.85082174463,1.3660521816913,5.84946734216931,130,-5.58199403144834,82.8623076923077,0.310229024434471,38.2513865255138,11.9173481727669,7.52447320111951,-0.934516386361673,6.04814253899284,7.24441291466459,83.8984375,0.354895963360449,2099.21580547112,-1.05290531526993,0.291703857737557,0.859258911607826,2.30056856805298,-0.198675196823525,-12.8264069461129,-1.0361298076923,-0.044666938925978,-61.3649837264975,never parachute
668674,2026,"Erceg, Lucas",102,50,15.270527298625,10.58855323936,7.58973311546841,1867.85294117647,-5.25681747511197,-10.2919347229966,21,5.82623495505339,90.6428571428571,0.447761904761905,14.2130038711639,9.67056986825872,7.53525543209611,-0.725338449095137,-7.40609492913935,13.3505281543167,86.0848484848485,0.34856349862259,1932.49689440994,-1.0575234274611,0.91798337110127,0.0544776833722978,-4.53147902601683,-2.88583979385728,-7.52429319926334,4.55800865800866,0.0991984061393152,-64.6439532334673,moved OUT of parachute
592094,2025,"Adam, Jason",363,187,21.2225550699867,16.7423047551309,6.42893008108319,2039.50688705234,0.649561090200973,5.48949370927719,61,3.93762960898583,89.7409836065574,0.270065292536745,20.1610143032375,16.5763255575939,5.97756188793932,3.13760751383167,8.79500397231056,4.93220001104063,85.6875,0.334484915807164,2165.52669039146,-1.0615407667492,0.165979197537002,0.451368193143867,-2.4880464236307,-3.30551026303337,-0.994570402054802,4.05348360655738,-0.0644196232704186,-126.019803339117,never parachute
669211,2026,"Akin, Keegan",114,55,22.9320483397573,10.3066349072002,7.0611992309541,2113.35087719298,-2.80175431737433,-6.22084008064735,27,-8.80028005417948,78.3037037037037,0.334,21.8655336655971,10.2268318388123,7.13542894050082,2.12811158880995,0.321239448341451,1.63578399009251,83.1352941176471,0.21394940925088,2067.02843601896,-1.06651467416022,0.0798030683879052,-0.0742297095467244,-4.92986590618428,-6.5420795289888,-10.436064044272,-4.83159041394336,0.12005059074912,46.3224411740248,never parachute
663158,2026,"Suarez, Robert",148,88,27.4192803777956,13.027638360258,8.02929864253394,1862.02702702703,1.99913780204343,0.998121443131989,29,8.40900259828545,79.3034482758621,0.285034482758621,26.3219327077499,13.4564545045108,8.11610621084702,-3.06901326673382,-6.3167084167545,-11.4859650156626,88.6878048780488,0.415437063679393,1858.6420233463,-1.09734767004568,-0.428816144252785,-0.0868075683130769,5.06815106877725,7.31482985988649,19.8949676139481,-9.38435660218671,-0.130402580920772,3.38500368072368,never parachute
663978,2025,"Paddack, Chris",604,333,38.1926073854631,15.3067251802221,9.17964800339188,1809.51324503311,-1.94108402895484,-9.88853389525916,139,-1.1710756936147,89.3841726618705,0.383392694946192,37.0918203188325,14.2333087942261,10.4412653123986,-1.74226370518458,-6.99544194458505,-3.26771869564692,86.5134831460674,0.43884297394575,1894.61497326203,-1.10078706663059,1.07341638599594,-1.26161730900668,-0.198820323770258,-2.89309195067411,2.09664300203223,2.87068951580309,-0.055450278999558,-85.1017282289195,never parachute
693855,2026,"Seymour, Ian",389,198,22.5106418859027,10.7720358917537,8.05131872769827,1660.20565552699,2.21806268917409,4.70838619630538,66,-7.46215372404061,86.7969696969697,0.317909090909091,21.3802214445975,10.0065305865581,8.04015752777834,0.88536616428967,6.61979089673027,-6.98241155664994,86.9654545454546,0.406937042625905,1713.36624203822,-1.13042044130522,0.765505305195626,0.0111611999199255,1.33269652488442,-1.91140470042488,-0.479742167390675,-0.168484848484852,-0.0890279517168142,-53.1605865112242,never parachute
685126,2026,"Eisert, Brandon",130,54,14.5636163585336,10.9393173476366,5.20391637408235,1333.99230769231,-0.767919384516456,4.82086537838163,19,0.65129233966866,91.0631578947369,0.441736842105263,13.4105183237329,12.7383729576942,6.08390194075587,0.502058564748164,11.0369619124591,-4.1517855192271,85.358064516129,0.327430988382814,1329.38483146067,-1.15309803480069,-1.79905561005764,-0.879985566673521,-1.26997794926462,-6.21609653407751,4.80307785889576,5.70509337860781,0.114305853722449,4.60747623163366,stayed parachute
669358,2026,"Baz, Shane",164,71,18.1655948858011,9.77712564214331,7.95214943521116,1879.68902439024,-0.362897967920093,-11.6957754357487,26,-8.63913868498033,88.8923076923077,0.450961538461539,17.0064306818054,10.3420593745431,7.67948317639981,0.0467384560966146,-0.730125526518695,12.7925559738761,82.8279411764706,0.264827906162465,2113.84466019417,-1.15916420399573,-0.56493373239975,0.272666258811358,-0.409636424016707,-10.96564990923,-21.4316946588564,6.06436651583711,0.186133632299073,-234.155635803931,never parachute
663436,2026,"Martin, Davis",251,138,24.5983021277979,13.916881557485,3.76716318399869,2120.3187250996,1.97327475024034,-8.7241887405895,62,0.54342418806685,94.0532258064516,0.37308064516129,23.4355973460539,14.6232163717015,3.79018997094562,0.051987169758417,-6.18696493033181,1.53422717188023,93.5388489208633,0.376759112157094,2060.34103019538,-1.16270478174392,-0.706334814216499,-0.0230267869469216,1.92128758048192,-2.53722381025768,-0.990802983813379,0.514376885588291,-0.00367846699580315,59.9776949042198,never parachute
656271,2026,"Burke, Brock",137,71,13.2234727214516,10.6015978585179,8.72047671339061,2107.79562043796,-1.73367065081326,-3.73323731146055,33,-16.1143382138737,86.5848484848485,0.417545454545455,12.0428644725272,13.0046279254799,7.3611221190948,-1.83131302791105,-2.06287092891598,-1.56577853385966,86.0612244897959,0.334265499595896,2115.21076233184,-1.18060824892438,-2.40303006696202,1.35935459429581,0.0976423770977826,-1.67036638254457,-14.5485596800141,0.52362399505256,0.0832799549495587,-7.41514189388226,stayed parachute
605483,2025,"Snell, Blake",243,131,25.5045727736368,10.8190218861016,9.65038855820106,1793.12757201646,1.07320650764234,-0.659999879341759,45,14.7551170707759,78.2844444444445,0.245927509783393,24.3063079229987,11.8517349644672,10.3936161296513,-0.975454809653933,0.645396685348118,9.36297875300519,83.3549019607843,0.358549738960033,1815.95498392283,-1.19826485063809,-1.03271307836559,-0.743227571450253,2.04866131729627,-1.30539656468988,5.39213831777075,-5.07045751633987,-0.11262222917664,-22.8274119063688,never parachute
592454,2024,"Kahnle, Tommy",538,278,45.5984269178025,15.281528837719,6.77421541107149,1240.90706319703,2.10150491229454,7.11683931321129,81,7.2740491561067,83.5666666666667,0.285254225218562,44.3802463039549,14.7745716119148,6.61705512852302,-0.499820427923248,5.44082599523405,-4.77908891370296,85.6472727272727,0.327654020995212,1336.18348623853,-1.21818061384764,0.506957225804184,0.157160282548471,2.60132534021779,1.67601331797724,12.0531380698097,-2.08060606060606,-0.0423997957766493,-95.2764230415062,never parachute
669022,2025,"Gore, MacKenzie",289,127,26.9504628571363,11.2045863472172,9.10338467137999,2092.74394463668,-0.764701576182091,7.46879890916885,43,-1.33458744167333,80.9186046511628,0.33964045295346,25.7306852207443,11.4382227996736,10.1314070712833,-0.627451766020593,9.58213632066054,-4.42771021525893,84.3657142857143,0.367136190476191,2017.6678700361,-1.21977763639202,-0.233636452456452,-1.02802239990332,-0.137249810161497,-2.11333741149169,3.09312277358561,-3.4471096345515,-0.0274957375227301,75.0760746005774,never parachute
669373,2025,"Skubal, Tarik",895,538,20.6284854064374,13.5482532942806,9.51152243000034,1837.36089385475,1.49584238683255,2.87766430415842,151,-5.72760379384616,82.753642384106,0.312519567840835,19.3964110369356,13.1798524554344,10.5287219643157,0.301949634934763,5.70818800125122,-3.34957454995683,86.1881944444445,0.34090511610524,1689.37894736842,-1.23207436950182,0.368400838846174,-1.01719953431535,1.19389275189779,-2.8305236970928,-2.37802924388933,-3.43455206033849,-0.0283855482644052,147.981946486328,never parachute
696136,2024,"Wicks, Jordan",220,117,28.2633941217757,12.6253903631319,10.3177840909091,1513.38181818182,0.150906284452432,2.25640354920939,37,0.298130279767968,84.7027027027027,0.347627414256362,27.0020851293205,11.9130875592413,10.8497910718017,0.610820992681259,-9.72859940880545,1.01893812029034,83.2764705882353,0.291600412912913,1497.82658959538,-1.26130899245522,0.712302803890655,-0.532006980892565,-0.459914708228827,11.9850029580148,-0.720807840522374,1.42623211446741,0.0560270013434486,15.5552285864426,never parachute
592662,2026,"Ray, Robbie",354,187,7.07544427997731,8.45216135465274,7.1935806566315,1623.28248587571,1.59134631200494,-2.12240425828547,83,-7.16689775025971,87.0084337349398,0.297121951219512,5.80188559390126,8.91164447017837,8.73354903265698,0.369213128361905,4.75176726278562,-5.82204873485264,90.3857142857143,0.350850271692593,1650.39598997494,-1.27355868607606,-0.459483115525631,-1.53996837602548,1.22213318364304,-6.87417152107108,-1.34484901540707,-3.37728055077453,-0.053728320473081,-27.113504099231,stayed parachute
593958,2024,"Rodriguez, Eduardo",195,90,21.9020286734086,8.98879991485196,5.30318532416094,1952.5641025641,-1.04769720171775,-4.41538674259471,45,-4.21057552941182,84.1333333333333,0.307961194475551,20.6080815926725,9.73197761443119,6.52643289841566,1.90279132198317,-5.26455761654012,-0.17287908015107,83.8647058823529,0.329493458885531,1852.14224137931,-1.29394708073614,-0.743177699579228,-1.22324757425472,-2.95048852370092,0.849170873945412,-4.03769644926075,0.268627450980389,-0.02153226440998,100.421861184792,never parachute
593974,2024,"Peralta, Wandy",255,134,7.47205611194346,5.93364735367264,6.47130455407969,2158.34901960784,0.529697394815725,-11.537875729469,52,6.30724136101686,83.6653846153846,0.290326150452112,6.15480406034087,5.85736928608173,7.19195418452674,0.924900968266581,-0.942257380047166,-5.35079544080153,82.075,0.437904960115326,2174.82706766917,-1.31725205160259,0.0762780675909109,-0.72064963044705,-0.395203573450856,-10.5956183494218,11.6580368018184,1.59038461538461,-0.147578809663214,-16.4780480613294,stayed parachute
665795,2024,"Cabrera, Edward",566,291,10.946610090988,10.1169121136548,3.15461719670201,1631.79858657244,0.303058904180734,3.10188755974195,86,1.97757929471877,86.7755813953488,0.3784205194928,9.60501604385843,10.1300516531809,2.98446479885058,1.69686158755125,1.93422830224667,11.8732704200894,81.88125,0.21459375,1696.33333333333,-1.34159404712953,-0.0131395395260885,0.170152397851431,-1.39380268337052,1.16765925749529,-9.89569112537066,4.89433139534884,0.1638267694928,-64.5347467608951,stayed parachute
547179,2026,"Lorenzen, Michael",393,173,16.2936199241221,7.71424467814708,9.35528023839654,2060.34860050891,-0.87674243704151,3.56553175359854,64,-5.11017221573129,85.0984375,0.3295,14.9505021831817,8.49026733739443,10.187171503726,1.34182215303791,9.33471814077621,-2.67748230244344,83.4149253731343,0.278107174790384,1982.02743142145,-1.34311774094043,-0.776022659247344,-0.831891265329475,-2.21856459007942,-5.76918638717767,-2.43268991328785,1.68351212686568,0.0513928252096163,78.3211690874594,moved OUT of parachute
608718,2024,"Suter, Brent",202,94,25.5767185666364,3.56460345756565,10.3160576057606,1595.92079207921,-0.333864661095191,-4.02535378575313,42,-1.3161617549746,81.0261904761905,0.331009602112863,24.222548278913,2.75480646850391,9.81550944079146,2.08146193866226,5.32554231779895,14.8624609223,81.3217391304348,0.256347826086957,1602.89256198347,-1.3541702877234,0.80979698906174,0.500548164969107,-2.41532659975745,-9.35089610355209,-16.1786226772746,-0.2955486542443,0.0746617760259065,-6.97176990426306,never parachute
642232,2024,"Yarbrough, Ryan",232,131,26.9772297695036,6.93875746029356,9.38420787247885,1871.0775862069,1.07010539270112,0.697259339099306,50,1.32193555707612,83.908,0.310853162393162,25.6142064178431,6.48492202024474,8.69196428571429,-1.99793346169194,1.44168507711396,-5.74180185448101,83.7878787878788,0.471210811504879,1920.14935064935,-1.36302335166046,0.453835440048817,0.692243586764567,3.06803885439306,-0.744425738014653,7.06373741155713,0.120121212121219,-0.160357649111717,-49.0717644424542,never parachute
607067,2026,"Rea, Colin",342,170,33.2422848726926,15.6606047814368,6.05035537561853,1399.0730994152,1.49856450692573,-1.29284951045019,62,8.88147365702183,89.6516129032258,0.305661290322581,31.8311456558227,15.0651979393811,6.50575238024166,-1.81615819339024,2.76387880958285,-2.49126599752374,88.4851851851852,0.437966832724348,1417.87581699346,-1.41113921686992,0.595406842055663,-0.455397004623126,3.31472270031596,-4.05672832003303,11.3727396545456,1.16642771804062,-0.132305542401767,-18.8027175782593,never parachute
693821,2025,"Elder, Bryce",263,133,17.8339745031757,11.471218300984,6.18686920890398,2175.4752851711,-2.85390856040477,-9.41824808818766,62,-4.37022801583786,89.5225806451613,0.388981683525409,16.4221722813311,10.3760590048647,6.3328240552621,1.39598240587353,-2.05222410519797,16.6795817096684,83.1769230769231,0.270461538461539,2218.5652173913,-1.41180222184467,1.09515929611927,-0.145954846358111,-4.2498909662783,-7.36602398298969,-21.0498097255063,6.34565756823821,0.118520145063871,-43.0899322202017,never parachute
665795,2025,"Cabrera, Edward",580,293,12.3648166871725,11.4207851043472,2.71800661313179,1748.80172413793,0.0107120277938598,-3.00096661311708,110,3.5310038063926,88.2145454545455,0.342721946082922,10.946610090988,10.1169121136548,3.15461719670201,0.303058904180734,3.10188755974195,1.97757929471877,86.7755813953488,0.3784205194928,1631.79858657244,-1.41820659618459,1.30387299069242,-0.436610583570223,-0.292346876386874,-6.10285417285903,1.55342451167384,1.43896405919662,-0.0356985734098784,117.003137565493,stayed parachute
678394,2026,"Bello, Brayan",214,121,20.8921362377594,6.53142728791662,6.27058534185932,1750.97196261682,0.153670175981254,-0.822248209684808,41,1.58824592687427,86.8463414634146,0.371268292682927,19.4729200735215,10.1445521885513,6.28890722142516,0.084739307087231,2.64188992823469,2.03975352867609,84.3397590361446,0.36701292679877,1841.6756097561,-1.41921616423797,-3.61312490063463,-0.0183218795658391,0.0689308688940229,-3.46413813791949,-0.451507601801827,2.50658242727006,0.00425536588415665,-90.7036471392753,never parachute
668941,2024,"Romero, JoJo",157,84,20.729463468462,11.5774131978438,9.16945474907259,1575.4076433121,-2.50381612594539,2.25283598449493,36,-12.5040863571178,86.2277777777778,0.49945213706928,19.3001143260408,2.19036186112981,8.91150667514304,1.22549439251572,13.7555354112303,6.49479739806547,82.5,0.378315789473684,1564.57692307692,-1.42934914242122,9.38705133671394,0.257948073929551,-3.72931051846111,-11.5026994267354,-18.9988837551833,3.72777777777777,0.121136347595596,10.8307202351789,never parachute
681857,2024,"Olson, Reese",413,205,22.2848004967078,14.8271334048548,7.65294117647059,1977.64648910412,0.38995729798868,3.79953813502391,58,-5.28815881267038,91.448275862069,0.36103933422899,20.7902291434736,16.2462551736965,6.95625488154126,0.158945800040719,-4.96827994763653,-2.43587326996253,89.9137931034483,0.426035862068965,2130.23369565217,-1.4945713532342,-1.41912176884162,0.696686294929328,0.231011497947962,8.76781808266044,-2.85228554270785,1.5344827586207,-0.064996527839976,-152.587206548058,never parachute
694973,2026,"Skenes, Paul",300,154,25.9532998790691,8.27196513234344,8.15792753623189,1843.48333333333,-0.915522124419269,2.69629992640297,46,1.73635627670555,80.3326086956522,0.345217391304348,24.3482583380888,8.16224833064769,9.44164839844181,2.83959797973633,4.39097269017325,-6.40504805043649,77.7627906976744,0.235671982281285,1807.60122699387,-1.60504154098021,0.109716801695756,-1.28372086220992,-3.7551201041556,-1.69467276377028,8.14140432714205,2.56981799797775,0.109545409023063,35.8821063394682,never parachute
608334,2025,"Fulmer, Carson",130,85,24.5032759573007,14.5370416439,5.78892037786775,1419.8,0.841284789186544,3.66643381329101,30,-5.25946204525257,86.33,0.281127086656034,22.8844194490044,14.1007071095087,5.36054691624308,0.0122400048557532,2.16640450614818,2.52979584652885,85.6152777777778,0.31508372284992,1412.91687657431,-1.61885650829629,0.43633453439125,0.428373461624666,0.829044784330791,1.50002930714283,-7.78925789178141,0.714722222222221,-0.033956636193886,6.8831234256927,never parachute
471911,2024,"Carrasco, Carlos",392,200,15.8190969199989,8.79017892251507,4.89221104329582,1341.79081632653,-0.663034483994611,0.75268571255893,78,-0.347178791346873,89.5448717948718,0.373479549824446,14.1894029448367,12.0132447034908,5.88990096093664,-2.15828961020218,-4.28672087809927,-7.04024969133217,92.7666666666667,0.437178901884341,1298.2485549133,-1.62969397516221,-3.22306578097578,-0.997689917640822,1.49525512620757,5.0394065906582,6.6930708999853,-3.22179487179487,-0.0636993520598942,43.5422614132358,moved OUT of parachute
669854,2025,"Blanco, Ronel",99,53,35.2144139370269,14.3594103907396,8.84196737694971,1513.39393939394,2.19581085756117,4.34074830633898,22,-11.7706765625336,77.8909090909091,0.277329545454545,33.563403835964,14.9667871197746,8.25199036542779,-0.0998952269560226,0.433685184496689,-0.272856796300996,88.1155339805825,0.332256858960074,1484.86677631579,-1.65101010106287,-0.607376729034995,0.589977011521924,2.29570608451719,3.90706312184229,-11.4978197662326,-10.2246248896734,-0.0549273135055282,28.5271630781501,never parachute
608379,2024,"Wacha, Michael",839,472,34.3592511499344,15.0801994714706,12.3862393152307,1549.35280095352,0.359964975963518,1.34347200453372,157,0.130467406602017,83.6433121019108,0.311551193074,32.6846342155939,13.3011934472685,10.7884454635166,1.01709013955471,3.17028650061295,3.78859258002722,84.295,0.312155161290323,1491.2049689441,-1.67461693434053,1.77900602420205,1.59779385171412,-0.657125163591191,-1.82681449607923,-3.6581251734252,-0.651687898089179,-0.000603968216322803,58.1478320094168,never parachute
571927,2024,"Matz, Steven",194,103,28.5652525783104,12.0382800056314,10.5729553264605,2319.44845360825,-2.66594115906237,-5.21215858380752,47,-9.42833901653421,87.6148936170213,0.423261698051683,26.8636547184272,12.3167426949325,10.5349707879075,1.42191817251704,4.06886917264054,-7.02450797245189,86.1352941176471,0.303369565217391,2326.97005988024,-1.70159785988318,-0.278462689301081,0.0379845385530047,-4.08785933157941,-9.28102775644806,-2.40383104408233,1.47959949937422,0.119892132834292,-7.52160627199237,never parachute
686218,2026,"Sheehan, Emmet",273,139,55.7722329843612,20.0730245817895,8.89527325587497,1280.61904761905,-1.84723982483372,-3.88417723696822,59,-8.24022544913321,88.8118644067797,0.334881355932203,54.012008783908,19.0691970984221,9.40922677189967,0.335655047745265,-2.01451701586753,-13.9018817987997,90.0875,0.276987408801451,1141.01570680628,-1.76022420045324,1.00382748336742,-0.513953516024703,-2.18289487257898,-1.86966022110069,5.66165634966652,-1.27563559322034,0.0578939471307526,139.603340812765,never parachute
500779,2026,"Quintana, Jose",144,64,28.8131227832767,9.89640148237247,4.63423202614379,1353.51388888889,-0.603321502621373,-1.2184410335257,30,-19.9401052539994,81.9433333333333,0.332827586206897,27.0440925206827,12.0455380873082,4.83335123260922,-0.342704567134275,-11.4611552665395,-9.85232128434498,85.0693069306931,0.353363840090669,1354.89004149378,-1.76903026259401,-2.14913660493576,-0.199119206465438,-0.260616935487098,10.2427142330138,-10.0877839696544,-3.12597359735975,-0.0205362538837721,-1.37615260488701,never parachute
663738,2026,"Lynch IV, Daniel",160,91,24.1047257308336,15.7532124058759,8.99797648514852,1579.5875,1.86572614609267,-2.50349914826891,41,2.65457277608284,88.1024390243903,0.295560975609756,22.2630774304583,14.3845246690393,8.09735001840266,-0.0936790592129262,2.82257269809678,-0.841368098637735,86.9056603773585,0.402535896778507,1641.86124401914,-1.84164830037529,1.36868773683658,0.900626466745861,1.9594052053056,-5.32607184636569,3.49594087472057,1.19677864703176,-0.106974921168751,-62.2737440191386,never parachute
657277,2025,"Webb, Logan",792,449,33.0073056434925,15.7589630499706,6.27878494244774,1501.93181818182,0.465829444668581,1.7155496806797,145,0.631494219307602,90.2462068965517,0.368825419628931,31.13589732768,13.5657109539535,5.24496292714377,-0.692510140787523,-5.68843778910043,-10.1450257964535,91.9781376518219,0.43911730438523,1459.82978723404,-1.87140831581253,2.19325209601703,1.03382201530397,1.1583395854561,7.40398746978013,10.7765200157611,-1.73193075527014,-0.0702918847562997,42.1020309477758,never parachute
676272,2024,"Miller, Bobby",210,83,30.4115590638947,11.4618435290858,11.2403211517165,2248.00952380952,0.944043200500955,4.56924369227099,24,16.3106575198136,81.0541666666667,0.273780381944444,28.5328372726642,11.6534409803908,11.2680493346316,-0.100967070385317,0.44506410655489,5.11786909273842,82.3657142857143,0.307779144460028,2313.93846153846,-1.87872179123046,-0.191597451305032,-0.0277281829151139,1.04501027088627,4.1241795857161,11.1927884270752,-1.31154761904763,-0.0339987625155836,-65.9289377289379,never parachute
656849,2026,"Peterson, David",183,90,23.6834408112474,9.17033502626115,6.60145030276178,1600.16393442623,-2.12536165444042,-6.51730917644764,35,-15.2936689726529,88.0257142857143,0.371714285714286,21.670535269296,9.82521970870889,7.70812118270436,0.510532068749244,-4.60221103810172,11.1303327437407,88.2024691358025,0.312549193554614,1565.9,-2.01290554195141,-0.65488468244774,-1.10667087994257,-2.63589372318967,-1.91509813834592,-26.4240017163936,-0.176754850088187,0.0591650921596721,34.2639344262295,never parachute
663567,2024,"Lambert, Peter",260,141,21.5910906091652,11.8874938686292,7.53796124927704,1462.22692307692,0.948938196449127,6.14590078874657,46,14.6366567832689,85.2195652173913,0.288028985507246,19.5529559541495,10.8820322216325,6.6358584131327,-0.244030131239109,4.05886058035356,-5.05968986057231,86.572,0.287746909090909,1514.06617647059,-2.03813465501572,1.00546164699667,0.902102836144334,1.19296832768824,2.08704020839301,19.6963466438412,-1.3524347826087,0.000282076416337262,-51.8392533936651,never parachute
661563,2025,"Gil, Luis",229,93,25.1463320701042,13.3900788556045,4.54538638728555,1732.03493449782,0.850814292304328,-3.6837441776087,44,-2.09225978401276,85.6227272727273,0.339880253367322,23.0773698925645,14.3230077263557,4.99292598901347,0.763319602214161,-1.69647862928824,-4.75399600561981,85.2556818181818,0.329049983530962,1721.05882352941,-2.06896217753976,-0.932928870751194,-0.447539601727917,0.0874946900901672,-1.98726554832046,2.66173622160706,0.367045454545462,0.0108302698363607,10.9761109684048,never parachute
502624,2024,"Anderson, Chase",309,144,30.0180592947727,6.39990758975386,9.65139957130248,2301.25242718447,0.370599921799074,-5.4931173884344,62,-4.81859920970501,84.2338709677419,0.312021040816079,27.9364545560018,4.71072106230275,9.08493266367395,3.90756672459705,0.597800986786218,-8.39301199863099,83.6090909090909,0.154863636363636,2300.61073825503,-2.08160473877087,1.68918652745111,0.566466907628538,-3.53696680279798,-6.09091837522062,3.57441278892599,0.624780058651027,0.157157404452442,0.641688929432348,never parachute
656222,2026,"Beeks, Jalen",163,75,22.1438831411275,7.57046338906764,5.4929759046857,2043.04294478528,-0.551028890464339,9.03831256559814,33,8.65096937082718,85.2,0.428060606060606,20.0052333783121,7.23159598496192,5.55158514492753,3.52506064300067,2.02059403361655,17.734805300585,79.7648148148148,0.243148707773708,2133.68985507246,-2.13864976281532,0.338867404105721,-0.0586092402418323,-4.07608953346501,7.01771853198158,-9.08383592975786,5.43518518518519,0.184911898286898,-90.6469102871874,never parachute
571945,2025,"Mikolas, Miles",285,137,12.7920349230531,9.65453149605777,7.0614847161572,1659.20701754386,0.101943007580943,-9.28091373708373,78,2.95346486861224,87.3333333333333,0.350471901385905,10.6520992041223,8.77579763374684,7.58734523466744,-4.14733794077117,-8.71570911428277,10.3929097334992,85.9934426229508,0.410490992752772,1675.56956521739,-2.13993571893083,0.878733862310929,-0.525860518510234,4.24928094835212,-0.565204622800964,-7.439444864887,1.33989071038251,-0.0600190913668676,-16.3625476735317,stayed parachute
605488,2025,"Springs, Jeffrey",720,424,14.2438709058991,10.7661108844654,11.5550934718781,1394.775,-0.838376902737542,5.01124282593372,161,-4.92496417726117,81.4850931677019,0.3320786012723,12.0320906889057,13.443395141493,10.2857584269663,-1.14981205774545,5.88865094197873,-11.3068164160939,83.4702702702703,0.361970554897862,1382.91011235955,-2.21178021699342,-2.67728425702759,1.26933504491186,0.311435155007906,-0.877408116045008,6.38185223883275,-1.98517710256841,-0.0298919536255619,11.8648876404495,stayed parachute
676130,2024,"Buttó, José",270,141,27.0339762016281,13.683280875089,7.12829282407408,1836.74444444444,0.975697699115659,9.26439618340561,41,-7.2684776395284,90.5341463414634,0.39842367792415,24.716210777711,14.5605263148816,8.31370520622042,-1.13536189137848,6.01646932917784,-15.3458254837244,94.04,0.518953044569994,1765.62931034483,-2.31776542391706,-0.877245439792571,-1.18541238214635,2.11105959049414,3.24792685422778,8.07734784419601,-3.50585365853659,-0.120529366645844,71.1151340996169,never parachute
623211,2025,"Brazobán, Huascar",385,202,10.5442020114936,14.2082951796148,5.70181818181819,1990.22597402597,-0.669972760011892,-0.17706492215645,67,-4.11015031725127,85.8313432835821,0.36972414786753,8.21572280209771,14.1622535082708,6.27320512820513,1.55773135094428,4.08246534560199,-9.64197145005307,79.9340909090909,0.268711038961039,1955.64615384615,-2.32847920939587,0.0460416713440264,-0.571386946386942,-2.22770411095618,-4.25953026775844,5.5318211328018,5.89725237449117,0.101013108906491,34.5798201798202,stayed parachute
657097,2026,"Webb, Jacob",297,182,21.6776139174122,9.27075093836836,8.57914512052443,2269.57575757576,0.391332728903948,12.9301883095335,50,2.9295219062451,84.714,0.32806,19.298224873473,8.40067792952624,8.52103764631446,0.729530569268179,2.62082233230982,-8.7237596771705,81.9128571428572,0.337035065644747,2260.95107033639,-2.37938904393918,0.870073008842123,0.0581074742099776,-0.338197840364231,10.3093659772237,11.6532815834156,2.80114285714285,-0.00897506564474654,8.62468723936627,never parachute
686613,2025,"Brown, Hunter",356,158,24.3089842624132,12.0248366604655,8.37709585990485,1501.36516853933,0.825513860240438,-3.4240711392805,65,-1.11651978546984,84.5923076923077,0.30502235650636,21.9030317089267,11.1242497045094,7.59856074703683,1.04975600344217,0.104009149333067,9.98680821265939,83.1,0.268468594263325,1462.63276836158,-2.40595255348653,0.900586955956053,0.778535112868015,-0.224242143201731,-3.52808028861357,-11.1033279981292,1.49230769230769,0.0365537622430352,38.732400177744,never parachute
800048,2026,"Messick, Parker",447,249,29.2219289409465,16.2462839389347,8.34286067875672,1844.17225950783,-0.664228775784989,-0.367076546359177,81,-3.6937332157477,86.3975308641975,0.333543209876543,26.8021419911606,14.9221247250032,8.24160426179605,-1.58327101296835,-3.03480967045332,5.99010122133396,87.1970588235294,0.29377205882353,1855.43150684932,-2.41978694978598,1.32415921393149,0.101256416960675,0.919042237183359,2.66773312409414,-9.68383443708166,-0.799527959331883,0.0397711510530137,-11.2592473414852,never parachute
647336,2026,"Soroka, Michael",160,79,18.5357688783171,11.6520063398698,7.78508610451306,2191.81875,-0.407235743116267,-3.52182319479256,36,-0.823079471641166,84.8805555555556,0.377333333333333,16.0896114033984,9.25389250652677,9.30708110333471,0.310184543782108,-3.33180813534245,17.6386758693312,80.1071428571429,0.256133487940631,2209.14285714286,-2.44615747491863,2.39811383334307,-1.52199499882166,-0.717420286898375,-0.190015059450107,-18.4617553409724,4.7734126984127,0.121199845392703,-17.3241071428574,never parachute
657277,2026,"Webb, Logan",435,239,35.4677602033689,14.7303668958539,6.33495971640348,1480.20229885057,-0.743860752060197,-1.92870626956269,78,-5.23539641279325,86.7192307692308,0.357205128205128,33.0073056434925,15.7589630499706,6.27878494244774,0.465829444668581,1.7155496806797,0.631494219307602,90.2462068965517,0.368825419628931,1501.93181818182,-2.46045455987634,-1.02859615411662,0.0561747739557355,-1.20969019672878,-3.6442559502424,-5.86689063210085,-3.52697612732096,-0.0116202914238024,-21.7295193312436,never parachute
645261,2026,"Alcantara, Sandy",468,272,10.357140353136,12.9415111808786,6.5569359266398,2099.65811965812,-0.992837887343415,-3.85053747659848,121,-4.18938196254307,85.9735537190083,0.332363636363636,7.82100264325782,10.261858241321,7.31354256854256,0.227501548111883,-5.94043871060178,2.93541024269846,86.6738095238095,0.303737017327839,2088.8869047619,-2.53613770987815,2.67965293955764,-0.756606641902759,-1.2203394354553,2.0899012340033,-7.12479220524153,-0.700255804801259,0.0286266190357972,10.771214896215,stayed parachute
605400,2025,"Nola, Aaron",242,125,26.1045023406939,12.2952058105903,6.9695737277077,1602.72314049587,0.252444229168825,4.6933424078033,56,-4.63987179246336,88.7928571428571,0.328642309902903,23.5667283643498,12.0846390482361,6.78140740221557,-0.463820437526526,-9.22386450930797,8.03938517293749,88.3290322580645,0.404222681738811,1558.34527687296,-2.53777397634408,0.210566762354148,0.188166325492128,0.71626466669535,13.9172069171113,-12.6792569654008,0.463824884792629,-0.0755803718359077,44.3778636229035,never parachute
671096,2026,"Abbott, Andrew",370,172,15.5627688400445,9.19117184058288,6.67003298802015,1981.51081081081,0.855567632219082,6.75491138433773,71,4.90849761527479,82.9915492957747,0.311281690140845,13.022636497002,8.12631238095978,7.96169991781291,0.221774305224582,-4.38597220263445,-6.102536427567,83.6926829268293,0.356304333781263,1984.03422053232,-2.54013234304248,1.0648594596231,-1.29166692979276,0.633793326994501,11.1408835869722,11.0110340428418,-0.701133631054617,-0.045022643640418,-2.52340972150842,moved OUT of parachute
650633,2025,"King, Michael",261,150,30.7050066957748,13.3364123063427,6.93544641820504,2014.25287356322,1.9408743099609,0.284346849592607,65,-7.23253626391127,83.1246153846154,0.284677771285084,28.0593341963534,11.3613391505896,6.96582152974504,0.721296724301523,5.37489493194898,-3.05774045969516,81.5126666666667,0.310653891155141,2044.6657223796,-2.64567249942132,1.97507315575303,-0.0303751115399962,1.21957758565938,-5.09054808235637,-4.17479580421611,1.61194871794872,-0.0259761198700571,-30.4128488163851,never parachute
579328,2025,"Kikuchi, Yusei",376,183,6.45546315510728,10.9590639131472,9.24176688251619,1542.43085106383,0.999917731124118,0.112735777217519,70,-4.11250049133913,87.8885714285714,0.352048608627662,3.80223447393203,10.7371815027473,8.76665838092039,0.695835038394442,1.33365125873656,10.0560050200354,84.7765957446809,0.326715420624603,1654.96,-2.65322868117525,0.22188241039988,0.475108501595798,0.304082692729676,-1.22091548151904,-14.1685055113746,3.11197568389058,0.0253331880030588,-112.52914893617,stayed parachute
663460,2026,"Bubic, Kris",161,90,37.9228972972915,17.6633044087505,5.89135641759959,1536.15527950311,2.8068723387444,6.1028105429652,25,12.0072490512186,88.48,0.25564,35.2652876247542,18.4796616361867,6.6553118908382,0.645618978671899,7.45722399204847,6.48549475255214,87.9646153846154,0.272649958283102,1605.16666666667,-2.65760967253724,-0.816357227436132,-0.763955473238616,2.1612533600725,-1.35441344908327,5.52175429866647,0.515384615384619,-0.0170099582831019,-69.0113871635611,never parachute
642547,2024,"Peralta, Freddy",532,252,31.5336307159149,13.7962343718018,6.62667965367965,1731.34210526316,1.21347018757632,2.70323834516582,85,9.57627607915887,85.9341176470588,0.329389216254618,28.8270369950382,11.916495608101,6.0308221841052,1.29674263389098,8.76219633206096,21.220157544176,85.725,0.279765074847143,1739.65333333333,-2.7065937208767,1.87973876370081,0.59585746957445,-0.0832724463146637,-6.05895798689514,-11.6438814650171,0.209117647058832,0.0496241414074747,-8.3112280701755,never parachute
608331,2024,"Fried, Max",377,195,31.9055557716708,8.15174493264393,8.12366719796363,1420.71883289125,1.45793423666876,0.149461692763105,78,14.1617497498165,85.724358974359,0.324906824491224,29.1922860725152,10.3022969857184,8.1456699889258,0.165478525207305,3.65257420186734,4.72443234294132,84.9916666666667,0.334291666666667,1435.80714285714,-2.71326969915555,-2.1505520530745,-0.0220027909621745,1.29245571146145,-3.50311250910423,9.43731740687523,0.732692307692304,-0.00938484217544316,-15.0883099658963,never parachute
527048,2026,"Pérez, Martín",431,231,11.589422546153,8.4657875580245,7.937750966744,1623.15081206497,0.709354719448464,2.97435080496675,90,6.29185481805599,82.5888888888889,0.351022222222222,8.80816547799847,1.65478624516031,7.28774725274725,1.41433827756245,1.51039815898762,4.67416367322187,85.8875,0.344863659938989,1649.55769230769,-2.78125706815457,6.81100131286419,0.650003713996759,-0.704983558113987,1.46395264597913,1.61769114483412,-3.29861111111111,0.0061585622832333,-26.4068802427271,stayed parachute
665795,2026,"Cabrera, Edward",367,217,15.1523863753187,10.7928084407436,3.24801277835197,1740.56130790191,-0.283584826063512,2.16665965302738,74,-3.31997318052824,90.4702702702703,0.374810810810811,12.3648166871725,11.4207851043472,2.71800661313179,0.0107120277938598,-3.00096661311708,3.5310038063926,88.2145454545455,0.342721946082922,1748.80172413793,-2.78756968814612,-0.627976663603684,0.530006165220183,-0.294296853857372,5.16762626614445,-6.85097698692085,2.25572481572482,0.0320888647278891,-8.24041623602352,moved OUT of parachute
642121,2026,"Sulser, Cole",302,145,22.4237241295585,17.4191165750249,8.72970293282876,1696.84105960265,-0.400391622742842,-4.88761837405614,45,5.23652268066653,83.7266666666667,0.359466666666667,19.6227984895494,16.0861767538589,8.90615504479938,1.81571183716712,-1.70916680087912,9.83462947719094,88.3391304347826,0.243108695652174,1652.92715231788,-2.80092564000912,1.332939821166,-0.176452111970619,-2.21610345990996,-3.17845157317702,-4.59810679652441,-4.61246376811593,0.116357971014493,43.9139072847681,never parachute
502043,2024,"Gibson, Kyle",273,135,17.4240012656221,12.1094177464355,6.47951911848369,1711.80952380952,2.1876615382045,6.05799679166442,52,-15.3837307309386,86.1884615384616,0.361175358163769,14.5993990577162,12.8771444966363,6.15714285714286,-2.44439569404026,0.332272635114326,-0.0835201133677802,89.9063829787234,0.45001237152753,1657.27040816327,-2.82460220790599,-0.767726750200763,0.322376261340834,4.63205723224476,5.72572415655009,-15.3002106175708,-3.71792144026186,-0.0888370133637614,54.5391156462586,moved OUT of parachute
608337,2026,"Giolito, Lucas",191,86,18.7372025404754,7.52060643663604,11.8122156427902,1541.35078534031,-1.65034618401843,-10.0130514435216,38,-14.3135667219783,83.3131578947369,0.305657894736842,15.8738476788326,9.17458334933185,11.5974414078472,-0.508611126272377,-6.80284494954941,-1.50139212326618,85.665306122449,0.356319686110925,1672.66853932584,-2.86335486164277,-1.65397691269581,0.214774234943004,-1.14173505774606,-3.21020649397215,-12.8121745987122,-2.35214822771214,-0.050661791374083,-131.317753985529,never parachute
671106,2025,"Allen, Logan",497,263,17.3184575937015,11.5988711337602,8.79170489604292,959.406438631791,-0.753807470311824,-5.16152189596963,131,5.23989466541476,87.993893129771,0.35108659719185,14.4422649776931,13.9188756204198,9.51905037513398,0.136328213454815,-2.39850634951935,5.28063733055711,90.5492063492063,0.359521365158139,871.32,-2.87619261600831,-2.3200044866596,-0.727345479091062,-0.890135683766639,-2.76301554645028,-0.0407426651423535,-2.55531321943535,-0.00843476796628906,88.0864386317907,moved OUT of parachute
641302,2025,"Alexander, Tyler",254,121,21.309306708534,13.7064478652712,7.47310091673324,1519.93700787402,0.109675790945018,-3.01881962285565,60,1.37688990617659,87.515,0.367949181848853,18.3944735013595,12.3141449195406,8.32973313891589,-2.73834496787953,-9.92986089021409,-3.33936125716792,84.8592592592593,0.402163644814077,1581.65789473684,-2.91483320717449,1.39230294573059,-0.856632222182656,2.84802075882454,6.91104126735844,4.71625116334451,2.65574074074074,-0.0342144629652237,-61.7208868628263,never parachute
450203,2025,"Morton, Charlie",253,133,29.8897296396757,16.6840825499933,6.69718477979348,1815.20553359684,-2.1102401973601,-2.30851308089499,55,2.03474791374895,88.3290909090909,0.403902019198941,26.8139636176695,11.2652845010047,9.16452450344101,-1.59315840033082,4.92776684980283,8.50419356796278,87.8912280701755,0.434031588028041,2172.4332247557,-3.07576602200617,5.41879804898868,-2.46733972364753,-0.517081797029275,-7.23627993069782,-6.46944565421383,0.437862838915464,-0.0301295688291004,-357.227691158862,never parachute
607067,2025,"Rea, Colin",306,157,31.8311456558227,15.0651979393811,6.50575238024166,1417.87581699346,-1.81615819339024,2.76387880958285,54,-2.49126599752374,88.4851851851852,0.437966832724348,28.7388677489065,10.5570735638358,6.42975012370115,-1.28399084354817,-2.20826507395544,5.70203545306515,85.9,0.415055745308876,1413.27234042553,-3.09227790691617,4.50812437554535,0.0760022565405096,-0.532167349842069,4.97214388353828,-8.19330145058889,2.58518518518518,0.0229110874154718,4.60347656793215,never parachute
605280,2026,"Holmes, Clay",121,72,27.5181257582478,4.2565576836603,4.80622009569377,809.239669421488,1.2903454605321,2.62944797775468,32,4.31905408951441,93.9,0.33925,24.40913447191,13.6703105174711,5.11726873472923,0.261514982519466,-1.21684093458699,-1.05992579189483,87.4452054794521,0.330435782606638,1105.01152073733,-3.10899128633774,-9.41375283381079,-0.311048639035455,1.02883047801263,3.84628891234167,5.37897988140924,6.45479452054795,0.00881421739336213,-295.77185131584,never parachute
622663,2024,"Severino, Luis",217,102,35.5262736581342,11.3228203604639,10.0777056954946,1583.34101382489,-2.49389594551542,-8.36860248371205,44,15.7922405657616,88.3431818181818,0.450210783569931,32.4008426797328,10.835682874335,9.73882020651016,-1.06151698958778,-10.4218083621703,4.50742281543676,87.8041666666667,0.406269230769231,1559.67391304348,-3.12543097840135,0.487137486128912,0.338885488984445,-1.43237895592764,2.05320587845824,11.2848177503249,0.539015151515145,0.0439415528007006,23.6671007814066,never parachute
471911,2025,"Carrasco, Carlos",166,88,19.026679483848,10.9105162546141,6.59820020824036,1233.27710843373,1.97386859838975,-0.647661355730405,33,-12.6066888472295,84.5333333333333,0.315851515151515,15.8190969199989,8.79017892251507,4.89221104329582,-0.663034483994611,0.75268571255893,-0.347178791346873,89.5448717948718,0.373479549824446,1341.79081632653,-3.20758256384909,2.12033733209906,1.70598916494454,2.63690308238436,-1.40034706828933,-12.2595100558826,-5.01153846153846,-0.0576280346729312,-108.513707892796,never parachute
677960,2025,"Weathers, Ryan",188,96,19.6487517865959,15.9554561359543,9.61420084813921,1861.77659574468,-1.41269998792212,5.53842647071116,28,-12.7177016450163,89.3321428571429,0.405295352383892,16.1638550676155,13.6109820033569,9.50792850415947,1.0509112144449,5.40204040696709,7.23262331171178,89.264,0.351310448208536,1817.48641304348,-3.48489671898041,2.3444741325974,0.106272343979732,-2.46361120236702,0.136386063744067,-19.9503249567281,0.0681428571428597,0.0539849041753567,44.2901827012026,never parachute
656288,2025,"Canning, Griffin",312,172,29.4821797256093,15.3337714158855,4.59732769884043,1485.99038461538,1.5560415669951,-1.89624225025626,74,2.05302746149758,91.2108108108108,0.321270914034428,25.9024334695214,12.950804661247,4.87123962899784,0.23042885886765,2.67181394664585,-0.00352720970060487,87.1465909090909,0.330054682141444,1770.32810457516,-3.57974625608789,2.38296675463847,-0.273911930157408,1.32561270812745,-4.56805619690211,2.05655467119818,4.06421990171991,-0.00878376810701681,-284.337719959779,never parachute
622491,2024,"Castillo, Luis",400,218,21.208086772124,13.4860798721252,7.50565444015444,1893.5575,-1.6683067470961,-3.39719892905337,82,3.64784943346439,88.619512195122,0.414314091908548,17.626367927486,13.0078416830625,7.99226441241686,-2.21910745409167,4.45876493452428,-6.35168114275839,86.2244444444445,0.37064070083706,1894.28181818182,-3.58171884463803,0.478238189062697,-0.486609972262421,0.550800706995574,-7.85596386357764,9.99953057622279,2.39506775067751,0.0436733910714881,-0.724318181818262,never parachute
700241,2026,"McGreevy, Michael",363,177,12.0216029828875,10.5449578237585,4.90844155844156,1731.63360881543,0.83487435825383,-1.7225193425547,88,-0.603544390640936,86.5090909090909,0.361579545454545,8.16925136515108,11.0898629571833,4.95441447356423,-1.67877901758033,2.59659711815779,-4.25058205466011,85.309375,0.392736854228205,1742.27210884354,-3.85235161773647,-0.544905133424772,-0.0459729151226664,2.51365337583416,-4.31911646071249,3.64703766401917,1.19971590909091,-0.0311573087736595,-10.6385000281105,stayed parachute
676664,2026,"Sears, JP",108,51,28.3242372438941,12.6382222127599,8.03681856013317,1721.13888888889,-3.24965556641034,-1.21887874218491,22,-2.90193257615461,91.9681818181818,0.485090909090909,24.4671674903029,11.601424210082,8.80576848660201,-0.288140246904429,-1.74340550800166,-8.24630455168048,87.9205479452055,0.338109871112559,1506.27683615819,-3.85706975359114,1.03679800267785,-0.768949926468846,-2.96151531950591,0.524526765816744,5.34437197552586,4.04763387297633,0.14698103797835,214.862052730697,never parachute
666277,2026,"Soriano, George",217,119,30.2679464988538,15.8154259599085,6.61059907834102,1542.59447004608,1.89350258598058,7.13878586922336,32,-2.58076017627365,85.896875,0.28146875,26.3513779404332,16.0576991274587,7.60452307339974,-0.825191173322881,-7.22049455924596,-7.53031937030683,86.5853658536585,0.435577434354264,1655.17840375587,-3.91656855842061,-0.242273167550204,-0.993923995058727,2.71869375930346,14.3592804284693,4.94955919403318,-0.688490853658536,-0.154108684354264,-112.583933709786,never parachute
681190,2025,"Vásquez, Randy",149,59,28.2175970302188,12.0610680309383,6.55566906218447,2067.1610738255,-1.23764275759933,-7.58839201259699,32,-7.07104502477635,85.009375,0.377705639367816,24.2138427639498,10.8023899755662,5.66943942133816,-2.88825275745446,-12.6962274085676,-2.19901883051446,87.0895833333333,0.412272513278809,2193.35238095238,-4.00375426626896,1.25867805537211,0.886229640846313,1.65060999985512,5.10783539597064,-4.87202619426189,-2.08020833333333,-0.0345668739109931,-126.191307126877,never parachute
571510,2026,"Boyd, Matthew",289,166,12.0839783111953,9.90151224362683,13.9983406895854,1782.30103806228,0.130434402023344,-5.97005248447733,62,-9.90247631891547,81.3838709677419,0.353145161290323,8.03286950436549,9.57892397865826,14.5985152776126,0.966959352653681,1.79376385871084,0.64476107102466,86.9643356643357,0.311630114163249,1817.77846153846,-4.05110880682985,0.322588264968568,-0.600174588027208,-0.836524950630336,-7.76381634318817,-10.5472373899401,-5.58046469659372,0.0415150471270739,-35.4774234761778,stayed parachute
678606,2026,"Ferrer, José A.",114,57,22.4972644879973,2.99337859624783,10.3636016511868,2288.77192982456,0.326268098595766,0.314269446257629,20,-11.971861079837,81.44,0.2868,18.3209874209443,8.82602294339347,10.0564150943396,-0.493157106650258,4.98147698843088,-13.3657556534377,83.7225,0.365038690476191,2184.1358490566,-4.17627706705301,-5.83264434714564,0.307186556847164,0.819425205246024,-4.66720754217325,1.39389457360066,-2.2825,-0.0782386904761906,104.636080767958,never parachute
676979,2025,"Crochet, Garrett",133,57,20.31654663033,11.9470472035422,8.74222681261457,1711.08270676692,1.67088762548989,3.86858425427642,14,12.5668454474923,78.1714285714286,0.272357142857143,16.1148896056413,8.60851381665543,6.16570685797025,-0.4038848683469,3.06543868034416,-11.7403166686211,83.648,0.312608205128205,2081.88028169014,-4.20165702468871,3.33853338688677,2.57651995464432,2.07477249383679,0.803145573932262,24.3071621161134,-5.47657142857142,-0.0402510622710623,-370.797574923223,never parachute
500779,2024,"Quintana, Jose",529,214,28.0161213121004,11.7102368577446,4.97651154192483,1323.12854442344,0.632119536096271,4.15411524107798,86,2.77568760882991,84.65,0.311860465116279,23.7123985993664,9.16501736658905,4.33030704825469,-0.374712326768146,1.4261139811525,10.8404021303801,86.131914893617,0.338913312693499,1319.47533632287,-4.30372271273398,2.54521949115553,0.646204493670137,1.00683186286442,2.72800125992548,-8.06471452155023,-1.48191489361702,-0.0270528475772194,3.65320810057051,never parachute
667463,2026,"King, John",117,69,11.8062638961804,2.21481007469706,6.77974224728152,1545.47008547009,5.95729062240447,4.57263917836905,19,-2.23434731772178,88.5263157894737,0.263368421052632,7.41434132923204,1.17656506716334,7.31049647607139,-1.55211082947206,-9.50695158770239,-5.60339714487812,85.5323529411765,0.347443041994126,1706.875,-4.39192256694835,1.03824500753373,-0.530754228789878,7.50940145187653,14.0795907660714,3.36904982715634,2.99396284829722,-0.084074620941494,-161.404914529915,stayed parachute
682052,2026,"Lopez, Jacob",121,55,22.5216502363519,9.40930131856579,7.31213898515951,2132.82644628099,-4.66450122152827,0.694388195311357,26,-6.1961166316243,85.8461538461538,0.435653846153846,17.8400259085177,7.77692609259298,7.97286596495497,-1.21269298192309,5.83480279029934,-19.8948492176435,87.6512195121951,0.316208985235337,2129.45982142857,-4.68162432783419,1.63237522597282,-0.660726979795459,-3.45180823960518,-5.14041459498798,13.6987325860192,-1.80506566604129,0.119444860918509,3.36662485242005,never parachute
642528,2026,"Loáisiga, Jonathan",189,106,20.1449941411298,9.66782105816898,6.35329034391535,1776.39153439153,0.929980655373998,4.83599146883844,41,12.6515286222286,85.3317073170732,0.350146341463415,15.4582989648645,1.39248534457429,6.56760101010101,-0.216435809608541,7.60679367369836,1.91336363506758,78.2736842105263,0.294603801169591,1803.82954545455,-4.68669517626535,8.27533571359469,-0.214310666185658,1.14641646498254,-2.77080220485992,10.738164987161,7.05802310654686,0.0555425402938242,-27.4380110630111,never parachute
607625,2026,"Lugo, Seth",172,82,25.5253973638957,13.2263745618773,6.80950685554125,1731.33720930233,2.95591229514372,-3.54578783370414,38,-4.47910765464041,91.7447368421053,0.332605263157895,20.7314024794182,11.6011458937915,5.50494992547656,-2.15315505061621,-3.45395869587057,-6.76976443310989,90.8185185185185,0.419347172188898,1671.38864628821,-4.7939948844775,1.62522866808582,1.30455693006469,5.10906734575993,-0.0918291378335669,2.29065677846948,0.926218323586752,-0.0867419090310036,59.948563014116,never parachute
527048,2024,"Pérez, Martín",501,270,12.2531311720623,8.28115035030534,8.10812492661735,1671.84031936128,-0.88236985048144,1.44199244832681,103,1.39811462272477,82.9504854368932,0.42242317846053,7.40756729101525,1.8569160853149,7.77580952380953,-2.26515047746162,-10.5553120766506,-1.55239677485525,87.841935483871,0.359589569457142,1629.85333333333,-4.84556388104706,6.42423426499045,0.332315402807819,1.38278062698018,11.9973045249774,2.95051139758003,-4.89145004697777,0.062833609003388,41.9869860279441,stayed parachute
676879,2026,"Ashby, Aaron",120,62,16.7678533337963,5.45451026132877,5.84377039627039,1797.15,-0.610953296590144,9.14278436689127,18,-13.1712158805852,83.0277777777778,0.278944444444444,11.672195747369,4.82599513712812,6.100405196412,-0.0122369754996396,2.0289727080985,2.35211023748511,89.1576923076923,0.347476720647773,1902.45901639344,-5.09565758642738,0.628515124200646,-0.256634800141603,-0.598716321090504,7.11381165879277,-15.5233261180703,-6.12991452991454,-0.0685322762033288,-105.309016393443,moved OUT of parachute
622491,2026,"Castillo, Luis",227,120,26.6568871369133,14.2951363902452,7.74210511376539,1939.49779735683,-1.06350539559563,-3.86293017944729,53,-7.87476474989504,87.7037735849057,0.305547169811321,21.4343578277987,13.7407684148121,7.81977959719945,-0.608531911959499,-6.07492087606633,2.19156289827519,84.8589285714286,0.384256394189792,1970.19512195122,-5.2225293091146,0.554367975433026,-0.0776744834340617,-0.454973483636126,2.21199069661904,-10.0663276481702,2.84484501347708,-0.0787092243784716,-30.6973245943914,never parachute
671096,2024,"Abbott, Andrew",381,176,15.108875458035,6.13777751027591,8.03119093700157,2114.53805774278,-0.130219971285281,-5.42019327348076,71,1.75281546239437,83.143661971831,0.290116344189848,9.75749456416199,7.33942744826805,6.0472612715817,1.07604187530429,8.40480268760475,-0.909469636870905,88.278125,0.375744897342995,2052.83168316832,-5.35138089387305,-1.20164993799215,1.98392966541987,-1.20626184658957,-13.8249959610855,2.66228509926528,-5.13446302816902,-0.0856285531531476,61.7063745744654,moved OUT of parachute
607536,2024,"Freeland, Kyle",206,98,17.0988493811945,9.47958476810451,5.91924757281554,1545.74757281553,-1.31472572598004,-2.34981471650606,43,-10.7109852358959,91.4372093023256,0.475650814813916,11.5661924662672,6.82612523391981,4.48287984111222,-1.01899855798176,-3.32340657996172,-16.9545320733687,93.0576923076923,0.560376274088231,1566.54736842105,-5.53265691492736,2.6534595341847,1.43636773170332,-0.295727167998275,0.97359186345566,6.24354683747284,-1.62048300536672,-0.084725459274315,-20.7997956055187,moved OUT of parachute
592791,2025,"Taillon, Jameson",221,123,24.1553770144673,12.1029375058712,8.22471261259638,1752.65610859729,1.86376257332153,8.36755010917058,45,4.99822781864021,83.2733333333333,0.253207791495199,18.6047563604358,7.83871247965758,6.25322971440355,-1.53052071680311,-7.58328065566456,19.5536863864032,86.40625,0.301679953560372,1898.94339622642,-5.5506206540315,4.26422502621361,1.97148289819283,3.39428329012464,15.9508307648351,-14.555458567763,-3.13291666666666,-0.0484721620651724,-146.28728762913,never parachute
624133,2026,"Suarez, Ranger",212,105,21.330061456324,10.3896630635389,10.5256660949114,1272.90094339623,-1.02363125190708,-4.85882888833286,40,-20.4979643762375,84.3275,0.35905,15.7173114845795,9.23048001547024,11.8236579153605,1.27511512704214,-0.246410555020834,-0.201908724714697,82.4372549019608,0.304469545890778,1284.81465517241,-5.61274997174445,1.15918304806862,-1.29799182044912,-2.29874637894922,-4.61241833331203,-20.2960556515228,1.89024509803922,0.0545804541092225,-11.9137117761873,never parachute
641401,2026,"Brogdon, Connor",104,51,33.5965626793053,11.5284391220459,10.6489639236732,1985,-0.652605112243567,-14.0114081626652,22,12.256804911903,87.5954545454546,0.36752380952381,27.9217615188237,11.0507822434674,11.4525568181818,-0.999236358422588,-2.80128803940133,-0.205025603829741,88.2822580645161,0.341321013832195,2021.02556818182,-5.67480116048156,0.477656878578578,-0.803592894508601,0.346631246179021,-11.2101201232639,12.4618305157327,-0.686803519061584,0.0262027956916143,-36.0255681818182,never parachute
689017,2025,"Knack, Landon",202,103,23.0256879781949,13.2308976776231,8.51271419141915,1627.05940594059,2.41585062617508,6.41011197789645,31,-2.98170086365474,86.9193548387097,0.304725002167881,17.3091685231757,8.65471577841897,9.28935775066408,0.254144615667666,-2.0096763747353,5.87666986275765,87.6516129032258,0.376940115841395,1722.33532934132,-5.71651945501913,4.57618189920416,-0.776643559244935,2.16170601050742,8.41978835263175,-8.8583707264124,-0.732258064516131,-0.0722151136735145,-95.2759234007233,never parachute
694738,2026,"Roupp, Landen",410,227,27.1621989663631,13.4132536470843,5.68614683419561,1878.61951219512,0.666846258250481,-2.88826832464427,79,-0.548651181973717,81.6227848101266,0.288397435897436,21.4430886577333,4.95844890956541,6.12554546040337,0.446600169299576,-4.91716530163037,-0.601006975269962,88.4236363636364,0.350000958948173,1826.93650793651,-5.71911030862983,8.45480473751887,-0.439398626207758,0.220246088950905,2.0288969769861,0.0523557932962446,-6.80085155350979,-0.0616035230507367,51.6830042586139,never parachute
685299,2025,"Gordon, Tanner",263,155,19.2997534159502,8.7289914250531,9.05814828318604,2106.42965779468,-2.05976049456918,-6.4261270751144,62,-4.30035304889207,87.7806451612903,0.426034470118313,13.4739923071365,5.04610889938047,8.19214432518839,-3.62280504447685,-5.96896407288222,0.0573267630821314,85.8967741935484,0.276791314589245,2134.26724137931,-5.8257611088137,3.68288252567264,0.866003957997647,1.56304454990767,-0.457163002232183,-4.35767981197421,1.88387096774194,0.149243155529068,-27.8375835846337,moved OUT of parachute
669084,2025,"Hall, DL",104,50,27.4671808213506,9.75328991876901,9.53464285714285,2093.15384615385,2.00432171641752,-9.31089066862353,25,2.68371362925773,85.148,0.219755815384615,21.5616272661028,6.65102228506458,8.60597934472935,-0.427262485075359,-0.586900414185301,2.14868261960677,87.4689655172414,0.359660095321963,2078.66875,-5.90555355524771,3.10226763370443,0.928663512413506,2.43158420149288,-8.72399025443823,0.53503100965096,-2.32096551724139,-0.139904279937347,14.4850961538464,never parachute
605488,2026,"Springs, Jeffrey",415,229,20.1536933138765,11.5970872506451,11.8838024896521,1384.76626506024,-2.17994092863504,-2.0867182622109,81,-6.30444485686495,82.2777777777778,0.331716049382716,14.2438709058991,10.7661108844654,11.5550934718781,-0.838376902737542,5.01124282593372,-4.92496417726117,81.4850931677019,0.3320786012723,1394.775,-5.9098224079774,0.830976366179762,0.328709017773953,-1.3415640258975,-7.09796108814462,-1.37948067960378,0.792684610075909,-0.000362551889583618,-10.0087349397591,moved OUT of parachute
571578,2026,"Corbin, Patrick",245,107,17.3334965002128,9.02829878844996,12.8923142087024,1203.72653061225,0.51276331867696,-6.1916442036071,41,3.10913006136772,85.7609756097561,0.326975609756098,11.4175251227726,7.84115168104782,9.60130434782609,-0.313632875311817,3.47422466031275,4.03331795644799,82.6486486486487,0.338208715892926,1527.65416666667,-5.91597137744022,1.18714710740214,3.29100986087626,0.826396193988777,-9.66586886391985,-0.924187895080272,3.11232696110746,-0.0112331061368289,-323.927636054422,moved OUT of parachute
657277,2024,"Webb, Logan",987,588,31.13589732768,13.5657109539535,5.24496292714377,1459.82978723404,-0.692510140787523,-5.68843778910043,247,-10.1450257964535,91.9781376518219,0.43911730438523,25.1958319482797,13.3062619158852,4.94949429230497,1.01886257034863,-5.09277390969951,6.87153130801805,90.2913580246914,0.310358257815339,1441.52664576803,-5.94006537940031,0.25944903806832,0.295468634838807,-1.71137271113615,-0.595663879400926,-17.0165571044716,1.68677962713051,0.128759046569892,18.3031414660175,never parachute
642232,2025,"Yarbrough, Ryan",209,96,33.0945664669112,11.4870346406912,10.3364891920323,1913.2009569378,-1.36558886875823,7.6354780353077,38,-11.5404599856347,80.7447368421053,0.374267368421053,26.9772297695036,6.93875746029356,9.38420787247885,1.07010539270112,0.697259339099306,1.32193555707612,83.908,0.310853162393162,1871.0775862069,-6.11733669740762,4.54827718039767,0.95228131955345,-2.43569426145935,6.93821869620839,-12.8623955427108,-3.16326315789473,0.0634142060278902,42.1233707309025,never parachute
608379,2025,"Wacha, Michael",677,402,40.6390962443588,13.523592809517,13.2137789848448,1536.82127031019,1.33899462377578,-5.39823113660341,153,-6.92517310369713,82.783660130719,0.294711883687747,34.3592511499344,15.0801994714706,12.3862393152307,0.359964975963518,1.34347200453372,0.130467406602017,83.6433121019108,0.311551193074,1549.35280095352,-6.2798450944244,-1.55660666195353,0.827539669614088,0.97902964781226,-6.74170314113713,-7.05564051029915,-0.859651971191866,-0.0168393093862532,-12.5315306433242,never parachute
642547,2025,"Peralta, Freddy",655,307,37.8605883735959,14.6120798235513,5.87757685603452,1929.31450381679,1.2347444100904,2.87790896025829,96,3.78753907766514,85.4208333333333,0.302619006131433,31.5336307159149,13.7962343718018,6.62667965367965,1.21347018757632,2.70323834516582,9.57627607915887,85.9341176470588,0.329389216254618,1731.34210526316,-6.32695765768103,0.815845451749501,-0.749102797645128,0.0212742225140785,0.17467061509247,-5.78873700149373,-0.513284313725492,-0.0267702101231851,197.972398553636,never parachute
624133,2024,"Suarez, Ranger",372,193,23.5601288033205,11.4646737751214,11.8323811023255,1231.18548387097,0.341031223706844,2.66556425655008,69,-1.5761775091045,83.1275362318841,0.323175017253278,16.8158964519105,11.4615265200746,11.5014478114478,-0.259212612033175,-4.35732773297712,-1.93716525471072,83.9711111111111,0.327187415372362,1349.25396825397,-6.74423235140995,0.00314725504686386,0.330933290877661,0.600243835740019,7.02289198952721,0.360987745606218,-0.843574879227063,-0.00401239811908344,-118.068484383,never parachute
681517,2026,"Leahy, Kyle",223,111,23.6489899624654,14.0148381267188,5.70212011738613,1463.80717488789,-0.237131041937609,7.4312260841022,40,-0.883200887843031,90.535,0.406025,16.7144283329291,13.0506456281125,5.14201436388509,0.159715174783178,-5.41295695106629,0.772638171001017,88.5433333333334,0.33757678310849,1497.86046511628,-6.93456162953622,0.9641924986063,0.560105753501039,-0.396846216720786,12.8441830351685,-1.65583905884405,1.99166666666666,0.0684482168915097,-34.0532902283867,never parachute
677944,2025,"Cecconi, Slade",155,62,15.0660306291622,14.2104272891974,10.0505627240143,1617.98064516129,-0.634056061342495,-6.83494853015995,26,4.39539529814379,92.05,0.470985042735043,7.96667173226181,10.6197076388521,12.5286633200187,-0.174540273896787,-4.60925939231465,13.355420929365,81.0555555555556,0.259361038961039,1912.86624203822,-7.09935889690036,3.59071965034529,-2.47810059600437,-0.459515787445707,-2.2256891378453,-8.96002563122118,10.9944444444444,0.211624003774004,-294.885596876926,moved OUT of parachute
686752,2024,"Pepiot, Ryan",503,252,47.6515320286887,19.067375758169,9.08875877575874,2477.34791252485,-1.41287980056269,-6.98252694780986,97,2.91078967758465,87.0154639175258,0.372031658545092,40.2938967617447,14.6589260135384,7.64713257117,-0.277668038659439,0.979144916530119,5.80212416320542,81.7770833333333,0.337809084896585,2383.35682819383,-7.357635266944,4.40844974463053,1.44162620458874,-1.13521176190325,-7.96167186433998,-2.89133448562077,5.23838058419244,0.0342225736485073,93.9910843310181,never parachute
663947,2026,"Holton, Tyler",127,66,43.8632135765369,13.5378161240147,8.00296062992126,1418.40157480315,0.0281528644471003,-0.728688205673872,24,7.09775804330181,81.2791666666667,0.238041666666667,36.4746538994998,12.7746448057911,7.41369047619048,-2.32132695113389,-6.51759338506108,-6.51073300978054,83.9627906976744,0.316813748783516,1641.81547619048,-7.38855967703714,0.763171318223593,0.589270153730785,2.34947981558099,5.7889051793872,13.6084910530824,-2.68362403100775,-0.0787720821168496,-223.413901387327,never parachute
805123,2026,"Blubaugh, AJ",257,115,33.0977472302332,15.7394729623988,10.017507155031,2345.0233463035,-0.481669306745322,-3.66060828625817,48,-2.00566420846023,87.66875,0.346234042553192,25.5487200068808,12.6911565488447,8.2227279400969,5.79534619680752,-3.8054367402004,5.309521762798,90.5944444444444,0.176300854700855,2368.12244897959,-7.54902722335237,3.04831641355407,1.79477921493413,-6.27701550355284,0.144828453942226,-7.31518597125823,-2.92569444444445,0.169933187852337,-23.0991026760898,never parachute
607259,2025,"Martinez, Nick",510,253,43.1481884495415,14.9577075718287,14.1035511982571,2010.39803921569,-0.785168748883295,0.656222249437393,95,-4.9854582785492,84.0726315789474,0.290161142484213,35.3225786726636,13.232396163293,12.4965701056577,0.506512554568902,4.97166881897417,0.827898055540711,80.0064516129032,0.282794528282149,2105.28322440087,-7.82560977687794,1.72531140853575,1.60698109259942,-1.2916813034522,-4.31544656953678,-5.81335633408991,4.06617996604415,0.00736661420206342,-94.885185185185,never parachute
658648,2024,"Avila, Pedro",310,190,31.752519279154,11.2573791759677,10.0355912034066,1727.64193548387,1.90965750205588,-1.85938064171211,66,-1.67059595378747,86.3924242424242,0.422121099629116,23.8690942582375,12.3386805308651,10.1879,3.3240217371175,5.01505057551415,5.96811840266849,88.175,0.321238770685579,1643.11111111111,-7.88342502091654,-1.08130135489742,-0.152308796593372,-1.41436423506162,-6.87443121722626,-7.63871435645596,-1.78257575757576,0.100882328943537,84.53082437276,never parachute
641154,2025,"López, Pablo",267,133,25.5715386321214,12.8518792553026,7.12551154685987,1795.93258426966,-1.09660552246235,-3.14151143185567,54,-8.23986032289199,86.7055555555556,0.371587114525218,17.0116541399499,9.38597918270462,6.53573119791631,-0.480236121401233,-5.1897622074145,7.36624446401554,84.4090909090909,0.343150618843136,2108.34223706177,-8.5598844921715,3.46590007259794,0.589780348943558,-0.616369401061122,2.04825077555884,-15.6061047869075,2.29646464646464,0.0284364956820823,-312.409652792107,never parachute
700249,2025,"Povich, Cade",296,128,20.5042761634564,14.8198556267588,8.59444987279231,1145.30067567568,0.601587583946403,6.00337798954205,47,8.61002409509954,86.1042553191489,0.399827019778107,11.6838616471068,10.2544673681358,6.28595113846442,-1.65254114802435,2.24666427341467,-11.7186697410714,84.7342105263158,0.356564967342599,1717.76158940397,-8.82041451634962,4.565388258623,2.30849873432789,2.25412873197075,3.75671371612738,20.328693836171,1.37004479283314,0.0432620524355077,-572.460913728298,moved OUT of parachute
805673,2026,"Matthews, Zebby",154,64,31.5399509012485,14.3836334312785,9.00660758160759,1540.57792207792,-2.18088825512514,-8.46337343048819,37,-0.556053946132122,87.627027027027,0.348432432432432,21.7139882506775,12.4550105710546,8.75489071072554,-0.661853764257609,-4.32844740030281,-0.841988947553587,86.2967741935484,0.356925026451121,1499.36363636364,-9.825962650571,1.92862286022383,0.251716870882055,-1.51903449086753,-4.13492603018539,0.285935001421465,1.33025283347864,-0.00849259401868818,41.2142857142858,never parachute
693821,2026,"Elder, Bryce",152,72,28.7305490903419,12.0518813387764,6.90748167888075,1355.30263157895,0.792463584456213,-9.31921108626167,34,-11.4765766471488,83.164705882353,0.278941176470588,17.8339745031757,11.471218300984,6.18686920890398,-2.85390856040477,-9.41824808818766,-4.37022801583786,89.5225806451613,0.388981683525409,2175.4752851711,-10.8965745871662,0.580663037792485,0.720612469976765,3.64637214486098,0.0990370019259927,-7.10634863131094,-6.35787476280834,-0.110040507054821,-820.172653592156,never parachute
592866,2025,"Williams, Trevor",186,65,39.9521976351122,8.93698830517186,6.42747548632673,1485.63440860215,-0.158524818975983,4.69280824303422,27,-10.7865637885136,84.3407407407407,0.36308835978836,28.060861920633,9.05288656068664,6.11569059322899,-0.429301702308556,-6.52301727178696,3.46169577417596,87.6176470588236,0.372929042108647,1636.56424581006,-11.8913357144791,-0.115898255514786,0.311784893097733,0.270776883332573,11.2158255148212,-14.2482595626896,-3.27690631808279,-0.00984068232028706,-150.929837207905,never parachute
571945,2026,"Mikolas, Miles",119,55,25.1913318568047,15.0748294057433,7.2618622999322,1538.53781512605,-3.78625670910834,-15.2137957464253,29,-3.68478719665822,90.2344827586207,0.394620689655172,12.7920349230531,9.65453149605777,7.0614847161572,0.101943007580943,-9.28091373708373,2.95346486861224,87.3333333333333,0.350471901385905,1659.20701754386,-12.3992969337516,5.42029790968549,0.200377583775002,-3.88819971668928,-5.93288200934152,-6.63825206527046,2.90114942528736,0.0441487882692678,-120.669202417809,moved OUT of parachute
670950,2024,"Richards, Trevor",619,253,64.8105710150522,22.0102830275762,13.1372815528139,2600.74636510501,0.133396251094777,-3.73093331375794,89,-1.41267529846288,84.2494382022472,0.256047554080425,48.9605855664366,18.976025477368,10.6071929737261,-0.449457874068625,6.56377565386231,-5.59056508566173,84.5289473684211,0.469055295082205,2553.84713375796,-15.8499854486157,3.03425755020816,2.53008857908778,0.582854125163402,-10.2947089676203,4.17788978719885,-0.279509166173867,-0.21300774100178,46.8992313470462,never parachute
