Pitcher,PitcherTeam,PitcherHeight,PitcherThrows,PitcherId,school,year,pitches
"Muirhead, Adam",TEX_ISL,75,RIGHT,1000093874,A&M-Corpus Christi,2025,18
"Huerta, Aiden",TEX_ISL,71,Right,1000118454,A&M-Corpus Christi,2024,28
"Santos IV, Alberto",TEX_ISL,74,,1000304235,A&M-Corpus Christi,2025,84
"Sendejas, Anthony",TEX_ISL,74,Left,1000136361,A&M-Corpus Christi,2024,9
"Dean, Austin",TEX_ISL,72,Right,1000101602,A&M-Corpus Christi,2023,59
"Dean, Austin",TEX_ISL,72,Right,1000101602,A&M-Corpus Christi,2024,69
"LaRusso, Braden",TEX_ISL,73,RIGHT,1000162891,A&M-Corpus Christi,2025,165
"Shea, Bryson",TEX_ISL,74,RIGHT,10313326,A&M-Corpus Christi,2025,190
"Burdick, Gage",TEX_ISL,71,LEFT,1000093913,A&M-Corpus Christi,2025,169
"Soliz, Cam",TEX_ISL,70,Right,1000275382,A&M-Corpus Christi,2024,85
"Soliz, Cam",TEX_ISL,70,RIGHT,1000275382,A&M-Corpus Christi,2025,104
"Cano, Dante",TEX_ISL,76,LEFT,1000196148,A&M-Corpus Christi,2025,44
"Purcell, Colin",TEX_ISL,76,Right,1000098345,A&M-Corpus Christi,2023,108
"Crane, Tristan",TEX_ISL,72,RIGHT,1000307773,A&M-Corpus Christi,2025,73
"LeBlanc, Dalton",TEX_ISL,72,Left,1000213830,A&M-Corpus Christi,2023,10
"Darden, Nathan",TEX_ISL,72,RIGHT,10297033,A&M-Corpus Christi,2025,107
"Dean, David",TEX_ISL,76,LEFT,822037,A&M-Corpus Christi,2025,136
"Dickey, Kyle",TEX_ISL,73,Left,1000119862,A&M-Corpus Christi,2023,49
"Dove, Kendall",TEX_ISL,77,Right,1000304267,A&M-Corpus Christi,2024,109
"Hill, Dylan",TEX_ISL,75,RIGHT,1000304240,A&M-Corpus Christi,2025,36
"Smith, Easten",TEX_ISL,71,RIGHT,1000261621,A&M-Corpus Christi,2025,146
"Hendricks, Evans",TEX_ISL,72,Left,1000127332,A&M-Corpus Christi,2023,103
"Hendricks, Evans",TEX_ISL,72,Left,1000127332,A&M-Corpus Christi,2024,38
"Feltz, Samuel",TEX_ISL,73,Right,287874,A&M-Corpus Christi,2023,37
"Feltz, Samuel",TEX_ISL,73,Right,10279464,A&M-Corpus Christi,2024,46
"Garcia, Zach",TEX_ISL,74,Left,1000119864,A&M-Corpus Christi,2023,128
"Garcia, Zach",TEX_ISL,74,Left,1000119864,A&M-Corpus Christi,2024,189
"Garcia, Zach",TEX_ISL,74,LEFT,1000119864,A&M-Corpus Christi,2025,424
"Gibbs, Kody",TEX_ISL,74,Right,10061994,A&M-Corpus Christi,2023,27
"Gutierrez, Marco",TEX_ISL,70,Right,1000119863,A&M-Corpus Christi,2023,60
"Thomas, Hayden",TEX_ISL,73,Right,8899081,A&M-Corpus Christi,2023,58
"Hill, Jack",TEX_ISL,76,Right,1000232004,A&M-Corpus Christi,2024,103
"Hunsaker, Riely",TEX_ISL,75,Right,1000304273,A&M-Corpus Christi,2024,110
"Infranca, Michael",TEX_ISL,69,LEFT,1000332398,A&M-Corpus Christi,2025,78
"Ramirez Jr., Jaime ",TEX_ISL,70,Left,1000056779,A&M-Corpus Christi,2023,31
"Trimble, James",TEX_ISL,72,Right,1000213826,A&M-Corpus Christi,2023,47
"Munoz, Joshua",TEX_ISL,69,Right,1000304264,A&M-Corpus Christi,2024,12
"Robertson, Luke",TEX_ISL,77,RIGHT,1000089651,A&M-Corpus Christi,2025,37
"Singleton, Luke",TEX_ISL,75,LEFT,1000136340,A&M-Corpus Christi,2025,155
"Thornton, Maddox",TEX_ISL,74,Right,1000304270,A&M-Corpus Christi,2024,83
"Molina, Matthew",TEX_ISL,72,RIGHT,10316027,A&M-Corpus Christi,2025,112
"Watson, Matthew",TEX_ISL,77,Right,1000213825,A&M-Corpus Christi,2023,86
"Watson, Matthew",TEX_ISL,77,Right,1000213825,A&M-Corpus Christi,2024,212
"Villegas, Nash",TEX_ISL,78,Right,1000213828,A&M-Corpus Christi,2023,33
"Watkins, Preston",TEX_ISL,75,RIGHT,1000188594,A&M-Corpus Christi,2025,93
"Santos, Tito",TEX_ISL,74,RIGHT,1000275373,A&M-Corpus Christi,2025,33
"Byrd, Adam",ABI_WIL,71,Left,1000112228,Abilene Christian,2023,232
"Stephenson, Adam",ABI_WIL,73,Left,1000012643,Abilene Christian,2023,633
"Albus, Dash",ABI_WIL,71,Left,1000231953,Abilene Christian,2024,237
"Anderson, Blake",ABI_WIL,71,Right,1000080527,Abilene Christian,2023,654
"Guardino, Andrew",ABI_WIL,76,Right,1000132290,Abilene Christian,2025,175
"Glaze, Austin",ABI_WIL,73,Right,1000078238,Abilene Christian,2023,865
"Glaze, Austin",ABI_WIL,74,Right,809495,Abilene Christian,2024,484
"Leisure, Beau",ABI_WIL,76,Right,806478,Abilene Christian,2024,45
"Benson, Chandler",ABI_WIL,71,Left,801206,Abilene Christian,2024,481
"Benson, Chandler",ABI_WIL,71,Left,801206,Abilene Christian,2025,413
"Berberich, Sam",ABI_WIL,71,Right,1000080963,Abilene Christian,2023,390
"palmer, blaine",ABI_WIL,71,Right,1000138166,Abilene Christian,2023,37
"Palmer, Blaine",ABI_WIL,71,Right,809493,Abilene Christian,2024,316
"Palmer, Blaine",ABI_WIL,71,Right,809493,Abilene Christian,2025,348
"Boggan, Drake",ABI_WIL,72,Right,1000112230,Abilene Christian,2023,466
"Coe, Brady",ABI_WIL,69,Right,830786,Abilene Christian,2025,259
"Eichelberger, Breck",ABI_WIL,76,Right,1000063433,Abilene Christian,2023,890
"Garcia, Brett",ABI_WIL,74,Right,1000056258,Abilene Christian,2024,430
"Lanman, Brett",ABI_WIL,76,Left,822843,Abilene Christian,2024,711
"Lanman, Brett",ABI_WIL,77,Left,822843,Abilene Christian,2025,797
"Gay, Brooks",ABI_WIL,74,Right,10020749,Abilene Christian,2023,179
"Greanead, Caden",ABI_WIL,75,Right,822831,Abilene Christian,2024,465
"Greanead, Caden",ABI_WIL,75,Right,822831,Abilene Christian,2025,318
"McGarrh, Cade",ABI_WIL,75,Right,1000107414,Abilene Christian,2024,397
"McGarrh, Cade",ABI_WIL,75,Right,1000107414,Abilene Christian,2025,819
"Callaway, Stetson",ABI_WIL,76,Right,1000364892,Abilene Christian,2025,38
"Campa, Iain",ABI_WIL,75,Right,822837,Abilene Christian,2024,698
"Campa, Iain",ABI_WIL,75,Right,822837,Abilene Christian,2025,186
"Carbone, Joseph",ABI_WIL,72,Left,822842,Abilene Christian,2024,24
"Carbone, Joseph",ABI_WIL,72,Left,822842,Abilene Christian,2025,10
"Freeman, Chandler",ABI_WIL,71,Right,683158,Abilene Christian,2024,265
"Freeman, Chandler",ABI_WIL,71,Right,683158,Abilene Christian,2025,80
"Huspen, Colin",ABI_WIL,74,Right,830792,Abilene Christian,2025,29
"Cone, Henry",ABI_WIL,73,Right,1000213562,Abilene Christian,2025,156
"Hrbacek, Cooper",ABI_WIL,72,Right,1000115965,Abilene Christian,2025,148
"De La Cruz, Rolando",ABI_WIL,72,Right,1000070152,Abilene Christian,2023,237
"De La Cruz, Rolando",ABI_WIL,73,Right,809504,Abilene Christian,2024,462
"Jeon, David",ABI_WIL,72,Right,1000250430,Abilene Christian,2025,188
"Reid, Dominick",ABI_WIL,75,Right,805255,Abilene Christian,2025,915
"Foster, Nolan",ABI_WIL,74,Right,809724,Abilene Christian,2024,114
"Foster, Nolan",ABI_WIL,74,Right,809724,Abilene Christian,2025,163
"Galvan, Noah",ABI_WIL,71,Right,822833,Abilene Christian,2025,142
"Gibson, Holt",ABI_WIL,74,Right,10033650,Abilene Christian,2023,22
"Gonzalez, Oj",ABI_WIL,72,Right,10086533,Abilene Christian,2024,76
"Gonzalez, Oj",ABI_WIL,72,Right,10086533,Abilene Christian,2025,199
"Huffling, Max",ABI_WIL,81,Left,1000092505,Abilene Christian,2023,653
"Krkovski, Luke",ABI_WIL,76,Left,1000050065,Abilene Christian,2023,450
"Krkovski, Luke",ABI_WIL,77,Left,1000050065,Abilene Christian,2024,85
"Matthews, Parker",ABI_WIL,77,Right,1000138176,Abilene Christian,2023,53
"Matthews, Parker",ABI_WIL,77,Right,809490,Abilene Christian,2024,136
"McKenna, Miles",ABI_WIL,76,Left,1000138173,Abilene Christian,2023,41
"Meyer, Nick",ABI_WIL,79,Left,1000138175,Abilene Christian,2023,56
"Meyer, Nick",ABI_WIL,79,Left,809503,Abilene Christian,2024,45
"Morgan, Tyler",ABI_WIL,72,Right,1000050253,Abilene Christian,2023,1106
"Smith, Zach",ABI_WIL,70,Right,1000028528,Abilene Christian,2023,502
"Bello, Jack",AIR_FOR,75,LEFT,1000116126,Air Force,2024,105
"Benge, Duke",AIR_FOR,71,Right,1000097888,Air Force,2023,424
"Weber, Ben",AIR_FOR,73,Right,1000112504,Air Force,2023,633
"Weber, Ben",AIR_FOR,73,RIGHT,1000112504,Air Force,2024,568
"Brantingham, Bowen",AIR_FOR,77,Right,10131650,Air Force,2025,328
"Russell, Charlie",AIR_FOR,77,Right,1000276072,Air Force,2025,308
"Spencer, Chase",AIR_FOR,73,Right,1000213111,Air Force,2023,83
"Spencer, Chase",AIR_FOR,73,Right,1000213111,Air Force,2024,17
"Collier, Joey",AIR_FOR,72,Left,10038895,Air Force,2023,200
"Collier, Joey",AIR_FOR,72,Left,1000240738,Air Force,2024,57
"Collier, Joey",AIR_FOR,72,Left,1000240738,Air Force,2025,142
"Loveridge, Cooper",AIR_FOR,75,Right,10017364,Air Force,2023,124
"Loveridge, Cooper",AIR_FOR,75,RIGHT,1000244006,Air Force,2024,65
"Smelcer, Cranz",AIR_FOR,78,Right,1000238460,Air Force,2025,756
"Crump, Jaxson",AIR_FOR,72,Right,1000090889,Air Force,2023,48
"Davidson, Patrick",AIR_FOR,76,Right,1000146522,Air Force,2024,102
"Davidson, Patrick",AIR_FOR,76,Right,1000146522,Air Force,2025,526
"Rhyne, Davis",AIR_FOR,77,Right,10109490,Air Force,2024,167
"Rhyne, Davis",AIR_FOR,77,Right,10109490,Air Force,2025,300
"Dillinger, Ethan",AIR_FOR,73,Left,10150469,Air Force,2024,146
"Dillinger, Ethan",AIR_FOR,73,Left,10150469,Air Force,2025,417
"Downing, Marcus",AIR_FOR,75,Right,1000300944,Air Force,2025,179
"Gehring, Doyle",AIR_FOR,74,Right,1000097889,Air Force,2023,554
"Gehring, Doyle",AIR_FOR,74,Right,1000097889,Air Force,2024,439
"Rogers, Dylan",AIR_FOR,75,Right,1000123794,Air Force,2023,602
"Rogers, Dylan",AIR_FOR,75,Right,1000123794,Air Force,2024,479
"Rogers, Dylan",AIR_FOR,75,Right,1000123794,Air Force,2025,517
"Miller, Easton",AIR_FOR,73,Right,1000367179,Air Force,2025,310
"Estridge, Gaines",AIR_FOR,74,Right,1000322550,Air Force,2024,205
"Estridge, Gaines",AIR_FOR,75,Right,1000249740,Air Force,2025,571
"Gilmore, Gunner",AIR_FOR,74,Right,1000155015,Air Force,2025,174
"Hawks, Sawyer",AIR_FOR,76,Right,1000123953,Air Force,2023,392
"Shuger, Jason",AIR_FOR,70,Right,1000078451,Air Force,2023,96
"Mitchell, John D",AIR_FOR,73,RIGHT,10135925,Air Force,2025,267
"Moats, Kyle",AIR_FOR,74,Left,1000058459,Air Force,2023,188
"Moats, Kyle",AIR_FOR,74,Left,1000058459,Air Force,2024,476
"Stohr, Ryan",AIR_FOR,73,Right,1000050251,Air Force,2023,262
"Shim, Seungmin",AIR_FOR,76,Left,1000097892,Air Force,2023,340
"Shim, Seungmin",AIR_FOR,76,Left,1000097892,Air Force,2024,698
"Pirkle, Aaron",AKR_ZIP,72,Left,1000235239,Akron,2023,116
"Allen, John",AKR_ZIP,74,Left,1000222790,Akron,2025,302
"Anservitz, Johnny",AKR_ZIP,75,Right,1000235926,Akron,2025,363
"Fett, Anthony",AKR_ZIP,76,Left,1000119906,Akron,2023,219
"Fett, Anthony",AKR_ZIP,76,Left,1000119906,Akron,2024,235
"Atkins, Spencer",AKR_ZIP,74,Right,1000119898,Akron,2023,76
"Atkins, Spencer",AKR_ZIP,74,Right,811642,Akron,2024,125
"Beall, Jacob",AKR_ZIP,75,Right,1000119893,Akron,2023,41
"Beall, Jacob",AKR_ZIP,75,Right,1000119893,Akron,2024,142
"Beall, Jacob",AKR_ZIP,75,Right,1000119893,Akron,2025,325
"Bednar, Taylor",AKR_ZIP,75,Right,10269029,Akron,2025,137
"Biglin, Brady",AKR_ZIP,74,Right,1000119905,Akron,2023,193
"Shaw, Bradyn",AKR_ZIP,74,Right,1000369336,Akron,2025,1
"Dietrich, Brett",AKR_ZIP,75,Left,1000080249,Akron,2023,172
"Dietrich, Brett",AKR_ZIP,75,Left,1000080249,Akron,2025,222
"Currah, Nathan",AKR_ZIP,76,Left,1000145602,Akron,2025,211
"Moore, David",AKR_ZIP,75,Right,10309147,Akron,2025,375
"Tourney, Dawson",AKR_ZIP,72,Left,1000127341,Akron,2024,147
"Tourney, Dawson",AKR_ZIP,72,Left,1000127341,Akron,2025,684
"Droste, Greyson",AKR_ZIP,74,Right,1000080243,Akron,2023,17
"Griffith, Elijah",AKR_ZIP,74,Right,10101861,Akron,2024,326
"Griffith, Elijah",AKR_ZIP,74,Right,10101861,Akron,2025,341
"Gillies, Emmett",AKR_ZIP,75,Right,10012544,Akron,2023,136
"Gillies, Emmett",AKR_ZIP,75,Right,10012544,Akron,2024,213
"Fenton, Jack",AKR_ZIP,72,Right,1000369340,Akron,2025,463
"Flowers, Sean",AKR_ZIP,73,Right,1000080350,Akron,2025,31
"Frasure, Jackson",AKR_ZIP,75,Right,1000072335,Akron,2025,209
"Kelley, Jack",AKR_ZIP,73,Right,1000121325,Akron,2024,120
"Kelley, Jack",AKR_ZIP,73,Right,1000121325,Akron,2025,690
"Krausher, Jacob",AKR_ZIP,75,Right,10006497,Akron,2023,41
"Schaeffer, Jared",AKR_ZIP,73,Right,1000303766,Akron,2024,160
"Schaeffer, Jared",AKR_ZIP,73,Right,1000303766,Akron,2025,1029
"Slepak, Jett",AKR_ZIP,74,Right,1000093351,Akron,2025,338
"Ross, Josiah",AKR_ZIP,73,Right,10307376,Akron,2024,235
"Ross, Josiah",AKR_ZIP,73,Right,10307376,Akron,2025,368
"Kahook, Yassir",AKR_ZIP,71,Right,1000036951,Akron,2023,64
"Kahook, Yassir",AKR_ZIP,71,Right,1000036951,Akron,2024,222
"Munday, Parker",AKR_ZIP,70,Left,10322206,Akron,2025,201
"Pangborn, Ty",AKR_ZIP,78,Right,1000369344,Akron,2025,42
"Perkins, Sean",AKR_ZIP,76,Right,10061036,Akron,2023,105
"Perkins, Sean",AKR_ZIP,76,Right,10061036,Akron,2024,158
"Perkins, Sean",AKR_ZIP,76,Right,10061036,Akron,2025,503
"Sutphin, Reece",AKR_ZIP,71,Left,10100407,Akron,2024,82
"Rex, Tre",AKR_ZIP,77,Left,10299041,Akron,2024,94
"Tortorella, Sammy",AKR_ZIP,75,Left,1000119907,Akron,2023,249
"Adams, Zane",ALA_CRI,76,LEFT,806019,Alabama,2024,957
"Adams, Zane",ALA_CRI,76,Left,806019,Alabama,2025,1199
"Finateri, Aeden",ALA_CRI,72,Right,696489,Alabama,2025,369
"Moza, Aidan",ALA_CRI,73,Right,10011620,Alabama,2023,236
"Moza, Aidan",ALA_CRI,73,RIGHT,1000262195,Alabama,2024,581
"Moza, Aidan",ALA_CRI,73,Right,1000262195,Alabama,2025,216
"Alcock, Bobby",ALA_CRI,77,Right,805275,Alabama,2025,687
"Pesci, Anthony",ALA_CRI,76,Right,813146,Alabama,2025,25
"Veasey, Ariston",ALA_CRI,73,RIGHT,1000091590,Alabama,2024,11
"Veasey, Ariston",ALA_CRI,73,Right,807252,Alabama,2025,104
"Morris, Austin",ALA_CRI,76,RIGHT,10099186,Alabama,2024,327
"Morris, Austin",ALA_CRI,76,Right,10099186,Alabama,2025,287
"Baker, Jackson",ALA_CRI,73,RIGHT,1000276601,Alabama,2024,12
"Ball, Connor",ALA_CRI,72,Left,1000112692,Alabama,2023,251
"Ball, Connor",ALA_CRI,72,Left,830749,Alabama,2025,82
"Banks, Hagan",ALA_CRI,76,Right,1000112695,Alabama,2023,438
"Banks, Hagan",ALA_CRI,76,RIGHT,1000112695,Alabama,2024,121
"Banks, Hagan",ALA_CRI,76,Right,695487,Alabama,2025,304
"Bryans, Beau",ALA_CRI,72,Left,827515,Alabama,2025,205
"Hess, Ben",ALA_CRI,77,Right,1000112690,Alabama,2023,482
"Hess, Ben",ALA_CRI,77,RIGHT,1000112690,Alabama,2024,1237
"Blackwood, JT",ALA_CRI,74,Right,1000362455,Alabama,2025,532
"Blatter, Brock",ALA_CRI,78,Right,10111275,Alabama,2023,182
"Bradley-Cooney, Packy",ALA_CRI,74,Right,822510,Alabama,2025,87
"Gainey, Brayden",ALA_CRI,72,Right,1000052192,Alabama,2023,154
"Myers, Braylon",ALA_CRI,74,Right,1000112691,Alabama,2023,434
"Myers, Braylon",ALA_CRI,74,RIGHT,1000112691,Alabama,2024,490
"Myers, Braylon",ALA_CRI,74,Right,1000112691,Alabama,2025,526
"Buchanan, Coulson",ALA_CRI,70,RIGHT,1000048663,Alabama,2024,457
"Buchanan, Coulson",ALA_CRI,70,Right,830737,Alabama,2025,351
"Ozmer, Carson",ALA_CRI,74,Right,828825,Alabama,2025,553
"Lehman, Connor",ALA_CRI,74,Left,827320,Alabama,2025,99
"Farone, Greg",ALA_CRI,78,LEFT,805661,Alabama,2024,1263
"Fay, Tyler",ALA_CRI,77,RIGHT,823789,Alabama,2024,609
"Fay, Tyler",ALA_CRI,77,Right,10111410,Alabama,2025,626
"Furtado, Hunter",ALA_CRI,76,Left,1000092973,Alabama,2023,449
"McMillan, Garrett",ALA_CRI,76,Right,1000112693,Alabama,2023,663
"George, Pierce",ALA_CRI,78,RIGHT,703670,Alabama,2024,192
"Hitt, Grayson",ALA_CRI,75,Left,1000069619,Alabama,2023,582
"Heiberger, Matthew",ALA_CRI,75,LEFT,1000136122,Alabama,2024,369
"Heiberger, Matthew",ALA_CRI,75,Left,1000136122,Alabama,2025,522
"Holman, Luke",ALA_CRI,76,Right,1000072785,Alabama,2023,1094
"Hoopes, Hunter",ALA_CRI,73,Right,1000112696,Alabama,2023,150
"Reynolds, Jackson",ALA_CRI,77,Right,1000146278,Alabama,2023,140
"Ketchum, Jack",ALA_CRI,75,Right,815476,Alabama,2025,35
"McNairy, Jacob",ALA_CRI,74,Right,1000061080,Alabama,2023,1074
"Leger, Jake",ALA_CRI,70,Left,1000112697,Alabama,2023,40
"Kenty, Jansen",ALA_CRI,72,LEFT,1000276603,Alabama,2024,152
"Snell, Kade",ALA_CRI,73,LEFT,1000146371,Alabama,2024,350
"Woods, Kade",ALA_CRI,75,Right,1000072137,Alabama,2023,385
"Mitchell, Sam",ALA_CRI,79,RIGHT,1000276605,Alabama,2024,88
"Probst, Zane",ALA_CRI,76,Right,1000101495,Alabama,2023,291
"Probst, Zane",ALA_CRI,76,RIGHT,1000101495,Alabama,2024,279
"Quick, Riley",ALA_CRI,78,Right,1000110610,Alabama,2023,394
"Quick, Riley",ALA_CRI,78,RIGHT,1000110610,Alabama,2024,42
"Quick, Riley",ALA_CRI,78,Right,804981,Alabama,2025,878
"Robertson, Tate",ALA_CRI,72,Left,830743,Alabama,2025,122
"Anaya, Nick",ALA_ANM,77,Right,1000307112,Alabama A&M,2024,17
"Mateo, Anthony",ALA_ANM,74,Right,10074014,Alabama A&M,2023,27
"Mateo, Anthony",ALA_ANM,74,Right,809437,Alabama A&M,2024,195
"McCready, Austin",ALA_ANM,73,Right,1000318963,Alabama A&M,2024,17
"Seaton, Avery",ALA_ANM,72,Right,1000307034,Alabama A&M,2024,43
"Seaton, Avery",ALA_ANM,72,Right,1000307034,Alabama A&M,2025,131
"Parker, Brett",ALA_ANM,77,Right,1000216567,Alabama A&M,2023,23
"Parker, Brett",ALA_ANM,77,Right,1000216567,Alabama A&M,2024,146
"Dolce, Bryce",ALA_ANM,73,Right,830310,Alabama A&M,2025,65
"Campbell, Tyler",ALA_ANM,72,Left,1000083237,Alabama A&M,2023,31
"Morris, Charles",ALA_ANM,75,Left,830316,Alabama A&M,2025,60
"Lazo, Charlie",ALA_ANM,72,Right,1000307057,Alabama A&M,2024,136
"Lazo, Charlie",ALA_ANM,72,Right,830299,Alabama A&M,2025,50
"Clark, Raymond",ALA_ANM,76,Left,830305,Alabama A&M,2025,107
"Hernandez, Dustin",ALA_ANM,76,Right,1000216565,Alabama A&M,2023,25
"Hernandez, Dustin",ALA_ANM,76,Right,1000216565,Alabama A&M,2024,53
"Rodriguez, Edgar",ALA_ANM,74,Right,1000396716,Alabama A&M,2025,100
"Hurlburt, Evan",ALA_ANM,72,Right,1000144883,Alabama A&M,2024,126
"Nicholson, Gabe ",ALA_ANM,70,Left,1000113532,Alabama A&M,2023,17
"Garcia, Jason",ALA_ANM,70,Left,1000034191,Alabama A&M,2023,42
"Hall, Jackson",ALA_ANM,72,Right,809431,Alabama A&M,2024,145
"Proper, Jaiden",ALA_ANM,73,Right,814245,Alabama A&M,2025,217
"Marono, Jason",ALA_ANM,72,Right,1000034202,Alabama A&M,2023,52
"Jones, Ryan",ALA_ANM,70,Left,1000307122,Alabama A&M,2024,77
"Nolley, Jordan",ALA_ANM,74,Right,830308,Alabama A&M,2025,104
"Valerio, Jose",ALA_ANM,72,Right,1000307090,Alabama A&M,2024,91
"Valerio, Jose",ALA_ANM,72,Right,830302,Alabama A&M,2025,38
"McLaughlin, Killian",ALA_ANM,71,Right,830303,Alabama A&M,2025,182
"Stokes, Kobe",ALA_ANM,73,Right,297589,Alabama A&M,2023,28
"Latimer, Vincent",ALA_ANM,72,Right,830296,Alabama A&M,2025,90
"Sorrell, Roman",ALA_ANM,74,Left,1000231902,Alabama A&M,2023,80
"Sorrell, Roman",ALA_ANM,73,Left,809423,Alabama A&M,2024,132
"Sales, Terence ",ALA_ANM,67,Left,1000232245,Alabama A&M,2023,31
"Scott, Trey",ALA_ANM,76,Right,1000307124,Alabama A&M,2024,182
"Scott, Trey",ALA_ANM,76,Right,830309,Alabama A&M,2025,99
"Burden, Alex",ALA_HOR,71,Left,807423,Alabama St.,2024,75
"LaPread, Ali",ALA_HOR,74,Right,1000081973,Alabama St.,2023,38
"Allred, Jackson",ALA_HOR,68,Right,1000120847,Alabama St.,2023,11
"Allred, Jackson",ALA_HOR,68,Left,801014,Alabama St.,2025,16
"Almazan, Jose",ALA_HOR,74,Right,822893,Alabama St.,2024,32
"Almazan, Jose",ALA_HOR,74,Right,822893,Alabama St.,2025,161
"Araujo, Caio",ALA_HOR,74,Right,822885,Alabama St.,2024,91
"Araujo, Caio",ALA_HOR,74,Right,822885,Alabama St.,2025,42
"King, Austin",ALA_HOR,76,Right,1000078457,Alabama St.,2023,51
"King, Austin",ALA_HOR,76,Right,809398,Alabama St.,2024,127
"Azar, Juan",ALA_HOR,71,Right,1000222579,Alabama St.,2023,63
"Bartkoski, Will",ALA_HOR,78,Right,1000206206,Alabama St.,2025,393
"Berrios, Juan",ALA_HOR,72,Left,814808,Alabama St.,2024,24
"Brooks, Devin",ALA_HOR,75,Right,1000106802,Alabama St.,2023,22
"Brooks, Devin",ALA_HOR,75,Right,809399,Alabama St.,2024,124
"Brooks, Devin",ALA_HOR,75,Right,809399,Alabama St.,2025,15
"Sanders, Caleb",ALA_HOR,73,Left,1000077242,Alabama St.,2025,524
"Christian, Javon",ALA_HOR,73,RIGHT,822887,Alabama St.,2025,104
"Colon, Sebastian",ALA_HOR,73,Right,1000063204,Alabama St.,2023,37
"Colon, Sebastian",ALA_HOR,73,Right,1000063204,Alabama St.,2024,77
"Colon, Shadai",ALA_HOR,71,Left,1000051604,Alabama St.,2023,57
"Colon, Shadai",ALA_HOR,71,Left,699718,Alabama St.,2025,312
"Ortiz, Daniel",ALA_HOR,72,Right,816131,Alabama St.,2025,14
"Del Valle, Marcos",ALA_HOR,77,Right,1000052039,Alabama St.,2023,48
"Douglas, Kameron",ALA_HOR,77,Right,1000092559,Alabama St.,2025,170
"Quiles, Evimael",ALA_HOR,76,Right,1000222527,Alabama St.,2023,50
"Loeffler, Jacob",ALA_HOR,76,Right,826823,Alabama St.,2025,17
"Martinez, Jafet",ALA_HOR,74,Right,815062,Alabama St.,2024,42
"Martinez, Jafet",ALA_HOR,74,Right,815062,Alabama St.,2025,519
"Peterson, James",ALA_HOR,74,Right,831286,Alabama St.,2025,10
"Laboy, Jorhan",ALA_HOR,69,Left,1000222551,Alabama St.,2023,230
"LaBoy, Jorhan",ALA_HOR,69,Left,805898,Alabama St.,2024,43
"LaBoy, Jorhan",ALA_HOR,69,Left,805898,Alabama St.,2025,588
"Toledano, Jose",ALA_HOR,75,Left,1000222570,Alabama St.,2023,77
"McIntosh, Kyler",ALA_HOR,73,Right,1000061894,Alabama St.,2023,166
"McIntosh, Kyler",ALA_HOR,73,Right,801013,Alabama St.,2025,149
"Long, Kyrin",ALA_HOR,74,Right,10024578,Alabama St.,2025,94
"Larson, Will",ALA_HOR,74,Left,823064,Alabama St.,2025,126
"Rodriguez, Luis",ALA_HOR,74,Right,1000102110,Alabama St.,2023,49
"Rodriguez, Luis",ALA_HOR,74,Right,693543,Alabama St.,2024,177
"Mendez, Osvaldo",ALA_HOR,72,Left,1000102109,Alabama St.,2023,42
"Morales, Wilfredo",ALA_HOR,71,Left,815188,Alabama St.,2024,53
"Power, Trey",ALA_HOR,70,Left,10148738,Alabama St.,2025,357
"Rivera, Ricardo",ALA_HOR,73,Left,1000056643,Alabama St.,2023,42
"Smith, Will",ALA_HOR,72,Right,1000313686,Alabama St.,2024,104
"Smith, Will",ALA_HOR,72,Right,1000313686,Alabama St.,2025,184
"Chirinos, Andres",ALC_BRA,74,Right,1000328472,Alcorn,2024,33
"Chirinos, Andres",ALC_BRA,74,Right,822108,Alcorn,2025,76
"Delgado, Austin",ALC_BRA,71,Right,1000226066,Alcorn,2023,8
"Guzman, Austin",ALC_BRA,71,Right,1000123182,Alcorn,2023,26
"Bell, Hunter",ALC_BRA,77,Right,10028189,Alcorn,2025,137
"Braziel, Kewan",ALC_BRA,70,Left,1000125666,Alcorn,2023,23
"Braziel, Kewan",ALC_BRA,70,Left,815175,Alcorn,2024,94
"Wade, Caden",ALC_BRA,70,Left,822110,Alcorn,2025,8
"Davis, Kanious",ALC_BRA,69,Right,10112010,Alcorn,2025,94
"Dews, Myles",ALC_BRA,74,Right,1000226070,Alcorn,2023,11
"Dews, Myles",ALC_BRA,74,Right,1000226070,Alcorn,2025,83
"Guzman, Edwin",ALC_BRA,71,Right,10911900,Alcorn,2025,47
"Exi, Guershon",ALC_BRA,75,Right,822093,Alcorn,2025,104
"Ford, Jermel",ALC_BRA,71,Left,1000123187,Alcorn,2023,60
"Ford, Jermel",ALC_BRA,72,Left,822086,Alcorn,2025,86
"Garcia, Nico",ALC_BRA,73,Right,,Alcorn,2024,42
"Konkler, Hayden",ALC_BRA,75,Right,1000226077,Alcorn,2023,42
"Konkler, Hayden",ALC_BRA,75,Right,1000226077,Alcorn,2024,23
"Konkler, Hayden",ALC_BRA,75,Right,1000226077,Alcorn,2025,74
"Hopson, Kameron",ALC_BRA,74,Right,1000226053,Alcorn,2023,17
"Kameron, Hopson",ALC_BRA,74,Left,1000226053,Alcorn,2023,32
"Hopson, Kameron",ALC_BRA,74,Left,1000226053,Alcorn,2025,15
"Hunt, Stephen",ALC_BRA,70,Right,671603,Alcorn,2025,122
"Jackson, Kevin",ALC_BRA,69,Left,10117804,Alcorn,2023,20
"Jackson, Kevin",ALC_BRA,70,Left,10117804,Alcorn,2024,37
"Nailer, Jacobe",ALC_BRA,70,Right,822111,Alcorn,2025,100
"Johnson, Terrance",ALC_BRA,69,Right,1000226039,Alcorn,2025,32
"Lorenz, Michael",ALC_BRA,74,Right,198125,Alcorn,2023,22
"Lorenz, Michael",ALC_BRA,75,Right,10288208,Alcorn,2024,59
"Sanders, Luke",ALC_BRA,69,Left,1000406073,Alcorn,2025,47
"Barozzino, Conner",APP_MOU,73,Right,1000337797,App State,2025,466
"Beaty, Jake",APP_MOU,72,Left,10025433,App State,2023,228
"Beaty, Jake",APP_MOU,74,Left,1000242865,App State,2024,146
"Beaty, Jake",APP_MOU,74,Left,1000167962,App State,2025,419
"Best, Liam",APP_MOU,74,Right,1000257438,App State,2025,572
"Boyd, Carter",APP_MOU,73,Right,1000110060,App State,2024,40
"Boyd, Carter",APP_MOU,73,Right,1000110060,App State,2025,180
"Wilson, Bradley",APP_MOU,76,Right,1000192099,App State,2023,1029
"Wilson, Bradley",APP_MOU,76,Right,1000192099,App State,2024,664
"Wilson, Bradley",APP_MOU,76,Right,1000192099,App State,2025,905
"Brooks, Skylar",APP_MOU,73,Right,1000192122,App State,2023,255
"Cross, Caleb",APP_MOU,74,Right,1000101611,App State,2023,835
"Cross, Caleb",APP_MOU,74,Right,1000101611,App State,2025,1091
"Marks, Caleb",APP_MOU,73,Right,1000211292,App State,2025,337
"Clark, Calvert",APP_MOU,76,RIGHT,702692,App State,2025,340
"Chirico, Dante",APP_MOU,70,Right,1000075529,App State,2023,666
"Chirico, Dante",APP_MOU,70,Right,1000075529,App State,2024,604
"Little, Cody",APP_MOU,71,Right,1000115277,App State,2024,412
"Little, Cody",APP_MOU,71,Right,1000115277,App State,2025,420
"Welch, Collin",APP_MOU,71,Right,1000192105,App State,2023,626
"Welch, Collin",APP_MOU,72,Right,1000192105,App State,2024,390
"Welch, Collin",APP_MOU,72,Right,1000192105,App State,2025,258
"Coll, Luke",APP_MOU,73,Right,1000136795,App State,2024,30
"Coll, Luke",APP_MOU,73,Right,1000136795,App State,2025,22
"Smith, Cy",APP_MOU,72,Right,1000052165,App State,2024,53
"Ellington, Eli",APP_MOU,75,Left,1000025631,App State,2023,286
"Harris, Everette",APP_MOU,74,Right,810834,App State,2024,244
"Harris, Everette",APP_MOU,74,Right,810834,App State,2025,452
"Fisher, Jordan",APP_MOU,76,Right,1000137443,App State,2023,80
"Fisher, Jordan",APP_MOU,76,Right,1000137443,App State,2024,75
"Fisher, Jordan",APP_MOU,76,Right,1000137443,App State,2025,346
"LaSpaluto, Grey",APP_MOU,70,Right,1000114727,App State,2023,766
"LaSpaluto, Grey",APP_MOU,70,Right,1000114727,App State,2024,517
"Hamilton, Xander",APP_MOU,75,Right,1000051320,App State,2023,1361
"Henry, Jeriah",APP_MOU,75,Right,1000093766,App State,2023,117
"Steensma, Jackson",APP_MOU,76,Right,10012353,App State,2023,424
"Steensma, Jackson",APP_MOU,76,Right,10012353,App State,2024,711
"Zang, Jack",APP_MOU,76,Left,10098398,App State,2025,26
"Lewis, Zach",APP_MOU,74,Right,1000127413,App State,2023,226
"Lewis, Zach",APP_MOU,73,Right,1000127413,App State,2024,325
"Lewis, Zach",APP_MOU,73,Right,1000127413,App State,2025,69
"Oblen, Luke",APP_MOU,75,Right,1000072011,App State,2025,156
"Tramontana, Max",APP_MOU,74,Right,808858,App State,2024,297
"Tramontana, Max",APP_MOU,74,Right,808858,App State,2025,155
"Watson, Reyn",APP_MOU,75,Left,1000232849,App State,2025,269
"Sleeper, Ryan",APP_MOU,76,Left,1000047560,App State,2023,355
"Sleeper, Ryan",APP_MOU,76,Left,1000047560,App State,2024,243
"Whitley, Seth",APP_MOU,74,Right,1000090928,App State,2023,263
"Tujetsch, Trey",APP_MOU,70,Right,1000036980,App State,2023,221
"Tujetsch, Trey",APP_MOU,71,Right,1000036980,App State,2024,474
"Tuthill, Tyler",APP_MOU,75,Left,1000049247,App State,2024,286
"May, Aiden",ARI_WIL,74,Right,1000132723,Arizona,2023,756
"Alberini, Hunter",ARI_WIL,74,Right,828043,Arizona,2025,500
"Susac, Anthony",ARI_WIL,75,RIGHT,1000066414,Arizona,2023,531
"Susac, Anthony",ARI_WIL,75,RIGHT,695618,Arizona,2024,382
"Susac, Anthony",ARI_WIL,75,,695618,Arizona,2025,270
"Arias Jr., George",ARI_WIL,70,Right,8900372,Arizona,2023,145
"Bailey, Smith",ARI_WIL,76,Right,815344,Arizona,2025,1137
"Barraza, Chris",ARI_WIL,72,Right,1000057856,Arizona,2023,411
"Berg, Jack",ARI_WIL,76,Left,830241,Arizona,2025,175
"Zastrow, Bradon",ARI_WIL,74,Left,1000085573,Arizona,2023,809
"Zastrow, Bradon",ARI_WIL,74,Left,1000085573,Arizona,2024,292
"Zastrow, Bradon",ARI_WIL,74,,1000085573,Arizona,2025,109
"McKnight, Bryce",ARI_WIL,72,Right,822665,Arizona,2024,72
"McKnight, Bryce",ARI_WIL,72,Right,822665,Arizona,2025,106
"Candiotti, Clark",ARI_WIL,76,Right,690711,Arizona,2024,1090
"Candiotti, Clark",ARI_WIL,76,,690711,Arizona,2025,280
"Johnson, Carson",ARI_WIL,76,Right,822508,Arizona,2025,249
"Hintz, Casey",ARI_WIL,70,Right,1000138543,Arizona,2023,303
"Hintz, Casey",ARI_WIL,71,Right,808750,Arizona,2024,390
"Hintz, Casey",ARI_WIL,72,Right,808750,Arizona,2025,1007
"Coppola, Christian",ARI_WIL,77,Right,1000116423,Arizona,2025,116
"McKinney, Collin",ARI_WIL,77,Right,803289,Arizona,2025,1236
"Netz, Dawson",ARI_WIL,73,Right,1000047967,Arizona,2023,301
"Netz, Dawson",ARI_WIL,73,Right,683100,Arizona,2024,252
"Netz, Dawson",ARI_WIL,73,,683100,Arizona,2025,36
"Drees, Derek",ARI_WIL,78,Right,1000024441,Arizona,2023,277
"Elarton, Kenan",ARI_WIL,77,Right,1000107487,Arizona,2025,226
"Orloff, Eric",ARI_WIL,75,Left,1000114734,Arizona,2023,282
"Orloff, Eric",ARI_WIL,75,Left,800601,Arizona,2024,300
"Orloff, Eric",ARI_WIL,75,Left,800601,Arizona,2025,394
"Garayzar, Raul",ARI_WIL,76,Right,814340,Arizona,2024,199
"Garayzar, Raul",ARI_WIL,76,Right,814340,Arizona,2025,979
"Hicks, Garrett",ARI_WIL,73,Right,830248,Arizona,2025,811
"Heyne, Kyler",ARI_WIL,72,Right,813492,Arizona,2024,351
"Heyne, Kyler",ARI_WIL,72,,813492,Arizona,2025,122
"Kent, Jackson",ARI_WIL,75,Left,1000096170,Arizona,2023,426
"Kent, Jackson",ARI_WIL,75,Left,800600,Arizona,2024,1204
"Kent, Jackson",ARI_WIL,75,,800600,Arizona,2025,290
"Swanberg, Jaeden",ARI_WIL,75,Left,822580,Arizona,2024,172
"Swanberg, Jaeden",ARI_WIL,75,,1000162048,Arizona,2025,54
"Randall, Josh",ARI_WIL,76,Right,1000114737,Arizona,2023,26
"Tonghini, Julian",ARI_WIL,76,Right,1000119461,Arizona,2025,548
"Muck, Karter",ARI_WIL,74,Right,809979,Arizona,2025,51
"Kramkowski, Owen",ARI_WIL,74,Right,822648,Arizona,2024,56
"Kramkowski, Owen",ARI_WIL,75,Right,822648,Arizona,2025,1311
"Long, Trevor",ARI_WIL,73,Right,1000069891,Arizona,2023,416
Long Trevor,ARI_WIL,73,Right,1000069891,Arizona,2023,22
"Long, Trevor",ARI_WIL,73,Right,694995,Arizona,2024,116
"Long, Trevor",ARI_WIL,73,,694995,Arizona,2025,54
"Moeller, Luke",ARI_WIL,74,Right,1000102248,Arizona,2023,17
"Martinez, Matthew",ARI_WIL,71,Right,822579,Arizona,2025,380
"Russell, Mason",ARI_WIL,72,Left,815533,Arizona,2025,248
"Nichols, TJ",ARI_WIL,77,Right,1000070053,Arizona,2023,774
"Pluta, Tony",ARI_WIL,67,Right,1000138546,Arizona,2023,109
"Pluta, Tony",ARI_WIL,68,Right,1000138546,Arizona,2024,322
"Pluta, Tony",ARI_WIL,69,Right,1000138546,Arizona,2025,566
"Behrens, Adam",ARI_SUN,75,RIGHT,823008,Arizona St.,2024,68
"Alba, Jaden",ARI_SUN,75,RIGHT,814835,Arizona St.,2024,61
"Alba, Jaden",ARI_SUN,75,RIGHT,814835,Arizona St.,2025,719
"Belardes, Alec",ARI_SUN,74,RIGHT,823003,Arizona St.,2025,27
"Arlich, Max",ARI_SUN,75,LEFT,1000072286,Arizona St.,2025,191
"Barnes, Bradyn",ARI_SUN,73,LEFT,814818,Arizona St.,2024,77
"Barnes, Bradyn",ARI_SUN,73,LEFT,814818,Arizona St.,2025,28
"Barrett, Easton",ARI_SUN,72,LEFT,1000138601,Arizona St.,2025,505
"Jacobs, Ben",ARI_SUN,73,LEFT,800624,Arizona St.,2024,324
"Jacobs, Ben",ARI_SUN,73,LEFT,800624,Arizona St.,2025,1390
"Burns, Thomas",ARI_SUN,75,RIGHT,1000308278,Arizona St.,2024,207
"Buxton, Eli",ARI_SUN,77,RIGHT,10147976,Arizona St.,2025,132
"Carlon, Cole",ARI_SUN,77,LEFT,814817,Arizona St.,2024,295
"Carlon, Cole",ARI_SUN,77,LEFT,814817,Arizona St.,2025,778
"Daquila, Chance",ARI_SUN,72,RIGHT,801808,Arizona St.,2025,8
"Markl, Connor",ARI_SUN,73,LEFT,808901,Arizona St.,2024,383
"Markl, Connor",ARI_SUN,73,,808901,Arizona St.,2025,89
"Cornelius, Matt",ARI_SUN,72,LEFT,801987,Arizona St.,2024,52
"Schaefer, Derek",ARI_SUN,74,RIGHT,806213,Arizona St.,2025,410
"Fitzpatrick, Sean",ARI_SUN,72,LEFT,805028,Arizona St.,2024,192
"Fitzpatrick, Sean",ARI_SUN,72,LEFT,805028,Arizona St.,2025,212
"Giblin, Jonah",ARI_SUN,76,,1000069906,Arizona St.,2023,185
"Giblin, Jonah",ARI_SUN,76,RIGHT,694844,Arizona St.,2024,169
"Giblin, Jonah",ARI_SUN,76,RIGHT,694844,Arizona St.,2025,537
"Halvorson, Wyatt",ARI_SUN,75,RIGHT,1000308282,Arizona St.,2024,192
"Halvorson, Wyatt",ARI_SUN,75,RIGHT,1000308282,Arizona St.,2025,295
"Omlid, Hunter",ARI_SUN,74,RIGHT,804528,Arizona St.,2024,218
"Martinez, Jack",ARI_SUN,76,RIGHT,822956,Arizona St.,2025,1384
"Neely, Jake",ARI_SUN,76,RIGHT,10109903,Arizona St.,2025,70
"Kelly, Lucas",ARI_SUN,75,RIGHT,1000151944,Arizona St.,2025,434
"Lettow, Rohan",ARI_SUN,75,RIGHT,823007,Arizona St.,2025,192
"Meyer, Tyler",ARI_SUN,75,RIGHT,1000124077,Arizona St.,2024,96
"Meyer, Tyler",ARI_SUN,75,RIGHT,1000124077,Arizona St.,2025,27
"Schiefer, Ryan",ARI_SUN,75,RIGHT,700987,Arizona St.,2024,262
"Schiefer, Ryan",ARI_SUN,75,,700987,Arizona St.,2025,53
"Davis, Ashton",ARK_LIO,76,Right,1000055962,Ark.-Pine Bluff,2025,145
"Balachandran, Harish",ARK_LIO,69,Right,10294105,Ark.-Pine Bluff,2025,77
"Bargsley, Brannon",ARK_LIO,68,Right,1000227367,Ark.-Pine Bluff,2023,23
"Bedgood, Chris",ARK_LIO,72,Right,1000328647,Ark.-Pine Bluff,2024,35
"Bedgood, Chris",ARK_LIO,73,Right,1000328647,Ark.-Pine Bluff,2025,230
"VanMaanen, Ben",ARK_LIO,75,Right,1000227374,Ark.-Pine Bluff,2025,9
"Little, Brandon",ARK_LIO,68,Right,1000027743,Ark.-Pine Bluff,2023,89
"Voth, Brant",ARK_LIO,74,Right,687928,Ark.-Pine Bluff,2025,277
"Hamlin, Brendan",ARK_LIO,72,Right,10301071,Ark.-Pine Bluff,2025,265
"Kennett, Brett",ARK_LIO,77,Right,1000227377,Ark.-Pine Bluff,2023,45
"Brown, Darrius",ARK_LIO,72,Right,1000400329,Ark.-Pine Bluff,2025,87
"Brown, Jayden",ARK_LIO,72,Left,1000329974,Ark.-Pine Bluff,2024,47
"Brown, Jayden",ARK_LIO,72,Left,1000329974,Ark.-Pine Bluff,2025,98
"McClendon, Calvin",ARK_LIO,73,Left,809365,Ark.-Pine Bluff,2024,35
"Kenyon, Cole",ARK_LIO,76,Right,1000237682,Ark.-Pine Bluff,2025,187
"Ehling, Jacob",ARK_LIO,73,Right,1000073371,Ark.-Pine Bluff,2023,51
"Ehling, Jacob",ARK_LIO,73,Right,1000073371,Ark.-Pine Bluff,2024,13
"Gries-Smith, Eli",ARK_LIO,74,Right,1000136902,Ark.-Pine Bluff,2025,18
"Lott, Emerson",ARK_LIO,74,Right,10024376,Ark.-Pine Bluff,2025,246
"Fabian, Kenney",ARK_LIO,71,Right,10034973,Ark.-Pine Bluff,2025,283
"Fak, Steffan",ARK_LIO,72,Right,1000400363,Ark.-Pine Bluff,2025,158
"Perez, Frank",ARK_LIO,73,Left,1000120315,Ark.-Pine Bluff,2023,49
"Jackson, Kenny",ARK_LIO,75,Right,1000329969,Ark.-Pine Bluff,2024,60
"Riordan, Jacob",ARK_LIO,75,Right,1000099084,Ark.-Pine Bluff,2023,76
"Willis, Jaedon",ARK_LIO,70,Left,1000400332,Ark.-Pine Bluff,2025,17
"Lucas, Jaxson",ARK_LIO,72,Right,10009001,Ark.-Pine Bluff,2023,33
"Lucas, Jaxson",ARK_LIO,72,Right,10009001,Ark.-Pine Bluff,2024,27
"Willis, Jelani",ARK_LIO,73,Right,1000120321,Ark.-Pine Bluff,2025,46
"Jones, Jordan",ARK_LIO,75,Right,1000100994,Ark.-Pine Bluff,2023,71
"Jones, Jordan",ARK_LIO,75,Right,1000100994,Ark.-Pine Bluff,2024,58
"Little, Randy",ARK_LIO,75,Right,10028133,Ark.-Pine Bluff,2023,81
"Spence, Major",ARK_LIO,73,Left,1000111187,Ark.-Pine Bluff,2025,59
"Thomas, Mari",ARK_LIO,75,Right,1000313505,Ark.-Pine Bluff,2024,33
"Monceaux, Nate",ARK_LIO,75,Right,1000400358,Ark.-Pine Bluff,2025,201
"Niemann, Peyton",ARK_LIO,71,Right,1000100073,Ark.-Pine Bluff,2023,82
"Niemann, Peyton",ARK_LIO,71,Right,1000100073,Ark.-Pine Bluff,2024,11
"Williams, Terrius",ARK_LIO,71,Left,1000329971,Ark.-Pine Bluff,2024,27
"Adcock, Cody",ARK_RAZ,76,RIGHT,1000051773,Arkansas,2023,770
"Jimenez, Aiden",ARK_RAZ,75,RIGHT,10275290,Arkansas,2025,456
"Ledbetter, Austin",ARK_RAZ,73,RIGHT,1000091434,Arkansas,2023,458
"Beidelschies, Landon",ARK_RAZ,75,LEFT,804860,Arkansas,2025,884
"Bybee, Ben",ARK_RAZ,78,RIGHT,1000138369,Arkansas,2023,477
"Bybee, Ben",ARK_RAZ,78,RIGHT,1000138369,Arkansas,2024,448
"Bybee, Ben",ARK_RAZ,78,RIGHT,1000138369,Arkansas,2025,496
"McLaughlin, Ben",ARK_RAZ,75,RIGHT,1000121347,Arkansas,2023,72
"Tygart, Brady",ARK_RAZ,74,RIGHT,1000091435,Arkansas,2023,300
"Tygart, Brady",ARK_RAZ,74,RIGHT,1000091435,Arkansas,2024,1050
"Wiggins, Carson",ARK_RAZ,77,RIGHT,10080637,Arkansas,2025,243
"Carter, Dylan",ARK_RAZ,74,RIGHT,1000113169,Arkansas,2023,599
"Carter, Dylan",ARK_RAZ,74,RIGHT,701214,Arkansas,2024,161
"Carter, Dylan",ARK_RAZ,74,RIGHT,701214,Arkansas,2025,435
"Foutch, Christian",ARK_RAZ,75,RIGHT,10111496,Arkansas,2023,241
"Foutch, Christian",ARK_RAZ,75,RIGHT,1000239273,Arkansas,2024,344
"Foutch, Christian",ARK_RAZ,75,RIGHT,1000239273,Arkansas,2025,328
"Coil, Parker",ARK_RAZ,75,LEFT,1000111119,Arkansas,2023,367
"Coil, Parker",ARK_RAZ,75,LEFT,1000111119,Arkansas,2024,319
"Coil, Parker",ARK_RAZ,75,LEFT,702689,Arkansas,2025,191
"Gibler, Cole",ARK_RAZ,74,LEFT,815642,Arkansas,2025,279
"Fisher, Colin",ARK_RAZ,75,LEFT,1000276794,Arkansas,2024,413
"Fisher, Colin",ARK_RAZ,75,LEFT,1000276794,Arkansas,2025,327
"Dossett, Cooper",ARK_RAZ,72,RIGHT,1000069339,Arkansas,2023,58
"Dossett, Cooper",ARK_RAZ,72,RIGHT,702663,Arkansas,2024,246
"Dietz, Hunter",ARK_RAZ,78,LEFT,806059,Arkansas,2024,32
"Dietz, Hunter",ARK_RAZ,78,LEFT,806059,Arkansas,2025,19
"Eaves, Steele",ARK_RAZ,72,RIGHT,830326,Arkansas,2025,157
"Faherty, Jake",ARK_RAZ,75,RIGHT,1000138372,Arkansas,2023,22
"Faherty, Jake",ARK_RAZ,75,RIGHT,1000138372,Arkansas,2024,274
"Fitzpatrick, Sean",ARK_RAZ,72,LEFT,1000110999,Arkansas,2023,66
"Frank, Koty",ARK_RAZ,74,RIGHT,1000093468,Arkansas,2023,160
"Frank, Koty",ARK_RAZ,74,RIGHT,1000093468,Arkansas,2024,456
"Gaeckle, Gabe",ARK_RAZ,72,RIGHT,806076,Arkansas,2024,712
"Gaeckle, Gabe",ARK_RAZ,72,RIGHT,806076,Arkansas,2025,945
"Wood, Gage",ARK_RAZ,72,RIGHT,10064893,Arkansas,2023,589
"Wood, Gage",ARK_RAZ,72,RIGHT,805906,Arkansas,2024,717
"Wood, Gage",ARK_RAZ,72,RIGHT,805906,Arkansas,2025,295
"Griffin, Nick",ARK_RAZ,76,,690982,Arkansas,2025,42
"Smith, Hagen",ARK_RAZ,75,LEFT,1000072172,Arkansas,2023,1198
"Smith, Hagen",ARK_RAZ,75,LEFT,696146,Arkansas,2024,1367
"Hewlett, Stone",ARK_RAZ,73,LEFT,803108,Arkansas,2024,221
"Hollan, Hunter",ARK_RAZ,77,LEFT,1000052186,Arkansas,2023,1289
"Molina, Mason",ARK_RAZ,74,LEFT,695766,Arkansas,2024,1048
"McEntire, Will",ARK_RAZ,76,RIGHT,1000073262,Arkansas,2023,1201
"McEntire, Will",ARK_RAZ,76,RIGHT,693675,Arkansas,2024,917
"McEntire, Will",ARK_RAZ,76,RIGHT,693675,Arkansas,2025,309
"McGuire, Tate",ARK_RAZ,75,RIGHT,806479,Arkansas,2024,48
"McGuire, Tate",ARK_RAZ,75,RIGHT,806479,Arkansas,2025,339
"Morris, Zack",ARK_RAZ,75,LEFT,1000047549,Arkansas,2023,480
"Evers, Aaron",ASU_RED,75,Right,1000136308,Arkansas St.,2023,216
"Algee, Jake",ASU_RED,73,Right,1000084972,Arkansas St.,2023,357
"Algee, Jake",ASU_RED,73,,1000084972,Arkansas St.,2025,69
"Allen, Andrew",ASU_RED,74,Right,10149854,Arkansas St.,2025,173
"Butts, Arlon",ASU_RED,76,Right,1000101163,Arkansas St.,2023,611
"Butts, Arlon",ASU_RED,76,Right,1000101163,Arkansas St.,2024,340
"Armstrong, Chase",ASU_RED,75,Right,1000183190,Arkansas St.,2023,490
"Armstrong, Chase",ASU_RED,76,Right,1000183190,Arkansas St.,2024,16
"Armstrong, Chase",ASU_RED,75,Right,1000183190,Arkansas St.,2025,52
"Brock, Austin",ASU_RED,71,Left,1000059829,Arkansas St.,2023,154
"Brock, Austin",ASU_RED,71,,1000059829,Arkansas St.,2025,29
"Kapela, Austin",ASU_RED,73,Right,1000054752,Arkansas St.,2023,149
"Becker, Grayson",ASU_RED,73,Right,10062486,Arkansas St.,2023,97
"Foss, Brett",ASU_RED,76,Right,1000309948,Arkansas St.,2025,241
"Veniard, Brian",ASU_RED,77,Right,1000130813,Arkansas St.,2023,244
"Veniard, Brian",ASU_RED,77,Right,1000130813,Arkansas St.,2024,112
"Schares, Bryce",ASU_RED,75,Right,1000114618,Arkansas St.,2023,262
"Schares, Bryce",ASU_RED,75,Right,1000114618,Arkansas St.,2024,175
"Carmack, Kyler",ASU_RED,74,Right,1000119720,Arkansas St.,2023,1104
"Charlton, Max",ASU_RED,73,Right,1000098355,Arkansas St.,2023,378
"Charlton, Max",ASU_RED,74,Right,1000098355,Arkansas St.,2024,398
"Charlton, Max",ASU_RED,73.5,,1000098355,Arkansas St.,2025,123
"Richter, Chase",ASU_RED,73,Left,1000121555,Arkansas St.,2025,586
"Greiner, Coby",ASU_RED,74,Right,1000132203,Arkansas St.,2023,282
"Greiner, Coby",ASU_RED,73,Right,1000132203,Arkansas St.,2024,237
"Maloney, Collin",ASU_RED,75,Right,1000268389,Arkansas St.,2024,422
"Maloney, Collin",ASU_RED,75,Right,1000268389,Arkansas St.,2025,673
"Conover, Jacob",ASU_RED,70,Right,1000118756,Arkansas St.,2023,334
"Conover, Jacob",ASU_RED,70,Right,1000118756,Arkansas St.,2024,196
"Garrison, Cooper",ASU_RED,71,Right,1000352163,Arkansas St.,2025,323
"Hargrove, Dawson",ASU_RED,75,Right,10029945,Arkansas St.,2025,59
"Van der lelie, Jelle",ASU_RED,77,Right,1000256429,Arkansas St.,2024,655
"Van Der Lelie , Jelle",ASU_RED,77,Right,1000268407,Arkansas St.,2025,552
"Van Der Lelie, Jelle",ASU_RED,77,Right,1000268407,Arkansas St.,2025,57
"Draper, Hunter",ASU_RED,70,Left,10112935,Arkansas St.,2023,961
"Draper, Hunter",ASU_RED,70,Left,1000242866,Arkansas St.,2024,502
"Heine, Dylan",ASU_RED,78,Right,1000268397,Arkansas St.,2024,709
"Finan, Michael",ASU_RED,76,Right,1000132091,Arkansas St.,2023,354
"Finan, Michael",ASU_RED,77,Right,1000132091,Arkansas St.,2024,67
"Frederick, Jakob",ASU_RED,68,Left,1000119718,Arkansas St.,2023,178
"Frederick, Jakob",ASU_RED,68,,1000119718,Arkansas St.,2025,86
"Galy, Gavin",ASU_RED,74,Right,1000074423,Arkansas St.,2025,477
"Thiele, Garrett",ASU_RED,75,Right,1000214459,Arkansas St.,2025,5
"Williams, Jake Henry",ASU_RED,73,Right,1000077203,Arkansas St.,2023,117
"Williams, Jake Henry",ASU_RED,73,Right,1000077203,Arkansas St.,2024,305
"Hibbard, Jack",ASU_RED,72,Right,10126298,Arkansas St.,2025,833
"Ross, Hudson",ASU_RED,82,Right,1000140286,Arkansas St.,2024,100
"Nelson, Jack",ASU_RED,76,Left,1000170792,Arkansas St.,2025,705
"Martinez, Jalen",ASU_RED,73,Left,1000132293,Arkansas St.,2024,53
"McCormick, James",ASU_RED,79,Left,1000209102,Arkansas St.,2023,158
"Jeans, Tyler",ASU_RED,76,Right,1000082278,Arkansas St.,2023,887
"Jeans, Tyler",ASU_RED,76,,1000082278,Arkansas St.,2025,100
"Wiseman, Kevin",ASU_RED,73,Right,1000026758,Arkansas St.,2023,212
"Wiseman, Kevin",ASU_RED,73,,1000026758,Arkansas St.,2025,43
"Turner , Kole",ASU_RED,74,Right,1000268383,Arkansas St.,2024,450
"Turner, Kole",ASU_RED,74,Right,1000268383,Arkansas St.,2024,98
"Turner , Kole",ASU_RED,74,Right,1000268383,Arkansas St.,2025,644
"Turner, Kole",ASU_RED,74,Right,1000268383,Arkansas St.,2025,26
"Peterson, Sam",ASU_RED,77,Right,1000361231,Arkansas St.,2025,11
"Weimer, Tyler",ASU_RED,74,Right,10264832,Arkansas St.,2025,399
"Williams, Walker",ASU_RED,72,Left,1000048528,Arkansas St.,2024,251
"Williams, Walker",ASU_RED,70,Left,1000048528,Arkansas St.,2025,25
"Abell, Mark",ARM_BLA,69,Right,10301848,Army West Point,2024,97
"Abell, Mark",ARM_BLA,70,Right,10301848,Army West Point,2025,434
"Berg, Andrew",ARM_BLA,72,Right,10073766,Army West Point,2023,28
"Berg, Andrew",ARM_BLA,72,Right,10073766,Army West Point,2024,670
"Berg, Andrew",ARM_BLA,72,Right,1000164504,Army West Point,2025,834
"Ates, Trey",ARM_BLA,72,Right,10061567,Army West Point,2024,304
"Ates, Trey",ARM_BLA,72,Right,10061567,Army West Point,2025,449
"Brownlee, Bryce",ARM_BLA,72,Right,1000191612,Army West Point,2023,198
"Brownlee, Bryce",ARM_BLA,72,Right,1000191612,Army West Point,2024,390
"Brownlee, Bryce",ARM_BLA,72,Right,1000191612,Army West Point,2025,717
"Calvo, Walker",ARM_BLA,75,Right,10137324,Army West Point,2025,193
"Delph, Michael",ARM_BLA,73,Right,1000409959,Army West Point,2025,156
"Dennehy, Sean",ARM_BLA,71,Left,1000121600,Army West Point,2023,305
"Dennehy, Sean",ARM_BLA,71,Left,1000121600,Army West Point,2024,22
"Trippi, Dom",ARM_BLA,75,Right,1000123180,Army West Point,2023,337
"Trippi, Dom",ARM_BLA,75,Right,1000123180,Army West Point,2024,38
"Trippi, Dom",ARM_BLA,75,Right,1000123180,Army West Point,2025,41
"Finan, Trevor",ARM_BLA,72,Right,1000123179,Army West Point,2023,340
"Finan, Trevor",ARM_BLA,72,Right,1000123179,Army West Point,2024,52
"Graver, Steven",ARM_BLA,79,Right,1000121582,Army West Point,2023,281
"Graver, Steven",ARM_BLA,79,Right,1000121582,Army West Point,2024,723
"Gresham, Tanner",ARM_BLA,75,Right,1000121580,Army West Point,2023,466
"Gresham, Tanner",ARM_BLA,75,Right,1000121580,Army West Point,2024,116
"Kliethermes, Harrison",ARM_BLA,74,Right,1000187056,Army West Point,2025,10
"Hart, Will",ARM_BLA,71,Left,1000084079,Army West Point,2023,157
"Standlee, Ian",ARM_BLA,74,Right,10138770,Army West Point,2025,18
"Vanderhave, Jakob",ARM_BLA,72,Right,10110049,Army West Point,2024,37
"Rubin, Joel",ARM_BLA,74,Right,1000074417,Army West Point,2024,188
"Valchar, Joe",ARM_BLA,73,Right,1000187375,Army West Point,2023,284
"Valchar, Joe",ARM_BLA,74,Right,1000187375,Army West Point,2024,202
"Valchar, Joe",ARM_BLA,73,Right,1000187375,Army West Point,2025,369
"Oxios, John",ARM_BLA,72,Right,10073638,Army West Point,2024,25
"Lehman, Justin",ARM_BLA,74,Right,1000136807,Army West Point,2024,965
"Lehman, Justin",ARM_BLA,74,Right,1000136807,Army West Point,2025,807
"Youmans, Kaden",ARM_BLA,69,Right,10183937,Army West Point,2025,268
"Reavey, Kevin",ARM_BLA,75,Right,10281986,Army West Point,2025,368
"Massey, Parker",ARM_BLA,74,Left,1000191614,Army West Point,2025,5
"Ronnebaum, Matthew",ARM_BLA,74,Right,1000121599,Army West Point,2023,667
"Ronnebaum, Matthew",ARM_BLA,74,Right,1000121599,Army West Point,2024,847
"Melampy, Patrick",ARM_BLA,77,Right,1000084078,Army West Point,2023,312
"Penswick, Robbie",ARM_BLA,73,Right,10109831,Army West Point,2024,121
"Penswick, Robbie",ARM_BLA,73,Right,10109831,Army West Point,2025,465
"Prichard, Tyler",ARM_BLA,71,Left,1000121581,Army West Point,2023,283
"Chancellor, Abe",AUB_TIG,75,LEFT,1000268022,Auburn,2025,72
"Alvarez, Andreas",AUB_TIG,70,RIGHT,813951,Auburn,2025,556
"Armstrong, John",AUB_TIG,71,,1000097832,Auburn,2023,603
"Armstrong, John",AUB_TIG,71,,1000097832,Auburn,2024,542
"Armstrong, John",AUB_TIG,71,RIGHT,800690,Auburn,2025,312
"Schorr, Ben",AUB_TIG,73,,1000069395,Auburn,2024,101
"Schorr, Ben",AUB_TIG,73,RIGHT,694986,Auburn,2025,146
"Fisher, Cade",AUB_TIG,75,LEFT,702651,Auburn,2025,538
"Carlson, Parker",AUB_TIG,74,,1000090856,Auburn,2023,291
"Carlson, Parker",AUB_TIG,74,,1000090856,Auburn,2024,405
"Carlson, Parker",AUB_TIG,74,RIGHT,800686,Auburn,2025,330
"Myers, Carson",AUB_TIG,75,,1000126835,Auburn,2024,753
"Myers, Carson",AUB_TIG,75,LEFT,1000126835,Auburn,2025,612
"Chatterton, Christian",AUB_TIG,72,RIGHT,815362,Auburn,2025,700
"Dutton, Samuel",AUB_TIG,71,RIGHT,695542,Auburn,2025,1123
"Watts, Dylan",AUB_TIG,76,,1000190931,Auburn,2024,510
"Watts, Dylan",AUB_TIG,76,RIGHT,814346,Auburn,2025,494
"Graves, Griffin",AUB_TIG,70,,1000092554,Auburn,2024,126
"Graves, Griffin",AUB_TIG,70,LEFT,1000092554,Auburn,2025,301
"Murphy, Hayden",AUB_TIG,76,,1000088332,Auburn,2023,300
"Murphy, Hayden",AUB_TIG,76,,1000088332,Auburn,2024,217
"Murphy, Hayden",AUB_TIG,76,RIGHT,1000088332,Auburn,2025,170
"Hetzler, Ryan",AUB_TIG,71,RIGHT,1000111331,Auburn,2025,341
"Sanders, Jackson",AUB_TIG,75,LEFT,1000107823,Auburn,2025,269
"Johnston, Jett",AUB_TIG,73,RIGHT,814347,Auburn,2025,195
"Koch, Mason",AUB_TIG,73,RIGHT,823095,Auburn,2025,51
"Roberts, Saxon",AUB_TIG,77,RIGHT,820826,Auburn,2025,35
"Lewis, Aaron",AUS_GOV,74,Right,830381,Austin Peay,2025,124
"Walker, Adam",AUS_GOV,73,Right,809248,Austin Peay,2024,392
"Walker, Adam",AUS_GOV,73,Right,809248,Austin Peay,2025,54
"Airington, Cody",AUS_GOV,74,Right,830380,Austin Peay,2025,453
"Devine, Andrew",AUS_GOV,69,Right,683153,Austin Peay,2024,562
"Applebey, Kaleb",AUS_GOV,79,Right,701186,Austin Peay,2025,344
"Smith, Ashton",AUS_GOV,71,Right,10113129,Austin Peay,2023,67
"Braunecker, Gavin",AUS_GOV,74,Left,830386,Austin Peay,2025,629
"Lanham, Brody",AUS_GOV,78,Right,830383,Austin Peay,2025,178
"Holt, Campbell",AUS_GOV,73,Left,1000050029,Austin Peay,2023,492
"Holt, Campbell",AUS_GOV,72,Left,1000050029,Austin Peay,2024,354
"Holt, Campbell",AUS_GOV,72,Left,687533,Austin Peay,2025,56
"Rice, Cannon",AUS_GOV,70,Right,830382,Austin Peay,2025,47
"Cox, Chance",AUS_GOV,74,Left,1000139292,Austin Peay,2025,627
"Crawford, Devin",AUS_GOV,75,Right,1000132448,Austin Peay,2023,208
"Merrill, Dan",AUS_GOV,79,Right,1000112423,Austin Peay,2023,260
"Pollard, Davin",AUS_GOV,76,Right,1000138080,Austin Peay,2023,436
"Pollard, Davin",AUS_GOV,75,Left,1000138080,Austin Peay,2024,16
"Pollard, Davin",AUS_GOV,75,Right,1000138080,Austin Peay,2025,43
"Oak, Deaton",AUS_GOV,75,Right,802144,Austin Peay,2024,151
"Oak, Deaton",AUS_GOV,75,Right,802144,Austin Peay,2025,66
"Merriweather, Dj",AUS_GOV,71,Left,10167373,Austin Peay,2024,370
"Merriweather, DJ",AUS_GOV,71,Left,830378,Austin Peay,2025,145
"Foulke, Kade",AUS_GOV,73,Left,830384,Austin Peay,2025,169
"Glidewell, Lyndon",AUS_GOV,76,Right,830389,Austin Peay,2025,882
"Hampu, Tyler",AUS_GOV,72,Right,1000138078,Austin Peay,2023,461
"Hampu, Tyler",AUS_GOV,74,Right,1000138078,Austin Peay,2024,296
"Howitt, Josh",AUS_GOV,77,Left,1000075049,Austin Peay,2024,401
"Robinson, Jackie",AUS_GOV,71,Left,1000121611,Austin Peay,2023,404
"Robinson, Jackie",AUS_GOV,71,Left,1000121611,Austin Peay,2024,393
"Kush, Jacob",AUS_GOV,68,Right,1000018271,Austin Peay,2023,863
"Weaver, Jacob",AUS_GOV,75,Right,1000114237,Austin Peay,2023,491
"Weaver, Jacob",AUS_GOV,75,Right,1000114237,Austin Peay,2024,1016
"Weaver, Jacob",AUS_GOV,75,Right,1000114237,Austin Peay,2025,644
"James, Nick",AUS_GOV,71,Left,1000074309,Austin Peay,2023,270
"Jula, Peyton",AUS_GOV,73,Right,1000078522,Austin Peay,2023,604
"Shatwell, Kade",AUS_GOV,76,Right,702514,Austin Peay,2025,383
"Washington, Khaden",AUS_GOV,76,Left,803335,Austin Peay,2024,251
"Klingenbeck, Kyle",AUS_GOV,72,Right,1000248564,Austin Peay,2024,127
"Magrans, Kyle",AUS_GOV,74,Right,1000077078,Austin Peay,2023,421
"Slemp, Landon",AUS_GOV,74,Right,90000191891,Austin Peay,2025,433
"Rolland, Luke",AUS_GOV,72,Right,10014125,Austin Peay,2024,430
"Miller-Green, Lyle",AUS_GOV,77,Right,1000052295,Austin Peay,2023,839
"Miller-Green, Lyle",AUS_GOV,77,Right,1000052295,Austin Peay,2024,560
"Robinson, Michael",AUS_GOV,75,Right,1000114243,Austin Peay,2023,8
"Rector, Paul",AUS_GOV,71,Right,1000120307,Austin Peay,2023,436
"Scott, Shawn",AUS_GOV,74,Left,808742,Austin Peay,2024,115
"Scott, Shawn",AUS_GOV,74,Left,808742,Austin Peay,2025,6
"Washington, Solomon",AUS_GOV,72,Right,1000050846,Austin Peay,2024,485
"Washington, Solomon",AUS_GOV,72,Right,689091,Austin Peay,2025,303
"Speer, Tre",AUS_GOV,72,Right,1000111185,Austin Peay,2024,37
"Wyatt, Zach",AUS_GOV,71,Right,1000060176,Austin Peay,2023,294
"Johnson, Ashton",BYU_COU,71,LEFT,10306452,BYU,2025,550
"Ball, Bryant",BYU_COU,70,RIGHT,810093,BYU,2024,28
"Bell, Cayson",BYU_COU,73,RIGHT,821924,BYU,2025,379
"Mabeus, Boston",BYU_COU,74,LEFT,1000114006,BYU,2023,293
"Mabeus, Boston",BYU_COU,74,LEFT,681030,BYU,2024,509
"Marx, Brayden",BYU_COU,72,RIGHT,10109966,BYU,2025,686
"Hansen, Brett",BYU_COU,76,LEFT,677336,BYU,2024,21
"Hansen, Brett",BYU_COU,76,LEFT,677336,BYU,2025,333
"Robison, Bryce",BYU_COU,73,RIGHT,1000050792,BYU,2023,882
"Robison, Bryce",BYU_COU,73,RIGHT,689514,BYU,2024,1033
"Dahle, Candon",BYU_COU,78,RIGHT,821919,BYU,2024,665
"Foss, Carter",BYU_COU,75,RIGHT,1000114015,BYU,2023,194
"Foss, Carter",BYU_COU,75,RIGHT,801478,BYU,2024,345
"Foss, Carter",BYU_COU,75,RIGHT,801478,BYU,2025,114
"Clawson, Cutter ",BYU_COU,73,LEFT,1000013200,BYU,2023,351
"Clawson, Cutter",BYU_COU,73,LEFT,1000013200,BYU,2024,632
"Coon, Hayden",BYU_COU,74,RIGHT,821923,BYU,2024,384
"Coon, Hayden",BYU_COU,74,RIGHT,821923,BYU,2025,443
"Cushing, Stone",BYU_COU,70,RIGHT,821915,BYU,2024,555
"Cushing, Stone",BYU_COU,70,RIGHT,821915,BYU,2025,266
"Farley, Ziegen",BYU_COU,73,RIGHT,1000272675,BYU,2025,117
"Ficklin, Nolan",BYU_COU,71,LEFT,10294582,BYU,2025,381
"Sumner, Garrison",BYU_COU,75,RIGHT,809828,BYU,2025,1089
"Gubler, Payton",BYU_COU,70,RIGHT,804903,BYU,2024,559
"Gubler, Payton",BYU_COU,70,RIGHT,804903,BYU,2025,1091
"Harris, Jaden",BYU_COU,74,RIGHT,809833,BYU,2025,995
"Porter, Jake",BYU_COU,71,RIGHT,1000114010,BYU,2023,383
"Porter, Jake",BYU_COU,71,RIGHT,1000114010,BYU,2024,456
"Porter, Jake",BYU_COU,71,RIGHT,1000114010,BYU,2025,429
"Reiser, Justis",BYU_COU,73,LEFT,801473,BYU,2025,579
"Sterner, Luke",BYU_COU,74,RIGHT,821917,BYU,2024,398
"Sterner, Luke",BYU_COU,74,RIGHT,821917,BYU,2025,482
"Lybbert, Rockwell",BYU_COU,76,RIGHT,801475,BYU,2025,79
"Peck, Maddax",BYU_COU,73,RIGHT,821928,BYU,2025,191
"Olson, Mason",BYU_COU,70,LEFT,1000097012,BYU,2023,954
"Olson, Mason",BYU_COU,70,LEFT,802981,BYU,2024,433
"Stanley, Max",BYU_COU,75,RIGHT,806232,BYU,2024,89
"Miller, Owen",BYU_COU,75,RIGHT,10286403,BYU,2025,324
"Reynolds, Ryan",BYU_COU,75,RIGHT,825998,BYU,2025,121
"Burden, Alex",BAL_CAR,70,Left,807423,Ball St.,2025,146
"Bargo, Casey",BAL_CAR,80,Right,1000057987,Ball St.,2023,113
"Beeker, Merritt",BAL_CAR,74,Left,10319819,Ball St.,2024,151
"Bevis, Blake",BAL_CAR,75,Right,10006376,Ball St.,2023,79
"Bevis, Blake",BAL_CAR,75,Right,1000231746,Ball St.,2024,51
"Bevis, Blake",BAL_CAR,75,Right,1000231746,Ball St.,2025,1
"Bitter, Jaden",BAL_CAR,73,Right,1000311446,Ball St.,2025,170
"Blain, Nate",BAL_CAR,73,Right,1000132184,Ball St.,2024,122
"Owens, Brady",BAL_CAR,72,Left,1000097233,Ball St.,2023,70
"Owens, Brady",BAL_CAR,72,Left,1000097233,Ball St.,2024,79
"Garza, Brendan",BAL_CAR,73,Right,10311345,Ball St.,2025,213
"Brown, Ryan",BAL_CAR,74,Right,1000231749,Ball St.,2023,135
"Chambers, John",BAL_CAR,73,Right,824452,Ball St.,2025,186
"Coffman, Owen",BAL_CAR,81,Right,1000256001,Ball St.,2024,8
"Hutchinson, Connor",BAL_CAR,72,Right,10108498,Ball St.,2025,302
"Young, Drue",BAL_CAR,67,Right,1000102172,Ball St.,2025,166
"Shapiro, Evan",BAL_CAR,79,Right,10120423,Ball St.,2025,72
"Jones, Gabe",BAL_CAR,74,Right,1000273102,Ball St.,2025,8
"Harker, Garrett",BAL_CAR,72,Right,701300,Ball St.,2025,263
"Kelham, Graham",BAL_CAR,75,Right,279824,Ball St.,2023,63
"Hartlaub, Jacob",BAL_CAR,75,Right,10023637,Ball St.,2023,78
"Hartlaub, Jacob",BAL_CAR,76,Right,10023637,Ball St.,2024,99
"Hartlaub, Jacob",BAL_CAR,75,Right,10023637,Ball St.,2025,475
"Jacobson, Will",BAL_CAR,84,Left,1000133447,Ball St.,2023,146
"Jacobson, Will",BAL_CAR,84,Left,1000133447,Ball St.,2024,149
"Jacobson, Will",BAL_CAR,84,Left,1000133447,Ball St.,2025,63
"Martinez, Jalen",BAL_CAR,73,Left,1000132293,Ball St.,2023,16
"Johnson, Keegan",BAL_CAR,75,Left,10149286,Ball St.,2024,188
"Johnson, Keegan",BAL_CAR,75,Left,10149286,Ball St.,2025,502
"Johnson, Ty",BAL_CAR,78,Right,1000078144,Ball St.,2023,157
"Klein, Sam",BAL_CAR,75,Right,1000121531,Ball St.,2023,152
"Klein, Sam",BAL_CAR,77,Right,1000121531,Ball St.,2024,98
"Knapp, Tanner",BAL_CAR,76,Right,1000121524,Ball St.,2023,136
"Knapp, Tanner",BAL_CAR,76,Right,1000121524,Ball St.,2024,45
"Letsinger, Lucas",BAL_CAR,74,Right,1000161880,Ball St.,2024,213
"Letsinger, Lucas",BAL_CAR,75,Right,1000161880,Ball St.,2025,72
"Schulfer, Logan",BAL_CAR,72,Right,1000105878,Ball St.,2023,146
"Schulfer, Logan",BAL_CAR,73,Right,1000255734,Ball St.,2024,154
"O'Donnell, Trennor",BAL_CAR,79,Right,1000078524,Ball St.,2023,247
"Quinn, Owen ",BAL_CAR,75,Right,1000207434,Ball St.,2023,99
"Quinn, Owen",BAL_CAR,75,Right,1000207434,Ball St.,2023,49
"Quinn, Owen",BAL_CAR,76,Right,1000207434,Ball St.,2024,83
"Quinn, Owen",BAL_CAR,76,Right,1000207434,Ball St.,2025,164
"Weatherly, Ty",BAL_CAR,78,Right,1000054509,Ball St.,2023,235
"Muirhead, Adam",BAY_BEA,73,Right,1000093874,Baylor,2023,505
"Needham, Anderson",BAY_BEA,77,Right,1000051934,Baylor,2023,488
"Andrade, Kobe",BAY_BEA,72,Left,1000092884,Baylor,2023,76
"Andrade, Kobe",BAY_BEA,73,Left,700577,Baylor,2024,556
"Petrowski, Andrew",BAY_BEA,75,Right,1000116434,Baylor,2023,143
"Petrowski, Andrew",BAY_BEA,73,Right,802983,Baylor,2024,370
"Petrowski, Andrew",BAY_BEA,73,Right,802983,Baylor,2025,232
"Bailey, Carson",BAY_BEA,75,Left,826053,Baylor,2025,908
"Bales, Bryson",BAY_BEA,75,Left,827520,Baylor,2025,668
"Bergman, Brayden",BAY_BEA,73,Right,815790,Baylor,2025,23
"Helton, Blake",BAY_BEA,78,Right,1000051931,Baylor,2023,1119
"Rogers, Blake",BAY_BEA,77,Right,10111859,Baylor,2023,140
"Garcia, Brett",BAY_BEA,74,Right,1000056258,Baylor,2023,457
"Bunch, Caleb",BAY_BEA,78,Right,1000306985,Baylor,2025,553
"Calder, Ethan",BAY_BEA,71,Left,10008585,Baylor,2023,572
"Calder, Ethan",BAY_BEA,71,Left,822753,Baylor,2024,673
"Calder, Ethan",BAY_BEA,71,Left,822753,Baylor,2025,1206
"Jameson, Caleb",BAY_BEA,73,Left,831099,Baylor,2025,362
"Clewett, Camden",BAY_BEA,71,Right,831100,Baylor,2025,88
"Stasio, Cole",BAY_BEA,77,Right,1000093864,Baylor,2023,418
"Stasio, Cole",BAY_BEA,77,Right,801453,Baylor,2024,32
"Stasio, Cole",BAY_BEA,77,Right,801453,Baylor,2025,526
"Tremain, Cole",BAY_BEA,72,Right,1000039250,Baylor,2023,95
"McKinney, Collin",BAY_BEA,77,Right,803289,Baylor,2024,1022
"Craig, Gabe",BAY_BEA,76,Right,1000081950,Baylor,2023,250
"Craig, Gabe",BAY_BEA,77,Right,700582,Baylor,2024,252
"Craig, Gabe",BAY_BEA,77,Right,700582,Baylor,2025,450
"Valadez, Danny",BAY_BEA,75,Right,10008583,Baylor,2023,69
"Davenport, Lucas",BAY_BEA,78,Right,702672,Baylor,2025,613
"Leach, Drew",BAY_BEA,75,Right,801455,Baylor,2024,453
"Leach, Drew",BAY_BEA,75,Right,801455,Baylor,2025,92
"Duke, Tanner",BAY_BEA,75,Right,822757,Baylor,2024,396
"Elizondo, Jackson",BAY_BEA,70,Left,1000114125,Baylor,2024,77
"Glatch, Will",BAY_BEA,74,Right,822754,Baylor,2024,61
"Glatch, Will",BAY_BEA,74,Right,822754,Baylor,2025,375
"Golomb, Grant",BAY_BEA,73,Right,1000037557,Baylor,2023,667
"Golomb, Grant",BAY_BEA,73,Right,801452,Baylor,2024,298
"Murry, Grayson",BAY_BEA,77,Right,831101,Baylor,2025,342
"Green, Mason",BAY_BEA,74,Left,813893,Baylor,2024,673
"Green, Mason",BAY_BEA,74,Left,813893,Baylor,2025,230
"Hail, Patrick",BAY_BEA,78,Right,809673,Baylor,2024,615
"Hail, Patrick",BAY_BEA,78,Right,809673,Baylor,2025,355
"Oliver, Hambleton",BAY_BEA,74,Right,1000013126,Baylor,2023,704
"Teplanszky, Hunter",BAY_BEA,75,Right,691800,Baylor,2025,51
"Wilkerson, Jackson",BAY_BEA,70,Left,822752,Baylor,2024,29
"Matheson, Jared",BAY_BEA,73,Right,1000074561,Baylor,2023,613
"Matheson, Jared",BAY_BEA,73,Right,694750,Baylor,2024,377
"Marriott, Mason",BAY_BEA,72,Right,1000112314,Baylor,2023,1157
"Marriott, Mason",BAY_BEA,72,Right,1000112314,Baylor,2024,1242
"Ruais, RJ",BAY_BEA,74,Left,1000166652,Baylor,2024,626
"Ruais, RJ",BAY_BEA,74,Left,1000166652,Baylor,2025,181
"Sepulveda, Stephen",BAY_BEA,71,Right,822744,Baylor,2024,440
"Stahl, Stefan",BAY_BEA,74,Left,831102,Baylor,2025,273
"Ragat, Aaron",BEL_KNI,70,Left,1000118210,Bellarmine,2025,282
"Hash, Arren",BEL_KNI,72,Right,1000094091,Bellarmine,2023,211
"Hash, Arren",BEL_KNI,72,Right,1000094091,Bellarmine,2024,54
"Hash, Arren",BEL_KNI,72,Right,1000094091,Bellarmine,2025,339
"Tedesco, Ben",BEL_KNI,79,Right,10157119,Bellarmine,2024,48
"Donnan, Blake",BEL_KNI,78,Right,1000100949,Bellarmine,2024,45
"Donnan, Blake",BEL_KNI,78,Right,1000100949,Bellarmine,2025,310
"Morse, Brady",BEL_KNI,74,Right,10033688,Bellarmine,2023,98
"Morse, Brady",BEL_KNI,74,Right,1000236642,Bellarmine,2025,71
"Braunecker, Gavin",BEL_KNI,74,Left,1000121139,Bellarmine,2023,373
"Brower, Carson",BEL_KNI,71,Left,1000279598,Bellarmine,2024,60
"Brower, Carson",BEL_KNI,70,Left,1000279598,Bellarmine,2025,163
"Buhr, Drew",BEL_KNI,73,Right,1000079872,Bellarmine,2023,469
"Carver, Chase",BEL_KNI,73,Right,1000095753,Bellarmine,2024,81
"Carver, Chase",BEL_KNI,73,Right,1000095753,Bellarmine,2025,443
"Sorg, Casey",BEL_KNI,76,Right,1000160556,Bellarmine,2023,13
"Chamberlain, Chase",BEL_KNI,72,Right,10082548,Bellarmine,2025,130
"Kennedy, Clay",BEL_KNI,75,Right,1000099200,Bellarmine,2025,54
"Medley, Cody",BEL_KNI,73,Right,1000121134,Bellarmine,2023,247
"McMichael, Cole",BEL_KNI,79,Right,1000160584,Bellarmine,2024,51
"McMichael, Cole",BEL_KNI,79,Right,1000160584,Bellarmine,2025,123
"Hellman, Cooper",BEL_KNI,76,Right,1000160597,Bellarmine,2024,81
"Hellman, Cooper",BEL_KNI,76,Right,1000160597,Bellarmine,2025,366
"Cornett, Hudson",BEL_KNI,75,Right,1000072691,Bellarmine,2024,88
"Cornett, Hudson",BEL_KNI,75,Right,1000072691,Bellarmine,2025,23
"Craven, Matt",BEL_KNI,76,Right,1000121146,Bellarmine,2023,209
"Egan, Crew",BEL_KNI,74,Left,10009215,Bellarmine,2023,121
"Ecklar, Devin",BEL_KNI,74,Right,1000051713,Bellarmine,2023,265
"Ecklar, Devin",BEL_KNI,74,Right,1000051713,Bellarmine,2024,163
"Goldschlag, Ross",BEL_KNI,74,Right,1000250806,Bellarmine,2024,199
"Groher, Holden",BEL_KNI,72,Right,1000076997,Bellarmine,2024,106
"Groher, Holden",BEL_KNI,72,Right,1000076997,Bellarmine,2025,39
"Haslam, Logan",BEL_KNI,77,Right,1000099962,Bellarmine,2025,82
"Helton, Nate",BEL_KNI,72,RIGHT,1000121394,Bellarmine,2025,27
"Horwith, Zach",BEL_KNI,73,Right,1000077758,Bellarmine,2025,343
"Irwin, Jackson",BEL_KNI,73,Right,1000121260,Bellarmine,2024,12
"Johnson, Ryan",BEL_KNI,74,Right,1000121156,Bellarmine,2023,111
"Johnson, Ryan",BEL_KNI,74,Right,1000121156,Bellarmine,2024,289
"O'Connor, Kevin",BEL_KNI,73,Left,10275483,Bellarmine,2025,62
"Sokol, Mike",BEL_KNI,77,Right,1000187404,Bellarmine,2024,118
"Sokol, Mike",BEL_KNI,77,Right,1000187404,Bellarmine,2025,269
"Pender, Nolan",BEL_KNI,75,Right,1000121153,Bellarmine,2023,490
"Pender, Nolan",BEL_KNI,75,Right,1000121153,Bellarmine,2024,292
"Ward, Oliver",BEL_KNI,77,Right,10323182,Bellarmine,2025,312
"Thom, Steven",BEL_KNI,73,Left,1000051722,Bellarmine,2023,196
"Thom, Steven",BEL_KNI,73,Left,1000051722,Bellarmine,2024,117
"Sylvester, Thomas",BEL_KNI,75,Left,1000149429,Bellarmine,2024,173
"Talbert, Tyler",BEL_KNI,73,Right,1000093599,Bellarmine,2024,36
"Walls, Webster",BEL_KNI,71,Right,1000121158,Bellarmine,2023,118
"Hubbell, Aaron",BEL_BRU,75,Right,1000078530,Belmont,2023,116
"Allen, Ty",BEL_BRU,70,Right,1000066150,Belmont,2024,336
"Perry, Andrew",BEL_BRU,72,Left,10117916,Belmont,2025,559
"Bean, Andy",BEL_BRU,71,Left,1000078528,Belmont,2023,905
"Baratta, Dominic",BEL_BRU,72,Left,1000113822,Belmont,2023,937
"Baratta, Dominic",BEL_BRU,72,Left,1000113822,Belmont,2024,968
"Duby, Bill",BEL_BRU,75,Right,1000120708,Belmont,2024,418
"Ciuffetelli, Blake",BEL_BRU,71,Left,1000226285,Belmont,2024,479
"Borders, Jalen",BEL_BRU,79,Left,1000078535,Belmont,2023,233
"Borders, Jalen",BEL_BRU,79,Left,1000078535,Belmont,2024,149
"Brock, Logan",BEL_BRU,73,Right,10110724,Belmont,2025,427
"Brown, Zane",BEL_BRU,76,Right,10058603,Belmont,2025,621
"Granzow, Cade",BEL_BRU,75,Right,1000112386,Belmont,2023,380
"Granzow, Cade",BEL_BRU,75,Right,800684,Belmont,2024,574
"Granzow, Cade",BEL_BRU,75,Right,800684,Belmont,2025,292
"Guisewite, Caleb",BEL_BRU,74,Right,1000138500,Belmont,2023,486
"Guisewite, Caleb",BEL_BRU,74,Right,809892,Belmont,2024,202
"Guisewite, Caleb",BEL_BRU,74,Right,809892,Belmont,2025,40
"Park, Carter",BEL_BRU,73,Right,1000078540,Belmont,2023,6
"Wasson, Dalton",BEL_BRU,73,Right,10073250,Belmont,2023,85
"Harden, Ethan",BEL_BRU,72,Left,1000138499,Belmont,2023,600
"Harden, Ethan",BEL_BRU,72,Left,809891,Belmont,2025,393
"Gandhi, Krish",BEL_BRU,72,Left,1000190508,Belmont,2025,193
"Liss, Hank",BEL_BRU,72,Right,10069141,Belmont,2024,502
"Timbes, Jake",BEL_BRU,74,Right,1000136854,Belmont,2023,364
"Timbes, Jake",BEL_BRU,74,Right,806320,Belmont,2024,246
"Timbes, Jake",BEL_BRU,74,Right,806320,Belmont,2025,699
"Thielke, Jett",BEL_BRU,78,Right,1000138501,Belmont,2023,649
"Thielke, Jett",BEL_BRU,78,Right,1000138501,Belmont,2024,308
"Van Ness, Jonathon",BEL_BRU,75,Right,10010067,Belmont,2025,383
"Zuger, Jordan",BEL_BRU,75,Right,1000060671,Belmont,2023,649
"Zuger, Jordan",BEL_BRU,75,Right,809897,Belmont,2024,649
"Zuger, Jordan",BEL_BRU,75,Right,809897,Belmont,2025,54
"Morris, Lake",BEL_BRU,71,Left,10147237,Belmont,2025,367
"Maeker, Trey",BEL_BRU,74,Left,1000210054,Belmont,2025,441
"Marsh, Owen",BEL_BRU,76,Right,1000074926,Belmont,2025,398
"Pryor, Will",BEL_BRU,74,Right,10011546,Belmont,2023,790
"Pryor, Will",BEL_BRU,74,Right,1000244285,Belmont,2024,838
"Pryor, Will",BEL_BRU,74,Right,1000244285,Belmont,2025,274
"Tesh, Simon",BEL_BRU,76,Right,10071493,Belmont,2023,430
"Schaefer, Aaron",BET_WIL,70,Right,1000213582,Bethune-Cookman,2025,112
"Lopez, Angel",BET_WIL,72,Left,1000118810,Bethune-Cookman,2025,20
"Bess, Gerald",BET_WIL,76,Right,1000123230,Bethune-Cookman,2023,63
"Boccabello, Tanner",BET_WIL,75,Right,1000213600,Bethune-Cookman,2025,99
"Vazquez, Brandon",BET_WIL,70,Left,1000205388,Bethune-Cookman,2025,216
"Jazmin, Carlos",BET_WIL,82,Right,10157255,Bethune-Cookman,2024,16
"Jazmin, Carlos",BET_WIL,82,Right,10157255,Bethune-Cookman,2025,35
"Roses, Carlos",BET_WIL,70,Right,10157248,Bethune-Cookman,2025,111
"Carrasquilla, Julian",BET_WIL,75,Right,1000236564,Bethune-Cookman,2025,103
"Lipovsky, Colby",BET_WIL,74,Left,807424,Bethune-Cookman,2024,131
"Core, Joel",BET_WIL,72,Right,1000315577,Bethune-Cookman,2024,283
"Core, Joel",BET_WIL,72,Right,1000315577,Bethune-Cookman,2025,85
"Michaud, Dale",BET_WIL,72,Right,1000123231,Bethune-Cookman,2023,81
"Michaud, Dale",BET_WIL,72,Right,1000123231,Bethune-Cookman,2024,15
"Gaviria, Daniel",BET_WIL,70,Left,1000219054,Bethune-Cookman,2023,84
"York, Derrius",BET_WIL,74,Right,1000088127,Bethune-Cookman,2023,57
"Diaz, Yoansell",BET_WIL,72,Right,1000123218,Bethune-Cookman,2023,57
"Diaz, Yoansell",BET_WIL,72,Right,1000123218,Bethune-Cookman,2025,11
"Vega, Dylan",BET_WIL,73,Right,804120,Bethune-Cookman,2024,94
"Perez, Gabriel",BET_WIL,69,Right,1000123257,Bethune-Cookman,2023,24
"Gamboa, Marcos",BET_WIL,75,Right,1000123259,Bethune-Cookman,2023,25
"Gamboa, Marcos",BET_WIL,75,Right,1000123259,Bethune-Cookman,2024,45
"Garrido, Sebastian",BET_WIL,71,Left,10025984,Bethune-Cookman,2025,123
"Gomez, Santiago",BET_WIL,76,Right,1000219055,Bethune-Cookman,2023,32
"Gonzalez, Jeffrey",BET_WIL,74,Right,801832,Bethune-Cookman,2024,49
"Gonzalez, Joan",BET_WIL,75,Right,1000123215,Bethune-Cookman,2023,21
"Groark, Patrick",BET_WIL,74,Right,1000233823,Bethune-Cookman,2024,42
"Zambrano, Jean",BET_WIL,72,RIGHT,1000097645,Bethune-Cookman,2025,78
"Lastra, Robert",BET_WIL,71,Right,10154141,Bethune-Cookman,2025,91
"Lipthratt, Louis",BET_WIL,76,Right,1000123235,Bethune-Cookman,2023,84
"Wirt, Logan",BET_WIL,74,Right,1000273075,Bethune-Cookman,2025,79
"Santos, Nolan",BET_WIL,73,Right,1000123234,Bethune-Cookman,2023,100
"Torres, Pablo",BET_WIL,71,Right,1000115924,Bethune-Cookman,2023,38
"Torres, Pablo",BET_WIL,71,Right,811712,Bethune-Cookman,2024,78
"Pawlak, Aidan",BIN_BEA,73,Left,1000238617,Binghamton,2023,46
"Milburn, Aiden",BIN_BEA,72,Right,824511,Binghamton,2025,262
"Henderson, Alex",BIN_BEA,74,Right,1000078865,Binghamton,2023,155
"Fingleton, Andrew",BIN_BEA,74,Right,1000208258,Binghamton,2023,99
"Babalis, Thomas",BIN_BEA,73,Left,1000057321,Binghamton,2023,624
"Bates, Ryan",BIN_BEA,74,Right,10148747,Binghamton,2024,314
"Bates, Ryan",BIN_BEA,74,Right,10148747,Binghamton,2025,76
"Griffith, Ben",BIN_BEA,72,Right,10147569,Binghamton,2025,402
"Berkwich, Nelson",BIN_BEA,71,Left,690955,Binghamton,2024,174
"Bouchard, Brady",BIN_BEA,74,Right,10139320,Binghamton,2025,633
"Lesiak, Brady",BIN_BEA,69,Right,10137395,Binghamton,2025,186
"Bryggman, Ryan",BIN_BEA,78,Right,1000057325,Binghamton,2023,602
"Rothbaum, Caden",BIN_BEA,75,Left,1000262723,Binghamton,2025,173
"Sleeper, Chris",BIN_BEA,75,Right,802142,Binghamton,2024,47
"Sleeper, Chris",BIN_BEA,75,Right,802142,Binghamton,2025,90
"Rhein, Colin",BIN_BEA,76,Right,1000122886,Binghamton,2025,470
"Collins, Jack",BIN_BEA,77,Right,1000057329,Binghamton,2023,220
"Griffin, Conner",BIN_BEA,77,Right,10307830,Binghamton,2024,23
"Griffin, Conner",BIN_BEA,77,Right,10307830,Binghamton,2025,249
"Dally, Jake",BIN_BEA,72,Right,10109633,Binghamton,2024,6
"Dally, Jake",BIN_BEA,72,Right,10109633,Binghamton,2025,214
"Dee, Ryan",BIN_BEA,70,Right,1000120960,Binghamton,2024,89
"Driscoll, Gabe",BIN_BEA,77,Right,1000119424,Binghamton,2023,579
"Driscoll, Gabe",BIN_BEA,77,Right,822502,Binghamton,2024,156
"Eskildsen, Kyle",BIN_BEA,77,Right,1000119428,Binghamton,2023,226
"Farynick, Theo",BIN_BEA,69,Right,1000078942,Binghamton,2024,25
"Tarsia, Hayden",BIN_BEA,74,Right,10284855,Binghamton,2024,17
"Tarsia, Hayden",BIN_BEA,74,Right,10284855,Binghamton,2025,605
"Howell, Spencer",BIN_BEA,77,Right,1000122451,Binghamton,2024,32
"Kaiser, Ian",BIN_BEA,70,Left,10108683,Binghamton,2025,78
"Mitchell, Jackson",BIN_BEA,76,Right,10108430,Binghamton,2024,39
"Mitchell, Jackson",BIN_BEA,76,Right,10108430,Binghamton,2025,269
"Lumpinski, John",BIN_BEA,76,Right,1000079245,Binghamton,2023,357
"Lumpinski, John",BIN_BEA,76,Right,1000079245,Binghamton,2024,86
"Ryder, John",BIN_BEA,73,Right,10108950,Binghamton,2025,53
"Rosner, Justin",BIN_BEA,71,Right,10017448,Binghamton,2023,211
"Rosner, Justin",BIN_BEA,71,Right,10017448,Binghamton,2024,38
"Luther, Vincent",BIN_BEA,76,Left,1000352992,Binghamton,2025,375
"Packard, Ryan",BIN_BEA,76,Right,1000136067,Binghamton,2025,677
"Sajeski, Trey",BIN_BEA,72,Right,38486,Binghamton,2024,20
"Sinicki, Tanner",BIN_BEA,76,Right,1000057326,Binghamton,2023,68
"Snyder, Tommy",BIN_BEA,74,Left,1000122453,Binghamton,2023,202
"Crowley, Aidan",BOC_EAG,75,Right,1000098359,Boston College,2023,18
"Crowley, Aidan",BOC_EAG,75,Right,1000098359,Boston College,2024,272
"Harrington, Aidan",BOC_EAG,72,Right,1000119435,Boston College,2025,30
"Colarusso, AJ",BOC_EAG,72,Left,1000090794,Boston College,2023,179
"Colarusso, AJ",BOC_EAG,72,Left,1000090794,Boston College,2024,914
"Colarusso, AJ",BOC_EAG,72,Left,1000090794,Boston College,2025,892
"Bryant, Alex",BOC_EAG,76,Right,1000041035,Boston College,2025,245
"Roman, Andrew",BOC_EAG,72,Right,1000132398,Boston College,2023,387
"Milner, Beck",BOC_EAG,74,Right,702570,Boston College,2024,142
"Chicoine, Bobby",BOC_EAG,74,Right,1000138323,Boston College,2023,128
"Chicoine, Bobby",BOC_EAG,74,Right,813481,Boston College,2024,75
"Chicoine, Bobby",BOC_EAG,74,Right,813481,Boston College,2025,218
"Miller, Brady",BOC_EAG,77,Left,10089610,Boston College,2025,622
"Lombardi, Brad",BOC_EAG,75,Right,1000098361,Boston College,2024,14
"McMonagle, Brian",BOC_EAG,73,Right,1000084873,Boston College,2023,22
"McMonagle, Brian",BOC_EAG,73,Right,802477,Boston College,2024,258
"Burnham, Jacob",BOC_EAG,72,Left,1000114825,Boston College,2025,307
"Gonzalez, Cesar",BOC_EAG,69,Right,1000255033,Boston College,2025,253
"Coon, Charlie",BOC_EAG,72,Left,1000098358,Boston College,2023,205
"Coon, Charlie",BOC_EAG,72,Left,1000098358,Boston College,2024,204
"Flynn, Chris",BOC_EAG,76,Right,1000138319,Boston College,2023,1061
"Delongchamp, Luke",BOC_EAG,73,Right,1000132715,Boston College,2023,109
"Howanitz, Dylan",BOC_EAG,75,Right,828432,Boston College,2025,153
"Schroeder, Eric",BOC_EAG,72,Right,1000061716,Boston College,2023,659
"Schroeder, Eric",BOC_EAG,72,Right,1000061716,Boston College,2024,357
"Schroeder, Eric",BOC_EAG,72,Right,1000061716,Boston College,2025,577
"Moore, Evan",BOC_EAG,74,Right,1000084903,Boston College,2024,530
"Fisse, Jordan",BOC_EAG,74,Right,822337,Boston College,2024,374
"Hasche, Gavin",BOC_EAG,72,Right,822335,Boston College,2024,171
"Soares, Gavin",BOC_EAG,75,Right,10268144,Boston College,2025,292
"Gold, Joe",BOC_EAG,71,Right,822336,Boston College,2025,65
"Hard, Sean",BOC_EAG,77,Right,1000107595,Boston College,2023,162
"Hard, Sean",BOC_EAG,77,Right,1000107595,Boston College,2024,55
"Leake, Henry",BOC_EAG,72,Right,1000119460,Boston College,2023,856
"Murphy, Ian",BOC_EAG,76,Right,1000054403,Boston College,2023,336
"Ogden, J.D.",BOC_EAG,77,Left,813863,Boston College,2025,519
"Ryan, Joey",BOC_EAG,77,Right,1000098363,Boston College,2023,378
"Ryan, Joey",BOC_EAG,77,Right,1000098363,Boston College,2025,453
"Kwiatkowski, John",BOC_EAG,78,Left,1000209243,Boston College,2025,299
"West, John",BOC_EAG,80,Right,1000098364,Boston College,2023,827
"West, John",BOC_EAG,80,Right,1000143945,Boston College,2024,1089
"Tonghini, Julian",BOC_EAG,76,Right,1000119461,Boston College,2023,398
"Tonghini, Julian ",BOC_EAG,76,Right,1000119461,Boston College,2023,11
"Meyer, Karl",BOC_EAG,75,Right,1000114741,Boston College,2025,226
"Kipp, Kyle",BOC_EAG,74,Right,10109307,Boston College,2024,459
"Kipp, Kyle",BOC_EAG,74,Right,10109307,Boston College,2025,611
"Lane, Travis",BOC_EAG,74,Right,1000013672,Boston College,2023,28
"Lane, Travis",BOC_EAG,74,Right,686220,Boston College,2024,181
"Spada, Matthew",BOC_EAG,73,Left,1000216275,Boston College,2025,79
"McLendon, Stephen",BOC_EAG,72,Right,1000224163,Boston College,2024,79
"Mudd, Tyler",BOC_EAG,69,Left,1000156287,Boston College,2024,337
"Mudd, Tyler",BOC_EAG,69,Left,1000156287,Boston College,2025,763
"Schaefer, Peter",BOC_EAG,72,Right,1000103353,Boston College,2025,335
"Amelung, Brock",BGS_FAL,74,Right,1000301367,Bowling Green,2024,11
"Arn, Kade",BGS_FAL,76,Right,1000073696,Bowling Green,2023,32
"Arn, Kade",BGS_FAL,76,Right,1000073696,Bowling Green,2024,77
"Arn, Kade",BGS_FAL,76,Right,1000073696,Bowling Green,2025,75
"Bell, Logan",BGS_FAL,72,Right,1000080247,Bowling Green,2023,35
"Bell, Logan",BGS_FAL,72,Right,1000080247,Bowling Green,2024,87
"Bell, Logan",BGS_FAL,72,Right,1000080247,Bowling Green,2025,59
"Boudreaux, CJ",BGS_FAL,73,Right,10118363,Bowling Green,2025,63
"Mitchell, Calvin",BGS_FAL,74,Right,1000301369,Bowling Green,2024,147
"Sova, Carrson",BGS_FAL,80,Right,10148623,Bowling Green,2025,344
"Lumley, Carson",BGS_FAL,76,Right,692113,Bowling Green,2023,26
"Penrod, Connar",BGS_FAL,74,Right,1000121166,Bowling Green,2023,134
"Penrod, Connar",BGS_FAL,74,Right,813295,Bowling Green,2024,120
"Penrod, Connar",BGS_FAL,74,Right,813295,Bowling Green,2025,162
"Newman, DJ",BGS_FAL,72,Right,1000062187,Bowling Green,2023,80
"Newman, DJ",BGS_FAL,72,Right,1000062187,Bowling Green,2024,184
"Newman, DJ",BGS_FAL,72,Right,1000062187,Bowling Green,2025,75
"Schenk, Gage",BGS_FAL,72,Right,1000078582,Bowling Green,2023,328
"Good, Nic",BGS_FAL,71,Left,10031534,Bowling Green,2023,58
"Good, Nic",BGS_FAL,71,Left,811674,Bowling Green,2024,118
"Good, Nic",BGS_FAL,70,Left,811674,Bowling Green,2025,243
"Hays, Tyler",BGS_FAL,76,Right,1000056917,Bowling Green,2023,257
"Seidel, Isaiah",BGS_FAL,74,Right,1000121168,Bowling Green,2023,58
"Seidel, Isaiah",BGS_FAL,74,Right,1000121168,Bowling Green,2024,44
"Turner, Jacob",BGS_FAL,71,Right,10134813,Bowling Green,2023,57
"Turner, Jacob",BGS_FAL,71,Right,10134813,Bowling Green,2024,120
"Turner, Jacob",BGS_FAL,71,Right,10134813,Bowling Green,2025,318
"Kress, Nate",BGS_FAL,75,Right,1000301381,Bowling Green,2025,257
"Willeman, Landon",BGS_FAL,72,Right,1000121170,Bowling Green,2023,98
"Willeman, Landon",BGS_FAL,72,Right,812254,Bowling Green,2024,75
"Willeman, Landon",BGS_FAL,71,Right,812254,Bowling Green,2025,375
"Lotz, Titus",BGS_FAL,73,Left,1000301383,Bowling Green,2025,150
"Smith, Micah",BGS_FAL,74,Right,1000396887,Bowling Green,2025,91
"Miller, Perry",BGS_FAL,72,Right,205028,Bowling Green,2023,71
"Miller, Perry",BGS_FAL,72,Right,1000246522,Bowling Green,2024,52
"Miller, Perry",BGS_FAL,72,Right,1000246522,Bowling Green,2025,49
"Poole, Owen",BGS_FAL,74,Right,1000301382,Bowling Green,2024,50
"Poole, Owen",BGS_FAL,74,Right,1000301382,Bowling Green,2025,136
"Recker, Owen",BGS_FAL,76,Right,1000033075,Bowling Green,2023,75
"Wilson, Peyton",BGS_FAL,73,Right,1000121177,Bowling Green,2023,218
"Wilson, Peyton",BGS_FAL,73,Right,1000121177,Bowling Green,2024,58
"Ramos, Rigo",BGS_FAL,77,Left,1000050889,Bowling Green,2023,201
"Ramos, Rigo",BGS_FAL,77,Left,1000050889,Bowling Green,2024,123
"Roder, Ty",BGS_FAL,76,Right,1000180977,Bowling Green,2025,250
"Edge, Anthony",BRA_BRA,70,RIGHT,1000117330,Bradley,2024,344
"Potthoff, Anthony",BRA_BRA,75,RIGHT,1000138333,Bradley,2023,473
"Potthoff, Anthony",BRA_BRA,75,RIGHT,1000138333,Bradley,2024,260
"Marks, Brayden",BRA_BRA,78,RIGHT,1000138334,Bradley,2023,328
"Marks, Brayden",BRA_BRA,78,RIGHT,1000138334,Bradley,2024,542
"Marks, Brayden",BRA_BRA,78,RIGHT,1000138334,Bradley,2025,652
"Catton, Taylor",BRA_BRA,70,RIGHT,1000051757,Bradley,2023,166
"Catton, Taylor",BRA_BRA,70,RIGHT,1000051757,Bradley,2024,64
"Chinn, Cooper",BRA_BRA,73,LEFT,1000138337,Bradley,2024,180
"Clapp, Reece",BRA_BRA,77,RIGHT,1000362090,Bradley,2025,470
"Langrell, Connor",BRA_BRA,76,RIGHT,1000138335,Bradley,2023,216
"Courson, Zach",BRA_BRA,74,RIGHT,1000095956,Bradley,2023,41
"Courson, Zach",BRA_BRA,74,RIGHT,1000095956,Bradley,2024,112
"Mall, Dalton",BRA_BRA,75,RIGHT,1000064729,Bradley,2023,286
"Day, John",BRA_BRA,73,RIGHT,1000081529,Bradley,2023,97
"Politte, Drew",BRA_BRA,72,RIGHT,1000362081,Bradley,2025,497
"Harris, Easton",BRA_BRA,74,RIGHT,1000138339,Bradley,2023,328
"Harris, Easton",BRA_BRA,74,RIGHT,1000138339,Bradley,2024,68
"Edders, Noah",BRA_BRA,76,RIGHT,1000113153,Bradley,2023,647
"Edders, Noah",BRA_BRA,76,RIGHT,1000113153,Bradley,2024,701
"Lehrman, Eli",BRA_BRA,72,LEFT,1000189064,Bradley,2025,489
"Flack, Josh",BRA_BRA,72,RIGHT,1000092659,Bradley,2023,343
"Thompson, Gavin",BRA_BRA,77,RIGHT,1000220651,Bradley,2025,586
"Lucas, Gus",BRA_BRA,76,LEFT,10012107,Bradley,2023,12
"Horras, Jackson",BRA_BRA,76,RIGHT,1000362083,Bradley,2025,306
"Lincoln, Jack",BRA_BRA,73,RIGHT,10039406,Bradley,2024,9
"Stellano, Jack",BRA_BRA,72,RIGHT,10029321,Bradley,2024,462
"Stellano, Jack",BRA_BRA,72,RIGHT,10029321,Bradley,2025,562
"Kisting, Jacob",BRA_BRA,77,RIGHT,1000096172,Bradley,2023,755
"Kisting, Jacob",BRA_BRA,77,RIGHT,1000096172,Bradley,2024,174
"Norris, Jacob",BRA_BRA,74,RIGHT,1000103677,Bradley,2023,476
"Pemble, Jake",BRA_BRA,72,LEFT,1000362086,Bradley,2025,187
"Perrino, Jake",BRA_BRA,75,RIGHT,10076920,Bradley,2024,49
"Trepanier, Luke",BRA_BRA,72,LEFT,1000113150,Bradley,2024,21
"Lutz, Travis",BRA_BRA,75,RIGHT,1000121367,Bradley,2023,669
"Lutz, Travis",BRA_BRA,75,RIGHT,1000121367,Bradley,2024,688
"Lutz, Travis",BRA_BRA,75,RIGHT,1000121367,Bradley,2025,560
"Roley, Tate",BRA_BRA,77,LEFT,10084636,Bradley,2024,29
"Zeidler, Theo",BRA_BRA,75,RIGHT,1000138340,Bradley,2023,104
"Zeidler, Theo",BRA_BRA,75,RIGHT,1000138340,Bradley,2024,63
"Barth, Carter",BRO_BEA,72,Right,10111706,Brown,2025,517
"Begnaud, Stiles",BRO_BEA,72,Right,1000089713,Brown,2023,92
"Begnaud, Stiles",BRO_BEA,72,Right,1000089713,Brown,2024,225
"Begnaud, Stiles",BRO_BEA,72,Right,1000089713,Brown,2025,508
"Olsen, Bobby",BRO_BEA,72,Right,1000052068,Brown,2023,358
"Kline, Brenden",BRO_BEA,76,Right,1000330547,Brown,2024,240
"Kline, Brenden",BRO_BEA,76,Right,1000330547,Brown,2025,216
"Yang, Bryan",BRO_BEA,74,Right,1000072253,Brown,2025,266
"Rasmussen, Carter",BRO_BEA,77,Right,1000185650,Brown,2023,172
"Rasmussen, Carter",BRO_BEA,77,Right,1000185650,Brown,2024,311
"Keel, Christian",BRO_BEA,73,Right,1000208697,Brown,2023,59
"Keel, Christian",BRO_BEA,73,Right,1000208697,Brown,2024,486
"Keel, Christian",BRO_BEA,73,Right,1000208697,Brown,2025,927
"Dubie, Peter",BRO_BEA,76,Right,10009980,Brown,2023,153
"Dubie, Peter",BRO_BEA,76,Right,1000236748,Brown,2025,697
"Reid, Dylan",BRO_BEA,72,Right,90000220823,Brown,2023,327
"Gottam, Santhosh",BRO_BEA,73,Right,1000127209,Brown,2023,463
"Gottam, Santhosh",BRO_BEA,73,Right,823800,Brown,2024,533
"Gottam, Santhosh",BRO_BEA,73,Right,823800,Brown,2025,972
"Harris, Ty",BRO_BEA,72,Left,1000233395,Brown,2023,111
", Ty Harris",BRO_BEA,72,Left,0,Brown,2023,41
"Harris, Ty",BRO_BEA,72,Left,1000233395,Brown,2024,249
"Keusch, Ian",BRO_BEA,72,Right,10089540,Brown,2025,443
"Seppings, Jack",BRO_BEA,73,Right,90000222759,Brown,2023,261
"Seppings, Jack",BRO_BEA,73,Right,90000222759,Brown,2024,673
"Young, Jacob",BRO_BEA,73,Left,1000127212,Brown,2023,65
"Young, Jacob",BRO_BEA,73,Left,1000127212,Brown,2024,437
"Trout, Luke",BRO_BEA,72,Right,10050660,Brown,2025,697
"McDonough, Tobey",BRO_BEA,76,Right,1000052074,Brown,2023,343
"Meyers, Paxton",BRO_BEA,72,Right,1000127215,Brown,2023,117
"Meyers, Paxton",BRO_BEA,72,Right,1000127215,Brown,2024,729
"Oshinskie, Ryan",BRO_BEA,74,Right,1000298645,Brown,2024,297
"Oshinskie, Ryan",BRO_BEA,75,Right,1000298645,Brown,2025,237
"Slotter, Alex",BRY_BUL,78,Right,1000275397,Bryant,2025,219
"Wainer, Austin",BRY_BUL,68,Right,1000134735,Bryant,2023,219
"Wainer, Austin",BRY_BUL,68,Right,1000134735,Bryant,2024,244
"Belcher, Michael",BRY_BUL,71,Right,1000384696,Bryant,2025,732
"Birchard, Owen",BRY_BUL,71,Right,1000384697,Bryant,2025,162
"Lewis, Bradley",BRY_BUL,70,Left,1000119567,Bryant,2024,74
"Lewis, Bradley",BRY_BUL,70,Left,1000119567,Bryant,2025,125
"Bradley, Ryan",BRY_BUL,70,Left,1000098402,Bryant,2023,33
"Bradley, Ryan",BRY_BUL,70,Left,1000098402,Bryant,2024,97
"Wichrowski, Brett",BRY_BUL,74,Right,1000098405,Bryant,2023,208
"Brodeur, Colin",BRY_BUL,74,Right,1000295596,Bryant,2024,62
"Ey, Brooks",BRY_BUL,74,Right,828762,Bryant,2025,202
"Burrows, Jared",BRY_BUL,72,Right,1000119550,Bryant,2023,22
"Burrows, Jared",BRY_BUL,72,Right,1000119550,Bryant,2024,42
"Burrows, Jared",BRY_BUL,72,Right,1000119550,Bryant,2025,148
"Foster, Cam",BRY_BUL,69,Right,1000149761,Bryant,2024,27
"Chamberlain, Liam",BRY_BUL,76,Right,1000263013,Bryant,2025,211
"Jeter, Chase",BRY_BUL,71,Left,1000107639,Bryant,2023,256
"Robbins, Clay",BRY_BUL,74,Left,1000321253,Bryant,2025,579
"Clifford, Sean",BRY_BUL,73,Right,1000384698,Bryant,2025,31
"Picard, Coleman",BRY_BUL,74,Right,1000119566,Bryant,2023,250
"Davis, Ty",BRY_BUL,74,Right,1000384699,Bryant,2025,133
"Deitelbaum, Trey",BRY_BUL,70,Right,1000143112,Bryant,2024,41
"Deitelbaum, Trey",BRY_BUL,70,Right,1000143112,Bryant,2025,242
"Delongchamp, Luke",BRY_BUL,73,Right,1000158731,Bryant,2024,145
"Delongchamp, Luke",BRY_BUL,73,Right,1000158731,Bryant,2025,603
"Scudder, Dylan",BRY_BUL,79,Right,1000307671,Bryant,2025,408
"Frasier, Logan",BRY_BUL,75,Left,1000119569,Bryant,2023,148
"Gorman, Greg",BRY_BUL,76,Right,1000240491,Bryant,2025,21
"Hilburger, Kaden",BRY_BUL,72,Right,1000092109,Bryant,2023,48
"Hilburger, Kaden",BRY_BUL,72,Right,1000092109,Bryant,2024,10
"Horvat, Tyler",BRY_BUL,73,Right,1000304695,Bryant,2024,72
"Vanesko, Jackson",BRY_BUL,76,Left,1000077150,Bryant,2023,90
"Vanesko, Jackson",BRY_BUL,76,Left,1000077150,Bryant,2025,637
"Pletter, Jack",BRY_BUL,74,Right,1000132417,Bryant,2024,60
"Pletter, Jack",BRY_BUL,74,Right,1000132417,Bryant,2025,139
"Turner, Ken",BRY_BUL,76,Right,1000119561,Bryant,2023,211
"Rizy, Kyle",BRY_BUL,80,Right,10038649,Bryant,2025,594
"White, Landon",BRY_BUL,78,Right,1000134878,Bryant,2024,28
"White, Landon",BRY_BUL,78,Right,1000337283,Bryant,2025,254
"LeVangie, Liam",BRY_BUL,71,Right,1000078605,Bryant,2023,99
"LeVangie, Liam",BRY_BUL,71,Right,1000078605,Bryant,2024,127
"Scamardella, Mark",BRY_BUL,73,Right,1000051260,Bryant,2024,114
"Scamardella, Mark",BRY_BUL,73,Right,1000051260,Bryant,2025,294
"Stansky, Matthew",BRY_BUL,72,Right,1000025866,Bryant,2023,49
"Nichols, Zach",BRY_BUL,73,Left,1000304714,Bryant,2024,126
"Scheidt, Toby",BRY_BUL,72,Right,10059739,Bryant,2023,116
"Scheidt, Toby",BRY_BUL,72,Right,10059739,Bryant,2024,77
"Scheidt, Toby",BRY_BUL,72,Right,10059739,Bryant,2025,276
"Zaslaw, Sean",BRY_BUL,72,Right,10312562,Bryant,2024,115
"Zaslaw, Sean",BRY_BUL,72,Right,10312562,Bryant,2025,139
"Tornberg, Tyler",BRY_BUL,73,Right,1000167269,Bryant,2023,66
"Tornberg, Tyler",BRY_BUL,73,Right,1000167269,Bryant,2024,37
"Adelmann, Jonathan",BUC_BIS,79,Right,815113,Bucknell,2024,635
"Adelmann, Jonathan",BUC_BIS,79,Right,815113,Bucknell,2025,554
"Murray, AJ",BUC_BIS,73,Right,10088278,Bucknell,2025,369
"Magovern, Ben",BUC_BIS,74,Left,1000120882,Bucknell,2023,354
"Magovern, Ben",BUC_BIS,74,Left,1000120882,Bucknell,2025,820
"Bilecki, Frankie",BUC_BIS,74,Left,10011816,Bucknell,2025,166
"Swenson, Brady",BUC_BIS,74,Left,1000120886,Bucknell,2023,28
"Swenson, Brady",BUC_BIS,74,Left,1000120886,Bucknell,2024,151
"Swenson, Brady",BUC_BIS,74,Left,1000120886,Bucknell,2025,76
"Mitchell, Bryce",BUC_BIS,72,Right,1000189504,Bucknell,2025,232
"Reimer, Bryce",BUC_BIS,75,Left,1000098913,Bucknell,2023,94
"Carroll, Graeme",BUC_BIS,74,Right,1000098920,Bucknell,2023,77
"Carroll, Graeme",BUC_BIS,74,Right,1000098920,Bucknell,2024,585
"Difiore, Chris",BUC_BIS,72,Left,1000078616,Bucknell,2023,662
"Vucovich, Connor",BUC_BIS,73,Left,10016931,Bucknell,2023,133
"Vucovich, Connor",BUC_BIS,73,Left,1000240757,Bucknell,2024,102
"Pavone, Dante",BUC_BIS,76,Right,10033018,Bucknell,2024,284
"Pavone, Dante",BUC_BIS,76,Right,10033018,Bucknell,2025,179
"Delaney, Ryan",BUC_BIS,73,Left,1000198372,Bucknell,2024,38
"Delaney, Ryan",BUC_BIS,73,Left,1000198372,Bucknell,2025,123
"Radtke, Dylan",BUC_BIS,71,Right,1000164272,Bucknell,2024,47
"Radtke, Dylan",BUC_BIS,71,Right,1000164272,Bucknell,2025,25
"Firestein, Ethan",BUC_BIS,72,Right,10064408,Bucknell,2024,38
"Firestein, Ethan",BUC_BIS,72,Right,10064408,Bucknell,2025,55
"Garber, Everett",BUC_BIS,75,Right,1000230847,Bucknell,2025,236
"Farynick, Theo",BUC_BIS,69,Right,1000078942,Bucknell,2023,425
"Greer, Will",BUC_BIS,75,Right,1000078617,Bucknell,2023,719
"Maxwell, Hadley",BUC_BIS,75,Right,10006425,Bucknell,2023,246
"Maxwell, Hadley",BUC_BIS,75,Right,1000240751,Bucknell,2024,87
"Maxwell, Hadley",BUC_BIS,75,Right,1000240751,Bucknell,2025,595
"Hawkins, Tyler",BUC_BIS,76,Right,1000250271,Bucknell,2025,63
"Novicki, Henry",BUC_BIS,75,Right,1000084130,Bucknell,2023,15
"O'Malley, Jack",BUC_BIS,80,Right,823794,Bucknell,2025,100
"Terwilliger, Jacob",BUC_BIS,70,Right,1000084131,Bucknell,2023,67
"Janik, Samuel",BUC_BIS,71,Right,1000169879,Bucknell,2025,294
"Julks, Kobe",BUC_BIS,76,Right,10025771,Bucknell,2025,40
"Myro, Mikey",BUC_BIS,72,Right,1000198375,Bucknell,2023,21
"Myro, Mikey",BUC_BIS,72,Right,1000198375,Bucknell,2024,616
"Mulvey, Nick",BUC_BIS,71,Left,1000120891,Bucknell,2023,203
"Mulvey, Nick",BUC_BIS,71,Left,1000120891,Bucknell,2024,251
"Mulvey, Nick",BUC_BIS,71,Left,1000120891,Bucknell,2025,699
"Patel, Nikhil",BUC_BIS,71,Right,1000063390,Bucknell,2023,31
"Patel, Nikhil",BUC_BIS,71,Right,1000063390,Bucknell,2024,189
"O'Neill, Tyler",BUC_BIS,72,Right,1000120897,Bucknell,2023,632
"O'Neill, Tyler",BUC_BIS,72,Right,1000120897,Bucknell,2024,938
"O'Neill, Tyler",BUC_BIS,72,Right,828468,Bucknell,2025,946
"Osinski, Ryan",BUC_BIS,78,Right,1000198371,Bucknell,2023,246
"Barokas, Aaron",BUT_BUL,77,Right,1000072577,Butler,2023,156
"Galdoni, Adam",BUT_BUL,77,Right,97355,Butler,2025,22
"Hatcher, Aidan",BUT_BUL,73,Right,1000214134,Butler,2024,190
"Hatcher, Aidan",BUT_BUL,73,Right,1000214134,Butler,2025,250
"Kanipe, Alex",BUT_BUL,74,Right,1000191910,Butler,2025,266
"Thomas, Alex",BUT_BUL,70,Left,824037,Butler,2025,225
"Voss, Alex",BUT_BUL,76,Right,1000055864,Butler,2023,58
"Crumbley, Andrew",BUT_BUL,74,Left,1000051813,Butler,2024,364
"Hendrickx, Andrew",BUT_BUL,75,Right,804866,Butler,2025,214
"Banks, Tyler",BUT_BUL,74,Right,1000157811,Butler,2024,694
"Bello, Jack",BUT_BUL,74,Left,1000116126,Butler,2025,96
"Benjamin, Tre",BUT_BUL,78,Right,1000121969,Butler,2025,446
"Whiteside, Ben",BUT_BUL,77,Left,1000125523,Butler,2023,149
"Whiteside, Ben",BUT_BUL,77,Left,1000125523,Butler,2024,605
"Whiteside, Ben",BUT_BUL,77,Left,1000125523,Butler,2025,120
"Bosecker, Cory",BUT_BUL,75,Left,1000078630,Butler,2023,278
"Sherrard, Brett",BUT_BUL,70,Right,1000181039,Butler,2024,230
"Sherrard, Brett",BUT_BUL,70,Right,1000181039,Butler,2025,119
"Brooks, Grant",BUT_BUL,76,Right,10012906,Butler,2023,14
"Brooks, Grant",BUT_BUL,76,Right,1000233767,Butler,2024,473
"Thune, Cade ",BUT_BUL,76,Right,1000149350,Butler,2023,215
"Vota, Cade",BUT_BUL,72,Right,1000125525,Butler,2024,152
"Vota, Cade",BUT_BUL,72,Right,1000125525,Butler,2025,63
"Finnigan, Christian",BUT_BUL,75,Right,1000276945,Butler,2024,282
"Finnigan, Christian",BUT_BUL,75,Right,1000276945,Butler,2025,131
"Holzworth, Clay",BUT_BUL,75,Right,1000100421,Butler,2023,108
"Graverson, Cole",BUT_BUL,70,Left,1000091046,Butler,2023,199
"Graverson, Cole",BUT_BUL,70,Left,1000091046,Butler,2024,607
"Dailey, Colin",BUT_BUL,72,Right,1000142326,Butler,2024,170
"Dailey, Colin",BUT_BUL,72,Right,1000133966,Butler,2025,245
"Davis, Colin",BUT_BUL,70,Left,1000125526,Butler,2023,100
"Robinson, Cooper",BUT_BUL,73,Right,1000095925,Butler,2023,127
"Robinson, Cooper",BUT_BUL,73,Right,1000095925,Butler,2024,90
"Snyder, Corbin",BUT_BUL,78,Right,10041896,Butler,2025,155
"Taylor, Dawson",BUT_BUL,76,Right,1000084819,Butler,2023,128
"Simpson, Espn",BUT_BUL,72,Right,10135863,Butler,2025,86
"Foxson, Tate",BUT_BUL,76,Right,1000248524,Butler,2024,169
"Foxson, Tate",BUT_BUL,76,Right,1000248524,Butler,2025,273
"Pancratz, Gabe",BUT_BUL,80,Right,1000175304,Butler,2023,98
"Pancratz, Gabe",BUT_BUL,80,Right,1000175304,Butler,2024,52
"Pancratz, Gabe",BUT_BUL,80,Right,1000175304,Butler,2025,65
"Vota, Gage",BUT_BUL,78,Right,1000091804,Butler,2024,226
"Galdoni, Lukas ",BUT_BUL,76,Right,1000013204,Butler,2023,149
"Galdoni, Lukas",BUT_BUL,76,Right,1000013204,Butler,2023,22
"Goodpaster, Marcus",BUT_BUL,76,Right,1000234393,Butler,2025,503
"Griffiths, Jack",BUT_BUL,78,Right,10077375,Butler,2025,224
"Hornschemeier, Justin",BUT_BUL,77,Right,1000062008,Butler,2024,91
"Hornschemeier, Justin",BUT_BUL,77,Right,1000062008,Butler,2025,97
"Putnam, Jake",BUT_BUL,77,Right,687575,Butler,2024,84
"Vore, Jon",BUT_BUL,73,Right,1000091044,Butler,2023,173
"Kilfoyle, Shane",BUT_BUL,74,Right,1000214145,Butler,2023,108
"Kilfoyle, Shane",BUT_BUL,74,Right,1000214145,Butler,2024,124
"Linde, Simon",BUT_BUL,73,Right,10085271,Butler,2024,312
"Linde, Simon",BUT_BUL,73,Right,10085271,Butler,2025,283
"Zmolik, Luke",BUT_BUL,73,Right,1000125529,Butler,2023,200
"Miketinac, Nick",BUT_BUL,72,Right,1000100407,Butler,2023,68
"Miketinac, Nick",BUT_BUL,72,Right,1000100407,Butler,2024,368
"Rosser, Nate",BUT_BUL,76,Right,1000276946,Butler,2024,498
"Rosser, Nate",BUT_BUL,76,Right,1000276946,Butler,2025,415
"Seigworth, Spencer",BUT_BUL,74,Right,10039003,Butler,2023,51
"Urias-Calvillo, Alex",CSU_BAK,70,RIGHT,1000218856,CSU Bakersfield,2025,239
"Borboa, Logan",CSU_BAK,73,RIGHT,1000340439,CSU Bakersfield,2025,194
"Brown, CJ",CSU_BAK,74,RIGHT,1000228886,CSU Bakersfield,2025,302
"Hund, Christopher",CSU_BAK,69,RIGHT,811755,CSU Bakersfield,2025,299
"Craig, Haldon",CSU_BAK,75,RIGHT,10292049,CSU Bakersfield,2025,139
"Jackson, Dante",CSU_BAK,79,LEFT,1000123528,CSU Bakersfield,2025,201
"Villegas, David",CSU_BAK,73,RIGHT,1000209166,CSU Bakersfield,2024,124
"Villegas, David",CSU_BAK,73,RIGHT,1000209166,CSU Bakersfield,2025,230
"Fragoso, Hauze",CSU_BAK,73,RIGHT,1000228901,CSU Bakersfield,2025,356
"Gutierrez, Jacob",CSU_BAK,75,RIGHT,1000127305,CSU Bakersfield,2023,653
"Gutierrez, Jacob",CSU_BAK,75,RIGHT,1000127305,CSU Bakersfield,2024,67
"Gutierrez, Jacob",CSU_BAK,75,RIGHT,1000127305,CSU Bakersfield,2025,765
"Leary, Jack",CSU_BAK,74,RIGHT,1000120109,CSU Bakersfield,2025,944
"Jones, Jeremy",CSU_BAK,72,RIGHT,10111039,CSU Bakersfield,2025,281
"Schuerman, Jeter",CSU_BAK,74,RIGHT,1000131666,CSU Bakersfield,2023,425
"Schuerman, Jeter",CSU_BAK,74,RIGHT,1000131666,CSU Bakersfield,2025,83
"Morisaki, Kanoa",CSU_BAK,72,RIGHT,10148225,CSU Bakersfield,2024,46
"Morisaki, Kanoa",CSU_BAK,72,RIGHT,1000294158,CSU Bakersfield,2025,292
"O'Connor, Kellen",CSU_BAK,70,LEFT,1000084601,CSU Bakersfield,2024,165
"King, Ryan",CSU_BAK,76,RIGHT,1000153788,CSU Bakersfield,2025,1048
"Stancato, Kyler",CSU_BAK,75,LEFT,1000074623,CSU Bakersfield,2023,155
"Stancato, Kyler",CSU_BAK,75,LEFT,1000074623,CSU Bakersfield,2024,17
"Rightmyer, Logan",CSU_BAK,71,RIGHT,1000120270,CSU Bakersfield,2025,139
"Lopez, Matthew",CSU_BAK,70,RIGHT,1000216780,CSU Bakersfield,2025,61
"Saldana, Marcelo",CSU_BAK,72,LEFT,1000125323,CSU Bakersfield,2023,544
"McAlinden, Shane",CSU_BAK,72,RIGHT,10049698,CSU Bakersfield,2025,840
"Riley, Michael",CSU_BAK,74,RIGHT,1000257330,CSU Bakersfield,2025,544
"Perryman, Nick",CSU_BAK,77,LEFT,1000125329,CSU Bakersfield,2024,24
"Perryman, Nick",CSU_BAK,77,LEFT,1000125329,CSU Bakersfield,2025,46
"Reddemann, Ryan",CSU_BAK,71,LEFT,1000209168,CSU Bakersfield,2023,26
"Reddemann, Ryan",CSU_BAK,71,LEFT,1000209168,CSU Bakersfield,2025,71
"Reynolds , Ryan",CSU_BAK,75,RIGHT,1000100935,CSU Bakersfield,2024,15
"Walton, Tai",CSU_BAK,72,RIGHT,688088,CSU Bakersfield,2025,97
"Perez, Adan",CAL_MAT,76,Right,1000222759,CSUN,2024,191
"Colin, Aidan",CAL_MAT,73,Right,1000227322,CSUN,2023,49
"Allen-Fox, Destin",CAL_MAT,71,Left,814720,CSUN,2024,217
"Allen-Fox, Destin",CAL_MAT,71,Left,814720,CSUN,2025,20
"Gauna, Andrew",CAL_MAT,76,Right,1000342662,CSUN,2025,21
"Parker, Andrew",CAL_MAT,70,Right,1000297043,CSUN,2024,20
"Armijo, Calix",CAL_MAT,70,Right,1000123801,CSUN,2025,99
"Bainton, Thomas",CAL_MAT,75,Right,1000118200,CSUN,2023,351
"Bainton, Thomas",CAL_MAT,75,Right,822628,CSUN,2024,1079
"Banuelos, Jackson",CAL_MAT,71,Left,1000208407,CSUN,2025,179
"Ignaciak, Blake",CAL_MAT,75,Right,822556,CSUN,2024,259
"Ignaciak, Blake",CAL_MAT,75,Right,822556,CSUN,2025,438
"Wauschek, Braden",CAL_MAT,75,Right,822561,CSUN,2024,177
"Braun, Lucas",CAL_MAT,72,Right,1000076959,CSUN,2023,401
"Hiraki, Brayden",CAL_MAT,71,Left,1000119621,CSUN,2023,30
"Bush, Jackson",CAL_MAT,75,Right,1000227326,CSUN,2023,25
"Casey, Lucas",CAL_MAT,74,Right,822553,CSUN,2024,124
"Cody, Hayden",CAL_MAT,74,Right,1000100683,CSUN,2023,135
"Cody, Hayden",CAL_MAT,74,Right,822563,CSUN,2024,202
"Zamudio, Dante",CAL_MAT,73,Right,822316,CSUN,2025,278
"Davis, Jason",CAL_MAT,77,Right,1000118218,CSUN,2025,570
"Gutierrez, Diego",CAL_MAT,74,Right,822622,CSUN,2024,404
"Gutierrez, Diego",CAL_MAT,74,Right,822622,CSUN,2025,1411
"Dominguez, Ryan",CAL_MAT,73,Left,1000127546,CSUN,2023,45
"Feist, Neil",CAL_MAT,75,Right,1000118199,CSUN,2023,31
"Feist, Neil",CAL_MAT,75,Right,1000118199,CSUN,2024,19
"Hernandez, Gabriel",CAL_MAT,70,Right,822625,CSUN,2024,115
"Hernandez, Gabriel",CAL_MAT,70,Right,822625,CSUN,2025,314
"Hanson, Gerald",CAL_MAT,68,Left,1000238863,CSUN,2024,112
"Halamicek, Ryan",CAL_MAT,76,Right,1000297052,CSUN,2024,877
"Halamicek, Ryan",CAL_MAT,76,Right,1000297052,CSUN,2025,1180
"Hall, Hayden",CAL_MAT,71,Right,822629,CSUN,2024,343
"Hall, Hayden",CAL_MAT,71,Right,822629,CSUN,2025,464
"Ontiveros, Isaac",CAL_MAT,73,Left,1000119616,CSUN,2023,61
"Mocherman, Jon",CAL_MAT,71,Left,1000127536,CSUN,2023,217
"Mocherman, Jon",CAL_MAT,71,Left,822674,CSUN,2025,239
"Martinez, Joshua",CAL_MAT,74,Left,823409,CSUN,2024,148
"Romero, Joshua",CAL_MAT,72,Right,1000119580,CSUN,2023,130
"Romero, Joshua",CAL_MAT,72,Right,1000119580,CSUN,2024,414
"Vose, Justin",CAL_MAT,76,Left,1000252031,CSUN,2024,495
"Pallares, Kenji",CAL_MAT,74,Right,1000209954,CSUN,2023,248
"Pallares, Kenji",CAL_MAT,74,Right,695022,CSUN,2024,392
"King, Kody",CAL_MAT,75,Left,1000242521,CSUN,2025,197
"Miller, Logan",CAL_MAT,76,Right,1000337478,CSUN,2025,462
"Martinez, Xavier",CAL_MAT,73,Right,1000119625,CSUN,2023,111
"Mendes, Max",CAL_MAT,72,Right,10106137,CSUN,2025,591
"Mejia, Tyler",CAL_MAT,75,Left,822174,CSUN,2025,298
"Santivanez, Nicholas",CAL_MAT,75,Right,1000194913,CSUN,2025,206
"Rinehart, Noah",CAL_MAT,74,Right,1000078268,CSUN,2025,470
"Wentz, Ryan",CAL_MAT,76,Right,1000100680,CSUN,2023,288
"Wentz, Ryan",CAL_MAT,76,Right,1000100680,CSUN,2024,428
"Baum, Ryan",CAL_MUS,76,Right,1000199113,Cal Poly,2023,651
"Baum, Ryan",CAL_MUS,76,Right,809938,Cal Poly,2024,678
"Baytosh, Chris",CAL_MUS,73,Left,1000067900,Cal Poly,2023,77
"Brooks, Steven",CAL_MUS,78,Right,1000114564,Cal Poly,2023,818
"Brooks, Steven",CAL_MUS,78,Right,1000114564,Cal Poly,2024,940
"Warrecker, Bryce",CAL_MUS,80,Right,1000093904,Cal Poly,2023,1042
"Bueno, Reece",CAL_MUS,72,Right,1000108892,Cal Poly,2024,147
"Bueno, Reece",CAL_MUS,72,Right,1000108892,Cal Poly,2025,222
"Pearlman, Caden",CAL_MUS,75,Left,1000279236,Cal Poly,2024,257
"Pearlman, Caden",CAL_MUS,75,Left,1000279236,Cal Poly,2025,97
"Lopiccolo, Carlo",CAL_MUS,72,Right,1000093902,Cal Poly,2023,312
"Turnquist, Carson",CAL_MUS,77,Right,702493,Cal Poly,2025,65
"Royle, Charlie",CAL_MUS,74,Right,1000132734,Cal Poly,2023,317
"Royle, Charlie",CAL_MUS,74,Right,809937,Cal Poly,2024,198
"Royle, Charlie",CAL_MUS,74,Right,809937,Cal Poly,2025,131
"Downs, Chris",CAL_MUS,79,Left,1000279237,Cal Poly,2024,232
"Downs, Chris",CAL_MUS,79,Left,1000279237,Cal Poly,2025,653
"Cooper, Troy",CAL_MUS,74,Right,1000373330,Cal Poly,2025,422
"True, Derek",CAL_MUS,74,Right,1000048879,Cal Poly,2023,499
"Dueck, Owen",CAL_MUS,73,Left,1000132547,Cal Poly,2023,47
"Kvidahl, Erik",CAL_MUS,77,Right,1000307589,Cal Poly,2025,38
"Marmie, Ethan",CAL_MUS,79,Right,1000163722,Cal Poly,2024,187
"Marmie, Ethan",CAL_MUS,79,Right,1000151830,Cal Poly,2025,815
"Tomlinson, Evan",CAL_MUS,76,Right,1000093903,Cal Poly,2023,107
"Tomlinson, Evan",CAL_MUS,76,Right,1000093903,Cal Poly,2024,11
"Rodriguez, Freddy",CAL_MUS,75,Right,809934,Cal Poly,2024,41
"Garcia, Holden",CAL_MUS,74,Right,1000131986,Cal Poly,2023,76
"Naess, Griffin",CAL_MUS,78,Right,1000250439,Cal Poly,2024,711
"Naess, Griffin",CAL_MUS,78,Right,1000250439,Cal Poly,2025,1118
"Wright, Jakob",CAL_MUS,72,Left,1000114562,Cal Poly,2023,250
"Wright, Jakob",CAL_MUS,72,Left,1000114562,Cal Poly,2024,1028
"Morano, Josh",CAL_MUS,76,Left,814698,Cal Poly,2025,492
"Sheedy, Kaden",CAL_MUS,73,Right,1000050023,Cal Poly,2023,596
"Kalfsbeek, Luke",CAL_MUS,75,Left,1000373329,Cal Poly,2025,355
"Kovach, Luke",CAL_MUS,73,Left,1000117537,Cal Poly,2025,30
"Scott, Kyle",CAL_MUS,75,Right,1000029185,Cal Poly,2023,321
"Larkin, Noah",CAL_MUS,75,Left,1000114574,Cal Poly,2023,158
"Larkin, Noah",CAL_MUS,75,Left,809940,Cal Poly,2024,48
"Montgomery, Paul",CAL_MUS,76,Right,1000240818,Cal Poly,2024,27
"Montgomery, Paul",CAL_MUS,76,Right,1000240818,Cal Poly,2025,24
"Sagouspe, Tanner",CAL_MUS,72,Right,1000039291,Cal Poly,2023,122
"Sagouspe, Tanner",CAL_MUS,72,Right,701693,Cal Poly,2024,446
"Sagouspe, Tanner",CAL_MUS,72,Right,701693,Cal Poly,2025,663
"Weston, Travis",CAL_MUS,73,Left,1000024904,Cal Poly,2023,601
"Ceniceros, Aaron",CAL_FUL,72,Right,823962,Cal St. Fullerton,2024,120
"Alfaro, Jesse",CAL_FUL,72,Right,1000138478,Cal St. Fullerton,2023,176
"Alfaro, Jesse",CAL_FUL,72,Right,823970,Cal St. Fullerton,2024,56
"Morones, Andrew",CAL_FUL,72,Right,1000016596,Cal St. Fullerton,2023,116
"Morones, Andrew",CAL_FUL,72,Right,688474,Cal St. Fullerton,2024,409
"Wright, Andrew",CAL_FUL,73,Left,823947,Cal St. Fullerton,2024,166
"Wright, Andrew",CAL_FUL,73,Left,823947,Cal St. Fullerton,2025,472
"Blood, Jason",CAL_FUL,74,Right,1000123547,Cal St. Fullerton,2023,493
"Blood, Jason",CAL_FUL,74,Right,1000123547,Cal St. Fullerton,2024,736
"Blood, Jason",CAL_FUL,74,Right,1000123547,Cal St. Fullerton,2025,722
"Dockan, Brady",CAL_FUL,75,Left,1000193486,Cal St. Fullerton,2025,437
"Herrera, Carter",CAL_FUL,71,Right,1000138468,Cal St. Fullerton,2023,88
"Gurnea, Chad",CAL_FUL,72,Right,1000271445,Cal St. Fullerton,2024,427
"Gurnea, Chad",CAL_FUL,72,Right,1000271445,Cal St. Fullerton,2025,256
"Chester, Fynn",CAL_FUL,74,Right,1000115061,Cal St. Fullerton,2023,629
"Rodriguez, Christian",CAL_FUL,78,Right,691010,Cal St. Fullerton,2024,938
"Hernandez, Chris",CAL_FUL,74,Right,814192,Cal St. Fullerton,2025,151
"Turner, Derek",CAL_FUL,73,Right,1000271449,Cal St. Fullerton,2024,463
"Turner, Derek",CAL_FUL,73,Right,1000271449,Cal St. Fullerton,2025,734
"Goff, Dylan",CAL_FUL,74,Right,1000242462,Cal St. Fullerton,2024,192
"Goff, Dylan",CAL_FUL,74,Right,823964,Cal St. Fullerton,2025,187
"Smith, Dylan",CAL_FUL,74,Right,1000083207,Cal St. Fullerton,2025,449
"Yates, Evan",CAL_FUL,74,Right,1000115054,Cal St. Fullerton,2023,894
"Faris, Grady",CAL_FUL,76,Right,10264444,Cal St. Fullerton,2025,111
"Faulks, Ryan",CAL_FUL,75,Right,1000125065,Cal St. Fullerton,2023,214
"Faulks, Ryan",CAL_FUL,75,Right,1000125065,Cal St. Fullerton,2024,127
"Faulks, Ryan",CAL_FUL,75,Right,1000125065,Cal St. Fullerton,2025,535
"Flores, Michael",CAL_FUL,68,Left,823966,Cal St. Fullerton,2024,189
"Meyer, Gavin",CAL_FUL,76,Right,1000115044,Cal St. Fullerton,2023,130
"Meyer, Gavin",CAL_FUL,76,Right,823952,Cal St. Fullerton,2025,404
"Harper, Jayden",CAL_FUL,73,Left,1000249040,Cal St. Fullerton,2025,263
"Hawkinson, Payton",CAL_FUL,79,Left,1000271462,Cal St. Fullerton,2024,155
"Hawkinson, Payton",CAL_FUL,79,Left,1000271462,Cal St. Fullerton,2025,478
"Hinkel, Trevor",CAL_FUL,74,Right,1000050041,Cal St. Fullerton,2023,684
"Howitt, Josh",CAL_FUL,77,Left,1000075049,Cal St. Fullerton,2023,59
"Ingrassia, Jojo",CAL_FUL,73,Left,1000125059,Cal St. Fullerton,2023,500
"Meek, Jack",CAL_FUL,70,Left,1000138474,Cal St. Fullerton,2023,17
"Krakoski, Jason",CAL_FUL,75,Right,814170,Cal St. Fullerton,2024,311
"Krakoski, Jason",CAL_FUL,75,Right,814170,Cal St. Fullerton,2025,337
"Jones, Peyton",CAL_FUL,74,Left,1000078176,Cal St. Fullerton,2023,705
"Jones, Peyton",CAL_FUL,74,Left,1000078176,Cal St. Fullerton,2024,665
"Martin, Landon",CAL_FUL,76,Right,1000364953,Cal St. Fullerton,2025,224
"Negrete, Mikiah",CAL_FUL,73,Left,800626,Cal St. Fullerton,2024,801
"Negrete, Mikiah",CAL_FUL,73,Left,800626,Cal St. Fullerton,2025,1035
"Seo, Ryan",CAL_FUL,71,Right,1000316683,Cal St. Fullerton,2025,190
"Sumner, Seth",CAL_FUL,76,Right,809261,Cal St. Fullerton,2024,55
"Tomczak, Seth",CAL_FUL,76,Right,1000016617,Cal St. Fullerton,2023,535
"Tomczak, Seth",CAL_FUL,76,Right,1000016617,Cal St. Fullerton,2024,380
"Stultz, Tyler",CAL_FUL,73,Left,1000115028,Cal St. Fullerton,2023,1093
"Aivazian, Robert",CAL_BEA,75,Right,1000214498,California,2023,143
"Aivazian, Robert",CAL_BEA,75,Right,811212,California,2024,215
"Alaniz, Lucas",CAL_BEA,74,Right,1000222852,California,2025,198
"Galan, Andres",CAL_BEA,76,Right,1000070785,California,2023,251
"Galan, Andres",CAL_BEA,76,Right,1000070785,California,2024,294
"Liu, Arthur",CAL_BEA,71,Left,1000124489,California,2024,46
"Turkington, Austin",CAL_BEA,72,Right,1000177277,California,2023,200
"Turkington, Austin",CAL_BEA,72,Right,1000177277,California,2024,275
"Turkington, Austin",CAL_BEA,73,Right,1000177277,California,2025,1027
"Becerra, Christian",CAL_BEA,73,Right,1000060016,California,2023,302
"Becerra, Christian",CAL_BEA,73,Right,800875,California,2024,432
"Boone, Oliver",CAL_BEA,76,Right,10147940,California,2024,434
"Bougie, Tucker",CAL_BEA,75,Right,1000091727,California,2023,208
"Bougie, Tucker",CAL_BEA,75,Right,1000091727,California,2024,254
"Bougie, Tucker",CAL_BEA,75,Right,1000091727,California,2025,155
"Stamos, Chris",CAL_BEA,76,Left,1000121976,California,2023,182
"Clark, Cole",CAL_BEA,70,Right,813717,California,2025,526
"Tremain, Cole",CAL_BEA,73,Right,1000039250,California,2025,592
"Colwell, Daniel",CAL_BEA,73,Left,1000050702,California,2023,242
"Sullivan, Connor",CAL_BEA,77,Right,1000121964,California,2023,304
"Sullivan, Connor",CAL_BEA,77,Right,1000121964,California,2024,394
"Shaw, David",CAL_BEA,79,Left,695582,California,2025,789
"Dessart, Spencer",CAL_BEA,74,Right,822595,California,2025,328
"De La Torre, Oliver",CAL_BEA,76,Right,1000152005,California,2024,71
"De La Torre, Oliver",CAL_BEA,76,Right,1000152005,California,2025,728
"Eddy, Gavin",CAL_BEA,77,Right,806066,California,2025,820
"Foley, Ethan",CAL_BEA,75,Right,1000345451,California,2025,634
"Guardiancic, Jake",CAL_BEA,77,Right,822022,California,2024,123
"Guardiancic, Jake",CAL_BEA,77,Right,822022,California,2025,120
"Hollis, JJ",CAL_BEA,76,Right,1000239507,California,2025,205
"May, Ian",CAL_BEA,74,Left,10075514,California,2023,139
"May, Ian",CAL_BEA,74,Left,800890,California,2024,205
"Kirrer, Jack",CAL_BEA,70,Right,201759,California,2023,69
"Williams, Joe",CAL_BEA,75,Right,1000066559,California,2023,71
"Taque, Kaden",CAL_BEA,73,Right,822033,California,2024,5
"Taque, Kaden",CAL_BEA,73,Right,822033,California,2025,139
"Larson, Quinn",CAL_BEA,76,Right,814479,California,2024,145
"Piper, Logan",CAL_BEA,71,Left,822029,California,2024,110
"Piper, Logan",CAL_BEA,71,Left,822029,California,2025,504
"Lozovoy, Matt",CAL_BEA,75,Right,1000121977,California,2023,44
"Short, Luke",CAL_BEA,72,Left,1000080154,California,2024,725
"Mauterer, Vaughn",CAL_BEA,70,Right,1000039359,California,2023,14
"Mayer, Tom",CAL_BEA,76,Right,1000050300,California,2024,454
"Tenscher, Miles",CAL_BEA,73,Right,10289634,California,2025,171
"Newmann, Trey",CAL_BEA,78,Right,814173,California,2024,661
"Pasqualotto, Paulshawn",CAL_BEA,73,Right,1000069894,California,2023,387
"Spalliero, Ryan",CAL_BEA,72,Right,703663,California,2025,125
"Stasiowski, Tyler",CAL_BEA,72,Right,1000214499,California,2023,222
"Stasiowski, Tyler",CAL_BEA,72,Right,811211,California,2024,373
"Capacete, Alfredo",CAL_LAN,75,Right,1000367100,California Baptist,2025,46
"Necochea, Andrew",CAL_LAN,77,RIGHT,1000058109,California Baptist,2023,414
"Rudd, Andrew",CAL_LAN,77,Right,10310258,California Baptist,2025,569
"Becerra, Luis",CAL_LAN,76,Right,1000191450,California Baptist,2023,250
"Becerra, Luis",CAL_LAN,76,Right,1000191450,California Baptist,2024,42
"Becerra, Luis",CAL_LAN,76,Right,1000191450,California Baptist,2025,253
"Bengard, Spencer",CAL_LAN,76,Right,1000092763,California Baptist,2023,849
"Bengard, Spencer",CAL_LAN,76,,1000092763,California Baptist,2025,47
"Downer, Brandon",CAL_LAN,77,Right,1000113233,California Baptist,2023,631
"Downer, Brandon",CAL_LAN,77,Right,1000113233,California Baptist,2024,102
"Downer, Brandon",CAL_LAN,77,,1000113233,California Baptist,2025,21
"Ross, Brandon",CAL_LAN,74,Left,1000024661,California Baptist,2023,183
"Burgess, Sam",CAL_LAN,73,Left,1000134844,California Baptist,2025,181
"Teper, Cameron",CAL_LAN,73,Left,1000207034,California Baptist,2025,518
"Olsen, Carson",CAL_LAN,77,Right,1000113235,California Baptist,2023,258
"Olsen, Carson",CAL_LAN,77,Right,1000113235,California Baptist,2025,41
"New, Cody",CAL_LAN,75,Left,1000164613,California Baptist,2024,173
"New, Cody",CAL_LAN,75,Left,1000164613,California Baptist,2025,977
"Vizcaino, David",CAL_LAN,76,Right,801947,California Baptist,2025,423
"Delgado, Ryan",CAL_LAN,75,Right,1000048082,California Baptist,2023,630
"Delgado, Ryan",CAL_LAN,75,Right,694803,California Baptist,2024,124
"Finazzo, Kade",CAL_LAN,76,Right,10137600,California Baptist,2025,75
"Hemmerling, Nathan",CAL_LAN,74,Right,1000132231,California Baptist,2023,525
"Hemmerling, Nathan",CAL_LAN,76,Right,1000132231,California Baptist,2024,183
"Hernandez, Ryan",CAL_LAN,69,Left,1000127517,California Baptist,2023,103
"Hernandez, Ryan",CAL_LAN,69,Left,1000127517,California Baptist,2024,42
"Hetzler, Ryan",CAL_LAN,72,Right,1000111331,California Baptist,2024,52
"Hunsaker, Riley",CAL_LAN,73,Left,821972,California Baptist,2025,123
"Wilson, Jacob",CAL_LAN,75,Right,1000078287,California Baptist,2023,507
"Wilson, Jacob",CAL_LAN,75,Right,1000078287,California Baptist,2024,70
"Wilson, Jacob",CAL_LAN,75,Right,1000078287,California Baptist,2025,365
"Villalobos, Jared",CAL_LAN,71,Left,1000113244,California Baptist,2023,184
"Villalobos, Jared",CAL_LAN,70.5,,1000113244,California Baptist,2025,14
"Orozco, Julian",CAL_LAN,70,Right,811578,California Baptist,2025,546
"Kittredge, Ryan",CAL_LAN,74,Right,1000191453,California Baptist,2023,130
"Kittredge, Ryan",CAL_LAN,74,Right,1000191453,California Baptist,2024,57
"Kittredge, Ryan",CAL_LAN,74,Right,1000191453,California Baptist,2025,819
"Rocha, Liam",CAL_LAN,75,Right,1000092764,California Baptist,2023,884
"Rocha, Liam",CAL_LAN,75,,1000092764,California Baptist,2025,50
"Pirko, Lukas",CAL_LAN,75,Right,10148190,California Baptist,2024,190
"Malki, Michael",CAL_LAN,72,Right,10137746,California Baptist,2025,69
"Mattox, Seth",CAL_LAN,74,Right,1000113249,California Baptist,2023,513
"Mattox, Seth",CAL_LAN,75,Right,1000113249,California Baptist,2024,10
"Urquidi, Niko",CAL_LAN,73,Left,1000211262,California Baptist,2025,363
"Smith, Noah",CAL_LAN,75,Right,10120430,California Baptist,2024,22
"Smith, Noah",CAL_LAN,75,Right,10120430,California Baptist,2025,227
"Palmer, Ryne",CAL_LAN,76,Right,1000191455,California Baptist,2023,29
"Palmer, Ryne",CAL_LAN,76,Right,1000191455,California Baptist,2025,172
"Rund, Aaron",CAM_CAM,77,Right,1000092622,Campbell,2023,558
"Adams, Trent",CAM_CAM,78,Left,1000112719,Campbell,2023,40
"Anderson, Cade",CAM_CAM,72,Right,1000051312,Campbell,2023,22
"Bargo, Simon",CAM_CAM,77,Right,1000164950,Campbell,2024,614
"Biasi, Nick",CAM_CAM,69,Left,1000092011,Campbell,2025,134
"Boxrucker, Cade",CAM_CAM,74,Right,1000092613,Campbell,2023,469
"Wright, Brendan",CAM_CAM,72,Right,1000049109,Campbell,2023,35
"Brown, Daniel",CAM_CAM,75,Left,1000092618,Campbell,2023,47
"Brown, Peyton",CAM_CAM,82,Right,1000092619,Campbell,2023,51
"Brown, Peyton",CAM_CAM,82,Right,801805,Campbell,2025,713
"Kuehler, Cade",CAM_CAM,72,Right,1000074559,Campbell,2023,570
"O'Brien, Cameron",CAM_CAM,77,Right,8887853,Campbell,2023,305
"Daquila, Chance",CAM_CAM,75,Right,167985,Campbell,2023,628
"Williford, Chandler",CAM_CAM,75,Right,1000013772,Campbell,2023,20
"Clark, Cooper",CAM_CAM,76,Right,815041,Campbell,2024,738
"Clark, Cooper",CAM_CAM,76,Right,815041,Campbell,2025,44
"Peschl, Cole",CAM_CAM,73,Right,1000128700,Campbell,2024,877
"Cox, Cy",CAM_CAM,72,Left,1000066712,Campbell,2024,321
"Cox, Cy",CAM_CAM,72,Left,1000066712,Campbell,2025,4
"Cummings, Ty",CAM_CAM,74,Right,1000092620,Campbell,2023,586
"Hazlett, Dalton",CAM_CAM,73,Right,1000114819,Campbell,2025,99
"Rossow, David",CAM_CAM,75,Right,701455,Campbell,2024,65
"Rossow, David",CAM_CAM,75,Right,701455,Campbell,2025,752
"Day, Ernie",CAM_CAM,76,Right,1000051993,Campbell,2023,343
"Vartanian, Derek",CAM_CAM,76,Right,1000169115,Campbell,2024,203
"Siegner, Drew",CAM_CAM,72,Right,1000268342,Campbell,2024,413
"Siegner, Drew",CAM_CAM,72,Right,1000268342,Campbell,2025,391
"Snyder, Ethan",CAM_CAM,76,Right,1000268344,Campbell,2024,224
"Snyder, Ethan",CAM_CAM,76,Right,1000268344,Campbell,2025,280
"Hendricks, Evans",CAM_CAM,72,Left,1000052172,Campbell,2025,561
"Ferguson, George",CAM_CAM,74,Left,1000112709,Campbell,2023,577
"Kangas, Garret",CAM_CAM,72,Right,1000090926,Campbell,2023,66
"Kangas, Garret",CAM_CAM,72,Right,810922,Campbell,2024,192
"Knipp, Grant",CAM_CAM,74,Right,694840,Campbell,2024,89
"Parrill, Griffin",CAM_CAM,74,Right,93953,Campbell,2023,64
"Grubich, Lleyton",CAM_CAM,72,Left,1000095550,Campbell,2025,592
"Hartley, Wiley",CAM_CAM,75,Right,1000112713,Campbell,2023,155
"Loyd, Hunter",CAM_CAM,74,Right,1000078718,Campbell,2023,818
"Roberts, Jackson",CAM_CAM,73,Right,10033700,Campbell,2023,228
"Roberts, Jackson",CAM_CAM,73,Right,703468,Campbell,2024,683
"Roberts, Jackson",CAM_CAM,73,Right,703468,Campbell,2025,517
"Wiegman, Jeremy",CAM_CAM,76,Right,1000124803,Campbell,2023,238
"Wiegman, Jeremy",CAM_CAM,76,Right,810916,Campbell,2024,633
"Music, Jett",CAM_CAM,74,Right,10131398,Campbell,2025,398
"Scruggs, Kale",CAM_CAM,72,Right,1000268347,Campbell,2025,21
"Martin, Zac",CAM_CAM,76,Right,1000330026,Campbell,2025,133
"Smith, Mason",CAM_CAM,72,Right,803693,Campbell,2025,770
"Palmer, Will",CAM_CAM,73,Left,10108349,Campbell,2024,332
"Palmer, Will",CAM_CAM,73,Left,10108349,Campbell,2025,96
"Duffy, Aaron",CAN_GRI,76,Right,10029727,Canisius,2023,87
"Duffy, Aaron",CAN_GRI,76,Right,10029727,Canisius,2024,118
"Duffy, Aaron",CAN_GRI,76,Right,10029727,Canisius,2025,112
"Abbott, Levi",CAN_GRI,75,Right,1000121675,Canisius,2024,38
"Abbott, Levi",CAN_GRI,76,Right,1000121675,Canisius,2025,136
"Abramson, Joe",CAN_GRI,69,Left,1000121669,Canisius,2025,35
"Aduddle, Bryan",CAN_GRI,72,Right,1000220705,Canisius,2023,5
"Aduddle, Bryan",CAN_GRI,72,Right,1000220705,Canisius,2024,88
"Albano, Noah",CAN_GRI,76,Right,1000269834,Canisius,2025,40
"Fron, Andrew",CAN_GRI,75,Right,1000056124,Canisius,2024,60
"Malec, Andrew",CAN_GRI,75,Right,10148593,Canisius,2024,41
"Kutz, Austin",CAN_GRI,78,Right,10048873,Canisius,2024,80
"Kutz, Austin",CAN_GRI,79,Right,1000297994,Canisius,2025,94
"Kochanski, Brett",CAN_GRI,71,Right,1000058689,Canisius,2023,22
"Smith, Brian",CAN_GRI,73,Right,10052633,Canisius,2025,76
"Pouliot, Chris",CAN_GRI,72,Left,1000073035,Canisius,2024,41
"Murray, Cole",CAN_GRI,72,Right,1000220708,Canisius,2024,36
"Consigli, Peyton",CAN_GRI,77,Right,10075596,Canisius,2023,72
"Consigli, Peyton",CAN_GRI,77,Right,813296,Canisius,2024,394
"Consigli, Peyton",CAN_GRI,77,Right,813296,Canisius,2025,281
"DeBrocky, Tyler",CAN_GRI,75,Right,10322471,Canisius,2025,21
"Elkovitch, Weston",CAN_GRI,72,Left,10301169,Canisius,2025,53
"Hennessy, Ethan",CAN_GRI,76,Right,1000121668,Canisius,2023,73
"Hennessy, Ethan",CAN_GRI,76,Right,1000121668,Canisius,2024,139
"Hennessy, Ethan",CAN_GRI,76,Right,1000121668,Canisius,2025,103
"Morin, Felix",CAN_GRI,76,Left,1000129054,Canisius,2023,58
"Morin, Felix",CAN_GRI,76,Left,1000129054,Canisius,2024,272
"Morin, Felix",CAN_GRI,76,Left,806820,Canisius,2025,250
"Greenleaf, Tyler",CAN_GRI,74,Right,1000121679,Canisius,2023,10
"Greenleaf, Tyler",CAN_GRI,74,Right,1000124751,Canisius,2024,66
"Greenleaf, Tyler",CAN_GRI,75,Right,1000124751,Canisius,2025,95
"Guiliano, Justin",CAN_GRI,76,Left,1000121673,Canisius,2023,75
"Guiliano, Justin",CAN_GRI,76,Left,801963,Canisius,2024,305
"Lopinto, Joe",CAN_GRI,72,Right,1000115619,Canisius,2024,71
"Lopinto, Joe",CAN_GRI,72,Right,1000115619,Canisius,2025,137
"Peltier, Tom",CAN_GRI,73,Left,1000078634,Canisius,2023,55
"Peltier, Tom",CAN_GRI,74,Left,1000078634,Canisius,2024,216
"Staerker, Sam",CAN_GRI,72,Right,1000220720,Canisius,2023,16
"Staerker, Sam",CAN_GRI,72,Right,1000220720,Canisius,2024,35
"Staerker, Sam",CAN_GRI,72,Right,1000220720,Canisius,2025,109
"Velasquez, Aden",CEN_BEA,75,Right,10147574,Central Ark.,2025,191
"Alexander, Hunter",CEN_BEA,71,Right,90000216719,Central Ark.,2024,147
"Alexander, Hunter",CEN_BEA,72,Right,90000216719,Central Ark.,2025,186
"Alveti, Gavin",CEN_BEA,72,Right,10014156,Central Ark.,2024,158
"Alveti, Gavin",CEN_BEA,72,Right,10014156,Central Ark.,2025,48
"Jones, Austin",CEN_BEA,71,Right,1000292402,Central Ark.,2025,159
"Barker, Jesse",CEN_BEA,74,Right,1000080060,Central Ark.,2023,197
"Barker, Jesse",CEN_BEA,74,Right,1000080060,Central Ark.,2024,153
" Walker, Brady",CEN_BEA,71,Left,1000055698,Central Ark.,2023,92
"Parlin, Bryce",CEN_BEA,75,Right,1000242924,Central Ark.,2023,23
"Parlin, Bryce",CEN_BEA,75,Right,1000242924,Central Ark.,2024,116
"Parlin, Bryce",CEN_BEA,75,Right,1000242924,Central Ark.,2025,89
"Busey, Tate",CEN_BEA,73,Right,1000098962,Central Ark.,2023,24
"Busey, Tate",CEN_BEA,73,Right,1000098962,Central Ark.,2024,48
"Fenton, Cade",CEN_BEA,75,Right,1000121632,Central Ark.,2023,83
"Christensen, Charlie",CEN_BEA,77,Right,10014619,Central Ark.,2023,91
"Christensen, Charlie",CEN_BEA,76,Right,10014619,Central Ark.,2024,28
"Christensen, Charlie",CEN_BEA,76,Right,10014619,Central Ark.,2025,266
"MacRae, Coleman",CEN_BEA,74,Right,267596,Central Ark.,2023,143
"MacRae, Coleman",CEN_BEA,74,Right,10271827,Central Ark.,2024,126
"MacRae, Coleman",CEN_BEA,74,Right,10271827,Central Ark.,2025,17
"Collins, Tate",CEN_BEA,75,Right,10053760,Central Ark.,2025,16
"King, Cooper",CEN_BEA,74,Right,1000397994,Central Ark.,2025,91
"Janak, Dillan",CEN_BEA,73,Left,1000098959,Central Ark.,2023,219
"Gregson, Trent",CEN_BEA,70,Right,1000098949,Central Ark.,2023,117
"Gregson, Trent",CEN_BEA,70,Right,1000098949,Central Ark.,2024,31
"Griffin, Mason",CEN_BEA,73,Right,10015364,Central Ark.,2023,87
"Griffin, Mason",CEN_BEA,73,Right,699465,Central Ark.,2024,62
"Schwank, Jackson",CEN_BEA,76,Right,10062171,Central Ark.,2024,18
"Schwank, Jackson",CEN_BEA,78,Right,10062171,Central Ark.,2025,134
"Jones, Jake",CEN_BEA,71,Right,1000180714,Central Ark.,2024,22
"Jones, Jake",CEN_BEA,71,Right,1000180714,Central Ark.,2025,127
"Laufman, Oliver",CEN_BEA,74,Right,1000121640,Central Ark.,2023,94
"Lorence, Luke",CEN_BEA,72,Right,10086214,Central Ark.,2025,83
"Nelson, Spencer",CEN_BEA,70,Right,1000121643,Central Ark.,2023,52
"Windham, Payton",CEN_BEA,70,Left,1000213672,Central Ark.,2023,221
"Windham, Payton",CEN_BEA,70,Left,1000213672,Central Ark.,2024,193
"Titlow, Perry",CEN_BEA,73,Right,1000251901,Central Ark.,2024,98
"Titlow, Perry",CEN_BEA,73,Right,1000251901,Central Ark.,2025,178
"Benhardt, Nic",CCU_BLD,72,RIGHT,,Central Conn. St.,2024,32
"Dipiero, Bryce",CCU_BLD,75,LEFT,10327933,Central Conn. St.,2024,9
"Plante, Bryson",CCU_BLD,73,RIGHT,10327932,Central Conn. St.,2024,27
"Munn, Drew",CCU_BLD,74,RIGHT,1000235155,Central Conn. St.,2023,16
"Munn, Drew",CCU_BLD,74,RIGHT,1000235155,Central Conn. St.,2024,64
"Guzman, Randy",CCU_BLD,72,RIGHT,,Central Conn. St.,2024,10
"Hutchinson, Sam",CCU_BLD,74,LEFT,10327931,Central Conn. St.,2024,38
"Winn Jr., TJ",CCU_BLD,73,RIGHT,1000273329,Central Conn. St.,2025,30
"Thomas, Kurt",CCU_BLD,73,RIGHT,1000149863,Central Conn. St.,2023,13
"Wenzel, Logan",CCU_BLD,74,LEFT,1000235156,Central Conn. St.,2023,12
"Reyes, Randy",CCU_BLD,71,LEFT,1000123003,Central Conn. St.,2023,73
"Spizzoucco, Vincent",CCU_BLD,75,LEFT,1000132334,Central Conn. St.,2023,35
"Mrakitsch, Adam",CEN_MIC,73,Left,1000120631,Central Mich.,2023,702
"Mrakitsch, Adam",CEN_MIC,73,Left,1000298761,Central Mich.,2024,146
"Kostic, AJ",CEN_MIC,75,Right,1000122276,Central Mich.,2025,633
"Espinoza, Alejandro",CEN_MIC,69,Right,1000229349,Central Mich.,2025,803
"Bach, Jack",CEN_MIC,76,Right,10097140,Central Mich.,2023,119
"Bach, Jack",CEN_MIC,76,Right,1000240506,Central Mich.,2024,72
"Bach, Jack",CEN_MIC,76,RIGHT,1000240506,Central Mich.,2025,105
"Bailey, Hayden",CEN_MIC,75,Right,1000305271,Central Mich.,2025,578
"Batka, Keegan",CEN_MIC,74,Right,1000131981,Central Mich.,2023,516
"Batka, Keegan",CEN_MIC,74,Right,1000273153,Central Mich.,2024,231
"Bell, Jack",CEN_MIC,70,Left,10144837,Central Mich.,2024,34
"Vitas, Ben",CEN_MIC,72,Right,1000076969,Central Mich.,2023,266
"Vitas, Ben",CEN_MIC,71,Right,1000076969,Central Mich.,2024,300
"Morgan, Brennan",CEN_MIC,72,Right,10046900,Central Mich.,2023,23
"Brown, Dean",CEN_MIC,73,Right,10295563,Central Mich.,2025,108
"Brown, Jake",CEN_MIC,75,Right,10170464,Central Mich.,2025,186
"Hellgeth, Bryce",CEN_MIC,74,Right,1000054023,Central Mich.,2024,189
"Busyn, Trevor",CEN_MIC,79,Right,1000149430,Central Mich.,2024,61
"Busyn, Trevor",CEN_MIC,80,Right,1000149430,Central Mich.,2025,21
"Campau, Carter",CEN_MIC,74,Right,1000196459,Central Mich.,2024,48
"Campau, Carter",CEN_MIC,74,Right,1000196459,Central Mich.,2025,37
"Smith, Cayden",CEN_MIC,70,Right,10114864,Central Mich.,2025,324
"Mitchelle, Christian",CEN_MIC,71,Right,93897,Central Mich.,2023,166
"Conte, Michael",CEN_MIC,75,Right,1000120629,Central Mich.,2023,305
"Culley, Ryan",CEN_MIC,72,Left,1000073041,Central Mich.,2023,133
"Waters, Evan",CEN_MIC,70,Left,10087367,Central Mich.,2023,425
"Waters, Evan",CEN_MIC,70,Left,1000240507,Central Mich.,2024,163
"Waters, Evan",CEN_MIC,70,Left,1000240507,Central Mich.,2025,246
"Navarra, Garrett",CEN_MIC,71,Left,1000056582,Central Mich.,2023,688
"Hanson, Jared",CEN_MIC,75,Right,10065903,Central Mich.,2024,154
"Hanson, Jared",CEN_MIC,75,Right,10065903,Central Mich.,2025,746
"Insco, Ryan",CEN_MIC,72,Right,1000079746,Central Mich.,2023,312
"Smith, Jackson",CEN_MIC,73,Left,1000235199,Central Mich.,2025,26
"Otis, Jack",CEN_MIC,73,Right,1000362093,Central Mich.,2025,142
"Smith, Jack",CEN_MIC,75,Right,1000218576,Central Mich.,2025,101
"Milchuck, Jonah",CEN_MIC,80,Right,1000132698,Central Mich.,2024,152
"Morgan, Justin",CEN_MIC,74,Right,1000334435,Central Mich.,2025,298
"Kloha, Lane",CEN_MIC,76,Right,1000164812,Central Mich.,2025,30
"Knorr, Sean",CEN_MIC,77,Right,1000131997,Central Mich.,2024,75
"Konuszewski, Quin",CEN_MIC,74,Left,802347,Central Mich.,2024,199
"Konuszewski, Quin",CEN_MIC,74,Left,802347,Central Mich.,2025,89
"Stumpf, Liam",CEN_MIC,73,Right,1000255445,Central Mich.,2025,491
"Miller, Trey",CEN_MIC,75,Right,10017636,Central Mich.,2024,317
"Palmblad, Ryan",CEN_MIC,75,Left,1000056587,Central Mich.,2023,456
"Alkire, Johnny",CHA_BUC,74,Right,1000107520,Charleston So.,2023,249
"Aluko, Simon",CHA_BUC,75,Left,90000224748,Charleston So.,2023,41
"Ramirez, Anthony",CHA_BUC,73,Right,1000268594,Charleston So.,2024,444
"Grindlinger, Brad",CHA_BUC,74,Right,1000268596,Charleston So.,2025,135
"Gastman, Brett",CHA_BUC,75,Left,10026800,Charleston So.,2024,373
"Gastman, Brett",CHA_BUC,75,Left,10026800,Charleston So.,2025,264
"Chalfant, Camden",CHA_BUC,74,Right,809249,Charleston So.,2025,626
"Woolridge, Chandler",CHA_BUC,74,Right,1000119645,Charleston So.,2024,51
"Chiriboga, Chris",CHA_BUC,76,Right,1000122559,Charleston So.,2023,18
"Krause, Christian",CHA_BUC,75,Right,10022895,Charleston So.,2025,455
"Robb, Christian",CHA_BUC,72,Right,10026897,Charleston So.,2024,247
"Cole, Ryan",CHA_BUC,71,Right,10031707,Charleston So.,2025,755
"Padysak, Daniel",CHA_BUC,77,Right,1000050067,Charleston So.,2023,220
"Daugherty, Ryan",CHA_BUC,74,,1000059575,Charleston So.,2023,144
"Daugherty, Ryan",CHA_BUC,74,Left,1000059575,Charleston So.,2024,129
"MacWatters, Devin",CHA_BUC,76,Right,1000208383,Charleston So.,2023,330
"MacWatters, Devin",CHA_BUC,76,Right,1000208383,Charleston So.,2024,306
"Duckhorn, Drew",CHA_BUC,73,Left,1000231988,Charleston So.,2025,19
"Dusang, Ryan",CHA_BUC,72,Right,1000135354,Charleston So.,2025,498
"Matsuoka, Dylan",CHA_BUC,71,Right,1000144476,Charleston So.,2023,150
"Matsuoka, Dylan",CHA_BUC,71,Right,1000144476,Charleston So.,2024,377
"Olsen, Eddie",CHA_BUC,74,Right,1000208384,Charleston So.,2023,273
"Truitt, Evan",CHA_BUC,72,Right,1000128049,Charleston So.,2023,311
"Truitt, Evan",CHA_BUC,72,Right,822462,Charleston So.,2024,641
"Gleason, Ryan",CHA_BUC,76,Left,1000128048,Charleston So.,2023,195
"Henry, Hayden",CHA_BUC,73,Right,10026158,Charleston So.,2025,321
"Henshaw, Tyler",CHA_BUC,70,Left,10317535,Charleston So.,2024,262
"Henshaw, Tyler",CHA_BUC,70,Left,10317535,Charleston So.,2025,564
"Hill, Kaleb",CHA_BUC,76,Left,1000119642,Charleston So.,2023,313
"Restmeyer, Jared",CHA_BUC,74,Right,1000060373,Charleston So.,2023,128
"Rodriguez, Joel",CHA_BUC,73,Right,807487,Charleston So.,2024,85
"Rodriguez, Joel",CHA_BUC,73,Right,807487,Charleston So.,2025,393
"Lewis, Kyle",CHA_BUC,76,Right,10293847,Charleston So.,2025,497
"Ledwell, Parks",CHA_BUC,71,Right,1000212900,Charleston So.,2024,465
"Ledwell, Parks",CHA_BUC,71,Right,1000212900,Charleston So.,2025,547
"Watson, Lee",CHA_BUC,72,Left,10061638,Charleston So.,2024,88
"Watson, Lee",CHA_BUC,72,Left,10061638,Charleston So.,2025,165
"Massey, Sam",CHA_BUC,76,Left,1000101094,Charleston So.,2023,258
"Massey, Sam",CHA_BUC,76,Left,1000101094,Charleston So.,2024,534
"Timpanelli, Nick",CHA_BUC,73,Right,1000268600,Charleston So.,2024,699
"Timpanelli, Nick",CHA_BUC,73,Right,1000268600,Charleston So.,2025,639
"Robertson, Tait",CHA_BUC,74,Right,10301990,Charleston So.,2025,536
"Robinson, Zac",CHA_BUC,75,Right,10009904,Charleston So.,2024,205
"Stanton, Adam",CHA_FOR,75,Right,804620,Charlotte,2024,532
"Stanton, Adam",CHA_FOR,75,Right,804620,Charlotte,2025,460
"Camp, AJ",CHA_FOR,73,Left,1000114080,Charlotte,2025,524
"Pabst, AJ",CHA_FOR,70,Right,1000099145,Charlotte,2024,44
"Wilson, AJ",CHA_FOR,75,Left,1000051339,Charlotte,2023,75
"Wilson, AJ",CHA_FOR,75,Left,1000051339,Charlotte,2024,708
"Allen, Chase",CHA_FOR,78,Right,1000351067,Charlotte,2025,18
"Kribbs, Andrew",CHA_FOR,72,Right,801418,Charlotte,2025,921
"Spolyar, Andrew",CHA_FOR,74,Left,1000036070,Charlotte,2023,535
"Spolyar, Andrew",CHA_FOR,74,Left,703751,Charlotte,2024,304
"Anibal, Trevor",CHA_FOR,71,Right,822669,Charlotte,2024,141
"Gillentine, Aubrey",CHA_FOR,75,Right,1000055554,Charlotte,2023,155
"Baker, Trey",CHA_FOR,75,Right,822570,Charlotte,2024,339
"Baker, Trey",CHA_FOR,75,Right,822570,Charlotte,2025,310
"Gillespie, Blake",CHA_FOR,74,Right,805730,Charlotte,2025,1149
"Yarbro, Breven",CHA_FOR,75,RIGHT,1000098839,Charlotte,2023,44
"Hansen, Cameron",CHA_FOR,77,Right,1000060001,Charlotte,2023,743
"Hansen, Cameron ",CHA_FOR,77,Right,1000060001,Charlotte,2023,103
"Hansen, Cameron",CHA_FOR,77,Right,688971,Charlotte,2024,691
"Carson, Chase",CHA_FOR,76,Left,822573,Charlotte,2024,574
"Carson, Chase",CHA_FOR,76,Left,822573,Charlotte,2025,639
"Lothes, Christian",CHA_FOR,74,Left,1000055285,Charlotte,2023,32
"Okerholm, Christian",CHA_FOR,75,RIGHT,1000092486,Charlotte,2024,32
"Dearman, Clark",CHA_FOR,74,Left,1000057615,Charlotte,2023,374
"Reynolds, Cole",CHA_FOR,77,Left,822636,Charlotte,2024,915
"Kramer, Collin",CHA_FOR,77,Left,1000112451,Charlotte,2023,885
"Maryniak, Connor",CHA_FOR,73,Right,1000224791,Charlotte,2025,12
"Conte, Sam",CHA_FOR,76,Left,1000133716,Charlotte,2023,256
"Cosentino, Nick",CHA_FOR,75,Right,1000102232,Charlotte,2023,30
"DeCardenas, Jorge",CHA_FOR,74,Right,807438,Charlotte,2024,279
"Degges, Ryan",CHA_FOR,74,Right,813869,Charlotte,2024,563
"Evans, Donye",CHA_FOR,78,Right,1000051124,Charlotte,2023,617
"Douglas, Ryan",CHA_FOR,73,Right,822635,Charlotte,2024,39
"DoVale, Trip",CHA_FOR,73,Right,10000396,Charlotte,2025,113
"Wagner, Ed",CHA_FOR,77,Right,10075279,Charlotte,2025,323
"Michelson, Evan",CHA_FOR,72,Right,1000083131,Charlotte,2023,446
"Garcia, Matt",CHA_FOR,74,Left,1000358246,Charlotte,2025,80
"Sims, Hale",CHA_FOR,76,Right,1000054833,Charlotte,2023,459
"Hudepohl, Wyatt",CHA_FOR,76,Right,1000069611,Charlotte,2023,1279
"Sarver, Joel",CHA_FOR,73,Right,1000101185,Charlotte,2023,14
"Sarver, Joel",CHA_FOR,73,Right,811275,Charlotte,2024,47
"Sarver, Joel",CHA_FOR,73,Right,811275,Charlotte,2025,277
"Jones, Wesley",CHA_FOR,76,Right,822670,Charlotte,2024,13
"Jones, Wesley",CHA_FOR,76,Right,822670,Charlotte,2025,183
"Taylor, Joseph",CHA_FOR,71,Right,822637,Charlotte,2024,299
"Taylor, Joseph",CHA_FOR,71,Right,822637,Charlotte,2025,948
"Kaler, Tanner",CHA_FOR,73,Left,1000114089,Charlotte,2024,104
"Kaler, Tanner",CHA_FOR,73,Left,822634,Charlotte,2025,144
"Langhorne, Miles",CHA_FOR,76,Right,1000090831,Charlotte,2023,395
"Langhorne, Miles",CHA_FOR,76,RIGHT,695680,Charlotte,2024,299
"Szturma, Mike",CHA_FOR,75,Right,1000207188,Charlotte,2025,621
"Thompson, Paxton",CHA_FOR,73,Right,1000053930,Charlotte,2023,734
"Perez, Sebastian",CHA_FOR,77,Right,701359,Charlotte,2025,394
"Rossi, Tony",CHA_FOR,75,Right,702036,Charlotte,2024,601
"Buczkowski, Adam",CIN_BEA,74,RIGHT,1000094410,Cincinnati,2025,475
"Mrakitsch, Adam",CIN_BEA,72,LEFT,1000335147,Cincinnati,2025,748
"Shea, Alex",CIN_BEA,76,LEFT,1000074754,Cincinnati,2023,411
"Shea, Alex",CIN_BEA,76,LEFT,701144,Cincinnati,2024,62
"Allen, Keegan",CIN_BEA,72,RIGHT,695478,Cincinnati,2025,21
"Barnett, Ty",CIN_BEA,71,LEFT,10107833,Cincinnati,2025,201
"Bergmann, Max",CIN_BEA,75,RIGHT,1000092895,Cincinnati,2023,443
"Bergmann, Max",CIN_BEA,75,RIGHT,701133,Cincinnati,2025,301
"Boba, Tommy",CIN_BEA,74,RIGHT,1000091249,Cincinnati,2023,479
"Boba, Tommy",CIN_BEA,74,RIGHT,1000091249,Cincinnati,2024,1003
"Coulter, Bradley",CIN_BEA,74,RIGHT,10093546,Cincinnati,2024,424
"Scheurer, Brandon",CIN_BEA,73,RIGHT,1000359924,Cincinnati,2025,510
"Garula, Brenden",CIN_BEA,72,LEFT,1000138491,Cincinnati,2023,95
"Garula, Brenden",CIN_BEA,72,LEFT,811672,Cincinnati,2024,656
"Oliver, Brendin",CIN_BEA,75,RIGHT,10046222,Cincinnati,2025,228
"Brosky, Dylan",CIN_BEA,73,RIGHT,1000130855,Cincinnati,2023,563
"Marsh, Carson",CIN_BEA,70,RIGHT,812184,Cincinnati,2024,532
"Marsh, Carson",CIN_BEA,70,RIGHT,812184,Cincinnati,2025,625
"Earls, Carter",CIN_BEA,76,LEFT,1000138492,Cincinnati,2023,38
"Hopewell, Chase",CIN_BEA,76,RIGHT,1000113137,Cincinnati,2023,640
"Horst, Chase",CIN_BEA,71,LEFT,1000093345,Cincinnati,2023,549
"Horst, Chase",CIN_BEA,71,LEFT,703504,Cincinnati,2024,316
"Horst, Chase",CIN_BEA,71,LEFT,703504,Cincinnati,2025,177
"Mitchelle, Christian",CIN_BEA,71,RIGHT,1000258718,Cincinnati,2024,515
"Mitchelle, Christian",CIN_BEA,71,RIGHT,823792,Cincinnati,2025,156
"Linn, Conner",CIN_BEA,75,LEFT,1000092899,Cincinnati,2023,23
"Conte, Michael",CIN_BEA,75,RIGHT,824722,Cincinnati,2024,362
"Conte, Michael",CIN_BEA,75,RIGHT,824722,Cincinnati,2025,279
"Erdmann, Drew",CIN_BEA,76,RIGHT,815200,Cincinnati,2024,247
"Harker, Garrett",CIN_BEA,72,RIGHT,1000135788,Cincinnati,2023,591
"Hugus, Griffin",CIN_BEA,74,RIGHT,1000092058,Cincinnati,2023,276
"Hugus, Griffin",CIN_BEA,74,RIGHT,702976,Cincinnati,2024,531
"Johnson, Hudson",CIN_BEA,73,LEFT,10316817,Cincinnati,2025,601
"Hurth, Joey",CIN_BEA,75,RIGHT,801364,Cincinnati,2024,380
"Insco, Ryan",CIN_BEA,72,RIGHT,1000079746,Cincinnati,2024,206
"Murphy, Jackson",CIN_BEA,74,RIGHT,1000053987,Cincinnati,2023,321
"O'Connor, Kellen",CIN_BEA,70,LEFT,1000084601,Cincinnati,2025,1143
"Logue, Seth",CIN_BEA,73,RIGHT,815203,Cincinnati,2024,1030
"McClanahan, Nick",CIN_BEA,74,RIGHT,1000091071,Cincinnati,2023,292
"White, Mitch",CIN_BEA,73,RIGHT,1000050226,Cincinnati,2023,278
"Murphy, Will",CIN_BEA,70,RIGHT,1000234288,Cincinnati,2024,158
"Taylor, Nathan",CIN_BEA,76,RIGHT,824720,Cincinnati,2024,1011
"Taylor, Nathan",CIN_BEA,76,RIGHT,824720,Cincinnati,2025,1083
"O'Connor, Tommy",CIN_BEA,75,LEFT,1000095561,Cincinnati,2023,184
"Parnell, Shawn",CIN_BEA,70,RIGHT,805253,Cincinnati,2024,190
"Shultz, Rodney",CIN_BEA,73,RIGHT,826151,Cincinnati,2025,530
"Segal, Zach",CIN_BEA,72,RIGHT,1000050883,Cincinnati,2023,396
"Knaak, Aidan",CLE_TIG,73,RIGHT,1000092059,Clemson,2024,1092
"Knaak, Aidan",CLE_TIG,73,RIGHT,1000092059,Clemson,2025,1271
"Allen, Joe",CLE_TIG,75,RIGHT,1000110000,Clemson,2023,492
"Allen, Joe",CLE_TIG,75,RIGHT,803283,Clemson,2024,355
"Allen, Joe",CLE_TIG,75,RIGHT,803283,Clemson,2025,416
"Ammons, Ryan",CLE_TIG,72,LEFT,1000072188,Clemson,2023,322
"Gordon, Austin",CLE_TIG,77,RIGHT,1000072806,Clemson,2023,1309
"Gordon, Austin",CLE_TIG,77,RIGHT,803135,Clemson,2024,616
"Bailey, BJ",CLE_TIG,75,LEFT,1000132669,Clemson,2023,255
"Bailey, BJ",CLE_TIG,75,LEFT,1000132669,Clemson,2025,857
"Barlow, Billy",CLE_TIG,74,RIGHT,1000079100,Clemson,2023,54
"Barlow, Billy",CLE_TIG,74,RIGHT,1000079100,Clemson,2024,804
"Bell, Talan",CLE_TIG,70,LEFT,803829,Clemson,2025,219
"Bennett, Brendon",CLE_TIG,73,LEFT,827834,Clemson,2025,113
"Bissetta, Tristan",CLE_TIG,73,LEFT,803124,Clemson,2025,23
"Brown, Dion",CLE_TIG,70,RIGHT,829599,Clemson,2025,65
"Brown, Luke",CLE_TIG,79,RIGHT,10072101,Clemson,2024,20
"Brown, Luke",CLE_TIG,79,RIGHT,10072101,Clemson,2025,54
"Grice, Caden",CLE_TIG,78,LEFT,1000036909,Clemson,2023,1135
"Tallent, Casey",CLE_TIG,72,RIGHT,9000238808,Clemson,2023,373
"Fitzgerald, Chance",CLE_TIG,73,RIGHT,806702,Clemson,2024,103
"Fitzgerald, Chance",CLE_TIG,73,RIGHT,806702,Clemson,2025,413
"Kieck, Chayce",CLE_TIG,74,RIGHT,1000107844,Clemson,2025,206
"Clayton, Nick",CLE_TIG,77,RIGHT,1000051316,Clemson,2023,762
"Clayton, Nick",CLE_TIG,77,RIGHT,686624,Clemson,2024,362
"Cole, Jackson",CLE_TIG,74,LEFT,822653,Clemson,2025,79
"Darden, Ethan",CLE_TIG,72,LEFT,1000114697,Clemson,2023,875
"Darden, Ethan",CLE_TIG,72,LEFT,703443,Clemson,2024,834
"Darden, Ethan",CLE_TIG,72,LEFT,703443,Clemson,2025,808
"Dill, Jay",CLE_TIG,77,RIGHT,1000075102,Clemson,2023,377
"Titsworth, Drew",CLE_TIG,75,RIGHT,815037,Clemson,2024,320
"Titsworth, Drew",CLE_TIG,75,RIGHT,815037,Clemson,2025,747
"Dvorsky, Nathan",CLE_TIG,73,RIGHT,10003163,Clemson,2023,46
"Dvorsky, Nathan",CLE_TIG,73,RIGHT,813437,Clemson,2024,59
"Dvorsky, Nathan",CLE_TIG,73,RIGHT,813437,Clemson,2025,390
"Garris, Reed",CLE_TIG,72,RIGHT,1000090826,Clemson,2023,483
"Garris, Reed",CLE_TIG,72,RIGHT,803122,Clemson,2024,275
"Garris, Reed",CLE_TIG,72,RIGHT,803122,Clemson,2025,408
"Gillen, Michael",CLE_TIG,72,RIGHT,809595,Clemson,2025,36
"Hoffmann, Nick",CLE_TIG,74,RIGHT,1000072190,Clemson,2023,428
"Lee, Hudson",CLE_TIG,76,LEFT,1000357199,Clemson,2025,287
"Hughes, Rob",CLE_TIG,74,RIGHT,1000056244,Clemson,2023,198
"Hughes, Rob",CLE_TIG,74,RIGHT,1000056244,Clemson,2024,217
"Lindley, Jackson",CLE_TIG,75,RIGHT,1000050012,Clemson,2023,521
"McGovern, Jacob",CLE_TIG,73,LEFT,822582,Clemson,2024,184
"McGovern, Jacob",CLE_TIG,73,LEFT,822582,Clemson,2025,348
"LeGuernic, Justin",CLE_TIG,76,LEFT,806141,Clemson,2024,113
"Leguernic, Justin",CLE_TIG,76,LEFT,10109305,Clemson,2024,57
"LeGuernic, Justin",CLE_TIG,76,LEFT,806141,Clemson,2025,420
"Mahlstedt, Lucas",CLE_TIG,75,RIGHT,822652,Clemson,2024,566
"Mahlstedt, Lucas",CLE_TIG,75,RIGHT,822652,Clemson,2025,641
"Marchal, Matthew",CLE_TIG,75,RIGHT,822656,Clemson,2024,539
"Samol, Noah",CLE_TIG,79,LEFT,805215,Clemson,2025,107
"Reid, Rocco",CLE_TIG,72,LEFT,1000072147,Clemson,2023,354
"Reid, Rocco",CLE_TIG,72,LEFT,701793,Clemson,2024,299
"Smith, Tristan",CLE_TIG,74,LEFT,1000091998,Clemson,2023,606
"Smith, Tristan",CLE_TIG,74,LEFT,702280,Clemson,2024,904
"Weiss, Willie",CLE_TIG,75,RIGHT,1000017061,Clemson,2023,178
"Meckley, Alexander",COA_CHA,74,Right,1000261737,Coastal Carolina,2024,868
"Edmondson, Alex",COA_CHA,75,Right,1000016874,Coastal Carolina,2023,271
"Bowers, Andrew",COA_CHA,74,Right,1000261738,Coastal Carolina,2024,180
"Bowers, Andrew",COA_CHA,74,Right,814344,Coastal Carolina,2025,57
"Appelman, Jaxon",COA_CHA,73,Right,831304,Coastal Carolina,2025,51
"Bell, Tadan",COA_CHA,74,Left,1000136547,Coastal Carolina,2023,22
"Bell, Tadan",COA_CHA,74,Left,1000136547,Coastal Carolina,2025,156
"Billings, Jack",COA_CHA,71,Right,1000049322,Coastal Carolina,2023,587
"McBride, Bobby",COA_CHA,74,Right,1000099616,Coastal Carolina,2023,155
"Shaffer, Bryce",COA_CHA,74,Left,1000099515,Coastal Carolina,2023,828
"Shaffer, Bryce",COA_CHA,74,Left,1000099515,Coastal Carolina,2024,850
"Flukey, Cameron",COA_CHA,78,Right,805619,Coastal Carolina,2024,668
"Flukey, Cameron",COA_CHA,78,Right,805619,Coastal Carolina,2025,969
"Carbone, Dominick",COA_CHA,70,Left,823802,Coastal Carolina,2024,555
"Carbone, Dominick",COA_CHA,70,Left,823802,Coastal Carolina,2025,506
"Cassell, Parker",COA_CHA,71,Right,1000124118,Coastal Carolina,2024,253
"Mako, Chance",COA_CHA,77,Right,805806,Coastal Carolina,2025,120
"Stryker, Chase",COA_CHA,71,Right,1000207652,Coastal Carolina,2024,140
"Yablonski, Colin",COA_CHA,75,Right,1000079262,Coastal Carolina,2023,321
"McKay, Cullen",COA_CHA,73,Right,703479,Coastal Carolina,2025,239
"Horn, Darin",COA_CHA,76,Right,1000109979,Coastal Carolina,2023,984
"Horn, Darin",COA_CHA,76,Right,820839,Coastal Carolina,2025,371
"Tyndall, Davis",COA_CHA,73,Right,1000099434,Coastal Carolina,2023,351
"Newman, Dawson",COA_CHA,73,Left,10323607,Coastal Carolina,2025,32
"Doran, Scott",COA_CHA,76,Right,10076479,Coastal Carolina,2025,326
"Doyle, Liam",COA_CHA,74,Left,1000136545,Coastal Carolina,2023,745
"Hansen, Dylan",COA_CHA,72,Right,10148707,Coastal Carolina,2025,55
"Eikhoff, Riley",COA_CHA,71,Right,1000036907,Coastal Carolina,2023,431
"Eikhoff, Riley",COA_CHA,71,Right,1000036907,Coastal Carolina,2024,947
"Eikhoff, Riley",COA_CHA,70,Right,1000036907,Coastal Carolina,2025,866
"Ellison, Oliver",COA_CHA,73,Right,1000093167,Coastal Carolina,2024,552
"Ellison, Oliver",COA_CHA,73,Right,1000093167,Coastal Carolina,2025,190
"Johnson, Hayden",COA_CHA,77,Left,1000107398,Coastal Carolina,2024,522
"Johnson, Hayden",COA_CHA,77,Left,1000107398,Coastal Carolina,2025,436
"Weycker, Henry",COA_CHA,71,Left,687838,Coastal Carolina,2024,561
"Hinkel, Trevor",COA_CHA,74,Right,1000050041,Coastal Carolina,2024,444
"Lance, Hudson",COA_CHA,69,Right,10106110,Coastal Carolina,2025,106
"Huesman, Levi",COA_CHA,72,Left,1000092123,Coastal Carolina,2023,652
"Morrison, Jacob",COA_CHA,80,Right,1000092154,Coastal Carolina,2023,916
"Morrison, Jacob",COA_CHA,80,Right,1000092154,Coastal Carolina,2025,1080
"Manderson, Jake",COA_CHA,74,Right,1000135932,Coastal Carolina,2024,126
"Kelly, John",COA_CHA,71,Right,1000053955,Coastal Carolina,2023,197
"Jones, Luke",COA_CHA,70,Right,10151183,Coastal Carolina,2025,639
"O'Neill, Josh",COA_CHA,70,Right,1000051255,Coastal Carolina,2024,525
"Joyce, Matt",COA_CHA,71,Right,823763,Coastal Carolina,2025,72
"Lynch, Ryan",COA_CHA,76,Right,1000115743,Coastal Carolina,2024,81
"Lynch, Ryan",COA_CHA,76,Right,1000131853,Coastal Carolina,2025,385
"Sharkey, Teddy",COA_CHA,71,Right,1000092920,Coastal Carolina,2023,673
"Smith, Will",COA_CHA,72,Right,1000074239,Coastal Carolina,2023,652
"Smith, Will",COA_CHA,72,Right,1000074239,Coastal Carolina,2024,235
"Hunter, Aidan",COL_CHA,75,Right,1000072144,Col. of Charleston,2023,611
"Hunter, Aidan",COL_CHA,75,Right,701720,Col. of Charleston,2024,420
"Hunter, Aidan",COL_CHA,75,Right,701720,Col. of Charleston,2025,663
"Aiken, Davis",COL_CHA,70,Right,1000276650,Col. of Charleston,2024,222
"Aiken, Davis",COL_CHA,70,Right,1000276650,Col. of Charleston,2025,378
"Alexander, Bobby",COL_CHA,76,Right,1000120296,Col. of Charleston,2023,105
"Lyon, Alex",COL_CHA,72,Right,10024892,Col. of Charleston,2023,397
"Lyon, Alex",COL_CHA,72,Right,10024892,Col. of Charleston,2024,338
"Lyon, Alex",COL_CHA,72,Right,10024892,Col. of Charleston,2025,667
"Duval, Andrew",COL_CHA,72,Left,1000084658,Col. of Charleston,2023,469
"Duval, Andrew",COL_CHA,72,Left,1000084658,Col. of Charleston,2024,73
"Arnold, Zeph",COL_CHA,73,Right,1000209232,Col. of Charleston,2024,4
"Lucas, Asher",COL_CHA,71,Left,1000115230,Col. of Charleston,2025,11
"Bice, Emmett",COL_CHA,78,Right,1000080828,Col. of Charleston,2023,332
"Bice, Emmett",COL_CHA,78,Right,1000080828,Col. of Charleston,2024,324
"Bradford, Jeb",COL_CHA,74,Left,1000276656,Col. of Charleston,2024,63
"Brink, Jake",COL_CHA,74,Right,10111266,Col. of Charleston,2023,545
"Brink, Jake",COL_CHA,74,Right,1000233506,Col. of Charleston,2024,770
"Brink, Jake",COL_CHA,74,Right,1000233506,Col. of Charleston,2025,1021
"Brooks, Daniel",COL_CHA,79,Right,1000133718,Col. of Charleston,2024,146
"Brooks, Daniel",COL_CHA,79,Right,1000133718,Col. of Charleston,2025,796
"Campbell, Connor",COL_CHA,72,Left,1000099629,Col. of Charleston,2023,665
"Campbell, Connor",COL_CHA,72,Left,1000099629,Col. of Charleston,2024,370
"Jarnagin, Chase",COL_CHA,73,Left,1000276649,Col. of Charleston,2024,23
"Jarnagin, Chase",COL_CHA,73,Left,1000276649,Col. of Charleston,2025,65
"Mathis, Cole",COL_CHA,73,Right,1000108224,Col. of Charleston,2023,718
"Duval, Derek",COL_CHA,73,Right,824468,Col. of Charleston,2025,253
"Devries, Seth",COL_CHA,73,Right,1000057180,Col. of Charleston,2023,19
"Thames, Drake",COL_CHA,77,Right,1000113785,Col. of Charleston,2023,127
"Medley, Drew",COL_CHA,74,Right,1000115350,Col. of Charleston,2025,375
"Dux, Marcus",COL_CHA,73,Left,1000209228,Col. of Charleston,2023,46
"Eggert, Mike",COL_CHA,75,Right,1000100234,Col. of Charleston,2025,140
"Murray, Garrick",COL_CHA,75,Right,1000276652,Col. of Charleston,2024,33
"Murray, Garrick",COL_CHA,75,Right,1000276652,Col. of Charleston,2025,338
"Good, Ty",COL_CHA,74,Right,1000080924,Col. of Charleston,2023,979
"Thomas, Hayden",COL_CHA,72,Left,1000097180,Col. of Charleston,2024,355
"Thomas, Hayden",COL_CHA,72,Left,1000097180,Col. of Charleston,2025,685
"Phipps, Hunter",COL_CHA,75,Right,1000133619,Col. of Charleston,2025,138
"Samonsky, Kevin",COL_CHA,72,Right,1000276661,Col. of Charleston,2025,517
"Steelman, Kevin",COL_CHA,77,Right,10032025,Col. of Charleston,2025,60
"Schultz, Michael",COL_CHA,74,Right,1000099631,Col. of Charleston,2023,28
"Schultz, Michael",COL_CHA,74,Right,1000099631,Col. of Charleston,2024,41
"Nelson, Peyton",COL_CHA,70,Left,1000120299,Col. of Charleston,2023,15
"Nelson, Peyton",COL_CHA,70,Left,1000120299,Col. of Charleston,2025,4
"Pooser, Trey",COL_CHA,76,Right,1000080959,Col. of Charleston,2023,1069
"Privette, William",COL_CHA,78,Right,1000099627,Col. of Charleston,2023,615
"Williams, Ricky",COL_CHA,74,Right,694396,Col. of Charleston,2025,13
"Valle, AJ",COL_LION,73,Right,1000115014,Columbia,2023,68
"Valle, AJ",COL_LION,73,Right,1000115014,Columbia,2025,89
"Argenziano, Andrew",COL_LION,76,Right,1000361147,Columbia,2025,86
"Leon, Andy",COL_LION,73,Right,1000113587,Columbia,2023,1091
"Leon, Andy",COL_LION,73,Right,1000113587,Columbia,2024,78
"Leon, Andy",COL_LION,73,Right,1000113587,Columbia,2025,30
"Hicks, Baylor",COL_LION,75,Right,10131234,Columbia,2024,221
"Hicks, Baylor",COL_LION,75,Right,10131234,Columbia,2025,430
"Bowman, Justin",COL_LION,72,Left,1000148089,Columbia,2024,100
"Bowman, Justin",COL_LION,72,Left,1000148089,Columbia,2025,240
"Madrigal, Brandon",COL_LION,74,Right,1000013090,Columbia,2023,516
"Madrigal, Brandon",COL_LION,74,Right,1000013090,Columbia,2024,430
"Murphy, Brendan",COL_LION,72,Left,10105498,Columbia,2025,431
"Corso, Kyle",COL_LION,75,Right,1000115010,Columbia,2023,28
"Miller, Dane",COL_LION,71,Right,1000057014,Columbia,2023,135
"Yoo, Derek",COL_LION,73,Right,1000050373,Columbia,2023,448
"Yoo, Derek",COL_LION,73,Right,1000050373,Columbia,2024,562
"Edwards, Jagger",COL_LION,74,Right,1000115024,Columbia,2023,124
"Edwards, Jagger",COL_LION,74,Left,1000115024,Columbia,2024,369
"Edwards, Jagger",COL_LION,74,Left,1000115024,Columbia,2025,825
"Kleinhans, Evan",COL_LION,76,Right,1000175095,Columbia,2023,67
"Kleinhans, Evan",COL_LION,76,Right,1000175095,Columbia,2025,472
"Palfrey, Griffin",COL_LION,71,Right,1000115018,Columbia,2023,393
"Palfrey, Griffin",COL_LION,71,Right,1000115018,Columbia,2024,296
"Palfrey, Griffin",COL_LION,71,Right,1000115018,Columbia,2025,295
"Harrigan, Will",COL_LION,70,Right,10120803,Columbia,2024,27
"Harrigan, Will",COL_LION,70,Right,10120803,Columbia,2025,598
"Healy, Phil",COL_LION,74,Left,1000079625,Columbia,2023,41
"Huke, Ray",COL_LION,73,Right,10165806,Columbia,2025,246
"Vohra, Jafar",COL_LION,73,Right,1000115013,Columbia,2023,359
"Vaughn, James",COL_LION,77,Right,1000093772,Columbia,2023,272
"Vaughn, James",COL_LION,77,Right,813890,Columbia,2024,401
"Ogden, JD ",COL_LION,77,Left,1000115022,Columbia,2023,426
"Ogden, J.D.",COL_LION,77,Left,813863,Columbia,2024,379
"Sheets, Joe",COL_LION,74,Right,1000115029,Columbia,2023,994
"Sheets, Joe",COL_LION,74,Right,1000115029,Columbia,2024,642
"Sheets, Joe",COL_LION,74,Right,1000115029,Columbia,2025,937
"Tucker, Justin",COL_LION,74,Right,1000115025,Columbia,2023,335
"Lopez, Tomas",COL_LION,75,Right,1000199008,Columbia,2025,110
"Zhang, Martin",COL_LION,72,Left,1000143037,Columbia,2024,110
"Zhang, Martin",COL_LION,72,Left,1000143037,Columbia,2025,83
"Miller, Sam",COL_LION,72,Right,1000095857,Columbia,2023,159
"Soske, Payton",COL_LION,76,Right,10306947,Columbia,2024,43
"Santana, Thomas",COL_LION,73,Right,1000194824,Columbia,2023,307
"Santana, Thomas",COL_LION,73,Right,1000194824,Columbia,2024,487
"Santana, Thomas",COL_LION,73,Right,1000194824,Columbia,2025,920
"Stephens, Brandon",COP_STA,75,Right,1000308269,Coppin St.,2024,181
"Stephens, Brandon",COP_STA,75,Right,1000308269,Coppin St.,2025,210
"Canales, Giovanni",COP_STA,73,Right,1000081427,Coppin St.,2023,79
"Canales, Giovanni",COP_STA,73,Right,1000081427,Coppin St.,2024,387
"Pareja, Christian",COP_STA,71,Right,1000226465,Coppin St.,2024,104
"Thompson, Clay",COP_STA,73,Left,1000226466,Coppin St.,2023,81
"Thompson, Clay",COP_STA,73,Left,1000226466,Coppin St.,2024,31
"Corcoran, Luke",COP_STA,72,Left,1000252283,Coppin St.,2025,247
"Eneix, Jeremiah",COP_STA,74,Left,1000300300,Coppin St.,2025,35
"Felber, Nico",COP_STA,72,Right,1000033273,Coppin St.,2023,51
"Hamberg, Jordan",COP_STA,74,Left,10019652,Coppin St.,2023,98
"Hernandez, Juan Pablo",COP_STA,70,Right,1000226467,Coppin St.,2023,23
"Herrand, Marcos",COP_STA,71,Right,10018913,Coppin St.,2023,93
"Hogan, Noah",COP_STA,70,Left,1000072059,Coppin St.,2025,109
"Hurd, Jaedin",COP_STA,75,Right,1000308285,Coppin St.,2024,109
"Hurd, Jaedin",COP_STA,75,Right,1000308285,Coppin St.,2025,52
"Licorish, Isaiah",COP_STA,74,Right,10088747,Coppin St.,2025,206
"Montgomery, Jackson",COP_STA,72,Right,1000308279,Coppin St.,2024,120
"Olson, Jobe",COP_STA,74,Right,824518,Coppin St.,2025,228
"Ritz, Justin",COP_STA,74,Right,1000235884,Coppin St.,2024,108
"Ritz, Justin",COP_STA,75,Right,1000235884,Coppin St.,2025,205
"Straily, Kaden",COP_STA,73,Right,1000308291,Coppin St.,2024,54
"Straily, Kaden",COP_STA,73,Right,1000308291,Coppin St.,2025,89
"Wallace, Keith",COP_STA,74,Right,1000396912,Coppin St.,2025,29
"Lake, Tyrone",COP_STA,74,Right,10118084,Coppin St.,2025,29
"McCallum, Liam",COP_STA,74,Left,692949,Coppin St.,2023,101
"Matthews, Michael",COP_STA,77,Right,1000308297,Coppin St.,2024,36
"Matthews, Michael",COP_STA,77,Right,1000308297,Coppin St.,2025,27
"Nichol, Tyler",COP_STA,69,Right,1000119176,Coppin St.,2023,83
"Roeder, Park",COP_STA,68,Right,10090525,Coppin St.,2025,7
"Ruff, Rashad",COP_STA,72,Right,1000081402,Coppin St.,2023,68
"Rivera, Reagan",COP_STA,70,Right,1000132058,Coppin St.,2024,27
"Rivera, Reagan",COP_STA,70,Right,1000132058,Coppin St.,2025,264
"Ruffino, Tim",COP_STA,70,Left,1000081400,Coppin St.,2023,119
"Biben, August ",COR_BRE,72,Right,1000084608,Cornell,2023,81
"Baker, Von",COR_BRE,79,Right,1000122024,Cornell,2023,262
"Baker, Von",COR_BRE,79,Right,1000122024,Cornell,2024,205
"Urofsky, Beck",COR_BRE,76,Right,290821,Cornell,2023,252
"Urofsky, Beck",COR_BRE,76,Right,1000255016,Cornell,2024,33
"Mayfield, Carson",COR_BRE,77,Right,10032619,Cornell,2023,312
"Mayfield, Carson",COR_BRE,77,Right,1000239175,Cornell,2024,304
"Mayfield, Carson",COR_BRE,77,Right,1000239175,Cornell,2025,864
"Ellison, Chris",COR_BRE,72,Right,10025253,Cornell,2024,116
"Ellison, Chris",COR_BRE,72,Right,10025253,Cornell,2025,472
"Edwards, Spencer",COR_BRE,75,Left,1000058544,Cornell,2023,328
"Hamill, Ethan",COR_BRE,75,Right,10058143,Cornell,2023,329
"Hamill, Ethan",COR_BRE,75,Right,1000239174,Cornell,2024,410
"McHugh, Ethan",COR_BRE,69,Right,1000365049,Cornell,2025,46
"Van Sice, Ethan",COR_BRE,69,Right,1000185206,Cornell,2025,118
"Foster, Max",COR_BRE,75,Right,10108270,Cornell,2024,73
"Gerfen, John",COR_BRE,72,Left,1000210079,Cornell,2023,76
"Gerfen, John",COR_BRE,72,Left,1000210079,Cornell,2025,16
"Magill, Gus",COR_BRE,72,Right,10147667,Cornell,2025,104
"Hegarty, John",COR_BRE,77,Right,10034157,Cornell,2025,405
"Holcombe, Huxley",COR_BRE,78,Left,10295015,Cornell,2024,254
"Holcombe, Huxley",COR_BRE,78,Left,10295015,Cornell,2025,752
"Jaun, William",COR_BRE,75,Left,1000126690,Cornell,2024,290
"Jaun, William",COR_BRE,75,Left,1000126690,Cornell,2025,457
"Shea, Josh",COR_BRE,71,Right,281909,Cornell,2023,50
"Shea, Josh",COR_BRE,71,Right,10302301,Cornell,2025,198
"Keene, Sam",COR_BRE,76,Left,10148764,Cornell,2025,376
"Keller, Noah",COR_BRE,73,Left,10126545,Cornell,2023,355
"Keller, Noah",COR_BRE,73,Left,10126545,Cornell,2024,315
"Keller, Noah",COR_BRE,73,Left,10126545,Cornell,2025,401
"Kimura, Story",COR_BRE,72,Right,1000175090,Cornell,2023,28
"Kimura, Story",COR_BRE,72,Right,1000175090,Cornell,2024,92
"Porter, Ryan",COR_BRE,72,Right,10032924,Cornell,2023,95
"Porter, Ryan",COR_BRE,72,Right,1000239176,Cornell,2024,92
"Porter, Ryan",COR_BRE,72,Right,1000239176,Cornell,2025,161
"Ramos, Tavian",COR_BRE,74,Right,10268474,Cornell,2025,28
"Siwinski, Will",COR_BRE,75,Left,10310195,Cornell,2025,25
"Stephens, William",COR_BRE,74,Right,10001795,Cornell,2023,76
"Stephens, William",COR_BRE,74,Right,10001795,Cornell,2024,14
"Swidorski, TJ",COR_BRE,72,Right,10012416,Cornell,2025,73
"Unga, Anthony",CRE_BLU,76,Right,10151073,Creighton,2025,139
"Watts, Anthony",CRE_BLU,76,Right,1000232347,Creighton,2023,479
"Aukerman, Matthew",CRE_BLU,76,Right,1000185401,Creighton,2025,545
"Bergstrom, Paul",CRE_BLU,71,Left,1000058643,Creighton,2023,235
"Gluth, Braden",CRE_BLU,75,Right,1000132157,Creighton,2025,149
"Strenke, Brendan",CRE_BLU,73,Right,1000076902,Creighton,2025,105
"Burke, Jimmy",CRE_BLU,77,Right,1000121223,Creighton,2024,366
"Burke, Jimmy",CRE_BLU,77,Right,1000121223,Creighton,2025,650
"Lommel, Cade",CRE_BLU,74,Left,1000099329,Creighton,2023,229
"Lommel, Cade",CRE_BLU,76,Left,1000099329,Creighton,2024,200
"Cancellieri, Dominic",CRE_BLU,70,Right,1000060883,Creighton,2023,579
"Cancellieri, Dominic",CRE_BLU,71,Right,1000060883,Creighton,2024,282
"Cancellieri, Dominic",CRE_BLU,71,Right,1000060883,Creighton,2025,692
"Trapp, Casey",CRE_BLU,70,Left,1000267933,Creighton,2024,118
"Saner, Chad",CRE_BLU,74,Right,1000119252,Creighton,2024,254
"Coborn, Duke",CRE_BLU,74,Right,1000122561,Creighton,2024,22
"Curtin, Shane",CRE_BLU,71,Left,1000180453,Creighton,2023,66
"Curtin, Shane",CRE_BLU,72,Left,1000180453,Creighton,2024,347
"Curtin, Shane",CRE_BLU,72,Left,1000180453,Creighton,2025,432
"Hammond, Daniel",CRE_BLU,71,Right,8900106,Creighton,2023,168
"Hammond, Daniel",CRE_BLU,71,Right,8900106,Creighton,2024,277
"Nissen, Eli",CRE_BLU,70,Left,1000267990,Creighton,2024,491
"Langrell, Garrett",CRE_BLU,79,Right,1000119901,Creighton,2025,506
"Hauser, Joe",CRE_BLU,74,Right,703518,Creighton,2025,98
"Prindl, Henry",CRE_BLU,77,Right,1000210600,Creighton,2025,162
"Koosman, Ian",CRE_BLU,73,Right,1000164727,Creighton,2025,702
"Pineau, Jack",CRE_BLU,72,Right,1000124146,Creighton,2024,282
"Pineau, Jack",CRE_BLU,72,Right,1000124146,Creighton,2025,496
"McDonald, John",CRE_BLU,71,Right,1000275251,Creighton,2025,31
"Kleinsorge, Justin",CRE_BLU,75,Right,1000144949,Creighton,2023,430
"Klein, Noah",CRE_BLU,72,Right,10012993,Creighton,2024,66
"Klein, Noah",CRE_BLU,72,Right,10012993,Creighton,2025,338
"Koch, Mason",CRE_BLU,72,Right,10111196,Creighton,2023,92
"Koch, Mason",CRE_BLU,72,Right,10111196,Creighton,2024,355
"Lamb, Tommy",CRE_BLU,71,Left,1000050943,Creighton,2023,239
"Lamb, Tommy",CRE_BLU,72,Left,1000050943,Creighton,2024,395
"Lidd, Marc",CRE_BLU,76,Right,1000054000,Creighton,2023,266
"Magers, Wilson",CRE_BLU,74,Right,10326334,Creighton,2025,944
"Vetock, Malakai",CRE_BLU,73,Right,1000122225,Creighton,2023,315
"Vetock, Malakai",CRE_BLU,73,Right,1000122225,Creighton,2024,494
"O'Malley, Robert",CRE_BLU,76,Left,1000209283,Creighton,2025,31
"Primeaux, Parker",CRE_BLU,68,Right,1000101108,Creighton,2024,206
"Windham, Ryan",CRE_BLU,72,Right,1000058640,Creighton,2023,618
"Wendt, Shea",CRE_BLU,73,Right,1000137603,Creighton,2024,434
"Wendt, Shea",CRE_BLU,73,Right,1000137603,Creighton,2025,358
"Steier, Tommy",CRE_BLU,71,Right,1000058649,Creighton,2023,391
"Baker, Alec",DAL_PAT,75,Right,1000049433,DBU,2023,558
"Amendt, Kyle",DAL_PAT,77,Right,1000089685,DBU,2023,383
"Branson, Ashton",DAL_PAT,71,Right,830338,DBU,2025,360
"Kroll, Athan",DAL_PAT,76,Right,815481,DBU,2025,162
"Atkinson, Charlie",DAL_PAT,77,Right,10108701,DBU,2024,492
"Atkinson, Charlie",DAL_PAT,77,Right,830342,DBU,2025,17
"Duncan, Avery",DAL_PAT,74,Right,825564,DBU,2025,235
"Benge, Connor",DAL_PAT,72,Right,10111392,DBU,2024,543
"Beuter, Reece",DAL_PAT,73,Right,1000138018,DBU,2023,265
"Bollenbacher, Matthew",DAL_PAT,73,RIGHT,1000054755,DBU,2023,384
"Bonn, Nick",DAL_PAT,72,Right,824678,DBU,2025,332
"Borberg, Ryan",DAL_PAT,73,Right,1000362067,DBU,2025,955
"Rose, Brady",DAL_PAT,77,Left,1000113888,DBU,2023,540
"Bragg, Braxton",DAL_PAT,74,Right,1000050903,DBU,2023,1028
"Hammer, Bryson",DAL_PAT,73,Left,1000069436,DBU,2023,760
"Bucknam, Micah",DAL_PAT,73,Right,692117,DBU,2025,909
"Wiegert, Cade",DAL_PAT,76,Right,1000138013,DBU,2023,28
"Wiegert, Cade",DAL_PAT,76,Right,809236,DBU,2024,5
"Krauss, Chayton",DAL_PAT,75,Right,1000245922,DBU,2024,18
"Reeves, Cole",DAL_PAT,76,Right,1000049437,DBU,2023,141
"MacKay, Conner",DAL_PAT,73,Right,1000113885,DBU,2023,299
"Mackay, Conner",DAL_PAT,73,Right,801542,DBU,2024,444
"DeBerry, Jaron",DAL_PAT,75,Right,1000123347,DBU,2023,432
"DeBerry, Jaron",DAL_PAT,75,Right,809229,DBU,2024,1255
"Haines, Dillon",DAL_PAT,69,Left,1000066692,DBU,2024,368
"Haines, Dillon",DAL_PAT,69,Left,695700,DBU,2025,96
"Ellwanger, James",DAL_PAT,76,Right,1000108748,DBU,2024,272
"Ellwanger, James",DAL_PAT,76,Right,1000108748,DBU,2025,930
"Heaton, Zach",DAL_PAT,77,Right,1000017309,DBU,2023,754
"Russell, Jace",DAL_PAT,74,Right,809235,DBU,2024,60
"Jenkins, Jerrod",DAL_PAT,74,Right,1000138015,DBU,2023,110
"Jenkins, Jerrod",DAL_PAT,74,Right,1000138015,DBU,2024,674
"Jenkins, Jerrod",DAL_PAT,74,Right,1000138015,DBU,2025,721
"Johnson, Ryan",DAL_PAT,78,Right,1000078714,DBU,2023,1033
"Johnson, Ryan",DAL_PAT,78,Right,696270,DBU,2024,960
"Minchey, Kobe",DAL_PAT,74,Right,808762,DBU,2024,27
"Watt, Liam",DAL_PAT,73,Left,1000157858,DBU,2025,455
"Pettitte, Luke",DAL_PAT,74,Right,10109900,DBU,2024,469
"Pettitte, Luke",DAL_PAT,74,Right,830339,DBU,2025,71
"Martinez, Myles",DAL_PAT,76,Left,1000168155,DBU,2024,52
"Peters, Mason",DAL_PAT,71,Left,830336,DBU,2025,543
"Swinney, Mason",DAL_PAT,72,Right,702510,DBU,2025,220
"Wilson, Nick",DAL_PAT,74,Right,1000270111,DBU,2024,592
"Smith, Peyton",DAL_PAT,74,Right,1000091452,DBU,2023,70
"Tabor, Preston",DAL_PAT,71,Left,1000113891,DBU,2023,109
"Schwede, Rian",DAL_PAT,74,Right,828766,DBU,2025,542
"Ridings, River",DAL_PAT,75,Left,699597,DBU,2024,338
"Russell, Zane",DAL_PAT,74,Right,1000073148,DBU,2023,503
"Schott, Tyler",DAL_PAT,73,Left,1000113889,DBU,2023,40
"Schott, Tyler",DAL_PAT,72,Left,801539,DBU,2024,245
"Schott, Tyler",DAL_PAT,72,Left,801539,DBU,2025,251
"Todd, Zach",DAL_PAT,75,Right,809227,DBU,2024,208
"Todd, Zach",DAL_PAT,75,Right,809227,DBU,2025,300
"Plummer, Aidan",DAR_GRE,73,Right,1000193764,Dartmouth,2024,49
"Plummer, Aidan",DAR_GRE,73,Right,1000193764,Dartmouth,2025,51
"Albert, Eddie",DAR_GRE,73,Right,1000193766,Dartmouth,2023,157
"Albert, Eddie",DAR_GRE,73,Right,1000193766,Dartmouth,2024,161
"Albert, Eddie",DAR_GRE,73,Right,1000193766,Dartmouth,2025,667
"Lombana, Andrew",DAR_GRE,74,Left,1000111001,Dartmouth,2025,96
"Bauer, Shane",DAR_GRE,74,Right,1000091074,Dartmouth,2023,59
"Bauer, Shane",DAR_GRE,74,Right,1000091074,Dartmouth,2024,99
"Bauer, Shane",DAR_GRE,74,Right,1000091074,Dartmouth,2025,70
"Chappell, Brady",DAR_GRE,76,Right,10009474,Dartmouth,2023,25
"Chappell, Brady",DAR_GRE,75,Right,10009474,Dartmouth,2024,76
"Loeger, Bryce",DAR_GRE,75,Right,1000369705,Dartmouth,2025,424
"Burke, Mac",DAR_GRE,76,Right,1000143029,Dartmouth,2023,112
"Burke, Mac",DAR_GRE,76,Right,1000143029,Dartmouth,2024,126
"Burke, Mac",DAR_GRE,76,Right,1000143029,Dartmouth,2025,20
"Carey, Matt",DAR_GRE,76,Right,1000061723,Dartmouth,2025,68
"Carpenter, Luke",DAR_GRE,72,Left,1000112319,Dartmouth,2023,90
"Chambers, Joseph",DAR_GRE,74,Right,1000214121,Dartmouth,2023,30
"Chambers, Joseph",DAR_GRE,74,Right,1000214121,Dartmouth,2024,104
"Chambers, Joseph",DAR_GRE,74,Right,1000214121,Dartmouth,2025,350
"Gilmore, Clark",DAR_GRE,76,Right,1000121008,Dartmouth,2023,190
"Gilmore, Clark",DAR_GRE,76,Right,1000121008,Dartmouth,2024,132
"Cortland, Tyler",DAR_GRE,76,Right,1000121025,Dartmouth,2024,101
"Will, Danny",DAR_GRE,72,Left,1000121019,Dartmouth,2023,142
"Will, Danny",DAR_GRE,72,Left,1000121019,Dartmouth,2024,87
"Will, Danny",DAR_GRE,72,Left,1000121019,Dartmouth,2025,252
"Milberg, Devin",DAR_GRE,73,Left,1000121022,Dartmouth,2023,90
"Milberg, Devin",DAR_GRE,73,Left,1000121022,Dartmouth,2024,77
"Koenen, Drew",DAR_GRE,75,Right,10065717,Dartmouth,2024,49
"Dumsky, Marco",DAR_GRE,76,Right,1000309878,Dartmouth,2024,137
"Dumsky, Marco",DAR_GRE,77,Right,1000309878,Dartmouth,2025,79
"Isler, Nate",DAR_GRE,78,Right,1000179046,Dartmouth,2024,54
"Isler, Nate",DAR_GRE,78,Right,1000179046,Dartmouth,2025,347
"Metzger, Jack",DAR_GRE,76,Right,1000121020,Dartmouth,2023,278
"Metzger, Jack",DAR_GRE,76,Right,1000121020,Dartmouth,2024,113
"Lee, Jeff",DAR_GRE,73,Left,1000121004,Dartmouth,2023,41
"Lee, Jeff",DAR_GRE,73,Left,1000121004,Dartmouth,2024,40
"Lee, Jeff",DAR_GRE,73,Left,1000121004,Dartmouth,2025,68
"Klaric-Schell, Kyle",DAR_GRE,71,Right,1000369706,Dartmouth,2025,240
"Sarcone, Trystan",DAR_GRE,73,Left,1000078994,Dartmouth,2023,88
"Sejnoha, Trey",DAR_GRE,73,Right,1000115152,Dartmouth,2025,210
"Katz, Adam",DAV_WIL,73,Right,10109942,Davidson,2024,250
"Katz, Adam",DAV_WIL,73,Right,10109942,Davidson,2025,223
"Pabst, AJ",DAV_WIL,69,Right,1000099145,Davidson,2023,49
"Baermann, Micah",DAV_WIL,73,Right,1000124253,Davidson,2024,212
"Banks, Will",DAV_WIL,78,Right,10073808,Davidson,2023,148
"Banks, Will",DAV_WIL,78,Right,811243,Davidson,2024,86
"Banks, Will",DAV_WIL,78,Right,811243,Davidson,2025,174
"Ban, Jason",DAV_WIL,74,Left,1000281910,Davidson,2024,284
"Ban, Jason",DAV_WIL,74,Left,1000281910,Davidson,2025,425
"Flynn, Bennett",DAV_WIL,73,Right,1000039319,Davidson,2023,248
"Champey, Brycen",DAV_WIL,75,Right,1000163337,Davidson,2023,200
"Champey, Brycen",DAV_WIL,75,Right,811242,Davidson,2024,513
"Champey, Brycen",DAV_WIL,75,Right,811242,Davidson,2025,441
"Cavanaugh, Cooper",DAV_WIL,75,Left,10120688,Davidson,2024,736
"Cavanaugh, Cooper",DAV_WIL,75,Left,10120688,Davidson,2025,249
"Smith, Daniel",DAV_WIL,77,Right,1000260531,Davidson,2025,298
"Rosenfield, Danny",DAV_WIL,75,Left,1000098779,Davidson,2023,162
"Rosenfield, Danny",DAV_WIL,75,Left,801710,Davidson,2024,28
"Dunagan, Jake",DAV_WIL,72,Right,801697,Davidson,2024,331
"Feczko, Ryan",DAV_WIL,74,Left,1000098781,Davidson,2023,157
"Feczko, Ryan",DAV_WIL,74,Left,801715,Davidson,2024,526
"Fix, Isaac",DAV_WIL,73,Left,801694,Davidson,2024,571
"Fix, Isaac",DAV_WIL,73,Left,801694,Davidson,2025,786
"Lietz, Forrest",DAV_WIL,72,Left,1000315886,Davidson,2025,27
"Hultquist, Henry",DAV_WIL,75,Right,286352,Davidson,2023,80
"Hultquist, Henry",DAV_WIL,75,Right,811247,Davidson,2025,239
"Howard, Jed",DAV_WIL,75,Left,1000281944,Davidson,2024,8
"Howard, Jed",DAV_WIL,75,Left,1000281944,Davidson,2025,31
"Peaden, Jacob",DAV_WIL,74,Right,1000078710,Davidson,2023,128
"Vokal, Jacob",DAV_WIL,70,Right,10077468,Davidson,2025,484
"Jamieson, Miles",DAV_WIL,75,Right,1000217850,Davidson,2023,140
"Jamieson, Miles",DAV_WIL,75,Right,1000217850,Davidson,2024,24
"Jones, Parker",DAV_WIL,73,Right,1000362670,Davidson,2025,196
"Marenghi, Will",DAV_WIL,73,Right,1000339879,Davidson,2025,236
"Weber, Matt",DAV_WIL,73,Left,10061712,Davidson,2023,48
"Weber, Matt",DAV_WIL,73,Left,801707,Davidson,2024,546
"Weber, Matt",DAV_WIL,73,Left,801707,Davidson,2025,440
"Shedleski , Nick",DAV_WIL,75,Right,1000099144,Davidson,2023,111
"Shedleski, Nick",DAV_WIL,75,Right,1000099144,Davidson,2024,79
"Shedleski , Nick",DAV_WIL,75,Right,1000099144,Davidson,2024,20
"Papciak, Will",DAV_WIL,74,Right,10104509,Davidson,2024,91
"Papciak, Will",DAV_WIL,74,Right,1000187308,Davidson,2025,9
"Perkins, Wilson",DAV_WIL,74,Right,1000217662,Davidson,2024,1015
"Perkins, Wilson",DAV_WIL,74,Right,1000217662,Davidson,2025,927
"Schomberg, Will",DAV_WIL,70,Right,1000041049,Davidson,2023,180
"Yochum, Simon",DAV_WIL,71,Right,10106321,Davidson,2025,354
"Whelan, Thomas",DAV_WIL,74,Right,10109489,Davidson,2024,282
"Zapka, Andrew",DAY_FLY,73,Right,1000098172,Dayton,2023,293
"Hattrup, Anthony",DAY_FLY,76,Right,1000037066,Dayton,2023,403
"Hattrup, Anthony",DAY_FLY,76,Right,1000037066,Dayton,2024,143
"Brush, Austin",DAY_FLY,72,Right,1000099326,Dayton,2023,143
"Brush, Austin",DAY_FLY,72,Right,1000099326,Dayton,2024,306
"Tran, Ayden",DAY_FLY,71,Left,10078871,Dayton,2024,321
"Tran, Ayden",DAY_FLY,71,Left,10078871,Dayton,2025,83
"Baker, Luke",DAY_FLY,78,Left,1000051913,Dayton,2023,61
"Baker, Luke",DAY_FLY,78,Left,1000051913,Dayton,2024,240
"Bard, Parker",DAY_FLY,75,Right,1000098168,Dayton,2023,396
"Bard, Parker",DAY_FLY,75,Right,1000098168,Dayton,2024,247
"Barnett, Logan",DAY_FLY,77,Right,10049308,Dayton,2024,58
"Dean, Ben",DAY_FLY,75,Right,10264251,Dayton,2025,285
"Browning, Landan",DAY_FLY,73,Right,10105661,Dayton,2025,21
"Bussell, CJ",DAY_FLY,75,Right,1000115940,Dayton,2025,103
"Tarango, Caden",DAY_FLY,77,Right,1000095932,Dayton,2023,29
"Cahill, Riley",DAY_FLY,72,Right,10097690,Dayton,2025,63
"Samuels, Carson",DAY_FLY,72,Left,1000106990,Dayton,2025,340
"Claybourne, Seth",DAY_FLY,71,Right,1000207788,Dayton,2023,261
"Fennell, Connor",DAY_FLY,73,Right,10078592,Dayton,2024,690
"Crossan, Michael",DAY_FLY,77,Right,1000121124,Dayton,2023,55
"Densmore, Travis",DAY_FLY,73,Left,1000124896,Dayton,2024,251
"Grazzal, Devin",DAY_FLY,75,Right,10106549,Dayton,2025,82
"Dudolski, Michael",DAY_FLY,72,Right,10126273,Dayton,2025,264
"Duncan, Jackson",DAY_FLY,80,Right,1000241364,Dayton,2025,145
"Majick, Eli",DAY_FLY,79,Left,1000098166,Dayton,2023,619
"Majick, Eli",DAY_FLY,79,Left,1000098166,Dayton,2024,800
"Escobar, Hector",DAY_FLY,72,Right,10136717,Dayton,2025,219
"Espelin, Nate",DAY_FLY,72,Left,1000050202,Dayton,2023,398
"Fortes, Michael",DAY_FLY,74,Right,1000115283,Dayton,2024,270
"Fortes, Michael",DAY_FLY,74,Right,1000115283,Dayton,2025,87
"Gatti, Jj",DAY_FLY,75,Right,10111203,Dayton,2023,38
"Gatti, JJ",DAY_FLY,75,Right,10111203,Dayton,2023,136
"Gatti, JJ",DAY_FLY,75,Right,1000236662,Dayton,2025,751
"Heller, James",DAY_FLY,75,Right,1000281326,Dayton,2025,371
"Judy, Jackson",DAY_FLY,75,Right,10276362,Dayton,2025,235
"McGovern, Jacob",DAY_FLY,71,Left,1000317444,Dayton,2024,144
"McGovern, Jacob",DAY_FLY,71,Left,1000317444,Dayton,2025,143
"Wilson, Jacob",DAY_FLY,79,Right,1000093400,Dayton,2023,115
"Tedesco, Jake",DAY_FLY,77,Left,10031529,Dayton,2023,172
"Tedesco, Jake",DAY_FLY,77,Left,1000236349,Dayton,2024,38
"Johnson, Matthew",DAY_FLY,72,Right,1000136553,Dayton,2023,365
"Johnson, Matthew",DAY_FLY,72,Right,1000136553,Dayton,2024,40
"Rondeau, Lukasz",DAY_FLY,74,Left,1000256477,Dayton,2025,286
"Matta, Luke",DAY_FLY,77,Right,1000334434,Dayton,2025,53
"Malecha, Peyton",DAY_FLY,77,Right,1000232746,Dayton,2025,536
"Manfredi, Mark",DAY_FLY,76,Left,10040710,Dayton,2023,894
"Newell, Will",DAY_FLY,79,Right,1000106568,Dayton,2024,335
"Newell, Will",DAY_FLY,79,Right,1000106568,Dayton,2025,71
"Rispoli, Nick",DAY_FLY,75,Right,1000098162,Dayton,2024,85
"Wissman, Nick",DAY_FLY,73,Right,1000098169,Dayton,2023,190
"Wissman, Nick",DAY_FLY,73,Right,1000098169,Dayton,2024,551
"Packard, Ryan",DAY_FLY,75,Right,1000136067,Dayton,2023,470
"Packard, Ryan",DAY_FLY,75,Right,1000136067,Dayton,2024,255
"Steinhauer, Ryan",DAY_FLY,75,Left,1000121127,Dayton,2023,611
"Steinhauer, Ryan",DAY_FLY,75,Left,1000121127,Dayton,2024,385
"Murphy, Aiden",DEL_BLU,76,Right,1000362328,Delaware,2025,89
"Tawa, Alex",DEL_BLU,72,Left,1000315802,Delaware,2024,47
"Callaway, Andrew",DEL_BLU,72,Left,823910,Delaware,2025,420
"Gubitosi, Anthony",DEL_BLU,72,Left,10032990,Delaware,2023,125
"Gubitosi, Anthony",DEL_BLU,72,Left,10032990,Delaware,2024,338
"Atiya, Eli",DEL_BLU,70,Left,1000048936,Delaware,2023,350
"Atiya, Eli",DEL_BLU,70,Left,1000048936,Delaware,2024,447
"August, Tyler",DEL_BLU,74,Right,10110042,Delaware,2024,548
"Moyzan, Ben",DEL_BLU,73,Right,1000259684,Delaware,2025,338
"Blum, Brady",DEL_BLU,73,Right,1000392568,Delaware,2025,105
"Bolton, Reece",DEL_BLU,77,Left,1000100928,Delaware,2023,37
"Bryan, Dylan",DEL_BLU,74,Left,1000136915,Delaware,2025,175
"Greenly, Bryce",DEL_BLU,75,Right,1000049065,Delaware,2023,235
"Welch, Carter",DEL_BLU,74,Left,1000125040,Delaware,2023,210
"Welch, Carter",DEL_BLU,74,Left,1000125040,Delaware,2024,414
"Welch, Carter",DEL_BLU,74,Left,1000125040,Delaware,2025,627
"Colmery, Christian",DEL_BLU,71,Right,1000125042,Delaware,2023,66
"Colmery, Christian",DEL_BLU,71,Right,1000125042,Delaware,2024,238
"Colmery, Christian",DEL_BLU,71,Right,1000125042,Delaware,2025,112
"Grome, Chris",DEL_BLU,72,Left,1000213379,Delaware,2023,133
"Conway, Elias",DEL_BLU,72,Left,10109416,Delaware,2024,328
"Conway, Elias",DEL_BLU,72,Left,10109416,Delaware,2025,451
"DiLeo, Jack",DEL_BLU,75,Right,1000213382,Delaware,2023,28
"Marose, Doug",DEL_BLU,77,Right,10303186,Delaware,2024,686
"Marose, Doug",DEL_BLU,77,Right,10303186,Delaware,2025,171
"Ludman, Eric",DEL_BLU,76,Right,1000100915,Delaware,2024,48
"Shaub, Ethan",DEL_BLU,71,Left,1000305276,Delaware,2024,472
"Shaub, Ethan",DEL_BLU,71,Left,1000305276,Delaware,2025,533
"Lewis, Evan",DEL_BLU,74,Right,1000098287,Delaware,2025,306
"Pollaro, Jake",DEL_BLU,77,Left,10005119,Delaware,2025,469
"Silan , Joey",DEL_BLU,72,Right,1000100913,Delaware,2023,163
"Silan, Joey",DEL_BLU,72,Right,1000100913,Delaware,2023,240
"Richardson, Jonah",DEL_BLU,72,Right,1000072064,Delaware,2025,313
"Needles, Justin",DEL_BLU,75,Right,826147,Delaware,2025,442
"Williams, Kevin",DEL_BLU,70,Right,1000125047,Delaware,2023,24
"Pizzico, Luke",DEL_BLU,76,Right,1000100926,Delaware,2023,62
"Margolis, Owen",DEL_BLU,71,Right,1000213387,Delaware,2023,135
"Margolis, Owen",DEL_BLU,71,Right,1000213387,Delaware,2024,339
"Minckler, Matthew",DEL_BLU,72,Right,1000144733,Delaware,2025,34
"Reyes, Matt",DEL_BLU,70,Right,1000149886,Delaware,2025,19
"McLaughlin, Ryan",DEL_BLU,74,Right,1000309668,Delaware,2025,742
"Rolka , Nate",DEL_BLU,75,Right,1000100920,Delaware,2023,176
"Rolka, Nate",DEL_BLU,75,Right,1000100920,Delaware,2024,241
"Rolka , Nate",DEL_BLU,75,Right,1000100920,Delaware,2024,34
"Nelson, Wyatt",DEL_BLU,74,Right,1000051479,Delaware,2023,41
"Nelson, Wyatt",DEL_BLU,74,Right,1000051479,Delaware,2024,196
"Strechay, Tyler",DEL_BLU,75,Right,1000096508,Delaware,2023,249
"Strechay, Tyler",DEL_BLU,75,Right,1000096508,Delaware,2024,372
"Bauer, Alex",DEL_HOR,74,Right,1000213565,Delaware St.,2023,73
"Gordon, Amari",DEL_HOR,72,Right,10063253,Delaware St.,2023,51
"Gordon, Amari",DEL_HOR,72,Right,10063253,Delaware St.,2024,34
"Gordon, Amari",DEL_HOR,72,Right,10063253,Delaware St.,2025,34
"Bouldin, Evan",DEL_HOR,74,Right,10064663,Delaware St.,2023,73
"Brady, Drew",DEL_HOR,73,Right,1000396974,Delaware St.,2025,70
"Hatch, Brandon",DEL_HOR,75,Right,1000125386,Delaware St.,2023,93
"Hatch, Brandon",DEL_HOR,75,Right,1000125386,Delaware St.,2024,67
"Kendall, Brooks",DEL_HOR,67,Right,1000301494,Delaware St.,2024,84
"Carreca, Peter",DEL_HOR,74,Right,1000125402,Delaware St.,2023,199
"Carreca, Peter",DEL_HOR,74,Right,1000125402,Delaware St.,2024,95
"Loper, C.J.",DEL_HOR,74,Right,1000125388,Delaware St.,2023,91
"Dale, Zach",DEL_HOR,74,LEFT,1000054052,Delaware St.,2023,119
"Davis, Hiram",DEL_HOR,70,Right,1000125395,Delaware St.,2023,62
"Davis, Hiram",DEL_HOR,70,Right,1000125395,Delaware St.,2024,21
"Johnson, Ethan",DEL_HOR,72,Left,10135838,Delaware St.,2025,39
"Etwaru, Kieran",DEL_HOR,73,Left,1000301512,Delaware St.,2024,83
"Harris, Evan",DEL_HOR,73,Right,1000125393,Delaware St.,2023,215
"Gonzalez, Ricardo",DEL_HOR,74,Right,1000301515,Delaware St.,2024,58
"Haddaway, Jordan",DEL_HOR,73,Right,1000125396,Delaware St.,2023,188
"Head, Kobe",DEL_HOR,73,Right,1000015973,Delaware St.,2024,56
"Thompson, Hunter",DEL_HOR,72,Right,1000208739,Delaware St.,2023,50
"Thompson, Hunter",DEL_HOR,72,Right,1000208739,Delaware St.,2024,54
"Thompson, Hunter",DEL_HOR,72,Right,1000208739,Delaware St.,2025,37
"Messmore, Jack",DEL_HOR,73,Right,1000231807,Delaware St.,2023,62
"Messmore, Jack",DEL_HOR,73,Right,1000231807,Delaware St.,2024,113
"Vest, Jeremy",DEL_HOR,74,Left,10272676,Delaware St.,2025,107
"Lane, Michael",DEL_HOR,73,Right,1000301514,Delaware St.,2024,91
"Mejia, Ryan",DEL_HOR,72,Right,1000396976,Delaware St.,2025,51
"Vidmar, Nathan",DEL_HOR,76,Right,1000213567,Delaware St.,2023,268
"Vidmar, Nathan",DEL_HOR,76,Right,1000213567,Delaware St.,2024,76
"Beasley, Aaron",DUK_BLU,75,Left,1000049086,Duke,2023,375
"Boucher, Adam",DUK_BLU,77,Right,1000085795,Duke,2023,659
"Weaver, Aidan",DUK_BLU,77,Right,1000112464,Duke,2023,574
"Weaver, Aidan",DUK_BLU,77,Right,702528,Duke,2024,220
"Weaver, Aidan",DUK_BLU,77,Right,702528,Duke,2025,279
"Gow, Alex",DUK_BLU,75,Right,1000168139,Duke,2023,787
"Healy, Andrew",DUK_BLU,78,Left,1000167169,Duke,2023,644
"Healy, Andrew",DUK_BLU,78,Left,804986,Duke,2024,620
"Healy, Andrew",DUK_BLU,78,Left,804986,Duke,2025,915
"Beilenson, Charlie",DUK_BLU,72,Right,1000055196,Duke,2023,886
"Beilenson, Charlie",DUK_BLU,72,Right,810897,Duke,2024,856
"Black, Collins",DUK_BLU,74,Right,1000234450,Duke,2025,198
"Boisvert, David",DUK_BLU,77,Right,1000112725,Duke,2023,18
"Boisvert, David",DUK_BLU,77,Right,803190,Duke,2024,347
"Boisvert, David",DUK_BLU,77,Right,803190,Duke,2025,53
"Bosley-Smith, Collin",DUK_BLU,76,Right,1000050797,Duke,2023,55
"Brannon, Bryce",DUK_BLU,75,Right,10091027,Duke,2025,52
"Brown, Gavin",DUK_BLU,77,Left,1000335496,Duke,2025,196
"McRoy, Caleb",DUK_BLU,74,Left,1000057824,Duke,2023,60
"Calvert, Ryan",DUK_BLU,77,Right,823991,Duke,2025,510
"Conte, Nick",DUK_BLU,70,Right,694921,Duke,2024,116
"DiGiacomo, Roman",DUK_BLU,75,Right,702667,Duke,2025,94
"Easterly, Reid",DUK_BLU,72,Left,822498,Duke,2025,938
"Hart, Edward",DUK_BLU,77,Left,1000167311,Duke,2023,276
"Hart, Edward",DUK_BLU,77,Left,1000167311,Duke,2024,182
"Hart, Edward",DUK_BLU,77,Left,1000167311,Duke,2025,131
"Emus, Jackson",DUK_BLU,77,Right,688659,Duke,2024,377
"Nard, Gabe",DUK_BLU,71,Right,1000079145,Duke,2023,491
"Nard, Gabe",DUK_BLU,71,Right,1000079145,Duke,2024,661
"Nard, Gabe",DUK_BLU,71,Right,1000079145,Duke,2025,717
"Hedrick, Jack",DUK_BLU,77,Right,10136565,Duke,2025,82
"Zatkowski, Henry",DUK_BLU,74,Left,10150296,Duke,2025,746
"Higgins, Ryan",DUK_BLU,74,Right,695672,Duke,2023,598
"Higgins, Ryan",DUK_BLU,74,Right,695672,Duke,2024,690
"Higgins, Ryan",DUK_BLU,74,Right,695672,Duke,2025,489
"Hindy, Mark",DUK_BLU,76,Left,810962,Duke,2025,388
"Raidt, James",DUK_BLU,75,Right,1000139736,Duke,2024,28
"Tallon, James",DUK_BLU,77,Left,1000187737,Duke,2023,515
"Tallon, James",DUK_BLU,77,Left,810890,Duke,2024,436
"Tallon, James",DUK_BLU,77,Left,810890,Duke,2025,566
"White, Jason",DUK_BLU,72,Right,1000167781,Duke,2023,709
"Romano, Jimmy",DUK_BLU,73,Right,1000090966,Duke,2023,228
"Romano, Jimmy",DUK_BLU,73,Right,695740,Duke,2024,367
"Johnson, Kyle",DUK_BLU,73,Left,10108184,Duke,2024,786
"Johnson, Kyle",DUK_BLU,73,Left,10108184,Duke,2025,569
"Santucci, Jonathan",DUK_BLU,74,Left,1000071781,Duke,2023,565
"Santucci, Jonathan",DUK_BLU,74,Left,695558,Duke,2024,964
"Thomas, Kassius",DUK_BLU,74,Right,1000050430,Duke,2023,125
"Mastroianni, Marcello",DUK_BLU,75,Left,811689,Duke,2025,24
"Stammel, Max",DUK_BLU,75,Left,10126201,Duke,2025,381
"Noone, Tim",DUK_BLU,72,Left,1000224166,Duke,2024,626
"Proksch, Owen",DUK_BLU,75,Left,1000093679,Duke,2023,610
"Proksch, Owen",DUK_BLU,75,Left,810896,Duke,2024,399
"Proksch, Owen",DUK_BLU,75,Left,810896,Duke,2025,732
"Acosta, Joseph",ETS_BUC,74,Right,1000054747,ETSU,2023,20
"Cotten, Andrew",ETS_BUC,77,Right,1000230183,ETSU,2024,105
"Cotten, Andrew",ETS_BUC,77,Right,1000230183,ETSU,2025,368
"Ronne, Andrew",ETS_BUC,75,Right,1000066709,ETSU,2023,203
"Ronne, Andrew",ETS_BUC,75,Right,1000066709,ETSU,2024,160
"Ronne, Andrew",ETS_BUC,75,Right,1000066709,ETSU,2025,422
"Emener, Austin",ETS_BUC,76,Left,1000077782,ETSU,2023,302
"Bigelow, Leif",ETS_BUC,75,Right,1000057057,ETSU,2023,40
"Frederick, Brady",ETS_BUC,71,Right,824475,ETSU,2025,762
"Carlson, Cade",ETS_BUC,73,Right,1000090521,ETSU,2023,303
"Fink, Carter",ETS_BUC,74,Right,90000216104,ETSU,2024,95
"Fink, Carter",ETS_BUC,74,Right,824473,ETSU,2025,1022
"Oliff, Carter",ETS_BUC,75,Right,1000190974,ETSU,2025,197
"Carwile, Cody",ETS_BUC,76,Left,701426,ETSU,2025,28
"Engert, Cason",ETS_BUC,75,Right,1000091637,ETSU,2024,87
"Engert, Cason",ETS_BUC,75,Right,1000091637,ETSU,2025,39
"Stuart, Colby",ETS_BUC,80,Left,1000054724,ETSU,2023,461
"Eaton, Colin",ETS_BUC,71,Right,1000220592,ETSU,2025,330
"Crumbley, Landon",ETS_BUC,76,Right,1000113457,ETSU,2024,126
"Crumbley, Landon",ETS_BUC,76,Right,801962,ETSU,2025,570
"Curless, Tristan",ETS_BUC,75,Left,1000119183,ETSU,2025,163
"McCarley, Derek",ETS_BUC,70,Left,1000230184,ETSU,2023,211
"McCarley, Derek",ETS_BUC,70,Left,814550,ETSU,2024,149
"McCarley, Derek",ETS_BUC,70,Left,814550,ETSU,2025,559
"Fetterman, Tyler",ETS_BUC,73,Left,1000328644,ETSU,2024,74
"George, Sam",ETS_BUC,70,Right,1000110297,ETSU,2024,10
"Grass, Logan",ETS_BUC,70,Right,1000096257,ETSU,2025,123
"Hanselman, Trevor",ETS_BUC,69,Right,1000064388,ETSU,2023,78
"Harpster, Michael",ETS_BUC,72,Right,10099161,ETSU,2024,191
"Harpster, Michael",ETS_BUC,72,Right,10099161,ETSU,2025,813
"Hickman, Nathan",ETS_BUC,72,Right,1000075082,ETSU,2023,60
"Hickman, Nathan",ETS_BUC,73,Right,804935,ETSU,2024,59
"Hyde, Jace",ETS_BUC,74,Right,10139080,ETSU,2024,199
"Hyde, Jace",ETS_BUC,74,Right,824487,ETSU,2025,916
"Vest, Jack",ETS_BUC,73,Right,10055054,ETSU,2025,49
"Jones, Tate",ETS_BUC,71,Right,10147262,ETSU,2025,114
"Keller, Kenny",ETS_BUC,72,Left,1000309780,ETSU,2024,76
"Kovacs, Owen",ETS_BUC,76,Right,1000084863,ETSU,2023,145
"Kovacs, Owen",ETS_BUC,76,Right,815120,ETSU,2024,88
"Smiddy, Landon",ETS_BUC,72,Right,1000099120,ETSU,2023,304
"Tate, Nathanial",ETS_BUC,74,Right,1000078716,ETSU,2023,437
"Trusley, Walker",ETS_BUC,74,Right,1000100937,ETSU,2024,100
"Groller, Aaron",ECU_PIR,74,Left,809578,East Carolina,2024,382
"Beal, Danny",ECU_PIR,74,Right,1000051313,East Carolina,2023,441
"Beal, Danny",ECU_PIR,74,Right,701060,East Carolina,2024,870
"Beeker, Merritt",ECU_PIR,74,Left,1000112077,East Carolina,2023,101
"Zayac, Bradley",ECU_PIR,75,Right,10078098,East Carolina,2025,374
"Bradt, Tyler",ECU_PIR,71,Right,1000119511,East Carolina,2023,332
"Pruett, Brad",ECU_PIR,75,Right,822041,East Carolina,2025,943
"Brashear, Tyler",ECU_PIR,75,Right,831269,East Carolina,2025,35
"Bryan, Drew",ECU_PIR,72,Right,813886,East Carolina,2024,32
"Spivey, Carter",ECU_PIR,73,Right,1000050166,East Carolina,2023,950
"Hodges, Charlie",ECU_PIR,74,Right,1000112073,East Carolina,2023,28
"Hodges, Charlie",ECU_PIR,74,Right,1000112073,East Carolina,2024,40
"Kahler, Christopher",ECU_PIR,73,RIGHT,1000051543,East Carolina,2024,522
"Wallace, Colby",ECU_PIR,74,Right,825278,East Carolina,2024,48
"Wallace, Colby",ECU_PIR,75,Right,825278,East Carolina,2025,218
"Costello, Corey",ECU_PIR,72,Left,825281,East Carolina,2024,108
"DiLorenzo, Jackson",ECU_PIR,72,Right,825277,East Carolina,2024,138
"Dilorenzo, Jackson",ECU_PIR,72,Right,10074250,East Carolina,2024,172
"DiLorenzo, Jackson",ECU_PIR,72,Right,825277,East Carolina,2025,392
"Ritchie, Erik",ECU_PIR,73,Left,1000075475,East Carolina,2023,315
"Ritchie, Erik",ECU_PIR,73,Left,804116,East Carolina,2024,514
"Norby, Ethan",ECU_PIR,69,Left,825275,East Carolina,2024,808
"Norby, Ethan",ECU_PIR,69,Left,825275,East Carolina,2025,1145
"Young, Ethan",ECU_PIR,74,Right,1000169124,East Carolina,2025,1022
"Saylor, Garrett",ECU_PIR,75,Right,1000050169,East Carolina,2023,368
"Ginn, Landon",ECU_PIR,75,Right,1000092726,East Carolina,2023,320
"Grosz, Josh",ECU_PIR,76,Right,1000092729,East Carolina,2023,1014
"Grubbs, Talor",ECU_PIR,72,Right,10033637,East Carolina,2025,96
"Hunter, Jake",ECU_PIR,76,Right,1000090933,East Carolina,2023,502
"Hunter, Jake",ECU_PIR,76,Right,804113,East Carolina,2024,455
"Hunter, Jake",ECU_PIR,76,Right,804113,East Carolina,2025,629
"White Jr., Ian",ECU_PIR,73,Right,10105482,East Carolina,2025,176
"Irby, Michael",ECU_PIR,75,Right,825280,East Carolina,2025,17
"Winter, Jaden",ECU_PIR,77,Right,1000092967,East Carolina,2023,173
"Winter, Jaden",ECU_PIR,77,Right,701716,East Carolina,2024,382
"Winter, Jaden",ECU_PIR,77,Right,701716,East Carolina,2025,157
"Jenkins, Sean",ECU_PIR,75,Right,10122385,East Carolina,2025,936
"Little, Jordan",ECU_PIR,75,Right,1000077174,East Carolina,2023,76
"Williams, Lance",ECU_PIR,71,Right,1000091400,East Carolina,2025,604
"Lumpkin, Willie",ECU_PIR,72,Right,1000079485,East Carolina,2023,240
"Lunsford-Shenkman, Wyatt",ECU_PIR,74,Right,1000074577,East Carolina,2023,515
"Lunsford-Shenkman, Wyatt",ECU_PIR,74,Right,701828,East Carolina,2024,557
"Thomas, Parker",ECU_PIR,74,Right,1000148656,East Carolina,2024,9
"Yesavage, Trey",ECU_PIR,76,Right,1000075473,East Carolina,2023,1028
"Yesavage, Trey",ECU_PIR,76,Right,702056,East Carolina,2024,1326
"Solis, Anthony",EIU_PAN,71,Right,97356,Eastern Ill.,2025,487
"Bays, Chase",EIU_PAN,71,Right,1000072017,Eastern Ill.,2025,50
"Malatestinic, Blake",EIU_PAN,69,Right,1000026803,Eastern Ill.,2023,180
"Boruff, Dalton",EIU_PAN,70,Right,1000230530,Eastern Ill.,2025,503
"Bradley, Kole",EIU_PAN,76,Left,10291620,Eastern Ill.,2025,36
"Riggs, Bryce",EIU_PAN,72,Right,1000180969,Eastern Ill.,2024,26
"Riggs, Bryce",EIU_PAN,72,Right,1000180969,Eastern Ill.,2025,419
"Carew, Christian",EIU_PAN,78,Right,1000206049,Eastern Ill.,2024,34
"Carew, Christian",EIU_PAN,78,Right,1000206049,Eastern Ill.,2025,304
"Cartwright, Eli",EIU_PAN,74,Left,1000304859,Eastern Ill.,2024,92
"Cartwright, Eli",EIU_PAN,74,Left,1000304859,Eastern Ill.,2025,294
"Trout, Chaney",EIU_PAN,72,Right,10040992,Eastern Ill.,2023,64
"Trout, Chaney",EIU_PAN,72,Right,10040992,Eastern Ill.,2024,70
"Coca, Colton",EIU_PAN,76,Right,1000099824,Eastern Ill.,2023,138
"Coca, Colton",EIU_PAN,76,Right,1000099824,Eastern Ill.,2024,97
"Conklin, Tyler",EIU_PAN,71,Right,10011686,Eastern Ill.,2023,361
"Conklin, Tyler",EIU_PAN,71,Right,10011686,Eastern Ill.,2025,426
"Green, Elijah",EIU_PAN,77,Right,1000189360,Eastern Ill.,2025,180
"Hagen, Joey",EIU_PAN,72,Left,1000235121,Eastern Ill.,2023,23
"Hanscom, Jonathon",EIU_PAN,70,Right,1000217602,Eastern Ill.,2023,259
"Hanscom, Jonathon",EIU_PAN,70,Right,1000217602,Eastern Ill.,2024,31
"Ignoffo, Ryan",EIU_PAN,70,Right,1000054050,Eastern Ill.,2023,208
"Nichols, Jackson",EIU_PAN,75,Right,10041211,Eastern Ill.,2023,22
"Potteiger, Jack",EIU_PAN,77,Left,1000095892,Eastern Ill.,2023,62
"Potteiger, Jack",EIU_PAN,77,Left,1000095892,Eastern Ill.,2025,209
"Kapraun, Tyler",EIU_PAN,75,Left,1000243564,Eastern Ill.,2025,575
"Matthews-Hampton, Ky",EIU_PAN,75,Right,1000126737,Eastern Ill.,2023,313
"Lawson, Tarron",EIU_PAN,73,RIGHT,1000054070,Eastern Ill.,2023,6
"Laxner, Nick",EIU_PAN,73,Right,1000056370,Eastern Ill.,2023,332
"Touma, Lukas",EIU_PAN,73,Right,1000050886,Eastern Ill.,2024,39
"Touma, Lukas",EIU_PAN,73,Right,1000050886,Eastern Ill.,2025,7
"Robbins, Zane",EIU_PAN,76,Right,1000051888,Eastern Ill.,2023,124
"Robbins, Zane",EIU_PAN,76,Right,815127,Eastern Ill.,2024,44
"Wilcox, Slater",EIU_PAN,76,Right,1000255809,Eastern Ill.,2024,94
"Stockham, Addison",EKU_COL,75,Left,10104425,Eastern Ky.,2024,137
"Stockham, Addison",EKU_COL,75,Left,10104425,Eastern Ky.,2025,225
"Rath, Aidan",EKU_COL,78,Right,1000161305,Eastern Ky.,2024,42
"Rath, Aidan",EKU_COL,78,Right,1000161305,Eastern Ky.,2025,33
"Alderman, Chase",EKU_COL,77,Right,1000192254,Eastern Ky.,2023,474
"Ginther, Andrew",EKU_COL,70,Right,10001579,Eastern Ky.,2023,42
"Vargas, Anthony",EKU_COL,74,Right,1000057351,Eastern Ky.,2023,183
"Berger, Mitchell",EKU_COL,72,Right,10006887,Eastern Ky.,2025,216
"Blanton, Brock",EKU_COL,76,Right,1000119895,Eastern Ky.,2023,316
"Blanton, Brock",EKU_COL,76,Right,1000119895,Eastern Ky.,2024,135
"Bounds, Burkley",EKU_COL,74,Right,10049368,Eastern Ky.,2025,352
"Gagen, Bradley",EKU_COL,74,Left,1000091996,Eastern Ky.,2025,496
"Stewart, Bradley",EKU_COL,75,Left,10108696,Eastern Ky.,2024,453
"Hutchins, Brady",EKU_COL,73,Right,1000088295,Eastern Ky.,2025,85
"Laux, Brandon",EKU_COL,75,Right,1000050531,Eastern Ky.,2023,24
"Brown, Rese",EKU_COL,73,Right,1000013141,Eastern Ky.,2023,518
"Brown, Rese",EKU_COL,73,Right,1000013141,Eastern Ky.,2024,607
"Travis, Bryce",EKU_COL,72,Left,1000098188,Eastern Ky.,2023,323
"Travis, Bryce",EKU_COL,72,Left,1000098188,Eastern Ky.,2024,529
"Schneider, Cade",EKU_COL,73,Right,1000160534,Eastern Ky.,2025,257
"Kalandros, Cameron",EKU_COL,74,Right,1000119896,Eastern Ky.,2023,401
"Kalandros, Cameron",EKU_COL,74,Right,1000119896,Eastern Ky.,2024,274
"Van Haaren, Carson",EKU_COL,72,Right,10050062,Eastern Ky.,2025,715
"Ceverino, Vladimir",EKU_COL,76,Right,1000119920,Eastern Ky.,2023,188
"Tierney, Chardy",EKU_COL,73,Right,1000160564,Eastern Ky.,2025,10
"Howe, Christian",EKU_COL,76,Right,1000077429,Eastern Ky.,2025,421
"Jones, Christian",EKU_COL,77,Right,1000119899,Eastern Ky.,2023,57
"Hamann, Chris",EKU_COL,72,Left,1000119897,Eastern Ky.,2023,154
"Clancy, Joe",EKU_COL,73,Right,1000192253,Eastern Ky.,2023,244
"Clancy, Joe",EKU_COL,73,Right,1000192253,Eastern Ky.,2024,674
"Collins, Hayden",EKU_COL,74,Right,1000037514,Eastern Ky.,2025,325
"Underhill, Elijah",EKU_COL,73,Right,10104993,Eastern Ky.,2024,424
"Underhill, Elijah",EKU_COL,73,Right,10104993,Eastern Ky.,2025,554
"Erd, Josiah",EKU_COL,74,Right,10149394,Eastern Ky.,2024,201
"Erd, Josiah",EKU_COL,74,Right,10149394,Eastern Ky.,2025,133
"Faulkner, Gavin",EKU_COL,74,Left,1000068514,Eastern Ky.,2023,136
"Faulkner, Gavin",EKU_COL,74,Left,1000068514,Eastern Ky.,2024,112
"Faulkner, Gavin",EKU_COL,74,Left,1000068514,Eastern Ky.,2025,179
"Foley, Wyatt",EKU_COL,73,Right,1000161533,Eastern Ky.,2025,424
"Langrell, Garrett",EKU_COL,79,Right,1000119901,Eastern Ky.,2024,352
"Hall, Quinton",EKU_COL,73,Left,1000119916,Eastern Ky.,2023,216
"Hall, Quinton",EKU_COL,73,Left,1000119916,Eastern Ky.,2024,417
"Martinez, Hamilton",EKU_COL,75,Right,1000051418,Eastern Ky.,2024,211
"Milburn, Isaac",EKU_COL,72,Left,1000119903,Eastern Ky.,2023,768
"Milburn, Isaac",EKU_COL,72,Left,1000119903,Eastern Ky.,2024,679
"Waters, Jack",EKU_COL,72,Right,1000118511,Eastern Ky.,2024,433
"Lawson, Nathan",EKU_COL,73,Right,1000068529,Eastern Ky.,2023,399
"Lawson, Nathan",EKU_COL,73,Right,1000068529,Eastern Ky.,2024,767
"Lawson, Nathan",EKU_COL,73,Right,1000068529,Eastern Ky.,2025,608
"Smothers, Logan",EKU_COL,74,Right,1000160799,Eastern Ky.,2023,31
"Reed, Luke",EKU_COL,74,Right,1000106036,Eastern Ky.,2023,556
"Treadway, Matthew",EKU_COL,72,Right,1000051723,Eastern Ky.,2023,22
"Schuler, Michael",EKU_COL,72,Right,1000119913,Eastern Ky.,2023,596
"Todd, Niall",EKU_COL,74,Left,1000066677,Eastern Ky.,2025,71
"Radcliff, Ryan",EKU_COL,71,Left,1000146573,Eastern Ky.,2024,210
"Radcliff, Ryan",EKU_COL,71,Left,1000146573,Eastern Ky.,2025,190
"Yates, Rian",EKU_COL,77,Right,1000050404,Eastern Ky.,2023,382
"Yates, Rian",EKU_COL,77,Right,1000050404,Eastern Ky.,2024,383
"Walton, Ryker",EKU_COL,75,Right,10288839,Eastern Ky.,2024,867
"Walton, Ryker",EKU_COL,76,Right,10288839,Eastern Ky.,2025,589
"Pirkle, Aaron",EMU_EAG,74,Left,1000235239,Eastern Mich.,2024,66
"Falinski, Adam",EMU_EAG,75,Right,1000126197,Eastern Mich.,2023,50
"Dukesherer, Andrew",EMU_EAG,73,Right,1000319975,Eastern Mich.,2024,129
"Dukesherer, Andrew",EMU_EAG,74,Right,1000319975,Eastern Mich.,2025,13
"Baker , Liam",EMU_EAG,74,Right,1000282520,Eastern Mich.,2024,113
"Baker, Liam",EMU_EAG,74,Right,1000282520,Eastern Mich.,2024,52
"Beckner, Drew",EMU_EAG,74,Left,1000319974,Eastern Mich.,2024,247
"Beckner, Drew",EMU_EAG,72,Left,1000319974,Eastern Mich.,2025,624
"Jones, Bobby",EMU_EAG,77,Right,1000120632,Eastern Mich.,2023,38
"Jones, Bobby",EMU_EAG,77,Right,811330,Eastern Mich.,2024,242
"Jones, Bobby",EMU_EAG,77,Right,811330,Eastern Mich.,2025,509
"Boothe, Eric",EMU_EAG,74,Left,10068148,Eastern Mich.,2025,25
"Rutherford, Cal",EMU_EAG,75,Right,1000236765,Eastern Mich.,2025,94
"McCoy, Cam'Ron",EMU_EAG,73,Right,10027557,Eastern Mich.,2023,70
"Chittum, Nick",EMU_EAG,74,Right,1000076613,Eastern Mich.,2023,80
"Chittum, Nick",EMU_EAG,74,Right,695332,Eastern Mich.,2024,208
"Milligan, Colin",EMU_EAG,70,Right,10054904,Eastern Mich.,2025,165
"Davis, Ethan",EMU_EAG,73,Right,824460,Eastern Mich.,2025,388
"Morand, DJ",EMU_EAG,75,Right,10050321,Eastern Mich.,2025,100
"Jones, Drew",EMU_EAG,73,Right,1000319984,Eastern Mich.,2024,136
"Norris, Drew",EMU_EAG,74,Right,811694,Eastern Mich.,2025,290
"Wolff, Dylan",EMU_EAG,75,Right,1000077058,Eastern Mich.,2023,79
"Gillies, Emmett",EMU_EAG,75,Right,10012544,Eastern Mich.,2025,239
"Lapointe, Ethan",EMU_EAG,78,Left,10157455,Eastern Mich.,2025,139
"Hendershot, Fischer",EMU_EAG,76,Right,1000347321,Eastern Mich.,2025,269
"King, Gavin",EMU_EAG,75,Left,1000083745,Eastern Mich.,2023,12
"Gillig, Zach",EMU_EAG,74,Right,1000126203,Eastern Mich.,2023,60
"Reising, Grant",EMU_EAG,76,Left,1000112998,Eastern Mich.,2023,26
"Helgeson, Tyler",EMU_EAG,76,Right,1000061893,Eastern Mich.,2023,54
"Slaby, Henry",EMU_EAG,74,Right,1000362094,Eastern Mich.,2025,140
"House, Thomas",EMU_EAG,74,Right,1000027097,Eastern Mich.,2023,100
"House, Trevor",EMU_EAG,72,Left,1000078746,Eastern Mich.,2023,35
"Lindsey, Isiah",EMU_EAG,75,Right,1000319986,Eastern Mich.,2024,200
"Topolski, Jack",EMU_EAG,74,Right,1000282292,Eastern Mich.,2024,116
"Topolski, Jack",EMU_EAG,72,Right,1000282292,Eastern Mich.,2025,62
"Jefferis, Jagger",EMU_EAG,70,Left,177439,Eastern Mich.,2023,46
"Kunst, Jimmy",EMU_EAG,74,Right,1000320522,Eastern Mich.,2024,102
"McCoy, Josh",EMU_EAG,80,,811336,Eastern Mich.,2024,19
"Kapa, Tyler",EMU_EAG,74,Right,1000336120,Eastern Mich.,2025,695
"Keane, Nick",EMU_EAG,73,Right,1000174603,Eastern Mich.,2025,251
"Kreuzer, Niko",EMU_EAG,76,Right,1000312526,Eastern Mich.,2024,66
"Kreuzer, Niko",EMU_EAG,76,Right,1000312526,Eastern Mich.,2025,215
"Russo, Luke",EMU_EAG,76,Right,1000078741,Eastern Mich.,2023,81
"Sanfilipo, Mat",EMU_EAG,76,RIGHT,1000272711,Eastern Mich.,2024,85
"Pfeiffer, Michael",EMU_EAG,74,Right,10014131,Eastern Mich.,2025,323
"Reed, Sam",EMU_EAG,74,Left,1000095896,Eastern Mich.,2023,112
"Stolarski, Ty",EMU_EAG,77,RIGHT,1000235231,Eastern Mich.,2024,22
"Bauer, Spencer",ELO_PHO,74,Right,1000051999,Elon,2023,118
"Sieracki, Ben",ELO_PHO,73,Right,1000099696,Elon,2023,79
"Sieracki, Ben",ELO_PHO,73,Right,1000099696,Elon,2024,689
"Simon, Ben",ELO_PHO,71,Right,1000099706,Elon,2023,42
"Mustard, Cade",ELO_PHO,70,Right,1000145155,Elon,2025,241
"Wehner, Carson",ELO_PHO,73,Right,10031385,Elon,2024,292
"Wehner, Carson",ELO_PHO,73,Right,10031385,Elon,2025,347
"Garrelts, Christo",ELO_PHO,76,Right,10026648,Elon,2024,423
"Garrelts, Christo",ELO_PHO,76,Right,10026648,Elon,2025,131
" Reynolds, Cole",ELO_PHO,77,Left,1000099703,Elon,2023,75
"Reynolds, Cole",ELO_PHO,77,Left,1000099703,Elon,2023,74
"Corcoran, Tristan",ELO_PHO,74,Right,1000099705,Elon,2024,221
"Dabagian, Liam",ELO_PHO,72,Left,1000078765,Elon,2023,178
"Dabagian, Liam",ELO_PHO,72,Left,1000078765,Elon,2024,377
"Lavelle, Declan",ELO_PHO,73,Right,1000294734,Elon,2025,1126
"DiLella, Sam",ELO_PHO,74,Right,1000120336,Elon,2023,55
"Lintelman, Eric",ELO_PHO,70,Right,10106198,Elon,2025,35
"Haislip, Ethan",ELO_PHO,71,Right,1000050799,Elon,2024,18
"Hamilton, Kehler",ELO_PHO,74,Right,10294939,Elon,2025,62
"Krift, Hank",ELO_PHO,76,Right,10119230,Elon,2025,784
"Harris, Nic",ELO_PHO,76,Right,10050424,Elon,2025,107
"Narke, Hudson",ELO_PHO,71,Right,10109335,Elon,2024,397
"Narke, Hudson",ELO_PHO,71,Right,10109335,Elon,2025,549
"Williams, Isaac",ELO_PHO,74,Left,811724,Elon,2025,51
"Spinoza, Itai",ELO_PHO,69,Left,1000074573,Elon,2023,8
"Spinoza, Itai",ELO_PHO,69,Left,1000074573,Elon,2024,231
"Spinoza, Itai",ELO_PHO,69,Left,1000074573,Elon,2025,243
"Savino, Joe",ELO_PHO,75,Right,1000078761,Elon,2023,286
"Sprake, Joe",ELO_PHO,75,Right,1000055582,Elon,2023,60
"Johns, Tyler",ELO_PHO,74,Left,10149983,Elon,2024,161
"Johns, Tyler",ELO_PHO,74,Left,10149983,Elon,2025,8
"Mitrovich, Justin",ELO_PHO,75,Right,10033488,Elon,2023,242
"Mitrovich, Justin",ELO_PHO,75,Right,10033488,Elon,2024,962
"Mitrovich, Justin",ELO_PHO,75,Right,10033488,Elon,2025,1230
"Szestowicki, Justin",ELO_PHO,70,Right,695662,Elon,2024,33
"Pascarelli, Kolby",ELO_PHO,74,Left,808836,Elon,2024,330
"Staiano, Michael",ELO_PHO,75,LEFT,1000125203,Elon,2025,351
"Mitchell, Tommy",ELO_PHO,76,Left,10148767,Elon,2025,283
"Straniero, Nolan",ELO_PHO,74,Right,1000092966,Elon,2024,602
"Straniero, Nolan",ELO_PHO,74,Right,1000092966,Elon,2025,1032
"Nomura, Sam",ELO_PHO,71,Right,10074744,Elon,2023,50
"Nomura, Sam",ELO_PHO,71,Right,10074744,Elon,2024,408
"Nomura, Sam",ELO_PHO,71,Right,10074744,Elon,2025,439
"Ostrowski, Tate",ELO_PHO,73,Right,1000283744,Elon,2024,238
"Winebarger, Owen",ELO_PHO,74,Left,10093214,Elon,2025,292
"Sprock, Ryan",ELO_PHO,70,Right,1000115791,Elon,2023,140
"Sprock, Ryan",ELO_PHO,70,Right,1000115791,Elon,2024,539
"Sprock, Ryan",ELO_PHO,70,Right,1000115791,Elon,2025,269
"Sprague, Shea",ELO_PHO,75,Left,1000090809,Elon,2023,197
"Yaghoubi, Tank",ELO_PHO,70,Left,810955,Elon,2024,17
"Tiffan, Trey",ELO_PHO,75,Right,10109338,Elon,2024,42
"Bell, Ethan",EVA_ACE,73,Right,10009408,Evansville,2024,251
"Bell, Ethan",EVA_ACE,73,Right,10009408,Evansville,2025,143
"Blunt, Jarrett",EVA_ACE,74,Right,1000098143,Evansville,2023,599
"Byberg, Owen",EVA_ACE,72,Right,10046652,Evansville,2025,539
"Clevidence, Jack",EVA_ACE,72,Right,10151003,Evansville,2025,414
"Denu, Tyler",EVA_ACE,73,Left,1000078773,Evansville,2023,441
"Schultz, Donovan",EVA_ACE,75,Left,1000098099,Evansville,2023,887
"Schultz, Donovan",EVA_ACE,75,Left,1000098099,Evansville,2024,1175
"Hachem, Elias",EVA_ACE,80,Right,1000192868,Evansville,2024,70
"Hachem, Elias",EVA_ACE,76,Right,1000192868,Evansville,2025,45
"Roberts, Eric",EVA_ACE,74,Right,1000060003,Evansville,2023,83
"Hall, Kieren",EVA_ACE,74,Right,1000117317,Evansville,2023,121
"Hansmann, Max",EVA_ACE,72,Right,1000192871,Evansville,2023,398
"Hansmann, Max",EVA_ACE,73,Right,1000192871,Evansville,2024,565
"Hansmann, Max",EVA_ACE,73,Right,1000192871,Evansville,2025,637
"Hardman, Nate",EVA_ACE,74,Right,1000079875,Evansville,2023,459
"Harris, Shane",EVA_ACE,75,Right,1000050539,Evansville,2023,571
"Harris, Shane",EVA_ACE,75,Right,1000050539,Evansville,2024,1071
"Kressin, Jace",EVA_ACE,75,Left,1000078769,Evansville,2023,17
"Kressin, Jace",EVA_ACE,75,Left,1000078769,Evansville,2024,288
"Wills, Jack",EVA_ACE,69,Left,1000207765,Evansville,2025,285
"Mcghee, Jake",EVA_ACE,67,Left,1000091505,Evansville,2025,20
"Meyer, Jakob",EVA_ACE,74,Right,1000050523,Evansville,2023,429
"Meyer, Jakob",EVA_ACE,74,Right,1000050523,Evansville,2024,581
"MacCauley, John",EVA_ACE,72,Right,1000026678,Evansville,2023,388
"Parks, Michael",EVA_ACE,76,Left,1000059647,Evansville,2023,512
"Smith, Nick",EVA_ACE,77,Right,1000119311,Evansville,2023,825
"Smith, Nick",EVA_ACE,77,Right,1000119311,Evansville,2024,821
"Sandy, Sam",EVA_ACE,74,Left,10034226,Evansville,2025,146
"Barbarino, Joe",FDU_KNI,72,RIGHT,1000161287,FDU,2025,90
"Barrett, Ian",FDU_KNI,72,Right,1000119733,FDU,2024,29
"Barrett, Ian",FDU_KNI,72,Right,1000119733,FDU,2025,147
"Pika, Ben",FDU_KNI,76,Right,1000301556,FDU,2024,85
"Pika, Ben",FDU_KNI,76,Right,1000301556,FDU,2025,140
"Yadlon, Brian",FDU_KNI,74,Left,1000301557,FDU,2024,42
"Yadlon, Brian",FDU_KNI,74,Left,1000301557,FDU,2025,97
"Capps, Zac",FDU_KNI,75,Right,1000222179,FDU,2024,81
"Ceverino, Vladimir",FDU_KNI,76,Right,1000119920,FDU,2024,87
"Cheeseman, Jeremy",FDU_KNI,74,Right,10278669,FDU,2024,98
"Cheeseman, Jeremy",FDU_KNI,74,Right,10278669,FDU,2025,333
"Vida, Cole",FDU_KNI,70,Left,10074440,FDU,2024,36
"Vida, Cole",FDU_KNI,70,Left,10074440,FDU,2025,54
"Montelbano, Cooper",FDU_KNI,76,Right,1000197357,FDU,2025,92
"Edwardi, Dante",FDU_KNI,69,Right,1000301558,FDU,2024,57
"Diaz, Jason",FDU_KNI,73,Right,1000036966,FDU,2024,22
"Dudeck, Nate",FDU_KNI,76,Right,10111423,FDU,2024,30
"Rembish, Ethan",FDU_KNI,70,Right,1000119730,FDU,2025,51
"Feretic, Nicholas",FDU_KNI,71,Right,1000115231,FDU,2024,189
"Gardner, Patrick",FDU_KNI,71,,10016068,FDU,2023,43
"Gardner, Patrick",FDU_KNI,71,Left,10016068,FDU,2024,78
"Simon, Jake",FDU_KNI,69,Right,1000058977,FDU,2024,61
"Vlastaris, James",FDU_KNI,70,LEFT,1000301078,FDU,2025,134
"Kosowsky, Joey",FDU_KNI,71,Right,1000064587,FDU,2024,113
"Savinon, Jordan",FDU_KNI,73,Left,1000139769,FDU,2025,163
"Magdits, Logan",FDU_KNI,71,Right,1000283347,FDU,2025,106
"Noble, Nick",FDU_KNI,69,Right,1000397875,FDU,2025,155
"Proko, Stephen",FDU_KNI,70,Right,1000083580,FDU,2025,96
"Winter, Zach",FDU_KNI,71,Right,10137267,FDU,2025,46
"Valiente, Alejandro",FGCU,72,Right,10111871,FGCU,2023,117
"Valiente, Alejandro",FGCU,72,Right,10111871,FGCU,2024,153
"Ursitti, Anthony",FGCU,79,Right,1000052078,FGCU,2024,162
"Ursitti, Anthony",FGCU,76,Right,1000052078,FGCU,2025,297
"Pocol, Ashton",FGCU,74,Right,1000302073,FGCU,2025,429
"Baisley, Logan",FGCU,76,Right,10117774,FGCU,2025,151
"Rabinowitz, Benji",FGCU,73,Left,1000217890,FGCU,2023,10
"Bozenhard, Ryland",FGCU,72,Right,10096405,FGCU,2024,218
"Bozenhard, Ryland",FGCU,72,Right,10096405,FGCU,2025,449
"Bunz, Jake",FGCU,79,Left,1000093466,FGCU,2024,319
"Bye, Cameron",FGCU,73,Right,694451,FGCU,2024,603
"Chantres, Lucas",FGCU,72,Left,824674,FGCU,2025,40
"Kriebel, Chase",FGCU,73,Left,10035978,FGCU,2023,216
"Kriebel, Chase",FGCU,73,Left,10035978,FGCU,2024,416
"Kriebel, Chase",FGCU,73,Left,10035978,FGCU,2025,386
"Cheeley, Dylan",FGCU,78,Right,826155,FGCU,2025,264
"Diaz, Chris",FGCU,73,Right,804164,FGCU,2025,562
"O'Hara, Connor",FGCU,74,Right,1000036031,FGCU,2023,202
"O'Hara, Connor",FGCU,74,Right,1000036031,FGCU,2024,112
"Crum, Derek",FGCU,72,Left,687007,FGCU,2024,324
"Robinson, Dalton",FGCU,79,Left,1000051212,FGCU,2024,46
"Garcia, Davian",FGCU,74,Right,1000180122,FGCU,2024,414
"Dempsey, Evan",FGCU,74,Right,1000115341,FGCU,2024,89
"Dempsey, Evan",FGCU,74,Right,1000115341,FGCU,2025,471
"Wolff, Dylan",FGCU,72,Right,10061245,FGCU,2024,99
"Eldem, Levent",FGCU,79,Right,1000112656,FGCU,2025,220
"Mattison, Ethan",FGCU,74,Left,10106491,FGCU,2025,236
"Giannoni, Leo",FGCU,74,Right,1000098663,FGCU,2025,201
"Haberstock, William",FGCU,75,Right,1000066722,FGCU,2023,145
"Haberstock, William",FGCU,75,Right,1000066722,FGCU,2024,99
"Hartman, Lucas",FGCU,72,Right,807507,FGCU,2024,467
"Henschel, Justin",FGCU,75,Right,1000235187,FGCU,2023,285
"Henschel, Justin",FGCU,75,Right,1000235187,FGCU,2024,510
"Henschel, Justin",FGCU,75,Right,1000235187,FGCU,2025,158
"Possehl, Hunter",FGCU,79,Left,1000146255,FGCU,2025,249
"Woodward, Jackson",FGCU,71,Right,1000082340,FGCU,2023,52
"Lojewski, Jacob",FGCU,70,Right,1000051223,FGCU,2023,38
"Woodward, Jason",FGCU,73,Right,1000075817,FGCU,2023,56
"Vera, Jordan",FGCU,74,Right,701355,FGCU,2025,446
"Kavanaugh, Matt",FGCU,76,Left,1000081190,FGCU,2024,195
"McDonough, LJ",FGCU,76,Right,1000101695,FGCU,2023,199
"Love, Nick",FGCU,73,Right,1000122529,FGCU,2023,218
"Love, Nick",FGCU,73,Right,1000122529,FGCU,2024,510
"Miller, Mason",FGCU,75,Left,1000075825,FGCU,2023,97
"Meeks, Mattox",FGCU,76,Right,1000114539,FGCU,2025,63
"Rippl, Max ",FGCU,73,Right,1000054128,FGCU,2023,159
"Rogers, Preston",FGCU,73,Right,10063475,FGCU,2025,339
"Tipton, Tyler",FGCU,73,Right,1000058711,FGCU,2023,100
"Alwine, Evan",FLO_PAN,77,Right,824673,FIU,2024,271
"Alwine, Evan",FLO_PAN,77,Right,824673,FIU,2025,26
"Ildefonso, Andrew",FLO_PAN,73,Right,10074340,FIU,2025,130
"Tiburcio, Angel",FLO_PAN,75,RIGHT,10019009,FIU,2023,217
"Bishop, Jaydon",FLO_PAN,72,Left,807525,FIU,2024,309
"Bishop, Jaydon",FLO_PAN,72,Left,807525,FIU,2025,511
"Pazos, Bryan",FLO_PAN,71,Left,1000052100,FIU,2023,37
"Greene, Bryce",FLO_PAN,74,Right,824662,FIU,2024,263
"Greene, Bryce",FLO_PAN,75,Right,824662,FIU,2025,157
"Turner, Bryce",FLO_PAN,79,Right,10162493,FIU,2025,239
"Cabarcas, Ryan",FLO_PAN,70,Left,1000013057,FIU,2023,135
"Cabarcas, Ryan",FLO_PAN,70,Left,1000013057,FIU,2024,690
"Clines, Cameron",FLO_PAN,75,RIGHT,1000077217,FIU,2024,12
"Knox, Cameron",FLO_PAN,73,Right,1000100086,FIU,2023,193
"Knox, Cameron",FLO_PAN,73,Right,1000100086,FIU,2024,549
"Cameron, Tracen",FLO_PAN,71,Right,824659,FIU,2025,595
"Chenier, Evan",FLO_PAN,77,RIGHT,1000113080,FIU,2023,126
"Santana, Christian",FLO_PAN,75,RIGHT,1000099844,FIU,2023,60
"McAuliff, Daniel",FLO_PAN,74,Right,1000125736,FIU,2023,86
"Mcauliff, Daniel",FLO_PAN,74,Right,1000125736,FIU,2023,37
"Eckaus, David",FLO_PAN,72,Left,1000093786,FIU,2023,54
"Eckaus, David",FLO_PAN,72,Left,1000093786,FIU,2024,504
"Eckaus, David",FLO_PAN,72,Left,1000093786,FIU,2025,468
"Dietrich, Tristan",FLO_PAN,76,Left,1000298939,FIU,2024,82
"Dietrich, Tristan",FLO_PAN,76,Left,1000298939,FIU,2025,255
"Marks, Easton",FLO_PAN,73,Right,1000115777,FIU,2025,1166
"Fernandez, Mario",FLO_PAN,71,Right,1000099841,FIU,2023,14
"Haarer, Toby",FLO_PAN,72,Right,809677,FIU,2025,106
"Hernandez, Orlando",FLO_PAN,71,Right,1000052217,FIU,2023,102
"Hernandez, Orlando",FLO_PAN,72,Right,1000052217,FIU,2024,597
"Stanberry, Imarion",FLO_PAN,76,Right,1000254686,FIU,2025,113
"Ritchey, Jackson",FLO_PAN,77,Right,1000070047,FIU,2023,91
"Ritchey, Jackson",FLO_PAN,77,Right,1000070047,FIU,2024,626
"Woodward, Jarek",FLO_PAN,75,Right,828463,FIU,2025,670
"Pineiro, Joel",FLO_PAN,72,Right,801897,FIU,2024,869
"Pinerio, Joel",FLO_PAN,73,RIGHT,1000125714,FIU,2023,25
"Mlodzinski, Julian",FLO_PAN,74,Right,1000217725,FIU,2025,342
"Martin, Kevin",FLO_PAN,74,Right,1000125722,FIU,2023,176
"Martin, Kevin",FLO_PAN,74,Right,687703,FIU,2024,516
"Martin, Kevin",FLO_PAN,74,Right,687703,FIU,2025,623
"Lampton, Zac",FLO_PAN,76,Left,1000051920,FIU,2023,72
"Lampton, Zac",FLO_PAN,76,Left,1000051920,FIU,2024,743
"Runde, Logan",FLO_PAN,73,Right,1000298937,FIU,2024,533
"Runde, Logan",FLO_PAN,73,Right,824669,FIU,2025,837
"Voelz, Logan",FLO_PAN,73,Right,1000107842,FIU,2025,75
"Puk, Owen",FLO_PAN,76,Right,1000110140,FIU,2024,488
"Puk, Owen",FLO_PAN,77,Right,1000110140,FIU,2025,590
"Pena, Richie",FLO_PAN,74,Right,1000099857,FIU,2023,189
"Pena, Richie",FLO_PAN,74,Right,1000099857,FIU,2024,395
"Reyerson, Ryan",FLO_PAN,75,Left,811703,FIU,2025,128
"Tucker, Shane",FLO_PAN,71,Right,801946,FIU,2025,79
"Colagrande, Aidan",FAI_STA,73,Left,10120828,Fairfield,2023,30
"Colagrande, Aidan",FAI_STA,73,Left,10120828,Fairfield,2024,35
"Alekson, Ben",FAI_STA,74,Right,10138563,Fairfield,2024,120
"Alekson, Ben",FAI_STA,74,Right,10138563,Fairfield,2025,303
"Baker, Bowen",FAI_STA,74,Left,1000121071,Fairfield,2023,26
"Baker, Bowen",FAI_STA,74,Left,823797,Fairfield,2024,227
"Baker, Bowen",FAI_STA,74,Left,823797,Fairfield,2025,287
"Berta, Evan",FAI_STA,69,Left,1000121074,Fairfield,2023,9
"Berta, Evan",FAI_STA,69,Left,1000121074,Fairfield,2024,24
"Fitzgerald, Billy ",FAI_STA,77,Left,1000078783,Fairfield,2023,29
"Helmstetter, Blake",FAI_STA,67,Left,1000103254,Fairfield,2024,231
"Helmstetter, Blake",FAI_STA,67,Left,1000103254,Fairfield,2025,181
"Buckley, Bo",FAI_STA,70,Right,1000142866,Fairfield,2023,33
"Buckley, Bo",FAI_STA,70,Right,1000142866,Fairfield,2024,94
"Miller, Brendon",FAI_STA,75,Left,1000397636,Fairfield,2025,195
"McVeigh, Colin",FAI_STA,72,Right,1000121072,Fairfield,2023,282
"McVeigh, Colin",FAI_STA,72,Right,1000121072,Fairfield,2024,250
"Tolis, Emmett",FAI_STA,80,Right,10020326,Fairfield,2023,22
"Tolis, Emmett",FAI_STA,80,Right,10020326,Fairfield,2024,40
"Erbeck, Jack",FAI_STA,75,Right,1000052041,Fairfield,2023,177
"Erbeck, Jack",FAI_STA,75,Right,1000052041,Fairfield,2024,85
"Erbeck, Ricky",FAI_STA,72,Right,10025814,Fairfield,2023,14
"Erbeck, Ricky",FAI_STA,72,Right,10025814,Fairfield,2025,101
"Fox, Will",FAI_STA,75,Right,1000233628,Fairfield,2025,58
"Grabmann, Matthew",FAI_STA,73,Right,692153,Fairfield,2025,214
"Smeltzer, Grant",FAI_STA,71,Right,10026333,Fairfield,2023,25
"Smeltzer, Grant",FAI_STA,71,Right,10026333,Fairfield,2024,9
"Smeltzer, Grant",FAI_STA,71,Right,10026333,Fairfield,2025,103
"Sheldon, Jack",FAI_STA,75,Right,10126466,Fairfield,2025,292
"Memoli, Jake",FAI_STA,70,Right,1000181982,Fairfield,2023,57
"Memoli, Jake",FAI_STA,70,Right,1000181982,Fairfield,2024,28
"Memoli, Jake",FAI_STA,72,Right,1000181982,Fairfield,2025,102
"Noviello, Jake",FAI_STA,77,Right,1000056236,Fairfield,2023,191
"Mulvaney, Jimmy",FAI_STA,73,Right,10109628,Fairfield,2025,69
"Kalfas, Matt",FAI_STA,72,Left,10132403,Fairfield,2025,27
"Kell, Kevin",FAI_STA,73,Right,206382,Fairfield,2023,91
"Kell, Kevin",FAI_STA,74,Right,10319698,Fairfield,2024,100
"Kell, Kevin",FAI_STA,74,Right,10319698,Fairfield,2025,155
"Lesler, Kyle",FAI_STA,71,Right,1000209247,Fairfield,2024,128
"Lesler, Kyle",FAI_STA,71,Right,1000209247,Fairfield,2025,138
"Marshall, Luke",FAI_STA,76,Right,1000132324,Fairfield,2023,30
"Maiorano, Ryan",FAI_STA,73,Right,10103442,Fairfield,2024,34
"Ostensen, Peter",FAI_STA,74,Right,10019558,Fairfield,2023,204
"Ostensen, Peter",FAI_STA,74,Right,10019558,Fairfield,2024,108
"Phillips, Peter",FAI_STA,73,Right,1000132345,Fairfield,2024,69
"Phillips, Peter",FAI_STA,73,Right,1000132345,Fairfield,2025,195
"Smith, Ryan",FAI_STA,68,Left,1000056911,Fairfield,2023,27
"Youngman, Will",FAI_STA,74,Left,10063687,Fairfield,2025,85
"Abbey, Zach",FAU_OWL,77,Left,1000238351,Fla. Atlantic,2024,21
"Adetuyi, Kide",FAU_OWL,73,Left,824786,Fla. Atlantic,2025,79
"Andrews, Steven",FAU_OWL,75,Right,803109,Fla. Atlantic,2024,144
"Andrews, Steven",FAU_OWL,75,Right,803109,Fla. Atlantic,2025,177
"Ball, Dawson",FAU_OWL,72,Right,1000120796,Fla. Atlantic,2023,52
"Ball, Dawson",FAU_OWL,72,Right,1000120796,Fla. Atlantic,2024,162
"Ball, Dawson",FAU_OWL,72,Right,1000120796,Fla. Atlantic,2025,48
"Beard, Trey",FAU_OWL,74,Left,804295,Fla. Atlantic,2024,399
"Beard, Trey",FAU_OWL,74,Left,804295,Fla. Atlantic,2025,481
"Beaty, Kyle",FAU_OWL,72,Right,803070,Fla. Atlantic,2024,61
"Gilbert, Ben",FAU_OWL,71,Left,703790,Fla. Atlantic,2024,76
"Bollinger, MJ",FAU_OWL,72,Right,1000146476,Fla. Atlantic,2025,247
"Boully, Bryan",FAU_OWL,74,Right,1000074735,Fla. Atlantic,2023,15
"Boully, Bryan",FAU_OWL,74,Right,1000074735,Fla. Atlantic,2024,65
"Ostrander, Braden",FAU_OWL,73,Right,1000120797,Fla. Atlantic,2023,55
"Ostrander, Braden",FAU_OWL,73,Right,805271,Fla. Atlantic,2024,130
"Ostrander, Braden",FAU_OWL,73,Right,805271,Fla. Atlantic,2025,95
"Smith, Brandon",FAU_OWL,74,Right,1000013173,Fla. Atlantic,2023,54
"Smith, Brandon",FAU_OWL,74,Right,687516,Fla. Atlantic,2024,316
"Buckler, Ryan",FAU_OWL,73,Right,824014,Fla. Atlantic,2025,71
"Holjes, Carter",FAU_OWL,78,Right,823981,Fla. Atlantic,2025,199
"Williams, Cj",FAU_OWL,70,Right,10017394,Fla. Atlantic,2023,331
"Williams, Cj",FAU_OWL,70,Right,10017394,Fla. Atlantic,2024,257
"Cooley, Hunter ",FAU_OWL,75,Left,1000055074,Fla. Atlantic,2023,267
"Trehey, Danny",FAU_OWL,76,Right,1000161597,Fla. Atlantic,2023,28
"Trehey, Danny",FAU_OWL,76,Right,1000161597,Fla. Atlantic,2024,163
"DeGusipe, Marc",FAU_OWL,73,Left,1000035690,Fla. Atlantic,2023,11
"Del Prado, Nicholas",FAU_OWL,74,Right,1000052109,Fla. Atlantic,2023,165
"Del Prado, Nicholas",FAU_OWL,74,Right,694569,Fla. Atlantic,2024,121
"Drumheller, Sam",FAU_OWL,70,Left,1000052424,Fla. Atlantic,2023,107
"Drumheller, Sam",FAU_OWL,70,Left,824781,Fla. Atlantic,2024,124
"Oborne, Dylan",FAU_OWL,75,Right,1000223002,Fla. Atlantic,2023,53
"Oborne, Dylan",FAU_OWL,75,Right,1000223002,Fla. Atlantic,2024,18
"Oborne, Dylan",FAU_OWL,75,Right,805941,Fla. Atlantic,2025,9
"Waterbor, Evan",FAU_OWL,72,Left,1000078844,Fla. Atlantic,2023,27
"Gay, Justin",FAU_OWL,79,Right,1000301574,Fla. Atlantic,2024,43
"Josey, Jacob ",FAU_OWL,73,Right,1000055063,Fla. Atlantic,2023,208
"Litman, James",FAU_OWL,72,Right,1000164328,Fla. Atlantic,2025,295
"Kilby, Zach",FAU_OWL,77,Left,1000096565,Fla. Atlantic,2025,303
"Martzolf, Max",FAU_OWL,73,Left,1000120798,Fla. Atlantic,2023,22
"Martzolf, Max",FAU_OWL,73,Left,824782,Fla. Atlantic,2024,122
"Martzolf, Max",FAU_OWL,73,Left,824782,Fla. Atlantic,2025,111
"Murphy, Tyler",FAU_OWL,73,Right,10062906,Fla. Atlantic,2023,136
"Murphy, Tyler",FAU_OWL,73,Right,804805,Fla. Atlantic,2024,236
"Murphy, Tyler",FAU_OWL,73,Right,804805,Fla. Atlantic,2025,328
"Wimberly, Nick",FAU_OWL,72,Right,826829,Fla. Atlantic,2025,21
"Witmer, Reilly",FAU_OWL,76,Right,1000072896,Fla. Atlantic,2025,45
"Wegielnik, Robert",FAU_OWL,72,Right,1000080745,Fla. Atlantic,2023,220
"Abner, Philip",FLA_GAT,73,Left,1000047749,Florida,2023,223
"King, Aidan",FLA_GAT,74,Right,10118648,Florida,2025,1040
"Philpott, Alex",FLA_GAT,77,Right,1000266839,Florida,2024,142
"Philpott, Alex",FLA_GAT,78,Right,1000266839,Florida,2025,674
"Ursitti, Anthony",FLA_GAT,76,Right,1000052078,Florida,2023,16
"Arroyo, Chris",FLA_GAT,74,Left,1000102826,Florida,2023,59
"Barberi, Jackson",FLA_GAT,76,Right,1000336962,Florida,2025,579
"Barlow, Billy",FLA_GAT,74,Right,701775,Florida,2025,733
"Biemiller, McCall",FLA_GAT,74,Left,1000107841,Florida,2025,313
"Rowland, Blaine",FLA_GAT,75,Right,1000102893,Florida,2025,82
"Purnell, Blake",FLA_GAT,75,Right,1000036034,Florida,2023,93
"Purnell, Blake",FLA_GAT,75,Right,1000036034,Florida,2024,89
"Neely, Brandon",FLA_GAT,75,Right,1000091397,Florida,2023,239
"Neely, Brandon",FLA_GAT,75,Right,1000091397,Florida,2024,707
"Sproat, Brandon",FLA_GAT,75,Right,1000035863,Florida,2023,596
"McDonald, Caden",FLA_GAT,75,Right,1000115930,Florida,2025,521
"Fisher, Cade",FLA_GAT,76,Left,90000222641,Florida,2023,197
"Fisher, Cade",FLA_GAT,76,Left,90000222641,Florida,2024,391
"Caglianone, Jac",FLA_GAT,77,Left,1000092909,Florida,2023,421
"Caglianone, Jac",FLA_GAT,77,Left,1000092909,Florida,2024,702
"Montsdeoca, Carson",FLA_GAT,75,Right,813961,Florida,2025,152
"Rodriguez, Christian",FLA_GAT,72,Right,1000306470,Florida,2025,335
"Clemente, Jake",FLA_GAT,75,Right,1000102838,Florida,2024,309
"Clemente, Jake",FLA_GAT,75,Right,701361,Florida,2025,835
"Hartzog, Clete",FLA_GAT,72,Right,1000097067,Florida,2023,20
"Coppola, Pierce",FLA_GAT,80,Left,1000092910,Florida,2024,326
"Coppola, Pierce",FLA_GAT,80,Left,695518,Florida,2025,248
"Ong, Felix",FLA_GAT,76,Right,813948,Florida,2025,57
"Ficarrotta, Nick",FLA_GAT,75,Right,1000057896,Florida,2023,165
"Jameson, Fisher",FLA_GAT,77,Right,1000078020,Florida,2023,56
"Jameson, Fisher",FLA_GAT,77,Right,701404,Florida,2024,499
"Menendez, Frank",FLA_GAT,73,Left,1000091674,Florida,2024,211
"Menendez, Frank",FLA_GAT,73,Left,1000091674,Florida,2025,119
"Gomberg, Jacob",FLA_GAT,70,Left,1000091542,Florida,2025,43
"Smith, Grayson",FLA_GAT,74,Right,10284095,Florida,2024,168
"Waldrep, Hurston",FLA_GAT,74,Right,1000069417,Florida,2023,575
"Janssens, Niko",FLA_GAT,76,Left,10106395,Florida,2025,153
"Jenkins, Matthew",FLA_GAT,78,Right,10130583,Florida,2025,295
"Peterson, Liam",FLA_GAT,77,Right,1000295781,Florida,2024,564
"Peterson, Liam",FLA_GAT,77,Right,1000295781,Florida,2025,1056
"Mcneillie, Luke",FLA_GAT,75,Right,1000179123,Florida,2024,272
"Mcneillie, Luke",FLA_GAT,75,Right,1000179123,Florida,2025,271
"McNeillie, Luke",FLA_GAT,75,Right,703667,Florida,2025,522
"Nesbitt, Tyler",FLA_GAT,75,Right,1000036963,Florida,2023,175
"Witmer, Reilly",FLA_GAT,76,Right,1000072896,Florida,2024,24
"Satin, Robert",FLA_GAT,75,Left,10132129,Florida,2024,33
"Slater, Ryan",FLA_GAT,75,Right,1000075826,Florida,2023,173
"Slater, Ryan",FLA_GAT,75,Right,1000075826,Florida,2024,381
"Ginther, Andrew",FLO_RAT,70,Right,822441,Florida A&M,2024,60
"Pacheco, Blake",FLO_RAT,73,Right,822438,Florida A&M,2024,36
"Pacheco, Blake",FLO_RAT,73,Right,822438,Florida A&M,2025,90
"Walker, Brandon",FLO_RAT,73,Right,1000013225,Florida A&M,2025,23
"Sims, Brent",FLO_RAT,72,Right,807225,Florida A&M,2025,45
"Poppell, Broedy",FLO_RAT,71,Right,1000120835,Florida A&M,2023,65
"Granger, Caleb",FLO_RAT,71,Right,1000130496,Florida A&M,2023,28
"Granger, Caleb",FLO_RAT,71,Right,809404,Florida A&M,2025,97
"Kelly, Cameron",FLO_RAT,72,Right,1000101930,Florida A&M,2023,94
"Kelly, Cameron",FLO_RAT,72,Right,809403,Florida A&M,2024,2
"King, Cameron",FLO_RAT,73,Right,831255,Florida A&M,2025,33
"Campa, Jesus",FLO_RAT,74,Right,831257,Florida A&M,2025,25
"Kelly, Carson",FLO_RAT,72,Left,822445,Florida A&M,2024,2
"Kelly, Carson",FLO_RAT,72,Left,822445,Florida A&M,2025,145
"Williams, Cody",FLO_RAT,73,Right,822443,Florida A&M,2024,42
"Williams, Cody",FLO_RAT,73,Right,822443,Florida A&M,2025,123
"Crews, Justen",FLO_RAT,73,Right,1000123343,Florida A&M,2025,21
"Tease, Dallas",FLO_RAT,71,Right,1000064379,Florida A&M,2023,88
"Tease, Dallas",FLO_RAT,71,Right,800645,Florida A&M,2024,219
"Tease, Dallas",FLO_RAT,71,Right,800645,Florida A&M,2025,31
"Dunbar, Tyler",FLO_RAT,71,Right,1000120384,Florida A&M,2023,4
"Garner, JD",FLO_RAT,77,Right,822444,Florida A&M,2025,34
"Green, Garrett",FLO_RAT,72,Left,1000060908,Florida A&M,2023,15
"Workman, Garrett",FLO_RAT,74,Left,804205,Florida A&M,2025,167
"Harrison, Grant",FLO_RAT,70,Right,1000213859,Florida A&M,2023,103
"Harrison, Grant",FLO_RAT,70,Right,1000213859,Florida A&M,2024,24
"Hanselman, Trevor",FLO_RAT,70,Right,701427,Florida A&M,2025,162
"Townsend, Jared",FLO_RAT,72,Left,1000167985,Florida A&M,2023,55
"Scragg, Josh",FLO_RAT,67,Left,1000118953,Florida A&M,2023,20
"Scragg, Josh",FLO_RAT,67,Left,809408,Florida A&M,2024,129
"Lopez, Justin",FLO_RAT,72,Right,1000307625,Florida A&M,2025,9
"Sharpton, Logan",FLO_RAT,76,Left,822448,Florida A&M,2024,44
"Morea, Zach",FLO_RAT,74,Right,1000078819,Florida A&M,2023,18
"Spry, Nicholas",FLO_RAT,76,Right,807243,Florida A&M,2025,22
"Wagner, Raylan",FLO_RAT,74,Right,1000099688,Florida A&M,2023,159
"Wagner, Raylan",FLO_RAT,74,Right,1000099688,Florida A&M,2024,128
"Young, Ryan",FLO_RAT,69,Right,822447,Florida A&M,2025,107
"Walker, Tanner",FLO_RAT,74,Right,807473,Florida A&M,2024,77
"Abraham, John",FLO_SEM,75,Right,1000146335,Florida St.,2024,476
"Abraham, John",FLO_SEM,75,Right,1000146335,Florida St.,2025,661
"Armstrong, Andrew",FLO_SEM,74,Left,1000051594,Florida St.,2023,791
"Armstrong, Andrew",FLO_SEM,74,Left,803262,Florida St.,2024,584
"Arnold, Jamie",FLO_SEM,73,Left,1000097651,Florida St.,2023,734
"Arnold, Jamie",FLO_SEM,73,Left,701364,Florida St.,2024,1529
"Arnold, Jamie",FLO_SEM,73,Left,701364,Florida St.,2025,1105
"Barfield, Brett",FLO_SEM,74,Left,1000064235,Florida St.,2023,58
"Barrett, Ben",FLO_SEM,76,Right,1000064480,Florida St.,2023,227
"Barrett, Ben",FLO_SEM,76,Right,701386,Florida St.,2024,176
"Barrett, Ben",FLO_SEM,76,Right,701386,Florida St.,2025,247
"Barrett, David",FLO_SEM,72,Right,1000036004,Florida St.,2023,250
"Barrett, David",FLO_SEM,72,Right,803263,Florida St.,2025,15
"Baumeister, Jackson",FLO_SEM,76,Right,1000035975,Florida St.,2023,1146
"Louck, Brady",FLO_SEM,70,Left,822633,Florida St.,2024,349
"Louck, Brady",FLO_SEM,70,Left,822633,Florida St.,2025,184
"Walker, Brandon",FLO_SEM,73,Right,1000013225,Florida St.,2023,178
"Oxford, Brennen",FLO_SEM,74,Left,1000049354,Florida St.,2023,440
"Oxford, Brennen",FLO_SEM,74,Left,1000049354,Florida St.,2024,845
"Leiter, Cam",FLO_SEM,77,Right,1000241964,Florida St.,2024,629
"Dorsey, Carson",FLO_SEM,74,Left,805955,Florida St.,2024,954
"Montgomery, Carson",FLO_SEM,75,Right,691000,Florida St.,2023,780
"Charles, Joe",FLO_SEM,76,Right,683087,Florida St.,2024,459
"Charles, Joe",FLO_SEM,76,Right,683087,Florida St.,2025,474
"Chrest, Evan",FLO_SEM,72,Right,805971,Florida St.,2025,162
"Knier, Chris",FLO_SEM,71,Right,10032546,Florida St.,2025,462
"Whittaker, Conner",FLO_SEM,72,Right,1000036001,Florida St.,2023,1159
"Whittaker, Conner",FLO_SEM,72,Right,701422,Florida St.,2024,737
"Hults, Connor",FLO_SEM,71,Left,808550,Florida St.,2024,432
"Hults, Connor",FLO_SEM,71,Left,808550,Florida St.,2025,91
"Crowell, Wyatt",FLO_SEM,72,Left,1000051409,Florida St.,2023,329
"Denison, Ryan",FLO_SEM,76,Right,1000097654,Florida St.,2023,302
"Denison, Ryan",FLO_SEM,76,Right,701340,Florida St.,2024,88
"Kirkland, Doug",FLO_SEM,71,Right,1000051417,Florida St.,2023,567
"Flowers, Drake",FLO_SEM,76,Right,1000102994,Florida St.,2023,51
"Greaney, Nick",FLO_SEM,78,Right,1000112106,Florida St.,2025,50
"Rowan, Hudson",FLO_SEM,73,Left,807303,Florida St.,2024,294
"Rowan, Hudson",FLO_SEM,73,Left,807303,Florida St.,2025,171
"Marlowe, Jacob",FLO_SEM,72,Left,803272,Florida St.,2025,137
"Stockton, Jaden",FLO_SEM,77,Right,10022980,Florida St.,2023,67
"Volini, Joey",FLO_SEM,76,Left,804123,Florida St.,2025,1039
"Tejeda Jr., Yoel",FLO_SEM,80,Right,1000140613,Florida St.,2024,272
"Manca, Payton",FLO_SEM,78,Left,815036,Florida St.,2025,390
"Sauser, Matt",FLO_SEM,75,Right,806482,Florida St.,2024,178
"Mendes, Wes",FLO_SEM,73,Left,1000097662,Florida St.,2025,1054
"Short, Noah",FLO_SEM,73,Right,1000073268,Florida St.,2024,340
"Prescott, Peyton",FLO_SEM,72,Right,1000209015,Florida St.,2025,520
"Dowd, Aidan",FOR_RAM,73,Right,10327100,Fordham,2024,160
"Dowd, Aidan",FOR_RAM,73,Right,1000142838,Fordham,2025,830
"Casarella, Alex",FOR_RAM,71,Right,1000119554,Fordham,2025,20
"Hasan, Ameer",FOR_RAM,70,Left,1000367089,Fordham,2025,324
"Perez, Andres",FOR_RAM,75,Right,1000312142,Fordham,2024,157
"Perez, Andres",FOR_RAM,75,Right,1000312142,Fordham,2025,175
"Scarlata, Anthony",FOR_RAM,71,Right,1000119555,Fordham,2023,11
"Scarlata, Anthony",FOR_RAM,71,Right,1000119555,Fordham,2025,203
"Berg, Aric",FOR_RAM,73,Right,1000177598,Fordham,2023,304
"Berg, Aric",FOR_RAM,73,Right,1000177598,Fordham,2024,325
"Berg, Aric",FOR_RAM,73,Right,1000177598,Fordham,2025,137
"Sachen, Austin",FOR_RAM,76,Left,1000167681,Fordham,2023,797
"Elson, Beau",FOR_RAM,73,Left,10272962,Fordham,2025,725
"Brady, Gannon",FOR_RAM,74,Right,1000119562,Fordham,2023,129
"Brady, Gannon",FOR_RAM,74,Right,1000119562,Fordham,2024,40
"Brady, Gannon",FOR_RAM,74,Right,1000119562,Fordham,2025,296
"Lofgren, Brixton",FOR_RAM,72,Right,1000146016,Fordham,2024,58
"Swaim, Carson",FOR_RAM,69,Right,10324407,Fordham,2025,33
"Hanawalt, Chase",FOR_RAM,74,Right,1000367090,Fordham,2025,541
"Sahler, Cian",FOR_RAM,70,Left,1000133997,Fordham,2024,36
"Clark, Jack",FOR_RAM,76,Right,1000298941,Fordham,2025,89
"Haywood, Connor",FOR_RAM,74,Right,1000119560,Fordham,2023,268
"Haywood, Connor",FOR_RAM,74,Right,1000119560,Fordham,2024,182
"Haywood, Connor",FOR_RAM,74,Right,1000119560,Fordham,2025,278
"Lavelle, Declan",FOR_RAM,73,Right,1000100088,Fordham,2023,520
"Lavelle, Declan",FOR_RAM,73,Right,1000100088,Fordham,2024,475
"Reilly-Bell, Diego",FOR_RAM,74,Right,10118998,Fordham,2025,70
"Egan, Ryan",FOR_RAM,74,Right,10070151,Fordham,2023,180
"Egan, Ryan",FOR_RAM,74,Right,10070151,Fordham,2025,229
"Karslo, Gabe",FOR_RAM,74,Right,1000054080,Fordham,2023,439
"Hoffman, Peter",FOR_RAM,72,Right,0,Fordham,2023,22
"Hughes, Nolan",FOR_RAM,77,Left,10015803,Fordham,2023,615
"Redick, James",FOR_RAM,74,Right,10069940,Fordham,2025,29
"Rodarte, Jordan",FOR_RAM,75,Right,10138918,Fordham,2025,301
"Reum, Kai",FOR_RAM,71,Right,1000213098,Fordham,2024,114
"Karson, Zach",FOR_RAM,74,Left,1000146691,Fordham,2024,26
"Karson, Zach",FOR_RAM,74,Left,1000146691,Fordham,2025,308
"Smith, Koen",FOR_RAM,76,Right,10147192,Fordham,2024,241
"Smith, Koen",FOR_RAM,76,Right,10147192,Fordham,2025,375
"Maeker, Trey",FOR_RAM,74,Left,1000100085,Fordham,2023,113
"Maeker, Trey",FOR_RAM,74,Left,1000100085,Fordham,2024,44
"Rabayda, Mike",FOR_RAM,74,Right,1000367093,Fordham,2025,919
"Rusher, Nate",FOR_RAM,75,Right,10064652,Fordham,2023,45
"Scott, Nate",FOR_RAM,70,Right,1000167164,Fordham,2023,503
"Scott, Nate",FOR_RAM,70,Right,822467,Fordham,2024,49
"Stewart, Robbie",FOR_RAM,74,Right,1000119564,Fordham,2023,20
"Stewart, Robbie",FOR_RAM,74,Right,1000119564,Fordham,2024,193
"Stewart, Robbie",FOR_RAM,74,Right,1000119564,Fordham,2025,647
"Simeone, William",FOR_RAM,81,Right,1000168332,Fordham,2023,261
"Acosta, Jaykob",FRE_BUL,74,Right,1000084578,Fresno St.,2023,132
"Acosta, Jaykob",FRE_BUL,74,Right,804753,Fresno St.,2024,516
"Cremarosa, Aidan",FRE_BUL,75,Right,1000115467,Fresno St.,2023,18
"Cremarosa, Aidan",FRE_BUL,75,Right,809093,Fresno St.,2024,530
"Cremarosa, Aidan",FRE_BUL,75,Right,809093,Fresno St.,2025,1158
"Anderson, Caleb",FRE_BUL,77,Right,1000091732,Fresno St.,2024,171
"Anderson, Caleb",FRE_BUL,77,Right,1000091732,Fresno St.,2025,423
"Angelo, Roman",FRE_BUL,77,Right,1000054499,Fresno St.,2023,291
"Anker, Jack",FRE_BUL,74,Right,1000174663,Fresno St.,2023,139
"Anker, Jack",FRE_BUL,74,Right,804985,Fresno St.,2024,481
"Anker, Jack",FRE_BUL,74,Right,804985,Fresno St.,2025,1237
"Armstrong, Bryce",FRE_BUL,76,Left,1000114024,Fresno St.,2023,162
"Armstrong, Bryce",FRE_BUL,76,Left,809102,Fresno St.,2024,442
"Armstrong, Bryce",FRE_BUL,76,Left,809102,Fresno St.,2025,552
"Arreola, Victor",FRE_BUL,71,Right,1000120301,Fresno St.,2023,100
"Arreola, Victor",FRE_BUL,72,Right,809107,Fresno St.,2024,490
"Arreola, Victor",FRE_BUL,72,Right,809107,Fresno St.,2025,120
"Beal, Noah",FRE_BUL,76,Right,1000068742,Fresno St.,2024,847
"Bergman, Cooper",FRE_BUL,74,Right,809113,Fresno St.,2024,86
"Bergman, Cooper",FRE_BUL,74,Right,809113,Fresno St.,2025,279
"Rodriguez, BJ",FRE_BUL,71,Left,1000363973,Fresno St.,2025,242
"Revay, Carson",FRE_BUL,76,Left,809111,Fresno St.,2024,58
"Crews, Hayden",FRE_BUL,76,Right,1000265245,Fresno St.,2025,409
"Dixon, Jake",FRE_BUL,76,Left,689993,Fresno St.,2023,174
"Dixon, Jake",FRE_BUL,76,Left,689993,Fresno St.,2024,931
"Townson, Drew",FRE_BUL,72,Right,1000262908,Fresno St.,2025,432
"Galang, Jared",FRE_BUL,72,Right,1000238597,Fresno St.,2025,265
"Garcia, Trevor",FRE_BUL,72,Right,1000120298,Fresno St.,2023,185
"Sinfield, Garrett",FRE_BUL,73,Left,10132261,Fresno St.,2025,34
"Groff, Logan",FRE_BUL,74,Right,1000114479,Fresno St.,2024,55
"Guerrero, JT",FRE_BUL,73,Right,1000269640,Fresno St.,2024,216
"Guerrero, JT",FRE_BUL,73,Right,1000269640,Fresno St.,2025,427
"Haskins, Vance",FRE_BUL,73,Right,10184076,Fresno St.,2025,121
"Hay, Kaleb",FRE_BUL,72,Right,1000363974,Fresno St.,2025,536
"Henderson, Ixan",FRE_BUL,74,Left,1000068785,Fresno St.,2023,217
"Hopfe, Tommy",FRE_BUL,73,Right,1000101549,Fresno St.,2023,71
"Hopfe, Tommy",FRE_BUL,73,Right,809101,Fresno St.,2024,225
"Riding, Jake",FRE_BUL,74,Right,1000249125,Fresno St.,2024,671
"Patrick, Tyler",FRE_BUL,73,Right,1000241039,Fresno St.,2025,395
"Peters, Robbie",FRE_BUL,78,Left,1000025669,Fresno St.,2023,69
"Statzer, Zach",FRE_BUL,75,Right,1000120302,Fresno St.,2023,77
"Statzer, Zach",FRE_BUL,75,Right,809105,Fresno St.,2024,354
"Mason, Alex",GEO_EAG,76,Right,10117404,Ga. Southern,2025,55
"DiMola, Anthony",GEO_EAG,72,Left,90000172822,Ga. Southern,2023,330
"Johnson, Ben",GEO_EAG,75,Right,1000076103,Ga. Southern,2023,899
"Johnson, Ben",GEO_EAG,75,,1000076103,Ga. Southern,2024,826
"Johnson, Ben",GEO_EAG,75,,1000076103,Ga. Southern,2025,37
"Stuart, Ben",GEO_EAG,74,Right,10042075,Ga. Southern,2023,112
"Owens, Brady",GEO_EAG,72,Left,1000097233,Ga. Southern,2025,77
"Pendley, Brady",GEO_EAG,73,Right,1000064112,Ga. Southern,2023,118
"Pendley, Brady",GEO_EAG,73,Right,1000064112,Ga. Southern,2024,76
"Pendley, Brady",GEO_EAG,73,Right,1000064112,Ga. Southern,2025,870
"Zerbel, Brett",GEO_EAG,71,Left,1000076915,Ga. Southern,2023,291
"Zerbel, Brett",GEO_EAG,71,Left,1000076915,Ga. Southern,2024,121
"Britts, Troy",GEO_EAG,72,Right,1000049452,Ga. Southern,2023,29
"Bryant, Carson",GEO_EAG,73,Right,10102969,Ga. Southern,2025,373
"Burke, Thomas",GEO_EAG,78,Left,1000148386,Ga. Southern,2025,523
"Buursema, Porter",GEO_EAG,73,Right,1000249760,Ga. Southern,2024,257
"Oliu, Cameron",GEO_EAG,70,Right,1000138113,Ga. Southern,2023,274
"Oliu, Cameron",GEO_EAG,70,Right,1000138113,Ga. Southern,2024,158
"Degondea, Carter",GEO_EAG,74,Left,1000138589,Ga. Southern,2025,152
"DeGondea, Carter",GEO_EAG,74,Left,831999,Ga. Southern,2025,451
"Smith, Davis",GEO_EAG,78,Right,10117189,Ga. Southern,2024,307
"Smith, Davis",GEO_EAG,78,Right,10117189,Ga. Southern,2025,580
"Vandenbosch, Evan",GEO_EAG,76,Left,1000215446,Ga. Southern,2025,427
"Fisher, Ty",GEO_EAG,76,Left,1000052175,Ga. Southern,2023,1066
"Fisher, Ty",GEO_EAG,76,Left,801813,Ga. Southern,2024,1410
"Fisher, Ty",GEO_EAG,76,,1000052175,Ga. Southern,2025,96
"Mackowiak, Garrett",GEO_EAG,69,Left,1000208978,Ga. Southern,2024,278
"Mackowiak, Garrett",GEO_EAG,69,Left,1000208978,Ga. Southern,2025,39
"Wray, Ga'von",GEO_EAG,76,Right,1000050527,Ga. Southern,2023,582
"Wray, Ga'von",GEO_EAG,76,Right,1000050527,Ga. Southern,2024,261
"Wray, GaVon",GEO_EAG,76,,1000050527,Ga. Southern,2025,41
"Gross, Mitchell",GEO_EAG,70,Left,1000050868,Ga. Southern,2023,631
"Gross, Mitchell",GEO_EAG,70,Left,1000050868,Ga. Southern,2024,950
"Grundy, Kade",GEO_EAG,73,Right,691779,Ga. Southern,2025,1069
"Guerrero, Michael",GEO_EAG,77,Right,1000098463,Ga. Southern,2023,17
"Hammontree, Rhett",GEO_EAG,73,Right,1000064199,Ga. Southern,2024,5
"Hammontree, Rhett",GEO_EAG,73,Right,1000064199,Ga. Southern,2025,87
"Higgins, Thomas",GEO_EAG,73,Right,1000138117,Ga. Southern,2024,958
"Higgins, Thomas",GEO_EAG,73,,1000120325,Ga. Southern,2025,55
"Phillips, Jacob",GEO_EAG,72,Left,1000220754,Ga. Southern,2024,670
"Phillips, Jacob",GEO_EAG,72,Left,1000220754,Ga. Southern,2025,826
"Martin, Jake",GEO_EAG,77,Right,1000078973,Ga. Southern,2024,446
"Martin, Jake",GEO_EAG,77,,1000078973,Ga. Southern,2025,32
"Lewis, Jax",GEO_EAG,73,Right,822400,Ga. Southern,2025,710
"Paden, Jaylen",GEO_EAG,70,Right,1000066723,Ga. Southern,2023,137
"Paden, Jaylen",GEO_EAG,70,,1000066723,Ga. Southern,2025,96
"Thompson, Jay",GEO_EAG,75,Left,1000084865,Ga. Southern,2023,528
"Rediger, JD",GEO_EAG,72,Right,10002069,Ga. Southern,2024,8
"Martin, Jevarra",GEO_EAG,78,Left,702990,Ga. Southern,2025,181
"White, Joey",GEO_EAG,70,Right,1000221211,Ga. Southern,2024,606
"White, Joey",GEO_EAG,70,Right,1000221211,Ga. Southern,2025,464
"Milchuck, Jonah",GEO_EAG,80,Right,1000132698,Ga. Southern,2023,308
"Mead, Landry",GEO_EAG,72,Right,1000130821,Ga. Southern,2024,38
"Mead, Landry",GEO_EAG,72,Right,1000130821,Ga. Southern,2025,136
"Martin, Tyler",GEO_EAG,76,Right,1000138118,Ga. Southern,2023,88
"Osborne, Sawyer",GEO_EAG,73,Right,1000132699,Ga. Southern,2024,55
"Osborne, Sawyer",GEO_EAG,73,Right,1000132699,Ga. Southern,2025,8
"Robbins, Will",GEO_EAG,71,Left,1000051654,Ga. Southern,2023,407
"Robbins, Will",GEO_EAG,72,Left,1000051654,Ga. Southern,2025,355
"Ross, Thomas",GEO_EAG,75,Right,1000051494,Ga. Southern,2023,328
"Ross, Thomas",GEO_EAG,75,,1000051494,Ga. Southern,2025,28
"Alcock, Bobby",GAR_RUN,77,Right,1000099000,Gardner-Webb,2023,264
"Arnett, Noah",GAR_RUN,75,Right,1000306754,Gardner-Webb,2024,100
"Bean, Brendan",GAR_RUN,73,Left,1000057176,Gardner-Webb,2023,112
"Bertram, Reid",GAR_RUN,75,Left,813645,Gardner-Webb,2024,157
"Bertram, Reid",GAR_RUN,75,Left,813645,Gardner-Webb,2025,432
"Rozakis, Billy",GAR_RUN,73,Left,824530,Gardner-Webb,2025,25
"Brogdon, Blake",GAR_RUN,74,Right,684963,Gardner-Webb,2024,239
"Pazos, Bryan",GAR_RUN,72,Left,1000146727,Gardner-Webb,2024,179
"Cabrera, Derek",GAR_RUN,71,Right,1000258066,Gardner-Webb,2024,32
"Chafin, Tanner",GAR_RUN,69,Right,1000132230,Gardner-Webb,2023,19
"Ciminiello, Michael",GAR_RUN,74,Left,804705,Gardner-Webb,2024,93
"Ciminiello, Michael",GAR_RUN,74,Left,804705,Gardner-Webb,2025,100
"Czerwinski, CJ",GAR_RUN,73,Right,1000035783,Gardner-Webb,2024,225
"Clemente, Jack",GAR_RUN,75,Right,802193,Gardner-Webb,2024,40
"Maggi, Connor",GAR_RUN,70,Right,1000121106,Gardner-Webb,2023,164
"Maggi, Connor",GAR_RUN,70,Right,805791,Gardner-Webb,2024,291
"Hansen, Creighton",GAR_RUN,75,Right,1000079524,Gardner-Webb,2024,141
"Strickland, Dalton",GAR_RUN,74,Right,1000076633,Gardner-Webb,2023,9
"Wood, Dalton",GAR_RUN,77,Right,1000039761,Gardner-Webb,2023,89
"Pressley, Devin",GAR_RUN,74,Right,1000306742,Gardner-Webb,2024,159
"Pressley, Devin",GAR_RUN,74,Right,827518,Gardner-Webb,2025,226
"Dixon, Parker",GAR_RUN,74,Right,1000306762,Gardner-Webb,2024,193
"Guzman, Dominic",GAR_RUN,76,Right,10061653,Gardner-Webb,2025,328
"Fox, Phil",GAR_RUN,70,Right,10024966,Gardner-Webb,2023,153
"Franklin, Will",GAR_RUN,73,Right,1000397890,Gardner-Webb,2025,329
"Hodges, Garrett",GAR_RUN,76,Right,1000306745,Gardner-Webb,2024,101
"Schmitt, Gavin",GAR_RUN,75,Right,1000306749,Gardner-Webb,2024,41
"Schmitt, Gavin",GAR_RUN,75,Right,1000306749,Gardner-Webb,2025,225
"Gentile, Josh",GAR_RUN,78,Right,1000235643,Gardner-Webb,2024,105
"Goodyear, Luke",GAR_RUN,72,Left,1000099002,Gardner-Webb,2023,155
"Vera, Grant",GAR_RUN,71,Right,1000054119,Gardner-Webb,2023,85
"Hobb, Jerek",GAR_RUN,72,Left,822797,Gardner-Webb,2025,312
"Iannibelli, Jack",GAR_RUN,74,Left,1000229004,Gardner-Webb,2025,180
"Ingle, Noah",GAR_RUN,77,Right,808200,Gardner-Webb,2024,70
"Ingle, Noah",GAR_RUN,77,Right,808200,Gardner-Webb,2025,66
"Inskeep, JT",GAR_RUN,75,Right,1000119506,Gardner-Webb,2024,144
"Presley, Jace",GAR_RUN,76,Right,808909,Gardner-Webb,2025,381
"McCaskey, Jacob",GAR_RUN,72,Right,1000109936,Gardner-Webb,2023,73
"Stockton, Jaden",GAR_RUN,77,Right,10022980,Gardner-Webb,2025,252
"Pfeffer, John",GAR_RUN,74,Right,1000132562,Gardner-Webb,2025,469
"Kojima, Kazuya",GAR_RUN,71,Right,1000218113,Gardner-Webb,2024,44
"Pauly, Kevin",GAR_RUN,75,Right,10069426,Gardner-Webb,2025,26
"Washington, Lenny",GAR_RUN,75,Right,1000098926,Gardner-Webb,2023,125
"Manriquez, Mason",GAR_RUN,72,Right,1000340834,Gardner-Webb,2025,288
"Portela, Michael",GAR_RUN,67,Right,1000079638,Gardner-Webb,2023,191
"Vieira, Nick",GAR_RUN,79,Right,692287,Gardner-Webb,2025,342
"Switalski, Tyler",GAR_RUN,76,Left,1000092795,Gardner-Webb,2023,423
"Carey, Aidan",GEO_COL,74,Left,10264281,George Washington,2025,79
"Alexander, Ayden",GEO_COL,73,Left,1000298944,George Washington,2025,73
"Cutler, Andrew",GEO_COL,75,Right,1000298943,George Washington,2024,563
"Cutler, Andrew",GEO_COL,75,Right,1000298943,George Washington,2025,771
"Germinerio, Anthony",GEO_COL,77,Right,1000080322,George Washington,2023,44
"Aponick, Jonas",GEO_COL,73,Right,1000195463,George Washington,2025,310
"Odell, Austin",GEO_COL,74,Right,1000054017,George Washington,2023,272
"Wilson, Benny",GEO_COL,77,Right,1000100463,George Washington,2023,90
"Wilson, Benny",GEO_COL,77,Right,1000100463,George Washington,2024,401
"Blankenship, Tyler",GEO_COL,72,Right,1000132684,George Washington,2024,444
"Blankenship, Tyler",GEO_COL,72,Right,1000132684,George Washington,2025,232
"Siegenthaler, Brandon",GEO_COL,72,Right,1000079680,George Washington,2024,561
"Kurtz, Brayden",GEO_COL,76,Right,1000072815,George Washington,2023,30
"Kurtz, Brayden",GEO_COL,76,Right,804801,George Washington,2024,410
"Kurtz, Brayden",GEO_COL,77,Right,804801,George Washington,2025,181
"Brennan, Teddy",GEO_COL,73,Left,1000107383,George Washington,2023,277
"Brennan, Teddy",GEO_COL,73,Left,1000107383,George Washington,2024,1096
"Brennan, Teddy",GEO_COL,74,Left,1000107383,George Washington,2025,704
"Bruno, Matt",GEO_COL,74,Right,1000298954,George Washington,2024,35
"Bruno, Matt",GEO_COL,74,Right,1000298954,George Washington,2025,494
"Davis, Cade",GEO_COL,72,Left,1000048920,George Washington,2023,72
"Davis, Cade",GEO_COL,72,Left,1000048920,George Washington,2024,410
"Davis, Cade",GEO_COL,72,Left,1000048920,George Washington,2025,570
"Knight, Chris",GEO_COL,77,Right,1000059608,George Washington,2023,100
"Ruddy, Colin",GEO_COL,76,Right,10030933,George Washington,2023,33
"Harris, Connor",GEO_COL,80,Right,1000048925,George Washington,2023,56
"Crochet, Reese",GEO_COL,76,Left,1000213617,George Washington,2023,36
"Crochet, Reese",GEO_COL,76,Left,1000213617,George Washington,2024,160
"Crochet, Reese",GEO_COL,77,Left,1000213617,George Washington,2025,23
"Wywoda, Declan",GEO_COL,75,Right,1000142924,George Washington,2025,502
"Harris, Drew",GEO_COL,72,Right,10183075,George Washington,2025,148
"Oppenheim, Drew",GEO_COL,72,Right,1000298738,George Washington,2024,3
"Oppenheim, Drew",GEO_COL,72,Left,1000298738,George Washington,2025,208
"Foltz Jr., Michael",GEO_COL,72,Left,803189,George Washington,2025,943
"Miller, Gavin",GEO_COL,73,Left,1000298948,George Washington,2024,132
"Miller, Gavin",GEO_COL,73,Left,1000298948,George Washington,2025,478
"Jeffries, Graham",GEO_COL,78,Right,1000132323,George Washington,2024,795
"Jeffries, Graham",GEO_COL,78,Right,1000132323,George Washington,2025,357
"Haug, Max",GEO_COL,76,Right,1000298955,George Washington,2024,318
"Haug, Max",GEO_COL,76,Right,1000298955,George Washington,2025,711
"Korson, Jarrett",GEO_COL,73,Right,1000127732,George Washington,2024,650
"Klein, Shugy",GEO_COL,76,Left,1000121041,George Washington,2023,31
"Klein, Shugy",GEO_COL,76,Left,1000121041,George Washington,2024,226
"Klein, Shugy",GEO_COL,76,Left,1000121041,George Washington,2025,315
"Koester, Logan",GEO_COL,76,Right,1000023406,George Washington,2023,391
"Pfluger, Rich",GEO_COL,74,Left,1000063109,George Washington,2023,17
"Accardo, Chris",GEO_HOY,76,Right,821891,Georgetown,2025,18
"Fenton, Alexander",GEO_HOY,75,Right,1000056670,Georgetown,2023,25
"Anderson, Jake",GEO_HOY,72,Right,10913962,Georgetown,2025,169
"Citron, Andrew",GEO_HOY,72,Right,1000235194,Georgetown,2023,14
"Citron, Andrew",GEO_HOY,72,Right,1000235194,Georgetown,2024,259
"Citron, Andrew",GEO_HOY,72,Right,811777,Georgetown,2025,125
"Jergins, Andrew",GEO_HOY,74,Left,1000145933,Georgetown,2023,21
"Jergins, Andrew",GEO_HOY,74,Left,804418,Georgetown,2025,148
"Williams, Andrew",GEO_HOY,74,Left,1000120189,Georgetown,2023,243
"Williams, Andrew",GEO_HOY,74,Left,821883,Georgetown,2024,358
"Williams, Andrew",GEO_HOY,74,Left,821883,Georgetown,2025,386
"Johnson, Axel",GEO_HOY,72,Left,1000311177,Georgetown,2025,99
"Head, Ayden",GEO_HOY,74,Right,1000120193,Georgetown,2023,18
"Head, Ayden",GEO_HOY,74,Right,821892,Georgetown,2024,32
"Booker, Nadell",GEO_HOY,77,Right,1000329324,Georgetown,2025,201
"Bowker, Cody",GEO_HOY,73,,184992,Georgetown,2023,50
"Bowker, Cody",GEO_HOY,73,Right,10285983,Georgetown,2024,339
"Guarino, Cam",GEO_HOY,70,Left,1000187223,Georgetown,2023,20
"Frye, Carson",GEO_HOY,73,Right,1000078257,Georgetown,2023,146
"Frye, Carson",GEO_HOY,73,Right,1000078257,Georgetown,2024,170
"Catlett, Everett",GEO_HOY,79,Left,1000101362,Georgetown,2023,127
"Catlett, Everett",GEO_HOY,79,Left,1000101362,Georgetown,2024,462
"Jensen, Cody",GEO_HOY,74,Right,8898789,Georgetown,2023,132
"Jensen, Cody",GEO_HOY,74,Right,8898789,Georgetown,2024,249
"Garner, Collin",GEO_HOY,73,Right,8885956,Georgetown,2023,97
"Davis, Nick",GEO_HOY,77,Right,684862,Georgetown,2024,234
"DeMartin, Ryan",GEO_HOY,72,Right,821889,Georgetown,2025,47
"Yoo, Derek",GEO_HOY,73,Right,1000050373,Georgetown,2025,232
"Rucker, Ethan",GEO_HOY,75,Right,10002241,Georgetown,2025,14
"Franco, Johan",GEO_HOY,73,Right,821880,Georgetown,2025,283
"Keough, Garret",GEO_HOY,75,Right,1000054143,Georgetown,2023,123
"O'Connor, Griffin",GEO_HOY,73,Right,822478,Georgetown,2025,188
"Volo, Jack",GEO_HOY,71,Right,821888,Georgetown,2024,124
"Volo, Jack",GEO_HOY,72,Right,821888,Georgetown,2025,209
"Yoder, Jordan",GEO_HOY,71,Right,1000119929,Georgetown,2023,137
"Yoder, Jordan",GEO_HOY,71,Right,821884,Georgetown,2024,109
"Raab, JT",GEO_HOY,77,Right,10022877,Georgetown,2025,628
"Leckszas, Kai",GEO_HOY,72,Right,1000090290,Georgetown,2023,55
"Leckszas, Kai",GEO_HOY,72,Right,811686,Georgetown,2024,173
"Leckszas, Kai",GEO_HOY,72,Right,811686,Georgetown,2025,260
"Salley, Kyle",GEO_HOY,70,Left,1000175922,Georgetown,2023,38
"Mastroianni, Marcello",GEO_HOY,75,Left,811689,Georgetown,2024,259
"Whitmer, Marshall",GEO_HOY,72,Left,801953,Georgetown,2024,165
"Whitmer, Marshall",GEO_HOY,72,Left,801953,Georgetown,2025,204
"Sapienza, Matthew",GEO_HOY,74,Right,821878,Georgetown,2024,37
"Sapienza, Matthew",GEO_HOY,74,Right,821878,Georgetown,2025,190
"Mead, Tyler",GEO_HOY,75,Right,1000073703,Georgetown,2023,40
"Mead , Tyler",GEO_HOY,75,Right,1000073703,Georgetown,2023,19
"Gillespie, Blake",GEO_BUL,73,Right,1000147591,Georgia,2023,192
"Gillespie, Blake",GEO_BUL,73,,805730,Georgia,2024,178
"Pancer, Brandt",GEO_BUL,72,Right,692241,Georgia,2024,144
"Curley, Brian",GEO_BUL,70,Right,826536,Georgia,2025,863
"Zeldin, Brian",GEO_BUL,71,Right,1000121636,Georgia,2024,898
"Zeldin, Brian",GEO_BUL,71,Right,1000121636,Georgia,2025,372
"Byrd, Justin",GEO_BUL,74,Right,830986,Georgia,2025,286
"Caldwell, Collin",GEO_BUL,71,Left,1000096939,Georgia,2023,354
"Caldwell, Collin",GEO_BUL,71,Left,809714,Georgia,2025,39
"Marsh, Chandler",GEO_BUL,76,Right,1000093807,Georgia,2023,503
"Marsh, Chandler",GEO_BUL,76,Right,1000093807,Georgia,2024,306
"Goldstein, Charlie",GEO_BUL,73,Left,1000051331,Georgia,2023,695
"Goldstein, Charlie",GEO_BUL,73,Left,809709,Georgia,2024,651
"Goldstein, Charlie",GEO_BUL,73,Left,809709,Georgia,2025,436
"Chastain, Davis",GEO_BUL,71,Right,1000164129,Georgia,2025,161
"Mracna, Christian",GEO_BUL,77,Right,815124,Georgia,2024,887
"Willis, Coleman",GEO_BUL,79,Right,695581,Georgia,2024,76
"Crisp, Nolan",GEO_BUL,69,Right,1000013098,Georgia,2023,460
"Rhadans, Dalton",GEO_BUL,76,Right,1000057298,Georgia,2023,594
"Padysak, Daniel",GEO_BUL,77,Right,804607,Georgia,2024,393
"DeJong, Max",GEO_BUL,73,Right,1000048094,Georgia,2023,38
"DeJong, Max",GEO_BUL,73,Right,692231,Georgia,2024,155
"Devito, Zach",GEO_BUL,72,Right,1000075823,Georgia,2023,252
"DeVito, Zach",GEO_BUL,72,Right,700957,Georgia,2024,129
"Radtke, DJ",GEO_BUL,75,Right,1000066681,Georgia,2023,88
"Radtke, DJ",GEO_BUL,75,Right,809712,Georgia,2024,273
"Radtke, DJ",GEO_BUL,75,Right,809712,Georgia,2025,414
"Hammond, Eric",GEO_BUL,76,Right,695727,Georgia,2025,216
"Sutton, Ethan",GEO_BUL,75,Right,90000217140,Georgia,2024,48
"Farley, Paul",GEO_BUL,73,Right,10086131,Georgia,2025,223
"Finley, Leighton",GEO_BUL,77,Right,1000110595,Georgia,2023,401
"Finley, Leighton",GEO_BUL,77,Right,803287,Georgia,2024,1299
"Finley, Leighton",GEO_BUL,77,Right,803287,Georgia,2025,855
"Gold, Ryan",GEO_BUL,75,Left,1000089650,Georgia,2024,31
"Greenler, Kyle",GEO_BUL,75,Right,1000055576,Georgia,2023,393
"Harris, Zach",GEO_BUL,73,Right,90000235966,Georgia,2024,529
"Harris, Zach",GEO_BUL,73,Right,90000235966,Georgia,2025,343
"Hays, James",GEO_BUL,74,Right,805798,Georgia,2024,51
"Hoskins, Matthew",GEO_BUL,74,Right,1000088474,Georgia,2023,299
"Hoskins, Matthew",GEO_BUL,74,Right,702614,Georgia,2024,84
"Hoskins, Matthew",GEO_BUL,74,Right,702614,Georgia,2025,342
"Woods, Jaden",GEO_BUL,74,Left,1000069418,Georgia,2023,726
"Stephens, Jordan",GEO_BUL,76,Right,1000295488,Georgia,2025,331
"Roberge, Josh",GEO_BUL,74,Right,823229,Georgia,2024,611
"Quinn, JT",GEO_BUL,78,Right,802411,Georgia,2025,311
"Smith, Kolten",GEO_BUL,75,Right,1000187635,Georgia,2023,431
"Smith, Kolten",GEO_BUL,75,Right,701368,Georgia,2024,1078
"Smith, Kolten",GEO_BUL,75,Right,701368,Georgia,2025,618
"Land, Wyatt",GEO_BUL,75,Right,812810,Georgia,2024,71
"Sullivan, Liam",GEO_BUL,78,Left,1000096938,Georgia,2023,1108
"Morici, Lucas",GEO_BUL,77,Right,830988,Georgia,2025,41
"Wagner, Luke",GEO_BUL,72,Left,691022,Georgia,2023,518
"Wiltrakis, Luke",GEO_BUL,75,Right,823232,Georgia,2024,66
"McLoughlin, Tyler",GEO_BUL,75,Right,823230,Georgia,2024,97
"McLoughlin, Tyler",GEO_BUL,75,Right,823230,Georgia,2025,320
"Mercer, Pace",GEO_BUL,71,Right,1000151673,Georgia,2023,151
"Taylor, Nate",GEO_BUL,74,Right,1000414987,Georgia,2025,64
"Pearson, Will",GEO_BUL,74,Right,1000051907,Georgia,2023,402
"Acosta, Rafael",GEO_PAN,74,Right,1000054979,Georgia St.,2023,854
"McAllister, Aidan",GEO_PAN,73,Left,10063562,Georgia St.,2023,387
"McEvoy, Aidan",GEO_PAN,76,Left,1000079355,Georgia St.,2024,381
"Coleman, Baley",GEO_PAN,75,Right,1000174802,Georgia St.,2024,482
"Beaver, Jake",GEO_PAN,70,Left,10052622,Georgia St.,2023,112
"Bell, David",GEO_PAN,71,Right,1000110594,Georgia St.,2023,18
"Benford, Tysen",GEO_PAN,77,Right,10063821,Georgia St.,2024,20
"Benford, Tysen",GEO_PAN,75,Right,10063821,Georgia St.,2025,675
"Jones, Brady",GEO_PAN,72,Right,9000238011,Georgia St.,2023,332
"Jones, Brady",GEO_PAN,72,Right,9000238011,Georgia St.,2024,594
"Brandon, Joseph",GEO_PAN,73,Right,1000055713,Georgia St.,2023,864
"Upshaw, Brantley",GEO_PAN,80,Right,831250,Georgia St.,2025,25
"Crooms, Brian",GEO_PAN,72,Right,831244,Georgia St.,2025,617
"Garmon II, Brian",GEO_PAN,73,Right,10000562,Georgia St.,2023,189
"Garmon II, Brian",GEO_PAN,74,Right,10000562,Georgia St.,2024,447
"Gorman, Brooks",GEO_PAN,72,Right,1000147651,Georgia St.,2023,400
"Gorman, Brooks",GEO_PAN,73,Right,1000147651,Georgia St.,2024,11
"Gorman, Brooks",GEO_PAN,74,Right,1000147651,Georgia St.,2025,369
"Butler, Jack",GEO_PAN,76,Right,1000077568,Georgia St.,2024,162
"White, Caleb",GEO_PAN,80,Right,1000249388,Georgia St.,2024,373
"White, Caleb",GEO_PAN,80,Right,1000249388,Georgia St.,2025,839
"Jones, Cameron",GEO_PAN,73,Left,1000051079,Georgia St.,2023,152
"Landry, Camren",GEO_PAN,75,Right,1000078446,Georgia St.,2023,699
"Carmona, Carlos",GEO_PAN,73,Right,831237,Georgia St.,2025,200
"Treadway, Chad",GEO_PAN,72,Right,1000023345,Georgia St.,2023,234
"Chastain, Davis",GEO_PAN,70,Right,10053243,Georgia St.,2023,311
"Chastain, Davis",GEO_PAN,71,Right,1000241035,Georgia St.,2024,406
"Roberts, Cole",GEO_PAN,69,Right,10064957,Georgia St.,2025,1092
"Milford, Cooper",GEO_PAN,71,Right,823231,Georgia St.,2025,14
"Crews, Jacob",GEO_PAN,78,Right,701356,Georgia St.,2025,374
"Douglas, Kameron",GEO_PAN,74,Right,1000092559,Georgia St.,2023,203
"Douglas, Kameron",GEO_PAN,75,Right,1000092559,Georgia St.,2024,117
"Lutz, Duncan",GEO_PAN,76,Right,1000052158,Georgia St.,2023,367
"Lutz, Duncan",GEO_PAN,77,Right,1000052158,Georgia St.,2024,299
"Dunn, Patrick",GEO_PAN,78,Right,700790,Georgia St.,2024,255
"Matela, Dylan",GEO_PAN,75,Right,1000078894,Georgia St.,2024,150
"Matela, Dylan",GEO_PAN,75,Right,831249,Georgia St.,2025,292
"Earwood, Micah",GEO_PAN,75,Right,1000112366,Georgia St.,2024,122
"Heath, Virgil",GEO_PAN,74,Right,1000363980,Georgia St.,2025,48
"Hembree, Jake",GEO_PAN,74,Left,1000077969,Georgia St.,2025,723
"Varnadoe, Hunter",GEO_PAN,77,Right,1000103683,Georgia St.,2024,235
"Wise, Jack",GEO_PAN,72,Right,1000096367,Georgia St.,2023,40
"Rich, Keegan",GEO_PAN,77,Left,699784,Georgia St.,2024,288
"Lamar, Ryan",GEO_PAN,73,Right,1000092132,Georgia St.,2024,40
"Lamar, Ryan",GEO_PAN,73,Right,831248,Georgia St.,2025,210
"Lanning, Nick",GEO_PAN,77,Right,10108987,Georgia St.,2024,31
"Lommen, Nick",GEO_PAN,76,Left,1000048886,Georgia St.,2023,210
"Patel, Mason",GEO_PAN,72,Right,1000051401,Georgia St.,2023,170
"Norman, Ross",GEO_PAN,78,Right,1000252047,Georgia St.,2024,511
"Norman, Ross",GEO_PAN,79,Right,1000252047,Georgia St.,2025,1017
"Ottinger, Zach",GEO_PAN,72,Right,1000164174,Georgia St.,2023,319
"Reddick, Trent",GEO_PAN,72,Right,1000164167,Georgia St.,2024,125
"Roche, Tyler",GEO_PAN,76,Right,1000208259,Georgia St.,2024,172
"Roche , Tyler",GEO_PAN,76,Right,1000208259,Georgia St.,2024,386
"Watson, Ryan",GEO_PAN,75,Right,1000112383,Georgia St.,2023,1058
"Schofield, Sam",GEO_PAN,74,Right,1000209309,Georgia St.,2024,487
"Schofield, Sam",GEO_PAN,74,Right,1000209309,Georgia St.,2025,107
"Brabec, Gabe",GON_BUL,74,Right,1000330649,Gonzaga,2025,444
"Mullan, Bradley",GON_BUL,75,Left,1000098509,Gonzaga,2023,234
"Buckner, Ty",GON_BUL,73,Right,1000039702,Gonzaga,2023,250
"McGee, Cade",GON_BUL,73,Right,1000120633,Gonzaga,2023,47
"Cunneely, Michael",GON_BUL,77,Right,1000250702,Gonzaga,2024,516
"Cunneely, Michael",GON_BUL,77,Right,1000250702,Gonzaga,2025,357
"Sotelo, Daniel",GON_BUL,70,Left,690803,Gonzaga,2024,379
"DeSchryver, Nate",GON_BUL,75,Right,695536,Gonzaga,2024,124
"Hoffberg, Erik",GON_BUL,75,Right,1000227934,Gonzaga,2024,466
"Hoffberg, Erik",GON_BUL,75,Right,1000227934,Gonzaga,2025,747
"Swaim, Everett",GON_BUL,75,Right,1000213650,Gonzaga,2023,72
"Feld, Justin",GON_BUL,72,Right,10279370,Gonzaga,2024,930
"Feld, Justin",GON_BUL,72,Right,10279370,Gonzaga,2025,778
"O'Brien, Finbar",GON_BUL,75,Right,1000282569,Gonzaga,2024,203
"O'Brien, Finbar",GON_BUL,75,Right,1000282569,Gonzaga,2025,1144
"Francis, Kai",GON_BUL,75,Right,1000091782,Gonzaga,2023,217
"Francis, Kai",GON_BUL,76,Right,701759,Gonzaga,2024,164
"Francis, Kai",GON_BUL,76,Right,701759,Gonzaga,2025,256
"Gores, Garrett",GON_BUL,73,Right,824282,Gonzaga,2024,218
"Gores, Garrett",GON_BUL,73,Right,824282,Gonzaga,2025,621
"Glenn, Jared",GON_BUL,76,Right,1000029369,Gonzaga,2025,72
"Graham, Payton",GON_BUL,73,Right,1000213649,Gonzaga,2023,246
"Graham, Payton",GON_BUL,73,Right,1000213649,Gonzaga,2024,445
"Haas, Reagan",GON_BUL,71,Right,1000084871,Gonzaga,2023,71
"Hamberg, Jordan",GON_BUL,73,Left,803613,Gonzaga,2024,208
"Hammer, Kale",GON_BUL,75,Left,824294,Gonzaga,2025,41
"Hernandez, Ryan",GON_BUL,68,Left,1000127517,Gonzaga,2025,399
"Moffitt, Jack",GON_BUL,79,Right,1000098507,Gonzaga,2023,173
"Rutherford, Jacob",GON_BUL,74,Right,1000066641,Gonzaga,2023,325
"Nelson, Jeff",GON_BUL,75,Right,1000131963,Gonzaga,2023,17
"Sweum, Karsten",GON_BUL,75,Left,1000264775,Gonzaga,2025,337
"Solomon, Kolby",GON_BUL,72,Right,1000121301,Gonzaga,2023,27
"O'Brien, Liam",GON_BUL,77,Right,1000132725,Gonzaga,2024,209
"Paddack, Liam",GON_BUL,76,Left,1000252344,Gonzaga,2024,922
"Mueller, Matthew",GON_BUL,77,Right,10012664,Gonzaga,2023,294
"Mueller, Matthew",GON_BUL,77,Left,702567,Gonzaga,2024,381
"McClaskey, Mickey",GON_BUL,75,Right,832255,Gonzaga,2025,42
"Weeldreyer, Nate",GON_BUL,73,Right,1000047570,Gonzaga,2023,146
"Wild, Owen",GON_BUL,74,Right,1000098518,Gonzaga,2023,427
"Allen, Payton",GRA_TIG,70,Right,695479,Grambling,2025,53
"Baez, Miguel",GRA_TIG,75,Right,10041304,Grambling,2023,37
"Baez, Miguel",GRA_TIG,75,Right,10041304,Grambling,2024,143
"Bates, Ethan",GRA_TIG,73,Left,10007118,Grambling,2023,76
"Bates, Ethan",GRA_TIG,73,Left,10007118,Grambling,2025,54
"Bershell, Kendrick",GRA_TIG,69,Right,1000213703,Grambling,2023,24
"Boudreaux, Jacorey",GRA_TIG,71,Left,1000121606,Grambling,2023,213
"Washington, Brett",GRA_TIG,68,Right,1000099680,Grambling,2023,123
"Washington, Brett",GRA_TIG,68,Right,1000099680,Grambling,2024,143
"Washington, Brett",GRA_TIG,68,Right,1000099680,Grambling,2025,36
"Bryant, Phillip",GRA_TIG,72,Right,809144,Grambling,2024,25
"Capistran, Rafael",GRA_TIG,72,Right,822371,Grambling,2024,25
"Peguero, Carlos",GRA_TIG,76,Right,822372,Grambling,2024,321
"Peguero, Carlos",GRA_TIG,76,Right,822372,Grambling,2025,100
"Carpenter, Keith",GRA_TIG,78,Right,1000059722,Grambling,2023,39
"Jackson, Charles",GRA_TIG,72,Right,1000251733,Grambling,2024,84
"Clampit, Landon",GRA_TIG,70,Right,830912,Grambling,2025,62
"Rudy, Connor",GRA_TIG,72,Left,1000025632,Grambling,2023,54
"Posey, Courtland",GRA_TIG,69,Left,1000304217,Grambling,2024,73
"Dooley, Taylor",GRA_TIG,74,Right,830910,Grambling,2025,50
"Tavarez, Esteban",GRA_TIG,73,Left,1000121604,Grambling,2023,36
"Tavarez, Esteban",GRA_TIG,73,Left,1000121604,Grambling,2024,82
"Tavarez, Esteban",GRA_TIG,73,Left,1000121604,Grambling,2025,45
"Phillips, Hampton",GRA_TIG,69,Right,830906,Grambling,2025,65
"Martinez, Javier",GRA_TIG,74,Right,1000088130,Grambling,2023,74
"Martinez, Javier",GRA_TIG,74,Right,809204,Grambling,2024,72
"Martinez, Javier",GRA_TIG,74,Right,809204,Grambling,2025,16
"Newman, Jeremiah",GRA_TIG,72,Right,1000092537,Grambling,2023,123
"Newman, Jeremiah",GRA_TIG,72,Right,809198,Grambling,2024,183
"Leiden, Thomas",GRA_TIG,72,Left,830908,Grambling,2025,61
"Martinez, Mason",GRA_TIG,72,Right,809209,Grambling,2024,77
"Martinez, Mason",GRA_TIG,72,Right,809209,Grambling,2025,80
"Robinson, Nick",GRA_TIG,73,Left,822378,Grambling,2025,58
"Reyes, Randy",GRA_TIG,74,Left,822366,Grambling,2025,85
"Shaw, Trenton",GRA_TIG,76,Left,1000400372,Grambling,2025,70
"Ahern, Garrett",GRA_CAN,77,Right,821903,Grand Canyon,2024,148
"Ahern, Garrett",GRA_CAN,77,Right,821903,Grand Canyon,2025,440
"Avitia, Daniel",GRA_CAN,76,Right,1000091771,Grand Canyon,2023,193
"Avitia, Daniel",GRA_CAN,76,Right,701220,Grand Canyon,2024,93
"Bailey, Gray",GRA_CAN,73,Left,801494,Grand Canyon,2025,73
"Skaugrud, Barrett",GRA_CAN,73,Right,821899,Grand Canyon,2024,152
"Skaugrud, Barrett",GRA_CAN,73,Right,821899,Grand Canyon,2025,134
"Smith, Ben",GRA_CAN,79,Left,814168,Grand Canyon,2025,52
"Gregory, Billy",GRA_CAN,75,Right,1000396783,Grand Canyon,2025,224
"Reilly, Blake",GRA_CAN,73,Right,1000100489,Grand Canyon,2023,68
"Toney, Brock",GRA_CAN,72,Right,807930,Grand Canyon,2024,97
"Cooper-Vassalakis, Brodie",GRA_CAN,71,Right,1000054521,Grand Canyon,2023,54
"Webb, Bryan",GRA_CAN,72,Left,1000059370,Grand Canyon,2023,89
"Webb, Bryan",GRA_CAN,72,Left,808910,Grand Canyon,2024,52
"Cunnings, Cam",GRA_CAN,73,Right,803106,Grand Canyon,2025,161
"Ohl, Carson",GRA_CAN,74,Right,1000100488,Grand Canyon,2023,77
"Young, Carter",GRA_CAN,71,Right,1000100492,Grand Canyon,2023,188
"Young, Carter",GRA_CAN,71,Right,808906,Grand Canyon,2024,179
"Case, David",GRA_CAN,72,Left,701601,Grand Canyon,2024,31
"Case, David",GRA_CAN,72,,701601,Grand Canyon,2025,31
"Collins, Cayden",GRA_CAN,74,Right,701516,Grand Canyon,2025,44
"Key, Chance",GRA_CAN,74,Left,830835,Grand Canyon,2025,496
"Clark, Ross",GRA_CAN,77,Right,1000091555,Grand Canyon,2025,154
"Tucker, Cody",GRA_CAN,77,Right,1000059421,Grand Canyon,2023,52
"Markl, Connor",GRA_CAN,73,Left,1000100487,Grand Canyon,2023,185
"Mattison, Connor",GRA_CAN,74,Right,814195,Grand Canyon,2024,190
"Mattison, Connor",GRA_CAN,74,Right,814195,Grand Canyon,2025,152
"Laguinto, Devon",GRA_CAN,72,Right,830840,Grand Canyon,2025,32
"Higginbottom, Elijah",GRA_CAN,72,Right,830834,Grand Canyon,2025,280
"Elmore, Rj",GRA_CAN,77,Right,1000116412,Grand Canyon,2023,25
"Richardson, Grant",GRA_CAN,75,Left,10064815,Grand Canyon,2023,44
"Richardson, Grant",GRA_CAN,75,Left,808911,Grand Canyon,2024,171
"Penzkover, Gunnar",GRA_CAN,71,Right,830833,Grand Canyon,2025,308
"Hanson, Justin",GRA_CAN,79,Left,830841,Grand Canyon,2025,47
"Heaton, Tyson",GRA_CAN,74,Right,1000047974,Grand Canyon,2023,28
"Omlid, Hunter",GRA_CAN,74,Right,1000116400,Grand Canyon,2023,107
"Watkins, Hunter",GRA_CAN,80,Right,821908,Grand Canyon,2024,250
"Watkins, Hunter",GRA_CAN,80,,821908,Grand Canyon,2025,28
"Lyon, Isaac",GRA_CAN,75,Right,288764,Grand Canyon,2023,27
"Lyon, Isaac",GRA_CAN,75,Right,805214,Grand Canyon,2024,422
"Lyon, Isaac",GRA_CAN,75,Right,805214,Grand Canyon,2025,459
"Smith, Jace",GRA_CAN,74,Right,1000243638,Grand Canyon,2023,79
"Smith, Jace",GRA_CAN,74,Right,1000243638,Grand Canyon,2025,126
"Thornton, Maddox",GRA_CAN,74,Right,1000098831,Grand Canyon,2023,27
"Ward, Nathan",GRA_CAN,80,Right,1000069896,Grand Canyon,2023,118
"Ward, Nathan",GRA_CAN,80,Right,695019,Grand Canyon,2024,78
"Quinn, Walter",GRA_CAN,76,Right,808914,Grand Canyon,2025,162
"Triplett, Shawn",GRA_CAN,72,Right,1000116406,Grand Canyon,2023,69
"Triplett, Shawn",GRA_CAN,72,Right,808907,Grand Canyon,2024,138
"Triplett, Shawn",GRA_CAN,72,,808907,Grand Canyon,2025,15
"Thornton, Zach",GRA_CAN,75,Left,1000135366,Grand Canyon,2023,193
"Couture, Alec",HAR_HAW,76,Right,1000120944,Hartford,2023,97
"Almanzar Jr., Edwin",HAR_HAW,70,Right,1000120949,Hartford,2023,81
"Benzinger, Derek",HAR_HAW,73,Right,1000218149,Hartford,2023,29
"Chaney, Robert",HAR_HAW,76,Left,1000120959,Hartford,2023,92
"Colella, Jack",HAR_HAW,70,Right,1000120951,Hartford,2023,15
"Dooley, Joe",HAR_HAW,74,Right,1000179888,Hartford,2023,35
"Abler, Andrew",HAR_CRI,73,Right,10101907,Harvard,2024,183
"Abler, Andrew",HAR_CRI,73,Right,10028075,Harvard,2025,366
"Alagheband, Luca",HAR_CRI,76,Left,1000295876,Harvard,2025,315
"Baxter, Nate",HAR_CRI,75,Right,1000121031,Harvard,2024,65
"Baxter, Nate",HAR_CRI,75,Right,1000121031,Harvard,2025,30
"Bergsma, Charley",HAR_CRI,73,Left,1000277757,Harvard,2025,395
"Dowling, Brian",HAR_CRI,78,Left,1000216593,Harvard,2024,438
"Dowling, Brian",HAR_CRI,78,Left,1000216593,Harvard,2025,352
"Fang, Callan",HAR_CRI,75,Right,287975,Harvard,2023,227
"Fang, Callan",HAR_CRI,75,Right,823765,Harvard,2024,829
"Fang, Callan",HAR_CRI,75,Right,823765,Harvard,2025,661
"Clark, Chris",HAR_CRI,76,Right,1000121021,Harvard,2023,491
"Cleary, Cole",HAR_CRI,74,Right,1000228956,Harvard,2023,65
"Cleary, Cole",HAR_CRI,73,Right,1000228956,Harvard,2024,407
"Cleary, Cole",HAR_CRI,73,Right,1000228956,Harvard,2025,170
"Colasante, Gio",HAR_CRI,77,Right,1000139698,Harvard,2025,395
"Driver, Jay",HAR_CRI,75,Right,1000121027,Harvard,2023,484
"Feller, Sawyer",HAR_CRI,74,Right,1000070039,Harvard,2024,40
"Stovern, Harrison",HAR_CRI,70,Left,1000057095,Harvard,2023,103
"Smith, Jack",HAR_CRI,75,Right,285966,Harvard,2023,183
"Smith, Jack",HAR_CRI,75,Right,1000240980,Harvard,2025,307
"Jacobsen, Will",HAR_CRI,74,Right,1000079156,Harvard,2023,296
"Kirkpatrick, James",HAR_CRI,73,Right,1000079158,Harvard,2023,102
"Kang, Jordan",HAR_CRI,70,Right,1000196493,Harvard,2024,24
"Jordheim, Porter",HAR_CRI,76,Right,10009890,Harvard,2023,23
"Jordheim, Porter",HAR_CRI,77,Right,10009890,Harvard,2024,41
"Matson, Sean",HAR_CRI,74,Right,1000123433,Harvard,2023,394
"Matson, Sean",HAR_CRI,74,Right,822483,Harvard,2024,793
"McHugh, Ryan",HAR_CRI,72,Right,1000149921,Harvard,2025,343
"Narottam, Uday",HAR_CRI,70,Left,1000121038,Harvard,2023,89
"Narottam, Uday",HAR_CRI,69,Left,1000121038,Harvard,2024,235
"Tahnk, Owen",HAR_CRI,75,Right,1000137484,Harvard,2025,57
"Pauley, Truman",HAR_CRI,74,Right,1000258644,Harvard,2024,753
"Pauley, Truman",HAR_CRI,74,Right,1000258644,Harvard,2025,919
"Thomas, Pryor",HAR_CRI,70,Right,1000079159,Harvard,2023,71
"Smith, Tanner",HAR_CRI,78,Right,1000121037,Harvard,2024,447
"Abshier, Randy",HAW_WAR,76,Left,1000131843,Hawaii,2023,163
"Abshier, Randy",HAW_WAR,76,Left,1000131843,Hawaii,2024,173
"Adamson, Charlie",HAW_WAR,76,Right,1000052209,Hawaii,2025,85
"Giroux, Alex",HAW_WAR,72,Right,1000049517,Hawaii,2023,144
"Giroux, Alex",HAW_WAR,72,Right,1000049517,Hawaii,2024,79
"Andrews, Anthony",HAW_WAR,71,Right,1000359478,Hawaii,2025,44
"Atkins, Tai",HAW_WAR,70,Left,1000080148,Hawaii,2023,53
"Bodendorf, Harrison",HAW_WAR,77,Left,10074974,Hawaii,2023,189
"Bodendorf, Harrison",HAW_WAR,77,Left,823746,Hawaii,2024,141
"Marx, Brayden",HAW_WAR,72,Right,10109966,Hawaii,2024,52
"Hagan, Cameron",HAW_WAR,77,Right,1000101807,Hawaii,2023,82
"Cardinez, Nainoa",HAW_WAR,74,Right,1000101811,Hawaii,2024,16
"Harrison, Connor",HAW_WAR,72,Left,1000101812,Hawaii,2023,202
"Harrison, Connor",HAW_WAR,72,Left,1000101812,Hawaii,2024,32
"Walls, Cooper",HAW_WAR,77,Right,1000359463,Hawaii,2025,118
"Ronan, Cory",HAW_WAR,74,Left,1000135352,Hawaii,2024,27
"Ronan, Cory",HAW_WAR,74,Left,826044,Hawaii,2025,137
"Renne, Dalton",HAW_WAR,79,Right,1000072399,Hawaii,2023,198
"Veloz, Danny",HAW_WAR,73,Right,1000310783,Hawaii,2024,56
"Dobyns, Kyle",HAW_WAR,77,Right,1000120373,Hawaii,2024,8
"Dobyns, Kyle",HAW_WAR,77,Right,1000120373,Hawaii,2025,25
"Dyball, Tyler",HAW_WAR,74,Right,1000080153,Hawaii,2023,58
"Dyball, Tyler",HAW_WAR,74,Right,1000080153,Hawaii,2024,30
"Waite, Dylan",HAW_WAR,74,Left,1000250726,Hawaii,2025,19
"Thomas, Ethan",HAW_WAR,77,Right,,Hawaii,2025,83
"Flores, Matthew",HAW_WAR,72,Right,1000134762,Hawaii,2023,28
"Rodriguez, Freddy",HAW_WAR,75,Right,,Hawaii,2025,134
"Gonzalez, Sebastian",HAW_WAR,70,Left,10108267,Hawaii,2024,122
"Gonzalez, Sebastian",HAW_WAR,70,Left,10108267,Hawaii,2025,193
"Gustin, Harry",HAW_WAR,72,Left,1000123734,Hawaii,2023,234
"Ichimura, Trevor",HAW_WAR,72,Right,1000058246,Hawaii,2023,69
"Magdaleno, Isaiah",HAW_WAR,75,Right,1000108734,Hawaii,2024,27
"Magdaleno, Isaiah",HAW_WAR,75,Right,1000108734,Hawaii,2025,177
"Takemoto, Itsuki",HAW_WAR,75,Right,1000310791,Hawaii,2024,85
"Takemoto, Itsuki",HAW_WAR,75,Right,823771,Hawaii,2025,206
"Urban, Jimmy",HAW_WAR,80,Left,1000029281,Hawaii,2025,25
"Jones, Max",HAW_WAR,69,Right,824242,Hawaii,2025,75
"Kiuchi, Levi",HAW_WAR,72,Right,1000138383,Hawaii,2023,45
"O'Brien, Liam",HAW_WAR,77,Right,801998,Hawaii,2025,160
"Losey, Zach",HAW_WAR,77,Right,1000054513,Hawaii,2023,50
"Tenn, Zacary",HAW_WAR,72,Right,1000115954,Hawaii,2024,31
"Tenn, Zacary",HAW_WAR,72,Right,1000115954,Hawaii,2025,78
"Grintz, Adam",HIG_PAN,74,Right,1000051192,High Point,2024,402
"Grintz, Adam",HIG_PAN,74,Right,1000051192,High Point,2025,525
"Montenegro, Adrian",HIG_PAN,70,Left,1000128540,High Point,2025,469
"Baker, Christian",HIG_PAN,76,Right,1000078680,High Point,2024,233
"Halladay, Braden",HIG_PAN,75,Right,1000030097,High Point,2023,508
"Halladay, Braden",HIG_PAN,75,Right,1000030097,High Point,2024,167
"Herrmann, Brent",HIG_PAN,74,Left,10010225,High Point,2025,98
"Wozniak, Brett",HIG_PAN,72,Left,1000048759,High Point,2023,747
"Wozniak, Brett",HIG_PAN,72,Left,1000048759,High Point,2024,1008
"Shawn, Brody",HIG_PAN,74,Right,806220,High Point,2025,74
"Garrett, Bryan",HIG_PAN,68,Right,1000248644,High Point,2025,317
"Rivera, Bryan",HIG_PAN,73,Right,1000115831,High Point,2024,152
"Butler, Cord",HIG_PAN,74,Right,1000122160,High Point,2025,650
"Chatham, Cael",HIG_PAN,73,Right,1000110760,High Point,2024,243
"Carter, Noah",HIG_PAN,77,Right,1000108939,High Point,2024,302
"Sheppard, Carter",HIG_PAN,78,Right,1000051334,High Point,2023,593
"Castor, Landon",HIG_PAN,75,Right,1000177389,High Point,2025,251
"Jones, Charlie",HIG_PAN,75,Right,1000161274,High Point,2025,192
"Neese, CJ",HIG_PAN,77,Right,1000036993,High Point,2023,158
"Harris, Cohen",HIG_PAN,74,Right,1000121587,High Point,2025,12
"Smith, Connor",HIG_PAN,76,Right,1000059653,High Point,2023,184
"Hitt, Dalton",HIG_PAN,70,Left,1000121249,High Point,2025,644
"Olsovsky, Dalton",HIG_PAN,71,Right,1000251274,High Point,2024,550
"Olsovsky, Dalton",HIG_PAN,71,Right,1000251274,High Point,2025,232
"Williams, Dalton",HIG_PAN,78,,1000023413,High Point,2023,384
"Williams, Dalton",HIG_PAN,78,Right,811723,High Point,2024,69
"Keith, David",HIG_PAN,73,Right,1000075488,High Point,2023,639
"Keith, David",HIG_PAN,73,Right,1000075488,High Point,2024,183
"Diehl, Liam",HIG_PAN,76,Right,1000097853,High Point,2024,30
"Duffy, Sean",HIG_PAN,76,Right,1000101437,High Point,2023,555
"Duffy, Sean",HIG_PAN,76,Right,1000101437,High Point,2024,150
"Story, Dylan",HIG_PAN,73,Right,1000279442,High Point,2025,930
"Vaughan, Everett",HIG_PAN,75,Right,1000091149,High Point,2023,284
"Glover, Lucas",HIG_PAN,77,Right,1000138461,High Point,2023,97
"Glover, Lucas",HIG_PAN,77,Right,1000138461,High Point,2024,157
"Hughes, Gus",HIG_PAN,72,Right,1000096579,High Point,2023,1132
"Hughes, Gus",HIG_PAN,72,Right,1000096579,High Point,2024,1286
"Polk, Howell",HIG_PAN,73,Right,10042195,High Point,2023,319
"Polk, Howell",HIG_PAN,73,Right,10042195,High Point,2024,363
"Polk, Howell",HIG_PAN,73,Right,10042195,High Point,2025,663
"Nathan, Jack",HIG_PAN,74,Left,1000059666,High Point,2023,70
"Potts, Jake",HIG_PAN,75,Right,1000268615,High Point,2024,265
"Tuttoilmondo, Joey",HIG_PAN,70,Right,1000268617,High Point,2024,287
"Tuttoilmondo, Joey",HIG_PAN,70,Right,1000268617,High Point,2025,466
"Lopez, Johannes",HIG_PAN,75,Right,10033547,High Point,2023,32
"Kimel, Mac",HIG_PAN,75,Left,1000075994,High Point,2025,178
"Libby, Patrick",HIG_PAN,74,Right,1000035969,High Point,2023,188
"Little, Matt",HIG_PAN,73,Left,801514,High Point,2024,961
"Wells, Mateo",HIG_PAN,77,Right,1000198484,High Point,2025,114
"Merritt, Teddy",HIG_PAN,78,Right,1000101435,High Point,2023,152
"Semon, Nick",HIG_PAN,72,Right,1000103197,High Point,2025,106
"Oswald, Zack",HIG_PAN,73,Left,811263,High Point,2024,30
"Viar, Reid",HIG_PAN,75,Right,1000101440,High Point,2023,278
"Romanias, Tyler",HIG_PAN,72,Left,1000257664,High Point,2024,258
"Smith, Tyler",HIG_PAN,73,Left,1000091487,High Point,2025,32
"Snyder, Tristan",HIG_PAN,75,Right,1000138465,High Point,2023,15
"Walton, Wade",HIG_PAN,77,Right,1000335270,High Point,2025,1224
"Gallagher, Aidan",HOF_PRI,70,Right,10149513,Hofstra,2025,15
"Bauer, Jackson",HOF_PRI,77,Left,1000251065,Hofstra,2025,973
"Bedford, Chris",HOF_PRI,72,Right,10294146,Hofstra,2025,31
" Camarda, Brad",HOF_PRI,72,Right,1000056285,Hofstra,2023,119
"Brown, Branden",HOF_PRI,75,Right,1000187162,Hofstra,2025,559
"Gregg, Brayden",HOF_PRI,68,Left,10106048,Hofstra,2025,448
"Hart, Brian",HOF_PRI,70,Right,1000218116,Hofstra,2023,41
"Hart, Brian",HOF_PRI,70,Right,1000218116,Hofstra,2024,123
"Hart, Brian",HOF_PRI,70,Right,823762,Hofstra,2025,218
"Henry, Cade",HOF_PRI,77,Right,1000218117,Hofstra,2023,300
"Henry, Cade",HOF_PRI,77,Right,1000218117,Hofstra,2024,219
"Martinez, Carlos",HOF_PRI,74,Right,1000218118,Hofstra,2023,129
"Martinez, Carlos",HOF_PRI,74,Right,1000218118,Hofstra,2024,810
"Castrataro, Tyler",HOF_PRI,70,Right,10274859,Hofstra,2025,85
"Rasmussen, Christian",HOF_PRI,75,Right,1000142896,Hofstra,2025,123
"Curreri, Joseph",HOF_PRI,72,Right,1000092015,Hofstra,2024,95
"Kelleher, Danny",HOF_PRI,76,Right,1000100842,Hofstra,2023,6
"Kelleher, Danny",HOF_PRI,76,Right,1000100842,Hofstra,2024,302
"Kelleher, Danny",HOF_PRI,76,Right,1000100842,Hofstra,2025,434
"Deslauriers, Jake",HOF_PRI,72,Right,1000218119,Hofstra,2024,102
"Faello, Mark ",HOF_PRI,72,Right,1000056284,Hofstra,2023,145
"Florides, Michael",HOF_PRI,72,Right,1000122794,Hofstra,2024,22
"Sullivan, Garrett",HOF_PRI,72,Left,1000100841,Hofstra,2023,2
"Lacourciere, Grady",HOF_PRI,74,Right,10294778,Hofstra,2025,573
"Haggerty, Matt",HOF_PRI,72,Left,10273331,Hofstra,2024,204
"Hamilton, Sean",HOF_PRI,73,Right,1000218126,Hofstra,2023,77
"Hamilton, Sean",HOF_PRI,73,Right,1000218126,Hofstra,2025,555
"Heyman, Michael",HOF_PRI,73,Right,10264724,Hofstra,2025,272
"Hunter, Russell",HOF_PRI,73,Right,1000139900,Hofstra,2024,295
"Jenks, Trent",HOF_PRI,71,Right,10297330,Hofstra,2025,148
"McCready, John",HOF_PRI,72,Right,10120994,Hofstra,2025,20
"Mikolaicyk, John",HOF_PRI,75,Right,1000110792,Hofstra,2023,188
"Kaenzig, Steven",HOF_PRI,71,Right,10012858,Hofstra,2023,62
"Kaenzig, Steven",HOF_PRI,71,Right,10012858,Hofstra,2024,511
"McKenna, Mike",HOF_PRI,71,Right,493534,Hofstra,2023,33
"McKenna, Mike",HOF_PRI,71,Right,1000312153,Hofstra,2024,362
"McLaughlin, Ryan",HOF_PRI,75,Right,1000309668,Hofstra,2024,231
"O'Hanlon, Michael",HOF_PRI,73,Right,1000061333,Hofstra,2023,93
"O'Hanlon, Michael",HOF_PRI,73,Right,1000061333,Hofstra,2024,791
"Nemjo, Tristan",HOF_PRI,75,Right,1000100835,Hofstra,2023,91
"Nemjo, Tristan",HOF_PRI,75,Right,1000100835,Hofstra,2025,891
"Sealey, Penn",HOF_PRI,76,Right,1000131878,Hofstra,2023,16
"Sealey, Penn",HOF_PRI,76,Right,1000131878,Hofstra,2024,193
" Rue, Ryan",HOF_PRI,70,Left,1000056274,Hofstra,2023,29
"Sanderoff, Tanner",HOF_PRI,72,Left,1000320998,Hofstra,2024,245
"Sanderoff, Tanner",HOF_PRI,72,Left,1000320998,Hofstra,2025,393
"Deutsch, Alexander",HOL_CRU,72,Left,1000136355,Holy Cross,2025,93
"Bryant, Alex",HOL_CRU,76,Right,1000041035,Holy Cross,2024,360
"Ambrosino, Jack",HOL_CRU,72,Right,1000119817,Holy Cross,2023,23
"Nesson, Andrew",HOL_CRU,72,Right,1000153811,Holy Cross,2024,166
"Nesson, Andrew",HOL_CRU,72,Right,1000153811,Holy Cross,2025,79
"Walters, Augie",HOL_CRU,75,Right,1000119802,Holy Cross,2023,112
"Walters, Augie",HOL_CRU,75,Right,1000119802,Holy Cross,2024,82
"Walters, Augie",HOL_CRU,75,Right,1000119802,Holy Cross,2025,41
"Talbot, Ben",HOL_CRU,72,Right,1000028031,Holy Cross,2023,156
"Graf, Brock",HOL_CRU,74,Right,809748,Holy Cross,2025,14
"Brown, Oliver",HOL_CRU,73,Right,10111048,Holy Cross,2023,117
"Brown, Oliver",HOL_CRU,73,Right,809065,Holy Cross,2024,19
"Chudy, Nate",HOL_CRU,79,Right,1000078673,Holy Cross,2023,232
"Citro, Marco",HOL_CRU,72,Right,1000233686,Holy Cross,2025,229
"Dowdle, Colin",HOL_CRU,74,Right,824039,Holy Cross,2025,58
"Macchiarola, Danny",HOL_CRU,74,Right,10111433,Holy Cross,2023,140
"Macchiarola, Danny",HOL_CRU,74,Right,809059,Holy Cross,2024,268
"Macchiarola, Danny",HOL_CRU,74,Right,809059,Holy Cross,2025,680
"Mateffy, Dan",HOL_CRU,76,Right,1000307709,Holy Cross,2024,139
"Mateffy, Dan",HOL_CRU,76,Right,1000307709,Holy Cross,2025,101
"Volz, Derek",HOL_CRU,72,Left,10103089,Holy Cross,2025,420
"Hunt, Devin",HOL_CRU,75,Right,10277363,Holy Cross,2025,34
"DiLauro, Jack",HOL_CRU,73,Right,1000078669,Holy Cross,2023,92
"Fletcher, Nick",HOL_CRU,74,Right,1000119831,Holy Cross,2024,138
"Fox, Luke",HOL_CRU,73,Right,1000134339,Holy Cross,2023,57
"Gardiner, Lion",HOL_CRU,70,Right,10148315,Holy Cross,2024,47
"Harnisch, Nick",HOL_CRU,72,Right,10053714,Holy Cross,2024,128
"Harnisch, Nick",HOL_CRU,72,Right,10053714,Holy Cross,2025,154
"Wywoda, Jaden",HOL_CRU,75,Right,1000142975,Holy Cross,2023,95
"Wywoda, Jaden",HOL_CRU,75,Right,809064,Holy Cross,2024,256
"Wywoda, Jaden",HOL_CRU,75,Right,809064,Holy Cross,2025,724
"Lenahan, Jake",HOL_CRU,71,Right,10264229,Holy Cross,2025,318
"McOsker, Jake",HOL_CRU,72,Left,1000078670,Holy Cross,2023,86
"Needham, Jake",HOL_CRU,75,Right,1000146299,Holy Cross,2023,60
"Needham, Jake",HOL_CRU,75,Right,809062,Holy Cross,2024,200
"Needham, Jake",HOL_CRU,75,Right,809062,Holy Cross,2025,19
"LeMond, Luke",HOL_CRU,74,Right,10075562,Holy Cross,2023,210
"LeMond, Luke",HOL_CRU,74,Right,809069,Holy Cross,2024,184
"LeMond, Luke",HOL_CRU,74,Right,809069,Holy Cross,2025,250
"Leon, Pedro",HOL_CRU,74,Right,1000392179,Holy Cross,2025,226
"Mudd, Tyler",HOL_CRU,69,Left,1000119846,Holy Cross,2023,67
"Sutman, Payton",HOL_CRU,75,Right,1000119838,Holy Cross,2023,110
"Sutman, Payton",HOL_CRU,75,Right,1000119838,Holy Cross,2024,203
"Russotti, Will",HOL_CRU,71,Right,10114471,Holy Cross,2025,40
"Scanlon, Sean",HOL_CRU,75,Right,1000119840,Holy Cross,2023,237
"Scanlon, Sean",HOL_CRU,75,Right,809071,Holy Cross,2024,34
"Scanlon, Sean",HOL_CRU,75,Right,809071,Holy Cross,2025,440
"Skrobe, Thomas",HOL_CRU,70,Right,1000110853,Holy Cross,2024,139
"Skrobe, Thomas",HOL_CRU,70,Right,1000110853,Holy Cross,2025,45
"Wieder, Zach",HOL_CRU,74,Right,10058557,Holy Cross,2024,38
"Solis, Alex",HOU_COU,73,Right,1000271192,Houston,2024,438
"Solis, Alex",HOU_COU,73,Right,1000271192,Houston,2025,532
"Perez, Andres",HOU_COU,68,Right,1000222621,Houston,2025,339
"Jean, Antoine",HOU_COU,74,Left,683328,Houston,2024,970
"Jean, Antoine",HOU_COU,74,Left,683328,Houston,2025,958
"Ayers, Kyle",HOU_COU,73,Right,1000072799,Houston,2023,616
"Benzor, Michael",HOU_COU,76,Left,809141,Houston,2024,276
"Benzor, Michael",HOU_COU,76,Left,809141,Houston,2025,182
"Boushele, Harrison",HOU_COU,74,Right,1000308163,Houston,2025,118
"Forsyth, Braden",HOU_COU,76,Right,1000083820,Houston,2023,341
"Fuller, Brady",HOU_COU,76,Right,1000113749,Houston,2025,227
"Cunningham, Braedyn",HOU_COU,76,Right,1000107578,Houston,2023,138
"O'Donnell, Brendan",HOU_COU,74,Left,1000099737,Houston,2023,234
"O'Donnell, Brendan",HOU_COU,74,Left,812371,Houston,2024,272
"Walker, Bryson",HOU_COU,71,Left,1000050982,Houston,2023,123
"Citelli, Cade",HOU_COU,75,Right,1000072243,Houston,2023,524
"Citelli, Cade",HOU_COU,75,Right,699530,Houston,2024,690
"Nickens, Cameron",HOU_COU,75,Right,1000114240,Houston,2023,14
"Scinta, Chris",HOU_COU,72,Left,701371,Houston,2025,458
"Stuart, Chris",HOU_COU,73,Left,1000271213,Houston,2024,383
"DeJesus, Coby",HOU_COU,71,Right,1000196141,Houston,2023,21
"Osier, Connor",HOU_COU,77,Right,10308832,Houston,2025,40
"Stich, David",HOU_COU,77,Right,826938,Houston,2025,264
"Luzardo, Diego",HOU_COU,72,Right,806438,Houston,2024,280
"Luzardo, Diego",HOU_COU,72,Right,806438,Houston,2025,368
"Dollar, Ryan",HOU_COU,75,Right,10111744,Houston,2023,70
"Dollar, Ryan",HOU_COU,75,Right,10111744,Houston,2024,413
"Dollar, Ryan",HOU_COU,75,Right,10111744,Houston,2025,292
"Drezek, Graysen",HOU_COU,75,Right,1000196154,Houston,2023,341
"Drezek, Graysen",HOU_COU,75,Right,804623,Houston,2024,295
"Drezek, Graysen",HOU_COU,75,Right,804623,Houston,2025,595
"Howard, Duncan",HOU_COU,75,Right,822861,Houston,2024,429
"Ekness, Josh",HOU_COU,76,Right,1000101902,Houston,2023,844
"Van Valkenburg, Eric",HOU_COU,74,Right,805167,Houston,2025,132
"Hoffman, Kendall",HOU_COU,78,Right,10136585,Houston,2025,619
"Jelkin, Jaxon",HOU_COU,77,Right,801210,Houston,2024,426
"Murray, Justin",HOU_COU,72,Right,1000121006,Houston,2023,370
"Murray, Justin",HOU_COU,72,Right,812365,Houston,2024,274
"LaCalameto, Kyle",HOU_COU,74,Left,1000054027,Houston,2024,572
"Lott, Malachi",HOU_COU,69,Left,10027304,Houston,2023,237
"Lott, Malachi",HOU_COU,69,Left,800733,Houston,2025,309
"Miller, Maddux",HOU_COU,76,Right,1000080122,Houston,2023,258
"Sears, Merek",HOU_COU,75,Left,1000118948,Houston,2023,7
"Woodward, Owen",HOU_COU,75,Right,1000113714,Houston,2023,430
"Woodward, Owen",HOU_COU,75,Right,699257,Houston,2024,307
"Schmitz, Paul",HOU_COU,80,Right,1000077688,Houston,2023,425
"Schmitz, Paul",HOU_COU,80,Right,812367,Houston,2024,250
"Schmitz, Paul",HOU_COU,80,Right,812367,Houston,2025,1143
"Phelps, Travis",HOU_COU,76,Right,1000085552,Houston,2023,59
"Marquez, Alejandro",HBU_HUS,74,Right,1000122195,Houston Christian,2025,32
"Baker, Trent",HBU_HUS,72,Right,1000228898,Houston Christian,2023,13
"Barry-Smith, Justin",HBU_HUS,71,Right,1000094182,Houston Christian,2023,58
"Baumann, Baylor",HBU_HUS,70,Right,10033001,Houston Christian,2023,51
"Baumann, Baylor",HBU_HUS,70,Right,809451,Houston Christian,2024,217
"Bennevendo, Reuben",HBU_HUS,69,Right,1000080065,Houston Christian,2025,27
"Smith, Ben",HBU_HUS,78,Right,1000113337,Houston Christian,2025,384
"Gilley, Brayden",HBU_HUS,76,Right,1000165200,Houston Christian,2024,142
"Shoffner, Brock",HBU_HUS,76,Right,1000190866,Houston Christian,2023,34
"Shoffner, Brock",HBU_HUS,76,Right,1000190866,Houston Christian,2024,145
"Toney, Bryce",HBU_HUS,72,Left,1000037515,Houston Christian,2023,70
"Matthews, Caleb",HBU_HUS,70,Right,1000112334,Houston Christian,2025,69
"Campbell, Luke",HBU_HUS,74,Right,1000102941,Houston Christian,2025,14
"Caravalho, Joshua",HBU_HUS,79,Right,1000196134,Houston Christian,2025,402
"Cashion, Mitchell",HBU_HUS,74,Right,1000150135,Houston Christian,2023,14
"McNicholas, Cash",HBU_HUS,71,Right,1000050836,Houston Christian,2023,13
"Castano, Louis",HBU_HUS,70,Right,1000097712,Houston Christian,2025,285
"Maxwell, Cayden",HBU_HUS,72,Right,1000165231,Houston Christian,2024,4
"Ricker, Chad",HBU_HUS,73,Right,1000050814,Houston Christian,2023,101
"Diaz, Christian",HBU_HUS,73,Right,823045,Houston Christian,2024,64
"Coronel, Ethan",HBU_HUS,72,Right,1000165284,Houston Christian,2024,135
"Cyr, Jacob",HBU_HUS,71,Left,1000219876,Houston Christian,2025,284
"Dagley, Ty",HBU_HUS,71,Left,823040,Houston Christian,2024,107
"Farrow, Daniel",HBU_HUS,74,Right,1000107585,Houston Christian,2023,92
"Wilson, Dave",HBU_HUS,72,Right,1000306108,Houston Christian,2024,49
"Edwards, Parker",HBU_HUS,77,Right,809471,Houston Christian,2024,178
"Edwards, Parker",HBU_HUS,77,Right,809471,Houston Christian,2025,369
"Ewald, Tim",HBU_HUS,72,Left,1000049442,Houston Christian,2023,45
"Feltman, Jett",HBU_HUS,75,Right,823034,Houston Christian,2024,147
"Feltman, Jett",HBU_HUS,75,Right,823034,Houston Christian,2025,118
"Ferazzi, Nick",HBU_HUS,74,Right,1000400274,Houston Christian,2025,132
"Gunter, Rye",HBU_HUS,77,Right,1000017014,Houston Christian,2023,176
"Gunter, Rye",HBU_HUS,77,Right,1000017014,Houston Christian,2024,112
"Hamilton, Jack",HBU_HUS,72,Right,1000113698,Houston Christian,2024,149
"Hamilton, Jack",HBU_HUS,72,Right,1000113698,Houston Christian,2025,34
"Kirkpatrick, James",HBU_HUS,73,Right,685811,Houston Christian,2024,29
"Wells, Jarek",HBU_HUS,73,Right,10018045,Houston Christian,2023,85
"Wells, Jarek",HBU_HUS,73,Right,1000236745,Houston Christian,2024,195
"Smitherman, Javan",HBU_HUS,70,Right,1000082277,Houston Christian,2023,77
"Valdez, Jonathan",HBU_HUS,71,Right,10034021,Houston Christian,2023,254
"Valdez, Jonathan",HBU_HUS,71,Right,809456,Houston Christian,2024,150
"Mentzel, Kyler",HBU_HUS,74,Right,1000211964,Houston Christian,2025,141
"Marsh, Remy",HBU_HUS,73,Right,10031916,Houston Christian,2025,61
"McCloskey, Tyler",HBU_HUS,74,Right,1000122780,Houston Christian,2025,18
"Willard, Nicholas",HBU_HUS,75,Right,823039,Houston Christian,2024,157
"Wilson, Nolan",HBU_HUS,72,Right,1000107552,Houston Christian,2023,76
"Wilson, Nolan",HBU_HUS,72,Right,809474,Houston Christian,2024,75
"Ripoll, Will",HBU_HUS,72,Right,1000048192,Houston Christian,2023,201
"Ryan, Zach",HBU_HUS,73,Right,1000190865,Houston Christian,2023,95
"Ryan, Zach",HBU_HUS,73,Right,1000190865,Houston Christian,2024,101
"Valka, Trey",HBU_HUS,75,Right,1000120276,Houston Christian,2023,47
"Zander, Walker",HBU_HUS,76,Right,1000190870,Houston Christian,2023,148
"Vera, Alex",ILL_ILL,72,Left,1000050778,Illinois,2023,405
"Banker, Brady",ILL_ILL,71,Left,1000188478,Illinois,2023,45
"Bates, Zach",ILL_ILL,74,Left,831337,Illinois,2025,308
"Bennett, Gavin",ILL_ILL,71,Right,10075259,Illinois,2023,2
"Plumley, Ben",ILL_ILL,74,Right,1000109563,Illinois,2023,23
"Plumley, Ben",ILL_ILL,74,Right,812529,Illinois,2024,544
"Plumley, Ben",ILL_ILL,74,Right,812529,Illinois,2025,682
"Mazzacano, Brayden",ILL_ILL,74,Left,831320,Illinois,2025,83
"Bunselmeyer, Korey",ILL_ILL,72,Right,1000101165,Illinois,2023,302
"Bunselmeyer, Korey",ILL_ILL,72,Right,1000101165,Illinois,2024,416
"Morel, Christian",ILL_ILL,70,Right,831336,Illinois,2025,99
"Clark, Evan",ILL_ILL,72,Left,810848,Illinois,2024,186
"Clark, Evan",ILL_ILL,72,Left,810848,Illinois,2025,246
"Milton, Connor",ILL_ILL,72,Right,1000100249,Illinois,2023,28
"Constertina, TJ",ILL_ILL,72,Right,1000169881,Illinois,2023,508
"Omans, Cooper",ILL_ILL,70,Left,1000051209,Illinois,2024,821
"Crowder, Jack",ILL_ILL,76,Right,1000050775,Illinois,2023,401
"Crowder, Jack",ILL_ILL,76,Right,694879,Illinois,2024,1406
"Daly, Ryan",ILL_ILL,77,Right,831333,Illinois,2025,355
"Dye, Mitch",ILL_ILL,75,Right,813868,Illinois,2025,288
"Helder, Gabe",ILL_ILL,75,Right,1000132721,Illinois,2023,37
"Gannon, Reed",ILL_ILL,75,Left,1000076623,Illinois,2024,107
"Gannon, Reed",ILL_ILL,75,Left,831331,Illinois,2025,278
"Girard, Nolan",ILL_ILL,75,Left,831332,Illinois,2025,164
"Glassey, Joe",ILL_ILL,75,Right,1000084472,Illinois,2023,508
"Glassey, Joe",ILL_ILL,75,Right,812521,Illinois,2024,457
"Gowens, Riley",ILL_ILL,75,Right,1000054472,Illinois,2023,694
"Hall, Regan",ILL_ILL,73,Left,1000111337,Illinois,2024,557
"Hall, Regan",ILL_ILL,73,Left,831323,Illinois,2025,743
"Hutchings, Payton",ILL_ILL,72,Left,1000078016,Illinois,2023,49
"Hutchings, Payton",ILL_ILL,72,Left,1000078016,Illinois,2024,681
"Hutchings, Payton",ILL_ILL,72,Left,812515,Illinois,2025,381
"Wenninger, Jack",ILL_ILL,76,Right,1000099728,Illinois,2023,935
"Rons, Jake",ILL_ILL,73,Right,811563,Illinois,2024,396
"Swartz, Jake",ILL_ILL,72,Right,1000188477,Illinois,2023,549
"Swartz, Jake",ILL_ILL,72,Right,1000188477,Illinois,2024,595
"Swartz, Jake",ILL_ILL,72,Right,805813,Illinois,2025,242
"Lundgren, John",ILL_ILL,71,Left,1000083731,Illinois,2023,227
"Sanchez, Julius",ILL_ILL,72,Right,1000110013,Illinois,2023,584
"Sanchez, Julius",ILL_ILL,72,Right,1000110013,Illinois,2024,236
"Sanchez, Julius",ILL_ILL,72,Right,1000110013,Illinois,2025,71
"Lavin, Will",ILL_ILL,71,Right,1000271035,Illinois,2024,319
"Tabeling, Logan",ILL_ILL,71,Right,1000098810,Illinois,2023,205
"Tabeling, Logan",ILL_ILL,71,Right,805841,Illinois,2024,394
"Weber, Luke",ILL_ILL,72,Right,815565,Illinois,2025,147
"Marley, Reece",ILL_ILL,71,Left,831326,Illinois,2025,65
"O'Hara, Ryan",ILL_ILL,74,Left,1000084476,Illinois,2023,88
"Reed, Sam",ILL_ILL,73,Left,811335,Illinois,2024,523
"Reed, Sam",ILL_ILL,73,Left,811335,Illinois,2025,603
"Schmitt, Tyler",ILL_ILL,75,Right,831325,Illinois,2025,859
"White, Tommy",ILL_ILL,76,Right,1000188479,Illinois,2023,37
"Addari, Michael",ILL_RED,78,Right,809085,Illinois St.,2025,202
"Pardo, Anthony",ILL_RED,74,Right,10309193,Illinois St.,2025,69
"Dandelet, Ben",ILL_RED,75,Right,10019230,Illinois St.,2024,74
"Berger, Leo",ILL_RED,75,Right,10022603,Illinois St.,2025,87
"Borberg, Ryan",ILL_RED,74,Right,1000093443,Illinois St.,2023,352
"Roesch, Braden",ILL_RED,74,Left,1000119236,Illinois St.,2024,300
"Roesch, Braden",ILL_RED,74,Left,1000119236,Illinois St.,2025,248
"Mabee, Cameron",ILL_RED,75,Right,1000061163,Illinois St.,2023,601
"Mabee, Cameron",ILL_RED,75,Right,1000061163,Illinois St.,2024,636
"Monke, Carter",ILL_RED,74,Right,1000132054,Illinois St.,2024,395
"Monke, Carter",ILL_RED,74,Right,1000132054,Illinois St.,2025,644
"Chadwick, Tyrelle",ILL_RED,76,Right,1000132758,Illinois St.,2023,486
"Chadwick, Tyrelle",ILL_RED,76,Right,1000132758,Illinois St.,2024,605
"Chadwick, Tyrelle",ILL_RED,76,Right,1000132758,Illinois St.,2025,784
"Conklin, MacCallan",ILL_RED,73,Right,1000187772,Illinois St.,2024,10
"Conklin, MacCallan",ILL_RED,73,Right,1000187772,Illinois St.,2025,307
"Dale, Elijah",ILL_RED,71,Right,1000050292,Illinois St.,2023,436
"Salata, Derek",ILL_RED,75,Right,1000057774,Illinois St.,2023,851
"Donnison, Matthew",ILL_RED,74,Right,10148161,Illinois St.,2024,372
"Donnison, Matthew",ILL_RED,73,Right,10148161,Illinois St.,2025,505
"Kubiatowicz, Erik",ILL_RED,75,Right,1000079186,Illinois St.,2023,410
"Kubiatowicz, Erik",ILL_RED,75,Right,1000079186,Illinois St.,2024,185
"Finn, Jack",ILL_RED,74,Left,1000250788,Illinois St.,2025,77
"Foy, Justin",ILL_RED,76,Right,1000027262,Illinois St.,2023,15
"Harper, Thomas",ILL_RED,76,Right,1000187776,Illinois St.,2023,516
"Harper, Thomas",ILL_RED,76,Right,1000187776,Illinois St.,2024,367
"Harper, Thomas",ILL_RED,77,Right,1000187776,Illinois St.,2025,595
"Hart, Jared",ILL_RED,72,Left,1000082447,Illinois St.,2023,206
"Hibbard, Jayson",ILL_RED,77,Right,1000056168,Illinois St.,2023,574
"Holcomb, Zach",ILL_RED,70,Left,1000049001,Illinois St.,2023,211
"Husak, Joe",ILL_RED,73,Right,802186,Illinois St.,2024,425
"Husak, Joe",ILL_RED,73,Right,802186,Illinois St.,2025,350
"Wilmoth, Joey",ILL_RED,74,Right,1000146333,Illinois St.,2023,182
"Wilmoth, Joey",ILL_RED,74,Right,1000146333,Illinois St.,2024,76
"Wilmoth, Joey",ILL_RED,73,Right,1000146333,Illinois St.,2025,14
"Lussier, Jordan",ILL_RED,74,Right,1000083455,Illinois St.,2024,24
"Schubert, Justin",ILL_RED,74,Right,1000113122,Illinois St.,2023,24
"Scherbenske, Kolton",ILL_RED,74,Right,1000096586,Illinois St.,2023,178
"Minshew, Lawson",ILL_RED,73,Right,10131097,Illinois St.,2024,115
"Minshew, Lawson",ILL_RED,72,Right,10131097,Illinois St.,2025,29
"Perry, Tanner",ILL_RED,73,Right,811697,Illinois St.,2024,826
"Perry, Tanner",ILL_RED,74,Right,811697,Illinois St.,2025,746
"Weaver, Ryan",ILL_RED,74,Left,1000187774,Illinois St.,2023,159
"Weaver, Ryan",ILL_RED,74,Left,1000187774,Illinois St.,2025,401
"Rybarczyk, Tresdon",ILL_RED,71,Right,1000126805,Illinois St.,2024,57
"Rybarczyk, Tresdon",ILL_RED,70,Right,1000126805,Illinois St.,2025,323
"Schriefer, Toby",ILL_RED,75,Right,10053572,Illinois St.,2025,152
"Sinisko, Sean",ILL_RED,77,Left,1000057765,Illinois St.,2023,203
"Vega, Adrian",IU,72,Right,1000125521,Indiana,2023,177
"Gubitosi, Anthony",IU,71,Left,823747,Indiana,2025,296
"Decker-Petty, Aydan",IU,77,Right,1000110624,Indiana,2023,24
"Decker-Petty, Aydan",IU,77,Right,1000110624,Indiana,2024,537
"Decker-Petty, Aydan",IU,77,Right,804897,Indiana,2025,384
"Ball, Nathan",IU,75,Left,1000078187,Indiana,2023,33
"Benes, Seth",IU,74,Right,10120397,Indiana,2024,76
"Benes, Seth",IU,74,Right,806468,Indiana,2025,192
"Grable, Ben",IU,76,Right,695066,Indiana,2025,820
"Seiler, Ben",IU,78,Left,1000079235,Indiana,2023,304
"Bohnert, Matthew",IU,68,Left,810066,Indiana,2025,16
"Bothwell, Ty",IU,70,Left,1000049203,Indiana,2023,216
"Bothwell, Ty",IU,70,Left,1000049203,Indiana,2024,1124
"Keyster, Brandon",IU,75,Left,1000119590,Indiana,2024,226
"Risedorph, Brayden",IU,75,Right,1000096224,Indiana,2023,341
"Risedorph, Brayden",IU,75,Right,1000096224,Indiana,2024,815
"Thomas, Brayton",IU,77,Left,815557,Indiana,2025,226
"Ey, Brooks",IU,74,Right,1000100091,Indiana,2023,188
"Brummel, Henry",IU,77,Right,827612,Indiana,2025,176
"Buhr, Drew",IU,73,Right,813824,Indiana,2024,761
"Buhr, Drew",IU,73,Right,813824,Indiana,2025,306
"Koskie, Caleb",IU,72,Left,830355,Indiana,2025,65
"Gilley, Cole",IU,73,Right,809126,Indiana,2025,876
"Foley, Connor",IU,77,Right,1000107637,Indiana,2023,195
"Foley, Connor",IU,77,Right,805879,Indiana,2024,1113
"Hellman, Cooper",IU,76,Right,1000220097,Indiana,2023,60
"Katskee, Cooper",IU,76,Right,1000233766,Indiana,2023,30
"Katskee, Cooper",IU,76,,811683,Indiana,2024,66
"Yoho, Craig",IU,75,Right,1000056404,Indiana,2023,234
"Swanson, Deron",IU,75,Left,830354,Indiana,2025,284
"Eldridge, Will",IU,76,Right,804885,Indiana,2025,80
"Shaw, Eli",IU,74,Right,10095550,Indiana,2024,175
"Phillips, Ethan",IU,72,Right,1000115830,Indiana,2023,110
"Phillips, Ethan",IU,73,Right,1000115830,Indiana,2024,555
"Whiteaker, Evan",IU,76,Right,1000220094,Indiana,2023,77
"Whiteaker, Evan",IU,76,Right,1000220094,Indiana,2024,172
"Seebold, Gavin",IU,74,Right,830353,Indiana,2025,789
"Holderfield, Grant",IU,75,Left,10010057,Indiana,2024,222
"Holderfield, Grant",IU,75,Left,830347,Indiana,2025,438
"Haas, Pete",IU,72,Right,823761,Indiana,2025,482
"Hayden, Luke",IU,73,Right,1000061925,Indiana,2023,154
"Yarberry, Jackson",IU,75,Right,830352,Indiana,2025,289
"Moffitt, Jack",IU,79,Right,1000253093,Indiana,2024,273
"Vogel, Jacob",IU,79,Right,811717,Indiana,2024,350
"Vogel, Jacob",IU,79,Right,811717,Indiana,2025,176
"Tonghini, Julian",IU,75,Right,1000119461,Indiana,2024,641
"Kraft, Ryan",IU,76,Left,1000076874,Indiana,2023,402
"Kraft, Ryan",IU,76,Left,801993,Indiana,2024,448
"Kraft, Ryan",IU,76,Left,801993,Indiana,2025,706
"Sinnard, Luke",IU,80,Right,10030324,Indiana,2023,645
"Manase, Seti",IU,75,Right,1000138338,Indiana,2023,184
"Manase, Seti",IU,76,Right,1000138338,Indiana,2024,165
"Rushing, Ryan",IU,70,Left,1000209030,Indiana,2024,206
"Rushing, Ryan",IU,70,Left,830349,Indiana,2025,276
"Rybarczyk, Ty",IU,70,Right,1000084463,Indiana,2024,375
"Telfer, Trey",IU,73,Right,830350,Indiana,2025,139
"Moss, Aaron",IND_SYC,70,Right,1000121795,Indiana St.,2023,28
"Moss, Aaron",IND_SYC,70,Right,1000121795,Indiana St.,2024,32
"Moss, Aaron",IND_SYC,70,Right,1000121795,Indiana St.,2025,206
"Berghorst, Adam",IND_SYC,79,Right,689152,Indiana St.,2024,41
"Armstrong, Jack",IND_SYC,77,Right,10267325,Indiana St.,2025,576
"Banker, Brady",IND_SYC,71,Left,1000188478,Indiana St.,2025,128
"Lybarger , Brayden ",IND_SYC,78,Right,1000180799,Indiana St.,2023,58
"Lybarger , Brayden",IND_SYC,78,Right,1000180799,Indiana St.,2024,23
"Lybarger, Brayden",IND_SYC,78,Right,1000180799,Indiana St.,2024,34
"Cutts, Brennyn",IND_SYC,75,Right,1000121796,Indiana St.,2023,181
"Cutts, Brennyn",IND_SYC,75,Right,1000121796,Indiana St.,2024,524
"Suriel, Breyllin",IND_SYC,71,Right,1000227394,Indiana St.,2025,806
"Brooks, Ty",IND_SYC,71,Right,1000095814,Indiana St.,2025,704
"Schrader, Caden",IND_SYC,69,Right,10046225,Indiana St.,2025,73
"Holycross, Cameron",IND_SYC,70,Right,1000083990,Indiana St.,2023,218
"Holycross, Cameron",IND_SYC,70,Right,801375,Indiana St.,2024,207
"Seeman, Carson",IND_SYC,74,Right,1000072737,Indiana St.,2025,385
"Chace, Cole",IND_SYC,74,Right,1000095764,Indiana St.,2025,119
"Morse, Colby",IND_SYC,70,Right,1000128195,Indiana St.,2025,517
"Gilley, Cole",IND_SYC,73,Right,1000076696,Indiana St.,2023,18
"Gilley, Cole",IND_SYC,73,Right,809126,Indiana St.,2024,381
"Pacheco, Cole",IND_SYC,76,Right,1000345442,Indiana St.,2025,7
"Fenlong, Connor",IND_SYC,76,Right,1000059299,Indiana St.,2023,473
"Cortner, Kyle",IND_SYC,75,Left,1000232277,Indiana St.,2023,48
"Cortner, Kyle",IND_SYC,75,Left,809128,Indiana St.,2024,36
"Davidson, Zach",IND_SYC,69,Left,1000116817,Indiana St.,2023,50
"Davidson, Zach",IND_SYC,69,Left,1000116817,Indiana St.,2024,331
"Estrella, Emil",IND_SYC,73,Right,1000275240,Indiana St.,2025,131
"Morris, Gavin",IND_SYC,73,Right,1000077018,Indiana St.,2025,630
"Parson, Grant",IND_SYC,77,Right,1000280840,Indiana St.,2025,324
"Gregersen, Simon",IND_SYC,75,Right,1000112260,Indiana St.,2023,122
"Gregersen, Simon",IND_SYC,75,Right,809130,Indiana St.,2024,180
"Hayden, Luke",IND_SYC,73,Right,1000180634,Indiana St.,2024,541
"Jachec, Matt",IND_SYC,72,Right,1000083987,Indiana St.,2023,532
"Pruitt, Jacob",IND_SYC,73,Right,10005440,Indiana St.,2023,152
"Pruitt, Jacob",IND_SYC,73,Right,809131,Indiana St.,2024,346
"Spencer, Jacob",IND_SYC,75,Right,1000189110,Indiana St.,2024,37
"Spencer, Jacob",IND_SYC,76,Right,1000189110,Indiana St.,2025,297
"Spencer, Jared",IND_SYC,75,Left,1000121821,Indiana St.,2023,163
"Spencer, Jared",IND_SYC,75,Left,1000121821,Indiana St.,2024,326
"Karst, Ryan",IND_SYC,75,Right,1000233030,Indiana St.,2025,37
"Miller, Lane",IND_SYC,76,Right,1000023897,Indiana St.,2023,355
"Lyerly, Wes",IND_SYC,71,Right,1000313872,Indiana St.,2025,4
"Parenteau, Matt",IND_SYC,78,Right,1000091037,Indiana St.,2024,10
"McEwen, Max",IND_SYC,74,Right,809124,Indiana St.,2024,80
"McEwen, Max",IND_SYC,74,Right,809124,Indiana St.,2025,874
"Hunt, Alex",ION_GAE,72,Right,1000127398,Iona,2023,72
"Hunt, Alex",ION_GAE,73,Right,1000127398,Iona,2024,29
"Payamps, Andrelys",ION_GAE,71,Right,1000301567,Iona,2024,172
"Payamps, Andrelys",ION_GAE,71,Right,1000301567,Iona,2025,72
"Gaines, Andrew",ION_GAE,77,Right,1000231381,Iona,2023,78
"Gaines, Andrew",ION_GAE,77,Right,1000231381,Iona,2024,91
"Bates, Gavin",ION_GAE,74,Right,1000054030,Iona,2023,44
"Bekios, Joseph",ION_GAE,72,Right,1000301565,Iona,2025,6
"Pettrey, Brandon",ION_GAE,71,Left,1000167708,Iona,2025,14
"Callanan, Brendan",ION_GAE,72,Right,10108154,Iona,2024,31
"Callanan, Brendan",ION_GAE,72,Right,10108154,Iona,2025,100
"Kuentzel, Carl",ION_GAE,67,Left,1000213545,Iona,2023,107
"Kuentzel, Carl",ION_GAE,68,Left,1000213545,Iona,2024,179
"Kuentzel, Carl",ION_GAE,68,Left,1000213545,Iona,2025,65
"Chiaia, Nick",ION_GAE,72,Right,1000127406,Iona,2023,125
"Chiaia, Nick",ION_GAE,70,Right,1000127406,Iona,2024,98
"Chiaia, Nick",ION_GAE,70,Right,1000127406,Iona,2025,11
"Eder, Clark",ION_GAE,76,Right,1000024911,Iona,2023,46
"Conyers, Loncey",ION_GAE,75,Right,1000059033,Iona,2023,173
"Haseley, Cooper",ION_GAE,75,Right,90000241837,Iona,2023,149
"Haseley, Cooper",ION_GAE,75,Right,90000241837,Iona,2024,88
"Davis, Sean",ION_GAE,72,Left,1000140976,Iona,2023,26
"Davis, Sean",ION_GAE,72,Left,1000140976,Iona,2025,18
"Gialloreto, Eric",ION_GAE,69,Right,1000140755,Iona,2023,96
"Gialloreto, Eric",ION_GAE,69,Right,1000140755,Iona,2024,36
"Gialloreto, Eric",ION_GAE,70,Right,1000140755,Iona,2025,104
"Hard, Kyle",ION_GAE,74,Right,1000180622,Iona,2024,92
"Hard, Kyle",ION_GAE,74,Right,1000180622,Iona,2025,29
"Kossow, Jackson",ION_GAE,74,Right,1000337227,Iona,2025,119
"Kasper, Joey",ION_GAE,72,Right,1000127410,Iona,2023,106
"Kasper, Joey",ION_GAE,72,Right,1000127410,Iona,2024,217
"Kasper, Joey",ION_GAE,72,Right,1000127410,Iona,2025,75
"Velazquez, Julian",ION_GAE,72,Right,1000213550,Iona,2023,40
"Velazquez, Julian",ION_GAE,72,Right,1000213550,Iona,2024,25
"Lasbury, Robert",ION_GAE,69,Right,1000301562,Iona,2024,51
"Lender, Tyler",ION_GAE,74,Right,1000127407,Iona,2024,29
"Lender, Tyler",ION_GAE,74,Right,1000127407,Iona,2025,82
"Lorenzetti, Michael",ION_GAE,81,Right,1000213551,Iona,2023,78
"Lorenzetti, Michael",ION_GAE,81,Right,811688,Iona,2024,154
"Mata, Saul",ION_GAE,70,Left,10300238,Iona,2024,70
"Mata, Saul",ION_GAE,70,Left,10300238,Iona,2025,80
"Wessels, Matt",ION_GAE,73,Right,1000127395,Iona,2023,30
"Zguro, Matt",ION_GAE,73,Right,1000127405,Iona,2023,53
"Zguro, Matt",ION_GAE,73,Right,1000127405,Iona,2024,102
"Untracht, Michael",ION_GAE,72,Left,1000080254,Iona,2023,192
"O'Sullivan, Thomas",ION_GAE,70,Right,1000080266,Iona,2023,53
"Rockey, Ronald",ION_GAE,75,Left,813774,Iona,2025,27
"Torrado, Teo",ION_GAE,73,Right,1000213561,Iona,2023,167
"Torrado, Teo",ION_GAE,73,Right,1000213561,Iona,2024,81
"Haston, Brandon",JAC_TIG,73,Left,809308,Jackson St.,2024,122
"Haston, Brandon",JAC_TIG,73,Left,809308,Jackson St.,2025,219
"Gallant, Caleb",JAC_TIG,72,Right,828382,Jackson St.,2025,117
"Foster, Carson",JAC_TIG,71,Left,830230,Jackson St.,2025,76
"Womble, Christian",JAC_TIG,72,Right,1000179645,Jackson St.,2024,100
"Lewis, CJ",JAC_TIG,74,Right,1000250457,Jackson St.,2024,39
"Lewis, CJ",JAC_TIG,74,Right,1000250457,Jackson St.,2025,102
"Didder, Nkosi",JAC_TIG,74,Right,1000227542,Jackson St.,2025,72
"Elliott, Eric",JAC_TIG,75,Left,830233,Jackson St.,2025,62
"VanDeventer, Garrett",JAC_TIG,74,Left,822123,Jackson St.,2024,19
"Harris, Shemar",JAC_TIG,73,Right,822124,Jackson St.,2024,66
"Lourens, Je-Andrick",JAC_TIG,70,Left,1000143661,Jackson St.,2024,123
"Lourens, Je-Andrick",JAC_TIG,70,Left,1000143661,Jackson St.,2025,180
"Thomas, Miles",JAC_TIG,75,Right,809322,Jackson St.,2024,22
"Thomas, Miles",JAC_TIG,75,Right,809322,Jackson St.,2025,146
"Patty, Tyshon",JAC_TIG,72,Right,807223,Jackson St.,2024,20
"Patty, Tyshon",JAC_TIG,72,Right,807223,Jackson St.,2025,30
"Zenus, Aaron",JUD,73,Right,1000221086,Jacksonville,2025,208
"Walsh, Alex",JUD,76,Left,703633,Jacksonville,2025,122
"Alley, Leighton",JUD,76,Right,1000055185,Jacksonville,2023,137
"Allman, Tommy",JUD,73,Right,1000125309,Jacksonville,2023,151
"Allman, Tommy",JUD,74,Right,1000125309,Jacksonville,2024,137
"Anello, Nick",JUD,75,Right,1000048095,Jacksonville,2025,62
"Cordero, Anthony",JUD,72,Right,1000376523,Jacksonville,2025,141
"Barquin, Blake",JUD,78,Right,1000093796,Jacksonville,2023,206
"Barquin, Blake",JUD,78,Right,1000093796,Jacksonville,2024,275
"Barquin, Blake",JUD,78,Right,1000093796,Jacksonville,2025,124
"Brooks, Grant",JUD,76,Right,1000276931,Jacksonville,2025,140
"Fisher, Bryce",JUD,72,Right,1000064500,Jacksonville,2023,117
"Freeman, Caleb",JUD,76,Right,808173,Jacksonville,2025,58
"Carver, Jack",JUD,73,Left,1000098938,Jacksonville,2023,67
"Carver, Jack",JUD,72,Left,1000098938,Jacksonville,2024,130
"Chrest, Evan",JUD,71,Right,1000074715,Jacksonville,2023,310
"Chrest, Evan",JUD,72,Right,805971,Jacksonville,2024,267
"Graham, Christian",JUD,72,Right,1000098937,Jacksonville,2023,66
"Rothermel, Collin",JUD,73,Right,1000376524,Jacksonville,2025,319
"Corbett, Garrett",JUD,71,Right,10109864,Jacksonville,2024,61
"Corbett, Garrett",JUD,72,Right,10109864,Jacksonville,2025,205
"Stone, Dakota",JUD,71,Left,1000092046,Jacksonville,2023,178
"Valle, Divine",JUD,71,Right,1000102905,Jacksonville,2023,73
"Valle, Divine",JUD,71,Right,811714,Jacksonville,2024,89
"Faulkner, Dylan",JUD,75,Left,807875,Jacksonville,2024,143
"Fernald, Josh",JUD,74,Right,804274,Jacksonville,2025,62
"Mosley, Heston",JUD,75,Right,1000100735,Jacksonville,2023,64
"Williams, Isaac",JUD,73,Right,10034310,Jacksonville,2024,132
"Jones, Logan",JUD,76,Right,1000309625,Jacksonville,2024,208
"Powers, Kyle",JUD,74,Left,1000376525,Jacksonville,2025,85
"Perry, Layton",JUD,74,Right,1000125303,Jacksonville,2023,60
"Perry, Layton",JUD,74,Right,1000125303,Jacksonville,2024,48
"Perry, Layton",JUD,73,Right,1000125303,Jacksonville,2025,119
"Long, Richard",JUD,71,Right,1000125306,Jacksonville,2023,313
"Long, Richard",JUD,72,Right,1000125306,Jacksonville,2024,230
"Long, Richard",JUD,72,Right,1000125306,Jacksonville,2025,293
"Murphy, Parker",JUD,70,Left,1000051870,Jacksonville,2023,34
"Prescott, Peyton",JUD,72,Right,1000209015,Jacksonville,2024,261
"Updike, Scout",JUD,72,Right,1000125308,Jacksonville,2023,94
"Updike, Scout",JUD,72,Right,701440,Jacksonville,2024,65
"Adkison, Ethan",JAC_GAM,74,Left,1000299297,Jacksonville St.,2024,351
"Causey, AJ",JAC_GAM,75,Right,1000120342,Jacksonville St.,2023,283
"Pipes, Alex",JAC_GAM,75,Right,813879,Jacksonville St.,2025,46
"Arndt, Owen",JAC_GAM,75,Right,1000130973,Jacksonville St.,2025,206
"Cornelius, Austin",JAC_GAM,74,Right,1000090940,Jacksonville St.,2023,141
"Cornelius, Austin",JAC_GAM,75,Right,1000090940,Jacksonville St.,2024,508
"Gast, Austin",JAC_GAM,72,Right,1000306782,Jacksonville St.,2024,119
"Williamson, Austin",JAC_GAM,76,Right,702485,Jacksonville St.,2025,154
"Baker, Will",JAC_GAM,71,Left,1000077182,Jacksonville St.,2023,192
"Baker, Will",JAC_GAM,71,Left,1000077182,Jacksonville St.,2024,797
"Bonaparte, Karson",JAC_GAM,72,Right,1000112987,Jacksonville St.,2025,704
"Thomas, Brady",JAC_GAM,77,Right,10157161,Jacksonville St.,2025,243
"Mallett, Brett",JAC_GAM,74,Right,1000273129,Jacksonville St.,2024,32
"Deaton, Brice",JAC_GAM,76,Right,1000359717,Jacksonville St.,2025,214
"Swindle, Brody",JAC_GAM,72,Left,1000151180,Jacksonville St.,2025,163
"Brooks, Connor",JAC_GAM,72,Right,1000154982,Jacksonville St.,2025,242
"Burgreen, Bump",JAC_GAM,71,Right,1000213568,Jacksonville St.,2024,5
"Caldwell, Trevor",JAC_GAM,72,Left,1000218247,Jacksonville St.,2025,256
"Lovrich, Camden",JAC_GAM,74,Right,1000079018,Jacksonville St.,2023,66
"Cantrell, Fisher",JAC_GAM,77,Right,1000091586,Jacksonville St.,2025,124
"Casey, Colin",JAC_GAM,72,Right,1000025771,Jacksonville St.,2023,68
"Cash, Matthew",JAC_GAM,72,Right,1000155063,Jacksonville St.,2025,18
"Cash, Steven",JAC_GAM,73,Left,822948,Jacksonville St.,2025,943
"Chastine, Kyle",JAC_GAM,75,Left,10016984,Jacksonville St.,2023,25
"Chastine, Kyle",JAC_GAM,75,Left,1000306938,Jacksonville St.,2024,274
"Morse, Colby",JAC_GAM,71,Right,1000299291,Jacksonville St.,2024,381
"Woodham, Colin",JAC_GAM,71,Left,1000299294,Jacksonville St.,2024,246
"Dallas, Michael",JAC_GAM,73,Right,1000077166,Jacksonville St.,2024,58
"Daniel, Michael",JAC_GAM,74,Right,1000146462,Jacksonville St.,2025,49
"Hamilton, David",JAC_GAM,74,Right,1000273121,Jacksonville St.,2024,36
"Davis, Jaxson",JAC_GAM,76,Right,1000078004,Jacksonville St.,2025,294
"Derbyshire, Russell",JAC_GAM,77,Right,1000132096,Jacksonville St.,2024,315
"McCormick, Drew",JAC_GAM,75,Right,1000299296,Jacksonville St.,2024,285
"Zielinski, Eli",JAC_GAM,72,Left,10118502,Jacksonville St.,2023,77
"Patera, Ethan",JAC_GAM,76,Right,804923,Jacksonville St.,2024,56
"Fagerstrom, Reid",JAC_GAM,73,Right,1000050341,Jacksonville St.,2023,189
"Fortner, Trey",JAC_GAM,74,Right,1000025778,Jacksonville St.,2023,197
"McDonald, Foster",JAC_GAM,75,Left,1000306907,Jacksonville St.,2024,53
"Telaga, Garrett",JAC_GAM,78,Right,1000120356,Jacksonville St.,2023,36
"Wade, Garrett",JAC_GAM,75,Left,1000181158,Jacksonville St.,2023,65
"Geraghty, Ryan",JAC_GAM,73,Right,806078,Jacksonville St.,2025,451
"Knight, Grayson",JAC_GAM,76,Right,1000161838,Jacksonville St.,2025,170
"Hoppenjans , Jack",JAC_GAM,75,Right,1000273115,Jacksonville St.,2024,324
"Phipps, Jackson",JAC_GAM,76,Left,691007,Jacksonville St.,2025,979
"Sleeper, Jackson",JAC_GAM,77,Right,1000299299,Jacksonville St.,2024,709
"Sleeper, Jackson",JAC_GAM,79,Right,1000299299,Jacksonville St.,2025,377
"Peppers, Jake",JAC_GAM,75,Right,1000077531,Jacksonville St.,2023,245
"Wilson, James",JAC_GAM,76,Right,1000198422,Jacksonville St.,2025,548
"Scarborough, Joe",JAC_GAM,75,Right,1000359697,Jacksonville St.,2025,291
"Jones, Tanner",JAC_GAM,72,Right,1000049369,Jacksonville St.,2023,276
"McDougall, Maddox",JAC_GAM,72,Right,1000117415,Jacksonville St.,2025,515
"Mann, Wade",JAC_GAM,73,Left,1000359698,Jacksonville St.,2025,10
"Maynard, Sam",JAC_GAM,73,Right,1000108351,Jacksonville St.,2023,148
"Maynard, Sam",JAC_GAM,73,Right,1000108351,Jacksonville St.,2024,333
"Vermillion, Ryan",JAC_GAM,72,Right,1000299302,Jacksonville St.,2024,215
"Vermillion, Ryan",JAC_GAM,73,Right,1000299302,Jacksonville St.,2025,112
"Horvath, Adam",JMU_DUK,74,Right,1000361009,James Madison,2025,439
"Bingler, Alex",JMU_DUK,74,Left,1000361011,James Madison,2025,299
"Barroqueiro, Jayden",JMU_DUK,73,Left,1000361023,James Madison,2025,223
"Susce, Brode",JMU_DUK,76,Right,1000077268,James Madison,2025,223
"Brooks, Tj",JMU_DUK,70,Right,1000091209,James Madison,2024,156
"Brooks, Tj",JMU_DUK,70,Right,1000091209,James Madison,2025,143
"Burke, Donovan",JMU_DUK,72,Left,1000084199,James Madison,2023,438
"Burke, Donovan",JMU_DUK,72,Left,1000084199,James Madison,2024,1317
"Smith, Casey",JMU_DUK,75,Right,1000120640,James Madison,2023,52
"Smith, Casey",JMU_DUK,76,Right,1000120640,James Madison,2024,654
"Smith, Casey",JMU_DUK,76,Right,1000120640,James Madison,2025,792
"Hustead, Chase",JMU_DUK,69,Right,1000125171,James Madison,2023,20
"Hustead, Chase",JMU_DUK,71,Right,1000125171,James Madison,2024,91
"Czerwinski, CJ",JMU_DUK,72,Right,1000035783,James Madison,2023,275
"Cone, Jack",JMU_DUK,72,Right,1000055800,James Madison,2023,245
"Cook, Ryan",JMU_DUK,72,Right,1000119113,James Madison,2023,49
"Costello, Corey",JMU_DUK,72,Left,825281,James Madison,2025,468
"Culkin, Sean",JMU_DUK,78,Right,1000119114,James Madison,2023,185
"Culkin, Sean",JMU_DUK,78,Right,1000119114,James Madison,2024,177
"Duff, Lane",JMU_DUK,76,Left,1000159834,James Madison,2025,265
"Entsminger, Hunter",JMU_DUK,74,Right,1000084143,James Madison,2023,193
"Entsminger, Hunter",JMU_DUK,74,Right,1000084143,James Madison,2024,492
"Ertlschweiger, Ryan",JMU_DUK,73,Right,10023215,James Madison,2023,373
"Madden, Griffin",JMU_DUK,74,Right,1000091585,James Madison,2024,149
"Madden, Griffin",JMU_DUK,75,Right,1000091585,James Madison,2025,399
"Polley, Griffin",JMU_DUK,73,Right,10109297,James Madison,2024,126
"Polley, Griffin",JMU_DUK,74,Right,10109297,James Madison,2025,435
"Grubbs, Lliam ",JMU_DUK,73,Right,1000056308,James Madison,2023,80
"Grubbs, Lliam",JMU_DUK,73,Right,1000056308,James Madison,2023,14
"McKinney, Holden",JMU_DUK,71,Right,10321643,James Madison,2025,378
"Hull, Jackson",JMU_DUK,71,Right,1000180682,James Madison,2024,55
"Logar, Jackson",JMU_DUK,72,Right,1000193568,James Madison,2024,597
"Logar, Jackson",JMU_DUK,72,Right,1000193568,James Madison,2025,1257
"Kinsler, Jaden",JMU_DUK,76,Left,10061531,James Madison,2023,426
"Kinsler, Jaden",JMU_DUK,76,Left,1000248614,James Madison,2024,498
"Kinsler, Jaden",JMU_DUK,77,Left,1000248614,James Madison,2025,298
"Vogatsky, Joe",JMU_DUK,72,Right,1000098398,James Madison,2023,157
"Vogatsky , Joe",JMU_DUK,72,Right,1000098398,James Madison,2023,212
"Vogatsky, Joe",JMU_DUK,72,Right,1000098398,James Madison,2024,719
"Scully, Kevin",JMU_DUK,73,Right,280250,James Madison,2023,82
"Kuhle, Max",JMU_DUK,73,Left,1000091412,James Madison,2023,72
"Kuhle, Max",JMU_DUK,73,Left,1000091412,James Madison,2024,882
"Kuhle, Max",JMU_DUK,73,Left,1000091412,James Madison,2025,853
"Leikus, Matt",JMU_DUK,74,Right,10027099,James Madison,2023,105
"Leikus, Matt",JMU_DUK,74,Right,10027099,James Madison,2024,6
"McGrath, Luke",JMU_DUK,74,Right,10110051,James Madison,2025,61
"Stewart, Michael",JMU_DUK,76,Right,10018647,James Madison,2023,49
"Mozoki, Todd",JMU_DUK,73,Right,10026953,James Madison,2023,693
"Mozoki, Todd",JMU_DUK,73,Right,1000242926,James Madison,2024,721
"Mozoki, Todd",JMU_DUK,73,Right,1000242926,James Madison,2025,940
"Murphy, Ryan",JMU_DUK,76,Right,10017071,James Madison,2023,851
"Murphy, Ryan",JMU_DUK,76,Right,1000248616,James Madison,2024,725
"Muscar, Tyler",JMU_DUK,77,Left,10030318,James Madison,2023,132
"Muscar, Tyler",JMU_DUK,77,Left,811693,James Madison,2024,63
"Muscar, Tyler",JMU_DUK,77,Left,811693,James Madison,2025,534
"Tyler, Tim",JMU_DUK,75,Left,1000361027,James Madison,2025,150
"Williams, T.R.",JMU_DUK,73,Left,1000213657,James Madison,2023,436
"Williams, T.R.",JMU_DUK,74,Left,1000213657,James Madison,2024,367
"Adler, Grant",KAN_JAY,75,Right,813180,Kansas,2024,54
"Breckheimer, Alex",KAN_JAY,77,Right,10096852,Kansas,2025,581
"Andrews, Steven",KAN_JAY,75,Right,1000113907,Kansas,2023,127
"Dennis, Andrew",KAN_JAY,74,Right,1000177544,Kansas,2023,23
"Baumgartner, Collin",KAN_JAY,78,Right,1000028271,Kansas,2023,1227
"Bradford, Ethan",KAN_JAY,76,Left,1000078212,Kansas,2023,666
"Bradford, Ethan",KAN_JAY,76,Left,1000078212,Kansas,2024,149
"Brasosky, Gavin",KAN_JAY,72,Left,1000061921,Kansas,2023,584
"Brasosky, Gavin",KAN_JAY,72,Left,801407,Kansas,2024,265
"Brasosky, Gavin",KAN_JAY,72,Left,801407,Kansas,2025,252
"Parker, Brigden",KAN_JAY,75,Left,823138,Kansas,2025,150
"Cain, Tegan",KAN_JAY,72,Right,10312566,Kansas,2024,509
"Callahan, JD",KAN_JAY,76,Right,1000108640,Kansas,2024,138
"Carr, Kannon",KAN_JAY,72,Right,10097662,Kansas,2025,781
"Cashero, Hunter",KAN_JAY,72,Right,1000189719,Kansas,2023,604
"Cashero, Hunter",KAN_JAY,72,Right,809976,Kansas,2024,143
"Maggi, Connor",KAN_JAY,69,Right,805791,Kansas,2025,221
"Moore, Cooper",KAN_JAY,73,Right,806489,Kansas,2024,429
"Moore, Cooper",KAN_JAY,73,Right,806489,Kansas,2025,922
"Cranton, Hunter",KAN_JAY,75,Right,1000029193,Kansas,2023,311
"Cranton, Hunter",KAN_JAY,75,Right,1000029193,Kansas,2024,297
"Crawford, Kasey",KAN_JAY,76,Right,10120471,Kansas,2024,56
"Crawford, Kasey",KAN_JAY,76,Right,10120471,Kansas,2025,74
"Cubbler, Jake",KAN_JAY,73,Right,813575,Kansas,2025,217
"Smith, Dalton",KAN_JAY,72,Right,10311521,Kansas,2025,335
"Voegele, Dominic",KAN_JAY,74,Right,814113,Kansas,2024,1096
"Voegele, Dominic",KAN_JAY,74,Right,814113,Kansas,2025,1210
"Dougan, Kolby",KAN_JAY,70,Right,1000113902,Kansas,2023,547
"Dougan, Kolby",KAN_JAY,70,Right,801989,Kansas,2024,222
"Dutton, Reese",KAN_JAY,74,Right,700848,Kansas,2024,1225
"Easley, J'Briell",KAN_JAY,74,Right,695037,Kansas,2024,363
"Lin, Eric",KAN_JAY,72,Right,1000112430,Kansas,2025,466
"Lanthier, Ethan",KAN_JAY,77,Right,822490,Kansas,2024,509
"Shaw, Evan",KAN_JAY,76,Left,1000121734,Kansas,2024,591
"Evers, Stone",KAN_JAY,75,Right,1000114095,Kansas,2023,219
"Grant, Parker",KAN_JAY,72,Right,1000136523,Kansas,2023,108
"Haarer, Toby",KAN_JAY,72,Right,1000115112,Kansas,2023,78
"Haro, Naun",KAN_JAY,74,Left,1000138362,Kansas,2025,50
"Hewlett, Stone",KAN_JAY,73,Left,1000093485,Kansas,2023,502
"Ireland, Sam",KAN_JAY,76,Right,687702,Kansas,2023,894
"Ireland, Sam",KAN_JAY,76,Right,687702,Kansas,2024,126
"Tylicki, JJ",KAN_JAY,74,Right,1000236772,Kansas,2023,97
"Muck, Karter",KAN_JAY,74,Right,1000111357,Kansas,2023,107
"Knowles, Robbie",KAN_JAY,73,Right,1000118205,Kansas,2025,180
"Vetock, Malakai",KAN_JAY,74,Right,1000122225,Kansas,2025,425
"West, Manning",KAN_JAY,78,Right,702527,Kansas,2025,664
"Steitz, Patrick",KAN_JAY,80,Right,804862,Kansas,2024,194
"Steitz, Patrick",KAN_JAY,80,Right,804862,Kansas,2025,148
"Trumper, Thaniel",KAN_JAY,75,Right,1000076904,Kansas,2023,783
"Trumper, Thaniel",KAN_JAY,75,Right,809972,Kansas,2024,25
"Trumper, Thaniel",KAN_JAY,75,Right,809972,Kansas,2025,435
"Arther, Adam",KAN_WIL,75,Left,821967,Kansas St.,2024,217
"Arther, Adam",KAN_WIL,76,Left,821967,Kansas St.,2025,324
"Evans, Andrew",KAN_WIL,77,Right,1000191326,Kansas St.,2023,172
"Evans, Andrew",KAN_WIL,77,Right,1000191326,Kansas St.,2024,344
"Beck, Dalton",KAN_WIL,72,Left,1000052141,Kansas St.,2023,101
"Rosin, Ben",KAN_WIL,77,Right,821961,Kansas St.,2025,81
"Corsentino, Blake",KAN_WIL,76,Right,1000088428,Kansas St.,2023,314
"Dean, Blake",KAN_WIL,73,Right,812659,Kansas St.,2024,861
"Dean, Blake",KAN_WIL,73,Right,812659,Kansas St.,2025,551
"Boerema, Owen",KAN_WIL,77,Left,1000132142,Kansas St.,2023,1356
"Boerema, Owen",KAN_WIL,77,Left,813489,Kansas St.,2024,1417
"Roe, Brody",KAN_WIL,75,Left,1000185667,Kansas St.,2025,133
"Buss, Mason",KAN_WIL,71,Right,1000074837,Kansas St.,2023,622
"Buss, Mason",KAN_WIL,71,Right,813485,Kansas St.,2024,233
"Butler, Tazwell",KAN_WIL,72,Right,10078060,Kansas St.,2025,228
"Cater, Corey",KAN_WIL,78,Right,1000066624,Kansas St.,2023,41
"Wisenbaker, Cole",KAN_WIL,75,Left,10030733,Kansas St.,2023,209
"Wisenbaker, Cole",KAN_WIL,75,Left,813486,Kansas St.,2024,509
"Rothermel, Collin",KAN_WIL,73,Right,1000061147,Kansas St.,2023,444
"Lewis, Donte",KAN_WIL,72,Right,1000337085,Kansas St.,2025,268
"Duke, Tanner",KAN_WIL,74,Right,822757,Kansas St.,2025,326
"Frost, Jacob",KAN_WIL,74,Left,1000238999,Kansas St.,2024,791
"Frost, Jacob",KAN_WIL,76,Left,1000238999,Kansas St.,2025,934
"Guyette, James",KAN_WIL,75,Right,1000268616,Kansas St.,2024,151
"Guyette, James",KAN_WIL,75,Right,821962,Kansas St.,2025,637
"Hartis, Shay",KAN_WIL,73,Right,1000191328,Kansas St.,2023,10
"Henry, Jared",KAN_WIL,72,Right,1000099994,Kansas St.,2023,22
"Henson, Micah",KAN_WIL,75,Left,815645,Kansas St.,2025,31
"Heyne, Kyler",KAN_WIL,72,Right,10042856,Kansas St.,2023,415
"Wentworth, Jackson",KAN_WIL,73,Right,1000112507,Kansas St.,2023,552
"Wentworth, Jackson",KAN_WIL,73,Right,695741,Kansas St.,2024,1112
"Slack, JJ",KAN_WIL,70,Left,1000115066,Kansas St.,2024,396
"Slack, JJ",KAN_WIL,70,Left,1000115066,Kansas St.,2025,521
"Wintroub, Josh",KAN_WIL,75,Right,821966,Kansas St.,2024,902
"Sheffield, Lincoln",KAN_WIL,73,Left,830369,Kansas St.,2025,997
"Martinez, Preston",KAN_WIL,73,Right,1000074692,Kansas St.,2024,169
"Quevedo, Michael",KAN_WIL,71,Left,827016,Kansas St.,2025,922
"Smith, Miles",KAN_WIL,72,Right,824536,Kansas St.,2025,146
"Neighbors, Tyson",KAN_WIL,74,Right,1000112512,Kansas St.,2023,626
"Neighbors, Tyson",KAN_WIL,74,Right,695695,Kansas St.,2024,578
"Robertson, Trae",KAN_WIL,77,Left,1000048888,Kansas St.,2023,57
"Roberts, Sam",KAN_WIL,74,Right,801944,Kansas St.,2024,84
"Ruhl, Ty",KAN_WIL,75,Right,800958,Kansas St.,2024,241
"Ruhl, Ty",KAN_WIL,76,Right,800958,Kansas St.,2025,519
"Abernathy, Jackson",KEN_OWL,77,Right,10079482,Kennesaw St.,2025,141
"Quinichett, Agyei",KEN_OWL,72,Right,10001254,Kennesaw St.,2025,34
"Aita, Blake",KEN_OWL,76,Right,1000077739,Kennesaw St.,2023,538
"Aita, Blake",KEN_OWL,76,Right,820832,Kennesaw St.,2024,381
"Wehunt, Blake",KEN_OWL,79,Right,1000013182,Kennesaw St.,2023,1025
"Rhudy, Bo",KEN_OWL,76,Right,10086099,Kennesaw St.,2024,252
"Rhudy, Bo",KEN_OWL,76,Right,10086099,Kennesaw St.,2025,436
"Osbolt, Braden",KEN_OWL,75,Right,10000564,Kennesaw St.,2023,842
"Osbolt, Braden",KEN_OWL,75,Right,823776,Kennesaw St.,2024,304
"Osbolt, Braden",KEN_OWL,75,Right,823776,Kennesaw St.,2025,279
"Eidson, Brayden",KEN_OWL,76,Left,1000079008,Kennesaw St.,2023,750
"Eidson, Brayden",KEN_OWL,76,Left,1000079008,Kennesaw St.,2024,124
"Meeks, Brody",KEN_OWL,74,Right,1000064124,Kennesaw St.,2024,7
"Rosser, Brooks",KEN_OWL,76,Right,1000125219,Kennesaw St.,2023,218
"Rosser, Brooks",KEN_OWL,76,Right,1000125219,Kennesaw St.,2024,80
"Carroll, Caden",KEN_OWL,75,Right,10002189,Kennesaw St.,2024,61
"Housley, Connor",KEN_OWL,76,Right,1000050289,Kennesaw St.,2023,163
"Cooper, Luke",KEN_OWL,72,Left,1000112755,Kennesaw St.,2023,381
"Cooper, Luke",KEN_OWL,72,Left,1000112755,Kennesaw St.,2024,143
"Powell, Daniel",KEN_OWL,75,Right,1000077941,Kennesaw St.,2024,125
"Powell, Daniel",KEN_OWL,75,Right,828761,Kennesaw St.,2025,574
"Doyle, Payton",KEN_OWL,69,Right,10048085,Kennesaw St.,2025,24
"Finch, Ethan",KEN_OWL,71,Right,1000097086,Kennesaw St.,2025,38
"Osada, Ethan",KEN_OWL,79,Right,10110640,Kennesaw St.,2025,231
"Franklin, Tanner",KEN_OWL,77,Right,312542,Kennesaw St.,2023,256
"Franklin, Tanner",KEN_OWL,77,Right,815119,Kennesaw St.,2024,145
"Franks, Tyler",KEN_OWL,77,Left,1000112666,Kennesaw St.,2023,430
"Franks, Tyler",KEN_OWL,77,Left,1000112666,Kennesaw St.,2024,45
"Gibson, JT",KEN_OWL,76,Left,1000093296,Kennesaw St.,2025,202
"Gold, Ryan",KEN_OWL,76,Left,823234,Kennesaw St.,2025,735
"Hardy, Halton",KEN_OWL,73,Right,1000108242,Kennesaw St.,2024,228
"Hardy, Halton",KEN_OWL,73,Right,1000108242,Kennesaw St.,2025,408
"Helman, Nate",KEN_OWL,76,Right,1000360055,Kennesaw St.,2025,294
"Mimbs, Hudson",KEN_OWL,72,Right,1000187489,Kennesaw St.,2024,120
"McKinstry, Nolan",KEN_OWL,73,Right,10107251,Kennesaw St.,2025,65
"Riggins, Miller",KEN_OWL,75,Left,1000112663,Kennesaw St.,2023,224
"Zegna, Nick",KEN_OWL,76,Right,1000054101,Kennesaw St.,2023,773
"Sliver, Nolan",KEN_OWL,74,Right,823778,Kennesaw St.,2024,178
"Sliver, Nolan",KEN_OWL,74,Right,823778,Kennesaw St.,2025,172
"Pinson, Smith",KEN_OWL,80,Right,1000090864,Kennesaw St.,2023,465
"Pinson, Smith",KEN_OWL,80,Right,822475,Kennesaw St.,2024,228
"Pinson, Smith",KEN_OWL,80,Right,822475,Kennesaw St.,2025,656
"Renfroe, Ryan",KEN_OWL,75,Right,1000193590,Kennesaw St.,2024,113
"Renfroe, Ryan",KEN_OWL,75,Right,1000193590,Kennesaw St.,2025,540
"Alberico, Alex",KS_GF,72,Right,1000180257,Kent St.,2025,59
"Bean, Jacob",KS_GF,75,Right,10279532,Kent St.,2024,22
"Bean, Jacob",KS_GF,75,Right,10066575,Kent St.,2025,336
"Roebuck, Benny",KS_GF,73,Right,1000119104,Kent St.,2023,43
"Roebuck, Benny",KS_GF,73,Right,1000119104,Kent St.,2024,161
"Roebuck, Benny",KS_GF,73,Right,1000119104,Kent St.,2025,128
"Cruikshank, Ben",KS_GF,76,Left,1000049386,Kent St.,2023,114
"Bernadina, Rocco",KS_GF,77,Right,10065467,Kent St.,2024,126
"Bernadina, Rocco",KS_GF,77,Right,10065467,Kent St.,2025,220
"Bickerstaff, Calvin",KS_GF,77,Right,1000120642,Kent St.,2023,38
"Bickerstaff, Calvin",KS_GF,77,Right,1000120642,Kent St.,2024,131
"Krzysiak, Brody",KS_GF,72,Right,1000295537,Kent St.,2025,36
"Leonard, Caden",KS_GF,77,Right,10064032,Kent St.,2024,72
"Leonard, Caden",KS_GF,77,Right,10064032,Kent St.,2025,142
"Cariaco, Peyton",KS_GF,72,Left,1000076329,Kent St.,2023,68
"Cariaco, Peyton",KS_GF,73,Left,1000076329,Kent St.,2024,88
"Cariaco, Peyton",KS_GF,73,Left,1000076329,Kent St.,2025,158
"Caughey, Ciaran",KS_GF,73,Right,1000093420,Kent St.,2023,79
"Caughey, Ciaran",KS_GF,73,Right,804083,Kent St.,2024,110
"Caughey, Ciaran",KS_GF,72,Right,804083,Kent St.,2025,120
"Dell, Richie",KS_GF,74,Right,1000079191,Kent St.,2023,93
"Holewinski, Evan",KS_GF,77,Right,824485,Kent St.,2025,90
"Shapiro, Evan",KS_GF,79,Right,10120423,Kent St.,2024,66
"Wentz, Gannon",KS_GF,71,Right,10062704,Kent St.,2024,12
"Wentz, Gannon",KS_GF,71,Right,10062704,Kent St.,2025,43
"Jones, Gavin",KS_GF,75,Right,1000110625,Kent St.,2024,163
"Jones, Gavin",KS_GF,75,Right,702608,Kent St.,2025,299
"Guidas, Nick",KS_GF,74,Left,1000398227,Kent St.,2025,175
"Kartsonas, Jack",KS_GF,75,Right,1000098282,Kent St.,2023,29
"Kartsonas, Jack",KS_GF,75,Right,1000098282,Kent St.,2024,77
"Varner, Jaden",KS_GF,71,Left,10072938,Kent St.,2023,35
"Varner, Jaden",KS_GF,71,Left,1000239961,Kent St.,2024,18
"Varner, Jaden",KS_GF,71,Left,1000239961,Kent St.,2025,24
"Whitman, Joe",KS_GF,77,Left,1000099624,Kent St.,2023,93
"Kolenda, Jordan",KS_GF,76,Right,235196,Kent St.,2023,58
"Kolenda, Jordan",KS_GF,76,Right,10164826,Kent St.,2024,68
"Kolenda, Jordan",KS_GF,75,Right,10164826,Kent St.,2025,85
"Scott, Mitchell",KS_GF,73,Right,1000058609,Kent St.,2023,56
"Huertas	, Alec ",LON_ISL22,74,Right,1000055815,LIU,2023,74
"Benhardt, Nicolas",LON_ISL22,72,Right,1000346127,LIU,2025,206
"Breton, Mason",LON_ISL22,72,Right,10148917,LIU,2025,238
"Buehler, Chris",LON_ISL22,76,Left,1000064581,LIU,2023,11
"Yoo, Christian",LON_ISL22,70,Right,10311594,LIU,2024,50
"Yoo, Christian",LON_ISL22,70,Right,10311594,LIU,2025,153
"Mazza, Chris",LON_ISL22,74,Right,1000120919,LIU,2023,43
"Polemeni, Chris",LON_ISL22,72,Right,1000214322,LIU,2023,30
"Cross, Ryun",LON_ISL22,74,Right,1000214323,LIU,2023,111
"DeCastro, Justin",LON_ISL22,70,Right,1000214319,LIU,2023,59
"DeCastro, Justin",LON_ISL22,70,Right,1000214319,LIU,2024,226
"DeCastro, Justin",LON_ISL22,70,Right,1000214319,LIU,2025,851
"Pieto, Dominic",LON_ISL22,72,Right,1000121047,LIU,2023,125
"Pieto, Dominic",LON_ISL22,72,Right,1000121047,LIU,2024,344
"Vassallo, Dominic",LON_ISL22,75,Right,1000214327,LIU,2024,110
"Vassallo, Dominic",LON_ISL22,75,Right,1000214327,LIU,2025,123
"Elinson, Lawrence",LON_ISL22,72,Right,1000276952,LIU,2024,26
"Elinson, Lawrence",LON_ISL22,72,Right,1000276952,LIU,2025,152
"Panjwani, Evan",LON_ISL22,74,Left,1000121065,LIU,2023,101
"Panjwani, Evan",LON_ISL22,74,Left,1000121065,LIU,2024,62
"Panjwani, Evan",LON_ISL22,74,Left,1000121065,LIU,2025,216
"Francisco, Grant",LON_ISL22,78,Right,10122891,LIU,2025,87
"Yawn, Garrett",LON_ISL22,76,Right,1000121060,LIU,2023,80
"Yawn, Garrett",LON_ISL22,76,Right,1000121060,LIU,2024,325
"Yawn, Garrett",LON_ISL22,76,Right,1000121060,LIU,2025,785
"Sansone, Gavin",LON_ISL22,72,Left,1000308661,LIU,2025,143
"Hughes, Jared",LON_ISL22,75,Right,1000334431,LIU,2024,266
"VanDoran, Jack",LON_ISL22,76,Left,1000060512,LIU,2023,90
"VanDoran, Jack",LON_ISL22,76,Left,1000060512,LIU,2024,231
"Steindl, James",LON_ISL22,74,Left,1000028619,LIU,2023,39
"Kassebaum, Torin",LON_ISL22,72,Left,10120793,LIU,2024,66
"Kassebaum, Torin",LON_ISL22,72,Left,10120793,LIU,2025,69
"Small, Kevin",LON_ISL22,73,Left,1000121068,LIU,2024,51
"Small, Kevin",LON_ISL22,73,Left,1000121068,LIU,2025,19
"Latkowski, RJ",LON_ISL22,72,Right,1000121057,LIU,2023,80
"Latkowski, RJ",LON_ISL22,72,Right,1000121057,LIU,2024,143
"Latkowski, RJ",LON_ISL22,72,Right,1000121057,LIU,2025,256
"Luchies, Owen",LON_ISL22,74,Right,1000131834,LIU,2025,174
"McInnes, Ty",LON_ISL22,74,Right,1000214325,LIU,2023,81
"McInnes, Ty",LON_ISL22,74,Right,1000214325,LIU,2024,35
"Storms, Michael",LON_ISL22,76,Left,1000083572,LIU,2023,66
"Moritz, PJ",LON_ISL22,73,Right,1000214321,LIU,2023,76
"Moritz, PJ",LON_ISL22,73,Right,1000214321,LIU,2024,147
"Tabaie, Noah",LON_ISL22,75,Right,10033528,LIU,2024,52
"Palmer, Riley",LON_ISL22,72,Right,10025752,LIU,2024,19
"Tucker, Shane",LON_ISL22,71,Right,1000121069,LIU,2023,19
"Behrens, Adam",LOY_LIO,75,Right,823008,LMU (CA),2025,457
"Chavez, Alex",LOY_LIO,75,Right,1000221051,LMU (CA),2025,213
"Schroeder, Austin",LOY_LIO,74,Right,1000138325,LMU (CA),2023,185
"Schroeder, Austin",LOY_LIO,74,Right,805382,LMU (CA),2024,473
"Schroeder, Austin",LOY_LIO,74,Right,805382,LMU (CA),2025,164
"Laine, Avery",LOY_LIO,77,Right,1000365469,LMU (CA),2025,865
"Baker, Ryan",LOY_LIO,73,Right,1000272911,LMU (CA),2024,88
"Baker, Ryan",LOY_LIO,73,,1000272911,LMU (CA),2025,26
"Baldo, Merrick",LOY_LIO,73,Right,1000061299,LMU (CA),2023,397
"Barrera, Diego",LOY_LIO,72,Left,1000054622,LMU (CA),2023,901
"Barrett, Seamus",LOY_LIO,79,Right,1000093560,LMU (CA),2023,341
"Barrett, Seamus",LOY_LIO,79,Right,804255,LMU (CA),2024,599
"Barrett, Seamus",LOY_LIO,79,,804255,LMU (CA),2025,27
"Reilly, Blake",LOY_LIO,74,Right,808913,LMU (CA),2024,525
"Brady, Sam",LOY_LIO,72,Left,1000255424,LMU (CA),2025,353
"Casale, Johnny",LOY_LIO,71,Left,10264928,LMU (CA),2025,416
"Caycedo, Colin",LOY_LIO,74,Right,10132243,LMU (CA),2024,119
"Caycedo, Colin",LOY_LIO,74,Right,1000340105,LMU (CA),2025,29
"Chase, David",LOY_LIO,74,Right,1000138328,LMU (CA),2023,29
"McRoberts, Chaz",LOY_LIO,70,Right,1000138326,LMU (CA),2023,311
"McRoberts, Chaz",LOY_LIO,70,Right,813724,LMU (CA),2024,297
"Chimenti, Cole",LOY_LIO,72,Right,1000132541,LMU (CA),2023,186
"Chimenti, Cole",LOY_LIO,72,Right,813713,LMU (CA),2024,301
"Chimenti, Cole",LOY_LIO,72,,813713,LMU (CA),2025,23
"Clark, Cole",LOY_LIO,72,Right,10035352,LMU (CA),2023,213
"Stucky, Cole",LOY_LIO,73,Right,824644,LMU (CA),2024,295
"Stucky, Cole",LOY_LIO,73,Right,1000269222,LMU (CA),2025,256
"Kershaw, Conner",LOY_LIO,72,Right,1000092721,LMU (CA),2023,152
"Kershaw, Conner",LOY_LIO,72,Right,813714,LMU (CA),2024,195
"Kershaw, Conner",LOY_LIO,72,,813714,LMU (CA),2025,10
"Watson, David",LOY_LIO,74,Right,1000056121,LMU (CA),2023,276
"Fried, Jacob",LOY_LIO,78,Right,813710,LMU (CA),2024,19
"Fried, Jacob",LOY_LIO,78,Right,813710,LMU (CA),2025,54
"Maya, Gabe",LOY_LIO,74,Left,1000180827,LMU (CA),2024,6
"Maya, Gabe",LOY_LIO,74,Left,824643,LMU (CA),2025,308
"Galicia, Jimmy",LOY_LIO,75,Right,1000080401,LMU (CA),2023,315
"Jacobsen, Gavin",LOY_LIO,72,Left,1000262494,LMU (CA),2025,10
"Geis, Jake",LOY_LIO,75,Right,824645,LMU (CA),2024,351
"Geis, Jake",LOY_LIO,75,Right,1000174934,LMU (CA),2025,187
"Grimm, Will",LOY_LIO,71,Left,813702,LMU (CA),2024,28
"Hackman, Owen",LOY_LIO,73,Right,1000050367,LMU (CA),2023,678
"Hackman, Owen",LOY_LIO,73,Right,813706,LMU (CA),2024,954
"Heinrich, Jeff",LOY_LIO,76,Right,813778,LMU (CA),2024,59
"Hughes, Jacob",LOY_LIO,75,Right,701735,LMU (CA),2024,307
"Hughes, Jacob",LOY_LIO,75,Right,701735,LMU (CA),2025,465
"Hurd, Logan",LOY_LIO,76,Left,1000092720,LMU (CA),2023,285
"Johnson, Jonah",LOY_LIO,75,Right,10130395,LMU (CA),2025,485
"Pallares, Kenji",LOY_LIO,74,Right,695022,LMU (CA),2025,1095
"Kirby, Zach",LOY_LIO,74,Right,1000054730,LMU (CA),2023,872
"Schiffer, Kolby",LOY_LIO,77,Left,1000092725,LMU (CA),2023,11
"Schiffer, Kolby",LOY_LIO,77,Left,1000092725,LMU (CA),2024,5
"Malone, Noah",LOY_LIO,73,Right,832474,LMU (CA),2025,22
"Nunez, Michael",LOY_LIO,75,Right,1000114703,LMU (CA),2023,71
"Nunez, Michael",LOY_LIO,75,Right,813718,LMU (CA),2024,300
"Nunez, Michael",LOY_LIO,75,Right,813718,LMU (CA),2025,788
"Mullan, Ryan",LOY_LIO,74,Right,10111399,LMU (CA),2023,226
"Mullan, Ryan",LOY_LIO,74,Right,1000242993,LMU (CA),2024,613
"Towers, Ryan",LOY_LIO,72,Left,1000092042,LMU (CA),2023,58
"Towers, Ryan",LOY_LIO,72,Left,813723,LMU (CA),2024,736
"Warady, Tanner",LOY_LIO,73,Right,813709,LMU (CA),2024,26
"Warady, Tanner",LOY_LIO,73,Right,813709,LMU (CA),2025,257
"Bogosian, Adam",LAF_LEP,75,Right,10018115,Lafayette,2023,379
"Bogosian, Adam",LAF_LEP,75,Right,10018115,Lafayette,2024,736
"Walsh, Alex",LAF_LEP,76,Right,1000119904,Lafayette,2023,451
"Correa, Antonio",LAF_LEP,73,Left,10030426,Lafayette,2023,319
"Correa, Antonio",LAF_LEP,73,Left,10030426,Lafayette,2025,208
"Aselta, James",LAF_LEP,73,Right,1000139006,Lafayette,2023,120
"Barley, Chase",LAF_LEP,75,Left,1000119910,Lafayette,2023,188
"Barley, Chase",LAF_LEP,75,Left,1000119910,Lafayette,2024,22
"Basso, Owen",LAF_LEP,72,Right,1000174557,Lafayette,2025,434
"Waterman, Ben",LAF_LEP,74,Right,1000135304,Lafayette,2025,399
"Planeta, Bo",LAF_LEP,76,Right,10009899,Lafayette,2023,115
"Planeta, Bo",LAF_LEP,76,Right,10009899,Lafayette,2024,274
"Breitenstein, Justin",LAF_LEP,77,Right,1000320529,Lafayette,2024,194
"Brown, Dalton",LAF_LEP,80,Left,10126707,Lafayette,2025,41
"Rodgers, Chase",LAF_LEP,73,Right,1000271293,Lafayette,2025,11
"Chmielewski, Kyle",LAF_LEP,73,Right,1000119962,Lafayette,2023,32
"Choudri, Toren",LAF_LEP,74,Right,10074015,Lafayette,2024,11
"Moore, Cole",LAF_LEP,72,Right,1000271295,Lafayette,2024,48
"Savedoff, Corey",LAF_LEP,73,Right,1000121042,Lafayette,2024,236
"Savedoff, Corey",LAF_LEP,73,Right,1000121042,Lafayette,2025,284
"Craytor, Luke",LAF_LEP,77,Right,1000271303,Lafayette,2024,320
"Dorn, Rob",LAF_LEP,74,Right,810038,Lafayette,2025,127
"Smiley, Drew",LAF_LEP,78,Right,10020182,Lafayette,2023,16
"Smiley, Drew",LAF_LEP,78,Right,10020182,Lafayette,2024,91
"Siesky, Dylan",LAF_LEP,72,Right,1000119912,Lafayette,2023,54
"Florio, Trace",LAF_LEP,72,Left,1000139059,Lafayette,2023,328
"Florio, Trace",LAF_LEP,72,Left,1000139059,Lafayette,2024,471
"Florio, Trace",LAF_LEP,72,Left,1000139059,Lafayette,2025,868
"Helmick, Tristan",LAF_LEP,78,Right,1000271314,Lafayette,2024,481
"Helmick, Tristan",LAF_LEP,78,Right,1000271314,Lafayette,2025,616
"Rouch, Henry",LAF_LEP,77,Right,10277715,Lafayette,2025,2
"Holder, Jeremiah",LAF_LEP,71,Right,10108930,Lafayette,2024,26
"Holder, Jeremiah",LAF_LEP,71,Right,1000220796,Lafayette,2025,318
"McMullen, Jack",LAF_LEP,75,Right,10075361,Lafayette,2023,39
"Maurer, Jacob",LAF_LEP,77,Right,1000235167,Lafayette,2023,190
"Maurer, Jacob",LAF_LEP,77,Right,1000235167,Lafayette,2024,287
"Reese, James",LAF_LEP,72,Right,1000213380,Lafayette,2023,217
"Reese, James",LAF_LEP,72,Right,1000213380,Lafayette,2024,52
"Reese, James",LAF_LEP,72,Right,1000213380,Lafayette,2025,18
"Skapinetz, Joe",LAF_LEP,77,Right,1000235168,Lafayette,2023,430
"Skapinetz, Joe",LAF_LEP,77,Right,1000235168,Lafayette,2024,490
"Skapinetz, Joe",LAF_LEP,77,Right,1000235168,Lafayette,2025,1030
"Milewski, John",LAF_LEP,78,Right,10031157,Lafayette,2024,119
"Moore, Kellen",LAF_LEP,77,Right,1000252876,Lafayette,2025,447
"Koczwara, Mason",LAF_LEP,75,Right,10321723,Lafayette,2024,165
"Romano, Mike",LAF_LEP,70,Right,1000122516,Lafayette,2024,323
"Romano, Mike",LAF_LEP,70,Right,1000122516,Lafayette,2025,387
"Zaffiro, Trey",LAF_LEP,75,Right,10147881,Lafayette,2025,526
"Perez, Andres",LAM_CAR,70,Right,1000222621,Lamar University,2023,77
"Perez, Andres",LAM_CAR,70,Right,1000222621,Lamar University,2024,131
"Escano, Antonio",LAM_CAR,74,Right,1000132427,Lamar University,2023,35
"Neal, Austin",LAM_CAR,73,Right,1000222625,Lamar University,2024,108
"Neal, Austin",LAM_CAR,73,,1000222625,Lamar University,2025,512
"Caple, Brooks",LAM_CAR,78,Right,1000099198,Lamar University,2023,98
"Caple, Brooks",LAM_CAR,78,Right,699944,Lamar University,2024,278
"Sutton, Carter",LAM_CAR,76,Right,690159,Lamar University,2024,6
"Sutton, Carter",LAM_CAR,76,,690159,Lamar University,2025,613
"Cleveland, Jackson",LAM_CAR,72,Right,1000127202,Lamar University,2023,81
"Cleveland, Jackson",LAM_CAR,72,Right,809669,Lamar University,2024,160
"Cole, Daniel",LAM_CAR,71,Right,1000120303,Lamar University,2023,105
"Ellis, Jacob",LAM_CAR,73,Left,1000120306,Lamar University,2023,100
"Ellis, Jacob",LAM_CAR,73,Left,809650,Lamar University,2024,188
"Oceguera, Ethan",LAM_CAR,72,Right,1000222635,Lamar University,2023,33
"Oceguera, Ethan",LAM_CAR,72,Right,809660,Lamar University,2024,23
"Oceguera, Ethan",LAM_CAR,72,,809660,Lamar University,2025,91
"Kreuzer, Foster",LAM_CAR,75,Right,1000122772,Lamar University,2023,98
"Kreuzer, Foster",LAM_CAR,75,Right,809659,Lamar University,2024,44
"Green, Gavin",LAM_CAR,71,Right,1000096518,Lamar University,2023,26
"Hail, Patrick",LAM_CAR,77,Right,1000080599,Lamar University,2023,160
"Hamm, Logan",LAM_CAR,72,Right,823021,Lamar University,2024,32
"Hamm, Logan",LAM_CAR,72,,823021,Lamar University,2025,106
"Havard, Peyton",LAM_CAR,72,Right,1000052282,Lamar University,2024,140
"Havard, Peyton",LAM_CAR,72,,1000052282,Lamar University,2025,751
"Hesseltine, Hunter",LAM_CAR,75,Left,1000222637,Lamar University,2023,170
"Hesseltine, Hunter",LAM_CAR,75,Left,809667,Lamar University,2024,118
"Tauzin, Kole",LAM_CAR,72,Right,1000097934,Lamar University,2023,133
"Tauzin, Kole",LAM_CAR,72,Right,809653,Lamar University,2024,98
"Tauzin, Kole",LAM_CAR,72,,809653,Lamar University,2025,33
"Moseley, Kyle",LAM_CAR,70,Left,1000115695,Lamar University,2024,110
"Moseley, Kyle",LAM_CAR,70,,1000115695,Lamar University,2025,412
"Odom, Landon",LAM_CAR,75,Right,1000055867,Lamar University,2023,86
"Morse, Trhea",LAM_CAR,70,Right,1000052183,Lamar University,2023,191
"Morse, Trhea",LAM_CAR,70,Right,688179,Lamar University,2024,190
"Phelps, Travis",LAM_CAR,76,Right,687655,Lamar University,2024,35
"Phelps, Travis",LAM_CAR,76,,687655,Lamar University,2025,7
"Waterhouse, Quinn",LAM_CAR,76,Left,1000079383,Lamar University,2023,201
"Williams, Zach",LAM_CAR,73,Right,1000081952,Lamar University,2023,21
"Williams, Zach",LAM_CAR,73,Right,809648,Lamar University,2024,39
"Sullivan, Adam",MOY_MOY,73,Right,1000257338,Le Moyne,2024,12
"Petraitis, AJ",MOY_MOY,77,Right,10319720,Le Moyne,2025,177
"Canale, Billy",MOY_MOY,73,Right,1000164535,Le Moyne,2024,30
"Hoffacker, Billy",MOY_MOY,78,Right,1000305340,Le Moyne,2024,76
"Hoffacker, Billy",MOY_MOY,78,Right,1000305340,Le Moyne,2025,94
"McBride, Bobby",MOY_MOY,74,Right,1000099616,Le Moyne,2025,107
"Skermont, Colin",MOY_MOY,72,Left,10275394,Le Moyne,2025,119
"Connors, Joel",MOY_MOY,74,Right,1000123284,Le Moyne,2025,93
"Connors, Luke",MOY_MOY,73,Right,1000145525,Le Moyne,2025,85
"Crystal, Jacob",MOY_MOY,74,Left,10307893,Le Moyne,2024,83
"Crystal, Jacob",MOY_MOY,74,Left,10307893,Le Moyne,2025,63
"Danaher, Max",MOY_MOY,76,Left,10141809,Le Moyne,2024,75
"Roden, Dewey",MOY_MOY,77,Right,1000305342,Le Moyne,2024,112
"Swiencicki, Eric",MOY_MOY,71,Right,10279344,Le Moyne,2024,17
"Goldmann, Jordan",MOY_MOY,74,Right,1000305347,Le Moyne,2024,82
"Musso, James",MOY_MOY,68,Right,1000305343,Le Moyne,2024,45
"Smith, Kennen",MOY_MOY,76,Right,10016736,Le Moyne,2024,44
"Adelman, Jasper",LEH_MOU,75,Right,1000272522,Lehigh,2024,4
"Bouchard, Alex",LEH_MOU,75,Right,1000189690,Lehigh,2023,590
"Bouchard, Alex",LEH_MOU,75,Right,1000189690,Lehigh,2024,85
"Andolina, David",LEH_MOU,72,Right,1000189697,Lehigh,2023,71
"Andolina, David",LEH_MOU,72,Right,1000189697,Lehigh,2024,219
"Andolina, David",LEH_MOU,72,Right,1000189697,Lehigh,2025,514
"Christian, Ben",LEH_MOU,75,Right,1000124261,Lehigh,2023,338
"Coughlin, Brandon",LEH_MOU,68,Right,1000091358,Lehigh,2023,17
"Coughlin, Brandon",LEH_MOU,68,Right,1000091358,Lehigh,2024,339
"Rother, Casey",LEH_MOU,77,Right,1000058009,Lehigh,2023,162
"Kochanowicz, Cole",LEH_MOU,73,Right,10106346,Lehigh,2025,389
"Leaman, Cole",LEH_MOU,72,Right,1000189694,Lehigh,2023,309
"Leaman, Cole",LEH_MOU,72,Right,823816,Lehigh,2024,504
"Leaman, Cole",LEH_MOU,72,Right,823816,Lehigh,2025,393
"Danchision, Marcus",LEH_MOU,75,Right,1000023387,Lehigh,2023,161
"Danchision, Marcus",LEH_MOU,75,Right,1000023387,Lehigh,2024,613
"Danchision, Marcus",LEH_MOU,75,Right,1000023387,Lehigh,2025,653
"Deom, Ryan",LEH_MOU,74,Right,1000124395,Lehigh,2023,223
"Ermigiotti, Julio",LEH_MOU,68,Right,10324379,Lehigh,2024,423
"Ermigiotti, Julio",LEH_MOU,68,Right,1000340832,Lehigh,2025,494
"Gariano, Ralph",LEH_MOU,73,Left,1000164892,Lehigh,2025,190
"Glenn, Najir",LEH_MOU,75,Left,1000189700,Lehigh,2023,153
"Glenn, Najir",LEH_MOU,75,Left,1000189700,Lehigh,2024,345
"Golier, Grady",LEH_MOU,75,Right,10325045,Lehigh,2024,217
"Golier, Grady",LEH_MOU,75,Right,10325045,Lehigh,2025,309
"Grisack, Will",LEH_MOU,74,Right,1000034160,Lehigh,2023,257
"Gyauch-Quirk, Noah",LEH_MOU,76,Right,1000363576,Lehigh,2025,455
"Hamilton, Jack",LEH_MOU,82,Right,1000124393,Lehigh,2023,105
"Hamilton, Jack",LEH_MOU,82,Right,1000124393,Lehigh,2024,241
"Hamilton, Jack",LEH_MOU,82,Right,1000124393,Lehigh,2025,325
"Ingino, Jack",LEH_MOU,74,Right,10109066,Lehigh,2024,157
"Ingino, Jack",LEH_MOU,74,Right,10109066,Lehigh,2025,89
"Mulvehill, Jake",LEH_MOU,72,Left,1000267754,Lehigh,2025,493
"Lamar, Tommy",LEH_MOU,72,Right,1000189715,Lehigh,2023,40
"Lamar, Tommy",LEH_MOU,72,Right,1000189715,Lehigh,2024,277
"Lamar, Tommy",LEH_MOU,72,Right,1000189715,Lehigh,2025,229
"O'Hearen, Liam",LEH_MOU,75,Right,10148365,Lehigh,2024,34
"O'Hearen, Liam",LEH_MOU,75,Right,10148365,Lehigh,2025,686
"Lucas, Rich",LEH_MOU,77,Right,1000105792,Lehigh,2023,9
"Rich, Lucas",LEH_MOU,77,Right,1000105792,Lehigh,2023,51
"Rich, Lucas",LEH_MOU,77,Right,1000105792,Lehigh,2024,80
"Rettig, Luke",LEH_MOU,76,Left,1000058018,Lehigh,2023,618
"Treonze, Max",LEH_MOU,71,Right,10139071,Lehigh,2025,351
"Mullock, Ryan",LEH_MOU,72,Right,1000189702,Lehigh,2023,42
"Mullock, Ryan",LEH_MOU,72,Right,1000189702,Lehigh,2024,36
"Mullock, Ryan",LEH_MOU,72,Right,1000189702,Lehigh,2025,73
"O'Neill, Shane",LEH_MOU,70,Right,1000189714,Lehigh,2023,219
"O'Neill, Shane",LEH_MOU,70,Right,1000189714,Lehigh,2024,144
"Perich, Rafe",LEH_MOU,75,Right,1000075479,Lehigh,2023,44
"Perich, Rafe",LEH_MOU,75,Right,1000075479,Lehigh,2024,56
"Taddei, Val",LEH_MOU,73,Right,1000124409,Lehigh,2023,248
"Taddei, Val",LEH_MOU,73,Right,1000124409,Lehigh,2024,32
"Taddei, Val",LEH_MOU,73,Right,1000124409,Lehigh,2025,54
"Tolliver, Teddy",LEH_MOU,76,Right,1000124399,Lehigh,2023,421
"Tolliver, Teddy",LEH_MOU,76,Right,1000124399,Lehigh,2024,502
"Thompson, Tyler",LEH_MOU,70,Right,10022232,Lehigh,2023,107
"Thompson, Tyler",LEH_MOU,70,Right,10022232,Lehigh,2024,139
"Jungers, Aaron",LIN_UNI,72,Left,1000230549,Lindenwood,2023,60
"Jungers, Aaron",LIN_UNI,72,Left,1000230549,Lindenwood,2024,177
"Alcorn, Kris",LIN_UNI,74,Left,1000266357,Lindenwood,2025,49
"Stice, Bennett",LIN_UNI,77,Right,1000230489,Lindenwood,2023,103
"Stice, Bennett",LIN_UNI,77,Right,1000230489,Lindenwood,2024,161
"Stice, Bennett",LIN_UNI,77,Right,1000230489,Lindenwood,2025,99
"Boruff, Dalton",LIN_UNI,72,Right,1000230530,Lindenwood,2023,22
"Breite, Graham",LIN_UNI,76,Right,1000132685,Lindenwood,2023,20
"Breite, Graham",LIN_UNI,76,Right,1000132685,Lindenwood,2024,29
"Ealy, Brendan",LIN_UNI,73,Right,10029874,Lindenwood,2025,23
"Roach, Brody",LIN_UNI,74,Right,1000230551,Lindenwood,2023,77
"Brown, Eli",LIN_UNI,75,Left,1000230501,Lindenwood,2024,328
"Brown, Eli",LIN_UNI,75,Left,1000230501,Lindenwood,2025,254
"Brown, Jacob",LIN_UNI,70,Right,1000230483,Lindenwood,2023,67
"Buschschulte, Zach",LIN_UNI,73,Right,1000277489,Lindenwood,2024,351
"Buschschulte, Zach",LIN_UNI,73,Right,1000277489,Lindenwood,2025,137
"Subbert, Carson",LIN_UNI,72,Right,1000077048,Lindenwood,2024,228
"Subbert, Carson",LIN_UNI,72,Right,1000077048,Lindenwood,2025,57
"Darin, Daniel",LIN_UNI,68,Left,1000162616,Lindenwood,2024,178
"Haftorson, Dillon",LIN_UNI,78,Right,1000218141,Lindenwood,2025,27
"Rakers, Easton",LIN_UNI,73,Right,1000230486,Lindenwood,2023,19
"Rakers, Easton",LIN_UNI,72,Right,1000230486,Lindenwood,2024,248
"Rakers, Easton",LIN_UNI,72,Right,1000230486,Lindenwood,2025,134
"Smith, Ethan",LIN_UNI,73,Left,1000398183,Lindenwood,2025,173
"Fishel, Jack",LIN_UNI,72,Left,1000398174,Lindenwood,2025,13
"Haley, Matthew",LIN_UNI,73,Right,1000230543,Lindenwood,2023,27
"Jackson, Jett",LIN_UNI,75,Right,1000050858,Lindenwood,2023,18
"Jackson, Jett",LIN_UNI,75,Right,1000050858,Lindenwood,2024,24
"Parrill, Jackson",LIN_UNI,73,Right,10097037,Lindenwood,2025,9
"Newell, Josh",LIN_UNI,74,Right,1000230497,Lindenwood,2023,170
"Newell, Josh",LIN_UNI,74,Right,1000230497,Lindenwood,2024,298
"Newell, Josh",LIN_UNI,74,Right,1000230497,Lindenwood,2025,271
"Walsh, Michael",LIN_UNI,72,Right,1000230550,Lindenwood,2023,32
"Walsh, Michael",LIN_UNI,72,Right,1000230550,Lindenwood,2024,228
"Walsh, Michael",LIN_UNI,72,Right,1000230550,Lindenwood,2025,105
"Paschke, Tanner",LIN_UNI,72,Right,825559,Lindenwood,2025,114
"Salazar, Preston",LIN_UNI,76,Right,1000103233,Lindenwood,2023,72
"Salazar, Preston",LIN_UNI,76,Right,1000161486,Lindenwood,2024,228
"Sell, Ryan",LIN_UNI,73,Left,1000277491,Lindenwood,2025,43
"Switalski, Adam",LIP_BIS,72,Right,10120370,Lipscomb,2024,111
"Switalski, Adam",LIP_BIS,73,Right,1000334539,Lipscomb,2025,390
"Brewer, Alex",LIP_BIS,76,Right,1000059505,Lipscomb,2023,504
"Brewer, Alex",LIP_BIS,76,Right,1000059505,Lipscomb,2024,803
"Wilson, Ben",LIP_BIS,72,Right,1000138629,Lipscomb,2023,155
"Wilson, Ben",LIP_BIS,72,Right,803006,Lipscomb,2024,248
"Bosley-Smith, Collin",LIP_BIS,76,Right,694892,Lipscomb,2025,377
"Tucker, Braydon",LIP_BIS,75,Right,1000049192,Lipscomb,2023,955
"Puckett, Brock",LIP_BIS,76,Right,1000191514,Lipscomb,2024,132
"Puckett, Brock",LIP_BIS,76,Right,1000191514,Lipscomb,2025,293
"Houghton, Bryce",LIP_BIS,71,Right,1000138897,Lipscomb,2023,80
"Houghton, Bryce",LIP_BIS,71,Right,810060,Lipscomb,2024,176
"Houghton, Bryce",LIP_BIS,71,Right,810060,Lipscomb,2025,164
"Pica, Caleb",LIP_BIS,79,Left,1000357360,Lipscomb,2025,75
"Guise, Cameron",LIP_BIS,73,Right,1000357361,Lipscomb,2025,296
"Sheppard, Carter",LIP_BIS,77,Right,1000167755,Lipscomb,2024,60
"Giles, Chandler",LIP_BIS,73,Right,1000056994,Lipscomb,2023,172
"Giles, Chandler",LIP_BIS,73,Right,810065,Lipscomb,2024,498
"O'Brien, Cole",LIP_BIS,75,Right,1000106839,Lipscomb,2025,711
"Witzke, Collin",LIP_BIS,75,Right,1000050784,Lipscomb,2023,267
"Witzke, Collin",LIP_BIS,75,Right,810064,Lipscomb,2024,511
"Cooke, Evan",LIP_BIS,76,Right,10147865,Lipscomb,2024,73
"Cooke, Evan",LIP_BIS,76,Right,10147865,Lipscomb,2025,137
"Rokose, Davis",LIP_BIS,73,Left,1000038272,Lipscomb,2025,405
"Dugan, Will",LIP_BIS,76,Right,810061,Lipscomb,2025,10
"Dunkelberger, Michael",LIP_BIS,72,Left,1000049198,Lipscomb,2023,720
"Dunkelberger, Michael",LIP_BIS,72,Left,685317,Lipscomb,2024,719
"Smith, Ethan",LIP_BIS,74,Right,1000013681,Lipscomb,2023,646
"Harmon, Evan",LIP_BIS,75,Right,1000097284,Lipscomb,2023,185
"Harmon, Evan",LIP_BIS,75,Right,1000097284,Lipscomb,2024,339
"Frank, Hayden",LIP_BIS,77,Left,1000106569,Lipscomb,2023,521
"Frank, Hayden",LIP_BIS,77,Left,810070,Lipscomb,2024,130
"Trautner, Jace",LIP_BIS,75,Right,1000218537,Lipscomb,2025,284
"Lynch, Jake",LIP_BIS,73,Left,1000099729,Lipscomb,2024,476
"Lynch, Jake",LIP_BIS,73,Left,1000099729,Lipscomb,2025,509
"Poindexter, Jake",LIP_BIS,72,Right,809711,Lipscomb,2024,670
"Poindexter, Jake",LIP_BIS,72,Right,809711,Lipscomb,2025,511
"Mitchell, Joey",LIP_BIS,71,Left,1000138899,Lipscomb,2023,525
"Mitchell, Joey",LIP_BIS,71,Left,810052,Lipscomb,2024,371
"Mitchell, Joey",LIP_BIS,71,Left,810052,Lipscomb,2025,449
"Lajoie, Josh",LIP_BIS,72,Right,810069,Lipscomb,2024,64
"Kantola, Kaleb",LIP_BIS,78,Right,1000094167,Lipscomb,2023,107
"Kantola, Kaleb",LIP_BIS,79,Right,701869,Lipscomb,2025,240
"Kutz, Ryan",LIP_BIS,73,Right,801705,Lipscomb,2024,483
"Kutz, Ryan",LIP_BIS,73,Right,801705,Lipscomb,2025,174
"Legere, Tyler",LIP_BIS,72,Right,1000108919,Lipscomb,2023,128
"Van Treeck, Logan",LIP_BIS,76,Left,1000079341,Lipscomb,2023,916
"Lyne, Tanner",LIP_BIS,70,Right,810072,Lipscomb,2024,323
"Lyne, Tanner",LIP_BIS,70,Right,810072,Lipscomb,2025,598
"Thompson, Noah",LIP_BIS,73,Left,1000026988,Lipscomb,2023,691
"Williams, Patrick",LIP_BIS,79,Right,1000085191,Lipscomb,2023,104
"Ramos, Rigo",LIP_BIS,77,Left,1000050889,Lipscomb,2025,724
"Roblez, Albert",LON_DIR,73,Right,1000127551,Long Beach St.,2025,471
"Mihalakis, Alexander",LON_DIR,72,Right,1000175223,Long Beach St.,2024,201
"Ramos, Alex",LON_DIR,70,Right,1000218556,Long Beach St.,2025,348
"Liu, Arthur",LON_DIR,71,Left,822027,Long Beach St.,2025,48
"Puett, Austin",LON_DIR,78,Right,1000116410,Long Beach St.,2025,38
"Banda, Cristien",LON_DIR,73,Left,10064316,Long Beach St.,2024,178
"Banda, Cristien",LON_DIR,73,Left,10064316,Long Beach St.,2025,300
"Carlos, Jonathan",LON_DIR,71,Right,1000049514,Long Beach St.,2023,542
"Cherry, Grant",LON_DIR,75,Right,1000066686,Long Beach St.,2023,231
"Cherry, Grant",LON_DIR,75,Right,1000066686,Long Beach St.,2024,506
"Hood, CJ",LON_DIR,76,Right,1000113769,Long Beach St.,2024,462
"Clough, Ethan",LON_DIR,70,Right,1000049503,Long Beach St.,2023,246
"Miskelly, Collin",LON_DIR,73,Left,10132584,Long Beach St.,2024,242
"Ponce, Dalton",LON_DIR,74,Right,1000029077,Long Beach St.,2023,507
"Ladjevic, David",LON_DIR,75,Right,10114360,Long Beach St.,2024,114
"Diez, Erick",LON_DIR,72,Right,286509,Long Beach St.,2023,16
"Diez, Erick",LON_DIR,72,Right,811580,Long Beach St.,2025,60
"Dillow, Mason",LON_DIR,73,Right,1000106064,Long Beach St.,2024,139
"Fields, Jake",LON_DIR,72,Right,10295732,Long Beach St.,2025,368
"Gebb, Tyler",LON_DIR,78,Right,1000114518,Long Beach St.,2025,331
"Geiss, Owen",LON_DIR,76,Right,1000134910,Long Beach St.,2024,527
"Geiss, Owen",LON_DIR,76,Right,1000134910,Long Beach St.,2025,581
"Osman, Graham",LON_DIR,75,Left,1000073134,Long Beach St.,2023,898
"Haley, Josh",LON_DIR,72,Left,1000113258,Long Beach St.,2023,339
"Iglesias, Joey",LON_DIR,70,Right,1000190953,Long Beach St.,2025,252
"Rons, Jake",LON_DIR,74,Right,1000029119,Long Beach St.,2023,448
"Russell, Jakob",LON_DIR,72,Left,828704,Long Beach St.,2025,195
"Largaespada, Jonathan",LON_DIR,77,Right,1000121255,Long Beach St.,2024,368
"Kahalekai, Ka'imi",LON_DIR,80,Right,1000164796,Long Beach St.,2025,337
"Montgomery, Kellan",LON_DIR,72,Right,1000213389,Long Beach St.,2023,459
"Montgomery, Kellan",LON_DIR,72,Right,811574,Long Beach St.,2024,1109
"Montgomery, Kellan",LON_DIR,72,Right,811574,Long Beach St.,2025,591
"Larson, Van",LON_DIR,72,Left,1000110116,Long Beach St.,2024,321
"Larson, Van",LON_DIR,72,Left,1000110116,Long Beach St.,2025,401
"Levine, Will",LON_DIR,76,Right,1000053999,Long Beach St.,2023,21
"Pirrello, Michael",LON_DIR,74,Right,822319,Long Beach St.,2025,25
"Morris, Nathen",LON_DIR,76,Right,1000213486,Long Beach St.,2023,345
"Morris, Nathen",LON_DIR,76,Right,811569,Long Beach St.,2024,382
"Patton, Myles",LON_DIR,75,Left,233353,Long Beach St.,2023,413
"Patton, Myles",LON_DIR,75,Left,811573,Long Beach St.,2024,874
"Wallerstedt, Nick",LON_DIR,75,Right,1000055297,Long Beach St.,2023,109
"Wallerstedt, Nick",LON_DIR,75,Right,1000055297,Long Beach St.,2024,30
"Williams, Nick",LON_DIR,70,Left,1000268665,Long Beach St.,2024,480
"Williams, Nick",LON_DIR,70,Left,1000268665,Long Beach St.,2025,95
"Zeglin, Nico",LON_DIR,76,Right,1000098521,Long Beach St.,2023,1001
"Wells, Sky",LON_DIR,74,Left,1000132707,Long Beach St.,2023,396
"Vanvickle, Aidan",LON_LAN,78,Right,1000076049,Longwood,2023,240
"Elges, Alek",LON_LAN,72,Right,1000230462,Longwood,2025,763
"Strickland, Alex",LON_LAN,72,Right,1000111140,Longwood,2025,181
"Melnyk, Andrew",LON_LAN,78,Left,1000059115,Longwood,2023,147
"Potojecki, Andrew",LON_LAN,72,Right,1000079352,Longwood,2023,248
"Potojecki, Andrew",LON_LAN,72,Right,1000079352,Longwood,2024,606
"Berrier, Logan",LON_LAN,73,Right,1000079353,Longwood,2023,561
"Gray, Braydon",LON_LAN,74,Right,1000140353,Longwood,2025,127
"Fisher, Brenton",LON_LAN,75,Right,1000090597,Longwood,2023,134
"Fisher, Brenton",LON_LAN,74,Right,801861,Longwood,2024,649
"Brewington, Isaiah",LON_LAN,76,Right,822982,Longwood,2025,491
"Bunch, Wyatt",LON_LAN,76,Right,1000210547,Longwood,2023,151
"Bunch, Wyatt",LON_LAN,76,Right,1000210547,Longwood,2024,160
"Bunch, Wyatt",LON_LAN,76,Right,1000201202,Longwood,2025,451
"Grizzard, Caleb",LON_LAN,72,Left,1000267841,Longwood,2025,366
"Ketchie, Caleb",LON_LAN,71,Right,1000075436,Longwood,2024,247
"Castrichini, Joe",LON_LAN,74,Right,1000143939,Longwood,2025,597
"Taylor, Cole",LON_LAN,74,Right,1000098759,Longwood,2023,474
"McCloud, Corbin",LON_LAN,72,Right,1000100476,Longwood,2024,24
"Hairfield, Dallas",LON_LAN,69,Right,10032928,Longwood,2023,106
"Hairfield, Dallas",LON_LAN,69,Right,10032928,Longwood,2024,262
"Hairfield, Dallas",LON_LAN,69,Right,10032928,Longwood,2025,109
"D'Ercole, Dominick",LON_LAN,72,Right,1000023376,Longwood,2023,280
"D'Ercole, Dominick",LON_LAN,72,Right,1000023376,Longwood,2024,658
"DiLella, Sam",LON_LAN,74,Right,1000120336,Longwood,2024,20
"DiLella, Sam",LON_LAN,74,Right,1000120336,Longwood,2025,78
"Saale, Dylan",LON_LAN,76,Right,10015767,Longwood,2023,183
"Saale, Dylan",LON_LAN,76,Right,10015767,Longwood,2024,469
"Plesser, Ethan",LON_LAN,74,Left,1000142430,Longwood,2025,545
"Walker, Ethan",LON_LAN,74,Left,1000232242,Longwood,2023,383
"Walker, Ethan",LON_LAN,74,Left,1000232242,Longwood,2024,617
"Garcia Jr., Guillermo",LON_LAN,73,Right,1000080477,Longwood,2023,317
"Garcia Jr., Guillermo",LON_LAN,73,Right,1000080477,Longwood,2024,461
"Garcia Jr., Guillermo",LON_LAN,73,Right,1000080477,Longwood,2025,896
"Gibbons, Sean",LON_LAN,75,Left,1000230969,Longwood,2023,203
"Gibbons, Sean",LON_LAN,75,Left,1000230969,Longwood,2024,573
"Gunter, Justin",LON_LAN,74,Right,10147998,Longwood,2025,476
"Harrison, Josiah",LON_LAN,71,Right,1000327421,Longwood,2024,177
"Hickmon, Loy",LON_LAN,69,Right,1000061419,Longwood,2023,185
"Warunek, Kevin",LON_LAN,76,Left,10022963,Longwood,2023,105
"Warunek, Kevin",LON_LAN,76,Left,10022963,Longwood,2024,335
"Miller, Kyle",LON_LAN,77,Right,1000157280,Longwood,2024,253
"Miller, Kyle",LON_LAN,77,Right,1000157280,Longwood,2025,491
"Tolson, Michael",LON_LAN,74,Right,1000050921,Longwood,2023,141
"Miller, Ryan",LON_LAN,74,Right,1000053950,Longwood,2023,547
"Simmons, Owen",LON_LAN,73,Right,1000115709,Longwood,2024,593
"Herrmann, Andrew",LOU_CAJ,75,Left,801892,Louisiana,2024,678
"Herrmann, Andrew",LOU_CAJ,75,Left,801892,Louisiana,2025,933
"Ardoin, Sam",LOU_CAJ,74,Right,822449,Louisiana,2025,14
"Tate, Ben",LOU_CAJ,73,Left,1000113195,Louisiana,2023,373
"Marshall, Blake",LOU_CAJ,72,Left,1000088575,Louisiana,2023,540
"Marshall, Blake",LOU_CAJ,72,Left,822955,Louisiana,2024,399
"McGehee, Blake",LOU_CAJ,71,Right,1000119592,Louisiana,2023,270
"McGehee, Blake",LOU_CAJ,72,Right,701585,Louisiana,2024,447
"McGehee, Blake",LOU_CAJ,72,Right,701585,Louisiana,2025,650
"Moody, Brendan",LOU_CAJ,74,Right,1000138085,Louisiana,2023,766
"Moody, Brendan",LOU_CAJ,76,Right,801896,Louisiana,2024,71
"Brennaman, Phil",LOU_CAJ,72,Right,822947,Louisiana,2024,23
"Brooks, Murphy",LOU_CAJ,75,Right,702702,Louisiana,2024,173
"Fluno, Carson",LOU_CAJ,73,Right,1000132453,Louisiana,2023,913
"Fluno, Carson",LOU_CAJ,74,Right,802956,Louisiana,2024,764
"Cash, Steven",LOU_CAJ,72,Left,1000138099,Louisiana,2023,248
"Cash, Steven",LOU_CAJ,73,Left,1000138099,Louisiana,2024,264
"Morgan, Chase",LOU_CAJ,75,Left,822957,Louisiana,2024,831
"Morgan, Chase",LOU_CAJ,75,Left,822957,Louisiana,2025,721
"Christie, David",LOU_CAJ,77,Right,1000097051,Louisiana,2023,850
"Christie, David",LOU_CAJ,77,Right,822949,Louisiana,2024,688
"Rawls, Cooper",LOU_CAJ,73,Right,1000103820,Louisiana,2023,1024
"Couch, Jerry",LOU_CAJ,70,Right,1000119631,Louisiana,2023,224
"Kirby, Drew",LOU_CAJ,78,,822953,Louisiana,2025,101
"Theut, Dylan",LOU_CAJ,72,Left,1000080589,Louisiana,2023,185
"Theut, Dylan",LOU_CAJ,71,Left,1000080589,Louisiana,2025,455
"Etheridge, JT",LOU_CAJ,77,Right,1000138091,Louisiana,2023,262
"Etheridge, JT",LOU_CAJ,78,Right,1000138091,Louisiana,2024,487
"Hebert, Griffin",LOU_CAJ,71,Right,1000361035,Louisiana,2025,19
"Hammond, Jake",LOU_CAJ,76,Right,1000112092,Louisiana,2023,768
"Hess, Tate",LOU_CAJ,74,Right,822951,Louisiana,2024,68
"Hess, Tate",LOU_CAJ,74,Right,822951,Louisiana,2025,828
"Hill, Sam",LOU_CAJ,77,Right,1000138098,Louisiana,2023,184
"Holzhammer, Matthew",LOU_CAJ,76,Right,822952,Louisiana,2024,328
"Holzhammer, Matthew",LOU_CAJ,76,Right,822952,Louisiana,2025,570
"Nezuh, Jackson",LOU_CAJ,73,Right,1000051871,Louisiana,2023,1461
"Martinez, Jack",LOU_CAJ,76,Right,822956,Louisiana,2024,657
"Trimble, James",LOU_CAJ,72,Right,1000213826,Louisiana,2025,199
"Tollett, JR",LOU_CAJ,74,Right,822959,Louisiana,2024,27
"Tollett, JR",LOU_CAJ,74,Right,822959,Louisiana,2025,973
"Lafleur, Trey",LOU_CAJ,75,Left,1000075379,Louisiana,2023,37
"Wilkerson, Landrey",LOU_CAJ,70,Left,1000113173,Louisiana,2023,87
"Langevin, LP",LOU_CAJ,74,Right,1000268014,Louisiana,2024,685
"Mandino, Maddox",LOU_CAJ,69,Left,1000334335,Louisiana,2024,48
"Mandino, Maddox",LOU_CAJ,69,Left,1000334335,Louisiana,2025,127
"Marcotte, Riley",LOU_CAJ,74,Left,822954,Louisiana,2024,4
"Marcotte, Riley",LOU_CAJ,74,Left,822954,Louisiana,2025,425
"Smith, Parker",LOU_CAJ,74,Right,10276689,Louisiana,2025,84
"Parrett, Taylor",LOU_CAJ,73,Right,1000114256,Louisiana,2023,98
"Ray, Tommy",LOU_CAJ,77,Right,1000073339,Louisiana,2023,318
"Sparks, Alec",LOU_BUL,76,Right,10024042,Louisiana Tech,2023,363
"Bates, Ethan",LOU_BUL,71,Right,1000093562,Louisiana Tech,2023,200
"Bates, Ethan",LOU_BUL,72,Right,1000093562,Louisiana Tech,2024,558
"Hooks, Blake",LOU_BUL,72,Right,1000299390,Louisiana Tech,2024,515
"Hooks, Blake",LOU_BUL,72,Right,1000150578,Louisiana Tech,2025,500
"Thiels, Brenton",LOU_BUL,84,Right,1000299391,Louisiana Tech,2024,37
"Roberson, Brooks",LOU_BUL,76,Right,1000266650,Louisiana Tech,2025,914
"Dolby, Bryce",LOU_BUL,77,Right,702664,Louisiana Tech,2025,118
"Copeland, Caden",LOU_BUL,74,Left,1000093724,Louisiana Tech,2023,87
"Copeland, Caden",LOU_BUL,74,Left,1000093724,Louisiana Tech,2024,540
"Sturiale, CJ",LOU_BUL,70,Left,10047297,Louisiana Tech,2025,55
"Nation, Connor",LOU_BUL,72,Left,1000299394,Louisiana Tech,2024,495
"Nation, Connor",LOU_BUL,72,Left,1000299394,Louisiana Tech,2025,399
"Cooley , Luke",LOU_BUL,73,Left,1000155061,Louisiana Tech,2025,806
"Crabb, Isaac",LOU_BUL,74,Right,1000101827,Louisiana Tech,2023,84
"Crabb, Isaac",LOU_BUL,74,Right,1000101827,Louisiana Tech,2024,145
"Crider, Nate",LOU_BUL,76,Right,1000240102,Louisiana Tech,2024,233
"Crider, Nate",LOU_BUL,76,Right,1000140294,Louisiana Tech,2025,428
"Fincher, Jonathan",LOU_BUL,75,Left,1000026559,Louisiana Tech,2023,609
"Fontenot, Landon",LOU_BUL,70,Left,1000369112,Louisiana Tech,2025,237
"Forsythe, Logan",LOU_BUL,72,Right,1000110602,Louisiana Tech,2025,580
"Fraginals, Nick",LOU_BUL,75,Right,1000059875,Louisiana Tech,2023,57
"Hubka, Grant",LOU_BUL,76,Right,1000114384,Louisiana Tech,2024,850
"Hubka, Grant",LOU_BUL,76,Right,1000114384,Louisiana Tech,2025,469
"Martinez, Greg",LOU_BUL,75,Right,1000079378,Louisiana Tech,2023,379
"Martinez, Greg",LOU_BUL,75,Right,1000079378,Louisiana Tech,2024,333
"Harland, Ryan",LOU_BUL,68,Left,1000124217,Louisiana Tech,2023,301
"Harland, Ryan",LOU_BUL,68,Left,1000124217,Louisiana Tech,2024,370
"Harland, Ryan",LOU_BUL,68,Left,1000124217,Louisiana Tech,2025,313
"Harmon, Hayden",LOU_BUL,71,Right,1000181483,Louisiana Tech,2024,13
"Havern, Jacob",LOU_BUL,78,Right,10111494,Louisiana Tech,2024,424
"Havern, Jacob",LOU_BUL,78,Right,10111494,Louisiana Tech,2025,62
"Hector, Rawley",LOU_BUL,74,Right,1000016899,Louisiana Tech,2023,122
"Williams, Justin",LOU_BUL,73,Right,10017195,Louisiana Tech,2023,86
"Parker, Kade",LOU_BUL,74,Right,823063,Louisiana Tech,2025,407
"Knight, Tanner",LOU_BUL,75,Right,1000098285,Louisiana Tech,2023,121
"Tomkins, Landon",LOU_BUL,75,Right,1000098284,Louisiana Tech,2023,473
"Nichols, Luke",LOU_BUL,74,Left,1000161455,Louisiana Tech,2024,988
"Nichols, Luke",LOU_BUL,74,Left,816361,Louisiana Tech,2025,535
"Magee, Noah",LOU_BUL,73,Right,1000119597,Louisiana Tech,2025,189
"Schexnaydre, Owen",LOU_BUL,77,Right,1000369113,Louisiana Tech,2025,51
"Tarini, Reece",LOU_BUL,70,Left,1000299401,Louisiana Tech,2024,31
"Smith, Reed",LOU_BUL,74,Right,1000128722,Louisiana Tech,2023,228
"Smith, Reed",LOU_BUL,74,Right,1000128722,Louisiana Tech,2024,947
"Swistak, Turner",LOU_BUL,75,Right,808746,Louisiana Tech,2024,826
"England, Aaron",LOU_CAR,74,Left,10098418,Louisville,2025,95
"Galvan, Alex",LOU_CAR,78,Right,1000069447,Louisville,2023,193
"Gay, Alex",LOU_CAR,77,Right,813960,Louisville,2025,91
"Biven, Tucker",LOU_CAR,73,Right,1000076979,Louisville,2023,587
"Biven, Tucker",LOU_CAR,73,Right,702712,Louisville,2024,547
"Biven, Tucker",LOU_CAR,73,Right,702712,Louisville,2025,482
"Crawford, Brandin",LOU_CAR,75,Right,10087850,Louisville,2025,174
"Cutts, Brennyn",LOU_CAR,75,Right,702366,Louisville,2025,587
"Brown, Jack",LOU_CAR,73,Right,815356,Louisville,2025,700
"Robinson, Cameron",LOU_CAR,77,Right,1000054835,Louisville,2023,100
"Campbell, Kayden",LOU_CAR,74,Left,1000138121,Louisville,2023,372
"Campbell, Kayden",LOU_CAR,74,Left,804901,Louisville,2024,382
"Liggett, Carson",LOU_CAR,73,Right,1000071765,Louisville,2023,1065
"Liggett, Carson",LOU_CAR,73,Right,695743,Louisville,2024,581
"Murphy, Casen",LOU_CAR,70,Left,830781,Louisville,2025,355
"Hartman, Colton",LOU_CAR,75,Left,806118,Louisville,2024,562
"Hartman, Colton",LOU_CAR,75,Left,806118,Louisville,2025,377
"Corbett, Kaleb",LOU_CAR,72,Right,1000051383,Louisville,2023,361
"Corbett, Kaleb",LOU_CAR,72,Right,804254,Louisville,2024,434
"Danilowicz, Wyatt",LOU_CAR,73,Left,1000110630,Louisville,2023,64
"Danilowicz, Wyatt",LOU_CAR,73,Left,804863,Louisville,2025,452
"Snyder, Dan",LOU_CAR,74,Right,809800,Louisville,2024,246
"Davis, Tague",LOU_CAR,76,Left,805538,Louisville,2025,91
"Dean, Mitchell",LOU_CAR,79,Left,814821,Louisville,2024,88
"Detmers, Parker",LOU_CAR,76,Right,806471,Louisville,2024,352
"Detmers, Parker",LOU_CAR,76,Right,806471,Louisville,2025,337
"Dickerson, Korbyn",LOU_CAR,73,Right,702668,Louisville,2024,10
"Eberle, Ethan",LOU_CAR,77,Left,830783,Louisville,2025,710
"Hoyt, Eli",LOU_CAR,72,Right,827722,Louisville,2025,117
"Webster, Evan",LOU_CAR,75,Left,1000073073,Louisville,2023,438
"Webster, Evan",LOU_CAR,75,Left,804248,Louisville,2024,1066
"Farone, Greg",LOU_CAR,78,Left,1000110584,Louisville,2023,746
"Forbes, Patrick",LOU_CAR,75,Right,1000115724,Louisville,2023,205
"Forbes, Patrick",LOU_CAR,75,Right,1000115724,Louisville,2024,420
"Forbes, Patrick",LOU_CAR,75,Right,1000115724,Louisville,2025,1080
"Gongora, Sebastian",LOU_CAR,77,Left,807792,Louisville,2024,1191
"Gregor, Jake",LOU_CAR,77,Right,1000239347,Louisville,2025,158
"Grundy, Kade",LOU_CAR,73,Right,1000069332,Louisville,2023,607
"Grundy, Kade",LOU_CAR,73,Right,691779,Louisville,2024,198
"Hawks, Ryan",LOU_CAR,74,Right,1000038113,Louisville,2023,1118
"Karaba, Jake",LOU_CAR,73,Right,815093,Louisville,2024,182
"Schweitzer, Jake",LOU_CAR,72,Right,1000098036,Louisville,2025,430
"Lessman, Jared",LOU_CAR,74,Left,822586,Louisville,2024,408
"Lessman, Jared",LOU_CAR,74,Left,822586,Louisville,2025,243
"West, Justin",LOU_CAR,75,Left,1000072765,Louisville,2023,25
"West, Justin",LOU_CAR,75,Left,1000072765,Louisville,2024,298
"West, Justin",LOU_CAR,75,Left,804892,Louisville,2025,526
"Vorster, Kian",LOU_CAR,71,Right,10082527,Louisville,2025,48
"Koger, Will",LOU_CAR,74,Right,1000071764,Louisville,2023,397
"Koger, Will",LOU_CAR,74,Right,695572,Louisville,2024,320
"Kuehner, Tate",LOU_CAR,73,Left,1000050381,Louisville,2023,654
"Michael, Peter",LOU_CAR,75,Right,813677,Louisville,2025,1096
"Phillips, Riley",LOU_CAR,76,Left,1000093559,Louisville,2023,669
"Phillips, Riley",LOU_CAR,76,Left,694512,Louisville,2024,513
"Schlageter, TJ",LOU_CAR,74,Left,822710,Louisville,2025,482
"Starke, Ty",LOU_CAR,78,Left,1000116289,Louisville,2024,342
"Starke, Ty",LOU_CAR,78,Left,822522,Louisville,2025,326
"Primeau, Alex",MAI_BLA,73,Right,1000396937,Maine,2025,56
"Chevarie, Andrew",MAI_BLA,75,Left,1000090795,Maine,2023,16
"Baeyens, Justin",MAI_BLA,72,Right,1000132408,Maine,2023,24
"Cockburn, Blaine",MAI_BLA,73,Left,1000213865,Maine,2023,27
"Cockburn, Blaine",MAI_BLA,73,Left,1000213865,Maine,2024,99
"Cockburn, Blaine",MAI_BLA,73,Left,1000213865,Maine,2025,86
"Rumpf, Brennan",MAI_BLA,75,Right,1000145142,Maine,2025,94
"Leys, Caleb",MAI_BLA,73,Left,1000119536,Maine,2023,90
"Leys, Caleb",MAI_BLA,73,Left,1000119536,Maine,2025,430
"Carson, Colton",MAI_BLA,78,Right,1000080170,Maine,2023,29
"Carson, Colton",MAI_BLA,78,Right,1000080170,Maine,2024,9
"Fitzgerald, Colin",MAI_BLA,73,Right,10020038,Maine,2023,97
"Fitzgerald, Colin",MAI_BLA,73,Right,10020038,Maine,2025,603
"Donlin, Jack",MAI_BLA,74,Left,10310362,Maine,2025,57
"Shaffer, Dylan",MAI_BLA,71,Right,1000115628,Maine,2025,45
"Scott, Evan",MAI_BLA,79,Right,10050497,Maine,2025,38
"Friedman, Pierce",MAI_BLA,73,Right,1000229010,Maine,2025,92
"Gifford, Gabe",MAI_BLA,70,Left,1000305122,Maine,2024,100
"Gifford, Gabe",MAI_BLA,70,Left,1000305122,Maine,2025,266
"Gambardella, Gianni",MAI_BLA,74,Right,1000207003,Maine,2024,89
"Gambardella, Gianni",MAI_BLA,74,Right,1000207003,Maine,2025,361
"Mosseau, Geoff",MAI_BLA,78,Left,1000113942,Maine,2023,18
"Mosseau, Geoff",MAI_BLA,78,Left,1000113942,Maine,2024,57
"Mosseau, Geoff",MAI_BLA,78,,1000113942,Maine,2025,48
"Holt, Sebastian",MAI_BLA,75,Right,10022883,Maine,2025,258
"Libby, Jason",MAI_BLA,75,Right,1000396951,Maine,2025,205
"Larisa, Vaun",MAI_BLA,73,Right,1000322038,Maine,2025,130
"Lavigueur, Luc",MAI_BLA,75,Right,10149048,Maine,2023,45
"Lavigueur, Luc",MAI_BLA,75,Right,10149048,Maine,2024,102
"Lavigueur, Luc",MAI_BLA,75,Right,828754,Maine,2025,351
"Lewis, Noah",MAI_BLA,74,Right,1000119546,Maine,2024,105
"Smaracko, Marshall",MAI_BLA,75,Right,1000119545,Maine,2024,4
"Smaracko, Marshall",MAI_BLA,75,,1000119545,Maine,2025,4
"Martin, Tommy",MAI_BLA,76,Right,1000396948,Maine,2025,153
"Nielsen, Tyler",MAI_BLA,75,Left,1000119549,Maine,2024,49
"Wheeler, Owen",MAI_BLA,72,Right,1000305143,Maine,2024,140
"Wheeler, Owen",MAI_BLA,73,Right,1000305143,Maine,2025,183
"Scott, Ryan",MAI_BLA,75,Right,1000050117,Maine,2023,42
"Scott, Ryan",MAI_BLA,75,Right,1000050117,Maine,2024,31
"Brown, Andrew",MAN_JAS,75,Right,1000309649,Manhattan,2025,135
"Castelluccio, Andrew",MAN_JAS,75,Right,1000138970,Manhattan,2025,106
"Ghuliani, Arnav",MAN_JAS,72,Left,1000167674,Manhattan,2025,173
"Babel, Tyler",MAN_JAS,74,Right,1000121931,Manhattan,2024,185
"Benn, Patrick",MAN_JAS,73,Left,1000121918,Manhattan,2023,21
"Benn, Patrick",MAN_JAS,73,Left,1000121918,Manhattan,2024,19
"Brader, Ryan",MAN_JAS,75,Right,1000309667,Manhattan,2025,31
"Grasser, Brad",MAN_JAS,74,Right,1000133226,Manhattan,2025,259
"Vicini, Brant",MAN_JAS,75,Right,1000270965,Manhattan,2024,8
"Vicini, Brant",MAN_JAS,75,Right,1000270965,Manhattan,2025,23
"Udell, Cade",MAN_JAS,79,Right,695236,Manhattan,2025,192
"Cowburn, Carter",MAN_JAS,77,,1000309650,Manhattan,2024,66
"Cowburn, Carter",MAN_JAS,77,Right,1000309650,Manhattan,2025,117
"O'Neill, Connor",MAN_JAS,71,Right,1000121874,Manhattan,2023,184
"Corwin, Matthew",MAN_JAS,76,Right,1000362812,Manhattan,2025,23
"Craska, Joey",MAN_JAS,71,Right,1000074562,Manhattan,2025,178
"Rorabeck, Darien",MAN_JAS,72,Right,1000079829,Manhattan,2023,218
"Doherty, Ryan",MAN_JAS,69,Left,1000121924,Manhattan,2023,36
"Duffield, Joseph",MAN_JAS,76,Right,1000309655,Manhattan,2024,63
"Duffield, Joseph",MAN_JAS,76,Right,1000309655,Manhattan,2025,284
"Fagler, Tyler",MAN_JAS,76,Right,1000027480,Manhattan,2023,108
"Farley, John",MAN_JAS,75,Left,1000055098,Manhattan,2023,144
"Shaw, Greg",MAN_JAS,75,Right,1000209240,Manhattan,2023,87
"Shaw, Greg",MAN_JAS,75,Right,1000209240,Manhattan,2024,52
"Klein, Jackson",MAN_JAS,70,Left,1000362828,Manhattan,2025,101
"Mahoney, Jack",MAN_JAS,73,Left,1000056392,Manhattan,2023,54
"Smoot, Jacob",MAN_JAS,75,Left,1000275696,Manhattan,2025,119
"Kwiatkowski, John",MAN_JAS,78,Left,1000209243,Manhattan,2023,69
"Kwiatkowski, John",MAN_JAS,78,Left,1000209243,Manhattan,2024,55
"Sesar, Jorden",MAN_JAS,76,Right,813853,Manhattan,2024,91
"Solimine, Justin",MAN_JAS,73,Right,1000121894,Manhattan,2024,81
"Kuntzelman, Landon",MAN_JAS,73,Right,1000270955,Manhattan,2025,8
"McLaughlin, Ryan",MAN_JAS,72,Right,1000309668,Manhattan,2025,156
"Staiano, Michael",MAN_JAS,75,Left,1000125203,Manhattan,2024,51
"Pudvar, Oliver",MAN_JAS,71,Left,41780,Manhattan,2023,158
"Packen, Trey",MAN_JAS,72,Right,1000209256,Manhattan,2023,27
"Packen, Trey",MAN_JAS,72,Right,1000209256,Manhattan,2024,66
"Packen, Trey",MAN_JAS,74,Right,1000209256,Manhattan,2025,52
"Tamm, Preston",MAN_JAS,70,Right,1000095497,Manhattan,2025,84
"Thomas, AJ",MAR_RED,75,Left,1000213673,Marist,2023,115
"Thomas, AJ",MAR_RED,76,Left,1000213673,Marist,2024,81
"Fierro, Andrew",MAR_RED,73,Right,1000301824,Marist,2024,219
"Speranza, Andrew",MAR_RED,70,Left,10109753,Marist,2025,216
"Bowery, Jack",MAR_RED,71,Left,1000121781,Marist,2023,91
"Yetter, Brian",MAR_RED,72,Right,1000121776,Marist,2023,162
"Yetter, Brian",MAR_RED,72,,1000121776,Marist,2024,377
"Burt, Jake",MAR_RED,75,Right,10034117,Marist,2025,138
"Kempler, Caleb",MAR_RED,73,Right,1000213675,Marist,2024,34
"Kempler, Caleb",MAR_RED,73,Right,1000213675,Marist,2025,181
"Keon, Danny",MAR_RED,73,Right,1000121777,Marist,2023,18
"Quinn, Drake",MAR_RED,75,Right,1000079394,Marist,2023,107
"Gibbons, Marko ",MAR_RED,79,Right,1000121788,Marist,2023,103
"Hacker, John",MAR_RED,76,Left,1000121783,Marist,2023,206
"Hacker, John",MAR_RED,76,,1000121783,Marist,2025,45
"Hartley, Tyler",MAR_RED,74,Right,10312572,Marist,2024,408
"Hartley, Tyler",MAR_RED,74,Right,10312572,Marist,2025,161
"Sabbers, Hunter",MAR_RED,72,Left,1000121780,Marist,2023,66
"Keenan, Jack",MAR_RED,74,Left,1000079388,Marist,2023,255
"Keenan, Jack",MAR_RED,74,,1000079388,Marist,2024,223
"Wren, Jack",MAR_RED,77,Right,1000121782,Marist,2023,157
"Wren, Jack",MAR_RED,77,,1000121782,Marist,2024,116
"Kmietek, Zane",MAR_RED,73,Right,1000057504,Marist,2023,83
"Koenig, Lance",MAR_RED,73,,1000121785,Marist,2024,86
"Scholl, Logan",MAR_RED,72,Right,1000266232,Marist,2025,174
"Mazza, Steven",MAR_RED,73,Right,1000213680,Marist,2023,147
"Mazza, Steven",MAR_RED,73,Right,1000213680,Marist,2024,248
"VanDeWater, Ryan",MAR_RED,72,Right,808838,Marist,2025,99
"Taylor, Will",MAR_RED,73,Left,1000301836,Marist,2024,349
"Taylor, Will",MAR_RED,73,Left,1000301836,Marist,2025,248
"Addkison, Zac",MAR_THU,76,Right,1000241015,Marshall,2023,334
"Agemy, Cole",MAR_THU,74,Right,1000078651,Marshall,2023,123
"Agemy, Cole",MAR_THU,74,Right,1000078651,Marshall,2024,200
"McAninch, AJ",MAR_THU,74,Right,10068898,Marshall,2025,96
"Albright, Blaine",MAR_THU,75,Left,10066433,Marshall,2025,219
"Baird, Tim",MAR_THU,74,Right,808796,Marshall,2025,396
"Burkart, Bauer",MAR_THU,72,Right,1000301842,Marshall,2024,27
"Burkart, Bauer",MAR_THU,72,Right,1000301842,Marshall,2025,130
"Blevins, Bryce",MAR_THU,71,Left,10009817,Marshall,2023,93
"Blevins, Bryce",MAR_THU,71,Left,10009817,Marshall,2024,779
"Blevins, Bryce",MAR_THU,71,Left,10009817,Marshall,2025,1023
"Brunette, Brandon",MAR_THU,79,Right,1000362115,Marshall,2025,27
"Capuano, Ryan",MAR_THU,73,Right,1000049459,Marshall,2023,183
"Lyles, Carter",MAR_THU,75,Right,1000036954,Marshall,2024,353
"Heiner, Chad",MAR_THU,72,Right,1000099726,Marshall,2023,312
"Heiner, Chad",MAR_THU,72,Right,1000099726,Marshall,2024,280
"Krebs, Charlie",MAR_THU,74,Right,811684,Marshall,2024,31
"Krebs, Charlie",MAR_THU,74,Right,811684,Marshall,2025,612
"Moak, Clint",MAR_THU,72,Right,10045805,Marshall,2025,706
"Collins, Kenyon",MAR_THU,73,Right,827465,Marshall,2025,216
"Copen, Patrick",MAR_THU,78,Right,1000133755,Marshall,2023,340
"DiGiacomo, Fenix",MAR_THU,77,Right,1000293933,Marshall,2025,499
"Harlow, Drew",MAR_THU,74,Right,1000130815,Marshall,2023,182
"Harlow, Drew",MAR_THU,74,Right,1000130815,Marshall,2024,662
"Leon, Eddie",MAR_THU,73,Right,1000124389,Marshall,2023,181
"Leon, Eddie",MAR_THU,73,Right,1000124389,Marshall,2024,23
"Miller, Griffin",MAR_THU,74,Right,811692,Marshall,2024,448
"Miller, Griffin",MAR_THU,74,Right,811692,Marshall,2025,1136
"Jackson, Peyton",MAR_THU,76,Right,824489,Marshall,2025,335
"Seculer, Jensen",MAR_THU,75,Right,1000102718,Marshall,2024,56
"Jodway, Nick",MAR_THU,72,Right,8899455,Marshall,2024,142
"Washington, Lenny",MAR_THU,75,Right,811720,Marshall,2024,158
"Proehl, Luke",MAR_THU,75,Right,1000299304,Marshall,2025,321
"Weyrich, Nicholas",MAR_THU,76,Right,1000068583,Marshall,2023,110
"Weyrich, Nicholas",MAR_THU,76,Right,811721,Marshall,2024,649
"Weyrich, Nicholas",MAR_THU,76,Right,811721,Marshall,2025,600
"Schofield, Peyton",MAR_THU,74,Left,1000131883,Marshall,2024,360
"Walsh, Alex",MAR_TER,76,Right,1000119904,Maryland,2024,239
"Johnson, Andrew",MAR_TER,72,Left,1000092299,Maryland,2023,181
"Johnson, Andrew",MAR_TER,72,Left,1000092299,Maryland,2024,505
"Johnson, Andrew",MAR_TER,72,Left,1000092299,Maryland,2025,520
"Koshy, Andrew",MAR_TER,74,Right,822651,Maryland,2025,496
"Bailey, Ryan",MAR_TER,73,Right,1000139902,Maryland,2025,144
"Baynes, Hunter",MAR_TER,75,Right,1000110859,Maryland,2024,19
"Belgrave, Nigel",MAR_TER,76,Right,1000100709,Maryland,2023,196
"Berrier, Logan",MAR_TER,73,Right,1000079353,Maryland,2024,426
"Ryan, Brayden",MAR_TER,78,Right,1000152823,Maryland,2025,542
"Van Buren, Ryan",MAR_TER,75,Right,10019662,Maryland,2023,118
"Van Buren, Ryan",MAR_TER,76,Right,10019662,Maryland,2024,260
"Van Buren, Ryan",MAR_TER,76,Right,10019662,Maryland,2025,457
"Cespedes, Cristofer",MAR_TER,76,Right,815862,Maryland,2025,459
"Dean, Nick",MAR_TER,75,Right,1000079033,Maryland,2023,484
"Milberg, Devin",MAR_TER,73,Left,1000121022,Maryland,2025,313
"McCarron, Duke",MAR_TER,73,Right,805562,Maryland,2024,117
"Stowe, Eliakim",MAR_TER,75,Right,10111427,Maryland,2023,11
"Smith, Evan",MAR_TER,73,Left,1000301885,Maryland,2024,518
"French, Garrett",MAR_TER,74,Right,811950,Maryland,2024,20
"Gladden, James",MAR_TER,72,Right,1000093349,Maryland,2025,53
"Hastings, Logan",MAR_TER,70,Right,10090410,Maryland,2025,701
"Jones II, Paul",MAR_TER,72,Left,1000135874,Maryland,2025,29
"Wren, Jack",MAR_TER,77,Right,1000121782,Maryland,2025,470
"Yeager, Jake",MAR_TER,76,Right,1000148592,Maryland,2025,547
"Savacool, Jason",MAR_TER,73,Right,691013,Maryland,2023,534
"Johnson, Meade",MAR_TER,75,Right,813874,Maryland,2024,367
"Lippman, Kenny",MAR_TER,76,Right,1000214428,Maryland,2023,272
"Lippman, Kenny",MAR_TER,75,Right,1000214428,Maryland,2024,761
"Koester, Logan",MAR_TER,76,Right,1000023406,Maryland,2024,924
"Koester, Logan",MAR_TER,76,Right,1000023406,Maryland,2025,147
"McCoy, Kyle",MAR_TER,77,Left,1000110052,Maryland,2023,198
"McCoy, Kyle",MAR_TER,78,Left,1000110052,Maryland,2025,1066
"Ott, Logan",MAR_TER,71,Left,1000100708,Maryland,2023,61
"Ott, Logan",MAR_TER,71,Left,1000100708,Maryland,2024,81
"Melendez, Omar",MAR_TER,78,Left,801018,Maryland,2024,743
"Melendez, Omar",MAR_TER,78,Left,801018,Maryland,2025,583
"Sarcone, Trystan",MAR_TER,73,Left,1000078994,Maryland,2024,189
"Merritt, Adam",UMA_AMH,69,Right,1000145038,Massachusetts,2025,183
"Middleton, Andrew",UMA_AMH,74,Left,10310231,Massachusetts,2024,140
"Middleton, Andrew",UMA_AMH,74,Left,10310231,Massachusetts,2025,114
"Campbell, Austin",UMA_AMH,72,Left,1000398429,Massachusetts,2025,97
"Belliveau, Sam",UMA_AMH,73,Right,1000136888,Massachusetts,2023,175
"Belliveau, Sam",UMA_AMH,73,Right,1000136888,Massachusetts,2024,387
"Belliveau, Sam",UMA_AMH,73,Right,1000136888,Massachusetts,2025,219
"Bennett, Blake ",UMA_AMH,76,Right,1000080240,Massachusetts,2023,20
"Bennett, Blake",UMA_AMH,76,Right,1000080240,Massachusetts,2023,57
"Bigelow, Leif",UMA_AMH,75,Right,1000057057,Massachusetts,2024,283
"McDonough, Bobby",UMA_AMH,75,Right,810957,Massachusetts,2025,207
"Bonior, Vance",UMA_AMH,72,Right,832098,Massachusetts,2025,37
"Powers, Callen",UMA_AMH,77,Right,1000145159,Massachusetts,2024,46
"Powers, Callen",UMA_AMH,77,Right,1000145159,Massachusetts,2025,491
"Devin, Charlie",UMA_AMH,70,Right,1000078905,Massachusetts,2023,29
"Devin, Charlie",UMA_AMH,70,Right,1000078905,Massachusetts,2024,15
"Dalton, Tyler",UMA_AMH,72,Right,1000058936,Massachusetts,2023,87
"Terwilliger, Dylan",UMA_AMH,73,Right,1000214384,Massachusetts,2023,42
"Terwilliger, Dylan",UMA_AMH,73,Right,1000214384,Massachusetts,2024,48
"Terwilliger, Dylan",UMA_AMH,73,Right,1000214384,Massachusetts,2025,118
"Given, Zack",UMA_AMH,73,Left,1000078897,Massachusetts,2023,51
"Given, Zack",UMA_AMH,73,Left,1000078897,Massachusetts,2024,196
"Harrigan, Jackson",UMA_AMH,74,Right,1000143928,Massachusetts,2023,35
"Levine, Jack",UMA_AMH,77,Right,809996,Massachusetts,2025,207
"Pawloski, Jack",UMA_AMH,76,Left,1000058941,Massachusetts,2023,69
"Steele, Jack",UMA_AMH,72,Right,1000058928,Massachusetts,2023,38
"Terwilliger, Jacob",UMA_AMH,71,Right,1000084131,Massachusetts,2024,160
"Jensen, Mikey",UMA_AMH,68,Right,10025059,Massachusetts,2023,41
"Jensen, Mikey",UMA_AMH,68,Right,10025059,Massachusetts,2024,309
"Jensen, Mikey",UMA_AMH,68,Right,10025059,Massachusetts,2025,225
"Masteralexis, Justin",UMA_AMH,73,Left,10023302,Massachusetts,2025,55
"LeBlanc, Max",UMA_AMH,78,Right,1000100010,Massachusetts,2023,180
"LeBlanc, Max",UMA_AMH,78,Right,822489,Massachusetts,2024,122
"Lints, Renn",UMA_AMH,76,Right,1000098915,Massachusetts,2023,69
"Lints, Renn",UMA_AMH,76,Right,1000098915,Massachusetts,2024,537
"O'Connor, Robbie",UMA_AMH,76,Right,1000092102,Massachusetts,2024,625
"O'Connor, Robbie",UMA_AMH,76,Right,1000092102,Massachusetts,2025,462
"Perrett, Taylor",UMA_AMH,73,Right,1000132668,Massachusetts,2023,197
"Abraham, Ty",MCN_COW,74,Right,1000056423,McNeese,2023,296
"Abraham ,Ty",MCN_COW,74,Right,1000056423,McNeese,2023,10
"Abraham, Ty",MCN_COW,74,Right,1000056423,McNeese,2024,507
"Gravel, Alexis",MCN_COW,73,Left,683325,McNeese,2024,791
"Gravel, Alexis",MCN_COW,73,Left,683325,McNeese,2025,606
"Barthelemy, Brock",MCN_COW,72,Right,117330,McNeese,2023,110
"Barthelemy, Brock",MCN_COW,72,Right,1000274878,McNeese,2024,395
"Blackwell, Jake",MCN_COW,75,Left,1000188991,McNeese,2025,465
"Fritcher, Blayne",MCN_COW,77,Right,1000118986,McNeese,2025,234
"Corcoran, Brady",MCN_COW,71,Left,1000362315,McNeese,2025,235
"Cunningham, Braedyn",MCN_COW,77,Right,812374,McNeese,2025,202
"Payne, Brett",MCN_COW,74,Right,1000061611,McNeese,2023,48
"Shadrick, Brian",MCN_COW,75,Right,1000083742,McNeese,2023,10
"Shadrick, Brian",MCN_COW,75,Right,1000083742,McNeese,2024,209
"Brown, Tyler",MCN_COW,70,Left,1000193316,McNeese,2023,25
"Hudgens, Bryson",MCN_COW,76,Right,1000080124,McNeese,2023,99
"Jones, Burrell",MCN_COW,78,Right,1000088257,McNeese,2023,211
"Hart, Cade",MCN_COW,73,Right,1000232996,McNeese,2023,128
"Hart, Cade",MCN_COW,73,Right,1000274877,McNeese,2024,24
"Strmiska, Caleb",MCN_COW,81,Right,10291458,McNeese,2024,365
"Strmiska, Caleb",MCN_COW,82,Right,10291458,McNeese,2025,249
"Lejeune, Cameron",MCN_COW,76,Right,1000098017,McNeese,2023,133
"Lejeune, Cameron",MCN_COW,76,Right,1000098017,McNeese,2024,709
"Caraway, Daelan",MCN_COW,72,Right,809310,McNeese,2024,317
"Carr, David",MCN_COW,72,Left,10061951,McNeese,2024,69
"Cherry, Derrick",MCN_COW,73,Right,1000056420,McNeese,2023,406
"Vega, Christian",MCN_COW,73,Right,1000055969,McNeese,2023,279
"Kennedy, Clay",MCN_COW,75,Right,1000099200,McNeese,2024,141
"Golden, Cooper",MCN_COW,76,Left,1000334172,McNeese,2025,618
"Coppinger, Paul",MCN_COW,79,Right,1000122108,McNeese,2025,420
"Corrales, Diego",MCN_COW,69,Left,1000355002,McNeese,2025,330
"Nachtsheim, Eric",MCN_COW,76,Right,1000362318,McNeese,2025,251
"Maldonado, Evan",MCN_COW,72,Right,10026112,McNeese,2024,309
"Rogers, Grant",MCN_COW,79,Right,1000122810,McNeese,2023,424
"Moeller, JT",MCN_COW,73,Right,1000037805,McNeese,2023,138
"Moeller, JT",MCN_COW,73,Right,1000037805,McNeese,2024,564
"Navarre, Kohl",MCN_COW,72,Right,10151408,McNeese,2024,32
"Lopez, Sergio",MCN_COW,72,Right,1000114531,McNeese,2025,468
"Mott, Marcus",MCN_COW,70,Right,1000099806,McNeese,2024,204
"Mott, Marcus",MCN_COW,70,Right,1000099806,McNeese,2025,189
"Swenson, Max",MCN_COW,75,Right,1000122098,McNeese,2024,365
"Swenson, Max",MCN_COW,75,Right,1000122098,McNeese,2025,98
"Morgan, Parker",MCN_COW,73,Left,1000362323,McNeese,2025,356
"Primeaux, Parker",MCN_COW,69,Right,1000101108,McNeese,2025,279
"Tinkler, Payton",MCN_COW,73,Right,1000120703,McNeese,2023,153
"Voss, Zach",MCN_COW,74,Right,1000161542,McNeese,2023,159
"Voss, Zach",MCN_COW,74,Right,1000161542,McNeese,2024,712
"Chorzelewski, Brandon",MT,72,Left,1000140660,Memphis,2024,340
"Chorzelewski, Brandon",MT,73,Left,1000140660,Memphis,2025,163
"Sanders, Brayden",MT,70,Right,1000140265,Memphis,2024,523
"Sanders, Brayden",MT,70,Right,1000140265,Memphis,2025,294
"Robinson, Caden",MT,72,Right,10012219,Memphis,2023,93
"Robinson, Caden",MT,72,Right,10012219,Memphis,2024,1064
"Robinson, Caden",MT,72,Right,10012219,Memphis,2025,635
"Davis, Cade",MT,78,Right,813273,Memphis,2024,323
"Stinnett, Carson",MT,74,Right,1000076560,Memphis,2023,109
"Case, David",MT,72,Left,701601,Memphis,2025,982
"Casto, Daniel",MT,74,Left,1000079410,Memphis,2023,62
"Smith, Charlie",MT,74,Right,1000075096,Memphis,2025,654
"Kessinger, Chase",MT,75,Right,1000098805,Memphis,2023,73
"Pittman, Connor",MT,80,Right,1000150602,Memphis,2025,404
"Cox, Seth",MT,77,Right,1000251000,Memphis,2024,111
"Cox, Seth",MT,77,Right,1000251000,Memphis,2025,357
"Curtis, Eli",MT,75,Left,1000188899,Memphis,2025,18
"Curtis, Jake",MT,70,Right,1000220075,Memphis,2024,342
"Dallas, Michael",MT,71,Right,1000077166,Memphis,2025,140
"Fowler, Dalton",MT,78,Left,1000099315,Memphis,2023,205
"Kendrick, Dalton",MT,77,Left,1000076554,Memphis,2023,118
"Warren, David",MT,75,Right,1000100473,Memphis,2023,303
"Warren, David",MT,75,Right,803356,Memphis,2024,1207
"Oswalt, Davis",MT,70,Right,10001163,Memphis,2025,530
"Donahue, Hayden",MT,72,Right,1000293602,Memphis,2025,208
"Durham, JT",MT,72,Left,1000098804,Memphis,2023,128
"Durham, JT",MT,72,Left,1000098804,Memphis,2024,676
"Ellis, Luke",MT,73,Left,1000077221,Memphis,2023,110
"Ellis, Luke",MT,73,Left,1000077221,Memphis,2024,964
"Ellis, Luke",MT,73,Left,1000077221,Memphis,2025,367
"Vandament, Ethan",MT,73,Right,813271,Memphis,2024,22
"Garner, Seth",MT,74,Right,1000193521,Memphis,2023,108
"Garner, Seth",MT,74,Right,811671,Memphis,2024,868
"Garner, Seth",MT,75,Right,811671,Memphis,2025,1055
"Harris, Malik",MT,77,Right,1000274371,Memphis,2024,371
"Harris, Malik",MT,78,Right,1000274371,Memphis,2025,248
"Heckert, Tyler",MT,73,Right,10028999,Memphis,2024,3
"Howell, Will",MT,76,Right,825293,Memphis,2025,427
"Lucas, Isaac",MT,72,Left,1000361396,Memphis,2025,363
"Lyons, Jackson",MT,73,Right,1000235819,Memphis,2023,71
"Lyons, Jackson",MT,73,Right,803361,Memphis,2024,425
"Posey, Jonah",MT,75,Right,809306,Memphis,2024,213
"Stepter, Kylan",MT,73,Right,1000168615,Memphis,2024,212
"Stepter, Kylan",MT,73,Right,1000168615,Memphis,2025,134
"Rushing, Logan",MT,72,Left,1000127983,Memphis,2024,499
"Rushing, Logan",MT,72,Left,1000127983,Memphis,2025,261
"Stelling, Logan",MT,72,Right,1000219041,Memphis,2025,100
"Sebren, Waylon",MT,69,Right,1000274374,Memphis,2024,36
"Ackerman, Jess",MER_BEA,75,Left,90000216715,Mercer,2023,450
"Ackerman, Jess",MER_BEA,75,Left,90000216715,Mercer,2024,833
"Ackerman, Jess",MER_BEA,75,Left,1000133213,Mercer,2025,1062
"Alvey, Caden",MER_BEA,74,Left,10058580,Mercer,2025,60
"Garnett, Andrew",MER_BEA,73,Right,1000147545,Mercer,2025,386
"Stephens, Avery",MER_BEA,76,Right,1000083374,Mercer,2023,120
"Tucker, Benjy",MER_BEA,73,Right,1000077307,Mercer,2024,79
"Bohn, Caleb",MER_BEA,76,Right,1000077287,Mercer,2023,332
"Bohn, Caleb",MER_BEA,76,Right,1000077287,Mercer,2024,171
"Lawrence, Brayden",MER_BEA,78,Left,1000147629,Mercer,2025,62
"Kersey, Braydon",MER_BEA,73,Right,10112085,Mercer,2025,661
"Olson, Bryant",MER_BEA,76,Left,1000121649,Mercer,2024,380
"Hawkins, Bryce",MER_BEA,72,Right,10001993,Mercer,2024,65
"Hawkins, Bryce",MER_BEA,72,Right,10001993,Mercer,2025,326
"Busse, Terry",MER_BEA,75,Right,803028,Mercer,2025,545
"Cosper, Cade",MER_BEA,72,Right,90000243869,Mercer,2024,283
"Cosper, Cade",MER_BEA,72,Right,90000243869,Mercer,2025,246
"Champey, Declan",MER_BEA,73,Right,1000098661,Mercer,2024,21
"Soliday, Cody",MER_BEA,72,Right,10134946,Mercer,2024,225
"Soliday, Cody",MER_BEA,72,Right,10134946,Mercer,2025,144
"Cole, Lawson",MER_BEA,73,Right,10038134,Mercer,2024,238
"Cole, Lawson",MER_BEA,73,Right,10038134,Mercer,2025,264
"Ewaldsen, Collin",MER_BEA,72,Right,10091945,Mercer,2025,405
"Cosper, Colton",MER_BEA,73,Left,90000172713,Mercer,2023,859
"Cosper, Colton",MER_BEA,73,Left,90000172713,Mercer,2024,962
"Cosper, Colton",MER_BEA,73,Left,90000172713,Mercer,2025,1195
"Folds, Connor",MER_BEA,72,Right,10063673,Mercer,2023,197
"Kalkbrenner, Craig",MER_BEA,72,Right,10002046,Mercer,2025,475
"Cruce, Riley",MER_BEA,72,Left,1000148331,Mercer,2025,185
"DECKER, KAI",MER_BEA,73,Right,1000239625,Mercer,2025,20
"Decker, Kai",MER_BEA,73,Right,1000239625,Mercer,2025,84
"Fagerstrom, Reid",MER_BEA,73,Right,1000050341,Mercer,2024,291
"Farmer, Josh",MER_BEA,75,Right,1000056465,Mercer,2023,194
"Farmer, Josh ",MER_BEA,75,Right,1000056465,Mercer,2023,822
"Thompson, Ford",MER_BEA,73,Left,10164380,Mercer,2025,50
"Franklin, Wesley",MER_BEA,75,Right,1000098662,Mercer,2023,482
"Franklin, Wesley",MER_BEA,75,Right,1000098662,Mercer,2024,572
"Wilson, Fred",MER_BEA,72,Left,1000098669,Mercer,2023,465
"Wilson, Fred",MER_BEA,73,Left,1000098669,Mercer,2024,627
"Lambert, Garrett",MER_BEA,74,Right,10064920,Mercer,2024,252
"Sloan, Garrett",MER_BEA,76,Right,1000098668,Mercer,2023,453
"Gaspard, Jackson",MER_BEA,72,Right,804850,Mercer,2025,495
"Yntema, Graham",MER_BEA,76,Left,1000084548,Mercer,2024,568
"Harlow, Josh",MER_BEA,75,Right,1000074216,Mercer,2023,385
"Harvey, Reid",MER_BEA,75,Right,1000091592,Mercer,2024,10
"McGaha, Holton",MER_BEA,75,Left,1000056460,Mercer,2023,64
"McGaha, Holton ",MER_BEA,75,Left,1000056460,Mercer,2023,376
"O'Neal, Jaxon",MER_BEA,74,Left,1000050375,Mercer,2023,421
"O'Neal, Jaxon",MER_BEA,74,Left,1000050375,Mercer,2024,390
"Johnson, Jeb",MER_BEA,71,Right,10061066,Mercer,2024,231
"Johnson, Jeb",MER_BEA,71,Right,10061066,Mercer,2025,897
"Lobus, Ryan",MER_BEA,74,Right,1000051638,Mercer,2023,1010
"Takac, Micah",MER_BEA,75,Right,1000136357,Mercer,2023,363
"Takac, Micah",MER_BEA,75,Right,1000136357,Mercer,2024,213
"Takac, Micah",MER_BEA,75,Right,1000136357,Mercer,2025,47
"Mummert, Wyatt",MER_BEA,73,Left,1000145825,Mercer,2025,70
"Murphy, Zach",MER_BEA,77,Left,1000364045,Mercer,2025,77
"Thomas, Walt",MER_BEA,79,Right,1000119033,Mercer,2023,196
"Malec, Andrew",MER_UNI,76,Right,10148593,Mercyhurst,2025,124
"Krause, Anthony",MER_UNI,74,Left,10291993,Mercyhurst,2025,76
"Arnold, Brandon",MER_UNI,76,Right,825912,Mercyhurst,2025,114
"Bazala, Jacob",MER_UNI,74,Right,10025954,Mercyhurst,2025,161
"Smith, Cody",MER_UNI,76,Left,10278439,Mercyhurst,2025,15
"Thomas, Daniel",MER_UNI,72,Right,10915292,Mercyhurst,2025,218
"Skidmore, Dylan",MER_UNI,72,Left,10312613,Mercyhurst,2025,77
"Fabian, Jaden",MER_UNI,75,Right,10321713,Mercyhurst,2025,30
"Schmidt, Greg",MER_UNI,76,Right,10147552,Mercyhurst,2025,27
"Hamilton, Nick",MER_UNI,74,Right,10149323,Mercyhurst,2025,105
"Helms, Joey",MER_UNI,71,Right,10154274,Mercyhurst,2025,25
"Kirsch, Nolan",MER_UNI,73,Right,10915293,Mercyhurst,2025,99
"Heffernan, Andrew",MER_COL1,74,Right,10325420,Merrimack,2024,90
"Heffernan, Andrew",MER_COL1,74,Right,10325420,Merrimack,2025,120
"Barkal, Oliver",MER_COL1,70,Right,1000303655,Merrimack,2025,95
"Barker, Colby",MER_COL1,77,Right,10109074,Merrimack,2024,29
"Barker, Colby",MER_COL1,77,Right,10109074,Merrimack,2025,73
"Loper, Bobby",MER_COL1,76,Right,10031190,Merrimack,2025,30
"Borsari, James",MER_COL1,73,Right,1000190319,Merrimack,2023,33
"Borsari, James",MER_COL1,74,Right,1000190319,Merrimack,2024,69
"Borsari, James",MER_COL1,74,Right,1000190319,Merrimack,2025,78
"Bradshaw, Michael",MER_COL1,72,Right,10108803,Merrimack,2024,34
"Bradshaw, Michael",MER_COL1,72,Right,10108803,Merrimack,2025,101
"Ryan, Brayden",MER_COL1,78,Right,10111092,Merrimack,2024,64
"Broderick, Zach",MER_COL1,73,Left,1000208245,Merrimack,2024,55
"Broderick, Zach",MER_COL1,73,Left,1000208245,Merrimack,2025,63
"Butera, Justin",MER_COL1,74,Right,1000125281,Merrimack,2023,38
"Calvanese, Charlie",MER_COL1,72,Right,1000190073,Merrimack,2023,9
"Cassidy, Campbell",MER_COL1,74,Left,1000111076,Merrimack,2024,46
"Cassidy, Campbell",MER_COL1,74,Left,1000111076,Merrimack,2025,36
"Cespedes, Louis",MER_COL1,72,Right,1000190318,Merrimack,2023,27
"Cespedes, Louis",MER_COL1,72,Right,1000190318,Merrimack,2024,33
"Cespedes, Louis",MER_COL1,72,Right,1000190318,Merrimack,2025,67
"Yennaco, Cole",MER_COL1,70,Right,1000096079,Merrimack,2025,91
"Collins, Jack",MER_COL1,71,Left,1000125280,Merrimack,2023,41
"Collins, Jack",MER_COL1,71,Left,1000125280,Merrimack,2024,10
"Fuller, Damon",MER_COL1,72,Left,10038722,Merrimack,2023,16
"Fuller, Damon",MER_COL1,72,Left,10038722,Merrimack,2024,35
"Logie, Dawson",MER_COL1,75,Right,10065188,Merrimack,2023,38
"Logie, Dawson",MER_COL1,75,Right,10065188,Merrimack,2024,47
"Logie, Dawson",MER_COL1,75,Right,10065188,Merrimack,2025,77
"Dragon, Michael",MER_COL1,78,Right,1000125290,Merrimack,2024,53
"Howard, Flynn",MER_COL1,74,Right,1000220099,Merrimack,2025,88
"Franco, Samuel",MER_COL1,76,Left,1000144772,Merrimack,2025,176
"Painter, Harry",MER_COL1,75,Right,1000080236,Merrimack,2025,68
"Healy, Tyghe",MER_COL1,74,Left,10016437,Merrimack,2023,38
"Healy, Tyghe",MER_COL1,74,Left,10016437,Merrimack,2024,66
"Heisner, Peyton",MER_COL1,75,Left,1000125284,Merrimack,2023,58
"Heisner, Peyton",MER_COL1,75,Left,1000125284,Merrimack,2024,57
"Hunkele, Nick",MER_COL1,70,Right,1000305024,Merrimack,2025,102
"Nichols, James",MER_COL1,72,Right,10312286,Merrimack,2025,158
"Linnehan, Luke",MER_COL1,75,Right,1000324959,Merrimack,2025,96
"Lombard, Mason",MER_COL1,73,Right,1000305022,Merrimack,2024,33
"Riley, Lucas",MER_COL1,72,Left,10186799,Merrimack,2025,11
"Zadrozny, Owen",MER_COL1,77,Right,1000121866,Merrimack,2024,41
"Zadrozny, Owen",MER_COL1,77,Right,1000121866,Merrimack,2025,58
"Harajli, Ahmad",MIA_RED,76,Right,800677,Miami (OH),2025,333
"Appelwick, Evan",MIA_RED,72,Right,695485,Miami (OH),2024,14
"Berggren, Austin",MIA_RED,75,Right,1000190938,Miami (OH),2025,488
"Benko, Troy",MIA_RED,78,Right,10267339,Miami (OH),2025,585
"Blackmore, Lawson",MIA_RED,77,Right,1000050894,Miami (OH),2023,68
"Burke, Clayton",MIA_RED,72,Right,1000266653,Miami (OH),2025,821
"Byers, Carson ",MIA_RED,69,Left,1000133996,Miami (OH),2023,196
"Byers, Carson",MIA_RED,69,Left,1000133996,Miami (OH),2023,144
"Byers, Carson",MIA_RED,69,Left,1000133996,Miami (OH),2024,150
"Byers, Carson",MIA_RED,69,Left,1000133996,Miami (OH),2025,799
"Chadwick, Tyler",MIA_RED,77,Right,694340,Miami (OH),2023,91
"Dieruf, Charlie",MIA_RED,73,Right,1000314727,Miami (OH),2025,292
"Pauley, Cole",MIA_RED,73,Right,808795,Miami (OH),2025,72
"Oliver, Connor",MIA_RED,74,Left,1000050939,Miami (OH),2023,273
"Preisel, Connor",MIA_RED,74,Left,1000213694,Miami (OH),2023,256
"Preisel, Connor",MIA_RED,74,Left,1000213694,Miami (OH),2024,158
"Preisel, Connor",MIA_RED,74,Left,1000213694,Miami (OH),2025,33
"Katskee, Cooper",MIA_RED,76,Right,811683,Miami (OH),2025,816
"Sirounis, Costa",MIA_RED,78,Right,1000076658,Miami (OH),2023,139
"Cuthbertson, Hayden",MIA_RED,75,Left,1000251883,Miami (OH),2025,508
"DeMonica, Nick",MIA_RED,72,Left,1000121586,Miami (OH),2024,223
"Demonica, Nick",MIA_RED,72,Left,1000121586,Miami (OH),2024,9
"DeMonica, Nick",MIA_RED,72,Left,1000121586,Miami (OH),2025,104
"Echols, Taylor",MIA_RED,69,Right,10285125,Miami (OH),2025,150
"Egbert, Kenten",MIA_RED,75,Right,1000052228,Miami (OH),2023,255
"Fulk, Landon",MIA_RED,75,Right,824476,Miami (OH),2025,308
"Galdoni, Lukas",MIA_RED,76,Right,1000013204,Miami (OH),2024,72
"Galyean, Tyler",MIA_RED,76,Left,1000121588,Miami (OH),2023,64
"Galyean, Tyler",MIA_RED,76,Left,1000121588,Miami (OH),2024,46
"Hollis, Nolan",MIA_RED,78,Right,1000153782,Miami (OH),2024,209
"Leach, Hudson",MIA_RED,75,Right,1000099323,Miami (OH),2023,156
"Pfeffer, Kaden",MIA_RED,73,Left,821954,Miami (OH),2025,398
"Looper, Landen",MIA_RED,76,Right,1000095586,Miami (OH),2024,45
"Looper, Landen",MIA_RED,76,Right,1000095586,Miami (OH),2025,86
"Marquez, Lazaro",MIA_RED,73,Right,1000125198,Miami (OH),2023,63
"Ross, Luke",MIA_RED,74,Left,1000078058,Miami (OH),2023,55
"Ross, Luke",MIA_RED,74,Left,1000078058,Miami (OH),2024,63
"Ross, Luke",MIA_RED,74,Left,1000078058,Miami (OH),2025,86
"Sosna, Martin",MIA_RED,70,Right,1000098526,Miami (OH),2023,390
"Maxey, Zach",MIA_RED,75,Right,1000153794,Miami (OH),2023,207
"Maxey, Zach",MIA_RED,75,Right,1000153794,Miami (OH),2024,63
"Neville, Zach",MIA_RED,70,Right,824516,Miami (OH),2025,10
"Vardavas, Nick",MIA_RED,71,Left,10009360,Miami (OH),2023,157
"Vardavas, Nick",MIA_RED,71,Left,1000241952,Miami (OH),2024,41
"Vardavas, Nick",MIA_RED,71,Left,1000241952,Miami (OH),2025,207
"Olejnik, Peyton",MIA_RED,83,Right,803021,Miami (OH),2024,47
"Ronevich, Tyler",MIA_RED,77,,1000098860,Miami (OH),2024,32
"Zimmer, Ryan",MIA_RED,77,Right,800682,Miami (OH),2024,97
"Harajli, Ahmad",MIC_WOL,76,Right,1000096635,Michigan,2023,428
"Ogg, Alexander",MIC_WOL,77,Right,1000073132,Michigan,2024,131
"Velazquez, Alfredo",MIC_WOL,68,Left,804037,Michigan,2024,14
"Allen, Chase",MIC_WOL,78,Right,1000077682,Michigan,2023,787
"Allen, Chase",MIC_WOL,78,Right,800678,Michigan,2024,895
"Barr, Kurt",MIC_WOL,74,Right,1000115959,Michigan,2023,309
"Barr, Kurt",MIC_WOL,74,Right,803913,Michigan,2024,1395
"Barr, Kurt",MIC_WOL,75,Right,803913,Michigan,2025,961
"Barr, Preston",MIC_WOL,75,Right,803917,Michigan,2025,255
"Bradley, Grant",MIC_WOL,75,Right,827866,Michigan,2025,331
"Lawrence, Brandon",MIC_WOL,72,Right,1000051998,Michigan,2023,18
"Mann, Brandon",MIC_WOL,75,Right,1000238610,Michigan,2023,196
"Mann, Brandon",MIC_WOL,75,Right,1000238610,Michigan,2024,299
"Mann, Brandon",MIC_WOL,75,Right,1000238610,Michigan,2025,146
"Newland, Brandon",MIC_WOL,77,Right,827842,Michigan,2025,105
"Connolly, Cade",MIC_WOL,75,Left,810845,Michigan,2025,383
"Carey, Tate",MIC_WOL,72,Right,807020,Michigan,2025,726
"Cleveland, Walker",MIC_WOL,74,Left,1000049275,Michigan,2023,253
"Judge, Connor",MIC_WOL,77,Right,822736,Michigan,2024,85
"O'Halloran, Connor",MIC_WOL,74,Left,1000050113,Michigan,2023,1189
"Debiec, Max",MIC_WOL,79,Right,695535,Michigan,2025,411
"Denner, Jacob",MIC_WOL,72,Left,1000060866,Michigan,2023,808
"Denner, Jacob",MIC_WOL,72,Left,693527,Michigan,2024,1204
"DeVooght, Gavin",MIC_WOL,77,Right,822348,Michigan,2025,253
"Vigue, Dylan",MIC_WOL,75,Right,10092010,Michigan,2024,901
"Vigue, Dylan",MIC_WOL,75,Right,10092010,Michigan,2025,774
"Horwedel, Eamon",MIC_WOL,72,Right,1000057570,Michigan,2023,235
"Horwedel, Eamon",MIC_WOL,72,Right,808739,Michigan,2024,191
"Muir, Jackson",MIC_WOL,74,Right,10101549,Michigan,2024,58
"Keaser, Jake",MIC_WOL,73,Right,1000133921,Michigan,2023,211
"Torroella, John",MIC_WOL,76,Right,1000078592,Michigan,2023,211
"O'Hearn, Keegan",MIC_WOL,77,Left,802505,Michigan,2025,102
"Kidd, Ricky",MIC_WOL,73,Right,10100142,Michigan,2024,497
"Kidd, Ricky",MIC_WOL,73,Right,822727,Michigan,2025,154
"Quedens, Michael",MIC_WOL,73,Left,816346,Michigan,2025,96
"Rennard, Noah",MIC_WOL,75,Right,1000092704,Michigan,2023,741
"Novara, Wyatt",MIC_WOL,75,Left,822728,Michigan,2024,120
"Novara, Wyatt",MIC_WOL,75,Left,822728,Michigan,2025,136
"Ramos, Sachem",MIC_WOL,73,Right,10147513,Michigan,2024,322
"Rogers, Will",MIC_WOL,73,Right,1000069364,Michigan,2024,710
"Rogers, Will",MIC_WOL,73,Right,1000069364,Michigan,2025,692
"Zimmer, Ryan",MIC_WOL,77,Right,1000096636,Michigan,2023,229
"Mishoulam, Aaron",MIC_SPA,79,Right,825098,Michigan St.,2024,656
"Berghorst, Adam",MIC_SPA,79,Right,1000073152,Michigan St.,2023,380
"Arbaugh, Aidan",MIC_SPA,75,Left,802537,Michigan St.,2024,92
"Donovan, Aidan",MIC_SPA,76,Right,1000149330,Michigan St.,2025,488
"Carson, Andrew",MIC_SPA,74,Right,1000113040,Michigan St.,2023,581
"Brewer, Garrett",MIC_SPA,75,Left,1000137446,Michigan St.,2024,238
"Brewer, Garrett",MIC_SPA,75,Left,1000137446,Michigan St.,2025,457
"Martin, Brian",MIC_SPA,73,Right,1000053988,Michigan St.,2023,90
"Chapman, Max",MIC_SPA,70,Left,1000136524,Michigan St.,2023,35
"Cook, Harrison",MIC_SPA,77,Right,1000050698,Michigan St.,2023,720
"Cook, Harrison",MIC_SPA,77,Right,687043,Michigan St.,2024,567
"Pianto, Dominic",MIC_SPA,74,Right,1000084569,Michigan St.,2023,191
"Pianto, Dominic",MIC_SPA,74,Right,802545,Michigan St.,2024,170
"Pianto, Dominic",MIC_SPA,73,Right,802545,Michigan St.,2025,492
"Dzierwa, Joseph",MIC_SPA,79,Left,1000234973,Michigan St.,2023,895
"Dzierwa, Joseph",MIC_SPA,79,Left,804530,Michigan St.,2024,966
"Dzierwa, Joseph",MIC_SPA,80,Left,804530,Michigan St.,2025,1261
"Farquhar, Tate",MIC_SPA,72,Right,1000138503,Michigan St.,2025,615
"Ferazzi, Nick",MIC_SPA,74,Right,1000277483,Michigan St.,2024,766
"Grundman, Gannon",MIC_SPA,75,Left,10102055,Michigan St.,2024,115
"Grundman, Gannon",MIC_SPA,75,Left,10102055,Michigan St.,2025,417
"Moczydlowsky, Gavin",MIC_SPA,72,Right,10068040,Michigan St.,2024,321
"Moczydlowsky, Gavin",MIC_SPA,73,Right,10068040,Michigan St.,2025,64
"Sitarz, Gavin",MIC_SPA,71,Left,1000115817,Michigan St.,2023,58
"Higgins, Nolan",MIC_SPA,76,Right,10095559,Michigan St.,2023,623
"Higgins, Nolan",MIC_SPA,77,Right,1000243567,Michigan St.,2024,547
"Higgins, Nolan",MIC_SPA,76,Right,1000243567,Michigan St.,2025,994
"Horvath, Tyler",MIC_SPA,69,Right,1000122427,Michigan St.,2025,480
"Huffman, Jaxon",MIC_SPA,74,Right,10309921,Michigan St.,2024,72
"Klug, Josh",MIC_SPA,73,Right,823418,Michigan St.,2025,59
"Klann, Robert",MIC_SPA,75,Right,303970,Michigan St.,2023,70
"Klann, Robert",MIC_SPA,76,Right,804047,Michigan St.,2024,25
"Pikur, Logan",MIC_SPA,76,Right,10135743,Michigan St.,2024,364
"Pikur, Logan",MIC_SPA,76,Right,10135743,Michigan St.,2025,408
"Matheny, Noah",MIC_SPA,74,Right,1000100100,Michigan St.,2023,348
"Matheny, Noah",MIC_SPA,74,Right,809081,Michigan St.,2024,200
"Matheny, Noah",MIC_SPA,74,Right,809081,Michigan St.,2025,93
"Maxey, Zach",MIC_SPA,74,Right,1000153794,Michigan St.,2025,381
"Powers, Nick",MIC_SPA,73,Left,1000093251,Michigan St.,2023,782
"Powers, Nick",MIC_SPA,73,Left,802551,Michigan St.,2024,949
"Rush, Wyatt",MIC_SPA,75,Right,1000050216,Michigan St.,2023,522
"Szczepaniak, Ryan",MIC_SPA,75,Right,1000077200,Michigan St.,2023,401
"Szczepaniak, Ryan",MIC_SPA,76,Right,802550,Michigan St.,2025,168
"Szczepanski, Tommy",MIC_SPA,77,Right,804875,Michigan St.,2024,332
"Szczepanski, Tommy",MIC_SPA,77,Right,804875,Michigan St.,2025,183
"Akens, Ollie",MTSU_BLU,73,Right,1000213525,Middle Tenn.,2023,467
"Akens, Ollie",MTSU_BLU,73,Right,1000213525,Middle Tenn.,2024,147
"Akens, Ollie",MTSU_BLU,73,Right,1000213525,Middle Tenn.,2025,605
"Alderman, Chandler",MTSU_BLU,77,Left,10102122,Middle Tenn.,2024,216
"Alderman, Chandler",MTSU_BLU,77,Left,10102122,Middle Tenn.,2025,1053
"Alonso, Dylan",MTSU_BLU,76,Right,10071547,Middle Tenn.,2024,102
"Anderson, Ian",MTSU_BLU,73,Right,10312273,Middle Tenn.,2024,10
"Beranek, Bryant",MTSU_BLU,75,Right,1000213473,Middle Tenn.,2023,542
"Beranek, Bryant",MTSU_BLU,75,Right,1000213473,Middle Tenn.,2024,176
"Beranek, Bryant",MTSU_BLU,75,Right,1000213473,Middle Tenn.,2025,471
"Bingham, Logan",MTSU_BLU,79,Right,10095393,Middle Tenn.,2025,121
"Burch, Landen",MTSU_BLU,76,Right,10063778,Middle Tenn.,2025,559
"Peterson, Caleb",MTSU_BLU,76,Right,1000213502,Middle Tenn.,2023,86
"Peterson, Caleb",MTSU_BLU,76,Right,1000213502,Middle Tenn.,2024,61
"Torbett, Cole",MTSU_BLU,70,Left,1000088477,Middle Tenn.,2023,123
"Torbett, Cole",MTSU_BLU,70,Left,1000088477,Middle Tenn.,2024,226
"Torbett, Cole",MTSU_BLU,70,Left,806417,Middle Tenn.,2025,550
"Kerrigan, Colin",MTSU_BLU,78,Left,10117785,Middle Tenn.,2024,41
"Kerrigan, Colin",MTSU_BLU,78,Left,10117785,Middle Tenn.,2025,648
"Dewey, Daniel",MTSU_BLU,75,Right,1000213508,Middle Tenn.,2023,209
"Driver, Matthew",MTSU_BLU,76,Right,1000190876,Middle Tenn.,2025,166
"Earnhardt, Luke",MTSU_BLU,73,Left,10108985,Middle Tenn.,2024,12
"Swan, Eriq",MTSU_BLU,78,Right,1000099444,Middle Tenn.,2023,1008
"Imbimbo, Ethan",MTSU_BLU,76,Right,1000076606,Middle Tenn.,2025,414
"Fortner, Jack",MTSU_BLU,72,Right,1000265456,Middle Tenn.,2025,228
"Galloway, Jackson",MTSU_BLU,74,Right,1000120467,Middle Tenn.,2024,3
"Sims, Garrett",MTSU_BLU,75,Left,1000138074,Middle Tenn.,2025,89
"Hamm, Jaden",MTSU_BLU,73,Right,1000099926,Middle Tenn.,2023,1216
"Underwood, Jackson",MTSU_BLU,74,Right,1000213510,Middle Tenn.,2023,37
"Underwood, Jackson",MTSU_BLU,74,Right,1000213510,Middle Tenn.,2024,50
"Julian, Jack",MTSU_BLU,76,Right,1000079458,Middle Tenn.,2023,98
"Wirtz, Jalen",MTSU_BLU,76,Right,1000120470,Middle Tenn.,2023,347
"Sells, James",MTSU_BLU,73,Right,1000120472,Middle Tenn.,2023,847
"Sells, James",MTSU_BLU,73,Right,1000120472,Middle Tenn.,2024,106
"Jenkins, Will",MTSU_BLU,70,Right,1000094149,Middle Tenn.,2024,41
"Jenkins, Will",MTSU_BLU,70,Right,1000094149,Middle Tenn.,2025,897
"Johnson, Patrick",MTSU_BLU,74,Right,1000078141,Middle Tenn.,2023,501
"Johnson, Patrick",MTSU_BLU,74,Right,1000078141,Middle Tenn.,2024,178
"Junkins, Turner",MTSU_BLU,71,Right,1000077935,Middle Tenn.,2024,58
"Lee, Justin",MTSU_BLU,74,Right,1000213515,Middle Tenn.,2023,583
"Lee, Justin",MTSU_BLU,73,Right,1000213515,Middle Tenn.,2024,139
"Sato, Kota",MTSU_BLU,72,Right,1000133423,Middle Tenn.,2023,752
"Sato, Kota",MTSU_BLU,72,Right,1000133423,Middle Tenn.,2024,84
"Phillips, Trace",MTSU_BLU,75,Right,10149829,Middle Tenn.,2024,308
"Phillips, Trace",MTSU_BLU,75,Right,10071957,Middle Tenn.,2025,519
"Shaw, Walker",MTSU_BLU,78,Left,10063471,Middle Tenn.,2025,16
"Montilva, Adrian",UWM_PAN,70,Left,1000135926,Milwaukee,2023,22
"Montilva, Adrian",UWM_PAN,71,Left,1000135926,Milwaukee,2024,304
"Fishnick, Aiden",UWM_PAN,73,Right,10314173,Milwaukee,2025,199
"Andrews, Tyler",UWM_PAN,73,Left,10055281,Milwaukee,2025,95
"Neu, Andy",UWM_PAN,75,Left,1000098941,Milwaukee,2023,129
"Ehmke, Aric",UWM_PAN,73,Right,824469,Milwaukee,2025,223
"Arnold, Tristan",UWM_PAN,72,Right,10267563,Milwaukee,2024,127
"Arnold, Tristan",UWM_PAN,73,Right,10267563,Milwaukee,2025,93
"Bleck, Parker",UWM_PAN,76,Right,10290762,Milwaukee,2025,78
"Kuhnke, Camden",UWM_PAN,74,Right,91395,Milwaukee,2024,134
"Spitzer, Cole",UWM_PAN,70,Left,10101604,Milwaukee,2024,197
"Spitzer, Cole",UWM_PAN,70,Left,10101604,Milwaukee,2025,21
"Sheahan, Curtis",UWM_PAN,77,Left,1000120929,Milwaukee,2023,89
"Deleskiewicz, Tyler",UWM_PAN,76,Right,1000115974,Milwaukee,2023,27
"Deleskiewicz, Tyler",UWM_PAN,77,Right,1000115974,Milwaukee,2024,185
"Deleskiewicz, Tyler",UWM_PAN,77,Right,1000115974,Milwaukee,2025,150
"DeYoung, Nate",UWM_PAN,78,Right,1000054614,Milwaukee,2023,26
"Kojis, DJ",UWM_PAN,75,Right,1000226156,Milwaukee,2023,26
"Kojis, DJ",UWM_PAN,75,Right,1000226156,Milwaukee,2024,41
"Kojis, DJ",UWM_PAN,75,Right,1000226156,Milwaukee,2025,13
"Dobberstein, Logan",UWM_PAN,78,Right,10021827,Milwaukee,2024,86
"Dohrmann, Zach",UWM_PAN,75,Right,1000249212,Milwaukee,2025,184
"Szajkovics, Dylan",UWM_PAN,72,Right,1000079527,Milwaukee,2023,37
"Mulhern, Eamonn",UWM_PAN,79,Right,10099277,Milwaukee,2025,173
"Frey, Riley",UWM_PAN,73,Left,1000098940,Milwaukee,2023,10
"Theis, Gavin",UWM_PAN,75,Right,1000120925,Milwaukee,2024,167
"Theis, Gavin",UWM_PAN,75,Right,1000120925,Milwaukee,2025,406
"Gilhaus, Nick",UWM_PAN,74,Right,1000051760,Milwaukee,2023,11
"Hansel, Luke",UWM_PAN,72,Right,1000132456,Milwaukee,2024,477
"Hoerter, Ryan",UWM_PAN,78,Right,1000120915,Milwaukee,2023,28
"Severson, James",UWM_PAN,72,Right,1000075131,Milwaukee,2024,209
"Kelliher, Johnny",UWM_PAN,77,Left,1000120916,Milwaukee,2024,107
"Kosky, Josh",UWM_PAN,82,Right,1000098943,Milwaukee,2024,11
"Kaufmann, Keagon",UWM_PAN,72,Right,10049109,Milwaukee,2023,32
"Kaufmann, Keagon",UWM_PAN,72,Right,10049109,Milwaukee,2024,29
"Kaufmann, Keagon",UWM_PAN,72,Right,10049109,Milwaukee,2025,208
"Schulfer, Logan",UWM_PAN,73,Right,1000397154,Milwaukee,2025,382
"Snow, Logan",UWM_PAN,78,Right,1000301944,Milwaukee,2024,342
"Snow, Logan",UWM_PAN,78,Right,1000301944,Milwaukee,2025,184
"Weckler, Mason",UWM_PAN,72,Right,10060242,Milwaukee,2025,205
"Mathews, Sam",UWM_PAN,71,Right,1000226148,Milwaukee,2023,30
"Mueller, Matthew",UWM_PAN,77,Left,702567,Milwaukee,2025,299
"Sullivan, Mike",UWM_PAN,74,Right,1000226153,Milwaukee,2025,289
"Rice, Owen",UWM_PAN,78,Left,10056802,Milwaukee,2024,204
"Peterson, Riley",UWM_PAN,72,Left,10288672,Milwaukee,2024,257
"Peterson, Riley",UWM_PAN,72,Left,10288672,Milwaukee,2025,104
"Urban, Adam",MIN_GOL,72,Right,828157,Minnesota,2025,244
"Argento, Nick",MIN_GOL,78,Right,1000268916,Minnesota,2024,204
"Argento, Nick",MIN_GOL,78,Right,1000268916,Minnesota,2025,85
"Shepard, Ben",MIN_GOL,73,Right,1000178325,Minnesota,2023,113
"Blazek , Cam",MIN_GOL,75,Right,1000098491,Minnesota,2023,44
"Capomaccio, Caden",MIN_GOL,72,Right,1000135353,Minnesota,2023,83
"Capomaccio, Caden",MIN_GOL,73,Right,809732,Minnesota,2024,232
"Capomaccio, Caden",MIN_GOL,73,Right,809732,Minnesota,2025,31
"Clausen, Seth",MIN_GOL,72,Right,1000097874,Minnesota,2023,167
"Clausen, Seth",MIN_GOL,73,Right,703523,Minnesota,2024,328
"Clausen, Seth",MIN_GOL,73,Right,703523,Minnesota,2025,482
"Selvig, Cole",MIN_GOL,72,Right,806217,Minnesota,2025,531
"Selvig, Cole",MIN_GOP,72,Right,806217,Minnesota,2025,82
"Wietgrefe, Connor",MIN_GOL,74,Left,1000136380,Minnesota,2023,311
"Wietgrefe, Connor",MIN_GOL,74,Left,809733,Minnesota,2024,1090
"Dauman, Randon",MIN_GOL,73,Right,1000083695,Minnesota,2023,56
"Deluga, Noah",MIN_GOL,72,Left,1000089700,Minnesota,2023,125
"DeLuga, Noah",MIN_GOL,72,Left,703529,Minnesota,2024,73
"Dobis, Jonathan",MIN_GOL,72,Right,831056,Minnesota,2025,115
"Sundquist, Eli",MIN_GOL,73,Right,802182,Minnesota,2025,363
"Klassen, George",MIN_GOL,74,Right,1000070032,Minnesota,2023,459
"Gurka, Michael",MIN_GOL,75,Right,693626,Minnesota,2023,23
"Hauser, Joe",MIN_GOL,74,Right,1000124068,Minnesota,2023,49
"Hemmesch, Tyler",MIN_GOL,73,Right,10059063,Minnesota,2024,364
"Hemmesch, Tyler",MIN_GOL,73,Right,10266961,Minnesota,2025,358
"Holetz, Richie",MIN_GOL,77,Right,1000054203,Minnesota,2023,468
"Sperry, Joe",MIN_GOL,74,Right,831058,Minnesota,2025,589
"Sperry, Joe",MIN_GOP,74,Right,831058,Minnesota,2025,41
"Thorsteinson, Justin",MIN_GOL,76,Left,678145,Minnesota,2024,499
"Thorsteinson, Justin",MIN_GOL,76,Left,678145,Minnesota,2025,433
"Kennedy, Sam",MIN_GOL,73,Right,1000178319,Minnesota,2024,201
"Remington, Kyle",MIN_GOL,72,Right,10147739,Minnesota,2024,596
"Remington, Kyle",MIN_GOL,72,Right,806202,Minnesota,2025,737
"Ryerse, Luke",MIN_GOL,73,Right,828037,Minnesota,2025,339
"Malec, Sam",MIN_GOL,72,Right,1000154911,Minnesota,2023,131
"Rooney, Noah",MIN_GOL,71,Left,1000124249,Minnesota,2023,281
"Rooney, Noah",MIN_GOL,72,Left,703528,Minnesota,2025,515
"Novotny, Tucker",MIN_GOL,77,Left,1000124251,Minnesota,2023,455
"Novotny, Tucker ",MIN_GOL,77,Undefined,0,Minnesota,2023,149
"Novotny, Tucker",MIN_GOL,77,Left,701512,Minnesota,2024,665
"Semb, Will",MIN_GOL,73,Right,1000092693,Minnesota,2024,1216
"Whelan, Will",MIN_GOL,74,Left,822391,Minnesota,2024,321
"Whelan, Will",MIN_GOL,74,Left,822391,Minnesota,2025,612
"Nixon, Aaron",MSU_BDG,72,Right,691004,Mississippi St.,2023,292
"Auger, Brooks",MSU_BDG,77,Right,1000112669,Mississippi St.,2024,644
"Davis, Ben",MSU_BDG,75,Right,1000369101,Mississippi St.,2025,728
"Black, Gavin",MSU_BDG,72,Right,1000089748,Mississippi St.,2024,256
"Black, Gavin",MSU_BDG,72,Right,805885,Mississippi St.,2025,27
"Loftin, Bradley",MSU_BDG,75,Left,1000138082,Mississippi St.,2023,319
"Loftin, Bradley",MSU_BDG,75,Left,1000138082,Mississippi St.,2024,95
"Tapper, Brock",MSU_BDG,73,Left,10035068,Mississippi St.,2023,390
"Burns, Dane",MSU_BDG,77,Left,1000188587,Mississippi St.,2025,174
"O'Leary, Cade",MSU_BDG,76,Right,815516,Mississippi St.,2025,39
"Smith, Cade",MSU_BDG,73,Right,1000051872,Mississippi St.,2023,782
"Schuelke, Cam",MSU_BDG,73,Right,1000101361,Mississippi St.,2024,580
"Foster, Charlie",MSU_BDG,75,Left,1000147712,Mississippi St.,2025,125
"Hungate, Chase",MSU_BDG,73,Right,801835,Mississippi St.,2025,316
"Cheatham, Cole",MSU_BDG,75,Left,176342,Mississippi St.,2023,223
"Cheatham, Cole",MSU_BDG,75,Left,1000241966,Mississippi St.,2024,155
"Cijntje, Jurrangelo",MSU_BDG,71,Right,1000110615,Mississippi St.,2023,982
"Cijntje, Jurrangelo",MSU_BDG,71,Both,1000110615,Mississippi St.,2024,1413
"Holcombe, Colby",MSU_BDG,78,Right,10022269,Mississippi St.,2023,765
"Holcombe, Colby",MSU_BDG,78,Right,1000232235,Mississippi St.,2024,349
"Davis, Tyler",MSU_BDG,74,Left,1000041034,Mississippi St.,2023,428
"Davis, Tyler",MSU_BDG,74,Left,1000041034,Mississippi St.,2024,489
"Dohm, Nate",MSU_BDG,76,Right,10038948,Mississippi St.,2023,637
"Dohm, Nate",MSU_BDG,76,Right,1000236758,Mississippi St.,2024,421
"Dotson, Luke",MSU_BDG,76,Left,806060,Mississippi St.,2024,202
"Dotson, Luke",MSU_BDG,76,Left,806060,Mississippi St.,2025,288
"Stone, Duke",MSU_BDG,77,Right,831536,Mississippi St.,2025,104
"Siary, Evan",MSU_BDG,73,Right,1000091987,Mississippi St.,2023,412
"Siary, Evan",MSU_BDG,73,Right,1000091987,Mississippi St.,2024,325
"Siary, Evan",MSU_BDG,73,Right,1000091987,Mississippi St.,2025,737
"Forsythe, Logan",MSU_BDG,72,Right,1000110602,Mississippi St.,2023,178
"Forsythe, Logan",MSU_BDG,72,Right,1000110602,Mississippi St.,2024,107
"Fortenberry, Robert",MSU_BDG,72,Left,1000138959,Mississippi St.,2025,82
"Haley, Gage",MSU_BDG,79,Right,1000269394,Mississippi St.,2024,35
"Gartman, Landon",MSU_BDG,72,Right,1000122606,Mississippi St.,2023,955
"Gibbs, Will",MSU_BDG,72,Right,1000232234,Mississippi St.,2023,112
"Yntema, Graham",MSU_BDG,76,Left,1000084548,Mississippi St.,2023,440
"Grant, Mikhai",MSU_BDG,75,,1000269499,Mississippi St.,2025,123
"Hardin, Tyson",MSU_BDG,74,Right,238708,Mississippi St.,2023,353
"Hardin, Tyson",MSU_BDG,74,Right,1000241967,Mississippi St.,2024,519
"Hunt, KC",MSU_BDG,75,Right,1000074258,Mississippi St.,2023,727
"Pruitt, Jacob",MSU_BDG,73,Right,809131,Mississippi St.,2025,348
"Schnoor, Jt",MSU_BDG,76,Right,10118450,Mississippi St.,2025,26
"Ligon, Karson",MSU_BDG,73,Right,695704,Mississippi St.,2024,311
"Ligon, Karson",MSU_BDG,74,Right,695704,Mississippi St.,2025,817
"Mannell, Kevin",MSU_BDG,76,Right,800968,Mississippi St.,2025,178
"Stephen, Khal",MSU_BDG,76,Right,701590,Mississippi St.,2024,1241
"Kohn, Pico",MSU_BDG,76,Left,1000091445,Mississippi St.,2024,443
"Kohn, Pico",MSU_BDG,76,Left,1000091445,Mississippi St.,2025,1113
"Miller, Max",MSU_BDG,73,Left,1000138089,Mississippi St.,2024,4
"McPherson, Ryan",MSU_BDG,75,Right,1000114457,Mississippi St.,2025,424
"Sullivan, Noah",MSU_BDG,73,Right,813559,Mississippi St.,2025,179
"Stevens, Nolan",MSU_BDG,76,Left,1000069141,Mississippi St.,2024,368
"Stevens, Nolan",MSU_BDG,76,Left,805786,Mississippi St.,2025,4
"Stinnett, Parker",MSU_BDG,74,Right,1000096995,Mississippi St.,2023,129
"Simmons, Stone",MSU_BDG,76,Right,1000078889,Mississippi St.,2025,458
"Meyer, Aiden",MIS_DEL,75,Right,1000418616,Mississippi Val.,2025,32
"Jones, Jace",MIS_DEL,77,Right,1000093816,Mississippi Val.,2025,61
"Rivera, James",MIS_DEL,72,Right,1000192238,Mississippi Val.,2025,37
"Snipes, James",MIS_DEL,75,,10003217,Mississippi Val.,2023,232
"Snipes, James",MIS_DEL,75,,809370,Mississippi Val.,2024,39
"Kemp, Malik",MIS_DEL,74,Right,1000418619,Mississippi Val.,2025,71
"Ladd, Kobe",MIS_DEL,73,,10276456,Mississippi Val.,2024,22
"Barnes, Forrest",MIS_BEA,72,Right,1000049384,Missouri St.,2023,544
"Barnes, Forrest",MIS_BEA,72,,1000049384,Missouri St.,2025,94
"Bassham, Corbin",MIS_BEA,74,Right,1000138590,Missouri St.,2023,242
"Beaver, Brendan",MIS_BEA,75,Left,1000268623,Missouri St.,2024,493
"Bradley, Gage",MIS_BEA,75,Right,1000093144,Missouri St.,2023,129
"Thompson, Brandt",MIS_BEA,69,Right,1000132377,Missouri St.,2023,781
"Thompson, Brandt",MIS_BEA,69,Right,1000132377,Missouri St.,2024,985
"McNiel, Brody",MIS_BEA,76,Left,10120883,Missouri St.,2025,188
"Degondea, Carter",MIS_BEA,73,Left,1000138589,Missouri St.,2023,29
"Spoonhour, Charlie",MIS_BEA,71,Right,10045803,Missouri St.,2025,90
"Charlton, Tyler",MIS_BEA,74,Left,1000138592,Missouri St.,2024,583
"Charlton, Tyler",MIS_BEA,74,Left,1000138592,Missouri St.,2025,696
"Sutherland, Curry",MIS_BEA,77,Right,1000274375,Missouri St.,2024,83
"Sutherland, Curry",MIS_BEA,77,Right,1000274375,Missouri St.,2025,169
"Stewart, Dalen",MIS_BEA,72,Left,1000274376,Missouri St.,2024,406
"Stewart, Dalen",MIS_BEA,72,Left,1000274376,Missouri St.,2025,199
"Day, Hunter",MIS_BEA,74,Right,1000132218,Missouri St.,2024,445
"Eddington, Jake",MIS_BEA,74,Right,690974,Missouri St.,2023,592
"Loomis, Eric",MIS_BEA,73,Right,823793,Missouri St.,2024,392
"Ferguson, Garrett",MIS_BEA,72,Right,1000096566,Missouri St.,2023,237
"Ferguson, Garrett",MIS_BEA,73,Right,823757,Missouri St.,2024,402
"Ferguson, Garrett",MIS_BEA,73,Right,823757,Missouri St.,2025,363
"Smith, Gabe",MIS_BEA,77,Right,10047613,Missouri St.,2025,172
"Gollert, Taeg",MIS_BEA,73,Right,1000115610,Missouri St.,2023,11
"Halligan, Miles",MIS_BEA,74,Right,1000047753,Missouri St.,2023,197
"Minton, Hayden",MIS_BEA,75,Right,1000078209,Missouri St.,2023,731
"Holmes, Jackson",MIS_BEA,76,Right,801920,Missouri St.,2025,657
"Syverson, Jake",MIS_BEA,71,Right,1000207042,Missouri St.,2024,368
"Syverson, Jake",MIS_BEA,71,Right,1000207042,Missouri St.,2025,179
"Schaaf, Jason",MIS_BEA,71,Right,1000268879,Missouri St.,2024,800
"Schaaf, Jason",MIS_BEA,71,Right,1000268879,Missouri St.,2025,747
"Thomas, Kaleb",MIS_BEA,71,Right,1000129064,Missouri St.,2024,794
"Thomas, Kaleb",MIS_BEA,72,Right,1000129064,Missouri St.,2025,296
"Knight, Max",MIS_BEA,75,Left,806476,Missouri St.,2025,605
"Lambert, Ryan",MIS_BEA,74,Right,1000132376,Missouri St.,2023,84
"Lindsey, Michael",MIS_BEA,79,Right,1000119395,Missouri St.,2024,269
"Maclaughlin, Sam",MIS_BEA,73,Left,1000249153,Missouri St.,2025,87
"Metz, Reed",MIS_BEA,76,Right,1000098713,Missouri St.,2023,54
"Metz, Reed",MIS_BEA,76,Right,1000098713,Missouri St.,2024,303
"Yusypchuk, Michael",MIS_BEA,74,Right,1000311760,Missouri St.,2025,794
"Slater, Owen",MIS_BEA,75,Right,807047,Missouri St.,2025,723
"Schissler, Stephen",MIS_BEA,70,Right,1000132085,Missouri St.,2024,431
"Youngbrandt, Scott",MIS_BEA,72,Right,1000051731,Missouri St.,2023,430
"Ziegenbein, Trey",MIS_BEA,75,Right,1000078210,Missouri St.,2023,551
"Ziegenbein, Trey",MIS_BEA,75,,1000078210,Missouri St.,2025,51
"Tscherter, Tyler",MIS_BEA,74,Right,1000114607,Missouri St.,2023,434
"Tscherter, Tyler",MIS_BEA,74,Right,1000114607,Missouri St.,2024,221
"Aldrich, Stephen ",MON_HAW,72,Right,1000055415,Monmouth,2023,55
"Aldrich, Stephen",MON_HAW,72,Right,1000055415,Monmouth,2023,18
"Couture, Alec",MON_HAW,76,Right,1000120944,Monmouth,2024,659
"Barker, Alex",MON_HAW,76,Left,1000121817,Monmouth,2023,148
"Beard, Austin",MON_HAW,75,Right,1000392646,Monmouth,2025,442
"Bearse, Ryan",MON_HAW,75,Right,1000050195,Monmouth,2023,26
"Benzinger, Derek",MON_HAW,73,Right,1000305030,Monmouth,2024,144
"Benzinger, Derek",MON_HAW,73,Right,1000305030,Monmouth,2025,438
"Kenneally, Brendan",MON_HAW,71,Right,1000139611,Monmouth,2025,490
"Carlin, Caden",MON_HAW,74,Left,10034767,Monmouth,2024,119
"Ciancimino, Joey",MON_HAW,70,Right,822873,Monmouth,2025,553
"Ciaramella, Dante",MON_HAW,71,Right,1000009521,Monmouth,2023,161
"Ciaramella, Dante",MON_HAW,71,Right,1000009521,Monmouth,2024,252
"Ciccone, Jacob",MON_HAW,71,Left,1000119923,Monmouth,2024,84
"Ciccone, Jacob",MON_HAW,71,Left,1000119923,Monmouth,2025,267
"Ruddy, Colin",MON_HAW,76,Right,10030933,Monmouth,2024,134
"Scherer, Colin",MON_HAW,75,Right,10132329,Monmouth,2025,4
"Danyluk, Jake",MON_HAW,77,Left,1000231595,Monmouth,2025,137
"Horvath, David",MON_HAW,74,Right,1000166979,Monmouth,2023,80
"Horvath, David",MON_HAW,75,Right,1000166979,Monmouth,2025,21
"Helmstetter, Drew",MON_HAW,70,Left,1000080259,Monmouth,2023,48
"Helmstetter, Drew",MON_HAW,70,Left,1000080259,Monmouth,2024,542
"Fraher, Jake",MON_HAW,71,Right,1000121807,Monmouth,2023,73
"Fraher, Jake",MON_HAW,71,Right,1000121807,Monmouth,2024,51
"Greeley, JD",MON_HAW,73,Right,811675,Monmouth,2024,29
"Greeley, JD",MON_HAW,73,Right,811675,Monmouth,2025,582
"Halcisak, Josh",MON_HAW,71,Right,10109409,Monmouth,2024,31
"Hios, Nick",MON_HAW,75,Left,10274262,Monmouth,2024,97
"Hios, Nick",MON_HAW,75,Left,10274262,Monmouth,2025,67
"Interdonato, Reed",MON_HAW,75,Right,1000121806,Monmouth,2023,230
"Nolan, Jake",MON_HAW,74,Right,1000097761,Monmouth,2025,84
"Sisco, Jem",MON_HAW,73,Right,1000233287,Monmouth,2023,264
"Ventresca, Joey",MON_HAW,70,Right,1000121803,Monmouth,2023,135
"Peterson, Jonathan",MON_HAW,74,Left,1000121814,Monmouth,2023,24
"Kent, Tommy",MON_HAW,74,Left,1000221052,Monmouth,2023,30
"Kent, Tommy",MON_HAW,74,Left,1000221052,Monmouth,2024,140
"Kent, Tommy",MON_HAW,74,Left,1000221052,Monmouth,2025,798
"Opanel, Kevin",MON_HAW,75,Right,1000248967,Monmouth,2024,361
"Opanel, Kevin",MON_HAW,75,Right,1000248967,Monmouth,2025,663
"Miller, Mason",MON_HAW,73,Left,1000121804,Monmouth,2023,33
"Mealy, Ryan",MON_HAW,72,Right,1000111236,Monmouth,2025,663
"Tamburro, Nick",MON_HAW,74,Right,10028417,Monmouth,2023,33
"Tamburro, Nick",MON_HAW,74,Right,1000263844,Monmouth,2024,343
"Tamburro, Nick",MON_HAW,74,Right,1000263844,Monmouth,2025,236
"Swee, Stefan",MON_HAW,74,Right,1000305032,Monmouth,2025,146
"Hacker, AJ",MOR_EAG,75,Right,1000160460,Morehead St.,2025,245
"Kafka, Alex",MOR_EAG,73,Right,1000098132,Morehead St.,2023,79
"Peak, Austyn",MOR_EAG,73,Right,1000157632,Morehead St.,2025,13
"Bakke, John",MOR_EAG,76,Left,1000028603,Morehead St.,2023,198
"Bettio, Matt",MOR_EAG,75,Right,1000075630,Morehead St.,2023,168
"Bettio, Matt",MOR_EAG,75,Right,1000075630,Morehead St.,2024,315
"Hager, Blake",MOR_EAG,75,Right,1000156392,Morehead St.,2025,143
"Blankenship, Branden",MOR_EAG,74,Left,1000130826,Morehead St.,2023,33
"Blankenship, Branden",MOR_EAG,74,Left,1000130826,Morehead St.,2024,124
"Poynter, Bradley",MOR_EAG,77,Right,10073973,Morehead St.,2024,294
"Poynter, Bradley",MOR_EAG,76,Right,10073973,Morehead St.,2025,532
"Bradshaw, Riley",MOR_EAG,72,Left,1000187859,Morehead St.,2023,135
"Bradshaw, Riley",MOR_EAG,72,Left,1000187859,Morehead St.,2024,264
"Shaw, Brodie",MOR_EAG,74,Left,10141335,Morehead St.,2025,150
"Callahan, Trevor",MOR_EAG,75,Right,1000119883,Morehead St.,2023,54
"Callahan, Trevor",MOR_EAG,75,Left,801917,Morehead St.,2024,494
"Callahan, Trevor",MOR_EAG,75,Right,801917,Morehead St.,2025,551
"McGill, Callum",MOR_EAG,74,Right,10120230,Morehead St.,2024,524
"Owens, Carter",MOR_EAG,72,Right,811788,Morehead St.,2024,432
"Davis, Ethan",MOR_EAG,72,Right,1000115096,Morehead St.,2023,87
"Davis, Ethan",MOR_EAG,72,Right,1000115096,Morehead St.,2024,340
"Davis, Ethan",MOR_EAG,72,Right,1000115096,Morehead St.,2025,252
"Furtado, Josh",MOR_EAG,72,Right,1000068518,Morehead St.,2024,220
"Furtado, Josh",MOR_EAG,72,Right,1000068518,Morehead St.,2025,385
"Herron, Grant",MOR_EAG,75,Right,1000091080,Morehead St.,2023,229
"Herron, Grant",MOR_EAG,75,Right,1000091080,Morehead St.,2024,207
"Herron, Grant",MOR_EAG,77,Right,1000091080,Morehead St.,2025,290
"Grimmett, Will",MOR_EAG,74,Right,1000096391,Morehead St.,2023,53
"Grimmett, Will",MOR_EAG,74,Right,1000096391,Morehead St.,2024,286
"Grimmett, Will",MOR_EAG,74,Right,1000096391,Morehead St.,2025,358
"Kamden, Hawks",MOR_EAG,78,Left,1000360231,Morehead St.,2025,572
"Helton, Luke",MOR_EAG,73,Right,1000075626,Morehead St.,2023,256
"Helton, Luke",MOR_EAG,73,Right,1000075626,Morehead St.,2024,934
"Hotze, Max",MOR_EAG,73,Right,10094739,Morehead St.,2025,144
"Porter, Hunter",MOR_EAG,76,Right,1000119878,Morehead St.,2023,73
"Porter, Hunter",MOR_EAG,76,Right,1000119878,Morehead St.,2024,428
"Porter, Hunter",MOR_EAG,76,Right,1000119878,Morehead St.,2025,512
"Miller, Jarrett",MOR_EAG,72,Right,1000056749,Morehead St.,2023,134
"Rotkis, Joe",MOR_EAG,74,Right,1000075628,Morehead St.,2023,63
"Rotkis, Joe",MOR_EAG,74,Right,1000075628,Morehead St.,2024,299
"Sibley, Jonah",MOR_EAG,70,Right,1000187857,Morehead St.,2024,71
"Sibley, Jonah",MOR_EAG,71,Right,1000187857,Morehead St.,2025,189
"Waugh, Landon",MOR_EAG,69,Right,1000296377,Morehead St.,2025,403
"Lyman, Luke",MOR_EAG,76,Right,274950,Morehead St.,2023,99
"Taylor, Zach",MOR_EAG,74,Right,1000216456,Morehead St.,2023,20
"Taylor, Zach",MOR_EAG,74,Right,1000216456,Morehead St.,2024,176
"Adams, Cooper",MSM_MTN,75,Right,1000126779,Mount St. Mary's,2023,79
"Andrews, Jake",MSM_MTN,74,Right,1000126772,Mount St. Mary's,2023,4
"Andrews, Jake",MSM_MTN,74,Right,1000126772,Mount St. Mary's,2025,178
"Cheripka, Andrew",MSM_MTN,74,Right,1000115405,Mount St. Mary's,2025,149
"Arnold, Jake",MSM_MTN,74,Right,10026334,Mount St. Mary's,2025,221
"Rice, Brandon",MSM_MTN,72,Right,1000238530,Mount St. Mary's,2025,188
"Yagesh, Brendan",MSM_MTN,75,Left,1000224303,Mount St. Mary's,2024,682
"Brown, Ryan",MSM_MTN,72,Right,1000143508,Mount St. Mary's,2025,182
"Capperella, Dominic",MSM_MTN,76,Left,10149750,Mount St. Mary's,2024,29
"Capperella, Dominic",MSM_MTN,76,Left,10149750,Mount St. Mary's,2025,69
"Crowe, Owen",MSM_MTN,75,Left,10151021,Mount St. Mary's,2025,362
"Curley, TJ",MSM_MTN,74,Left,10102352,Mount St. Mary's,2024,166
"Huff, Derek",MSM_MTN,78,Right,1000126774,Mount St. Mary's,2023,74
"Sheerin, Deven",MSM_MTN,77,Right,1000268965,Mount St. Mary's,2024,397
"Haulik, Evan",MSM_MTN,71,Right,1000224308,Mount St. Mary's,2023,17
"Haulik, Evan",MSM_MTN,71,Right,1000224308,Mount St. Mary's,2024,40
"Foster, Jakob",MSM_MTN,74,Right,10148659,Mount St. Mary's,2024,243
"Foster, Jakob",MSM_MTN,74,Right,1000143428,Mount St. Mary's,2025,293
"Giangreco, Kris",MSM_MTN,72,Right,1000224356,Mount St. Mary's,2024,88
"Halcisak, Josh",MSM_MTN,71,Right,10109409,Mount St. Mary's,2025,513
"Snyder, Jackson",MSM_MTN,72,Right,1000224316,Mount St. Mary's,2023,126
"Snyder, Jackson",MSM_MTN,72,Right,1000224316,Mount St. Mary's,2024,208
"Manarchuck, JB",MSM_MTN,76,Right,1000224339,Mount St. Mary's,2023,34
"Manarchuck, JB",MSM_MTN,76,Right,1000224339,Mount St. Mary's,2024,238
"Slepak, Jett",MSM_MTN,73,Right,1000093351,Mount St. Mary's,2023,88
"Landwehr, JT",MSM_MTN,73,Right,1000224354,Mount St. Mary's,2024,61
"Kimble, Kaden",MSM_MTN,72,Left,10149462,Mount St. Mary's,2025,280
"Katch, Stephen",MSM_MTN,72,Right,10153771,Mount St. Mary's,2025,64
"Speas, Kyle",MSM_MTN,74,Left,1000268967,Mount St. Mary's,2024,462
"Pryor, Luke",MSM_MTN,75,Right,1000126776,Mount St. Mary's,2023,87
"Pryor, Luke",MSM_MTN,75,Right,1000126776,Mount St. Mary's,2024,263
"Stam, Matt",MSM_MTN,70,Left,1000224359,Mount St. Mary's,2024,83
"Moore, Max",MSM_MTN,76,Left,1000126784,Mount St. Mary's,2023,57
"Moore, Max",MSM_MTN,76,,1000126784,Mount St. Mary's,2024,111
"Sarre, Serigne",MSM_MTN,76,Left,10106652,Mount St. Mary's,2025,525
"Elsing, Alex",MUR_RAC,74,Right,0,Murray St.,2023,25
"Elsing, Alex",MUR_RAC,74,Right,1000100668,Murray St.,2024,120
"Roulette, Allen",MUR_RAC,74,Left,1000055177,Murray St.,2024,286
"Boynton, Matt",MUR_RAC,74,Right,1000082032,Murray St.,2023,93
"Braundmeier, Reed",MUR_RAC,74,Right,10049596,Murray St.,2024,45
"Brown, Cade",MUR_RAC,76,Right,1000052404,Murray St.,2024,18
"Valero, Bryce",MUR_RAC,74,Right,1000113449,Murray St.,2023,161
"Valero, Bryce",MUR_RAC,74,Right,1000113449,Murray St.,2024,256
"Vernon, Cade",MUR_RAC,75,Right,1000098754,Murray St.,2023,98
"Vernon, Cade",MUR_RAC,74,Right,1000098754,Murray St.,2024,584
"Chaudoin, Preston",MUR_RAC,70,Right,1000157780,Murray St.,2025,85
"Lebron, Derek",MUR_RAC,73,Right,1000288484,Murray St.,2025,90
"Mercer, Dustin",MUR_RAC,74,Left,1000121971,Murray St.,2025,15
"Zentko, Dylan",MUR_RAC,72,Left,1000303828,Murray St.,2025,243
"Elmy, Kane",MUR_RAC,74,Right,10025176,Murray St.,2024,78
"Elmy, Kane",MUR_RAC,74,Right,10025176,Murray St.,2025,263
"Lyke, Ethan",MUR_RAC,73,Left,10032103,Murray St.,2023,176
"Lyke, Ethan",MUR_RAC,72,Left,10032103,Murray St.,2024,257
"Lyke, Ethan",MUR_RAC,72,Left,10032103,Murray St.,2025,90
"Fender, Ryan",MUR_RAC,75,Right,1000079480,Murray St.,2024,284
"Kelham, Graham",MUR_RAC,76,Right,1000329856,Murray St.,2025,197
"McLendon, Harper",MUR_RAC,71,Right,1000151623,Murray St.,2025,30
"Holler, Nathan",MUR_RAC,73,Right,1000099109,Murray St.,2023,131
"Holler, Nathan",MUR_RAC,72,Right,1000099109,Murray St.,2024,200
"Hustedde, Jacob",MUR_RAC,75,Right,10135211,Murray St.,2024,40
"Hustedde, Jacob",MUR_RAC,75,Right,10135211,Murray St.,2025,253
"Silva, Isaac",MUR_RAC,74,Right,815085,Murray St.,2025,258
"Ugo, Jackson",MUR_RAC,73,Left,10065167,Murray St.,2025,55
"Wajda, Jack",MUR_RAC,75,Right,1000222329,Murray St.,2025,67
"Pennington, Jacob",MUR_RAC,75,Right,1000058625,Murray St.,2023,193
"Pennington, Jacob",MUR_RAC,74,Right,1000058625,Murray St.,2024,420
"Naranjo, Jordyn",MUR_RAC,73,Left,1000079478,Murray St.,2024,37
"Pogue, Malik",MUR_RAC,75,Right,1000099732,Murray St.,2024,177
"Parenteau, Matt",MUR_RAC,76,Right,1000091037,Murray St.,2025,73
"McNabb, Thomas",MUR_RAC,74,Left,1000051781,Murray St.,2023,55
"McNabb, Thomas",MUR_RAC,73,Left,1000051781,Murray St.,2024,215
"Schutte, Nic",MUR_RAC,73,Right,1000248729,Murray St.,2025,398
"Oakley, Reese",MUR_RAC,71,Right,1000132587,Murray St.,2025,92
"Ortiz, Angel",NOR_AGG,71,Right,1000308808,N.C. A&T,2024,274
"Ortiz, Angel",NOR_AGG,71,Right,1000308808,N.C. A&T,2025,415
"Cain, Avery",NOR_AGG,70,Right,1000059202,N.C. A&T,2023,35
"Cain, Avery",NOR_AGG,70,Right,822975,N.C. A&T,2024,253
"Barrett, Diego",NOR_AGG,72,Right,822990,N.C. A&T,2024,367
"Barrett, Diego",NOR_AGG,72,Right,822990,N.C. A&T,2025,302
"Blantz, Connor",NOR_AGG,73,Right,1000216201,N.C. A&T,2023,39
"Blantz, Connor",NOR_AGG,73,Right,1000216201,N.C. A&T,2024,263
"Davis, Braxton",NOR_AGG,73,Right,1000277093,N.C. A&T,2025,223
"Brewington, Isaiah",NOR_AGG,75,Right,822982,N.C. A&T,2024,180
"Bright, Jordan",NOR_AGG,78,Right,1000254678,N.C. A&T,2025,60
"Duff, Brock",NOR_AGG,72,Right,1000075455,N.C. A&T,2024,233
"Brown, Jaheim",NOR_AGG,73,Right,10027981,N.C. A&T,2023,83
"Brown, Luke",NOR_AGG,70,Right,1000114241,N.C. A&T,2023,86
"Callahan, Cody",NOR_AGG,69,Left,1000383083,N.C. A&T,2025,74
"Carter, Daniel",NOR_AGG,72,Left,1000098856,N.C. A&T,2023,144
"Daniels, Carter",NOR_AGG,74,Right,695747,N.C. A&T,2024,204
"Daniels, Carter",NOR_AGG,74,Right,695747,N.C. A&T,2025,174
"Kilpatrick, Coley",NOR_AGG,73,Right,10019737,N.C. A&T,2023,113
"Kilpatrick, Coley",NOR_AGG,76,Right,822985,N.C. A&T,2024,449
"Robinson, Darius",NOR_AGG,74,Right,822980,N.C. A&T,2024,18
"Robinson, Darius",NOR_AGG,74,Right,822980,N.C. A&T,2025,242
"Delisi, Jake",NOR_AGG,72,Right,1000120819,N.C. A&T,2023,98
"Delisi, Jake",NOR_AGG,72,Right,822976,N.C. A&T,2024,372
"Duke, Sean",NOR_AGG,71,Right,1000397939,N.C. A&T,2025,207
"Snyder, Ethan",NOR_AGG,73,Right,1000099028,N.C. A&T,2023,172
"Hart, Evan",NOR_AGG,73,Right,10061921,N.C. A&T,2023,81
"Hart, Evan",NOR_AGG,73,Right,811678,N.C. A&T,2024,128
"Hart, Evan",NOR_AGG,73,Right,811678,N.C. A&T,2025,104
"Sentell, Gavin",NOR_AGG,71,Right,1000264548,N.C. A&T,2025,402
"King, Grayson",NOR_AGG,73,Right,1000232319,N.C. A&T,2025,8
"Griffin, Mekai",NOR_AGG,75,Right,10052181,N.C. A&T,2025,175
"Halford, Jacob",NOR_AGG,74,Right,803091,N.C. A&T,2025,302
"Monge, Isaiah",NOR_AGG,73,Right,1000308807,N.C. A&T,2024,28
"Poris, Justin",NOR_AGG,73,Right,1000050333,N.C. A&T,2023,103
"Poris, Justin",NOR_AGG,73,Right,1000050333,N.C. A&T,2024,41
"Poris, Justin",NOR_AGG,73,,1000050333,N.C. A&T,2025,30
"Mckinney, Solomon",NOR_AGG,73,Left,1000350459,N.C. A&T,2025,42
"Meachem, Xavier",NOR_AGG,71,Right,1000098855,N.C. A&T,2023,82
"Simmons, Trent",NOR_AGG,73,Right,1000090163,N.C. A&T,2023,43
"Simmons, Trent",NOR_AGG,73,Right,1000090163,N.C. A&T,2024,92
"Thomas, Stirling",NOR_AGG,75,Left,822993,N.C. A&T,2024,95
"Thomas, Stirling",NOR_AGG,75,Left,822993,N.C. A&T,2025,80
"Nance, Anderson",NOR_WOL,72,Right,1000072356,NC State,2025,719
"Andrews, Heath",NOR_WOL,75,Right,1000115933,NC State,2024,188
"Andrews, Heath",NOR_WOL,75,Right,814165,NC State,2025,964
"Shaffner, Andrew",NOR_WOL,74,Right,10073594,NC State,2023,271
"Shaffner, Andrew",NOR_WOL,74,Right,810836,NC State,2024,140
"Shaffner, Andrew",NOR_WOL,74,Right,810836,NC State,2025,491
"Nelson, Baker",NOR_WOL,72,Right,1000049226,NC State,2023,716
"Britton, Rio",NOR_WOL,74,Left,1000039286,NC State,2023,516
"Wimbish, Camden",NOR_WOL,74,Right,10071140,NC State,2024,82
"Wimbish, Camden",NOR_WOL,74,Right,10071140,NC State,2025,184
"Carr, Landon",NOR_WOL,74,Right,829667,NC State,2025,15
"Kelly, Carson",NOR_WOL,74,Right,1000066691,NC State,2023,440
"Kelly, Carson",NOR_WOL,74,Right,1000066691,NC State,2024,97
"Kelly, Carson",NOR_WOL,74,Right,1000066691,NC State,2025,307
"Mako, Chance",NOR_WOL,79,Right,1000093901,NC State,2024,33
"Consiglio, Cooper",NOR_WOL,72,Left,10063729,NC State,2024,647
"Consiglio, Cooper",NOR_WOL,72,Left,807307,NC State,2025,656
"Watkins, Creed",NOR_WOL,77,Right,1000050282,NC State,2023,76
"Van Dam, Shane",NOR_WOL,78,Right,1000231663,NC State,2024,571
"Van Dam, Shane",NOR_WOL,78,Right,1000231663,NC State,2025,26
"Smith, Derrick",NOR_WOL,74,Right,10023186,NC State,2023,27
"Smith, Derrick",NOR_WOL,74,Right,805003,NC State,2024,414
"Smith, Derrick",NOR_WOL,74,Right,805003,NC State,2025,69
"Dienes, Jacob",NOR_WOL,74,Left,803092,NC State,2024,10
"Dienes, Jacob",NOR_WOL,74,Left,803092,NC State,2025,12
"Fritton, Dominic",NOR_WOL,73,Left,1000138541,NC State,2023,1043
"Fritton, Dominic",NOR_WOL,73,Left,1000138541,NC State,2024,1266
"Fritton, Dominic",NOR_WOL,73,Left,1000138541,NC State,2025,1307
"Dudan, Jacob",NOR_WOL,74,Right,1000187195,NC State,2024,709
"Dudan, Jacob",NOR_WOL,74,Right,1000187195,NC State,2025,444
"Harris, Everette",NOR_WOL,74,Right,10034736,NC State,2023,79
"Fanning, Hollis",NOR_WOL,80,Right,801410,NC State,2024,267
"Payne, Garrett",NOR_WOL,80,Right,1000069438,NC State,2024,46
"Halford, Jacob",NOR_WOL,75,Right,1000133568,NC State,2023,62
"Halford, Jacob",NOR_WOL,75,Right,803091,NC State,2024,74
"Highfill, Sam",NOR_WOL,75,Right,1000036984,NC State,2023,816
"Highfill, Sam",NOR_WOL,75,Right,1000036984,NC State,2024,1359
"Lucas, Jaxon",NOR_WOL,75,Right,1000108862,NC State,2024,314
"Lucas, Jaxon",NOR_WOL,75,Right,1000108862,NC State,2025,330
"Miralia, John",NOR_WOL,79,Left,1000050805,NC State,2023,121
"Miralia, John",NOR_WOL,79,Left,695253,NC State,2024,46
"Lawson, Justin",NOR_WOL,75,Right,1000113013,NC State,2023,783
"Whitaker, Logan",NOR_WOL,78,Right,1000049232,NC State,2023,1183
"Whitaker, Logan",NOR_WOL,78,Right,1000049232,NC State,2024,976
"Marohn, Ryan",NOR_WOL,74,Left,10149127,NC State,2024,856
"Marohn, Ryan",NOR_WOL,74,Left,10149127,NC State,2025,1249
"Willadsen, Matt",NOR_WOL,75,Right,1000036922,NC State,2023,1175
"Willadsen, Matt",NOR_WOL,75,Right,1000036922,NC State,2025,182
"Potts, Tristan",NOR_WOL,74,Left,1000091633,NC State,2025,116
"Scott, Win",NOR_WOL,74,Left,1000113019,NC State,2023,67
"Brouwer, Adam",NIU_HUS,73,Right,1000077965,NIU,2024,164
"Brouwer, Adam",NIU_HUS,73,Right,1000077965,NIU,2025,833
"Day, Alex",NIU_HUS,74,Right,1000301880,NIU,2024,116
"Day, Alex",NIU_HUS,74,Right,1000301880,NIU,2025,257
"Graber, Alex",NIU_HUS,75,Right,1000161764,NIU,2025,156
"Bassi, Nick",NIU_HUS,75,Right,1000094433,NIU,2025,165
"Bonk, Nick",NIU_HUS,79,Right,1000059588,NIU,2023,122
"Bonk, Nick",NIU_HUS,79,,1000059588,NIU,2025,115
"Brachbill, Ty",NIU_HUS,74,Right,1000301886,NIU,2024,278
"Brachbill, Ty",NIU_HUS,74,Right,1000301886,NIU,2025,975
"Doty, Brandon",NIU_HUS,73,Right,1000123378,NIU,2023,84
"McPherson, Brandon",NIU_HUS,75,Right,1000059306,NIU,2023,96
"Pittman, Caleb",NIU_HUS,75,Right,1000119833,NIU,2023,115
"Cox, Carter",NIU_HUS,72,Left,10156934,NIU,2025,683
"Saner, Chad",NIU_HUS,74,Right,1000119252,NIU,2025,175
"Christensen, Tucker",NIU_HUS,72,Right,812482,NIU,2024,211
"Cihocki, Danny",NIU_HUS,75,Right,1000368111,NIU,2025,596
"Taylor, Clayton",NIU_HUS,73,Right,10058994,NIU,2025,167
"Lutes, Conner",NIU_HUS,76,Right,1000119836,NIU,2023,70
"Lutes, Conner",NIU_HUS,76,Right,1000119836,NIU,2024,158
"Lutes, Conner",NIU_HUS,76,Right,1000119836,NIU,2025,210
"Hess, DJ",NIU_HUS,74,Right,1000214099,NIU,2023,151
"Hess, DJ",NIU_HUS,74,Right,1000214099,NIU,2024,87
"Hann, Dominic",NIU_HUS,74,Right,1000093255,NIU,2023,246
"Hann, Dominic",NIU_HUS,74,Right,1000093255,NIU,2024,64
"Draeger, Jacob",NIU_HUS,75,Right,1000214102,NIU,2023,173
"Draeger, Jacob",NIU_HUS,75,Right,1000214102,NIU,2024,177
"Gauthier, J.P.",NIU_HUS,74,Right,811782,NIU,2025,18
"Micklinghoff, Gavin",NIU_HUS,75,Right,1000368112,NIU,2025,353
"Gutierrez, Sebastian",NIU_HUS,72,Right,1000380530,NIU,2025,39
"Hise, Zach",NIU_HUS,77,Right,1000050780,NIU,2025,152
"Stewart, Jackson",NIU_HUS,75,Right,1000214100,NIU,2023,36
"Stewart, Jackson",NIU_HUS,75,Right,1000214100,NIU,2024,188
"Olson, Jack",NIU_HUS,75,Right,1000367712,NIU,2025,96
"Wilde, Jacob",NIU_HUS,74,Left,1000214103,NIU,2023,260
"Wilde, Jacob",NIU_HUS,74,Left,1000214103,NIU,2024,78
"Kohanzo, Jake",NIU_HUS,73,Right,1000214104,NIU,2023,33
"Kohanzo, Jake",NIU_HUS,73,Right,1000214104,NIU,2024,55
"Lyman, John",NIU_HUS,72,Left,1000266852,NIU,2025,353
"Klawiter, Reagan",NIU_HUS,73,Left,1000083718,NIU,2023,88
"Klawiter, Reagan",NIU_HUS,73,Left,1000083718,NIU,2024,150
"Linkletter, Ryan",NIU_HUS,74,Right,1000083726,NIU,2024,207
"Ruh, Mason ",NIU_HUS,76,Right,1000074822,NIU,2023,121
"Ruh, Mason",NIU_HUS,76,Right,1000074822,NIU,2024,134
"Ruh, Mason",NIU_HUS,76,Right,1000074822,NIU,2025,429
"Salomonson, Matt",NIU_HUS,73,Right,1000099940,NIU,2023,163
"Salomonson, Matt",NIU_HUS,73,Right,1000099940,NIU,2024,146
"Meyer, Tommy",NIU_HUS,77,Left,1000074826,NIU,2023,86
"Meyer, Tommy",NIU_HUS,77,Left,1000074826,NIU,2024,260
"Meyer, Tommy",NIU_HUS,77,Left,1000074826,NIU,2025,18
"Nowicki, RJ",NIU_HUS,75,Left,1000099939,NIU,2024,6
"Nowicki, RJ",NIU_HUS,75,,1000099939,NIU,2025,80
"Schuring, Parker",NIU_HUS,74,Right,10051120,NIU,2024,36
"Schuring, Parker",NIU_HUS,74,Right,10051120,NIU,2025,137
"Pederson, Sam",NIU_HUS,75,Right,1000119825,NIU,2023,89
"Pederson, Sam",NIU_HUS,75,Right,1000119825,NIU,2024,151
"Park, Aaron",NJI_HIG,75,Right,1000236680,NJIT,2023,48
"Park, Aaron",NJI_HIG,75,Right,1000236680,NJIT,2024,57
"Kidd, Aidan",NJI_HIG,75,Left,10018770,NJIT,2023,247
"Kidd, Aidan",NJI_HIG,75,Left,1000236683,NJIT,2024,169
"Hart, Andrew",NJI_HIG,69,Left,1000367780,NJIT,2025,15
"Anzaldi, Anthony",NJI_HIG,72,Left,1000166917,NJIT,2024,126
"Anzaldi, Anthony",NJI_HIG,72,Left,1000166917,NJIT,2025,307
"Falco, Brandon",NJI_HIG,72,Right,1000116270,NJIT,2025,171
"Peterson, Brandon",NJI_HIG,72,Right,1000218194,NJIT,2023,77
"Peterson, Brandon",NJI_HIG,72,Right,1000218194,NJIT,2024,265
"Peterson, Brandon",NJI_HIG,72,Right,1000218194,NJIT,2025,430
"Caietta, Frankie",NJI_HIG,76,Right,10163819,NJIT,2025,16
"Cirone, Tyler",NJI_HIG,70,Right,1000084235,NJIT,2023,80
"Kidd, Colin",NJI_HIG,76,Right,1000282651,NJIT,2024,90
"Kidd, Colin",NJI_HIG,76,Right,1000282651,NJIT,2025,154
"Craska, Joey",NJI_HIG,72,Right,1000074562,NJIT,2023,15
"Craska, Joey",NJI_HIG,72,Right,1000074562,NJIT,2024,70
"Jenkins, Croix",NJI_HIG,76,Right,1000121053,NJIT,2023,83
"Jenkins, Croix",NJI_HIG,76,Right,1000121053,NJIT,2024,109
"DeJong, Holden",NJI_HIG,75,Left,1000218193,NJIT,2023,160
"DeJong, Holden",NJI_HIG,75,Left,1000218193,NJIT,2024,134
"DeJong, Holden",NJI_HIG,76,Left,1000218193,NJIT,2025,287
"DeSchryver, Nate",NJI_HIG,75,Right,1000366339,NJIT,2025,446
"Standen, Drew",NJI_HIG,76,Right,1000121056,NJIT,2023,41
"Standen, Drew",NJI_HIG,76,Right,1000121056,NJIT,2024,105
"Estes, Hayden",NJI_HIG,71,Right,1000301839,NJIT,2024,178
"Estes, Hayden",NJI_HIG,71,Right,1000301839,NJIT,2025,7
"Fischer, Ryan",NJI_HIG,74,Right,1000084227,NJIT,2023,271
"Fullerton, Jake",NJI_HIG,75,Right,1000318843,NJIT,2024,118
"Gates, Garret",NJI_HIG,69,Left,1000366597,NJIT,2025,100
"Georgini, Joe",NJI_HIG,74,Right,1000084232,NJIT,2023,243
"Georgini, Joe",NJI_HIG,74,Right,1000084232,NJIT,2024,159
"Vurpillat, Grant",NJI_HIG,74,Left,1000084230,NJIT,2023,140
"Sylvia, Jack",NJI_HIG,72,Right,1000257069,NJIT,2025,110
"Kim, Tyler",NJI_HIG,72,Right,10089166,NJIT,2025,43
"Reiner, Liam",NJI_HIG,72,Right,1000218196,NJIT,2023,81
"Reiner, Liam",NJI_HIG,72,Right,1000218196,NJIT,2024,92
"Mihalinac, Talon",NJI_HIG,73,Right,10073545,NJIT,2024,142
"Mihalinac, Talon",NJI_HIG,73,Right,10073545,NJIT,2025,138
"Morrissey, MT",NJI_HIG,73,Right,1000366484,NJIT,2025,488
"Pins, Noah",NJI_HIG,71,Right,1000366338,NJIT,2025,97
"Riordan, Tade",NJI_HIG,76,Right,10148375,NJIT,2024,79
"Riordan, Tade",NJI_HIG,76,Right,10148375,NJIT,2025,207
"Lucero, Adyn",NAV_MID,73,Right,1000216412,Navy,2025,269
"Chamberlin, Aidan",NAV_MID,74,Right,1000216415,Navy,2023,17
"Archibald, Matt",NAV_MID,76,Right,1000074584,Navy,2025,641
"Beattie, Jackson",NAV_MID,72,Right,1000216424,Navy,2023,51
"Beattie, Jackson",NAV_MID,72,Right,1000216424,Navy,2024,60
"Beattie, Jackson",NAV_MID,72,Right,1000216424,Navy,2025,250
"Beisty, Owen",NAV_MID,75,Right,1000127270,Navy,2024,47
"Beisty, Owen",NAV_MID,75,Right,1000127270,Navy,2025,110
"Bendik, Brady",NAV_MID,76,Right,10283647,Navy,2024,326
"Bendik, Brady",NAV_MID,76,Right,10283647,Navy,2025,904
"Bibb, Ryan",NAV_MID,74,Right,1000301816,Navy,2024,123
"Bibb, Ryan",NAV_MID,74,Right,1000301816,Navy,2025,211
"Brown, Ian",NAV_MID,71,Left,10105132,Navy,2025,7
"Carroll, John",NAV_MID,69,Left,10136261,Navy,2025,94
"Clancy, Kody",NAV_MID,72,Right,10084475,Navy,2025,410
"Early, Reece",NAV_MID,70,Right,1000051166,Navy,2023,192
"Foster, Evan",NAV_MID,72,Left,1000301815,Navy,2024,74
"Fry, Rayne",NAV_MID,74,Right,10104106,Navy,2025,10
"Geiger, Owen",NAV_MID,76,Right,10079961,Navy,2025,21
"Golden, Liam",NAV_MID,74,Right,1000127268,Navy,2023,142
"Golden, Liam",NAV_MID,74,Right,810004,Navy,2025,125
"Grenn, Tyler",NAV_MID,74,Right,810001,Navy,2025,1055
"Jorgenson, Nolan",NAV_MID,78,Right,1000101357,Navy,2023,50
"Jorgenson, Nolan",NAV_MID,78,Right,810011,Navy,2024,191
"Maurer, Kevin",NAV_MID,69,Left,1000146386,Navy,2025,243
"Kruer, Landon",NAV_MID,72,Right,1000127275,Navy,2023,30
"Kruer, Landon",NAV_MID,72,Right,1000127275,Navy,2024,153
"Kruer, Landon",NAV_MID,72,Right,1000127275,Navy,2025,463
"Shirah, Matthew",NAV_MID,77,Right,1000077666,Navy,2023,333
"Shirah, Matthew",NAV_MID,77,Right,809998,Navy,2024,256
"Plummer, Mikey",NAV_MID,72,Left,1000407421,Navy,2025,22
"Mitchell, Nate",NAV_MID,77,Right,1000101044,Navy,2023,247
"Russell, Thomas",NAV_MID,75,Right,1000084193,Navy,2023,172
"Stephens, Spencer",NAV_MID,75,Left,10105746,Navy,2025,525
"Virtudes, Timmy",NAV_MID,71,Left,1000136491,Navy,2024,54
"Virtudes, Timmy",NAV_MID,71,Left,1000136491,Navy,2025,69
"Ward, Zach",NAV_MID,73,Right,1000101039,Navy,2023,20
"Murillo, Alejandro",NEV_WOL,71,Right,1000098435,Nevada,2023,279
"Castro, Alessandro",NEV_WOL,72,Left,814483,Nevada,2025,975
"Bailey, Kieran",NEV_WOL,71,Left,10311536,Nevada,2024,45
"Becker, Kyle",NEV_WOL,72,Right,1000115842,Nevada,2023,31
"Becker, Kyle",NEV_WOL,72,Right,1000115842,Nevada,2024,145
"Burfield, Casey",NEV_WOL,75,Right,1000119574,Nevada,2023,347
"Burfield, Casey",NEV_WOL,75,Right,1000119574,Nevada,2024,527
"Burfield, Casey",NEV_WOL,75,Right,1000119574,Nevada,2025,869
"Kottinger, Caedon",NEV_WOL,72,Right,801428,Nevada,2025,287
"Canizares, Matthew",NEV_WOL,72,Right,1000239188,Nevada,2024,222
"Chatham, Dorsey",NEV_WOL,76,Right,1000074875,Nevada,2023,221
"Ray, Clayton",NEV_WOL,72,Left,1000162851,Nevada,2023,100
"Ray, Clayton",NEV_WOL,72,Left,1000162851,Nevada,2024,75
"Cumming, Jake",NEV_WOL,75,Right,10108965,Nevada,2024,178
"Cumming, Jake",NEV_WOL,76,Right,10108965,Nevada,2025,202
"Tovar, Daniel",NEV_WOL,71,Right,1000207257,Nevada,2025,143
"Desch, Dominic",NEV_WOL,74,Right,1000272423,Nevada,2024,271
"Desch, Dominic",NEV_WOL,74,Right,1000272423,Nevada,2025,484
"Holliday, Dillon",NEV_WOL,76,Right,1000121450,Nevada,2023,482
"Dobie, Jayce",NEV_WOL,75,Right,1000219037,Nevada,2025,681
"Doktorczyk, Jason",NEV_WOL,78,Right,1000161118,Nevada,2023,852
"Doktorczyk, Jason",NEV_WOL,78,Right,822503,Nevada,2024,993
"Marks, Easton",NEV_WOL,73,Right,1000191651,Nevada,2023,183
"Marks, Easton",NEV_WOL,73,Right,1000191651,Nevada,2024,670
"Tierney, Eddie",NEV_WOL,74,Right,10299508,Nevada,2024,310
"Tierney, Eddie",NEV_WOL,76,Right,1000188454,Nevada,2025,240
"Valdez, Eric",NEV_WOL,74,Right,1000216501,Nevada,2025,458
"O'Neal, Ethan",NEV_WOL,77,Right,695392,Nevada,2024,478
"O'Neal, Ethan",NEV_WOL,77,Right,695392,Nevada,2025,459
"Fosher, Peyton",NEV_WOL,72,Right,10301005,Nevada,2024,706
"Fosher, Peyton",NEV_WOL,72,Right,10301005,Nevada,2025,1025
"Garber, Zach",NEV_WOL,75,Left,1000118233,Nevada,2024,175
"Garber, Zach",NEV_WOL,75,Left,1000118233,Nevada,2025,120
"Gather, Lucas",NEV_WOL,73,Left,1000016557,Nevada,2023,39
"Hughes, Ian",NEV_WOL,76,Right,1000131778,Nevada,2024,173
"Hughes, Ian",NEV_WOL,77,Right,1000131778,Nevada,2025,22
"Jackson, Jordan",NEV_WOL,75,Right,1000025579,Nevada,2023,142
"Perotti, Jack",NEV_WOL,71,Left,1000096962,Nevada,2025,28
"Mason, Jaden",NEV_WOL,75,Right,1000361715,Nevada,2025,38
"Morris, Kade",NEV_WOL,75,Right,1000070052,Nevada,2023,864
"Kmetko, Kolby",NEV_WOL,73,Right,1000069883,Nevada,2023,352
"Kmetko, Kolby",NEV_WOL,73,Right,1000069883,Nevada,2024,169
"Saloman, Logan",NEV_WOL,77,Right,1000047670,Nevada,2025,574
"Sarhatt, Michael",NEV_WOL,78,Right,1000194326,Nevada,2023,28
"Millas, Theo",NEV_WOL,76,Right,678152,Nevada,2024,348
"White, Morgan",NEV_WOL,75,Right,1000059108,Nevada,2023,493
"Oakes, Ryan",NEV_WOL,74,Right,1000299833,Nevada,2025,324
"Stumbo, Peyton",NEV_WOL,73,Right,1000098457,Nevada,2023,825
"Treloar, Aaron",NMS_AGG,76,Right,1000132299,New Mexico St.,2023,34
"Treloar, Aaron",NMS_AGG,76,Right,1000132299,New Mexico St.,2024,351
"Maltos-Garcia, Alejandro",NMS_AGG,71,Right,1000161307,New Mexico St.,2025,138
"Corbett, Austin",NMS_AGG,70,Right,1000283666,New Mexico St.,2024,5
"Baltus, Brady",NMS_AGG,72,Right,1000278086,New Mexico St.,2024,295
"Benavidez, Kade",NMS_AGG,73,Right,1000122048,New Mexico St.,2023,30
"Benavidez, Kade",NMS_AGG,73,Right,809618,New Mexico St.,2024,211
"Shumard, Cade",NMS_AGG,74,Left,10325198,New Mexico St.,2025,185
"Swenson, Cade",NMS_AGG,76,Right,1000083817,New Mexico St.,2023,20
"Swenson, Cade",NMS_AGG,76,Right,809612,New Mexico St.,2024,712
"Swenson, Cade",NMS_AGG,76,,809612,New Mexico St.,2025,41
"Timmons, Carson",NMS_AGG,73,Right,10150677,New Mexico St.,2025,282
"Carvajal, Jake",NMS_AGG,74,Right,823629,New Mexico St.,2025,462
"Tofte, Cho",NMS_AGG,75,Right,1000131932,New Mexico St.,2024,146
"Daniels, Chris",NMS_AGG,74,Right,1000264771,New Mexico St.,2025,240
"Sneddon, Colton",NMS_AGG,75,Right,1000299056,New Mexico St.,2025,273
"Wylde, Connor",NMS_AGG,79,Left,1000114465,New Mexico St.,2024,481
"Wylde, Connor",NMS_AGG,79,Left,1000114465,New Mexico St.,2025,677
"Reese, Cooper",NMS_AGG,74,Right,10283121,New Mexico St.,2025,144
"Cortes, Pablo",NMS_AGG,74,Right,1000123389,New Mexico St.,2023,94
"Davis, Jaden",NMS_AGG,72,Right,1000139169,New Mexico St.,2025,311
"Weekly, Dylan",NMS_AGG,76,Right,1000319668,New Mexico St.,2025,380
"Estrella, Noah",NMS_AGG,76,Right,1000123388,New Mexico St.,2023,39
"Johns, Hayden ",NMS_AGG,76,Right,1000073137,New Mexico St.,2023,44
"Lewis, Hayden",NMS_AGG,72,Right,808756,New Mexico St.,2024,292
"Lewis, Hayden",NMS_AGG,72,Right,808756,New Mexico St.,2025,403
"Walker, Hayden",NMS_AGG,74,Left,1000117548,New Mexico St.,2023,38
"Walker, Hayden",NMS_AGG,75,Left,1000117548,New Mexico St.,2024,957
"Walker, Hayden",NMS_AGG,74.5,,1000117548,New Mexico St.,2025,51
"Wright, Hazen",NMS_AGG,75,Right,1000265782,New Mexico St.,2025,416
"Hoeft, Tyler",NMS_AGG,70,Right,1000100996,New Mexico St.,2023,72
"Hoeft, Tyler",NMS_AGG,71,Right,1000100996,New Mexico St.,2024,83
"Hoslett, Ian",NMS_AGG,72,Right,1000212515,New Mexico St.,2025,623
"Turner, Jack",NMS_AGG,73,Right,1000266553,New Mexico St.,2025,697
"Sharman, Josh",NMS_AGG,72,Left,1000050787,New Mexico St.,2024,732
"Sharman, Josh",NMS_AGG,72,,1000050787,New Mexico St.,2025,23
"Yarc, Matthew",NMS_AGG,72,Right,10109500,New Mexico St.,2025,561
"Romero, Matt",NMS_AGG,72,Left,1000205013,New Mexico St.,2024,325
"Meza, Treyjen",NMS_AGG,70,Right,1000080540,New Mexico St.,2023,105
"Meza, Treyjen",NMS_AGG,70,Right,809613,New Mexico St.,2024,947
"Soto, Saul",NMS_AGG,76,Right,1000210416,New Mexico St.,2023,38
"Soto, Saul",NMS_AGG,76,Right,1000210416,New Mexico St.,2024,487
"Soto, Saul",NMS_AGG,76,Right,1000210416,New Mexico St.,2025,689
"Solorzano, Steve",NMS_AGG,72,Right,10075143,New Mexico St.,2024,113
"Solorzano, Steve",NMS_AGG,72,Right,814833,New Mexico St.,2025,66
"Zwaschka, Zach",NMS_AGG,69,Left,1000278119,New Mexico St.,2024,181
"Torrez, Aiden",NEW_PRI,78,Right,1000253298,New Orleans,2025,331
"Duran, Andrew",NEW_PRI,75,Right,1000116168,New Orleans,2023,82
"Austin, Ira",NEW_PRI,74,Right,1000362565,New Orleans,2025,385
"Blanchard, Beau",NEW_PRI,77,Right,1000098338,New Orleans,2023,251
"Benton, Davis",NEW_PRI,74,Right,1000082926,New Orleans,2023,25
"Bienvenu, Matthew",NEW_PRI,76,Right,1000282988,New Orleans,2025,257
"Blasick, Nathan",NEW_PRI,75,Right,802136,New Orleans,2024,418
"Mitchell, Brandon",NEW_PRI,74,Left,1000059602,New Orleans,2023,532
"Byers, Brooks",NEW_PRI,73,Right,1000097690,New Orleans,2024,235
"Byers, Brooks",NEW_PRI,73,Right,1000097690,New Orleans,2025,164
"Calloway, Bryce",NEW_PRI,77,Right,1000094184,New Orleans,2024,96
"Calloway, Bryce",NEW_PRI,77,Right,1000094184,New Orleans,2025,258
"Cabrera, Jose",NEW_PRI,72,Right,681752,New Orleans,2023,122
"Mitchell, Cade",NEW_PRI,75,Left,1000130319,New Orleans,2024,13
"Mitchell, Cade",NEW_PRI,75,Left,1000130319,New Orleans,2025,60
"Menina, Caleb",NEW_PRI,73,Left,1000096474,New Orleans,2023,73
"Seroski, Caleb",NEW_PRI,72,Right,1000098325,New Orleans,2023,183
"Seroski, Caleb",NEW_PRI,72,Right,699770,New Orleans,2024,363
"Clayton, Canaan",NEW_PRI,77,Right,1000224383,New Orleans,2023,120
"Clayton, Canaan",NEW_PRI,77,Right,809568,New Orleans,2025,206
"Kimball, Carson",NEW_PRI,72,Right,1000304193,New Orleans,2025,310
"Olivier, Chris",NEW_PRI,73,Right,10112940,New Orleans,2024,231
"Horton, Collin",NEW_PRI,72,Right,1000116175,New Orleans,2023,441
"Mercer, Colton",NEW_PRI,75,Left,1000064363,New Orleans,2023,413
"Mercer, Colton",NEW_PRI,75,Left,803303,New Orleans,2024,772
"Mercer, Colton",NEW_PRI,75,,803303,New Orleans,2025,108
"Handy, Connor",NEW_PRI,78,Right,1000116174,New Orleans,2023,100
"Macip, Connor",NEW_PRI,77,Right,0,New Orleans,2023,163
"Macip, Connor",NEW_PRI,77,Right,699773,New Orleans,2024,65
"Dennis, Cortez",NEW_PRI,79,Right,1000251326,New Orleans,2024,574
"Dennis, Cortez",NEW_PRI,79,,1000251326,New Orleans,2025,79
"Daniel, Nolan",NEW_PRI,75,Right,1000055182,New Orleans,2023,188
"Delorbe, Ryan",NEW_PRI,70,Left,1000116167,New Orleans,2023,94
"Delorbe, Ryan",NEW_PRI,70,Left,801001,New Orleans,2024,555
"Delorbe, Ryan",NEW_PRI,70,,801001,New Orleans,2025,36
"Edwards, Grant",NEW_PRI,71,Right,1000272538,New Orleans,2024,766
"Edwards, Grant",NEW_PRI,71,Right,1000272538,New Orleans,2025,813
"Karney, Elijah",NEW_PRI,75,Right,10132378,New Orleans,2024,113
"Gauthe, Tod",NEW_PRI,70,Right,1000116171,New Orleans,2023,44
"Green, Myles",NEW_PRI,72,Right,825995,New Orleans,2025,66
"Rogers, Gus",NEW_PRI,75,Left,809869,New Orleans,2025,90
"O'Dell, Hayden",NEW_PRI,72,Left,1000362567,New Orleans,2025,463
"Hoffpauir, Zeph",NEW_PRI,74,Right,1000083828,New Orleans,2023,90
"Hoffpauir, Zeph",NEW_PRI,74,Right,687164,New Orleans,2024,17
"Williams, Jack",NEW_PRI,73,Right,1000116188,New Orleans,2023,64
"Williams, Jack",NEW_PRI,73,Right,801006,New Orleans,2024,221
"Mead, Jacob",NEW_PRI,75,Right,1000116180,New Orleans,2023,94
"Lopez, Jayden",NEW_PRI,74,Left,10032225,New Orleans,2025,26
"Jones, Skylar",NEW_PRI,75,Right,10004385,New Orleans,2025,451
"Matthews, Kace",NEW_PRI,74,Right,1000272539,New Orleans,2024,82
"Rich, Keegan",NEW_PRI,77,Left,90000222946,New Orleans,2023,56
"LeBlanc, Tyler",NEW_PRI,76,Left,1000098329,New Orleans,2023,578
"LeBlanc, Tyler",NEW_PRI,76,Left,699772,New Orleans,2024,267
"Longshore, Zach",NEW_PRI,73,Left,823170,New Orleans,2025,732
"Rodriguez, Lucas",NEW_PRI,70,Right,10130511,New Orleans,2025,129
"Maldonado, Matthew",NEW_PRI,74,Right,1000079337,New Orleans,2023,144
"Toney, Sawyer",NEW_PRI,76,Right,1000090859,New Orleans,2025,253
"Usey, Trey",NEW_PRI,73,Right,1000090403,New Orleans,2023,233
"Usey, Trey",NEW_PRI,73,Right,801011,New Orleans,2024,359
"Usey, Trey",NEW_PRI,73,Right,801011,New Orleans,2025,54
"Velino, Tyler",NEW_PRI,75,Right,10112924,New Orleans,2024,46
"Velino, Tyler",NEW_PRI,75,Right,10112924,New Orleans,2025,144
"Baumgart, Andrew",NIA_EAG,76,Left,1000119088,Niagara,2025,70
"Damiani, Andrew",NIA_EAG,73,Right,10313528,Niagara,2025,94
"Bennett, Nate",NIA_EAG,75,Right,10135176,Niagara,2025,215
"MacMillan, Blake",NIA_EAG,77,Left,1000123406,Niagara,2024,49
"Kobitowich, Brady",NIA_EAG,73,Right,1000222241,Niagara,2024,72
"Cameron, Zach",NIA_EAG,71,,1000084075,Niagara,2023,55
"Cameron, Zach",NIA_EAG,71,Right,1000084075,Niagara,2024,236
"Panaro, Carmen",NIA_EAG,71,Left,10312360,Niagara,2025,39
"Fink, Carter",NIA_EAG,74,Right,10149505,Niagara,2024,87
"Fink, Carter",NIA_EAG,74,Right,10149505,Niagara,2025,39
"Hall, Carter",NIA_EAG,74,Right,10093067,Niagara,2025,34
"Hurley, Cj",NIA_EAG,74,Left,10150102,Niagara,2025,98
"Delvecchio, Matthew",NIA_EAG,72,Right,1000136839,Niagara,2025,287
"Dickinson, Jack",NIA_EAG,75,Right,10109325,Niagara,2024,48
"Dickinson, Jack",NIA_EAG,75,Right,10109325,Niagara,2025,44
"Dolansky, Eddie",NIA_EAG,74,Right,10015358,Niagara,2025,83
"McNish-Heider, Ethan",NIA_EAG,76,Right,1000251915,Niagara,2025,66
"Wilde, Evan",NIA_EAG,79,Left,1000123410,Niagara,2025,149
"Wheaton, Gage",NIA_EAG,77,Right,10149334,Niagara,2024,214
"Wheaton, Gage",NIA_EAG,77,Right,10149334,Niagara,2025,91
"Glenn, Luke",NIA_EAG,73,Right,10264420,Niagara,2025,205
"Morrison, Hayden",NIA_EAG,75,Right,1000336161,Niagara,2025,12
"Hospital, Steven",NIA_EAG,77,,1000079544,Niagara,2023,44
"Hospital, Steven",NIA_EAG,77,Right,1000079544,Niagara,2024,60
"Montgomery, Johnny",NIA_EAG,75,Right,824513,Niagara,2025,56
"Ondus, John",NIA_EAG,74,Right,1000301829,Niagara,2025,51
"Laird, Zac",NIA_EAG,68,Left,1000073237,Niagara,2024,129
"Reynolds, Liam",NIA_EAG,73,Right,1000123411,Niagara,2024,92
"Minckler, Ryan",NIA_EAG,75,Right,1000240515,Niagara,2024,230
"Veselinovic, Nick",NIA_EAG,76,,1000222243,Niagara,2023,58
"Veselinovic, Nick",NIA_EAG,76,Left,1000222243,Niagara,2024,19
"Richardson, Noah",NIA_EAG,76,Left,1000055995,Niagara,2024,113
"Prince, Preston",NIA_EAG,77,Left,10111425,Niagara,2024,142
"Sparks, Alec",NIC_COL,77,Right,1000165898,Nicholls,2025,988
"Llinas, Alexander",NIC_COL,71,Left,1000226410,Nicholls,2023,12
"Llinas, Alexander",NIC_COL,71,Left,1000226410,Nicholls,2024,28
"Rodriguez, Arturo",NIC_COL,71,Right,1000226412,Nicholls,2023,84
"Rodriguez, Arturo",NIC_COL,71,Right,1000226412,Nicholls,2024,42
"Sawyer, Barron",NIC_COL,78,Right,1000226420,Nicholls,2023,21
"Brennan, Woody",NIC_COL,77,Right,1000252042,Nicholls,2025,63
"Burt, Ryan",NIC_COL,73,Left,1000165679,Nicholls,2024,5
"Evans, Cade",NIC_COL,71,Right,1000123662,Nicholls,2023,135
"Gearing, Chase",NIC_COL,77,Right,1000123677,Nicholls,2023,206
"Richter, Chase",NIC_COL,72,Left,1000121555,Nicholls,2023,25
"Richter, Chase",NIC_COL,72,Left,1000121555,Nicholls,2024,123
"Hayes, Chat",NIC_COL,71,Left,1000093469,Nicholls,2023,54
"Cloward, Kaden",NIC_COL,75,Right,1000138518,Nicholls,2025,19
"Poirrier, Cole",NIC_COL,75,Right,1000226434,Nicholls,2023,29
"Poirrier, Cole",NIC_COL,75,Right,1000226434,Nicholls,2024,13
"Poirrier, Cole",NIC_COL,75,Right,1000226434,Nicholls,2025,429
"Simoneaux, Cole",NIC_COL,74,Left,10148062,Nicholls,2025,502
"Moran, Dallis",NIC_COL,72,Right,10073498,Nicholls,2024,131
"Hill, Dalton",NIC_COL,74,Right,1000189691,Nicholls,2025,627
"DeSandro, Devin",NIC_COL,69,Right,1000101140,Nicholls,2023,202
"DeSandro, Devin",NIC_COL,69,Right,1000101140,Nicholls,2024,196
"Fields, Nick",NIC_COL,72,Right,1000123661,Nicholls,2024,32
"Fields, Nick",NIC_COL,72,Right,1000123661,Nicholls,2025,229
"Galy, Gavin",NIC_COL,72,Right,1000074423,Nicholls,2023,70
"Galy, Gavin",NIC_COL,72,Right,1000074423,Nicholls,2024,104
"Guerrero, Michael",NIC_COL,77,Right,1000098463,Nicholls,2024,81
"Luke, Haden",NIC_COL,74,Right,1000226443,Nicholls,2024,128
"Jordan, Harper",NIC_COL,75,Right,1000150620,Nicholls,2023,41
"Jordan, Harper",NIC_COL,75,Right,1000150620,Nicholls,2024,73
"Jordan, Harper",NIC_COL,75,Right,1000150620,Nicholls,2025,500
"Hillen, Trent",NIC_COL,75,Right,10034627,Nicholls,2023,21
"Hill, Sam",NIC_COL,78,Right,1000138098,Nicholls,2024,176
"Nelson, Jack",NIC_COL,76,Left,1000077131,Nicholls,2024,140
"Mayers, Jacob",NIC_COL,77,Right,1000226447,Nicholls,2023,227
"Mayers, Jacob",NIC_COL,77,Right,823808,Nicholls,2024,229
"Mancuso, Josh",NIC_COL,77,Left,1000123688,Nicholls,2023,66
"Lindsey, Michael",NIC_COL,79,Right,1000369998,Nicholls,2025,569
"McGibboney, Luke",NIC_COL,73,Right,1000138093,Nicholls,2025,360
"Melancon, Noah",NIC_COL,72,Right,1000162206,Nicholls,2025,117
"Quevedo, Michael",NIC_COL,71,Left,1000097377,Nicholls,2023,115
"Quevedo, Michael",NIC_COL,71,Left,1000097377,Nicholls,2024,200
"Saltaformaggio, Nico",NIC_COL,72,Right,1000180996,Nicholls,2023,167
"Saltaformaggio, Nico",NIC_COL,72,Right,1000180996,Nicholls,2024,168
"Parache, Nuno",NIC_COL,73,Right,1000113713,Nicholls,2025,563
"Theriot, Tyler",NIC_COL,74,Left,1000058846,Nicholls,2023,234
"Alexander, Seth",NOR_SPA,74,Right,1000164948,Norfolk St.,2024,3
"Velasquez, Antonio",NOR_SPA,70,Right,1000136063,Norfolk St.,2023,28
"Barham, Dalton",NOR_SPA,76,Left,1000079641,Norfolk St.,2023,16
"Blakeney, Ethan",NOR_SPA,72,Right,10088957,Norfolk St.,2024,72
"Blakeney, Ethan",NOR_SPA,72,Right,10088957,Norfolk St.,2025,83
"Campbell, Landen",NOR_SPA,70,Left,10025001,Norfolk St.,2025,15
"Chinnia, Kevin",NOR_SPA,74,Right,10120649,Norfolk St.,2023,46
"Patterson, CJ",NOR_SPA,73,Right,1000078901,Norfolk St.,2025,13
"Crocker, Myles",NOR_SPA,70,Left,10031149,Norfolk St.,2025,29
"Whitfield, Donovan",NOR_SPA,77,Right,271317,Norfolk St.,2023,19
"Whitfield, Donovan",NOR_SPA,77,Right,10285303,Norfolk St.,2024,101
"Whitfield, Donovan",NOR_SPA,77,Right,10285303,Norfolk St.,2025,112
"Fuller, Walker",NOR_SPA,77,Right,1000233824,Norfolk St.,2025,66
"Hampton, Parker",NOR_SPA,74,Right,10146367,Norfolk St.,2024,98
"Hampton, Parker",NOR_SPA,74,Right,10146367,Norfolk St.,2025,61
"Horton, John",NOR_SPA,73,Right,10042458,Norfolk St.,2023,44
"Horton, John",NOR_SPA,73,Right,10042458,Norfolk St.,2024,20
"Salters, Ian",NOR_SPA,75,Right,10039238,Norfolk St.,2024,43
"Lafave, Joe",NOR_SPA,75,Right,1000222170,Norfolk St.,2023,23
"Royster, Liam",NOR_SPA,79,Right,10139871,Norfolk St.,2023,38
"Royster, Liam",NOR_SPA,79,Right,10139871,Norfolk St.,2024,160
"Royster, Liam",NOR_SPA,79,Right,10139871,Norfolk St.,2025,94
"Yarbrough, Mac",NOR_SPA,76,Left,1000222174,Norfolk St.,2023,154
"Yarbrough, Mac",NOR_SPA,76,Left,1000222174,Norfolk St.,2024,152
"Yarbrough, Mac",NOR_SPA,76,Left,1000222174,Norfolk St.,2025,93
"Manzer, Nolan",NOR_SPA,78,Right,1000222177,Norfolk St.,2023,108
"Manzer, Nolan",NOR_SPA,78,Right,1000222177,Norfolk St.,2024,114
"Stanley, Matt",NOR_SPA,75,Right,1000084122,Norfolk St.,2023,35
"Mitchell, Tyler",NOR_SPA,74,Right,10915192,Norfolk St.,2025,36
"Varnier, Nathaniel",NOR_SPA,79,Left,1000125777,Norfolk St.,2025,92
"Wiggins, Noah",NOR_SPA,78,Right,1000175965,Norfolk St.,2023,70
"Wiggins, Noah",NOR_SPA,78,Right,1000175965,Norfolk St.,2024,130
"Snoh, Nyenati",NOR_SPA,76,Right,10088830,Norfolk St.,2025,78
"Sellers, Ryan",NOR_SPA,73,Right,1000305071,Norfolk St.,2025,18
"Samboy, Yasseel",NOR_SPA,74,Right,10170642,Norfolk St.,2025,29
"Agosto, Justus",ALA_LIO,74,Right,1000182732,North Ala.,2023,203
"Agosto, Justus",ALA_LIO,73,Right,1000182732,North Ala.,2024,91
"Agosto, Justus",ALA_LIO,73,Right,1000182732,North Ala.,2025,19
"Stogner, John Allen",ALA_LIO,74,Right,10028063,North Ala.,2024,282
"Stogner, John Allen",ALA_LIO,74,Right,10028063,North Ala.,2025,120
"Pingeton, Anthony",ALA_LIO,75,Right,1000188439,North Ala.,2024,129
"Pingeton, Anthony",ALA_LIO,75,Right,1000188439,North Ala.,2025,370
"Brown, Avery",ALA_LIO,72,Right,10031397,North Ala.,2023,92
"Barnett, Caden",ALA_LIO,76,Right,10025332,North Ala.,2023,51
"Battle, Justin",ALA_LIO,72,Right,1000016070,North Ala.,2023,126
"Battle, Justin",ALA_LIO,72,Right,1000016070,North Ala.,2024,84
"Battle, Justin",ALA_LIO,72,Right,1000016070,North Ala.,2025,12
"Bell, Hunter",ALA_LIO,78,Right,813821,North Ala.,2025,72
"Bowerman, Josh",ALA_LIO,75,Right,1000218281,North Ala.,2023,98
"Bowerman, Josh",ALA_LIO,75,Right,1000218281,North Ala.,2024,39
"Bowerman, Josh",ALA_LIO,75,Right,1000218281,North Ala.,2025,10
"Bradshaw, Jacob",ALA_LIO,74,Right,90000255721,North Ala.,2023,171
"Bradshaw, Jacob",ALA_LIO,75,Right,90000255721,North Ala.,2024,96
"Parrish, Brycen",ALA_LIO,77,Right,1000098798,North Ala.,2023,77
"Parrish, Brycen",ALA_LIO,77,Right,1000098798,North Ala.,2024,149
"Parrish, Brycen",ALA_LIO,77,Right,1000098798,North Ala.,2025,488
"Richter, Bryce",ALA_LIO,72,Right,1000098800,North Ala.,2023,68
"Burton, David",ALA_LIO,76,Right,1000187530,North Ala.,2024,33
"Menina, Caleb",ALA_LIO,72,Left,801005,North Ala.,2024,3
"Menina, Caleb",ALA_LIO,72,Left,801005,North Ala.,2025,34
"Howard, Carson",ALA_LIO,71,Right,10014290,North Ala.,2023,159
"Howard, Carson",ALA_LIO,70,Right,10014290,North Ala.,2024,211
"Claunch, Raleigh",ALA_LIO,70,Right,1000218279,North Ala.,2023,118
"Claunch, Raleigh",ALA_LIO,70,Right,1000218279,North Ala.,2024,11
"Sykes, Dane",ALA_LIO,74,Right,10024015,North Ala.,2024,167
"Davenport, Luke",ALA_LIO,76,Right,1000251576,North Ala.,2025,182
"Morrill, Dylan",ALA_LIO,70,Right,1000334556,North Ala.,2025,249
"Oswald, Gavin",ALA_LIO,78,Left,825121,North Ala.,2025,147
"Henrich, Kevin",ALA_LIO,75,Right,1000136901,North Ala.,2023,142
"Henrich, Kevin",ALA_LIO,74,Right,1000136901,North Ala.,2024,50
"James, Jacob",ALA_LIO,78,Left,1000079585,North Ala.,2023,240
"James, Jacob",ALA_LIO,78,Left,1000079585,North Ala.,2024,309
"Malecha, Joey",ALA_LIO,73,Right,10064178,North Ala.,2023,16
"Lewis, Kyle",ALA_LIO,74,Right,1000127499,North Ala.,2025,67
"Scruggs, Landon",ALA_LIO,76,Right,1000372572,North Ala.,2025,43
"Morris, Will",ALA_LIO,77,Right,10011950,North Ala.,2023,13
"Patterson, Tripp",ALA_LIO,74,Left,10002217,North Ala.,2025,481
"Petty, Quinn",ALA_LIO,73,Right,1000076865,North Ala.,2024,27
"Young, Reese",ALA_LIO,72,Left,1000145675,North Ala.,2025,199
"Haugh, Aidan",NOR_TAR,78,Right,815063,North Carolina,2024,862
"Haugh, Aidan",NOR_TAR,78,Right,815063,North Carolina,2025,1065
"Peterson, Ben",NOR_TAR,75,Right,1000098082,North Carolina,2023,545
"Peterson, Ben",NOR_TAR,75,Right,803292,North Carolina,2024,468
"Berkwich, Nelson",NOR_TAR,72,Left,690955,North Carolina,2023,187
"Boaz, Folger",NOR_TAR,74,Left,10057367,North Carolina,2024,589
"Boaz, Folger",NOR_TAR,74,Left,10057367,North Carolina,2025,545
"Bolton, Cale",NOR_TAR,77,Right,831176,North Carolina,2025,137
"Flannery, Boston",NOR_TAR,76,Right,806075,North Carolina,2024,151
"Flannery, Boston",NOR_TAR,76,Right,806075,North Carolina,2025,15
"Bovair, Connor",NOR_TAR,73,Right,1000107680,North Carolina,2023,1098
"Bovair, Connor",NOR_TAR,73,Right,801752,North Carolina,2024,399
"Padgett, Cameron",NOR_TAR,75,Right,1000187745,North Carolina,2023,552
"Padgett, Cameron",NOR_TAR,75,Right,810826,North Carolina,2024,427
"Padgett, Cameron",NOR_TAR,75,Right,810826,North Carolina,2025,615
"Seagraves, Camron",NOR_TAR,75,Right,10091897,North Carolina,2025,502
"Capocci, Francesco",NOR_TAR,76,Right,1000092552,North Carolina,2024,99
"Carlson, Max",NOR_TAR,73,Right,690967,North Carolina,2023,1046
"Chmielewski, Tom",NOR_TAR,74,Left,815077,North Carolina,2025,166
"Pence, Dalton",NOR_TAR,74,Left,10076508,North Carolina,2023,733
"Pence, Dalton",NOR_TAR,74,Left,701717,North Carolina,2024,932
"DeCaro, Jason",NOR_TAR,77,Right,811311,North Carolina,2024,1381
"DeCaro, Jason",NOR_TAR,77,Right,811311,North Carolina,2025,1367
"Weber, Dylan",NOR_TAR,72,Left,831178,North Carolina,2025,22
"Eaise, Kevin",NOR_TAR,74,Right,1000057181,North Carolina,2023,868
"Fischer, Ryan",NOR_TAR,74,Right,1000084227,North Carolina,2024,125
"Hench, Ryan",NOR_TAR,74,Right,823713,North Carolina,2025,36
"Knapp, Jake",NOR_TAR,77,Right,1000050828,North Carolina,2023,1104
"Knapp, Jake",NOR_TAR,77,Right,810830,North Carolina,2025,1170
"Johnson, Olin",NOR_TAR,78,Right,811357,North Carolina,2024,311
"Johnson, Olin",NOR_TAR,78,Right,811357,North Carolina,2025,498
"Szestowicki, Justin",NOR_TAR,70,Right,1000077147,North Carolina,2023,102
"Percival, Kyle",NOR_TAR,77,Left,1000097177,North Carolina,2023,326
"Percival, Kyle",NOR_TAR,77,Left,810828,North Carolina,2024,346
"Percival, Kyle",NOR_TAR,77,Left,810828,North Carolina,2025,132
"Lynch, Ryan",NOR_TAR,75,Right,1000115743,North Carolina,2025,786
"Matthijs, Matthew",NOR_TAR,74,Right,1000069503,North Carolina,2023,458
"Matthijs, Matthew",NOR_TAR,74,Right,703467,North Carolina,2024,840
"Matthijs, Matthew",NOR_TAR,74,Right,703467,North Carolina,2025,449
"Poston, Matt",NOR_TAR,76,Right,1000113801,North Carolina,2023,612
"Poston, Matt",NOR_TAR,76,Right,802694,North Carolina,2024,604
"McDuffie, Walker",NOR_TAR,72,Right,10091886,North Carolina,2025,768
"Pry, Nik",NOR_TAR,73,Right,1000048801,North Carolina,2023,174
"Sandy, Will",NOR_TAR,76,Left,1000048802,North Carolina,2023,549
"Sprague, Shea",NOR_TAR,75,Left,1000090809,North Carolina,2024,1208
"Simmons, Will",NOR_TAR,74,Right,1000231280,North Carolina,2023,49
"Simmons, Will",NOR_TAR,74,Right,1000231280,North Carolina,2024,28
"Agnew, Luke",NOR_BIS,75,Right,825133,North Dakota St.,2025,96
"Karns, Alex",NOR_BIS,76,Right,1000122044,North Dakota St.,2024,296
"Karns, Alex",NOR_BIS,76,Right,1000122044,North Dakota St.,2025,246
"Bergum, Austin",NOR_BIS,74,Right,1000192813,North Dakota St.,2024,136
"Bergum, Austin",NOR_BIS,74,Right,1000192813,North Dakota St.,2025,228
"Feeney, Cade",NOR_BIS,72,Right,1000102066,North Dakota St.,2023,274
"Wiegert, Cade",NOR_BIS,77,Right,809236,North Dakota St.,2025,102
"Jacobs, Carson",NOR_BIS,81,Right,10133932,North Dakota St.,2023,284
"Klepper, Colbey",NOR_BIS,76,Right,804711,North Dakota St.,2024,14
"Danielson, Joey",NOR_BIS,75,Right,1000102085,North Dakota St.,2023,127
"Danielson, Joey",NOR_BIS,75,Right,1000102085,North Dakota St.,2024,253
"Lachenmayer, Danny",NOR_BIS,75,Left,10183641,North Dakota St.,2025,265
"Endres, Zak",NOR_BIS,74,Right,10111184,North Dakota St.,2023,18
"Shupe, Garrett",NOR_BIS,76,Right,10013518,North Dakota St.,2025,176
"Hachem, Julien",NOR_BIS,80,Left,1000310263,North Dakota St.,2024,109
"Hachem, Julien",NOR_BIS,80,Left,1000310263,North Dakota St.,2025,102
"Sylte, Hayden",NOR_BIS,72,Right,1000102075,North Dakota St.,2023,6
"Sylte, Hayden",NOR_BIS,72,Right,1000102075,North Dakota St.,2024,211
"Sylte, Hayden",NOR_BIS,72,Right,1000102075,North Dakota St.,2025,114
"Hopke, Kale",NOR_BIS,73,Left,1000213727,North Dakota St.,2023,43
"Rosenbaum, Hunter",NOR_BIS,75,Right,1000051771,North Dakota St.,2023,150
"Rosenbaum, Hunter",NOR_BIS,75,Right,1000051771,North Dakota St.,2024,96
"Johnson, Nolan",NOR_BIS,73,Left,1000137489,North Dakota St.,2023,85
"Johnson, Nolan",NOR_BIS,73,Left,1000137489,North Dakota St.,2024,273
"Johnson, Nolan",NOR_BIS,73,Left,1000137489,North Dakota St.,2025,471
"Knight, Logan",NOR_BIS,78,Right,1000310280,North Dakota St.,2024,376
"Knight, Logan",NOR_BIS,78,Right,1000310280,North Dakota St.,2025,529
"Koenig, Landon",NOR_BIS,78,Right,1000078061,North Dakota St.,2024,283
"Koenig, Landon",NOR_BIS,78,Right,1000078061,North Dakota St.,2025,416
"Wilson, Leland",NOR_BIS,77,Left,1000098204,North Dakota St.,2024,231
"Wilson, Leland",NOR_BIS,77,Left,1000098204,North Dakota St.,2025,143
"Ligtenberg, Reese",NOR_BIS,77,Right,1000102081,North Dakota St.,2023,64
"Ligtenberg, Reese",NOR_BIS,77,Right,1000102081,North Dakota St.,2024,207
"Ligtenberg, Reese",NOR_BIS,77,Right,1000102081,North Dakota St.,2025,225
"Loven, Max",NOR_BIS,74,Left,1000102082,North Dakota St.,2023,251
"Martin, Tate",NOR_BIS,73,Right,10147363,North Dakota St.,2025,118
"Nelson, Wyatt",NOR_BIS,73,Right,1000102070,North Dakota St.,2023,178
"Puetz, Parker",NOR_BIS,75,Right,1000213729,North Dakota St.,2023,205
"Puetz, Parker",NOR_BIS,75,Right,1000213729,North Dakota St.,2025,24
"Riedinger, Skyler",NOR_BIS,73,Right,1000102090,North Dakota St.,2023,160
"Riedinger, Skyler",NOR_BIS,73,Right,1000102090,North Dakota St.,2024,237
"Riedinger, Skyler",NOR_BIS,73,Right,1000102090,North Dakota St.,2025,185
"Roberts, Sam",NOR_BIS,74,Right,801944,North Dakota St.,2025,164
"Roehrich, Tristen",NOR_BIS,74,Right,1000102089,North Dakota St.,2023,248
"Trapani, Roman",NOR_BIS,72,Right,10048931,North Dakota St.,2024,93
"Thompson, Seth",NOR_BIS,76,Right,1000310351,North Dakota St.,2024,198
"Thompson, Seth",NOR_BIS,76,Right,1000310351,North Dakota St.,2025,109
"Zetterman, Shea",NOR_BIS,76,Right,1000064743,North Dakota St.,2023,33
"Potter, Aaron",NOF_OSP,74,Right,1000226268,North Florida,2025,62
"Adams, Brandon",NOF_OSP,74,Right,10071106,North Florida,2023,37
"Adams, Brandon",NOF_OSP,74,Right,10071106,North Florida,2024,29
"Adams, Brandon",NOF_OSP,74,Right,1000343757,North Florida,2025,47
"Angevine, Ty",NOF_OSP,73,Right,1000124504,North Florida,2023,15
"Love, Avery",NOF_OSP,74,Right,1000222604,North Florida,2023,101
"Love, Avery",NOF_OSP,74,Right,1000222604,North Florida,2024,58
"Baker, Brennan",NOF_OSP,72,Right,1000226081,North Florida,2025,33
"Becker, Trent",NOF_OSP,71,Left,1000097248,North Florida,2023,42
"Bellhorn, Jackson",NOF_OSP,71,Right,10106601,North Florida,2025,53
"Bolton, Lance",NOF_OSP,72,Right,1000065453,North Florida,2023,100
"Bolton, Lance",NOF_OSP,73,Right,1000065453,North Florida,2024,65
"Boroski, Clayton",NOF_OSP,72,Right,1000090887,North Florida,2023,223
"Boroski, Clayton",NOF_OSP,71,Right,1000090887,North Florida,2024,132
"Boroski, Clayton",NOF_OSP,71,Right,1000090887,North Florida,2025,135
"Dennis, Brett",NOF_OSP,72,Right,10078853,North Florida,2024,114
"Maynard, Brody",NOF_OSP,74,Left,1000124493,North Florida,2023,75
"Treichel, Bryson",NOF_OSP,74,Right,10126278,North Florida,2025,148
"Hendry, Clay",NOF_OSP,72,Right,1000310128,North Florida,2025,250
"Cone, Josh",NOF_OSP,73,Left,804192,North Florida,2025,62
"Costa, John",NOF_OSP,72,Right,815117,North Florida,2025,29
"Madonna, Dominick",NOF_OSP,71,Right,1000013844,North Florida,2023,298
"Etwaru, Kai",NOF_OSP,71,Left,1000164357,North Florida,2025,94
"Furey, Ryan",NOF_OSP,76,Right,1000102774,North Florida,2025,154
"Groom, Tommy",NOF_OSP,75,Right,1000065242,North Florida,2025,91
"Halstead, Stephen",NOF_OSP,74,Right,1000082260,North Florida,2023,57
"Holden, Peter",NOF_OSP,76,Left,1000096535,North Florida,2023,290
"Humphrey, Kaden",NOF_OSP,74,Right,1000328654,North Florida,2024,55
"Humphrey, Kaden",NOF_OSP,73,Right,1000328654,North Florida,2025,158
"Thomas, Jacob",NOF_OSP,72,Left,1000102656,North Florida,2025,10
"Wimpelberg, Jordan",NOF_OSP,74,Right,1000100737,North Florida,2024,24
"Wimpelberg, Jordan",NOF_OSP,74,Right,1000100737,North Florida,2025,147
"Nikolis, Trevor",NOF_OSP,73,Right,10106579,North Florida,2025,99
"Ohme, Will",NOF_OSP,75,Right,1000056988,North Florida,2023,145
"Ohme, Will",NOF_OSP,75,Right,1000056988,North Florida,2024,34
"Roca, Tony",NOF_OSP,75,Left,1000079966,North Florida,2023,110
"Starling, Zane",NOF_OSP,71,Right,1000091568,North Florida,2024,13
"Starling, Zane",NOF_OSP,71,Right,1000091568,North Florida,2025,110
"Tucker, Aidan",NOR_HUS,75,Right,822823,Northeastern,2024,151
"Cabral, Aiven",NOR_HUS,71,Right,10111188,Northeastern,2023,193
"Cabral, Aiven",NOR_HUS,71,Right,809685,Northeastern,2024,253
"Cabral, Aiven",NOR_HUS,71,Right,809685,Northeastern,2025,442
"Allard, Jordy",NOR_HUS,69,Right,1000121848,Northeastern,2023,40
"Basel, Andrew",NOR_HUS,74,Right,831148,Northeastern,2025,98
"Rogovic, Andrew",NOR_HUS,71,Right,826692,Northeastern,2025,15
"Cruz, Angel",NOR_HUS,69,Right,10915197,Northeastern,2025,17
"Beauchesne, Jack",NOR_HUS,74,Right,1000121840,Northeastern,2023,23
"Beauchesne, Jack",NOR_HUS,74,Right,801301,Northeastern,2024,104
"Beauchesne, Jack",NOR_HUS,73,Right,801301,Northeastern,2025,69
"Bowery, Jack",NOR_HUS,72,Left,822817,Northeastern,2024,254
"Bowery, Jack",NOR_HUS,71,Left,822817,Northeastern,2025,205
"Dunham, Brett",NOR_HUS,74,Right,10023311,Northeastern,2023,34
"Dunham, Brett",NOR_HUS,74,Right,10023311,Northeastern,2024,54
"Dunham, Brett",NOR_HUS,74,Right,10023311,Northeastern,2025,158
"Walsh, Carson",NOR_HUS,71,Right,809696,Northeastern,2025,59
"Walker, Charlie",NOR_HUS,74,Right,1000230992,Northeastern,2023,52
"Walker, Charlie",NOR_HUS,74,Right,809692,Northeastern,2024,154
"Walker, Charlie",NOR_HUS,74,Right,809692,Northeastern,2025,109
"Colleran, Dennis",NOR_HUS,75,Right,701207,Northeastern,2024,352
"Coniglio, Nick",NOR_HUS,72,Right,822820,Northeastern,2025,16
"McGrath, Cooper",NOR_HUS,79,Right,822824,Northeastern,2024,116
"McGrath, Cooper",NOR_HUS,80,Right,822824,Northeastern,2025,130
"Cropper, Jack",NOR_HUS,71,Right,814150,Northeastern,2025,41
"Davis, Nick",NOR_HUS,77,Right,684862,Northeastern,2023,66
"Downing, Matt",NOR_HUS,74,Left,688623,Northeastern,2023,56
"Yost, Eric",NOR_HUS,73,Right,1000103283,Northeastern,2023,222
"Gemma, Michael",NOR_HUS,77,Right,695027,Northeastern,2024,172
"Gigliotti, Jake",NOR_HUS,73,Right,688989,Northeastern,2023,144
"Gigliotti, Jake",NOR_HUS,73,Right,688989,Northeastern,2024,152
"Gitlin, Max",NOR_HUS,71,Left,1000249347,Northeastern,2025,184
"Gottesman, Jordan",NOR_HUS,73,Left,1000233646,Northeastern,2025,331
"Griffin, Ryan",NOR_HUS,78,Right,809690,Northeastern,2025,91
"Young, Griffin",NOR_HUS,76,Right,1000179646,Northeastern,2023,177
"Harrington, Patrick",NOR_HUS,73,Right,1000156210,Northeastern,2023,101
"Hauser, Joseph",NOR_HUS,75,Right,809687,Northeastern,2024,7
"Hauser, Joseph",NOR_HUS,74,Right,809687,Northeastern,2025,23
"Morice, James",NOR_HUS,77,Right,809698,Northeastern,2025,65
"Quinlivan, James",NOR_HUS,78,Left,693651,Northeastern,2023,36
"Quinlivan, James",NOR_HUS,78,Left,693651,Northeastern,2024,58
"Quinlivan, James",NOR_HUS,78,,693651,Northeastern,2025,14
"Jones, Will",NOR_HUS,77,Left,801304,Northeastern,2024,284
"Jones, Will",NOR_HUS,77,Left,801304,Northeastern,2025,369
"McCarroll, Ryan",NOR_HUS,76,Right,822482,Northeastern,2025,112
"Scotti, Wyatt",NOR_HUS,75,Right,1000121870,Northeastern,2023,249
"Scotti, Wyatt",NOR_HUS,75,Right,1000121870,Northeastern,2024,341
"Gebhard, Aiden",NCB,69,Left,1000299750,Northern Colo.,2025,89
"Allred, Gus",NCB,75,Left,10915199,Northern Colo.,2025,54
"Isdale, Andrew",NCB,74,Right,1000218561,Northern Colo.,2023,67
"Isdale, Andrew",NCB,74,Right,1000218561,Northern Colo.,2024,74
"Isdale, Andrew",NCB,74,Right,1000218561,Northern Colo.,2025,42
"Behrends, Jeffrey",NCB,76,Left,1000317424,Northern Colo.,2024,67
"Behrends, Jeffrey",NCB,76,Left,1000317424,Northern Colo.,2025,37
"Berrios, Wilbur",NCB,69,Right,823619,Northern Colo.,2024,185
"Berrios, Wilbur",NCB,69,Right,823619,Northern Colo.,2025,157
"Hudson, Brady",NCB,75,Right,10105930,Northern Colo.,2025,107
"Bright, Mason",NCB,74,Right,10148547,Northern Colo.,2024,177
"Bright , Mason",NCB,74,Right,,Northern Colo.,2024,41
"Bright, Mason",NCB,74,Right,10148547,Northern Colo.,2025,88
"Carvajal, Jake",NCB,74,Right,1000120456,Northern Colo.,2023,114
"Carvajal, Jake",NCB,74,Right,823629,Northern Colo.,2024,154
"Cruz, Trey",NCB,77,Left,1000051600,Northern Colo.,2023,146
"Smith, Dylan",NCB,74,Right,1000218583,Northern Colo.,2023,320
"Smith, Dylan",NCB,74,Right,1000218583,Northern Colo.,2024,424
"Smith, Dylan",NCB,74,Right,823640,Northern Colo.,2025,357
"Ruiz, Ely",NCB,73,Left,1000218586,Northern Colo.,2023,55
"Louthan, Ethan",NCB,76,Right,1000132134,Northern Colo.,2025,78
"Gee, Jack",NCB,75,Right,1000218588,Northern Colo.,2024,22
"Gibson, Hunter",NCB,76,Right,823642,Northern Colo.,2024,228
"Gibson, Hunter",NCB,76,Right,823642,Northern Colo.,2025,162
"Gienger, Murphy",NCB,76,Right,1000082106,Northern Colo.,2023,215
"Gienger, Murphy",NCB,76,Right,1000082106,Northern Colo.,2024,571
"Gienger, Murphy",NCB,76,Right,690808,Northern Colo.,2025,402
"Webb, Griffin",NCB,75,Right,1000098622,Northern Colo.,2023,152
"Webb, Griffin",NCB,75,Right,1000098622,Northern Colo.,2024,48
"Guest, Luke",NCB,76,Right,823645,Northern Colo.,2025,155
"Hose, Zach",NCB,72,Right,823641,Northern Colo.,2024,89
"Hose, Zach",NCB,72,Right,823641,Northern Colo.,2025,117
"Isdale, Iain ",NCB,77,Left,1000079933,Northern Colo.,2023,7
"Meier, Jackson",NCB,75,Right,1000218589,Northern Colo.,2023,38
"Meier, Jackson",NCB,75,Left,1000218589,Northern Colo.,2024,48
"Tuttle, Jack",NCB,74,Right,1000120455,Northern Colo.,2023,79
"Tuttle, Jack",NCB,74,Right,1000120455,Northern Colo.,2024,337
"Tuttle, Jack",NCB,74,Right,823620,Northern Colo.,2025,147
"Storey, Jake",NCB,77,Right,1000218591,Northern Colo.,2024,504
"Storey, Jake",NCB,77,Right,1000218591,Northern Colo.,2025,405
"Sharp, Kevin",NCB,74,Right,1000120458,Northern Colo.,2023,116
"Sharp, Kevin",NCB,74,Right,1000120458,Northern Colo.,2024,221
"Landen, Trevor",NCB,75,Right,1000317423,Northern Colo.,2024,228
"Landen, Trevor",NCB,75,Right,1000317423,Northern Colo.,2025,244
"Moser, Logan",NCB,77,Right,823627,Northern Colo.,2024,247
"Moser, Logan",NCB,77,Right,823627,Northern Colo.,2025,261
"Stone, Lucas",NCB,73,Left,10269888,Northern Colo.,2025,132
"Boster, Aaron",NOK_NOR,75,Left,10039704,Northern Ky.,2024,168
"Boster, Aaron",NOK_NOR,75,Left,10039704,Northern Ky.,2025,288
"Massie, Aaron",NOK_NOR,74,Right,1000091001,Northern Ky.,2023,85
"Massie, Aaron",NOK_NOR,74,Right,1000091001,Northern Ky.,2024,161
"Massie, Aaron",NOK_NOR,74,Right,1000091001,Northern Ky.,2025,241
"Bradbury, Aiden",NOK_NOR,75,Right,1000091002,Northern Ky.,2023,63
"Mulhern, Andrew",NOK_NOR,74,Right,1000120936,Northern Ky.,2023,12
"Mulhern, Andrew",NOK_NOR,74,Right,1000120936,Northern Ky.,2024,38
"Bartlett, Bobby",NOK_NOR,73,Left,1000119768,Northern Ky.,2025,289
"Gerl, Ben",NOK_NOR,73,Left,1000098973,Northern Ky.,2023,70
"Gerl, Ben",NOK_NOR,73,Left,1000098973,Northern Ky.,2024,484
"French, Carson",NOK_NOR,73,Right,824729,Northern Ky.,2025,71
"Werrmann, Carson",NOK_NOR,78,Right,1000126723,Northern Ky.,2023,30
"Maniglia, Casey",NOK_NOR,74,Right,1000048800,Northern Ky.,2023,42
"Maniglia, Casey",NOK_NOR,74,Right,1000048800,Northern Ky.,2024,39
"Castaneda, Mj",NOK_NOR,70,Right,1000190046,Northern Ky.,2024,87
"Castaneda, Mj",NOK_NOR,70,Right,1000190046,Northern Ky.,2025,75
"Keen, Chase",NOK_NOR,76,Right,10104426,Northern Ky.,2024,32
"Kurki, Connor",NOK_NOR,74,Right,1000093538,Northern Ky.,2025,86
"Devenport, Logen",NOK_NOR,72,Right,10009804,Northern Ky.,2024,44
"Echeman, Kaden",NOK_NOR,72,Right,1000120939,Northern Ky.,2023,74
"Echeman, Kaden",NOK_NOR,72,Right,1000120939,Northern Ky.,2025,436
"Fry, Evan",NOK_NOR,73,Right,10094027,Northern Ky.,2025,149
"Fraser, Jackson",NOK_NOR,77,Right,1000216774,Northern Ky.,2023,43
"Fraser, Jackson",NOK_NOR,77,Right,1000216774,Northern Ky.,2024,87
"Hanson, Gerald",NOK_NOR,68,Left,822631,Northern Ky.,2025,228
"Gillis, Tanner",NOK_NOR,75,Right,1000150083,Northern Ky.,2024,508
"Howell, Griffin",NOK_NOR,73,Right,10300280,Northern Ky.,2024,119
"Howell, Griffin",NOK_NOR,73,Right,807062,Northern Ky.,2025,110
"Hann, Karter",NOK_NOR,74,Left,1000072774,Northern Ky.,2024,35
"Johnson, Jake",NOK_NOR,71,Right,1000130303,Northern Ky.,2024,152
"Johnson, Jake",NOK_NOR,71,Right,1000130303,Northern Ky.,2025,154
"Teke, Jared",NOK_NOR,70,Right,1000216777,Northern Ky.,2023,18
"Teke, Jared",NOK_NOR,70,Right,1000216777,Northern Ky.,2024,138
"Perkins, Joey",NOK_NOR,75,Left,1000113017,Northern Ky.,2023,56
"Klingenbeck, Kyle",NOK_NOR,74,Right,1000079622,Northern Ky.,2023,47
"Wilson, Logan",NOK_NOR,72,Right,10915280,Northern Ky.,2025,158
"Lopez, Matthew",NOK_NOR,70,Right,1000216780,Northern Ky.,2023,130
"Lopez, Matthew",NOK_NOR,70,Right,1000216780,Northern Ky.,2024,140
"McClanahan, Nick",NOK_NOR,75,Right,1000091071,Northern Ky.,2024,308
"Sackenheim, Noah",NOK_NOR,72,Right,1000120941,Northern Ky.,2023,91
"Sackenheim, Noah",NOK_NOR,72,Right,1000120941,Northern Ky.,2025,275
"Parnell, Shawn",NOK_NOR,70,Right,805253,Northern Ky.,2025,207
"Pehrson, Ryan",NOK_NOR,72,Right,1000079059,Northern Ky.,2024,151
"Pehrson, Ryan",NOK_NOR,72,Right,1000079059,Northern Ky.,2025,115
"Alexis, Adam",NOR_DEM,76,Right,1000122194,Northwestern St.,2024,51
"Alexis, Adam",NOR_DEM,76,Right,1000122194,Northwestern St.,2025,112
"Newton, Aidan",NOR_DEM,75,Right,1000120662,Northwestern St.,2024,137
"Newton, Aidan",NOR_DEM,75,Right,1000120662,Northwestern St.,2025,67
"Marquez, Alejandro",NOR_DEM,73,Right,1000122195,Northwestern St.,2024,75
"Makarewich, Alex",NOR_DEM,72,Right,1000100784,Northwestern St.,2023,78
"Anderson, Austin",NOR_DEM,73,Right,1000306971,Northwestern St.,2024,57
"Anderson, Austin",NOR_DEM,73,Right,1000306971,Northwestern St.,2025,77
"Cossio, Andrew",NOR_DEM,72,Right,1000056744,Northwestern St.,2023,91
"Bivins, Conner",NOR_DEM,73,Right,1000119405,Northwestern St.,2024,41
"Bivins, Conner",NOR_DEM,73,Right,1000119405,Northwestern St.,2025,82
"Carter, Brandon",NOR_DEM,72,Right,1000306975,Northwestern St.,2025,80
"Brown, Drayton",NOR_DEM,75,Right,1000100789,Northwestern St.,2023,155
"Bryan, Tyler",NOR_DEM,74,Right,1000069625,Northwestern St.,2023,90
"Bryan, Tyler",NOR_DEM,74,Right,1000069625,Northwestern St.,2024,15
"Bryan, Tyler",NOR_DEM,74,Right,1000069625,Northwestern St.,2025,361
"Leonard, Bryce",NOR_DEM,71,Right,1000306982,Northwestern St.,2024,8
"Leonard, Bryce",NOR_DEM,71,Right,1000306982,Northwestern St.,2025,180
"Bunch, Caleb",NOR_DEM,78,Right,1000306985,Northwestern St.,2024,94
"Fiveash, Caden",NOR_DEM,72,Right,1000114108,Northwestern St.,2025,188
"Carver, Cal",NOR_DEM,76,Left,1000012719,Northwestern St.,2023,150
"White, Carter",NOR_DEM,74,Left,10127028,Northwestern St.,2025,252
"Prestwich, Chase",NOR_DEM,71,Right,1000121010,Northwestern St.,2023,241
"Prestwich, Chase",NOR_DEM,71,Right,1000121010,Northwestern St.,2024,154
"Collins, Gus",NOR_DEM,76,Right,1000121014,Northwestern St.,2023,119
"Wilson, Connor",NOR_DEM,75,Left,10325735,Northwestern St.,2025,25
"Talley, Corbin",NOR_DEM,76,Left,1000214062,Northwestern St.,2023,59
"Talley, Corbin",NOR_DEM,76,Left,809632,Northwestern St.,2025,27
"Flowers, Dawson",NOR_DEM,76,Right,1000121013,Northwestern St.,2023,59
"Flowers, Dawson",NOR_DEM,76,Right,1000121013,Northwestern St.,2024,145
"Marionneaux, Dylan",NOR_DEM,74,Right,10132449,Northwestern St.,2024,109
"Marionneaux, Dylan",NOR_DEM,75,Right,10132449,Northwestern St.,2025,223
"Francis, Ethan",NOR_DEM,70,Right,1000100781,Northwestern St.,2023,100
"Froehlich, Kyle",NOR_DEM,73,Right,1000214064,Northwestern St.,2023,77
"Gates, Grayson",NOR_DEM,74,Right,10028034,Northwestern St.,2023,79
"Hillen, Trent",NOR_DEM,76,Right,10034627,Northwestern St.,2025,367
"LeBlanc, Jacob",NOR_DEM,69,Left,1000410343,Northwestern St.,2025,98
"Shahrdar, John",NOR_DEM,73,Right,1000131274,Northwestern St.,2024,36
"McCoy, Kaden",NOR_DEM,69,Right,10288723,Northwestern St.,2025,77
"Robinson, Kevin",NOR_DEM,74,Right,1000306992,Northwestern St.,2024,35
"Robinson, Kevin",NOR_DEM,73,Right,1000306992,Northwestern St.,2025,294
"Marien, Wesley",NOR_DEM,75,Right,10138814,Northwestern St.,2025,108
"Nichol, Tyler",NOR_DEM,69,Right,1000119176,Northwestern St.,2024,44
"O'Connor, Tim",NOR_DEM,73,Left,1000214069,Northwestern St.,2023,50
"Thomas, Parker",NOR_DEM,76,Right,1000250331,Northwestern St.,2024,16
"Evers, Aaron",OAK_GOL,74,Right,1000256266,Oakland,2024,165
"Manzella, Aidan",OAK_GOL,75,Right,10282705,Oakland,2024,33
"Landis, Andrew",OAK_GOL,73,Right,10055592,Oakland,2025,220
"Fisher, Austin",OAK_GOL,77,Right,1000149339,Oakland,2025,122
"Barone, Cecil",OAK_GOL,76,Right,1000365610,Oakland,2025,97
"Paugh, Ben",OAK_GOL,74,Right,1000124883,Oakland,2023,72
"Paugh, Ben",OAK_GOL,74,Right,1000124883,Oakland,2024,151
"Sehlke, Blake",OAK_GOL,74,Right,10132666,Oakland,2025,301
"Decker, Brandon",OAK_GOL,75,Right,1000124885,Oakland,2023,151
"Decker, Brandon",OAK_GOL,75,Right,804698,Oakland,2024,735
"Nigh, Brandon",OAK_GOL,72,Right,1000125197,Oakland,2023,24
"Nigh, Brandon",OAK_GOL,73,Right,1000125197,Oakland,2024,43
"Nigh, Brandon",OAK_GOL,73,Right,1000125197,Oakland,2025,18
"Hagen, Brett",OAK_GOL,68,Right,1000124886,Oakland,2023,177
"Fahnestock, Brody",OAK_GOL,74,Right,10055602,Oakland,2025,452
"Krzysiak, Brody",OAK_GOL,72,Right,10101759,Oakland,2024,361
"Konitzer, Bryce",OAK_GOL,72,Right,1000124887,Oakland,2023,70
"Kujawa, Calan",OAK_GOL,76,Right,10290521,Oakland,2025,69
"Fuller, Caleb",OAK_GOL,74,Right,1000049552,Oakland,2023,29
"Johnson, Carson",OAK_GOL,77,Right,1000286047,Oakland,2024,12
"Keeney, Chase",OAK_GOL,74,Left,1000050391,Oakland,2023,7
"Stelling, Christian ",OAK_GOL,75,Left,1000035459,Oakland,2023,102
"Duley, Daniel",OAK_GOL,77,Left,10093882,Oakland,2025,466
"DelCollo, Drew",OAK_GOL,73,Right,824463,Oakland,2025,208
"Densmore, Travis",OAK_GOL,73,Left,1000124896,Oakland,2023,45
"Donley, Ryan",OAK_GOL,76,Left,1000161923,Oakland,2024,35
"Donley, Ryan",OAK_GOL,76,Left,1000161923,Oakland,2025,372
"Haslett, Dylan",OAK_GOL,74,Right,1000102454,Oakland,2023,73
"Easterlin, Jaxson",OAK_GOL,76,Right,1000218524,Oakland,2023,65
"Easterlin, Jaxson",OAK_GOL,77,Right,1000218524,Oakland,2024,96
"Easterlin, Jaxson",OAK_GOL,77,Right,1000218524,Oakland,2025,219
"Glassman, Ethan",OAK_GOL,73,Left,1000336280,Oakland,2025,540
"Henry, Ethan",OAK_GOL,72,Left,1000334430,Oakland,2025,37
"Fekete, Sean",OAK_GOL,75,Right,1000131938,Oakland,2023,91
"Fekete, Sean",OAK_GOL,75,Right,1000131938,Oakland,2024,365
"Smith, Gage",OAK_GOL,77,Right,1000137186,Oakland,2024,106
"Smith, Gage",OAK_GOL,77,Right,1000137186,Oakland,2025,194
"Garman, Grant",OAK_GOL,72,Left,10055577,Oakland,2025,802
"Hearn, Will",OAK_GOL,76,Left,1000079243,Oakland,2024,156
"Pidek, Hunter",OAK_GOL,71,Right,1000124890,Oakland,2023,151
"Pidek, Hunter",OAK_GOL,72,Right,1000124890,Oakland,2024,358
"Pidek, Hunter",OAK_GOL,72,Right,1000124890,Oakland,2025,717
"Matthaidess, Jake",OAK_GOL,72,Left,1000114627,Oakland,2023,102
"Riggs, Luke",OAK_GOL,71,Right,1000127320,Oakland,2025,42
"McAlinden, Shane",OAK_GOL,72,Right,10049698,Oakland,2024,473
"Stants, Noah",OAK_GOL,75,Right,1000132211,Oakland,2023,130
"Stants, Noah",OAK_GOL,75,Right,1000132211,Oakland,2024,18
"Ruhle, Stephen",OAK_GOL,77,Right,804000,Oakland,2025,70
"Uhlenhake, Ryan",OAK_GOL,74,Right,10322637,Oakland,2025,399
"Ware, Tanner",OAK_GOL,76,Left,1000218534,Oakland,2023,38
"Ware, Tanner",OAK_GOL,77,Left,1000218534,Oakland,2024,478
"Ware, Tanner",OAK_GOL,77,Left,1000218534,Oakland,2025,481
"Beery, Adam",OHI_BOB,72,Left,1000097069,Ohio,2024,140
"Beery, Adam",OHI_BOB,72,Left,1000097069,Ohio,2025,76
"Barkman, Trey",OHI_BOB,73,Right,10120333,Ohio,2024,11
"Barkman, Trey",OHI_BOB,73,Right,10120333,Ohio,2025,186
"Gaskey, Blake",OHI_BOB,74,Right,10296753,Ohio,2024,243
"Gaskey, Blake",OHI_BOB,74,Right,10296753,Ohio,2025,275
"Boncal, Hudson",OHI_BOB,75,Right,1000122345,Ohio,2023,48
"Boncal, Hudson",OHI_BOB,75,Right,1000122345,Ohio,2024,144
"Boncal, Hudson",OHI_BOB,75,Right,1000122345,Ohio,2025,309
"Borer, Luke",OHI_BOB,72,Right,1000062120,Ohio,2023,53
"Borer, Luke",OHI_BOB,72,Right,1000062120,Ohio,2024,69
"Kelly, Braxton",OHI_BOB,75,Right,1000057561,Ohio,2023,33
"Roder, Brenden",OHI_BOB,77,Right,1000097931,Ohio,2023,129
"Bryant, Luke",OHI_BOB,73,Right,10269126,Ohio,2025,116
"Denham, Carson",OHI_BOB,74,Right,1000256982,Ohio,2024,19
"Cerha, Jimmy",OHI_BOB,74,Right,1000363077,Ohio,2025,31
"Sells, Colin",OHI_BOB,76,Right,1000057564,Ohio,2023,51
"DeMarco, Patrick",OHI_BOB,73,Right,1000213668,Ohio,2023,28
"Masters, Dillon",OHI_BOB,75,Left,1000121970,Ohio,2023,12
"Masters, Dillon",OHI_BOB,75,Left,1000121970,Ohio,2024,181
"Masters, Dillon",OHI_BOB,75,Left,1000121970,Ohio,2025,94
"Eggl, Dylan",OHI_BOB,74,Right,1000189368,Ohio,2025,44
"Stewart, Ethan",OHI_BOB,73,Right,1000115329,Ohio,2025,112
"Geiser, Jack",OHI_BOB,74,Right,10073601,Ohio,2024,118
"Geiser, Jack",OHI_BOB,74,Right,10073601,Ohio,2025,201
"Hemmen, Mitchel",OHI_BOB,73,Right,1000119596,Ohio,2023,36
"Winston, Hunter",OHI_BOB,76,Left,1000290183,Ohio,2025,174
"Tate, Jacob",OHI_BOB,78,Left,1000051497,Ohio,2023,61
"Tate, Jacob",OHI_BOB,78,Left,1000051497,Ohio,2024,146
"Tate, Jacob",OHI_BOB,78,Left,1000051497,Ohio,2025,84
"Jerger, Jayden",OHI_BOB,74,Right,1000213666,Ohio,2023,51
"Robertson, Julian",OHI_BOB,78,Right,10111701,Ohio,2025,119
"Knapschaefer, Tim",OHI_BOB,77,Right,1000304603,Ohio,2024,176
"Pascarelli, Kolby",OHI_BOB,75,Left,808836,Ohio,2025,42
"Price, Landon",OHI_BOB,69,Left,808802,Ohio,2024,105
"Price, Landon",OHI_BOB,69,Left,808802,Ohio,2025,35
"Olson, Luke",OHI_BOB,74,Right,1000213667,Ohio,2023,106
"Olson, Luke",OHI_BOB,74,Right,1000213667,Ohio,2024,210
"Straub, Patrick",OHI_BOB,75,Right,1000076672,Ohio,2024,121
"Peck, Tyler",OHI_BOB,74,Right,1000074827,Ohio,2023,82
"Peck, Tyler",OHI_BOB,74,Right,1000074827,Ohio,2024,77
"Peck, Tyler",OHI_BOB,74,Right,1000074827,Ohio,2025,86
"Spoon, Trent",OHI_BOB,72,Left,1000099787,Ohio,2023,158
"Weber, Zach",OHI_BOB,74,Right,1000078755,Ohio,2023,111
"Weber, Zach",OHI_BOB,74,Right,1000078755,Ohio,2024,77
"Edrington, Andrew",OSU_BUC,74,Right,822349,Ohio St.,2024,70
"Baird, Tim",OSU_BUC,74,Right,808796,Ohio St.,2024,39
"Bargo, Simon",OSU_BUC,77,Right,812127,Ohio St.,2025,34
"Bauer, Douglas",OSU_BUC,76,Right,813843,Ohio St.,2025,610
"Beidelschies, Landon",OSU_BUC,75,Left,1000091413,Ohio St.,2023,402
"Beidelschies, Landon",OSU_BUC,75,Left,804860,Ohio St.,2024,1093
"Wynk, Blaine",OSU_BUC,75,Right,1000241354,Ohio St.,2024,480
"Wynk, Blaine",OSU_BUC,75,Right,1000241354,Ohio St.,2025,136
"Robinson, Blayne",OSU_BUC,77,Left,1000013114,Ohio St.,2023,221
"Blosser, Hayden",OSU_BUC,75,Right,830636,Ohio St.,2025,56
"Bruni, Gavin",OSU_BUC,75,Left,1000097058,Ohio St.,2023,904
"Bruni, Gavin",OSU_BUC,75,Left,696491,Ohio St.,2024,785
"Butler, Ryan",OSU_BUC,75,Right,830633,Ohio St.,2025,549
"Campbell, Jameson",OSU_BUC,72,Right,1000192005,Ohio St.,2023,237
"Carrell, Luke",OSU_BUC,74,Left,800717,Ohio St.,2025,510
"Giese, Charlie",OSU_BUC,77,Right,830631,Ohio St.,2025,190
"Herrell, Chase",OSU_BUC,74,Right,812133,Ohio St.,2024,601
"Herrell, Chase",OSU_BUC,74,Right,812133,Ohio St.,2025,435
"Clegg, Nolan",OSU_BUC,74,Right,1000057164,Ohio St.,2023,516
"Pauley, Cole",OSU_BUC,72,Right,10097331,Ohio St.,2023,178
"Purcell, Colin",OSU_BUC,77,Right,699891,Ohio St.,2024,737
"Copenhaver, Nik",OSU_BUC,76,Right,812069,Ohio St.,2025,580
"Coupet, Isaiah",OSU_BUC,73,Left,1000098604,Ohio St.,2023,542
"Devooght, Gavin",OSU_BUC,77,Right,10095342,Ohio St.,2024,598
"Erdmann, Drew",OSU_BUC,76,Right,815200,Ohio St.,2025,764
"Eckhardt, Justin",OSU_BUC,74,Right,1000049361,Ohio St.,2023,512
"Eckhardt, Justin",OSU_BUC,74,Right,1000049361,Ohio St.,2024,285
"Eisenhardt, George",OSU_BUC,77,Right,1000174870,Ohio St.,2023,365
"Kuzniewski, Gavin",OSU_BUC,72,Right,10046293,Ohio St.,2025,925
"Gehring, Jacob",OSU_BUC,73,Right,1000133867,Ohio St.,2023,272
"Hill, Spencer",OSU_BUC,75,Right,805417,Ohio St.,2025,93
"Shaw, Hunter",OSU_BUC,76,Left,822354,Ohio St.,2024,444
"Shaw, Hunter",OSU_BUC,76,Left,822354,Ohio St.,2025,697
"Morin, Jacob",OSU_BUC,70,Right,822351,Ohio St.,2024,420
"Johnson, Jake",OSU_BUC,71,Right,1000192775,Ohio St.,2023,269
"Michalak, Jake",OSU_BUC,75,Right,822361,Ohio St.,2024,197
"Michalak, Jake",OSU_BUC,75,Right,822361,Ohio St.,2025,1073
"Jones, Jaylen",OSU_BUC,73,Left,90000257621,Ohio St.,2023,338
"Jones, Jaylen",OSU_BUC,73,Left,695683,Ohio St.,2024,120
"Jenkins, Jonah",OSU_BUC,73,Right,1000027481,Ohio St.,2023,683
"Jones, Logan",OSU_BUC,76,Right,1000128234,Ohio St.,2023,130
"Jones, Logan",OSU_BUC,76,Right,808797,Ohio St.,2024,152
"Timmerman, Josh",OSU_BUC,76,Right,10112975,Ohio St.,2023,310
"LaFine, Noah",OSU_BUC,71,Right,815482,Ohio St.,2025,100
"Price, Landon",OSU_BUC,69,Left,1000116051,Ohio St.,2023,48
"Lange, Tannis",OSU_BUC,75,Left,830635,Ohio St.,2025,229
"Loncar, Wyatt",OSU_BUC,78,Right,1000080068,Ohio St.,2023,272
"Williamson, Noah",OSU_BUC,71,Right,811725,Ohio St.,2024,128
"Patel, Sahil",OSU_BUC,71,Left,808194,Ohio St.,2025,588
"Pfennig, Will",OSU_BUC,72,Right,1000057169,Ohio St.,2023,416
"Salsberg, Zev",OSU_BUC,74,Right,807066,Ohio St.,2025,154
"Calhoun, Aaron",OKL_SOO,70,Right,1000091433,Oklahoma,2023,187
"Weber, Aaron",OKL_SOO,76,Right,10036498,Oklahoma,2023,368
"Walker, Adam",OKL_SOO,74,Right,1000191308,Oklahoma,2023,90
"Atwood, Carson",OKL_SOO,72,Right,1000099319,Oklahoma,2023,392
"Atwood, Carson",OKL_SOO,72,Right,1000099319,Oklahoma,2024,563
"Barfield, Jaden",OKL_SOO,69,Left,815612,Oklahoma,2025,223
"Sampson, Beau",OKL_SOO,78,Left,828665,Oklahoma,2025,154
"Bodin, Jason",OKL_SOO,75,Right,813899,Oklahoma,2025,472
"Bollman, Jason",OKL_SOO,75,Right,700180,Oklahoma,2024,30
"Carmichael, Braden ",OKL_SOO,70,Left,1000056698,Oklahoma,2023,975
"Davis, Braden",OKL_SOO,71,Left,801078,Oklahoma,2024,1351
"Pruett, Brad",OKL_SOO,75,Right,822041,Oklahoma,2024,116
"Cain, Brandon",OKL_SOO,72,Right,827610,Oklahoma,2025,24
"Douthit, Braxton",OKL_SOO,70,Right,1000079267,Oklahoma,2023,1201
"Girton, Brendan",OKL_SOO,72,Right,694858,Oklahoma,2024,763
"Crossland, Cade",OKL_SOO,73,Left,827265,Oklahoma,2025,960
"Campbell, Carter",OKL_SOO,74,Left,1000051566,Oklahoma,2023,800
"Campbell, Carter",OKL_SOO,74,Left,1000051566,Oklahoma,2024,785
"Pierce, Carson",OKL_SOO,75,Right,1000191309,Oklahoma,2023,426
"Turnquist, Carson",OKL_SOO,77,Right,10063876,Oklahoma,2023,84
"Carsten, Will",OKL_SOO,79,Right,1000139367,Oklahoma,2023,760
"Carsten, Will",OKL_SOO,79,Right,702040,Oklahoma,2024,327
"Catalano, Michael",OKL_SOO,72,Right,830624,Oklahoma,2025,372
"Sundloff, Colton",OKL_SOO,77,Right,1000113839,Oklahoma,2023,68
"Crooks, Dylan",OKL_SOO,71,Right,1000093727,Oklahoma,2024,422
"Crooks, Dylan",OKL_SOO,72,Right,1000093727,Oklahoma,2025,349
"Davis, Kale",OKL_SOO,75,Right,1000038110,Oklahoma,2023,718
"Jones, Gavyn",OKL_SOO,73,Left,807749,Oklahoma,2025,375
"Gholston, Jacob",OKL_SOO,78,Right,811358,Oklahoma,2024,26
"Gholston, Jacob",OKL_SOO,79,Right,811358,Oklahoma,2025,117
"Stevens, Grant",OKL_SOO,69,Left,822040,Oklahoma,2024,960
"Harrison, Gray",OKL_SOO,73,Right,1000092678,Oklahoma,2023,350
"Thomas, Gray",OKL_SOO,75,Right,1000071772,Oklahoma,2023,50
"Hensley, Reid",OKL_SOO,72,Right,1000077120,Oklahoma,2024,233
"Hensley, Reid",OKL_SOO,72,Right,822042,Oklahoma,2025,395
"Hitt, James",OKL_SOO,72,Left,1000098200,Oklahoma,2023,824
"Hitt, James",OKL_SOO,72,Left,699546,Oklahoma,2024,579
"Miner, Jace",OKL_SOO,75,Left,701731,Oklahoma,2024,175
"Kircher, Jackson",OKL_SOO,75,Right,815651,Oklahoma,2025,191
"Lodes, Jett",OKL_SOO,70,Right,1000099317,Oklahoma,2023,417
"Lodes, Jett",OKL_SOO,71,Right,1000099317,Oklahoma,2024,482
"Witherspoon, Kyson",OKL_SOO,72,Right,804817,Oklahoma,2024,1413
"Witherspoon, Kyson",OKL_SOO,74,Right,804817,Oklahoma,2025,1169
"Lambert, Ryan",OKL_SOO,75,Right,1000065550,Oklahoma,2024,357
"Victorian, Landon",OKL_SOO,75,Right,815163,Oklahoma,2025,38
"Witherspoon, Malachi",OKL_SOO,74,Right,802412,Oklahoma,2024,394
"Witherspoon, Malachi",OKL_SOO,75,Right,802412,Oklahoma,2025,1044
"Meyer, Myles",OKL_SOO,75,Right,1000113373,Oklahoma,2024,18
"Olejnik, Peyton",OKL_SOO,81,Right,1000191313,Oklahoma,2023,84
"Weber, Aaron",OKL_COW,77,Right,809245,Oklahoma St.,2024,75
"Abram, Ben",OKL_COW,80,Right,1000030096,Oklahoma St.,2023,1178
"Allman, Tommy",OKL_COW,74,Right,828220,Oklahoma St.,2025,56
"Bade, Kyle",OKL_COW,70,Left,822766,Oklahoma St.,2024,58
"Bade, Kyle",OKL_COW,70,Left,822766,Oklahoma St.,2025,200
"Root, Bayden",OKL_COW,75,Right,1000013602,Oklahoma St.,2023,562
"Benge, Carson",OKL_COW,73,Right,1000094183,Oklahoma St.,2023,684
"Benge, Carson",OKL_COW,73,Right,701807,Oklahoma St.,2024,462
"Benzor, Michael",OKL_COW,76,Left,10111254,Oklahoma St.,2023,153
"Blake, Drew",OKL_COW,74,Left,1000079013,Oklahoma St.,2023,493
"Blake, Drew",OKL_COW,74,Left,1000079013,Oklahoma St.,2024,246
"Blake, Drew",OKL_COW,74,Left,1000079013,Oklahoma St.,2025,349
"Bodendorf, Harrison",OKL_COW,77,Left,823746,Oklahoma St.,2025,1187
"Bogusz, Ryan",OKL_COW,74,Right,1000050250,Oklahoma St.,2023,278
"Bogusz, Ryan",OKL_COW,74,Right,688745,Oklahoma St.,2024,491
"Hogue, Brant",OKL_COW,76,Left,230304,Oklahoma St.,2023,21
"Brooks, Braylon",OKL_COW,69,Right,1000139272,Oklahoma St.,2025,23
"Phillips, Brennan",OKL_COW,73,Left,10072964,Oklahoma St.,2023,481
"Phillips, Brennan",OKL_COW,73,Left,1000244289,Oklahoma St.,2024,215
"Phillips, Brennan",OKL_COW,73,Left,1000244289,Oklahoma St.,2025,221
"Hendry, Brian ",OKL_COW,76,Right,1000054438,Oklahoma St.,2023,661
"Hendry, Brian",OKL_COW,76,Right,1000054438,Oklahoma St.,2023,12
"Holiday, Brian",OKL_COW,71,Right,701509,Oklahoma St.,2024,1372
"Brown, Matthew",OKL_COW,77,Right,807071,Oklahoma St.,2025,308
"Hudgens, Bryson",OKL_COW,76,Right,1000080124,Oklahoma St.,2024,140
"Cranz, Robert",OKL_COW,75,Right,801128,Oklahoma St.,2024,576
"Davis, Gabe",OKL_COW,81,Right,1000115995,Oklahoma St.,2023,481
"Davis, Gabe",OKL_COW,81,Right,1000115995,Oklahoma St.,2024,717
"Davis, Gabe",OKL_COW,81,Right,1000115995,Oklahoma St.,2025,263
"Reid, Dominick",OKL_COW,75,Right,1000107427,Oklahoma St.,2023,73
"Reid, Dominick",OKL_COW,75,Right,805255,Oklahoma St.,2024,279
"Lund, Ethan",OKL_COW,78,Left,1000209107,Oklahoma St.,2025,161
"O'Toole, Evan",OKL_COW,74,Right,1000050114,Oklahoma St.,2023,622
"O'Toole, Evan",OKL_COW,74,Right,678095,Oklahoma St.,2024,458
"Ferris, Kash",OKL_COW,74,Right,829676,Oklahoma St.,2025,24
"Hope, Jett",OKL_COW,76,Right,829677,Oklahoma St.,2025,24
"Watkins, Hunter",OKL_COW,81,Right,821908,Oklahoma St.,2025,786
"Stebens, Isaac",OKL_COW,72,Right,10106624,Oklahoma St.,2023,1023
"Keisel, Janzen",OKL_COW,76,Right,1000114011,Oklahoma St.,2023,354
"Keisel, Janzen",OKL_COW,76,Right,701651,Oklahoma St.,2024,166
"Watts-Brown, Juaron",OKL_COW,75,Right,1000039269,Oklahoma St.,2023,1444
"Shatwell, Kade",OKL_COW,75,Right,1000116490,Oklahoma St.,2023,59
"Knight, Max",OKL_COW,75,Left,806476,Oklahoma St.,2024,6
"Pesca, Mario",OKL_COW,80,Right,1000360871,Oklahoma St.,2025,785
"McLean, Nolan",OKL_COW,76,Right,690997,Oklahoma St.,2023,433
"Molsky, Tommy",OKL_COW,73,Right,701695,Oklahoma St.,2024,724
"Wech, Noah",OKL_COW,73,Right,815566,Oklahoma St.,2025,497
"Rhodes, Stormy",OKL_COW,76,Right,829671,Oklahoma St.,2025,246
"Taylor, Riley",OKL_COW,75,Right,1000037436,Oklahoma St.,2023,38
"Ure, Ryan",OKL_COW,79,Left,702073,Oklahoma St.,2024,46
"Ure, Ryan",OKL_COW,80,Left,702073,Oklahoma St.,2025,309
"Youngerman, Sean",OKL_COW,75,Right,823781,Oklahoma St.,2025,632
"Alderman, Kemp",OLE_REB,75,Right,1000017349,Ole Miss,2023,44
"Canney, Alex",OLE_REB,73,Right,1000102891,Ole Miss,2025,252
"Simmons, Austin",OLE_REB,76,Left,1000135663,Ole Miss,2024,222
"Jones, Brayden",OLE_REB,72,Right,1000119593,Ole Miss,2023,496
"Jones, Brayden",OLE_REB,72,Right,1000119593,Ole Miss,2024,478
"Jones, Brayden",OLE_REB,72,Right,1000119593,Ole Miss,2025,318
"Townsend, Cade",OLE_REB,73,Right,807254,Ole Miss,2025,370
"Calhoun, Hudson",OLE_REB,76,Right,1000211056,Ole Miss,2024,20
"Calhoun, Hudson",OLE_REB,76,Right,1000211056,Ole Miss,2025,290
"Carmack, Kyler",OLE_REB,74,Right,1000119720,Ole Miss,2024,170
"Ketchum, Cole",OLE_REB,73,Right,1000090848,Ole Miss,2023,320
"Ketchum, Cole",OLE_REB,73,Right,1000090848,Ole Miss,2025,15
"Tolbert, Cole",OLE_REB,76,Right,10027824,Ole Miss,2023,252
"Tolbert, Cole",OLE_REB,76,Right,10027824,Ole Miss,2024,93
"Spencer, Connor",OLE_REB,74,Right,1000146120,Ole Miss,2024,309
"Spencer, Connor",OLE_REB,74,Right,1000146120,Ole Miss,2025,300
"Johnson, Cooper",OLE_REB,76,Left,815426,Ole Miss,2025,61
"Dennis, Gunnar",OLE_REB,75,Left,10157164,Ole Miss,2024,695
"Dennis, Gunnar",OLE_REB,75,Left,824610,Ole Miss,2025,325
"Dougherty, Jack",OLE_REB,76,Right,10020101,Ole Miss,2023,999
"Doyle, Liam",OLE_REB,74,Left,1000136545,Ole Miss,2024,1018
"Elliott, Hunter",OLE_REB,75,Left,1000066425,Ole Miss,2023,139
"Elliott, Hunter",OLE_REB,75,Left,695545,Ole Miss,2025,1310
"Galle, Patrick",OLE_REB,74,Right,1000090130,Ole Miss,2024,79
"Galle, Patrick",OLE_REB,74,Right,1000090130,Ole Miss,2025,130
"Saunier, Grayson",OLE_REB,76,Right,1000187633,Ole Miss,2023,650
"Saunier, Grayson",OLE_REB,76,Right,1000187633,Ole Miss,2024,533
"Hancock, Owen",OLE_REB,77,Right,815411,Ole Miss,2025,79
"Henninger, Tommy",OLE_REB,74,Right,1000092922,Ole Miss,2023,79
"Hooks, Walker",OLE_REB,76,Left,827090,Ole Miss,2025,434
"Kimbrell, Jackson",OLE_REB,73,Left,1000051056,Ole Miss,2023,137
"Vera, Jordan",OLE_REB,74,Right,1000097483,Ole Miss,2023,490
"Mallitz, Josh",OLE_REB,75,Right,1000051671,Ole Miss,2024,434
"Quinn, JT",OLE_REB,78,Right,10006526,Ole Miss,2023,1047
"Quinn, JT",OLE_REB,78,Right,1000233770,Ole Miss,2024,327
"Waters, Landon",OLE_REB,73,Right,830161,Ole Miss,2025,271
"Maddox, Riley",OLE_REB,73,Right,1000119598,Ole Miss,2023,103
"Maddox, Riley",OLE_REB,73,Right,1000119598,Ole Miss,2024,1017
"Maddox, Riley",OLE_REB,73,Right,1000119598,Ole Miss,2025,878
"Morris, Mason",OLE_REB,76,Right,1000110608,Ole Miss,2023,142
"Morris, Mason",OLE_REB,76,Right,1000110608,Ole Miss,2024,545
"Morris, Mason",OLE_REB,76,Right,702568,Ole Miss,2025,769
"Nichols, Mason",OLE_REB,77,Right,1000066497,Ole Miss,2023,646
"Nichols, Mason",OLE_REB,77,Right,805783,Ole Miss,2024,614
"Nichols, Mason",OLE_REB,77,Right,805783,Ole Miss,2025,850
"Parenteau, Matt",OLE_REB,78,Right,1000091037,Ole Miss,2023,58
"McCausland, Will",OLE_REB,72,Right,823790,Ole Miss,2025,543
"Murrell, Mitch",OLE_REB,76,Right,1000051058,Ole Miss,2023,547
"Murrell, Mitch",OLE_REB,76,Right,1000051058,Ole Miss,2024,282
"Rabe, Taylor",OLE_REB,77,Right,815040,Ole Miss,2025,130
"Rivas, Xavier",OLE_REB,76,Left,1000098247,Ole Miss,2023,1142
"Rodriguez, Ryne",OLE_REB,74,Left,1000138960,Ole Miss,2024,194
"Rodriguez, Ryne",OLE_REB,74,Left,824609,Ole Miss,2025,164
"Tookoian, Sam",OLE_REB,77,Right,1000110964,Ole Miss,2023,494
"Tookoian, Sam",OLE_REB,77,Right,1000110964,Ole Miss,2024,176
"Tookoian, Sam",OLE_REB,77,Right,702494,Ole Miss,2025,76
"Potter, Alex",UNO_MAV,71,Right,1000120829,Omaha,2023,264
"Bales, Brennen",UNO_MAV,74,Right,1000098294,Omaha,2023,61
"Beck, Sam",UNO_MAV,68,Right,810096,Omaha,2025,46
"Bell, Charlie",UNO_MAV,77,Right,1000213096,Omaha,2023,350
"Bell, Charlie",UNO_MAV,77,Right,1000213096,Omaha,2024,633
"Benes, Joel",UNO_MAV,74,Left,1000213097,Omaha,2023,91
"Benes, Joel",UNO_MAV,74,Left,1000213097,Omaha,2025,40
"Weber, Ben",UNO_MAV,73,Right,10288437,Omaha,2025,784
"Lejeune-Deacutis, Brady",UNO_MAV,78,Left,1000102061,Omaha,2025,90
"Curtis, Brayden",UNO_MAV,73,Right,10290119,Omaha,2024,336
"Curtis, Brayden",UNO_MAV,73,Right,10290119,Omaha,2025,464
"Brummund, Gavin",UNO_MAV,72,Right,10186669,Omaha,2025,103
"Byhre, Chris",UNO_MAV,73,Right,1000098185,Omaha,2024,110
"Riedel, Caleb",UNO_MAV,73,Left,1000120428,Omaha,2023,155
"Riedel, Caleb",UNO_MAV,73,Left,1000120428,Omaha,2024,863
"Teinert, Cameron",UNO_MAV,74,Right,1000370538,Omaha,2025,496
"Mick, Carter",UNO_MAV,75,Left,10167193,Omaha,2025,214
"Navin, Carter",UNO_MAV,75,Right,10109272,Omaha,2024,204
"Hood, CJ",UNO_MAV,76,Right,1000113769,Omaha,2025,355
"Whitehill, Cole",UNO_MAV,72,Left,10015829,Omaha,2024,14
"Cychosz, Isaac",UNO_MAV,73,Right,1000132041,Omaha,2025,214
"Dreher, Matt",UNO_MAV,71,Left,10273826,Omaha,2024,190
"Dreher, Matt",UNO_MAV,71,Left,10273826,Omaha,2025,146
"Louthan, Ethan",UNO_MAV,76,Right,1000132134,Omaha,2024,392
"Ingram, Gage",UNO_MAV,70,Right,1000312504,Omaha,2024,65
"Gainer, Luke",UNO_MAV,72,Left,1000114440,Omaha,2023,209
"Gainer, Luke",UNO_MAV,72,Left,1000114440,Omaha,2024,381
"Gainer, Luke",UNO_MAV,72,Left,1000114440,Omaha,2025,376
"Gordon, Jackson",UNO_MAV,73,Right,1000054218,Omaha,2023,158
"Wagner, Grant",UNO_MAV,74,,1000168841,Omaha,2025,20
"Hackmann, Joe",UNO_MAV,73,Right,1000161430,Omaha,2024,470
"Kreiling, Harrison",UNO_MAV,72,Right,1000098154,Omaha,2023,19
"Kreiling, Harrison",UNO_MAV,72,Right,1000098154,Omaha,2024,470
"Hosick, Tanner",UNO_MAV,67,Right,10280603,Omaha,2025,72
"Reum, Kai",UNO_MAV,71,Right,1000213098,Omaha,2023,96
"Mueller, Landon",UNO_MAV,71,Right,10128451,Omaha,2025,180
"Mabee, Oliver",UNO_MAV,78,Right,826152,Omaha,2025,354
"Meyer, Maddox",UNO_MAV,73,Right,10186511,Omaha,2025,442
"Mattingley, Tyler",UNO_MAV,73,Right,1000120447,Omaha,2024,23
"Moquin, Nate",UNO_MAV,76,Right,1000230335,Omaha,2025,32
"Scanlon, Nick",UNO_MAV,73,Right,1000175400,Omaha,2024,211
"Olmstead, Tanner",UNO_MAV,76,Right,1000120445,Omaha,2023,71
"Tenney, Preston",UNO_MAV,72,Right,1000207110,Omaha,2023,359
"Tenney, Preston",UNO_MAV,72,Right,1000207110,Omaha,2024,67
"Sanders, Rans",UNO_MAV,70,Right,1000213100,Omaha,2023,185
"Scott, Reed",UNO_MAV,74,Right,1000121358,Omaha,2024,172
"Scott, Reed",UNO_MAV,74,,1000121358,Omaha,2025,48
"Sellers, Wyatt",UNO_MAV,72,Right,1000078690,Omaha,2023,155
"Allman, Price",ORA_GOL,75,Right,1000099376,Oral Roberts,2023,74
"Allman, Price",ORA_GOL,75,Right,1000099376,Oral Roberts,2024,94
"Allman, Price",ORA_GOL,75,Right,1000099376,Oral Roberts,2025,81
"Roach, Andrew",ORA_GOL,74,Right,1000064920,Oral Roberts,2023,119
"Mackey, Brayden",ORA_GOL,74,Right,1000278136,Oral Roberts,2024,150
"Mackey, Brayden",ORA_GOL,74,Right,1000278136,Oral Roberts,2025,18
"Sanford, Braydon",ORA_GOL,76,Right,10147567,Oral Roberts,2024,442
"Sanford, Braydon",ORA_GOL,76,Right,10147567,Oral Roberts,2025,354
"Fowler, Brooks",ORA_GOL,74,Right,1000120222,Oral Roberts,2023,597
"Fowler, Brooks",ORA_GOL,75,Right,1000120222,Oral Roberts,2024,1054
"Denton, Cade",ORA_GOL,75,Right,1000099379,Oral Roberts,2023,437
"Isaacs, Caleb",ORA_GOL,74,Left,1000196100,Oral Roberts,2023,387
"Isaacs, Caleb",ORA_GOL,74,Left,1000196100,Oral Roberts,2024,653
"Caravalho, Joshua",ORA_GOL,79,Right,1000196134,Oral Roberts,2023,630
"Caravalho, Joshua",ORA_GOL,79,Right,1000196134,Oral Roberts,2024,468
"Carmack, Ryan",ORA_GOL,70,Right,1000250998,Oral Roberts,2024,579
"Floyd, Conner",ORA_GOL,74,Right,1000161370,Oral Roberts,2023,65
"Floyd, Conner",ORA_GOL,74,Right,1000161370,Oral Roberts,2024,319
"Floyd, Conner",ORA_GOL,75,Right,1000161370,Oral Roberts,2025,321
"Johnson, Conner",ORA_GOL,74,Right,10292565,Oral Roberts,2025,395
"Moore, Cooper",ORA_GOL,74,Right,1000163424,Oral Roberts,2025,188
"Patten, Dalton",ORA_GOL,70,Right,1000119927,Oral Roberts,2023,360
"Patten, Dalton",ORA_GOL,70,Right,1000119927,Oral Roberts,2024,421
"Patten, Dalton",ORA_GOL,70,Right,1000119927,Oral Roberts,2025,466
"Teel, Easton",ORA_GOL,75,Right,1000361643,Oral Roberts,2025,639
"Kowalski, Evan",ORA_GOL,74,Right,1000099377,Oral Roberts,2023,314
"Gollert, Harley",ORA_GOL,72,Left,8890793,Oral Roberts,2023,615
"Hall, Jakob",ORA_GOL,74,Right,1000120226,Oral Roberts,2023,749
"Hall, Jakob",ORA_GOL,74,Right,1000120226,Oral Roberts,2024,1193
"Hart, Hudson",ORA_GOL,75,Right,10149401,Oral Roberts,2023,118
"Hart, Hudson",ORA_GOL,75,Right,10149401,Oral Roberts,2024,295
"Hart, Hudson",ORA_GOL,75,Right,10149401,Oral Roberts,2025,62
"Hill, Jack",ORA_GOL,75,Right,1000139321,Oral Roberts,2025,601
"Widener, Jacob",ORA_GOL,79,Left,1000047970,Oral Roberts,2023,435
"Ure, Jared",ORA_GOL,78,Right,1000144925,Oral Roberts,2024,468
"Ure, Jared",ORA_GOL,78,Right,687788,Oral Roberts,2025,448
"Love, Nathan",ORA_GOL,74,Right,1000239506,Oral Roberts,2025,768
"Puffinbarger, Luke",ORA_GOL,77,Right,1000335038,Oral Roberts,2025,159
"Martin, Trent",ORA_GOL,75,Left,1000210590,Oral Roberts,2024,176
"Martin, Trent",ORA_GOL,75,Left,1000210590,Oral Roberts,2025,199
"Reynolds, Owen",ORA_GOL,72,Left,10144894,Oral Roberts,2024,567
"Ronan, Reed",ORA_GOL,71,Left,1000099378,Oral Roberts,2023,102
"Ronan, Reed",ORA_GOL,71,Left,1000099378,Oral Roberts,2024,112
"Schroeder, Riley",ORA_GOL,74,Right,1000249747,Oral Roberts,2024,25
"Rouse, Weston",ORA_GOL,77,Left,806211,Oral Roberts,2025,536
"Tressler, Ryan",ORA_GOL,75,Right,1000119601,Oral Roberts,2023,11
"Anderson, Austin",ORE_DUC,75,Right,1000111867,Oregon,2023,307
"Boyle, Sam",ORE_DUC,74,Left,822596,Oregon,2025,111
"Mullan, Bradley",ORE_DUC,75,Left,801645,Oregon,2024,524
"Mullan, Bradley",ORE_DUC,75,,801645,Oregon,2025,11
"Bradley, Tanner",ORE_DUC,73,Right,1000111166,Oregon,2025,28
"Moore, Brock",ORE_DUC,78,Right,1000270461,Oregon,2024,397
"Moore, Brock",ORE_DUC,78,,1000270461,Oregon,2025,9
"Clarke, Collin",ORE_DUC,75,Right,822155,Oregon,2024,269
"Clarke, Collin",ORE_DUC,75,Right,822155,Oregon,2025,999
"Stokes, Cole",ORE_DUC,78,Right,814006,Oregon,2024,167
"Stokes, Cole",ORE_DUC,78,Right,814006,Oregon,2025,310
"Cova, Sammy",ORE_DUC,74,Left,814178,Oregon,2024,20
"Dallas, Matt",ORE_DUC,72,Right,1000119852,Oregon,2023,641
"McShane, Dylan",ORE_DUC,81,Right,1000138130,Oregon,2023,235
"Evaniew, Isaac",ORE_DUC,74,Right,1000155488,Oregon,2025,16
"Featherston, Ryan",ORE_DUC,74,Right,822158,Oregon,2024,562
"Featherston, Ryan",ORE_DUC,74,Right,822158,Oregon,2025,486
"Freund, Michael",ORE_DUC,70,Right,1000270464,Oregon,2024,259
"Howard, Gabe",ORE_DUC,75,Right,1000067697,Oregon,2025,131
"Garcia, Santiago",ORE_DUC,72,Left,10147459,Oregon,2025,381
"Goodson, Mason",ORE_DUC,75,Right,822157,Oregon,2024,34
"Gordon, RJ",ORE_DUC,72,Right,1000168223,Oregon,2024,1369
"Gordon, RJ",ORE_DUC,72,,1000168223,Oregon,2025,94
"Grabmann, Matthew",ORE_DUC,73,Right,10033952,Oregon,2023,654
"Grabmann, Matthew",ORE_DUC,73,Right,692153,Oregon,2024,91
"Grinsell, Grayson",ORE_DUC,73,Left,1000110920,Oregon,2023,550
"Grinsell, Grayson",ORE_DUC,73,Left,1000110920,Oregon,2024,1283
"Grinsell, Grayson",ORE_DUC,73,Left,1000110920,Oregon,2025,1409
"Rogers, Gus",ORE_DUC,75,Left,1000138131,Oregon,2023,19
"Hernandez, Julien",ORE_DUC,73,Right,1000125356,Oregon,2025,202
"Hughes, Jacob",ORE_DUC,76,Right,1000091750,Oregon,2023,267
"Umlandt, Ian",ORE_DUC,72,Left,1000136482,Oregon,2023,149
"Umlandt, Ian",ORE_DUC,72,Left,809862,Oregon,2024,414
"Umlandt, Ian",ORE_DUC,72,Left,809862,Oregon,2025,652
"Stoffal, Jace",ORE_DUC,75,Right,1000119850,Oregon,2023,777
"Jaha, Jackson",ORE_DUC,73,Right,1000138134,Oregon,2023,43
"Pace, Jackson",ORE_DUC,77,Right,1000138136,Oregon,2023,705
"Reitz, Jason",ORE_DUC,83,Right,805279,Oregon,2025,881
"Jordan, Jaxon",ORE_DUC,77,Right,1000118697,Oregon,2024,163
"Jordan, Jaxon",ORE_DUC,77,Right,1000118697,Oregon,2025,212
"Jones, Tyler",ORE_DUC,75,Right,1000071984,Oregon,2025,46
"Mollerus, Josh",ORE_DUC,75,Right,1000059779,Oregon,2023,386
"Knox, Kellan",ORE_DUC,74,Right,1000307857,Oregon,2025,154
"Seitter, Kevin",ORE_DUC,73,Right,1000156135,Oregon,2024,1107
"Mercado, Logan",ORE_DUC,72,Right,1000048033,Oregon,2023,1054
"Mercado, Logan",ORE_DUC,72,Right,694781,Oregon,2024,578
"Mercado, Logan",ORE_DUC,72,,694781,Oregon,2025,15
"Olson, Logan",ORE_DUC,77,Left,1000230808,Oregon,2023,124
"Mattox, Seth",ORE_DUC,75,Right,1000113249,Oregon,2025,256
"Meckna, Michael",ORE_DUC,75,Right,1000106891,Oregon,2025,149
"Sanford, Will",ORE_DUC,72,Right,1000345636,Oregon,2025,625
"Spoljaric, Turner",ORE_DUC,74,Right,1000138140,Oregon,2023,492
"Spoljaric, Turner",ORE_DUC,74,Right,683343,Oregon,2024,139
"Twist, Toby",ORE_DUC,73,Left,10111323,Oregon,2024,153
"Twist, Toby",ORE_DUC,73,Left,10111323,Oregon,2025,26
"Haight, Adam",ORE_BEA,74,Right,821937,Oregon St.,2025,55
"Jimenez, Aiden",ORE_BEA,75,Right,1000110921,Oregon St.,2023,420
"May, Aiden",ORE_BEA,74,Right,801995,Oregon St.,2024,839
"Hutcheson, AJ",ORE_BEA,71,Right,1000194519,Oregon St.,2023,471
"Hutcheson, AJ",ORE_BEA,71,Right,1000194519,Oregon St.,2024,350
"Hutcheson, AJ",ORE_BEA,71,Right,1000194519,Oregon St.,2025,445
"Lattery , AJ",ORE_BEA,77,Right,1000073734,Oregon St.,2023,118
"Lattery, AJ",ORE_BEA,77,Right,1000073734,Oregon St.,2023,575
"Lattery, AJ",ORE_BEA,77,Right,1000073734,Oregon St.,2024,40
"Ferrer, Ben",ORE_BEA,72,Right,1000059313,Oregon St.,2023,547
"Boisvert, Braden",ORE_BEA,73,Right,1000080579,Oregon St.,2023,224
"Boisvert, Braden",ORE_BEA,73,,1000080579,Oregon St.,2025,36
"Holmes, Bridger",ORE_BEA,76,Right,822175,Oregon St.,2024,446
"Brown, Ryan",ORE_BEA,74,Right,1000115567,Oregon St.,2023,364
"Johnson, Bryce",ORE_BEA,75,Right,822169,Oregon St.,2025,36
"Reynolds, Chase",ORE_BEA,73,Right,822172,Oregon St.,2024,39
"Grewe, David",ORE_BEA,74,Right,1000115576,Oregon St.,2023,199
"Grewe, David",ORE_BEA,74,,1000115576,Oregon St.,2025,34
"Whitney, Dax",ORE_BEA,77,Right,820840,Oregon St.,2025,796
"DeCremer, James",ORE_BEA,74,Right,806056,Oregon St.,2025,243
"Douglas, Tanner",ORE_BEA,74,Left,825917,Oregon St.,2025,255
"Talavs, Drew",ORE_BEA,75,Right,1000272032,Oregon St.,2024,123
"Talavs, Drew",ORE_BEA,75,,1000272032,Oregon St.,2025,28
"Edwards, Zach",ORE_BEA,74,Right,829593,Oregon St.,2025,240
"Segura, Eric",ORE_BEA,74,Right,814488,Oregon St.,2024,745
"Segura, Eric",ORE_BEA,74,Right,814488,Oregon St.,2025,644
"Kleinschmit, Ethan",ORE_BEA,75,Left,1000330641,Oregon St.,2025,895
"Ferguson, Noah",ORE_BEA,69,Right,822166,Oregon St.,2024,222
"Fraser, Max",ORE_BEA,73,Left,822594,Oregon St.,2025,136
"Hunter, Jaren",ORE_BEA,74,Right,1000069908,Oregon St.,2023,418
"Hunter, Jaren",ORE_BEA,74,Right,1000069908,Oregon St.,2024,477
"Lawson, Ian",ORE_BEA,79,Right,1000091719,Oregon St.,2023,487
"Lawson, Ian",ORE_BEA,79,Right,1000091719,Oregon St.,2024,289
"Lawson, Ian",ORE_BEA,79,,1000091719,Oregon St.,2025,20
"Kmatz, Jacob",ORE_BEA,75,Right,1000108914,Oregon St.,2023,1106
"Kmatz, Jacob",ORE_BEA,75,Right,1000108914,Oregon St.,2024,1056
"Kmatz, Jacob",ORE_BEA,75,,1000108914,Oregon St.,2025,90
"Krieg, Jacob",ORE_BEA,77,Right,1000110922,Oregon St.,2023,48
"Mundt, Joey",ORE_BEA,77,Right,1000078203,Oregon St.,2024,319
"Mundt, Joey",ORE_BEA,76,Right,1000078203,Oregon St.,2025,248
"Thorsteinson, Justin",ORE_BEA,76,Left,678145,Oregon St.,2023,279
"Thorsteinson, Justin",ORE_BEA,76,,678145,Oregon St.,2025,63
"Keljo, Nelson",ORE_BEA,76,Left,1000134232,Oregon St.,2023,329
"Keljo, Nelson",ORE_BEA,76,Left,1000134232,Oregon St.,2024,544
"Keljo, Nelson",ORE_BEA,76,Left,1000134232,Oregon St.,2025,672
"Oakes, Kellan",ORE_BEA,75,Right,1000251456,Oregon St.,2024,295
"Oakes, Kellan",ORE_BEA,74,Right,1000251456,Oregon St.,2025,423
"Kmatz, Zach",ORE_BEA,75,Right,827297,Oregon St.,2025,240
"Scott, Kyle",ORE_BEA,75,Right,675449,Oregon St.,2024,59
"Palmer, Laif",ORE_BEA,78,Right,814157,Oregon St.,2024,102
"Palmer, Laif",ORE_BEA,78,Right,814157,Oregon St.,2025,254
"Larson, Rhett",ORE_BEA,74,Right,1000194520,Oregon St.,2023,399
"Larson, Rhett",ORE_BEA,74,,1000194520,Oregon St.,2025,36
"Morrell, Matthew",ORE_BEA,76,Right,822170,Oregon St.,2024,212
"Morrell, Matthew",ORE_BEA,76,,822170,Oregon St.,2025,91
"Mejia, Tyler",ORE_BEA,75,Left,1000115772,Oregon St.,2023,342
"Mejia, Tyler",ORE_BEA,75,Left,822174,Oregon St.,2024,132
"Montgomery, Tephen",ORE_BEA,76,Right,1000273535,Oregon St.,2024,43
"Queen, Wyatt",ORE_BEA,74,Right,829591,Oregon St.,2025,468
"Quinn, Victor",ORE_BEA,73,Right,1000137449,Oregon St.,2023,99
"Sellers, Trent",ORE_BEA,74,Right,1000058228,Oregon St.,2023,1225
"Perez, Adan",PAC_TIG,76,Right,822621,Pacific,2025,670
"Andrus, David",PAC_TIG,81,Left,1000124498,Pacific,2024,116
"Andrus, David",PAC_TIG,81,Left,1000124498,Pacific,2025,34
"McKinney, Austin",PAC_TIG,74,Right,1000100199,Pacific,2024,202
"McKinney, Austin",PAC_TIG,74,Right,1000100199,Pacific,2025,43
"Barrera, Daniel",PAC_TIG,72,Right,1000066421,Pacific,2023,119
"Bicknell, Drake",PAC_TIG,71,Right,10274418,Pacific,2024,58
"Mallett, Brett",PAC_TIG,74,Right,1000273129,Pacific,2025,156
"Cruz, Bryce",PAC_TIG,72,Right,824196,Pacific,2024,184
"Cruz, Bryce",PAC_TIG,72,Right,824196,Pacific,2025,128
"Casagrande, Caden",PAC_TIG,71,Right,1000213695,Pacific,2023,158
"Duke, Caden",PAC_TIG,74,Right,1000124496,Pacific,2023,122
"Revay, Carson",PAC_TIG,76,Left,809111,Pacific,2025,468
"Carter, Regan",PAC_TIG,74,Right,10111137,Pacific,2024,152
"Carter, Regan",PAC_TIG,74,Right,10111137,Pacific,2025,426
"Lanz, Cooper",PAC_TIG,71,Right,1000158163,Pacific,2023,130
"Defelippi, Michael",PAC_TIG,73,Left,1000055828,Pacific,2023,88
"Ertz, Jackson",PAC_TIG,81,Right,1000016554,Pacific,2023,79
"Shaver, Ethan",PAC_TIG,74,Right,824202,Pacific,2024,318
"Shaver, Ethan",PAC_TIG,74,Right,824202,Pacific,2025,490
"Moll, Evan",PAC_TIG,76,Left,1000213697,Pacific,2025,13
"Stevens, Grant",PAC_TIG,69,Left,1000079684,Pacific,2023,321
"Guardado, Jakob",PAC_TIG,73,Right,824200,Pacific,2024,207
"Guardado, Jakob",PAC_TIG,73,Right,824200,Pacific,2025,646
"Guarin, Marvcus",PAC_TIG,74,Right,1000059048,Pacific,2023,168
"Iglesias, Justin",PAC_TIG,75,Right,1000071952,Pacific,2025,323
"Lux, Jackson",PAC_TIG,75,Right,1000108687,Pacific,2023,26
"Lux, Jackson",PAC_TIG,75,Right,1000108687,Pacific,2024,51
"Lux, Jackson",PAC_TIG,75,Right,1000108687,Pacific,2025,133
"Smith, Jacob",PAC_TIG,74,Right,1000116511,Pacific,2023,46
"Smith, Jacob",PAC_TIG,75,Right,824195,Pacific,2024,158
"Tandy, Jake",PAC_TIG,73,Right,1000213699,Pacific,2023,95
"Tandy, Jake",PAC_TIG,73,Right,1000213699,Pacific,2024,76
"Wood, Jarryd",PAC_TIG,72,Right,1000124499,Pacific,2023,98
"Wood, Jarryd",PAC_TIG,72,Right,1000124499,Pacific,2024,168
"Wood, Jarryd",PAC_TIG,72,Right,1000124499,Pacific,2025,200
"Metcalf, Joe",PAC_TIG,75,Right,802691,Pacific,2025,41
"Souza, Josh",PAC_TIG,75,Left,1000198934,Pacific,2024,226
"Souza, Josh",PAC_TIG,75,Left,1000198934,Pacific,2025,361
"Martinez, Ryan",PAC_TIG,74,Right,1000213712,Pacific,2023,158
"Martinez, Ryan",PAC_TIG,75,Right,824187,Pacific,2024,257
"McWilliam, Owen",PAC_TIG,71,Right,1000124502,Pacific,2023,149
"McWilliam, Owen",PAC_TIG,71,Right,1000124502,Pacific,2024,222
"Nino, Nathen",PAC_TIG,73,Right,1000337167,Pacific,2025,356
"Sweany, Quinlan",PAC_TIG,75,Right,1000079695,Pacific,2023,55
"Wagner, Reece",PAC_TIG,76,Right,10111155,Pacific,2024,112
"Stout, Tyler",PAC_TIG,72,Right,1000124503,Pacific,2023,234
"Miehe, Andrew",PEN_QUA,74,Right,1000237855,Penn,2024,32
"Miehe, Andrew",PEN_QUA,74,Right,1000237855,Penn,2025,207
"Kiafoulis, Anthoni",PEN_QUA,75,Left,1000149335,Penn,2024,99
"Kiafoulis, Anthoni",PEN_QUA,75,Left,1000149335,Penn,2025,45
"Zeldin, Brian",PEN_QUA,71,Right,1000121636,Penn,2023,127
"Mangene, Bryce",PEN_QUA,72,Right,1000123888,Penn,2023,86
"Ozmer, Carson",PEN_QUA,74,Right,1000121638,Penn,2023,190
"Ozmer, Carson",PEN_QUA,74,Right,1000121638,Penn,2024,321
"Cerwinski, John",PEN_QUA,75,Right,10032666,Penn,2023,173
"Cerwinski, John",PEN_QUA,75,Right,1000323196,Penn,2024,159
"Cerwinski, John",PEN_QUA,75,Right,1000323196,Penn,2025,178
"Coady, Owen",PEN_QUA,75,Left,1000121578,Penn,2023,587
"Zaffiro, Cole",PEN_QUA,74,Right,1000121642,Penn,2023,637
"Zaffiro, Cole",PEN_QUA,74,Right,813866,Penn,2024,663
"Darling, Connor",PEN_QUA,75,Right,10150968,Penn,2025,398
"Coyne, Marty",PEN_QUA,73,Left,10148229,Penn,2024,228
"Coyne, Marty",PEN_QUA,73,Left,10148229,Penn,2025,745
"Heintz, Danny",PEN_QUA,78,Right,1000105827,Penn,2023,43
"Heintz, Danny",PEN_QUA,78,Right,1000105827,Penn,2024,86
"Shoemaker, David",PEN_QUA,72,Left,1000052296,Penn,2023,319
"Delany, Tommy",PEN_QUA,72,Right,1000123904,Penn,2023,281
"Delany, Tommy",PEN_QUA,72,Right,1000123904,Penn,2024,46
"Delany, Tommy",PEN_QUA,72,Right,1000123904,Penn,2025,344
"Dromboski, Ryan",PEN_QUA,74,Right,1000123902,Penn,2023,588
"Dromboski, Ryan",PEN_QUA,74,Right,823804,Penn,2024,561
"Sarti, Edward",PEN_QUA,76,Right,1000123892,Penn,2023,173
"Sarti, Edward",PEN_QUA,76,Right,1000123892,Penn,2024,51
"Trop, Eli",PEN_QUA,76,Right,1000072522,Penn,2023,155
"Trop, Eli",PEN_QUA,76,Right,813864,Penn,2024,173
"Haggard, Sebastian",PEN_QUA,76,Right,1000207886,Penn,2025,421
"Moss, Jake",PEN_QUA,74,Right,10111220,Penn,2023,19
"Moss, Jake",PEN_QUA,74,Right,10111220,Penn,2024,93
"Moss, Jake",PEN_QUA,74,Right,10111220,Penn,2025,359
"Katz, Josh",PEN_QUA,71,Right,10274916,Penn,2024,329
"Katz, Josh",PEN_QUA,72,Right,10274916,Penn,2025,724
"Mott, Marshall",PEN_QUA,73,Left,1000052753,Penn,2023,42
"Mott, Marshall",PEN_QUA,73,Left,1000052753,Penn,2024,45
"Mott, Marshall",PEN_QUA,73,Left,1000052753,Penn,2025,199
"Millikan, Noah",PEN_QUA,76,Right,1000123901,Penn,2023,36
"Millikan, Noah",PEN_QUA,76,Right,1000123901,Penn,2024,81
"Millikan, Noah",PEN_QUA,77,Right,1000123901,Penn,2025,829
"Shurtleff, Thomas",PEN_QUA,74,Right,10074430,Penn,2023,129
"Shurtleff, Thomas",PEN_QUA,74,Right,10074430,Penn,2024,273
"Shurtleff, Thomas",PEN_QUA,74,Right,10074430,Penn,2025,390
"Tobin, Will",PEN_QUA,74,Left,1000191560,Penn,2023,213
"Tobin, Will",PEN_QUA,74,Left,1000191560,Penn,2024,146
"Tobin, Will",PEN_QUA,74,Left,1000191560,Penn,2025,651
"Troy, Adam",PEP_WAV,75,Right,824687,Pepperdine,2024,438
"Troy, Adam",PEP_WAV,75,Right,824687,Pepperdine,2025,234
"Plisinski, Austin",PEP_WAV,74,Right,1000364876,Pepperdine,2025,305
"Barry, Cade",PEP_WAV,70,Left,1000339097,Pepperdine,2025,454
"Christy, Bobby",PEP_WAV,70,Right,1000113259,Pepperdine,2023,562
"Bonn, Nick",PEP_WAV,73,Right,1000193737,Pepperdine,2023,505
"Bonn, Nick",PEP_WAV,73,Right,824678,Pepperdine,2024,1007
"Guentz, Braden",PEP_WAV,75,Right,824685,Pepperdine,2024,411
"Guentz, Braden",PEP_WAV,75,Right,824685,Pepperdine,2025,338
"Llewellyn, Brandon",PEP_WAV,74,Right,1000040873,Pepperdine,2023,625
"Callis, John",PEP_WAV,71,Left,824699,Pepperdine,2024,37
"Callis, John",PEP_WAV,71,Left,824699,Pepperdine,2025,216
"Carey, Jack",PEP_WAV,75,Left,10114313,Pepperdine,2024,14
"Castillo, Josiah",PEP_WAV,72,Right,1000029257,Pepperdine,2023,113
"Landis, Chase",PEP_WAV,73,Left,1000239944,Pepperdine,2023,18
"Chester, Jack",PEP_WAV,76,Right,1000078293,Pepperdine,2023,278
"Chonkich, Zach",PEP_WAV,71,Right,1000094136,Pepperdine,2023,123
"Cole, Jordan",PEP_WAV,74,Right,824694,Pepperdine,2024,528
"Cole, Jordan",PEP_WAV,74,Right,824694,Pepperdine,2025,420
"Valentine, Collin",PEP_WAV,75,Left,1000192593,Pepperdine,2024,472
"Valentine, Collin",PEP_WAV,75,Left,824690,Pepperdine,2025,469
"Diamond, Nathan",PEP_WAV,74,Left,1000051758,Pepperdine,2023,531
"MacCallum, Dylan",PEP_WAV,76,Right,1000094124,Pepperdine,2023,331
"MacCallum, Dylan",PEP_WAV,76,Right,1000094124,Pepperdine,2024,81
"Stewart, Dylan",PEP_WAV,77,Right,1000193724,Pepperdine,2023,199
"Stewart, Dylan",PEP_WAV,77,Right,824705,Pepperdine,2024,491
"Stewart, Dylan",PEP_WAV,77,Right,824705,Pepperdine,2025,728
"Grossman, Jacob",PEP_WAV,77,Right,824703,Pepperdine,2024,349
"Nichols, Gunnar",PEP_WAV,76,Right,1000193734,Pepperdine,2023,337
"Nichols, Gunnar",PEP_WAV,76,Right,824706,Pepperdine,2024,548
"Pace, Jackson",PEP_WAV,77,Right,804533,Pepperdine,2025,418
"Kniskern, Trevor",PEP_WAV,72,Right,1000054486,Pepperdine,2023,368
"Liyeos, MJ",PEP_WAV,73,Right,824684,Pepperdine,2025,97
"Wechsberg, Lucien",PEP_WAV,77,Right,1000250360,Pepperdine,2025,76
"Queen, Matt",PEP_WAV,71,Right,1000320996,Pepperdine,2024,286
"Queen, Matt",PEP_WAV,71,Right,824688,Pepperdine,2025,395
"Nichol, Wyatt",PEP_WAV,73,Right,824681,Pepperdine,2024,204
"Nichol, Wyatt",PEP_WAV,73,Right,824681,Pepperdine,2025,351
"Peterson, Winston",PEP_WAV,80,Right,1000364937,Pepperdine,2025,143
"Rios, Ryan",PEP_WAV,76,Right,1000291017,Pepperdine,2025,242
"Scavone, Tommy",PEP_WAV,77,Right,1000299039,Pepperdine,2024,592
"Scavone, Tommy",PEP_WAV,77,Right,1000299039,Pepperdine,2025,872
"Telfer, Shane",PEP_WAV,73,Left,1000029122,Pepperdine,2023,737
"Coleman, Aidan",PIT_UNI,73,Right,806447,Pittsburgh,2024,72
"Coleman, Aidan",PIT_PAN,73,,806447,Pittsburgh,2025,629
"Andrade, Ryan",PIT_PAN,74,Right,822876,Pittsburgh,2024,198
"Andrade, Ryan",PIT_UNI,74,Right,1000149918,Pittsburgh,2024,187
"Bautista, Jonathan",PIT_PAN,75,Right,1000121690,Pittsburgh,2023,214
"Devereux, Brady",PIT_PAN,74,Right,1000049163,Pittsburgh,2023,48
"Bryan, Nash",PIT_PAN,73,Right,1000107954,Pittsburgh,2023,321
"Candelario, Erubiel",PIT_PAN,73,Right,1000069670,Pittsburgh,2023,238
"Candelario, Erubiel",PIT_UNI,73,Right,701322,Pittsburgh,2024,54
"Chillot, Gavin",PIT_PAN,69,Right,822872,Pittsburgh,2024,23
"Chillot, Gavin",PIT_UNI,69,Right,822872,Pittsburgh,2024,25
"Chillot, Gavin",PIT_PAN,69,,822872,Pittsburgh,2025,204
"Demi, Kyle",PIT_PAN,74,Right,802341,Pittsburgh,2024,17
"Demi, Kyle",PIT_UNI,74,Right,802341,Pittsburgh,2024,23
"Demi, Kyle",PIT_PAN,74,,802341,Pittsburgh,2025,578
"Simmons, Dylan",PIT_PAN,75,Right,1000034048,Pittsburgh,2023,211
"Firoved, Ethan",PIT_PAN,71,Left,1000090762,Pittsburgh,2023,217
"Firoved, Ethan",PIT_PAN,72,Left,1000090762,Pittsburgh,2024,146
"Firoved, Ethan",PIT_UNI,72,Left,811260,Pittsburgh,2024,116
"Firoved, Ethan",PIT_PAN,71.5,,1000090762,Pittsburgh,2025,759
"Evans, Logan",PIT_PAN,76,Right,1000079153,Pittsburgh,2023,340
"Faulcon, Kayden",PIT_PAN,71,,10109813,Pittsburgh,2025,197
"Fernandez, Matthew",PIT_PAN,70,Right,10150859,Pittsburgh,2023,257
"Fernandez, Matthew",PIT_PAN,72,Right,1000246440,Pittsburgh,2024,189
"Fernandez, Matthew",PIT_UNI,72,Right,1000147065,Pittsburgh,2024,111
"Fox, Phil",PIT_PAN,69,Right,813636,Pittsburgh,2024,43
"Fox, Phil",PIT_UNI,69,Right,1000140948,Pittsburgh,2024,96
"Phelps, Holden",PIT_PAN,78,Right,1000092890,Pittsburgh,2023,57
"Hummel, Will",PIT_PAN,76,,822874,Pittsburgh,2025,15
"Sokol, Jack",PIT_PAN,75,Right,1000074883,Pittsburgh,2023,373
"Sokol, Jack",PIT_PAN,76,Right,694662,Pittsburgh,2024,160
"Sokol, Jack",PIT_UNI,76,Right,1000168574,Pittsburgh,2024,156
"Konuszewski, Quin",PIT_PAN,73,Left,1000236630,Pittsburgh,2023,38
"Mosley, Kyle",PIT_PAN,72,Right,1000081789,Pittsburgh,2023,296
"Mosley, Kyle",PIT_PAN,74,Right,802980,Pittsburgh,2024,47
"Mosley, Kyle",PIT_UNI,74,Right,1000172686,Pittsburgh,2024,30
"Porter, Matt",PIT_PAN,71,Left,,Pittsburgh,2024,25
"Porter, Matt",PIT_UNI,71,Left,10005823,Pittsburgh,2024,77
"Porter, Matt",PIT_PAN,71,,822875,Pittsburgh,2025,532
"Oswald, Zack",PIT_PAN,73,Left,1000100464,Pittsburgh,2023,24
"Partridge, Ryan",PIT_PAN,74,Left,803405,Pittsburgh,2024,4
"Partridge, Ryan",PIT_UNI,74,Left,1000037073,Pittsburgh,2024,26
"Reed, Ryan",PIT_PAN,75,Left,1000246439,Pittsburgh,2023,34
"Reed, Ryan",PIT_PAN,75,Left,811266,Pittsburgh,2024,201
"Reed, Ryan",PIT_UNI,75,Left,811266,Pittsburgh,2024,174
"Reed, Ryan",PIT_PAN,75,,811266,Pittsburgh,2025,1174
"Allegro, Peter",POR_PIL,69,Right,1000059092,Portland,2023,224
"Anderson, Logan",POR_PIL,75,Left,1000272654,Portland,2025,188
"Brink, Nick",POR_PIL,74,Right,1000100475,Portland,2023,213
"Brink, Nick",POR_PIL,74,Right,813752,Portland,2024,530
"Gillis, Brock",POR_PIL,74,Right,1000069907,Portland,2023,339
"Gillis, Brock",POR_PIL,74,Right,1000069907,Portland,2024,63
"Palmer, Broden",POR_PIL,76,Right,10304674,Portland,2024,46
"Young, Callum",POR_PIL,74,Left,1000124154,Portland,2025,66
"Gaston, Carter",POR_PIL,75,Right,1000213731,Portland,2023,133
"Gaston, Carter",POR_PIL,75,Right,813751,Portland,2024,436
"Gaston, Carter",POR_PIL,75,Right,813751,Portland,2025,366
"Codron, Morgan",POR_PIL,77,Right,813740,Portland,2024,289
"Codron, Morgan",POR_PIL,75,Right,813740,Portland,2025,88
"Hollabaugh, Coleman",POR_PIL,73,Right,1000396772,Portland,2025,15
"Hebert, Curtis",POR_PIL,74,Right,1000213732,Portland,2025,269
"Dobmeier, Jacob ",POR_PIL,77,Right,1000066612,Portland,2023,169
"Douglas, Tanner",POR_PIL,74,Left,1000190937,Portland,2024,401
"Folkins, Jack",POR_PIL,76,Right,1000079924,Portland,2023,141
"Folkins, Jack",POR_PIL,76,Right,813754,Portland,2024,222
"Gartrell, Joey",POR_PIL,76,Right,1000121716,Portland,2023,426
"Gartrell, Joey",POR_PIL,76,Right,1000121716,Portland,2024,65
"Johnson, Zach",POR_PIL,70,Right,1000213738,Portland,2023,249
"Landwehr, JT",POR_PIL,73,Right,1000224354,Portland,2025,332
"Ramirez, Justin",POR_PIL,68,Left,1000250764,Portland,2024,28
"Segel, Kaden",POR_PIL,72,Right,1000131884,Portland,2023,211
"Segel, Kaden",POR_PIL,72,Right,813746,Portland,2024,238
"Segel, Kaden",POR_PIL,72,Right,813746,Portland,2025,407
"Starr, Kaden",POR_PIL,73,Right,825916,Portland,2025,213
"Ruffo, KJ",POR_PIL,74,Right,1000074622,Portland,2023,83
"Ruffo, KJ",POR_PIL,74,Right,1000074622,Portland,2024,6
"Umlandt, Nolan",POR_PIL,75,Right,1000295137,Portland,2025,160
"Rembisz, Ryan",POR_PIL,74,Left,1000121719,Portland,2023,163
"Rembisz, Ryan",POR_PIL,74,Left,1000121719,Portland,2024,53
"Rembisz, Ryan",POR_PIL,74,Left,1000121719,Portland,2025,411
"Stuhr, Sam",POR_PIL,73,Right,1000109856,Portland,2024,674
"Saunders, Ty",POR_PIL,71,Right,1000049521,Portland,2023,67
"Aguado, Devin",PRA_PAN,70,Left,1000083064,Prairie View,2023,18
"Aguado, Devin",PRA_PAN,70,Left,1000083064,Prairie View,2024,126
"Donatto, Ahmar",PRA_PAN,71,Right,808923,Prairie View,2025,60
"Allen, Preston",PRA_PAN,75,Right,811640,Prairie View,2024,179
"Baldwin, Jaime",PRA_PAN,69,Right,1000304401,Prairie View,2024,15
"Battey, Corey",PRA_PAN,69,Left,806558,Prairie View,2024,189
"Beaty, Beau",PRA_PAN,74,Right,1000402448,Prairie View,2025,24
"Bravo, Leonardo",PRA_PAN,75,Right,822060,Prairie View,2024,71
"Bravo, Leonardo",PRA_PAN,75,Right,822060,Prairie View,2025,35
"Breeden, Elijah",PRA_PAN,77,Right,1000100635,Prairie View,2023,67
"Breeden, Elijah",PRA_PAN,77,Right,809033,Prairie View,2024,243
"Busch, Gentry",PRA_PAN,71,Right,1000100630,Prairie View,2023,35
"Farmer, Camden",PRA_PAN,80,Right,1000216369,Prairie View,2024,47
"Farmer, Camden",PRA_PAN,80,Right,1000216369,Prairie View,2025,52
"Carlton, Tyson",PRA_PAN,77,Right,822057,Prairie View,2024,91
"Carlton, Tyson",PRA_PAN,77,Right,822057,Prairie View,2025,57
"Carrick, Kyle",PRA_PAN,73,Left,1000235967,Prairie View,2023,68
"Smith, Cody",PRA_PAN,73,Right,1000235969,Prairie View,2023,73
"Hayes, Dakari",PRA_PAN,71,Left,830813,Prairie View,2025,74
"McKay, Danny",PRA_PAN,75,Right,1000101573,Prairie View,2023,55
"McKay, Danny",PRA_PAN,75,Right,1000101573,Prairie View,2024,68
"Edwards, DeAndre",PRA_PAN,73,Left,822053,Prairie View,2024,23
"Thompson, Demarques",PRA_PAN,73,Right,822061,Prairie View,2025,225
"Dews, Michael",PRA_PAN,77,Right,1000124783,Prairie View,2023,101
"Dews, Michael",PRA_PAN,77,Right,800709,Prairie View,2024,103
"Dews, Zachary",PRA_PAN,76,Right,1000100750,Prairie View,2023,48
"Grant, Landyn",PRA_PAN,75,Left,830815,Prairie View,2025,105
"Herrera, Isaac",PRA_PAN,72,Right,830822,Prairie View,2025,73
"Polledo, Jeffrey",PRA_PAN,74,Right,1000402472,Prairie View,2025,71
"Larzabal, Joshua",PRA_PAN,71,Left,1000025352,Prairie View,2023,24
"Scott, Julian",PRA_PAN,68,Right,1000111130,Prairie View,2024,17
"Scott, Julian",PRA_PAN,68,Right,1000111130,Prairie View,2025,22
"Krall, Matthew",PRA_PAN,76,Right,10018023,Prairie View,2023,51
"Krall, Matthew",PRA_PAN,77,Right,800696,Prairie View,2024,171
"Maxie, Mason",PRA_PAN,72,Right,830823,Prairie View,2025,28
"Sandoval, Matthew",PRA_PAN,71,Right,1000079771,Prairie View,2023,148
"Medrano, Seve",PRA_PAN,72,Right,1000293573,Prairie View,2025,55
"Mendoza, Victor",PRA_PAN,70,Right,1000099790,Prairie View,2023,100
"Mendoza, Victor",PRA_PAN,72,Right,699839,Prairie View,2024,195
"Smith, Myles",PRA_PAN,71,Left,822049,Prairie View,2024,12
"Sanchez, Trace",PRA_PAN,77,Right,1000275088,Prairie View,2025,50
"Flood, Alex",PRE_BLH,75,Right,1000079862,Presbyterian,2023,40
"Barnett, Caden",PRE_BLH,76,Right,10025332,Presbyterian,2024,106
"Barnett, Caden",PRE_BLH,76,Right,10025332,Presbyterian,2025,169
"Cartee, Boone",PRE_BLH,74,Right,10028316,Presbyterian,2024,92
"Cartee, Boone",PRE_BLH,74,Right,10013167,Presbyterian,2025,188
"Bowery, Eli",PRE_BLH,75,Right,10033490,Presbyterian,2024,53
"Bowery, Eli",PRE_BLH,75,Right,10033490,Presbyterian,2025,149
"Chamberlin, Brooks",PRE_BLH,76,Right,1000146021,Presbyterian,2024,111
"Chamberlin, Brooks",PRE_BLH,76,Right,824451,Presbyterian,2025,134
"Payne, Carter",PRE_BLH,72,Right,10108781,Presbyterian,2025,423
"Charalambous, Christian",PRE_BLH,71,Left,10148257,Presbyterian,2024,182
"McDaniel, Charlie",PRE_BLH,75,Left,1000097860,Presbyterian,2023,272
"McDaniel, Charlie",PRE_BLH,75,Left,1000097860,Presbyterian,2024,1181
"Klepper, Colbey",PRE_BLH,76,Right,1000098621,Presbyterian,2023,132
"Eagen, Daniel",PRE_BLH,76,Right,1000120810,Presbyterian,2023,47
"Eagen, Daniel",PRE_BLH,76,Right,811666,Presbyterian,2024,814
"DiGiacomo, Fenix",PRE_BLH,77,Right,1000216495,Presbyterian,2024,916
"Howard, Duncan",PRE_BLH,75,Right,1000023421,Presbyterian,2023,271
"Farrar, William",PRE_BLH,74,Right,1000079863,Presbyterian,2023,113
"Fields, Jacob",PRE_BLH,69,Right,1000315888,Presbyterian,2025,446
"Gibson, Luke",PRE_BLH,72,Left,10019436,Presbyterian,2023,141
"Gibson, Luke",PRE_BLH,72,Left,1000246429,Presbyterian,2024,204
"Gibson, Luke",PRE_BLH,72,Left,1000246429,Presbyterian,2025,313
"Hampton, Jeremiah",PRE_BLH,73,Right,10104533,Presbyterian,2023,59
"Hampton, Jeremiah",PRE_BLH,73,Right,10104533,Presbyterian,2024,168
"Hampton, Jeremiah",PRE_BLH,73,Right,10104533,Presbyterian,2025,143
"Harrell, JJ",PRE_BLH,72,Left,10145974,Presbyterian,2025,533
"Hollister, Sean",PRE_BLH,76,Right,1000097172,Presbyterian,2023,150
"Hollister, Sean",PRE_BLH,76,Right,805611,Presbyterian,2024,676
"Hollister, Sean",PRE_BLH,76,Right,805611,Presbyterian,2025,791
"Mueller, Kyle",PRE_BLH,76,Right,10033458,Presbyterian,2023,138
"Mueller, Kyle",PRE_BLH,76,Right,803705,Presbyterian,2024,503
"Mueller, Kyle",PRE_BLH,76,Right,803705,Presbyterian,2025,677
"Ymker, Logan",PRE_BLH,80,Right,1000233764,Presbyterian,2023,111
"McDaniel, Mason",PRE_BLH,76,Left,10063427,Presbyterian,2023,88
"McDaniel, Mason",PRE_BLH,76,Left,10063427,Presbyterian,2024,111
"McDaniel, Mason",PRE_BLH,76,Left,10063427,Presbyterian,2025,337
"McGregor, Tristan",PRE_BLH,75,Right,824510,Presbyterian,2024,552
"McGregor, Tristan",PRE_BLH,75,Right,824510,Presbyterian,2025,866
"Mecchella, Tyler",PRE_BLH,75,Left,10111506,Presbyterian,2023,22
"Mecchella, Tyler",PRE_BLH,75,Left,10111506,Presbyterian,2024,10
"Nobles, William",PRE_BLH,74,Right,1000092556,Presbyterian,2023,16
"Saint, Yechiel",PRE_BLH,71,Right,1000120807,Presbyterian,2023,16
"Saint, Yechiel",PRE_BLH,71,Right,1000120807,Presbyterian,2024,325
"Saint, Yechiel",PRE_BLH,71,Right,1000120807,Presbyterian,2025,347
"Smith, Tanner",PRE_BLH,74,Right,1000120809,Presbyterian,2023,107
"Smith, Tanner",PRE_BLH,74,Right,1000120809,Presbyterian,2024,313
"Williams, Tyrell",PRE_BLH,75,Right,10108260,Presbyterian,2025,707
"D'Alessio, Andrew",PRI_TIG,73,Right,10019928,Princeton,2023,655
"D'Alessio, Andrew",PRI_TIG,73,Right,1000235196,Princeton,2024,454
"D'Alessio, Andrew",PRI_TIG,73,Right,1000235196,Princeton,2025,801
"Baldrate, Jackson",PRI_TIG,74,Left,10132681,Princeton,2024,316
"Baldrate, Jackson",PRI_TIG,74,Left,10132681,Princeton,2025,383
"Beasley, James",PRI_TIG,79,Right,1000318512,Princeton,2025,228
"MacDonald, Caden",PRI_TIG,73,Left,10044751,Princeton,2023,126
"Shapiro, Caden",PRI_TIG,72,Left,683345,Princeton,2024,194
"Chmielewski, Tom",PRI_TIG,74,Left,1000103288,Princeton,2023,750
"Eaton, Elliott",PRI_TIG,77,Right,10108654,Princeton,2024,422
"Eaton, Elliott",PRI_TIG,77,Right,10108654,Princeton,2025,532
"Emus, Jackson",PRI_TIG,77,Right,1000080432,Princeton,2023,760
"Episcope, Sean",PRI_TIG,72,Right,10012525,Princeton,2024,380
"Episcope, Sean",PRI_TIG,72,Right,10012525,Princeton,2025,234
"Hoefer, Eric",PRI_TIG,74,Left,1000057116,Princeton,2023,76
"Hsu, Ethan",PRI_TIG,76,Right,1000222081,Princeton,2023,38
"Hsu, Ethan",PRI_TIG,76,Right,1000222081,Princeton,2024,284
"Hsu, Ethan",PRI_TIG,76,Right,1000222081,Princeton,2025,101
"Faulkner, Jacob",PRI_TIG,73,Right,1000052071,Princeton,2023,594
"Faulkner, Jacob",PRI_TIG,73,Right,1000052071,Princeton,2024,481
"Faulkner, Jacob",PRI_TIG,73,Right,,Princeton,2025,939
"Ferrer-Westrop, Richard",PRI_TIG,74,Right,1000122142,Princeton,2024,280
"Ferrer-Westrop, Richard",PRI_TIG,74,Right,1000122142,Princeton,2025,234
"Gilman, Kasey",PRI_TIG,71,Right,10027794,Princeton,2024,107
"Jarvis, Patrick",PRI_TIG,73,Right,10018810,Princeton,2024,110
"Jarvis, Patrick",PRI_TIG,73,Right,10018810,Princeton,2025,70
"Ramirez, Jason",PRI_TIG,71,Right,10016288,Princeton,2023,106
"Ramirez, Jason",PRI_TIG,71,Right,1000235195,Princeton,2024,323
"Kim, Justin",PRI_TIG,72,Right,1000222086,Princeton,2023,580
"Kim, Justin",PRI_TIG,72,Right,1000222086,Princeton,2024,346
"Kim, Justin",PRI_TIG,72,Right,1000222086,Princeton,2025,796
"Kram, Kaden",PRI_TIG,73,Right,10018922,Princeton,2025,463
"Kinneen, Liam",PRI_TIG,76,Right,1000378182,Princeton,2025,1010
"Scannell, Matt",PRI_TIG,72,Left,10016943,Princeton,2023,268
"Scannell, Matt",PRI_TIG,72,Left,814411,Princeton,2024,54
"Zdimal, Max",PRI_TIG,72,Left,10028123,Princeton,2023,32
"Zdimal, Max",PRI_TIG,72,Left,10028123,Princeton,2024,247
"Zdimal, Max",PRI_TIG,72,Left,10028123,Princeton,2025,215
"Shenefelt, Nick",PRI_TIG,74,Right,1000149411,Princeton,2025,233
"Rabin, Reece",PRI_TIG,73,Left,1000057118,Princeton,2023,374
"Pearson, Aidan",FOR_MAS,72,Left,1000170778,Purdue Fort Wayne,2025,205
"Pearson, Aidan",PUR_FOR,72,Left,1000170778,Purdue Fort Wayne,2025,63
"Lemmon, Blake",PUR_FOR,74,Right,1000090814,Purdue Fort Wayne,2024,9
"Reid, Brendan",FOR_MAS,71,Right,1000058827,Purdue Fort Wayne,2023,22
"Fine, Brody",PUR_FOR,76,Right,1000218499,Purdue Fort Wayne,2023,63
"Fine, Brody",FOR_MAS,76,Right,1000218499,Purdue Fort Wayne,2024,201
"Fine, Brody",PUR_FOR,76,Right,1000218499,Purdue Fort Wayne,2024,268
"Sailors, Brooks",FOR_MAS,73,Right,1000116015,Purdue Fort Wayne,2024,8
"Sailors, Brooks",PUR_FOR,73,Right,1000116015,Purdue Fort Wayne,2024,69
"Martens, Bryce",PUR_FOR,72,Right,1000119946,Purdue Fort Wayne,2023,59
"Martens, Bryce",FOR_MAS,72,Right,1000119946,Purdue Fort Wayne,2025,47
"Martens, Bryce",PUR_FOR,72,Right,1000119946,Purdue Fort Wayne,2025,17
"Cornett, Caden",FOR_MAS,77,Right,1000180434,Purdue Fort Wayne,2025,10
"Caudill, Carson",FOR_MAS,75,Right,10010143,Purdue Fort Wayne,2024,97
"Caudill, Carson",PUR_FOR,75,Right,10010143,Purdue Fort Wayne,2024,158
"Caudill, Carson",FOR_MAS,75,Right,828302,Purdue Fort Wayne,2025,101
"Orner, Carter",FOR_MAS,79,Right,1000170785,Purdue Fort Wayne,2025,132
"Sabol, Carter",FOR_MAS,81,Right,1000181292,Purdue Fort Wayne,2024,195
"Sabol, Carter",PUR_FOR,81,Right,1000181292,Purdue Fort Wayne,2024,275
"Chrapliwy, Joe",FOR_MAS,74,Right,10084888,Purdue Fort Wayne,2025,76
"Newell, Cole",FOR_MAS,76,Right,1000270884,Purdue Fort Wayne,2025,136
"Madsen, Dalton",PUR_FOR,75,Right,1000119960,Purdue Fort Wayne,2024,27
"Danielson, Zane",FOR_MAS,79,Left,828380,Purdue Fort Wayne,2025,352
"Deany, JD",PUR_FOR,72,Right,1000119968,Purdue Fort Wayne,2023,111
"Fischer, Dillon",FOR_MAS,77,Right,1000346903,Purdue Fort Wayne,2025,395
"Evans, Drew",FOR_MAS,75,Left,10300636,Purdue Fort Wayne,2024,86
"Evans, Drew",PUR_FOR,75,Left,10300636,Purdue Fort Wayne,2024,159
"Evans, Drew",FOR_MAS,75,Left,10300636,Purdue Fort Wayne,2025,7
"Evans, Drew",PUR_FOR,75,Left,10300636,Purdue Fort Wayne,2025,19
"Tencza, Eli",FOR_MAS,73,Right,1000128665,Purdue Fort Wayne,2023,18
"Hayden, Enas",FOR_MAS,75,Right,7264,Purdue Fort Wayne,2023,34
"Fee, Kevin",PUR_FOR,77,Right,1000074897,Purdue Fort Wayne,2023,36
"Fee, Kevin",FOR_MAS,77,Right,1000074897,Purdue Fort Wayne,2024,75
"Fee, Kevin",PUR_FOR,77,Right,1000074897,Purdue Fort Wayne,2024,201
"Garland, Sam",PUR_FOR,72,Right,1000218502,Purdue Fort Wayne,2024,31
"Garland, Sam",FOR_MAS,72,Right,1000218502,Purdue Fort Wayne,2025,15
"Garland, Sam",PUR_FOR,72,Right,1000218502,Purdue Fort Wayne,2025,23
"Walters, Gavin",FOR_MAS,74,Right,1000164080,Purdue Fort Wayne,2025,382
"Greenwood, Tyson",FOR_MAS,74,Left,1000309415,Purdue Fort Wayne,2025,103
"Greenwood, Tyson",PUR_FOR,74,Left,1000309415,Purdue Fort Wayne,2025,29
"Myer, Jacob",FOR_MAS,76,Left,1000119966,Purdue Fort Wayne,2023,17
"Myer, Jacob",PUR_FOR,76,Left,1000119966,Purdue Fort Wayne,2023,71
"Kuhns, Josh",FOR_MAS,75,Right,1000095976,Purdue Fort Wayne,2024,30
"Kuhns, Josh",PUR_FOR,75,Right,1000095976,Purdue Fort Wayne,2024,264
"Kasper, Sean",FOR_MAS,74,Right,10068821,Purdue Fort Wayne,2024,123
"Kasper, Sean",PUR_FOR,74,Right,10068821,Purdue Fort Wayne,2024,201
"Kasper, Sean",FOR_MAS,74,Right,10068821,Purdue Fort Wayne,2025,29
"Maurer, Kyle",FOR_MAS,73,Right,1000218494,Purdue Fort Wayne,2023,15
"Maurer, Kyle",PUR_FOR,73,Right,1000218494,Purdue Fort Wayne,2023,18
"Maurer, Kyle",PUR_FOR,73,Right,1000218494,Purdue Fort Wayne,2024,28
"McEnulty, Leo",FOR_MAS,74,Right,1000209438,Purdue Fort Wayne,2025,26
"Luke, Mark",FOR_MAS,76,Right,1000072798,Purdue Fort Wayne,2025,69
"Murphy, Trent",FOR_MAS,76,Right,1000374750,Purdue Fort Wayne,2025,254
"Nagy, Theo",FOR_MAS,76,Left,1000161939,Purdue Fort Wayne,2025,44
"Willard, Owen",FOR_MAS,72,Right,1000095929,Purdue Fort Wayne,2023,19
"Willard, Owen",FOR_MAS,72,Right,1000095929,Purdue Fort Wayne,2024,71
"Willard, Owen",PUR_FOR,72,Right,1000095929,Purdue Fort Wayne,2024,141
"Willard, Owen",FOR_MAS,72,Right,1000095929,Purdue Fort Wayne,2025,137
"Stills, Rex",PUR_FOR,76,Right,1000095864,Purdue Fort Wayne,2023,80
"Stills, Rex",FOR_MAS,76,Right,1000095864,Purdue Fort Wayne,2025,163
"Quezada, Adrian",QUN_RYL,74,Right,1000376074,Queens (NC),2025,214
"White, Andrew",QUN_RYL,76,Right,1000258556,Queens (NC),2024,196
"White, Andrew",QUN_RYL,76,Right,1000258556,Queens (NC),2025,248
"Ghuliani, Arnav",QUN_RYL,73,Left,1000167674,Queens (NC),2024,42
"Bagwell, Daniel",QUN_RYL,73,Right,1000058177,Queens (NC),2023,230
"Bennett, Isaiah",QUN_RYL,73,Right,1000013186,Queens (NC),2023,107
"Bennett, Isaiah",QUN_RYL,73,Right,1000013186,Queens (NC),2024,196
"Efird, Blake",QUN_RYL,76,Right,1000215450,Queens (NC),2024,88
"Efird, Blake",QUN_RYL,76,Right,1000215450,Queens (NC),2025,147
"Dahlman, Brandon",QUN_RYL,71,Right,1000215449,Queens (NC),2023,93
"McFadden, Brodie",QUN_RYL,73,Right,1000398193,Queens (NC),2025,71
"Brooker, Jack",QUN_RYL,72,Right,1000144910,Queens (NC),2024,217
"Brooker, Jack",QUN_RYL,72,Right,824446,Queens (NC),2025,328
"Brown, Ryan",QUN_RYL,73,Right,828304,Queens (NC),2025,349
"Magill, Carson",QUN_RYL,70,Right,815452,Queens (NC),2024,287
"Cullen, Tanner",QUN_RYL,72,Right,10100538,Queens (NC),2024,119
"Westfall, Derek",QUN_RYL,69,Right,813385,Queens (NC),2024,8
"Westfall, Derek",QUN_RYL,69,Right,813385,Queens (NC),2025,341
"Vandenbosch, Evan",QUN_RYL,76,Left,1000215446,Queens (NC),2023,51
"Green, Kensen",QUN_RYL,70,Left,828301,Queens (NC),2025,58
"Kopalchick, Isaac",QUN_RYL,80,Right,1000189235,Queens (NC),2024,94
"Renaud, Jack",QUN_RYL,77,Right,10056931,Queens (NC),2024,310
"Renaud, Jack",QUN_RYL,77,Right,824527,Queens (NC),2025,292
"Maidhof, Jeffery",QUN_RYL,75,Right,1000215452,Queens (NC),2023,212
"Joseph, Johnny",QUN_RYL,73,Right,10130876,Queens (NC),2024,156
"Joseph, Johnny",QUN_RYL,73,Right,824493,Queens (NC),2025,155
"Rodriguez, Joseph",QUN_RYL,72,Right,1000059232,Queens (NC),2023,76
"Rodriguez, Joseph",QUN_RYL,72,Right,1000059232,Queens (NC),2024,282
"Jurecka, Landry",QUN_RYL,74,Right,1000112511,Queens (NC),2024,308
"Jurecka, Landry",QUN_RYL,74,Right,1000112511,Queens (NC),2025,428
"Offschanka, Justin ",QUN_RYL,76,Right,1000054662,Queens (NC),2023,189
"Yamagishi, Kei",QUN_RYL,72,Right,1000133417,Queens (NC),2023,188
"Kelly, Zach",QUN_RYL,72,Right,1000058210,Queens (NC),2023,207
"Schmitt, Logan",QUN_RYL,72,Right,1000024952,Queens (NC),2024,338
"Schmitt, Logan",QUN_RYL,72,Right,1000024952,Queens (NC),2025,139
"Pile, Marshall",QUN_RYL,77,Right,1000215451,Queens (NC),2023,110
"Pile, Marshall",QUN_RYL,77,Right,1000215451,Queens (NC),2025,21
"Zenus, Aaron",QUI_BOB,73,Right,1000221086,Quinnipiac,2023,40
"Zenus, Aaron",QUI_BOB,73,Right,1000221086,Quinnipiac,2024,233
"Cubberly, Andrew",QUI_BOB,76,Right,1000120917,Quinnipiac,2024,24
"Rubayo, Andrew",QUI_BOB,79,Right,1000236633,Quinnipiac,2023,124
"Rubayo, Andrew",QUI_BOB,79,Right,1000236633,Quinnipiac,2024,36
"Rubayo, Andrew",QUI_BOB,79,Right,1000236633,Quinnipiac,2025,239
"Blaisdell, Tim",QUI_BOB,75,Right,1000055273,Quinnipiac,2023,92
"Leighton, Brett",QUI_BOB,69,Right,1000301990,Quinnipiac,2024,69
"Nilsen, Christian",QUI_BOB,76,Right,1000142895,Quinnipiac,2025,72
"Craska, Frank",QUI_BOB,74,Right,1000057477,Quinnipiac,2024,67
"Jasek, Evan",QUI_BOB,72,Right,1000138995,Quinnipiac,2023,33
"Jasek, Evan",QUI_BOB,72,Right,1000138995,Quinnipiac,2024,29
"Fahan, James",QUI_BOB,73,Right,10109546,Quinnipiac,2024,1
"Fahan, James",QUI_BOB,73,Right,10109546,Quinnipiac,2025,18
"Favieri, Sam",QUI_BOB,72,Right,1000083999,Quinnipiac,2024,206
"Franconere, JC",QUI_BOB,74,Left,1000167064,Quinnipiac,2025,162
"Gannon, Jack",QUI_BOB,76,Right,1000149820,Quinnipiac,2024,197
"Gannon, Jack",QUI_BOB,76,Right,1000352880,Quinnipiac,2025,196
"Seibel, Griffin",QUI_BOB,73,Right,1000139700,Quinnipiac,2025,199
"Hutchinson, Ryan",QUI_BOB,73,Right,1000120931,Quinnipiac,2023,55
"Hutchinson, Ryan",QUI_BOB,73,Right,1000120931,Quinnipiac,2024,103
"Hutchinson, Ryan",QUI_BOB,73,Right,1000120931,Quinnipiac,2025,113
"Kabel, Jack",QUI_BOB,71,Left,1000230356,Quinnipiac,2024,207
"Kabel, Jack",QUI_BOB,71,Left,1000230356,Quinnipiac,2025,177
"Knox, Johnny",QUI_BOB,70,Right,1000150385,Quinnipiac,2025,48
"Lajoie, Josh",QUI_BOB,72,Right,810069,Quinnipiac,2025,413
"Seitter, Kevin",QUI_BOB,73,Right,1000079840,Quinnipiac,2023,139
"Manelski, Skyler",QUI_BOB,74,Right,1000265096,Quinnipiac,2024,76
"Ulsh, Mason",QUI_BOB,69,Right,1000120926,Quinnipiac,2023,103
"Ulsh, Mason",QUI_BOB,69,Right,1000120926,Quinnipiac,2024,226
"O'Connell, Ryan",QUI_BOB,78,Right,822480,Quinnipiac,2025,158
"Wright, Sam",QUI_BOB,74,Right,10130626,Quinnipiac,2025,294
"Swenson, Sean",QUI_BOB,75,Right,1000091043,Quinnipiac,2024,218
"Steinhaus, Andrew",RAD_HIG,75,Right,813289,Radford,2024,344
"Steinhaus, Andrew",RAD_HIG,75,Right,813289,Radford,2025,746
"Arnett, Noah",RAD_HIG,75,Right,1000306754,Radford,2025,201
"Keefe, Ben",RAD_HIG,74,Left,274617,Radford,2023,191
"Keefe, Ben",RAD_HIG,74,Left,1000243590,Radford,2024,148
"Keefe, Ben",RAD_HIG,74,Left,1000243590,Radford,2025,581
"Nace, Breckin",RAD_HIG,76,Left,10139818,Radford,2024,181
"Nace, Breckin",RAD_HIG,76,Left,10139818,Radford,2025,394
"Calveric, Luke",RAD_HIG,78,Right,1000138611,Radford,2023,60
"Seabrooke, Carter",RAD_HIG,72,Left,1000128679,Radford,2023,82
"Seabrooke, Carter",RAD_HIG,72,Left,1000128679,Radford,2024,245
"Clatterbaugh, Clay",RAD_HIG,77,Right,1000116766,Radford,2023,148
"Clatterbaugh, Clay",RAD_HIG,77,Right,1000116766,Radford,2024,163
"Clatterbaugh, Clay",RAD_HIG,77,Right,1000116766,Radford,2025,117
"Williams, Collin",RAD_HIG,71,Left,10149503,Radford,2023,50
"Sande, David",RAD_HIG,73,Right,1000136060,Radford,2024,88
"Stanley, Drew",RAD_HIG,74,Right,1000075490,Radford,2024,573
"Stanley, Drew",RAD_HIG,74,Right,1000075490,Radford,2025,722
"Howard, Dylan",RAD_HIG,74,Right,1000116341,Radford,2023,302
"Howard, Dylan",RAD_HIG,74,Right,1000116341,Radford,2024,957
"Parks, Eli",RAD_HIG,71,Left,10078817,Radford,2024,154
"Flanagan, William",RAD_HIG,75,Right,1000084711,Radford,2024,76
"Flicek, Jacob",RAD_HIG,69,Right,1000241951,Radford,2023,233
"Flicek, Jacob",RAD_HIG,69,Right,1000241951,Radford,2024,69
"Seitz, Foster",RAD_HIG,72,Right,1000116772,Radford,2023,287
"Kadlecik, Gannon",RAD_HIG,72,Left,1000116777,Radford,2023,204
"Hage, Wyatt",RAD_HIG,72,Right,10158328,Radford,2023,16
"Hage, Wyatt ",RAD_HIG,72,Right,10158328,Radford,2023,92
"Hatcher, Mason",RAD_HIG,74,Right,824483,Radford,2025,190
"Higgerson, Landon",RAD_HIG,74,Right,1000098085,Radford,2023,302
"Howard, Hunter",RAD_HIG,74,Right,828410,Radford,2025,223
"Hubbard, Ian",RAD_HIG,72,Left,10071315,Radford,2025,11
"Irizarry, Jordan",RAD_HIG,72,Left,1000191951,Radford,2024,390
"Mcdonald, Jack",RAD_HIG,70,Right,1000171555,Radford,2025,142
"Kehoe, Jaxon",RAD_HIG,70,Right,10090698,Radford,2025,408
"Lovelace, Jimmy",RAD_HIG,73,Right,10148871,Radford,2024,283
"Lovelace, Jimmy",RAD_HIG,73,Right,10148871,Radford,2025,11
"Milleville, Joshua",RAD_HIG,71,Right,1000119735,Radford,2025,498
"Ladd, Raymond",RAD_HIG,78,Right,811685,Radford,2024,638
"Ladd, Raymond",RAD_HIG,78,Right,811685,Radford,2025,215
"Lefevers, Matthew",RAD_HIG,76,Right,10071404,Radford,2025,188
"Ludy, Trey",RAD_HIG,73,Right,815168,Radford,2024,252
"Ludy, Trey",RAD_HIG,73,Right,815168,Radford,2025,511
"VonGoedert, Luke",RAD_HIG,75,Left,1000116803,Radford,2023,233
"Self, Mason",RAD_HIG,75,Right,814843,Radford,2024,107
"Self, Mason",RAD_HIG,75,Right,814843,Radford,2025,227
"Petit, Nick",RAD_HIG,75,Right,1000268577,Radford,2024,346
"Petit, Nick",RAD_HIG,75,Right,1000268577,Radford,2025,218
"Toole, Noah",RAD_HIG,73,Right,824575,Radford,2025,165
"Rice, Will",RAD_HIG,72,Right,1000268580,Radford,2024,118
"Rice, Will",RAD_HIG,72,Right,1000268580,Radford,2025,216
"Rouse, Scott",RAD_HIG,72,Right,1000133849,Radford,2023,23
"Rouse, Scott",RAD_HIG,72,Right,1000133849,Radford,2024,1046
"Way, Trey",RAD_HIG,70,Right,703480,Radford,2025,123
"Aikens, Parker",RHO_RAM,73,Left,10149580,Rhode Island,2025,335
"Jones, AJ",RHO_RAM,72,Right,1000305416,Rhode Island,2024,440
"Jones, AJ",RHO_RAM,72,Right,1000305416,Rhode Island,2025,390
"Andrade, Ryan",RHO_RAM,73,Right,1000121032,Rhode Island,2023,191
"Asencio, Dorsy",RHO_RAM,74,Right,1000149796,Rhode Island,2025,436
"Brutti, Bo",RHO_RAM,74,Right,1000084034,Rhode Island,2023,81
"Perry, Braeden",RHO_RAM,75,Right,1000191401,Rhode Island,2023,350
"Perry, Braeden",RHO_RAM,75,Right,1000191401,Rhode Island,2025,591
"Hsu, Brandon",RHO_RAM,69,Right,1000121044,Rhode Island,2023,30
"Hsu, Brandon",RHO_RAM,69,Right,1000121044,Rhode Island,2024,202
"Hsu, Brandon",RHO_RAM,69,Right,1000121044,Rhode Island,2025,256
"French, Broc",RHO_RAM,74,Left,1000097881,Rhode Island,2023,78
"Levin, Brody",RHO_RAM,70,Right,1000077124,Rhode Island,2025,70
"Carroll, Cole",RHO_RAM,69,Right,290030,Rhode Island,2023,4
"Clark, Quincy",RHO_RAM,75,Right,1000084035,Rhode Island,2023,103
"Maloney, Colin",RHO_RAM,71,Right,279855,Rhode Island,2023,59
"Maloney, Colin",RHO_RAM,72,Right,10305263,Rhode Island,2024,141
"Maloney, Colin",RHO_RAM,72,Right,10305263,Rhode Island,2025,74
"Corcoran, Connor",RHO_RAM,74,Right,1000305417,Rhode Island,2024,37
"Grotyohann, Connor",RHO_RAM,77,Right,10027799,Rhode Island,2023,17
"Grotyohann, Connor",RHO_RAM,77,Right,1000242930,Rhode Island,2024,410
"Johnston, Connor",RHO_RAM,75,Right,1000215980,Rhode Island,2023,34
"Johnston, Connor",RHO_RAM,75,Right,1000215980,Rhode Island,2024,384
"Johnston, Connor",RHO_RAM,75,Right,1000215980,Rhode Island,2025,390
"Savedoff, Corey",RHO_RAM,74,Right,1000121042,Rhode Island,2023,10
"Crowley, Gavin",RHO_RAM,73,Right,1000121043,Rhode Island,2023,21
"Cullen, Jake",RHO_RAM,74,Right,1000152846,Rhode Island,2025,767
"Mahan, Ethan",RHO_RAM,72,Left,1000296109,Rhode Island,2024,89
"Maloney, Evan",RHO_RAM,76,Right,813408,Rhode Island,2024,531
"Maloney, Evan",RHO_RAM,76,Right,813408,Rhode Island,2025,76
"Fernandez, Zach",RHO_RAM,72,Right,1000084002,Rhode Island,2023,75
"Fernandez, Zach",RHO_RAM,73,Right,1000084002,Rhode Island,2024,336
"Foster, Jake",RHO_RAM,72,Right,1000215981,Rhode Island,2024,84
"Heon, Kenny",RHO_RAM,73,Right,1000305420,Rhode Island,2024,374
"Hughes , Tommy",RHO_RAM,74,Right,1000103266,Rhode Island,2024,230
"Hughes, Tommy",RHO_RAM,74,Right,1000103266,Rhode Island,2024,115
"Urena, Jeremy",RHO_RAM,72,Right,43310,Rhode Island,2023,104
"Urena, Jeremy",RHO_RAM,72,Right,1000242927,Rhode Island,2024,521
"Urena, Jeremy",RHO_RAM,72,Right,1000242927,Rhode Island,2025,912
"Morrison, Jon",RHO_RAM,76,Right,1000084023,Rhode Island,2023,75
"Kopetski, Josh",RHO_RAM,72,Left,10109174,Rhode Island,2024,212
"Kopetski, Josh",RHO_RAM,72,Left,10109174,Rhode Island,2025,380
"Levesque, Trystan",RHO_RAM,70,Left,1000063964,Rhode Island,2023,341
"Levesque, Trystan",RHO_RAM,70,Left,1000063964,Rhode Island,2024,18
"Levesque, Trystan",RHO_RAM,70,Left,1000063964,Rhode Island,2025,1117
"Santos, Manny",RHO_RAM,70,Right,1000390700,Rhode Island,2025,375
"Morris, Zach",RHO_RAM,72,Right,1000305422,Rhode Island,2024,100
"Morris, Zach",RHO_RAM,72,Right,1000305422,Rhode Island,2025,324
"Thompson, Ryan",RHO_RAM,75,Right,10108321,Rhode Island,2025,43
"Sposato, Sean",RHO_RAM,73,Right,1000084008,Rhode Island,2023,140
"Sposato, Sean",RHO_RAM,73,Right,1000084008,Rhode Island,2024,662
"Alch, Tucker",RIC_OWL,77,Right,825311,Rice,2024,542
"Alch, Tucker",RIC_OWL,77,Right,825311,Rice,2025,730
"Atchley, Ethan",RIC_OWL,72,Right,831158,Rice,2025,132
"Eppley, Austin",RIC_OWL,73,Right,812414,Rice,2025,141
"Baker, Von",RIC_OWL,78,Right,1000122024,Rice,2025,434
"Ben-Shoshan, Jack",RIC_OWL,72,Right,1000112338,Rice,2023,328
"Ben-Shoshan, Jack",RIC_OWL,72,Right,809782,Rice,2024,190
"Ben-Shoshan, Jack",RIC_OWL,72,Right,809782,Rice,2025,608
"Brown, Blaine",RIC_OWL,75,Left,825579,Rice,2025,160
"Brogdon, Blake",RIC_OWL,74,Right,1000056593,Rice,2023,277
"Blank, Jackson",RIC_OWL,74,Right,825313,Rice,2024,301
"Blank, Jackson",RIC_OWL,74,Right,825313,Rice,2025,641
"Williams, Caleb",RIC_OWL,74,Right,825312,Rice,2025,51
"Cienfuegos, Cristian",RIC_OWL,69,Right,1000050989,Rice,2023,305
"Hickson, Davion",RIC_OWL,74,Right,1000093785,Rice,2024,603
"Hickson, Davion",RIC_OWL,74,Right,701336,Rice,2025,969
"Davis, Micah",RIC_OWL,75,Right,695279,Rice,2025,76
"Fernandez, Robert",RIC_OWL,72,Right,1000247763,Rice,2024,301
"Fernandez, Robert",RIC_OWL,72,Right,803347,Rice,2025,186
"Fuentes, Marco",RIC_OWL,74,Right,702647,Rice,2025,278
"Gallant, Reed",RIC_OWL,73,Right,700046,Rice,2024,27
"Gallant, Reed",RIC_OWL,73,Right,700046,Rice,2025,478
"Stratton, Garrett",RIC_OWL,74,Right,1000113603,Rice,2023,194
"Stratton, Garrett",RIC_OWL,74,Right,809784,Rice,2024,354
"Stratton, Garrett",RIC_OWL,74,Right,809784,Rice,2025,605
"Zaskoda, Garret",RIC_OWL,72,Right,1000097541,Rice,2023,300
"Hamilton, Tyler",RIC_OWL,73,Right,1000075845,Rice,2023,407
"Hamilton, Tyler",RIC_OWL,73,Right,699551,Rice,2024,393
"Mayo, Jackson",RIC_OWL,74,Left,10157063,Rice,2024,165
"Melvin, Jake",RIC_OWL,76,Right,10111186,Rice,2024,40
"McCracken, JD",RIC_OWL,75,Left,1000072770,Rice,2023,944
"McCracken, J.D.",RIC_OWL,75,Left,695693,Rice,2024,1104
"McCracken, J.D.",RIC_OWL,75,Left,695693,Rice,2025,776
"Long, Justin",RIC_OWL,73,Right,1000097517,Rice,2023,616
"Ralamb, Karl",RIC_OWL,76,Right,825306,Rice,2024,260
"Keo, Maddox",RIC_OWL,69,Left,831152,Rice,2025,221
"Raj, Krishna",RIC_OWL,74,Right,8885529,Rice,2023,573
"West, Landon",RIC_OWL,75,Right,10013979,Rice,2024,3
"Linskey, Matthew",RIC_OWL,79,Right,1000097546,Rice,2023,582
"Perkins, Mark",RIC_OWL,73,Right,1000112340,Rice,2023,189
"Perkins, Mark",RIC_OWL,73,Right,809791,Rice,2024,247
"Perkins, Mark",RIC_OWL,73,Right,809791,Rice,2025,147
"Rheaume, Matthew",RIC_OWL,77,Right,1000113711,Rice,2024,50
"Rheaume, Matthew",RIC_OWL,77,Right,825308,Rice,2025,26
"Zatopek, Matt",RIC_OWL,75,Right,831162,Rice,2025,227
"Rodriguez, Mauricio",RIC_OWL,74,Right,1000187644,Rice,2023,331
"Rodriguez, Mauricio",RIC_OWL,74,Right,700479,Rice,2024,469
"Roycraft, Nolan",RIC_OWL,77,Left,831160,Rice,2025,309
"Smith, Parker",RIC_OWL,76,Right,1000112341,Rice,2023,1026
"Smith, Parker",RIC_OWL,76,Right,809789,Rice,2024,997
"Urbanczyk, Ryland",RIC_OWL,73,Right,1000187645,Rice,2023,416
"Urbanczyk, Ryland",RIC_OWL,73,Right,809788,Rice,2024,389
"Vincent, Tom",RIC_OWL,75,Left,1000104370,Rice,2023,335
"Vincent, Tom",RIC_OWL,75,Left,700578,Rice,2024,384
"Vincent, Tom",RIC_OWL,75,Left,700578,Rice,2025,50
"Mathes, Alden",RIC_SPI,72,Left,1000078940,Richmond,2023,179
"Anderson, Matthew",RIC_SPI,78,Right,1000123610,Richmond,2023,159
"Anderson, Matthew",RIC_SPI,78,Right,1000123610,Richmond,2024,382
"Santiago-Cruz, Angel",RIC_SPI,74,Right,1000115737,Richmond,2025,110
"Argomaniz, Brenden",RIC_SPI,73,Right,1000068734,Richmond,2023,777
"Armson, Dane",RIC_SPI,77,Right,1000048928,Richmond,2023,249
"Armson, Dane",RIC_SPI,77,Right,1000048928,Richmond,2024,383
"Armson, Dane",RIC_SPI,77,Right,1000048928,Richmond,2025,127
"Bilka, Ryan",RIC_SPI,73,Right,1000215854,Richmond,2025,684
"Reinke, Brian",RIC_SPI,73,Left,10075448,Richmond,2023,261
"Reinke, Brian",RIC_SPI,73,Left,10075448,Richmond,2024,720
"Reinke, Brian",RIC_SPI,73,Left,10075448,Richmond,2025,468
"Weirather, Brock",RIC_SPI,73,Right,1000123596,Richmond,2023,953
"Topolski, Chase",RIC_SPI,73,Right,10033769,Richmond,2023,240
"Topolski, Chase",RIC_SPI,73,Right,10033769,Richmond,2024,179
"Topolski, Chase",RIC_SPI,74,Right,1000222089,Richmond,2025,520
"Clifton, Harrison",RIC_SPI,74,Left,1000101318,Richmond,2023,359
"Clifton, Harrison",RIC_SPI,74,Left,1000101318,Richmond,2024,430
"Hentschel, Cole",RIC_SPI,69,Left,1000101320,Richmond,2023,106
"Hentschel, Cole",RIC_SPI,69,Left,1000101320,Richmond,2024,461
"Corso, Vincent",RIC_SPI,72,Right,1000101319,Richmond,2023,311
"Corso, Vincent",RIC_SPI,72,Right,1000101319,Richmond,2024,494
"Wallon, Davis",RIC_SPI,72,Right,10031129,Richmond,2024,262
"Wallon, Davis",RIC_SPI,73,Right,10031129,Richmond,2025,13
"Duarte, Sawyer",RIC_SPI,70,Right,1000156244,Richmond,2025,76
"Siesky, Dylan",RIC_SPI,72,Right,1000119912,Richmond,2025,202
"Rodriguez, Esteban",RIC_SPI,72,Right,1000090884,Richmond,2025,979
"Sannes, Ethan",RIC_SPI,75,Right,1000251185,Richmond,2024,283
"Peacock, Gerry",RIC_SPI,75,Right,1000139416,Richmond,2025,332
"Gersky, Will",RIC_SPI,76,Right,1000123614,Richmond,2023,16
"Gipson, Shane",RIC_SPI,72,Right,1000123613,Richmond,2023,6
"Smith, Glenn",RIC_SPI,70,Right,10103561,Richmond,2025,316
"Heney, Kellan",RIC_SPI,74,Left,10109782,Richmond,2025,88
"Hill, Hugh",RIC_SPI,76,Left,1000278142,Richmond,2025,30
"Hinchliffe, Jackson",RIC_SPI,72,Right,1000327422,Richmond,2024,265
"Hinchliffe, Jackson",RIC_SPI,72,Right,1000327422,Richmond,2025,361
"Kraemer, Jackson",RIC_SPI,74,Right,805593,Richmond,2024,318
"Kraemer, Jackson",RIC_SPI,74,Right,805593,Richmond,2025,109
"Michel, Jake",RIC_SPI,77,Right,1000097834,Richmond,2023,479
"Topolski, Jake",RIC_SPI,72,Left,1000049082,Richmond,2023,16
"Young, Jake",RIC_SPI,72,Left,1000297152,Richmond,2024,133
"Shockley, Jason",RIC_SPI,75,Right,1000126649,Richmond,2024,76
"Shockley, Jason",RIC_SPI,75,Right,1000126649,Richmond,2025,310
"Neff, Jeremy",RIC_SPI,75,Left,1000051694,Richmond,2023,512
"Starnes, Jimmy",RIC_SPI,72,Right,1000013222,Richmond,2023,230
"Willitts, Josh",RIC_SPI,75,Right,1000101315,Richmond,2023,140
"Willitts, Josh",RIC_SPI,75,Right,1000101315,Richmond,2025,78
"Roche, Kyle",RIC_SPI,80,Right,1000121553,Richmond,2024,970
"Subers, Kyle",RIC_SPI,74,Right,1000140857,Richmond,2023,572
"Ymker, Logan",RIC_SPI,80,Right,1000233764,Richmond,2024,642
"Witkop, Paul",RIC_SPI,74,Right,1000185220,Richmond,2025,83
"Rigot, Tyler",RIC_SPI,74,Left,1000050810,Richmond,2025,379
"Senders, Sammy",RIC_SPI,69,Left,1000055401,Richmond,2023,27
"Young, Sam",RIC_SPI,74,Right,10105468,Richmond,2025,145
"Winzinger, Aaron",RID_BRO,75,Right,10063265,Rider,2024,62
"Aiello, Christian",RID_BRO,71,Left,10111282,Rider,2023,182
"Aiello, Christian",RID_BRO,71,Left,1000239316,Rider,2024,356
"Sachais, Alec",RID_BRO,73,Right,1000079536,Rider,2023,168
"Alloway, Gavin",RID_BRO,74,Right,1000191263,Rider,2023,21
"Alloway, Gavin",RID_BRO,74,Right,1000191263,Rider,2024,103
"Alloway, Gavin",RID_BRO,74,Right,1000191263,Rider,2025,133
"Batt, Kyle",RID_BRO,72,Right,1000249842,Rider,2025,114
"Young, Brian",RID_BRO,72,Left,1000137214,Rider,2023,278
"Young, Brian",RID_BRO,72,Left,822453,Rider,2024,114
"Young, Brian",RID_BRO,72,Left,822453,Rider,2025,235
"Coombes, Christian",RID_BRO,74,Left,1000079898,Rider,2024,227
"Poliey, Clayton",RID_BRO,72,Right,1000103223,Rider,2023,132
"Poliey, Clayton",RID_BRO,72,Right,1000103223,Rider,2024,235
"Poliey, Clayton",RID_BRO,72,Right,1000103223,Rider,2025,163
"McNeely, Colby",RID_BRO,75,Right,1000191262,Rider,2023,16
"McNeely, Colby",RID_BRO,76,Right,1000191262,Rider,2024,164
"McNeely, Colby",RID_BRO,76,Right,1000191262,Rider,2025,154
"Craig, PJ",RID_BRO,76,Right,1000191265,Rider,2023,50
"Craig, PJ",RID_BRO,76,Right,1000191265,Rider,2024,235
"Craig, PJ",RID_BRO,76,Right,1000191265,Rider,2025,151
"Kirwin, Danny",RID_BRO,74,Right,1000059678,Rider,2023,229
"Doelling, Frank",RID_BRO,72,Left,1000079540,Rider,2023,287
"Heine, Dylan",RID_BRO,78,Right,1000051706,Rider,2023,318
"Papeo, Frank",RID_BRO,72,Left,1000390586,Rider,2025,196
"Gallagher, Will",RID_BRO,71,Right,10064962,Rider,2023,123
"Gallagher, Will",RID_BRO,71,Right,1000239314,Rider,2024,127
"Gallagher, Will",RID_BRO,71,Right,1000239314,Rider,2025,21
"Garton, Lucas",RID_BRO,76,Left,1000278565,Rider,2024,39
"Garton, Lucas",RID_BRO,76,Left,1000278565,Rider,2025,26
"Hawkes, Gavin",RID_BRO,70,Right,10031922,Rider,2023,19
"Hawkes, Gavin",RID_BRO,70,Right,10031922,Rider,2024,140
"Hawkes, Gavin",RID_BRO,70,Right,10031922,Rider,2025,41
"Greenzang, Jared",RID_BRO,74,Right,10031241,Rider,2024,103
"Greenzang, Jared",RID_BRO,74,Right,10031241,Rider,2025,26
"Ruditzky, Jack",RID_BRO,72,Right,1000390587,Rider,2025,270
"Silfies, Zach",RID_BRO,74,Right,1000065515,Rider,2025,151
"Goldan, Andrew",RUT_SCA,72,Right,1000213839,Rutgers,2023,41
"Rondini, Andrew",RUT_SCA,72,Right,10147663,Rutgers,2025,408
"Batista, Charles",RUT_SCA,76,Right,1000252282,Rutgers,2025,160
"Bello, Sam",RUT_SCA,75,Right,1000051218,Rutgers,2023,112
"Gorski, Ben ",RUT_SCA,74,Right,1000101250,Rutgers,2023,268
"Gorski, Ben",RUT_SCA,74,Right,1000101250,Rutgers,2023,14
"Gorski, Ben",RUT_SCA,74,Right,1000101250,Rutgers,2024,514
"Berglin, Quinn",RUT_SCA,74,Right,1000264349,Rutgers,2025,745
"Besser, Grant",RUT_SCA,70,Left,1000213853,Rutgers,2023,364
"Bowen, Ethan",RUT_SCA,73,Right,1000213843,Rutgers,2023,93
"Bowen, Ethan",RUT_SCA,73,Right,1000213843,Rutgers,2024,303
"Bradley, Ryan",RUT_SCA,71,Left,1000098402,Rutgers,2025,80
"Johnson, Cameron",RUT_SCA,72,Left,1000137815,Rutgers,2025,132
"Coppola, Christian",RUT_SCA,77,Right,1000116423,Rutgers,2023,513
"Coppola, Christian",RUT_SCA,78,Right,1000116423,Rutgers,2024,720
"Cohen, Trevor",RUT_SCA,73,Left,1000141000,Rutgers,2024,21
"Grotyohann, Connor",RUT_SCA,76,Right,1000242930,Rutgers,2025,68
"Conover, Drew",RUT_SCA,77,Right,1000052017,Rutgers,2023,514
"Cruz, Matthew",RUT_SCA,71,Right,10151000,Rutgers,2025,349
"DeChiaro, Joey",RUT_SCA,74,Left,1000084915,Rutgers,2024,204
"Ryan, Dillon",RUT_SCA,72,Right,1000132418,Rutgers,2025,548
"Zsak, Donovan",RUT_SCA,75,Left,805124,Rutgers,2024,552
"Falco, Jordan",RUT_SCA,78,Right,1000249148,Rutgers,2024,671
"Falco, Jordan",RUT_SCA,78,Right,1000249148,Rutgers,2025,348
"Fauci, Sonny",RUT_SCA,75,Right,1000078223,Rutgers,2024,619
"Fithian, Luke",RUT_SCA,74,Right,10106306,Rutgers,2025,466
"French, Garrett",RUT_SCA,74,Right,1000054444,Rutgers,2023,191
"Stellpflug, Gavin",RUT_SCA,78,Right,1000051265,Rutgers,2024,128
"Gleason, Zach",RUT_SCA,74,Right,10028004,Rutgers,2025,579
"Hoxie, Hunter",RUT_SCA,70,Left,10106431,Rutgers,2025,154
"Kirchner, Jack",RUT_SCA,76,Right,10100734,Rutgers,2025,393
"Marshall, Jake",RUT_SCA,79,Right,1000280844,Rutgers,2024,693
"Mazza, Joe",RUT_SCA,75,Left,1000120995,Rutgers,2023,170
"Mazza, Joe",RUT_SCA,75,Left,811962,Rutgers,2024,506
"Mazza, Joe",RUT_SCA,75,Left,811962,Rutgers,2025,275
"Modugno, John",RUT_SCA,78,Right,1000048965,Rutgers,2023,51
"Shadek, Justin",RUT_SCA,78,Right,10313394,Rutgers,2025,986
"Sinibaldi, Justin ",RUT_SCA,76,Left,1000101295,Rutgers,2023,101
"Sinibaldi, Justin",RUT_SCA,77,Left,1000101295,Rutgers,2024,926
"Sweeney, Justin",RUT_SCA,75,Right,10035659,Rutgers,2024,58
"Kane, Tyler",RUT_SCA,69,Right,10030689,Rutgers,2025,30
"Konstantinovsky, Zack",RUT_SCA,74,Right,814149,Rutgers,2024,447
"Mack, Landon",RUT_SCA,73,Right,10105653,Rutgers,2025,1082
"Peel, Nolan",RUT_SCA,71,Right,10264896,Rutgers,2025,424
"Parliament, Wyatt",RUT_SCA,76,Right,10026720,Rutgers,2023,123
"Portnoy, Sam",RUT_SCA,74,Right,1000101263,Rutgers,2023,202
"Portnoy, Sam",RUT_SCA,74,Right,1000101263,Rutgers,2024,391
"Prince, Preston",RUT_SCA,77,Left,10111425,Rutgers,2025,435
"Kithil, Andrew",STE_LUM,73,Right,823067,SFA,2024,95
"Balmaceda, Elian",STE_LUM,69,Left,823059,SFA,2024,194
"Balmaceda, Elian",STE_LUM,70,Left,823059,SFA,2025,199
"Emmons III, Benny",STE_LUM,69,Right,1000080187,SFA,2023,138
"Wolf, Blake",STE_LUM,72,Right,830948,SFA,2025,29
"Bowyer, Reid",STE_LUM,69,Right,1000218554,SFA,2023,137
"Bowyer, Reid",STE_LUM,70,Right,1000218554,SFA,2024,91
"Bowyer, Reid",STE_LUM,70,Right,1000218554,SFA,2025,120
"Boyett, Reid",STE_LUM,76,Right,10061627,SFA,2023,95
"Boyett, Reid",STE_LUM,76,Right,809534,SFA,2024,180
"Boyett, Reid",STE_LUM,75,Right,809534,SFA,2025,197
"Stapleton, Cade",STE_LUM,76,Right,1000082008,SFA,2023,262
"Stapleton, Cade",STE_LUM,76,Right,809553,SFA,2024,63
"Cude, Caleb",STE_LUM,69,Left,10105948,SFA,2023,11
"Garcia-Rameau, Caleb",STE_LUM,78,Right,1000113588,SFA,2024,34
"Rutledge, Caleb",STE_LUM,77,,10112986,SFA,2023,181
"Rutledge, Caleb",STE_LUM,77,Right,1000239181,SFA,2024,72
"Hines, Carter",STE_LUM,75,Left,1000218552,SFA,2023,36
"Hines, Carter",STE_LUM,75,Left,809552,SFA,2024,166
"Castilaw, Colton",STE_LUM,69,Right,1000101564,SFA,2023,55
"Smith, Cody",STE_LUM,73,Right,809037,SFA,2024,51
"Templeton, Cody",STE_LUM,72,Left,830945,SFA,2025,327
"Wilson, Crew",STE_LUM,73,Right,1000101603,SFA,2023,38
"Wilson, Crew",STE_LUM,74,Right,809551,SFA,2024,85
"Irons, David",STE_LUM,72,Left,830951,SFA,2025,57
"Mulcahy, Dylan",STE_LUM,75,Right,823066,SFA,2024,41
"Mulcahy, Dylan",STE_LUM,76,Right,823066,SFA,2025,234
"Savino, Dylan",STE_LUM,72,Right,1000085555,SFA,2024,20
"Gearner, Garrett",STE_LUM,76,Right,1000218547,SFA,2023,112
"Landry, Garrett",STE_LUM,75,Right,823057,SFA,2025,48
"Gonzalez, Jason",STE_LUM,76,Right,1000082259,SFA,2023,24
"Tronson, Hayden",STE_LUM,73,Right,1000200452,SFA,2025,147
"James, Jack",STE_LUM,75,Left,823058,SFA,2024,176
"James, Jack",STE_LUM,75,Left,823058,SFA,2025,183
"Jaco, Skyler",STE_LUM,72,Right,1000099195,SFA,2023,220
"Jaco, Skyler",STE_LUM,72,Right,1000099195,SFA,2024,64
"Richter, Joe",STE_LUM,74,Right,1000120326,SFA,2023,158
"Valdez, Jonathan",STE_LUM,71,Right,1000397524,SFA,2025,123
"Parker, Kade",STE_LUM,75,Right,1000310656,SFA,2024,114
"Munson, Kadin",STE_LUM,72,Left,830946,SFA,2025,55
"Larson, Will",STE_LUM,73,Left,823064,SFA,2024,72
"Nickerson, Trent",STE_LUM,76,Left,823061,SFA,2024,16
"Nickerson, Trent",STE_LUM,76,Left,823061,SFA,2025,162
"Tollin, Sam",STE_LUM,72,Left,1000099813,SFA,2023,27
"Rodriguez, Alex",SOU_COU,76,Right,10112894,SIUE,2024,419
"Rodriguez, Alex",SOU_COU,76,Right,10112894,SIUE,2025,311
"Ressler, Andrew",SOU_COU,72,Right,1000095467,SIUE,2024,108
"Ressler, Andrew",SOU_COU,72,Right,1000095467,SIUE,2025,287
"Athmer, Kyle",SOU_COU,78,Right,10049587,SIUE,2024,540
"Athmer, Kyle",SOU_COU,78,Right,10049587,SIUE,2025,467
"Bailey, Kieran",SOU_COU,72,Left,1000114625,SIUE,2025,217
"Benner, Ian",SOU_COU,75,Right,1000214503,SIUE,2023,26
"Benner, Ian",SOU_COU,75,Right,1000214503,SIUE,2024,485
"Bockenstedt, Jake",SOU_COU,73,Right,1000100096,SIUE,2023,192
"Coon, Brady",SOU_COU,74,Right,1000266354,SIUE,2025,395
"Grams, Brennen",SOU_COU,71,Right,10069813,SIUE,2025,86
"Bruninga, Taylor",SOU_COU,81,Right,1000121228,SIUE,2023,11
"Conrad, Teague",SOU_COU,76,Right,1000050942,SIUE,2023,127
"Cooper, Hayden",SOU_COU,75,Right,282986,SIUE,2023,124
"Davis, Tyler",SOU_COU,74,Right,808752,SIUE,2025,255
"DeLong, Tyler",SOU_COU,76,Right,1000114250,SIUE,2023,129
"DeLong, Tyler",SOU_COU,76,Right,1000114250,SIUE,2024,836
"Ivetic, Dimitri",SOU_COU,74,Right,1000175856,SIUE,2023,86
"Ivetic, Dimitri",SOU_COU,74,Right,1000175856,SIUE,2024,118
"Duenas, Zach",SOU_COU,82,Right,827360,SIUE,2025,103
"McLaughlin, Duncan",SOU_COU,72,Right,1000264116,SIUE,2024,309
"McLaughlin, Duncan",SOU_COU,72,Right,1000264116,SIUE,2025,253
"Helsel, Garrett",SOU_COU,77,Left,10074638,SIUE,2023,66
"Helsel, Garrett",SOU_COU,77,Left,811679,SIUE,2024,544
"Helsel, Garrett",SOU_COU,77,Left,811679,SIUE,2025,501
"Gist, Matthew",SOU_COU,72,Left,90000255794,SIUE,2024,197
"Millsap, Gunner",SOU_COU,75,Left,90000258401,SIUE,2023,35
"Millsap, Gunner",SOU_COU,74,Left,90000258401,SIUE,2024,36
"Kampf, Jacob",SOU_COU,74,Right,1000076940,SIUE,2023,58
"Martin, Joseph",SOU_COU,73,Right,1000315857,SIUE,2024,333
"Martin, Joseph",SOU_COU,73,Right,1000315857,SIUE,2025,331
"Rossy, Kyle",SOU_COU,74,Right,813204,SIUE,2025,212
"McKillop, Liam",SOU_COU,73,Right,10025517,SIUE,2024,342
"McKillop, Liam",SOU_COU,73,Right,10025517,SIUE,2025,482
"Spence, Lucas",SOU_COU,73,Left,1000093620,SIUE,2024,324
"Ponder, Zeus",SOU_COU,77,Right,10022222,SIUE,2023,118
"Ponder, Zeus",SOU_COU,77,Right,1000258495,SIUE,2024,283
"Smith, Spencer",SOU_COU,76,Right,1000121225,SIUE,2023,31
"Stearns, Spencer",SOU_COU,74,Right,1000236676,SIUE,2023,17
"Stearns, Spencer",SOU_COU,74,Right,1000236676,SIUE,2024,336
"Stearns, Spencer",SOU_COU,74,Right,1000236676,SIUE,2025,658
"Monson, Andrew",SAC_HOR,74,Right,1000132559,Sacramento St.,2024,324
"Monson, Andrew",SAC_HOR,74,Right,1000132559,Sacramento St.,2025,365
"Overland, Andrew",SAC_HOR,77,Right,10301719,Sacramento St.,2024,335
"Overland, Andrew",SAC_HOR,77,Right,10301719,Sacramento St.,2025,58
"Sandberg, Baylor",SAC_HOR,74,Right,1000181908,Sacramento St.,2025,78
"Tucker, Benjy",SAC_HOR,73,Right,1000077307,Sacramento St.,2023,120
"Chavez, Brady",SAC_HOR,73,Right,1000174783,Sacramento St.,2024,213
"Chavez, Brady",SAC_HOR,73,Right,1000174783,Sacramento St.,2025,285
"Brown, Kade",SAC_HOR,78,Right,1000189998,Sacramento St.,2024,561
"Brown, Kade",SAC_HOR,78,Right,1000189998,Sacramento St.,2025,481
"Stockton, Bryce",SAC_HOR,75,Right,10278473,Sacramento St.,2024,290
"Stockton, Bryce",SAC_HOR,75,Right,10278473,Sacramento St.,2025,251
"Byrd, Jaxon",SAC_HOR,75,Left,10073539,Sacramento St.,2023,149
"Byrd, Jaxon",SAC_HOR,75,Left,1000250447,Sacramento St.,2024,142
"Byrd, Jaxon",SAC_HOR,75,,10073539,Sacramento St.,2025,15
"Caldera, Peter",SAC_HOR,73,Right,1000241314,Sacramento St.,2025,172
"Latimer, Carson",SAC_HOR,75,Right,1000129052,Sacramento St.,2025,422
"Sorlie, Chase",SAC_HOR,73,Right,10150539,Sacramento St.,2025,98
"Hourigan, Conor",SAC_HOR,74,Right,1000132050,Sacramento St.,2023,115
"Rons, Cooper",SAC_HOR,74,Right,1000050592,Sacramento St.,2023,542
"Rons, Cooper",SAC_HOR,74,Right,801608,Sacramento St.,2024,508
"Rons, Cooper",SAC_HOR,74,,1000050592,Sacramento St.,2025,101
"Torres, Dylan",SAC_HOR,73,Right,1000372923,Sacramento St.,2025,92
"Rogalski, Elijah",SAC_HOR,72,Right,1000199175,Sacramento St.,2024,52
"Lay, Ethan",SAC_HOR,75,Right,808428,Sacramento St.,2025,844
"Gibbons, Evan",SAC_HOR,72,Right,1000056288,Sacramento St.,2023,731
"Gibbons, Evan",SAC_HOR,72,Right,1000056288,Sacramento St.,2024,875
"Gibbons, Evan",SAC_HOR,72,Right,1000056288,Sacramento St.,2025,1082
"Gagnon, Zach",SAC_HOR,74,Right,1000190013,Sacramento St.,2023,52
"Goodrich, Trey",SAC_HOR,72,Right,1000113399,Sacramento St.,2023,243
"Halverson, Jackson",SAC_HOR,76,Right,10267242,Sacramento St.,2025,223
"Harper, Wesley",SAC_HOR,74,Right,1000066653,Sacramento St.,2023,206
"Haynes, Kevin",SAC_HOR,76,Right,1000039271,Sacramento St.,2023,433
"Haynes, Kevin",SAC_HOR,76,,1000039271,Sacramento St.,2025,23
"Winterhalder, Ian",SAC_HOR,73,Right,1000132569,Sacramento St.,2024,464
"Parker, Isaiah",SAC_HOR,73,Right,1000189986,Sacramento St.,2023,21
"Zalasky, Jack",SAC_HOR,73,Right,1000056296,Sacramento St.,2023,444
"Zalasky, Jack",SAC_HOR,73,,1000056296,Sacramento St.,2025,21
"Nelson, Jasper",SAC_HOR,75,Right,1000131935,Sacramento St.,2023,432
"Nelson, Jasper",SAC_HOR,75,Right,1000131935,Sacramento St.,2024,273
"Lucchesi, Noah",SAC_HOR,75,Left,1000113383,Sacramento St.,2023,689
"Lucchesi, Noah",SAC_HOR,75,Left,1000113383,Sacramento St.,2024,329
"Lucchesi, Noah",SAC_HOR,75,Left,1000113383,Sacramento St.,2025,423
"Malone, Zack",SAC_HOR,72,Left,1000190014,Sacramento St.,2023,5
"Pettey, Max",SAC_HOR,75,Left,1000099301,Sacramento St.,2023,562
"Pettey, Max",SAC_HOR,75,Left,1000113345,Sacramento St.,2024,331
"Pettey, Max",SAC_HOR,75,,1000099301,Sacramento St.,2025,38
"Takacs, Noah",SAC_HOR,75,Right,692176,Sacramento St.,2023,215
"Richards, Xavier",SAC_HOR,74,Right,1000130321,Sacramento St.,2023,440
"Richards, Xavier",SAC_HOR,74,Right,1000130321,Sacramento St.,2024,586
"Richards, Xavier",SAC_HOR,74,,1000130321,Sacramento St.,2025,18
"Gray, Aidan",SAC_PIO,76,Right,10141592,Sacred Heart,2025,40
"Attonito, Michael",SAC_PIO,69,Left,1000057974,Sacred Heart,2023,34
"Aufiero, David",SAC_PIO,72,Right,1000079787,Sacred Heart,2023,67
"Aufiero, David",SAC_PIO,72,Right,1000079787,Sacred Heart,2024,76
"Babuschak, Jake",SAC_PIO,74,Right,1000099660,Sacred Heart,2023,21
"Babuschak, Jake",SAC_PIO,74,Right,1000099660,Sacred Heart,2024,94
"Bebbington, Jack",SAC_PIO,73,Left,1000057508,Sacred Heart,2023,45
"Boyian, Michael",SAC_PIO,72,Right,1000099648,Sacred Heart,2023,47
"Boyian, Michael",SAC_PIO,72,Right,1000099648,Sacred Heart,2024,46
"Briggs, Tyler",SAC_PIO,74,Right,1000009481,Sacred Heart,2023,70
"Matuschat, Bryan",SAC_PIO,76,Right,10146226,Sacred Heart,2025,56
"Mazza, Chris",SAC_PIO,74,Right,1000120919,Sacred Heart,2025,90
"Thompson, Cooper",SAC_PIO,75,Right,1000026719,Sacred Heart,2023,44
"Foster, Elijah",SAC_PIO,72,Right,1000302010,Sacred Heart,2024,89
"Foster, Elijah",SAC_PIO,72,Right,1000302010,Sacred Heart,2025,277
"Glenchur, Paul",SAC_PIO,71,Right,1000260817,Sacred Heart,2024,3
"Glenchur, Paul",SAC_PIO,71,Right,1000168199,Sacred Heart,2025,9
"Hawkins, Mitch",SAC_PIO,72,Right,1000143059,Sacred Heart,2023,121
"Hawkins, Mitch",SAC_PIO,72,Right,1000143059,Sacred Heart,2024,46
"Hawkins, Mitch",SAC_PIO,72,Right,1000143059,Sacred Heart,2025,186
"Kramer, Jack",SAC_PIO,72,Right,1000079789,Sacred Heart,2023,80
"Kramer, Jack",SAC_PIO,72,Right,1000079789,Sacred Heart,2024,7
"Wiberg, Jacob",SAC_PIO,70,Right,10149440,Sacred Heart,2023,72
"Wiberg, Jacob",SAC_PIO,70,Right,10149440,Sacred Heart,2024,34
"McDowell, Jake",SAC_PIO,73,Right,1000079794,Sacred Heart,2023,64
"McDowell, Jake",SAC_PIO,73,Right,1000079794,Sacred Heart,2024,47
"Kane, Nick",SAC_PIO,76,Right,1000214486,Sacred Heart,2023,214
"Kane, Nick",SAC_PIO,76,Right,1000214486,Sacred Heart,2024,62
"Kane, Nick",SAC_PIO,76,Right,1000214486,Sacred Heart,2025,110
"Longo, Matt",SAC_PIO,75,Right,1000139033,Sacred Heart,2025,10
"MacDonnell, Owen",SAC_PIO,75,Left,1000120855,Sacred Heart,2024,7
"Nicely, Spencer",SAC_PIO,76,Right,1000115685,Sacred Heart,2025,32
"Parker, Ryan",SAC_PIO,73,Right,1000236312,Sacred Heart,2025,220
"Rogan, PJ",SAC_PIO,70,Both,34643,Sacred Heart,2025,191
"Price, Trent",SAC_PIO,74,Right,1000120859,Sacred Heart,2023,38
"Price, Trent",SAC_PIO,74,Right,1000120859,Sacred Heart,2025,84
"Redmond, Ryan",SAC_PIO,76,Right,815444,Sacred Heart,2025,70
"Rodriguez, Alec",STJ_HAW,72,Right,1000080280,Saint Joseph's,2023,110
"Rodriguez, Alec",STJ_HAW,72,Right,813861,Saint Joseph's,2024,141
"Basarab, Ryan",STJ_HAW,77,Right,10017027,Saint Joseph's,2023,10
"Basarab, Ryan",STJ_HAW,77,Right,10017027,Saint Joseph's,2024,65
"Book, Colton",STJ_HAW,76,Left,10038706,Saint Joseph's,2025,359
"Bowen, Ethan",STJ_HAW,73,Right,1000213843,Saint Joseph's,2025,72
"Campbell, Jackson",STJ_HAW,72,Right,813573,Saint Joseph's,2025,268
"Ciccone, Frank",STJ_HAW,74,Right,1000114720,Saint Joseph's,2023,118
"Ciccone, Frank",STJ_HAW,74,Right,1000114720,Saint Joseph's,2024,80
"Ciccone, Frank",STJ_HAW,74,Right,1000114720,Saint Joseph's,2025,508
"Stetzar, Cole",STJ_HAW,72,Right,1000026640,Saint Joseph's,2023,98
"Yablonski, Colin",STJ_HAW,74,Right,1000079262,Saint Joseph's,2024,54
"Owsik, David",STJ_HAW,74,Right,1000051094,Saint Joseph's,2023,102
"Owsik, David",STJ_HAW,74,Right,1000051094,Saint Joseph's,2024,82
"Davies, Sam",STJ_HAW,75,Right,1000123144,Saint Joseph's,2023,41
"Davies, Sam",STJ_HAW,75,Right,1000123144,Saint Joseph's,2024,29
"Davies, Sam",STJ_HAW,75,Right,1000123144,Saint Joseph's,2025,27
"Desanto, Drew",STJ_HAW,76,Right,1000160007,Saint Joseph's,2025,13
"Desanto, Ryan",STJ_HAW,76,Left,1000160067,Saint Joseph's,2023,174
"DeSanto, Ryan",STJ_HAW,76,Left,823756,Saint Joseph's,2024,79
"Desanto, Ryan",STJ_HAW,76,Left,1000160067,Saint Joseph's,2024,278
"Picone, Domenic",STJ_HAW,68,Right,1000084000,Saint Joseph's,2023,289
"Picone, Domenic",STJ_HAW,68,Right,822472,Saint Joseph's,2024,273
"Duke, Dylan",STJ_HAW,71,Left,10056616,Saint Joseph's,2025,92
"Falco, Mike",STJ_HAW,75,Right,1000059527,Saint Joseph's,2023,170
"Fitzgibbon, Matt",STJ_HAW,73,Left,10915288,Saint Joseph's,2025,149
"Franks, Logan",STJ_HAW,70,Left,10136324,Saint Joseph's,2025,47
"Gabrysh, Luke",STJ_HAW,75,Right,1000123133,Saint Joseph's,2023,67
"Gabrysh, Luke",STJ_HAW,75,Right,1000123133,Saint Joseph's,2024,172
"Gallo, Peter",STJ_HAW,76,Right,1000080283,Saint Joseph's,2023,177
"Greer, Sam",STJ_HAW,72,Right,10084327,Saint Joseph's,2025,141
"Ovalles, Jaden",STJ_HAW,69,Left,10109799,Saint Joseph's,2025,144
"Kerstetter, Richie",STJ_HAW,72,Left,1000213935,Saint Joseph's,2024,60
"Parise, Luke",STJ_HAW,73,Right,10108991,Saint Joseph's,2024,9
"Parise, Luke",STJ_HAW,73,Right,10108991,Saint Joseph's,2025,165
"Smith, Luke",STJ_HAW,73,Right,1000123134,Saint Joseph's,2024,189
"Zimmerman, Luke",STJ_HAW,73,Left,1000059525,Saint Joseph's,2023,66
"Zimmerman, Luke",STJ_HAW,73,Left,1000059525,Saint Joseph's,2024,63
"McShane, Matt",STJ_HAW,75,Right,1000123136,Saint Joseph's,2023,85
"McShane, Matt",STJ_HAW,75,Right,823791,Saint Joseph's,2024,126
"McCausland, Will",STJ_HAW,72,Right,1000213937,Saint Joseph's,2023,253
"McCausland, Will",STJ_HAW,72,Right,823790,Saint Joseph's,2024,293
"Wells, Micah",STJ_HAW,72,Right,1000142232,Saint Joseph's,2025,201
"Picollo, Mike",STJ_HAW,75,Right,1000055838,Saint Joseph's,2023,98
"Picollo, Mike",STJ_HAW,75,Right,1000055838,Saint Joseph's,2024,33
"Stein, Nathan",STJ_HAW,74,Left,1000160056,Saint Joseph's,2025,348
"Torres, Nicholas",STJ_HAW,73,Left,1000123139,Saint Joseph's,2023,6
"Tincher, Noah",STJ_HAW,75,Left,1000213932,Saint Joseph's,2025,16
"Shearer, Patrick",STJ_HAW,72,Right,1000080278,Saint Joseph's,2023,63
"Allen, Kobe",SLU_BILL,72,Right,1000296663,Saint Louis,2025,57
"Khan, Amaan",SLU_BILL,77,Right,807366,Saint Louis,2025,39
"Cherico, Ben",SLU_BILL,76,Right,10111260,Saint Louis,2023,91
"Cherico, Ben",SLU_BILL,76,Right,10111260,Saint Louis,2025,137
"Graf, Brock",SLU_BILL,74,Right,10059648,Saint Louis,2023,25
"Thomson, Caleb",SLU_BILL,75,Left,1000050946,Saint Louis,2023,32
"Kelsey, Carter",SLU_BILL,77,Right,801965,Saint Louis,2025,62
"Chaffin, Owen",SLU_BILL,74,Right,1000214118,Saint Louis,2023,140
"Chaffin, Owen",SLU_BILL,74,Right,1000214118,Saint Louis,2024,101
"Weber, Charlie",SLU_BILL,73,Right,1000161356,Saint Louis,2024,78
"Weber, Charlie",SLU_BILL,73,Right,1000161356,Saint Louis,2025,396
"Minor, Chase",SLU_BILL,74,Right,813674,Saint Louis,2025,271
"Pownall, Christian",SLU_BILL,72,Left,1000390689,Saint Louis,2025,251
"Cimpric, Richie",SLU_BILL,79,Right,809598,Saint Louis,2025,212
"Downard, Colby",SLU_BILL,74,Left,1000214122,Saint Louis,2023,19
"Smith, Dawson",SLU_BILL,79,Right,800736,Saint Louis,2024,82
"Dumont, Jack",SLU_BILL,75,Left,1000214112,Saint Louis,2023,82
"Gray, Evan",SLU_BILL,76,Right,1000051607,Saint Louis,2023,47
"Gray, Evan",SLU_BILL,76,Right,690367,Saint Louis,2024,71
"Fremion, Grant",SLU_BILL,71,Left,1000051738,Saint Louis,2023,89
"Gasser, Luke",SLU_BILL,75,Right,1000214117,Saint Louis,2023,53
"Hendrickson, Reid",SLU_BILL,72,Right,1000057746,Saint Louis,2023,50
"Litman, Henry",SLU_BILL,74,Right,10008323,Saint Louis,2023,196
"Litman, Henry",SLU_BILL,74,Right,804785,Saint Louis,2024,51
"Hernandez, Stephen",SLU_BILL,74,Left,703674,Saint Louis,2025,121
"Holman, Ty",SLU_BILL,75,Right,1000390695,Saint Louis,2025,235
"Holmes, Jackson",SLU_BILL,76,Right,1000123793,Saint Louis,2023,200
"Holmes, Jackson",SLU_BILL,76,Right,1000123793,Saint Louis,2024,85
"Yarberry, Jackson",SLU_BILL,75,Right,1000096064,Saint Louis,2024,79
"Weber, Jack",SLU_BILL,76,Right,1000123792,Saint Louis,2023,128
"Weber, Jack",SLU_BILL,76,Right,809756,Saint Louis,2024,54
"Weber, Jack",SLU_BILL,76,Right,809756,Saint Louis,2025,446
"Lee, Justin",SLU_BILL,75,Right,1000213515,Saint Louis,2025,179
"Ralamb, Karl",SLU_BILL,76,Right,825306,Saint Louis,2025,236
"Kelly, Owen",SLU_BILL,75,Right,10129877,Saint Louis,2024,101
"Kelly, Owen",SLU_BILL,75,Right,10129877,Saint Louis,2025,602
"Salazar, Preston",SLU_BILL,76,Right,1000161486,Saint Louis,2025,140
"Ray, Tommy",SLU_BILL,78,Right,1000247189,Saint Louis,2024,12
"Salas, Stryder",SLU_BILL,78,Right,1000272677,Saint Louis,2025,88
"Enyart, Adam",STM_GAE,75,Right,1000223033,Saint Mary's (CA),2023,63
"Enyart, Adam",STM_GAE,75,Right,813795,Saint Mary's (CA),2024,383
"Enyart, Adam",STM_GAE,75,Right,813795,Saint Mary's (CA),2025,253
"Taurek, Aiden",STM_GAE,71,,1000115859,Saint Mary's (CA),2023,59
"Cannon, Sean",STM_GAE,70,Right,1000144213,Saint Mary's (CA),2025,178
"Guevara Castro, Daniel",STM_GAE,73,Right,1000314178,Saint Mary's (CA),2024,104
"Guevara Castro, Daniel",STM_GAE,73,Right,1000314178,Saint Mary's (CA),2025,358
"Chapman, Finn",STM_GAE,75,Right,822156,Saint Mary's (CA),2025,149
"Chriss, Donovan",STM_GAE,72,Right,809255,Saint Mary's (CA),2025,964
"Kinney, Connor",STM_GAE,76,Right,1000231720,Saint Mary's (CA),2024,104
"Linchey, Connor",STM_GAE,74,Right,1000080414,Saint Mary's (CA),2023,209
"Linchey, Connor",STM_GAE,74,Right,1000080414,Saint Mary's (CA),2024,729
"Cuffe, Owen",STM_GAE,74,Left,1000078239,Saint Mary's (CA),2023,63
"Cuffe, Owen",STM_GAE,74,Left,813792,Saint Mary's (CA),2024,193
"Damozonio, John",STM_GAE,74,Right,1000223034,Saint Mary's (CA),2023,54
"Damozonio, John",STM_GAE,74,Right,1000223034,Saint Mary's (CA),2024,198
"Damozonio, John",STM_GAE,74,Right,813801,Saint Mary's (CA),2025,733
"Thomas, David",STM_GAE,76,Right,1000223035,Saint Mary's (CA),2023,63
"Thomas, David",STM_GAE,76,Right,1000223035,Saint Mary's (CA),2024,170
"Delvecchio, Dylan",STM_GAE,72,Left,805203,Saint Mary's (CA),2024,562
"Delvecchio, Dylan",STM_GAE,72,Left,805203,Saint Mary's (CA),2025,867
"Eaquinto, Derik",STM_GAE,75,Left,813808,Saint Mary's (CA),2024,1047
"Eaquinto, Derik",STM_GAE,75,Left,813808,Saint Mary's (CA),2025,670
"Emerling, Diego",STM_GAE,76,Right,1000377793,Saint Mary's (CA),2025,162
"Joslin, Elliott",STM_GAE,78,Right,811681,Saint Mary's (CA),2025,345
"Gardini, Talin",STM_GAE,73,Left,1000067690,Saint Mary's (CA),2025,546
"Plata, Garret",STM_GAE,71,Left,1000151842,Saint Mary's (CA),2023,23
"Plata, Garret",STM_GAE,71,Left,813805,Saint Mary's (CA),2025,509
"Howey, Preston",STM_GAE,70,Right,1000098484,Saint Mary's (CA),2023,79
"Howey, Preston",STM_GAE,70,Right,813796,Saint Mary's (CA),2024,480
"Snook, Jack",STM_GAE,75,Right,1000080397,Saint Mary's (CA),2023,115
"McNeely, Jaden",STM_GAE,72,Left,1000134864,Saint Mary's (CA),2025,90
"Reitz, Jason",STM_GAE,81,Right,1000115899,Saint Mary's (CA),2023,18
"Reitz, Jason",STM_GAE,81,Right,805279,Saint Mary's (CA),2024,748
"Santiago, Justin",STM_GAE,74,Right,1000314179,Saint Mary's (CA),2024,247
"Santiago, Justin",STM_GAE,74,Right,824427,Saint Mary's (CA),2025,360
"Kretsch, Sam",STM_GAE,76,Right,10297971,Saint Mary's (CA),2025,539
"Lamb, Riley",STM_GAE,73,Right,8898775,Saint Mary's (CA),2023,41
"Sarantos, Lukas",STM_GAE,75,Right,1000377797,Saint Mary's (CA),2025,594
"McBroom, Shawn",STM_GAE,70,Right,1000314180,Saint Mary's (CA),2024,134
"Waldeck, Noah",STM_GAE,77,Right,1000116397,Saint Mary's (CA),2025,476
"Rice, Sam",STM_GAE,76,Right,1000223039,Saint Mary's (CA),2023,7
"Rice, Sam",STM_GAE,76,Left,1000223039,Saint Mary's (CA),2024,28
"Sanders, Ryan",STM_GAE,71,Left,1000080412,Saint Mary's (CA),2023,111
"Sanders, Ryan",STM_GAE,71,Left,807354,Saint Mary's (CA),2024,632
"Spalliero, Ryan",STM_GAE,73,Right,1000110962,Saint Mary's (CA),2023,45
"Taurek, Ryan",STM_GAE,73,Right,1000080387,Saint Mary's (CA),2023,46
"Wiltse, Ryan",STM_GAE,75,Right,1000122616,Saint Mary's (CA),2023,105
"Wiltse, Ryan",STM_GAE,75,Right,813813,Saint Mary's (CA),2024,571
"Rohlfing, Austin",SPU_PEA,75,Right,1000238250,Saint Peter's,2023,16
"Williams, Ben",SPU_PEA,71,Left,10061311,Saint Peter's,2025,27
"Berryman, Charlie",SPU_PEA,73,Right,1000352896,Saint Peter's,2025,53
"Goodwin, Caden",SPU_PEA,76,Right,1000405666,Saint Peter's,2025,49
"Martindale, Cam",SPU_PEA,73,Right,10327917,Saint Peter's,2024,47
"Martindale, Cam",SPU_PEA,73,Right,1000334433,Saint Peter's,2025,86
"Delgadillo, David",SPU_PEA,70,Right,1000316008,Saint Peter's,2024,89
"Delgadillo, David",SPU_PEA,70,Right,1000316008,Saint Peter's,2025,92
"DelCollo, Drew",SPU_PEA,72,Right,10071156,Saint Peter's,2024,21
"Ellis, James",SPU_PEA,70,Left,10274050,Saint Peter's,2025,22
"Rowland, Ethan",SPU_PEA,71,Right,1000245998,Saint Peter's,2025,59
"Frasher, Zach",SPU_PEA,75,Right,1000102136,Saint Peter's,2023,68
"Frasher, Zach",SPU_PEA,75,Right,1000102136,Saint Peter's,2024,40
"Frasher, Zach",SPU_PEA,75,Right,1000102136,Saint Peter's,2025,29
"Gannon, Jack",SPU_PEA,76,Right,10061707,Saint Peter's,2023,82
"Lefkus, Hunter",SPU_PEA,72,Right,10089085,Saint Peter's,2025,144
"Jain, Yash",SPU_PEA,72,Right,1000316023,Saint Peter's,2024,144
"Jain, Yash",SPU_PEA,72,Right,1000316023,Saint Peter's,2025,59
"Wade, John",SPU_PEA,72,Right,1000316015,Saint Peter's,2024,74
"Thomas, Kurt",SPU_PEA,73,Right,1000149863,Saint Peter's,2024,60
"Mahady, Kyle",SPU_PEA,73,Right,10019816,Saint Peter's,2023,99
"Mittelman, Lance",SPU_PEA,71,Right,1000259210,Saint Peter's,2025,77
"Reaburn, Linden",SPU_PEA,70,Right,1000236556,Saint Peter's,2024,135
"Wenzel, Logan",SPU_PEA,73,Left,1000235156,Saint Peter's,2024,181
"Monroe, Marcus",SPU_PEA,72,Right,1000316005,Saint Peter's,2024,185
"Williams, Mason",SPU_PEA,75,Left,1000316019,Saint Peter's,2024,122
"Walsh, Mike",SPU_PEA,72,Right,10032389,Saint Peter's,2024,45
"Nunez, Robert",SPU_PEA,72,Left,10031686,Saint Peter's,2023,26
"Paxton, Will",SPU_PEA,74,Right,10285840,Saint Peter's,2025,116
"Seymour, Ryan",SPU_PEA,71,Right,10111044,Saint Peter's,2023,53
"Walker, Zach",SPU_PEA,71,Right,1000119184,Saint Peter's,2023,30
"Magers, Alex",SAM_BEA,76,Right,1000074276,Sam Houston,2023,110
"Atkinson, Coltin",SAM_BEA,73,Right,1000099114,Sam Houston,2023,293
"Atkinson, Coltin",SAM_BEA,73,Right,699829,Sam Houston,2024,330
"Baumann, Garrett",SAM_BEA,72,Right,1000115898,Sam Houston,2025,283
"Beard, Steven",SAM_BEA,72,Left,1000037542,Sam Houston,2023,262
"Bennett, Devin",SAM_BEA,74,Right,1000051562,Sam Houston,2025,241
"Davis, Braden",SAM_BEA,71,Left,1000094187,Sam Houston,2023,124
"Rod, Brock",SAM_BEA,70,Left,10148272,Sam Houston,2024,42
"Rod, Brock",SAM_BEA,70,Left,10148272,Sam Houston,2025,42
"Diaz, Cam",SAM_BEA,76,Right,1000138936,Sam Houston,2025,329
"David, Chandler",SAM_BEA,73,Right,1000121988,Sam Houston,2023,151
"David, Chandler",SAM_BEA,73,Right,1000121988,Sam Houston,2024,356
"Christensen, Tucker",SAM_BEA,72,Right,10042461,Sam Houston,2023,33
"Coldiron, Gavi",SAM_BEA,74,Left,1000214035,Sam Houston,2023,218
"Coldiron, Gavi",SAM_BEA,74,Left,1000214035,Sam Houston,2024,470
"Marthiljohni, Cole",SAM_BEA,74,Right,1000185602,Sam Houston,2025,274
"Mondey, Connor",SAM_BEA,74,Right,1000397337,Sam Houston,2025,115
"Zaruba, Connor",SAM_BEA,69,Left,1000189663,Sam Houston,2025,130
"Coronel, Ethan",SAM_BEA,72,Right,823044,Sam Houston,2025,42
"Valadez, Danny",SAM_BEA,74,Right,10008583,Sam Houston,2025,318
"Davis, Tyler",SAM_BEA,75,Right,1000027212,Sam Houston,2023,56
"Driskell, Jack",SAM_BEA,73,Right,1000056707,Sam Houston,2023,74
"Grantland, James",SAM_BEA,75,Left,1000116428,Sam Houston,2023,26
"Hellums, Miles",SAM_BEA,75,Right,1000096935,Sam Houston,2023,109
"Hellums, Miles",SAM_BEA,75,Right,812479,Sam Houston,2024,238
"Hewitt, Logan",SAM_BEA,71,Right,1000099113,Sam Houston,2023,276
"Hewitt, Logan",SAM_BEA,71,Right,699837,Sam Houston,2024,326
"Hickman, Tate",SAM_BEA,76,Right,10083927,Sam Houston,2025,217
"Johnson, Zak",SAM_BEA,72,Right,1000222624,Sam Houston,2025,118
"Kendrick, Noah",SAM_BEA,76,Right,10147919,Sam Houston,2025,503
"Lott, Malachi",SAM_BEA,69,Left,800733,Sam Houston,2024,80
"Wales, Marshall",SAM_BEA,73,Left,1000096806,Sam Houston,2023,233
"Wales, Marshall",SAM_BEA,73,Left,812475,Sam Houston,2024,54
"Watson, Michael",SAM_BEA,74,Left,1000134757,Sam Houston,2024,345
"Peterson, Ryan",SAM_BEA,75,Right,1000107574,Sam Houston,2024,138
"Peterson, Ryan",SAM_BEA,75,Right,1000107574,Sam Houston,2025,537
"Shubert, Rome",SAM_BEA,72,Right,1000097920,Sam Houston,2023,195
"Shubert, Rome",SAM_BEA,72,Right,812480,Sam Houston,2024,134
"Tucker, Wyatt",SAM_BEA,75,Right,10291087,Sam Houston,2024,230
"Ahearn, Colin",SAM_BUL,74,Left,1000051458,Samford,2023,8
"Flood, Alex",SAM_BUL,75,Right,1000079862,Samford,2024,445
"Gaeto , Alex",SAM_BUL,76,Right,1000139080,Samford,2023,14
"Gaeto, Alex",SAM_BUL,76,Right,1000139080,Samford,2023,297
"Gaeto, Alex",SAM_BUL,76,Right,1000139080,Samford,2024,231
"Angelakos, Nicholas",SAM_BUL,73,Right,1000076313,Samford,2023,32
"Tommasini, Austin",SAM_BUL,72,Right,10031933,Samford,2025,199
"Petschke, Ben",SAM_BUL,72,Right,1000037074,Samford,2023,580
"Berry, Noah",SAM_BUL,77,Right,10083845,Samford,2024,240
"Berry, Noah",SAM_BUL,77,Right,10083845,Samford,2025,260
"Bortak, Blake",SAM_BUL,71,Left,1000096401,Samford,2023,10
"Bortak, Blake",SAM_BUL,71,Left,1000096401,Samford,2024,111
"Blasche, Mason",SAM_BUL,74,Right,10186595,Samford,2025,740
"Vail, Bodie",SAM_BUL,72,Right,10031424,Samford,2025,16
"Westbrooks, Brody",SAM_BUL,75,Right,1000013157,Samford,2023,726
"Rice, Brooks",SAM_BUL,76,Right,1000092936,Samford,2024,310
"Rice, Brooks",SAM_BUL,76,Right,1000092936,Samford,2025,315
"Keshock, Cameron",SAM_BUL,79,Right,1000107581,Samford,2025,949
"Hobbs, Carson",SAM_BUL,73,Right,1000101506,Samford,2023,79
"Lore, Carson",SAM_BUL,72,Right,10112931,Samford,2024,306
"Clevenger, Heath",SAM_BUL,78,Right,1000064238,Samford,2023,172
"Clevenger, Heath",SAM_BUL,78,Right,1000064238,Samford,2024,349
"Clevenger, Heath",SAM_BUL,78,Right,1000064238,Samford,2025,133
"Fryman, Cole",SAM_BUL,75,Right,1000096406,Samford,2023,47
"Fryman, Cole",SAM_BUL,75,Right,1000096406,Samford,2024,79
"Cravey, Jacob",SAM_BUL,78,Right,1000101505,Samford,2023,1009
"Horowicz, Cullen",SAM_BUL,76,Right,1000066391,Samford,2025,190
"Ganley, Dominic",SAM_BUL,74,Left,1000113910,Samford,2023,88
"Ganley, Dominic",SAM_BUL,74,Left,1000113910,Samford,2024,4
"Druckenmiller, Drew",SAM_BUL,75,Right,1000268375,Samford,2025,246
"Steckmesser, Evan",SAM_BUL,75,Left,10016252,Samford,2024,367
"Steckmesser, Evan",SAM_BUL,73,Left,10016252,Samford,2025,621
"Holifield, Jake",SAM_BUL,73,Right,1000193743,Samford,2023,489
"Holifield, Jake",SAM_BUL,73,Right,1000193743,Samford,2024,385
"Newman, Jacob",SAM_BUL,74,Right,10024580,Samford,2023,428
"Newman, Jacob",SAM_BUL,74,Right,10024580,Samford,2024,198
"Malone, John",SAM_BUL,74,Right,10120441,Samford,2024,121
"Malone, John",SAM_BUL,73,Right,10120441,Samford,2025,249
"Whitney, John",SAM_BUL,71,Left,1000115340,Samford,2024,185
"Whitney, John",SAM_BUL,70,Left,1000115340,Samford,2025,190
"Lee, Joseph",SAM_BUL,78,Right,1000268842,Samford,2025,213
"Leerssen, Josh",SAM_BUL,76,Right,1000221216,Samford,2025,591
"Lynch, Will",SAM_BUL,77,Right,1000113917,Samford,2023,586
"Lynch, Will",SAM_BUL,77,Right,1000113917,Samford,2024,138
"Lynch, Will",SAM_BUL,76,Right,1000113917,Samford,2025,13
"Manley, Matt",SAM_BUL,73,Right,1000189889,Samford,2024,68
"McCormack, Mason",SAM_BUL,73,Right,1000079947,Samford,2023,17
"Ross, Michael",SAM_BUL,74,Right,1000113913,Samford,2024,478
"Riggins, Miller",SAM_BUL,75,Left,1000112663,Samford,2024,205
"Riggins, Miller",SAM_BUL,73,Left,1000112663,Samford,2025,1042
"Sanders, Trey",SAM_BUL,74,Right,1000090956,Samford,2023,346
"Sanders, Trey",SAM_BUL,73,Right,1000090956,Samford,2025,192
"Thompson, Turner",SAM_BUL,73,Right,1000065339,Samford,2023,429
"Thompson, Turner",SAM_BUL,73,Right,1000065339,Samford,2024,284
"Frausto, AJ",SAN_TOR,71,Right,1000153804,San Diego,2025,332
"Schrier, Alex",SAN_TOR,72,Right,675477,San Diego,2024,628
"Schrier, Alex",SAN_TOR,72,,675477,San Diego,2025,53
"Allen, Dustin",SAN_TOR,73,Left,695232,San Diego,2024,29
"Mosiello, Andrew",SAN_TOR,74,Right,805649,San Diego,2025,790
"Semo, Andrew",SAN_TOR,72,Right,1000054079,San Diego,2023,18
"Smith, Austin",SAN_TOR,71,Left,1000110126,San Diego,2023,617
"Smith, Austin",SAN_TOR,71,Left,801563,San Diego,2024,741
"Smith, Austin",SAN_TOR,71,Left,801563,San Diego,2025,828
"Harbour, Brian",SAN_TOR,76,Right,1000262747,San Diego,2025,26
"Bunnell, Jack",SAN_TOR,69,Right,1000114027,San Diego,2023,108
"Schapira, Calvin",SAN_TOR,77,Left,681064,San Diego,2024,586
"Minor, Chase",SAN_TOR,74,Right,1000098089,San Diego,2023,134
"Minor, Chase",SAN_TOR,74,Right,813674,San Diego,2024,109
"Cody, Hayden",SAN_TOR,74,Right,822563,San Diego,2025,421
"Sundloff, Colton",SAN_TOR,77,Right,695774,San Diego,2024,35
"Thurman, Conner",SAN_TOR,72,Right,1000114056,San Diego,2023,96
"Thurman, Conner",SAN_TOR,72,Right,676147,San Diego,2024,433
"Thurman, Conner",SAN_TOR,72,,676147,San Diego,2025,13
"Harrison, Dallin",SAN_TOR,73,Right,822300,San Diego,2024,128
"Harrison, Dallin",SAN_TOR,73,Right,822300,San Diego,2025,560
"Frize, Drake",SAN_TOR,75,Right,1000058507,San Diego,2023,227
"Frize, Drake",SAN_TOR,75,Right,813667,San Diego,2024,307
"Palencia, Fernando",SAN_TOR,70,Right,1000336164,San Diego,2025,383
"Rennie, Garrett",SAN_TOR,74,Right,1000076970,San Diego,2023,544
"Giordano, Jack",SAN_TOR,74,Right,1000134852,San Diego,2025,279
"Goodcase, JD",SAN_TOR,75,Right,1000138404,San Diego,2023,116
"Goodcase, JD",SAN_TOR,75,Right,1000138404,San Diego,2024,136
"Goodcase, JD",SAN_TOR,75,,1000138404,San Diego,2025,21
"Hyde, Jack",SAN_TOR,74,Right,1000050538,San Diego,2023,70
"Romero, Ivran",SAN_TOR,72,Right,1000074963,San Diego,2023,445
"Romero, Ivran",SAN_TOR,72,Right,813676,San Diego,2024,648
"McWilliams, Jack",SAN_TOR,75,Left,10140341,San Diego,2025,221
"Sashin, James",SAN_TOR,78,Right,1000067380,San Diego,2023,567
"Robertson, Jamie",SAN_TOR,75,Right,824528,San Diego,2025,275
"Randall, Josh",SAN_TOR,76,Right,695620,San Diego,2024,901
"Kysar, Ryan",SAN_TOR,72,Right,1000070060,San Diego,2023,236
"Kysar, Ryan",SAN_TOR,72,Right,694982,San Diego,2024,665
"Kysar, Ryan",SAN_TOR,72,,694982,San Diego,2025,79
"LaMaison, Tristan",SAN_TOR,72,Right,1000052554,San Diego,2023,183
"LaMaison, Tristan",SAN_TOR,72,Right,813665,San Diego,2024,50
"LaMaison, Tristan",SAN_TOR,72,Right,813665,San Diego,2025,439
"Reddemann, Logan",SAN_TOR,74,Right,822298,San Diego,2024,875
"Reddemann, Logan",SAN_TOR,74,Right,822298,San Diego,2025,929
"Lunceford, Morgan",SAN_TOR,70,Right,1000090832,San Diego,2023,189
"Schmidt, Mason",SAN_TOR,73,Right,1000138405,San Diego,2023,132
"Mauterer, Vaughn",SAN_TOR,72,Right,800884,San Diego,2024,301
"Michael, Peter",SAN_TOR,75,Right,1000115534,San Diego,2023,88
"Negrete, Mikiah",SAN_TOR,73,Left,1000115844,San Diego,2023,318
"Suspenzi, Nick",SAN_TOR,71,Right,1000077049,San Diego,2023,120
"Suspenzi, Nick",SAN_TOR,71,Right,813678,San Diego,2024,112
"Suspenzi, Nick",SAN_TOR,71,Right,813678,San Diego,2025,80
"Rovin, Porter",SAN_TOR,71,Left,1000255324,San Diego,2025,663
"Robinson, Ryan",SAN_TOR,75,Right,1000098308,San Diego,2023,364
"Venverloh, Vincent",SAN_TOR,69,Right,10132340,San Diego,2025,2
"Cabrera, AC",SAN_DON,70,Right,1000222290,San Francisco,2023,66
"Shew, Adam",SAN_DON,74,Right,1000125160,San Francisco,2023,145
"Shew, Adam",SAN_DON,74,Right,824247,San Francisco,2024,443
"Shew, Adam",SAN_DON,74,Right,824247,San Francisco,2025,71
"Schraeder, Aidan",SAN_DON,72,Left,1000206109,San Francisco,2023,14
"Amborn, Cal",SAN_DON,76,Right,1000222307,San Francisco,2024,180
"Amborn, Cal",SAN_DON,76,Right,1000222307,San Francisco,2025,376
"Hazell, Andrew",SAN_DON,74,Right,824237,San Francisco,2024,524
"Cupic, Austin",SAN_DON,74,Right,1000269498,San Francisco,2024,103
"Cupic, Austin",SAN_DON,74,Right,824258,San Francisco,2025,272
"Barrett, Gabriel",SAN_DON,72,Right,1000151839,San Francisco,2023,97
"Barrett, Gabriel",SAN_DON,72,Right,811644,San Francisco,2024,455
"Barrett, Gabriel",SAN_DON,72,Right,811644,San Francisco,2025,676
"Barron, Jesse",SAN_DON,73,Right,1000079913,San Francisco,2023,95
"Shepardson, Blake",SAN_DON,77,Right,824245,San Francisco,2024,368
"Wittman, Blake",SAN_DON,73,Right,1000074633,San Francisco,2023,23
"Brown, Dylan",SAN_DON,73,Right,824250,San Francisco,2025,382
"Burdick, Kai",SAN_DON,82,Right,1000125165,San Francisco,2023,62
"Calia, Kolby",SAN_DON,74,Right,824238,San Francisco,2024,355
"Calia, Kolby",SAN_DON,74,Right,824238,San Francisco,2025,348
"Pacheco, Gavin",SAN_DON,74,Right,1000223081,San Francisco,2024,55
"Pacheco, Gavin",SAN_DON,74,Right,824262,San Francisco,2025,102
"Harwell, Wesley",SAN_DON,75,Right,1000152075,San Francisco,2025,93
"Hearn, Will",SAN_DON,76,Left,1000079243,San Francisco,2023,97
"Holzemer, Hunter",SAN_DON,71,Left,10034064,San Francisco,2023,62
"Holzemer, Hunter",SAN_DON,71,Left,824240,San Francisco,2024,266
"Holzemer, Hunter",SAN_DON,71,Left,824240,San Francisco,2025,450
"Soberon, Joe",SAN_DON,73,Right,801570,San Francisco,2024,784
"Soberon, Joe",SAN_DON,73,Right,801570,San Francisco,2025,871
"Jones, Max",SAN_DON,69,Right,1000098088,San Francisco,2023,77
"Jones, Max",SAN_DON,69,Right,824242,San Francisco,2024,181
"Yovanovich, Kai",SAN_DON,75,Right,1000206506,San Francisco,2025,131
"Woltz, Kaleb",SAN_DON,74,Right,1000074886,San Francisco,2023,69
"Santerre, Lance",SAN_DON,73,Left,1000125159,San Francisco,2024,711
"Santerre, Lance",SAN_DON,73,Left,1000125159,San Francisco,2025,758
"Lepe, Oscar",SAN_DON,73,Left,1000125161,San Francisco,2023,57
"Lombard, Weston",SAN_DON,73,Left,1000125158,San Francisco,2023,114
"Nelson, Magnus",SAN_DON,74,Right,824254,San Francisco,2024,66
"McConnell, Matt",SAN_DON,73,Right,1000255955,San Francisco,2024,203
"Pohorski, Quentin",SAN_DON,77,Right,824260,San Francisco,2024,199
"Pohorski, Quentin",SAN_DON,77,Right,824260,San Francisco,2025,348
"Prystajko, Tyler",SAN_DON,73,Right,1000179769,San Francisco,2025,166
"Yerby, Ryan",SAN_DON,76,Right,1000222315,San Francisco,2023,117
"Habermann, Andrew",SAN_BRO,78,Right,1000346014,Santa Clara,2025,330
"Souza, August",SAN_BRO,74,Right,1000039318,Santa Clara,2023,140
"Souza, August",SAN_BRO,74,Right,813777,Santa Clara,2024,11
"Bayles, Max",SAN_BRO,75,Right,814742,Santa Clara,2024,526
"Bayles, Max",SAN_BRO,75,Right,814742,Santa Clara,2025,879
"Hammond, Blake",SAN_BRO,75,Right,1000120427,Santa Clara,2023,196
"Hammond, Blake",SAN_BRO,75,Right,1000120427,Santa Clara,2024,967
"Braga, Vincent",SAN_BRO,75,Right,10264957,Santa Clara,2025,115
"Gomez, Brandon",SAN_BRO,72,Left,1000228288,Santa Clara,2023,178
"Gomez, Brandon",SAN_BRO,73,Left,813776,Santa Clara,2024,933
"Gomez, Brandon",SAN_BRO,73,Left,813776,Santa Clara,2025,834
"Dotoli, Brayden",SAN_BRO,73,Right,1000199174,Santa Clara,2024,140
"Padilla, Bryce",SAN_BRO,71,Right,813773,Santa Clara,2025,91
"Wooster, Caden",SAN_BRO,80,Right,1000228290,Santa Clara,2023,11
"Wooster, Caden",SAN_BRO,80,Right,813770,Santa Clara,2024,235
"Wooster, Caden",SAN_BRO,80,Right,813770,Santa Clara,2025,403
"Pilchard, Cade",SAN_BRO,76,Right,1000039324,Santa Clara,2023,254
"Pilchard, Cade",SAN_BRO,76,Right,687300,Santa Clara,2024,646
"Kitchen, Cole",SAN_BRO,71,Right,1000051586,Santa Clara,2023,243
"Kitchen, Cole",SAN_BRO,71,Right,683234,Santa Clara,2024,646
"Lanz, Cooper",SAN_BRO,72,Right,1000158163,Santa Clara,2025,431
"Franklin, Davis",SAN_BRO,74,Left,10321928,Santa Clara,2025,85
"Feikes, Jared",SAN_BRO,74,Right,1000047554,Santa Clara,2023,298
"Fontaine, Nick",SAN_BRO,76,Left,1000189169,Santa Clara,2025,127
"Gillmore, Jace",SAN_BRO,75,Right,824225,Santa Clara,2024,437
"Gillmore, Jace",SAN_BRO,77,Right,824225,Santa Clara,2025,246
"Hales, Skylar",SAN_BRO,76,Right,1000098567,Santa Clara,2023,122
"Stewart, Henry",SAN_BRO,73,Left,1000074931,Santa Clara,2023,7
"Stewart, Henry",SAN_BRO,73,Left,813782,Santa Clara,2024,36
"Stewart, Henry",SAN_BRO,73,Left,813782,Santa Clara,2025,405
"Lazark, Jack",SAN_BRO,73,Right,824229,Santa Clara,2024,172
"Lazark, Jack",SAN_BRO,74,Right,824229,Santa Clara,2025,169
"Johnson, Josh",SAN_BRO,74,Right,824230,Santa Clara,2024,488
"Johnson, Josh",SAN_BRO,74,Right,824230,Santa Clara,2025,81
"Martinez, Victor",SAN_BRO,75,Right,824226,Santa Clara,2024,631
"Martinez, Victor",SAN_BRO,75,Right,824226,Santa Clara,2025,614
"Meyn, RJ",SAN_BRO,72,Left,10137524,Santa Clara,2025,484
"Sando, Nick",SAN_BRO,74,Left,1000083901,Santa Clara,2023,172
"Stanley, Nico",SAN_BRO,76,Right,1000120440,Santa Clara,2023,34
"Stanley, Nico",SAN_BRO,76,Right,813783,Santa Clara,2024,344
"Pappas, Will",SAN_BRO,73,Right,813784,Santa Clara,2024,106
"Schreiber, Sebastian",SAN_BRO,75,Left,824227,Santa Clara,2024,283
"Schreiber, Sebastian",SAN_BRO,75,Left,824227,Santa Clara,2025,350
"Groller, Aaron",SET_PIR,74,Left,1000051170,Seton Hall,2023,121
"Nicolosi, Alex",SET_PIR,69,Right,1000056278,Seton Hall,2023,169
"Nicolosi, Alex",SET_PIR,69,Right,809597,Seton Hall,2024,256
"Allmer, Jay",SET_PIR,78,Right,1000213955,Seton Hall,2023,112
"Allmer, Jay",SET_PIR,78,Right,801829,Seton Hall,2024,394
"Ehly, Anthony",SET_PIR,77,Right,1000213945,Seton Hall,2023,78
"Ehly, Anthony",SET_PIR,77,Right,809589,Seton Hall,2024,535
"Ehly, Anthony",SET_PIR,77,Right,809589,Seton Hall,2025,208
"Benn, Patrick",SET_PIR,73,Left,831008,Seton Hall,2025,243
"O'Neill, Brennan",SET_PIR,73,Right,1000056242,Seton Hall,2023,321
"Byrne, Connor",SET_PIR,74,Right,831006,Seton Hall,2025,306
"Calabretti, Joey",SET_PIR,74,Right,1000090157,Seton Hall,2024,148
"Calabretti, Joey",SET_PIR,74,Right,830996,Seton Hall,2025,115
"Kelsey, Carter",SET_PIR,77,Right,801965,Seton Hall,2024,60
"Cestero, Tomas",SET_PIR,77,Right,831001,Seton Hall,2025,327
"Christopher, Mason",SET_PIR,75,Left,831012,Seton Hall,2025,197
"Shine, Chris",SET_PIR,74,Right,1000079214,Seton Hall,2023,193
"Ciminiello, Michael",SET_PIR,73,Left,1000040995,Seton Hall,2023,59
"Cimpric, Richie",SET_PIR,79,Right,1000213964,Seton Hall,2023,77
"Cinnella, Joe",SET_PIR,73,Left,1000056275,Seton Hall,2023,72
"Hansen, Cole",SET_PIR,74,Right,1000016413,Seton Hall,2023,287
"Hansen, Cole",SET_PIR,74,Right,809588,Seton Hall,2024,792
"Hansen, Cole",SET_PIR,74,Right,809588,Seton Hall,2025,695
"Dowlen, Colin",SET_PIR,71,Right,1000213952,Seton Hall,2023,62
"Dowlen, Colin",SET_PIR,71,Right,809596,Seton Hall,2024,186
"Curry, Stephen",SET_PIR,72,Right,830993,Seton Hall,2025,419
"Frontera, Daniel",SET_PIR,73,Right,1000119813,Seton Hall,2023,269
"Frontera, Daniel",SET_PIR,73,Right,801862,Seton Hall,2024,408
"Frontera, Daniel",SET_PIR,73,Right,801862,Seton Hall,2025,285
"Dirado, Dom",SET_PIR,72,Left,1000057319,Seton Hall,2023,34
"Downing, John",SET_PIR,75,Left,1000213959,Seton Hall,2023,35
"Downing, John",SET_PIR,75,Left,1000213959,Seton Hall,2024,89
"Downing, John",SET_PIR,75,Left,1000213959,Seton Hall,2025,525
"Espelin, Nate",SET_PIR,72,Left,1000050202,Seton Hall,2024,471
"Gillen, Michael",SET_PIR,75,Right,1000213960,Seton Hall,2023,108
"Gillen, Michael",SET_PIR,75,Right,809595,Seton Hall,2024,517
"Wentworth, Jack",SET_PIR,76,Right,809594,Seton Hall,2024,39
"Wentworth, Jack",SET_PIR,76,Right,809594,Seton Hall,2025,40
"Torres, Jayson",SET_PIR,74,Right,1000274074,Seton Hall,2024,288
"Torres, Jayson",SET_PIR,74,Right,831005,Seton Hall,2025,261
"Marot, Jordan",SET_PIR,76,Right,831011,Seton Hall,2025,159
"Payero, Nick",SET_PIR,74,Right,1000056283,Seton Hall,2023,264
"Reich, Ryan",SET_PIR,74,Right,1000213965,Seton Hall,2023,153
"Reich, Ryan",SET_PIR,74,Right,809581,Seton Hall,2024,972
"Reich, Ryan",SET_PIR,74,Right,809581,Seton Hall,2025,624
"Morin, Alistair",SIE_SAI,76,Right,1000123320,Siena,2023,25
"Morin, Alistair",SIE_SAI,76,Right,1000123320,Siena,2024,177
"Morin, Alistair",SIE_SAI,76,Right,1000123320,Siena,2025,247
"Marynczak, Arlo",SIE_SAI,80,Right,1000079236,Siena,2023,98
"Mulamekic, Arnad",SIE_SAI,77,Left,1000123322,Siena,2023,141
"Mulamekic, Arnad",SIE_SAI,78,Left,1000123322,Siena,2024,166
"Bates, Ryan",SIE_SAI,74,Right,10148747,Siena,2023,103
"Bentz, Sebastian",SIE_SAI,75,Left,1000122257,Siena,2023,137
"Bentz, Sebastian",SIE_SAI,75,Left,694547,Siena,2024,51
"Bentz, Sebastian",SIE_SAI,75,Left,694547,Siena,2025,72
"Rozakis, Billy",SIE_SAI,72,Left,1000123323,Siena,2023,190
"Rozakis, Billy",SIE_SAI,72,Left,1000123323,Siena,2024,208
"Botelho, Marcus",SIE_SAI,77,Right,1000295411,Siena,2025,31
"Byrne, Connor",SIE_SAI,74,Right,10108947,Siena,2024,154
"Vaughn, Casey",SIE_SAI,74,Right,10070105,Siena,2024,18
"Collins, Ramsey",SIE_SAI,71,Right,10023233,Siena,2023,27
"Collins, Ramsey",SIE_SAI,72,Right,10023233,Siena,2024,43
"Collins, Ramsey",SIE_SAI,72,Right,10023233,Siena,2025,38
"Girtler, Eddie",SIE_SAI,71,Left,10131654,Siena,2023,52
"Saulys, Evan",SIE_SAI,73,Right,10296260,Siena,2024,72
"Saulys, Evan",SIE_SAI,73,Right,824532,Siena,2025,32
"Glickman, Markanthony",SIE_SAI,71,Right,10022260,Siena,2025,54
"Gunzy, JT",SIE_SAI,74,Right,1000397490,Siena,2025,108
"Hien, Randall",SIE_SAI,68,Right,10016499,Siena,2023,18
"Phelps, Holden",SIE_SAI,78,Right,694253,Siena,2025,162
"Laurer, Joey",SIE_SAI,69,Right,1000123327,Siena,2024,11
"Kahn, Matt",SIE_SAI,69,Right,1000123329,Siena,2023,43
"Kidwell, Tyler",SIE_SAI,73,Right,10109607,Siena,2024,124
"Kobryn, Trevor",SIE_SAI,75,Right,1000061720,Siena,2024,95
"Lev, Kyle",SIE_SAI,79,Right,1000018270,Siena,2023,37
"McIntosh, Lawson",SIE_SAI,75,Right,1000139450,Siena,2025,51
"Rodriguez, Noah",SIE_SAI,70,Right,1000123331,Siena,2023,60
"Rodriguez, Noah",SIE_SAI,70,Right,1000123331,Siena,2024,129
"Rodriguez, Noah",SIE_SAI,70,Right,1000123331,Siena,2025,169
"Puglisi, Nolan",SIE_SAI,76,Right,1000152863,Siena,2024,92
"Puglisi, Nolan",SIE_SAI,77,Right,1000152863,Siena,2025,48
"Taffe, Ryan",SIE_SAI,76,Right,10148754,Siena,2024,76
"Taffe, Ryan",SIE_SAI,76,Right,1000334540,Siena,2025,10
"Sausville, Tyler",SIE_SAI,67,Left,10070314,Siena,2025,106
"Tilton, Tyler",SIE_SAI,74,Right,1000123333,Siena,2023,67
"Tilton, Tyler",SIE_SAI,75,Right,1000123333,Siena,2024,121
"Tilton, Tyler",SIE_SAI,75,Right,1000123333,Siena,2025,29
"Elkhill, Andrew",SAL_JAG,74,Left,10033800,South Alabama,2024,24
"Elkhill, Andrew",SAL_JAG,74,Left,10033800,South Alabama,2025,281
"Floyd, Andrew",SAL_JAG,69,Right,1000357163,South Alabama,2025,527
"Mills, Austin",SAL_JAG,74,Right,1000233177,South Alabama,2023,39
"Mills, Austin",SAL_JAG,74,Right,1000233177,South Alabama,2024,134
"Beno, Mason",SAL_JAG,71,Right,1000357176,South Alabama,2025,72
"Boardwine, Sam",SAL_JAG,70,Left,1000357181,South Alabama,2025,149
"Boyd, Jackson",SAL_JAG,71,Right,1000080724,South Alabama,2023,323
"Brooks, Dalton",SAL_JAG,74,Right,1000051398,South Alabama,2025,458
"Brougham, Collin",SAL_JAG,74,Right,1000093960,South Alabama,2023,22
"Bruning, Jacob",SAL_JAG,73,Left,1000057527,South Alabama,2023,193
"Homniok, Caden",SAL_JAG,73,Right,1000074274,South Alabama,2023,235
"Carlson, Cade",SAL_JAG,74,Right,1000090521,South Alabama,2024,408
"Hill, Cam",SAL_JAG,76,Left,1000051336,South Alabama,2024,89
"Swilling, Carson",SAL_JAG,72,Right,691018,South Alabama,2024,750
"Carter, Seth",SAL_JAG,71,Right,1000066508,South Alabama,2023,250
"Carter, Seth",SAL_JAG,71,Right,1000066508,South Alabama,2024,259
"Carter, Seth",SAL_JAG,71,Right,1000066508,South Alabama,2025,145
"Davis, Chase",SAL_JAG,75,Left,1000107541,South Alabama,2025,727
"Lawrence, Colson",SAL_JAG,75,Right,1000058406,South Alabama,2023,214
"Cooksey, Cooper",SAL_JAG,75,Right,10292982,South Alabama,2024,320
"Cooksey, Cooper",SAL_JAG,75,Right,10292982,South Alabama,2025,57
"Diaz, Danny",SAL_JAG,71,Left,1000138407,South Alabama,2023,339
"Diaz, Danny",SAL_JAG,71,Left,1000138407,South Alabama,2024,282
"Delano, Matthew",SAL_JAG,75,Right,1000138418,South Alabama,2023,564
"Delano, Matthew",SAL_JAG,75,Right,1000138418,South Alabama,2024,102
"Zielinski, Eli",SAL_JAG,72,Left,823811,South Alabama,2025,56
"Lin, Eric",SAL_JAG,71,Right,1000112430,South Alabama,2023,187
"Lin, Eric",SAL_JAG,71,Right,1000112430,South Alabama,2024,314
"Starling, Gant",SAL_JAG,72,Right,813827,South Alabama,2024,360
"Johns, Garfield",SAL_JAG,72,Left,1000097244,South Alabama,2023,192
"Johns, Garfield",SAL_JAG,73,Left,1000097244,South Alabama,2025,185
"Kangas, Garret",SAL_JAG,73,Right,810922,South Alabama,2025,316
"Glenn, Jake",SAL_JAG,72,Right,1000112433,South Alabama,2023,14
"Wood, Grant",SAL_JAG,74,Right,1000112432,South Alabama,2023,546
"Wood, Grant",SAL_JAG,74,Right,1000112432,South Alabama,2024,271
"Haley, Jacob",SAL_JAG,75,Right,10063349,South Alabama,2024,39
"Haley, Jacob",SAL_JAG,75,Right,1000333396,South Alabama,2025,200
"Harlan, Zach",SAL_JAG,70,Right,1000057831,South Alabama,2023,193
"Heer, Mitchell",SAL_JAG,71,Right,1000077740,South Alabama,2023,699
"Heer, Mitchell",SAL_JAG,71,Right,1000077740,South Alabama,2024,240
"Heer, Mitchell",SAL_JAG,71,Right,1000077740,South Alabama,2025,850
"Maresco, Jarrett",SAL_JAG,72,Right,1000097700,South Alabama,2025,116
"Shineflew, Jaxon",SAL_JAG,74,Left,10121702,South Alabama,2024,489
"Shineflew, Jaxon",SAL_JAG,74,Left,10121702,South Alabama,2025,887
"Lee, Jeremy",SAL_JAG,71,Right,1000076209,South Alabama,2023,1092
"Johnson, Walker",SAL_JAG,75,Right,1000112438,South Alabama,2023,124
"Knowlton, Sam",SAL_JAG,80,Right,1000016841,South Alabama,2023,324
"Stepter, Kylan",SAL_JAG,71,Right,1000138415,South Alabama,2023,23
"Moore, Leif",SAL_JAG,69,Right,1000138416,South Alabama,2023,383
"Moore, Leif",SAL_JAG,70,Right,1000138416,South Alabama,2024,451
"Wash, Logan",SAL_JAG,70,Left,1000051753,South Alabama,2023,261
"Wash, Logan",SAL_JAG,70,Left,1000051753,South Alabama,2024,252
"Smith, Tyler",SAL_JAG,75,Right,8893585,South Alabama,2023,176
"Smith, Tyler",SAL_JAG,75,Right,10129901,South Alabama,2024,221
"Smith, Tyler",SAL_JAG,75,Right,10129901,South Alabama,2025,599
"Willingham, Zach",SAL_JAG,74,Left,1000138421,South Alabama,2023,316
"Willingham, Zach",SAL_JAG,74,Left,1000138421,South Alabama,2024,248
"Willingham, Zach",SAL_JAG,74,Left,1000138421,South Alabama,2025,1146
"Clemons, Alex",SOU_JAC,73,Right,1000123098,South Dakota St.,2023,225
"Clemons, Alex",SOU_JAC,73,Right,802188,South Dakota St.,2024,314
"Clemons, Alex",SOU_JAC,73,Right,802188,South Dakota St.,2025,131
"Koep, Alex",SOU_JAC,70,Left,1000251932,South Dakota St.,2024,274
"Arbogast, Reece",SOU_JAC,68,Left,1000123105,South Dakota St.,2023,164
"Arbogast, Reece",SOU_JAC,68,Left,802172,South Dakota St.,2024,297
"Arbogast, Reece",SOU_JAC,68,Left,802172,South Dakota St.,2025,105
"Peters, Arlen",SOU_JAC,74,Right,1000132233,South Dakota St.,2024,422
"Peters, Arlen",SOU_JAC,74,Right,1000132233,South Dakota St.,2025,91
"Augedahl, Tristan",SOU_JAC,80,Left,1000302016,South Dakota St.,2025,63
"Bishop, Owen",SOU_JAC,74,Right,802170,South Dakota St.,2024,93
"Bishop, Owen",SOU_JAC,74,Right,802170,South Dakota St.,2025,153
"Kunz, Blake",SOU_JAC,77,Right,1000220728,South Dakota St.,2023,315
"Bourassa, Ryan",SOU_JAC,72,Right,1000058079,South Dakota St.,2023,183
"Hawkins, Brady",SOU_JAC,75,Right,1000099666,South Dakota St.,2023,319
"Hawkins, Brady",SOU_JAC,75,Right,802159,South Dakota St.,2024,147
"Hawkins, Brady",SOU_JAC,75,Right,802159,South Dakota St.,2025,128
"Duerr, Caleb",SOU_JAC,76,Right,1000397594,South Dakota St.,2025,153
"Jacobson, Charlie",SOU_JAC,78,Left,1000220718,South Dakota St.,2024,89
"Toman, Dane",SOU_JAC,74,Right,1000123100,South Dakota St.,2023,131
"Toman, Dane",SOU_JAC,74,Right,802187,South Dakota St.,2025,66
"McDowell, Drew",SOU_JAC,74,Right,1000397600,South Dakota St.,2025,160
"Driessen, Dylan",SOU_JAC,75,Right,1000168800,South Dakota St.,2023,75
"Driessen, Dylan",SOU_JAC,75,Right,1000168800,South Dakota St.,2024,432
"Driessen, Dylan",SOU_JAC,75,Right,1000168800,South Dakota St.,2025,130
"Richey, Dylan",SOU_JAC,73,Right,1000220716,South Dakota St.,2023,136
"Richey, Dylan",SOU_JAC,73,Right,1000220716,South Dakota St.,2025,212
"Sundquist, Eli",SOU_JAC,73,Right,1000079320,South Dakota St.,2023,249
"Goble, Jake",SOU_JAC,77,Right,10025278,South Dakota St.,2023,210
"Goble, Jake",SOU_JAC,77,Right,10025278,South Dakota St.,2024,512
"Goble, Jake",SOU_JAC,77,Right,10025278,South Dakota St.,2025,135
"Kruger, Jack",SOU_JAC,76,Right,10097032,South Dakota St.,2023,112
"Kruger, Jack",SOU_JAC,76,Right,10097032,South Dakota St.,2024,357
"Jirschele, Keagen",SOU_JAC,70,Right,10013663,South Dakota St.,2025,103
"Sagedahl, Jordan",SOU_JAC,74,Right,1000099663,South Dakota St.,2023,32
"Sundquist, Jude",SOU_JAC,77,Right,10298742,South Dakota St.,2024,154
"Sundquist, Jude",SOU_JAC,77,Right,10298742,South Dakota St.,2025,86
"Kent, Will",SOU_JAC,73,Right,234818,South Dakota St.,2023,160
"Kent, Will",SOU_JAC,73,Right,10269141,South Dakota St.,2024,431
"Madison, Ty",SOU_JAC,74,Right,1000189083,South Dakota St.,2025,127
"Werk, Matthew",SOU_JAC,71,Right,1000234975,South Dakota St.,2025,28
"McCay, Nic",SOU_JAC,72,Right,1000079310,South Dakota St.,2024,459
"Siegert, Owen",SOU_JAC,69,Left,10105531,South Dakota St.,2025,36
"Longoria, Adan",USF_BUL,73,Right,1000175877,South Fla.,2024,151
"Longoria, Adan",USF_BUL,75,Right,1000175877,South Fla.,2025,316
"Archie, Bryce",USF_BUL,75,Right,1000110592,South Fla.,2024,280
"Archie, Bryce",USF_BUL,75,Right,804643,South Fla.,2025,617
"Grause, Austin",USF_BUL,72,Left,1000093815,South Fla.,2023,162
"Grause, Austin",USF_BUL,72,Right,695711,South Fla.,2024,43
"Newton, Austin",USF_BUL,78,Right,1000236861,South Fla.,2023,23
"Newton, Austin",USF_BUL,78,Right,813282,South Fla.,2024,299
"Newton, Austin",USF_BUL,78,Right,813282,South Fla.,2025,200
"Bernard, Nolan",USF_BUL,74,Right,10107181,South Fla.,2025,281
"Bevis, Logan",USF_BUL,78,Right,807292,South Fla.,2024,280
"Keyster, Brandon",USF_BUL,76,Left,1000119590,South Fla.,2025,334
"Braun, Corey",USF_BUL,74,Left,1000103064,South Fla.,2025,1141
"Brown, Ethan",USF_BUL,74,Left,1000126110,South Fla.,2023,227
"Brown, Matt",USF_BUL,76,Right,1000129078,South Fla.,2024,381
"Brown, Matt",USF_BUL,76,Right,1000129078,South Fla.,2025,235
"Pundsack, Caleb",USF_BUL,73,Left,1000075804,South Fla.,2023,52
"Pundsack, Caleb",USF_BUL,73,Left,701086,South Fla.,2025,74
"Cebert, Jack",USF_BUL,74,Right,1000052058,South Fla.,2023,296
"Cebert, Jack",USF_BUL,75,Right,701411,South Fla.,2024,1043
"Dorsey, Chandler",USF_BUL,76,Right,10033566,South Fla.,2023,56
"Dorsey, Chandler",USF_BUL,76,Right,10033566,South Fla.,2024,366
"Little, Corban",USF_BUL,69,Left,10033574,South Fla.,2023,2
"Little, Corban",USF_BUL,69,Left,803685,South Fla.,2025,120
"Kling, Corey",USF_BUL,70,Right,1000298959,South Fla.,2024,62
"Kling, Corey",USF_BUL,70,Right,1000298959,South Fla.,2025,315
"Cothren, Jackson",USF_BUL,75,Right,1000075866,South Fla.,2023,94
"Dietz, Tyler",USF_BUL,73,Right,1000034035,South Fla.,2023,22
"Madonna, Dominick",USF_BUL,71,Right,1000013844,South Fla.,2024,650
"Vega, Dylan",USF_BUL,73,Right,1000126646,South Fla.,2023,28
"Koehler, Evan",USF_BUL,74,Right,1000090196,South Fla.,2025,17
"Gailey, Lawson",USF_BUL,72,Right,10000373,South Fla.,2023,26
"Gailey, Lawson",USF_BUL,72,Right,813283,South Fla.,2024,312
"Hill, James",USF_BUL,74,Right,1000076699,South Fla.,2025,407
"Hudi, Nolan",USF_BUL,71,Right,8896030,South Fla.,2023,125
"Mink, Hunter",USF_BUL,73,Right,1000051649,South Fla.,2023,243
"Mink, Hunter",USF_BUL,73,Right,1000051649,South Fla.,2024,891
"Jackson, Justin",USF_BUL,74,Left,10062075,South Fla.,2023,132
"Nedrow, Jack",USF_BUL,74,Right,828616,South Fla.,2025,826
"Jula , Peyton",USF_BUL,73,Right,1000283428,South Fla.,2024,69
"Scrape, Kyle",USF_BUL,74,Left,1000100110,South Fla.,2024,134
"Yorek, Landen",USF_BUL,74,Right,1000214463,South Fla.,2025,406
"Sanchez, Lex",USF_BUL,70,Right,1000180205,South Fla.,2025,91
"Manriquez, Mason",USF_BUL,72,Right,1000069408,South Fla.,2023,25
"Manriquez, Mason",USF_BUL,72,Right,1000069408,South Fla.,2024,137
"Mink, Tanner",USF_BUL,72,Right,1000052125,South Fla.,2023,64
"Mink, Tanner",USF_BUL,72,Right,1000052125,South Fla.,2024,356
"Seay, Parker",USF_BUL,74,Left,1000064346,South Fla.,2023,47
"Skeen, Riley",USF_BUL,72,Right,1000096955,South Fla.,2023,128
"Skeen, Riley",USF_BUL,72,Right,813284,South Fla.,2024,251
"Hosack, Aaron",SOU_LIO,77,Right,1000221127,Southeastern La.,2023,13
"Guth, Adam",SOU_LIO,77,Left,1000120828,Southeastern La.,2023,37
"Vosburg, Aiden",SOU_LIO,74,Right,10061720,Southeastern La.,2024,299
"Vosburg, Aiden",SOU_LIO,74,Right,10061720,Southeastern La.,2025,421
"Ambrose, Chase",SOU_LIO,72,Right,1000087972,Southeastern La.,2024,36
"Ambrose, Chase",SOU_LIO,72,Right,1000087972,Southeastern La.,2025,402
"Landry, Andrew",SOU_LIO,73,Right,1000098703,Southeastern La.,2023,96
"Aspholm, Dalton",SOU_LIO,72,Right,1000079421,Southeastern La.,2023,53
"Aspholm, Dalton",SOU_LIO,72,Right,1000079421,Southeastern La.,2024,142
"Barbier, Luke",SOU_LIO,70,Left,1000099026,Southeastern La.,2025,347
"Bennett, Levi",SOU_LIO,71,Right,10106555,Southeastern La.,2023,62
"Bennett, Levi",SOU_LIO,71,Right,10106555,Southeastern La.,2024,223
"Lobell, Blake",SOU_LIO,74,Right,10070049,Southeastern La.,2025,665
"St. Pierre, Brady",SOU_LIO,72,Right,1000364925,Southeastern La.,2025,422
"Melancon, Brant",SOU_LIO,69,Left,1000107755,Southeastern La.,2025,68
"Stuprich, Brennan",SOU_LIO,70,Right,1000098708,Southeastern La.,2023,79
"Stuprich, Brennan",SOU_LIO,70,Right,1000098708,Southeastern La.,2024,462
"Stuprich, Brennan",SOU_LIO,70,Right,1000098708,Southeastern La.,2025,983
"Robb, Carson",SOU_LIO,74,Right,10063532,Southeastern La.,2024,97
"Vaught, Chance",SOU_LIO,73,Left,1000101324,Southeastern La.,2025,44
"Spencer, Connor",SOU_LIO,74,Right,10009286,Southeastern La.,2023,35
"Lee, Dakota",SOU_LIO,75,Right,1000221129,Southeastern La.,2024,333
"Fabre, Larson",SOU_LIO,72,Left,10030818,Southeastern La.,2024,246
"Fabre, Larson",SOU_LIO,72,Left,10030818,Southeastern La.,2025,146
"Gisclair, Nick",SOU_LIO,74,Right,10118777,Southeastern La.,2025,133
"Harrington, Trey",SOU_LIO,74,Right,1000026339,Southeastern La.,2023,19
"Robb, Hayden",SOU_LIO,74,Right,1000120833,Southeastern La.,2023,46
"Robb, Hayden",SOU_LIO,74,Right,1000120833,Southeastern La.,2024,248
"Howell, Kaleb",SOU_LIO,78,Right,1000298254,Southeastern La.,2024,40
"Howell, Kaleb",SOU_LIO,78,Right,1000298254,Southeastern La.,2025,370
"O'Toole, Hunter",SOU_LIO,74,Right,1000064929,Southeastern La.,2023,56
"Rodriguez, Jackson",SOU_LIO,72,Left,10018159,Southeastern La.,2023,65
"Rodriguez, Jackson",SOU_LIO,72,Left,1000329486,Southeastern La.,2024,241
"Long, Jay",SOU_LIO,75,Left,1000120834,Southeastern La.,2023,80
"Johnson, Jimmie",SOU_LIO,73,Right,10031839,Southeastern La.,2025,33
"Williams, Justin",SOU_LIO,74,Right,10017195,Southeastern La.,2024,40
"Kinzeler, Will",SOU_LIO,77,Right,1000051899,Southeastern La.,2023,81
"Kinzeler, Will",SOU_LIO,77,Right,1000051899,Southeastern La.,2024,283
"Polk, Lakin",SOU_LIO,75,Right,0,Southeastern La.,2023,16
"Polk, Lakin",SOU_LIO,75,Right,10111172,Southeastern La.,2024,249
"Polk, Lakin",SOU_LIO,76,Right,10111172,Southeastern La.,2025,586
"Lauve, Lance",SOU_LIO,71,Right,1000120836,Southeastern La.,2023,39
"Lauve, Lance",SOU_LIO,71,Right,1000120836,Southeastern La.,2024,273
"Lirette, Luke",SOU_LIO,72,Right,10030518,Southeastern La.,2025,351
"Toups, Nik",SOU_LIO,77,Left,1000164867,Southeastern La.,2025,64
"Vienne, Patrick",SOU_LIO,74,Right,822960,Southeastern La.,2025,90
"Reynolds, Reid",SOU_LIO,73,Right,1000120840,Southeastern La.,2023,33
"Todorowski, Triston",SOU_LIO,72,Right,1000221133,Southeastern La.,2025,104
"Torres, Tony",SOU_LIO,74,Right,1000141198,Southeastern La.,2025,44
"Webb, Truitt",SOU_LIO,72,Right,10151465,Southeastern La.,2025,282
"Agassi, Jaden",SOU_TRO,75,Right,1000048077,Southern California,2023,444
"Agassi, Jaden",SOU_TRO,75,,1000048077,Southern California,2025,25
"Harbour, Andrew",SOU_TRO,74,Right,821975,Southern California,2024,135
"Harbour, Andrew",SOU_TRO,74,Right,821975,Southern California,2025,163
"Johnson, Andrew",SOU_TRO,75,Right,1000134882,Southern California,2025,793
"Aoki, Caden",SOU_TRO,72,Right,1000112986,Southern California,2023,680
"Aoki, Caden",SOU_TRO,72,Right,802610,Southern California,2024,330
"Aoki, Caden",SOU_TRO,72,Right,802610,Southern California,2025,1182
"Austin, Channing",SOU_TRO,75,Right,694537,Southern California,2024,163
"Baker, Jackson",SOU_TRO,73,Right,1000276601,Southern California,2025,390
"Cushnie, Ben",SOU_TRO,74,Left,1000254994,Southern California,2025,176
"Sodersten, Blake",SOU_TRO,75,Right,1000016612,Southern California,2023,1013
"Sodersten, Blake",SOU_TRO,75,,1000016612,Southern California,2025,44
"Blatter, Brock",SOU_TRO,78,Right,800603,Southern California,2024,137
"Blum, Josh",SOU_TRO,73,Right,1000114788,Southern California,2023,433
"Blum, Josh",SOU_TRO,74,Right,810840,Southern California,2024,265
"Blum, Josh",SOU_TRO,73.5,,1000114788,Southern California,2025,25
"Purcell, Brodie",SOU_TRO,75,Right,821977,Southern California,2024,324
"Purcell, Brodie",SOU_TRO,75,Right,821977,Southern California,2025,595
"Connolly, Caden",SOU_TRO,76,Left,1000197587,Southern California,2023,385
"Connolly, Caden",SOU_TRO,76,,1000197587,Southern California,2025,17
"Hunter, Caden",SOU_TRO,74,Left,1000238818,Southern California,2025,1281
"Clarke, Garrett",SOU_TRO,74,Right,1000054431,Southern California,2023,426
"Clarke, Garrett",SOU_TRO,74,,1000054431,Southern California,2025,15
"Clark, Evan",SOU_TRO,72,Left,1000097646,Southern California,2023,36
"Clow, Nate",SOU_TRO,72,Right,1000069902,Southern California,2023,51
"Osborne, Dylan",SOU_TRO,72,Left,814148,Southern California,2025,484
"Tostrup, Dylan",SOU_TRO,74,Left,821978,Southern California,2024,72
"Ebner, Michael",SOU_TRO,75,Right,10111363,Southern California,2023,141
"Ebner, Michael",SOU_TRO,75,Right,810837,Southern California,2024,318
"Ebner, Michael",SOU_TRO,75,Right,810837,Southern California,2025,243
"Edwards, Mason",SOU_TRO,74,Left,1000108728,Southern California,2024,399
"Edwards, Mason",SOU_TRO,74,Left,821973,Southern California,2025,331
"Hammond, Eric",SOU_TRO,76,Right,1000092911,Southern California,2023,721
"Hammond, Eric",SOU_TRO,76,Right,1000092911,Southern California,2024,317
"Hedges, Ethan",SOU_TRO,73,Right,805260,Southern California,2025,168
"Hoopingarner, Ethan",SOU_TRO,75,Right,1000075578,Southern California,2023,180
"Favela, Jude",SOU_TRO,75,Right,1000134849,Southern California,2025,333
"Feikes, Jared",SOU_TRO,74,Right,686641,Southern California,2024,257
"Johnson, Fisher",SOU_TRO,74,Right,1000112992,Southern California,2023,543
"Johnson, Fisher",SOU_TRO,74,Right,1000112992,Southern California,2024,178
"Johnson, Fisher",SOU_TRO,74,Right,1000112992,Southern California,2025,52
"Rizzo, Garren",SOU_TRO,73,Right,814092,Southern California,2024,531
"Rizzo, Garren",SOU_TRO,73,Right,814092,Southern California,2025,171
"Govel, Grant",SOU_TRO,72,Right,1000340265,Southern California,2025,782
"Starrels, Jason",SOU_TRO,70,Right,1000075909,Southern California,2023,81
"Wisch, Kyle",SOU_TRO,76,Right,1000061489,Southern California,2023,516
"Wisch, Kyle",SOU_TRO,76,,1000061489,Southern California,2025,17
"Martinez, Xavier",SOU_TRO,73,Right,1000119625,Southern California,2024,399
"Matson, Sax",SOU_TRO,74,Left,821976,Southern California,2024,37
"Matson, Sax",SOU_TRO,74,Left,821976,Southern California,2025,394
"Ryhlick, Michael",SOU_TRO,76,Left,1000114254,Southern California,2024,25
"Southisene, Tee",SOU_TRO,72,Right,1000091677,Southern California,2025,219
"Spach, Toby",SOU_TRO,74,Right,1000093455,Southern California,2023,230
"Spach, Toby",SOU_TRO,74,,1000093455,Southern California,2025,18
"Stromsborg, Tyler",SOU_TRO,76,Right,1000029223,Southern California,2023,900
"Stromsborg, Tyler",SOU_TRO,76,Right,804671,Southern California,2024,646
"Foeller, Aidan",SIU_SAL,75,Right,1000256649,Southern Ill.,2024,378
"Nigut, Alec",SIU_SAL,74,Left,1000092691,Southern Ill.,2024,329
"Nigut, Alec",SIU_SAL,74,Left,1000092691,Southern Ill.,2025,170
"Holguin, Al",SIU_SAL,74,Left,813565,Southern Ill.,2024,164
"Holguin, Al",SIU_SAL,74,Left,813565,Southern Ill.,2025,63
"Yusypchuk, Andrew",SIU_SAL,75,Right,,Southern Ill.,2024,21
"Yusypchuk, Andrew",SIU_SAL,75,Right,1000272098,Southern Ill.,2025,8
"Pron, Anthony",SIU_SAL,74,Right,813856,Southern Ill.,2024,148
"Chapman, Ben",SIU_SAL,71,Right,1000102060,Southern Ill.,2023,63
"Riffe, Ben",SIU_SAL,75,Right,1000103732,Southern Ill.,2024,252
"Harpenau , Blaine",SIU_SAL,72,Right,1000114610,Southern Ill.,2025,59
"Bloemer, Jordan",SIU_SAL,73,Left,1000059175,Southern Ill.,2023,32
"Bonzagni, Paul",SIU_SAL,75,Right,1000097462,Southern Ill.,2023,38
"Carter, Cade",SIU_SAL,70,Right,10006168,Southern Ill.,2024,23
"Catto, Griffin",SIU_SAL,73,Right,10295720,Southern Ill.,2025,45
"Koonce, Cole",SIU_SAL,72,Right,1000096218,Southern Ill.,2024,188
"Koonce, Cole",SIU_SAL,72,Right,1000096218,Southern Ill.,2025,114
"Combs, Jake",SIU_SAL,71,Right,1000037505,Southern Ill.,2023,46
"Coombe, Kade",SIU_SAL,72,Right,1000132542,Southern Ill.,2024,43
"Dermody, Easton",SIU_SAL,75,Right,230909,Southern Ill.,2023,58
"Dermody, Easton",SIU_SAL,75,Right,10285994,Southern Ill.,2024,119
"Petrey, Dylan",SIU_SAL,70,Right,1000335850,Southern Ill.,2025,142
"Frizzi, Sam",SIU_SAL,73,Right,1000306572,Southern Ill.,2025,93
"Wernsing, Gavan",SIU_SAL,72,Left,1000398184,Southern Ill.,2025,121
"Gerdes, Tanner",SIU_SAL,73,Right,1000272103,Southern Ill.,2024,39
"Gerdes, Tanner",SIU_SAL,73,Right,1000272103,Southern Ill.,2025,108
"Richars, Grant",SIU_SAL,72,Right,826143,Southern Ill.,2025,70
"Harper, Scott",SIU_SAL,73,Right,1000241275,Southern Ill.,2023,40
"Harper, Scott",SIU_SAL,72,Right,1000241275,Southern Ill.,2024,67
"Irvine, Matt",SIU_SAL,74,Right,1000114626,Southern Ill.,2025,129
"Payne, Jackson",SIU_SAL,77,Right,1000092697,Southern Ill.,2025,143
"Kuntzendorf, Jake",SIU_SAL,75,Right,1000076632,Southern Ill.,2023,20
"Johnson, Meade",SIU_SAL,75,Right,813874,Southern Ill.,2025,151
"Lewis, Tanner",SIU_SAL,72,Left,1000072960,Southern Ill.,2023,61
"Steidl, Matthew",SIU_SAL,77,Right,1000062233,Southern Ill.,2023,19
"Myers, Sam",SIU_SAL,74,Right,1000161499,Southern Ill.,2024,55
"Perry, Tanner",SIU_SAL,73,Right,1000240760,Southern Ill.,2023,11
"Wilhelm, Shane",SIU_SAL,70,Right,1000051928,Southern Ill.,2023,13
"Wilhelm, Shane",SIU_SAL,70,Right,1000051928,Southern Ill.,2024,201
"Timmerman, Tyler",SIU_SAL,72,Right,1000189330,Southern Ill.,2025,229
"Rubio, Aaron",SOU_IND16,73,Right,1000130340,Southern Ind.,2025,234
"Figueroa, Abdriel",SOU_IND16,74,Right,1000280836,Southern Ind.,2024,29
"Figueroa, Abdriel",SOU_IND16,74,Right,1000280836,Southern Ind.,2025,342
"Weihe, Adam",SIU_SES,75,Right,1000226365,Southern Ind.,2023,21
"Weihe, Adam",SOU_IND16,75,Right,1000226365,Southern Ind.,2023,342
"Weihe, Adam",SOU_IND16,75,Right,1000226365,Southern Ind.,2024,99
"Wilzbach, Alex",SOU_IND16,77,Right,1000102138,Southern Ind.,2023,8
"Anderson, Cory",SIU_SES,70,Right,1000226290,Southern Ind.,2023,9
"Anderson, Cory",SOU_IND16,70,Right,1000226290,Southern Ind.,2023,186
"Anderson, Cory",SOU_IND16,70,Right,1000226290,Southern Ind.,2024,100
"Anderson, Ian",SOU_IND16,73,Right,1000337822,Southern Ind.,2025,406
"Gonzalez, Andres",SOU_IND16,72,Right,1000247860,Southern Ind.,2025,595
"Bell, Mason",SOU_IND16,68,Right,806596,Southern Ind.,2025,91
"Ciuffetelli, Blake",SIU_SES,71,Left,1000226285,Southern Ind.,2023,10
"Ciuffetelli, Blake",SOU_IND16,71,Left,1000226285,Southern Ind.,2023,381
"Kimball, Blake",SOU_IND16,73,Right,1000364963,Southern Ind.,2025,672
"Bowling, Brady",SOU_IND16,75,Right,1000226362,Southern Ind.,2023,133
"Watts, Brady",SOU_IND16,71,Right,10028857,Southern Ind.,2025,234
"Brown, Peyton",SOU_IND16,82,Right,801805,Southern Ind.,2024,493
"Meeks, Caleb",SOU_IND16,74,Right,1000059996,Southern Ind.,2023,92
"Dimidjian, Camden",SOU_IND16,72,Left,1000340151,Southern Ind.,2025,166
"Seeman, Carson",SOU_IND16,74,Right,1000072737,Southern Ind.,2024,391
"Stamm, Carter",SIU_SES,72,Right,1000226270,Southern Ind.,2023,6
"Stamm, Carter",SOU_IND16,72,Right,1000226270,Southern Ind.,2023,291
"Stamm, Carter",SOU_IND16,72,Right,1000226270,Southern Ind.,2024,149
"Weisheit, Clayton",SOU_IND16,78,Right,1000280837,Southern Ind.,2024,456
"Wolfe, Colin",SOU_IND16,72,Right,10300843,Southern Ind.,2025,171
"Smith, Gage",SOU_IND16,68,Right,1000280839,Southern Ind.,2024,110
"Morris, Gavin",SIU_SES,75,Right,1000077018,Southern Ind.,2023,31
"Morris, Gavin",SOU_IND16,75,Right,1000077018,Southern Ind.,2023,340
"Morris, Gavin",SOU_IND16,74,Right,1000077018,Southern Ind.,2024,518
"Seebold, Gavin",SOU_IND16,73,Right,1000098187,Southern Ind.,2023,365
"Seebold, Gavin",SOU_IND16,73,Right,1000098187,Southern Ind.,2024,790
"Wilson, Gavin",SOU_IND16,73,Right,1000189303,Southern Ind.,2024,244
"Geddes, Trevor",SOU_IND16,79,Left,1000226382,Southern Ind.,2024,151
"Parson, Grant",SOU_IND16,77,Right,1000280840,Southern Ind.,2024,667
"Harris, Riley",SOU_IND16,75,Right,1000101555,Southern Ind.,2023,101
"Hendrixson, Shea",SIU_SES,72,Right,1000128197,Southern Ind.,2023,21
"Hendrixson, Shea",SOU_IND16,72,Right,1000128197,Southern Ind.,2023,126
"Yamada, Hiroyuki",SOU_IND16,74,Right,1000131937,Southern Ind.,2025,341
"Hutson, Tyler",SOU_IND16,75,Right,1000226284,Southern Ind.,2023,459
"Hutson, Tyler",SOU_IND16,75,Right,1000226284,Southern Ind.,2024,437
"Porter, Jake",SOU_IND16,72,Left,1000110353,Southern Ind.,2025,550
"Kennedy, Jay",SOU_IND16,77,Left,10074228,Southern Ind.,2025,203
"Stimpson, Justin",SOU_IND16,76,Right,1000064260,Southern Ind.,2025,47
"Karl, Ryan",SOU_IND16,72,Right,1000076941,Southern Ind.,2025,40
"Norkus, Kaydon",SOU_IND16,74,Right,1000120700,Southern Ind.,2024,28
"Parsons, Kiefer",SOU_IND16,74,Right,1000090594,Southern Ind.,2025,60
"Kiesel, Will",SIU_SES,72,Left,1000226369,Southern Ind.,2023,31
"Kiesel, Will",SOU_IND16,72,Left,1000226369,Southern Ind.,2023,217
"Kiesel, Will",SOU_IND16,73,Left,1000226369,Southern Ind.,2024,293
"Loch, Marshall",SOU_IND16,75,Right,10006280,Southern Ind.,2025,205
"Maddox, Parker",SOU_IND16,72,Right,1000050537,Southern Ind.,2023,49
"Sweeney, Mason",SIU_SES,74,Left,1000226243,Southern Ind.,2023,32
"Sweeney, Mason",SOU_IND16,74,Left,1000226243,Southern Ind.,2023,196
"Sweeney, Mason",SOU_IND16,74,Left,1000226243,Southern Ind.,2024,207
"Sweeney, Mason",SOU_IND16,74,Left,1000226243,Southern Ind.,2025,98
"Moore, Matthew",SOU_IND16,77,Right,1000073342,Southern Ind.,2023,144
"Morgan, Tanner",SOU_IND16,73,Left,1000096819,Southern Ind.,2023,103
"Morgan, Tanner",SOU_IND16,73,Left,1000096819,Southern Ind.,2024,43
"Robinson, Trent",SOU_IND16,71,Right,1000226271,Southern Ind.,2023,243
"Robinson, Trent",SOU_IND16,71,Right,1000226271,Southern Ind.,2024,259
"Stout, Sage",SOU_IND16,75,Right,10128730,Southern Ind.,2025,441
"Sliger, Zach",SOU_IND16,72,Right,1000160938,Southern Ind.,2023,132
"Adams, Chase",SOU_GOL,74,Left,1000187793,Southern Miss.,2023,115
"Adams, Chase",SOU_GOL,74,Left,1000187793,Southern Miss.,2024,272
"Adams, Matthew",SOU_GOL,71,Right,1000079761,Southern Miss.,2023,914
"Adams, Matthew",SOU_GOL,71,Right,1000079761,Southern Miss.,2025,825
"Allen, Colby",SOU_GOL,71,Right,1000187785,Southern Miss.,2023,166
"Allen, Colby",SOU_GOL,71,Right,1000187785,Southern Miss.,2024,759
"Allen, Colby",SOU_GOL,71,Right,1000187785,Southern Miss.,2025,757
"Armistead, JW",SOU_GOL,77,Right,1000268381,Southern Miss.,2024,117
"Armistead, JW",SOU_GOL,77,Right,1000268381,Southern Miss.,2025,28
"Armistead, Will",SOU_GOL,74,Right,1000187792,Southern Miss.,2023,528
"Armistead, Will",SOU_GOL,74,Right,1000187792,Southern Miss.,2024,661
"Flowers, Ben Riley",SOU_GOL,74,Left,1000077622,Southern Miss.,2024,106
"Flowers, Ben Riley",SOU_GOL,74,Left,1000077622,Southern Miss.,2025,34
"Best, Chandler",SOU_GOL,72,Left,1000079768,Southern Miss.,2024,404
"Best, Chandler",SOU_GOL,72,Left,1000079768,Southern Miss.,2025,289
"Oldham, Billy",SOU_GOL,73,Right,1000132352,Southern Miss.,2023,858
"Oldham, Billy",SOU_GOL,73,Right,1000132352,Southern Miss.,2024,1331
"Boswell, Cole",SOU_GOL,75,Right,1000268372,Southern Miss.,2024,327
"Willoughby, Brooks",SOU_GOL,77,Left,1000390598,Southern Miss.,2025,394
"Culpepper, Cal",SOU_GOL,75,Right,1000268371,Southern Miss.,2025,103
"Sunstrom, Camden",SOU_GOL,74,Right,1000390605,Southern Miss.,2025,341
"Dawson, Chandler",SOU_GOL,73,Right,1000051074,Southern Miss.,2023,290
"Richardson, Cole",SOU_GOL,77,Right,1000390606,Southern Miss.,2025,69
"Cook, Jake",SOU_GOL,73,Left,1000187787,Southern Miss.,2024,84
"Dickerson, Dustin",SOU_GOL,73,Right,1000126184,Southern Miss.,2023,26
"Meeks, Drake",SOU_GOL,76,Right,10072523,Southern Miss.,2024,32
"Druckenmiller, Drew",SOU_GOL,75,Right,1000268375,Southern Miss.,2024,187
"English, McCarty",SOU_GOL,73,Right,10130888,Southern Miss.,2024,309
"English, McCarty",SOU_GOL,73,Right,823805,Southern Miss.,2025,80
"Fowler, Michael",SOU_GOL,75,Right,694725,Southern Miss.,2025,177
"Harris, Grayden",SOU_GOL,73,Left,1000390608,Southern Miss.,2025,823
"Hall, Tanner",SOU_GOL,73,Right,1000098907,Southern Miss.,2023,1247
"Townes, Holland",SOU_GOL,75,Right,1000137008,Southern Miss.,2023,69
"Rhodes, Isaiah",SOU_GOL,74,Right,1000079760,Southern Miss.,2023,308
"Parker, Jackson",SOU_GOL,72,Left,1000150624,Southern Miss.,2023,77
"Middleton, JB",SOU_GOL,72,Right,1000187788,Southern Miss.,2023,97
"Middleton, JB",SOU_GOL,72,Right,822477,Southern Miss.,2024,508
"Middleton, JB",SOU_GOL,72,Right,822477,Southern Miss.,2025,1252
"Och, Josh",SOU_GOL,71,Right,1000268376,Southern Miss.,2024,141
"Och, Josh",SOU_GOL,71,Right,827684,Southern Miss.,2025,492
"Storm, Justin",SOU_GOL,79,Left,1000100184,Southern Miss.,2023,442
"Sivley, Kros",SOU_GOL,71,Left,1000187789,Southern Miss.,2023,564
"Sivley, Kros",SOU_GOL,71,Left,1000187789,Southern Miss.,2024,746
"Sivley, Kros",SOU_GOL,71,Left,1000187789,Southern Miss.,2025,835
"Lacy, Peyton",SOU_GOL,71,Right,1000097819,Southern Miss.,2024,39
"Payne, Landen",SOU_GOL,74,Right,1000268378,Southern Miss.,2024,135
"Payne, Landen",SOU_GOL,74,Right,1000268378,Southern Miss.,2025,332
"Long, Ty",SOU_GOL,72,Right,1000390612,Southern Miss.,2025,153
"Trahan, Luke",SOU_GOL,72,Right,1000049441,Southern Miss.,2023,129
"Mazza, Niko",SOU_GOL,71,Right,1000136758,Southern Miss.,2023,1037
"Mazza, Niko",SOU_GOL,71,Right,1000136758,Southern Miss.,2024,1273
"Wascom, Micah",SOU_GOL,72,Right,1000390610,Southern Miss.,2025,133
"Monistere, Nick",SOU_GOL,71,Right,1000187790,Southern Miss.,2023,69
"Toney, Sawyer",SOU_GOL,76,Right,1000090859,Southern Miss.,2024,22
"Abdul, Malik",SOU_JAG,75,Right,1000341146,Southern U.,2025,43
"McGown, Amare",SOU_JAG,74,Right,830968,Southern U.,2025,66
"Fidanza, Anthony",SOU_JAG,72,Right,1000082354,Southern U.,2023,122
"Harris, Antoine",SOU_JAG,76,Right,1000047729,Southern U.,2023,141
"Harris, Antoine",SOU_JAG,76,Right,1000047729,Southern U.,2024,178
"Ashton, Riley",SOU_JAG,76,Right,1000125009,Southern U.,2023,50
"Banks, Nyle",SOU_JAG,71,Right,801166,Southern U.,2024,25
"Banks, Nyle",SOU_JAG,71,Right,801166,Southern U.,2025,113
"Brasseaux, Jaden",SOU_JAG,69,Right,1000226135,Southern U.,2023,60
"Brasseaux, Jaden",SOU_JAG,69,Right,809220,Southern U.,2024,50
"Brown, Oliver",SOU_JAG,72,Left,809221,Southern U.,2024,73
"Brown, Oliver",SOU_JAG,73,Left,,Southern U.,2025,29
"Burkett II, Jerry",SOU_JAG,74,Left,1000099453,Southern U.,2023,42
"Burkett II, Jerry",SOU_JAG,74,Left,1000099453,Southern U.,2024,27
"Stewart, Caiden",SOU_JAG,70,Right,830975,Southern U.,2025,118
"Washington, Caleb",SOU_JAG,70,Left,1000098332,Southern U.,2023,40
"Washington, Caleb",SOU_JAG,70,Left,801168,Southern U.,2024,35
"Tumpkin, Carlos",SOU_JAG,74,Right,1000121439,Southern U.,2023,23
"Coates, Casey",SOU_JAG,72,Left,803667,Southern U.,2025,31
"Green, Charles",SOU_JAG,74,Right,1000329970,Southern U.,2024,27
"Smith, Daren",SOU_JAG,71,Left,1000098328,Southern U.,2023,112
"Dotson, DeOnte'",SOU_JAG,76,Left,1000096538,Southern U.,2023,46
"Dotson, DeOnte'",SOU_JAG,76,Left,1000096538,Southern U.,2024,33
"Lasseigne, Drew",SOU_JAG,77,Right,1000226129,Southern U.,2023,34
"Prosper, Genesis",SOU_JAG,74,Left,702967,Southern U.,2024,96
"Prosper, Genesis",SOU_JAG,74,Left,702967,Southern U.,2025,176
"Grace, Ranard",SOU_JAG,71,Left,1000076258,Southern U.,2023,59
"Grace, Ranard",SOU_JAG,71,Left,1000076258,Southern U.,2025,100
"Grace, Rashard",SOU_JAG,71,Right,801152,Southern U.,2025,30
"Huff, Peyton",SOU_JAG,73,Right,,Southern U.,2025,47
"Jackson, Kenneth",SOU_JAG,74,Right,10317154,Southern U.,2025,9
"Long, Jalon",SOU_JAG,72,Right,1000162987,Southern U.,2023,96
"Newman, Jeremiah",SOU_JAG,72,Right,809198,Southern U.,2025,217
"Vazquez, Jorge",SOU_JAG,72,Right,830969,Southern U.,2025,62
"Kyles, Perry",SOU_JAG,73,Right,10075496,Southern U.,2023,76
"Kyles, Perry",SOU_JAG,73,Right,801155,Southern U.,2024,30
"Wilson, Nicholas",SOU_JAG,74,Right,1000121433,Southern U.,2023,29
"Wilson, Nicholas",SOU_JAG,74,,801151,Southern U.,2024,24
"Tolbert, Stephen",SOU_JAG,74,Right,830972,Southern U.,2025,93
"Barger, Alex",STB_BON,73,Right,815166,St. Bonaventure,2024,63
"Barger, Alex",STB_BON,72,Right,815166,St. Bonaventure,2025,236
"Ayers, Andrew",STB_BON,75,Left,233470,St. Bonaventure,2023,90
"Ayers, Andrew",STB_BON,75,Left,1000241282,St. Bonaventure,2024,79
"Bhat, Rushil",STB_BON,70,Right,1000078645,St. Bonaventure,2023,156
"Finn, Bobby",STB_BON,72,Left,10063192,St. Bonaventure,2023,126
"Finn, Bobby",STB_BON,72,Left,10063192,St. Bonaventure,2024,235
"Breen, Tripp",STB_BON,72,Right,1000079437,St. Bonaventure,2023,162
"Hediger, Bryce",STB_BON,72,Right,1000124871,St. Bonaventure,2023,162
"Demos, Cam",STB_BON,74,Right,1000075125,St. Bonaventure,2024,26
"Demos, Cam",STB_BON,73,Right,1000075125,St. Bonaventure,2025,63
"Caringi, Kyle",STB_BON,74,Left,1000079440,St. Bonaventure,2023,229
"Catney-Forbes, Ethan",STB_BON,78,Right,1000302068,St. Bonaventure,2025,48
"Moore, Chance",STB_BON,77,Right,1000035973,St. Bonaventure,2024,280
"Moore, Chance",STB_BON,77,Right,1000035973,St. Bonaventure,2025,320
"Playfair, Chase",STB_BON,73,Right,209866,St. Bonaventure,2023,85
"Playfair, Chase",STB_BON,73,Right,10308224,St. Bonaventure,2024,33
"Ciampa, Tristan",STB_BON,71,Right,1000249181,St. Bonaventure,2024,369
"Connors, Joel",STB_BON,74,Right,1000123284,St. Bonaventure,2024,64
"Wolf, Conor",STB_BON,70,Left,1000220122,St. Bonaventure,2025,121
"Czajkowski, Noah",STB_BON,73,Right,10073860,St. Bonaventure,2023,144
"Czajkowski, Noah",STB_BON,73,Right,10073860,St. Bonaventure,2024,391
"James, David",STB_BON,76,Right,813572,St. Bonaventure,2025,325
"Devine, Liam",STB_BON,76,Left,1000089995,St. Bonaventure,2023,363
"Fenton, Tucker",STB_BON,76,Right,251262,St. Bonaventure,2023,65
"Fenton, Tucker",STB_BON,76,Right,10327491,St. Bonaventure,2024,33
"Watts, Gabe",STB_BON,76,Left,1000124874,St. Bonaventure,2023,326
"Watts, Gabe",STB_BON,76,Left,1000124874,St. Bonaventure,2024,206
"Watts, Gabe",STB_BON,76,Left,1000124874,St. Bonaventure,2025,156
"Saunders III, Gilbert",STB_BON,76,Right,801935,St. Bonaventure,2025,148
"Ross, Jaxson",STB_BON,72,Left,10271154,St. Bonaventure,2025,130
"Lintell, Jonny",STB_BON,77,Right,10063776,St. Bonaventure,2023,84
"Walker, Kade",STB_BON,75,Left,10009416,St. Bonaventure,2024,231
"Walker, Kade",STB_BON,75,Left,10009416,St. Bonaventure,2025,236
"Klementowski, Ryan",STB_BON,73,Right,1000182147,St. Bonaventure,2025,50
"Klodowski, Nathan",STB_BON,72,Right,162281,St. Bonaventure,2023,112
"Roggenburk, Luke",STB_BON,76,Right,10006730,St. Bonaventure,2023,229
"Roggenburk, Luke",STB_BON,76,Right,10006730,St. Bonaventure,2024,223
"Roggenburk, Luke",STB_BON,76,Right,1000415854,St. Bonaventure,2025,181
"Salina, Michael",STB_BON,73,Right,1000302070,St. Bonaventure,2024,416
"Salina, Michael",STB_BON,73,Right,1000302070,St. Bonaventure,2025,144
"O'Connell, Ryan",STB_BON,78,Right,1000123002,St. Bonaventure,2023,140
"O'Connell, Ryan",STB_BON,78,Right,822480,St. Bonaventure,2024,53
"Wilkie, Tom",STB_BON,77,Left,1000175568,St. Bonaventure,2025,69
"Adams, Ben",STJ_RED,74,Left,1000050100,St. John's (NY),2023,304
"Adams, Ben",STJ_RED,74,Left,1000050100,St. John's (NY),2024,359
"Lausten, AJ",STJ_RED,71,Right,10047861,St. John's (NY),2024,223
"Lausten, AJ",STJ_RED,72,Right,1000379509,St. John's (NY),2025,314
"Alfaro, Jake",STJ_RED,74,Left,1000113944,St. John's (NY),2023,174
"Batuyios, Chris",STJ_RED,73,Right,10091978,St. John's (NY),2024,252
"Batuyios, Chris",STJ_RED,71,Right,10091978,St. John's (NY),2025,290
"Bianchi, Vincent",STJ_RED,75,Right,1000093635,St. John's (NY),2023,94
"Boyle, Jed",STJ_RED,77,Right,1000249163,St. John's (NY),2024,152
"Boyle, Jed",STJ_RED,77,Right,1000249163,St. John's (NY),2025,349
"Clark, Brady",STJ_RED,75,Right,1000352878,St. John's (NY),2025,255
"Burns, Conor",STJ_RED,70,Right,10298589,St. John's (NY),2025,176
"Falcon, Chad",STJ_RED,71,Left,10109582,St. John's (NY),2024,143
"Falcon, Chad",STJ_RED,71,Left,1000139625,St. John's (NY),2025,263
"Chaffee, Evan",STJ_RED,73,Left,10063909,St. John's (NY),2024,910
"Chaffee, Evan",STJ_RED,74,Left,1000276164,St. John's (NY),2025,1025
"Chase, Kyle",STJ_RED,73,Right,10074967,St. John's (NY),2024,252
"Chase, Kyle",STJ_RED,73,Right,10074967,St. John's (NY),2025,379
"Sanzio, Chuck",STJ_RED,73,Right,1000113940,St. John's (NY),2023,225
"Sanzio, Chuck",STJ_RED,73,Right,1000113940,St. John's (NY),2024,230
"Cirelli, Nick",STJ_RED,75,Right,1000092508,St. John's (NY),2023,514
"Cunningham, Tim",STJ_RED,78,Right,1000078229,St. John's (NY),2023,409
"Cunningham, Tim",STJ_RED,78,Right,1000078229,St. John's (NY),2024,421
"Rodriguez, David",STJ_RED,73,Right,10139769,St. John's (NY),2025,787
"Johnson, Dylan",STJ_RED,74,Right,1000113941,St. John's (NY),2023,310
"Johnson, Dylan",STJ_RED,74,Right,1000113941,St. John's (NY),2025,502
"Hoeckele, Evan",STJ_RED,75,Right,10320808,St. John's (NY),2025,299
"Fauci, Sonny",STJ_RED,75,Right,1000078223,St. John's (NY),2023,692
"Finnegan, Tommy",STJ_RED,79,Right,1000090844,St. John's (NY),2023,133
"Frederick, Victor",STJ_RED,77,Right,10151602,St. John's (NY),2025,742
"Ruiz, Jacob",STJ_RED,71,Right,10108319,St. John's (NY),2024,95
"Ruiz, Jacob",STJ_RED,71,Right,10108319,St. John's (NY),2025,194
"Mascio, Joe",STJ_RED,72,Left,1000113948,St. John's (NY),2023,820
"Mascio, Joe",STJ_RED,72,Left,1000113948,St. John's (NY),2024,58
"Kolhosser, Xavier",STJ_RED,77,Right,1000113954,St. John's (NY),2023,405
"Kolhosser, Xavier",STJ_RED,77,Right,1000113954,St. John's (NY),2024,609
"Longoria, Tyler",STJ_RED,72,Right,10106426,St. John's (NY),2025,273
"Marinaro, Louis",STJ_RED,73,Left,1000139026,St. John's (NY),2023,402
"Marinaro, Louis",STJ_RED,73,Left,1000139026,St. John's (NY),2024,578
"Marinaro, Louis",STJ_RED,73,Left,1000139026,St. John's (NY),2025,448
"Pesca, Mario",STJ_RED,80,Right,10031045,St. John's (NY),2023,465
"Pesca, Mario",STJ_RED,80,Right,10031045,St. John's (NY),2024,721
"Mettert, Sam",STJ_RED,76,Right,805329,St. John's (NY),2024,242
"Mettert, Sam",STJ_RED,76,Right,805329,St. John's (NY),2025,311
"Roche, Tyler",STJ_RED,76,Right,1000051187,St. John's (NY),2023,362
"Gutierrez Albarran, Santiago",THO_M,74,Left,1000227316,St. Thomas (MN),2023,24
"Moser, Ben",THO_M,77,Right,1000213008,St. Thomas (MN),2025,31
"Taxdahl, Ben",THO_M,74,Right,1000132179,St. Thomas (MN),2023,54
"Blesch, Jack",THO_M,73,Right,1000061912,St. Thomas (MN),2023,107
"Bobb, Easton",THO_M,72,Left,1000364742,St. Thomas (MN),2025,103
"Leedle, Bryce",THO_M,70,Right,1000135925,St. Thomas (MN),2023,67
"Leedle, Bryce",THO_M,70,Right,1000135925,St. Thomas (MN),2024,156
"Leedle, Bryce",THO_M,70,Right,1000135925,St. Thomas (MN),2025,204
"Cano, Carl",THO_M,72,Right,1000122557,St. Thomas (MN),2023,100
"Cano, Carl",THO_M,73,Right,1000122557,St. Thomas (MN),2024,112
"Cano, Carl",THO_M,73,Right,1000122557,St. Thomas (MN),2025,243
"Nelson, Chase",THO_M,74,Right,1000364747,St. Thomas (MN),2025,4
"Petersen, Chris",THO_M,76,Right,1000364751,St. Thomas (MN),2025,83
"Coborn, Duke",THO_M,75,Right,1000122561,St. Thomas (MN),2023,314
"Dailey, Colin",THO_M,72,Right,1000142326,St. Thomas (MN),2023,76
"Dalen, Kody",THO_M,76,Right,1000367001,St. Thomas (MN),2025,201
"Schewe, Devon",THO_M,76,Right,1000122560,St. Thomas (MN),2024,204
"Endres, Zak",THO_M,74,Right,10111184,St. Thomas (MN),2024,176
"Endres, Zak",THO_M,74,Right,10111184,St. Thomas (MN),2025,250
"Esch, Evan",THO_M,70,Left,10017340,St. Thomas (MN),2023,354
"Esch, Evan",THO_M,70,Left,10017340,St. Thomas (MN),2024,171
"Jackson, Evan",THO_M,71,Right,1000189027,St. Thomas (MN),2024,85
"Jackson, Evan",THO_M,71,Right,1000189027,St. Thomas (MN),2025,122
"Gartner, Kolby",THO_M,74,Right,1000107958,St. Thomas (MN),2023,173
"Gartner, Kolby",THO_M,74,Right,1000107958,St. Thomas (MN),2024,333
"Leiner, Griffin",THO_M,75,Right,1000122563,St. Thomas (MN),2023,21
"Leiner, Griffin",THO_M,75,Right,1000122563,St. Thomas (MN),2024,14
"Huhn, Tucker",THO_M,74,Right,10025946,St. Thomas (MN),2023,113
"Huhn, Tucker",THO_M,74,Right,1000237859,St. Thomas (MN),2024,113
"Huhn, Tucker",THO_M,74,Right,1000237859,St. Thomas (MN),2025,165
"Zupfer, Jack",THO_M,72,Right,1000227313,St. Thomas (MN),2023,49
"Mrosko, Jacob",THO_M,74,Right,1000076864,St. Thomas (MN),2023,304
"Mrosko, Jacob",THO_M,74,Right,1000076864,St. Thomas (MN),2024,301
"Mrosko, Jacob",THO_M,74,Right,1000076864,St. Thomas (MN),2025,25
"Klick, Jeremy",THO_M,75,Right,1000122565,St. Thomas (MN),2023,85
"Vos, Joe",THO_M,74,Left,1000132407,St. Thomas (MN),2023,5
"Kemp, Nolan",THO_M,71,Right,1000137172,St. Thomas (MN),2023,171
"Kemp, Nolan",THO_M,71,Right,1000137172,St. Thomas (MN),2024,46
"Millar, Kevin",THO_M,80,Right,10017415,St. Thomas (MN),2023,39
"Kruzan, Marcus",THO_M,74,Right,1000283214,St. Thomas (MN),2024,212
"Kruzan, Marcus",THO_M,74,Right,1000283214,St. Thomas (MN),2025,163
"Marsh, Owen",THO_M,76,Right,1000090210,St. Thomas (MN),2023,209
"Skilbeck, Max",THO_M,77,Right,1000227315,St. Thomas (MN),2023,25
"Skilbeck, Max",THO_M,77,Right,1000227315,St. Thomas (MN),2024,189
"Skilbeck, Max",THO_M,77,Right,1000227315,St. Thomas (MN),2025,93
"Nelson, Wyatt",THO_M,73,Right,1000051479,St. Thomas (MN),2024,53
"Nigut, Will",THO_M,76,Right,1000049530,St. Thomas (MN),2023,134
"Phillips, Nolan",THO_M,67,Right,10149388,St. Thomas (MN),2024,103
"Phillips, Nolan",THO_M,67,Right,10149388,St. Thomas (MN),2025,79
"Retz, Walker",THO_M,74,Right,1000122572,St. Thomas (MN),2023,171
"Retz, Walker",THO_M,75,Right,1000122572,St. Thomas (MN),2024,338
"Retz, Walker",THO_M,75,Right,1000122572,St. Thomas (MN),2025,274
"Ritter, Riane",THO_M,73,Right,1000364745,St. Thomas (MN),2025,321
"Amaral, Austin",STE_HAT,72,Right,1000075808,Stetson,2023,703
"Lepine, Andrew",STE_HAT,73,Right,1000361569,Stetson,2025,133
"Angus, Jack",STE_HAT,74,Right,1000218841,Stetson,2025,89
"Defabbia, Anthony",STE_HAT,71,Left,1000099914,Stetson,2023,512
"DeFabbia, Anthony",STE_HAT,71,Left,822507,Stetson,2024,651
"McAtee, Aric",STE_HAT,77,Right,813878,Stetson,2024,866
"Walker, Brendan",STE_HAT,72,Right,1000150266,Stetson,2023,269
"Walker, Brendan",STE_HAT,72,Right,1000150266,Stetson,2024,252
"Walker, Brendan",STE_HAT,72,Right,1000150266,Stetson,2025,114
"Gluckman, Bryce",STE_HAT,73,Right,10109518,Stetson,2025,147
"Shine, Chris",STE_HAT,73,Right,688626,Stetson,2024,217
"Stallings, Cole",STE_HAT,74,Right,1000051213,Stetson,2023,268
"Stallings, Cole",STE_HAT,74,Right,694513,Stetson,2024,343
"Smith, Cooper",STE_HAT,72,Left,1000124545,Stetson,2023,210
"Smith, Cooper",STE_HAT,72,Left,1000124545,Stetson,2025,68
"Coppersmith, Zane",STE_HAT,72,Right,1000124553,Stetson,2024,340
"Coppersmith, Zane",STE_HAT,72,Right,828358,Stetson,2025,294
"Cruz, Gabriel J",STE_HAT,70,Right,10108542,Stetson,2024,38
"Paret, Daniel",STE_HAT,75,Left,1000058747,Stetson,2023,366
"Paret, Daniel",STE_HAT,75,Left,1000058747,Stetson,2024,725
"Garcia, Danny",STE_HAT,72,Right,1000058765,Stetson,2024,123
"Garcia, Danny",STE_HAT,72,,1000058765,Stetson,2025,46
"Davenport, Mason",STE_HAT,81,Right,828495,Stetson,2025,541
"Durgin, Nick",STE_HAT,75,Right,8896756,Stetson,2023,428
"Durgin, Nick",STE_HAT,75,Right,8896756,Stetson,2024,512
"Jacobs, Dylan",STE_HAT,73,Right,1000190576,Stetson,2023,362
"Jacobs, Dylan",STE_HAT,73,Right,695631,Stetson,2024,635
"Jacobs, Dylan",STE_HAT,73,Right,695631,Stetson,2025,194
"Phillips, Ethan",STE_HAT,73,Right,804835,Stetson,2025,633
"Salak, Ethan",STE_HAT,72,Right,1000109978,Stetson,2025,195
"Gonzalez, Jason",STE_HAT,71,Right,1000190577,Stetson,2023,55
"Gonzalez, Jonathan",STE_HAT,70,Left,1000099916,Stetson,2023,542
"Gonzalez, Jonathan",STE_HAT,71,Right,1000099916,Stetson,2025,986
"Gorelick, Jake",STE_HAT,71,Right,1000097641,Stetson,2023,103
"Gorelick, Jake",STE_HAT,72,Right,1000097641,Stetson,2025,222
"Guzzi, Nick",STE_HAT,76,Right,1000093392,Stetson,2023,139
"Hays, James",STE_HAT,74,Right,805798,Stetson,2025,209
"Heyl, Matthew",STE_HAT,72,Left,1000115694,Stetson,2024,162
"Heyl, Matthew",STE_HAT,72,Left,1000115694,Stetson,2025,270
"Humphrey, Kaden",STE_HAT,73,Right,1000079036,Stetson,2023,57
"Owens, Jack",STE_HAT,70,Right,1000190578,Stetson,2023,251
"Owens, Jack",STE_HAT,70,,1000190578,Stetson,2024,13
"Velazquez, Jonathan",STE_HAT,73,Right,1000036129,Stetson,2023,73
"Solimine , Justin",STE_HAT,73,Right,1000121894,Stetson,2025,354
"Solimine, Justin",STE_HAT,73,Right,1000121894,Stetson,2025,58
"LeBlanc, Max",STE_HAT,78,Right,822489,Stetson,2025,142
"Lusignan, Simon",STE_HAT,77,Right,678146,Stetson,2023,65
"McCully, Mike",STE_HAT,75,Right,1000190575,Stetson,2024,71
"Melani, Tj",STE_HAT,72,Right,10022253,Stetson,2023,115
"Melani, Tj",STE_HAT,72,Right,10022253,Stetson,2024,229
"Melani, Tj",STE_HAT,73,Right,10022253,Stetson,2025,172
"Spoljaric , Turner",STE_HAT,74,Right,1000361550,Stetson,2025,406
"Spoljaric, Turner",STE_HAT,74,Right,1000361550,Stetson,2025,26
"Martin, Adam",STO_COL,76,Right,1000397837,Stonehill,2025,195
"Michaud, Anthony",STO_COL,74,Right,1000397840,Stonehill,2025,167
"Arzuaga, Gio",STO_COL,73,Right,813476,Stonehill,2025,148
"Bell, Hunter",STO_COL,74,Left,10264796,Stonehill,2025,52
"Bernal, Tyrell",STO_COL,67,Right,1000229026,Stonehill,2023,41
"Duff, Billy",STO_COL,81,Right,1000229027,Stonehill,2023,28
"Duff, Billy",STO_COL,81,Right,1000229027,Stonehill,2024,23
"Gray, Braydon",STO_COL,74,Right,10288308,Stonehill,2024,91
"Kelly, Brendan",STO_COL,75,Right,1000229018,Stonehill,2023,73
"Brockner, Zach",STO_COL,72,Left,10275187,Stonehill,2024,36
"Brockner, Zach",STO_COL,72,Left,10275187,Stonehill,2025,54
"Brulport, Max",STO_COL,70,Left,1000229020,Stonehill,2023,126
"Brulport, Max",STO_COL,70,Left,1000229020,Stonehill,2024,27
"Brulport, Max",STO_COL,70,Left,1000229020,Stonehill,2025,131
"Castrichini, Joe",STO_COL,74,Right,1000143939,Stonehill,2023,25
"Castrichini, Joe",STO_COL,74,Right,1000143939,Stonehill,2024,22
"Cotter, Tim",STO_COL,77,Right,1000156271,Stonehill,2024,38
"Curley, TJ",STO_COL,74,Left,10102352,Stonehill,2025,92
"Dellentash, Luke",STO_COL,72,Right,10149548,Stonehill,2025,175
"Douglas, Ryan",STO_COL,72,Right,1000080007,Stonehill,2023,28
"Douglas, Ryan",STO_COL,72,Right,10291236,Stonehill,2025,170
"Lindley, Eric ",STO_COL,73,Right,1000149805,Stonehill,2023,20
"Melendez, Francisco",STO_COL,75,Right,10148732,Stonehill,2025,43
"Friedman, Pierce",STO_COL,73,Right,1000229010,Stonehill,2024,126
"Haas, Peter",STO_COL,74,Right,1000229006,Stonehill,2024,32
"Hebert, Mason",STO_COL,70,Right,10310211,Stonehill,2025,86
"Iannibelli, Jack",STO_COL,73,Left,1000229004,Stonehill,2024,76
"Welsch, Jack",STO_COL,72,Left,1000173977,Stonehill,2025,141
"Lanzer, Jake",STO_COL,76,Left,1000072668,Stonehill,2024,38
"Lanzer, Jake",STO_COL,76,Left,1000072668,Stonehill,2025,177
"Rice, Jonathan",STO_COL,73,Left,1000057802,Stonehill,2023,61
"Marot, Jordan",STO_COL,76,Right,1000229025,Stonehill,2023,39
"Marot, Jordan",STO_COL,76,Right,1000229025,Stonehill,2024,48
"Tullish, Justin",STO_COL,70,Right,1000309699,Stonehill,2025,112
"Lawrence, Logan",STO_COL,75,Right,1000229019,Stonehill,2023,12
"Tyman, Matt",STO_COL,69,Left,1000229013,Stonehill,2023,64
"Weber, Tanyon",STO_COL,78,Right,10061134,Stonehill,2025,134
"Adams, George",SBU_SEA,74,Left,1000377463,Stony Brook,2025,235
"Colagrande, Aidan",SBU_SEA,75,Left,1000377460,Stony Brook,2025,30
"Jankowski, Alex",SBU_SEA,71,Right,1000116748,Stony Brook,2025,72
"Bellissimo, Jared",SBU_SEA,73,Left,1000008530,Stony Brook,2023,259
"Fero, Ben",SBU_SEA,73,Right,1000056362,Stony Brook,2023,140
"Book, Colton",SBU_SEA,76,Left,10038706,Stony Brook,2024,125
"Lashley, Brandon",SBU_SEA,71,Right,1000079964,Stony Brook,2023,205
"Pattermann, Brendan",SBU_SEA,76,Right,1000136363,Stony Brook,2023,73
"Thompson, Cade",SBU_SEA,72,Right,1000122849,Stony Brook,2023,28
"Colagrande, Hunter",SBU_SEA,74,Right,1000377464,Stony Brook,2025,74
"Rhein, Colin",SBU_SEA,76,Right,1000122886,Stony Brook,2024,185
"Degennaro, Nick",SBU_SEA,71,Right,8896543,Stony Brook,2023,182
"Sharkey, Devin",SBU_SEA,73,Left,1000050913,Stony Brook,2023,26
"Dieguez, Ryan",SBU_SEA,76,Right,,Stony Brook,2025,118
"Smink, Eddie",SBU_SEA,72,Right,1000214662,Stony Brook,2023,151
"Smink, Eddie",SBU_SEA,72,Right,1000214662,Stony Brook,2024,469
"Smink, Eddie",SBU_SEA,72,Right,1000214662,Stony Brook,2025,405
"Foster, Eric",SBU_SEA,73,Left,1000079934,Stony Brook,2023,12
"Kay, Evan",SBU_SEA,73,Right,1000377462,Stony Brook,2025,12
"Hobb, Jerek",SBU_SEA,72,Left,10148752,Stony Brook,2023,21
"Hobb, Jerek",SBU_SEA,72,Left,10148752,Stony Brook,2024,126
"Pedersen, Jacob",SBU_SEA,70,Right,1000305453,Stony Brook,2025,255
"Johnson, Kyle",SBU_SEA,71,Right,1000122879,Stony Brook,2023,150
"Rizzo, John",SBU_SEA,74,Right,1000078054,Stony Brook,2025,398
"O'Neill, Josh",SBU_SEA,70,Right,1000051255,Stony Brook,2023,207
"Raab, JT",SBU_SEA,77,Right,10022877,Stony Brook,2023,126
"Raab, JT",SBU_SEA,77,Right,10022877,Stony Brook,2024,364
"Mariella, Vincent",SBU_SEA,74,Right,1000377477,Stony Brook,2025,128
"Worley, Micah",SBU_SEA,77,Left,1000154080,Stony Brook,2025,37
"Montgomery, Quinlan",SBU_SEA,76,Right,1000122864,Stony Brook,2023,125
"Montgomery, Quinlan",SBU_SEA,76,Right,1000122864,Stony Brook,2024,78
"Rizzo, Nicholas",SBU_SEA,74,Left,1000136507,Stony Brook,2024,322
"Rizzo, Nicholas",SBU_SEA,74,Left,1000136507,Stony Brook,2025,317
"Panariello, Ty",SBU_SEA,69,Right,1000072688,Stony Brook,2024,50
"Panariello, Ty",SBU_SEA,69,Right,822792,Stony Brook,2025,191
"Vicioso, Sadier",SBU_SEA,71,Left,235177,Stony Brook,2023,126
"Saunders, Ty",SBU_SEA,71,Right,1000290746,Stony Brook,2024,297
"Mosiello, Andrew",TCU_HFG,74,Right,805649,TCU,2024,228
"Ayers, Kyle",TCU_HFG,73,Right,695486,TCU,2024,260
"Baumler, Trever",TCU_HFG,75,Right,815350,TCU,2025,598
"Hampton, Ben",TCU_HFG,73,Left,802134,TCU,2024,307
"Bixby, Mason",TCU_HFG,79,Right,807750,TCU,2024,224
"Bixby, Mason",TCU_HFG,79,Right,807750,TCU,2025,304
"Rogers, Blake",TCU_HFG,77,Right,10111859,TCU,2025,15
"Sloan, Braeden",TCU_HFG,76,Left,10111227,TCU,2023,556
"Sloan, Braeden",TCU_HFG,76,Left,800630,TCU,2024,469
"Sloan, Braeden",TCU_HFG,76,Left,800630,TCU,2025,779
"Brassfield, Mason",TCU_HFG,76,Left,807286,TCU,2025,894
"Brown, Cam",TCU_HFG,75,Right,690963,TCU,2023,858
"Parker, Caedmon",TCU_HFG,76,Right,696488,TCU,2024,498
"Parker, Caedmon",TCU_HFG,76,Right,696488,TCU,2025,718
"Marley, Calvin",TCU_HFG,76,Right,1000050709,TCU,2023,37
"Cormier, Carson",TCU_HFG,78,Right,822395,TCU,2025,117
"Cawyer, Zachary",TCU_HFG,75,Right,815045,TCU,2024,467
"Hoover, Chase",TCU_HFG,73,Left,1000091873,TCU,2023,493
"Hoover, Chase",TCU_HFG,73,Left,800623,TCU,2024,412
"Feser, Cohen",TCU_HFG,74,Right,1000113718,TCU,2023,388
"Feser, Cohen",TCU_HFG,74,Right,800744,TCU,2025,346
"Taylor, Colt",TCU_HFG,75,Right,1000051451,TCU,2024,94
"Eudy, Kade",TCU_HFG,73,Right,1000356853,TCU,2025,344
"Franco, Noah",TCU_HFG,75,Left,813957,TCU,2025,296
"Wright, Garrett",TCU_HFG,74,Right,1000069690,TCU,2023,390
"Shinn, Gianluca",TCU_HFG,74,Left,822599,TCU,2025,227
"Hackett, Justin",TCU_HFG,75,Right,1000111129,TCU,2023,109
"Hierholzer, Storm",TCU_HFG,75,Right,694398,TCU,2024,168
"Hodges, Hunter",TCU_HFG,75,Right,1000133918,TCU,2023,173
"Hodges, Hunter",TCU_HFG,75,Right,808788,TCU,2024,331
"James, Zack",TCU_HFG,75,Right,829659,TCU,2025,457
"Traeger, Jax",TCU_HFG,73,Right,10014178,TCU,2023,195
"Traeger, Jax",TCU_HFG,73,Right,808787,TCU,2024,37
"Traeger, Jax",TCU_HFG,73,Right,808787,TCU,2025,31
"Smith, Kaden",TCU_HFG,74,Right,10106531,TCU,2025,219
"Klecker, Kole",TCU_HFG,74,Right,1000111069,TCU,2023,1147
"Klecker, Kole",TCU_HFG,74,Right,1000111069,TCU,2024,739
"Klecker, Kole",TCU_HFG,74,Right,1000111069,TCU,2025,381
"LaPour, Tommy",TCU_HFG,76,Right,815080,TCU,2025,1329
"Rodriguez, Louis",TCU_HFG,73,Right,1000102415,TCU,2023,768
"Rodriguez, Louis",TCU_HFG,73,Right,1000102415,TCU,2024,780
"Rodriguez, Louis",TCU_HFG,73,Right,1000102415,TCU,2025,582
"Savage, Luke",TCU_HFG,73,Right,1000113721,TCU,2023,458
"Speaker, Mason",TCU_HFG,76,Right,1000050483,TCU,2023,194
"Morris, Zack",TCU_HFG,75,Left,1000047549,TCU,2024,437
"Stern, Nate",TCU_HFG,76,Right,829663,TCU,2025,273
"Newmann, Trey",TCU_HFG,78,Right,814173,TCU,2025,83
"Tolle, Payton",TCU_HFG,78,Left,801139,TCU,2024,1317
"Phenow, Tyler",TCU_HFG,78,Right,827723,TCU,2025,12
"Ridings, River",TCU_HFG,75,Left,1000048850,TCU,2023,225
"Vanderhei, Ryan",TCU_HFG,78,Right,1000013802,TCU,2023,665
"Stoutenborough, Sam",TCU_HFG,75,Right,10023485,TCU,2023,877
"Lucas, Aden",TAR_TEX,71,Right,1000189144,Tarleton St.,2025,244
"Hardin, Andrew",TAR_TEX,73,Right,10009125,Tarleton St.,2025,225
"Badmaev, Zane",TAR_TEX,80,Right,1000098269,Tarleton St.,2023,146
"Bassinger, Reese",TAR_TEX,73,Right,1000119417,Tarleton St.,2024,223
"Beagle, Parrish",TAR_TEX,72,Right,10052238,Tarleton St.,2024,143
"Beagle, Parrish",TAR_TEX,72,Right,10052238,Tarleton St.,2025,149
"Beaird, Ryan",TAR_TEX,70,Right,1000294023,Tarleton St.,2025,129
"Bosse, Ben",TAR_TEX,73,Right,1000072170,Tarleton St.,2025,63
"Bradshaw, Breck",TAR_TEX,70,Right,10111570,Tarleton St.,2024,25
"Risley, Braydon",TAR_TEX,73,Left,10131135,Tarleton St.,2024,216
"Carter, Brendon",TAR_TEX,74,Right,10278006,Tarleton St.,2025,116
"Panneton, Brian",TAR_TEX,73,Right,1000221194,Tarleton St.,2025,429
"Burcham, Jake",TAR_TEX,75,Right,1000122547,Tarleton St.,2023,58
"Burcham, Jake",TAR_TEX,75,Right,1000122547,Tarleton St.,2024,162
"Burcham, Jake",TAR_TEX,75,Right,1000122547,Tarleton St.,2025,418
"Campa, Isiah",TAR_TEX,73,Right,1000054307,Tarleton St.,2023,70
"Carter, Tanner",TAR_TEX,76,Right,1000122235,Tarleton St.,2024,9
"Cordaway, Jon",TAR_TEX,77,Right,1000098274,Tarleton St.,2023,25
"Lowry, Cort",TAR_TEX,75,Right,1000398584,Tarleton St.,2025,115
"Davis, Karsen",TAR_TEX,72,Left,10167277,Tarleton St.,2025,230
"Day, Hunter",TAR_TEX,74,Right,1000132218,Tarleton St.,2023,260
"Delvecchio, Dylan",TAR_TEX,73,Left,1000083798,Tarleton St.,2023,254
"Patel, Devon",TAR_TEX,72,Right,1000052187,Tarleton St.,2023,124
"Patel, Devon",TAR_TEX,72,Right,1000052187,Tarleton St.,2024,55
"Driskell, Jack",TAR_TEX,74,Right,699834,Tarleton St.,2024,138
"Elston, Reece",TAR_TEX,74,Left,1000217705,Tarleton St.,2023,105
"Jaques, Ethan",TAR_TEX,75,Right,1000220688,Tarleton St.,2025,191
"Fiene, Peyton",TAR_TEX,73,Right,1000318187,Tarleton St.,2025,84
"Foss, Nile",TAR_TEX,71,Left,10042462,Tarleton St.,2024,134
"Foss, Nile",TAR_TEX,71,Left,10042462,Tarleton St.,2025,51
"Garza, Grant",TAR_TEX,74,Right,1000217706,Tarleton St.,2023,98
"Garza, Grant",TAR_TEX,74,Right,1000217706,Tarleton St.,2024,203
"Gibson, Holt",TAR_TEX,75,Right,809506,Tarleton St.,2025,203
"Haley, Matt",TAR_TEX,74,Left,1000050882,Tarleton St.,2023,174
"Haley, Matt",TAR_TEX,74,Left,1000050882,Tarleton St.,2024,238
"Hatch, Spencer",TAR_TEX,72,Left,10293083,Tarleton St.,2024,46
"Hatch, Spencer",TAR_TEX,72,Left,10293083,Tarleton St.,2025,28
"Hutson, Peyton",TAR_TEX,76,Right,1000131187,Tarleton St.,2023,68
"Jacobs, Ryan",TAR_TEX,76,Right,1000098272,Tarleton St.,2023,60
"Johnston, RJ",TAR_TEX,70,Right,1000398662,Tarleton St.,2025,18
"Mcelyea, Piercen",TAR_TEX,75,Right,163423,Tarleton St.,2023,306
"Mcelyea, Piercen",TAR_TEX,75,Right,10164824,Tarleton St.,2024,242
"Olson, Tyler",TAR_TEX,71,Right,1000302465,Tarleton St.,2024,83
"Olson, Tyler",TAR_TEX,71,Right,1000302465,Tarleton St.,2025,168
"Poe, Zach",TAR_TEX,73,Right,1000050268,Tarleton St.,2023,153
"Poe, Zach",TAR_TEX,73,Right,1000050268,Tarleton St.,2024,52
"Sudderth, Tyler",TAR_TEX,71,Right,10061830,Tarleton St.,2024,61
"Combs, Aaron",TEN_VOL,75,Right,1000051915,Tennessee,2023,323
"Combs, Aaron",TEN_VOL,75,Right,694551,Tennessee,2024,587
"Abraham, Nic",TEN_VOL,77,Right,1000214822,Tennessee,2025,75
"Causey, A.J.",TEN_VOL,75,Right,822067,Tennessee,2024,307
"Causey, AJ",TEN_VOL,75,Right,822067,Tennessee,2024,961
"Russell, AJ",TEN_VOL,78,Right,1000215888,Tennessee,2023,371
"Russell, AJ",TEN_VOL,78,Right,1000215888,Tennessee,2024,258
"Russell, A.J.",TEN_VOL,78,Right,805706,Tennessee,2025,208
"Behnke, Andrew",TEN_VOL,70,Left,1000075087,Tennessee,2023,113
"Behnke, Andrew",TEN_VOL,70,Left,702716,Tennessee,2024,458
"Behnke, Andrew",TEN_VOL,70,Left,702716,Tennessee,2025,147
"Lindsey, Andrew",TEN_VOL,75,Right,1000064700,Tennessee,2023,772
"Arvidson, Brandon",TEN_VOL,77,Left,805312,Tennessee,2025,397
"Breedlove, Austin",TEN_VOL,74,Right,824445,Tennessee,2025,348
"Hunley, Austin",TEN_VOL,75,Right,808745,Tennessee,2024,127
"Hunley, Austin",TEN_VOL,75,Right,808745,Tennessee,2025,172
"Beam, Drew",TEN_VOL,76,Right,1000091450,Tennessee,2023,1005
"Beam, Drew",TEN_VOL,76,Right,701795,Tennessee,2024,1495
"Bimbi, Jacob",TEN_VOL,72,Left,1000118936,Tennessee,2023,226
"Robertson, Brady",TEN_VOL,75,Right,10028085,Tennessee,2024,50
"Krenzel, Brayden",TEN_VOL,75,Right,10068826,Tennessee,2025,402
"May, Brayden",TEN_VOL,71,Left,822073,Tennessee,2025,21
"Sharp, Brayden",TEN_VOL,74,Left,806681,Tennessee,2024,41
"Sharp, Brayden",TEN_VOL,74,Left,806681,Tennessee,2025,128
"Jenkins, Bryce",TEN_VOL,71,Right,1000113309,Tennessee,2023,265
"Thacker, Bryson",TEN_VOL,74,Left,822070,Tennessee,2025,62
"Burns, Chase",TEN_VOL,76,Right,1000090830,Tennessee,2023,841
"Sewell, Camden",TEN_VOL,76,Right,1000058168,Tennessee,2023,384
"Dollander, Chase",TEN_VOL,74,Right,1000098770,Tennessee,2023,1198
"Stamos, Chris",TEN_VOL,76,Left,800889,Tennessee,2024,478
"Combs, Ryan",TEN_VOL,75,Right,1000218244,Tennessee,2025,205
"Connell, Kirby",TEN_VOL,71,Left,1000036998,Tennessee,2023,211
"Connell, Kirby",TEN_VOL,71,Left,686664,Tennessee,2024,639
"Crabtree, Thomas",TEN_VOL,76,Right,1000108706,Tennessee,2025,226
"Dallas, Matthew",TEN_VOL,77,Left,1000271148,Tennessee,2024,287
"Schaefer, Derek",TEN_VOL,74,Right,1000072249,Tennessee,2024,186
"Doyle, Liam",TEN_VOL,74,Left,1000136545,Tennessee,2025,1242
"Loy, Dylan",TEN_VOL,72,Left,814316,Tennessee,2024,383
"Loy, Dylan",TEN_VOL,72,Left,814316,Tennessee,2025,387
"Fanning, Hollis",TEN_VOL,80,Right,10007144,Tennessee,2023,211
"Fitzgibbons, Jake",TEN_VOL,71,Left,1000119762,Tennessee,2023,233
"Franklin, Tanner",TEN_VOL,77,Right,815119,Tennessee,2025,467
"Garcia, JJ",TEN_VOL,78,Right,1000091975,Tennessee,2023,70
"Garcia, JJ",TEN_VOL,78,Right,1000091975,Tennessee,2024,142
"Halvorsen, Seth",TEN_VOL,74,Right,1000124731,Tennessee,2023,637
"Joyce, Zach",TEN_VOL,76,Right,1000190380,Tennessee,2023,180
"Kuhns, Tegan",TEN_VOL,75,Right,815158,Tennessee,2025,549
"Payne, Luke",TEN_VOL,76,Left,10049375,Tennessee,2024,65
"Payne, Luke",TEN_VOL,76,Left,10049375,Tennessee,2025,75
"Phillips, Marcus",TEN_VOL,76,Right,815071,Tennessee,2024,297
"Phillips, Marcus",TEN_VOL,76,Right,815071,Tennessee,2025,996
"Sharman, Michael",TEN_VOL,73,Left,1000072244,Tennessee,2025,358
"Snead, Nate",TEN_VOL,74,Right,805422,Tennessee,2024,885
"Snead, Nate",TEN_VOL,74,Right,805422,Tennessee,2025,623
"Sechrist, Zander",TEN_VOL,74,Left,1000108246,Tennessee,2023,473
"Sechrist, Zander",TEN_VOL,74,Left,801415,Tennessee,2024,971
"Wiggins, Tanner",TEN_VOL,74,Right,806445,Tennessee,2025,38
"Whitehead, Ace",TEX_LON,70,Left,1000113339,Texas,2023,467
"Whitehead, Ace",TEX_LON,71,Left,801390,Texas,2024,957
"Moffett, Aiden",TEX_LON,75,Right,702268,Texas,2025,70
"Duplantier II, Andre",TEX_LON,74,Right,8900075,Texas,2023,302
"Bing, Kade",TEX_LON,73,Left,1000265701,Texas,2025,534
"Boehm, Gage",TEX_LON,77,Right,814515,Texas,2024,776
"Navarre, Bryce",TEX_LON,73,Left,815512,Texas,2025,140
"Burke, DJ",TEX_LON,74,Right,1000116431,Texas,2023,423
"Burns, Thomas",TEX_LON,75,Right,814706,Texas,2025,389
"O'Hara, Cade",TEX_LON,71,Right,1000192590,Texas,2024,251
"O'Banan, Cameron",TEX_LON,74,Right,1000113349,Texas,2023,22
"Hurley, Charlie",TEX_LON,80,Right,1000131396,Texas,2023,794
"Hurley, Charlie",TEX_LON,80,Right,1000131396,Texas,2024,785
"Lummus, Chase",TEX_LON,73,Left,1000074251,Texas,2023,255
"Lummus, Chase",TEX_LON,73,Left,689874,Texas,2024,320
"Stuart, Chris",TEX_LON,72,Left,1000116427,Texas,2023,270
"Howard, Cody",TEX_LON,73,Right,1000072165,Texas,2023,196
"Howard, Cody",TEX_LON,73,Right,695714,Texas,2024,418
"Howard, Cody",TEX_LON,73,Right,695714,Texas,2025,298
"Selvig, Cole",TEX_LON,72,Right,806217,Texas,2024,160
"McCreery, Connor",TEX_LON,78,Right,810104,Texas,2025,38
"Shaw, David",TEX_LON,79,Left,1000112336,Texas,2023,538
"Shaw, David",TEX_LON,79,Left,695582,Texas,2024,316
"Rerick, Drew",TEX_LON,77,Right,815526,Texas,2025,149
"Volantis, Dylan",TEX_LON,78,Left,824414,Texas,2025,541
"Tumis, Easton",TEX_LON,76,Right,806247,Texas,2024,431
"Walker, Ethan",TEX_LON,72,Left,806531,Texas,2025,77
"Flores, Jason",TEX_LON,73,Right,815596,Texas,2025,479
"George, Pierce",TEX_LON,78,Right,1000111314,Texas,2023,44
"Gordon, Lucas",TEX_LON,73,Left,690981,Texas,2023,1480
"Saunier, Grayson",TEX_LON,76,Right,802450,Texas,2025,295
"Grubbs, Max",TEX_LON,73,Right,1000107587,Texas,2023,164
"Grubbs, Max",TEX_LON,73,Right,808763,Texas,2024,1088
"Grubbs, Max",TEX_LON,73,Right,808763,Texas,2025,665
"Hamilton, Hudson",TEX_LON,73,Right,815123,Texas,2024,263
"Hamilton, Hudson",TEX_LON,73,Right,815123,Texas,2025,189
"Harrison, Luke",TEX_LON,74,Left,801393,Texas,2024,206
"Harrison, Luke",TEX_LON,74,Left,801393,Texas,2025,905
"Tole, Heston",TEX_LON,78,Right,1000013181,Texas,2023,329
"Tole, Heston",TEX_LON,78,Right,699618,Texas,2024,178
"Spencer, Jared",TEX_LON,75,Left,801358,Texas,2025,764
"Thomas, Jared",TEX_LON,74,Left,1000111323,Texas,2024,39
"Minchey, Kobe",TEX_LON,74,Right,1000149112,Texas,2023,196
"Mercer, Will",TEX_LON,73,Left,802615,Texas,2025,38
"Morehouse, Zane",TEX_LON,76,Right,1000113365,Texas,2023,795
"Riojas, Ruger",TEX_LON,72,Right,823162,Texas,2025,939
"Walbridge, Sam",TEX_LON,77,Left,1000074256,Texas,2023,171
"Sthele, Travis",TEX_LON,72,Right,691017,Texas,2023,1054
"Witt, Tanner",TEX_LON,78,Right,691027,Texas,2023,138
"Witt, Tanner",TEX_LON,78,Right,691027,Texas,2024,139
"DeLeon, Abraham",TEX_TIG,71,Right,1000047941,Texas Southern,2023,115
"Castillo, Adolf",TEX_TIG,70,Right,1000098104,Texas Southern,2023,49
"Castillo , Adolf",TEX_TIG,70,Right,1000098104,Texas Southern,2023,46
"Castillo, Adolf",TEX_TIG,70,Right,809284,Texas Southern,2024,100
"Alford, Dalton",TEX_TIG,71,Right,822140,Texas Southern,2024,87
"Barnes, Justin",TEX_TIG,73,Right,1000118458,Texas Southern,2023,26
"Barnes, Justin",TEX_TIG,73,Right,1000118458,Texas Southern,2024,113
"Braziel, Kewan",TEX_TIG,70,Left,815175,Texas Southern,2025,279
"Wilson, Brody",TEX_TIG,70,,10017668,Texas Southern,2023,15
"Wilson, Brody",TEX_TIG,70,Right,804795,Texas Southern,2024,58
"Fontenot, Cade",TEX_TIG,74,Left,1000076035,Texas Southern,2023,23
"McClendon, Calvin",TEX_TIG,73,Left,809365,Texas Southern,2025,198
"Castro, Josiah",TEX_TIG,72,Right,1000072608,Texas Southern,2023,41
"Castro, Josiah",TEX_TIG,72,Right,1000072608,Texas Southern,2024,117
"Dennis, Collin",TEX_TIG,70,Left,831069,Texas Southern,2025,39
"Hensley, Dade",TEX_TIG,71,Right,66643,Texas Southern,2023,17
"Hensley, Dade",TEX_TIG,71,Right,809281,Texas Southern,2024,73
"Martinez, Domenic",TEX_TIG,72,,1000227303,Texas Southern,2023,91
"Martinez, Domenic",TEX_TIG,72,Left,809279,Texas Southern,2024,71
"Fluet, Josh",TEX_TIG,72,Right,1000131807,Texas Southern,2023,112
"Garcia, Isaac",TEX_TIG,71,Right,1000127925,Texas Southern,2024,38
"Garcia, Isaac",TEX_TIG,71,Right,1000127925,Texas Southern,2025,102
"Head, Kobe",TEX_TIG,72,Right,1000015973,Texas Southern,2023,47
"Maynard, Jace",TEX_TIG,73,Left,831076,Texas Southern,2025,58
"Malone, James",TEX_TIG,75,Left,1000120968,Texas Southern,2023,36
"Malone, James",TEX_TIG,75,Left,809286,Texas Southern,2024,125
"Malone, James",TEX_TIG,75,Left,809286,Texas Southern,2025,94
"Moya, John",TEX_TIG,73,Left,831073,Texas Southern,2025,88
"Luccioni, Jose",TEX_TIG,71,Right,831075,Texas Southern,2025,86
"Villalobos, Jose",TEX_TIG,75,Right,822141,Texas Southern,2025,10
"Prieto, Joshua",TEX_TIG,71,Right,10916803,Texas Southern,2025,50
"Zwitzer, Jurgen",TEX_TIG,77,Right,1000227304,Texas Southern,2023,125
"Mayes, Justin",TEX_TIG,73,Right,10916805,Texas Southern,2025,420
"Valdez, Justyn",TEX_TIG,69,Left,1000129076,Texas Southern,2023,49
"Walton, Kameron",TEX_TIG,75,Right,822143,Texas Southern,2024,60
"Walton, Kameron",TEX_TIG,75,Right,,Texas Southern,2025,89
"Lamas, Mateo",TEX_TIG,75,Right,10031548,Texas Southern,2023,95
"Tavarez, Leeroy",TEX_TIG,74,Right,821401,Texas Southern,2025,69
"Moore, Sidney",TEX_TIG,70,Right,831082,Texas Southern,2025,73
"Valentin, Alex",TEX_BOB,72,Left,806251,Texas St.,2025,1114
"Eaton, Austin",TEX_BOB,73,Right,1000118489,Texas St.,2024,338
"Eaton, Austin",TEX_BOB,73,Right,1000118489,Texas St.,2025,611
"Smith, Austin",TEX_BOB,71,Left,1000099306,Texas St.,2023,126
"Timmins, Braylen",TEX_BOB,73,Left,1000229421,Texas St.,2025,298
"Brown, Drayton",TEX_BOB,75,Right,801327,Texas St.,2024,313
"Dudley, Bryson",TEX_BOB,75,Right,703657,Texas St.,2025,621
"Buckingham, Dalton",TEX_BOB,73,Right,1000125074,Texas St.,2023,30
"Bush, Cameron",TEX_BOB,74,Right,1000080034,Texas St.,2023,188
"Bush, Cameron",TEX_BOB,74,Right,1000080034,Texas St.,2024,218
"Graham, Calen",TEX_BOB,77,Right,822905,Texas St.,2024,67
"O'Banan, Cameron",TEX_BOB,72,Right,702160,Texas St.,2024,45
"O'Banan, Cameron",TEX_BOB,75,Right,702160,Texas St.,2025,172
"Keithley, Carson",TEX_BOB,72,Left,1000099314,Texas St.,2023,103
"Laws, Carson",TEX_BOB,73,Right,1000261693,Texas St.,2025,686
"Diaz, Colby",TEX_BOB,70,Right,1000223620,Texas St.,2023,22
"Diaz, Colby",TEX_BOB,73,Right,1000223620,Texas St.,2024,40
"Diaz, Colby",TEX_BOB,73,Right,1000223620,Texas St.,2025,290
"Connell, Shane",TEX_BOB,73,Right,1000224782,Texas St.,2025,496
"Doucet, Conner",TEX_BOB,73,Right,830896,Texas St.,2025,47
"Cooper, Tyler",TEX_BOB,71,Left,1000122047,Texas St.,2024,1
"Park, Dawson",TEX_BOB,71,Right,830892,Texas St.,2025,29
"Dixon, Triston",TEX_BOB,73,Right,1000065061,Texas St.,2023,235
"Kerbow, Dylan",TEX_BOB,73,Right,1000094195,Texas St.,2023,46
"Kerbow, Dylan",TEX_BOB,73,Right,701749,Texas St.,2025,162
"Gann, McCray",TEX_BOB,72,Right,1000090951,Texas St.,2023,64
"Glaser, Josh",TEX_BOB,73,Right,830900,Texas St.,2025,308
"Gould, Reece ",TEX_BOB,76,Right,1000056497,Texas St.,2023,28
"Hall, Sam",TEX_BOB,73,Right,822906,Texas St.,2024,372
"Hall, Sam",TEX_BOB,75,Right,822906,Texas St.,2025,205
"Key, Hayde",TEX_BOB,72,Right,1000050931,Texas St.,2025,130
"Holbrook, Nicholas",TEX_BOB,74,Right,822907,Texas St.,2024,13
"Mayo, Jackson",TEX_BOB,74,Left,825310,Texas St.,2025,136
"Teer, Jackson",TEX_BOB,73,Right,699417,Texas St.,2025,518
"Stroud, Jack",TEX_BOB,69,Left,1000051210,Texas St.,2023,285
"Stroud, Jack",TEX_BOB,71,Left,1000051210,Texas St.,2024,19
"Tovar, Jesus",TEX_BOB,72,Left,821349,Texas St.,2025,968
"Martinez, Jonathan",TEX_BOB,72,Right,1000099308,Texas St.,2023,135
"Martinez, Jonathan",TEX_BOB,72,Right,1000099308,Texas St.,2024,225
"Lawton, Ryan",TEX_BOB,71,Left,1000185591,Texas St.,2025,102
"Wells, Levi",TEX_BOB,74,Right,1000069688,Texas St.,2023,469
"Tippie, Matthew",TEX_BOB,75,Right,1000122383,Texas St.,2024,68
"Tippie, Matthew",TEX_BOB,76,Right,1000122383,Texas St.,2025,643
"McCaffety, Rhett",TEX_BOB,71,Left,1000050993,Texas St.,2023,68
"McCaffety, Rhett",TEX_BOB,72,Left,699578,Texas St.,2024,104
"Medrano, Nathan",TEX_BOB,71,Right,1000065910,Texas St.,2023,236
"Wofford, Otto",TEX_BOB,74,Right,1000080049,Texas St.,2023,107
"Wofford, Otto",TEX_BOB,73,Right,1000080049,Texas St.,2024,97
"Peterson, Sam",TEX_BOB,76,Right,10014033,Texas St.,2023,42
"Zabel, Peyton",TEX_BOB,79,Right,1000103058,Texas St.,2023,121
"Zabel, Peyton",TEX_BOB,79,Right,681946,Texas St.,2024,70
"Seay, Taylor",TEX_BOB,74,Right,822913,Texas St.,2024,172
"Seay, Taylor",TEX_BOB,74,Right,822913,Texas St.,2025,28
"Wood, Zeke",TEX_BOB,76,Right,1000082832,Texas St.,2023,226
"DeVine, Andrew",TEX_RAI,70,Right,1000029323,Texas Tech,2023,289
"Baugh, Carson",TEX_RAI,73,Left,822433,Texas Tech,2024,126
"Baugh, Carson",TEX_RAI,73,Left,822433,Texas Tech,2025,119
"Beckel, Brandon",TEX_RAI,76,Right,1000098203,Texas Tech,2023,667
"Bevis, Logan",TEX_RAI,79,Right,807292,Texas Tech,2025,294
"Blessie, Bo",TEX_RAI,75,Right,1000013583,Texas Tech,2023,68
"Boudreau, Tyler",TEX_RAI,73,Right,1000119349,Texas Tech,2025,833
"Trombello, Brady",TEX_RAI,74,Right,822434,Texas Tech,2024,50
"Trombello, Brady",TEX_RAI,74,Right,822434,Texas Tech,2025,54
"Bravo, Damian",TEX_RAI,74,Right,1000093684,Texas Tech,2023,85
"Girton, Brendan",TEX_RAI,74,Right,1000098201,Texas Tech,2023,799
"Lysik, Brendan",TEX_RAI,77,Left,1000133426,Texas Tech,2023,139
"Lysik, Brendan",TEX_RAI,77,Left,1000133426,Texas Tech,2024,323
"Bridges, Derek",TEX_RAI,73,Left,1000050272,Texas Tech,2023,95
"Bridges, Derek",TEX_RAI,73,Left,699548,Texas Tech,2024,204
"Burns, Jackson",TEX_RAI,76,Right,1000165629,Texas Tech,2025,31
"McGarrh, Cade",TEX_RAI,75,Right,1000107414,Texas Tech,2023,17
"Cebert, Jack",TEX_RAI,75,Right,701411,Texas Tech,2025,832
"Coe, Chandler",TEX_RAI,78,Right,822432,Texas Tech,2024,42
"Kaase, Cole",TEX_RAI,75,Right,806450,Texas Tech,2024,272
"Mohan, Connor",TEX_RAI,75,Right,10264936,Texas Tech,2025,483
"Coombes, Ethan",TEX_RAI,74,Right,1000131190,Texas Tech,2023,320
"Crotchfelt, Zach",TEX_RAI,75,Left,702678,Texas Tech,2025,296
"Crowley, Garrett",TEX_RAI,76,Left,1000078870,Texas Tech,2023,62
"Dathe, Dax",TEX_RAI,75,Right,1000052163,Texas Tech,2023,70
"Drake, Jt",TEX_RAI,75,Right,1000273591,Texas Tech,2025,189
"Erdman, Zach",TEX_RAI,74,Right,1000107454,Texas Tech,2023,229
"Erdman, Zach",TEX_RAI,74,Left,809723,Texas Tech,2024,494
"Erdman, Zach",TEX_RAI,74,Left,809723,Texas Tech,2025,231
"Espinoza, Jorden",TEX_RAI,74,Left,826537,Texas Tech,2025,104
"Fast, Taber",TEX_RAI,73,Left,1000072740,Texas Tech,2023,579
"Fast, Taber",TEX_RAI,73,Left,1000072740,Texas Tech,2024,138
"Free, Ryan",TEX_RAI,74,Left,1000123353,Texas Tech,2023,651
"Free, Ryan",TEX_RAI,74,Left,809722,Texas Tech,2024,639
"Heuer, Mac",TEX_RAI,77,Right,1000137156,Texas Tech,2024,607
"Heuer, Mac",TEX_RAI,77,Right,806121,Texas Tech,2025,936
"Luce, Hudson",TEX_RAI,79,Left,822435,Texas Tech,2024,242
"Parker, Hudson",TEX_RAI,72,Right,822426,Texas Tech,2024,271
"Huffling, Max",TEX_RAI,81,Left,809513,Texas Tech,2024,222
"Hutyra, Parker",TEX_RAI,76,Right,822429,Texas Tech,2024,517
"Hutyra, Parker",TEX_RAI,76,Right,822429,Texas Tech,2025,90
"Rhodes, Isaiah",TEX_RAI,74,Right,1000079760,Texas Tech,2024,188
"Livingstone, Jack",TEX_RAI,75,Right,10063781,Texas Tech,2023,5
"Washburn, Jack",TEX_RAI,74,Right,687929,Texas Tech,2024,508
"Rogers, Jacob",TEX_RAI,74,Right,1000233012,Texas Tech,2023,364
"Rogers, Jacob",TEX_RAI,74,Right,805032,Texas Tech,2024,514
"Rogers, Jacob",TEX_RAI,74,Right,805032,Texas Tech,2025,81
"Lopez, Jase",TEX_RAI,72,Right,1000120263,Texas Tech,2023,267
"Jordan, Will",TEX_RAI,77,Right,1000209286,Texas Tech,2025,323
"Sanders, Josh",TEX_RAI,75,Right,1000050288,Texas Tech,2023,377
"Sanders, Josh",TEX_RAI,75,Right,699560,Texas Tech,2024,497
"Robinson, Kyle",TEX_RAI,78,Right,10034759,Texas Tech,2023,584
"Robinson, Kyle",TEX_RAI,78,Right,701836,Texas Tech,2024,1102
"Pirko, Lukas",TEX_RAI,73,Right,814556,Texas Tech,2025,512
"Molina, Mason",TEX_RAI,74,Left,1000091733,Texas Tech,2023,1161
"Parish, Trendan",TEX_RAI,72,Right,1000093283,Texas Tech,2023,1007
"Parish, Trendan",TEX_RAI,72,Right,701829,Texas Tech,2024,286
"Parish, Trendan",TEX_RAI,72,Right,701829,Texas Tech,2025,475
"Petty, Zane",TEX_RAI,73,Right,10111328,Texas Tech,2023,558
"Petty, Zane",TEX_RAI,73,Right,806272,Texas Tech,2024,225
"Petty, Zane",TEX_RAI,73,Right,806272,Texas Tech,2025,866
"Sanders, Travis",TEX_RAI,73,Right,702533,Texas Tech,2024,31
"Anderson, Chandler",CIT_BUL,77,Right,1000053913,The Citadel,2025,503
"Stanley, Andrew",CIT_BUL,77,Right,1000123512,The Citadel,2025,926
"Hausner, Anthony",CIT_BUL,75,Right,1000266249,The Citadel,2024,210
"Hausner, Anthony",CIT_BUL,75,Right,1000266249,The Citadel,2025,229
"Patel, Aryan",CIT_BUL,72,Right,10030882,The Citadel,2025,49
"Bastian, Will",CIT_BUL,73,Right,1000049419,The Citadel,2023,192
"Brash, Ben",CIT_BUL,76,Right,10073696,The Citadel,2024,196
"Brash, Ben",CIT_BUL,76,Right,10073696,The Citadel,2025,513
"Hutchins, Ben",CIT_BUL,73,Right,1000100020,The Citadel,2023,819
"Hutchins, Ben",CIT_BUL,73,Right,1000100020,The Citadel,2024,667
"Bland, Yates",CIT_BUL,77,Right,10025340,The Citadel,2023,259
"Bland, Yates",CIT_BUL,77,Right,1000235813,The Citadel,2024,75
"Bland, Yates",CIT_BUL,77,Right,1000235813,The Citadel,2025,627
"Gielow, Brandon",CIT_BUL,73,Left,1000119269,The Citadel,2023,10
"Reeves, Cameron",CIT_BUL,75,Right,1000049409,The Citadel,2023,1131
"Van Slooten, Cj",CIT_BUL,76,Right,1000107385,The Citadel,2023,268
"Van Slooten, Cj",CIT_BUL,78,Right,1000107385,The Citadel,2024,42
"Van Slooten, Cj",CIT_BUL,78,Right,1000107385,The Citadel,2025,304
"Davis, Zane",CIT_BUL,72,Right,1000375159,The Citadel,2025,437
"Floyd, George Derrick",CIT_BUL,70,Left,1000112363,The Citadel,2023,522
"Floyd, George Derrick",CIT_BUL,70,Left,1000112363,The Citadel,2024,858
"Floyd, George Derrick",CIT_BUL,70,Left,1000112363,The Citadel,2025,721
"Fewell, Ethan",CIT_BUL,75,Right,1000079464,The Citadel,2023,236
"Fewell, Ethan",CIT_BUL,75,Right,1000079464,The Citadel,2024,434
"Paulsen, Fisher",CIT_BUL,73,Left,1000051645,The Citadel,2023,275
"Paulsen, Fisher",CIT_BUL,73,Left,1000051645,The Citadel,2024,356
"Paulsen, Fisher",CIT_BUL,73,Left,1000051645,The Citadel,2025,243
"Starling, Gant",CIT_BUL,73,Right,1000075257,The Citadel,2023,570
"Graf, Simon",CIT_BUL,70,Left,1000051132,The Citadel,2023,20
"Holmes, Will",CIT_BUL,72,Left,1000112378,The Citadel,2023,799
"Holmes, Will",CIT_BUL,72,Left,1000112378,The Citadel,2024,177
"Holmes, Will",CIT_BUL,72,Left,1000112378,The Citadel,2025,604
"Thunberg, Jack",CIT_BUL,78,Left,1000146269,The Citadel,2024,36
"Jones, Tyler",CIT_BUL,73,Right,1000190351,The Citadel,2023,199
"Kissenberth, Luke",CIT_BUL,74,Right,1000112372,The Citadel,2023,52
"Kissenberth, Luke",CIT_BUL,74,Right,1000112372,The Citadel,2024,546
"Slemp, Landon",CIT_BUL,74,Right,1000168079,The Citadel,2024,857
"Webb, Maddox",CIT_BUL,74,Right,1000266555,The Citadel,2024,352
"Webb, Maddox",CIT_BUL,74,Right,1000266555,The Citadel,2025,831
"Polk, Matthew",CIT_BUL,75,Right,90000233254,The Citadel,2024,87
"Polk, Matthew",CIT_BUL,75,Right,90000233254,The Citadel,2025,141
"Morris, Will",CIT_BUL,77,Right,1000266556,The Citadel,2024,242
"Wood, Oliver",CIT_BUL,72,Right,1000077302,The Citadel,2025,432
"Clelland, Andrew",TOL_ROC,78,Right,1000098605,Toledo,2025,74
"Bergman, Jackson",TOL_ROC,77,Right,10012348,Toledo,2024,121
"Bergman, Jackson",TOL_ROC,78,Right,10012348,Toledo,2025,701
"Curry, Braden",TOL_ROC,75,Right,1000367325,Toledo,2025,521
"Sasse, Brady",TOL_ROC,77,Right,1000367326,Toledo,2025,555
"McCune, Brennan",TOL_ROC,76,,10006664,Toledo,2023,166
"McCune, Brennan",TOL_ROC,76,Right,1000236667,Toledo,2024,85
"McCune, Brennan",TOL_ROC,76,Right,1000236667,Toledo,2025,415
"Kline, Caden",TOL_ROC,75,Left,1000098608,Toledo,2024,4
"Kline, Caden",TOL_ROC,75,Left,1000098608,Toledo,2025,89
"Szynski, Camryn",TOL_ROC,74,,1000076679,Toledo,2023,46
"Szynski, Camryn",TOL_ROC,74,Right,1000076679,Toledo,2024,81
"Hall, Dane",TOL_ROC,77,Right,10042692,Toledo,2024,84
"Danzeisen, Logan",TOL_ROC,74,Right,694670,Toledo,2024,121
"Danzeisen, Logan",TOL_ROC,74,Right,694670,Toledo,2025,133
"Dillon, Patrick",TOL_ROC,75,,1000101981,Toledo,2023,132
"Dillon, Patrick",TOL_ROC,75,Right,1000101981,Toledo,2024,30
"Umberger, Grant",TOL_ROC,76,Left,802359,Toledo,2024,154
"Hubbard, Matt",TOL_ROC,75,Right,1000367331,Toledo,2025,25
"Hughes, Ryan",TOL_ROC,78,Right,10111099,Toledo,2024,39
"Hughes, Ryan",TOL_ROC,79,Right,10111099,Toledo,2025,261
"Walker, Jack",TOL_ROC,78,,1000050520,Toledo,2023,170
"Walker, Jack",TOL_ROC,78,Left,1000050520,Toledo,2024,41
"Tabor, Jacob",TOL_ROC,76,Left,1000282880,Toledo,2024,40
"Tabor, Jacob",TOL_ROC,76,Left,1000282880,Toledo,2025,679
"Johnson, Noah",TOL_ROC,77,,1000073055,Toledo,2023,149
"Johnson, Noah",TOL_ROC,77,Left,1000073055,Toledo,2024,162
"Jones, Logan",TOL_ROC,75,Right,1000051436,Toledo,2025,575
"Laisure, Josh",TOL_ROC,71,Right,1000234939,Toledo,2025,119
"Kennedy, Ryan",TOL_ROC,77,Right,1000078115,Toledo,2025,580
"Music, Kyle",TOL_ROC,77,,1000049397,Toledo,2023,26
"Music, Kyle",TOL_ROC,77,Right,1000049397,Toledo,2024,44
"Pijaszek, Kyle",TOL_ROC,72,,1000101985,Toledo,2023,164
"Pijaszek, Kyle",TOL_ROC,72,Right,1000101985,Toledo,2024,71
"Leininger, Nathan",TOL_ROC,76.5,,10085249,Toledo,2023,62
"Leininger, Nathan",TOL_ROC,76,Right,10085249,Toledo,2024,23
"Leininger, Nathan",TOL_ROC,77,Right,10085249,Toledo,2025,378
"Lelito, Matt",TOL_ROC,76,,1000122350,Toledo,2023,131
"Lelito, Matt",TOL_ROC,76,Right,1000122350,Toledo,2024,61
"Shunck, RJ",TOL_ROC,78.5,,10012310,Toledo,2023,94
"Shunck, RJ",TOL_ROC,78,Left,10012310,Toledo,2024,33
"Shunck, RJ",TOL_ROC,79,Left,10012310,Toledo,2025,393
"Sipple, Tristan",TOL_ROC,72,Left,803087,Toledo,2024,29
"Skeriotis, Yianni",TOL_ROC,76,Right,1000080079,Toledo,2024,35
"Skeriotis, Yianni",TOL_ROC,74,Right,1000080079,Toledo,2025,390
"Cromwell, Alex",TOW_TIG,74,Right,827288,Towson,2025,54
"Santangelo, Andalo",TOW_TIG,73,Right,1000099370,Towson,2023,113
"Santangelo, Andalo",TOW_TIG,73,Right,1000099370,Towson,2024,66
"Luczak, Andrew",TOW_TIG,75,Right,1000275546,Towson,2024,584
"Luczak, Andrew",TOW_TIG,75,Right,1000275546,Towson,2025,523
"Heiple, Avery",TOW_TIG,75,Left,1000198325,Towson,2024,78
"Spencer, Bobby",TOW_TIG,75,Right,1000076024,Towson,2023,86
"Spencer, Bobby",TOW_TIG,75,Right,1000076024,Towson,2024,155
"Jung, Brandon",TOW_TIG,74,Right,1000198326,Towson,2023,75
"Jung, Brandon",TOW_TIG,74,Right,1000198326,Towson,2024,189
"Clark, Cam",TOW_TIG,73,Right,1000058593,Towson,2023,108
"Clowar, Shayne",TOW_TIG,76,Right,1000065039,Towson,2023,65
"Cunnane, Jace",TOW_TIG,74,Right,10307263,Towson,2025,371
"DeProspero, Dutch",TOW_TIG,74,Right,1000363135,Towson,2025,597
"Emmons, Kyle",TOW_TIG,76,Right,10131512,Towson,2024,206
"Emmons, Kyle",TOW_TIG,76,Right,10131512,Towson,2025,247
"Pecko, Ethan",TOW_TIG,74,Right,1000113121,Towson,2023,48
"Meyer, Fritz",TOW_TIG,79,Right,10025389,Towson,2024,107
"Ortiz, Henry",TOW_TIG,72,Right,10052427,Towson,2025,117
"Vantassell, Jackson",TOW_TIG,75,Right,1000116789,Towson,2023,16
"Vantassell, Jackson",TOW_TIG,75,,1000116789,Towson,2024,85
"Whiteman, Jacob",TOW_TIG,75,Right,10074240,Towson,2023,85
"Whiteman, Jacob",TOW_TIG,75,Right,10074240,Towson,2024,163
"Whiteman, Jacob",TOW_TIG,75,Right,10074240,Towson,2025,427
"Michel, Jake",TOW_TIG,77,Right,1000222651,Towson,2024,435
"Jeske, Ryder",TOW_TIG,71,Right,1000138948,Towson,2024,343
"Jeske, Ryder",TOW_TIG,71,Right,1000138948,Towson,2025,352
"Rosario, Jonathan",TOW_TIG,73,Left,1000363137,Towson,2025,67
"Luton, Jordan",TOW_TIG,72,Right,1000069460,Towson,2024,287
"Peyton, Jordan",TOW_TIG,69,Right,1000050917,Towson,2024,20
"Rebok, Justin",TOW_TIG,74,Right,1000113096,Towson,2023,116
"Rebok, Justin",TOW_TIG,74,Right,1000113096,Towson,2024,531
"Karls, Nick",TOW_TIG,74,Right,1000148650,Towson,2024,268
"Karls, Nick",TOW_TIG,74,Right,1000148650,Towson,2025,182
"Leikus, Matt",TOW_TIG,74,Right,1000177458,Towson,2025,440
"Simpson, Leo",TOW_TIG,71,Right,811706,Towson,2025,64
"Rivera, Luis",TOW_TIG,70,Right,1000113131,Towson,2024,11
"Simpson, Max",TOW_TIG,77,Right,1000113117,Towson,2023,142
"Simpson, Max",TOW_TIG,77,Right,811707,Towson,2024,672
"Simpson, Max",TOW_TIG,77,Right,811707,Towson,2025,766
"Phillips, MJ",TOW_TIG,74,Left,1000363139,Towson,2025,19
"Nabholz, Nate",TOW_TIG,77,Right,1000113106,Towson,2023,137
"Nabholz, Nate",TOW_TIG,77,Right,1000113106,Towson,2024,228
"Nabholz, Nate",TOW_TIG,77,Right,1000113106,Towson,2025,503
"Russo, Tyler ",TOW_TIG,74,Left,1000080162,Towson,2023,28
"Russo, Tyler",TOW_TIG,74,Left,1000080162,Towson,2024,191
"Salvo, Vincent",TOW_TIG,70,Left,10148094,Towson,2025,449
"Falinski, Adam",TRO_TRJ,75,Right,802709,Troy,2025,578
"Asbury, Kristian",TRO_TRJ,75,Right,1000092953,Troy,2023,643
"Asbury, Kristian",TRO_TRJ,76,Right,1000092953,Troy,2024,71
"Fletcher, Beau",TRO_TRJ,73,Right,1000076370,Troy,2023,11
"Fletcher, Beau",TRO_TRJ,73,Right,1000076370,Troy,2024,140
"Fuller, Brady",TRO_TRJ,75,Right,1000113749,Troy,2023,1023
"Fuller, Brady",TRO_TRJ,76,Right,1000113749,Troy,2024,579
"Schrepf, Brandon",TRO_TRJ,74,Right,1000113025,Troy,2023,360
"Tapper, Brock",TRO_TRJ,74,Left,1000236759,Troy,2025,360
"Burt, Connor",TRO_TRJ,75,Left,10152850,Troy,2024,182
"Cartron , Chase",TRO_TRJ,80,Left,1000154968,Troy,2025,61
"Nelson, Chase",TRO_TRJ,72,Left,1000359449,Troy,2025,122
"Hartzog, Clete",TRO_TRJ,73,Right,1000097067,Troy,2024,624
"Frieda, Colby",TRO_TRJ,75,Right,695640,Troy,2025,596
"Walls, Colton",TRO_TRJ,76,Right,10149711,Troy,2024,127
"Walls, Colton",TRO_TRJ,76,Right,10149711,Troy,2025,14
"Crumpton, Kelly",TRO_TRJ,75,Right,1000072142,Troy,2025,80
"Dill, Jay",TRO_TRJ,78,Right,701839,Troy,2024,633
"Dill, Jay",TRO_TRJ,78,Right,701839,Troy,2025,626
"Dima, Josh",TRO_TRJ,74,Left,1000098214,Troy,2024,8
"Nelson, Drew",TRO_TRJ,71,Left,1000091974,Troy,2025,512
"King, Dylan",TRO_TRJ,76,Right,1000255998,Troy,2024,82
"King, Dylan",TRO_TRJ,76,Right,1000255998,Troy,2025,112
"Edders, Noah",TRO_TRJ,76,Right,1000113153,Troy,2025,914
"Fruit, Zach",TRO_TRJ,76,Right,1000050209,Troy,2023,964
"Fuller, Keaton",TRO_TRJ,71,Right,1000113752,Troy,2023,203
"Gainous, Garrett",TRO_TRJ,76,Right,1000069414,Troy,2024,430
"Gainous, Garrett",TRO_TRJ,76,Right,1000069414,Troy,2025,881
"Welch, George",TRO_TRJ,75,Left,1000132853,Troy,2025,46
"Gorgen, Grady",TRO_TRJ,75,Left,1000138303,Troy,2023,157
"Gorgen, Grady",TRO_TRJ,75,Left,1000138303,Troy,2024,54
"Gorgen, Grady",TRO_TRJ,75,Left,1000138303,Troy,2025,232
"Stewart, Grayson",TRO_TRJ,71,Right,1000093879,Troy,2023,1073
"Stewart, Grayson",TRO_TRJ,71,Right,1000093879,Troy,2024,610
"Stewart, Grayson",TRO_TRJ,71,Right,1000093879,Troy,2025,571
"Silva, Isaac",TRO_TRJ,74,Right,815085,Troy,2024,30
"Roettgen, Jacob",TRO_TRJ,74,Left,10301593,Troy,2024,67
"Roettgen, Jacob",TRO_TRJ,74,Left,10301593,Troy,2025,215
"Janney, Noah",TRO_TRJ,72,Right,1000113036,Troy,2023,66
"Kenney, Mason",TRO_TRJ,73,Right,1000056247,Troy,2023,122
"Ross, Logan",TRO_TRJ,73,Left,1000113034,Troy,2023,850
"Ross, Logan",TRO_TRJ,74,Left,1000113034,Troy,2024,639
"Lyon, Luke",TRO_TRJ,74,Right,1000092198,Troy,2024,860
"Lyon, Luke",TRO_TRJ,74,Right,1000092198,Troy,2025,456
"Manning, Noah",TRO_TRJ,73,Right,1000138313,Troy,2023,701
"Manning, Noah",TRO_TRJ,73,Right,1000138313,Troy,2024,380
"Osmond, Michael",TRO_TRJ,73,Left,1000103260,Troy,2024,369
"Woolfolk, Nick",TRO_TRJ,73,Right,1000131982,Troy,2023,21
"Thigpen, Noah",TRO_TRJ,74,Right,1000359453,Troy,2025,503
"Piperakis, Pavlos",TRO_TRJ,73,Left,10075581,Troy,2024,29
"Pettys, Ryan",TRO_TRJ,74,Left,1000113039,Troy,2023,310
"Pettys, Ryan",TRO_TRJ,74,Left,1000113039,Troy,2024,240
"Szabo, Zak",TRO_TRJ,75,Right,802512,Troy,2023,104
"Szabo, Zak",TRO_TRJ,75,Right,802512,Troy,2025,16
"Yamane, Taiga",TRO_TRJ,68,Right,1000133775,Troy,2023,112
"Ainsworth, Alex",TUL_GRE,74,Right,10109073,Tulane,2025,42
"Banks, Teo",TUL_GRE,74,,1000090954,Tulane,2023,10
"Benbrook, Carter",TUL_GRE,76,Left,687379,Tulane,2024,526
"Benbrook, Carter",TUL_GRE,76,Left,687379,Tulane,2025,512
"Price, Billy",TUL_GRE,78,,1000190557,Tulane,2023,396
"Price, Billy",TUL_GRE,78,Left,684727,Tulane,2024,565
"Wilcenski, Blaise",TUL_GRE,78,Right,824656,Tulane,2024,484
"Wilcenski, Blaise",TUL_GRE,78,Right,824656,Tulane,2025,707
"Burton, Wes",TUL_GRE,80,Right,1000050026,Tulane,2025,330
"Cehajic, Trey",TUL_GRE,80,Right,1000092685,Tulane,2024,428
"Cehajic, Trey",TUL_GRE,80,Right,1000092685,Tulane,2025,862
"Welch, Chandler",TUL_GRE,72,,1000052105,Tulane,2023,701
"Welch, Chandler",TUL_GRE,72,Right,803068,Tulane,2024,1024
"Clements, Will",TUL_GRE,77,Right,805420,Tulane,2024,19
"Clements, Will",TUL_GRE,77,Right,805420,Tulane,2025,573
"Reilly, Colin",TUL_GRE,74,,1000111381,Tulane,2023,382
"Reilly, Colin",TUL_GRE,74,Right,805024,Tulane,2024,68
"Devenney, Michael",TUL_GRE,77,Right,10094775,Tulane,2025,206
"Pieto, Dominic",TUL_GRE,72,Right,1000121047,Tulane,2025,10
"Ejike-Charles, Julius",TUL_GRE,71,Left,1000107078,Tulane,2025,317
"Fladda, Luc",TUL_GRE,73,Left,800720,Tulane,2024,918
"Fladda, Luc",TUL_GRE,73,Left,800720,Tulane,2025,1092
"Payne, Garrett",TUL_GRE,80,Right,695254,Tulane,2025,414
"Smith, Gavin",TUL_GRE,72,,10042839,Tulane,2023,273
"Smith, Gavin",TUL_GRE,72,Right,1000233006,Tulane,2025,245
"Smith, Grayson",TUL_GRE,74,Right,1000073695,Tulane,2025,233
"Shuffler, Henry",TUL_GRE,79,Right,1000099951,Tulane,2024,618
"Shuffler, Henry",TUL_GRE,79,Right,1000099951,Tulane,2025,238
"Howarth, Kross",TUL_GRE,76,Right,1000252881,Tulane,2025,51
"Hurd, Logan",TUL_GRE,76,Left,813719,Tulane,2024,240
"Hurd, Logan",TUL_GRE,76,Left,813719,Tulane,2025,4
"Moore, Jacob",TUL_GRE,77,Right,824657,Tulane,2024,481
"Moore, Jacob",TUL_GRE,77,Right,824657,Tulane,2025,420
"Rodriguez, JD",TUL_GRE,77,Right,1000218582,Tulane,2025,553
"Sauer, John-Paul",TUL_GRE,74,Right,10091327,Tulane,2025,304
"Wachter, Jonah ",TUL_GRE,74,,1000113209,Tulane,2023,409
"Wachter, Jonah",TUL_GRE,74,Right,1000113209,Tulane,2024,168
"Lombardi, Michael",TUL_GRE,75,,1000115581,Tulane,2023,337
"Lombardi, Michael",TUL_GRE,75,Right,1000115581,Tulane,2024,459
"Lombardi, Michael",TUL_GRE,75,Right,1000115581,Tulane,2025,539
"Montiel, Tayler",TUL_GRE,74,,10016529,Tulane,2023,150
"Montiel, Tayler",TUL_GRE,74,Left,813535,Tulane,2024,152
"Montiel, Tayler",TUL_GRE,74,Left,813535,Tulane,2025,574
"Abernathy, Ben",UAB_BLA,69,Right,1000197966,UAB,2023,42
"Abernathy, Ben",UAB_BLA,69,Right,1000197966,UAB,2024,165
"Ballard, Thomas",UAB_BLA,74,Right,1000197967,UAB,2023,123
"Ballard, Thomas",UAB_BLA,74,Right,1000197967,UAB,2024,152
"Ballard, Thomas",UAB_BLA,74,Right,1000197967,UAB,2025,401
"Berry, Blayze",UAB_BLA,69,Right,1000051051,UAB,2023,437
"Berry, Blayze",UAB_BLA,69,Right,824740,UAB,2024,1024
"King, Blake",UAB_BLA,74,Right,1000358492,UAB,2025,105
"Brooks, Braxton",UAB_BLA,73,Right,1000108739,UAB,2024,90
"Shelton, Braxton",UAB_BLA,73,Right,1000197976,UAB,2023,80
"Shelton, Braxton",UAB_BLA,73,Right,1000197976,UAB,2024,758
"Shelton, Braxton",UAB_BLA,73,Right,1000197976,UAB,2025,735
"Conner, Brendan",UAB_BLA,72,Right,10002157,UAB,2025,624
"Hill, Brock",UAB_BLA,72,Right,1000112429,UAB,2024,276
"Hill, Brock",UAB_BLA,72,Right,1000112429,UAB,2025,189
"House, Brooks",UAB_BLA,77,Right,1000077646,UAB,2024,378
"Walton, Brooks",UAB_BLA,77,Right,1000121708,UAB,2023,398
"Bullard, Matthew",UAB_BLA,71,Left,1000107493,UAB,2024,101
"Pittman, Caleb",UAB_BLA,73,Right,1000138909,UAB,2025,153
"Knight, Carson",UAB_BLA,73,Left,1000023161,UAB,2023,86
"Knight, Carson",UAB_BLA,73,Left,824741,UAB,2024,59
"Myers, Carson",UAB_BLA,75,Left,1000126835,UAB,2023,386
"Ingram, Chase",UAB_BLA,75,Right,1000114645,UAB,2023,14
"Ingram, Chase",UAB_BLA,75,Right,1000114645,UAB,2024,286
"Ingram, Chase",UAB_BLA,76,Right,1000114645,UAB,2025,943
"Cheatham, Cole",UAB_BLA,76,Left,1000241966,UAB,2025,994
"Clack, Christian",UAB_BLA,76,Left,1000197970,UAB,2023,45
"Clack, Christian",UAB_BLA,76,Left,1000197970,UAB,2024,325
"Ellis, CJ",UAB_BLA,72,Right,1000275932,UAB,2025,124
"Daniel, Colin",UAB_BLA,73,Right,1000090849,UAB,2023,148
"Daniel, Colin",UAB_BLA,73,Right,824763,UAB,2024,682
"Daniel, Colin",UAB_BLA,74,Right,824763,UAB,2025,1065
"Patterson, Colin",UAB_BLA,78,Right,1000253038,UAB,2024,314
"Haines, Tyler",UAB_BLA,76,Right,1000090861,UAB,2023,78
"Haines, Tyler",UAB_BLA,76,Right,1000090861,UAB,2024,109
"Haines, Tyler",UAB_BLA,77,Right,824755,UAB,2025,260
"Harris, Leo",UAB_BLA,75,Right,1000050508,UAB,2023,172
"Hicks, Justin",UAB_BLA,74,Right,1000358497,UAB,2025,273
"Hutto, Ty",UAB_BLA,76,Right,10016381,UAB,2023,15
"Hutto, Ty",UAB_BLA,76,Right,824750,UAB,2024,242
"Warrick, Isaac",UAB_BLA,72,Left,10148630,UAB,2023,63
"Warrick, Isaac",UAB_BLA,72,Left,824733,UAB,2025,396
"Sewell, JC",UAB_BLA,73,Left,1000080487,UAB,2023,168
"Marlin, John Luke",UAB_BLA,70,Right,1000080903,UAB,2023,170
"Marlin, John Luke",UAB_BLA,70,Right,824744,UAB,2024,236
"Smith, Jonah ",UAB_BLA,76,Right,1000055184,UAB,2023,43
"Smith, Jonah",UAB_BLA,76,Right,1000055184,UAB,2023,66
"Reed, Matthew",UAB_BLA,75,Right,1000078959,UAB,2023,2
"O'Clair, Tyler ",UAB_BLA,76,Right,1000055187,UAB,2023,79
"Olson, Ryan",UAB_BLA,74,Right,1000072829,UAB,2025,342
"Perry, Zaylen",UAB_BLA,78,Right,1000093791,UAB,2023,14
"Gelbsman, Aidan",ALB_GRE,70,Left,10270234,UAlbany,2024,46
"Enea, Alex",ALB_GRE,69,Right,1000396744,UAlbany,2025,180
"Banner, Dylan",ALB_GRE,77,Right,1000220813,UAlbany,2023,62
"Banner, Dylan",ALB_GRE,77,Right,1000220813,UAlbany,2024,48
"Banner, Dylan",ALB_GRE,77,Right,1000220813,UAlbany,2025,464
"Birkman, Owen",ALB_GRE,72,Right,1000119886,UAlbany,2023,34
"Birkman, Owen",ALB_GRE,72,Right,1000119886,UAlbany,2024,226
"Boule, Luke",ALB_GRE,75,Right,10295799,UAlbany,2024,197
"Boule, Luke",ALB_GRE,75,Right,10295799,UAlbany,2025,136
"Mello, Christian",ALB_GRE,75,Right,10268477,UAlbany,2025,182
"Eisenmann, Connor",ALB_GRE,72,Right,1000119868,UAlbany,2023,87
"Eisenmann, Connor",ALB_GRE,72,Right,1000119868,UAlbany,2024,328
"Scherrer, Cregg",ALB_GRE,72,Left,1000048838,UAlbany,2023,105
"Scherrer, Cregg",ALB_GRE,72,Left,1000048838,UAlbany,2024,82
"Crosby, Player",ALB_GRE,74,Right,10147278,UAlbany,2024,68
"Dimartino, Michael",ALB_GRE,74,Right,1000119741,UAlbany,2023,50
"Dimartino, Michael",ALB_GRE,74,Right,1000119741,UAlbany,2024,128
"Nardacci, Ethan",ALB_GRE,75,Right,10175328,UAlbany,2025,121
"Gajowski, Mark",ALB_GRE,71,Left,1000391039,UAlbany,2025,303
"Goldblum, Jason",ALB_GRE,70,Right,1000085025,UAlbany,2024,38
"Kneller, Tyler",ALB_GRE,76,Right,10148957,UAlbany,2025,228
"Locklear, Kyle",ALB_GRE,70,Right,810931,UAlbany,2024,234
"McCaffrey, Kyle",ALB_GRE,72,Right,10027190,UAlbany,2024,80
"McCaffrey, Kyle",ALB_GRE,72,Right,10027190,UAlbany,2025,91
"Manetta, Rob",ALB_GRE,72,Right,1000119889,UAlbany,2023,12
"Mariano, Matthew",ALB_GRE,72,Right,10038676,UAlbany,2023,26
"Mariano, Matthew",ALB_GRE,72,Right,10038676,UAlbany,2024,134
"Mariano, Matthew",ALB_GRE,72,Right,10038676,UAlbany,2025,363
"Pittz, Ryan",ALB_GRE,72,Right,10148757,UAlbany,2023,34
"Pittz, Ryan",ALB_GRE,73,Right,10148757,UAlbany,2024,139
"Pittz, Ryan",ALB_GRE,73,Right,10148757,UAlbany,2025,328
"Quinn, Thomas",ALB_GRE,71,Left,1000134808,UAlbany,2023,53
"Quinn, Thomas",ALB_GRE,71,Left,1000134808,UAlbany,2024,49
"Quinn, Thomas",ALB_GRE,71,Left,1000134808,UAlbany,2025,130
"Santabarbara, Ty",ALB_GRE,71,Right,1000180998,UAlbany,2023,2
"Turk, Steven",ALB_GRE,77,Right,1000119890,UAlbany,2024,119
"Huezo, Alejandro",CAL_AGO,73,Right,1000218625,UC Davis,2023,270
"Huezo, Alejandro",CAL_AGO,73,Right,1000218625,UC Davis,2024,94
"Huezo, Alejandro",CAL_AGO,73,,1000218625,UC Davis,2025,39
"Allen, Trevor",CAL_AGO,74,Right,1000083930,UC Davis,2023,76
"Allen, Trevor",CAL_AGO,74,,1000083930,UC Davis,2025,10
"LaCour, Andrew",CAL_AGO,72,Left,1000039239,UC Davis,2023,61
"LaCour, Andrew",CAL_AGO,72,Left,1000039239,UC Davis,2024,78
"LaCour, Andrew",CAL_AGO,72,,1000039239,UC Davis,2025,22
"Anzai, Keenan",CAL_AGO,76,Right,1000270039,UC Davis,2025,131
"Thau, Avery",CAL_AGO,72,Left,1000060022,UC Davis,2023,40
"Thau, Avery",CAL_AGO,72,,1000060022,UC Davis,2025,15
"Barnes II, Matthew",CAL_AGO,77,Right,826927,UC Davis,2025,267
"Barnes, Rowen",CAL_AGO,75,Right,1000218630,UC Davis,2023,64
"Barnes, Rowen",CAL_AGO,75,Right,1000218630,UC Davis,2024,26
"Barnes, Rowen",CAL_AGO,75,Right,1000218630,UC Davis,2025,206
"Batres, Sal",CAL_AGO,72,Right,1000336571,UC Davis,2025,16
"Bonanno, Grayson",CAL_AGO,76,Right,10149101,UC Davis,2025,38
"Wooldridge, Braydon",CAL_AGO,72,Left,1000240508,UC Davis,2023,75
"Wooldridge, Braydon",CAL_AGO,72,Left,1000240508,UC Davis,2024,62
"Wooldridge, Braydon",CAL_AGO,72,Left,1000240508,UC Davis,2025,54
"Green, Bryan",CAL_AGO,74,Left,1000127069,UC Davis,2023,401
"Green, Bryan",CAL_AGO,74,Left,1000127069,UC Davis,2024,292
"Green, Bryan",CAL_AGO,74,Left,1000127069,UC Davis,2025,631
"Delaney, Carter",CAL_AGO,77,Right,1000039247,UC Davis,2023,258
"Delaney, Carter",CAL_AGO,77,Right,1000039247,UC Davis,2024,219
"Delaney, Carter",CAL_AGO,77,Right,1000039247,UC Davis,2025,182
"Speights, Carter",CAL_AGO,73,Right,1000307116,UC Davis,2024,137
"Speights, Carter",CAL_AGO,75,Right,1000307116,UC Davis,2025,142
"Freeman, Nate",CAL_AGO,71,Right,1000083906,UC Davis,2023,279
"Freeman, Nate",CAL_AGO,71,,1000083906,UC Davis,2025,108
"Frutchey, Ned",CAL_AGO,77,Right,1000398017,UC Davis,2025,311
"Hippensteel, Max",CAL_AGO,72,Right,251430,UC Davis,2023,97
"Hippensteel, Max",CAL_AGO,72,Right,1000235820,UC Davis,2024,39
"Hippensteel, Max",CAL_AGO,72,Right,251430,UC Davis,2025,162
"Hogan, Kaden",CAL_AGO,73,Right,1000128266,UC Davis,2023,265
"Hogan, Kaden",CAL_AGO,73,Right,1000128266,UC Davis,2024,158
"Hogan, Kaden",CAL_AGO,73,,1000128266,UC Davis,2025,14
"Torpey, Ian",CAL_AGO,72,Right,1000099839,UC Davis,2023,179
"Torpey, Ian",CAL_AGO,72,Right,1000099839,UC Davis,2024,100
"Torpey, Ian",CAL_AGO,72,,1000099839,UC Davis,2025,11
"Meek, Jack",CAL_AGO,70,Left,1000138474,UC Davis,2025,80
"Riccomini, Kaden",CAL_AGO,74,Right,1000083909,UC Davis,2023,134
"Riccomini, Kaden",CAL_AGO,74,Right,1000083909,UC Davis,2024,114
"Riccomini, Kaden",CAL_AGO,74,,1000083909,UC Davis,2025,24
"Lerma, Mason",CAL_AGO,69,Left,1000111285,UC Davis,2024,343
"Lerma, Mason",CAL_AGO,70,Left,1000111285,UC Davis,2025,251
"Manning, Max",CAL_AGO,74,Left,1000218639,UC Davis,2023,5
"Peng, Nathan",CAL_AGO,74,Right,1000057696,UC Davis,2023,97
"Valdez, Noel",CAL_AGO,72,Right,1000307115,UC Davis,2024,375
"Valdez, Noel",CAL_AGO,72,Right,1000307115,UC Davis,2025,318
"Romero, Zach",CAL_AGO,77,Right,1000235821,UC Davis,2023,109
"Romero, Zach",CAL_AGO,77,Right,1000235821,UC Davis,2024,8
"Wood, Tyler",CAL_AGO,75,Right,1000259931,UC Davis,2024,252
"Wood, Tyler",CAL_AGO,75,Right,1000259931,UC Davis,2025,386
"Andeel, Jaxton",CAL_ANT,76,Left,829655,UC Irvine,2025,92
"Grove, Andrew",CAL_ANT,75,Right,1000153810,UC Irvine,2025,29
"Antone, Andre",CAL_ANT,77,Right,1000026525,UC Irvine,2023,254
"Luu, Brandon",CAL_ANT,74,Left,1000072245,UC Irvine,2024,70
"Luu, Brandon",CAL_ANT,74,Left,1000072245,UC Irvine,2025,16
"Brooks, Ryder",CAL_ANT,74,Left,10316409,UC Irvine,2024,161
"Brooks, Ryder",CAL_ANT,75,Left,10316409,UC Irvine,2025,315
"Brooks, Tanner",CAL_ANT,74,Right,1000056731,UC Irvine,2023,114
"Butler, David",CAL_ANT,74,Right,1000127543,UC Irvine,2024,35
"Butler, David",CAL_ANT,73,Right,1000127543,UC Irvine,2025,333
"Wheeler, Cameron",CAL_ANT,73,Right,1000013160,UC Irvine,2023,167
"Wheeler, Cameron",CAL_ANT,73,Right,1000013160,UC Irvine,2024,93
"Robinson, Cooper",CAL_ANT,76,Right,289499,UC Irvine,2023,133
"Suarez, Danny",CAL_ANT,75,Right,1000120643,UC Irvine,2023,102
"Suarez, Danny",CAL_ANT,76,Right,822309,UC Irvine,2024,44
"Suarez, Danny",CAL_ANT,75,Right,822309,UC Irvine,2025,237
"Zamudio, Dante",CAL_ANT,73,Right,1000222433,UC Irvine,2024,16
"Utagawa, David",CAL_ANT,76,Right,801969,UC Irvine,2024,185
"Utagawa, David",CAL_ANT,76,Right,801969,UC Irvine,2025,93
"Vizcaino, David",CAL_ANT,75,Right,1000128291,UC Irvine,2023,155
"Vizcaino, David",CAL_ANT,75,Right,801947,UC Irvine,2024,164
"Joslin, Elliot",CAL_ANT,78,Right,1000213919,UC Irvine,2023,64
"Joslin, Elliot",CAL_ANT,78,Right,1000213919,UC Irvine,2024,35
"Wall, Finnegan",CAL_ANT,74,Right,10027541,UC Irvine,2023,156
"Wall, Finnegan",CAL_ANT,74,Right,701740,UC Irvine,2025,158
"Hansen, Trevor",CAL_ANT,74,Right,1000134912,UC Irvine,2024,375
"Hansen, Trevor",CAL_ANT,74,Right,1000134912,UC Irvine,2025,553
"Higgins, Sean",CAL_ANT,73,Right,1000153998,UC Irvine,2023,21
"Ross, Jack",CAL_ANT,75,Right,1000218651,UC Irvine,2025,129
"King, Jacob",CAL_ANT,76,Right,1000079596,UC Irvine,2023,105
"Kelly, Riley",CAL_ANT,77,Right,804465,UC Irvine,2024,194
"Kelly, Riley",CAL_ANT,77,Right,804465,UC Irvine,2025,471
"Kysar, Ryan",CAL_ANT,72,Right,694982,UC Irvine,2025,217
"Martin, Max",CAL_ANT,77,Right,1000213910,UC Irvine,2023,124
"Martin, Max",CAL_ANT,77,Right,1000213910,UC Irvine,2024,73
"Martin, Max",CAL_ANT,77,Right,1000213910,UC Irvine,2025,215
"Pirrello, Michael",CAL_ANT,74,Right,1000213915,UC Irvine,2024,21
"Stanford, Michael",CAL_ANT,73,Right,8899447,UC Irvine,2023,83
"Pinto, Nick",CAL_ANT,72,Left,1000058442,UC Irvine,2023,236
"Pinto, Nick",CAL_ANT,72,Left,1000058442,UC Irvine,2024,374
"Rincover, Nick",CAL_ANT,74,Left,1000122581,UC Irvine,2023,143
"Rincover, Nick",CAL_ANT,74,Left,1000122581,UC Irvine,2024,57
"Ojeda, Ricky",CAL_ANT,71,Left,10140343,UC Irvine,2024,270
"Ojeda, Ricky",CAL_ANT,71,Left,10140343,UC Irvine,2025,473
"Tibbett, Ricky",CAL_ANT,74,Right,1000050543,UC Irvine,2024,166
"Blanchet, Adrian",CAL_HIG,76,Right,806032,UC Riverside,2025,87
"Ahmed, Fareed",CAL_HIG,72,Left,1000270927,UC Riverside,2024,148
"Ahmed, Fareed",CAL_HIG,72,Left,1000270927,UC Riverside,2025,9
"Rivas, Alexander",CAL_HIG,73,Right,1000083662,UC Riverside,2023,137
"Rivas, Alexander",CAL_HIG,73,Right,1000083662,UC Riverside,2024,11
"Capacete, Alfredo",CAL_HIG,74,Right,1000217818,UC Riverside,2023,75
"Capacete, Alfredo",CAL_HIG,74,,1000217818,UC Riverside,2024,227
"Rivas, Andrew",CAL_HIG,72,Left,1000120868,UC Riverside,2024,34
"Andrunas, Noah",CAL_HIG,73,Right,10148185,UC Riverside,2024,248
"Appleford, James",CAL_HIG,70,Left,1000120288,UC Riverside,2024,65
"Barger, Cameron",CAL_HIG,74,Right,1000309794,UC Riverside,2024,80
"Barker, Corbin",CAL_HIG,75,Right,1000050017,UC Riverside,2023,209
"Barrios, Cruz",CAL_HIG,72,Right,1000029298,UC Riverside,2023,220
"Becker, Jack",CAL_HIG,73,Left,1000272058,UC Riverside,2025,39
"Burzell, Blake",CAL_HIG,78,Right,1000013448,UC Riverside,2023,137
"Godina, Brent",CAL_HIG,76,Right,1000240801,UC Riverside,2025,116
"Byrd, Jaxon",CAL_HIG,75,Left,1000250447,UC Riverside,2025,86
"Turner, Caleb",CAL_HIG,75,Right,1000082241,UC Riverside,2023,220
"Dohemann, Charlie",CAL_HIG,76,Right,1000237681,UC Riverside,2025,131
"Lozano, Chris",CAL_HIG,69,Left,1000242083,UC Riverside,2025,119
"Cicolello, Vincent",CAL_HIG,69,Right,1000217809,UC Riverside,2023,34
"O'Neill, David",CAL_HIG,72,Right,1000217807,UC Riverside,2023,33
"O'Neill, David",CAL_HIG,72,Right,1000217807,UC Riverside,2024,33
"DiGirolamo, Marco",CAL_HIG,74,Right,1000232736,UC Riverside,2025,99
"Marrujo, Eric",CAL_HIG,73,Right,1000109450,UC Riverside,2023,155
"Marrujo, Eric",CAL_HIG,74,Right,1000109450,UC Riverside,2024,117
"Estrada, Justin",CAL_HIG,68,Right,1000080834,UC Riverside,2025,152
"Flores, Matthew",CAL_HIG,72,Right,1000080635,UC Riverside,2024,276
"Flores, Matthew",CAL_HIG,72,Right,1000080635,UC Riverside,2025,196
"Frazier, Tyler",CAL_HIG,74,Right,1000029296,UC Riverside,2023,152
"Gebb, Jake",CAL_HIG,72,Left,1000119578,UC Riverside,2023,178
"Gebb, Jake",CAL_HIG,72,Left,1000119578,UC Riverside,2024,59
"Gebb, Tyler",CAL_HIG,78,Right,1000114518,UC Riverside,2024,210
"Hudson, Matt",CAL_HIG,70,Right,1000216746,UC Riverside,2025,99
"Weeks, Jack",CAL_HIG,72,Left,1000054605,UC Riverside,2023,47
"Martinez, Joshua",CAL_HIG,73,Left,823409,UC Riverside,2025,287
"Torres, Joshua",CAL_HIG,72,Right,1000309795,UC Riverside,2024,62
"Torres, Joshua",CAL_HIG,72,Right,1000309795,UC Riverside,2025,147
"Juline, Tucker",CAL_HIG,74,Right,1000120880,UC Riverside,2023,167
"Marton, Kurt",CAL_HIG,73,Right,10073473,UC Riverside,2024,136
"Marton, Kurt",CAL_HIG,73,Right,1000146396,UC Riverside,2025,231
"O'Brien, Matthew",CAL_HIG,72,Left,1000345560,UC Riverside,2025,297
"Milliman, Nolan",CAL_HIG,75,Right,1000136070,UC Riverside,2025,174
"Alvarez, Aren",CSD_TRI,72,Right,1000050320,UC San Diego,2023,29
"Eyanson, Anthony",CSD_TRI,74,Right,1000216490,UC San Diego,2023,29
"Eyanson, Anthony",CSD_TRI,74,Right,1000216490,UC San Diego,2024,290
"Cazares, Julian",CSD_TRI,72,Left,1000391608,UC San Diego,2025,116
"Weber, Chapman",CSD_TRI,73,Right,10136498,UC San Diego,2025,268
"Chriss, Donovan",CSD_TRI,72,Right,1000216497,UC San Diego,2023,63
"Chriss, Donovan",CSD_TRI,72,Right,809255,UC San Diego,2024,25
"Gilmartin, Chris",CSD_TRI,76,Left,1000076910,UC San Diego,2023,30
"Custer, Julian",CSD_TRI,74,Right,1000307750,UC San Diego,2024,89
"Custer, Julian",CSD_TRI,74,Right,1000307750,UC San Diego,2025,9
"Dalquist, Matthew",CSD_TRI,70,Right,801574,UC San Diego,2024,292
"Dalquist, Matthew",CSD_TRI,70,Right,801574,UC San Diego,2025,894
"Davidson, Garrett",CSD_TRI,71,Left,1000072132,UC San Diego,2025,275
"King, Devon",CSD_TRI,73,Right,1000134916,UC San Diego,2024,97
"King, Devon",CSD_TRI,73,Right,1000134916,UC San Diego,2025,307
"Holt, Ethan",CSD_TRI,74,Right,1000083220,UC San Diego,2023,39
"Remmers, Ethan",CSD_TRI,76,Left,1000039334,UC San Diego,2025,190
"Farmer, Ryan",CSD_TRI,73,Right,1000124476,UC San Diego,2023,69
"Farmer, Ryan",CSD_TRI,73,Right,1000124476,UC San Diego,2024,15
"Forcucci, Ryan",CSD_TRI,75,Right,1000123089,UC San Diego,2023,186
"Franco, Xavier",CSD_TRI,69,Right,809259,UC San Diego,2024,110
"Patterson, Garrett",CSD_TRI,70,Right,1000306052,UC San Diego,2025,19
"Pelzman, Harry",CSD_TRI,75,Left,1000197399,UC San Diego,2025,131
"Hasegawa, Sam",CSD_TRI,72,Left,1000123095,UC San Diego,2023,13
"Hasegawa, Sam",CSD_TRI,72,Left,801567,UC San Diego,2024,72
"Hasegawa, Sam",CSD_TRI,72,Left,801567,UC San Diego,2025,523
"Huy, Nathan",CSD_TRI,74,Left,10148605,UC San Diego,2024,43
"Huy, Nathan",CSD_TRI,74,Left,1000153970,UC San Diego,2025,55
"Martinez, Izaak",CSD_TRI,70,Left,1000076918,UC San Diego,2023,147
"Martinez, Izaak",CSD_TRI,70,Left,801555,UC San Diego,2024,280
"Villar, Jake",CSD_TRI,69,Left,1000322719,UC San Diego,2025,602
"Marchetti, Landon",CSD_TRI,70,Left,1000307751,UC San Diego,2024,226
"Marchetti, Landon",CSD_TRI,70,Left,1000307751,UC San Diego,2025,228
"McCracken, Nolan",CSD_TRI,75,Right,1000131815,UC San Diego,2023,31
"Mitchell, Michael",CSD_TRI,77,Right,1000065752,UC San Diego,2023,66
"Murdock, Steele",CSD_TRI,74,Right,10323102,UC San Diego,2025,511
"Ries, Nathan",CSD_TRI,74,Right,10089073,UC San Diego,2025,467
"Nickerson, Trevor",CSD_TRI,72,Right,1000112168,UC San Diego,2025,87
"Rector, Trevor",CSD_TRI,73,Right,1000359393,UC San Diego,2025,25
"Rissas, Ryan ",CSD_TRI,75,Left,1000101918,UC San Diego,2023,43
"Seid, Spencer",CSD_TRI,71,Left,809262,UC San Diego,2024,169
"Seid, Spencer",CSD_TRI,71,Left,809262,UC San Diego,2025,738
"Sumner, Seth",CSD_TRI,76,Right,1000161233,UC San Diego,2023,38
"Aceves, Nathan",SAN_GAU,75,Right,1000223066,UC Santa Barbara,2025,423
"Ager, Matt",SAN_GAU,77,Right,1000091726,UC Santa Barbara,2023,1124
"Ager, Matt",SAN_GAU,78,Right,700400,UC Santa Barbara,2024,921
"Schrier, Alex",SAN_GAU,72,Right,1000058511,UC Santa Barbara,2023,441
"Barrett, Hudson",SAN_GAU,77,Left,1000196443,UC Santa Barbara,2023,679
"Barrett, Hudson",SAN_GAU,77,Left,1000196443,UC Santa Barbara,2024,65
"Barrett, Hudson",SAN_GAU,77,Left,805201,UC Santa Barbara,2025,65
"Benbrook, Carter",SAN_GAU,76,Left,1000016539,UC Santa Barbara,2023,471
"Huddlestun, Brady",SAN_GAU,72,Right,1000106072,UC Santa Barbara,2023,272
"Huddlestun, Brady",SAN_GAU,72,Right,801607,UC Santa Barbara,2024,119
"Bremner, Tyler",SAN_GAU,74,Right,10111319,UC Santa Barbara,2023,762
"Bremner, Tyler",SAN_GAU,74,Right,803285,UC Santa Barbara,2024,1033
"Bremner, Tyler",SAN_GAU,74,Right,803285,UC Santa Barbara,2025,885
"Callahan, JD",SAN_GAU,76,Right,1000108640,UC Santa Barbara,2023,511
"Proskey, Calvin",SAN_GAU,74,Right,10277651,UC Santa Barbara,2024,163
"Proskey, Calvin",SAN_GAU,75,Right,1000092900,UC Santa Barbara,2025,732
"Camarillo, Frank",SAN_GAU,76,Right,1000196445,UC Santa Barbara,2023,37
"Camarillo, Frank",SAN_GAU,76,Right,1000196445,UC Santa Barbara,2024,315
"Camarillo, Frank",SAN_GAU,76,Right,1000196445,UC Santa Barbara,2025,185
"Hoover, Chase",SAN_GAU,73,Left,800623,UC Santa Barbara,2025,198
"Hall, Clayton",SAN_GAU,72,Right,1000081146,UC Santa Barbara,2023,20
"Tryba, Cole",SAN_GAU,72,Left,1000276615,UC Santa Barbara,2024,721
"Tryba, Cole",SAN_GAU,72,Left,1000276615,UC Santa Barbara,2025,396
"Decooman, Jed ",SAN_GAU,75,Right,1000114795,UC Santa Barbara,2023,66
"Decooman, Jed",SAN_GAU,75,Right,1000114795,UC Santa Barbara,2023,4
"Decooman, Jed ",SAN_GAU,76,Right,1000114795,UC Santa Barbara,2024,17
"Jackson, Donovann",SAN_GAU,75,Left,1000222622,UC Santa Barbara,2025,557
"Gallegos, Elliot",SAN_GAU,74,Right,1000114793,UC Santa Barbara,2023,39
"Gallegos, Elliot",SAN_GAU,73,Right,801606,UC Santa Barbara,2025,96
"Flora, Jackson",SAN_GAU,77,Right,1000137584,UC Santa Barbara,2024,669
"Flora, Jackson",SAN_GAU,77,Right,1000137584,UC Santa Barbara,2025,771
"Froling, Van",SAN_GAU,76,Left,10137901,UC Santa Barbara,2025,273
"Gallagher, Ryan",SAN_GAU,76,Right,801594,UC Santa Barbara,2024,910
"Gonzales, Stunner",SAN_GAU,79,Right,1000134853,UC Santa Barbara,2025,26
"Gutierrez, Mike",SAN_GAU,74,Left,1000117319,UC Santa Barbara,2023,668
"Gutierrez, Mike",SAN_GAU,75,Left,801591,UC Santa Barbara,2024,1231
"Hattenbach, Hayden",SAN_GAU,79,Left,801609,UC Santa Barbara,2024,57
"Hattenbach, Hayden",SAN_GAU,79,Left,801609,UC Santa Barbara,2025,44
"Rice, Michael",SAN_GAU,74,Right,1000050408,UC Santa Barbara,2023,113
"Moring, Reed",SAN_GAU,73,Right,230460,UC Santa Barbara,2023,640
"Moring, Reed",SAN_GAU,73,Right,823810,UC Santa Barbara,2024,374
"Moring, Reed",SAN_GAU,73,Right,823810,UC Santa Barbara,2025,320
"Welch, Nick",SAN_GAU,74,Right,1000039284,UC Santa Barbara,2023,218
"Peterson, Nic",SAN_GAU,74,Left,10114438,UC Santa Barbara,2024,48
"Peterson, Nic",SAN_GAU,74,Left,10114438,UC Santa Barbara,2025,213
"Olivas, Raymond",SAN_GAU,73,Right,1000340956,UC Santa Barbara,2025,276
"Storjohann, Peter",SAN_GAU,77,Right,10294931,UC Santa Barbara,2024,42
"Troye, Ryan",SAN_GAU,75,Right,1000251908,UC Santa Barbara,2024,102
"Abbadessa, Jude",UCO_HUS,71,Right,808844,UConn,2025,310
"Afthim, Brady",UCO_HUS,72,Right,1000122964,UConn,2023,98
"Afthim, Brady",UCO_HUS,72,Right,1000122964,UConn,2024,168
"Afthim, Brady",UCO_HUS,72,Right,1000122964,UConn,2025,593
"Alejandro, Hector",UCO_HUS,73,Right,1000294819,UConn,2024,10
"Alejandro, Hector",UCO_HUS,73,Right,1000294819,UConn,2025,194
"Sears, Andrew",UCO_HUS,75,Left,1000132400,UConn,2023,262
"Schild, Ben",UCO_HUS,74,Right,1000161271,UConn,2024,116
"Quinn, Braden",UCO_HUS,75,Left,1000123955,UConn,2023,9
"Quinn, Braden",UCO_HUS,75,Left,808837,UConn,2024,301
"Mayer, Cameron",UCO_HUS,76,Right,1000133715,UConn,2024,43
"Mayer, Cameron",UCO_HUS,76,Right,1000133715,UConn,2025,37
"Carrea, Joe",UCO_HUS,74,,1000215771,UConn,2023,14
"Carrea, Joe",UCO_HUS,74,Right,808831,UConn,2024,72
"Caruso, JT",UCO_HUS,74,Left,1000271186,UConn,2025,192
"Suchy, Cayden",UCO_HUS,72,Left,1000111161,UConn,2025,474
"Cinnella, Joe",UCO_HUS,73,Left,809593,UConn,2024,270
"Coe, Garrett",UCO_HUS,78,Left,1000084029,UConn,2023,111
"Coe, Garrett",UCO_HUS,78,Left,808835,UConn,2024,717
"Conte, Giovanni",UCO_HUS,72,Right,10108421,UConn,2025,51
"Cooke, Ian",UCO_HUS,73,Right,1000123795,UConn,2023,110
"Cooke, Ian",UCO_HUS,73,Right,808826,UConn,2024,369
"Cooke, Ian",UCO_HUS,73,Right,808826,UConn,2025,740
"Kirby, Devin",UCO_HUS,70,Right,1000099618,UConn,2023,144
"Wolff, Devin",UCO_HUS,77,Right,10121429,UConn,2025,36
"Ellisen, Thomas",UCO_HUS,76,Right,808829,UConn,2025,876
"Van Emon, Gabe",UCO_HUS,74,Left,823749,UConn,2024,549
"Van Emon, Gabe",UCO_HUS,74,Left,823749,UConn,2025,274
"Hamberger, Evan",UCO_HUS,74,Left,1000250692,UConn,2025,182
"Finnegan, Kieran",UCO_HUS,76,Left,1000270055,UConn,2024,82
"Finn, Sean",UCO_HUS,69,Right,1000136202,UConn,2024,41
"Finn, Sean",UCO_HUS,69,Right,1000136202,UConn,2025,448
"Fogell, Zach ",UCO_HUS,71,Left,1000055206,UConn,2023,75
"Fogell, Zach",UCO_HUS,71,Left,1000055206,UConn,2023,59
"Spirito IV, Frank",UCO_HUS,72,Right,10325682,UConn,2025,110
"Galusha, Thomas",UCO_HUS,75,Right,10306786,UConn,2025,130
"Hutchinson, Sam",UCO_HUS,74,Left,1000356066,UConn,2025,327
"Sullivan, Jack",UCO_HUS,72,Right,1000123956,UConn,2023,109
"Sullivan, Jack",UCO_HUS,72,Right,808823,UConn,2024,90
"Sullivan, Jack",UCO_HUS,72,Right,808823,UConn,2025,54
"Willis, Justin",UCO_HUS,68,Right,8899486,UConn,2023,55
"Peters, Kyle",UCO_HUS,72,Right,1000135148,UConn,2025,226
"Quigley, Michael",UCO_HUS,71,Right,1000119766,UConn,2023,59
"Quigley, Michael",UCO_HUS,71,Right,808828,UConn,2024,52
"Nowak, Will ",UCO_HUS,71,Right,1000055262,UConn,2023,5
"Pudvar, Oliver",UCO_HUS,71,Left,1000209251,UConn,2025,955
"Quigley, Stephen",UCO_HUS,72,Right,1000132354,UConn,2023,259
"Quigley, Stephen",UCO_HUS,72,Right,808839,UConn,2024,698
"Turner, Tommy",UCO_HUS,72,Right,1000149949,UConn,2024,5
"Pavoris, Aiden",UIC_FLA,73,Right,1000167651,UIC,2023,20
"Bak, Brandon",UIC_FLA,73,Left,10006380,UIC,2023,254
"Bak, Brandon",UIC_FLA,73,Left,1000235240,UIC,2024,919
"Bak, Brandon",UIC_FLA,73,Left,1000235240,UIC,2025,455
"Barton, Payton",UIC_FLA,74,Right,1000189249,UIC,2025,180
"Nohos, Cameron",UIC_FLA,80,Right,1000137663,UIC,2024,213
"Szykowny, Charlie",UIC_FLA,76,Right,1000132152,UIC,2023,41
"Hawkins, Colin",UIC_FLA,71,Left,10061695,UIC,2024,311
"Hawkins, Colin",UIC_FLA,71,Left,10061695,UIC,2025,264
"Cox, David",UIC_FLA,75,Right,1000366500,UIC,2025,240
"Schueler, Dillon",UIC_FLA,74,Right,1000248265,UIC,2024,715
"Schueler, Dillon",UIC_FLA,74,Right,1000248265,UIC,2025,956
"White, Dylan",UIC_FLA,75,Right,1000207046,UIC,2024,259
"Egan, Tommy",UIC_FLA,72,Right,812366,UIC,2025,509
"Eisenhardt, George",UIC_FLA,76,Right,701781,UIC,2025,252
"Gohlke, Vincent",UIC_FLA,74,Left,1000216003,UIC,2024,174
"Gohlke, Vincent",UIC_FLA,74,Left,1000216003,UIC,2025,114
"Gould , Zak",UIC_FLA,76,Right,1000099597,UIC,2023,104
"Gould, Zak",UIC_FLA,76,Right,1000099597,UIC,2023,51
"Gould , Zak",UIC_FLA,76,,1000099597,UIC,2024,354
"Gould, Zak",UIC_FLA,76,,1000099597,UIC,2024,45
"Gould , Zak",UIC_FLA,76,Right,1000099597,UIC,2025,150
"Gould, Zak",UIC_FLA,76,Right,1000099597,UIC,2025,24
"Ingram, Tyler",UIC_FLA,73,Right,1000122136,UIC,2023,89
"Jakubowski, Jake",UIC_FLA,70,Right,1000136072,UIC,2025,336
"Jibben, Payten",UIC_FLA,76,Right,10014771,UIC,2025,158
"Johnson, Parker",UIC_FLA,75,Right,1000078140,UIC,2025,46
"Lancour, Kade",UIC_FLA,78,Right,1000132094,UIC,2023,260
"Karst, Ryan",UIC_FLA,75,Right,1000233030,UIC,2023,192
"Lyons, Kendall",UIC_FLA,74,Right,10096953,UIC,2023,67
"Lyons, Kendall",UIC_FLA,74,Right,1000234937,UIC,2024,640
"Lyons, Kendall",UIC_FLA,74,Right,1000234937,UIC,2025,494
"Lawler, Reece",UIC_FLA,74,Right,1000092698,UIC,2023,85
"Lawler, Reece",UIC_FLA,74,Right,1000092698,UIC,2024,355
"Lawler, Reece",UIC_FLA,74,Right,1000092698,UIC,2025,231
"McCabe, Mark",UIC_FLA,74,Left,1000059568,UIC,2023,109
"Zahora, Matt",UIC_FLA,72,Right,1000099598,UIC,2023,85
"Zahora, Matt",UIC_FLA,72,Right,1000099598,UIC,2024,17
"Vitellaro, Michael",UIC_FLA,71,Left,10021081,UIC,2025,211
"Millsap, Zack",UIC_FLA,72,Right,1000095557,UIC,2024,284
"Millsap, Zack",UIC_FLA,72,Right,1000095557,UIC,2025,338
"Newton, Peter",UIC_FLA,73,Right,1000058556,UIC,2023,24
"Petersen, Rayth",UIC_FLA,71,Right,1000097823,UIC,2023,44
"Wachowiak, Presley",UIC_FLA,73,Right,10047809,UIC,2024,246
"Verciglio, Rigel",UIC_FLA,73,Right,1000135357,UIC,2023,89
"Verciglio, Rigel",UIC_FLA,73,Right,1000135357,UIC,2024,274
"Smith, Ryan",UIC_FLA,74,Right,10058266,UIC,2024,261
"Trapani, Vincent",UIC_FLA,73,Right,10315733,UIC,2024,119
"Byrd, Adam",IWC,72,Left,809487,UIW,2024,161
"Byrd, Adam",IWC,72,Left,809487,UIW,2025,59
"Beck, Dalton",IWC,74,Left,694248,UIW,2024,64
"Berens, Micah",IWC,76,Right,1000079610,UIW,2023,18
"Berens, Micah",IWC,77,Right,1000079610,UIW,2024,177
"Berry, Braden",IWC,75,Right,1000114369,UIW,2024,60
"Bludau, Jose",IWC,71,Right,1000189186,UIW,2025,52
"Robles, Bruno",IWC,72,Right,1000295688,UIW,2025,122
"Bush, Jordan",IWC,74,Right,10184069,UIW,2025,58
"Rollins, Carson",IWC,74,Left,1000056798,UIW,2023,144
"Poole, Carter",IWC,75,Right,1000317879,UIW,2025,60
"Coiner, Garrett",IWC,70,Right,811657,UIW,2024,88
"Johnson, Dave",IWC,76,Right,1000127569,UIW,2024,383
"Mendoza, Edward",IWC,72,Right,10328000,UIW,2024,21
"Garcia, EJ",IWC,69,Right,10148564,UIW,2023,53
"Garcia, EJ",IWC,70,Right,10148564,UIW,2024,14
"Garcia, EJ",IWC,70,Right,10148564,UIW,2025,242
"Elizondo, Jackson",IWC,71,Left,822748,UIW,2025,207
"Esparza, Trevor",IWC,71,Right,1000166689,UIW,2025,11
"McKay, Gus",IWC,71,Left,1000339005,UIW,2025,298
"Hargett, Hunter",IWC,74,Right,701572,UIW,2024,202
"Hayward, Steve ",IWC,77,Right,1000056740,UIW,2023,13
"Higdon, Seth",IWC,74,Right,1000121985,UIW,2023,136
"Zavala, Isaiah",IWC,72,Right,1000083893,UIW,2024,405
"Posey, Jonah",IWC,75,Right,809306,UIW,2025,102
"Salinas, Josh",IWC,70,Left,1000080659,UIW,2024,191
"Salinas, Josh",IWC,70,Left,1000080659,UIW,2025,204
"Westall, Larry",IWC,76,Right,1000099236,UIW,2024,6
"Rodriguez, Luis",IWC,72,Right,1000080125,UIW,2023,41
"Rodriguez, Luis",IWC,72,Right,1000080125,UIW,2024,97
"Smith, Luke",IWC,74,Left,1000324425,UIW,2024,88
"Stacey, Otto",IWC,74,Right,1000058885,UIW,2023,17
"Schlotzhauer, Ryan",IWC,75,Left,10016929,UIW,2023,35
"Schlotzhauer, Ryan",IWC,75,Left,10016929,UIW,2024,32
"Schlotzhauer, Ryan",IWC,75,Left,10016929,UIW,2025,12
"Urbina, Tomas",IWC,72,Right,1000250343,UIW,2024,52
"Walls, Westin",IWC,77,Right,1000127552,UIW,2023,23
"Walls, Westin",IWC,77,Right,1000127552,UIW,2024,176
"Ackel, Austin",ULM_WAR,75,Right,10013800,ULM,2025,63
"Tubbs, Adam",ULM_WAR,71,Left,1000099952,ULM,2023,188
"Tubbs, Adam",ULM_WAR,71,Left,1000099952,ULM,2025,290
"Haynes, Aidan",ULM_WAR,77,Right,1000149963,ULM,2023,113
"Haynes, Aidan",ULM_WAR,77,Right,1000149963,ULM,2024,422
"Haynes, Aidan",ULM_WAR,77,Right,1000149963,ULM,2025,334
"Bassett, Ashton",ULM_WAR,72,Left,1000111077,ULM,2025,440
"Barlow, Cam",ULM_WAR,71,Left,1000058039,ULM,2023,954
"Barlow, Cam",ULM_WAR,71,Left,1000058039,ULM,2024,616
"Blanchard, Beau",ULM_WAR,77,Right,699782,ULM,2024,664
"Brewer, Brandon",ULM_WAR,77,Right,1000157833,ULM,2024,443
"Brewer, Brandon",ULM_WAR,77,Right,1000157833,ULM,2025,526
"Corley, Brandt",ULM_WAR,73,Left,1000107412,ULM,2023,178
"Corley, Brandt",ULM_WAR,73,Left,1000107412,ULM,2024,206
"Eager, Brennan",ULM_WAR,74,Left,10126289,ULM,2025,595
"Burrell, Dalton",ULM_WAR,77,Right,1000208529,ULM,2023,337
"Burrell, Dalton",ULM_WAR,77,Right,1000208529,ULM,2024,175
"Orton, Carson",ULM_WAR,73,Right,1000064933,ULM,2023,442
"Orton, Carson",ULM_WAR,73,Right,1000064933,ULM,2024,488
"DeJean, Chase",ULM_WAR,75,Right,1000051896,ULM,2023,11
"Dejean, Chase",ULM_WAR,75,Right,1000051896,ULM,2023,23
"Menard, Chipper",ULM_WAR,71,Left,1000097052,ULM,2023,844
"Menard, Chipper",ULM_WAR,71,Left,1000097052,ULM,2024,711
"Cirelli, Joey",ULM_WAR,77,Right,1000247577,ULM,2024,512
"Cirelli, Joey",ULM_WAR,77,Right,1000247577,ULM,2025,666
"Cressend, Cole",ULM_WAR,75,Right,1000208528,ULM,2023,565
"Conn, Jackson",ULM_WAR,79,Right,1000112676,ULM,2025,13
"Hitt, Dalton",ULM_WAR,70,Left,1000121249,ULM,2024,217
"Gonzalez, Daniel",ULM_WAR,76,Right,10096042,ULM,2024,399
"Gonzalez, Daniel",ULM_WAR,76,Right,10096042,ULM,2025,843
"Oswalt, Davis",ULM_WAR,71,Right,10001163,ULM,2024,230
"Derbyshire, Russell",ULM_WAR,77,Right,1000132096,ULM,2023,244
"Duhon, Jace",ULM_WAR,75,Right,10306133,ULM,2025,33
"Grigg, Landon",ULM_WAR,73,Right,1000265118,ULM,2025,827
"Shuffler, Henry",ULM_WAR,79,Right,1000099951,ULM,2023,169
"Hess, Holden",ULM_WAR,76,Right,1000208531,ULM,2024,85
"Hess, Holden",ULM_WAR,76,Right,1000208531,ULM,2025,251
"Huff, Hollis",ULM_WAR,74,Left,1000050285,ULM,2023,656
"Huff, Hollis",ULM_WAR,75,Left,1000050285,ULM,2024,129
"Huff, Hollis",ULM_WAR,75,Left,1000050285,ULM,2025,215
"Judice, Nicholas",ULM_WAR,80,Right,1000080386,ULM,2023,679
"Robinson, Justin",ULM_WAR,74,Right,1000208534,ULM,2023,359
"Robinson, Justin",ULM_WAR,74,Right,1000208534,ULM,2024,479
"Robinson, Justin",ULM_WAR,75,Right,1000208534,ULM,2025,158
"Lindsay, Trey ",ULM_WAR,74,Right,8898019,ULM,2023,96
"Lindsay, Trey",ULM_WAR,74,Right,8898019,ULM,2024,327
"Owings, Steve ",ULM_WAR,75,Right,1000099953,ULM,2023,215
"Owings, Steve",ULM_WAR,75,Right,1000099953,ULM,2023,10
"Owings, Steve",ULM_WAR,75,Right,1000099953,ULM,2024,18
"Seay, Parker",ULM_WAR,75,Left,703752,ULM,2024,496
"Roberts, Tanner",ULM_WAR,72,Left,1000092496,ULM,2023,166
"Sheets, Seaver",ULM_WAR,70,Right,1000113227,ULM,2024,101
"Sheets, Seaver",ULM_WAR,70,Right,1000113227,ULM,2025,169
"Denham, Aidan",UMBC_RET,74,Right,1000270421,UMBC,2024,14
"Denham, Aidan",UMBC_RET,74,Right,1000270421,UMBC,2025,99
"Gonzalez, Ayden",UMBC_RET,72,Right,1000270422,UMBC,2025,235
"Bell, Sam",UMBC_RET,71,Right,1000270434,UMBC,2024,162
"Bell, Sam",UMBC_RET,71,Right,1000270434,UMBC,2025,152
"Craig, Ben",UMBC_RET,75,Left,1000233503,UMBC,2023,104
"Craig, Ben",UMBC_RET,75,Left,810039,UMBC,2024,245
"Fox, Brady",UMBC_RET,70,Left,10323235,UMBC,2025,411
"Kelly, Connor",UMBC_RET,74,Right,1000215768,UMBC,2023,49
"Cunningham, Matt",UMBC_RET,75,Right,702010,UMBC,2024,155
"Cunningham, Matt",UMBC_RET,75,Right,702010,UMBC,2025,167
"Daniels, Sam",UMBC_RET,71,Right,10018330,UMBC,2023,11
"Daniels, Sam",UMBC_RET,71,Right,810036,UMBC,2024,272
"Daniels, Sam",UMBC_RET,71,,810036,UMBC,2025,30
"Dorn, Rob",UMBC_RET,74,Right,1000215770,UMBC,2023,23
"Dorn, Rob",UMBC_RET,74,Right,810038,UMBC,2024,80
"Downs, Sam",UMBC_RET,79,Right,1000084462,UMBC,2024,446
"Downs, Sam",UMBC_RET,79,,1000084462,UMBC,2025,96
"Droz, Sergio",UMBC_RET,70,Right,10092279,UMBC,2025,253
"Sargent, Eddie",UMBC_RET,70,Left,1000148558,UMBC,2023,66
"Sargent, Eddie",UMBC_RET,70,Left,1000148558,UMBC,2024,441
"Sargent, Eddie",UMBC_RET,70,Left,1000148558,UMBC,2025,447
"Tolis, Emmett",UMBC_RET,80,Right,1000354709,UMBC,2025,338
"Ianni, Ethan",UMBC_RET,73,Right,10020963,UMBC,2025,125
"Selmer, Evan",UMBC_RET,74,Right,10022201,UMBC,2023,42
"Selmer, Evan",UMBC_RET,74,Right,,UMBC,2024,28
"Selmer, Evan",UMBC_RET,74,Right,701995,UMBC,2025,41
"Teschendorf, Grant",UMBC_RET,75,Right,10284767,UMBC,2025,23
"Shertel, Jayden",UMBC_RET,70,Left,1000123021,UMBC,2023,111
"Shertel, Jayden",UMBC_RET,70,Left,701905,UMBC,2024,419
"Pucek, Joe",UMBC_RET,69,Left,1000122592,UMBC,2023,133
"Pucek, Joe",UMBC_RET,69,Left,810030,UMBC,2024,253
"Johnson, Luke",UMBC_RET,73,Right,1000122595,UMBC,2023,192
"Johnson, Luke",UMBC_RET,73,Right,810022,UMBC,2024,292
"Johnson, Luke",UMBC_RET,73,,810022,UMBC,2025,104
"Kelly, Zach",UMBC_RET,73,Right,810037,UMBC,2024,107
"Kelly, Zach",UMBC_RET,73,Right,810037,UMBC,2025,176
"Wiley, Logan",UMBC_RET,72,Left,1000270429,UMBC,2024,307
"Wiley, Logan",UMBC_RET,72,Left,1000270429,UMBC,2025,437
"Murphy, Shane",UMBC_RET,73,Right,1000270438,UMBC,2024,41
"Murphy, Shane",UMBC_RET,73,Right,1000270438,UMBC,2025,62
"Remy, Nick",UMBC_RET,76,Right,10023341,UMBC,2023,130
"Remy, Nick",UMBC_RET,76,Right,810033,UMBC,2024,180
"Remy, Nick",UMBC_RET,76,Right,810033,UMBC,2025,326
"Robinson, Zach",UMBC_RET,72,Right,10092583,UMBC,2025,160
"Allen, Hunter",MAR_HAW,72,Right,10105245,UMES,2025,192
"Anderson, Eric",MAR_HAW,72,Right,1000400340,UMES,2025,54
"McCabe, Austin",MAR_HAW,77,Right,10107108,UMES,2025,62
"Bernard, Charles",MAR_HAW,75,Right,1000121936,UMES,2024,54
"Gomez, Brandon",MAR_HAW,78,Right,1000107006,UMES,2024,127
"Gomez, Brandon",MAR_HAW,78,Right,1000107006,UMES,2025,76
"Poole, Brandon",MAR_HAW,70,Right,10087985,UMES,2024,45
"Taylor, Bronson",MAR_HAW,70,Right,10148849,UMES,2024,64
"Byrd, Lee",MAR_HAW,76,Right,10017932,UMES,2024,22
"Williams, Cade",MAR_HAW,72,Right,10304518,UMES,2024,247
"Williams, Cade",MAR_HAW,72,Right,10304518,UMES,2025,157
"Champey, Carter",MAR_HAW,73,Right,1000163339,UMES,2025,127
"Dillard, Jayden",MAR_HAW,71,Right,10117972,UMES,2025,93
"Nelson, Drew",MAR_HAW,72,Right,10105526,UMES,2025,205
"Elliott, Eric",MAR_HAW,75,Left,1000160114,UMES,2024,109
"Guerrero, Robert",MAR_HAW,74,Right,1000400343,UMES,2025,49
"Santiago, Janluis",MAR_HAW,74,Right,10145878,UMES,2025,47
"Kelly, Joe",MAR_HAW,74,Right,1000305335,UMES,2024,105
"Stepner, Jonah",MAR_HAW,76,Right,1000390724,UMES,2025,78
"Praddy, Justin",MAR_HAW,74,Right,10151352,UMES,2024,13
"Spencer, Justin",MAR_HAW,73,Right,10318940,UMES,2024,15
"Spencer, Justin",MAR_HAW,73,Right,10318940,UMES,2025,52
"McGriff, Tha'Mon",MAR_HAW,70,Right,10118023,UMES,2025,31
"Morales, Wilfredo",MAR_HAW,71,Left,815188,UMES,2025,44
"Prather, Tyler",MAR_HAW,72,Right,10032434,UMES,2024,158
"Prather, Tyler",MAR_HAW,73,Right,10032434,UMES,2025,79
"Smith, Raymond",MAR_HAW,70,Right,10285986,UMES,2024,38
"Mucciarone, Alfred",UMASS_RIV,73,Right,1000275061,UMass Lowell,2024,279
"Mucciarone, Alfred",UMASS_RIV,73,Right,1000275061,UMass Lowell,2025,240
"Hulfachor, Andres",UMASS_RIV,75,Right,1000293363,UMass Lowell,2024,105
"Hulfachor, Andres",UMASS_RIV,75,Right,1000274934,UMass Lowell,2025,185
"Becker, Joshua",UMASS_RIV,72,Right,1000055493,UMass Lowell,2023,77
"Bedder, Dylan",UMASS_RIV,78,Right,1000249582,UMass Lowell,2024,78
"Bedder, Dylan",UMASS_RIV,78,Right,1000249582,UMass Lowell,2025,162
"Bogli, Shane",UMASS_RIV,72,Right,1000105742,UMass Lowell,2023,110
"Holland, Brendan",UMASS_RIV,78,Left,1000119754,UMass Lowell,2024,102
"Holland, Brendan",UMASS_RIV,78,Left,1000119754,UMass Lowell,2025,384
"Williams, Brendan",UMASS_RIV,72,Right,1000119755,UMass Lowell,2023,68
"Williams, Brendan",UMASS_RIV,72,Right,1000119755,UMass Lowell,2024,429
"Foley, Brian",UMASS_RIV,76,Right,1000214000,UMass Lowell,2023,173
"Foley, Brian",UMASS_RIV,76,Right,1000214000,UMass Lowell,2024,135
"Foley, Brian",UMASS_RIV,76,Right,1000214000,UMass Lowell,2025,205
"Sime, Cam",UMASS_RIV,72,Right,1000275074,UMass Lowell,2024,36
"Sime, Cam",UMASS_RIV,72,Right,1000275074,UMass Lowell,2025,79
"Cota, Miles",UMASS_RIV,72,Right,1000080237,UMass Lowell,2023,70
"Cota, Miles",UMASS_RIV,72,Right,1000080237,UMass Lowell,2024,222
"Cota, Miles",UMASS_RIV,72,Right,1000080237,UMass Lowell,2025,68
"Dirito, Nick",UMASS_RIV,74,Right,1000214004,UMass Lowell,2023,108
"Haight, Drew",UMASS_RIV,72,Right,1000074673,UMass Lowell,2023,50
"Duke, Hayden",UMASS_RIV,70,Left,1000119760,UMass Lowell,2023,105
"Fortuna, Zach",UMASS_RIV,72,Left,1000119776,UMass Lowell,2023,55
"Fortuna, Zach",UMASS_RIV,72,Left,1000119776,UMass Lowell,2024,128
"Venezia, Frankie",UMASS_RIV,75,Right,1000080238,UMass Lowell,2023,90
"Venezia, Frankie",UMASS_RIV,75,Right,1000080238,UMass Lowell,2024,110
"Geisler, Nolan",UMASS_RIV,75,Right,1000323482,UMass Lowell,2025,338
"Hoyt, Owen",UMASS_RIV,72,Left,1000274936,UMass Lowell,2024,10
"Sefrino, Jack",UMASS_RIV,72,Right,1000214908,UMass Lowell,2024,66
"Jette, Jacob",UMASS_RIV,72,Left,1000149830,UMass Lowell,2023,128
"Jette, Jacob",UMASS_RIV,72,Left,1000149830,UMass Lowell,2024,269
"Jette, Jacob",UMASS_RIV,72,Left,1000149830,UMass Lowell,2025,62
"LeFrancois, Jake",UMASS_RIV,72,Right,1000363270,UMass Lowell,2025,62
"Keevan, LJ",UMASS_RIV,72,Left,1000156147,UMass Lowell,2023,84
"Keevan, LJ",UMASS_RIV,72,Left,1000156147,UMass Lowell,2024,407
"Rourke, Kevin",UMASS_RIV,73,Right,10149469,UMass Lowell,2024,53
"Rourke, Kevin",UMASS_RIV,73,Right,10149469,UMass Lowell,2025,21
"Simes, Michael",UMASS_RIV,77,Right,1000143969,UMass Lowell,2023,121
"Simes, Michael",UMASS_RIV,77,Right,1000143969,UMass Lowell,2024,234
"Simes, Michael",UMASS_RIV,77,Right,1000143969,UMass Lowell,2025,45
"Barna, Branden",NCA_BUL,73,Right,1000119867,UNC Asheville,2023,66
"Barna, Branden",NCA_BUL,73,Right,1000119867,UNC Asheville,2024,31
"Barna, Branden",NCA_BUL,73,Right,1000119867,UNC Asheville,2025,220
"Barna, Cal",NCA_BUL,75,Right,1000135368,UNC Asheville,2024,28
"Barna, Cal",NCA_BUL,75,Right,1000135368,UNC Asheville,2025,123
"Bates, Cole",NCA_BUL,75,Right,1000088181,UNC Asheville,2023,48
"Bates, Cole",NCA_BUL,75,Right,1000088181,UNC Asheville,2024,20
"Little, Blake",NCA_BUL,79,Right,1000080012,UNC Asheville,2023,121
"Pouliot, Brendan",NCA_BUL,76,Right,10111453,UNC Asheville,2023,17
"Johnson, Brett",NCA_BUL,74,Right,1000101610,UNC Asheville,2023,21
"Johnson, Brett",NCA_BUL,74,Right,1000101610,UNC Asheville,2024,199
"Bruno, Nick",NCA_BUL,71,Left,10026182,UNC Asheville,2023,24
"Bruno, Nick",NCA_BUL,71,Left,10026182,UNC Asheville,2024,355
"Bruno, Nick",NCA_BUL,71,Left,811653,UNC Asheville,2025,119
"Fisher, Bryce",NCA_BUL,76,Left,1000023389,UNC Asheville,2023,103
"Fisher, Bryce",NCA_BUL,76,Left,1000023389,UNC Asheville,2024,136
"Buscher, Chase",NCA_BUL,77,Right,10101008,UNC Asheville,2025,151
"Sabo, Chris",NCA_BUL,74,Right,1000119884,UNC Asheville,2023,86
"Edmondson, Clay",NCA_BUL,74,Right,1000131887,UNC Asheville,2023,195
"Edmondson, Clay",NCA_BUL,74,Right,811667,UNC Asheville,2024,84
"Edmondson, Clay",NCA_BUL,74,Right,811667,UNC Asheville,2025,509
"Guy, Colby",NCA_BUL,70,Right,1000123531,UNC Asheville,2024,405
"Guy, Colby",NCA_BUL,70,Right,1000123531,UNC Asheville,2025,170
"McGinnis, Coleman",NCA_BUL,73,Right,1000115423,UNC Asheville,2025,36
"Schiff, Cole",NCA_BUL,76,Left,1000076015,UNC Asheville,2023,66
"Schiff, Cole",NCA_BUL,76,Left,1000076015,UNC Asheville,2024,363
"Crum, Garrett",NCA_BUL,74,Right,10180671,UNC Asheville,2025,412
"Salter, Dawson",NCA_BUL,74,Right,1000088167,UNC Asheville,2023,116
"Nguyen-Brown, Daylinh",NCA_BUL,68,Right,1000091605,UNC Asheville,2025,246
"Douglas, Ryan",NCA_BUL,73,Right,1000080007,UNC Asheville,2023,142
"Gaydos, Zachary",NCA_BUL,75,Right,1000187557,UNC Asheville,2025,159
"Gonzales, Isaac",NCA_BUL,72,Left,1000133243,UNC Asheville,2023,34
"Gonzales, Isaac",NCA_BUL,72,Left,804757,UNC Asheville,2024,59
"Groves, Michael",NCA_BUL,76,Right,1000075451,UNC Asheville,2023,27
"Groves, Michael",NCA_BUL,76,Right,1000075451,UNC Asheville,2024,85
"Hall, Matthew",NCA_BUL,75,Right,1000402475,UNC Asheville,2025,181
"Hill, Spencer",NCA_BUL,76,Right,1000099935,UNC Asheville,2023,67
"Honeycutt, Justin",NCA_BUL,71,Left,10018694,UNC Asheville,2023,178
"Honeycutt, Justin",NCA_BUL,71,Left,1000248623,UNC Asheville,2024,305
"Howell, Ryland",NCA_BUL,73,Right,10130589,UNC Asheville,2025,229
"Williams, Isaac",NCA_BUL,75,Left,1000102916,UNC Asheville,2023,57
"Strmiska, Jacob",NCA_BUL,75,Right,1000101828,UNC Asheville,2024,93
"Williams, Jacob",NCA_BUL,76,Right,10022810,UNC Asheville,2023,44
"Williams, Jacob",NCA_BUL,76,Right,10022810,UNC Asheville,2024,86
"Young, Jake",NCA_BUL,74,Right,1000302075,UNC Asheville,2024,24
"Whiteside, John",NCA_BUL,75,Right,10013228,UNC Asheville,2025,61
"Needles, Justin",NCA_BUL,75,Right,1000052691,UNC Asheville,2023,124
"Needles, Justin",NCA_BUL,75,Right,1000052691,UNC Asheville,2024,223
"Lopez, Tony",NCA_BUL,75,Right,10021389,UNC Asheville,2025,227
"Thompson, Sam",NCA_BUL,73,Left,1000160882,UNC Asheville,2024,111
"Thompson, Sam",NCA_BUL,74,Left,1000160882,UNC Asheville,2025,180
"Walker, Shea",NCA_BUL,74,Right,1000251367,UNC Asheville,2024,37
"Walker, Shea",NCA_BUL,74,Right,1000251367,UNC Asheville,2025,244
"Walsh, Austin",UNC_SPA,72,Left,10016546,UNC Greensboro,2025,16
"Aycock, Grant",UNC_SPA,77,Right,1000023440,UNC Greensboro,2023,536
"Aycock, Grant",UNC_SPA,77,Right,1000023440,UNC Greensboro,2024,176
"Aycock, Grant",UNC_SPA,77,Right,1000023440,UNC Greensboro,2025,688
"Hudson, Brandon",UNC_SPA,76,Right,1000075431,UNC Greensboro,2024,233
"Wallace, Brandon",UNC_SPA,70,Right,1000103263,UNC Greensboro,2023,20
"Buck, Wesley",UNC_SPA,76,Left,1000114273,UNC Greensboro,2023,233
"Budzik, Jacob",UNC_SPA,69,Right,1000088388,UNC Greensboro,2023,5
"Cozart, Caleb",UNC_SPA,77,Right,1000036992,UNC Greensboro,2023,482
"Cozart, Caleb",UNC_SPA,77,Right,1000036992,UNC Greensboro,2024,138
"Chapman, Noah",UNC_SPA,72,Left,10087648,UNC Greensboro,2024,246
"Chapman, Noah",UNC_SPA,71,Left,10087648,UNC Greensboro,2025,996
"Gruskin, Chris",UNC_SPA,75,Right,1000133416,UNC Greensboro,2023,101
"Dear, Mayson",UNC_SPA,72,Right,10074548,UNC Greensboro,2024,87
"Dear, Mayson",UNC_SPA,69,Right,10074548,UNC Greensboro,2025,588
"Smith, Dylan",UNC_SPA,76,Right,1000114657,UNC Greensboro,2025,190
"Greenway, William",UNC_SPA,73,Right,10137879,UNC Greensboro,2025,115
"Wild, Greyson",UNC_SPA,75,Right,1000303713,UNC Greensboro,2025,38
"Summers, Hayden",UNC_SPA,70,Right,1000075446,UNC Greensboro,2023,63
"Lancaster, Hazen",UNC_SPA,73,Left,1000277227,UNC Greensboro,2025,75
"Shuey, Hunter",UNC_SPA,75,Right,1000114265,UNC Greensboro,2023,200
"Shuey, Hunter",UNC_SPA,75,Right,1000114265,UNC Greensboro,2024,343
"Shuey, Hunter",UNC_SPA,75,Right,1000114265,UNC Greensboro,2025,357
"Wolf, Jake ",UNC_SPA,72,Right,1000055944,UNC Greensboro,2023,941
"Miller, Jay",UNC_SPA,78,Right,1000188493,UNC Greensboro,2023,885
"Miller, Jay",UNC_SPA,78,Right,1000188493,UNC Greensboro,2024,263
"Miller, Jay",UNC_SPA,78,Right,1000188493,UNC Greensboro,2025,957
"Wolf, Jeremy",UNC_SPA,70,Right,1000230993,UNC Greensboro,2023,7
"Sendziak, Jonathan",UNC_SPA,72,Right,10021504,UNC Greensboro,2025,45
"Peissel, Julien",UNC_SPA,73,Right,1000188494,UNC Greensboro,2023,656
"Peissel, Julien",UNC_SPA,73,Right,1000188494,UNC Greensboro,2024,383
"Kemp, Matt",UNC_SPA,73,Right,1000100061,UNC Greensboro,2023,560
"King, Price",UNC_SPA,74,Left,1000100066,UNC Greensboro,2023,528
"Thomas, Luke",UNC_SPA,74,Right,1000188496,UNC Greensboro,2023,747
"Thomas, Luke",UNC_SPA,74,Right,1000188496,UNC Greensboro,2024,52
"Murchison, Sam",UNC_SPA,73,Right,1000089770,UNC Greensboro,2024,24
"Murchison, Sam",UNC_SPA,73,Right,1000089770,UNC Greensboro,2025,1204
"Ready, Rob",UNC_SPA,75,Right,1000051256,UNC Greensboro,2023,525
"Ready, Rob",UNC_SPA,75,Right,694698,UNC Greensboro,2024,298
"Ready, Rob",UNC_SPA,75,Right,694698,UNC Greensboro,2025,612
"Rouse, Ryan",UNC_SPA,78,Right,1000100060,UNC Greensboro,2023,291
"Tortorella, Sammy",UNC_SPA,75,Left,1000119907,UNC Greensboro,2024,121
"Allen, Cooper",UNC_SEA,73,Right,10130359,UNCW,2024,212
"Allen, Cooper",UNC_SEA,73,Right,10130359,UNCW,2025,504
"Arendt, Bryan",UNC_SEA,74,Right,1000134744,UNCW,2025,89
"Smith, Aubrey",UNC_SEA,75,Right,10077520,UNCW,2023,317
"Smith, Aubrey",UNC_SEA,75,Right,703502,UNCW,2025,619
"Cox, Baker",UNC_SEA,72,Left,801918,UNCW,2024,187
"Cox, Baker",UNC_SEA,72,Left,801918,UNCW,2025,418
"Baker, Trace",UNC_SEA,76,Right,823994,UNCW,2024,470
"Baker, Trace",UNC_SEA,76,Right,823994,UNCW,2025,773
"Banks, Brett",UNC_SEA,75,Right,1000122633,UNCW,2023,508
"Benton, Cody",UNC_SEA,75,Right,1000073008,UNCW,2023,57
"Benton, Cody",UNC_SEA,75,Right,1000073008,UNCW,2024,116
"Benton, Cole",UNC_SEA,74,Left,1000013140,UNCW,2023,74
"Benton, Cole",UNC_SEA,75,Left,1000013140,UNCW,2024,198
"Braddy, Porter",UNC_SEA,71,Left,1000277236,UNCW,2025,62
"Thornton, Bromley",UNC_SEA,76,Right,823985,UNCW,2024,29
"Thornton, Bromley",UNC_SEA,76,Right,823985,UNCW,2025,301
"Calvert, Ryan",UNC_SEA,77,Right,1000076042,UNCW,2023,261
"Calvert, Ryan",UNC_SEA,77,Right,823991,UNCW,2024,456
"Capuano, Jordan",UNC_SEA,73,Right,10148344,UNCW,2024,25
"Holjes, Carter",UNC_SEA,78,Right,1000100988,UNCW,2024,82
"Stroup, Case",UNC_SEA,77,Left,10018531,UNCW,2023,387
"Stroup, Case",UNC_SEA,76,Left,10018531,UNCW,2024,440
"Chenault, Ethan",UNC_SEA,77,Right,1000069432,UNCW,2023,505
"Kane, Connor",UNC_SEA,72,Right,1000114667,UNCW,2023,455
"Kane, Connor",UNC_SEA,72,Right,703475,UNCW,2024,375
"Kane, Connor",UNC_SEA,72,Right,703475,UNCW,2025,115
"Marshburn, Connor",UNC_SEA,78,Right,823987,UNCW,2024,412
"Marshburn, Connor",UNC_SEA,78,Right,823987,UNCW,2025,997
"Craig, Luke",UNC_SEA,75,Left,1000100993,UNCW,2023,608
"Craig, Luke",UNC_SEA,74,Left,823996,UNCW,2024,728
"Phelan, Cyle",UNC_SEA,74,Left,1000123070,UNCW,2023,241
"Phelan, Cyle",UNC_SEA,75,Left,1000123070,UNCW,2024,316
"Phelan, Cyle",UNC_SEA,75,Left,695563,UNCW,2025,320
"Marcinko, Evan",UNC_SEA,75,Left,1000138346,UNCW,2023,36
"Everett, JD",UNC_SEA,71,Left,1000167996,UNCW,2024,41
"Everett, JD",UNC_SEA,71,Left,1000167996,UNCW,2025,99
"Gaither, Matt",UNC_SEA,76,Left,1000122574,UNCW,2023,535
"Gaither, Matt",UNC_SEA,76,Left,1000122574,UNCW,2024,95
"Gibson, Jack",UNC_SEA,74,Left,10108199,UNCW,2024,58
"Gibson, Jack",UNC_SEA,74,Left,10108199,UNCW,2025,106
"Hudak, Jason",UNC_SEA,74,Right,1000061616,UNCW,2023,177
"Shafer, Jacob",UNC_SEA,79,Right,1000100992,UNCW,2023,856
"Shafer, Jacob",UNC_SEA,80,Right,822465,UNCW,2024,1054
"Lawson, Ty",UNC_SEA,77,Right,10063829,UNCW,2023,126
"Lawson, Ty",UNC_SEA,77,Right,10063829,UNCW,2024,43
"Lawson, Ty",UNC_SEA,77,Right,10063829,UNCW,2025,207
"Murdock, Mason",UNC_SEA,76,Right,1000064189,UNCW,2023,355
"Murdock, Mason",UNC_SEA,77,Right,1000064189,UNCW,2024,238
"Murdock, Mason",UNC_SEA,77,Right,1000064189,UNCW,2025,148
"Sales, RJ",UNC_SEA,72,Right,1000091668,UNCW,2024,1145
"Thach, Tanner",UNC_SEA,76,Left,1000233004,UNCW,2023,40
"Thach, Tanner",UNC_SEA,76,Left,1000233004,UNCW,2024,92
"Taylor, Zane",UNC_SEA,71,Right,1000138347,UNCW,2023,849
"Taylor, Zane",UNC_SEA,72,Right,1000138347,UNCW,2024,647
"Taylor, Zane",UNC_SEA,72,Right,1000138347,UNCW,2025,1092
"Acosta, Joey",UNL_REB,75,Right,1000119216,UNLV,2023,558
"Acosta, Joey",UNL_REB,75,Right,1000119216,UNLV,2024,210
"Albright, Cody",UNL_REB,75,Right,831039,UNLV,2025,382
"Overbay, Alex",UNL_REB,76,,1000283178,UNLV,2024,33
"Overbay, Alex",UNL_REB,76,Right,814099,UNLV,2025,404
"Beal, Noah",UNL_REB,76,Right,1000119217,UNLV,2023,624
"Bretza, Zander",UNL_REB,72,Right,1000213092,UNLV,2024,92
"Uribe, Brian",UNL_REB,72,Right,10024727,UNLV,2023,72
"Byers, Caden",UNL_REB,76,Right,831026,UNLV,2025,209
"Carabajal, Noah",UNL_REB,74,Right,1000050387,UNLV,2023,527
"Carabajal, Noah",UNL_REB,74,Right,1000050387,UNLV,2024,213
"Lane, Carson",UNL_REB,75,,1000239590,UNLV,2024,347
"Lane, Carson",UNL_REB,75,Right,1000239590,UNLV,2025,941
"Charles, Rylan",UNL_REB,72,Left,1000039289,UNLV,2024,84
"Roberts, Cole",UNL_REB,71,Right,10064957,UNLV,2023,128
"Roberts, Cole",UNL_REB,71,Right,10064957,UNLV,2024,83
"Sundloff, Colton",UNL_REB,77,Right,695774,UNLV,2025,62
"Czerniawski, Zac",UNL_REB,73,Right,1000059931,UNLV,2023,9
"Dillow, Mason",UNL_REB,74,Right,803178,UNLV,2025,319
"Rogers, Dylan",UNL_REB,74,,1000189841,UNLV,2024,209
"Rogers, Dylan",UNL_REB,74,Right,1000189841,UNLV,2025,121
"Vasiliou, Evan",UNL_REB,74,Left,823504,UNLV,2025,340
"Fowler, Ross",UNL_REB,75,Right,831036,UNLV,2025,149
"Fuller, Peyton",UNL_REB,76,Right,1000018243,UNLV,2023,109
"George, Nolan",UNL_REB,73,Right,1000119218,UNLV,2023,77
"Gonzalez, Jesus",UNL_REB,73,,1000117564,UNLV,2024,237
"Hanson, Jordan",UNL_REB,78,Right,301250,UNLV,2023,388
"Hanson, Jordan",UNL_REB,78,Right,1000203768,UNLV,2024,186
"Hanson, Jordan",UNL_REB,79,Right,831040,UNLV,2025,22
"Sellinger, Jack",UNL_REB,75,Left,1000117561,UNLV,2023,365
"Khasaempanth, Jake",UNL_REB,71,Right,291367,UNLV,2023,30
"Sharman, Josh",UNL_REB,73,Right,1000050787,UNLV,2023,714
"Mercurius, LJ",UNL_REB,75,,1000283171,UNLV,2024,226
"Mercurius, LJ",UNL_REB,75,Right,702969,UNLV,2025,574
"Lueck, Reese",UNL_REB,73,Right,1000231279,UNLV,2023,165
"Lueck, Reese",UNL_REB,73,Right,1000231279,UNLV,2024,99
"Lueck, Reese",UNL_REB,74,Right,831033,UNLV,2025,745
"Marquart, Will",UNL_REB,72,Right,1000241066,UNLV,2025,352
"Mattera, Noah",UNL_REB,72,Left,1000080211,UNLV,2023,264
"Taylor, Michael",UNL_REB,76,Right,1000224333,UNLV,2025,307
"Rupp, Nick",UNL_REB,70,Left,1000054418,UNLV,2023,445
"Simon, Zack",UNL_REB,74,Right,1000131882,UNLV,2023,301
"Hacker, AJ",USC_UPS,75,Right,1000075562,USC Upstate,2023,62
"Hacker, AJ",USC_UPS,75,Right,1000075562,USC Upstate,2024,28
"Holguin, Al",USC_UPS,72,Left,10028033,USC Upstate,2023,139
"Phillips, Amp",USC_UPS,73,Right,1000303688,USC Upstate,2025,766
"Beaty, Kyle",USC_UPS,70,Right,803070,USC Upstate,2025,479
"Coffman, Beau",USC_UPS,73,Right,1000101816,USC Upstate,2024,42
"Roberts, Ben",USC_UPS,76,Right,1000121989,USC Upstate,2023,330
"Bianchini, Max",USC_UPS,76,Right,1000189043,USC Upstate,2025,683
"Consaul, Braden",USC_UPS,73,Right,1000182793,USC Upstate,2023,66
"Consaul, Braden",USC_UPS,73,Right,1000182793,USC Upstate,2024,457
"Consaul, Braden",USC_UPS,74,Right,1000182793,USC Upstate,2025,295
"Costa, Caleb",USC_UPS,73,Right,1000183069,USC Upstate,2023,147
"Campbell, Jackson",USC_UPS,72,Right,1000223690,USC Upstate,2023,41
"Mackey, Cayden",USC_UPS,76,Right,1000362313,USC Upstate,2025,318
"Matheny, Chase",USC_UPS,73,Right,1000064723,USC Upstate,2023,204
"Ellingworth, Cooper",USC_UPS,70,Right,10132266,USC Upstate,2024,655
"Ellingworth, Cooper",USC_UPS,71,Right,10132266,USC Upstate,2025,722
"Cubbler, Jake",USC_UPS,74,Right,1000106798,USC Upstate,2023,57
"Cubbler, Jake",USC_UPS,74,Right,813575,USC Upstate,2024,731
"Curtis, Mathieu",USC_UPS,75,Right,10064231,USC Upstate,2023,153
"Curtis, Mathieu",USC_UPS,77,Right,813555,USC Upstate,2024,904
"Kuskie, Darin",USC_UPS,75,Right,10290427,USC Upstate,2024,466
"Kuskie, Darin",USC_UPS,77,Right,10290427,USC Upstate,2025,811
"James, David",USC_UPS,75,Right,1000114804,USC Upstate,2023,88
"James, David",USC_UPS,76,Right,813572,USC Upstate,2024,203
"Sivec, Derek",USC_UPS,71,Left,1000099645,USC Upstate,2023,88
"Dutton, Reese",USC_UPS,74,Right,124498,USC Upstate,2023,179
"Hemmerling, Reece",USC_UPS,72,Right,10186687,USC Upstate,2025,242
"Henninger, Tommy",USC_UPS,74,Right,1000160905,USC Upstate,2024,183
"Proger, Henry",USC_UPS,71,Left,1000223688,USC Upstate,2023,160
"Proger, Henry",USC_UPS,72,Left,813570,USC Upstate,2024,1023
"Hodgdon, Trent",USC_UPS,75,Right,1000133922,USC Upstate,2023,126
"Hodgdon, Trent",USC_UPS,75,Right,695787,USC Upstate,2024,547
"Jefferis, Jagger",USC_UPS,71,Left,10302555,USC Upstate,2024,708
"Reyes, Juan",USC_UPS,77,Right,828303,USC Upstate,2025,455
"Parson, Julian",USC_UPS,74,Right,1000050867,USC Upstate,2023,62
"Parson, Julian",USC_UPS,74,Right,1000050867,USC Upstate,2024,397
"Kaplan, Max",USC_UPS,73,Left,10052799,USC Upstate,2025,589
"Kilker, Michael",USC_UPS,74,Right,802149,USC Upstate,2024,119
"Sexton, Landon",USC_UPS,76,Right,1000303727,USC Upstate,2025,179
"Thomas, Nate",USC_UPS,75,Right,1000036040,USC Upstate,2023,44
"Sullivan, Noah",USC_UPS,73,Right,1000074780,USC Upstate,2023,65
"Sullivan, Noah",USC_UPS,73,Right,1000074780,USC Upstate,2024,887
"Calhoun, Aaron",ARL_MAV,70,Right,695503,UT Arlington,2024,507
"Calhoun, Aaron",ARL_MAV,70,Right,695503,UT Arlington,2025,294
"Lucas, Andrew",ARL_MAV,71,Right,1000059153,UT Arlington,2023,279
"Garcia, Anthony",ARL_MAV,72,Right,1000366345,UT Arlington,2025,278
"Knipper, Armani",ARL_MAV,71,Right,10270235,UT Arlington,2024,23
"Wallace, Austin",ARL_MAV,76,Left,1000294935,UT Arlington,2024,228
"Bailey, Gray",ARL_MAV,72,Left,1000077991,UT Arlington,2023,309
"Bailey, Gray",ARL_MAV,72,,1000077991,UT Arlington,2025,18
"Bethel, Tate",ARL_MAV,73,Right,822845,UT Arlington,2024,46
"Brooks, Brayden",ARL_MAV,73,Right,1000114325,UT Arlington,2023,367
"Hackett, Bryce",ARL_MAV,74,Right,1000080119,UT Arlington,2023,358
"Cline, Caden",ARL_MAV,76,Right,830180,UT Arlington,2025,150
"Noah, Caden",ARL_MAV,70,Left,1000167737,UT Arlington,2023,539
"Noah, Caden",ARL_MAV,70,Left,699476,UT Arlington,2024,482
"Noah, Caden",ARL_MAV,70,Left,1000167737,UT Arlington,2025,537
"McGlade, Cade",ARL_MAV,75,Left,809522,UT Arlington,2024,318
"McGlade, Cade",ARL_MAV,75,Left,809522,UT Arlington,2025,161
"Dygert, Caylon",ARL_MAV,73,Right,1000257737,UT Arlington,2024,742
"Dygert, Caylon",ARL_MAV,73,Right,1000257737,UT Arlington,2025,1052
"Colletti, Zac",ARL_MAV,74,Left,830181,UT Arlington,2025,86
"Collins, Sam",ARL_MAV,73,Left,801490,UT Arlington,2024,155
"Horton, Collin",ARL_MAV,72,Right,801002,UT Arlington,2024,256
"Peters, Connery",ARL_MAV,78,Right,1000050714,UT Arlington,2023,556
"Peters, Connery",ARL_MAV,78,,1000050714,UT Arlington,2025,73
"Krause, Dylan",ARL_MAV,76,Right,830175,UT Arlington,2025,276
"Eby, Trevor",ARL_MAV,73,Right,1000258476,UT Arlington,2024,82
"Starks, Gabe",ARL_MAV,73,Right,1000072658,UT Arlington,2023,626
"Starks, Gabe",ARL_MAV,73,,1000072658,UT Arlington,2025,90
"Singer, Gage",ARL_MAV,73,Right,1000232997,UT Arlington,2023,126
"Gearner, Garrett",ARL_MAV,76,Right,809542,UT Arlington,2024,267
"Hagan, Jack",ARL_MAV,75,Right,1000100625,UT Arlington,2023,358
"Hagan, Jack",ARL_MAV,75,Right,1000100625,UT Arlington,2025,552
"Hammond, Harrison",ARL_MAV,70,Left,1000083327,UT Arlington,2023,21
"Hammond, Harrison",ARL_MAV,70,Left,809526,UT Arlington,2024,19
"Hasty, Jacob",ARL_MAV,74,Left,10022091,UT Arlington,2024,440
"Melville, Hayes",ARL_MAV,72,Right,830173,UT Arlington,2025,137
"Marshall, Hunter",ARL_MAV,72,Right,1000050827,UT Arlington,2023,212
"Scrantom, Jason",ARL_MAV,75,Right,822853,UT Arlington,2024,174
"Steeber, Joe",ARL_MAV,76,Right,1000037567,UT Arlington,2023,91
"Steeber, Joe",ARL_MAV,76,Right,801497,UT Arlington,2024,265
"Steeber, Joe",ARL_MAV,76,Right,801497,UT Arlington,2025,681
"Kuykendall, Thomas",ARL_MAV,75,Left,1000232998,UT Arlington,2023,416
"Kuykendall, Thomas",ARL_MAV,75,,1000232998,UT Arlington,2025,44
"Winkler, Kyle",ARL_MAV,73,Left,812474,UT Arlington,2025,154
"Novis, Matt",ARL_MAV,72,Right,1000058661,UT Arlington,2023,349
"Novis, Matt",ARL_MAV,72,,1000058661,UT Arlington,2025,85
"Sears, Merek",ARL_MAV,75,Left,812373,UT Arlington,2025,122
"Robb, Nicholas",ARL_MAV,75,Right,822851,UT Arlington,2024,364
"Robb, Nicholas",ARL_MAV,75,Right,822851,UT Arlington,2025,640
"Norris , Zach",ARL_MAV,73,Right,1000100628,UT Arlington,2023,318
"Norris , Zach",ARL_MAV,73,Right,1000100628,UT Arlington,2024,604
"Norris, Zach",ARL_MAV,73,Right,1000100628,UT Arlington,2024,23
"Norris , Zach",ARL_MAV,73,,1000100628,UT Arlington,2025,48
"Stevens, Rhys",ARL_MAV,69,Right,830174,UT Arlington,2025,499
"Zahradnik, Ty",ARL_MAV,79,Left,806458,UT Arlington,2025,363
"Arender, Brock",UTM_SKY,75,Left,1000213840,UT Martin,2024,122
"Arender, Brock",UTM_SKY,75,Left,1000213840,UT Martin,2025,28
"Armstrong, Jordan",UTM_SKY,74,Right,1000193688,UT Martin,2023,200
"Gast, Austin",UTM_SKY,72,Right,1000273117,UT Martin,2025,33
"Bartle, Jeb",UTM_SKY,73,Right,10060940,UT Martin,2024,295
"Bartle, Jeb",UTM_SKY,73,Right,10060940,UT Martin,2025,214
"Baskin, Kaleb",UTM_SKY,73,Right,1000113650,UT Martin,2024,45
"Baskin, Kaleb",UTM_SKY,73,Right,1000113650,UT Martin,2025,118
"Bayles, Drake",UTM_SKY,74,Right,1000253141,UT Martin,2025,191
"Jones, Baylor",UTM_SKY,72,Right,1000100259,UT Martin,2023,61
"Jones, Baylor",UTM_SKY,72,Right,1000100259,UT Martin,2024,133
"Benton, Davis",UTM_SKY,74,Right,809565,UT Martin,2024,22
"King, Brandon",UTM_SKY,76,Right,1000232314,UT Martin,2025,269
"Cleveland, Campbell",UTM_SKY,75,Right,1000213841,UT Martin,2023,81
"Cleveland, Campbell",UTM_SKY,75,Right,1000213841,UT Martin,2024,65
"Diffey, Choyce",UTM_SKY,75,Right,1000213842,UT Martin,2023,117
"Diffey, Choyce",UTM_SKY,75,Right,1000213842,UT Martin,2024,360
"Cochran, Cooper",UTM_SKY,79,Right,10061180,UT Martin,2023,21
"Millar, Colin",UTM_SKY,72,Left,1000109911,UT Martin,2023,68
"Gaston, Davis",UTM_SKY,75,Right,1000316044,UT Martin,2024,60
"Lapic, Dylan",UTM_SKY,75,Left,1000132101,UT Martin,2024,36
"Edwards, Rett",UTM_SKY,70,Right,10025767,UT Martin,2025,25
"Martin, Eli",UTM_SKY,71,Right,1000100264,UT Martin,2023,94
"Martin, Eli",UTM_SKY,71,Right,1000100264,UT Martin,2024,27
"Steensma, Eric",UTM_SKY,75,Right,1000079755,UT Martin,2023,67
"Steensma, Eric",UTM_SKY,75,Right,1000079755,UT Martin,2024,279
"Hobson, J. Henry",UTM_SKY,77,Right,1000121628,UT Martin,2023,68
"Sitton, Jacob",UTM_SKY,72,Right,10033852,UT Martin,2025,158
"Jones, Silas",UTM_SKY,74,Right,10150699,UT Martin,2024,59
"Long, Quin",UTM_SKY,73,Right,1000168647,UT Martin,2025,73
"Shropshire, Mason",UTM_SKY,72,Right,1000066204,UT Martin,2025,70
"Self, Nate",UTM_SKY,74,Right,1000079752,UT Martin,2023,33
"Perez, Shawn",UTM_SKY,75,Right,1000051925,UT Martin,2025,54
"Petry, Seth",UTM_SKY,73,Right,8891025,UT Martin,2023,231
"Thornton, Quincy",UTM_SKY,74,Right,1000190878,UT Martin,2025,110
"Reed, Tucker",UTM_SKY,75,Right,1000100263,UT Martin,2023,90
"Reed, Tucker",UTM_SKY,75,Right,1000100263,UT Martin,2024,298
"Ricko, Trey",UTM_SKY,74,Right,1000055880,UT Martin,2023,84
"Smith, Sam",UTM_SKY,78,Right,1000077668,UT Martin,2024,25
"Walton, Tristan",UTM_SKY,75,Left,1000213846,UT Martin,2023,171
"Walton, Tristan",UTM_SKY,75,Left,1000213846,UT Martin,2024,339
"Wager, Zach",UTM_SKY,73,Left,1000213847,UT Martin,2023,130
"Wager, Zach",UTM_SKY,73,Left,1000213847,UT Martin,2024,174
"Wager, Zach",UTM_SKY,73,Left,1000213847,UT Martin,2025,48
"Sanchez, Aaron",UTR_VAQ,73,Right,1000226267,UTRGV,2024,143
"Garcia, Abanny",UTR_VAQ,73,Right,1000056850,UTRGV,2023,65
"Aldaz, Jesus",UTR_VAQ,76,Right,1000121306,UTRGV,2023,118
"Havlicek, Alex",UTR_VAQ,77,Right,1000016984,UTRGV,2024,37
"Verdugo, Alex",UTR_VAQ,75,Right,1000025573,UTRGV,2023,157
"Cabral, Angelo",UTR_VAQ,75,Right,1000102001,UTRGV,2023,206
"Cabral, Angelo",UTR_VAQ,75,Right,1000102001,UTRGV,2025,73
"Tejada, Anthony",UTR_VAQ,73,Right,1000097565,UTRGV,2024,38
"Tejada, Anthony",UTR_VAQ,73,Right,1000097565,UTRGV,2025,209
"Barrera, Daren",UTR_VAQ,75,Right,10033940,UTRGV,2023,15
"Barrera, Daren",UTR_VAQ,75,Right,10033940,UTRGV,2025,182
"Bonilla, Robert",UTR_VAQ,72,Right,1000214478,UTRGV,2024,35
"Bonilla, Robert",UTR_VAQ,72,Right,831213,UTRGV,2025,310
"Wanless, Caden",UTR_VAQ,70,Right,10325997,UTRGV,2025,103
"Campa, Isiah",UTR_VAQ,73,Right,1000054307,UTRGV,2024,163
"Cienfuegos, Kike",UTR_VAQ,70,Right,1000239822,UTRGV,2025,232
"Davis, Colten",UTR_VAQ,74,Right,1000056837,UTRGV,2023,178
"Davis, Tyler",UTR_VAQ,74,Right,808752,UTRGV,2024,17
"Miramontes, EJ",UTR_VAQ,73,Left,1000122035,UTRGV,2024,45
"Miramontes, EJ",UTR_VAQ,73,Left,1000122035,UTRGV,2025,43
"Maldonado, Evan",UTR_VAQ,72,Right,1000118470,UTRGV,2025,56
"Hernandez, Francisco",UTR_VAQ,75,Right,1000048102,UTRGV,2024,197
"Hernandez, Francisco",UTR_VAQ,75,Right,1000048102,UTRGV,2025,66
"Gonzalez, Ruben",UTR_VAQ,71,Right,10111061,UTRGV,2023,14
"Thayer, Harrison",UTR_VAQ,75,Right,831195,UTRGV,2025,149
"Henderson, Rex",UTR_VAQ,76,Right,1000344254,UTRGV,2025,74
"Lopez, Jack",UTR_VAQ,71,Right,10018574,UTRGV,2023,58
"Lopez, Jack",UTR_VAQ,71,Right,10018574,UTRGV,2024,111
"Lopez, Jack",UTR_VAQ,71,Right,10018574,UTRGV,2025,193
"Quinn, Jack",UTR_VAQ,71,Right,1000097037,UTRGV,2024,85
"Limas, Jacob",UTR_VAQ,75,Right,1000226351,UTRGV,2024,51
"Limas, Jacob",UTR_VAQ,75,Right,831198,UTRGV,2025,138
"Kosowick, Mason",UTR_VAQ,79,Right,1000127390,UTRGV,2025,40
"Massey, Kris",UTR_VAQ,76,Left,1000161873,UTRGV,2023,95
"Mejia, Sebastian",UTR_VAQ,71,Right,1000098347,UTRGV,2023,52
"Rodriguez, Nico",UTR_VAQ,74,Right,1000079841,UTRGV,2023,82
"Rodriguez, Nico",UTR_VAQ,74,Right,1000079841,UTRGV,2024,160
"Oliva, Steven",UTR_VAQ,71,Right,1000189587,UTRGV,2025,151
"Tjelmeland, Zach",UTR_VAQ,76,Right,1000098320,UTRGV,2023,79
"Tjelmeland, Zach",UTR_VAQ,76,Right,1000098320,UTRGV,2024,283
"Valdez, Tyler",UTR_VAQ,73,Right,809854,UTRGV,2024,174
"Wiatrek, Wyatt",UTR_VAQ,75,Right,1000189657,UTRGV,2024,18
"Wiatrek, Wyatt",UTR_VAQ,75,Right,831215,UTRGV,2025,139
"Stanford, Michael Alan",UTA_UTE,77,Left,822666,Utah,2024,14
"Ashman, Micah",UTA_UTE,79,Left,1000119695,Utah,2023,146
"Ashman, Micah",UTA_UTE,79,Left,1000119695,Utah,2024,223
"Bird, Billy",UTA_UTE,75,Left,822659,Utah,2024,13
"Whiting, Blake",UTA_UTE,74,Right,1000119682,Utah,2023,217
"Boesen, Lucas",UTA_UTE,72,Right,1000130271,Utah,2025,506
"Joyner, Brady",UTA_UTE,77,Right,1000099981,Utah,2025,272
"Maylett, Brady",UTA_UTE,77,Left,1000119683,Utah,2023,22
"Kuehl, Bransen",UTA_UTE,73,Right,1000119684,Utah,2023,237
"Kuehl, Bransen",UTA_UTE,74,Right,1000119684,Utah,2024,255
"Porthan, Brett",UTA_UTE,75,Right,822642,Utah,2024,571
"Van Sickle, Bryson",UTA_UTE,72,Left,1000119685,Utah,2023,381
"Van Sickle, Bryson",UTA_UTE,72,Left,1000119685,Utah,2024,1006
"Van Sickle, Bryson",UTA_UTE,72,,1000119685,Utah,2025,108
"Nielson, Cameron",UTA_UTE,73,Right,822574,Utah,2024,86
"Nielson, Cameron",UTA_UTE,73,Right,822574,Utah,2025,340
"Wall, Carter",UTA_UTE,74,Left,1000268401,Utah,2024,42
"Wall, Carter",UTA_UTE,74,Left,1000268401,Utah,2025,79
"Chambers, Colby",UTA_UTE,75,Left,832408,Utah,2025,41
"Clarkson, TJ",UTA_UTE,74,Left,1000047535,Utah,2023,105
"McAnelly, Colter",UTA_UTE,76,Right,814778,Utah,2024,581
"McAnelly, Colter",UTA_UTE,76,Right,814778,Utah,2025,1121
"Conaway, Mateus",UTA_UTE,73,Left,1000125351,Utah,2025,286
"Culver, Ian",UTA_UTE,72,Right,10012331,Utah,2025,385
"Diamant, Demitri",UTA_UTE,71,Right,702669,Utah,2025,195
"Fine, Dillon",UTA_UTE,75,Right,10326684,Utah,2025,281
"Gazaway, Dylan",UTA_UTE,76,Right,10140065,Utah,2025,680
"Jones, Easton",UTA_UTE,75,Right,10304926,Utah,2025,338
"Elder, Jackson",UTA_UTE,74,Right,1000132266,Utah,2024,454
"Elder, Jackson",UTA_UTE,74,Right,1000132266,Utah,2025,55
"Lugo-Canchola, Ernesto",UTA_UTE,77,Left,1000268403,Utah,2024,270
"Sumner, Garrison",UTA_UTE,74,Right,10061396,Utah,2023,19
"Harris, Jaden",UTA_UTE,74,Right,1000119691,Utah,2023,231
"Harris, Jaden",UTA_UTE,74,Right,1000119691,Utah,2024,353
"Hostert, Randon",UTA_UTE,77,Right,1000047573,Utah,2023,208
"Hostert, Randon",UTA_UTE,77,Right,687085,Utah,2024,535
"Jones, Merit",UTA_UTE,75,Right,1000196598,Utah,2023,317
"Jones, Merit",UTA_UTE,76,Right,1000196598,Utah,2024,718
"Jones, Merit",UTA_UTE,76,Right,1000196598,Utah,2025,1051
"McCleve, Zac",UTA_UTE,76,Right,1000056114,Utah,2023,223
"Riske, Payton",UTA_UTE,70,Right,10038974,Utah,2024,72
"Riske, Payton",UTA_UTE,70,Right,10038974,Utah,2025,89
"Stockman, Sam",UTA_UTE,71,Left,10105536,Utah,2025,81
"Morris, Aaron",DIX_STE,70,Right,1000193433,Utah Tech,2024,466
"Morris, Aaron",DIX_STE,70,Right,1000193433,Utah Tech,2025,322
"Angeroth, Carson",DIX_STE,74,Right,1000131984,Utah Tech,2023,576
"Angeroth, Carson",DIX_STE,75,Right,1000131984,Utah Tech,2024,313
"Bell, Jackson",DIX_STE,74,Right,1000361755,Utah Tech,2025,199
"Clark, Ben",DIX_STE,75,Right,1000121442,Utah Tech,2023,275
"Clark, Ben",DIX_STE,75,Right,1000121442,Utah Tech,2024,175
"Hart, Ben",DIX_STE,74,Left,1000121443,Utah Tech,2023,452
"Milne, Blake",DIX_STE,73,Right,1000121444,Utah Tech,2023,29
"Bonus, Carson",DIX_STE,77,Right,1000097009,Utah Tech,2024,222
"Porthan, Brett",DIX_STE,75,Right,1000100650,Utah Tech,2023,1297
"Roundy, Brock",DIX_STE,68,Left,10274719,Utah Tech,2025,553
"Brooks, Easton",DIX_STE,76,Right,1000281376,Utah Tech,2025,161
"Montgomery, Cade",DIX_STE,70,Right,1000324613,Utah Tech,2024,542
"Montgomery, Cade",DIX_STE,70,Right,1000324613,Utah Tech,2025,680
"Carroll, Jace",DIX_STE,79,Right,1000111043,Utah Tech,2023,152
"Carroll, Jace",DIX_STE,79,Right,1000111043,Utah Tech,2024,113
"Herman, Carston",DIX_STE,72,Left,10075384,Utah Tech,2024,75
"West, Dakoda",DIX_STE,74,Right,1000190551,Utah Tech,2023,553
"West, Dakoda",DIX_STE,75,Right,823513,Utah Tech,2024,203
"West, Dakoda",DIX_STE,75,Right,823513,Utah Tech,2025,483
"Gray, Dakota",DIX_STE,70,Right,1000161036,Utah Tech,2025,155
"Newman, Dax",DIX_STE,74,Right,10282968,Utah Tech,2025,182
"Decker, Ky",DIX_STE,75,Right,1000125016,Utah Tech,2024,750
"Gardner, Dylan",DIX_STE,77,Right,1000131775,Utah Tech,2024,619
"Hawkes, Dylan",DIX_STE,74,Left,1000125005,Utah Tech,2025,132
"Gardner, Ethan",DIX_STE,77,Right,10304704,Utah Tech,2025,130
"Vasiliou, Evan",DIX_STE,73,Left,10075225,Utah Tech,2023,349
"Vasiliou, Evan",DIX_STE,73,Left,823504,Utah Tech,2024,845
"Hardman, Ryan",DIX_STE,75,Right,1000121466,Utah Tech,2023,758
"Hardman, Ryan",DIX_STE,75,Right,823502,Utah Tech,2024,365
"Katschke, Hunter",DIX_STE,75,Right,701772,Utah Tech,2024,11
"Taggart, Jacob",DIX_STE,72,Right,1000121456,Utah Tech,2023,406
"Taggart, Jacob",DIX_STE,72,Right,823454,Utah Tech,2024,214
"Taggart, Jacob",DIX_STE,72,Right,823454,Utah Tech,2025,111
"Marshall, Jonah",DIX_STE,74,Right,10017748,Utah Tech,2023,36
"Marshall, Jonah",DIX_STE,74,Right,823506,Utah Tech,2024,178
"Marshall, Jonah",DIX_STE,74,Right,823506,Utah Tech,2025,87
"Woodbury, Justin",DIX_STE,73,Left,1000121460,Utah Tech,2023,123
"Woodbury, Justin",DIX_STE,73,Left,823503,Utah Tech,2024,134
"Kelly, Talan",DIX_STE,71,Right,10309830,Utah Tech,2025,262
"Kroepel, Ryan",DIX_STE,71,Right,805181,Utah Tech,2025,176
"Martinez, Ryan",DIX_STE,75,Right,824187,Utah Tech,2025,667
"Nelson, Matt",DIX_STE,78,Right,1000118255,Utah Tech,2024,516
"Miller, Max",DIX_STE,74,Right,1000070795,Utah Tech,2025,75
"Meisner, Trevor",DIX_STE,74,Right,1000098766,Utah Tech,2023,176
"Meisner, Trevor",DIX_STE,74,Right,1000098766,Utah Tech,2024,330
"Newman, Taye",DIX_STE,75,Right,1000080673,Utah Tech,2023,259
"Ray, Tyler",DIX_STE,74,Right,10295859,Utah Tech,2025,537
"Thomas, Zach",DIX_STE,70,Right,1000121469,Utah Tech,2023,135
"Rice, Aaron",UTA_WOL,75,Right,823668,Utah Valley,2024,288
"Rice, Aaron",UTA_WOL,75,Right,823668,Utah Valley,2025,267
"Huerta, Alan",UTA_WOL,73,Right,1000122951,Utah Valley,2025,188
"Albrecht, George",UTA_WOL,76,Right,1000144895,Utah Valley,2025,140
"Anderson, Casey",UTA_WOL,76,Right,1000158156,Utah Valley,2023,338
"Anderson, Casey",UTA_WOL,76,,1000158156,Utah Valley,2025,70
"Watson, Austin",UTA_WOL,72,Right,1000074656,Utah Valley,2023,26
"Bailey, Gray",UTA_WOL,73,Left,801494,Utah Valley,2024,229
"Bejarano, Mario",UTA_WOL,71,Left,1000200066,Utah Valley,2025,92
"Beltran, Jacob",UTA_WOL,72,Right,823669,Utah Valley,2024,181
"Beltran, Jacob",UTA_WOL,72,Right,823669,Utah Valley,2025,123
"Boisvert, Braden",UTA_WOL,73,Right,1000080579,Utah Valley,2024,799
"Brodsky, Ethan",UTA_WOL,74,Right,823666,Utah Valley,2024,168
"Brown, Josh",UTA_WOL,75,Right,1000054419,Utah Valley,2023,62
"Burkett, Jayse",UTA_WOL,72,Right,1000080768,Utah Valley,2023,244
"Burkett, Jayse",UTA_WOL,72,Right,1000080768,Utah Valley,2024,110
"Burkett, Jayse",UTA_WOL,72,,1000080768,Utah Valley,2025,77
"Butenschoen, Robby",UTA_WOL,74,Right,1000250804,Utah Valley,2024,283
"Krosky, Carter",UTA_WOL,78,Right,1000222757,Utah Valley,2025,64
"Hennessey, Chase",UTA_WOL,78,Right,1000122976,Utah Valley,2023,89
"Hennessey, Chase",UTA_WOL,78,Right,1000122976,Utah Valley,2024,311
"Hennessey, Chase",UTA_WOL,78,,1000122976,Utah Valley,2025,24
"Colyer, CJ",UTA_WOL,74,Right,1000360207,Utah Valley,2025,18
"Kennedy, Colton",UTA_WOL,72,Right,823665,Utah Valley,2024,234
"Kennedy, Colton",UTA_WOL,72,Right,823665,Utah Valley,2025,501
"Littledike, Cooper",UTA_WOL,75,Right,1000121845,Utah Valley,2025,202
"Kirk, Corbin",UTA_WOL,74,Left,1000360209,Utah Valley,2025,642
"Crane, Wayland",UTA_WOL,72,Left,1000218996,Utah Valley,2025,150
"Spencer, Davis",UTA_WOL,79,Right,1000069927,Utah Valley,2023,23
"Spencer, Davis",UTA_WOL,79,Right,694905,Utah Valley,2024,83
"Smith, Devin",UTA_WOL,75,Right,8880880,Utah Valley,2023,106
"Woody, Drew",UTA_WOL,72,Left,10020514,Utah Valley,2023,28
"Woody, Drew",UTA_WOL,72,Left,823680,Utah Valley,2024,8
"Sundquist, Eli",UTA_WOL,73,Right,802182,Utah Valley,2024,439
"Fowlks, Ethan",UTA_WOL,77,Right,1000121451,Utah Valley,2023,151
"Fowlks, Ethan",UTA_WOL,77,Right,1000121451,Utah Valley,2024,615
"Fowlks, Ethan",UTA_WOL,77,,1000121451,Utah Valley,2025,28
"Lopez, Franky",UTA_WOL,75,Right,1000246637,Utah Valley,2025,21
"Miller, Garrett",UTA_WOL,72,Right,10312223,Utah Valley,2025,196
"Gerling, Logan",UTA_WOL,72,Right,1000064889,Utah Valley,2023,349
"Gerling, Logan",UTA_WOL,72,,1000064889,Utah Valley,2025,112
"Harmon, Joey",UTA_WOL,73,Right,1000127170,Utah Valley,2025,49
"Heppner, Jacob",UTA_WOL,71,Left,1000313312,Utah Valley,2025,427
"Hernandez, Ray",UTA_WOL,71,Right,1000360210,Utah Valley,2025,162
"Thomas, Jackson",UTA_WOL,74,Right,823673,Utah Valley,2024,203
"Kimmel, Luke",UTA_WOL,71,Left,823682,Utah Valley,2024,158
"Kimmel, Luke",UTA_WOL,71,Left,823682,Utah Valley,2025,192
"Zaborowski, Landon",UTA_WOL,75,Right,1000236509,Utah Valley,2025,233
"Mueller, Mitch",UTA_WOL,76,Right,1000132153,Utah Valley,2023,122
"Mueller, Mitch",UTA_WOL,76,Right,823671,Utah Valley,2024,696
"Mueller, Mitch",UTA_WOL,76,,1000132153,Utah Valley,2025,84
"Sims, Nick",UTA_WOL,71,Right,1000029247,Utah Valley,2023,173
"Sims, Nick",UTA_WOL,71,Right,1000029247,Utah Valley,2024,377
"Rodabaugh, Reece",UTA_WOL,75,Right,1000079770,Utah Valley,2023,64
"Rodabaugh, Reece",UTA_WOL,75,Right,1000079770,Utah Valley,2024,243
"Rodabaugh, Reece",UTA_WOL,75,,1000079770,Utah Valley,2025,43
"Robbins, Remington",UTA_WOL,76,Left,1000165858,Utah Valley,2024,33
"Wickstrom, Sawyer",UTA_WOL,70,Right,10149005,Utah Valley,2025,82
"Bert, Evan",VCU_RAM,72,Right,1000092112,VCU,2023,572
"Bert, Evan",VCU_RAM,72,Right,1000092112,VCU,2024,32
"McCollough, Brayden",VCU_RAM,79,Right,1000258406,VCU,2025,236
"Erka, Brendan",VCU_RAM,74,Right,1000187632,VCU,2023,414
"Curley, Brian",VCU_RAM,70,Right,10056544,VCU,2023,271
"Curley, Brian",VCU_RAM,70,Right,10056544,VCU,2024,873
"Yetter, Brian",VCU_RAM,73,Right,1000121776,VCU,2025,118
"Palmer, Broden",VCU_RAM,76,Right,825918,VCU,2025,221
"Dressler, Cade",VCU_RAM,74,Left,10027961,VCU,2023,124
"Dressler, Cade",VCU_RAM,74,Left,10027961,VCU,2024,509
"Dressler, Cade",VCU_RAM,74,Left,10027961,VCU,2025,748
"Campbell, Cooper",VCU_RAM,74,Right,10106050,VCU,2025,485
"Ellis, Campbell",VCU_RAM,76,Left,1000113076,VCU,2023,726
"Ellis, Campbell",VCU_RAM,76,Left,1000113076,VCU,2024,367
"Gordon, Christian",VCU_RAM,72,Left,1000036924,VCU,2023,503
"Gordon, Christian",VCU_RAM,72,Left,1000036924,VCU,2024,1011
"Cosentino, Nick",VCU_RAM,75,Right,700818,VCU,2024,520
"Coston, Elijah",VCU_RAM,75,Left,1000140095,VCU,2025,409
"Dawson, Kyras",VCU_RAM,74,Right,1000230954,VCU,2023,111
"Dawson, Kyras",VCU_RAM,74,Right,1000230954,VCU,2024,19
"Delane, Mason",VCU_RAM,76,Right,1000113084,VCU,2023,389
"Vaughan, Everett",VCU_RAM,75,Right,1000091149,VCU,2024,438
"Frazier, Nick",VCU_RAM,69,Right,1000113085,VCU,2023,292
"Frers, Nick",VCU_RAM,74,Right,802496,VCU,2024,33
"Frers, Nick",VCU_RAM,74,Right,802496,VCU,2025,513
"Garrett, Miles",VCU_RAM,70,Right,690979,VCU,2025,422
"Gladden, James",VCU_RAM,72,Right,1000093349,VCU,2023,660
"Goleski, Jack",VCU_RAM,75,Left,1000134826,VCU,2023,390
"Goleski, Jack",VCU_RAM,75,Left,1000134826,VCU,2024,65
"Goleski, Jack",VCU_RAM,75,Left,1000134826,VCU,2025,9
"Gomez, Joe",VCU_RAM,70,Right,824477,VCU,2025,194
"Greer, Will",VCU_RAM,75,Right,1000078617,VCU,2024,53
"Gross, Will",VCU_RAM,71,Left,1000074519,VCU,2024,31
"Hoeymans, Jack",VCU_RAM,75,Right,1000184889,VCU,2024,569
"Hoeymans, Jack",VCU_RAM,75,Right,1000184889,VCU,2025,519
"Humenay, Justin",VCU_RAM,72,Right,1000092193,VCU,2023,345
"McGrady, James",VCU_RAM,71,Right,1000248935,VCU,2024,138
"McGrady, James",VCU_RAM,71,Right,1000248935,VCU,2025,540
"Walton, Justin",VCU_RAM,72,Right,1000059463,VCU,2023,173
"Martinez, Maison",VCU_RAM,74,Right,1000092052,VCU,2023,329
"Martinez, Maison",VCU_RAM,74,Right,1000092052,VCU,2024,473
"Moore, Max",VCU_RAM,76,Left,1000296226,VCU,2025,473
"Walsh, Michael",VCU_RAM,73,Left,1000268365,VCU,2025,207
"Tappy, Owen",VCU_RAM,73,Right,1000082606,VCU,2024,496
"Tappy, Owen",VCU_RAM,73,Right,1000082606,VCU,2025,911
"Roarty, Riley",VCU_RAM,77,Right,1000195498,VCU,2025,266
"LaRou, Alex",VIR_KEY,79,Right,1000099217,VMI,2023,19
"LaRou, Alex",VIR_MIL,79,Right,1000099217,VMI,2023,22
"LaRou, Alex",VIR_KEY,79,Right,1000099217,VMI,2024,18
"Van Alstine, Marcus",VIR_KEY,72,Right,1000211958,VMI,2023,121
"Van Alstine, Marcus",VIR_MIL,72,Right,1000211958,VMI,2023,40
"Van Alstine, Marcus",VIR_KEY,72,Right,1000211958,VMI,2024,335
"Van Alstine, Marcus",VIR_KEY,72,Right,1000211958,VMI,2025,707
"Jones, Andrew",VIR_MIL,72,Right,1000238767,VMI,2023,19
"Jones, Andrew",VIR_KEY,72,Right,10306210,VMI,2024,473
"Jones, Andrew",VIR_KEY,72,Right,10306210,VMI,2025,552
"Barker , Ty",VIR_KEY,76,Right,1000099215,VMI,2023,17
"Barker, Ty",VIR_MIL,76,Right,1000099215,VMI,2023,12
"Plummer, Caden",VIR_KEY,71,Right,1000125196,VMI,2023,46
"Plummer, Caden",VIR_MIL,71,Right,1000125196,VMI,2023,9
"Plummer, Caden",VIR_KEY,71,Right,1000125196,VMI,2024,295
"Plummer, Caden",VIR_KEY,71,Right,1000125196,VMI,2025,675
"Driscoll, Clark",VIR_KEY,65,Right,1000133982,VMI,2024,73
"Driscoll, Clark",VIR_KEY,65,Right,1000133982,VMI,2025,262
"Fletcher-Knight, Derrell",VIR_KEY,73,Right,1000211957,VMI,2024,63
"Dhein, Peyton",VIR_KEY,70,Left,10002197,VMI,2025,142
"Parmer, Evan",VIR_KEY,72,Right,1000102591,VMI,2023,35
"Parmer, Evan",VIR_KEY,72,Right,1000102591,VMI,2024,183
"Parmer, Evan",VIR_KEY,72,Right,1000102591,VMI,2025,761
"Hawley, Nathan",VIR_KEY,74,Right,1000091407,VMI,2023,80
"Hawley, Nathan",VIR_MIL,74,Right,1000091407,VMI,2023,16
"Hawley, Nathan",VIR_KEY,74,Right,1000091407,VMI,2024,461
"Hawley, Nathan",VIR_KEY,74,Right,1000091407,VMI,2025,601
"Wilkerson, Holden",VIR_KEY,76,Right,1000125195,VMI,2023,40
"Wilkerson, Holden",VIR_KEY,76,Right,1000125195,VMI,2024,267
"Sipe, Hunter",VIR_KEY,73,Left,1000230997,VMI,2023,65
"Sipe, Hunter",VIR_MIL,73,Left,1000230997,VMI,2023,12
"Sipe, Hunter",VIR_KEY,73,Left,1000230997,VMI,2024,215
"Sipe, Hunter",VIR_KEY,73,Left,1000230997,VMI,2025,285
"Inskeep, JT",VIR_KEY,75,Right,1000084048,VMI,2023,51
"Thompson, Jack",VIR_KEY,73,Right,1000035800,VMI,2023,48
"Thompson, Jack",VIR_MIL,73,Right,10016211,VMI,2023,16
"Thompson, Jack",VIR_KEY,73,Right,1000035800,VMI,2024,396
"Newsome, James",VIR_MIL,79,Right,1000215755,VMI,2023,23
"Lloyd, Jaxon",VIR_KEY,73,Left,1000119504,VMI,2024,128
"Lloyd, Jaxon",VIR_KEY,73,Left,1000119504,VMI,2025,851
"Spiegel, Justin",VIR_KEY,72,Right,1000193413,VMI,2025,566
"Kaltreider, Tyler",VIR_KEY,75,Right,1000119507,VMI,2023,53
"Light, Nathan",VIR_KEY,75,Left,1000058582,VMI,2023,189
"Lopez, Will",VIR_KEY,70,Left,1000058584,VMI,2023,49
"Morgan, Trey",VIR_KEY,70,Left,1000066853,VMI,2023,48
"Morgan, Trey",VIR_KEY,70,Left,1000066853,VMI,2024,559
"Williamson, Nolan",VIR_KEY,74,Left,1000125172,VMI,2024,164
"Williamson, Nolan",VIR_KEY,74,Left,1000125172,VMI,2025,137
"Riley, Owen",VIR_KEY,73,Right,1000202599,VMI,2024,47
"Riley, Owen",VIR_KEY,73,Right,1000202599,VMI,2025,125
"Vaught, Peyton",VIR_KEY,74,Right,1000256886,VMI,2025,25
"Riley, Will ",VIR_KEY,72,Right,1000126722,VMI,2023,150
"Riley, Will",VIR_KEY,72,Right,1000126722,VMI,2024,857
"Velasquez, Roberto",VIR_KEY,71,Right,1000230991,VMI,2023,84
"Velasquez, Roberto",VIR_KEY,71,Right,1000230991,VMI,2024,202
"Velasquez, Roberto",VIR_KEY,71,Right,1000230991,VMI,2025,594
"Guazzo, Adam",VAL_CRU,75,Right,1000115819,Valparaiso,2024,497
"Guazzo, Adam",VAL_CRU,74,Right,1000115819,Valparaiso,2025,427
"Morrison, Alexander",VAL_CRU,72,Right,1000120256,Valparaiso,2025,117
"Baffa, Nick",VAL_CRU,72,Right,10141327,Valparaiso,2025,450
"Musser, Bennett",VAL_CRU,73,Right,10300708,Valparaiso,2024,55
"Musser, Bennett",VAL_CRU,74,Right,10300708,Valparaiso,2025,34
"Nowak, Bobby",VAL_CRU,76,Right,1000123457,Valparaiso,2023,424
"Boynton, Spencer",VAL_CRU,74,Right,1000076694,Valparaiso,2025,1012
"Konitzer, Bryce",VAL_CRU,73,Right,1000124887,Valparaiso,2024,539
"Richter, Bryce",VAL_CRU,72,Right,1000098800,Valparaiso,2025,49
"Chasey, Nathan",VAL_CRU,74,Right,1000100423,Valparaiso,2023,481
"Hack, Christian",VAL_CRU,76,Left,1000123791,Valparaiso,2023,136
"Hack, Christian",VAL_CRU,76,Left,1000123791,Valparaiso,2024,21
"Hack, Christian",VAL_CRU,75,Left,1000123791,Valparaiso,2025,8
"Lockwood, Connor",VAL_CRU,72,Right,10075266,Valparaiso,2023,105
"Lockwood, Connor",VAL_CRU,73,Right,10075266,Valparaiso,2024,797
"Lockwood, Connor",VAL_CRU,72,Right,10075266,Valparaiso,2025,1246
"Cottrill, Josh",VAL_CRU,75,Right,1000100413,Valparaiso,2023,155
"Cottrill, Josh",VAL_CRU,75,Right,1000100413,Valparaiso,2024,114
"Cottrill, Josh",VAL_CRU,74,Right,1000100413,Valparaiso,2025,307
"Davis, Kolt",VAL_CRU,76,Right,10305805,Valparaiso,2025,190
"Deliyannis, Harry",VAL_CRU,73,Right,828771,Valparaiso,2025,825
"Fulhorst, Evan",VAL_CRU,71,Right,1000360155,Valparaiso,2025,100
"Foley, Lucas",VAL_CRU,76,Left,10051125,Valparaiso,2024,410
"Foley, Lucas",VAL_CRU,75,Left,10051125,Valparaiso,2025,700
"Frost, Hunter",VAL_CRU,69,Right,1000360156,Valparaiso,2025,313
"Jablonski, Grant",VAL_CRU,71,Right,1000079573,Valparaiso,2023,211
"Jablonski, Grant",VAL_CRU,71,Right,1000079573,Valparaiso,2024,530
"McCluskey, Griffin",VAL_CRU,74,Right,1000100422,Valparaiso,2023,427
"McCluskey, Griffin",VAL_CRU,74,Right,1000100422,Valparaiso,2024,481
"Hyman, Jonathan",VAL_CRU,74,Right,10009869,Valparaiso,2024,22
"Thompson, Jack",VAL_CRU,69,Left,10059156,Valparaiso,2025,33
"Rosenkranz, Jacob",VAL_CRU,77,Right,1000084969,Valparaiso,2023,126
"Jakubowski, Jake",VAL_CRU,71,Right,1000136072,Valparaiso,2024,248
"Seiber, Joe",VAL_CRU,71,Right,1000278785,Valparaiso,2024,356
"Seiber, Joe",VAL_CRU,71,Right,1000278785,Valparaiso,2025,315
"Spencer, Josh ",VAL_CRU,69,Right,1000155501,Valparaiso,2023,34
"Spencer, Josh",VAL_CRU,72,Right,1000155501,Valparaiso,2024,178
"Kiser, Kaden",VAL_CRU,77,Left,10068556,Valparaiso,2025,125
"Krier, Kaleb",VAL_CRU,70,Right,1000220198,Valparaiso,2023,53
"Krier, Kaleb",VAL_CRU,71,Right,1000220198,Valparaiso,2024,552
"Kruse, Ryan",VAL_CRU,73,Right,1000249156,Valparaiso,2024,16
"Kruse, Ryan",VAL_CRU,73,Right,1000249156,Valparaiso,2025,463
"Mintz, Ryan",VAL_CRU,75,Right,1000079577,Valparaiso,2023,279
"Turzenski, Trent",VAL_CRU,78,Right,1000079575,Valparaiso,2024,323
"Hansen, AJ",VIL_WIL,69,Right,1000079675,Villanova,2023,7
"Sachais, Alec",VIL_WIL,73,Right,1000140624,Villanova,2024,217
"Sachais, Alec",VIL_WIL,73,Right,1000140624,Villanova,2025,812
"Schwartz, Avery",VIL_WIL,72,Left,10310043,Villanova,2025,83
"Finn, Bobby",VIL_WIL,72,Left,10063192,Villanova,2025,418
"Olsen, Bobby",VIL_WIL,72,Right,822410,Villanova,2025,920
"Schwartzberg, Brady",VIL_WIL,74,Right,10105861,Villanova,2025,96
"Siegenthaler, Brandon",VIL_WIL,73,Right,1000079680,Villanova,2023,263
"Maher, Cabot",VIL_WIL,73,Right,1000135626,Villanova,2023,237
"Udell, Cade",VIL_WIL,78,Right,1000048088,Villanova,2023,471
"Udell, Cade",VIL_WIL,78,Right,695236,Villanova,2024,122
"Camp, Zach",VIL_WIL,74,Right,1000092000,Villanova,2023,466
"Camp, Zach",VIL_WIL,74,Right,1000092000,Villanova,2024,159
"Chavez, Jack",VIL_WIL,73,Right,10106452,Villanova,2025,459
"DeGaetano, Chic",VIL_WIL,74,Right,1000084126,Villanova,2023,649
"Furey, CJ",VIL_WIL,72,Left,1000297778,Villanova,2025,422
"Schaefer, Coley",VIL_WIL,72,Right,10141832,Villanova,2025,15
"Vanderslice, Cole",VIL_WIL,73,Right,1000050699,Villanova,2023,278
"Hale, Connor",VIL_WIL,70,Left,1000075486,Villanova,2023,13
"Smith, Conor",VIL_WIL,73,Right,1000217820,Villanova,2024,31
"Smith, Conor",VIL_WIL,73,Right,1000217820,Villanova,2025,36
"Rivera, Devin",VIL_WIL,73,Right,1000052220,Villanova,2023,832
"Rivera, Devin",VIL_WIL,73,Right,700667,Villanova,2024,365
"Rorech, Dylan",VIL_WIL,73,Left,10109321,Villanova,2025,11
"Dziados, Luke",VIL_WIL,75,Right,1000187558,Villanova,2023,443
"Francis, Jake",VIL_WIL,72,Right,10088601,Villanova,2024,275
"Francis, Jake",VIL_WIL,72,Right,10088601,Villanova,2025,910
"Fusco, Sal",VIL_WIL,74,Right,1000055491,Villanova,2023,521
"Moore, Graham",VIL_WIL,74,Right,10034009,Villanova,2023,246
"Moore, Graham ",VIL_WIL,74,Right,10034009,Villanova,2023,16
"Moore, Graham",VIL_WIL,74,Right,10034009,Villanova,2024,98
"Moore, Graham",VIL_WIL,74,Right,10034009,Villanova,2025,372
"Povey, Jack",VIL_WIL,74,Right,8896698,Villanova,2023,59
"Jacobson, Luke",VIL_WIL,77,Right,10109148,Villanova,2025,72
"Labuda, Marcus",VIL_WIL,76,Right,1000119700,Villanova,2023,64
"Labuda, Marcus",VIL_WIL,76,Right,1000119700,Villanova,2025,10
"Matta, Luke",VIL_WIL,76,Right,10111420,Villanova,2023,254
"Matta, Luke",VIL_WIL,76,Right,10111420,Villanova,2024,49
"Mccollough, Luke",VIL_WIL,75,Right,1000259842,Villanova,2024,436
"McCollough, Luke",VIL_WIL,75,Right,1000259842,Villanova,2025,1125
"Whooley, Michael",VIL_WIL,72,Right,10063925,Villanova,2023,34
"Mintz, Ryan",VIL_WIL,75,Right,1000079577,Villanova,2024,193
"Montfort, Patrick",VIL_WIL,73,Left,1000048151,Villanova,2023,432
"Montfort, Patrick",VIL_WIL,73,Left,1000048151,Villanova,2024,170
"Schwede, Rian",VIL_WIL,75,Right,1000136375,Villanova,2024,428
"Turzai, Stephen",VIL_WIL,73,Right,1000057479,Villanova,2023,611
"Turzai, Stephen",VIL_WIL,73,Right,1000057479,Villanova,2024,153
"Turzai, Stephen",VIL_WIL,73,Right,1000057479,Villanova,2025,312
"Wolpert, Wyatt",VIL_WIL,75,Left,1000145827,Villanova,2025,81
"Hiestand, A.J.",WAG_SEA,71,Right,1000368601,Wagner,2025,35
"Burnett, Alec",WAG_SEA,74,Right,1000098246,Wagner,2023,30
"Burnett, Alec",WAG_SEA,74,Right,1000098246,Wagner,2024,22
"Ravelo, Andrew",WAG_SEA,76,Right,1000092955,Wagner,2025,55
"Rucci, Andrew",WAG_SEA,75,Left,1000215775,Wagner,2023,6
"Rucci, Andrew",WAG_SEA,75,Left,1000215775,Wagner,2024,20
"Rucci, Andrew",WAG_SEA,75,Left,1000215775,Wagner,2025,7
"Stanley, Andrew",WAG_SEA,77,Right,1000165462,Wagner,2024,91
"Bilka, Ryan",WAG_SEA,73,Right,1000215854,Wagner,2023,47
"Bilka, Ryan",WAG_SEA,73,Right,1000215854,Wagner,2024,118
"Bonilla, Sam",WAG_SEA,74,Right,1000122101,Wagner,2025,70
"Del Castillo, Ruben",WAG_SEA,76,Right,1000122621,Wagner,2023,42
"Trizuto, Colin",WAG_SEA,75,Right,1000218135,Wagner,2025,59
"Hayden, Connor",WAG_SEA,74,Right,1000122659,Wagner,2023,15
"Hayden, Connor",WAG_SEA,74,Right,1000122659,Wagner,2024,122
"Hayden, Connor",WAG_SEA,74,Right,1000122659,Wagner,2025,76
"Corso, Vincent",WAG_SEA,70,Right,1000101319,Wagner,2025,56
"Crouse, Eric",WAG_SEA,75,Right,1000122660,Wagner,2023,40
"Cunningham, Michael",WAG_SEA,69,Right,1000122622,Wagner,2023,27
"Cunningham, Michael",WAG_SEA,69,Right,1000122622,Wagner,2024,20
"Cunningham, Michael",WAG_SEA,69,Right,1000122622,Wagner,2025,77
"Merkel, Daniel",WAG_SEA,70,Right,1000122620,Wagner,2023,75
"Davis, Keith",WAG_SEA,74,Left,10165034,Wagner,2024,27
"Davis, Keith",WAG_SEA,74,Left,10165034,Wagner,2025,32
"Duquette, Jagger",WAG_SEA,73,Right,1000123094,Wagner,2023,38
"Shedd, Eli",WAG_SEA,73,Left,10019098,Wagner,2024,49
"Nardo, Frankie",WAG_SEA,71,Right,1000143786,Wagner,2025,50
"Wright, Frankie",WAG_SEA,72,Right,1000090838,Wagner,2023,50
"Wright, Frankie",WAG_SEA,72,Right,1000090838,Wagner,2024,60
"Grayson, William",WAG_SEA,75,Right,1000072073,Wagner,2025,89
"White, Griffin",WAG_SEA,77,Right,10081812,Wagner,2024,129
"Hanson, Nicholas",WAG_SEA,73,Right,1000123096,Wagner,2023,17
"Hanson, Nicholas",WAG_SEA,73,Right,1000123096,Wagner,2024,75
"Hayashi, Heitaro",WAG_SEA,71,Left,1000250713,Wagner,2025,50
"Toporek, Jake",WAG_SEA,73,Left,1000122661,Wagner,2024,209
"Toporek, Jake",WAG_SEA,73,Left,1000122661,Wagner,2025,92
"Masick, Jason",WAG_SEA,74,Right,1000183506,Wagner,2023,88
"Masick, Jason",WAG_SEA,74,Right,1000183506,Wagner,2024,104
"Masick, Jason",WAG_SEA,74,Right,1000183506,Wagner,2025,18
"LaPointe, John",WAG_SEA,73,Left,1000056791,Wagner,2023,67
"Roitman, Justin",WAG_SEA,74,Right,10319153,Wagner,2025,40
"Wolff, LJ",WAG_SEA,72,Left,10287952,Wagner,2024,145
"Myles, Ryan",WAG_SEA,70,Right,1000215886,Wagner,2023,7
"Saxenmeyer, Will",WAG_SEA,77,Right,1000142521,Wagner,2023,22
"Saxenmeyer, Will",WAG_SEA,77,Right,1000142521,Wagner,2024,155
"Koshy, Andrew",WAK_DEA,74,Right,822651,Wake Forest,2024,160
"Ariola, Joe",WAK_DEA,74,Left,813409,Wake Forest,2025,429
"Bedford, Matt",WAK_DEA,73,Right,802611,Wake Forest,2025,480
"Shenosky, Ben",WAK_DEA,77,Right,1000138863,Wake Forest,2024,631
"Billings, Luke",WAK_DEA,75,Right,1000187148,Wake Forest,2025,53
"Morningstar, Blake",WAK_DEA,76,Right,806171,Wake Forest,2024,521
"Morningstar, Blake",WAK_DEA,76,Right,806171,Wake Forest,2025,1186
"Bowie, Rhys",WAK_DEA,72,Left,10105604,Wake Forest,2025,252
"Shawn, Brody",WAK_DEA,76,Right,1000268042,Wake Forest,2024,11
"Burns, Chase",WAK_DEA,75,Right,695505,Wake Forest,2024,1373
"Minacci, Camden",WAK_DEA,75,Right,1000048394,Wake Forest,2023,168
"Walter, Chase",WAK_DEA,75,Right,1000054612,Wake Forest,2023,78
"Walter, Chase",WAK_DEA,75,Right,1000054612,Wake Forest,2024,1
"Levonas, Chris",WAK_DEA,74,Right,1000161276,Wake Forest,2025,556
"Roland, Cole",WAK_DEA,74,Right,1000078995,Wake Forest,2023,188
"Roland, Cole",WAK_DEA,74,Right,1000078995,Wake Forest,2024,184
"Wade, Crawford",WAK_DEA,76,Left,1000092975,Wake Forest,2024,88
"Crum, Derek",WAK_DEA,71,Left,1000051641,Wake Forest,2023,122
"Dallas, Matthew",WAK_DEA,77,Left,806054,Wake Forest,2025,770
"Dressler, Troy",WAK_DEA,75,Right,10149329,Wake Forest,2025,115
"Marsten, Duncan",WAK_DEA,75,Right,824024,Wake Forest,2025,89
"Zucker, Dylan",WAK_DEA,72,Right,10027130,Wake Forest,2025,85
"Gervase, Will",WAK_DEA,81,Left,1000142523,Wake Forest,2024,125
"Green, Griffin",WAK_DEA,76,Right,802372,Wake Forest,2025,536
"Gunther, Josh",WAK_DEA,71,Right,822650,Wake Forest,2025,433
"Leffew, Haiden",WAK_DEA,73,Left,1000169138,Wake Forest,2024,463
"Leffew, Haiden",WAK_DEA,73,Left,1000169138,Wake Forest,2025,542
"Hartle, Josh",WAK_DEA,77,Left,1000069321,Wake Forest,2023,462
"Hartle, Josh",WAK_DEA,77,Left,1000069321,Wake Forest,2024,1140
"Lee, Hudson",WAK_DEA,76,Left,1000096550,Wake Forest,2024,28
"Johnston, Zach",WAK_DEA,77,Left,1000112202,Wake Forest,2024,611
"Johnston, Zach",WAK_DEA,77,Left,1000112202,Wake Forest,2025,323
"Joye, Kyle",WAK_DEA,74,Right,8898695,Wake Forest,2023,11
"Keener, Seth",WAK_DEA,74,Right,1000052746,Wake Forest,2023,370
"Strahm, Levi",WAK_DEA,70,Left,822658,Wake Forest,2024,31
"Lunceford, Logan",WAK_DEA,70,Right,702583,Wake Forest,2025,1040
"Lowder, Rhett",WAK_DEA,74,Right,1000050558,Wake Forest,2023,469
"Schmolke, Luke",WAK_DEA,72,Right,702277,Wake Forest,2025,548
"Mascolo, Reed",WAK_DEA,73,Right,1000079216,Wake Forest,2023,352
"Massey, Michael",WAK_DEA,77,Right,1000078040,Wake Forest,2023,242
"Massey, Michael",WAK_DEA,77,Right,1000078040,Wake Forest,2024,617
"Whysong, Nate",WAK_DEA,74,Right,10151472,Wake Forest,2025,147
"Ray, Will",WAK_DEA,74,Right,803138,Wake Forest,2024,592
"Ray, Will",WAK_DEA,74,Right,803138,Wake Forest,2025,106
"Sullivan, Sean",WAK_DEA,76,Left,1000122579,Wake Forest,2023,247
"Banks, Max",WAS_HUS,76,Right,822514,Washington,2025,578
"Bender, Kyle",WAS_HUS,75,Right,1000039272,Washington,2023,35
"Warkentin, Boston",WAS_HUS,74,Right,1000189723,Washington,2023,53
"Gilbert, Bradley",WAS_HUS,72,Right,831228,Washington,2025,218
"Bujacich, Micah",WAS_HUS,75,Right,831222,Washington,2025,72
"Kirchoff, Calvin",WAS_HUS,78,Right,1000114036,Washington,2023,333
"Kirchoff, Calvin",WAS_HUS,78,Right,801966,Washington,2024,923
"Matter, Case",WAS_HUS,74,Right,1000072506,Washington,2023,290
"Denomme, Charlie",WAS_HUS,76,Right,822734,Washington,2025,93
"McIntosh, Colton",WAS_HUS,73,Right,687520,Washington,2024,42
"Cunningham, Grant",WAS_HUS,75,Right,1000189725,Washington,2023,653
"Cunningham, Grant",WAS_HUS,75,Right,822707,Washington,2024,596
"Cunningham, Grant",WAS_HUS,75,,822707,Washington,2025,60
"Dessart, Spencer",WAS_HUS,74,Right,10293187,Washington,2024,774
"Dessart, Spencer",WAS_HUS,74,,10293187,Washington,2025,49
"Emanuels, Josh",WAS_HUS,75,Right,1000069580,Washington,2023,503
"Emanuels, Josh",WAS_HUS,75,Right,822706,Washington,2024,64
"Emanuels, Josh",WAS_HUS,75,Right,822706,Washington,2025,421
"Engman, Jared",WAS_HUS,72,Right,1000114030,Washington,2023,830
"Engman, Jared",WAS_HUS,72,Right,1000114030,Washington,2024,819
"Unruh, Ethan",WAS_HUS,78,Right,814171,Washington,2024,18
"Evangelista, Jase",WAS_HUS,74,Right,822533,Washington,2024,283
"Evangelista, Jase",WAS_HUS,74,Right,822533,Washington,2025,92
"Fraser, Max",WAS_HUS,73,Left,1000250718,Washington,2024,403
"Fraser, Max",WAS_HUS,73,,1000250718,Washington,2025,45
"Shinn, Gianluca",WAS_HUS,74,Left,1000114046,Washington,2023,119
"Shinn, Gianluca",WAS_HUS,74,Left,1000114046,Washington,2024,412
"Gore, Jaxson",WAS_HUS,72,Right,822525,Washington,2024,31
"Nichols, Gunnar",WAS_HUS,76,Right,824706,Washington,2025,379
"Yeager, Isaac",WAS_HUS,78,Right,1000189726,Washington,2023,84
"Yeager, Isaac",WAS_HUS,78,Right,822702,Washington,2024,524
"Yeager, Isaac",WAS_HUS,78,Right,822702,Washington,2025,315
"Thomas, Jackson",WAS_HUS,75,Right,823673,Washington,2025,780
"Sand, Jack",WAS_HUS,70,Left,10132756,Washington,2024,108
"Tims, Justin",WAS_HUS,75,Right,1000242448,Washington,2025,616
"Lord, Kiefer",WAS_HUS,75,Right,1000189728,Washington,2023,942
"McAdams, Reilly",WAS_HUS,78,Right,1000072534,Washington,2023,589
"McAdams, Reilly",WAS_HUS,78,Right,695399,Washington,2024,318
"McAdams, Reilly",WAS_HUS,78,Right,695399,Washington,2025,577
"Parkin, Sawyer",WAS_HUS,71,Right,1000114042,Washington,2023,36
"Parkin, Sawyer",WAS_HUS,71,Right,822601,Washington,2024,156
"Parkin, Sawyer",WAS_HUS,71,Right,822601,Washington,2025,155
"Sweeney, Peysen",WAS_HUS,77,Right,10075216,Washington,2023,23
"Sweeney, Peysen",WAS_HUS,77,Right,10075216,Washington,2024,28
"Sweeney, Peysen",WAS_HUS,77,Right,701754,Washington,2025,279
"Woodward, Will",WAS_HUS,79,Left,804976,Washington,2025,95
"Parks, Brendan",UNI_WES,76,Left,1000118811,West Ga.,2025,93
"Gomez, Bryan",UNI_WES,75,Right,1000398179,West Ga.,2025,84
"Gomez, Bryan",WES_GEO4,75,Right,1000398179,West Ga.,2025,21
"Diamond, Camden",UNI_WES,73,Right,10062375,West Ga.,2025,89
"Diamond, Camden",WES_GEO4,73,Right,10062375,West Ga.,2025,27
"Cole, Sam",UNI_WES,77,Right,1000398178,West Ga.,2025,88
"Williams, Davis",UNI_WES,72,Right,1000077430,West Ga.,2025,30
"Williams, Davis",WES_GEO4,72,Right,1000077430,West Ga.,2025,15
"Dean, Will",UNI_WES,73,Right,9000213439,West Ga.,2025,100
"Dean, Will",WES_GEO4,73,Right,9000213439,West Ga.,2025,36
"Drakeford, Dosie",UNI_WES,73,Right,1000093591,West Ga.,2025,82
"Dudley, Seth",UNI_WES,75,Right,1000226258,West Ga.,2025,91
"Quiles, Evimael",UNI_WES,73,Right,805362,West Ga.,2025,116
"Quiles, Evimael",WES_GEO4,73,Right,805362,West Ga.,2025,45
"Moody, Garrett",UNI_WES,75,Right,1000301064,West Ga.,2025,14
"Mask, Gavin",UNI_WES,74,Right,1000250781,West Ga.,2025,83
"Mask, Gavin",WES_GEO4,74,Right,1000250781,West Ga.,2025,33
"Hutsell, Mason",UNI_WES,74,Right,1000218845,West Ga.,2025,10
"Moore, Ian",UNI_WES,71,Right,1000223064,West Ga.,2025,92
"Pearson, Lane",UNI_WES,79,Right,1000138116,West Ga.,2025,109
"Phillips, Mason",UNI_WES,75,Right,10062877,West Ga.,2025,69
"Phillips, Mason",WES_GEO4,75,Right,10062877,West Ga.,2025,6
"Torres, Maverick",UNI_WES,74,Right,1000229971,West Ga.,2025,131
"Major, Aidan",WES_MOU,71,Right,1000112968,West Virginia,2023,672
"Major, Aidan",WES_MOU,71,Right,802146,West Virginia,2024,1176
"Smith, Aidan",WES_MOU,75,Right,1000264055,West Virginia,2024,55
"Allen, Keegan",WES_MOU,72,Right,1000156664,West Virginia,2023,205
"Amos, Bryce",WES_MOU,77,Right,811254,West Virginia,2024,66
"Bassinger, Reese",WES_MOU,73,Right,1000119417,West Virginia,2025,738
"Beam, Tommy",WES_MOU,79,Right,1000112777,West Virginia,2023,16
"Beam, Tommy",WES_MOU,79,Right,802148,West Virginia,2024,295
"Hampton, Ben",WES_MOU,73,Left,1000089600,West Virginia,2023,1174
"McDougal, Ben",WES_MOU,77,Left,1000095482,West Virginia,2025,294
"Traxel, Blaine",WES_MOU,70,Right,1000059126,West Virginia,2023,1366
"Yoak, Bryant",WES_MOU,74,Right,1000294875,West Virginia,2025,142
"Hoff, Bryson",WES_MOU,74,Right,10163784,West Virginia,2025,42
"Reed, Carlson",WES_MOU,76,Right,1000052277,West Virginia,2023,618
"Carr, Jake",WES_MOU,70,Left,1000051037,West Virginia,2023,136
"Estridge, Carson",WES_MOU,79,Right,10032612,West Virginia,2023,350
"Estridge, Carson",WES_MOU,79,Right,10032612,West Virginia,2024,704
"Estridge, Carson",WES_MOU,79,Right,10032612,West Virginia,2025,624
"Meyer, Chase",WES_MOU,74,Right,1000264056,West Virginia,2024,394
"Meyer, Chase",WES_MOU,74,Right,1000264056,West Virginia,2025,731
"Sleeper, Chris",WES_MOU,75,Right,1000112976,West Virginia,2023,48
"Clark, Derek",WES_MOU,69,Left,1000132200,West Virginia,2024,1343
"Fehrman, Cole",WES_MOU,75,Left,10063860,West Virginia,2023,62
"Fehrman, Cole",WES_MOU,75,Left,811253,West Virginia,2024,83
"Fehrman, Cole",WES_MOU,75,Left,811253,West Virginia,2025,127
"Cooper, Hayden",WES_MOU,75,Right,812409,West Virginia,2024,894
"Hagaman, David",WES_MOU,76,Right,1000132774,West Virginia,2023,499
"Hagaman, David",WES_MOU,76,Right,1000132774,West Virginia,2024,639
"Hagen, David",WES_MOU,74,Right,1000293735,West Virginia,2025,355
"DeLisle, Tucker",WES_MOU,74,Right,10106345,West Virginia,2025,14
"Dowdell, Kevin",WES_MOU,73,Left,1000112982,West Virginia,2023,110
"Van Kempen, Gavin",WES_MOU,78,Right,1000154344,West Virginia,2023,331
"Van Kempen, Gavin",WES_MOU,78,Right,804989,West Virginia,2024,455
"Van Kempen, Gavin",WES_MOU,78,Right,804989,West Virginia,2025,557
"Glasscock, JJ",WES_MOU,72,Right,10276936,West Virginia,2025,119
"Siegel, Grant",WES_MOU,73,Right,1000113207,West Virginia,2023,609
"Kirn, Griffin",WES_MOU,75,Left,822488,West Virginia,2025,1152
"Oliver, Hambleton",WES_MOU,74,Right,1000013126,West Virginia,2024,690
"Hutson, Tyler",WES_MOU,76,Right,1000226284,West Virginia,2025,435
"Kartsonas, Jack",WES_MOU,76,Right,1000098282,West Virginia,2025,872
"Lyman, Luke",WES_MOU,77,Right,822486,West Virginia,2024,100
"Lyman, Luke",WES_MOU,77,Right,822486,West Virginia,2025,136
"Stiffler, Mac",WES_MOU,79,Right,1000181607,West Virginia,2025,272
"Yehl, Maxx",WES_MOU,78,Left,10064336,West Virginia,2023,415
"Yehl, Maxx",WES_MOU,78,Left,805258,West Virginia,2024,528
"Short, Noah",WES_MOU,73,Right,1000073268,West Virginia,2023,139
"Porco, Robby",WES_MOU,80,Right,1000188473,West Virginia,2023,572
"Porco, Robby",WES_MOU,80,Right,1000188473,West Virginia,2024,224
"Porco, Robby",WES_MOU,80,Right,1000188473,West Virginia,2025,281
"Switalski, Tyler",WES_MOU,76,Left,1000169891,West Virginia,2024,1125
"Watson, Will",WES_MOU,78,Right,692140,West Virginia,2023,47
"Quincy, Adam",WCC,72,Left,1000095882,Western Caro.,2023,192
"Quincy, Adam",WCC,72,Left,1000095882,Western Caro.,2024,12
"Arnberger, Jacob",WCC,70,Left,10080719,Western Caro.,2025,332
"Austin, Owen",WCC,72,Left,815115,Western Caro.,2025,669
"Beverlin, Cole",WCC,75,Right,1000018628,Western Caro.,2023,56
"Beverlin, Cole",WCC,75,Right,1000018628,Western Caro.,2024,472
"Eldridge, Brandon",WCC,72,Right,1000115393,Western Caro.,2023,132
"Langley, Brandon",WCC,78,Right,1000360829,Western Caro.,2025,501
"Walls, Brent",WCC,74,Right,1000124508,Western Caro.,2025,17
"Bright, Corey",WCC,73,Right,1000084669,Western Caro.,2023,161
"Kimbrell, Bryant",WCC,75,Right,1000110954,Western Caro.,2025,80
"Budd, Davis",WCC,74,Right,10002314,Western Caro.,2024,488
"Budd, Davis",WCC,74,Right,10002314,Western Caro.,2025,205
"Burnette, Carter",WCC,76,Right,1000187165,Western Caro.,2025,420
"Pickell, Cannon",WCC,74,Right,1000036901,Western Caro.,2024,214
"Pickell, Cannon",WCC,74,Right,1000036901,Western Caro.,2025,275
"Lowder, Carson",WCC,73,Right,1000036989,Western Caro.,2023,86
"Lowder, Carson",WCC,73,Right,1000036989,Western Caro.,2024,100
"Collins, Charlie",WCC,74,Right,1000360861,Western Caro.,2025,70
"Cox, Clay",WCC,74,Right,1000052162,Western Caro.,2024,140
"Ingle, Coby",WCC,74,Right,1000036915,Western Caro.,2023,262
"Visconti, Dante",WCC,77,Right,1000055294,Western Caro.,2023,290
"Visconti, Dante",WCC,77,Right,1000055294,Western Caro.,2024,808
"Wright, Davis",WCC,70,Left,1000303703,Western Caro.,2025,1196
"Drye, Maret",WCC,73,Right,10033873,Western Caro.,2024,60
"Drye, Maret",WCC,73,Right,10033873,Western Caro.,2025,55
"Revis, Dusty",WCC,74,Right,1000297622,Western Caro.,2024,575
"Revis, Dusty",WCC,74,Right,1000297622,Western Caro.,2025,1091
"Wheeler, Dylan",WCC,75,Left,1000079568,Western Caro.,2023,218
"Wheeler, Dylan",WCC,75,Left,1000079568,Western Caro.,2024,348
"Wallington, Eric",WCC,78,Left,1000056540,Western Caro.,2023,71
"Langston, Evan",WCC,73,Right,1000132449,Western Caro.,2025,278
"Fuller, Kaden",WCC,73,Right,10109616,Western Caro.,2025,228
"Maines, Gavin",WCC,72,Left,10086229,Western Caro.,2025,95
"Mortenson, Gavin",WCC,75,Right,1000059870,Western Caro.,2023,358
"Mortenson, Gavin",WCC,75,Right,1000059870,Western Caro.,2024,838
"Guinther, Griffin",WCC,72,Right,10002093,Western Caro.,2024,234
"Guinther, Griffin",WCC,72,Right,10002093,Western Caro.,2025,293
"Hamblen, Spenser",WCC,74,Right,10004342,Western Caro.,2024,618
"Hamblen, Spenser",WCC,74,Right,10004342,Western Caro.,2025,111
"Henley, Landon",WCC,78,Right,1000119451,Western Caro.,2023,27
"Holton, Mason",WCC,75,Right,10144870,Western Caro.,2025,244
"Huntsberger, Shane",WCC,73,Right,1000090960,Western Caro.,2024,130
"Huntsberger, Shane",WCC,73,Right,1000090960,Western Caro.,2025,250
"Hyde, Nick",WCC,72,Right,1000013836,Western Caro.,2023,177
"Kirkpatrick, Jackson",WCC,79,Right,1000099438,Western Caro.,2023,4
"Reid, Jackson",WCC,79,Right,822468,Western Caro.,2024,91
"Lobs, John",WCC,75,Right,1000363687,Western Caro.,2025,88
"Todd, Jonathan",WCC,78,Right,1000220307,Western Caro.,2023,330
"Todd, Jonathan",WCC,78,Right,1000220307,Western Caro.,2024,463
"Ossiander, Josh",WCC,73,Right,10120691,Western Caro.,2025,340
"Riesselmann , Kyle",WCC,75,Left,1000147280,Western Caro.,2023,90
"Riesselmann, Kyle",WCC,75,Left,1000147280,Western Caro.,2023,342
"Riesselmann, Kyle",WCC,75,Left,1000147280,Western Caro.,2024,180
"McGonigal, Paddy",WCC,72,Right,1000123208,Western Caro.,2023,60
"McGonigal, Paddy",WCC,72,Right,1000123208,Western Caro.,2024,88
"Torres, Nick",WCC,72,Right,1000121062,Western Caro.,2023,236
"White, Ryan",WCC,69,Left,10013160,Western Caro.,2023,148
"White, Ryan",WCC,69,Left,10013160,Western Caro.,2024,525
"White, Ryan",WCC,69,Left,1000142501,Western Caro.,2025,279
"Alexander, Ethan",WIU_LEA,76,Right,1000075129,Western Ill.,2023,48
"Esker, Alex",WIU_LEA,76,Left,1000060760,Western Ill.,2025,72
"Anderson, Kyle",WIU_LEA,74,Right,1000120875,Western Ill.,2024,76
"Steinhoff, Anthony",WIU_LEA,80,Left,1000192812,Western Ill.,2025,80
"Armstrong, Jake",WIU_LEA,75,Right,1000079520,Western Ill.,2023,418
"Harrington, Aron",WIU_LEA,75,Left,298232,Western Ill.,2023,205
"Bell, Jack",WIU_LEA,71,Left,1000079561,Western Ill.,2023,245
"Humphrey, Billy",WIU_LEA,78,Right,1000302655,Western Ill.,2024,130
"Humphrey, Billy",WIU_LEA,78,Right,1000302655,Western Ill.,2025,147
"Buhl, Jason",WIU_LEA,77,Left,10075260,Western Ill.,2024,459
"Buhl, Jason",WIU_LEA,77,Left,10075260,Western Ill.,2025,320
"Burk, Jackson",WIU_LEA,75,Left,1000216112,Western Ill.,2023,42
"Kratz, Caden",WIU_LEA,75,Right,1000098992,Western Ill.,2023,273
"Kratz, Caden",WIU_LEA,75,Right,1000098992,Western Ill.,2024,153
"Herrmann, Cade",WIU_LEA,72,Right,1000216113,Western Ill.,2023,249
"Howard, Cam",WIU_LEA,75,Right,1000233011,Western Ill.,2023,236
"Golden, Chase",WIU_LEA,71,Right,1000207297,Western Ill.,2023,147
"Golden, Chase",WIU_LEA,71,Right,1000207297,Western Ill.,2024,128
"Dale, Cole",WIU_LEA,74,Right,687011,Western Ill.,2024,197
"Kachinsky, Colton",WIU_LEA,75,Left,1000312510,Western Ill.,2024,202
"Kachinsky, Colton",WIU_LEA,75,Left,1000312510,Western Ill.,2025,19
"Cunning, Eric",WIU_LEA,76,Right,1000121952,Western Ill.,2023,145
"Cunning, Eric",WIU_LEA,76,Right,1000121952,Western Ill.,2024,93
"Dubois, Harrison",WIU_LEA,76,Right,803031,Western Ill.,2025,141
"Duncan, Jack",WIU_LEA,75,Right,1000312509,Western Ill.,2024,20
"Duncan, Jack",WIU_LEA,75,Right,1000312509,Western Ill.,2025,19
"Rawlings, Eric",WIU_LEA,74,Right,10132351,Western Ill.,2025,75
"Romano, Freddy",WIU_LEA,74,,1000302656,Western Ill.,2025,211
"Greenan, Jacob",WIU_LEA,75,Right,1000133694,Western Ill.,2024,97
"Rodgers, Jackson",WIU_LEA,75,Right,1000094157,Western Ill.,2024,87
"Rodgers, Jackson",WIU_LEA,75,Right,1000094157,Western Ill.,2025,186
"Romero, Jorge",WIU_LEA,71,Right,1000396906,Western Ill.,2025,244
"Kapraun, Tyler",WIU_LEA,75,Left,201243,Western Ill.,2023,314
"Kapraun, Tyler",WIU_LEA,75,Left,1000243564,Western Ill.,2024,448
"Stotlar, Karsten",WIU_LEA,77,Left,1000185236,Western Ill.,2025,126
"Rosenfeld, Kyle",WIU_LEA,76,Left,1000057801,Western Ill.,2024,290
"Telford, Mason",WIU_LEA,70,Right,10058989,Western Ill.,2024,211
"Telford, Mason",WIU_LEA,70,Right,10058989,Western Ill.,2025,72
"Tripure, Max",WIU_LEA,75,Right,1000096117,Western Ill.,2025,276
"Sampson, Mitchel",WIU_LEA,75,Right,1000233013,Western Ill.,2023,234
"Coffman, Beau",WES_HIL,74,Right,1000101816,Western Ky.,2023,430
"Bennett, Jack",WES_HIL,74,Right,1000115798,Western Ky.,2023,585
"Bennett, Jack",WES_HIL,74,Right,1000115798,Western Ky.,2024,633
"Bennett, Jack",WES_HIL,74,Right,1000115798,Western Ky.,2025,893
"Bimbi, Jacob",WES_HIL,72,Left,10005863,Western Ky.,2024,727
"Bosecker, Cory",WES_HIL,75,Left,1000078630,Western Ky.,2024,455
"Brunstetter, Garrett",WES_HIL,74,Left,10010382,Western Ky.,2023,42
"Rigney, Bryson",WES_HIL,72,Right,1000115414,Western Ky.,2023,27
"Burleson, Grant",WES_HIL,75,Right,1000183198,Western Ky.,2024,377
"Burns, Mason",WES_HIL,75,Right,1000098212,Western Ky.,2023,764
"Burns, Mason",WES_HIL,75,Right,1000098212,Western Ky.,2024,427
"Higgins, Cal",WES_HIL,76,Left,1000114380,Western Ky.,2023,413
"Higgins, Cal",WES_HIL,76,Left,1000114380,Western Ky.,2024,365
"Weins, CJ",WES_HIL,75,Right,1000082451,Western Ky.,2023,404
"Moe, Coby",WES_HIL,76,Right,812453,Western Ky.,2024,228
"Eigenhuis, Cole",WES_HIL,80,Right,8898786,Western Ky.,2023,211
"Heath, Cole",WES_HIL,75,Right,1000098784,Western Ky.,2023,411
"Heath, Cole",WES_HIL,75,Right,1000098784,Western Ky.,2024,247
"Heath, Cole",WES_HIL,75,Right,1000098784,Western Ky.,2025,10
"Mesaris, Dalton",WES_HIL,75,Right,1000085408,Western Ky.,2023,435
"Hall, Dawson",WES_HIL,73,Right,10021563,Western Ky.,2023,811
"Hall, Dawson",WES_HIL,73,Right,1000248725,Western Ky.,2024,315
"Hall, Dawson",WES_HIL,73,Right,1000248725,Western Ky.,2025,534
"Terbrak, Devyn",WES_HIL,74,Left,1000057744,Western Ky.,2023,925
"Diuguid, Lane",WES_HIL,73,Left,1000081356,Western Ky.,2023,831
"Diuguid, Lane",WES_HIL,73,Left,1000161446,Western Ky.,2024,377
"Monaco, Dominic",WES_HIL,75,Left,10112208,Western Ky.,2025,109
"Whalen, Drew",WES_HIL,73,Right,10143355,Western Ky.,2024,436
"Whalen, Drew",WES_HIL,73,Right,10143355,Western Ky.,2025,982
"Rossell, Elliott",WES_HIL,72,Right,1000094429,Western Ky.,2024,159
"Rossell, Elliott",WES_HIL,73,Right,1000094429,Western Ky.,2025,55
"Jones, Evan",WES_HIL,75,Right,1000107566,Western Ky.,2023,365
"Jones, Evan",WES_HIL,75,Right,1000107566,Western Ky.,2025,180
"Perry, Gavin",WES_HIL,77,Right,815132,Western Ky.,2025,563
"Gothrup, Jacob",WES_HIL,75,Right,10063882,Western Ky.,2023,94
"Hartman, Lucas",WES_HIL,70,Right,807507,Western Ky.,2025,719
"Small, Hunter",WES_HIL,75,Right,1000096500,Western Ky.,2024,131
"Small, Hunter",WES_HIL,75,Right,1000096500,Western Ky.,2025,102
"Kirby, Jace",WES_HIL,72,Left,10059151,Western Ky.,2024,83
"Leverton, Luke",WES_HIL,73,Right,1000161885,Western Ky.,2024,156
"Leverton, Luke",WES_HIL,73,Right,1000161885,Western Ky.,2025,18
"Litteral, Lucas",WES_HIL,77,Left,1000188902,Western Ky.,2024,387
"Litteral, Lucas",WES_HIL,77,Left,828219,Western Ky.,2025,343
"Wright, Luke",WES_HIL,76,Left,10097186,Western Ky.,2025,53
"Meyer, Matthew",WES_HIL,72,Right,1000085411,Western Ky.,2023,15
"Winders, Max",WES_HIL,77,Right,1000170806,Western Ky.,2025,26
"Morris, Patrick",WES_HIL,74,Left,10296272,Western Ky.,2024,66
"Morris, Patrick",WES_HIL,74,Left,10296272,Western Ky.,2025,383
"Schutte, Nic",WES_HIL,73,Right,10010355,Western Ky.,2023,312
"Penn, Taylor",WES_HIL,77,Right,10005156,Western Ky.,2025,396
"Peters, Treyson",WES_HIL,79,Right,824288,Western Ky.,2025,481
"Rardin, Tyler",WES_HIL,70,Right,800842,Western Ky.,2024,51
"Lehmann, Adam",WMI_BRO,74,Right,1000136808,Western Mich.,2025,291
"Hinds, Aiden",WMI_BRO,72,Right,1000090972,Western Mich.,2025,230
"Armbrustmacher, Dane",WMI_BRO,76,Left,1000079511,Western Mich.,2023,115
"Thielman, Avery",WMI_BRO,77,Right,1000215893,Western Mich.,2023,7
"Thielman, Avery",WMI_BRO,77,Right,1000215893,Western Mich.,2024,48
"Berg, Hayden",WMI_BRO,70,Right,1000079491,Western Mich.,2023,116
"Berg, Hayden",WMI_BRO,70,Right,1000079491,Western Mich.,2024,107
"Miller, Brady",WMI_BRO,76,Right,1000079509,Western Mich.,2023,183
"Miller, Brady",WMI_BRO,76,Right,1000079509,Western Mich.,2024,344
"Gebben, Cole",WMI_BRO,72,Right,1000305023,Western Mich.,2025,27
"Crandell, Nick",WMI_BRO,74,Right,1000120991,Western Mich.,2023,83
"Dentler, Jayden",WMI_BRO,72,Right,1000132193,Western Mich.,2024,123
"Thompson, DJ",WMI_BRO,71,Right,1000215895,Western Mich.,2023,92
"Thompson, DJ",WMI_BRO,71,Right,1000215895,Western Mich.,2024,234
"Thompson, DJ",WMI_BRO,71,Right,1000215895,Western Mich.,2025,301
"Doran, Turner",WMI_BRO,74,Right,1000241336,Western Mich.,2024,84
"Doran, Turner",WMI_BRO,74,Right,1000241336,Western Mich.,2025,161
"Szczepaniak, Drew",WMI_BRO,77,Left,1000058581,Western Mich.,2023,106
"Houghtaling, Ethan",WMI_BRO,73,Right,1000120987,Western Mich.,2023,125
"Houghtaling, Ethan",WMI_BRO,73,Right,1000120987,Western Mich.,2024,22
"Gaber, Reese",WMI_BRO,74,Left,1000396866,Western Mich.,2025,470
"Geshel, James",WMI_BRO,76,Right,1000215898,Western Mich.,2023,60
"Wizceb, Joey",WMI_BRO,74,Left,1000310118,Western Mich.,2025,417
"Shapiro, Joe",WMI_BRO,72,Left,1000098377,Western Mich.,2023,105
"Shapiro, Joe",WMI_BRO,72,Left,1000098377,Western Mich.,2024,184
"Shapiro, Joe",WMI_BRO,71,Left,1000098377,Western Mich.,2025,268
"Swinehart, Josh",WMI_BRO,76,Right,1000079496,Western Mich.,2023,56
"Thelen, Luke",WMI_BRO,77,Right,1000098380,Western Mich.,2023,226
"Thelen, Luke",WMI_BRO,77,Right,1000098380,Western Mich.,2024,127
"Maloney, Matt",WMI_BRO,70,Right,1000078038,Western Mich.,2025,99
"Vlcek, Nolan",WMI_BRO,74,Right,1000120992,Western Mich.,2023,19
"Vlcek, Nolan",WMI_BRO,74,Right,1000120992,Western Mich.,2024,208
"Raade, Trevor",WMI_BRO,73,Left,10047985,Western Mich.,2025,27
"Watt, Ryan",WMI_BRO,74,Right,1000098381,Western Mich.,2023,80
"Watt, Ryan",WMI_BRO,74,Right,1000098381,Western Mich.,2024,22
"Vriesenga, Zach",WMI_BRO,78,Right,1000305029,Western Mich.,2024,36
"Vriesenga, Zach",WMI_BRO,78,Right,1000305029,Western Mich.,2025,300
"Arnold, Aaron",WIC_SHO,73,Right,805210,Wichita St.,2025,575
"Adler, Grant",WIC_SHO,75,Right,10106612,Wichita St.,2023,832
"Adler, Grant",WIC_SHO,75,Right,813180,Wichita St.,2025,1141
"Adler, Nate",WIC_SHO,75,Right,1000112225,Wichita St.,2023,70
"Adler, Nate",WIC_SHO,75,Right,801138,Wichita St.,2024,96
"Anderson, Caleb",WIC_SHO,72,Right,1000270048,Wichita St.,2024,226
"Anderson, Caleb",WIC_SHO,72,Right,1000270048,Wichita St.,2025,456
"Mulamekic, Arnad",WIC_SHO,78,Left,10308927,Wichita St.,2025,329
"Arnett, Jeremiah",WIC_SHO,76,Right,825126,Wichita St.,2024,112
"Arnett, Jeremiah",WIC_SHO,76,Right,825126,Wichita St.,2025,658
"Wallace, Austin",WIC_SHO,76,Left,1000050182,Wichita St.,2023,12
"Hamilton, Brady",WIC_SHO,74,Right,10108743,Wichita St.,2024,118
"Hamilton, Brady",WIC_SHO,74,Right,825131,Wichita St.,2025,1003
"Bye, Cameron",WIC_SHO,72,Right,1000051565,Wichita St.,2023,334
"Favors, Caden",WIC_SHO,75,Left,1000126838,Wichita St.,2023,516
"Favors, Caden",WIC_SHO,75,Left,801129,Wichita St.,2024,309
"Candiotti, Clark",WIC_SHO,77,Right,1000051102,Wichita St.,2023,1216
"Rost, Carter",WIC_SHO,76,Right,1000092757,Wichita St.,2023,39
"Vercoe, Colton",WIC_SHO,77,Right,813183,Wichita St.,2025,393
"Cranz, Robert",WIC_SHO,75,Right,1000112239,Wichita St.,2023,363
"Zang, Daniel",WIC_SHO,74,Right,825122,Wichita St.,2024,103
"Dillhoff, Parker",WIC_SHO,76,Left,10005543,Wichita St.,2023,58
"Dobbs, Tyler",WIC_SHO,75,Left,825129,Wichita St.,2024,408
"Dobbs, Tyler",WIC_SHO,75,Left,825129,Wichita St.,2025,421
"Iverson, Drew",WIC_SHO,76,Left,10315454,Wichita St.,2024,123
"Iverson, Drew",WIC_SHO,76,Left,825127,Wichita St.,2025,179
"Dunn, Patrick",WIC_SHO,78,Right,1000093642,Wichita St.,2023,18
"Geraghty, Ryan",WIC_SHO,73,Right,806078,Wichita St.,2024,60
"Holmes, Hunter",WIC_SHO,76,Left,825123,Wichita St.,2024,162
"Holmes, Hunter",WIC_SHO,76,Left,825123,Wichita St.,2025,193
"Miner, Jace",WIC_SHO,75,Left,1000138309,Wichita St.,2023,423
"Miner, Jace",WIC_SHO,75,Left,701731,Wichita St.,2025,632
"Mount, Jack",WIC_SHO,74,Right,692116,Wichita St.,2024,172
"Mount, Jack",WIC_SHO,74,Right,692116,Wichita St.,2025,168
"Umbarger, James",WIC_SHO,78,Right,830772,Wichita St.,2025,15
"Richard, Karsen",WIC_SHO,76,Right,830766,Wichita St.,2025,377
"Langbehn, Nate",WIC_SHO,76,Right,830767,Wichita St.,2025,74
"LaPour, Tommy",WIC_SHO,76,Right,815080,Wichita St.,2024,77
"Lapour, Tommy",WIC_SHO,76,Right,10149965,Wichita St.,2024,167
"Munz, Mason",WIC_SHO,75,Right,825120,Wichita St.,2024,27
"Munz, Mason",WIC_SHO,75,,825120,Wichita St.,2025,74
"Wilkinson, Matt",WIC_SHO,74,Right,1000131764,Wichita St.,2023,203
"Wilkinson, Matt",WIC_SHO,74,Right,813185,Wichita St.,2024,52
"Mulhollon, Michael",WIC_SHO,76,Left,10006582,Wichita St.,2023,160
"Mulhollon, Michael",WIC_SHO,76,Left,10006582,Wichita St.,2024,35
"Snead, Nate",WIC_SHO,74,Right,10058155,Wichita St.,2023,529
"Potter, Nick",WIC_SHO,76,Right,830769,Wichita St.,2025,398
"Reynolds, Owen",WIC_SHO,71,Right,830768,Wichita St.,2025,194
"Tolle, Payton",WIC_SHO,78,Left,1000048527,Wichita St.,2023,1195
"Walters, Peyton",WIC_SHO,73,Right,1000270066,Wichita St.,2024,18
"Walters, Peyton",WIC_SHO,73,Right,825125,Wichita St.,2025,26
"Zayas, Ronald",WIC_SHO,73,Right,1000051616,Wichita St.,2024,44
"Markus, Alex",WM_TRI,73,Right,1000268590,William & Mary,2024,709
"Marano, Anthony",WM_TRI,70,Right,10108990,William & Mary,2024,17
"McDonough, Bobby",WM_TRI,74,Right,1000187569,William & Mary,2023,175
"Bourque, Tom",WM_TRI,75,Left,1000187575,William & Mary,2025,410
"Boyd, Zach",WM_TRI,72,Right,10304839,William & Mary,2025,632
"Kelly, Brendan",WM_TRI,75,Right,1000167715,William & Mary,2024,381
"Card, Brennen",WM_TRI,75,Left,10093380,William & Mary,2025,113
"Craven, Brian",WM_TRI,70,Right,1000055396,William & Mary,2023,390
"Calveric, Luke",WM_TRI,78,Right,1000138611,William & Mary,2024,335
"Lovasz, Carter",WM_TRI,75,Right,1000123429,William & Mary,2023,628
"Lovasz, Carter",WM_TRI,75,Right,801921,William & Mary,2024,557
"Lovasz, Carter",WM_TRI,75,Right,801921,William & Mary,2025,669
"Green, Casey",WM_TRI,77,Right,1000036972,William & Mary,2023,142
"Yates, Chad",WM_TRI,73,Left,1000091627,William & Mary,2025,617
"Kolarov, Connor",WM_TRI,77,Right,10024281,William & Mary,2025,306
"Wall, Cory",WM_TRI,76,Right,1000187571,William & Mary,2023,645
"Lingle, Daniel",WM_TRI,71,Right,1000232524,William & Mary,2025,471
"Osborne, Darren",WM_TRI,75,Right,10062553,William & Mary,2025,274
"Snyder, Ethan",WM_TRI,76,Right,10083998,William & Mary,2024,21
"Feczko, Ryan",WM_TRI,74,Left,801715,William & Mary,2025,580
"Garnett, Travis",WM_TRI,78,Left,695775,William & Mary,2024,434
"Newsome, Garrett",WM_TRI,74,Right,1000099023,William & Mary,2023,29
"Lippman, Hank",WM_TRI,74,Right,10294512,William & Mary,2024,197
"Hertzler, Noah",WM_TRI,74,Right,1000232941,William & Mary,2023,104
"Hertzler, Noah",WM_TRI,75,Right,810942,William & Mary,2024,260
"Hertzler, Noah",WM_TRI,75,Right,810942,William & Mary,2025,289
"Hindy, Mark",WM_TRI,76,Left,1000123145,William & Mary,2024,785
"Howat, Matt",WM_TRI,74,Left,1000052294,William & Mary,2023,81
"Interdonato, Reed",WM_TRI,75,Right,10285515,William & Mary,2024,620
"Interdonato, Reed",WM_TRI,75,Right,1000121806,William & Mary,2025,593
"Weight, Jack",WM_TRI,73,Right,10095698,William & Mary,2025,458
"Kelly, Tyler",WM_TRI,70,Right,1000189342,William & Mary,2025,526
"Locklear, Kyle",WM_TRI,70,Right,1000187572,William & Mary,2023,167
"Mayer, Tom",WM_TRI,76,Right,1000050300,William & Mary,2023,675
"Pierce, Owen",WM_TRI,72,Right,1000115803,William & Mary,2023,515
"Pierce, Owen",WM_TRI,72,Right,1000115803,William & Mary,2024,620
"Pierce, Owen",WM_TRI,71,Right,1000115803,William & Mary,2025,404
"Prarie, Rojo",WM_TRI,71,Right,1000055808,William & Mary,2023,437
"Tsakounis, Zach",WM_TRI,72,Left,1000061078,William & Mary,2023,752
"White, Aaron",WIN_EAG,71,Left,1000079465,Winthrop,2023,123
"Logusch, Alex",WIN_EAG,74,Right,1000076944,Winthrop,2023,286
"Logusch, Alex",WIN_EAG,71,Right,1000076944,Winthrop,2024,80
"Rehkow, Ben",WIN_EAG,73,Right,10062636,Winthrop,2025,306
"Bookbinder, Josh",WIN_EAG,73,Right,1000062795,Winthrop,2023,111
"Houston, Brady",WIN_EAG,72,Right,1000155467,Winthrop,2023,176
"Houston, Brady",WIN_EAG,71,Right,813613,Winthrop,2024,157
"Gilley, Brayden",WIN_EAG,76,Right,823042,Winthrop,2025,598
"Brodt, Walker",WIN_EAG,72,Right,1000231088,Winthrop,2024,48
"Brodt, Walker",WIN_EAG,72,Right,1000231088,Winthrop,2025,641
"Hopkins, Brody",WIN_EAG,76,Right,1000075398,Winthrop,2023,275
"Butcher, Nate",WIN_EAG,76,Right,1000120671,Winthrop,2023,101
"Jones, Caleb",WIN_EAG,75,Right,1000078134,Winthrop,2023,55
"Jones, Caleb",WIN_EAG,77,Right,804737,Winthrop,2024,239
"Harris, Connor",WIN_EAG,80,Right,1000048925,Winthrop,2024,25
"Harris, Connor",WIN_EAG,80,Right,1000048925,Winthrop,2025,958
"Mims, Dalton",WIN_EAG,71,Right,1000079481,Winthrop,2023,70
"Johnson, Dyson",WIN_EAG,73,Right,1000120670,Winthrop,2023,210
"Frese, Zane",WIN_EAG,69,Left,1000329545,Winthrop,2025,108
"Gonsalves, Nick",WIN_EAG,71,Right,1000252310,Winthrop,2024,61
"Shepherd, Grant",WIN_EAG,74,Left,803110,Winthrop,2024,10
"Shepherd, Grant",WIN_EAG,74,,803110,Winthrop,2025,117
"Guzman, Randy",WIN_EAG,72,Right,10327800,Winthrop,2025,390
"Hall, Quinton",WIN_EAG,73,Left,1000119916,Winthrop,2025,514
"Wilson, Harrison",WIN_EAG,73,Right,813612,Winthrop,2025,897
"Huge, Riley",WIN_EAG,76,Left,1000097776,Winthrop,2023,88
"Huge, Riley",WIN_EAG,75,Left,1000097776,Winthrop,2024,211
"Hylinski, Joey",WIN_EAG,70,Right,813627,Winthrop,2024,46
"Hylinski, Joey",WIN_EAG,71.5,,813627,Winthrop,2025,81
"Parson, Julian",WIN_EAG,74,Right,813560,Winthrop,2025,94
"Keup, Shane",WIN_EAG,73,Right,813623,Winthrop,2024,57
"Keup, Shane",WIN_EAG,74,Right,813623,Winthrop,2025,571
"Kruglewicz, Parker",WIN_EAG,73,Right,90000198479,Winthrop,2023,124
"Kruglewicz, Parker",WIN_EAG,72,Right,90000198479,Winthrop,2024,171
"Wade, Lance",WIN_EAG,69,Right,1000064161,Winthrop,2024,156
"Wade, Lance",WIN_EAG,69,,1000064161,Winthrop,2025,162
"McCallum, Liam",WIN_EAG,73,Left,692949,Winthrop,2025,100
"Lumpkin, Reese",WIN_EAG,77,Right,10017827,Winthrop,2023,93
"Lumpkin, Reese",WIN_EAG,78,Right,813609,Winthrop,2024,297
"Tompkins, Mason",WIN_EAG,71,Right,10094249,Winthrop,2025,533
"Sarna, Owen",WIN_EAG,72,Right,1000304012,Winthrop,2024,306
"Sarna, Owen",WIN_EAG,73,Right,1000304012,Winthrop,2025,871
"Whittle, Parker",WIN_EAG,72,Left,1000106113,Winthrop,2023,207
"Whittle, Parker",WIN_EAG,72,Left,813608,Winthrop,2024,129
"Rose, Zan",WIN_EAG,73,Right,1000175375,Winthrop,2023,97
"Bouchard, Alec",WOF_TER,74,Right,1000295524,Wofford,2024,230
"Bouchard, Alec",WOF_TER,74,Right,1000295524,Wofford,2025,561
"Laughlin, Austin",WOF_TER,76,Right,1000255209,Wofford,2025,219
"Hofmeyer, Braden",WOF_TER,71,Right,1000161006,Wofford,2024,51
"Hofmeyer, Braden",WOF_TER,71,Right,1000161006,Wofford,2025,67
"Little, Branton",WOF_TER,76,Right,703441,Wofford,2024,171
"Little, Branton",WOF_TER,76,Right,703441,Wofford,2025,824
"Buchanan, Coulson",WOF_TER,70,Right,1000048663,Wofford,2023,347
"Wicker, Camden",WOF_TER,78,Right,1000093431,Wofford,2024,446
"Rasmussen, Carter",WOF_TER,77,Right,1000185650,Wofford,2025,685
"Davis, Champ",WOF_TER,73,Right,1000091169,Wofford,2023,15
"Davis, Champ",WOF_TER,73,Right,1000091169,Wofford,2024,224
"Davis, Champ",WOF_TER,73,Right,1000091169,Wofford,2025,341
"Weber, Charlie",WOF_TER,73,Right,10049062,Wofford,2023,270
"Compton, Mason",WOF_TER,75,Right,1000091118,Wofford,2024,207
"Compton, Mason",WOF_TER,75,Right,1000091118,Wofford,2025,54
"Comstock, Grant",WOF_TER,78,Right,1000266312,Wofford,2025,246
"Condon, Cullen",WOF_TER,70,Right,1000257240,Wofford,2025,634
"Rivers, Davis",WOF_TER,73,Right,806206,Wofford,2025,35
"Rhadans, Dylan",WOF_TER,77,Left,1000051652,Wofford,2024,57
"Rhadans, Dylan",WOF_TER,77,Left,1000051652,Wofford,2025,608
"Eggert, Mike",WOF_TER,75,Right,1000100234,Wofford,2023,193
"Eggert, Mike",WOF_TER,75,Right,1000100234,Wofford,2024,165
"Egger, Sheldon",WOF_TER,75,Left,1000254674,Wofford,2025,475
"Estes, Wes",WOF_TER,73,Right,1000169230,Wofford,2025,90
"Gray, John",WOF_TER,77,Right,800999,Wofford,2024,29
"Gray, John",WOF_TER,77,Right,800999,Wofford,2025,211
"Wilder, Holden",WOF_TER,75,Right,1000100238,Wofford,2023,36
"Wilder, Holden",WOF_TER,75,Right,1000100238,Wofford,2024,19
"Michaels, Kenny",WOF_TER,76,Left,1000251009,Wofford,2024,321
"Michaels, Kenny",WOF_TER,76,Left,1000251009,Wofford,2025,641
"Mahlstedt, Lucas",WOF_TER,74,Right,1000097699,Wofford,2023,398
"Stephens, Luke",WOF_TER,72,Right,1000041067,Wofford,2023,107
"Lunceford, Morgan",WOF_TER,70,Right,813671,Wofford,2024,3
"Marchal, Matthew",WOF_TER,75,Right,1000115126,Wofford,2023,142
"McMahon, Noah",WOF_TER,74,Right,1000114834,Wofford,2025,48
"Sills, Michael",WOF_TER,73,Right,1000076705,Wofford,2025,510
"Moye, Ryder",WOF_TER,71,Left,90000226525,Wofford,2023,28
"Stratton, Sam",WOF_TER,70,Left,1000051384,Wofford,2023,42
"Stratton, Sam",WOF_TER,70,Left,1000051384,Wofford,2024,77
"Theis, Alex",WRI_RAI,72,Left,1000025879,Wright St.,2023,159
"Zink, Ben",WRI_RAI,72,Right,94175,Wright St.,2025,92
"Schoetzow, Brayden",WRI_RAI,74,Right,1000101626,Wright St.,2024,144
"Schoetzow, Brayden",WRI_RAI,74,Right,1000101626,Wright St.,2025,143
"Ehling, Caleb",WRI_RAI,73,Left,10109437,Wright St.,2025,171
"Mitchell, Calvin",WRI_RAI,74,Right,10006450,Wright St.,2023,25
"Lax, Chet",WRI_RAI,71,Left,1000147384,Wright St.,2024,494
"Lax, Chet",WRI_RAI,71,Left,1000147384,Wright St.,2025,503
"Gallagher, Chris",WRI_RAI,72,Right,1000074568,Wright St.,2023,54
"Gallagher, Chris",WRI_RAI,72,Right,1000074568,Wright St.,2024,340
"Earles, Wes",WRI_RAI,72,Left,1000054627,Wright St.,2024,315
"Peters, Garrett",WRI_RAI,72,Left,1000098609,Wright St.,2023,97
"Peters, Garrett",WRI_RAI,72,Left,1000098609,Wright St.,2024,460
"Peters, Garrett",WRI_RAI,72,Left,1000098609,Wright St.,2025,509
"Simpson, Garret",WRI_RAI,72,Right,1000132363,Wright St.,2023,23
"Simpson, Garret",WRI_RAI,72,Right,1000073158,Wright St.,2024,500
"Gongora, Sebastian",WRI_RAI,77,Left,1000098130,Wright St.,2023,120
"Stratton, Grant",WRI_RAI,74,Right,10005103,Wright St.,2025,164
"Paige, Griffen",WRI_RAI,74,Left,1000108685,Wright St.,2024,139
"Paige, Griffen",WRI_RAI,74,Left,1000108685,Wright St.,2025,357
"Grogan, Mychal",WRI_RAI,76,Right,1000270403,Wright St.,2024,255
"Grogan, Mychal",WRI_RAI,76,Right,1000270403,Wright St.,2025,502
"Hartzell, Warren",WRI_RAI,72,Right,326343,Wright St.,2023,26
"Hartzell, Warren",WRI_RAI,72,Right,10288175,Wright St.,2024,273
"Hartzell, Warren",WRI_RAI,72,Right,10288175,Wright St.,2025,470
"Haught, Tristan",WRI_RAI,75,Right,1000054634,Wright St.,2023,72
"Heilman, Jarrett",WRI_RAI,74,Right,1000362936,Wright St.,2025,423
"Shirk, Jake",WRI_RAI,74,Right,1000091031,Wright St.,2023,155
"Shirk, Jake",WRI_RAI,74,Right,1000091031,Wright St.,2024,699
"Luikart, Jay",WRI_RAI,72,Left,1000036945,Wright St.,2023,36
"Luikart, Jay",WRI_RAI,72,Left,1000036945,Wright St.,2024,39
"Thompson, JJ",WRI_RAI,74,Left,10293963,Wright St.,2025,471
"Laisure, Josh",WRI_RAI,71,Right,10009710,Wright St.,2023,56
"Laisure, Josh",WRI_RAI,71,Right,1000234939,Wright St.,2024,370
"Kesel, Kyle",WRI_RAI,75,Right,1000270401,Wright St.,2024,212
"Kesel, Kyle",WRI_RAI,75,Right,1000270401,Wright St.,2025,87
"Stofel, Luke",WRI_RAI,77,Right,1000098782,Wright St.,2023,162
"Paplanus, Malachi",WRI_RAI,73,Right,1000111026,Wright St.,2025,362
"Whitesell, Max",WRI_RAI,75,Right,1000223610,Wright St.,2025,262
"Shaw, Nate",WRI_RAI,72,Right,1000270404,Wright St.,2024,19
"Shaw, Nate",WRI_RAI,72,Right,1000270404,Wright St.,2025,31
"Williamson, Noah",WRI_RAI,71,Right,811725,Wright St.,2025,117
"Thomas, Parker",WRI_RAI,75,Right,814826,Wright St.,2025,155
"Roder, Ty",WRI_RAI,75,Right,1000180977,Wright St.,2023,59
"Roder, Ty",WRI_RAI,75,Right,1000180977,Wright St.,2024,379
"Cook, Aiden",XAV_MUS,75,Left,1000262201,Xavier,2024,23
"Alazaus, Brant",XAV_MUS,75,Left,1000190771,Xavier,2023,554
"Vera, Alex",XAV_MUS,72,Left,1000269605,Xavier,2024,559
"Chronister, Ashton",XAV_MUS,80,Left,1000269613,Xavier,2024,187
"Chronister, Ashton",XAV_MUS,80,Left,1000269613,Xavier,2025,254
"Aukerman, Matthew",XAV_MUS,76,Right,1000185401,Xavier,2024,55
"Bailey, Connor",XAV_MUS,77,Right,1000100019,Xavier,2023,48
"Bailey, Connor",XAV_MUS,77,Right,1000100019,Xavier,2024,519
"Barnett, Bryce",XAV_MUS,72,Right,1000073131,Xavier,2023,9
"Bell, Luke",XAV_MUS,76,Right,1000113428,Xavier,2023,392
"Weber, Ben",XAV_MUS,73,Right,823306,Xavier,2025,1187
"Bosacker, Ethan",XAV_MUS,74,Right,1000076018,Xavier,2023,612
"Boyle, Nick",XAV_MUS,75,Right,1000068602,Xavier,2023,144
"Boyle, Nick",XAV_MUS,75,Right,1000068602,Xavier,2024,547
"Boyle, Nick",XAV_MUS,75,Right,814364,Xavier,2025,240
"Bridenthal, Eli",XAV_MUS,75,Right,10154108,Xavier,2024,44
"Bridenthal, Eli",XAV_MUS,75,Right,830127,Xavier,2025,126
"Chavana, Joseph",XAV_MUS,73,Right,830129,Xavier,2025,768
"Schwaner, Clay",XAV_MUS,73,Right,1000024574,Xavier,2023,229
"Hansen, Creighton",XAV_MUS,75,Right,1000079524,Xavier,2023,70
"DeTienne, Jack",XAV_MUS,74,Right,815633,Xavier,2025,395
"Podgorny, Eric",XAV_MUS,75,Right,10033738,Xavier,2024,21
"Whiteaker, Evan",XAV_MUS,76,Right,804867,Xavier,2025,25
"Gadd, Jared",XAV_MUS,74,Right,830134,Xavier,2025,21
"Geddes, Trevor",XAV_MUS,79,Left,830140,Xavier,2025,211
"Hooker, Jake",XAV_MUS,74,Right,1000181347,Xavier,2024,197
"Hooker, Jake",XAV_MUS,74,Right,814108,Xavier,2025,645
"Hoskins, Luke",XAV_MUS,76,Right,1000113451,Xavier,2023,543
"Hoskins, Luke",XAV_MUS,76,Right,1000113451,Xavier,2024,688
"Hoskins, Luke",XAV_MUS,76,Right,830141,Xavier,2025,808
"Housinger, Jack",XAV_MUS,69,Right,1000113494,Xavier,2023,9
"Hughes, Nolan",XAV_MUS,77,Left,1000269610,Xavier,2024,529
"Niedringhaus, Jack",XAV_MUS,72,Left,1000190785,Xavier,2023,90
"Niedringhaus, Jack",XAV_MUS,72,Left,1000190785,Xavier,2024,77
"Niedringhaus, Jack",XAV_MUS,72,Left,830133,Xavier,2025,20
"Nobe, Jack",XAV_MUS,75,Right,830143,Xavier,2025,682
"Lambdin, Jake",XAV_MUS,70,Right,1000297583,Xavier,2024,204
"Lambdin, Jake",XAV_MUS,70,Right,1000297583,Xavier,2025,28
"Zicka, Jake",XAV_MUS,76,Left,10075551,Xavier,2023,12
"Starnes, Jimmy",XAV_MUS,72,Right,1000222087,Xavier,2024,86
"Kelly, Jonathan",XAV_MUS,74,Right,1000113502,Xavier,2023,340
"Kelly, Jonathan",XAV_MUS,74,Right,1000113502,Xavier,2024,637
"Wylie, Jon",XAV_MUS,74,Right,830135,Xavier,2025,370
"Loer, Justin",XAV_MUS,77,Left,1000133171,Xavier,2023,251
"Schmidt, Logan",XAV_MUS,75,Right,1000164817,Xavier,2024,756
"Schmidt, Logan",XAV_MUS,75,Right,1000164817,Xavier,2025,986
"Murray, Terry",XAV_MUS,76,Right,1000132394,Xavier,2024,115
"Stahl, Nathan",XAV_MUS,75,Right,1000073063,Xavier,2023,20
"Stahl, Nathan",XAV_MUS,75,Right,1000073063,Xavier,2024,25
"Piech, Ryan",XAV_MUS,75,Right,1000182630,Xavier,2025,1057
"Sausville, Tyler",XAV_MUS,67,Left,1000182982,Xavier,2024,189
"Hwang, Alex",YAL_BUL,73,Right,1000142849,Yale,2025,329
"Winslow, Ben",YAL_BUL,75,Right,10082452,Yale,2025,277
"Reese, Bryant",YAL_BUL,73,Left,1000120973,Yale,2023,131
"Reese, Bryant",YAL_BUL,73,Left,1000120973,Yale,2024,196
"Capell, Mark",YAL_BUL,74,Right,1000120985,Yale,2023,279
"Capell, Mark",YAL_BUL,74,Right,1000120985,Yale,2025,79
"Kessinger, Carter",YAL_BUL,74,Right,1000158386,Yale,2024,210
"Chaplin, Chace",YAL_BUL,69,Right,1000064258,Yale,2024,61
"Chaplin, Chace",YAL_BUL,69,Right,824557,Yale,2025,38
"Chatfield, Jimmy",YAL_BUL,72,Right,1000120971,Yale,2023,127
"Saladin, Chris",YAL_BUL,77,Right,1000120974,Yale,2023,8
"Cleary, Quinn",YAL_BUL,70,Right,1000069604,Yale,2023,128
"Cohen, Daniel",YAL_BUL,74,Right,1000182787,Yale,2023,327
"Cohen, Daniel",YAL_BUL,74,Right,1000182787,Yale,2024,606
"Cohen, Daniel",YAL_BUL,74,Right,1000182787,Yale,2025,701
"Shaw, Colton",YAL_BUL,74,Right,1000120977,Yale,2023,728
"Shaw, Colton",YAL_BUL,74,Right,823764,Yale,2024,840
"Shaw, Colton",YAL_BUL,74,Right,823764,Yale,2025,1040
"Dekay, Jamis",YAL_BUL,73,Right,1000078485,Yale,2023,11
"Peterson, DJ",YAL_BUL,72,Left,1000280850,Yale,2025,160
"Easterly, Reid",YAL_BUL,72,Left,1000112044,Yale,2023,692
"Easterly, Reid",YAL_BUL,72,Left,822498,Yale,2024,437
"Lewis, Ethan",YAL_BUL,73,Right,1000115771,Yale,2023,138
"Lewis, Ethan",YAL_BUL,73,Right,1000115771,Yale,2024,323
"Lewis, Ethan",YAL_BUL,73,Right,1000115771,Yale,2025,240
"Evans, Tate",YAL_BUL,72,Right,10064933,Yale,2023,51
"Evans, Tate",YAL_BUL,72,Right,10064933,Yale,2024,324
"Evans, Tate",YAL_BUL,72,Right,10064933,Yale,2025,552
"Ohman, Jack",YAL_BUL,72,Right,1000366466,Yale,2025,797
"Richardson, Josh",YAL_BUL,74,Right,1000213119,Yale,2023,335
"Richardson, Josh",YAL_BUL,74,Right,1000213119,Yale,2024,216
"Kelley, Mick",YAL_BUL,76,Right,1000120989,Yale,2023,210
"Kelley, Mick",YAL_BUL,76,Right,1000120989,Yale,2025,246
"Strahm, Levi",YAL_BUL,70,Left,822658,Yale,2025,66
"Spadaccini, Teo",YAL_BUL,77,Right,10032348,Yale,2024,113
"Spadaccini, Teo",YAL_BUL,77,Right,10032348,Yale,2025,133
"English, Aidan",YSU_PEN,78,Right,1000213912,Youngstown St.,2023,108
"English, Aidan",YSU_PEN,78,Right,1000213912,Youngstown St.,2024,195
"English, Aidan",YSU_PEN,78,Right,1000213912,Youngstown St.,2025,68
"Anderson, Brandin",YSU_PEN,72,Right,1000234953,Youngstown St.,2023,37
"Anderson, Brandin",YSU_PEN,72,Right,1000234953,Youngstown St.,2024,67
"Anderson, Brandin",YSU_PEN,72,Right,1000234953,Youngstown St.,2025,30
"Gebhardt, Braden",YSU_PEN,74,Left,1000213917,Youngstown St.,2023,146
"Gebhardt, Braden",YSU_PEN,74,Left,1000213917,Youngstown St.,2024,170
"Gebhardt, Braden",YSU_PEN,74,Left,1000213917,Youngstown St.,2025,318
"Mikos, Brandon",YSU_PEN,76,Right,1000213921,Youngstown St.,2023,59
"Mikos, Brandon",YSU_PEN,76,Right,1000213921,Youngstown St.,2025,386
"Brennaman, Phil",YSU_PEN,73,Right,822947,Youngstown St.,2025,309
"Marshalwitz, Cam",YSU_PEN,73,Left,1000169838,Youngstown St.,2023,52
"Marshalwitz, Cam",YSU_PEN,73,Left,1000169838,Youngstown St.,2024,29
"Marshalwitz, Casey",YSU_PEN,74,Right,1000051302,Youngstown St.,2023,99
"Marshalwitz, Casey",YSU_PEN,74,Right,1000051302,Youngstown St.,2024,59
"Casteel, Colin",YSU_PEN,76,Right,1000304966,Youngstown St.,2024,181
"Casteel, Colin",YSU_PEN,76,Right,1000304966,Youngstown St.,2025,305
"Franken, Chase",YSU_PEN,69,Right,1000097990,Youngstown St.,2024,51
"Domke, Chris",YSU_PEN,75,Right,10096412,Youngstown St.,2024,54
"Fowler, Thomas",YSU_PEN,76,Right,1000314908,Youngstown St.,2025,67
"Wilms, Gavin",YSU_PEN,75,Right,1000304969,Youngstown St.,2024,110
"Wilms, Gavin",YSU_PEN,75,Right,1000304969,Youngstown St.,2025,77
"Gehring, Jacob",YSU_PEN,73,Right,808803,Youngstown St.,2024,193
"Gehring, Jacob",YSU_PEN,73,Right,808803,Youngstown St.,2025,374
"Gumto, Patrick",YSU_PEN,75,Right,1000213936,Youngstown St.,2023,75
"Pelja, Harun",YSU_PEN,77,Right,1000189093,Youngstown St.,2025,253
"Heflin, Tyler",YSU_PEN,72,Right,1000294163,Youngstown St.,2025,347
"Henderson, Mark",YSU_PEN,76,Left,1000121853,Youngstown St.,2025,73
"Tylicki, JJ",YSU_PEN,74,Right,1000236772,Youngstown St.,2025,626
"Misik, Kenny",YSU_PEN,71,Left,1000078188,Youngstown St.,2023,129
"Kubilus, Nolan",YSU_PEN,74,Right,1000304978,Youngstown St.,2024,35
"Kubilus, Nolan",YSU_PEN,74,Right,1000304978,Youngstown St.,2025,12
"Rhodes, Lane",YSU_PEN,75,Right,1000121161,Youngstown St.,2024,173
"Rhodes, Lane",YSU_PEN,75,Right,1000121161,Youngstown St.,2025,142
"Seymour, Mitchell",YSU_PEN,72,Right,1000099644,Youngstown St.,2024,8
"Seymour, Mitchell",YSU_PEN,72,Right,1000099644,Youngstown St.,2025,57
"Ross, Nate",YSU_PEN,72,Right,1000386632,Youngstown St.,2025,192
"Todd, Niall",YSU_PEN,74,Left,1000304975,Youngstown St.,2024,81
"Perez, Nick",YSU_PEN,71,Right,8892877,Youngstown St.,2023,224
"Perez, Nick",YSU_PEN,71,Right,8892877,Youngstown St.,2024,170
"Pezzone, Olindo",YSU_PEN,75,Right,1000304979,Youngstown St.,2025,30
"Pancake, Trey",YSU_PEN,69,Right,1000123109,Youngstown St.,2023,117
"Perry, Travis",YSU_PEN,79,Right,1000054178,Youngstown St.,2023,169
"Shaffer, Will",YSU_PEN,75,Right,1000097998,Youngstown St.,2023,126
"Ulrich, Sloan",YSU_PEN,72,Left,1000304981,Youngstown St.,2024,179
"Ulrich, Sloan",YSU_PEN,72,Left,1000304981,Youngstown St.,2025,372
"Stayduhar, Zach",YSU_PEN,76,Right,1000121164,Youngstown St.,2023,134
"Stayduhar, Zach",YSU_PEN,76,Right,1000121164,Youngstown St.,2024,38
