PitcherTeam,year,k
ALV_CCO,2023,cuello|oscar
BRK_CMC,2023,leskousky
BRK_CMC,2023,zamora
ALV_CCO,2023,bergeron|bryce
ALV_CCO,2023,carpenter|samuel
ALV_CCO,2023,cienfuegos|kike
PEP_WAV,2023,shane|telfer
BOC_EAG,2023,henry|leake
BOC_EAG,2023,eric|schroeder
PEP_WAV,2023,brandon|llewellyn
BOC_EAG,2023,charlie|coon
BOC_EAG,2023,brian|mcmonagle
BOC_EAG,2023,lane|travis
ABI_WIL,2023,morgan|tyler
NEV_WOL,2023,kade|morris
ABI_WIL,2023,berberich|sam
ABI_WIL,2023,adam|byrd
NEV_WOL,2023,morgan|white
ABI_WIL,2023,anderson|blake
NEV_WOL,2023,dillon|holliday
OKL_COW,2023,juaron|wattsbrown
MIZ_TIG,2023,chandler|murphy
MIZ_TIG,2023,neubeck|tony
OKL_COW,2023,blake|drew
OKL_COW,2023,brant|hogue
OKL_COW,2023,evan|otoole
MIZ_TIG,2023,franklin|zach
OKL_COW,2023,mclean|nolan
TCU_HFG,2023,ryan|vanderhei
VAN_COM,2023,carter|holton
VAN_COM,2023,hliboki|sam
TCU_HFG,2023,ridings|river
TCU_HFG,2023,luke|savage
VAN_COM,2023,grayson|moore
VAN_COM,2023,david|horn
TEX_LON,2023,gordon|lucas
ARK_RAZ,2023,hagen|smith
TEX_LON,2023,johnson|lebarron
ARK_RAZ,2023,adcock|cody
TEX_LON,2023,chris|stuart
ARK_RAZ,2023,frank|koty
TEX_LON,2023,andre|duplantier|ii
ARK_RAZ,2023,brady|tygart
CAL_MUS,2023,bryce|warrecker
MIS_BEA,2023,eddington|jake
MIS_BEA,2023,scott|youngbrandt
MIS_BEA,2023,halligan|miles
MIS_BEA,2023,carter|degondea
CAL_MUS,2023,derek|true
MIS_BEA,2023,ferguson|garrett
CAL_MUS,2023,freddie|rodriguez
MIS_BEA,2023,bassham|corbin
CAL_MUS,2023,evan|tomlinson
CAL_MUS,2023,larkin|noah
BAY_BEA,2023,blake|helton
CEN_MIC,2023,garrett|navarra
BAY_BEA,2023,golomb|grant
CEN_MIC,2023,ben|vitas
BAY_BEA,2023,hambleton|oliver
CEN_MIC,2023,conte|michael
CEN_MIC,2023,palmblad|ryan
BAY_BEA,2023,cole|stasio
CEN_MIC,2023,nathan|ross
LON_DIR,2023,graham|osman
WIC_SHO,2023,candiotti|clark
WIC_SHO,2023,caden|favors
LON_DIR,2023,clough|ethan
LON_DIR,2023,haley|josh
UNC_SEA,2023,gaither|matt
OHI_BOB,2023,brenden|roder
OHI_BOB,2023,spoon|trent
UNC_SEA,2023,hudak|jason
UNC_SEA,2023,benton|cole
UNC_SEA,2023,chenault|ethan
OHI_BOB,2023,peck|tyler
UNC_SEA,2023,aubrey|smith
OHI_BOB,2023,colin|sells
UNC_SEA,2023,banks|brett
DIX_STE,2023,brett|porthan
POR_PIL,2023,gartrell|joey
DIX_STE,2023,carsten|herman
DIX_STE,2023,carroll|jace
DIX_STE,2023,angeroth|carson
POR_PIL,2023,kaden|segel
LON_LAN,2023,berrier|logan
MSM_MTN,2023,adams|cooper
MSM_MTN,2023,max|moore
LON_LAN,2023,gibbons|sean
MSM_MTN,2023,jb|manarchuck
LON_LAN,2023,garcia|guillermo|jr
LON_LAN,2023,michael|tolson
MSM_MTN,2023,jett|slepak
LON_LAN,2023,bunch|wyatt
DAL_PAT,2023,bragg|braxton
FOR_RAM,2023,gabe|karslo
FOR_RAM,2023,maeker|trey
DAL_PAT,2023,brady|rose
FOR_RAM,2023,cunha|dom
DAL_PAT,2023,beuter|reece
FOR_RAM,2023,declan|lavelle
DAL_PAT,2023,peyton|smith
TEX_RAI,2023,kyle|robinson
GON_BUL,2023,owen|wild
TEX_RAI,2023,brendan|girton
GON_BUL,2023,haas|reagan
GON_BUL,2023,jeff|nelson
TEX_RAI,2023,josh|sanders
VIR_CAV,2023,brian|edgington
NAV_MID,2023,mitchell|nate
NAV_MID,2023,russell|thomas
VIR_CAV,2023,connelly|early
NAV_MID,2023,ward|zach
NAV_MID,2023,green|tyler
NAV_MID,2023,jorgenson|nolan
VIR_CAV,2023,chase|hungate
SOU_TRO,2023,stromsborg|tyler
MAR_RED,2023,jack|keenan
MAR_RED,2023,jack|wren
SOU_TRO,2023,clarke|garrett
MAR_RED,2023,kmietek|zane
MAR_RED,2023,bowery|jack
SOU_TRO,2023,spach|toby
SOU_TRO,2023,kyle|wisch
FLO_SEM,2023,carson|montgomery
JMU_DUK,2023,burke|donovan
JMU_DUK,2023,kleinfelter|matthew
JMU_DUK,2023,entsminger|hunter
FLO_SEM,2023,barrett|david
FLO_SEM,2023,brennen|oxford
FLO_SEM,2023,crowell|wyatt
JMU_DUK,2023,jaden|kinsler
FLO_SEM,2023,jaden|stockton
FLO_SEM,2023,andrew|armstrong
NOR_WOL,2023,logan|whitaker
WAG_SEA,2023,daniel|merkel
WAG_SEA,2023,jason|masick
NOR_WOL,2023,scott|win
NOR_WOL,2023,everette|harris
WAG_SEA,2023,duquette|jagger
NOR_WOL,2023,creed|watkins
DUK_BLU,2023,jonathan|santucci
STJ_HAW,2023,domenic|picone
DUK_BLU,2023,owen|proksch
STJ_HAW,2023,falco|mike
DUK_BLU,2023,gabe|nard
STJ_HAW,2023,ciccone|frank
UNL_REB,2023,beal|noah
PAC_TIG,2023,grant|stevens
PAC_TIG,2023,caden|casagrande
UNL_REB,2023,nick|rupp
PAC_TIG,2023,martinez|ryan
PAC_TIG,2023,barrera|daniel
PAC_TIG,2023,jarryd|wood
UNL_REB,2023,cole|roberts
GEO_PAN,2023,ryan|watson
CIN_BEA,2023,garrett|harker
GEO_PAN,2023,chastain|davis
CIN_BEA,2023,jackson|murphy
GEO_PAN,2023,cameron|jones
CIN_BEA,2023,griffin|hugus
CIN_BEA,2023,bergmann|max
GEO_PAN,2023,ottinger|zach
CIN_BEA,2023,mcclanahan|nick
GEO_PAN,2023,aidan|mcallister
GIT_YEL,2023,brown|dawson
MIA_RED,2023,chadwick|tyler
MIA_RED,2023,luke|ross
GIT_YEL,2023,luke|schmolke
MIA_RED,2023,lazaro|marquez
GIT_YEL,2023,noah|samol
GIT_YEL,2023,aeden|finateri
MIA_RED,2023,martin|sosna
GIT_YEL,2023,busse|terry
CAL_FUL,2023,stultz|tyler
STA_CAR,2023,mathews|quinn
CAL_FUL,2023,chester|fynn
STA_CAR,2023,brandt|pancer
STA_CAR,2023,max|meier
STA_CAR,2023,lopez|nicolas
STA_CAR,2023,moore|trevor
HIG_PAN,2023,garcia|samuel
BRY_BUL,2023,coleman|picard
HIG_PAN,2023,libby|patrick
BRY_BUL,2023,chase|jeter
HIG_PAN,2023,duffy|sean
BRY_BUL,2023,austin|wainer
HIG_PAN,2023,everett|vaughan
SOU_GOL,2023,hall|tanner
LIB_FLA,2023,garrett|horn
SOU_GOL,2023,martin|tyler
LIB_FLA,2023,cole|hertzler
SOU_GOL,2023,justin|storm
SAC_HOR,2023,noah|takacs
NOR_BIS,2023,cade|feeney
SAC_HOR,2023,max|pettey
NOR_BIS,2023,nelson|wyatt
SAC_HOR,2023,gagnon|zach
SAC_HOR,2023,goodrich|trey
LOU_CAR,2023,hawks|ryan
BUC_BIS,2023,greer|will
BUC_BIS,2023,ben|magovern
LOU_CAR,2023,evan|webster
BUC_BIS,2023,nikhil|patel
LOU_CAR,2023,alex|galvan
ORA_GOL,2023,hall|jakob
NIU_HUS,2023,dominic|hann
NIU_HUS,2023,draeger|jacob
ORA_GOL,2023,caleb|isaacs
NIU_HUS,2023,jake|kohanzo
ORA_GOL,2023,allman|price
ASU_RED,2023,jeans|tyler
ARK_LIO,2023,little|randy
ARK_LIO,2023,brett|kennett
ASU_RED,2023,finan|michael
ARK_LIO,2023,niemann|peyton
ASU_RED,2023,armstrong|chase
KEN_OWL,2023,nick|zegna
NEW_PRI,2023,leblanc|tyler
KEN_OWL,2023,brayden|eidson
NEW_PRI,2023,colton|mercer
KEN_OWL,2023,connor|housley
KEN_OWL,2023,nolan|silver
KEN_OWL,2023,franks|tyler
NEW_PRI,2023,cabrera|jose
NEW_PRI,2023,caleb|seroski
NEW_PRI,2023,beau|blanchard
CLE_TIG,2023,ammons|ryan
BIN_BEA,2023,babalis|thomas
BIN_BEA,2023,eskildsen|kyle
CLE_TIG,2023,hoffmann|nick
BIN_BEA,2023,snyder|tommy
CLE_TIG,2023,clayton|nick
BIN_BEA,2023,sinicki|tanner
CLE_TIG,2023,allen|joe
LIP_BIS,2023,dunkelberger|michael
NOT_IRI,2023,blake|hely
NOT_IRI,2023,findlay|jack
LIP_BIS,2023,legere|tyler
LIP_BIS,2023,alex|brewer
NOT_IRI,2023,cooper|sammy
LIP_BIS,2023,bohnert|matt
LOY_LIO,2023,barrera|diego
SAN_SPA,2023,clark|jonathan
LOY_LIO,2023,barrett|seamus
SAN_SPA,2023,jack|white
LOY_LIO,2023,david|watson
LOY_LIO,2023,galicia|jimmy
LOY_LIO,2023,chaz|mcroberts
SAN_SPA,2023,darren|jansen
APP_MOU,2023,hamilton|xander
QUN_RYL,2023,kei|yamagishi
APP_MOU,2023,caleb|cross
QUN_RYL,2023,bagwell|daniel
APP_MOU,2023,jackson|steensma
LSU_TIG,2023,paul|skenes
WMI_BRO,2023,brady|miller
WMI_BRO,2023,nolan|vlcek
WMI_BRO,2023,joe|shapiro
LSU_TIG,2023,christian|little
WMI_BRO,2023,dj|thompson
LSU_TIG,2023,bucknam|micah
STE_HAT,2023,amaral|austin
MAN_JAS,2023,hesslink|will
MAN_JAS,2023,greg|shaw
STE_HAT,2023,gonzalez|jason
STE_HAT,2023,gonzalez|jonathan
MAN_JAS,2023,doherty|ryan
STE_HAT,2023,daniel|paret
MAN_JAS,2023,benn|patrick
MER_BEA,2023,harlow|josh
WM_TRI,2023,carter|lovasz
WM_TRI,2023,michael|weidinger
MER_BEA,2023,jaxon|oneal
WM_TRI,2023,brian|craven
MER_BEA,2023,micah|takac
MER_BEA,2023,avery|stephens
MER_BEA,2023,franklin|wesley
MSU_BDG,2023,cade|smith
VIR_KEY,2023,roberto|velasquez
VIR_KEY,2023,hunter|sipe
VIR_KEY,2023,jack|thompson
MSU_BDG,2023,graham|yntema
VIR_KEY,2023,kaltreider|tyler
MSU_BDG,2023,dohm|nate
VIR_KEY,2023,alstine|marcus|van
MSU_BDG,2023,hardin|tyson
MSU_BDG,2023,forsythe|logan
WES_HIL,2023,burns|mason
DAY_FLY,2023,ryan|steinhauer
WES_HIL,2023,cole|eigenhuis
DAY_FLY,2023,anthony|hattrup
WES_HIL,2023,cj|weins
DAY_FLY,2023,nick|wissman
WES_HIL,2023,cole|heath
DAY_FLY,2023,claybourne|seth
OLE_REB,2023,elliott|hunter
DEL_BLU,2023,atiya|eli
DEL_BLU,2023,joey|silan
OLE_REB,2023,jt|quinn
OLE_REB,2023,mitch|murrell
DEL_BLU,2023,margolis|owen
OLE_REB,2023,matt|parenteau
TEX_AGG,2023,dettmer|nathan
SEA_RED,2023,chronowski|peter
TEX_AGG,2023,carson|lambert
SEA_RED,2023,blake|smith
SEA_RED,2023,hoover|mason
SEA_RED,2023,blake|leaverton
TEX_AGG,2023,dillard|matt
SEA_RED,2023,hanson|sam
WAS_COU,2023,dakota|hawkins
VIL_WIL,2023,fusco|sal
VIL_WIL,2023,stephen|turzai
WAS_COU,2023,andrew|baughn
WAS_COU,2023,connor|wilford
VIL_WIL,2023,luke|matta
CAL_HIG,2023,blake|burzell
VIL_WIL,2023,devin|rivera
CAL_HIG,2023,juline|tucker
VIL_WIL,2023,cade|udell
VIL_WIL,2023,cabot|maher
CAL_HIG,2023,frazier|tyler
ORE_DUC,2023,logan|mercado
XAV_MUS,2023,bosacker|ethan
ORE_DUC,2023,hughes|jacob
ORE_DUC,2023,anderson|austin
ORE_DUC,2023,ian|umlandt
XAV_MUS,2023,barnett|bryce
XAV_MUS,2023,clay|schwaner
ORE_DUC,2023,josh|mollerus
AUB_TIG,2023,allsup|chase
IU,2023,ben|seiler
AUB_TIG,2023,bauman|tanner
IU,2023,gabe|levy
AUB_TIG,2023,armstrong|john
IU,2023,adrian|vega
AUB_TIG,2023,cannon|will
AUS_GOV,2023,jula|peyton
ILL_RED,2023,derek|salata
AUS_GOV,2023,dan|merrill
AUS_GOV,2023,kyle|magrans
ILL_RED,2023,hibbard|jayson
AUS_GOV,2023,campbell|holt
ILL_RED,2023,erik|kubiatowicz
AUS_GOV,2023,jacob|weaver
RIC_OWL,2023,parker|smith
LOU_CAJ,2023,hammond|jake
LOU_CAJ,2023,ben|tate
LOU_CAJ,2023,dylan|theut
RIC_OWL,2023,krishna|raj
LOU_CAJ,2023,brendan|moody
TRO_TRJ,2023,brady|fuller
EVA_ACE,2023,nick|smith
TRO_TRJ,2023,gorgen|grady
EVA_ACE,2023,john|maccauley
TRO_TRJ,2023,manning|noah
EVA_ACE,2023,hall|kieren
EVA_ACE,2023,michael|parks
TRO_TRJ,2023,asbury|kristian
TRO_TRJ,2023,taiga|yamane
CIT_BUL,2023,cameron|reeves
DEL_HOR,2023,carreca|peter
DEL_HOR,2023,haddaway|jordan
DEL_HOR,2023,alex|bauer
CIT_BUL,2023,derrick|floyd|george
DEL_HOR,2023,amari|gordon
CIT_BUL,2023,bastian|will
DEL_HOR,2023,brandon|hatch
CIT_BUL,2023,jones|tyler
CIT_BUL,2023,cj|slooten|van
DEL_HOR,2023,dale|zach
VCU_RAM,2023,campbell|ellis
MTSU_BLU,2023,hamm|jaden
VCU_RAM,2023,camden|nuckols
VCU_RAM,2023,justin|walton
MTSU_BLU,2023,jalen|wirtz
MTSU_BLU,2023,justin|lee
VCU_RAM,2023,dawson|kyras
ORE_BEA,2023,sellers|trent
MEX_LOB,2023,egloff|riley
ORE_BEA,2023,ian|lawson
ORE_BEA,2023,aj|lattery
MEX_LOB,2023,brian|mcbroom
ORE_BEA,2023,boisvert|braden
ORE_BEA,2023,aiden|jimenez
ORE_BEA,2023,aj|hutcheson
SAN_GAU,2023,gutierrez|mike
MIN_GOL,2023,novotny|tucker
MIN_GOL,2023,noah|rooney
SAN_GAU,2023,benbrook|carter
MIN_GOL,2023,dauman|randon
SAN_GAU,2023,samuel|whiting
MIN_GOL,2023,hauser|joe
SAN_GAU,2023,brady|huddlestun
SAN_GAU,2023,barrett|hudson
ALA_CRI,2023,grayson|hitt
RIC_SPI,2023,brock|weirather
RIC_SPI,2023,corso|vincent
ALA_CRI,2023,holman|luke
RIC_SPI,2023,esteben|rodriguez
ALA_CRI,2023,furtado|hunter
ALA_CRI,2023,kade|woods
UCLA,2023,brooks|jake
UNO_MAV,2023,caleb|riedel
UNO_MAV,2023,alex|potter
UCLA,2023,barnett|michael
UCLA,2023,cody|delvecchio
UCLA,2023,charles|harrison
UNO_MAV,2023,kai|reum
UNO_MAV,2023,cooper|prosoki
UNO_MAV,2023,gordon|jackson
UCLA,2023,caedon|kottinger
GEO_BUL,2023,jaden|woods
JAC_GAM,2023,aj|causey
GEO_BUL,2023,charlie|goldstein
GEO_BUL,2023,greenler|kyle
JAC_GAM,2023,jake|peppers
GEO_BUL,2023,dalton|rhadans
GEO_BUL,2023,luke|wagner
GEO_BUL,2023,chandler|marsh
JAC_GAM,2023,baker|will
JAC_GAM,2023,fagerstrom|reid
NOR_TAR,2023,carlson|max
SET_PIR,2023,brennan|oneill
SET_PIR,2023,chris|shine
NOR_TAR,2023,nik|pry
NOR_TAR,2023,justin|szestowicki
SET_PIR,2023,aaron|groller
SET_PIR,2023,nick|payero
NOR_TAR,2023,eaise|kevin
NOR_TAR,2023,matthew|matthijs
NOR_TAR,2023,ben|peterson
CHA_FOR,2023,hudepohl|wyatt
BAL_CAR,2023,odonnell|trennor
BAL_CAR,2023,brown|ryan
CHA_FOR,2023,hale|sims
CHA_FOR,2023,conte|sam
CHA_FOR,2023,aubrey|gillentine
UNC_SPA,2023,hunter|shuey
NOR_HUS,2023,scotti|wyatt
UNC_SPA,2023,peyton|wineberger
NOR_HUS,2023,griffin|young
UNC_SPA,2023,caleb|cozart
UNC_SPA,2023,julien|peissel
NOR_HUS,2023,beauchesne|jack
UNC_SPA,2023,aycock|grant
NOR_HUS,2023,charlie|walker
HOU_COU,2023,cade|citelli
CAL_BEA,2023,ian|may
HOU_COU,2023,owen|woodward
HOU_COU,2023,phelps|travis
HOU_COU,2023,drezek|graysen
HOU_COU,2023,paul|schmitz
CAL_BEA,2023,becerra|christian
MIA_HUR,2023,gage|ziehl
PEN_NIT,2023,luensmann|travis
MIA_HUR,2023,ben|chestnutt
MIA_HUR,2023,alejandro|torres
PEN_NIT,2023,jordan|morales
MIA_HUR,2023,carlos|lequerica
MIA_HUR,2023,rafe|schlesinger
PEN_NIT,2023,henline|jaden
MIA_HUR,2023,braendel|gunther
PEN_NIT,2023,miller|steven
OKL_SOO,2023,davis|kale
CAL_LAN,2023,mattox|seth
CAL_LAN,2023,liam|rocha
OKL_SOO,2023,atwood|carson
OKL_SOO,2023,campbell|carter
CAL_LAN,2023,delgado|ryan
OKL_SOO,2023,aaron|calhoun
SAN_TOR,2023,james|sashin
NEB,2023,emmett|olson
SAN_TOR,2023,hyde|jack
SAN_TOR,2023,mikiah|negrete
NEB,2023,garza|michael
NEB,2023,corbin|hawkins
SAN_TOR,2023,drake|frize
SAN_TOR,2023,robinson|ryan
NEB,2023,rizzo|will
SOU_GAM,2023,sanders|will
UMASS_RIV,2023,keevan|lj
UMASS_RIV,2023,brendan|williams
SOU_GAM,2023,hicks|james
UMASS_RIV,2023,rodgers|zachary
UMASS_RIV,2023,cota|miles
SOU_GAM,2023,sweatt|wesley
UMASS_RIV,2023,bogli|shane
SOU_GAM,2023,austin|williamson
UMASS_RIV,2023,frankie|venezia
EKU_COL,2023,michael|schuler
UAB_BLA,2023,berry|blayze
EKU_COL,2023,bryce|travis
EKU_COL,2023,blanton|brock
UAB_BLA,2023,colin|daniel
UAB_BLA,2023,christian|clark
UAB_BLA,2023,john|luke|marlin
EKU_COL,2023,luke|reed
UAB_BLA,2023,jc|sewell
EKU_COL,2023,lawson|nathan
EKU_COL,2023,hall|quinton
EKU_COL,2023,anthony|vargas
UAB_BLA,2023,carson|knight
UAB_BLA,2023,jonah|smith
SAL_JAG,2023,jeremy|lee
NOR_DEM,2023,cal|carver
SAL_JAG,2023,delano|matthew
NOR_DEM,2023,chase|prestwich
NOR_DEM,2023,dawson|flowers
SAL_JAG,2023,danny|diaz
NOR_DEM,2023,andrew|cossio
SAL_JAG,2023,grant|wood
ULM_WAR,2023,barlow|cam
BRA_BRA,2023,jacob|kisting
BRA_BRA,2023,edders|noah
ULM_WAR,2023,judice|nicholas
BRA_BRA,2023,day|john
ULM_WAR,2023,derbyshire|russell
PEP_WAV,2023,samuel|scavone
BOC_EAG,2023,chris|flynn
PEP_WAV,2023,diamond|nathan
PEP_WAV,2023,bobby|christy
BOC_EAG,2023,john|west
ABI_WIL,2023,cruz|de|la|rolando
NEV_WOL,2023,doktorczyk|jason
NEV_WOL,2023,peyton|stumbo
ABI_WIL,2023,boggan|drake
NEV_WOL,2023,kmetko|kolby
ABI_WIL,2023,huffling|max
VAN_COM,2023,hunter|owen
OKL_COW,2023,brennan|phillips
OKL_COW,2023,abram|ben
VAN_COM,2023,andrew|dutkanych
OKL_COW,2023,isaac|stebens
VAN_COM,2023,ginther|ryan
VAN_COM,2023,schultz|thomas
VAN_COM,2023,maldonado|nick
MIZ_TIG,2023,ian|lohse
TEX_LON,2023,morehouse|zane
MIZ_TIG,2023,daniel|wissler
TEX_LON,2023,david|shaw
MIZ_TIG,2023,austin|troesser
TEX_LON,2023,burke|dj
MIZ_TIG,2023,maltrud|rorik
TEX_LON,2023,heston|tole
TEX_LON,2023,sam|walbridge
ARK_RAZ,2023,mcentire|will
TCU_HFG,2023,brown|cam
ARK_RAZ,2023,morris|zack
TCU_HFG,2023,klecker|kole
ARK_RAZ,2023,gage|wood
ARK_RAZ,2023,austin|ledbetter
ARK_RAZ,2023,coil|parker
ARK_RAZ,2023,carter|dylan
TCU_HFG,2023,abeldt|benjamin
ARK_RAZ,2023,fitzpatrick|sean
ARK_RAZ,2023,cooper|dossett
ARK_RAZ,2023,ben|bybee
TCU_HFG,2023,hackett|justin
CAL_MUS,2023,travis|weston
MIS_BEA,2023,brandt|thompson
CAL_MUS,2023,brooks|steven
CAL_MUS,2023,kaden|sheedy
MIS_BEA,2023,barnes|forrest
CAL_MUS,2023,carlo|lopiccolo
CAL_MUS,2023,dueck|owen
MIS_BEA,2023,tscherter|tyler
CAL_MUS,2023,garcia|holden
COL_CHA,2023,pooser|trey
VIR_TEC,2023,drue|hackenberg
VIR_TEC,2023,henry|weycker
COL_CHA,2023,drake|thames
COL_CHA,2023,dux|marcus
COL_CHA,2023,bice|emmett
COL_CHA,2023,alexander|bobby
BAY_BEA,2023,caley|cameron
CEN_MIC,2023,adam|mrakitsch
BAY_BEA,2023,blake|rogers
BAY_BEA,2023,cole|tremain
BAY_BEA,2023,danny|valadez
CEN_MIC,2023,evan|waters
BAY_BEA,2023,calder|ethan
CEN_MIC,2023,bach|jack
CEN_MIC,2023,brennan|morgan
BAY_BEA,2023,brett|garcia
LON_DIR,2023,nico|zeglin
WIC_SHO,2023,payton|tolle
LON_DIR,2023,sky|wells
WIC_SHO,2023,bye|cameron
WIC_SHO,2023,cranz|robert
LON_DIR,2023,carlos|jonathan
LON_DIR,2023,levine|will
UNC_SEA,2023,jacob|shafer
NAV_MID,2023,matthew|shirah
NAV_MID,2023,early|reece
NAV_MID,2023,beattie|jackson
UNC_SEA,2023,craig|luke
UNC_SEA,2023,mason|murdock
DIX_STE,2023,hardman|ryan
POR_PIL,2023,brink|nick
DIX_STE,2023,newman|taye
POR_PIL,2023,rembisz|ryan
DIX_STE,2023,justin|woodbury
POR_PIL,2023,carter|gaston
POR_PIL,2023,folkins|jack
DIX_STE,2023,meisner|trevor
POR_PIL,2023,dobmeier|jacob
DIX_STE,2023,dahle|jacob
POR_PIL,2023,brock|gillis
DIX_STE,2023,ben|hart
DIX_STE,2023,thomas|zach
POR_PIL,2023,curtis|herbert
DIX_STE,2023,evan|vasiliou
POR_PIL,2023,saunders|ty
DIX_STE,2023,jacob|taggart
DIX_STE,2023,blake|milne
DIX_STE,2023,jonah|marshall
LON_LAN,2023,miller|ryan
MSM_MTN,2023,luke|pryor
MSM_MTN,2023,jackson|snyder
LON_LAN,2023,dercole|dominick
MSM_MTN,2023,jason|rivera
LON_LAN,2023,brenton|fisher
MSM_MTN,2023,davis|jeffrey
ECU_PIR,2023,carter|spivey
GEO_COL,2023,koester|logan
ECU_PIR,2023,garrett|saylor
ECU_PIR,2023,root|zachary
GEO_COL,2023,connor|harris
GEO_COL,2023,foltz|michael
ECU_PIR,2023,bradt|tyler
ECU_PIR,2023,trey|yesavage
GEO_COL,2023,christopher|kahler
ECU_PIR,2023,beeker|merritt
GEO_COL,2023,pfluger|rich
GEO_COL,2023,brennan|teddy
ECU_PIR,2023,lumpkin|willie
GEO_COL,2023,huag|max
ECU_PIR,2023,erik|ritchie
ECU_PIR,2023,jaden|winter
DAL_PAT,2023,johnson|ryan
FOR_RAM,2023,benjamin|kovel
FOR_RAM,2023,nate|rusher
DAL_PAT,2023,jenkins|jerrod
FOR_RAM,2023,simeone|william
DAL_PAT,2023,conner|mackay
FOR_RAM,2023,anthony|scarlata
DAL_PAT,2023,preston|tabor
FOR_RAM,2023,brady|gannon
DAL_PAT,2023,schott|tyler
TEX_RAI,2023,mason|molina
GON_BUL,2023,deschryver|nathan
GON_BUL,2023,jack|moffitt
TEX_RAI,2023,fast|taber
GON_BUL,2023,nate|weeldreyer
TEX_RAI,2023,jase|lopez
TEX_RAI,2023,petty|zane
SOU_TRO,2023,agassi|jaden
MAR_RED,2023,brian|yetter
MAR_RED,2023,drake|quinn
MAR_RED,2023,gibbons|marko
SOU_TRO,2023,caden|connolly
MAR_RED,2023,mazza|steven
SOU_TRO,2023,jason|starrels
FLO_SEM,2023,baumeister|jackson
JMU_DUK,2023,murphy|ryan
FLO_SEM,2023,conner|whittaker
JMU_DUK,2023,mozoki|todd
JMU_DUK,2023,joe|vogatsky
NOR_WOL,2023,matt|willadsen
WAG_SEA,2023,chabot|julian
WAG_SEA,2023,bilka|ryan
NOR_WOL,2023,baker|nelson
WAG_SEA,2023,hanson|nicholas
NOR_WOL,2023,justin|lawson
DUK_BLU,2023,adam|boucher
STJ_HAW,2023,mccausland|will
DUK_BLU,2023,beilenson|charlie
STJ_HAW,2023,gallo|peter
DUK_BLU,2023,higgins|ryan
STJ_HAW,2023,cole|stetzar
DUK_BLU,2023,james|tallon
UNL_REB,2023,josh|sharman
PAC_TIG,2023,jacob|smith
PAC_TIG,2023,quinlan|sweany
PAC_TIG,2023,defelippi|michael
UNL_REB,2023,samuel|simon
PAC_TIG,2023,caden|duke
PAC_TIG,2023,mcwilliam|owen
PAC_TIG,2023,ertz|jackson
BEL_BRU,2023,andy|bean
UTM_SKY,2023,armstrong|jordan
BEL_BRU,2023,cade|granzow
UTM_SKY,2023,campbell|cleveland
BEL_BRU,2023,borders|jalen
UTM_SKY,2023,tristan|walton
BEL_BRU,2023,caleb|guisewite
BEL_BRU,2023,pryor|will
UTM_SKY,2023,choyce|diffey
GEO_EAG,2023,ben|johnson
WES_MOU,2023,blaine|traxel
GEO_EAG,2023,anthony|dimola
WES_MOU,2023,porco|robby
WES_MOU,2023,carlson|reed
WES_MOU,2023,carr|jake
GEO_EAG,2023,ross|thomas
WES_MOU,2023,gavin|kempen|van
WES_MOU,2023,maxx|yehl
GEO_EAG,2023,jay|thompson
GEO_PAN,2023,camren|landry
CIN_BEA,2023,chase|horst
GEO_PAN,2023,lommen|nick
CIN_BEA,2023,alex|shea
GEO_PAN,2023,chad|treadway
GEO_PAN,2023,acosta|rafael
GEO_PAN,2023,beaver|jake
GEO_PAN,2023,brandon|joseph
CIN_BEA,2023,brosky|dylan
CIN_BEA,2023,brenden|garula
GEO_PAN,2023,duncan|lutz
CIN_BEA,2023,segal|zach
CIN_BEA,2023,mitch|white
GIT_YEL,2023,logan|mcguire
MIA_RED,2023,maxey|zach
MIA_RED,2023,hudson|leach
GIT_YEL,2023,ben|king
GIT_YEL,2023,camron|hill
GIT_YEL,2023,jackson|vaughn
GIT_YEL,2023,joseph|mannelly
CAL_FUL,2023,hinkel|trevor
STA_CAR,2023,dowd|drew
CAL_FUL,2023,seth|tomczak
STA_CAR,2023,dixon|joey
CAL_FUL,2023,jones|peyton
CAL_FUL,2023,gavin|meyer
STA_CAR,2023,matt|scott
CAL_FUL,2023,ingrassia|jojo
STA_CAR,2023,bruno|ryan
CSU_BAK,2023,jeter|schuerman
THO_M,2023,jacob|mrosko
CSU_BAK,2023,gabe|ulloa
THO_M,2023,kevin|millar
THO_M,2023,nigut|will
THO_M,2023,bryce|leedle
CSU_BAK,2023,tally|wright
THO_M,2023,esch|evan
THO_M,2023,coborn|duke
CSU_BAK,2023,butler|davonte
CSU_BAK,2023,kyler|stancato
THO_M,2023,cano|carl
HIG_PAN,2023,brett|wozniak
BRY_BUL,2023,ken|turner
BRY_BUL,2023,levangie|liam
HIG_PAN,2023,carter|sheppard
BRY_BUL,2023,brett|wichrowski
HIG_PAN,2023,connor|smith
SOU_GOL,2023,adams|matthew
LIB_FLA,2023,moran|nick
SOU_GOL,2023,kros|sivley
LIB_FLA,2023,gainey|garrett
LIB_FLA,2023,germanowski|tyler
SAC_HOR,2023,haynes|kevin
NOR_BIS,2023,loven|max
SAC_HOR,2023,harper|wesley
SAC_HOR,2023,evan|gibbons
NOR_BIS,2023,shea|zetterman
NOR_BIS,2023,carson|jacobs
SAC_HOR,2023,jasper|nelson
SAC_HOR,2023,jack|zalasky
LOU_CAR,2023,phillips|riley
BUC_BIS,2023,chris|difiore
BUC_BIS,2023,carroll|graeme
LOU_CAR,2023,koger|will
BUC_BIS,2023,connor|vucovich
LOU_CAR,2023,campbell|kayden
BUC_BIS,2023,hadley|maxwell
LOU_CAR,2023,biven|tucker
LOU_CAR,2023,corbett|kaleb
CAM_CAM,2023,chance|daquila
RUT_SCA,2023,christian|coppola
RUT_SCA,2023,french|garrett
RUT_SCA,2023,portnoy|sam
CAM_CAM,2023,cummings|ty
RUT_SCA,2023,joe|mazza
RUT_SCA,2023,andrew|goldan
CAM_CAM,2023,ferguson|george
ORA_GOL,2023,gollert|harley
NIU_HUS,2023,jacob|wilde
NIU_HUS,2023,mason|ruh
ORA_GOL,2023,dalton|patten
NIU_HUS,2023,pederson|sam
NIU_HUS,2023,conner|lutes
ORA_GOL,2023,jacob|widener
NIU_HUS,2023,matt|salomonson
ORA_GOL,2023,cade|denton
NIU_HUS,2023,bonk|nick
NIU_HUS,2023,klawiter|reagan
ORA_GOL,2023,conner|floyd
ASU_RED,2023,draper|hunter
ARK_LIO,2023,jacob|riordan
ASU_RED,2023,arlon|butts
ARK_LIO,2023,jones|jordan
ASU_RED,2023,carmack|kyler
ARK_LIO,2023,jaxson|lucas
ASU_RED,2023,coby|greiner
ASU_RED,2023,kevin|wiseman
KEN_OWL,2023,blake|wehunt
NEW_PRI,2023,brandon|mitchell
NEW_PRI,2023,trey|usey
KEN_OWL,2023,aita|blake
NEW_PRI,2023,delorbe|ryan
KEN_OWL,2023,miller|riggins
NEW_PRI,2023,keegan|rich
NEW_PRI,2023,andrew|duran
NEW_PRI,2023,maldonado|matthew
KEN_OWL,2023,franklin|tanner
CLE_TIG,2023,austin|gordon
BIN_BEA,2023,driscoll|gabe
CLE_TIG,2023,reid|rocco
CLE_TIG,2023,jackson|lindley
BIN_BEA,2023,john|lumpinski
BIN_BEA,2023,collins|jack
CLE_TIG,2023,weiss|willie
CLE_TIG,2023,smith|tristan
LIP_BIS,2023,ethan|smith
NOT_IRI,2023,birkholz|radek
NOT_IRI,2023,aidan|tyrell
LIP_BIS,2023,logan|treeck|van
LIP_BIS,2023,ben|wilson
LIP_BIS,2023,kaleb|kantola
LIP_BIS,2023,frank|hayden
NOT_IRI,2023,bedford|matthew
LOY_LIO,2023,kirby|zach
SAN_SPA,2023,micky|thompson
LOY_LIO,2023,austin|schroeder
SAN_SPA,2023,allen|cade|van
LOY_LIO,2023,chimenti|cole
SAN_SPA,2023,corey|sanchez
SAN_SPA,2023,hansen|nathan
LOY_LIO,2023,baldo|merrick
APP_MOU,2023,bradley|wilson
QUN_RYL,2023,joseph|ruller
QUN_RYL,2023,joseph|rodriguez
APP_MOU,2023,chirico|dante
QUN_RYL,2023,brandon|dahlman
LSU_TIG,2023,cooper|riley
WMI_BRO,2023,armbrustmacher|dane
WMI_BRO,2023,berg|hayden
LSU_TIG,2023,bryce|collins
LSU_TIG,2023,ackenhausen|nathan
MER_BEA,2023,lobus|ryan
WM_TRI,2023,knowles|nathan
WM_TRI,2023,tsakounis|zach
MER_BEA,2023,garrett|sloan
WM_TRI,2023,cory|wall
MER_BEA,2023,colton|cosper
MSU_BDG,2023,hunt|kc
VIR_KEY,2023,holden|wilkerson
VIR_KEY,2023,hawley|nathan
MSU_BDG,2023,parker|stinnett
VIR_KEY,2023,evan|parmer
MSU_BDG,2023,davis|tyler
VIR_KEY,2023,inskeep|jt
MSU_BDG,2023,colby|holcombe
VIR_KEY,2023,morgan|trey
VIR_KEY,2023,riley|will
WES_HIL,2023,diuguid|lane
DAY_FLY,2023,manfredi|mark
DAY_FLY,2023,eli|majick
WES_HIL,2023,evan|jones
DAY_FLY,2023,bard|parker
DAY_FLY,2023,gatti|jj
WES_HIL,2023,bennett|jack
OLE_REB,2023,grayson|saunier
DEL_BLU,2023,nate|rolka
DEL_BLU,2023,carter|welch
OLE_REB,2023,sam|tookoian
OLE_REB,2023,jackson|kimbrell
OLE_REB,2023,dougherty|jack
DEL_BLU,2023,luke|pizzico
DEL_BLU,2023,dileo|jack
TEX_AGG,2023,troy|wansing
SEA_RED,2023,german|nestor
TEX_AGG,2023,brad|rudis
SEA_RED,2023,cameron|dayton
TEX_AGG,2023,justin|lamkin
SEA_RED,2023,alwood|luke
SEA_RED,2023,kelan|scanlan
TEX_AGG,2023,johnston|will
WAS_COU,2023,caden|kaelber
CAL_HIG,2023,barker|corbin
CAL_HIG,2023,alexander|rivas
CAL_HIG,2023,caleb|turner
CAL_HIG,2023,jack|weeks
WAS_COU,2023,cottrell|mckabe
CAL_HIG,2023,cam|tracy
WAS_COU,2023,orr|ryan
CAL_HIG,2023,cicolello|vincent
WAS_COU,2023,grant|taylor
VIL_WIL,2023,chic|degaetano
WAS_COU,2023,jones|spencer
VIL_WIL,2023,camp|zach
VIL_WIL,2023,montfort|patrick
WAS_COU,2023,elias|farland
WAS_COU,2023,chase|grillo
VIL_WIL,2023,aj|hansen
VIL_WIL,2023,graham|moore
VIL_WIL,2023,labuda|marcus
VIL_WIL,2023,jack|povey
WAS_COU,2023,gabler|jacob
ORE_DUC,2023,leo|uelman
XAV_MUS,2023,alazaus|brant
XAV_MUS,2023,bailey|connor
ORE_DUC,2023,grayson|grinsell
XAV_MUS,2023,jake|zicka
ORE_DUC,2023,grabmann|matthew
XAV_MUS,2023,justin|loer
ORE_DUC,2023,spoljaric|turner
XAV_MUS,2023,jonathan|kelly
XAV_MUS,2023,hoskins|luke
ORE_DUC,2023,dallas|matt
AUB_TIG,2023,gonzalez|joseph
IU,2023,bothwell|ty
IU,2023,brooks|ey
AUB_TIG,2023,sheehan|tommy
AUB_TIG,2023,chase|isbell
IU,2023,hayden|luke
IU,2023,cooper|hellman
AUB_TIG,2023,tommy|vail
IU,2023,burton|wes
AUS_GOV,2023,james|nick
ILL_RED,2023,chadwick|tyrelle
ILL_RED,2023,cameron|mabee
AUS_GOV,2023,crawford|devin
AUS_GOV,2023,wyatt|zach
ILL_RED,2023,borberg|ryan
AUS_GOV,2023,davin|pollard
AUS_GOV,2023,jackie|robinson
ILL_RED,2023,ryan|weaver
AUS_GOV,2023,hampu|tyler
ILL_RED,2023,harper|thomas
AUS_GOV,2023,paul|rector
RIC_OWL,2023,justin|long
LOU_CAJ,2023,blake|mcgehee
RIC_OWL,2023,mauricio|rodriguez
LOU_CAJ,2023,cooper|rawls
RIC_OWL,2023,mark|perkins
RIC_OWL,2023,ryland|urbanczyk
LOU_CAJ,2023,couch|jerry
LOU_CAJ,2023,christie|david
RIC_OWL,2023,hamilton|tyler
LOU_CAJ,2023,parrett|taylor
TRO_TRJ,2023,fruit|zach
EVA_ACE,2023,denu|tyler
TRO_TRJ,2023,fuller|keaton
EVA_ACE,2023,blunt|jarrett
TRO_TRJ,2023,janney|noah
EVA_ACE,2023,jakob|meyer
TRO_TRJ,2023,benjamin|thompson
CIT_BUL,2023,ben|hutchins
DEL_HOR,2023,nathan|vidmar
CIT_BUL,2023,holmes|will
CIT_BUL,2023,connor|cummiskey
DEL_HOR,2023,jack|messmore
DEL_HOR,2023,cj|loper
FAI_STA,2023,ostensen|peter
VCU_RAM,2023,christian|gordon
FAI_STA,2023,erbeck|jack
VCU_RAM,2023,cade|dressler
FAI_STA,2023,luke|marshall
FAI_STA,2023,bo|buckley
FAI_STA,2023,aidan|colagrande
COA_CHA,2023,jacob|morrison
MTSU_BLU,2023,eriq|swan
MTSU_BLU,2023,cothran|jacob
COA_CHA,2023,bryce|shaffer
MTSU_BLU,2023,jack|julian
MTSU_BLU,2023,caleb|peterson
ORE_BEA,2023,jacob|kmatz
MIN_GOL,2023,george|klassen
MIN_GOL,2023,connor|wietgrefe
ORE_BEA,2023,larson|rhett
MIN_GOL,2023,caden|capomaccio
ORE_BEA,2023,keljo|nelson
ORE_BEA,2023,brown|ryan
MIN_GOL,2023,clausen|seth
SAN_GAU,2023,ager|matt
MEX_LOB,2023,lively|tristin
SAN_GAU,2023,alex|schrier
MEX_LOB,2023,hudson|terrell
MEX_LOB,2023,bannister|wil
SAN_GAU,2023,nick|welch
ALA_CRI,2023,ben|hess
RIC_SPI,2023,josh|willitts
RIC_SPI,2023,jake|michel
RIC_SPI,2023,clifton|harrison
ALA_CRI,2023,quick|riley
ALA_CRI,2023,alton|davis
RIC_SPI,2023,jimmy|starnes
UCLA,2023,alonzo|tredwell
UNO_MAV,2023,bell|charlie
UNO_MAV,2023,benes|joel
UNO_MAV,2023,rans|sanders
UCLA,2023,finn|mcilroy
UNO_MAV,2023,olmstead|tanner
UCLA,2023,aldrich|chris
UCLA,2023,hahn|josh
GEO_BUL,2023,liam|sullivan
JAC_GAM,2023,jones|tanner
GEO_BUL,2023,finley|leighton
JAC_GAM,2023,camden|lovrich
JAC_GAM,2023,joshua|sibley
GEO_BUL,2023,kolten|smith
JAC_GAM,2023,austin|cornelius
GEO_BUL,2023,mercer|pace
JAC_GAM,2023,maynard|sam
NOR_TAR,2023,sandy|will
SET_PIR,2023,daniel|frontera
NOR_TAR,2023,cameron|padgett
SET_PIR,2023,reich|ryan
SET_PIR,2023,alex|nicolosi
SET_PIR,2023,ciminiello|michael
NOR_TAR,2023,matt|poston
CHA_FOR,2023,donye|evans
BAL_CAR,2023,johnson|ty
BAL_CAR,2023,knapp|tanner
CHA_FOR,2023,aj|wilson
CHA_FOR,2023,evan|michelson
BAL_CAR,2023,jacobson|will
BAL_CAR,2023,owen|quinn
CHA_FOR,2023,collin|kramer
BAL_CAR,2023,hartlaub|jacob
CHA_FOR,2023,joel|sarver
CHA_FOR,2023,paxton|thompson
BAL_CAR,2023,logan|schulfer
UNC_SPA,2023,hayden|summers
NOR_HUS,2023,eric|yost
UNC_SPA,2023,jay|miller
NOR_HUS,2023,aiven|cabral
NOR_HUS,2023,davis|nick
NOR_HUS,2023,brett|dunham
UNC_SPA,2023,luke|thomas
NOR_HUS,2023,allard|jordy
NOR_HUS,2023,harrington|patrick
MIA_HUR,2023,karson|ligon
PEN_NIT,2023,daniel|ouderkirk
PEN_NIT,2023,partridge|ryan
PEN_NIT,2023,chase|renner
PEN_NIT,2023,coffin|jacob
MIA_HUR,2023,gallo|ronaldo
PEN_NIT,2023,carson|kohls
OKL_SOO,2023,carsten|will
CAL_LAN,2023,bengard|spencer
CAL_LAN,2023,hernandez|ryan
CAL_LAN,2023,brandon|downer
OKL_SOO,2023,jett|lodes
OKL_SOO,2023,gray|harrison
OKL_SOO,2023,carson|pierce
CAL_LAN,2023,carson|olsen
SAN_TOR,2023,garrett|rennie
NEB,2023,jace|kaminska
NEB,2023,mason|ornelas
SAN_TOR,2023,aidan|gonzalez
SAN_TOR,2023,lamaison|tristan
NEB,2023,schanaman|shay
SAN_TOR,2023,austin|smith
SOU_GAM,2023,hall|noah
UMASS_RIV,2023,brian|foley
UMASS_RIV,2023,duke|hayden
UMASS_RIV,2023,michael|simes
SOU_GAM,2023,trey|wheeler
SOU_GAM,2023,chris|veach
SOU_GAM,2023,jackson|phipps
SAL_JAG,2023,conrad|gehring
EKU_COL,2023,brown|rese
SAL_JAG,2023,johnson|walker
SAL_JAG,2023,bruning|jacob
EKU_COL,2023,alderman|chase
SAL_JAG,2023,knowlton|sam
EKU_COL,2023,clancy|joe
SAL_JAG,2023,garfield|johns
EKU_COL,2023,isaac|milburn
EKU_COL,2023,ceverino|vladimir
EKU_COL,2023,faulkner|gavin
SAL_JAG,2023,willingham|zach
EKU_COL,2023,christian|jones
EKU_COL,2023,matthew|treadway
EKU_COL,2023,andrew|ginther
SAL_JAG,2023,eric|lin
SAL_JAG,2023,carter|seth
EKU_COL,2023,brandon|laux
EKU_COL,2023,logan|smothers
ULM_WAR,2023,cole|cressend
BRA_BRA,2023,lutz|travis
ULM_WAR,2023,owings|steve
ULM_WAR,2023,burrell|dalton
BRA_BRA,2023,anthony|potthoff
BRA_BRA,2023,brayden|marks
ALV_CCO,2023,gabe|pacheco
WES_OKL,2023,belz|travis
WES_OKL,2023,lopez|santiago
ALV_CCO,2023,drew|leach
WES_OKL,2023,albertsz|marshall
WES_OKL,2023,carlos|lugo
PEP_WAV,2023,kniskern|trevor
BOC_EAG,2023,hard|sean
BOC_EAG,2023,bobby|chicoine
PEP_WAV,2023,dylan|stewart
PEP_WAV,2023,gunnar|nichols
PEP_WAV,2023,chester|jack
PEP_WAV,2023,bonn|nick
BOC_EAG,2023,julian|tonghini
PEP_WAV,2023,castillo|josiah
PEP_WAV,2023,baird|jackson
BOC_EAG,2023,joey|ryan
PEP_WAV,2023,dylan|maccallum
BOC_EAG,2023,matt|nunan
BOC_EAG,2023,andrew|roman
ABI_WIL,2023,breck|eichelberger
NEV_WOL,2023,burfield|casey
ABI_WIL,2023,krkovski|luke
NEV_WOL,2023,chatham|dorsey
ABI_WIL,2023,adam|stephenson
ABI_WIL,2023,smith|zach
TEX_LON,2023,sthele|travis
VAN_COM,2023,devin|futrell
TEX_LON,2023,charlie|hurley
TEX_LON,2023,george|pierce
VAN_COM,2023,bryce|cunningham
TEX_LON,2023,chase|lummus
OKL_COW,2023,bayden|root
ARK_RAZ,2023,hollan|hunter
OKL_COW,2023,davis|gabe
OKL_COW,2023,kade|shatwell
TCU_HFG,2023,sam|stoutenborough
MIZ_TIG,2023,javyn|pimental
MIZ_TIG,2023,carter|rustad
TCU_HFG,2023,chase|hoover
MIZ_TIG,2023,horn|sam
TCU_HFG,2023,cohen|feser
TCU_HFG,2023,garrett|wright
TCU_HFG,2023,mason|speaker
CAL_MUS,2023,baum|ryan
MIS_BEA,2023,hayden|minton
MIS_BEA,2023,trey|ziegenbein
MIS_BEA,2023,lambert|ryan
CAL_MUS,2023,kyle|scott
COL_CHA,2023,aidan|hunter
VIR_TEC,2023,anthony|arguelles
COL_CHA,2023,cole|mathis
VIR_TEC,2023,grant|umberger
COL_CHA,2023,campbell|connor
COL_CHA,2023,brink|jake
VIR_TEC,2023,griffin|stieg
COL_CHA,2023,devries|seth
BAY_BEA,2023,marriott|mason
CEN_MIC,2023,batka|keegan
BAY_BEA,2023,andrew|petrowski
CEN_MIC,2023,insco|ryan
LON_DIR,2023,myles|patton
WIC_SHO,2023,adler|grant
LON_DIR,2023,jake|rons
LON_DIR,2023,cherry|grant
LON_DIR,2023,morris|nathen
LON_DIR,2023,dalton|ponce
WIC_SHO,2023,nate|snead
LON_DIR,2023,kellan|montgomery
UNC_SEA,2023,taylor|zane
VIR_CAV,2023,jack|oconnor
UNC_SEA,2023,case|stroup
VIR_CAV,2023,berry|jake
VIR_CAV,2023,jay|woolfolk
DIX_STE,2023,ben|clark
POR_PIL,2023,allegro|peter
DIX_STE,2023,dakoda|west
POR_PIL,2023,kj|ruffo
ECU_PIR,2023,grosz|josh
GEO_COL,2023,austin|odell
GEO_COL,2023,chris|knight
ECU_PIR,2023,beal|danny
GEO_COL,2023,benny|wilson
ECU_PIR,2023,jordan|little
ECU_PIR,2023,lunsfordshenkman|wyatt
GEO_COL,2023,brayden|kurtz
GEO_COL,2023,crochet|reese
ECU_PIR,2023,hunter|jake
DAL_PAT,2023,bryson|hammer
FOR_RAM,2023,hughes|nolan
FOR_RAM,2023,austin|sachen
FOR_RAM,2023,nate|scott
DAL_PAT,2023,cole|reeves
FOR_RAM,2023,connor|haywood
DAL_PAT,2023,amendt|kyle
SOU_TRO,2023,eric|hammond
MAR_RED,2023,hacker|john
SOU_TRO,2023,blake|sodersten
MAR_RED,2023,aj|thomas
SOU_TRO,2023,blum|josh
FLO_SEM,2023,arnold|jamie
JMU_DUK,2023,tr|williams
FLO_SEM,2023,doug|kirkland
JMU_DUK,2023,culkin|sean
JMU_DUK,2023,kevin|scully
JMU_DUK,2023,michael|stewart
JMU_DUK,2023,muscar|tyler
FLO_SEM,2023,denison|ryan
JMU_DUK,2023,cook|ryan
FLO_SEM,2023,barfield|brett
FLO_SEM,2023,brandon|walker
NOR_WOL,2023,dominic|fritton
WAG_SEA,2023,frankie|wright
WAG_SEA,2023,connor|hayden
WAG_SEA,2023,castillo|del|ruben
WAG_SEA,2023,saxenmeyer|will
WAG_SEA,2023,john|lapointe
NOR_WOL,2023,carson|kelly
WAG_SEA,2023,alec|burnett
WAG_SEA,2023,andrew|rucci
WAG_SEA,2023,myles|ryan
NOR_WOL,2023,andrew|shaffner
DUK_BLU,2023,alex|gow
STJ_HAW,2023,david|owsik
DUK_BLU,2023,aaron|beasley
DUK_BLU,2023,jason|white
DUK_BLU,2023,andrew|healy
DUK_BLU,2023,jimmy|romano
DUK_BLU,2023,fran|oschell
STJ_HAW,2023,alec|rodriguez
STJ_HAW,2023,gabrysh|luke
DUK_BLU,2023,aidan|weaver
UNL_REB,2023,acosta|joey
PAC_TIG,2023,jake|tandy
PAC_TIG,2023,cooper|lanz
PAC_TIG,2023,stout|tyler
UNL_REB,2023,hanson|jordan
UNL_REB,2023,lueck|reese
UNL_REB,2023,jake|khasaempanth
UNL_REB,2023,jack|sellinger
BEL_BRU,2023,jordan|zuger
UTM_SKY,2023,eric|steensma
UTM_SKY,2023,baylor|jones
BEL_BRU,2023,jett|thielke
UTM_SKY,2023,wager|zach
UTM_SKY,2023,cochran|cooper
BEL_BRU,2023,baratta|dominic
UTM_SKY,2023,petry|seth
BEL_BRU,2023,jake|timbes
BEL_BRU,2023,ethan|harden
UTM_SKY,2023,reed|tucker
UTM_SKY,2023,colin|millar
GEO_EAG,2023,harris|zach
WES_MOU,2023,grant|siegel
GEO_EAG,2023,britts|troy
GEO_EAG,2023,jonah|milchuck
GEO_EAG,2023,ben|stuart
WES_MOU,2023,david|hagaman
GEO_EAG,2023,martin|tyler
WES_MOU,2023,noah|short
GEO_EAG,2023,robbins|will
WES_MOU,2023,aidan|major
GEO_EAG,2023,brady|pendley
GEO_EAG,2023,brett|zerbel
WES_MOU,2023,allen|keegan
GEO_PAN,2023,mason|patel
CIN_BEA,2023,chase|hopewell
CIN_BEA,2023,oconnor|tommy
GEO_PAN,2023,brooks|gorman
GIT_YEL,2023,finley|jackson
MIA_RED,2023,connor|oliver
MIA_RED,2023,costa|sirounis
GIT_YEL,2023,josiah|siegel
MIA_RED,2023,byers|carson
MIA_RED,2023,byers|carson
MIA_RED,2023,connor|preisel
CAL_FUL,2023,evan|yates
STA_CAR,2023,dugan|nick
STA_CAR,2023,ty|uber
CAL_FUL,2023,blood|jason
STA_CAR,2023,oharran|toran
CAL_FUL,2023,andrew|morones
CAL_FUL,2023,faulks|ryan
STA_CAR,2023,braden|montgomery
CAL_FUL,2023,carter|herrera
CAL_FUL,2023,howitt|josh
CSU_BAK,2023,comnos|matt
THO_M,2023,retz|walker
THO_M,2023,marsh|owen
THO_M,2023,kemp|nolan
THO_M,2023,max|skilbeck
CSU_BAK,2023,nick|silva
CSU_BAK,2023,barron|brock
THO_M,2023,huhn|tucker
HIG_PAN,2023,gus|hughes
BRY_BUL,2023,frasier|logan
BRY_BUL,2023,michael|morrissey|mt
BRY_BUL,2023,jackson|vanesko
BRY_BUL,2023,tornberg|tyler
HIG_PAN,2023,merritt|teddy
BRY_BUL,2023,scheidt|toby
SOU_GOL,2023,mazza|niko
LIB_FLA,2023,mikey|tepper
LIB_FLA,2023,cole|garrett
LIB_FLA,2023,cooper|trey
SOU_GOL,2023,billy|oldham
LIB_FLA,2023,carter|trey
SOU_GOL,2023,jb|middleton
LIB_FLA,2023,butler|ryan
SAC_HOR,2023,lucchesi|noah
NOR_BIS,2023,roehrich|tristen
NOR_BIS,2023,ligtenberg|reese
SAC_HOR,2023,cooper|rons
NOR_BIS,2023,danielson|joey
SAC_HOR,2023,richards|xavier
NOR_BIS,2023,parker|puetz
SAC_HOR,2023,stewert|tyler
NOR_BIS,2023,johnson|nolan
NOR_BIS,2023,riedinger|skyler
SAC_HOR,2023,isaiah|parker
SAC_HOR,2023,conor|hourigan
NOR_BIS,2023,hopke|kale
LOU_CAR,2023,carson|liggett
BUC_BIS,2023,oneill|tyler
BUC_BIS,2023,mulvey|nick
LOU_CAR,2023,farone|greg
BUC_BIS,2023,farynick|theo
BUC_BIS,2023,osinski|ryan
LOU_CAR,2023,benjamin|wiegman
CAM_CAM,2023,boxrucker|cade
RUT_SCA,2023,jacob|marshall
CAM_CAM,2023,day|ernie
RUT_SCA,2023,besser|grant
CAM_CAM,2023,cameron|obrien
RUT_SCA,2023,ben|gorski
RUT_SCA,2023,bello|sam
CAM_CAM,2023,brown|peyton
CAM_CAM,2023,jacob|murray
ORA_GOL,2023,brooks|fowler
NIU_HUS,2023,brandon|mcpherson
NIU_HUS,2023,dj|hess
ORA_GOL,2023,andrew|roach
ORA_GOL,2023,reed|ronan
ORA_GOL,2023,evan|kowalski
NIU_HUS,2023,caleb|pittman
NIU_HUS,2023,brandon|doty
ASU_RED,2023,austin|kapela
ARK_LIO,2023,brandon|little
ARK_LIO,2023,frank|perez
ASU_RED,2023,austin|brock
ASU_RED,2023,algee|jake
ASU_RED,2023,aaron|evers
ARK_LIO,2023,bargsley|brannon
ASU_RED,2023,charlton|max
ASU_RED,2023,bryce|schares
ASU_RED,2023,conover|jacob
ASU_RED,2023,frederick|jakob
KEN_OWL,2023,braden|osbolt
NEW_PRI,2023,collin|horton
NEW_PRI,2023,daniel|nolan
KEN_OWL,2023,pinson|smith
NEW_PRI,2023,benton|davis
KEN_OWL,2023,brenden|parks
CLE_TIG,2023,dill|jay
BIN_BEA,2023,bryggman|ryan
BIN_BEA,2023,justin|rosner
CLE_TIG,2023,casey|tallent
BIN_BEA,2023,daniel|mcaliney
BIN_BEA,2023,andrew|fingleton
CLE_TIG,2023,garris|reed
LIP_BIS,2023,braydon|tucker
NOT_IRI,2023,dennies|jackson
NOT_IRI,2023,mercer|will
NOT_IRI,2023,bosch|carter
LIP_BIS,2023,noah|thompson
NOT_IRI,2023,fox|rory
NOT_IRI,2023,david|lally
LIP_BIS,2023,collin|witzke
LOY_LIO,2023,michael|nunez
SAN_SPA,2023,aaron|eden
LOY_LIO,2023,mullan|ryan
LOY_LIO,2023,clark|cole
LOY_LIO,2023,hurd|logan
LOY_LIO,2023,chase|david
SAN_SPA,2023,chase|keaton
APP_MOU,2023,ryan|sleeper
QUN_RYL,2023,jeffery|maidhof
APP_MOU,2023,lewis|zach
QUN_RYL,2023,kelly|zach
APP_MOU,2023,eli|ellington
APP_MOU,2023,trey|tujetsch
QUN_RYL,2023,bennett|isaiah
QUN_RYL,2023,marshall|pile
APP_MOU,2023,brooks|skylar
QUN_RYL,2023,justin|offschanka
APP_MOU,2023,beaty|jake
LSU_TIG,2023,chase|shores
WMI_BRO,2023,ethan|houghtaling
LSU_TIG,2023,dutton|samuel
LSU_TIG,2023,floyd|ty
WMI_BRO,2023,luke|thelen
WMI_BRO,2023,crandell|nick
WMI_BRO,2023,drew|szczepaniak
WMI_BRO,2023,ryan|watt
LSU_TIG,2023,blake|money
WMI_BRO,2023,gernon|jacob
STE_HAT,2023,dylan|jacobs
MAN_JAS,2023,darien|rorabeck
STE_HAT,2023,cole|stallings
MAN_JAS,2023,oliver|pudvar
STE_HAT,2023,gorelick|jake
MAN_JAS,2023,connor|oneill
STE_HAT,2023,durgin|nick
MER_BEA,2023,farmer|josh
WM_TRI,2023,mayer|tom
WM_TRI,2023,owen|pierce
WM_TRI,2023,prarie|rojo
MER_BEA,2023,holton|mcgaha
WM_TRI,2023,kyle|locklear
WM_TRI,2023,howat|matt
MSU_BDG,2023,gartman|landon
VIR_KEY,2023,lopez|will
VIR_KEY,2023,barker|ty
VIR_KEY,2023,light|nathan
MSU_BDG,2023,cijntje|jurrangelo
VIR_KEY,2023,caden|plummer
MSU_BDG,2023,bradley|loftin
VIR_KEY,2023,hunter|sipe
VIR_KEY,2023,alex|larou
MSU_BDG,2023,aaron|nixon
WES_HIL,2023,devyn|terbrak
DAY_FLY,2023,packard|ryan
DAY_FLY,2023,espelin|nate
WES_HIL,2023,dawson|hall
WES_HIL,2023,cameron|tullar
DAY_FLY,2023,andrew|zapka
WES_HIL,2023,dalton|mesaris
OLE_REB,2023,rivas|xavier
DEL_BLU,2023,chris|grome
DEL_BLU,2023,strechay|tyler
OLE_REB,2023,henninger|tommy
OLE_REB,2023,jordan|vera
DEL_BLU,2023,christian|colmery
TEX_AGG,2023,christopher|cortez
SEA_RED,2023,hogan|kian
SEA_RED,2023,alberghini|kaden
TEX_AGG,2023,sdao|shane
SEA_RED,2023,kohl|petersen
TEX_AGG,2023,hogan|robert
WAS_COU,2023,shane|spencer
CAL_HIG,2023,eric|marrujo
WAS_COU,2023,brotherton|duke
CAL_HIG,2023,gebb|jake
CAL_HIG,2023,alfredo|capacete
CAL_HIG,2023,barrios|cruz
ORE_DUC,2023,jackson|pace
XAV_MUS,2023,boyle|nick
XAV_MUS,2023,bell|luke
ORE_DUC,2023,logan|olson
ORE_DUC,2023,dylan|mcshane
AUB_TIG,2023,drew|nelson
AUB_TIG,2023,christian|herberholz
IU,2023,luke|sinnard
AUB_TIG,2023,carlson|parker
AUB_TIG,2023,crotchfelt|zach
IU,2023,kraft|ryan
AUB_TIG,2023,hayden|murphy
AUB_TIG,2023,olson|ryan
AUB_TIG,2023,horne|trevor
IU,2023,manase|seti
AUS_GOV,2023,lyle|millergreen
ILL_RED,2023,sean|sinisko
ILL_RED,2023,hart|jared
ILL_RED,2023,dale|elijah
RIC_OWL,2023,jd|mccracken
LOU_CAJ,2023,jackson|nezuh
RIC_OWL,2023,garret|zaskoda
RIC_OWL,2023,linskey|matthew
LOU_CAJ,2023,blake|marshall
LOU_CAJ,2023,carson|fluno
LOU_CAJ,2023,ray|tommy
RIC_OWL,2023,tom|vincent
RIC_OWL,2023,cienfuegos|cristian
LOU_CAJ,2023,hill|sam
LOU_CAJ,2023,cash|steven
RIC_OWL,2023,blake|brogdon
TRO_TRJ,2023,grayson|stewart
EVA_ACE,2023,donovan|schultz
EVA_ACE,2023,harris|shane
EVA_ACE,2023,hansmann|max
TRO_TRJ,2023,logan|ross
EVA_ACE,2023,hardman|nate
TRO_TRJ,2023,matthew|mercer
CIT_BUL,2023,fisher|paulsen
DEL_HOR,2023,evan|harris
CIT_BUL,2023,samuel|swygert
DEL_HOR,2023,bouldin|evan
CIT_BUL,2023,gant|starling
MTSU_BLU,2023,kota|sato
FAI_STA,2023,colin|mcveigh
MTSU_BLU,2023,james|sells
FAI_STA,2023,jake|memoli
FAI_STA,2023,kell|kevin
FAI_STA,2023,billy|fitzgerald
FAI_STA,2023,grant|smeltzer
MTSU_BLU,2023,cole|torbett
MTSU_BLU,2023,johnson|patrick
FAI_STA,2023,ryan|smith
FAI_STA,2023,emmett|tolis
COA_CHA,2023,alex|edmondson
VCU_RAM,2023,delane|mason
COA_CHA,2023,smith|will
COA_CHA,2023,huesman|levi
VCU_RAM,2023,peters|zachary
COA_CHA,2023,darin|horn
COA_CHA,2023,billings|jack
COA_CHA,2023,sharkey|teddy
VCU_RAM,2023,goleski|jack
VCU_RAM,2023,brendan|erka
ORE_BEA,2023,hunter|jaren
MEX_LOB,2023,gallegos|isaac
MEX_LOB,2023,bakerlivingston|benjamin
MEX_LOB,2023,brett|russell
ORE_BEA,2023,quinn|victor
ORE_BEA,2023,mejia|tyler
MEX_LOB,2023,jordan|martinez
MEX_LOB,2023,flores|junior
MEX_LOB,2023,adolfo|iturralde
MIN_GOL,2023,malec|sam
SAN_GAU,2023,moring|reed
SAN_GAU,2023,michael|rice
SAN_GAU,2023,callahan|jd
SAN_GAU,2023,decooman|jed
MIN_GOL,2023,gurka|michael
SAN_GAU,2023,decooman|jed
SAN_GAU,2023,camarillo|frank
ALA_CRI,2023,jacob|mcnairy
RIC_SPI,2023,argomaniz|brenden
RIC_SPI,2023,kyle|subers
ALA_CRI,2023,blatter|brock
RIC_SPI,2023,brian|reinke
RIC_SPI,2023,sammy|senders
ALA_CRI,2023,probst|zane
UCLA,2023,austin|kelly
UNO_MAV,2023,preston|tenney
UNO_MAV,2023,gainer|luke
UCLA,2023,ben|jacobs
UCLA,2023,jake|saum
UNO_MAV,2023,sellers|wyatt
UCLA,2023,jewett|luke
GEO_BUL,2023,blake|gillespie
JAC_GAM,2023,eli|zielinski
JAC_GAM,2023,fortner|trey
GEO_BUL,2023,crisp|nolan
JAC_GAM,2023,garrett|telaga
NOR_TAR,2023,bovair|connor
SET_PIR,2023,downing|john
SET_PIR,2023,cole|hansen
NOR_TAR,2023,dalton|pence
SET_PIR,2023,dirado|dom
SET_PIR,2023,allmer|jay
SET_PIR,2023,cinnella|joe
CHA_FOR,2023,langhorne|miles
CHA_FOR,2023,clark|dearman
BAL_CAR,2023,ty|weatherly
BAL_CAR,2023,jalen|martinez
BAL_CAR,2023,bevis|blake
CHA_FOR,2023,cameron|hansen
BAL_CAR,2023,graham|kelham
CHA_FOR,2023,breven|yarbro
UNC_SPA,2023,ready|rob
NOR_HUS,2023,downing|matt
NOR_HUS,2023,gigliotti|jake
UNC_SPA,2023,jake|wolf
UNC_SPA,2023,kemp|matt
MIA_HUR,2023,alejandro|rosario
PEN_NIT,2023,molsky|tommy
MIA_HUR,2023,chris|scinta
MIA_HUR,2023,brian|walters
MIA_HUR,2023,andrew|walters
OKL_SOO,2023,braxton|douthit
CAL_LAN,2023,hemmerling|nathan
CAL_LAN,2023,andrew|necochea
CAL_LAN,2023,jacob|wilson
OKL_SOO,2023,aaron|weber
SAN_TOR,2023,ivran|romero
NEB,2023,caleb|clark
SAN_TOR,2023,chase|minor
SAN_TOR,2023,goodcase|jd
NEB,2023,brett|sears
NEB,2023,kyle|perry
SAN_TOR,2023,michael|peter
NEB,2023,jalen|worthley
SOU_GAM,2023,jack|mahoney
UMASS_RIV,2023,draper|matthew
UMASS_RIV,2023,jacob|jette
SOU_GAM,2023,austin|cade
UMASS_RIV,2023,dirito|nick
SOU_GAM,2023,nick|proctor
SOU_GAM,2023,dylan|eskew
NOR_DEM,2023,brown|drayton
EKU_COL,2023,rian|yates
NOR_DEM,2023,corbin|talley
EKU_COL,2023,cameron|kalandros
NOR_DEM,2023,bryan|tyler
SAL_JAG,2023,boyd|jackson
UAB_BLA,2023,brooks|walton
SAL_JAG,2023,harlan|zach
SAL_JAG,2023,logan|wash
UAB_BLA,2023,haines|tyler
UAB_BLA,2023,braxton|shelton
UAB_BLA,2023,isaac|warrick
UAB_BLA,2023,chase|ingram
ULM_WAR,2023,chipper|menard
BRA_BRA,2023,dalton|mall
BRA_BRA,2023,catton|taylor
BRA_BRA,2023,flack|josh
BRA_BRA,2023,connor|langrell
ULM_WAR,2023,shaw|zachary
ULM_WAR,2023,justin|robinson
BRA_BRA,2023,easton|harris
ABI_WIL,2023,austin|glaze
NEV_WOL,2023,beisterfeld|jake
NEV_WOL,2023,easton|marks
NEV_WOL,2023,alejandro|murillo
ABI_WIL,2023,brooks|gay
NEV_WOL,2023,michael|sarhaat
ABI_WIL,2023,gibson|holt
ABI_WIL,2023,blaine|palmer
TEX_RAI,2023,parish|trendan
GON_BUL,2023,buckner|ty
TEX_RAI,2023,beckel|brandon
GON_BUL,2023,graham|payton
TEX_RAI,2023,crowley|garrett
GON_BUL,2023,francis|kai
GON_BUL,2023,cade|mcgee
TEX_RAI,2023,bravo|damian
MEX_LOB,2023,jackson|jaren
MIN_GOL,2023,holetz|richie
MEX_LOB,2023,justin|still
MIN_GOL,2023,hokenson|kristofer
SAN_GAU,2023,bremner|tyler
SAN_GAU,2023,clayton|hall
AIR_FOR,2023,kyle|moats
OKL_SOO,2023,carson|turnquist
OKL_SOO,2023,hachem|julian
OKL_SOO,2023,adam|walker
AIR_FOR,2023,benge|duke
AIR_FOR,2023,peters|zachary
SAN_TOR,2023,lunceford|morgan
NEB,2023,brockett|jackson
NEB,2023,christo|drew
NEB,2023,austin|berggren
NEB,2023,bunz|jake
NEB,2023,walsh|will
SAN_TOR,2023,bunnell|jack
NEB,2023,novotny|sam
GRA_TIG,2023,boudreaux|jacorey
GRA_TIG,2023,bates|ethan
GRA_TIG,2023,bershell|kendrick
GRA_TIG,2023,javier|martinez
BAY_BEA,2023,andrade|kobe
HBU_HUS,2023,jonathan|valdez
BAY_BEA,2023,jared|matheson
HBU_HUS,2023,ripoll|will
BAY_BEA,2023,adam|muirhead
HBU_HUS,2023,nolan|wilson
HBU_HUS,2023,cash|mcnicholas
HBU_HUS,2023,ewald|tim
HBU_HUS,2023,daniel|farrow
BAY_BEA,2023,anderson|needham
LON_LAN,2023,dylan|saale
LON_LAN,2023,hickmon|loy
VIR_CAV,2023,jaxel|kevin
LON_LAN,2023,aidan|vanvickle
VIR_CAV,2023,cullen|mckay
LON_LAN,2023,dallas|hairfield
VIR_CAV,2023,angelo|tonas
VIR_CAV,2023,buchanan|matthew
VIR_CAV,2023,alex|greene
SOU_TRO,2023,aoki|caden
CAL_ANT,2023,andre|antone
SOU_TRO,2023,fisher|johnson
CAL_ANT,2023,nick|rincover
CAL_ANT,2023,elliot|joslin
CAL_ANT,2023,finnegan|wall
CAL_ANT,2023,martin|max
BEL_BRU,2023,joseph|ruzicka
WES_HIL,2023,nic|schutte
BEL_BRU,2023,dalton|wasson
WES_HIL,2023,cal|higgins
GEO_EAG,2023,jaylen|paden
GEO_EAG,2023,gross|mitchell
GIT_YEL,2023,carwile|cody
TUL_GRE,2023,jonah|wachter
TUL_GRE,2023,brian|valigosky
TUL_GRE,2023,lane|thomas
TUL_GRE,2023,cleavinger|grant
TUL_GRE,2023,gavin|smith
TUL_GRE,2023,fowler|michael
TUL_GRE,2023,blake|mahmood
HIG_PAN,2023,david|keith
APP_MOU,2023,collin|welch
HIG_PAN,2023,howell|polk
HIG_PAN,2023,braden|halladay
HIG_PAN,2023,dalton|williams
HIG_PAN,2023,cj|neese
HIG_PAN,2023,reid|viar
APP_MOU,2023,grey|laspaluto
NEW_PRI,2023,connor|handy
SOU_GOL,2023,isaiah|rhodes
NEW_PRI,2023,canaan|clayton
SOU_GOL,2023,allen|colby
NEW_PRI,2023,hoffpauir|zeph
SOU_GOL,2023,luke|trahan
NEW_PRI,2023,jacob|mead
SOU_GOL,2023,monistere|nick
CAM_CAM,2023,hunter|loyd
ECU_PIR,2023,charlie|hodges
CAM_CAM,2023,aaron|rund
CLE_TIG,2023,darden|ethan
CLE_TIG,2023,olenchuck|ty
CLE_TIG,2023,bailey|bj
CHA_FOR,2023,christian|lothes
CAL_BEA,2023,joe|williams
CAL_BEA,2023,austin|turkington
CAL_BEA,2023,colwell|daniel
TEN_VOL,2023,fanning|hollis
ALA_ANM,2023,roman|sorrell
TEN_VOL,2023,fitzgibbons|jake
TEN_VOL,2023,aj|russell
ALA_ANM,2023,gabe|nicholson
ALA_ANM,2023,jason|marono
TEN_VOL,2023,bimbi|jacob
ALA_ANM,2023,kobe|stokes
SIU_SES,2023,gavin|morris
LIP_BIS,2023,joey|mitchell
SIU_SES,2023,kiesel|will
SIU_SES,2023,adam|weihe
LIP_BIS,2023,chandler|giles
SIU_SES,2023,blake|ciuffetelli
SIU_SES,2023,hendrixson|shea
SIU_SES,2023,carter|stamm
SIU_SES,2023,mason|sweeney
LIP_BIS,2023,evan|harmon
SIU_SES,2023,anderson|cory
LSU_TIG,2023,hurd|thatcher
SOU_JAG,2023,antoine|harris
SOU_JAG,2023,grace|ranard
SOU_JAG,2023,luckett|nicholas
LSU_TIG,2023,griffin|herring
SOU_JAG,2023,kyles|perry
LSU_TIG,2023,edwards|garrett
ULM_WAR,2023,hollis|huff
ULM_WAR,2023,carson|orton
MSU_BDG,2023,evan|siary
MSU_BDG,2023,brock|tapper
OKL_COW,2023,janzen|keisel
OLE_REB,2023,brayden|jones
OLE_REB,2023,cole|ketchum
OLE_REB,2023,cole|tolbert
OLE_REB,2023,mason|nichols
TEX_AGG,2023,tucker|wyatt
LAM_CAR,2023,quinn|waterhouse
TEX_AGG,2023,sexton|ty
LAM_CAR,2023,landon|odom
LAM_CAR,2023,foster|kreuzer
LAM_CAR,2023,kole|tauzin
LAM_CAR,2023,cole|daniel
LAM_CAR,2023,cleveland|jackson
WM_TRI,2023,lottchea|nicholas
RIC_SPI,2023,chase|topolski
RIC_SPI,2023,jake|topolski
MTSU_BLU,2023,beranek|bryant
SOU_RED,2023,bryce|grossius
SOU_RED,2023,anthony|klein
SOU_RED,2023,fischer|rausch
SOU_RED,2023,lawrence|payton
SOU_RED,2023,kyle|miller
SOU_RED,2023,esteban|hernandez
ALA_HOR,2023,del|marcos|valle
ALA_HOR,2023,ricardo|rivera
TRO_TRJ,2023,szabo|zak
ALA_HOR,2023,austin|king
ALA_HOR,2023,luis|rodriguez
ALA_HOR,2023,ali|lapread
TRO_TRJ,2023,pettys|ryan
ALA_HOR,2023,kyler|mcintosh
CHA_BUC,2023,hill|kaleb
CIT_BUL,2023,bland|yates
CHA_BUC,2023,daniel|padysak
CIT_BUL,2023,ethan|fewell
CIT_BUL,2023,chase|cooper
SAM_BUL,2023,holifield|jake
SAM_BUL,2023,jacob|newman
SAM_BUL,2023,sanders|trey
SAM_BUL,2023,dominic|ganley
SAM_BUL,2023,ben|petschke
SAM_BUL,2023,alex|gaeto
SAM_BUL,2023,timothy|watkins
SAM_BUL,2023,carson|hobbs
TEN_TEC,2023,gelorme|matt
TEN_TEC,2023,tyler|zarella
TEN_TEC,2023,beasley|josh
ALA_CRI,2023,jake|leger
TEN_TEC,2023,delic|elvin
TEN_TEC,2023,daniel|walter
ALA_CRI,2023,banks|hagan
TEN_TEC,2023,colt|taylor
ALA_CRI,2023,braylon|myers
TEN_TEC,2023,maccauley|parker
TEN_TEC,2023,jaxson|pease
TEX_ISL,2023,garcia|zach
TEX_ISL,2023,colin|purcell
TEX_ISL,2023,gutierrez|marco
TEX_ISL,2023,evan|hendricks
TEX_ISL,2023,nash|villegas
UCLA,2023,leibold|nate
KEN_WIL,2023,smith|travis
KEN_WIL,2023,giles|ryder
KEN_WIL,2023,hise|zach
KEN_WIL,2023,mason|moore
NOR_TAR,2023,kyle|percival
RAD_HIG,2023,foster|seitz
RAD_HIG,2023,higgerson|landon
RAD_HIG,2023,calveric|luke
RAD_HIG,2023,burton|tyler
NOR_TAR,2023,berkwich|nelson
NOR_TAR,2023,simmons|will
RAD_HIG,2023,clatterbaugh|clay
RAD_HIG,2023,mallia|zachary
WAK_DEA,2023,mascolo|reed
UNC_SPA,2023,buck|wesley
WAK_DEA,2023,crum|derek
WAK_DEA,2023,ariola|joseph
UNC_SPA,2023,rouse|ryan
WAK_DEA,2023,chase|walter
WAK_DEA,2023,ray|william
STE_HAT,2023,guzzi|nick
STE_HAT,2023,jonathan|velazquez
STE_HAT,2023,jack|owens
MIA_HUR,2023,perez|sebastian
SOU_GAM,2023,eli|jerzembeck
WIN_EAG,2023,brody|hopkins
WIN_EAG,2023,parker|whittle
SOU_GAM,2023,eli|jones
WIN_EAG,2023,kruglewicz|parker
WIN_EAG,2023,caleb|jones
WIN_EAG,2023,dalton|mims
WIN_EAG,2023,aaron|white
SOU_GAM,2023,zach|zedalis
VAN_COM,2023,patrick|reilly
CEN_BEA,2023,payton|windham
CEN_BEA,2023,coleman|macrae
CEN_BEA,2023,gregson|trent
VIR_TEC,2023,higgins|kiernan
ETS_BUC,2023,landon|smiddy
ETS_BUC,2023,colby|stuart
VIR_TEC,2023,matthew|siverling
ETS_BUC,2023,hickman|nathan
VIR_TEC,2023,andrew|setlinger
VIR_TEC,2023,hurney|jonah
ETS_BUC,2023,bigelow|leif
VIR_TEC,2023,brady|kirtner
ETS_BUC,2023,hanselman|trevor
VIR_TEC,2023,dean|tyler
LIB_FLA,2023,david|erickson
DUK_BLU,2023,bosleysmith|collin
LIB_FLA,2023,hudson|todd
LOU_CAR,2023,justin|west
LOU_CAR,2023,grundy|kade
XAV_MUS,2023,creighton|hansen
ORA_GOL,2023,caravalho|joshua
TEN_VOL,2023,sechrist|zander
ALA_ANM,2023,anthony|mateo
ALA_ANM,2023,brett|parker
TEN_VOL,2023,aaron|combs
ALA_ANM,2023,campbell|tyler
TEN_VOL,2023,garcia|jj
ALA_ANM,2023,sales|terence
ALA_ANM,2023,dustin|hernandez
ALA_ANM,2023,garcia|jason
TEN_VOL,2023,bryce|jenkins
TEN_VOL,2023,joyce|zach
BYU_COU,2023,benjamin|hansen
BYU_COU,2023,beck|sam
BYU_COU,2023,jake|porter
ULM_WAR,2023,brandt|corley
ULM_WAR,2023,max|mrakovcic
ULM_WAR,2023,shaw|zachary
ULM_WAR,2023,henry|shuffler
MSU_BDG,2023,colby|holcombe
ULM_WAR,2023,roberts|tanner
MSU_BDG,2023,gibbs|will
ULM_WAR,2023,adam|tubbs
OLD_MON,2023,kyle|scrape
OLD_MON,2023,steven|trone
OLD_MON,2023,bailey|matela
OLD_MON,2023,cole|ron
OLD_MON,2023,cook|robert
SAM_BEA,2023,marshall|wales
SAM_BEA,2023,rome|shubert
SAM_BEA,2023,braden|davis
SAM_BEA,2023,driskell|jack
SAM_BEA,2023,alex|magers
COA_CHA,2023,eikhoff|riley
NOR_WOL,2023,labriola|paul
COA_CHA,2023,colin|yablonski
NOR_WOL,2023,highfill|sam
COA_CHA,2023,davis|tyndall
COA_CHA,2023,joshua|mccusker
COA_CHA,2023,john|kelly
NOR_WOL,2023,derrick|smith
COA_CHA,2023,doyle|liam
ALA_CRI,2023,jackson|reynolds
UTM_SKY,2023,ricko|trey
UTM_SKY,2023,eli|martin
TCU_HFG,2023,braeden|sloan
ARL_MAV,2023,brayden|brooks
TCU_HFG,2023,louis|rodriguez
ARL_MAV,2023,matt|novis
ARL_MAV,2023,bailey|gray
ARL_MAV,2023,colby|diduch|michael
ARL_MAV,2023,norris|zach
NOR_TAR,2023,jake|knapp
LON_LAN,2023,cole|taylor
LON_LAN,2023,ethan|walker
LON_LAN,2023,dittner|reid
IND_SYC,2023,brennyn|cutts
IND_SYC,2023,cameron|edmonson
IND_SYC,2023,brayden|lybarger
IND_SYC,2023,cortner|kyle
IND_SYC,2023,cameron|holycross
IND_SYC,2023,jared|spencer
IND_SYC,2023,gregersen|simon
IND_SYC,2023,luke|patzner
MIA_HUR,2023,alex|walsh
SOU_GAM,2023,becker|matthew
SAL_JAG,2023,smith|tyler
NIC_COL,2023,michael|quevedo
NIC_COL,2023,chase|gearing
NIC_COL,2023,josh|mancuso
NIC_COL,2023,arturo|rodriguez
SAL_JAG,2023,colson|lawrence
NIC_COL,2023,cade|evans
VAN_COM,2023,carter|greysen
UAB_BLA,2023,ballard|thomas
UAB_BLA,2023,matthew|reed
BYU_COU,2023,jack|sterner
BYU_COU,2023,carter|foss
LOU_CAJ,2023,etheridge|jt
BYU_COU,2023,ferraro|jameson
BYU_COU,2023,cole|peyton
COL_CHA,2023,good|ty
UMBC_RET,2023,johnson|luke
UMBC_RET,2023,josh|rivera
COL_CHA,2023,brink|jake
UMBC_RET,2023,ben|craig
EIU_PAN,2023,blake|malatestinic
EIU_PAN,2023,laxner|nick
EIU_PAN,2023,jack|potteiger
EIU_PAN,2023,lawson|tarron
ION_GAE,2023,joey|kasper
ION_GAE,2023,car|kuentzel
ION_GAE,2023,osullivan|thomas
ION_GAE,2023,cooper|haseley
UNC_SEA,2023,aubrey|smith
ION_GAE,2023,eric|gialloreto
ION_GAE,2023,matt|zguro
UNC_SEA,2023,connor|kane
DEL_HOR,2023,bouldin|evan
LON_LAN,2023,andrew|melnyk
WIU_LEA,2023,mitchel|sampson
WIU_LEA,2023,burk|jackson
WIU_LEA,2023,bell|jack
TEX_RAI,2023,andrew|devine
WIU_LEA,2023,cam|howard
TEX_RAI,2023,jacob|rogers
VIR_CAV,2023,nick|parker
COL_LION,2023,andy|leon
COL_LION,2023,parkinson|william
COL_LION,2023,cam|hubble
COL_LION,2023,jd|ogden
COL_LION,2023,justin|tucker
COL_LION,2023,derek|yoo
COL_LION,2023,jafar|vohra
VIR_CAV,2023,hodorovich|jacob
VIR_CAV,2023,blanco|evan
COL_LION,2023,edwards|jagger
VIR_CAV,2023,jay|woolfolk
KAN_WIL,2023,boerema|owen
KAN_WIL,2023,ruhl|tyler
KAN_WIL,2023,hartis|shay
KAN_WIL,2023,cole|wisenbaker
IOW_HAW,2023,langenberg|ty
SAM_BEA,2023,atkinson|coltin
IOW_HAW,2023,anthony|keaton
SAM_BEA,2023,chandler|david
IOW_HAW,2023,gottilla|nick
BAY_BEA,2023,craig|gabe
DUK_BLU,2023,edward|hart
BAY_BEA,2023,rigney|william
DUK_BLU,2023,kassius|thomas
NCA_BUL,2023,clay|edmondson
NCA_BUL,2023,justin|needles
NCA_BUL,2023,blake|little
NCA_BUL,2023,dawson|salter
GEO_EAG,2023,fisher|ty
ETS_BUC,2023,nathanial|tate
ETS_BUC,2023,kovacs|owen
ETS_BUC,2023,derek|mccarley
BRO_BEA,2023,mcdonough|tobey
BRO_BEA,2023,dubie|peter
TEN_TEC,2023,calitri|peyton
TEN_TEC,2023,hunter|mann
GIT_YEL,2023,dalton|smith
COP_STA,2023,liam|mccallum
COP_STA,2023,ruffino|tim
COP_STA,2023,nichol|tyler
ILL_ILL,2023,gowens|riley
ILL_ILL,2023,alex|vera
SOU_GOL,2023,armistead|will
ILL_ILL,2023,glassey|joe
SOU_GOL,2023,holland|townes
SOU_GOL,2023,adams|chase
SOU_GOL,2023,jackson|parker
SOU_GOL,2023,chandler|dawson
BGS_FAL,2023,gage|schenk
BGS_FAL,2023,ramos|rigo
CAM_CAM,2023,cade|kuehler
BUT_BUL,2023,bosecker|cory
BUT_BUL,2023,jon|vore
BUT_BUL,2023,dawson|taylor
BUT_BUL,2023,galdoni|lukas
LON_ISL22,2023,alec|huertas
LON_ISL22,2023,michael|storms
LON_ISL22,2023,chris|polemeni
LON_ISL22,2023,moritz|pj
LON_ISL22,2023,tatsuy|uemoto
KEN_OWL,2023,agyei|quinechette
KEN_OWL,2023,brooks|rosser
UCF_KNI,2023,gomez|ruddy
UCF_KNI,2023,centala|chase
UCF_KNI,2023,kramer|kyle
TEN_VOL,2023,chase|dollander
DAY_FLY,2023,johnson|matthew
UIC_FLA,2023,kade|lancour
UIC_FLA,2023,karst|ryan
UIC_FLA,2023,matt|zahora
BYU_COU,2023,bryce|robison
BYU_COU,2023,mason|olson
JAC_TIG,2023,caver|jesse
JAC_TIG,2023,jonah|posey
STE_HAT,2023,cooper|smith
STE_HAT,2023,brendan|walker
DEL_BLU,2023,joey|silan
STE_HAT,2023,humphrey|kaden
DEL_BLU,2023,bolton|reece
ARI_SUN,2023,dunn|ross
ARI_SUN,2023,brock|peery
ARI_SUN,2023,owen|stevenson
ARI_SUN,2023,giblin|jonah
MSU_BDG,2023,cheatham|cole
OHI_BOB,2023,borer|luke
OHI_BOB,2023,jayden|jerger
WES_HIL,2023,beau|coffman
OHI_BOB,2023,demarco|patrick
MAR_TER,2023,jason|savacool
MAR_TER,2023,kenny|lippman
TEX_AGG,2023,joshua|stewart
YAL_BUL,2023,chatfield|jimmy
YAL_BUL,2023,easterly|reid
YAL_BUL,2023,cohen|daniel
YAL_BUL,2023,cleary|quinn
YAL_BUL,2023,evans|tate
ORE_DUC,2023,jace|stoffal
WM_TRI,2023,hertzler|noah
MAR_RED,2023,hunter|sabbers
WM_TRI,2023,bobby|mcdonough
STB_BON,2023,bryce|hediger
STB_BON,2023,caringi|kyle
STB_BON,2023,bhat|rushil
STB_BON,2023,breen|tripp
STB_BON,2023,gabe|watts
STB_BON,2023,luke|roggenburk
STB_BON,2023,oconnell|ryan
SBU_SEA,2023,bellissimo|jared
SBU_SEA,2023,josh|oneill
SBU_SEA,2023,brandon|lashley
LEH_MOU,2023,alex|bouchard
LEH_MOU,2023,danchision|marcus
LEH_MOU,2023,hamilton|jack
LEH_MOU,2023,oneill|shane
LEH_MOU,2023,cole|leaman
LEH_MOU,2023,andolina|david
LEH_MOU,2023,lucas|rich
TCU_HFG,2023,calvin|marley
IU,2023,brayden|risedorph
SAC_PIO,2023,jack|kramer
VCU_RAM,2023,gladden|james
SAC_PIO,2023,aufiero|david
SAC_PIO,2023,jake|mcdowell
SAC_PIO,2023,briggs|tyler
TUL_GRE,2023,carmouche|dylan
STJ_RED,2023,fauci|sonny
STJ_RED,2023,dylan|johnson
STJ_RED,2023,cunningham|tim
TUL_GRE,2023,colin|reilly
TUL_GRE,2023,gavin|smith
STJ_RED,2023,alfaro|jake
STJ_RED,2023,bianchi|vincent
TUL_GRE,2023,prigge|will
STJ_RED,2023,chuck|sanzio
ARI_WIL,2023,nichols|tj
WES_MOU,2023,ben|hampton
ARI_WIL,2023,casey|hintz
ARI_WIL,2023,dawson|netz
WES_MOU,2023,dowdell|kevin
ARI_WIL,2023,barraza|chris
ARI_WIL,2023,long|trevor
PRI_TIG,2023,emus|jackson
GEO_BUL,2023,evans|jarvis|jr
PRI_TIG,2023,rabin|reece
PRI_TIG,2023,eric|hoefer
PRI_TIG,2023,sword|william
GEO_BUL,2023,devito|zach
GEO_BUL,2023,dj|radtke
KEN_WIL,2023,logan|martin
WRI_RAI,2023,jake|shirk
WRI_RAI,2023,luke|stofel
WRI_RAI,2023,hartzell|warren
KEN_WIL,2023,darren|williams
WRI_RAI,2023,josh|laisure
WRI_RAI,2023,roder|ty
ARM_BLA,2023,gresham|tanner
ARM_BLA,2023,buecker|robert
ARM_BLA,2023,melampy|patrick
CHA_FOR,2023,andrew|spolyar
ARM_BLA,2023,joe|valchar
RID_BRO,2023,dylan|heine
RID_BRO,2023,aiello|christian
RID_BRO,2023,alec|sachais
RID_BRO,2023,danny|kirwin
OKL_SOO,2023,hitt|james
OKL_SOO,2023,colton|sundloff
HAW_WAR,2023,dalton|renne
HAW_WAR,2023,gustin|harry
HAW_WAR,2023,cameron|hagan
SAN_TOR,2023,nick|suspenzi
SAN_TOR,2023,mason|schmidt
HAW_WAR,2023,kiuchi|levi
PEN_QUA,2023,coady|owen
PEN_QUA,2023,bryce|mangene
PEN_QUA,2023,tobin|will
VIR_TEC,2023,green|griffen
VIR_TEC,2023,christian|worley
SOU_COU,2023,bockenstedt|jake
SOU_COU,2023,jacob|kampf
SOU_COU,2023,ponder|zeus
SOU_RED,2023,niznik|noah
SOU_RED,2023,hunter|ralls
SOU_RED,2023,collin|wilma
ABI_WIL,2023,matthews|parker
ABI_WIL,2023,mckenna|miles
ABI_WIL,2023,meyer|nick
SOU_RED,2023,eddie|white
UMBC_RET,2023,joe|pucek
UMBC_RET,2023,christopher|ho
UMBC_RET,2023,evan|selmer
UMBC_RET,2023,daniels|sam
COL_CHA,2023,privette|william
EIU_PAN,2023,conklin|tyler
EIU_PAN,2023,hanscom|jonathon
EIU_PAN,2023,chaney|trout
EIU_PAN,2023,jackson|nichols
GEO_HOY,2023,andrew|williams
GEO_HOY,2023,carson|frye
UNC_SEA,2023,cyle|phelan
UNC_SEA,2023,lawson|ty
ION_GAE,2023,chiaia|nick
ION_GAE,2023,andrew|gaines
ION_GAE,2023,michael|untracht
ION_GAE,2023,conyers|loncey
UNC_SEA,2023,calvert|ryan
WIC_SHO,2023,michael|mulhollon
DEL_HOR,2023,davis|hiram
DAL_PAT,2023,alec|baker
DAL_PAT,2023,russell|zane
WIU_LEA,2023,armstrong|jake
WIU_LEA,2023,alexander|ethan
WIU_LEA,2023,caden|kratz
WIU_LEA,2023,chase|golden
WIU_LEA,2023,cunning|eric
TEX_RAI,2023,erdman|zach
WIU_LEA,2023,kapraun|tyler
WIU_LEA,2023,cade|herrmann
IOW_HAW,2023,brecht|brody
IOW_HAW,2023,jared|simpson
LSU_TIG,2023,hellmers|will
IOW_HAW,2023,christophersen|william
KAN_WIL,2023,jackson|wentworth
SAM_BEA,2023,beard|steven
KAN_WIL,2023,blake|corsentino
KAN_WIL,2023,neighbors|tyson
KAN_WIL,2023,heyne|kyler
SAM_BEA,2023,hellums|miles
KAN_WIL,2023,harris|shay
KAN_WIL,2023,buss|mason
NOR_WOL,2023,britton|rio
BEL_BRU,2023,aaron|hubbell
CAL_LAN,2023,jared|villalobos
NCA_BUL,2023,douglas|ryan
NCA_BUL,2023,jacob|williams
NCA_BUL,2023,bruno|nick
NCA_BUL,2023,brett|johnson
NCA_BUL,2023,isaac|williams
NCA_BUL,2023,brendan|pouliot
NCA_BUL,2023,melton|nichols
ETS_BUC,2023,andrew|ronne
ETS_BUC,2023,austin|emener
GEO_EAG,2023,gavon|wray
ETS_BUC,2023,cade|carlson
GEO_EAG,2023,cameron|oliu
BRO_BEA,2023,gottam|santhosh
BRO_BEA,2023,jacob|young
BRO_BEA,2023,carter|rasmussen
BRO_BEA,2023,bobby|olsen
BRO_BEA,2023,begnaud|stiles
GEO_PAN,2023,douglas|kameron
BRO_BEA,2023,harris|ty
GEO_PAN,2023,jack|wise
TEN_TEC,2023,brock|smith
TEN_TEC,2023,brody|lanham
TEN_TEC,2023,mcduffie|reece
TEN_TEC,2023,andrew|guardino
COP_STA,2023,herrand|marcos
COP_STA,2023,clay|thompson
COP_STA,2023,felber|nico
COP_STA,2023,canales|giovanni
COP_STA,2023,rashad|ruff
ORE_BEA,2023,justin|thorsteinson
CEN_BEA,2023,barker|jesse
CSU_BAK,2023,ryan|verdugo
MAN_JAS,2023,fagler|tyler
MAN_JAS,2023,farley|john
ILL_ILL,2023,crowder|jack
ILL_ILL,2023,john|lundgren
ILL_ILL,2023,bunselmeyer|korey
ILL_ILL,2023,constertina|tj
ILL_ILL,2023,ohara|ryan
ILL_ILL,2023,jake|swartz
SOU_GOL,2023,dickerson|dustin
ILL_ILL,2023,banker|brady
ILL_ILL,2023,tommy|white
ILL_ILL,2023,julius|sanchez
THO_M,2023,gartner|kolby
THO_M,2023,colin|dailey
BGS_FAL,2023,hays|tyler
BGS_FAL,2023,krouse|lucas
BGS_FAL,2023,connar|penrod
LOU_CAR,2023,forbes|patrick
BGS_FAL,2023,owen|recker
BUT_BUL,2023,kilfoyle|shane
BUT_BUL,2023,cole|graverson
BUT_BUL,2023,miketinac|nick
BUT_BUL,2023,luke|zmolik
BUT_BUL,2023,cade|thune
CAM_CAM,2023,jackson|roberts
BUT_BUL,2023,seigworth|spencer
BUT_BUL,2023,brooks|grant
LON_ISL22,2023,cross|ryun
LON_ISL22,2023,evan|panjwani
LON_ISL22,2023,james|steindl
LON_ISL22,2023,latkowski|rj
KEN_OWL,2023,cooper|luke
UCF_KNI,2023,cam|leiter
UCF_KNI,2023,najer|victor
UCF_KNI,2023,chappell|zach
UCF_KNI,2023,jacob|marlowe
TEN_VOL,2023,burns|chase
TEN_VOL,2023,halvorsen|seth
UIC_FLA,2023,ingram|tyler
UIC_FLA,2023,bak|brandon
UIC_FLA,2023,gould|zak
BYU_COU,2023,clawson|cutter
BYU_COU,2023,carter|smith
BYU_COU,2023,boston|mabeus
FLO_RAT,2023,grant|harrison
FLO_RAT,2023,caleb|granger
FLO_RAT,2023,raylan|wagner
STE_HAT,2023,anthony|defabbia
DEL_BLU,2023,bryce|greenly
DEL_BLU,2023,anthony|gubitosi
DEL_BLU,2023,kevin|williams
RHO_RAM,2023,levesque|trystan
RHO_RAM,2023,jeremy|urena
MER_BEA,2023,alexander|mckay
RHO_RAM,2023,bo|brutti
RHO_RAM,2023,broc|french
RHO_RAM,2023,jon|morrison
ARI_SUN,2023,curtis|khristian
ARI_SUN,2023,bodlovich|christian
ARI_SUN,2023,matthew|tieding
ARI_SUN,2023,dylan|gardner
ARI_SUN,2023,austin|humphres
OHI_BOB,2023,weber|zach
OHI_BOB,2023,luke|olson
OHI_BOB,2023,boncal|hudson
OHI_BOB,2023,braxton|kelly
OKL_COW,2023,brian|hendry
MAR_TER,2023,dean|nick
MAR_TER,2023,kyle|mccoy
MAR_TER,2023,belgrave|nigel
MAR_TER,2023,david|falco
MAR_TER,2023,buren|ryan|van
TEX_AGG,2023,brandyn|garcia
ORE_DUC,2023,gus|rogers
ORE_DUC,2023,jackson|jaha
STB_BON,2023,czajkowski|noah
STB_BON,2023,jonny|lintell
STB_BON,2023,fenton|tucker
STB_BON,2023,bobby|finn
STB_BON,2023,andrew|ayers
STB_BON,2023,chase|playfair
SBU_SEA,2023,degennaro|nick
SBU_SEA,2023,eddie|smink
SBU_SEA,2023,brendan|pattermann
LEH_MOU,2023,luke|rettig
LEH_MOU,2023,ben|christian
CIT_BUL,2023,kissenberth|luke
LEH_MOU,2023,deom|ryan
LEH_MOU,2023,glenn|najir
CRE_BLU,2023,justin|kleinsorge
CRE_BLU,2023,cade|lommel
CRE_BLU,2023,steier|tommy
CRE_BLU,2023,gross|thomas
CRE_BLU,2023,koch|mason
ALA_CRI,2023,ball|connor
IU,2023,craig|yoho
IU,2023,evan|whiteaker
SAC_PIO,2023,babuschak|jake
SAC_PIO,2023,hawkins|mitch
SAC_PIO,2023,attonito|michael
SAC_PIO,2023,charles|costello
VCU_RAM,2023,frazier|nick
TUL_GRE,2023,cristian|sanchez
STJ_RED,2023,joe|mascio
STJ_RED,2023,finnegan|tommy
TUL_GRE,2023,price|william
STJ_RED,2023,cirelli|nick
ARI_WIL,2023,anthony|susac
ARI_WIL,2023,derek|drees
ARI_WIL,2023,arias|george|jr
ARI_WIL,2023,eric|orloff
ARI_WIL,2023,pluta|tony
PRI_TIG,2023,chmielewski|tom
PRI_TIG,2023,justin|kim
PRI_TIG,2023,caden|macdonald
PRI_TIG,2023,faulkner|jacob
GEO_BUL,2023,pearson|will
GEO_BUL,2023,caldwell|collin
KEN_WIL,2023,bosma|tyler
WRI_RAI,2023,gongora|sebastian
KEN_WIL,2023,austin|strickland
WRI_RAI,2023,haught|tristan
KEN_WIL,2023,logue|seth
WRI_RAI,2023,chris|gallagher
KEN_WIL,2023,colby|frieda
WRI_RAI,2023,jay|luikart
ARM_BLA,2023,matthew|ronnebaum
CHA_FOR,2023,little|matthew
ARM_BLA,2023,michael|ruggieri
ARM_BLA,2023,dennehy|sean
NOT_IRI,2023,justin|moore
NOT_IRI,2023,reeth|rickey
DAR_GRE,2023,jack|metzger
DAR_GRE,2023,chambers|joseph
DAR_GRE,2023,jeff|lee
RID_BRO,2023,doelling|frank
RID_BRO,2023,clayton|poliey
RID_BRO,2023,gallagher|will
PEN_QUA,2023,cole|zaffiro
PEN_QUA,2023,david|shoemaker
SAL_JAG,2023,brougham|collin
SAL_JAG,2023,austin|mills
NEB,2023,gutierrez|jc
ARL_MAV,2023,bryce|hackett
MCN_COW,2023,cherry|derrick
MCN_COW,2023,burrell|jones
ARL_MAV,2023,connery|peters
MCN_COW,2023,kanin|morrow
MCN_COW,2023,christian|vega
BRY_BUL,2023,matthew|stansky
SOU_COU,2023,cooper|hayden
SOU_COU,2023,delong|tyler
SOU_COU,2023,dimitri|ivetic
SOU_COU,2023,gunner|millsap
SOU_COU,2023,smith|spencer
SOU_RED,2023,dow|haden
SOU_RED,2023,katen|logan
SOU_RED,2023,ethan|osborne
SOU_RED,2023,laudando|michael
SOU_RED,2023,jonah|sarabia
COL_CHA,2023,andrew|duval
UMBC_RET,2023,nick|remy
UMBC_RET,2023,eddie|sargent
UMBC_RET,2023,connor|kelly
COL_CHA,2023,alex|lyon
UMBC_RET,2023,dorn|rob
EIU_PAN,2023,ky|matthewshampton
EIU_PAN,2023,ignoffo|ryan
EIU_PAN,2023,robbins|zane
GEO_HOY,2023,catlett|everett
GEO_HOY,2023,bowker|cody
GEO_HOY,2023,garret|keough
GEO_HOY,2023,jordan|yoder
LON_LAN,2023,andrew|potojecki
DAL_PAT,2023,deberry|jaron
WIU_LEA,2023,aron|harrington
TEX_RAI,2023,free|ryan
COL_LION,2023,joe|sheets
COL_LION,2023,griffin|palfrey
VIR_CAV,2023,bradley|hodges
COL_LION,2023,james|vaughn
COL_LION,2023,dane|miller
COL_LION,2023,brandon|madrigal
KAN_WIL,2023,fajardo|german|jr
IOW_HAW,2023,marcus|morgan
IOW_HAW,2023,voelker|zachary
SAM_BEA,2023,hewitt|logan
SAM_BEA,2023,coldiron|gavi
BEL_BRU,2023,simon|tesh
CAL_LAN,2023,brandon|ross
NEV_WOL,2023,michael|sarhatt
NCA_BUL,2023,honeycutt|justin
NCA_BUL,2023,chris|sabo
EMU_EAG,2023,adam|falinski
EMU_EAG,2023,gavin|king
EMU_EAG,2023,camron|mccoy
EMU_EAG,2023,bobby|jones
EMU_EAG,2023,dylan|wolff
EMU_EAG,2023,grassi|joseph
ETS_BUC,2023,andrew|cotton
BRO_BEA,2023,harris|ty
BRO_BEA,2023,dylan|reid
BRO_BEA,2023,jack|seppings
GEO_PAN,2023,mcmanmon|quinten
TEN_TEC,2023,jacob|morin
MIC_WOL,2023,connor|ohalloran
MIC_WOL,2023,noah|rennard
CAL_FUL,2023,alfaro|jesse
MIC_WOL,2023,eamon|horwedel
MIC_WOL,2023,allen|chase
MIC_WOL,2023,mitchell|voit
COP_STA,2023,hamberg|jordan
COP_STA,2023,hernandez|juan|pablo
MAN_JAS,2023,garbinski|garrett
CSU_BAK,2023,marcelo|saldana
MAN_JAS,2023,motoki|ohijiro
MAN_JAS,2023,john|kwiatkowski
CSU_BAK,2023,pruitt|trevor
ILL_ILL,2023,jack|wenninger
BGS_FAL,2023,peyton|wilson
BGS_FAL,2023,dj|newman
BGS_FAL,2023,landon|willeman
LOU_CAR,2023,danilowicz|wyatt
BGS_FAL,2023,jacob|turner
LOU_CAR,2023,cameron|robinson
BUT_BUL,2023,aaron|barokas
BUT_BUL,2023,alex|voss
CAM_CAM,2023,jeremy|wiegman
CAM_CAM,2023,griffin|parrill
ILL_RED,2023,joey|wilmoth
ILL_RED,2023,justin|schubert
LON_ISL22,2023,mcinnes|ty
LON_ISL22,2023,dominic|pieto
LON_ISL22,2023,shane|tucker
LON_ISL22,2023,jack|vandoran
LON_ISL22,2023,garrett|yawn
UCF_KNI,2023,dominic|stagliano
UCF_KNI,2023,ben|vespi
UCF_KNI,2023,austin|zack
UCF_KNI,2023,nick|vieira
CLE_TIG,2023,barlow|billy
TEN_VOL,2023,beam|drew
DAY_FLY,2023,jake|tedesco
TEN_VOL,2023,connell|kirby
TEN_VOL,2023,andrew|lindsey
UIC_FLA,2023,aiden|pavoris
UIC_FLA,2023,mark|mccabe
UIC_FLA,2023,rigel|verciglio
UIC_FLA,2023,kendall|lyons
UIC_FLA,2023,charlie|szykowny
ALA_HOR,2023,jose|toledano
ALA_HOR,2023,azar|juan
ALA_HOR,2023,jorhan|laboy
ALA_HOR,2023,mendez|osvaldo
ALA_HOR,2023,evimael|quiles
MER_BEA,2023,farmer|josh
RHO_RAM,2023,braeden|perry
MER_BEA,2023,ackerman|jess
MER_BEA,2023,connor|folds
MER_BEA,2023,bohn|caleb
RHO_RAM,2023,colin|maloney
RHO_RAM,2023,clark|quincy
ARI_SUN,2023,manning|timmy
ARI_SUN,2023,lebamoff|nolan
ARI_SUN,2023,blake|pivaroff
ARI_SUN,2023,jesse|wainscott
ARI_SUN,2023,armbruester|william
ARI_SUN,2023,rogers|will
ARI_SUN,2023,hanks|ryan
ARI_SUN,2023,tyler|valdez
OHI_BOB,2023,hemmen|mitchel
OHI_BOB,2023,jacob|tate
LOY_LIO,2023,hackman|owen
OKL_COW,2023,benzor|michael
LOY_LIO,2023,conner|kershaw
MAR_TER,2023,haberthier|nathan
MAR_TER,2023,kane|thomas
MAR_TER,2023,eliakim|stowe
MAR_TER,2023,andrew|johnson
TEX_AGG,2023,aschenbeck|evan
YAL_BUL,2023,colton|shaw
YAL_BUL,2023,kelley|mick
RIC_SPI,2023,alden|mathes
YAL_BUL,2023,ethan|lewis
YAL_BUL,2023,josh|richardson
YAL_BUL,2023,bryant|reese
AUB_TIG,2023,copeland|konner
MAR_RED,2023,danny|keon
STB_BON,2023,devine|liam
STB_BON,2023,klodowski|nathan
SBU_SEA,2023,johnson|kyle
SBU_SEA,2023,jt|raab
SBU_SEA,2023,sadier|vicioso
LEH_MOU,2023,teddy|tolliver
LEH_MOU,2023,grisack|will
LEH_MOU,2023,casey|rother
LEH_MOU,2023,perich|rafe
CRE_BLU,2023,anthony|watts
CRE_BLU,2023,cancellieri|dominic
CRE_BLU,2023,bergstrom|paul
COA_CHA,2023,bobby|mcbride
SAC_PIO,2023,cooper|thompson
SAC_PIO,2023,boyian|michael
SAC_PIO,2023,bebbington|jack
VCU_RAM,2023,humenay|justin
SAC_PIO,2023,kane|nick
SAC_PIO,2023,jacob|wiberg
TUL_GRE,2023,castro|ricky
STJ_RED,2023,mario|pesca
STJ_RED,2023,adams|ben
STJ_RED,2023,andrew|castellucio
STJ_RED,2023,louis|marinaro
TUL_GRE,2023,chandler|welch
PRI_TIG,2023,andrew|dalessio
PRI_TIG,2023,matt|scannell
PRI_TIG,2023,jason|ramirez
GEO_BUL,2023,dejong|max
KEN_WIL,2023,lee|zack
WRI_RAI,2023,alex|theis
WRI_RAI,2023,garrett|peters
WRI_RAI,2023,calvin|mitchell
WRI_RAI,2023,benjamin|vore
KEN_WIL,2023,hagenow|ryan
KEN_WIL,2023,cotto|magdiel
WRI_RAI,2023,joe|valentine
WRI_RAI,2023,garret|simpson
ARM_BLA,2023,graver|steven
ARM_BLA,2023,dom|trippi
ARM_BLA,2023,brownlee|bryce
ARM_BLA,2023,prichard|tyler
ARM_BLA,2023,finan|trevor
CHA_FOR,2023,cosentino|nick
DAR_GRE,2023,albert|eddie
DAR_GRE,2023,danny|will
DAR_GRE,2023,burke|mac
DAR_GRE,2023,brady|chappell
DAR_GRE,2023,carpenter|luke
DAR_GRE,2023,bauer|shane
RID_BRO,2023,brian|young
UNL_REB,2023,carabajal|noah
PEN_QUA,2023,dromboski|ryan
PEN_QUA,2023,danny|heintz
PEN_QUA,2023,shurtleff|thomas
PEN_QUA,2023,edward|sarti
PEN_QUA,2023,carson|ozmer
PEN_QUA,2023,eli|trop
MON_HAW,2023,jem|sisco
MON_HAW,2023,interdonato|reed
MON_HAW,2023,drew|helmstetter
PEN_NIT,2023,connor|throneberry
ARL_MAV,2023,caden|noah
MCN_COW,2023,voss|zach
MCN_COW,2023,cameron|lejeune
MCN_COW,2023,abraham|ty
MCN_COW,2023,brian|shadrick
MCN_COW,2023,brown|tyler
BRY_BUL,2023,hilburger|kaden
VIR_TEC,2023,szczepanski|tommy
SOU_COU,2023,conrad|teague
SOU_COU,2023,bruninga|taylor
ULM_WAR,2023,owings|steve
SOU_COU,2023,garrett|helsel
LON_DIR,2023,julian|orozco
LON_DIR,2023,nick|wallerstedt
LON_DIR,2023,myles|patton
SEA_RED,2023,andrew|miller
CAL_ANT,2023,nick|pinto
CAL_ANT,2023,cooper|robinson
UTS_ROA,2023,drake|smith
UTS_ROA,2023,fischer|kingsbery
UTS_ROA,2023,daniel|shafer
DAL_PAT,2023,heaton|zach
DAL_PAT,2023,bollenbacher|matthew
TEX_RAI,2023,blessie|bo
AIR_FOR,2023,jacob|sansing
TEX_RAI,2023,coombes|ethan
AIR_FOR,2023,ben|weber
NOR_WOL,2023,john|miralia
IOW_HAW,2023,jack|whitlock
LOR_DUH,2023,davis|pasco
LOR_DUH,2023,maxwell|vaisvila
IOW_HAW,2023,chas|wheatley
IOW_HAW,2023,cade|obermueller
IOW_HAW,2023,jack|young
LOR_DUH,2023,cornelius|john
IOW_HAW,2023,drew|proskovec
LOR_DUH,2023,boyd|tj
IOW_HAW,2023,henderson|jacob
LOR_DUH,2023,carr|jack
IOW_HAW,2023,llewellyn|luke
LOR_DUH,2023,coakley|peter
USC_UPS,2023,al|holguin
USC_UPS,2023,curtis|mathieu
USC_UPS,2023,noah|sullivan
MER_BEA,2023,holton|mcgaha
MER_BEA,2023,thomas|walt
LON_ISL22,2023,chris|mazza
GIT_YEL,2023,byers|drew
MIS_BEA,2023,bradley|gage
EKU_COL,2023,chris|hamann
LOU_CAR,2023,kuehner|tate
LOU_CAJ,2023,landrey|wilkerson
MIS_DEL,2023,james|snipes
ASU_RED,2023,james|mccormick
MIS_DEL,2023,alexander|seth
ASU_RED,2023,brian|veniard
MIS_DEL,2023,azallius|lewis
MIS_DEL,2023,sigmon|zachary
CHA_BUC,2023,massey|sam
CHA_BUC,2023,alkire|johnny
CHA_BUC,2023,daugherty|ryan
CHA_BUC,2023,dylan|matsuoka
CHA_BUC,2023,robinson|zachary
SIE_SAI,2023,billy|rozakis
SIE_SAI,2023,kahn|matt
STE_HAT,2023,melani|tj
SIE_SAI,2023,noah|rodriguez
BEL_KNI,2023,devin|ecklar
BEL_KNI,2023,cody|medley
BEL_KNI,2023,brady|morse
BEL_KNI,2023,crew|egan
BEL_KNI,2023,craven|matt
OLE_REB,2023,jt|quinn
LOU_BUL,2023,greg|martinez
LOU_BUL,2023,crabb|isaac
OLE_REB,2023,mason|morris
LOU_BUL,2023,fincher|jonathan
LOU_BUL,2023,landon|tomkins
LOU_BUL,2023,bates|ethan
HBU_HUS,2023,chad|ricker
HBU_HUS,2023,ryan|zach
HBU_HUS,2023,javan|smitherman
HBU_HUS,2023,bryce|toney
HBU_HUS,2023,barrysmith|justin
HBU_HUS,2023,trey|valka
GEO_PAT,2023,eaton|konner
GEO_PAT,2023,herkey|tyler
GEO_PAT,2023,owen|stewart
GEO_PAT,2023,connor|knox
GEO_PAT,2023,mason|posey
MTSU_BLU,2023,daniel|dewey
UAB_BLA,2023,harris|leo
TRO_TRJ,2023,kenney|mason
JAC_GAM,2023,chastine|kyle
ALA_CRI,2023,brayden|gainey
UNO_MAV,2023,bales|brennen
KAN_WIL,2023,andrew|evans
MIZ_TIG,2023,nic|smith
LIN_UNI,2023,james|matthew
LIN_UNI,2023,josh|newell
MIZ_TIG,2023,brock|lucas
LIN_UNI,2023,jackson|jett
LIN_UNI,2023,brown|jacob
LIN_UNI,2023,boruff|dalton
MIZ_TIG,2023,ty|wilmsmeyer
LIN_UNI,2023,breite|graham
MIZ_TIG,2023,hasty|jacob
SAL_JAG,2023,heer|mitchell
TUL_GRE,2023,montiel|tayler
TUL_GRE,2023,lombardi|michael
ARI_WIL,2023,aiden|may
ARI_WIL,2023,luke|moeller
GEO_BUL,2023,hoskins|matthew
PRE_BLH,2023,mason|mcdaniel
PRE_BLH,2023,hollister|sean
PRE_BLH,2023,logan|ymker
PRE_BLH,2023,kyle|mueller
PRE_BLH,2023,hampton|jeremiah
PRE_BLH,2023,colbey|klepper
MOR_EAG,2023,bradshaw|riley
MOR_EAG,2023,alex|kafka
MOR_EAG,2023,grimmett|will
MOR_EAG,2023,hunter|porter
MOR_EAG,2023,callahan|trevor
MOR_EAG,2023,luke|lyman
MOR_EAG,2023,bettio|matt
KEN_WIL,2023,jackson|nove
MOR_EAG,2023,blankenship|branden
MOR_EAG,2023,davis|ethan
KEN_WIL,2023,chavez|seth
MOR_EAG,2023,jarrett|miller
KEN_WIL,2023,byers|evan
KEN_WIL,2023,christian|howe
VCU_RAM,2023,peters|zachary
VCU_RAM,2023,bert|evan
NCA_BUL,2023,hill|spencer
NCA_BUL,2023,bryce|fisher
NCA_BUL,2023,bates|cole
NCA_BUL,2023,cole|schiff
NCA_BUL,2023,gonzales|isaac
NCA_BUL,2023,barna|branden
HOU_COU,2023,lott|malachi
TEX_TIG,2023,domenic|martinez
HOU_COU,2023,ayers|kyle
HOU_COU,2023,maddux|miller
TEX_TIG,2023,head|kobe
TEX_TIG,2023,abraham|deleon
HOU_COU,2023,ekness|josh
TEX_TIG,2023,lamas|mateo
NOR_AGG,2023,coley|kilpatrick
SOU_GAM,2023,elijah|jones
NOR_AGG,2023,delisi|jake
NOR_AGG,2023,brown|luke
NOR_AGG,2023,ethan|snyder
NOR_AGG,2023,carter|daniel
NOR_AGG,2023,justin|poris
NOR_AGG,2023,evan|hart
AUS_GOV,2023,jacob|kush
VIR_TEC,2023,finarelli|nick
RAD_HIG,2023,gannon|kadlecik
RAD_HIG,2023,horton|tyler
VIR_TEC,2023,peter|sakellaris
VIR_TEC,2023,exum|jacob
VIR_TEC,2023,jackman|luke
GRA_TIG,2023,brett|washington
GRA_TIG,2023,carpenter|keith
GRA_TIG,2023,michael|mims
GRA_TIG,2023,jeremiah|newman
GRA_TIG,2023,baez|miguel
AIR_FOR,2023,jason|shuger
AIR_FOR,2023,ryan|stohr
AIR_FOR,2023,hebenstreit|james
TEX_RAI,2023,dathe|dax
AIR_FOR,2023,collier|joey
AIR_FOR,2023,cooper|loveridge
TEX_RAI,2023,cade|mcgarrh
AIR_FOR,2023,chase|spencer
TEX_RAI,2023,brendan|lysik
TEX_RAI,2023,jack|livingstone
SOU_TRO,2023,clark|evan
SOU_TRO,2023,ethan|hoopingarner
USF_BUL,2023,austin|grause
USF_BUL,2023,mink|tanner
USF_BUL,2023,hudi|nolan
USF_BUL,2023,riley|skeen
USF_BUL,2023,brown|ethan
USF_BUL,2023,chandler|dorsey
USF_BUL,2023,joseph|volini
RAD_HIG,2023,collin|williams
RAD_HIG,2023,carter|seabrooke
RAD_HIG,2023,rouse|scott
RAD_HIG,2023,luke|vongoedert
TAR_TEX,2023,cristian|enriquez
TAR_TEX,2023,delvecchio|dylan
TAR_TEX,2023,jacobs|ryan
TAR_TEX,2023,haley|matt
TAR_TEX,2023,badmaev|zane
LIB_FLA,2023,nick|willard
LIB_FLA,2023,beamon|jeremy
CHA_BUC,2023,eddie|olsen
CHA_BUC,2023,devin|macwatters
CHA_BUC,2023,chiriboga|chris
CHA_BUC,2023,jared|restmeyer
LOU_BUL,2023,fraginals|nick
LOU_BUL,2023,alec|sparks
LOU_BUL,2023,harland|ryan
LOU_BUL,2023,hector|rawley
FLO_RAT,2023,dallas|tease
FLO_RAT,2023,broedy|poppell
FLO_RAT,2023,xerian|ximines
FLO_RAT,2023,cameron|kelly
AUB_TIG,2023,cameron|keshock
SAM_BUL,2023,thompson|turner
ALA_HOR,2023,colon|shadai
ALA_HOR,2023,colon|sebastian
TUL_GRE,2023,banks|teo
MIA_RED,2023,nick|vardavas
MIA_RED,2023,mastrian|patrick
MIC_WOL,2023,denner|jacob
MIC_WOL,2023,jake|keaser
MIC_WOL,2023,ahmad|harajli
UCLA,2023,hepp|james
NOR_TAR,2023,dalton|pence
ELO_PHO,2023,ben|sieracki
ELO_PHO,2023,joe|savino
ELO_PHO,2023,dabagian|liam
CAL_MUS,2023,charlie|royle
NEV_WOL,2023,clayton|ray
NEV_WOL,2023,gather|lucas
NEV_WOL,2023,becker|kyle
CAL_LAN,2023,becerra|luis
CAL_LAN,2023,palmer|ryne
HBU_HUS,2023,gunter|rye
HBU_HUS,2023,brock|shoffner
SOU_IND16,2023,hutson|tyler
SOU_IND16,2023,kiesel|will
SOU_IND16,2023,adam|weihe
SOU_IND16,2023,anderson|cory
SOU_IND16,2023,blake|ciuffetelli
SOU_IND16,2023,carter|stamm
MIC_SPA,2023,dzierwa|joseph
MIC_SPA,2023,dominic|pianto
MIC_SPA,2023,ryan|szczepaniak
WRI_RAI,2023,josh|laisure
YSU_PEN,2023,perry|travis
YSU_PEN,2023,braden|gebhardt
YSU_PEN,2023,kenny|misik
YSU_PEN,2023,anderson|brandin
YSU_PEN,2023,casey|marshalwitz
UNC_SEA,2023,evan|marcinko
SOU_JAC,2023,jack|kruger
SOU_JAC,2023,arbogast|reece
SOU_JAC,2023,kent|will
FGCU,2023,jason|woodward
FGCU,2023,love|nick
FGCU,2023,max|rippl
FGCU,2023,connor|ohara
FGCU,2023,lj|mcdonough
FLO_SEM,2023,barrett|ben
NJI_HIG,2023,fischer|ryan
NJI_HIG,2023,drew|standen
NJI_HIG,2023,cirone|tyler
HOF_PRI,2023,faello|mark
HOF_PRI,2023,nemjo|tristan
HOF_PRI,2023,cade|henry
HOF_PRI,2023,hamilton|sean
HOF_PRI,2023,carlos|martinez
NEV_WOL,2023,jackson|jordan
CAL_BEA,2023,ian|may
CAL_BEA,2023,stasiowski|tyler
CAL_BEA,2023,chris|stamos
OSU_BUC,2023,coupet|isaiah
OSU_BUC,2023,blayne|robinson
OSU_BUC,2023,clegg|nolan
OSU_BUC,2023,beidelschies|landon
OSU_BUC,2023,jenkins|jonah
SAN_AZT,2023,fondtain|tj
SAN_AZT,2023,omar|serrano
SAN_AZT,2023,armstrong|eldridge
SAN_AZT,2023,kelena|sauer
KAN_JAY,2023,baumgartner|collin
KAN_JAY,2023,thaniel|trumper
KAN_JAY,2023,brasosky|gavin
LAF_LEP,2023,pat|walega
LAF_LEP,2023,alex|walsh
LAF_LEP,2023,james|reese
STE_LUM,2023,joe|richter
STE_LUM,2023,jaco|skyler
ORA_GOL,2023,ryan|tressler
MCN_COW,2023,grant|rogers
GON_BUL,2023,bradley|mullan
CCU_BLD,2023,dominic|niman
CCU_BLD,2023,spizzoucco|vincent
BUT_BUL,2023,clay|holzworth
CCU_BLD,2023,tj|wainwright
CCU_BLD,2023,garofalo|luke
BUT_BUL,2023,colin|davis
BUT_BUL,2023,gabe|pancratz
BUT_BUL,2023,cooper|robinson
LSU_TIG,2023,aiden|moffett
LSU_TIG,2023,gavin|guidry
BUT_BUL,2023,ben|whiteside
BRO_BEA,2023,christian|keel
NEW_PRI,2023,connor|macip
MSM_MTN,2023,daniel|salisbury
MSM_MTN,2023,evan|haulik
MSM_MTN,2023,andrews|jake
BEL_KNI,2023,nolan|pender
USC_UPS,2023,dutton|reese
USC_UPS,2023,david|james
SAM_BUL,2023,cravey|jacob
MOR_EAG,2023,helton|luke
SEA_UNI,2023,chronowski|peter
CAL_AGO,2023,freeman|nate
CAL_AGO,2023,andrew|lacour
CAL_AGO,2023,allen|trevor
CAL_AGO,2023,hippensteel|max
SEA_UNI,2023,blake|leaverton
DAV_WIL,2023,schomberg|will
DAV_WIL,2023,bennett|flynn
DAV_WIL,2023,brycen|champey
UIC_FLA,2023,kendall|lyons
PUR_BOI,2023,michael|stephen
AKR_ZIP,2023,sammy|tortorella
PUR_BOI,2023,aaron|suval
PUR_BOI,2023,cal|lambert
PUR_BOI,2023,dannelley|jackson
AKR_ZIP,2023,emmett|gillies
TUL_GRE,2023,billy|price
RUT_SCA,2023,conover|drew
WAS_HUS,2023,mcadams|reilly
NCB,2023,jack|tuttle
NCB,2023,brown|jayden
NCB,2023,iain|isdale
NCB,2023,carvajal|jake
WAS_HUS,2023,isaac|yeager
WAS_HUS,2023,parkin|sawyer
NCB,2023,griffin|webb
WAS_HUS,2023,peysen|sweeney
NCB,2023,jackson|meier
WAS_HUS,2023,bender|kyle
SOU_JAG,2023,jalon|long
SOU_JAG,2023,brasseaux|jaden
SOU_JAG,2023,burkett|ii|jerry
SOU_JAG,2023,caleb|washington
OAK_GOL,2023,hunter|pidek
OAK_GOL,2023,christian|stelling
WIC_SHO,2023,matt|wilkinson
WIC_SHO,2023,carter|rost
OAK_GOL,2023,brandon|decker
WIC_SHO,2023,adler|nate
OAK_GOL,2023,brandon|nigh
HBU_HUS,2023,charles|matthews
HBU_HUS,2023,jarek|wells
HBU_HUS,2023,baker|trent
HBU_HUS,2023,walker|zander
SOU_IND16,2023,caleb|meeks
SOU_IND16,2023,hendrixson|shea
SOU_IND16,2023,mason|sweeney
SOU_IND16,2023,robinson|trent
SOU_IND16,2023,harris|riley
AIR_FOR,2023,dylan|rogers
ARK_RAZ,2023,faherty|jake
YSU_PEN,2023,nick|perez
YSU_PEN,2023,pancake|trey
YSU_PEN,2023,cam|marshalwitz
YSU_PEN,2023,brandon|mikos
YSU_PEN,2023,stayduhar|zach
YSU_PEN,2023,shaffer|will
YSU_PEN,2023,aidan|english
SOU_JAC,2023,dane|toman
SOU_JAC,2023,dylan|richey
SOU_JAC,2023,goble|jake
SOU_JAC,2023,brady|hawkins
SOU_JAC,2023,driessen|dylan
SOU_JAC,2023,bourassa|ryan
FGCU,2023,mason|miller
FGCU,2023,haberstock|william
FGCU,2023,chase|kriebel
NJI_HIG,2023,aidan|kidd
NJI_HIG,2023,dejong|holden
NJI_HIG,2023,beck|samuel
NJI_HIG,2023,croix|jenkins
NJI_HIG,2023,craska|joey
HOF_PRI,2023,john|mikolaicyk
HOF_PRI,2023,kaenzig|steven
HOF_PRI,2023,rue|ryan
OSU_BUC,2023,eckhardt|justin
CAL_BEA,2023,pasqualotto|paulshawn
OSU_BUC,2023,pfennig|will
OSU_BUC,2023,jake|johnson
OSU_BUC,2023,jaylen|jones
OSU_BUC,2023,campbell|jameson
CAL_BEA,2023,connor|sullivan
OSU_BUC,2023,loncar|wyatt
PRI_TIG,2023,max|zdimal
PRI_TIG,2023,ethan|hsu
SAN_AZT,2023,canada|chris
UNL_REB,2023,simon|zack
SAN_AZT,2023,brodell|robert
UNL_REB,2023,mattera|noah
UNL_REB,2023,brian|uribe
SAN_AZT,2023,araiza|issac
SAN_AZT,2023,jackson|julian
KAN_JAY,2023,ireland|sam
BGS_FAL,2023,miller|perry
BGS_FAL,2023,arn|kade
LAF_LEP,2023,crayton|luke
LAF_LEP,2023,barley|chase
LAF_LEP,2023,jack|mcmullen
LAF_LEP,2023,bo|planeta
LAF_LEP,2023,adam|bogosian
LAF_LEP,2023,antonio|correa
LAF_LEP,2023,joe|pence
GAR_RUN,2023,alcock|bobby
GAR_RUN,2023,bean|brendan
GAR_RUN,2023,connor|maggi
GAR_RUN,2023,grant|vera
GAR_RUN,2023,dalton|wood
STE_LUM,2023,cade|stapleton
STE_LUM,2023,boyett|reid
STE_LUM,2023,sam|tollin
STE_LUM,2023,garrett|gearner
STE_LUM,2023,benny|emmons|iii
MCN_COW,2023,barthelemy|brock
GEO_COL,2023,colin|ruddy
STO_COL,2023,brendan|kelly
STO_COL,2023,brulport|max
STO_COL,2023,castrichini|joe
KAN_WIL,2023,cater|corey
STO_COL,2023,lawrence|logan
KAN_WIL,2023,henry|jared
STO_COL,2023,bernal|tyrell
STO_COL,2023,eric|lindley
KAN_WIL,2023,robertson|trae
BOC_EAG,2023,matt|nunan
BOC_EAG,2023,ian|murphy
LIB_FLA,2023,edwards|graham
GON_BUL,2023,jacob|rutherford
CCU_BLD,2023,randy|reyes
CCU_BLD,2023,buchek|tim
CCU_BLD,2023,jack|kelley
PIT_PAN,2023,ethan|firoved
PIT_PAN,2023,brady|devereux
PIT_PAN,2023,bryan|nash
BEL_KNI,2023,buhr|drew
BEL_KNI,2023,arren|hash
WES_HIL,2023,bryson|rigney
OKL_COW,2023,benge|carson
CAN_GRI,2023,guiliano|justin
CAN_GRI,2023,ethan|hennessy
CAN_GRI,2023,greenleaf|tyler
FAI_STA,2023,jake|noviello
FAI_STA,2023,erbeck|ricky
TOL_ROC,2023,johnson|noah
MTSU_BLU,2023,akens|ollie
TOL_ROC,2023,cal|mcaninch
TOL_ROC,2023,jack|walker
TOL_ROC,2023,brennan|mccune
MTSU_BLU,2023,jackson|underwood
USC_UPS,2023,chase|matheny
USC_UPS,2023,cubbler|jake
USC_UPS,2023,ben|roberts
USC_UPS,2023,caleb|costa
TRO_TRJ,2023,brandon|schrepf
LON_ISL22,2023,decastro|justin
LON_ISL22,2023,buehler|chris
SAM_BUL,2023,lynch|will
MOR_EAG,2023,grant|herron
MOR_EAG,2023,joe|rotkis
CAL_AGO,2023,bryan|green
CAL_AGO,2023,carrion|daniel
CAL_AGO,2023,ian|torpey
DAV_WIL,2023,feczko|ryan
DAV_WIL,2023,nick|shedleski
DAV_WIL,2023,edward|hall
DAV_WIL,2023,danny|rosenfield
COA_CHA,2023,bell|tadan
DAV_WIL,2023,matt|weber
UIC_FLA,2023,bak|brandon
UIC_FLA,2023,newton|peter
UIC_FLA,2023,petersen|rayth
TEX_TIG,2023,barnes|justin
TEX_TIG,2023,fluet|josh
TEX_TIG,2023,dade|hensley
TEX_TIG,2023,adolf|castillo
TEX_TIG,2023,carlos|ciavaldini|marquez|samuel
PUR_BOI,2023,blackwell|jonathan
AKR_ZIP,2023,atkins|spencer
AKR_ZIP,2023,anthony|fett
AKR_ZIP,2023,beall|jacob
PUR_BOI,2023,avery|cook
PUR_BOI,2023,carter|doorn
PUR_BOI,2023,backer|cj
PUR_BOI,2023,iwinski|kyle
AKR_ZIP,2023,aaron|pirkle
AKR_ZIP,2023,biglin|brady
AKR_ZIP,2023,droste|greyson
ARI_WIL,2023,jackson|kent
ALA_LIO,2023,agosto|justus
ALA_LIO,2023,bowerman|josh
ALA_LIO,2023,claunch|raleigh
ALA_LIO,2023,bradshaw|jacob
ALA_LIO,2023,carson|howard
CIN_BEA,2023,boba|tommy
IND_SYC,2023,aaron|moss
IND_SYC,2023,jachec|matt
IND_SYC,2023,jacob|pruitt
SBU_SEA,2023,ben|fero
SBU_SEA,2023,montgomery|quinlan
RUT_SCA,2023,bowen|ethan
WAS_HUS,2023,kiefer|lord
NCB,2023,ely|ruiz
NCB,2023,herrick|zack
WAS_HUS,2023,cunningham|grant
WAS_HUS,2023,flesland|stuart
NCB,2023,dylan|smith
NCB,2023,jake|story
WAS_HUS,2023,boyle|samuel
NCB,2023,kevin|sharp
WAG_SEA,2023,gorman|zachary
WAG_SEA,2023,cunningham|michael
PEN_NIT,2023,ben|demell
DAR_GRE,2023,clark|gilmore
CHA_FOR,2023,cameron|hansen
OAK_GOL,2023,brett|hagen
OAK_GOL,2023,fekete|sean
OAK_GOL,2023,dylan|haslett
WIC_SHO,2023,boyer|matthew
OAK_GOL,2023,tanner|ware
OAK_GOL,2023,caleb|fuller
OAK_GOL,2023,easterlin|jaxson
WIC_SHO,2023,dillhoff|parker
SET_PIR,2023,gillen|michael
HBU_HUS,2023,baumann|baylor
SOU_IND16,2023,gavin|seebold
SOU_IND16,2023,matthew|moore
MIC_SPA,2023,cook|harrison
MIC_SPA,2023,chapman|max
MIC_SPA,2023,gavin|sitarz
MIC_SPA,2023,klann|robert
YSU_PEN,2023,gumto|patrick
BAY_BEA,2023,calder|ethan
COL_LION,2023,santana|thomas
SOU_JAC,2023,blake|kunz
SOU_JAC,2023,eli|sundquist
SOU_JAC,2023,alex|clemons
GEO_HOY,2023,bloss|john
GEO_HOY,2023,mead|tyler
RHO_RAM,2023,andrade|ryan
RHO_RAM,2023,anderson|mike
FGCU,2023,jacob|lojewski
FGCU,2023,tipton|tyler
FGCU,2023,henschel|justin
NJI_HIG,2023,georgini|joe
NJI_HIG,2023,grant|vurpillat
NJI_HIG,2023,liam|reiner
CAL_BEA,2023,bougie|tucker
OSU_BUC,2023,bruni|gavin
PRI_TIG,2023,matt|scannell
PRI_TIG,2023,andrew|dalessio
PRI_TIG,2023,jason|ramirez
SAN_AZT,2023,guzman|jonny
SAN_AZT,2023,ricky|tibbett
KAN_JAY,2023,cranton|hunter
KAN_JAY,2023,dougan|kolby
KAN_JAY,2023,hewlett|stone
BGS_FAL,2023,carson|lumley
TEX_LON,2023,ace|whitehead
LAF_LEP,2023,joe|skapinetz
LAF_LEP,2023,florio|trace
LAF_LEP,2023,aselta|james
LAF_LEP,2023,jacob|maurer
GAR_RUN,2023,switalski|tyler
GAR_RUN,2023,fox|phil
GAR_RUN,2023,goodyear|luke
GAR_RUN,2023,lenny|washington
STE_LUM,2023,connor|woods
STE_LUM,2023,caleb|rutledge
STE_LUM,2023,caleb|cude
STE_LUM,2023,bowyer|reid
STE_LUM,2023,castilaw|colton
KEN_OWL,2023,braden|osbolt
CSU_BAK,2023,figueroa|ryan
CSU_BAK,2023,ott|taylor
CSU_BAK,2023,reddemann|ryan
GON_BUL,2023,matthew|mueller
GON_BUL,2023,everett|swaim
CAM_CAM,2023,garret|kangas
CCU_BLD,2023,jake|neuman
CCU_BLD,2023,drew|munn
CCU_BLD,2023,kurt|thomas
CCU_BLD,2023,logan|wenzel
PIT_PAN,2023,candelario|erubiel
PIT_PAN,2023,bautista|jonathan
PIT_PAN,2023,dylan|simmons
STE_HAT,2023,lusignan|simon
BEL_KNI,2023,braunecker|gavin
BEL_KNI,2023,johnson|ryan
BEL_KNI,2023,walls|webster
NIU_HUS,2023,meyer|tommy
WES_HIL,2023,brunstetter|garrett
WES_HIL,2023,matthew|meyer
NIU_HUS,2023,jackson|stewart
CAN_GRI,2023,aaron|duffy
CAN_GRI,2023,felix|morin
TOL_ROC,2023,lelito|matt
TOL_ROC,2023,kyle|pijaszek
TOL_ROC,2023,camryn|szynski
USC_UPS,2023,henry|proger
USC_UPS,2023,hodgdon|trent
USC_UPS,2023,james|strobusch
USC_UPS,2023,braden|consaul
CAL_AGO,2023,barnes|rowen
CAL_AGO,2023,kaden|riccomini
CAL_AGO,2023,avery|thau
CAL_AGO,2023,alejandro|huezo
CAL_AGO,2023,hogan|kaden
COA_CHA,2023,matt|potok
DAV_WIL,2023,jacob|peaden
DAV_WIL,2023,jamieson|miles
DAV_WIL,2023,henry|hultquist
DAV_WIL,2023,banks|will
DAV_WIL,2023,aj|pabst
TEX_TIG,2023,jurgen|zwitzer
TEX_TIG,2023,castro|josiah
TEX_TIG,2023,cade|fontenot
FAI_STA,2023,berta|evan
FAI_STA,2023,baker|bowen
PUR_BOI,2023,calvin|schapira
AKR_ZIP,2023,joseph|roth
AKR_ZIP,2023,brett|dietrich
AKR_ZIP,2023,jacob|krausher
AKR_ZIP,2023,perkins|sean
PUR_BOI,2023,davis|pratt
PUR_BOI,2023,fletcher|zach
PUR_BOI,2023,danzeisen|logan
PUR_BOI,2023,gilchrist|malcolm
ARI_WIL,2023,bradon|zastrow
NOR_BIS,2023,hayden|sylte
ALA_LIO,2023,jacob|james
ALA_LIO,2023,morris|will
ALA_LIO,2023,battle|justin
ALA_LIO,2023,shepard|will
ALA_LIO,2023,joey|malecha
CIN_BEA,2023,carter|earls
ALA_LIO,2023,bryce|richter
SAC_HOR,2023,malone|zack
SOU_TRO,2023,blake|soderston
IND_SYC,2023,connor|fenlong
IND_SYC,2023,hurth|joey
SBU_SEA,2023,devin|sharkey
RUT_SCA,2023,john|modugno
RUT_SCA,2023,parliament|wyatt
WAS_HUS,2023,engman|jared
NCB,2023,cruz|trey
NCB,2023,gienger|murphy
WAS_HUS,2023,calvin|kirchoff
WAS_HUS,2023,gianluca|shinn
WAS_HUS,2023,case|matter
NCB,2023,andrew|isdale
WAS_HUS,2023,emanuels|josh
HOL_CRU,2023,chudy|nate
HOL_CRU,2023,brown|oliver
HOL_CRU,2023,lemond|luke
OAK_GOL,2023,densmore|travis
OAK_GOL,2023,noah|stants
OAK_GOL,2023,jake|matthaidess
OAK_GOL,2023,ben|paugh
DAY_FLY,2023,gatti|jj
DAY_FLY,2023,crossan|michael
DAY_FLY,2023,austin|brush
KAN_WIL,2023,beck|dalton
STO_COL,2023,matt|tyman
STO_COL,2023,jordan|marot
STO_COL,2023,billy|duff
STO_COL,2023,douglas|ryan
MSM_MTN,2023,derek|huff
HOL_CRU,2023,mudd|tyler
HOL_CRU,2023,payton|sutman
PEN_NIT,2023,kellan|tulio
HOL_CRU,2023,ben|talbot
PEN_NIT,2023,chad|rogers
HOL_CRU,2023,ambrosino|jack
EIU_PAN,2023,coca|colton
SET_PIR,2023,cimpric|richie
SET_PIR,2023,colin|dowlen
XAV_MUS,2023,kolze|nick
WAS_COU,2023,cam|liss
MEX_LOB,2023,arthur|steinkamp
BET_WIL,2023,gamboa|marcos
BET_WIL,2023,bess|gerald
BET_WIL,2023,gomez|santiago
BET_WIL,2023,diaz|yoansell
BET_WIL,2023,gabriel|perez
BET_WIL,2023,dale|michaud
BET_WIL,2023,gonzalez|joan
FLO_SEM,2023,drake|flowers
COE_COL,2023,jacob|schmit
COE_COL,2023,bonner|michael
COE_COL,2023,caden|richards
IOW_HAW,2023,aaron|savary
COE_COL,2023,adam|severson
COE_COL,2023,landen|powell
FOR_RAM,2023,aric|berg
KEN_OWL,2023,mackenzie|stills
GEO_PAN,2023,brady|jones
UTA_UTE,2023,clarkson|tj
UTA_UTE,2023,ernesto|lugo
UTA_UTE,2023,bryson|sickle|van
UTA_UTE,2023,mccleve|zac
UTA_UTE,2023,ashman|micah
ORE_BEA,2023,ben|ferrer
ORE_BEA,2023,jacob|krieg
ORE_BEA,2023,david|grewe
HIG_PAN,2023,jack|nathan
HIG_PAN,2023,glover|lucas
CAL_AGO,2023,romero|zach
CAL_AGO,2023,nathan|peng
CAL_AGO,2023,carter|delaney
CAL_AGO,2023,hippensteel|max
CLE_TIG,2023,caden|grice
STA_CAR,2023,moore|trevor
SAN_BRO,2023,feikes|jared
SAN_BRO,2023,august|souza
SAN_BRO,2023,heinrich|jeff
SAN_BRO,2023,henry|stewart
SAN_BRO,2023,cole|kitchen
SAN_BRO,2023,hales|skylar
BOC_EAG,2023,aj|colarusso
VAL_CRU,2023,griffin|mccluskey
VAL_CRU,2023,grant|jablonski
VAL_CRU,2023,chasey|nathan
VAL_CRU,2023,christian|hack
VAL_CRU,2023,bobby|nowak
OKL_COW,2023,isaac|stebens
IWC,2023,higdon|seth
IWC,2023,berens|micah
IWC,2023,otto|stacey
IWC,2023,luis|rodriguez
IWC,2023,carson|rollins
MER_COL1,2023,borsari|james
MER_COL1,2023,cespedes|louis
RIC_SPI,2023,armson|dane
MER_COL1,2023,healy|tyghe
MER_COL1,2023,butera|justin
MER_COL1,2023,calvanese|charlie
UTR_VAQ,2023,ariza|carlos|john
UTR_VAQ,2023,jack|lopez
UTR_VAQ,2023,nico|rodriguez
UTR_VAQ,2023,abanny|garcia
UTR_VAQ,2023,gonzalez|ruben
UTR_VAQ,2023,loya|robert
UTR_VAQ,2023,mejia|sebastian
RIC_OWL,2023,benshoshan|jack
UTR_VAQ,2023,kris|massey
FGCU,2023,alejandro|valiente
SAM_BUL,2023,cole|fryman
SAM_BUL,2023,alex|gaeto
WAK_DEA,2023,cole|roland
WAK_DEA,2023,keener|seth
WAK_DEA,2023,massey|michael
WAK_DEA,2023,camden|minacci
MIZ_TIG,2023,logan|lunceford
MIZ_TIG,2023,kyle|potthoff
TCU_HFG,2023,braeden|sloan
ARL_MAV,2023,andrew|lucas
TCU_HFG,2023,sam|stoutenborough
ARL_MAV,2023,kuykendall|thomas
ARL_MAV,2023,joe|steeber
ARL_MAV,2023,gage|singer
ARL_MAV,2023,hagan|jack
TUL_GRE,2023,tynes|will
CAM_CAM,2023,adams|trent
CAM_CAM,2023,brendan|wright
TUL_GRE,2023,cole|munhall
TUL_GRE,2023,ethan|mishra
CAM_CAM,2023,brown|daniel
CAM_CAM,2023,hartley|wiley
LON_DIR,2023,diez|erick
MUR_RAC,2023,ethan|lyke
MUR_RAC,2023,mcnabb|thomas
MUR_RAC,2023,benjamin|krizen
WCC,2023,coby|ingle
WCC,2023,carson|lowder
WCC,2023,bright|corey
WCC,2023,beverlin|cole
WCC,2023,hyde|nick
NEB,2023,brett|sears
HOU_COU,2023,canizares|matthew
PRA_PAN,2023,krall|matthew
HOU_COU,2023,daniel|wright
PRA_PAN,2023,carrick|kyle
PRA_PAN,2023,cody|smith
HOU_COU,2023,bryson|walker
HOU_COU,2023,brendan|odonnell
PRA_PAN,2023,matthew|sandoval
UNL_REB,2023,samuel|simon
UNL_REB,2023,fuller|peyton
UNL_REB,2023,brian|uribe
OKL_SOO,2023,gray|thomas
CIT_BUL,2023,bland|yates
NEW_PRI,2023,connor|macip
VAN_COM,2023,anderson|jack
UMASS_RIV,2023,fortuna|zach
UMASS_RIV,2023,drew|haight
MT,2023,david|warren
MT,2023,jackson|lyons
MT,2023,dalton|kendrick
WIC_SHO,2023,jace|miner
GRA_TIG,2023,connor|rudy
GRA_TIG,2023,lorenzo|peterson
DAL_PAT,2023,cade|wiegert
MIC_SPA,2023,higgins|nolan
WOF_TER,2023,marchal|matthew
MIC_SPA,2023,matheny|noah
WOF_TER,2023,cowen|zac
WOF_TER,2023,moye|ryder
WOF_TER,2023,champ|davis
WOF_TER,2023,sam|stratton
WOF_TER,2023,luke|stephens
USC_UPS,2023,campbell|jackson
USC_UPS,2023,aj|hacker
SOU_GAM,2023,sam|simpson
SOU_GAM,2023,brett|thomas
SPU_PEA,2023,frasher|zach
SPU_PEA,2023,black|robby
SPU_PEA,2023,kyle|mahady
SPU_PEA,2023,nunez|robert
SPU_PEA,2023,extra|player
SPU_PEA,2023,ryan|seymour
SPU_PEA,2023,diforte|michael
FOR_RAM,2023,egan|ryan
SPU_PEA,2023,walker|zach
GEO_EAG,2023,guerrero|michael
LEH_MOU,2023,lucas|rich
HOF_PRI,2023,brian|hart
HOF_PRI,2023,michael|ohanlon
HOF_PRI,2023,garrett|sullivan
KAN_JAY,2023,bradford|ethan
PRE_BLH,2023,gibson|luke
CLE_TIG,2023,dvorsky|nathan
PRE_BLH,2023,logan|ymker
PRE_BLH,2023,farrar|william
PRE_BLH,2023,smith|tanner
LAM_CAR,2023,morse|trhea
LAM_CAR,2023,hesseltine|hunter
LAM_CAR,2023,hail|patrick
NEW_PRI,2023,caleb|menina
SOU_JAG,2023,nicholas|wilson
SOU_JAG,2023,anthony|fidanza
SOU_JAG,2023,drew|lasseigne
CAN_GRI,2023,peltier|tom
CAN_GRI,2023,consigli|peyton
CAN_GRI,2023,aduddle|bryan
CAN_GRI,2023,brett|kochanski
WES_MOU,2023,chris|sleeper
CAN_GRI,2023,sam|staerker
MER_COL1,2023,heisner|peyton
MER_COL1,2023,collins|jack
RIC_SPI,2023,cole|hentschel
MER_COL1,2023,dawson|logie
MER_COL1,2023,damon|fuller
MIC_WOL,2023,barr|kurt
OAK_GOL,2023,bryce|konitzer
MIC_WOL,2023,mitchell|voit
MIC_WOL,2023,cameron|hart
FGCU,2023,jackson|woodward
TRO_TRJ,2023,nick|woolfolk
ALA_HOR,2023,allred|jackson
TEX_LON,2023,grubbs|max
OHI_BOB,2023,carter|sabol
OHI_BOB,2023,dillon|masters
PEN_NIT,2023,blaise|sclafani
JUD,2023,long|richard
JUD,2023,bryce|fisher
JUD,2023,alley|leighton
JUD,2023,chris|lotito
OKL_SOO,2023,braden|carmichael
UNL_REB,2023,hanson|jordan
OKL_SOO,2023,aaron|weber
VAN_COM,2023,jd|thompson
UMASS_RIV,2023,becker|joshua
NOR_DEM,2023,froehlich|kyle
DAY_FLY,2023,jake|tedesco
MIA_RED,2023,egbert|kenten
COA_COU,2023,ian|sexton
COA_COU,2023,austin|weaver
COA_COU,2023,christian|keller
ALV_CCO,2023,caleb|garciarameau
ALV_CCO,2023,jakub|rayfield
SOU_SUB,2023,burke|james
ALV_CCO,2023,evan|mendoza
SOU_SUB,2023,max|rundberg
SOU_SUB,2023,mark|tor
ALV_CCO,2023,eaves|trent
SOU_SUB,2023,dawson|tanner
SOU_SUB,2023,adam|walters
LOU_BUL,2023,fraginals|nicholas
LOU_BUL,2023,justin|williams
MON_HAW,2023,alex|barker
MON_HAW,2023,ciaramella|dante
ION_GAE,2023,teo|torrado
ION_GAE,2023,lorenzetti|michael
RAD_HIG,2023,dylan|howard
PIT_PAN,2023,jack|sokol
PIT_PAN,2023,konuszewski|quin
WAK_DEA,2023,lowder|rhett
PRE_BLH,2023,duncan|howard
PUR_FOR,2023,deany|jd
PUR_FOR,2023,kyle|maurer
PUR_FOR,2023,jacob|paymaster
PUR_FOR,2023,rex|stills
PUR_FOR,2023,bryce|martens
PUR_FOR,2023,fee|kevin
WCC,2023,kyle|riesselmann
MIC_SPA,2023,rush|wyatt
WCC,2023,gavin|mortenson
WCC,2023,nick|torres
WCC,2023,matthew|schepel
WCC,2023,dante|visconti
WCC,2023,jonathan|todd
QUI_BOB,2023,hagan|jim
QUI_BOB,2023,hutchinson|ryan
QUI_BOB,2023,andrew|rubayo
QUI_BOB,2023,michael|poncini
SOU_COU,2023,cooper|hayden
SOU_COU,2023,spencer|stearns
VAL_CRU,2023,jacob|rosenkranz
VAL_CRU,2023,mintz|ryan
CEN_MIC,2023,culley|ryan
ALB_GRE,2023,cregg|scherrer
ALB_GRE,2023,pittz|ryan
ALB_GRE,2023,santabarbara|ty
ALB_GRE,2023,banner|dylan
DAY_FLY,2023,gatti|jj
PRA_PAN,2023,mendoza|victor
PRA_PAN,2023,aguado|devin
MCN_COW,2023,jt|moeller
MCN_COW,2023,payton|tinkler
KAN_WIL,2023,heyne|kyler
UAB_BLA,2023,jonah|smith
MIC_WOL,2023,cleveland|walker
MIS_DEL,2023,calvin|mcclendon
MIN_GOL,2023,deluga|noah
SOU_JAC,2023,jordan|sagedahl
PUR_BOI,2023,khal|stephen
NOK_NOR,2023,echeman|kaden
NOK_NOR,2023,lopez|matthew
NOK_NOR,2023,devenport|logan
NOK_NOR,2023,noah|sackenheim
NOK_NOR,2023,joey|perkins
RIC_SPI,2023,gipson|shane
SOU_LIO,2023,brennan|stuprich
SOU_LIO,2023,jackson|rodriguez
SOU_LIO,2023,hayden|robb
SOU_LIO,2023,bennett|levi
SOU_LIO,2023,hunter|otoole
HOL_CRU,2023,fox|luke
HOL_CRU,2023,augie|walters
NJI_HIG,2023,aaron|park
NJI_HIG,2023,aidan|kidd
TCU_HFG,2023,jax|traeger
COR_BRE,2023,keller|noah
COR_BRE,2023,carson|mayfield
COR_BRE,2023,beck|urofsky
COR_BRE,2023,stephens|william
COR_BRE,2023,josh|shea
COR_BRE,2023,august|biben
CAL_BEA,2023,andres|galan
CAL_BEA,2023,mauterer|vaughn
CAL_BEA,2023,jack|kirrer
CHA_BUC,2023,gleason|ryan
CHA_BUC,2023,aluko|simon
OLD_MON,2023,blake|morgan
OLD_MON,2023,bashara|vincent
OLD_MON,2023,buchanan|trent
HOU_COU,2023,merek|sears
OKL_SOO,2023,olejnik|peyton
BET_WIL,2023,lipthratt|louis
BET_WIL,2023,derrius|york
UTA_UTE,2023,cameron|day
UTA_UTE,2023,bransen|kuehl
UTA_UTE,2023,hostert|randon
BOC_EAG,2023,bradley|lombardi
NIC_COL,2023,theriot|tyler
USF_BUL,2023,jackson|justin
USF_BUL,2023,dylan|vega
USF_BUL,2023,caleb|pundsack
USF_BUL,2023,dietz|tyler
USF_BUL,2023,parker|seay
MON_HAW,2023,joey|ventresca
MON_HAW,2023,david|horvath
MON_HAW,2023,fraher|jake
MON_HAW,2023,aldrich|stephen
MON_HAW,2023,aldrich|stephen
ION_GAE,2023,carl|kuentzel
ION_GAE,2023,alex|hunt
ION_GAE,2023,davis|sean
LIB_FLA,2023,grubbs|talor
ORA_GOL,2023,hart|hudson
PIT_PAN,2023,kyle|mosley
WAK_DEA,2023,sean|sullivan
WAK_DEA,2023,hartle|josh
PRE_BLH,2023,diagiacomo|fenix
PRE_BLH,2023,charlie|mcdaniel
PUR_FOR,2023,jacob|myer
PUR_FOR,2023,brody|fine
PUR_FOR,2023,ayers|mac
MIC_SPA,2023,andrew|carson
KAN_JAY,2023,karter|muck
KAN_JAY,2023,evers|stone
KAN_JAY,2023,jj|tylicki
KAN_JAY,2023,cashero|hunter
MIC_SPA,2023,adam|berghorst
WCC,2023,brandon|eldridge
WCC,2023,dylan|wheeler
WCC,2023,eric|wallington
WCC,2023,adam|quincy
QUI_BOB,2023,blaisdell|tim
QUI_BOB,2023,alduino|matthew
NOT_IRI,2023,lynch|ryan
NOT_IRI,2023,caden|spivey
GIT_YEL,2023,demitri|diamant
ORE_BEA,2023,aj|lattery
OSU_BUC,2023,gehring|jacob
CSU_BAK,2023,carter|parcher
OSU_BUC,2023,cole|pauley
VAL_CRU,2023,connor|lockwood
ALB_GRE,2023,connor|eisenmann
ALB_GRE,2023,dimartino|michael
ALB_GRE,2023,birkman|owen
PRA_PAN,2023,dews|michael
PRA_PAN,2023,danny|mckay
UAB_BLA,2023,carson|myers
UAB_BLA,2023,abernathy|ben
UAB_BLA,2023,hutto|ty
UAB_BLA,2023,christian|clack
MOR_EAG,2023,bakke|john
TEN_VOL,2023,camden|sewell
SAM_BUL,2023,brody|westbrooks
MIS_DEL,2023,isaiah|valenzuela
MIS_DEL,2023,dylan|whitfield
MIS_DEL,2023,byrd|kameron
MIS_DEL,2023,james|snipes
MIS_DEL,2023,brown|ryan
MIN_GOL,2023,blazek|cam
WES_MOU,2023,carson|estridge
MSU_BDG,2023,dohm|nate
MSU_BDG,2023,brock|tapper
LIP_BIS,2023,patrick|williams
OKL_COW,2023,benzor|michael
OKL_COW,2023,dominick|reid
OKL_COW,2023,bogusz|ryan
PUR_BOI,2023,blackwell|jonathan
NOK_NOR,2023,ben|gerl
NOK_NOR,2023,klingenbeck|kyle
NOK_NOR,2023,carson|werrmann
NOK_NOR,2023,aaron|massie
TEX_AGG,2023,jaren|warwick
ORE_DUC,2023,grabmann|matthew
SOU_LIO,2023,kinzeler|will
SOU_LIO,2023,lance|lauve
SOU_LIO,2023,andrew|landry
SOU_LIO,2023,adam|guth
SOU_LIO,2023,aspholm|dalton
SOU_LIO,2023,connor|spencer
HBU_HUS,2023,jonathan|valdez
HBU_HUS,2023,jarek|wells
HOL_CRU,2023,scanlon|sean
HOL_CRU,2023,jake|mcosker
HOL_CRU,2023,danny|macchiarola
HOL_CRU,2023,jaden|wywoda
ILL_ILL,2023,bennett|gavin
MAN_JAS,2023,jack|mahoney
MAN_JAS,2023,packen|trey
COR_BRE,2023,ethan|hamill
COR_BRE,2023,edwards|spencer
COR_BRE,2023,porter|ryan
CHA_BUC,2023,evan|truitt
OLD_MON,2023,armstrong|sam
OLD_MON,2023,gomez|jacob
QUN_RYL,2023,evan|vandenbosch
UNC_SPA,2023,chris|gruskin
NEB,2023,gutierrez|jc
NOR_WOL,2023,andrew|shaffner
BET_WIL,2023,nolan|santos
BET_WIL,2023,daniel|gaviria
BET_WIL,2023,pablo|torres
UTA_UTE,2023,harris|jaden
UTA_UTE,2023,blake|whiting
BRO_BEA,2023,dubie|peter
SOU_IND16,2023,gavin|morris
NIC_COL,2023,desandro|devin
NIC_COL,2023,nico|saltaformaggio
CAL_MUS,2023,sagouspe|tanner
LOU_BUL,2023,reed|smith
LOU_BUL,2023,knight|tanner
ARK_RAZ,2023,christian|foutch
USF_BUL,2023,hunter|mink
USF_BUL,2023,cothren|jackson
USF_BUL,2023,austin|newton
USF_BUL,2023,jackson|justin
USF_BUL,2023,cebert|jack
RHO_RAM,2023,fernandez|zach
RHO_RAM,2023,carroll|cole
PIT_PAN,2023,fernandez|matthew
QUI_BOB,2023,kevin|seitter
QUI_BOB,2023,mason|ulsh
VAL_CRU,2023,cottrill|josh
STJ_RED,2023,kolhosser|xavier
ALB_GRE,2023,mariano|matthew
ALB_GRE,2023,quinn|thomas
ALB_GRE,2023,manetta|rob
ALB_GRE,2023,jessen|nick
MIS_DEL,2023,jose|salazarortega
NOK_NOR,2023,fraser|jackson
NOK_NOR,2023,brock|clayton
NOK_NOR,2023,casey|maniglia
RID_BRO,2023,christopher|montone
RID_BRO,2023,colby|mcneely
RID_BRO,2023,alloway|gavin
RID_BRO,2023,gavin|hawkes
MIZ_TIG,2023,neubeck|tony
SAN_TOR,2023,kysar|ryan
TEX_LON,2023,cody|howard
COR_BRE,2023,baker|von
TUL_GRE,2023,castro|ricky
PEN_QUA,2023,millikan|noah
CAL_BEA,2023,aivazian|robert
HOU_COU,2023,braden|forsyth
HOU_COU,2023,justin|murray
UTA_UTE,2023,jones|merit
NIC_COL,2023,jacob|mayers
NIC_COL,2023,galy|gavin
NIC_COL,2023,harper|jordan
CAL_MAT,2023,kenji|pallares
CAL_MAT,2023,bush|jackson
CAL_MAT,2023,jon|mocherman
CAL_MAT,2023,ryan|wentz
ASU_RED,2023,becker|grayson
LOY_LIO,2023,grimm|william
SAN_GAU,2023,elliot|gallegos
RIC_SPI,2023,jeremy|neff
UTA_UTE,2023,brady|maylett
TEX_RAI,2023,petty|zane
GEO_COL,2023,klein|shugy
NOR_WOL,2023,halford|jacob
ELO_PHO,2023,cole|reynolds
ELO_PHO,2023,dilella|sam
ELO_PHO,2023,bauer|spencer
SOU_RED,2023,michael|moore
WCC,2023,ryan|white
MCN_COW,2023,cade|hart
MCN_COW,2023,brett|payne
MCN_COW,2023,abraham|ty
CEN_BEA,2023,laufman|oliver
CEN_BEA,2023,brady|walker
CEN_BEA,2023,cade|fenton
CEN_BEA,2023,griffin|mason
CEN_BEA,2023,nelson|spencer
CEN_BEA,2023,dillan|janak
CEN_BEA,2023,busey|tate
LIP_BIS,2023,bryce|houghton
TEN_VOL,2023,fanning|hollis
JAC_TIG,2023,francis|thorne
JAC_TIG,2023,caraway|daelan
JAC_TIG,2023,erick|gonzales
WES_MOU,2023,cole|fehrman
APP_MOU,2023,seth|whitley
APP_MOU,2023,fisher|jordan
WES_MOU,2023,watson|will
WM_TRI,2023,garrett|newsome
NOR_SPA,2023,chinnia|kevin
NOR_SPA,2023,liam|royster
NOR_SPA,2023,mac|yarbrough
NOR_SPA,2023,horton|john
NOR_SPA,2023,joe|lafaye
NOR_SPA,2023,noah|wiggins
NOR_BIS,2023,carson|jacobs
NOR_BIS,2023,hunter|rosenbaum
JMU_DUK,2023,cone|jack
VCU_RAM,2023,maison|martinez
JMU_DUK,2023,ertlschweiger|ryan
JMU_DUK,2023,kuhle|max
JMU_DUK,2023,chase|hustead
STJ_HAW,2023,luke|zimmerman
STJ_HAW,2023,basarab|ryan
STJ_HAW,2023,patrick|shearer
WOF_TER,2023,marichal|matthew
WOF_TER,2023,buchanan|coulson
WOF_TER,2023,lucas|mahlstedt
IU,2023,aydan|deckerpetty
IU,2023,connor|foley
IU,2023,cooper|katskee
NOR_AGG,2023,simmons|trent
UNC_SPA,2023,king|price
NOR_AGG,2023,justin|poris
UNO_MAV,2023,harrison|kreiling
CAL_MUS,2023,baytosh|chris
SAN_DON,2023,hearn|will
SAN_DON,2023,blake|wittman
SAN_DON,2023,burdick|kai
SAN_DON,2023,lombard|weston
SAN_DON,2023,lepe|oscar
SAN_DON,2023,ac|cabrera
SAN_DON,2023,barrett|gabriel
RIC_SPI,2023,anderson|matthew
LON_LAN,2023,kevin|warunek
ARL_MAV,2023,hunter|marshall
THO_M,2023,huhn|tucker
THO_M,2023,jeremy|klick
THO_M,2023,kevin|millar
PRE_BLH,2023,mecchella|tyler
PRE_BLH,2023,nobles|william
DUK_BLU,2023,caleb|mcroy
ILL_ILL,2023,logan|tabeling
IND_SYC,2023,davidson|zach
WIU_LEA,2023,aron|harrington
CAM_CAM,2023,chandler|williford
CAM_CAM,2023,anderson|cade
RUT_SCA,2023,justin|sinibaldi
NIA_EAG,2023,nick|veselinovic
NIA_EAG,2023,hospital|steven
NIA_EAG,2023,cameron|zach
PUR_BOI,2023,avery|cook
COL_LION,2023,aj|valle
COL_LION,2023,evan|kleinhans
COL_LION,2023,healy|phil
LAM_CAR,2023,antonio|escano
LAM_CAR,2023,andres|perez
STJ_HAW,2023,mike|picollo
STJ_HAW,2023,davies|sam
HIG_PAN,2023,johannes|lopez
NOR_TAR,2023,carson|starnes
PEN_QUA,2023,cerwinski|john
VIL_WIL,2023,michael|whooley
VIL_WIL,2023,cole|vanderslice
PEN_QUA,2023,jake|moss
PEN_QUA,2023,marshall|mott
PEN_QUA,2023,delany|tommy
VIL_WIL,2023,connor|hale
HAW_WAR,2023,alex|giroux
HAW_WAR,2023,connor|harrison
NMS_AGG,2023,meza|treyjen
NMS_AGG,2023,maloney|matt
NMS_AGG,2023,sierra|william
FLO_PAN,2023,cabarcas|ryan
FLO_PAN,2023,chenier|evan
FLO_PAN,2023,cameron|knox
VIR_CAV,2023,angelo|tonas
JMU_DUK,2023,casey|smith
LIN_UNI,2023,preston|salazar
LIN_UNI,2023,haley|matthew
SPU_PEA,2023,gannon|jack
WIN_EAG,2023,alex|logusch
THO_M,2023,griffin|leiner
THO_M,2023,jack|zupfer
NIC_COL,2023,chat|hayes
NIC_COL,2023,cole|poirrier
JUD,2023,chrest|evan
NOF_OSP,2023,holden|peter
NOF_OSP,2023,bolton|lance
NOF_OSP,2023,avery|love
UTA_WOL,2023,gerling|logan
UTA_WOL,2023,ethan|fowlks
MIZ_TIG,2023,maltrud|rorik
ARI_WIL,2023,pluta|tony
UMA_AMH,2023,leblanc|max
UMA_AMH,2023,jack|pawloski
UMA_AMH,2023,harrigan|jackson
RHO_RAM,2023,sean|sposato
WAS_HUS,2023,boston|warkentin
ARL_MAV,2023,gabe|starks
OLD_MON,2023,holobetz|john
HAW_WAR,2023,abshier|randy
HAW_WAR,2023,bodendorf|harrison
HAW_WAR,2023,dyball|tyler
HAW_WAR,2023,atkins|tai
HAW_WAR,2023,losey|zach
BIN_BEA,2023,alex|henderson
NMS_AGG,2023,cortes|pablo
NMS_AGG,2023,aaron|treloar
NMS_AGG,2023,estrella|noah
FLO_PAN,2023,christian|santana
FLO_PAN,2023,pena|richie
FLO_PAN,2023,kevin|martin
LIN_UNI,2023,michael|walsh
LIN_UNI,2023,aaron|jungers
LEH_MOU,2023,taddei|val
SPU_PEA,2023,austin|rohlfing
WIN_EAG,2023,dyson|johnson
WIN_EAG,2023,bookbinder|josh
THO_M,2023,blesch|jack
JUD,2023,christian|graham
JUD,2023,allman|tommy
JUD,2023,divine|valle
JUD,2023,murphy|parker
GEO_HOY,2023,kyle|salley
GEO_HOY,2023,cody|jensen
SIE_SAI,2023,arlo|marynczak
SIE_SAI,2023,eddie|girtler
SIE_SAI,2023,tilton|tyler
SIE_SAI,2023,bates|ryan
SIE_SAI,2023,kyle|lev
NOF_OSP,2023,becker|trent
NOF_OSP,2023,dominick|madonna
NOF_OSP,2023,roca|tony
UTM_SKY,2023,henry|hobson
UTA_WOL,2023,mitch|mueller
UTA_WOL,2023,reece|rodabaugh
UTA_WOL,2023,chase|hennessey
ARI_WIL,2023,cameron|walty
WES_MOU,2023,beam|tommy
VIR_TEC,2023,andrew|sentlinger
UMA_AMH,2023,perrett|taylor
UMA_AMH,2023,lints|renn
UMA_AMH,2023,lesiuer|scott
UMA_AMH,2023,bennett|blake
UMA_AMH,2023,dylan|terwilliger
UMA_AMH,2023,charlie|devin
UMA_AMH,2023,dalton|tyler
UMA_AMH,2023,belliveau|sam
PAC_TIG,2023,guarin|marvcus
RHO_RAM,2023,brandon|hsu
RHO_RAM,2023,corey|savedoff
RHO_RAM,2023,connor|johnston
RID_BRO,2023,christopher|montone
VIL_WIL,2023,dziados|luke
ULM_WAR,2023,aidan|haynes
OLD_MON,2023,dechiaro|joey
CRE_BLU,2023,ryan|windham
CRE_BLU,2023,lamb|tommy
CRE_BLU,2023,lidd|marc
CRE_BLU,2023,malakai|vetock
NMS_AGG,2023,hoeft|tyler
NMS_AGG,2023,saul|soto
NMS_AGG,2023,hayden|johns
NMS_AGG,2023,hayden|walker
NMS_AGG,2023,benavidez|kade
FLO_PAN,2023,angel|tiburcio
FLO_PAN,2023,hernandez|orlando
FLO_PAN,2023,daniel|mcauliff
FLO_PAN,2023,jackson|ritchey
JMU_DUK,2023,grubbs|lliam
BEL_KNI,2023,steven|thom
LIN_UNI,2023,bennett|stice
LIN_UNI,2023,brody|roach
LIN_UNI,2023,easton|rakers
QUI_BOB,2023,aaron|zenus
GIT_YEL,2023,bogue|logan
WIN_EAG,2023,huge|riley
WIN_EAG,2023,butcher|nate
WIN_EAG,2023,rose|zan
WIN_EAG,2023,brady|houston
CLE_TIG,2023,hughes|rob
JUD,2023,carver|jack
JUD,2023,barquin|blake
JUD,2023,aidan|kelly
GEO_HOY,2023,mead|tyler
DAY_FLY,2023,christopher|peguero
DAY_FLY,2023,jacob|wilson
SIE_SAI,2023,noah|wieczorak
SIE_SAI,2023,bill|rice
SIE_SAI,2023,collins|ramsey
SIE_SAI,2023,paltridge|richard
SIE_SAI,2023,bentz|sebastian
BRA_BRA,2023,jacob|norris
MIC_WOL,2023,ryan|zimmer
MIC_WOL,2023,john|torroella
NOF_OSP,2023,boroski|clayton
NOF_OSP,2023,halstead|stephen
KAN_JAY,2023,haarer|toby
CIT_BUL,2023,graf|simon
CIT_BUL,2023,brandon|gielow
UTA_WOL,2023,burkett|jayse
UTA_WOL,2023,anderson|casey
NJI_HIG,2023,brandon|peterson
RHO_RAM,2023,crowley|gavin
RHO_RAM,2023,connor|grotyohann
OLD_MON,2023,brown|dylan
OLD_MON,2023,ben|moore
CRE_BLU,2023,daniel|hammond
CRE_BLU,2023,curtin|shane
SOU_RED,2023,gavin|johnson
UTA_WOL,2023,colton|kennedyy
UTA_WOL,2023,nick|sims
UTA_WOL,2023,davis|spencer
UTA_WOL,2023,drew|woody
UTA_WOL,2023,devin|smith
UTA_WOL,2023,austin|watson
UTA_WOL,2023,brown|josh
HIG_PAN,2023,burgess|william
BUC_BIS,2023,bryce|reimer
VIL_WIL,2023,michael|whooley
BUC_BIS,2023,henry|novicki
FLA_GAT,2023,nesbitt|tyler
FLA_GAT,2023,cade|fisher
FLA_GAT,2023,ficarrotta|nick
FLA_GAT,2023,abner|philip
FLA_GAT,2023,brandon|neely
SIE_SAI,2023,arnad|mulamekic
SIE_SAI,2023,hien|randall
POR_PIL,2023,johnson|zach
MIN_GOL,2023,ben|shepard
ILL_RED,2023,foy|justin
TOW_TIG,2023,andalo|santangelo
TOW_TIG,2023,jacob|whiteman
TOW_TIG,2023,brandon|jung
TOW_TIG,2023,bobby|spencer
TOW_TIG,2023,lynch|matthew
TOW_TIG,2023,russo|tyler
TOW_TIG,2023,dominic|valis
KAN_WIL,2023,cole|wisenbaker
THO_M,2023,albarran|gutierrez|santiago
WCC,2023,jackson|kirkpatrick
GRA_TIG,2023,esteban|tavarez
LOU_CAJ,2023,connor|doucet
BIN_BEA,2023,aidan|pawlak
PEN_NIT,2023,anthony|steele
NEW_PRI,2023,jack|williams
NEW_PRI,2023,gauthe|tod
HOF_PRI,2023,mckenna|mike
ARK_LIO,2023,ehling|jacob
MIC_WOL,2023,brandon|mann
ALA_LIO,2023,avery|brown
SAM_BUL,2023,blake|bortak
SAM_BUL,2023,clevenger|heath
UAB_BLA,2023,oclair|tyler
ALA_CRI,2023,aidan|moza
UAB_BLA,2023,perry|zaylen
IWC,2023,ej|garcia
IWC,2023,walls|westin
ARI_WIL,2023,long|trevor
MAR_THU,2023,chad|heiner
MAR_THU,2023,blevins|bryce
MAR_THU,2023,nicholas|weyrich
MAR_THU,2023,eddie|leon
NOR_AGG,2023,avery|cain
NOR_AGG,2023,evan|hart
TAR_TEX,2023,campa|isiah
TAR_TEX,2023,hutson|peyton
TAR_TEX,2023,cordaway|jon
TAR_TEX,2023,corgiat|dom
TAR_TEX,2023,devon|patel
TAR_TEX,2023,mcelyea|piercen
TAR_TEX,2023,poe|zach
NOK_NOR,2023,aiden|bradbury
SIE_SAI,2023,alistair|morin
FRE_BUL,2023,arreola|victor
FRE_BUL,2023,aidan|cremarosa
FRE_BUL,2023,armstrong|bryce
FRE_BUL,2023,springer|william
FRE_BUL,2023,peters|robbie
FRE_BUL,2023,acosta|jaykob
FRE_BUL,2023,statzer|zach
GEO_HOY,2023,kai|leckszas
GEO_HOY,2023,collin|garner
GVU_VIK,2023,conn|drew
GVU_VIK,2023,horn|jonathan
GVU_VIK,2023,jacob|wolver
GVU_VIK,2023,armstrong|cade
GVU_VIK,2023,neese|zach
GVU_VIK,2023,lagow|mondre
GVU_VIK,2023,devin|doyle
GVU_VIK,2023,canny|connor
GVU_VIK,2023,jacob|ryan
IOW_HAW,2023,caleb|strack
QUI_BOB,2023,evan|jasek
BOC_EAG,2023,delongchamp|luke
SAN_SPA,2023,ethan|ross
SAN_SPA,2023,drew|stapleton
SAN_SPA,2023,gutierrez|jesse
LEH_MOU,2023,thompson|tyler
SOU_LIO,2023,jay|long
SOU_LIO,2023,reid|reynolds
SOU_LIO,2023,harrington|trey
PSU_PRA,2023,chad|rogers
PSU_PRA,2023,coffin|jacob
MIC_SPA,2023,nick|powers
WMI_BRO,2023,josh|swinehart
HOF_PRI,2023,penn|sealey
OSU_BUC,2023,eisenhardt|george
TOL_ROC,2023,rj|shunck
TOL_ROC,2023,brennan|mccune
TOW_TIG,2023,justin|rebok
TOW_TIG,2023,luis|riveranunez
TOW_TIG,2023,max|simpson
FLO_RAT,2023,jared|townsend
FLO_RAT,2023,josh|scragg
TRO_TRJ,2023,beau|fletcher
COL_LION,2023,miller|sam
NOR_CAT,2023,farinelli|michael
NOR_CAT,2023,ethan|sund
NOR_CAT,2023,jack|sauser
NOR_CAT,2023,david|utagawa
NOR_CAT,2023,ben|grable
SOU_JAG,2023,daren|smith
HOU_COU,2023,egan|tom
SOU_JAG,2023,deonte|dotson
SOU_JAG,2023,ashton|riley
SOU_JAG,2023,carlos|tumpkin
HOU_COU,2023,dollar|ryan
FAU_OWL,2023,cj|williams
FAU_OWL,2023,martzolf|max
FAU_OWL,2023,degusipe|marc
FAU_OWL,2023,murphy|tyler
FAU_OWL,2023,brandon|smith
FAU_OWL,2023,drumheller|sam
FAU_OWL,2023,del|nicholas|prado
FAU_OWL,2023,boully|bryan
VIR_MIL,2023,james|newsome
VIR_MIL,2023,hunter|sipe
VIR_MIL,2023,barker|ty
VIR_MIL,2023,jack|thompson
VIR_MIL,2023,alstine|marcus|van
VIR_MIL,2023,caden|plummer
VIR_MIL,2023,hawley|nathan
VIR_MIL,2023,clarke|driscoll
VIR_MIL,2023,andrew|jones
VIR_MIL,2023,alex|larou
STM_GAE,2023,aiden|taurek
STM_GAE,2023,ryan|sanders
STM_GAE,2023,howey|preston
STM_GAE,2023,david|thomas
STM_GAE,2023,ryan|wiltse
STM_GAE,2023,damozonio|john
SEA_UNI,2023,alwood|luke
SEA_UNI,2023,cameron|dayton
CAL_ANT,2023,david|vizcaino
CAL_ANT,2023,michael|stanford
CAL_ANT,2023,cameron|wheeler
CAL_ANT,2023,brooks|tanner
TOW_TIG,2023,brett|selis
TOW_TIG,2023,nabholz|nate
STE_LUM,2023,caleb|rutledge
CAL_MAT,2023,braun|lucas
CAL_MAT,2023,cody|hayden
DAR_GRE,2023,sarcone|trystan
GEO_PAT,2023,ben|shields
GEO_PAT,2023,kyle|smith
GEO_PAT,2023,lamere|nolan
GEO_PAT,2023,britt|yount
WAS_COU,2023,liam|miller
WMI_BRO,2023,geshel|james
FRE_BUL,2023,henderson|ixan
FRE_BUL,2023,anker|jack
FRE_BUL,2023,hopfe|tommy
COR_BRE,2023,ethan|hamill
YAL_BUL,2023,capell|mark
COR_BRE,2023,carson|mayfield
USC_UPS,2023,julian|parson
GEO_PAN,2023,brian|garmon|ii
KS_GF,2023,ben|cruikshank
KS_GF,2023,cariaco|peyton
KS_GF,2023,bickerstaff|calvin
KS_GF,2023,mitchell|scott
KS_GF,2023,benny|roebuck
KS_GF,2023,joe|whitman
KS_GF,2023,dell|richie
KS_GF,2023,jordan|kolenda
KS_GF,2023,caughey|ciaran
KS_GF,2023,jaden|varner
NOR_DEM,2023,gates|grayson
MON_HAW,2023,mason|miller
UTS_ROA,2023,luke|malone
UTS_ROA,2023,miller|simon
TEX_BOB,2023,levi|wells
TEX_BOB,2023,carson|keithley
TEX_BOB,2023,otto|wofford
TEX_BOB,2023,dylan|kerbow
TEX_BOB,2023,gann|mccray
TEX_BOB,2023,peterson|sam
WCC,2023,kyle|riesselmann
HOU_COU,2023,canizares|matthew
UMA_AMH,2023,bennett|blake
PEP_WAV,2023,chonkich|zach
SEA_UNI,2023,german|nestor
SEA_UNI,2023,hogan|kian
SEA_UNI,2023,hoover|mason
SEA_UNI,2023,hanson|sam
SEA_UNI,2023,alberghini|kaden
CAL_ANT,2023,danny|suarez
CAL_ANT,2023,higgins|sean
CAL_ANT,2023,jacob|king
TOW_TIG,2023,ethan|pecko
TOW_TIG,2023,clowar|shayne
TOW_TIG,2023,cam|clark
STM_GAE,2023,connor|linchey
STM_GAE,2023,adam|enyart
STM_GAE,2023,lamb|riley
STM_GAE,2023,ryan|spalliero
STM_GAE,2023,cuffe|owen
STM_GAE,2023,ryan|taurek
CAL_MAT,2023,bainton|thomas
CAL_MAT,2023,isaac|ontiveros
CAL_MAT,2023,martinez|xavier
CAL_MAT,2023,joshua|romero
GEO_PAT,2023,chad|gartland
GEO_PAT,2023,edmonds|ryan
ECU_PIR,2023,ginn|landon
MEX_LOB,2023,bannister|will
IOW_HAW,2023,christophersen|will
WMI_BRO,2023,hoover|matthew
FRE_BUL,2023,dixon|jake
FRE_BUL,2023,garcia|trevor
ARK_RAZ,2023,christian|foutch
FLA_GAT,2023,brandon|sproat
FLA_GAT,2023,hurston|waldrep
NOR_DEM,2023,alex|makarewich
NOR_DEM,2023,collins|gus
NOR_DEM,2023,oconnor|tim
NOR_DEM,2023,ethan|francis
MON_HAW,2023,bearse|ryan
UTS_ROA,2023,quiroga|ulises
UTS_ROA,2023,daniel|garza
UTS_ROA,2023,beaird|ryan
UTS_ROA,2023,maldonado|robbie
TEX_BOB,2023,medrano|nathan
TEX_BOB,2023,bush|cameron
TEX_BOB,2023,austin|smith
KAN_JAY,2023,grant|parker
NOR_CAT,2023,reed|smith
NOR_CAT,2023,garewal|sam
SAL_JAG,2023,kylan|stepter
SAL_JAG,2023,robbie|yates
GON_BUL,2023,matthew|mueller
SEA_UNI,2023,blake|smith
SEA_UNI,2023,alberghini|kai
CAL_ANT,2023,cooper|robinson
STE_LUM,2023,carter|hines
CAL_MAT,2023,aidan|colin
CAL_MAT,2023,feist|neil
DAR_GRE,2023,devin|milberg
GEO_PAT,2023,christian|mracna
FRE_BUL,2023,angelo|roman
COR_BRE,2023,gerfen|john
COR_BRE,2023,porter|ryan
CAL_BEA,2023,lozovoy|matt
MIS_BEA,2023,gollert|taeg
STJ_RED,2023,roche|tyler
KS_GF,2023,chalus|eric|jr
FLA_GAT,2023,caglianone|jac
FLA_GAT,2023,blake|purnell
FLA_GAT,2023,arroyo|chris
UTS_ROA,2023,royse|zachary
UTS_ROA,2023,riojas|ruger
CIN_BEA,2023,conner|linn
ARL_MAV,2023,hammond|harrison
HAR_CRI,2023,chris|clark
HAR_CRI,2023,pryor|thomas
HAR_CRI,2023,timothy|williamson
HAR_CRI,2023,matson|sean
HAR_CRI,2023,callan|fang
SOU_IND16,2023,sliger|zach
ION_GAE,2023,clark|eder
VIL_WIL,2023,brandon|siegenthaler
ARK_RAZ,2023,ben|mclaughlin
BRA_BRA,2023,theo|zeidler
MOR_EAG,2023,taylor|zach
MOR_EAG,2023,luke|lyman
PEP_WAV,2023,chase|landis
HIG_PAN,2023,snyder|tristan
LEH_MOU,2023,anthony|gonzalez
LEH_MOU,2023,mullock|ryan
LEH_MOU,2023,lamar|tommy
NCA_BUL,2023,groves|michael
PIT_PAN,2023,holden|phelps
PIT_PAN,2023,oswald|zack
MAR_THU,2023,agemy|cole
MAR_THU,2023,pacella|ray
MAR_THU,2023,drew|harlow
OSU_BUC,2023,jones|logan
OSU_BUC,2023,landon|price
NIU_HUS,2023,matt|salmonson
NOR_CAT,2023,morr|nolan
NOR_CAT,2023,coby|moe
HAR_CRI,2023,jacobsen|will
HAR_CRI,2023,jack|smith
HOL_CRU,2023,dilauro|jack
HAR_CRI,2023,narottam|uday
HAR_CRI,2023,james|kirkpatrick
HAR_CRI,2023,harrison|stovern
CEN_MIC,2023,christian|mitchelle
ALA_HOR,2023,brooks|devin
NOR_SPA,2023,antonio|velasquez
NOR_SPA,2023,manzer|nolan
NOR_SPA,2023,joe|lafave
NOR_SPA,2023,matt|stanley
VCU_RAM,2023,brian|curley
NOR_SPA,2023,barham|dalton
NOR_SPA,2023,donovan|whitfield
GRA_CAN,2023,carter|young
GRA_CAN,2023,grant|richardson
GRA_CAN,2023,heaton|tyson
GRA_CAN,2023,shawn|triplett
GRA_CAN,2023,cody|tucker
GRA_CAN,2023,hunter|omlid
GAR_RUN,2023,bartman|reid
GAR_RUN,2023,michael|portela
GAR_RUN,2023,joseph|miceli
LIN_CCW,2023,alder|nick
LIN_CCW,2023,burgess|spencer
LIN_CCW,2023,brian|mannion
LIN_CCW,2023,hurley|wyatt
LIN_CCW,2023,kovac|steve
WAS_COU,2023,barison|connor
LIN_CCW,2023,grant|knox
LIN_CCW,2023,jacquot|jhett
LIN_CCW,2023,connor|nelson
LIN_CCW,2023,gavin|ludlow
GEO_PAT,2023,martins|nick
LON_LAN,2023,dolberry|michael
EVA_ACE,2023,peterson|willard
AIR_FOR,2023,hawks|sawyer
SAC_PIO,2023,price|trent
MON_HAW,2023,nick|tamburro
MON_HAW,2023,kent|tommy
MON_HAW,2023,jonathan|peterson
DAY_FLY,2023,caden|tarango
DIX_STE,2023,evan|vasiliou
TEX_ISL,2023,hayden|thomas
TEX_ISL,2023,jaime|jr|ramirez
TEX_ISL,2023,matthew|watson
TEX_ISL,2023,dickey|kyle
ARK_RAZ,2023,gage|wood
BRY_BUL,2023,bradley|ryan
BRY_BUL,2023,burrows|jared
UNC_SEA,2023,benton|cody
SAN_SPA,2023,cammarata|joey
SAN_SPA,2023,james|shimashita
SIU_SAL,2023,ben|chapman
SIU_SAL,2023,harper|scott
SIU_SAL,2023,bonzagni|paul
SIU_SAL,2023,jake|kuntzendorf
NOF_OSP,2023,angevine|ty
GEO_PAN,2023,bell|david
BGS_FAL,2023,isaiah|seidel
CEN_MIC,2023,evan|waters
CEN_MIC,2023,bach|jack
SAN_BRO,2023,blake|hammond
HAR_CRI,2023,driver|jay
HAR_CRI,2023,jordheim|porter
NOR_CAT,2023,matthew|mcclure
NOR_CAT,2023,keenan|ryan
STB_BON,2023,jonny|lintell
STB_BON,2023,andrew|ayers
STB_BON,2023,klodowski|nathan
MT,2023,jackson|lyons
MT,2023,glenn|green
MIZ_TIG,2023,carlos|pena
VIR_CAV,2023,chase|hungate
MAR_THU,2023,copen|patrick
ULM_WAR,2023,barlow|cam
MAR_THU,2023,capuano|ryan
GEO_COL,2023,anthony|germinerio
TEX_ISL,2023,feltz|samuel
TEX_ISL,2023,james|trimble
TEX_ISL,2023,gibbs|kody
NOR_AGG,2023,meachem|xavier
SIU_SAL,2023,combs|jake
SIU_SAL,2023,dermody|easton
SIU_SAL,2023,bloemer|jordan
JMU_DUK,2023,joe|vogatsky
NOF_OSP,2023,ohme|will
NOF_OSP,2023,brody|maynard
EVA_ACE,2023,jace|kressin
AIR_FOR,2023,doyle|gehring
UNL_REB,2023,czerniawski|zac
CAL_AGO,2023,braydon|wooldridge
CSU_BAK,2023,jr|tally|wright
BGS_FAL,2023,good|nic
LOU_CAJ,2023,lafleur|trey
SAN_BRO,2023,brandon|gomez
SAN_BRO,2023,cade|pilchard
LSU_TIG,2023,gavin|guidry
ALA_LIO,2023,barnett|caden
STJ_HAW,2023,desanto|ryan
STJ_HAW,2023,matt|mcshane
FLO_PAN,2023,daniel|mcauliff
FLO_PAN,2023,fernandez|mario
MT,2023,dalton|fowler
MT,2023,ellis|luke
MT,2023,carson|stinnett
GEO_HOY,2023,ayden|head
GEO_HOY,2023,andrew|jergins
GEO_HOY,2023,alexander|fenton
TEX_ISL,2023,evans|hendricks
TEX_ISL,2023,austin|dean
BUC_BIS,2023,hadley|maxwell
BUC_BIS,2023,connor|vucovich
ALA_CRI,2023,garrett|mcmillan
NOR_AGG,2023,brown|jaheim
SIU_SAL,2023,lewis|tanner
SIU_SAL,2023,matthew|steidl
SIU_SAL,2023,perry|tanner
SIU_SAL,2023,shane|wilhelm
MAR_TER,2023,haberthier|nathan
AIR_FOR,2023,seungmin|shim
AIR_FOR,2023,collier|joey
GEO_PAN,2023,aidan|mcallister
GEO_PAN,2023,chastain|davis
HAW_WAR,2023,ben|zeigler
HAW_WAR,2023,ichimura|trevor
CSU_BAK,2023,gutierrez|jacob
MIC_WOL,2023,brandon|lawrence
ILL_ILL,2023,hutchings|payton
LAF_LEP,2023,dylan|siesky
PIT_PAN,2023,evans|logan
CHA_BUC,2023,robinson|zachary
CHA_BUC,2023,daniel|padysak
KAN_WIL,2023,collin|rothermel
CEN_MIC,2023,christian|mitchelle
SAN_BRO,2023,nick|sando
IU,2023,ball|nathan
IU,2023,ethan|phillips
WCC,2023,mcgonigal|paddy
HAR_CRI,2023,callan|fang
HAR_CRI,2023,jack|smith
NOR_CAT,2023,benneche|luke
BEL_KNI,2023,christopher|connor
BEL_KNI,2023,crew|egan
FLO_PAN,2023,bryan|pazos
MT,2023,garner|seth
MT,2023,durham|jt
HOU_COU,2023,jose|torrealba
MAR_THU,2023,addkison|zac
STE_LUM,2023,crew|wilson
STE_LUM,2023,gonzalez|jason
UCLA,2023,ethan|flanagan
SOU_TRO,2023,ebner|michael
JUD,2023,dakota|stone
NOR_CAT,2023,andrew|dickson
NOR_CAT,2023,comstock|grant
NOR_CAT,2023,dyke|jack
SOU_LIO,2023,aaron|hosack
SOU_LIO,2023,lakin|polk
NIC_COL,2023,hillen|trent
NIC_COL,2023,chase|richter
NIC_COL,2023,barron|sawyer
NIC_COL,2023,alexander|llinas
MER_BEA,2023,fred|wilson
FLO_RAT,2023,morea|zach
MER_BEA,2023,connor|folds
FLO_RAT,2023,garrett|green
FLO_RAT,2023,dunbar|tyler
MSU_BDG,2023,hardin|tyson
MSU_BDG,2023,cheatham|cole
OSU_BUC,2023,josh|timmerman
KS_GF,2023,jack|kartsonas
KS_GF,2023,jaden|varner
TEX_BOB,2023,peyton|zabel
TEX_BOB,2023,jonathan|martinez
TEX_BOB,2023,mccaffety|rhett
TEX_BOB,2023,dixon|triston
TEX_BOB,2023,jack|stroud
JMU_DUK,2023,cj|czerwinski
RIC_SPI,2023,gersky|will
WMI_BRO,2023,avery|thielman
WMI_BRO,2023,kelly|michael
WIN_EAG,2023,lumpkin|reese
UCO_HUS,2023,quigley|stephen
UCO_HUS,2023,ellisen|tommy
UCO_HUS,2023,coe|garrett
UCO_HUS,2023,devin|kirby
UCO_HUS,2023,afthim|brady
UCO_HUS,2023,fogell|zach
TEX_LON,2023,kobe|minchey
KEN_WIL,2023,gannon|reed
RAD_HIG,2023,flicek|jacob
HOU_COU,2023,braedyn|cunningham
UCF_KNI,2023,cam|leiter
UCF_KNI,2023,balzer|julian
UCF_KNI,2023,castellano|dominic
UCF_KNI,2023,kristopher|sosnowski
SAL_JAG,2023,leif|moore
SAL_JAG,2023,caden|homniok
LAM_CAR,2023,williams|zach
LAM_CAR,2023,gavin|green
WES_HIL,2023,gothrup|jacob
RID_BRO,2023,craig|pj
RID_BRO,2023,aiello|christian
ULM_WAR,2023,lindsay|trey
LIT_TRO,2023,camden|sargent
LIT_TRO,2023,frers|lukas
LIT_TRO,2023,mcdonough|scott
LIT_TRO,2023,brewer|hoss
ULM_WAR,2023,christopher|kean
SET_PIR,2023,anthony|ehly
STM_GAE,2023,jason|reitz
PEP_WAV,2023,chester|jack
STM_GAE,2023,jack|snook
CAL_HIG,2023,david|oneill
SAN_DON,2023,ryan|yerby
SAN_DON,2023,jones|max
SAN_DON,2023,matthew|mcconnell
SAN_AZT,2023,brian|leonhardt
SAN_AZT,2023,cardenas|iii|xavier
GEO_PAN,2023,chad|treadway
UCO_HUS,2023,cooke|ian
UCO_HUS,2023,michael|quigley
UCO_HUS,2023,fogell|zach
UCO_HUS,2023,justin|willis
APP_MOU,2023,beaty|jake
ASU_RED,2023,draper|hunter
DEL_HOR,2023,hunter|thompson
BAL_CAR,2023,klein|sam
BAL_CAR,2023,brady|owens
TCU_HFG,2023,hodges|hunter
SOU_IND16,2023,alex|wilzbach
SOU_IND16,2023,bowling|brady
HOF_PRI,2023,danny|kelleher
HAR_HAW,2023,alec|couture
HAR_HAW,2023,dooley|joe
SAN_DON,2023,barron|jesse
UCF_KNI,2023,cain|cameron
TEX_RAI,2023,bridges|derek
JMU_DUK,2023,mozoki|todd
UNL_REB,2023,george|nolan
RHO_RAM,2023,jeremy|urena
KEN_OWL,2023,franklin|tanner
CEN_BEA,2023,bryce|parlin
TEX_BOB,2023,anthony|robie
STM_GAE,2023,garret|plata
STM_GAE,2023,rice|sam
CAL_MUS,2023,jakob|wright
HAR_HAW,2023,chaney|robert
HAR_HAW,2023,almanzar|edwin|jr
HAR_HAW,2023,benzinger|derek
HAR_HAW,2023,colella|jack
SAN_DON,2023,adam|shew
SAN_DON,2023,holzemer|hunter
NOR_BIS,2023,endres|zak
VAL_CRU,2023,josh|spencer
UCO_HUS,2023,andrew|sears
UCO_HUS,2023,jack|sullivan
CEN_BEA,2023,charlie|christensen
FLA_GAT,2023,fisher|jameson
DEL_HOR,2023,moren|tanner
ILL_ILL,2023,connor|milton
RIC_OWL,2023,garrett|stratton
UNC_SPA,2023,jeremy|wolf
PEN_QUA,2023,brian|zeldin
HOF_PRI,2023,brad|camarda
THO_M,2023,ben|taxdahl
THO_M,2023,joe|vos
AIR_FOR,2023,crump|jaxson
LOY_LIO,2023,clark|cole
LOY_LIO,2023,mullan|ryan
SBU_SEA,2023,hobb|jerek
SBU_SEA,2023,cade|thompson
SBU_SEA,2023,eric|foster
SAN_BRO,2023,nico|stanley
SAN_BRO,2023,caden|wooster
LIT_TRO,2023,chance|vaught
LIT_TRO,2023,nelson|smith
LIT_TRO,2023,calvin|hunt
COR_BRE,2023,kimura|story
BIN_BEA,2023,aidan|pawlak
SAN_SPA,2023,cade|cushing
SAN_SPA,2023,ernt|trevor
OLD_MON,2023,burch|lladen
UNC_SEA,2023,tanner|thach
SOU_COU,2023,benner|ian
ELO_PHO,2023,cole|reynolds
ELO_PHO,2023,joe|sprake
ILL_RED,2023,kolton|scherbenske
ILL_ILL,2023,ben|plumley
HIL_COL2,2023,biedenharn|caleb
HIL_COL2,2023,drew|olssen
HIL_COL2,2023,endres|kolin
HIL_COL2,2023,brendan|pochmara
HIL_COL2,2023,nate|waligora
HIL_COL2,2023,drew|erdei
HIL_COL2,2023,brandon|scott
MUR_RAC,2023,boynton|matt
MUR_RAC,2023,holler|nathan
STA_CAR,2023,matt|swartz
TEN_VOL,2023,andrew|behnke
LOU_BUL,2023,caden|copeland
LOY_LIO,2023,kolby|schiffer
EVA_ACE,2023,eric|roberts
AKR_ZIP,2023,kahook|yassir
UIC_FLA,2023,lawler|reece
UIC_FLA,2023,gould|zak
NOR_CAT,2023,kellen|pate
MT,2023,caden|robinson
MT,2023,casto|daniel
MT,2023,chase|kessinger
SAN_DON,2023,kaleb|woltz
IND_SYC,2023,jacob|pruitt
IND_SYC,2023,cole|gilley
LAM_CAR,2023,jeremy|rivera
TEX_LON,2023,cameron|obanan
NMS_AGG,2023,cade|swenson
NMS_AGG,2023,sakemi|soto
MIA_RED,2023,blackmore|lawson
MIA_RED,2023,nick|vardavas
SAM_BEA,2023,christensen|tucker
SAM_BEA,2023,grantland|james
HOU_COU,2023,lott|malachi
SAM_BEA,2023,davis|tyler
WIC_SHO,2023,dunn|patrick
USC_UPS,2023,nate|thomas
USC_UPS,2023,derek|sivec
SLU_BILL,2023,caleb|thomson
SLU_BILL,2023,dumont|jack
SLU_BILL,2023,colby|downard
SLU_BILL,2023,holmes|jackson
SLU_BILL,2023,fremion|grant
SLU_BILL,2023,hendrickson|reid
SLU_BILL,2023,brock|graf
SLU_BILL,2023,gasser|luke
SLU_BILL,2023,ben|cherico
ALA_LIO,2023,brycen|parrish
ALA_LIO,2023,henrich|kevin
VAN_COM,2023,colton|regen
ARM_BLA,2023,hart|will
LIT_TRO,2023,erik|mcknight
LIT_TRO,2023,austin|stubber
LIT_TRO,2023,jacob|weatherley
UWM_PAN,2023,andy|neu
UWM_PAN,2023,mathews|sam
UWM_PAN,2023,adrian|montilva
UWM_PAN,2023,dj|kojis
UWM_PAN,2023,kaufmann|keagon
RAD_HIG,2023,ben|keefe
RAD_HIG,2023,hage|wyatt
BEL_KNI,2023,brady|morse
TEX_TIG,2023,adolf|castillo
TEX_TIG,2023,james|malone
TEX_TIG,2023,brody|wilson
MIC_SPA,2023,brian|martin
OAK_GOL,2023,chase|keeney
ALC_BRA,2023,ford|jermel
ALC_BRA,2023,hayden|konkler
ALC_BRA,2023,braziel|kewan
ALC_BRA,2023,austin|delgado
ALC_BRA,2023,hopson|kameron
ALC_BRA,2023,lorenz|michael
ALC_BRA,2023,ford|kiki
OLE_REB,2023,alderman|kemp
SAN_DON,2023,aidan|schraeder
FOR_MAS,2023,enas|hayden
FOR_MAS,2023,jacob|paymaster
DAY_FLY,2023,baker|luke
FOR_MAS,2023,owen|willard
FOR_MAS,2023,brendan|reid
FOR_MAS,2023,jacob|myer
FOR_MAS,2023,kyle|maurer
FOR_MAS,2023,eli|tencza
TAR_TEX,2023,day|hunter
TAR_TEX,2023,garza|grant
TAR_TEX,2023,burcham|jake
GRA_CAN,2023,connor|markl
GRA_CAN,2023,bryan|webb
GRA_CAN,2023,blake|reilly
GRA_CAN,2023,jace|smith
MAI_BLA,2023,colin|fitzgerald
MAI_BLA,2023,baeyens|justin
MUR_RAC,2023,jacob|pennington
ILL_RED,2023,holcomb|zach
ELO_PHO,2023,justin|mitrovich
TOL_ROC,2023,kyle|music
UNI_BRI,2023,heppner|sean
UNI_BRI,2023,heppner|ryan
UNI_BRI,2023,daniel|orfaly
GEO_PAT,2023,logan|rumberg
GRA_CAN,2023,avitia|daniel
MAI_BLA,2023,caleb|leys
MAI_BLA,2023,gambradella|gianni
RAD_HIG,2023,ben|keefe
BUC_BIS,2023,jacob|terwilliger
BUC_BIS,2023,brady|swenson
BUC_BIS,2023,mikey|myro
BRA_BRA,2023,gus|lucas
GEO_COL,2023,cade|davis
APP_MOU,2023,henry|jeriah
JMU_DUK,2023,leikus|matt
MUR_RAC,2023,bryce|valero
BAL_CAR,2023,bargo|casey
WIU_LEA,2023,kapraun|tyler
MIC_SPA,2023,higgins|nolan
OSU_BUC,2023,cole|pauley
HAR_CRI,2023,cleary|cole
WM_TRI,2023,casey|green
ELO_PHO,2023,shea|sprague
TOL_ROC,2023,leininger|nathan
UNI_BRI,2023,brett|corbeth
UNI_BRI,2023,beitel|ryan
UNI_BRI,2023,daniel|sereda
TAR_TEX,2023,elston|reece
GRA_CAN,2023,thornton|zach
GRA_CAN,2023,grant|richardson
GRA_CAN,2023,nathan|ward
GRA_CAN,2023,carson|ohl
GRA_CAN,2023,brodie|coopervassalakis
MAI_BLA,2023,blaine|cockburn
MAI_BLA,2023,ryan|scott
MAI_BLA,2023,carson|colton
MAI_BLA,2023,andrew|chevarie
MAI_BLA,2023,lavigueur|luc
MAI_BLA,2023,geoff|mosseau
RAD_HIG,2023,hage|wyatt
IND_SYC,2023,lane|miller
GAR_RUN,2023,fox|phil
WAK_DEA,2023,ariola|joseph
KAN_JAY,2023,andrews|steven
MAR_TER,2023,matthew|orlando
MAR_TER,2023,logan|ott
ELO_PHO,2023,ryan|sprock
ELO_PHO,2023,ben|simon
RIC_OWL,2023,crews|jake
WIC_SHO,2023,adler|grant
TUL_GRE,2023,cleavinger|grant
HOU_COU,2023,coby|dejesus
CAL_LAN,2023,kittredge|ryan
BYU_COU,2023,dart|zac
GRA_CAN,2023,maddox|thornton
VAL_CRU,2023,kaleb|krier
UWM_PAN,2023,hoerter|ryan
UWM_PAN,2023,gilhaus|nick
UWM_PAN,2023,frey|riley
UWM_PAN,2023,deyoung|nate
NCA_BUL,2023,melton|nichols
NOR_UNI,2023,sager|tyler
NOR_UNI,2023,blaszak|lance
NOR_UNI,2023,jake|jekielek
NOR_UNI,2023,jeff|metzger
NOR_UNI,2023,aaron|miller
NOR_UNI,2023,danny|witbeck
NOR_UNI,2023,alderson|benji
SAC_HOR,2023,byrd|jaxon
SAC_HOR,2023,benjy|tucker
TEN_VOL,2023,sechrist|zach
TEN_TEC,2023,nicholas|vaccaro
LSU_TIG,2023,coleman|javen
STO_COL,2023,jonathan|rice
SAM_BUL,2023,angelakos|nicholas
SAM_BUL,2023,ahearn|colin
BAL_CAR,2023,bevis|blake
VIR_CAV,2023,avery|mabe
XAV_MUS,2023,jack|niedringhaus
XAV_MUS,2023,nathan|stahl
GAR_RUN,2023,jacob|mccaskey
HBU_HUS,2023,cashion|mitchell
LAF_LEP,2023,drew|smiley
LAF_LEP,2023,chmielewski|kyle
HOL_CRU,2023,jake|needham
GRA_CAN,2023,isaac|lyon
NAV_MID,2023,golden|liam
NAV_MID,2023,aidan|chamberlin
AIR_FOR,2023,cooper|loveridge
MAD_UNI,2023,mencotti|victor
MAD_UNI,2023,blain|nate
MAD_UNI,2023,cox|jacob
MAD_UNI,2023,danny|medlock
MAD_UNI,2023,brandon|rice
MAD_UNI,2023,garrett|kerr
MAD_UNI,2023,ethan|harper
MAD_UNI,2023,schaefer|wiskur
PRA_PAN,2023,breeden|elijah
BUT_BUL,2023,galdoni|lukas
TOL_ROC,2023,dillon|patrick
COL_CHA,2023,michael|schultz
COL_CHA,2023,nelson|peyton
ARI_SUN,2023,hansell|josh
BEL_BRU,2023,carter|park
BRA_BRA,2023,courson|zach
JMU_DUK,2023,ertlschweiger|ryan
BEL_BRU,2023,pryor|will
MIN_GOL,2023,novotny|tucker
OKL_COW,2023,brennan|phillips
FOR_RAM,2023,hoffman|peter
TEX_BOB,2023,colby|diaz
STJ_RED,2023,fauci|sonny
STJ_RED,2023,adams|ben
STJ_RED,2023,cereli|nick
STJ_RED,2023,cunningham|tim
FLA_GAT,2023,clete|hartzog
WCC,2023,henley|landon
DEL_BLU,2023,nelson|wyatt
MIS_BEA,2023,metz|reed
ULM_WAR,2023,chase|dejean
FAU_OWL,2023,cooley|hunter
FAU_OWL,2023,braden|ostrander
FAU_OWL,2023,jacob|josey
FAU_OWL,2023,robert|wegielnik
FAU_OWL,2023,evan|waterbor
TEX_BOB,2023,gould|reece
TEX_BOB,2023,buckingham|dalton
ALA_CRI,2023,hoopes|hunter
UTA_UTE,2023,garrison|sumner
SAN_TOR,2023,conner|thurman
FLA_GAT,2023,ryan|slater
EIU_PAN,2023,alba|mitchell
EIU_PAN,2023,hagen|joey
SOU_IND16,2023,morgan|tanner
VIL_WIL,2023,graham|moore
SLU_BILL,2023,henry|litman
SLU_BILL,2023,jack|weber
DAY_FLY,2023,baker|luke
SLU_BILL,2023,bel|ethan
SLU_BILL,2023,chaffin|owen
SLU_BILL,2023,evan|gray
WCC,2023,brosnahan|tommy
OLD_MON,2023,davis|kellen
NOF_OSP,2023,adams|brandon
TEX_BOB,2023,wood|zeke
BOC_EAG,2023,julian|tonghini
CSD_TRI,2023,chriss|donovan
CSD_TRI,2023,chris|gilmartin
CSD_TRI,2023,farmer|ryan
CSD_TRI,2023,hasegawa|sam
CSD_TRI,2023,seth|sumner
ILL_ILL,2023,gabe|helder
UPP_IOW,2023,jason|jennerjohn
UPP_IOW,2023,landon|stoppelmoor
UPP_IOW,2023,brennan|sefrit
UPP_IOW,2023,bill|mcgee
UPP_IOW,2023,austin|shingledecker
UPP_IOW,2023,alpert|braden
UPP_IOW,2023,meiners|thane
RUT_SCA,2023,ben|gorski
HEN_RED,2023,mitchell|szczygiel
HEN_RED,2023,owen|vanthillo
HEN_RED,2023,ethan|roark
HEN_RED,2023,blake|pennington
HEN_RED,2023,byrd|payton
BEL_KNI,2023,casey|sorg
UWM_PAN,2023,curtis|sheahan
UWM_PAN,2023,deleskiewicz|tyler
UWM_PAN,2023,dylan|szajkovics
TEX_AGG,2023,brad|rudis
GON_BUL,2023,kolby|solomon
AUS_GOV,2023,ashton|smith
SAM_BUL,2023,mason|mccormack
TEX_TIG,2023,justyn|valdez
TEX_TIG,2023,lamas|mateo
TEX_TIG,2023,carlos|ciavaldini|marquez|samuel
LAM_CAR,2023,ethan|oceguera
FAU_OWL,2023,dylan|oborne
FAU_OWL,2023,ball|dawson
CAL_MAT,2023,dominguez|ryan
CAL_MAT,2023,brayden|hiraki
SAN_TOR,2023,andrew|semo
WAG_SEA,2023,crouse|eric
CAL_LAN,2023,alfaro|eddie
CAL_BAP,2023,palmer|ryne
CAL_BAP,2023,jared|villalobos
TOW_TIG,2023,jackson|vantassell
FDU_KNI,2023,mazzota|nicholas
FDU_KNI,2023,gardner|patrick
FDU_KNI,2023,brendan|medoro
FDU_KNI,2023,goodlad|grant
MIA_RED,2023,galyean|tyler
CSD_TRI,2023,forcucci|ryan
CSD_TRI,2023,izaak|martinez
GRA_CAN,2023,quinn|walt
GRA_CAN,2023,elmore|rj
MUR_RAC,2023,alex|elsing
YAL_BUL,2023,chris|saladin
YAL_BUL,2023,dekay|jamis
JUD,2023,layton|perry
UTR_VAQ,2023,aldaz|jesus
CSD_TRI,2023,anthony|eyanson
CSD_TRI,2023,rissas|ryan
CSD_TRI,2023,alvarez|aren
ELO_PHO,2023,nomura|sam
ELO_PHO,2023,itai|spinoza
UMBC_RET,2023,jayden|shertel
CAL_AGO,2023,manning|max
ULM_WAR,2023,chase|dejean
GAR_RUN,2023,chafin|tanner
GAR_RUN,2023,dalton|strickland
JUD,2023,heston|mosley
OLE_REB,2023,maddox|riley
FGCU,2023,benji|rabinowitz
UTR_VAQ,2023,angelo|cabral
UTR_VAQ,2023,tjelmeland|zach
UCO_HUS,2023,carrea|joe
MEM_TIG13,2023,fowler
MEM_TIG13,2023,lyons
CSD_TRI,2023,gregson|niccolas
CSD_TRI,2023,ernisse|zach
MUR_RAC,2023,cade|vernon
JUD,2023,scout|updike
UTR_VAQ,2023,colten|davis
UTR_VAQ,2023,alex|verdugo
TEX_LON,2023,tanner|witt
NOR_AGG,2023,justin|poris
NOR_AGG,2023,blantz|connor
ASU_RED,2023,henry|jake|williams
WOF_TER,2023,charlie|weber
WOF_TER,2023,eggert|mike
WOF_TER,2023,dominic|marcoccio
WOF_TER,2023,holden|wilder
JAC_GAM,2023,garrett|wade
HAW_WAR,2023,flores|matthew
TEX_ISL,2023,dalton|leblanc
ION_GAE,2023,bates|gavin
SOU_IND16,2023,maddox|parker
ALC_BRA,2023,hopson|kameron
ALC_BRA,2023,austin|guzman
ALC_BRA,2023,jackson|kevin
ALC_BRA,2023,dews|myles
CAI_UNI,2023,dylan|jackson
LEH_MOU,2023,brandon|coughlin
CAI_UNI,2023,ethan|fineman
CAI_UNI,2023,bryan|stimpson
ABI_WIL,2023,brooks|gay
OSU_BUC,2023,josh|timmerman
PIT_PAN,2023,fernandez|matthew
PIT_PAN,2023,reed|ryan
UTR_VAQ,2023,garza|randal
LAM_CAR,2023,ellis|jacob
EMU_EAG,2023,house|thomas
EMU_EAG,2023,chittum|nick
UCF_KNI,2023,najer|victor
SOU_GAM,2023,austin|williamson
PRE_BLH,2023,kyle|mueller
PRE_BLH,2023,gibson|luke
LIT_TRO,2023,jackson|wells
NOR_HUS,2023,james|quinlivan
NOR_HUS,2023,max|viera
BRO_BEA,2023,meyers|paxton
MCN_COW,2023,bryson|hudgens
EMU_EAG,2023,luke|russo
EMU_EAG,2023,gillig|zach
EMU_EAG,2023,house|trevor
EMU_EAG,2023,grant|reising
ETS_BUC,2023,acosta|joseph
FLA_GAT,2023,anthony|ursitti
FLA_GAT,2023,jr|tejada|yoel
SOU_GAM,2023,connor|mccreery
FAU_OWL,2023,danny|trehey
UNC_SPA,2023,brandon|wallace
WIC_SHO,2023,austin|wallace
LIT_TRO,2023,burkey|noah
BGS_FAL,2023,bell|logan
BGS_FAL,2023,miller|perry
UIC_FLA,2023,jeffrey|zack
SOU_TRO,2023,clow|nate
GEO_PAT,2023,kyle|menaker
ARM_BLA,2023,andrew|berg
LAM_CAR,2023,brooks|caple
MCN_COW,2023,barthelemy|brock
EMU_EAG,2023,reed|sam
EMU_EAG,2023,jagger|jefferis
EMU_EAG,2023,helgeson|tyler
JAC_GAM,2023,casey|colin
AKR_ZIP,2023,joseph|roth
PRE_BLH,2023,daniel|eagen
PRE_BLH,2023,alex|flood
PRE_BLH,2023,saint|yechiel
ARL_MAV,2023,caden|noah
TEX_RAI,2023,kyle|robinson
SOU_TRO,2023,fisher|johnson
RID_BRO,2023,gallagher|will
UTR_VAQ,2023,barrera|daren
IWC,2023,ryan|schlotzhauer
IWC,2023,hayward|steve
UCLA,2023,jonathan|vaughns
CAL_FUL,2023,jack|meek
TEN_TEC,2023,mcduffie|reece
TEN_TEC,2023,daniel|walter
TEN_TEC,2023,jaxson|pease
KEN_WIL,2023,james|mccoy
RAD_HIG,2023,hage|wyatt
ION_GAE,2023,matt|wessels
ION_GAE,2023,julian|velazquez
FLO_PAN,2023,joel|pinerio
FLO_PAN,2023,lampton|zac
FLO_PAN,2023,david|eckaus
WAK_DEA,2023,joye|kyle
OLD_MON,2023,stott|tyler
FOR_RAM,2023,robbie|stewart
SAN_SPA,2023,gary|hall
NAV_MID,2023,kruer|landon
CSD_TRI,2023,michael|mitchell
CSD_TRI,2023,ethan|holt
CSD_TRI,2023,joey|soberon
CSD_TRI,2023,mccracken|nolan
OKL_COW,2023,brian|hendry
OKL_COW,2023,brian|hendry
AUS_GOV,2023,michael|robinson
USF_BUL,2023,manriquez|mason
USF_BUL,2023,corban|little
USF_BUL,2023,gailey|lawson
SOU_GAM,2023,hollan|hunter
SEA_RED,2023,blake|smith
SAN_AZT,2023,bercovich|jadon
UMA_AMH,2023,jack|steele
UMA_AMH,2023,given|zack
UMA_AMH,2023,jensen|mikey
BOC_EAG,2023,aidan|crowley
UNC_SPA,2023,budzik|jacob
COL_LION,2023,corso|kyle
SAL_JAG,2023,glenn|jake
UTS_ROA,2023,chomko|john
PAC_TIG,2023,jackson|lux
NOK_NOR,2023,andrew|mulhern
NOK_NOR,2023,byron|zachary
NOK_NOR,2023,acevado|angel
NOK_NOR,2023,jared|teke
LOY_LIO,2023,ryan|towers
XAV_MUS,2023,housinger|jack
PRA_PAN,2023,joshua|larzabal
PRA_PAN,2023,dews|zachary
PRA_PAN,2023,busch|gentry
GEO_HOY,2023,andrew|citron
GEO_HOY,2023,cam|guarino
BAL_CAR,2023,owen|quinn
STJ_HAW,2023,nicholas|torres
UCO_HUS,2023,braden|quinn
UCO_HUS,2023,nowak|will
WES_HIL,2023,nic|schutte
JMU_DUK,2023,murphy|ryan
JMU_DUK,2023,jaden|kinsler
NCA_BUL,2023,honeycutt|justin
MCN_COW,2023,brown|tyler
ARI_WIL,2023,josh|randall
BYU_COU,2023,mclaughlin|reid
PEP_WAV,2023,baird|jackson
WES_HIL,2023,dawson|hall
KAN_JAY,2023,andrew|dennis
UTM_SKY,2023,nate|self
IU,2023,hayden|luke
LSU_TIG,2023,dutton|sam
HOU_COU,2023,cameron|nickens
DUK_BLU,2023,boisvert|david
MAR_TER,2023,groundball
UTS_ROA,2023,ryan|ward
JMU_DUK,2023,grubbs|lliam
LOU_CAJ,2023,carson|fluno
LSU_TIG,2023,dutton|sam
WOF_TER,2023,marchal|matthew
OKL_COW,2023,riley|taylor
FLA_GAT,2024,coppola|pierce
KEN_WIL,2024,dominic|niman
KEN_WIL,2024,cameron|obrien
KEN_WIL,2024,hogan|robert
KEN_WIL,2024,jackson|nove
KEN_WIL,2024,hagenow|ryan
FLA_GAT,2024,clemente|jake
KEN_WIL,2024,hummel|johnny
KEN_WIL,2024,smith|travis
FLA_GAT,2024,alex|philpott
KEN_WIL,2024,ben|cleaver
FLO_SEM,2024,abraham|john
FLO_SEM,2024,brennen|oxford
TEN_VOL,2024,sechrist|zander
FLO_SEM,2024,charles|joe
TEN_VOL,2024,connell|kirby
FLO_SEM,2024,conner|whittaker
TEN_VOL,2024,nate|snead
FLA_GAT,2024,liam|peterson
FLA_GAT,2024,fisher|jameson
TEX_AGG,2024,justin|lamkin
FLA_GAT,2024,brandon|neely
TEX_AGG,2024,christopher|cortez
TEX_AGG,2024,joshua|stewart
TEX_AGG,2024,aschenbeck|evan
FLA_GAT,2024,luke|mcneillie
NOR_TAR,2024,aidan|haugh
FLO_SEM,2024,andrew|armstrong
NOR_TAR,2024,matthew|matthijs
NOR_TAR,2024,dalton|pence
NOR_TAR,2024,matt|poston
FLO_SEM,2024,connor|hults
NOR_TAR,2024,cameron|padgett
NOR_TAR,2024,ben|peterson
NOR_WOL,2024,dominic|fritton
FLA_GAT,2024,caglianone|jac
FLA_GAT,2024,cade|fisher
NOR_WOL,2024,logan|whitaker
KEN_WIL,2024,mason|moore
TEX_AGG,2024,prager|ryan
KEN_WIL,2024,byers|evan
FLO_SEM,2024,carson|dorsey
VIR_CAV,2024,jay|woolfolk
VIR_CAV,2024,joe|savino
VIR_CAV,2024,angelo|tonas
VIR_CAV,2024,augustin|matt
TEN_VOL,2024,beam|drew
NOR_TAR,2024,shea|sprague
NOR_TAR,2024,bovair|connor
KEN_WIL,2024,pooser|trey
NOR_WOL,2024,highfill|sam
KEN_WIL,2024,cameron|obrien
NOR_WOL,2024,dudan|jacob
NOR_WOL,2024,derrick|smith
NOR_TAR,2024,decaro|jason
VIR_CAV,2024,blanco|evan
VIR_CAV,2024,chase|hungate
TEN_VOL,2024,chris|stamos
TEN_VOL,2024,aj|causey
FLO_SEM,2024,arnold|jamie
TEN_VOL,2024,aaron|combs
TEN_VOL,2024,andrew|behnke
ORE_BEA,2024,keljo|nelson
ORE_BEA,2024,bridger|holmes
CLE_TIG,2024,aidan|knaak
CLE_TIG,2024,garris|reed
CLE_TIG,2024,austin|gordon
CLE_TIG,2024,barlow|billy
CLE_TIG,2024,drew|titsworth
FLA_GAT,2024,frank|menendez
CLE_TIG,2024,darden|ethan
EVA_ACE,2024,kevin|reed
EVA_ACE,2024,nick|smith
EVA_ACE,2024,jakob|meyer
EVA_ACE,2024,hansmann|max
TEN_VOL,2024,dylan|loy
EVA_ACE,2024,jace|kressin
TEN_VOL,2024,marcus|phillips
ORE_DUC,2024,grayson|grinsell
TEX_AGG,2024,sdao|shane
TEX_AGG,2024,brad|rudis
TEX_AGG,2024,jones|tanner
TEX_AGG,2024,brock|peery
TEX_AGG,2024,kaidan|wilson
ORE_DUC,2024,brock|moore
TEX_AGG,2024,badmaev|zane
ORE_DUC,2024,jaxon|jordan
ORE_DUC,2024,spoljaric|turner
ORE_DUC,2024,cole|stokes
GEO_BUL,2024,finley|leighton
NOR_WOL,2024,marohn|ryan
GEO_BUL,2024,brian|zeldin
NOR_WOL,2024,fanning|hollis
NOR_WOL,2024,carson|kelly
ORE_BEA,2024,jacob|kmatz
KAN_WIL,2024,jackson|wentworth
KAN_WIL,2024,neighbors|tyson
KAN_WIL,2024,josh|wintroub
KAN_WIL,2024,jj|slack
UCO_HUS,2024,quigley|stephen
UCO_HUS,2024,braden|quinn
UCO_HUS,2024,afthim|brady
UCO_HUS,2024,finnegan|kieran
CLE_TIG,2024,smith|tristan
CLE_TIG,2024,lucas|mahlstedt
CLE_TIG,2024,jacob|mcgovern
EVA_ACE,2024,donovan|schultz
TEN_VOL,2024,garcia|jj
EVA_ACE,2024,harris|shane
ORE_DUC,2024,gordon|rj
ORE_DUC,2024,featherston|ryan
ORE_DUC,2024,logan|mercado
GEO_BUL,2024,kolten|smith
GEO_BUL,2024,chandler|marsh
GEO_BUL,2024,evans|jarvis|jr
NOR_WOL,2024,andrew|shaffner
GEO_BUL,2024,dejong|max
ORE_BEA,2024,aiden|may
ORE_BEA,2024,joey|mundt
ORE_BEA,2024,aj|hutcheson
ORE_BEA,2024,ferguson|noah
ORE_BEA,2024,laif|palmer
WES_MOU,2024,switalski|tyler
WES_MOU,2024,carson|estridge
WES_MOU,2024,clark|derek
WES_MOU,2024,aidan|major
ECU_PIR,2024,corey|costello
ECU_PIR,2024,lunsfordshenkman|wyatt
ECU_PIR,2024,aaron|groller
ECU_PIR,2024,root|zachary
ECU_PIR,2024,dilorenzo|jackson
OKL_COW,2024,molsky|tommy
OKL_COW,2024,evan|otoole
OKL_COW,2024,ryan|ure
OKL_COW,2024,cranz|robert
LSU_TIG,2024,dutton|sam
LSU_TIG,2024,coleman|javen
LSU_TIG,2024,hellmers|will
LSU_TIG,2024,ackenhausen|nathan
LSU_TIG,2024,gage|jump
OKL_SOO,2024,atwood|carson
UCO_HUS,2024,emon|gabe|van
OKL_SOO,2024,campbell|carter
OKL_SOO,2024,lambert|ryan
OKL_SOO,2024,crooks|dylan
OKL_SOO,2024,hitt|james
OKL_SOO,2024,carsten|will
SOU_RED,2024,collin|wilma
ARK_RAZ,2024,gage|wood
ARK_RAZ,2024,faherty|jake
SOU_RED,2024,katen|logan
ARK_RAZ,2024,mcentire|will
ARK_RAZ,2024,hewlett|stone
SOU_RED,2024,lawrence|payton
ARK_RAZ,2024,christian|foutch
ARK_RAZ,2024,frank|koty
SOU_RED,2024,kyle|miller
KAN_WIL,2024,ruhl|ty
SOU_RED,2024,heyman|sam
SOU_RED,2024,ethan|osborne
SOU_RED,2024,tommy|windt
KAN_WIL,2024,cole|wisenbaker
KAN_WIL,2024,blake|dean
SOU_RED,2024,esteban|hernandez
SAN_GAU,2024,gutierrez|mike
SAN_TOR,2024,logan|reddemann
SAN_TOR,2024,ivran|romero
SAN_GAU,2024,flora|jackson
SAN_GAU,2024,cole|tryba
ORE_DUC,2024,kevin|seitter
SAN_GAU,2024,ager|matt
SAN_GAU,2024,moring|reed
SAN_GAU,2024,camarillo|frank
VCU_RAM,2024,hoeymans|jack
VCU_RAM,2024,brian|curley
VCU_RAM,2024,campbell|ellis
ECU_PIR,2024,christopher|kahler
VCU_RAM,2024,owen|tappy
ECU_PIR,2024,beal|danny
VCU_RAM,2024,maison|martinez
ECU_PIR,2024,ethan|norby
ECU_PIR,2024,charlie|hodges
ECU_PIR,2024,erik|ritchie
ECU_PIR,2024,colby|wallace
EVA_ACE,2024,drew|fieger
ECU_PIR,2024,jaden|winter
EVA_ACE,2024,maccauley|parker
EVA_ACE,2024,kellen|roberts
STJ_RED,2024,chaffee|evan
MSU_BDG,2024,auger|brooks
STJ_RED,2024,cunningham|tim
STJ_RED,2024,louis|marinaro
MSU_BDG,2024,cam|schuelke
STJ_RED,2024,mettert|sam
STJ_RED,2024,adams|ben
STJ_RED,2024,chuck|sanzio
MSU_BDG,2024,kohn|pico
MSU_BDG,2024,black|gavin
MSU_BDG,2024,davis|tyler
MSU_BDG,2024,karson|ligon
UCF_KNI,2024,hartley|wiley
STE_HAT,2024,john|modungo
STE_HAT,2024,durgin|nick
UCF_KNI,2024,castellano|dominic
STE_HAT,2024,cole|stallings
STE_HAT,2024,coppersmith|zane
STE_HAT,2024,brendan|walker
UCF_KNI,2024,kristopher|sosnowski
UCF_KNI,2024,kozera|tyler
UCF_KNI,2024,najer|victor
UCF_KNI,2024,kramer|kyle
UCF_KNI,2024,centala|chase
UCF_KNI,2024,nesbitt|tyler
UCF_KNI,2024,cameron|crain
UCF_KNI,2024,boxrucker|cade
JMU_DUK,2024,casey|smith
SOU_GAM,2024,dylan|eskew
JMU_DUK,2024,burke|donovan
SOU_GAM,2024,pitzer|tyler
SOU_GAM,2024,marlatt|parker
JMU_DUK,2024,mozoki|todd
JMU_DUK,2024,joe|vogatsky
JMU_DUK,2024,muscar|tyler
JMU_DUK,2024,culkin|sean
TUL_GRE,2024,billy|price
CAL_ANT,2024,danny|suarez
TUL_GRE,2024,benbrook|carter
CAL_ANT,2024,ojeda|ricky
TUL_GRE,2024,lombardi|michael
TUL_GRE,2024,blaise|wilcenski
TUL_GRE,2024,henry|shuffler
TUL_GRE,2024,montiel|tayler
CAL_ANT,2024,david|vizcaino
TUL_GRE,2024,cehajic|trey
LOU_CAJ,2024,christie|david
LOU_CAJ,2024,carson|fluno
LOU_CAJ,2024,blake|marshall
LOU_CAJ,2024,jack|martinez
LOU_CAJ,2024,cash|steven
LOU_CAJ,2024,brooks|murphy
LOU_CAJ,2024,etheridge|jt
LOU_CAJ,2024,maddox|mandino
GRA_CAN,2024,isaac|lyon
DAL_PAT,2024,jenkins|jerrod
GRA_CAN,2024,hunter|watkins
DAL_PAT,2024,benge|conner
DAL_PAT,2024,ridings|river
GRA_CAN,2024,quinn|walt
DAL_PAT,2024,conner|mackay
DAL_PAT,2024,schott|tyler
GRA_CAN,2024,carter|young
WES_MOU,2024,cooper|hayden
GRA_CAN,2024,avitia|daniel
GRA_CAN,2024,ahern|garrett
GRA_CAN,2024,barrett|skaugrud
GRA_CAN,2024,nathan|ward
WES_MOU,2024,maxx|yehl
GIT_YEL,2024,cam|jones
UNC_SEA,2024,taylor|zane
UNC_SEA,2024,calvert|ryan
UNC_SEA,2024,benton|cody
UNC_SEA,2024,baker|trace
GIT_YEL,2024,brown|dawson
UNC_SEA,2024,craig|luke
GIT_YEL,2024,mason|patel
GEO_BUL,2024,harris|zach
GIT_YEL,2024,ben|king
GIT_YEL,2024,logan|mcguire
GEO_BUL,2024,daniel|padysak
GEO_BUL,2024,charlie|goldstein
GEO_BUL,2024,hoskins|matthew
GIT_YEL,2024,riley|stanford
GIT_YEL,2024,mckee|tate
ILL_ILL,2024,reed|sam
IND_SYC,2024,brennyn|cutts
ILL_ILL,2024,hall|regan
ILL_ILL,2024,ben|plumley
ILL_ILL,2024,bunselmeyer|korey
ILL_ILL,2024,lavin|will
ILL_ILL,2024,glassey|joe
IND_SYC,2024,cole|gilley
IND_SYC,2024,jacob|pruitt
IND_SYC,2024,gregersen|simon
WOF_TER,2024,camden|wicker
LSU_TIG,2024,griffin|herring
WOF_TER,2024,kenny|michaels
WOF_TER,2024,eggert|mike
WOF_TER,2024,champ|davis
LSU_TIG,2024,anderson|kade
WOF_TER,2024,compton|mason
LSU_TIG,2024,hurd|thatcher
NOR_TAR,2024,kyle|percival
LSU_TIG,2024,justin|loer
LSU_TIG,2024,fidel|ulloa
LSU_TIG,2024,gavin|guidry
OKL_SOO,2024,grant|stevens
DUK_BLU,2024,fran|oschell
DUK_BLU,2024,owen|proksch
DUK_BLU,2024,jimmy|romano
DUK_BLU,2024,james|tallon
DUK_BLU,2024,beilenson|charlie
OKL_SOO,2024,malachi|witherspoon
UCO_HUS,2024,coe|garrett
OKL_SOO,2024,brendan|girton
OKL_SOO,2024,jett|lodes
UCO_HUS,2024,ellisen|tommy
UCO_HUS,2024,cinnella|joe
LOU_BUL,2024,grant|hubka
LOU_BUL,2024,blake|hooks
LOU_BUL,2024,harland|ryan
LOU_BUL,2024,greg|martinez
SOU_RED,2024,brian|strange
LOU_BUL,2024,reed|smith
LOU_BUL,2024,broderson|sam
LOU_BUL,2024,connor|nation
LOU_BUL,2024,bates|ethan
ARK_RAZ,2024,hagen|smith
ARK_RAZ,2024,ben|bybee
FRE_BUL,2024,dixon|jake
SAN_TOR,2024,austin|smith
FRE_BUL,2024,aidan|cremarosa
SAN_TOR,2024,mauterer|vaughn
FRE_BUL,2024,arreola|victor
SAN_TOR,2024,alex|schrier
FRE_BUL,2024,hopfe|tommy
SAN_GAU,2024,bremner|tyler
ECU_PIR,2024,trey|yesavage
WAK_DEA,2024,burns|chase
WAK_DEA,2024,ariola|joseph
WAK_DEA,2024,johnston|zach
WAK_DEA,2024,haiden|leffew
WAK_DEA,2024,massey|michael
WAK_DEA,2024,cole|roland
STJ_RED,2024,mario|pesca
PEN_QUA,2024,dromboski|ryan
PEN_QUA,2024,danny|heintz
PEN_QUA,2024,carson|ozmer
PEN_QUA,2024,eli|trop
STJ_RED,2024,boyle|jed
PEN_QUA,2024,tobin|will
MSU_BDG,2024,cijntje|jurrangelo
MSU_BDG,2024,hardin|tyson
STE_HAT,2024,aric|mcatee
ALA_CRI,2024,ben|hess
STE_HAT,2024,anthony|defabbia
ALA_CRI,2024,austin|morris
UCF_KNI,2024,ben|vespi
UCF_KNI,2024,bauer|spencer
JMU_DUK,2024,entsminger|hunter
BRY_BUL,2024,levangie|liam
BRY_BUL,2024,mark|scamardella
JMU_DUK,2024,jackson|logar
BRY_BUL,2024,landon|white
BRY_BUL,2024,bradley|ryan
BRY_BUL,2024,nichols|zach
BRY_BUL,2024,sean|zaslaw
SOU_GAM,2024,gainey|garrett
NOR_WOL,2024,consiglio|cooper
SOU_GAM,2024,connor|mccreery
SOU_GAM,2024,becker|matthew
CAL_ANT,2024,hansen|trevor
CAL_ANT,2024,kelly|riley
CAL_ANT,2024,david|utagawa
HIG_PAN,2024,brett|wozniak
VAN_COM,2024,bryce|cunningham
HIG_PAN,2024,little|matt
VAN_COM,2024,brennan|seiber
VAN_COM,2024,green|miller
VAN_COM,2024,ginther|ryan
HIG_PAN,2024,baker|christian
VAN_COM,2024,carter|holton
COA_CHA,2024,henry|weycker
COA_CHA,2024,bryce|shaffer
COA_CHA,2024,cameron|flukey
NOK_NOR,2024,ben|gerl
SOU_GOL,2024,mazza|niko
NOK_NOR,2024,brock|clayton
NOK_NOR,2024,aaron|massie
IU,2024,connor|foley
IU,2024,kraft|ryan
IU,2024,ethan|phillips
IU,2024,rybarczyk|ty
NIA_EAG,2024,blake|macmillan
NEB,2024,mason|mcconnaughey
NIA_EAG,2024,minckler|ryan
NIA_EAG,2024,cameron|zach
NEB,2024,jalen|worthley
OKL_COW,2024,brian|holiday
FLA_GAT,2024,ryan|slater
FLA_GAT,2024,robert|satin
FLA_GAT,2024,grayson|smith
GRA_TIG,2024,baez|miguel
GRA_TIG,2024,carlos|peguero
LOU_CAJ,2024,andrew|herrmann
GRA_TIG,2024,jeremiah|newman
LOU_CAJ,2024,blake|mcgehee
GRA_TIG,2024,brett|washington
GRA_TIG,2024,esteban|tavarez
TEX_LON,2024,johnson|lebarron
TEX_LON,2024,boehm|gage
TEX_LON,2024,andre|duplantier
TEX_LON,2024,chase|lummus
ARI_WIL,2024,cameron|walty
DAL_PAT,2024,deberry|jaron
ARI_WIL,2024,heyne|kyler
ARI_WIL,2024,pluta|tony
DAL_PAT,2024,benge|connor
ARI_WIL,2024,anthony|susac
DAL_PAT,2024,todd|zach
GRA_CAN,2024,connor|mattison
GRA_CAN,2024,shawn|triplett
GRA_CAN,2024,bryan|webb
WES_MOU,2024,hambleton|oliver
GIT_YEL,2024,aeden|finateri
ARM_BLA,2024,justin|lehman
ARM_BLA,2024,michael|ruggieri
ARM_BLA,2024,graver|steven
UNC_SEA,2024,jacob|shafer
UNC_SEA,2024,case|stroup
GEO_BUL,2024,dj|radtke
UNC_SEA,2024,benton|cole
GEO_BUL,2024,josh|roberge
UNC_SEA,2024,mason|murdock
UNC_SEA,2024,cyle|phelan
UNC_SEA,2024,connor|marshburn
GEO_BUL,2024,christian|mracna
WMI_BRO,2024,nolan|vlcek
IND_SYC,2024,hayden|luke
WMI_BRO,2024,luke|thelen
WMI_BRO,2024,dj|thompson
IND_SYC,2024,cameron|edmonson
WMI_BRO,2024,berg|hayden
WMI_BRO,2024,doran|turner
ILL_ILL,2024,hutchings|payton
ILL_ILL,2024,julius|sanchez
ILL_ILL,2024,jake|rons
WOF_TER,2024,cowen|zac
LON_ISL22,2024,hughes|jared
LON_ISL22,2024,noah|tabaie
LON_ISL22,2024,jack|vandoran
LON_ISL22,2024,evan|panjwani
LSU_TIG,2024,holman|luke
LSU_TIG,2024,aiden|moffett
ORA_GOL,2024,brooks|fowler
DUK_BLU,2024,jonathan|santucci
DUK_BLU,2024,johnson|kyle
ORA_GOL,2024,dalton|patten
DUK_BLU,2024,noone|tim
ORA_GOL,2024,jared|ure
ORA_GOL,2024,caleb|isaacs
ORA_GOL,2024,conner|floyd
OKL_SOO,2024,braden|davis
ARK_RAZ,2024,mason|molina
SOU_RED,2024,dow|haden
ARK_RAZ,2024,gabe|gaeckle
SOU_RED,2024,alex|hayes
LOU_BUL,2024,luke|nichols
KAN_WIL,2024,boerema|owen
SAN_TOR,2024,josh|randall
SAN_TOR,2024,conner|thurman
SAN_TOR,2024,calvin|schapira
SAN_GAU,2024,gallagher|ryan
FRE_BUL,2024,beal|noah
FRE_BUL,2024,jake|riding
FRE_BUL,2024,acosta|jaykob
FRE_BUL,2024,armstrong|bryce
EVA_ACE,2024,deverman|kenton
WAK_DEA,2024,david|falco
VCU_RAM,2024,christian|gordon
WAK_DEA,2024,ray|will
WAK_DEA,2024,gunther|joshua
PEN_QUA,2024,cole|zaffiro
MSU_BDG,2024,khal|stephen
STJ_RED,2024,kolhosser|xavier
ALA_CRI,2024,farone|greg
UCF_KNI,2024,dominic|stagliano
ALA_CRI,2024,heiberger|matthew
ALA_CRI,2024,braylon|myers
ALA_CRI,2024,alton|davis
SOU_GAM,2024,eli|jones
SOU_GAM,2024,good|ty
SOU_GAM,2024,chris|veach
BRY_BUL,2024,austin|wainer
BRY_BUL,2024,jack|pletter
BRY_BUL,2024,bradley|lewis
TUL_GRE,2024,chandler|welch
TUL_GRE,2024,clements|will
VAN_COM,2024,jd|thompson
COA_CHA,2024,eikhoff|riley
VAN_COM,2024,carter|greysen
VAN_COM,2024,alex|kranzler
VAN_COM,2024,hliboki|sam
COA_CHA,2024,andrew|bowers
COA_CHA,2024,ellison|oliver
HIG_PAN,2024,gus|hughes
HIG_PAN,2024,adam|grintz
SOU_GOL,2024,billy|oldham
IU,2024,bothwell|tyler
SOU_GOL,2024,kros|sivley
IU,2024,buhr|drew
NOK_NOR,2024,gillis|tanner
NOK_NOR,2024,mcclanahan|nick
NOK_NOR,2024,jared|teke
NOK_NOR,2024,pehrson|ryan
OKL_COW,2024,garcia|samuel
NIA_EAG,2024,preston|prince
NIA_EAG,2024,hospital|steven
NIA_EAG,2024,carter|fink
OKL_COW,2024,bogusz|ryan
NIA_EAG,2024,noah|richardson
NIA_EAG,2024,liam|reynolds
NIA_EAG,2024,laird|zac
NIA_EAG,2024,brady|kobitowich
NIA_EAG,2024,gage|wheaton
GRA_TIG,2024,martinez|mason
GRA_TIG,2024,javier|martinez
TEX_AGG,2024,moss|weston
TEX_AGG,2024,armstrong|eldridge|iii
TEX_LON,2024,grubbs|max
LOU_CAJ,2024,jr|tollett
TEX_LON,2024,cade|ohara
DAL_PAT,2024,johnson|ryan
DAL_PAT,2024,dillon|haines
ARM_BLA,2024,matthew|ronnebaum
ARM_BLA,2024,gresham|tanner
ARM_BLA,2024,andrew|berg
UNC_SEA,2024,rj|sales
GIT_YEL,2024,brett|thomas
GIT_YEL,2024,camron|hill
GIT_YEL,2024,kovala|michal
UNC_SEA,2024,baker|cox
WMI_BRO,2024,brady|miller
WMI_BRO,2024,joe|shapiro
WMI_BRO,2024,dentler|jayden
IND_SYC,2024,davidson|zach
ILL_ILL,2024,crowder|jack
IND_SYC,2024,jared|spencer
WOF_TER,2024,branton|little
WOF_TER,2024,alec|bouchard
LON_ISL22,2024,garrett|yawn
LON_ISL22,2024,moritz|pj
LON_ISL22,2024,decastro|justin
DUK_BLU,2024,andrew|healy
UCO_HUS,2024,cooke|ian
DUK_BLU,2024,higgins|ryan
DUK_BLU,2024,gabe|nard
OKL_SOO,2024,kyson|witherspoon
ORA_GOL,2024,hall|jakob
ORA_GOL,2024,carmack|ryan
ORA_GOL,2024,owen|reynolds
ORA_GOL,2024,hart|hudson
COL_CHA,2024,campbell|connor
COL_CHA,2024,hayden|thomas
COL_CHA,2024,alex|lyon
COL_CHA,2024,aiken|davis
COL_CHA,2024,bice|emmett
LOU_BUL,2024,caden|copeland
LOU_BUL,2024,crabb|isaac
DAL_PAT,2024,ellwanger|james
DAL_PAT,2024,nick|wilson
LOU_BUL,2024,swistak|turner
KEN_OWL,2024,aita|blake
KEN_OWL,2024,cooper|luke
KEN_OWL,2024,braden|osbolt
GEO_EAG,2024,ben|johnson
SOU_GOL,2024,boswell|cole
SOU_GOL,2024,best|chandler
GEO_EAG,2024,fisher|ty
SOU_GOL,2024,jb|middleton
GEO_EAG,2024,jake|martin
GEO_EAG,2024,jacob|phillips
SOU_GOL,2024,allen|colby
GEO_EAG,2024,joey|white
GEO_EAG,2024,garrett|mackowiak
PEN_NIT,2024,luensmann|travis
NEB,2024,brockett|jackson
PEN_NIT,2024,henline|jaden
NEB,2024,brett|sears
OKL_COW,2024,davis|gabe
OKL_SOO,2024,bollman|jason
CAL_MUS,2024,griffin|naess
LON_DIR,2024,kellan|montgomery
CAL_MUS,2024,chris|downs
LON_DIR,2024,collin|miskelly
LON_DIR,2024,morris|nathen
LON_DIR,2024,nick|williams
COL_CHA,2024,brink|jake
CAL_HIG,2024,flores|matthew
CAL_HIG,2024,alfredo|capacete
CAL_HIG,2024,gebb|tyler
ILL_RED,2024,husak|joe
ILL_RED,2024,chadwick|tyrelle
ILL_RED,2024,harper|thomas
ILL_RED,2024,braden|roesch
ILL_RED,2024,rybarczyk|tresdon
ILL_RED,2024,jordan|lussier
SOU_GAM,2024,kimball|roman
LSU_TIG,2024,dj|primeaux
SOU_GAM,2024,drake|quinn
SOU_GAM,2024,sam|simpson
VAN_COM,2024,ethan|mcelvain
VAN_COM,2024,guth|luke
VAN_COM,2024,david|horn
WES_HIL,2024,burleson|grant
WES_HIL,2024,cal|higgins
WES_HIL,2024,cole|heath
WES_HIL,2024,bosecker|cory
WES_HIL,2024,coby|moe
WES_HIL,2024,drew|whalen
LIB_FLA,2024,hudson|todd
LIB_FLA,2024,carter|trey
LIB_FLA,2024,josh|swink
LIB_FLA,2024,bolton|cale
LOU_BUL,2024,havern|jacob
LIB_FLA,2024,garrett|mclaughlin
LIB_FLA,2024,dylan|mathiesen
LOU_BUL,2024,crider|nate
NCB,2024,logan|moser
NCB,2024,landen|trevor
ORA_GOL,2024,caravalho|joshua
NCB,2024,gibson|hunter
NCB,2024,bright|mason
NCB,2024,jack|tuttle
NCB,2024,jake|storey
NCB,2024,carvajal|jake
NCB,2024,gienger|murphy
STE_HAT,2024,melani|tj
FGCU,2024,bye|cameron
STE_HAT,2024,chris|shine
FGCU,2024,bunz|jake
FGCU,2024,hartman|lucas
NEB,2024,walsh|will
MIC_WOL,2024,barr|kurt
PEN_NIT,2024,frankie|sanchez
PEN_NIT,2024,matt|morash
MIC_WOL,2024,denner|jacob
PEN_NIT,2024,horwat|mason
PEN_NIT,2024,perkowski|will
PEN_NIT,2024,anthony|steele
PEN_NIT,2024,ben|demell
NEB,2024,christo|drew
IU,2024,julian|tonghini
IU,2024,jacob|vogel
NEB,2024,froelich|kyle
NEB,2024,kyle|perry
NEB,2024,casey|diass
SIU_SAL,2024,alec|nigut
OLD_MON,2024,gomez|jacob
KAN_JAY,2024,dominic|voegele
TCU_HFG,2024,chase|hoover
TCU_HFG,2024,klecker|kole
TCU_HFG,2024,colt|taylor
KAN_JAY,2024,cooper|moore
TCU_HFG,2024,hodges|hunter
KAN_JAY,2024,cain|tegan
TCU_HFG,2024,braeden|sloan
KAN_JAY,2024,cranton|hunter
TCU_HFG,2024,cawyer|zachary
KAN_JAY,2024,easley|jbriell
KAN_JAY,2024,dougan|kolby
KAN_JAY,2024,brasosky|gavin
TEX_RAI,2024,parish|trendan
TEX_RAI,2024,brendan|lysik
TEX_RAI,2024,sanders|travis
CAL_MUS,2024,brooks|steven
LON_DIR,2024,geiss|owen
CAL_MUS,2024,joshua|volmerding
LON_DIR,2024,cherry|grant
CAL_MUS,2024,sagouspe|tanner
LON_DIR,2024,michael|villani
WM_TRI,2024,owen|pierce
HOF_PRI,2024,sanderoff|tanner
HOF_PRI,2024,danny|kelleher
WM_TRI,2024,garnett|travis
HOF_PRI,2024,mclaughlin|ryan
HOF_PRI,2024,cade|henry
WM_TRI,2024,interdonato|reed
HOF_PRI,2024,michael|sweeney
HOF_PRI,2024,kaenzig|steven
DEL_BLU,2024,ethan|shaub
WM_TRI,2024,hank|lippman
WM_TRI,2024,brendan|kelly
WM_TRI,2024,lottchea|nicholas
WM_TRI,2024,alex|markus
DEL_BLU,2024,margolis|owen
DEL_BLU,2024,nelson|wyatt
WM_TRI,2024,calveric|luke
CAL_HIG,2024,eric|marrujo
CAL_HIG,2024,andrunas|noah
CAL_HIG,2024,barger|cameron
CAL_HIG,2024,gebb|jake
CAL_HIG,2024,andrew|rivas
SAN_GAU,2024,nic|peterson
SAN_GAU,2024,peter|storjohann
UIC_FLA,2024,bak|brandon
UIC_FLA,2024,kendall|lyons
UIC_FLA,2024,dylan|white
SOU_GAM,2024,dean|tyler
MSU_BDG,2024,cheatham|cole
SAM_BEA,2024,coldiron|gavi
SAM_BEA,2024,tucker|wyatt
SAM_BEA,2024,hewitt|logan
SAM_BEA,2024,rome|shubert
WRI_RAI,2024,garret|simpson
WRI_RAI,2024,garrett|peters
WRI_RAI,2024,chris|gallagher
WRI_RAI,2024,kesel|kyle
WRI_RAI,2024,benge|duke
NOK_NOR,2024,aaron|boster
WRI_RAI,2024,chet|lax
YSU_PEN,2024,casteel|colin
WRI_RAI,2024,allen|cameron
YSU_PEN,2024,gavin|wilms
YSU_PEN,2024,nick|perez
WRI_RAI,2024,griffen|paige
WRI_RAI,2024,brayden|schoetzow
APP_MOU,2024,tuthill|tyler
APP_MOU,2024,max|tramontana
TRO_TRJ,2024,beau|fletcher
APP_MOU,2024,grey|laspaluto
TRO_TRJ,2024,grayson|stewart
APP_MOU,2024,ryan|sleeper
TRO_TRJ,2024,clete|hartzog
TRO_TRJ,2024,michael|osmond
TRO_TRJ,2024,brady|fuller
OLD_MON,2024,nick|sulpizio
OLD_MON,2024,davis|kellen
OLD_MON,2024,lincoln|ransom
OLD_MON,2024,bailey|matela
OLD_MON,2024,steven|trone
OLD_MON,2024,cassady|jay
OLD_MON,2024,brandon|pond
OLD_MON,2024,hutson|trobaugh
OLD_MON,2024,levari|marco
OSU_BUC,2024,colin|purcell
OSU_BUC,2024,bruni|gavin
OSU_BUC,2024,brown|zachary
OSU_BUC,2024,eckhardt|justin
OSU_BUC,2024,jacob|morin
NEB,2024,rans|sanders
MIC_WOL,2024,rogers|will
MIC_WOL,2024,dylan|vigue
TCU_HFG,2024,abeldt|benjamin
TCU_HFG,2024,louis|rodriguez
KAN_JAY,2024,dutton|reese
KAN_JAY,2024,ethan|lanthier
CIN_BEA,2024,conte|michael
TEX_RAI,2024,free|ryan
CIN_BEA,2024,hurth|joey
CIN_BEA,2024,chase|horst
CIN_BEA,2024,drew|erdmann
TEX_RAI,2024,hutyra|parker
CIN_BEA,2024,nathan|taylor
OKL_COW,2024,brennan|phillips
NOR_HUS,2024,scotti|wyatt
WM_TRI,2024,knowles|nathan
NOR_HUS,2024,aiven|cabral
NOR_HUS,2024,jones|will
NOR_HUS,2024,cooper|mcgrath
WM_TRI,2024,carter|lovasz
NOR_HUS,2024,brett|dunham
HOF_PRI,2024,carlos|martinez
HOF_PRI,2024,curreri|joseph
HOF_PRI,2024,hunter|russell
HOF_PRI,2024,mckenna|mike
DEL_BLU,2024,dominic|velazquez
DEL_BLU,2024,carter|welch
DEL_BLU,2024,anthony|gubitosi
DEL_BLU,2024,strechay|tyler
DEL_BLU,2024,conway|elias
DEL_BLU,2024,august|tyler
CAL_HIG,2024,alexander|rivas
CAL_HIG,2024,kurt|marton
CAL_HIG,2024,ahmed|fareed
CAL_HIG,2024,joshua|torres
ILL_RED,2024,perry|tanner
BEL_BRU,2024,jordan|zuger
BEL_BRU,2024,jett|thielke
BEL_BRU,2024,bill|duby
ILL_RED,2024,carter|monke
SIU_SAL,2024,ben|riffe
SIU_SAL,2024,shane|wilhelm
ARK_RAZ,2024,brady|tygart
SOU_GAM,2024,jake|mccoy
SOU_GAM,2024,michael|polk
LSU_TIG,2024,christian|little
NCB,2024,andrew|isdale
AUS_GOV,2024,jacob|weaver
STE_HAT,2024,dylan|jacobs
AUS_GOV,2024,jackie|robinson
AUS_GOV,2024,hampu|tyler
AUS_GOV,2024,hayes|titan
WRI_RAI,2024,jake|shirk
YSU_PEN,2024,braden|gebhardt
YSU_PEN,2024,aidan|english
YSU_PEN,2024,lane|rhodes
WRI_RAI,2024,earles|wes
OLD_MON,2024,brown|dylan
GEO_EAG,2024,gross|mitchell
OLD_MON,2024,bashara|vincent
IOW_HAW,2024,cade|obermueller
ILL_ILL,2024,cooper|omans
IOW_HAW,2024,anthony|watts
ILL_ILL,2024,ben|plumley
IOW_HAW,2024,archer|ganon
IOW_HAW,2024,benjamin|detaeye
OSU_BUC,2024,devooght|gavin
OSU_BUC,2024,chase|herrell
OSU_BUC,2024,blaine|wynk
IU,2024,aydan|deckerpetty
OSU_BUC,2024,hunter|shaw
IU,2024,brayden|risedorph
OSU_BUC,2024,jones|logan
MIC_WOL,2024,allen|chase
MIC_WOL,2024,kidd|ricky
MIC_WOL,2024,brandon|mann
TEX_RAI,2024,josh|sanders
WES_MOU,2024,porco|robby
WES_MOU,2024,cole|fehrman
WES_MOU,2024,luke|lyman
WES_MOU,2024,chase|meyer
WES_MOU,2024,fredericks|joseph
TCU_HFG,2024,payton|tolle
TEX_LON,2024,charlie|hurley
CIN_BEA,2024,boba|tommy
CIN_BEA,2024,carson|marsh
TEX_LON,2024,easton|tumis
CIN_BEA,2024,christian|mitchelle
OKL_COW,2024,benge|carson
TEX_RAI,2024,erdman|zach
TEX_RAI,2024,jack|washburn
TEX_RAI,2024,baugh|carson
TEX_RAI,2024,bridges|derek
TEX_RAI,2024,cole|kaase
TEX_RAI,2024,hudson|luce
NOR_HUS,2024,bowery|jack
HOF_PRI,2024,michael|ohanlon
NOR_HUS,2024,colleran|dennis
NOR_HUS,2024,gigliotti|jake
NOR_HUS,2024,beauchesne|jack
NOR_HUS,2024,charlie|walker
ILL_RED,2024,cameron|mabee
ILL_RED,2024,donnison|matthew
BEL_BRU,2024,baratta|dominic
MIS_BEA,2024,jason|schaaf
MIS_BEA,2024,kaleb|thomas
BEL_BRU,2024,pryor|will
MIS_BEA,2024,schissler|stephen
KEN_WIL,2024,jake|titus
ARK_RAZ,2024,coil|parker
VAN_COM,2024,devin|futrell
TEN_VOL,2024,aj|russell
MSU_BDG,2024,dohm|nate
UNO_MAV,2024,caleb|riedel
UNO_MAV,2024,hackmann|joe
NOR_BIS,2024,knight|logan
NOR_BIS,2024,ligtenberg|reese
NOR_BIS,2024,alex|karns
IOW_HAW,2024,brecht|brody
IOW_HAW,2024,jack|young
PUR_BOI,2024,luke|wagner
PUR_BOI,2024,davis|pratt
PUR_BOI,2024,avery|cook
KAN_JAY,2024,evan|shaw
TCU_HFG,2024,caedmon|parker
CIN_BEA,2024,logue|seth
CIN_BEA,2024,griffin|hugus
TEX_LON,2024,ace|whitehead
TEX_RAI,2024,kyle|robinson
TEX_RAI,2024,jacob|rogers
ALA_CRI,2024,aidan|moza
OLE_REB,2024,maddox|riley
OLE_REB,2024,doyle|liam
KEN_OWL,2024,bo|rhudy
IU,2024,bothwell|ty
PUR_BOI,2024,jordan|morales
PUR_BOI,2024,carter|doorn
PUR_BOI,2024,backer|cj
OSU_BUC,2024,beidelschies|landon
NEB,2024,caleb|clark
NEB,2024,bobby|olsen
NEB,2024,timmerman|tucker
NEB,2024,horn|tyner
NAV_MID,2024,matthew|shirah
NAV_MID,2024,bendik|brady
NAV_MID,2024,kruer|landon
NAV_MID,2024,green|tyler
NAV_MID,2024,jorgenson|nolan
NAV_MID,2024,beisty|owen
NAV_MID,2024,beattie|jackson
HAW_WAR,2024,brayden|marx
HAW_WAR,2024,tenn|zacary
HAW_WAR,2024,danny|veloz
HAW_WAR,2024,itsuki|takemoto
HAW_WAR,2024,connor|harrison
LON_DIR,2024,nick|wallerstedt
HAW_WAR,2024,alex|giroux
CAL_FUL,2024,andrew|wright
CAL_ANT,2024,grack|timothy
CAL_FUL,2024,chad|gurnea
CAL_FUL,2024,dylan|goff
CAL_FUL,2024,jones|peyton
CAL_FUL,2024,aaron|ceniceros
CAL_FUL,2024,hawkinson|payton
CAL_FUL,2024,andrew|morones
CAL_MAT,2024,bainton|thomas
CAL_MAT,2024,blake|ignaciak
CAL_MAT,2024,justin|vose
CAL_MAT,2024,joshua|romero
RHO_RAM,2024,hughes|tommy
DAY_FLY,2024,anthony|hattrup
DAY_FLY,2024,ayden|tran
DAY_FLY,2024,bard|parker
ABI_WIL,2024,austin|glaze
SEA_RED,2024,jarek|woodward
ABI_WIL,2024,blaine|palmer
ABI_WIL,2024,cruz|de|la|rolando
SEA_RED,2024,brady|liddle
ABI_WIL,2024,caden|greanead
ABI_WIL,2024,benson|chandler
SEA_RED,2024,cameron|dayton
ABI_WIL,2024,brett|garcia
SEA_RED,2024,brown|ethan
MOR_EAG,2024,bradshaw|riley
SOU_COU,2024,athmer|kyle
MOR_EAG,2024,callahan|trevor
SOU_COU,2024,joseph|martin
MOR_EAG,2024,bettio|matt
SOU_COU,2024,lucas|spence
SOU_COU,2024,liam|mckillop
MOR_EAG,2024,grimmett|will
SOU_COU,2024,alex|rodriguez
RUT_SCA,2024,donovan|zsak
OSU_BUC,2024,jake|michalak
RUT_SCA,2024,ben|gorski
BAY_BEA,2024,collin|mckinney
BAY_BEA,2024,jared|matheson
BAY_BEA,2024,andrade|kobe
BAY_BEA,2024,duke|tanner
BAY_BEA,2024,rj|ruais
BAY_BEA,2024,craig|gabe
LON_DIR,2024,larson|van
HAW_WAR,2024,abshier|randy
LON_DIR,2024,dillow|mason
HAW_WAR,2024,bodendorf|harrison
LON_DIR,2024,jonathan|largaespada
LON_DIR,2024,banda|cristien
CAL_BEA,2024,newmann|trey
WAS_HUS,2024,calvin|kirchoff
WAS_HUS,2024,dessart|spencer
CAL_BEA,2024,austin|turkington
WAS_HUS,2024,gianluca|shinn
CAL_BEA,2024,boone|oliver
WAS_HUS,2024,parkin|sawyer
CAL_BEA,2024,connor|sullivan
VIR_CAV,2024,coady|owen
VIR_TEC,2024,jeremy|neff
VIR_TEC,2024,matthew|siverling
VIR_TEC,2024,jordan|little
VIR_TEC,2024,brady|kirtner
VIR_CAV,2024,aidan|teel
VIR_CAV,2024,barker|blake
VIR_TEC,2024,grant|manning
VIR_TEC,2024,david|shoemaker
WAK_DEA,2024,hartle|josh
WAK_DEA,2024,blake|morningstar
NEV_WOL,2024,fosher|peyton
SAN_AZT,2024,cardenas|iii|xavier
NEV_WOL,2024,ethan|oneal
SAN_AZT,2024,abadie|connor
SAN_AZT,2024,aidan|russell
SAN_AZT,2024,bercovich|jadon
SAN_AZT,2024,evan|miranda
EKU_COL,2024,lawson|nathan
JUD,2024,barquin|blake
EKU_COL,2024,bradley|stewart
EKU_COL,2024,elijah|underhill
EKU_COL,2024,radcliff|ryan
EKU_COL,2024,brown|rese
EKU_COL,2024,faulkner|gavin
EKU_COL,2024,cameron|kalandros
JUD,2024,jones|logan
JUD,2024,corbett|garrett
EKU_COL,2024,rian|yates
EKU_COL,2024,bryce|travis
EKU_COL,2024,addison|stockham
EKU_COL,2024,hamilton|martinez
JUD,2024,layton|perry
EKU_COL,2024,garrett|langrell
VAL_CRU,2024,adam|guazzo
VAL_CRU,2024,kaleb|krier
VAL_CRU,2024,hyman|jonathan
VAL_CRU,2024,trent|turzenski
VAL_CRU,2024,grant|jablonski
VAL_CRU,2024,bryce|konitzer
AIR_FOR,2024,ben|weber
FRE_BUL,2024,statzer|zach
MT,2024,caden|robinson
WIC_SHO,2024,dobbs|tyler
WIC_SHO,2024,daniel|zang
WIC_SHO,2024,arnett|jeremiah
MT,2024,jackson|lyons
WIC_SHO,2024,anderson|caleb
MT,2024,logan|rushing
WIC_SHO,2024,mason|munz
WIC_SHO,2024,holmes|hunter
MT,2024,cox|seth
GEO_PAN,2024,caleb|white
GEO_PAN,2024,brian|garmon|ii
GEO_PAN,2024,chastain|davis
GEO_PAN,2024,duncan|lutz
GEO_PAN,2024,sam|schofield
GEO_PAN,2024,baley|coleman
CAL_FUL,2024,christian|rodriguez
CAL_FUL,2024,derek|turner
CAL_ANT,2024,brandon|luu
CAL_FUL,2024,blood|jason
CAL_ANT,2024,butler|david
TEX_BOB,2024,anthony|robie
TEX_BOB,2024,mccaffety|rhett
TEX_BOB,2024,seay|taylor
TEX_BOB,2024,austin|eaton
TEX_BOB,2024,jonathan|martinez
DUK_BLU,2024,conte|nick
DUK_BLU,2024,edward|hart
DUK_BLU,2024,aidan|weaver
DUK_BLU,2024,allen|joshua
CAM_CAM,2024,brittain|nathan
CAM_CAM,2024,clark|cooper
CAM_CAM,2024,garret|kangas
CAM_CAM,2024,bradleycooney|patrick
CAM_CAM,2024,jeremy|wiegman
KAN_WIL,2024,frost|jacob
BYU_COU,2024,bryce|robison
KAN_WIL,2024,guyette|james
BYU_COU,2024,candon|dahle
BYU_COU,2024,clawson|cutter
BYU_COU,2024,boston|mabeus
BYU_COU,2024,cushing|stone
SAL_JAG,2024,heer|mitchell
SAL_JAG,2024,gillis|john|michael
SAL_JAG,2024,smith|tyler
SAL_JAG,2024,logan|wash
SAL_JAG,2024,eric|lin
SAL_JAG,2024,carter|seth
LOY_LIO,2024,ryan|towers
SAN_DON,2024,lance|santerre
LOY_LIO,2024,mullan|ryan
SAN_DON,2024,matt|mcconnell
SAN_DON,2024,jones|max
LOY_LIO,2024,heinrich|jeff
LOY_LIO,2024,blake|reilly
SAN_DON,2024,amborn|cal
SAN_DON,2024,pohorski|quentin
OLE_REB,2024,mason|nichols
OLE_REB,2024,mason|morris
OLE_REB,2024,brayden|jones
OLE_REB,2024,rodriguez|ryne
OLE_REB,2024,jt|quinn
OLE_REB,2024,mitch|murrell
CAL_MAT,2024,halamicek|ryan
CAL_MAT,2024,ryan|wentz
STE_HAT,2024,daniel|paret
CEN_BEA,2024,griffin|mason
CEN_BEA,2024,alexander|hunter
STE_HAT,2024,mccully|mike
STE_HAT,2024,danny|garcia
CEN_BEA,2024,barker|jesse
STE_HAT,2024,dyke|tyler|van
MER_BEA,2024,ackerman|jess
CIT_BUL,2024,ben|hutchins
CIT_BUL,2024,landon|slemp
CIT_BUL,2024,samuel|swygert
CIT_BUL,2024,holmes|will
MER_BEA,2024,cole|lawson
CIT_BUL,2024,kissenberth|luke
MER_BEA,2024,jaxon|oneal
CIT_BUL,2024,maddox|webb
MER_BEA,2024,franklin|wesley
CIT_BUL,2024,ethan|fewell
CIT_BUL,2024,matthew|polk
CIT_BUL,2024,bland|yates
CIT_BUL,2024,ben|brash
CIT_BUL,2024,derrick|floyd|george
MER_BEA,2024,bryant|olson
MER_BEA,2024,bryce|hawkins
MER_BEA,2024,cade|cosper
MIZ_TIG,2024,magdic|ryan
MSU_BDG,2024,dotson|luke
MIZ_TIG,2024,logan|lunceford
MIZ_TIG,2024,brock|lucas
ARK_RAZ,2024,cooper|dossett
ARK_RAZ,2024,carter|dylan
SOU_TRO,2024,stromsborg|tyler
UTA_UTE,2024,colter|mcanelly
UTA_UTE,2024,elder|jackson
SOU_TRO,2024,brodie|purcell
SOU_TRO,2024,martinez|xavier
GON_BUL,2024,gozstola|miles
PEP_WAV,2024,scavone|tommy
PEP_WAV,2024,cole|jordan
GON_BUL,2024,finbar|obrien
GON_BUL,2024,daniel|sotelo
PEP_WAV,2024,braden|guentz
PEP_WAV,2024,adam|troy
PEP_WAV,2024,matt|queen
WAS_COU,2024,brotherton|duke
WAS_COU,2024,jones|spencer
WAS_COU,2024,andrew|baughn
WAS_COU,2024,kaden|wickersham
WAS_COU,2024,elias|farland
ORE_DUC,2024,bradley|mullan
WAS_COU,2024,chase|grillo
WAS_COU,2024,jack|lee
WAS_COU,2024,haynes|kevin
AUB_TIG,2024,christian|herberholz
AUB_TIG,2024,dylan|watts
AUB_TIG,2024,ben|schorr
AUB_TIG,2024,connor|mcbride
AUB_TIG,2024,cannon|will
AUB_TIG,2024,carlson|parker
AUB_TIG,2024,graves|griffin
PUR_BOI,2024,iwinski|kyle
PUR_BOI,2024,assen|cole|van
PUR_BOI,2024,brayden|olson
PUR_BOI,2024,enas|hayden
AUS_GOV,2024,campbell|holt
ALA_LIO,2024,anthony|pingeton
ALA_LIO,2024,dane|sykes
AUS_GOV,2024,adam|walker
AUS_GOV,2024,khaden|washington
AUS_GOV,2024,dj|merriweather
AUS_GOV,2024,deaton|oak
ALA_LIO,2024,allen|john|stogner
ALA_LIO,2024,brycen|parrish
ALA_LIO,2024,jacob|james
TRO_TRJ,2024,luke|lyon
JMU_DUK,2024,tr|williams
TRO_TRJ,2024,dill|jay
JMU_DUK,2024,kuhle|max
TRO_TRJ,2024,samuel|schmidt
JMU_DUK,2024,leikus|matt
TRO_TRJ,2024,logan|ross
JMU_DUK,2024,griffin|polley
JMU_DUK,2024,brooks|tj
JMU_DUK,2024,griffin|madden
TRO_TRJ,2024,manning|noah
CRE_BLU,2024,eli|nissen
SET_PIR,2024,reich|ryan
CRE_BLU,2024,jack|pineau
SET_PIR,2024,anthony|ehly
CRE_BLU,2024,casey|trapp
CRE_BLU,2024,koch|mason
CRE_BLU,2024,daniel|hammond
SET_PIR,2024,alex|nicolosi
SET_PIR,2024,allmer|jay
KAN_JAY,2024,callahan|jd
TEX_LON,2024,heston|tole
TEX_LON,2024,david|shaw
KAN_JAY,2024,bradford|ethan
ORE_BEA,2024,eric|segura
UCLA,2024,luke|rodriguez
STA_CAR,2024,ryan|speshyock
UCLA,2024,goldberg|will
UCLA,2024,gobel|matthew
STA_CAR,2024,benjamin|reimers
STA_CAR,2024,bruno|jaden
UCLA,2024,jonathan|vaughns
STA_CAR,2024,oharran|toran
UCLA,2024,kaena|kiakona
UCLA,2024,justin|lee
STA_CAR,2024,kassius|thomas
GEO_BUL,2024,brandt|pancer
GEO_BUL,2024,devito|zach
KEN_WIL,2024,hise|zach
KEN_WIL,2024,cooper|robinson
MIA_HUR,2024,christopher|diaz
PIT_PAN,2024,reed|ryan
MIA_HUR,2024,naturman|slaide
PIT_PAN,2024,fernandez|matthew
MIA_HUR,2024,ben|chestnutt
MIA_HUR,2024,caruso|jt
MIA_HUR,2024,jordan|vargas
MIA_HUR,2024,ashton|crowther
SOU_IND16,2024,kiesel|will
WIU_LEA,2024,kyle|rosenfeld
SOU_IND16,2024,gavin|wilson
WIU_LEA,2024,jackson|rodgers
WIU_LEA,2024,greenan|jacob
WIU_LEA,2024,cole|dale
SOU_IND16,2024,mason|sweeney
WIU_LEA,2024,caden|kratz
SOU_IND16,2024,clayton|weisheit
WIU_LEA,2024,mason|telford
SOU_IND16,2024,geddes|trevor
ARL_MAV,2024,caden|noah
TAR_TEX,2024,burcham|jake
ARL_MAV,2024,jason|scrantom
ARL_MAV,2024,eby|trevor
TAR_TEX,2024,sudderth|tyler
TAR_TEX,2024,olson|tyler
ARL_MAV,2024,aaron|calhoun
TAR_TEX,2024,beagle|parrish
ARL_MAV,2024,garrett|gearner
TAR_TEX,2024,foss|nile
ARL_MAV,2024,hammond|harrison
ARL_MAV,2024,collin|horton
TAR_TEX,2024,poe|zach
DAY_FLY,2024,ryan|steinhauer
RHO_RAM,2024,sean|sposato
RHO_RAM,2024,heon|kenny
DAY_FLY,2024,jacob|mcgovern
RHO_RAM,2024,fernandez|zach
DAY_FLY,2024,austin|brush
ABI_WIL,2024,campa|iain
SEA_RED,2024,blake|smith
SEA_RED,2024,hogan|kian
ABI_WIL,2024,albus|dash
ABI_WIL,2024,chandler|freeman
SEA_RED,2024,morrison|ryan
UMBC_RET,2024,eddie|sargent
UMBC_RET,2024,joe|pucek
UMBC_RET,2024,daniels|sam
UMBC_RET,2024,bell|sam
UMBC_RET,2024,cunningham|matt
UMBC_RET,2024,kelly|zach
RUT_SCA,2024,justin|sinibaldi
RUT_SCA,2024,falco|jordan
RUT_SCA,2024,portnoy|sam
OSU_BUC,2024,brown|zachary
BAY_BEA,2024,marriott|mason
BAY_BEA,2024,hail|patrick
BAY_BEA,2024,golomb|grant
MAR_TER,2024,koester|logan
MAR_TER,2024,kenny|lippman
MAR_TER,2024,berrier|logan
MAR_TER,2024,evan|smith
MAR_TER,2024,andrew|johnson
PEN_NIT,2024,butash|mason
MAR_TER,2024,haberthier|nathan
MAR_TER,2024,logan|ott
MAR_TER,2024,duke|mccarron
RAD_HIG,2024,rouse|scott
LON_LAN,2024,brenton|fisher
LON_LAN,2024,dylan|saale
RAD_HIG,2024,drew|stanley
LON_LAN,2024,ethan|walker
RIC_OWL,2024,jd|mccracken
RIC_OWL,2024,garrett|stratton
RIC_OWL,2024,mark|perkins
RIC_OWL,2024,mauricio|rodriguez
VIR_TEC,2024,griffin|stieg
VIR_TEC,2024,exum|jacob
VIR_TEC,2024,parliament|wyatt
VIR_TEC,2024,jacob|stretch
VIR_CAV,2024,osinski|ryan
VIR_TEC,2024,andrew|sentlinger
GIT_YEL,2024,gaspard|jackson
GIT_YEL,2024,busse|terry
GIT_YEL,2024,caden|gaudette
FLO_SEM,2024,noah|short
VAL_CRU,2024,griffin|mccluskey
VAL_CRU,2024,joe|seiber
IND_SYC,2024,cameron|holycross
VAL_CRU,2024,jake|jakubowski
AIR_FOR,2024,dylan|rogers
AIR_FOR,2024,brantingham|harrison
FRE_BUL,2024,anker|jack
AIR_FOR,2024,estridge|gaines
AIR_FOR,2024,kyle|moats
AIR_FOR,2024,doyle|gehring
CAL_FUL,2024,mikiah|negrete
CAL_ANT,2024,nick|pinto
CAL_FUL,2024,seth|tomczak
CAL_ANT,2024,ricky|tibbett
VIR_KEY,2024,morgan|trey
WCC,2024,dante|visconti
WCC,2024,dusty|revis
VIR_KEY,2024,jack|thompson
VIR_KEY,2024,hunter|sipe
VIR_KEY,2024,caden|plummer
VIR_KEY,2024,clark|driscoll
VIR_KEY,2024,alex|larou
VIR_KEY,2024,peter|philips
WCC,2024,beverlin|cole
VIR_KEY,2024,andrew|jones
WCC,2024,budd|davis
WCC,2024,hamblen|spenser
VIR_KEY,2024,nolan|williamson
WCC,2024,griffin|guinther
VIR_KEY,2024,alstine|marcus|van
VIR_KEY,2024,hawley|nathan
WCC,2024,huntsberger|shane
WCC,2024,dylan|wheeler
WCC,2024,mcgonigal|paddy
WCC,2024,cannon|pickell
BEL_BRU,2024,joseph|ruzicka
BEL_BRU,2024,blake|ciuffetelli
DUK_BLU,2024,boisvert|david
GEO_HOY,2024,andrew|williams
STJ_RED,2024,aj|lausten
GEO_HOY,2024,cody|jensen
GEO_HOY,2024,marshall|whitmer
LOU_CAR,2024,colton|hartman
NOT_IRI,2024,fox|rory
NOT_IRI,2024,bennett|flynn
NOT_IRI,2024,jacobsen|will
LOU_CAR,2024,campbell|kayden
LOU_CAR,2024,carson|liggett
LOU_CAR,2024,biven|tucker
NOT_IRI,2024,hardman|nate
NOT_IRI,2024,caden|spivey
LOU_CAR,2024,starke|ty
LOU_CAR,2024,detmers|parker
TOW_TIG,2024,lynch|matthew
NOR_AGG,2024,angel|ortiz
TOW_TIG,2024,justin|rebok
TOW_TIG,2024,jordan|luton
NOR_AGG,2024,blantz|connor
TOW_TIG,2024,russo|tyler
TOW_TIG,2024,luis|riveranunez
BOC_EAG,2024,aj|colarusso
BOC_EAG,2024,evan|moore
BOC_EAG,2024,fisse|jordan
BOC_EAG,2024,eric|schroeder
CLE_TIG,2024,chance|fitzgerald
LIB_FLA,2024,moran|nick
LIB_FLA,2024,grubbs|talor
LIB_FLA,2024,bryce|dolby
LIB_FLA,2024,edwards|graham
OLE_REB,2024,josh|mallitz
OLE_REB,2024,mendes|wesley
OLE_REB,2024,connor|spencer
NEW_PRI,2024,chris|olivier
LAM_CAR,2024,hesseltine|hunter
NEW_PRI,2024,jack|williams
NEW_PRI,2024,trey|usey
NEW_PRI,2024,cortez|dennis
LAM_CAR,2024,havard|peyton
LAM_CAR,2024,andres|perez
NEW_PRI,2024,bryce|calloway
MIC_SPA,2024,dzierwa|joseph
MIC_SPA,2024,szczepanski|tommy
MIC_SPA,2024,aaron|mishoulam
MIC_SPA,2024,dominic|pianto
MIC_SPA,2024,aidan|arbaugh
MIZ_TIG,2024,bryce|mayer
MIZ_TIG,2024,carter|rustad
WRI_RAI,2024,joe|valentine
GON_BUL,2024,liam|paddack
PEP_WAV,2024,boyer|matt
GON_BUL,2024,erik|hoffberg
PEP_WAV,2024,dylan|stewart
GON_BUL,2024,graham|payton
PEP_WAV,2024,collin|valentine
PEP_WAV,2024,gunnar|nichols
RIC_SPI,2024,kyle|roche
RIC_SPI,2024,hinchliffe|jackson
RIC_SPI,2024,ethan|sannes
RIC_SPI,2024,logan|ymker
VCU_RAM,2024,cosentino|nick
RIC_SPI,2024,armson|dane
RIC_SPI,2024,chase|topolski
VCU_RAM,2024,everett|vaughan
RIC_SPI,2024,clifton|harrison
RIC_SPI,2024,corso|vincent
VCU_RAM,2024,cade|dressler
RIC_SPI,2024,jason|shockley
RIC_SPI,2024,anderson|matthew
VCU_RAM,2024,peters|zachary
RIC_SPI,2024,davis|wallon
AUB_TIG,2024,allsup|chase
ALA_CRI,2024,adams|zane
ALA_CRI,2024,probst|zane
ALA_CRI,2024,fay|tyler
ALA_CRI,2024,buchanan|coulson
AUB_TIG,2024,armstrong|john
AUB_TIG,2024,carson|myers
AUB_TIG,2024,hayden|murphy
PRE_BLH,2024,charlie|mcdaniel
NCA_BUL,2024,colby|guy
NCA_BUL,2024,melton|nichols
NCA_BUL,2024,cole|schiff
PRE_BLH,2024,hollister|sean
PRE_BLH,2024,digiacomo|fenix
NCA_BUL,2024,honeycutt|justin
PRE_BLH,2024,mcgregor|tristan
PRE_BLH,2024,boykin|robert
NCA_BUL,2024,justin|needles
NCA_BUL,2024,bryce|fisher
PRE_BLH,2024,saint|yechiel
PUR_BOI,2024,aaron|suval
PUR_BOI,2024,dannelley|jackson
PUR_BOI,2024,griffin|lohman
PUR_BOI,2024,cal|lambert
SAM_BUL,2024,berry|noah
SAM_BUL,2024,miller|riggins
SAM_BUL,2024,evan|steckmesser
SAM_BUL,2024,john|whitney
TCU_HFG,2024,andrew|mosiello
TCU_HFG,2024,bixby|mason
TCU_HFG,2024,hierholzer|storm
UTA_WOL,2024,boisvert|braden
UTA_WOL,2024,ethan|fowlks
UTA_WOL,2024,kimmel|luke
UTA_WOL,2024,colton|kennedy
CIN_BEA,2024,brenden|garula
VAN_COM,2024,huesman|levi
CHA_FOR,2024,carson|chase
CHA_FOR,2024,anibal|trevor
CHA_FOR,2024,kaler|tanner
CHA_FOR,2024,cameron|hansen
CHA_FOR,2024,rossi|tony
TUL_GRE,2024,jacob|saum
TUL_GRE,2024,jacob|moore
CHA_FOR,2024,joseph|taylor
TUL_GRE,2024,clements|william
CHA_FOR,2024,douglas|ryan
CHA_FOR,2024,baker|trey
CHA_FOR,2024,decardenas|jorge
MON_HAW,2024,alec|couture
MON_HAW,2024,ciaramella|dante
USF_BUL,2024,cebert|jack
UAB_BLA,2024,braxton|shelton
UAB_BLA,2024,chase|ingram
UAB_BLA,2024,carson|knight
UAB_BLA,2024,ballard|thomas
USF_BUL,2024,bevis|logan
SOU_IND16,2024,gavin|seebold
WIU_LEA,2024,kapraun|tyler
SOU_IND16,2024,carson|seeman
SOU_IND16,2024,hutson|tyler
ARL_MAV,2024,caylon|dygert
TAR_TEX,2024,mcelyea|piercen
TAR_TEX,2024,garza|grant
ARL_MAV,2024,norris|zach
TAR_TEX,2024,haley|matt
TAR_TEX,2024,bassinger|reese
ARL_MAV,2024,cade|mcglade
ARL_MAV,2024,collins|sam
TAR_TEX,2024,braydon|risley
ARL_MAV,2024,hasty|jacob
TAR_TEX,2024,driskell|jack
ARL_MAV,2024,joe|steeber
ULM_WAR,2024,cirelli|joey
ASU_RED,2024,charlton|max
ULM_WAR,2024,chipper|menard
ASU_RED,2024,conover|jacob
ASU_RED,2024,henry|jake|williams
ASU_RED,2024,collin|maloney
ABI_WIL,2024,brett|lanman
SEA_RED,2024,alwood|luke
SEA_RED,2024,chronowski|peter
ABI_WIL,2024,cade|mcgarrh
MOR_EAG,2024,helton|luke
SOU_COU,2024,delong|tyler
SOU_COU,2024,benner|ian
SOU_COU,2024,ponder|zeus
RUT_SCA,2024,fauci|sonny
RUT_SCA,2024,joe|mazza
MIC_WOL,2024,eamon|horwedel
MIC_WOL,2024,novara|wyatt
MIC_WOL,2024,alexander|ogg
MIC_WOL,2024,ramos|sachem
DEL_BLU,2024,doug|marose
DEL_BLU,2024,atiya|eli
MAR_TER,2024,melendez|omar
MAR_TER,2024,sarcone|trystan
MAR_TER,2024,alex|walsh
DIX_STE,2024,evan|vasiliou
CAL_LAN,2024,lukas|pirko
CAL_LAN,2024,delgado|ryan
DIX_STE,2024,aaron|morris
CAL_LAN,2024,hemmerling|nathan
DIX_STE,2024,matt|nelson
DIX_STE,2024,angeroth|carson
CAL_LAN,2024,mattox|seth
DIX_STE,2024,bonus|carson
CAL_LAN,2024,hetzler|ryan
BUT_BUL,2024,gage|vota
BUT_BUL,2024,christian|finnigan
BUT_BUL,2024,cade|vota
CAL_BEA,2024,luke|short
WAS_HUS,2024,fraser|max
WAS_HUS,2024,evangelista|jase
WAS_HUS,2024,isaac|yeager
WAS_HUS,2024,jack|sand
CAL_BEA,2024,aivazian|robert
RIC_OWL,2024,parker|smith
VIR_TEC,2024,brett|renfrow
GIT_YEL,2024,barfield|brett
WAK_DEA,2024,crawford|wade
WAK_DEA,2024,ben|shenosky
WAK_DEA,2024,gervase|will
WAK_DEA,2024,andrew|koshy
NEV_WOL,2024,doktorczyk|jason
SAN_AZT,2024,jacob|riordan
SAN_AZT,2024,fox|trevor
NEV_WOL,2024,canizares|matthew
SAN_AZT,2024,guzman|jonny
NEV_WOL,2024,desch|dominic
BRA_BRA,2024,jacob|kisting
MUR_RAC,2024,cade|vernon
BRA_BRA,2024,anthony|edge
BRA_BRA,2024,brayden|marks
MUR_RAC,2024,mcnabb|thomas
BRA_BRA,2024,hainline|nicholas
MUR_RAC,2024,brown|cade
EKU_COL,2024,isaac|milburn
JUD,2024,long|richard
JUD,2024,allman|tommy
JUD,2024,divine|valle
JUD,2024,isaac|williams
EKU_COL,2024,ryker|walton
JUD,2024,chrest|evan
EKU_COL,2024,clancy|joe
JUD,2024,peyton|prescott
JUD,2024,carver|jack
JUD,2024,aidan|kelly
VAL_CRU,2024,connor|lockwood
VAL_CRU,2024,foley|lucas
VAL_CRU,2024,josh|spencer
IND_SYC,2024,max|mcewen
AIR_FOR,2024,seungmin|shim
MT,2024,david|warren
WIC_SHO,2024,lapour|tommy
MT,2024,ellis|luke
WIC_SHO,2024,jack|mount
MT,2024,harris|malik
MT,2024,jonah|posey
MT,2024,ethan|vandament
VIR_KEY,2024,riley|will
WCC,2024,gavin|mortenson
VIR_KEY,2024,roberto|velasquez
VIR_KEY,2024,jaxon|lloyd
WCC,2024,jonathan|todd
MIS_BEA,2024,brandt|thompson
MIS_BEA,2024,jake|syverson
MIS_BEA,2024,dalen|stewart
SIU_SAL,2024,cole|koonce
MIS_BEA,2024,eric|loomis
MIS_BEA,2024,charlton|tyler
SIU_SAL,2024,harper|scott
XAV_MUS,2024,jonathan|kelly
VIL_WIL,2024,luke|mccollough
XAV_MUS,2024,alex|vera
VIL_WIL,2024,mintz|ryan
VIL_WIL,2024,alec|sachais
VIL_WIL,2024,montfort|patrick
GEO_HOY,2024,bowker|cody
GEO_HOY,2024,jordan|yoder
GEO_HOY,2024,davis|nick
APP_MOU,2024,jackson|steensma
APP_MOU,2024,cody|little
APP_MOU,2024,everette|harris
APP_MOU,2024,bradley|wilson
APP_MOU,2024,fisher|jordan
APP_MOU,2024,beaty|jake
LOU_CAR,2024,gongora|sebastian
NOT_IRI,2024,bedford|matthew
LOU_CAR,2024,forbes|patrick
NOT_IRI,2024,mcdonough|tobey
LOU_CAR,2024,evan|webster
NOT_IRI,2024,jack|radel
NOT_IRI,2024,reeth|rickey
LOU_CAR,2024,corbett|kaleb
CAM_CAM,2024,cole|peschl
WM_TRI,2024,potts|zach
WM_TRI,2024,hindy|mark
TOW_TIG,2024,andrew|luczak
NOR_AGG,2024,coley|kilpatrick
TOW_TIG,2024,max|simpson
TOW_TIG,2024,jacob|whiteman
TOW_TIG,2024,fritz|meyer
BYU_COU,2024,gubler|payton
BYU_COU,2024,carter|foss
BYU_COU,2024,luke|sterner
ELO_PHO,2024,justin|mitrovich
COL_CHA,2024,aidan|hunter
ELO_PHO,2024,ben|sieracki
ELO_PHO,2024,corcoran|tristan
ELO_PHO,2024,carson|wehner
LOY_LIO,2024,hackman|owen
SAN_DON,2024,calia|kolby
SAN_DON,2024,blake|shepardson
SAN_DON,2024,holzemer|hunter
NEW_PRI,2024,colton|mercer
LAM_CAR,2024,brooks|caple
NEW_PRI,2024,delorbe|ryan
NEW_PRI,2024,connor|macip
LAM_CAR,2024,morse|trhea
NEW_PRI,2024,edwards|grant
LAM_CAR,2024,ellis|jacob
NEW_PRI,2024,caleb|seroski
NEW_PRI,2024,brooks|byers
LAM_CAR,2024,kyle|moseley
LAM_CAR,2024,foster|kreuzer
NEW_PRI,2024,blasick|nathan
LAM_CAR,2024,cleveland|jackson
NEW_PRI,2024,kyrin|long
LAM_CAR,2024,austin|neal
MIC_SPA,2024,cook|harrison
MIC_SPA,2024,higgins|nolan
MIZ_TIG,2024,jacobi|kaden
MIZ_TIG,2024,ian|lohse
MIZ_TIG,2024,jacob|peaden
MIZ_TIG,2024,quinn|victor
WES_HIL,2024,bennett|jack
NMS_AGG,2024,connor|wylde
NMS_AGG,2024,meza|treyjen
NMS_AGG,2024,saul|soto
WES_HIL,2024,bimbi|jacob
NMS_AGG,2024,cade|swenson
NMS_AGG,2024,matt|romero
WES_HIL,2024,litteral|lucas
NMS_AGG,2024,hayden|walker
WES_HIL,2024,burns|mason
WRI_RAI,2024,hartzell|warren
NOR_CAT,2024,dyke|jack
MIN_GOL,2024,semb|will
MIN_GOL,2024,kyle|remington
NOR_CAT,2024,morr|nolan
NOR_CAT,2024,benneche|luke
NOR_CAT,2024,garrett|shearer
MIN_GOL,2024,connor|wietgrefe
SOU_TRO,2024,aoki|caden
UTA_UTE,2024,bryson|sickle|van
SOU_TRO,2024,edwards|mason
UTA_UTE,2024,hostert|randon
UTA_UTE,2024,ashman|micah
SOU_TRO,2024,blum|josh
GON_BUL,2024,feld|justin
PEP_WAV,2024,bonn|nick
GON_BUL,2024,peters|trey
GON_BUL,2024,deschryver|nate
RIC_SPI,2024,esteben|rodriguez
RIC_SPI,2024,brian|reinke
VCU_RAM,2024,camden|nuckols
RIC_SPI,2024,cole|hentschel
WAS_COU,2024,grant|taylor
WAS_COU,2024,carson|judd
ORE_DUC,2024,jaxon|jordan
AUB_TIG,2024,bauman|tanner
GEO_PAT,2024,owen|stewart
DAV_WIL,2024,perkins|wilson
GEO_PAT,2024,kyle|menaker
GEO_PAT,2024,goodyear|luke
GEO_PAT,2024,britt|yount
DAV_WIL,2024,ban|jason
GEO_PAT,2024,okeeffe|shaun
GEO_PAT,2024,logan|rumberg
GEO_PAT,2024,ty|uchman
DAV_WIL,2024,matt|weber
ARI_WIL,2024,jackson|kent
ARI_WIL,2024,casey|hintz
ARI_WIL,2024,eric|orloff
ARI_WIL,2024,jaeden|swanberg
ARI_WIL,2024,long|trevor
UTA_WOL,2024,chase|hennessey
GRA_CAN,2024,grant|richardson
UTA_WOL,2024,mitch|mueller
GRA_CAN,2024,benjamin|smith
UTA_WOL,2024,eli|sundquist
GRA_CAN,2024,brock|toney
OKL_SOO,2024,hensley|reid
UCLA,2024,jewett|luke
STA_CAR,2024,matt|scott
KEN_WIL,2024,cameron|obrien
CHA_FOR,2024,cole|reynolds
TUL_GRE,2024,fladda|luc
CHA_FOR,2024,degges|ryan
CHA_FOR,2024,aj|wilson
MIA_HUR,2024,gage|ziehl
PIT_PAN,2024,andrade|ryan
PIT_PAN,2024,ethan|firoved
MIA_HUR,2024,caba|myles
PIT_PAN,2024,chillot|gavin
SOU_IND16,2024,brown|peyton
WIU_LEA,2024,buhl|jason
SOU_IND16,2024,robinson|trent
DAY_FLY,2024,eli|majick
RHO_RAM,2024,jeremy|urena
DAY_FLY,2024,connor|fennell
DAY_FLY,2024,fortes|michael
DAY_FLY,2024,densmore|travis
RHO_RAM,2024,evan|maloney
DAY_FLY,2024,baker|luke
DAY_FLY,2024,newell|will
DAY_FLY,2024,packard|ryan
RHO_RAM,2024,aj|jones
MOR_EAG,2024,bradley|poynter
EKU_COL,2024,jack|waters
MOR_EAG,2024,taylor|zach
MOR_EAG,2024,furtado|josh
MOR_EAG,2024,andre|wojartowicz
MOR_EAG,2024,blankenship|branden
MOR_EAG,2024,jonah|sibley
EKU_COL,2024,hall|quinton
BYU_COU,2024,max|stanley
BYU_COU,2024,jake|porter
STM_GAE,2024,justin|santiago
SAN_GAU,2024,decooman|jed
STM_GAE,2024,delvecchio|dylan
STM_GAE,2024,howey|preston
SAN_GAU,2024,calvin|proskey
STM_GAE,2024,connor|linchey
STM_GAE,2024,cuffe|owen
RAD_HIG,2024,irizarry|jordan
RAD_HIG,2024,ludy|trey
RAD_HIG,2024,andrew|steinhaus
RAD_HIG,2024,eli|parks
NEV_WOL,2024,easton|marks
PAC_TIG,2024,carter|regan
PAC_TIG,2024,jackson|lux
PAC_TIG,2024,jacob|smith
PAC_TIG,2024,martinez|ryan
NEV_WOL,2024,garber|zach
NEV_WOL,2024,hughes|ian
NEV_WOL,2024,eddie|tierney
MSM_MTN,2024,davis|jeffrey
COP_STA,2024,canales|giovanni
MSM_MTN,2024,luke|pryor
MSM_MTN,2024,max|mccrary
MSM_MTN,2024,jb|manarchuck
COP_STA,2024,brandon|stephens
MSM_MTN,2024,curley|tj
COP_STA,2024,jackson|montgomery
COP_STA,2024,justin|ritz
FLO_PAN,2024,kevin|martin
FLO_PAN,2024,owen|puk
MIA_HUR,2024,chris|scinta
MIA_HUR,2024,brandon|olivera
FLO_PAN,2024,cameron|knox
FLO_PAN,2024,pena|richie
FLO_PAN,2024,david|eckaus
FLO_PAN,2024,jackson|ritchey
MIA_HUR,2024,nick|robert
FLO_PAN,2024,lampton|zac
GEO_EAG,2024,buursema|porter
JUD,2024,dylan|faulkner
GEO_EAG,2024,brady|pendley
JUD,2024,scout|updike
GEO_EAG,2024,hammontree|rhett
MIS_BEA,2024,lindsey|michael
ORA_GOL,2024,keaton|ruthhardt
ORA_GOL,2024,martin|trent
ORA_GOL,2024,braydon|sanford
MIS_BEA,2024,ferguson|garrett
USC_UPS,2024,curtis|mathieu
GEO_PAN,2024,lanning|nick
GEO_PAN,2024,hunter|varnadoe
GEO_PAN,2024,earwood|micah
USC_UPS,2024,hodgdon|trent
GEO_PAN,2024,butler|jack
BOC_EAG,2024,kipp|kyle
GEO_HOY,2024,marcello|mastroianni
BOC_EAG,2024,charlie|coon
BOC_EAG,2024,lane|travis
GEO_HOY,2024,andrew|citron
OLE_REB,2024,grayson|saunier
SOU_GOL,2024,landen|payne
OLE_REB,2024,dennis|gunnar
SOU_GOL,2024,ben|flowers|riley
OLE_REB,2024,cole|tolbert
SOU_GOL,2024,josh|och
OLE_REB,2024,galle|patrick
STJ_RED,2024,tj|winn
FAI_STA,2024,kyle|lesler
FAI_STA,2024,maiorano|ryan
STJ_RED,2024,batuyios|chris
FAI_STA,2024,emmett|tolis
STJ_RED,2024,jacob|ruiz
FAI_STA,2024,bo|buckley
FAI_STA,2024,aidan|colagrande
FAI_STA,2024,ostensen|peter
FAI_STA,2024,blake|helmstetter
MCN_COW,2024,caleb|strmiska
TEX_BOB,2024,calen|graham
MCN_COW,2024,kanin|morrow
MCN_COW,2024,jt|moeller
TEX_BOB,2024,jack|stroud
TEX_BOB,2024,colby|diaz
MCN_COW,2024,brian|shadrick
TEX_BOB,2024,cooper|tyler
MCN_COW,2024,caraway|daelan
MCN_COW,2024,barthelemy|brock
TEX_BOB,2024,otto|wofford
MCN_COW,2024,cameron|lejeune
MCN_COW,2024,max|swenson
TEX_BOB,2024,holbrook|nicholas
TEX_BOB,2024,cameron|obanan
BEL_BRU,2024,hank|liss
BEL_BRU,2024,allen|ty
TEN_VOL,2024,dallas|matthew
TEN_VOL,2024,austin|hunley
TEN_VOL,2024,derek|schaefer
MIC_SPA,2024,brewer|garrett
EMU_EAG,2024,baker|liam
MIC_SPA,2024,gavin|moczydlowsky
EMU_EAG,2024,isiah|lindsey
MIC_SPA,2024,ferazzi|nick
EMU_EAG,2024,kreuzer|niko
EMU_EAG,2024,mat|sanfilipo
EMU_EAG,2024,aaron|prikle
MIC_SPA,2024,logan|pikur
EMU_EAG,2024,jack|topolski
MSU_BDG,2024,colby|holcombe
ALA_LIO,2024,battle|justin
ALA_LIO,2024,carson|howard
ALA_LIO,2024,agosto|justus
NOR_CAT,2024,kyle|potthoff
NOR_CAT,2024,dickson|drew
OAK_GOL,2024,ben|paugh
CEN_MIC,2024,brown|jacob
OAK_GOL,2024,fekete|sean
OAK_GOL,2024,douglas|loden
CEN_MIC,2024,konuszewski|quin
OAK_GOL,2024,gage|smith
OAK_GOL,2024,easterlin|jaxson
CEN_MIC,2024,busyn|trevor
CEN_MIC,2024,hanson|jared
OAK_GOL,2024,aaron|evers
OAK_GOL,2024,hearn|will
OAK_GOL,2024,noah|stants
CEN_MIC,2024,jonah|milchuck
OAK_GOL,2024,joshua|korson
SOU_TRO,2024,garren|rizzo
GON_BUL,2024,matthew|mueller
SOU_TRO,2024,ebner|michael
GON_BUL,2024,cunneely|michael
SOU_TRO,2024,matson|sax
GON_BUL,2024,francis|kai
SOU_TRO,2024,austin|channing
AKR_ZIP,2024,emmett|gillies
AKR_ZIP,2024,anthony|fett
AKR_ZIP,2024,elijah|griffith
MIC_WOL,2024,slayden|zachary
AKR_ZIP,2024,rex|tre
AKR_ZIP,2024,kahook|yassir
AKR_ZIP,2024,josiah|ross
AKR_ZIP,2024,beall|jacob
RIC_OWL,2024,karl|ralamb
TEX_TIG,2024,adolf|castillo
TEX_TIG,2024,james|malone
TEX_TIG,2024,carlos|ciavaldini|marquez|samuel
TEX_TIG,2024,joseph|villareal
TEX_TIG,2024,barnes|justin
TEX_TIG,2024,brody|wilson
RIC_OWL,2024,hamilton|tyler
FGCU,2024,love|nick
FGCU,2024,crum|derek
FAU_OWL,2024,martzolf|max
FAU_OWL,2024,del|nicholas|prado
FAU_OWL,2024,ball|dawson
FGCU,2024,dalton|robinson
FAU_OWL,2024,murphy|tyler
FGCU,2024,bozenhard|ryland
FAU_OWL,2024,beaty|kyle
FGCU,2024,kavanaugh|matt
FGCU,2024,chase|kriebel
FAU_OWL,2024,ben|gilbert
FAU_OWL,2024,drumheller|sam
UNO_MAV,2024,carter|navin
UNO_MAV,2024,ethan|louthan
CRE_BLU,2024,shea|wendt
UNO_MAV,2024,brayden|curtis
UNO_MAV,2024,nick|scanlon
CRE_BLU,2024,curtin|shane
CRE_BLU,2024,parker|primeaux
UNO_MAV,2024,dreher|matt
CRE_BLU,2024,lamb|tommy
CRE_BLU,2024,burke|jimmy
USF_BUL,2024,dominick|madonna
NOF_OSP,2024,ross|william
NOF_OSP,2024,boroski|clayton
NOF_OSP,2024,avery|love
NOF_OSP,2024,ohme|will
USF_BUL,2024,austin|newton
NOF_OSP,2024,adams|brandon
USF_BUL,2024,riley|skeen
NOF_OSP,2024,humphrey|kaden
USF_BUL,2024,mink|tanner
BUC_BIS,2024,jacob|schultz
BUC_BIS,2024,carroll|graeme
BUC_BIS,2024,adelmann|jonathan
BUC_BIS,2024,mikey|myro
BUC_BIS,2024,mulvey|nick
BUC_BIS,2024,brady|swenson
CAL_LAN,2024,cody|new
CAL_LAN,2024,becerra|luis
CAL_LAN,2024,noah|smith
CAL_LAN,2024,hernandez|ryan
CAL_LAN,2024,kittredge|ryan
CAL_BEA,2024,andres|galan
STA_CAR,2024,joey|volchko
POR_PIL,2024,sam|stuhr
POR_PIL,2024,douglas|tanner
DIX_STE,2024,jonah|marshall
DIX_STE,2024,justin|woodbury
DIX_STE,2024,dylan|gardner
DIX_STE,2024,ben|clark
DIX_STE,2024,meisner|trevor
CAL_MUS,2024,bueno|reece
SAN_TOR,2024,nick|suspenzi
RHO_RAM,2024,hughes|tommy
UNC_SEA,2024,connor|kane
UNC_SEA,2024,gibson|jack
HOF_PRI,2024,penn|sealey
LON_LAN,2024,andrew|potojecki
USC_UPS,2024,cooper|ellingworth
USC_UPS,2024,julian|parson
LON_LAN,2024,garcia|guillermo|jr
LON_LAN,2024,owen|simmons
USC_UPS,2024,braden|consaul
APP_MOU,2024,trey|tujetsch
OLD_MON,2024,blake|morgan
APP_MOU,2024,lewis|zach
SAN_SPA,2024,ethan|ross
CAL_BEA,2024,logan|piper
SAN_SPA,2024,corey|sanchez
CHA_BUC,2024,gallant|matthew
RAD_HIG,2024,dylan|howard
CHA_BUC,2024,evan|truitt
RAD_HIG,2024,nick|petit
UIC_FLA,2024,colin|hawkins
UIC_FLA,2024,cameron|nohos
UIC_FLA,2024,presley|wachowiak
UIC_FLA,2024,millsap|zack
VIR_CAV,2024,bryson|moore
VIR_CAV,2024,dean|kampschror
VIR_CAV,2024,buchanan|matthew
CLE_TIG,2024,hughes|rob
JMU_DUK,2024,murphy|ryan
MAR_THU,2024,griffin|miller
MAR_THU,2024,agemy|cole
MAR_THU,2024,peyton|schofield
MAR_THU,2024,nicholas|weyrich
BEL_BRU,2024,caleb|guisewite
MSM_MTN,2024,foster|jakob
CAN_GRI,2024,chris|pouliot
CAN_GRI,2024,felix|morin
MSM_MTN,2024,kyle|speas
CAN_GRI,2024,joe|lopinto
MSM_MTN,2024,jt|landwehr
CAN_GRI,2024,ethan|hennessy
FLO_PAN,2024,joel|pineiro
SAM_BEA,2024,marshall|wales
SAM_BEA,2024,peterson|ryan
FLO_PAN,2024,bishop|jaydon
FLO_PAN,2024,alwine|evan
SAM_BEA,2024,chandler|david
FLO_PAN,2024,bryce|greene
TOL_ROC,2024,bergman|jackson
TOL_ROC,2024,jacob|tabor
NOT_IRI,2024,lynch|ryan
NOT_IRI,2024,david|lally
YAL_BUL,2024,easterly|reid
HAR_CRI,2024,callan|fang
HAR_CRI,2024,burns|william
YAL_BUL,2024,evans|tate
HAR_CRI,2024,abler|andrew
HAR_CRI,2024,narottam|uday
YAL_BUL,2024,ethan|lewis
HAR_CRI,2024,cleary|cole
GEO_EAG,2024,gavon|wray
DUK_BLU,2024,emus|jackson
CAL_AGO,2024,noel|valdez
CAL_AGO,2024,kaden|riccomini
CAL_AGO,2024,andrew|lacour
UCLA,2024,cal|randall
BOC_EAG,2024,farnelli|michael
BOC_EAG,2024,mudd|tyler
WCC,2024,ryan|white
WCC,2024,carson|lowder
MER_BEA,2024,fred|wilson
WIN_EAG,2024,lumpkin|reese
HIG_PAN,2024,carter|noah
WIN_EAG,2024,kruglewicz|parker
HIG_PAN,2024,cael|chatham
SAC_HOR,2024,jasper|nelson
STE_LUM,2024,jaco|skyler
STE_LUM,2024,carter|hines
SAC_HOR,2024,andrew|monson
SAC_HOR,2024,richards|xavier
STE_LUM,2024,cade|stapleton
STE_LUM,2024,crew|wilson
STE_LUM,2024,dylan|savino
SAC_HOR,2024,brown|kade
STE_LUM,2024,caleb|rutledge
IOW_HAW,2024,marcus|morgan
IOW_HAW,2024,hart|sam
WES_HIL,2024,dawson|hall
UCF_KNI,2024,najer|victor
HOU_COU,2024,alex|solis
HOU_COU,2024,jose|torrealba
HOU_COU,2024,brendan|odonnell
HOU_COU,2024,dollar|ryan
HOU_COU,2024,benzor|michael
HOU_COU,2024,chris|stuart
KAN_JAY,2024,cranton|hunter
ASU_RED,2024,dylan|heine
ASU_RED,2024,draper|hunter
ASU_RED,2024,arlon|butts
ASU_RED,2024,blaine|harpeneua
ASU_RED,2024,hudson|ross
ASU_RED,2024,bryce|schares
STA_CAR,2024,dugan|nick
ARI_SUN,2024,hunter|omlid
ARI_SUN,2024,fitzpatrick|sean
ARI_SUN,2024,ryan|schiefer
STA_CAR,2024,moore|trevor
ARI_SUN,2024,carlon|cole
LIP_BIS,2024,frank|hayden
BEL_KNI,2024,nolan|pender
BEL_KNI,2024,steven|thom
BEL_KNI,2024,mike|sokol
LIP_BIS,2024,kutz|ryan
LIP_BIS,2024,jake|lynch
LIP_BIS,2024,collin|witzke
BEL_KNI,2024,carver|chase
RUT_SCA,2024,jake|marshall
PEN_NIT,2024,david|lee
RUT_SCA,2024,bowen|ethan
CAL_MAT,2024,allenfox|destin
CSD_TRI,2024,dalquist|matthew
CAL_MAT,2024,diego|gutierrez
CSD_TRI,2024,izaak|martinez
CAL_MAT,2024,hall|hayden
NOR_CAT,2024,matthew|mcclure
OAK_GOL,2024,brody|krzysiak
UWM_PAN,2024,owen|rice
UWM_PAN,2024,gavin|theis
OAK_GOL,2024,brandon|decker
UWM_PAN,2024,kaufmann|keagon
UWM_PAN,2024,johnny|kelliher
SET_PIR,2024,downing|john
SET_PIR,2024,alexander|dambrosio
SET_PIR,2024,espelin|nate
UNL_REB,2024,carson|lane
UNL_REB,2024,samuel|simon
UNL_REB,2024,albert|roblez
UNL_REB,2024,maloney|matthew
TOW_TIG,2024,jeske|ryder
TOW_TIG,2024,brett|selis
TOW_TIG,2024,jake|michel
TOW_TIG,2024,luis|rivera
PUR_BOI,2024,blackwell|jonathan
PRE_BLH,2024,hays|jeff
STM_GAE,2024,ryan|sanders
PAC_TIG,2024,josh|souza
PAC_TIG,2024,jarryd|wood
PAC_TIG,2024,austin|mckinney
PAC_TIG,2024,bryce|cruz
STM_GAE,2024,adam|enyart
PAC_TIG,2024,andrus|david
TEN_TEC,2024,jaxson|pease
TEN_TEC,2024,erdman|jack
TEN_TEC,2024,eli|huddleston
JAC_GAM,2024,austin|cornelius
MTSU_BLU,2024,phillips|trace
JAC_GAM,2024,colby|morse
JAC_GAM,2024,maynard|sam
JAC_GAM,2024,joshua|sibley
MTSU_BLU,2024,akens|ollie
MTSU_BLU,2024,colin|kerrigan
JAC_GAM,2024,colin|woodham
MTSU_BLU,2024,johnson|patrick
MEX_LOB,2024,david|lopez
MEX_LOB,2024,arthur|steinkamp
MEX_LOB,2024,bannister|wil
MEX_LOB,2024,jackson|jaren
ARL_MAV,2024,nicholas|robb
MIN_GOL,2024,novotny|tucker
MIN_GOL,2024,hemmesch|tyler
MIN_GOL,2024,justin|thorsteinson
MIN_GOL,2024,whelan|will
MIN_GOL,2024,clausen|seth
MIN_GOL,2024,gross|tommy
MIN_GOL,2024,caden|capomaccio
UTA_UTE,2024,alan|michael|stanford
UTA_UTE,2024,brett|porthan
ARI_WIL,2024,bradon|zastrow
UTA_UTE,2024,payton|riske
COA_CHA,2024,cassell|parker
GEO_PAN,2024,dylan|matela
COA_CHA,2024,hinkel|trevor
COA_CHA,2024,smith|will
GEO_PAN,2024,dunn|patrick
COA_CHA,2024,carbone|dominick
GEO_PAN,2024,aidan|mcevoy
COA_CHA,2024,alexander|meckley
SAN_BRO,2024,blake|hammond
LOY_LIO,2024,austin|schroeder
LOY_LIO,2024,geis|jake
LOY_LIO,2024,chimenti|cole
LOY_LIO,2024,hughes|jacob
SAN_BRO,2024,bayles|max
FGCU,2024,henschel|justin
UNO_MAV,2024,bell|charlie
THO_M,2024,devon|schewe
THO_M,2024,max|skilbeck
UNO_MAV,2024,cooper|prosoki
UNO_MAV,2024,gainer|luke
THO_M,2024,cano|carl
AUB_TIG,2024,cameron|keshock
GEO_COL,2024,jarrett|korson
UMA_AMH,2024,andrew|middleton
UMA_AMH,2024,bigelow|leif
UMA_AMH,2024,given|zack
GEO_COL,2024,andrew|cutler
UMA_AMH,2024,dylan|terwilliger
GEO_COL,2024,benny|wilson
GEO_COL,2024,brandon|siegenthaler
UMA_AMH,2024,jensen|mikey
UMA_AMH,2024,jacob|terwilliger
GEO_COL,2024,crochet|reese
GEO_COL,2024,haug|max
LOU_CAR,2024,phillips|riley
LOU_CAR,2024,jared|lessman
LOU_CAR,2024,joshua|klug
WAS_HUS,2024,boyle|samuel
WAS_HUS,2024,emanuels|josh
WAS_HUS,2024,cunningham|grant
SAL_JAG,2024,carson|swilling
ULM_WAR,2024,aidan|haynes
SAL_JAG,2024,gant|starling
SAL_JAG,2024,grant|wood
ULM_WAR,2024,brandon|brewer
ULM_WAR,2024,dalton|hitt
ULM_WAR,2024,carson|orton
SAL_JAG,2024,willingham|zach
ULM_WAR,2024,shaw|zachary
UAB_BLA,2024,colin|daniel
MT,2024,curtis|jake
UAB_BLA,2024,hutto|ty
UAB_BLA,2024,john|luke|marlin
MT,2024,brayden|sanders
POR_PIL,2024,carter|gaston
POR_PIL,2024,codron|morgan
BUC_BIS,2024,oneill|tyler
DIX_STE,2024,cade|montgomery
CAL_MUS,2024,jaccob|torres
DIX_STE,2024,carsten|herman
CAL_MUS,2024,charlie|royle
DIX_STE,2024,decker|ky
SAN_DON,2024,matthew|mcconnell
SAN_DON,2024,magnus|nelson
SAN_TOR,2024,chase|minor
RHO_RAM,2024,joseph|sabbath
RHO_RAM,2024,colin|maloney
RHO_RAM,2024,josh|kopetski
RHO_RAM,2024,brandon|hsu
RHO_RAM,2024,foster|jake
RHO_RAM,2024,connor|corcoran
RHO_RAM,2024,morris|zach
USC_UPS,2024,henry|proger
USC_UPS,2024,henninger|tommy
USC_UPS,2024,darin|kuskie
LON_LAN,2024,dittner|reid
OLD_MON,2024,ben|moore
APP_MOU,2024,chirico|dante
OLD_MON,2024,holobetz|john
CAL_BEA,2024,ian|may
SAN_SPA,2024,micky|thompson
SAN_SPA,2024,george|nolan
CAL_BEA,2024,mayer|tom
CAL_BEA,2024,stasiowski|tyler
SAN_SPA,2024,allen|cade|van
CHA_BUC,2024,nick|timpanelli
CHA_BUC,2024,ledwell|parks
CHA_BUC,2024,henshaw|tyler
CHA_BUC,2024,dylan|matsuoka
UIC_FLA,2024,ryan|smith
UIC_FLA,2024,lawler|reece
LIB_FLA,2024,benjamin|blair
NOR_WOL,2024,john|miralia
NOR_WOL,2024,jaxon|lucas
NOR_WOL,2024,andrews|heath
CLE_TIG,2024,justin|leguernic
CLE_TIG,2024,clayton|nick
MAR_THU,2024,blevins|bryce
MAR_THU,2024,alexander|mckay
CAN_GRI,2024,consigli|peyton
MSM_MTN,2024,brendan|yagesh
CAN_GRI,2024,russo|thoms
CAN_GRI,2024,austin|kutz
MSM_MTN,2024,jackson|snyder
SAM_BEA,2024,michael|watson
SAM_BEA,2024,hellums|miles
FLO_PAN,2024,cabarcas|ryan
SAM_BEA,2024,lott|malachi
TOL_ROC,2024,johnson|noah
TOL_ROC,2024,kyle|music
TOL_ROC,2024,kyle|pijaszek
TOL_ROC,2024,dane|hall
TOL_ROC,2024,hughes|ryan
YAL_BUL,2024,colton|shaw
HAR_CRI,2024,matson|sean
YAL_BUL,2024,cohen|daniel
HAR_CRI,2024,pauley|truman
HAR_CRI,2024,smith|tanner
LOU_CAJ,2024,chase|morgan
GIT_YEL,2024,ballard|carson
CAL_AGO,2024,tyler|wood
CAL_AGO,2024,lerma|mason
CAL_AGO,2024,carter|speights
CAL_AGO,2024,carter|delaney
UCLA,2024,barnett|michael
ORE_BEA,2024,kellan|oakes
UCLA,2024,rashad|ruff
BOC_EAG,2024,john|west
BOC_EAG,2024,aidan|crowley
BOC_EAG,2024,bradley|lombardi
MER_BEA,2024,cody|soliday
MER_BEA,2024,jeb|johnson
MER_BEA,2024,micah|takac
WIN_EAG,2024,owen|sarna
WIN_EAG,2024,alex|logusch
HIG_PAN,2024,dalton|olsovsky
WIN_EAG,2024,caleb|jones
WIN_EAG,2024,parker|whittle
HIG_PAN,2024,david|keith
SAC_HOR,2024,stewert|tyler
STE_LUM,2024,kade|parker
STE_LUM,2024,balmaceda|elian
SAC_HOR,2024,cooper|rons
STE_LUM,2024,boyett|reid
SAC_HOR,2024,max|pettey
ILL_ILL,2024,jake|swartz
ILL_ILL,2024,clark|evan
WES_HIL,2024,leverton|luke
WES_HIL,2024,morris|patrick
HBU_HUS,2024,gunter|rye
HBU_HUS,2024,feltman|jett
MCN_COW,2024,alexis|gravel
HBU_HUS,2024,jonathan|valdez
HBU_HUS,2024,dagley|ty
HBU_HUS,2024,brayden|gilley
HBU_HUS,2024,nolan|wilson
HBU_HUS,2024,james|kirkpatrick
HBU_HUS,2024,hamilton|jack
MCN_COW,2024,abraham|ty
HBU_HUS,2024,nicholas|willard
HBU_HUS,2024,jr|lopez|mark
HBU_HUS,2024,christian|diaz
HBU_HUS,2024,jarek|wells
HOU_COU,2024,antoine|jean
HOU_COU,2024,diego|luzardo
HOU_COU,2024,kyle|lacalameto
ASU_RED,2024,der|jelle|lelie|van
ASU_RED,2024,coby|greiner
ASU_RED,2024,finan|michael
STA_CAR,2024,christian|lim
ARI_SUN,2024,connor|markl
ARI_SUN,2024,giblin|jonah
LIP_BIS,2024,jake|poindexter
BEL_KNI,2024,sylvester|thomas
LIP_BIS,2024,dunkelberger|michael
BEL_KNI,2024,matherly|samuel
BEL_KNI,2024,groher|holden
LIP_BIS,2024,evan|harmon
LIP_BIS,2024,chandler|giles
BEL_KNI,2024,goldschlag|ross
LIP_BIS,2024,lyne|tanner
PEN_NIT,2024,chic|degaetano
CSD_TRI,2024,ernisse|zach
CSD_TRI,2024,hasegawa|sam
CSD_TRI,2024,devon|king
CSD_TRI,2024,franco|xavier
CSD_TRI,2024,huy|nathan
KAN_WIL,2024,adam|arther
KAN_WIL,2024,buss|mason
NOR_CAT,2024,michael|peter
NOR_CAT,2024,amar|tsengeg
NOR_CAT,2024,cole|mascott
NOR_CAT,2024,doyle|justin
OAK_GOL,2024,tanner|ware
UWM_PAN,2024,adrian|montilva
UWM_PAN,2024,logan|snow
OKL_COW,2024,blake|drew
TEX_AGG,2024,isaac|morton
SET_PIR,2024,blazan|jackson
SET_PIR,2024,gillen|michael
SET_PIR,2024,cole|hansen
STJ_RED,2024,chase|kyle
UNL_REB,2024,lj|mercurius
UNL_REB,2024,blaze|hill
FAU_OWL,2024,beard|trey
RIC_OWL,2024,blank|jackson
FAU_OWL,2024,danny|trehey
RIC_OWL,2024,alch|tucker
FAU_OWL,2024,brandon|smith
RIC_OWL,2024,tom|vincent
FAU_OWL,2024,braden|ostrander
STM_GAE,2024,jason|reitz
PAC_TIG,2024,guardado|jakob
PAC_TIG,2024,mcwilliam|owen
SOU_COU,2024,garrett|helsel
TEN_TEC,2024,calitri|peyton
TEN_TEC,2024,brody|lanham
SOU_COU,2024,jake|kampf
TEN_TEC,2024,mcduffie|reece
JAC_GAM,2024,baker|will
MTSU_BLU,2024,alderman|chandler
MTSU_BLU,2024,jenkins|will
MTSU_BLU,2024,justin|lee
MTSU_BLU,2024,beranek|bryant
MEX_LOB,2024,brett|russell
NEV_WOL,2024,burfield|casey
MIC_SPA,2024,nick|powers
MIN_GOL,2024,kennedy|sam
MIC_SPA,2024,huffman|jaxon
MIN_GOL,2024,argento|nick
UTA_UTE,2024,jones|merit
ARI_WIL,2024,candiotti|clark
UTA_UTE,2024,bransen|kuehl
ARI_WIL,2024,dawson|netz
UTA_UTE,2024,ernesto|lugocanchola
SAN_BRO,2024,brandon|gomez
LOY_LIO,2024,barrett|seamus
SAN_BRO,2024,jack|lazark
SAN_BRO,2024,gillmore|jace
LOY_LIO,2024,michael|nunez
SAN_BRO,2024,nico|stanley
LOY_LIO,2024,cole|stucky
LOY_LIO,2024,conner|kershaw
SAN_BRO,2024,schreiber|sebastian
UNO_MAV,2024,harrison|kreiling
THO_M,2024,gartner|kolby
THO_M,2024,kruzan|marcus
THO_M,2024,endres|zak
TCU_HFG,2024,morris|zack
GEO_COL,2024,foltz|michael
UMA_AMH,2024,oconnor|robbie
BAY_BEA,2024,calder|ethan
SOU_GAM,2024,joey|wittig
SAL_JAG,2024,leif|moore
SAL_JAG,2024,danny|diaz
ULM_WAR,2024,parker|seay
DAV_WIL,2024,cavanaugh|cooper
STB_BON,2024,bobby|finn
STB_BON,2024,ciampa|tristan
STB_BON,2024,kade|walker
STB_BON,2024,oconnell|ryan
MT,2024,garner|seth
UAB_BLA,2024,christian|clack
UAB_BLA,2024,brock|hill
POR_PIL,2024,brink|nick
PEP_WAV,2024,grossman|jacob
PEP_WAV,2024,nichol|wyatt
POR_PIL,2024,justin|ramirez
PEP_WAV,2024,callis|john
PEP_WAV,2024,croghan|kamden
POR_PIL,2024,broden|palmer
CAL_MUS,2024,jakob|wright
DIX_STE,2024,dakoda|west
CAL_MUS,2024,baum|ryan
SAN_DON,2024,joe|soberon
SAN_DON,2024,barrett|gabriel
RHO_RAM,2024,connor|grotyohann
LON_DIR,2024,alexander|mihalakis
LON_DIR,2024,david|ladjevic
CAL_ANT,2024,brooks|ryder
BYU_COU,2024,benjamin|hansen
HOF_PRI,2024,haggerty|matt
HOF_PRI,2024,apollo|nick
LON_LAN,2024,dercole|dominick
USC_UPS,2024,jagger|jefferis
LON_LAN,2024,gibbons|sean
APP_MOU,2024,collin|welch
SAN_SPA,2024,chase|keaton
SAN_SPA,2024,cammarata|joey
CAL_BEA,2024,becerra|christian
SAN_SPA,2024,gutierrez|jesse
UIC_FLA,2024,dillon|schueler
UIC_FLA,2024,rigel|verciglio
LIB_FLA,2024,cole|hertzler
BEL_BRU,2024,cade|granzow
NOT_IRI,2024,dj|helwig
TOL_ROC,2024,grant|umberger
TOL_ROC,2024,camryn|szynski
TOL_ROC,2024,brennan|mccune
TOL_ROC,2024,caden|kline
ORE_BEA,2024,ian|lawson
UCLA,2024,caedon|kottinger
MER_BEA,2024,colton|cosper
MER_BEA,2024,graham|yntema
MER_BEA,2024,bohn|caleb
WIN_EAG,2024,huge|riley
SAC_HOR,2024,evan|gibbons
STE_LUM,2024,jack|james
STE_LUM,2024,andrew|kithil
STE_LUM,2024,bowyer|reid
IOW_HAW,2024,aaron|savary
IOW_HAW,2024,chas|wheatley
IOW_HAW,2024,beuter|reece
NCB,2024,dylan|smith
NCB,2024,berrios|wilbur
NCB,2024,kevin|sharp
MCN_COW,2024,voss|zach
HBU_HUS,2024,edwards|parker
HBU_HUS,2024,baumann|baylor
HBU_HUS,2024,brock|shoffner
HOU_COU,2024,cade|citelli
KAN_JAY,2024,ireland|sam
KAN_JAY,2024,cashero|hunter
HOU_COU,2024,paul|schmitz
HOU_COU,2024,drezek|graysen
KAN_JAY,2024,crawford|kasey
ASU_RED,2024,kole|turner
ASU_RED,2024,walker|williams
ARI_SUN,2024,ben|jacobs
ARI_SUN,2024,matthew|tieding
STA_CAR,2024,fleischli|nate
ARI_SUN,2024,alba|jaden
LIP_BIS,2024,alex|brewer
BEL_KNI,2024,johnson|ryan
BEL_KNI,2024,devin|ecklar
CSD_TRI,2024,anthony|eyanson
CAL_MAT,2024,kenji|pallares
CSD_TRI,2024,seid|spencer
CSD_TRI,2024,landon|marchetti
CAL_MAT,2024,gabriel|hernandez
OAK_GOL,2024,hunter|pidek
UWM_PAN,2024,hansel|luke
TEX_RAI,2024,isaiah|rhodes
TEX_RAI,2024,hudson|parker
TOW_TIG,2024,bobby|spencer
TOW_TIG,2024,emmons|kyle
PRE_BLH,2024,daniel|eagen
PRE_BLH,2024,smith|tanner
PRE_BLH,2024,mason|mcdaniel
CIT_BUL,2024,anthony|hausner
STM_GAE,2024,derik|eaquinto
PAC_TIG,2024,ethan|shaver
STM_GAE,2024,ryan|wiltse
TEN_TEC,2024,landon|smiddy
TEN_TEC,2024,brafa|jack
SOU_COU,2024,andrew|ressler
TEN_TEC,2024,juan|vargas
MEX_LOB,2024,dayne|pengelly
NEV_WOL,2024,cumming|jake
SEA_RED,2024,hanson|sam
MIC_SPA,2024,aaron|mishoulam
ARI_WIL,2024,ii|martinez|matthew
SAN_BRO,2024,cade|pilchard
SAN_BRO,2024,martinez|victor
SAN_BRO,2024,johnson|josh
SAN_BRO,2024,cole|kitchen
SAN_BRO,2024,caden|wooster
FGCU,2024,davian|garcia
FGCU,2024,anthony|ursitti
FGCU,2024,haberstock|william
THO_M,2024,esch|evan
UNO_MAV,2024,reed|scott
THO_M,2024,huhn|tucker
GEO_COL,2024,brennan|teddy
UMA_AMH,2024,lints|renn
LOU_CAR,2024,koger|will
LOU_CAR,2024,grundy|kade
LOU_CAR,2024,dickerson|korbyn
LOU_CAR,2024,justin|west
BAY_BEA,2024,drew|leach
BAY_BEA,2024,sepulveda|stephen
BAY_BEA,2024,andrew|petrowski
TEN_VOL,2024,aj|causey
UAB_BLA,2024,berry|blayze
STB_BON,2024,michael|salina
STB_BON,2024,alex|barger
STB_BON,2024,chance|moore
DAV_WIL,2024,adam|katz
DAV_WIL,2024,dunagan|jake
DAV_WIL,2024,baermann|micah
BUT_BUL,2024,linde|simon
EIU_PAN,2024,cartwright|eli
EIU_PAN,2024,slater|wilcox
BUT_BUL,2024,brett|sherrard
EIU_PAN,2024,chaney|trout
BUT_BUL,2024,foxson|tate
EIU_PAN,2024,robbins|zane
BUT_BUL,2024,brooks|grant
GEO_COL,2024,graham|jeffries
GEO_COL,2024,brayden|kurtz
GEO_COL,2024,cade|davis
GEO_COL,2024,gavin|miller
GEO_COL,2024,blankenship|tyler
VIR_CAV,2024,cullen|mckay
VIR_CAV,2024,charlie|oschell
VIR_CAV,2024,beruvides|freddy|jr|noel
NOR_AGG,2024,barrett|diego
NOR_AGG,2024,stirling|thomas
NOR_AGG,2024,darius|robinson
NOR_AGG,2024,brewington|isaiah
NOR_AGG,2024,delisi|jake
NOR_AGG,2024,brock|duff
WAK_DEA,2024,hudson|lee
YAL_BUL,2024,bryant|reese
ION_GAE,2024,teo|torrado
ION_GAE,2024,cooper|haseley
YAL_BUL,2024,christopher|diprima
ION_GAE,2024,carl|kuentzel
ION_GAE,2024,joey|kasper
YAL_BUL,2024,carter|kessinger
ION_GAE,2024,matt|zguro
ION_GAE,2024,eric|gialloreto
XAV_MUS,2024,bailey|connor
MIA_RED,2024,demonica|nick
MIA_RED,2024,ronevich|tyler
XAV_MUS,2024,boyle|nick
MIA_RED,2024,ryan|zimmer
MIA_RED,2024,hollis|nolan
XAV_MUS,2024,hughes|nolan
XAV_MUS,2024,jake|lambdin
MIA_RED,2024,connor|preisel
LIB_FLA,2024,bryce|dolby
VIR_TEC,2024,clement|madden
VIR_TEC,2024,crowl|preston
VIR_TEC,2024,carson|ohl
LIB_FLA,2024,cooper|trey
WES_MOU,2024,amos|bryce
WES_MOU,2024,beam|tommy
PEN_NIT,2024,james|lordi
YSU_PEN,2024,mitchell|seymour
OSU_BUC,2024,jaylen|jones
OSU_BUC,2024,noah|williamson
YSU_PEN,2024,chris|domke
OSU_BUC,2024,baird|tim
UWM_PAN,2024,deleskiewicz|tyler
UWM_PAN,2024,cole|spitzer
MUR_RAC,2024,bryce|valero
MUR_RAC,2024,braundmeier|reed
MUR_RAC,2024,allen|roulette
MUR_RAC,2024,alex|elsing
OLE_REB,2024,calhoun|hudson
MUR_RAC,2024,ethan|lyke
OLE_REB,2024,carmack|kyler
MUR_RAC,2024,holler|nathan
MUR_RAC,2024,malik|pogue
CEN_MIC,2024,miller|trey
CEN_MIC,2024,bryce|hellgeth
CEN_MIC,2024,bell|jack
CEN_MIC,2024,evan|waters
RIC_OWL,2024,alch|tucker
LAM_CAR,2024,carter|sutton
RIC_OWL,2024,karl|ralamb
RIC_OWL,2024,gallant|reed
LAM_CAR,2024,williams|zach
SOU_JAC,2024,alex|clemons
SOU_JAC,2024,goble|jake
SOU_JAC,2024,alex|koep
SOU_JAC,2024,kent|will
NEB,2024,borst|evan
SOU_JAC,2024,jude|sundquist
SOU_JAC,2024,samuel|schlecht
SOU_JAC,2024,driessen|dylan
NEB,2024,cleavinger|grant
IWC,2024,tomas|urbina
IWC,2024,luis|rodriguez
IWC,2024,dave|johnson
IWC,2024,adam|byrd
BAY_BEA,2024,green|mason
TAR_TEX,2024,devon|patel
TAR_TEX,2024,corgiat|dom
TAR_TEX,2024,carter|tanner
SAN_SPA,2024,casey|spencer
SAN_SPA,2024,albanese|tyler
SAN_SPA,2024,cade|cushing
SOU_TRO,2024,eric|hammond
SOU_TRO,2024,andrew|harbour
SOU_TRO,2024,feikes|jared
SOU_TRO,2024,dylan|tostrup
UTA_UTE,2024,harris|jaden
SAN_GAU,2024,brady|huddlestun
ECU_PIR,2024,dilorenzo|jackson
CHA_BUC,2024,brett|gastman
UNC_SEA,2024,allen|cooper
CHA_BUC,2024,christian|robb
CHA_BUC,2024,joel|rodriguez
CHA_BUC,2024,devin|macwatters
UIC_FLA,2024,gould|zak
DAL_PAT,2024,atkinson|charlie
FLO_SEM,2024,barrett|ben
FLO_SEM,2024,brady|louck
FLO_SEM,2024,jr|tejeda|yoel
NOR_SPA,2024,liam|royster
NOR_SPA,2024,horton|john
NOR_SPA,2024,blakeney|ethan
NOR_SPA,2024,hampton|parker
NOR_SPA,2024,mac|yarbrough
NOK_NOR,2024,griffin|howell
NOK_NOR,2024,jake|johnson
FDU_KNI,2024,feretic|nicholas
FDU_KNI,2024,cole|vida
FDU_KNI,2024,dante|edwardi
FDU_KNI,2024,jake|simon
FDU_KNI,2024,joey|kosowsky
FDU_KNI,2024,ceverino|vladimir
LIT_TRO,2024,brown|malcolm
LIT_TRO,2024,hunter|royal
LIT_TRO,2024,beezley|josh
LIT_TRO,2024,erik|mcknight
LIT_TRO,2024,jacob|weatherley
SOU_JAG,2024,genesis|prosper
SOU_JAG,2024,charles|green
SOU_JAG,2024,deonte|dotson
SOU_JAG,2024,banks|nyle
SOU_JAG,2024,huff|peytin
RIC_SPI,2024,jackson|kraemer
RIC_SPI,2024,jake|young
NOF_OSP,2024,brett|dennis
NOF_OSP,2024,bolton|lance
NOF_OSP,2024,starling|zane
MT,2024,durham|jt
MT,2024,brandon|chorzelewski
ELO_PHO,2024,kolby|pascarelli
HIG_PAN,2024,bryan|rivera
ELO_PHO,2024,nomura|sam
HIG_PAN,2024,joey|tuttoilmondo
ELO_PHO,2024,dabagian|liam
ELO_PHO,2024,ethan|haislip
HIG_PAN,2024,romanias|tyler
ELO_PHO,2024,ostrowski|tate
QUN_RYL,2024,jurecka|landry
QUN_RYL,2024,logan|schmitt
QUN_RYL,2024,jack|renaud
QUN_RYL,2024,bennett|isaiah
MTSU_BLU,2024,cole|torbett
JAC_TIG,2024,spurgeon|stevins
LOU_CAJ,2024,langevin|lp
JAC_TIG,2024,miles|thomas
JAC_TIG,2024,jeandrick|lourens
LOY_LIO,2024,grimm|will
RIC_OWL,2024,jackson|mayo
RIC_OWL,2024,benshoshan|jack
TEX_AGG,2024,jackson|luke
RIC_OWL,2024,jake|melvin
RIC_OWL,2024,matthew|rheaume
RIC_OWL,2024,landon|west
PRE_BLH,2024,gibson|luke
WOF_TER,2024,dominic|marcoccio
PRE_BLH,2024,boone|cartee
PRE_BLH,2024,brooks|chamberlin
PRE_BLH,2024,bowery|eli
WOF_TER,2024,holden|wilder
AUS_GOV,2024,luke|rolland
BEL_BRU,2024,hernandez|zachary
AUS_GOV,2024,klingenbeck|kyle
AUS_GOV,2024,scott|shawn
AUS_GOV,2024,khaden|washington
AUS_GOV,2024,solomon|washington
ALA_CRI,2024,kade|snell
TRO_TRJ,2024,burt|connor
UAB_BLA,2024,brooks|house
UAB_BLA,2024,colin|patterson
UAB_BLA,2024,abernathy|ben
JAC_GAM,2024,ryan|vermillion
JAC_GAM,2024,chastine|kyle
JAC_GAM,2024,hoppenjans|jack
SAM_BUL,2024,thompson|turner
SAM_BUL,2024,lynch|will
SAM_BUL,2024,alex|gaeto
SAM_BUL,2024,blake|bortak
ALA_LIO,2024,claunch|raleigh
SAM_BUL,2024,dominic|ganley
COA_CHA,2024,josh|oneill
UNC_SPA,2024,jay|miller
UNC_SPA,2024,chapman|noah
COA_CHA,2024,hayden|johnson
UNC_SPA,2024,dear|mayson
UNC_SPA,2024,brandon|hudson
COA_CHA,2024,jake|manderson
UNC_SPA,2024,murchison|sam
GEO_PAT,2024,connor|knox
MAR_HAW,2024,prather|tyler
MAR_HAW,2024,gary|hallmen
MAR_HAW,2024,brandon|gomez
GEO_PAT,2024,brant|ertel
MAR_HAW,2024,joe|kelly
MAR_HAW,2024,elliott|eric
SAN_BRO,2024,henry|stewart
VCU_RAM,2024,goleski|jack
VCU_RAM,2024,james|mcgrady
VCU_RAM,2024,forbes|philip
VCU_RAM,2024,bert|evan
VCU_RAM,2024,dawson|kyras
OLD_MON,2024,finn|kyle
VCU_RAM,2024,greer|will
OLD_MON,2024,aiden|kuhle
UTA_WOL,2024,nick|sims
UTA_WOL,2024,brodsky|ethan
BYU_COU,2024,coon|hayden
UTA_WOL,2024,reece|rodabaugh
UTA_WOL,2024,beltran|jacob
CAM_CAM,2024,bargo|simon
CAM_CAM,2024,drew|siegner
CAM_CAM,2024,cox|cy
CAM_CAM,2024,palmer|will
NIC_COL,2024,hill|sam
NIC_COL,2024,dallis|moran
NIC_COL,2024,galy|gavin
NIC_COL,2024,chase|richter
NIC_COL,2024,arturo|rodriguez
SAN_TOR,2024,kysar|ryan
CSD_TRI,2024,custer|julian
SAN_TOR,2024,lamaison|tristan
ORE_BEA,2024,hunter|jaren
ORE_BEA,2024,matthew|morrell
GON_BUL,2024,liam|obrien
UTR_VAQ,2024,tyler|valdez
UTR_VAQ,2024,jack|quinn
UTR_VAQ,2024,nico|rodriguez
MOR_EAG,2024,davis|ethan
UTM_SKY,2024,bartle|jeb
UTM_SKY,2024,choyce|diffey
MOR_EAG,2024,hunter|porter
UTM_SKY,2024,reed|tucker
MOR_EAG,2024,joe|rotkis
UTM_SKY,2024,arender|brock
MOR_EAG,2024,callum|mcgill
UTM_SKY,2024,wager|zach
LAF_LEP,2024,drew|smiley
LAF_LEP,2024,adam|bogosian
LAF_LEP,2024,corey|savedoff
ARM_BLA,2024,joel|rubin
LAF_LEP,2024,bo|planeta
LAF_LEP,2024,cole|moore
CAM_CAM,2024,jackson|roberts
CAM_CAM,2024,david|rossow
CAM_CAM,2024,freeman|kamu
UNC_SEA,2024,carter|holjes
BUT_BUL,2024,ben|whiteside
XAV_MUS,2024,hoskins|luke
BUT_BUL,2024,colin|dailey
BUT_BUL,2024,cole|graverson
CSD_TRI,2024,chriss|donovan
ECU_PIR,2024,ethan|norby
USF_BUL,2024,joseph|volini
USF_BUL,2024,archie|bryce
USF_BUL,2024,corey|kling
USF_BUL,2024,chandler|dorsey
CHA_BUC,2024,massey|sam
CHA_BUC,2024,anthony|ramirez
PRE_BLH,2024,kyle|mueller
JAC_GAM,2024,derbyshire|russell
TEX_RAI,2024,heuer|mac
WCC,2024,beverlin|cole
WCC,2024,drye|maret
WCC,2024,clay|cox
NOR_WOL,2024,dienes|jacob
NOR_WOL,2024,labriola|paul
BRA_BRA,2024,lutz|travis
BRA_BRA,2024,anthony|potthoff
UNL_REB,2024,dylan|rogers
UNL_REB,2024,carabajal|noah
PIT_PAN,2024,fox|phil
USC_UPS,2024,cubbler|jake
USC_UPS,2024,beau|coffman
SOU_GOL,2024,adams|chase
SIU_SAL,2024,aidan|foeller
SIU_SAL,2024,anthony|pron
LON_LAN,2024,kevin|warunek
LON_LAN,2024,bunch|wyatt
LON_LAN,2024,john|jr|sayres
LON_LAN,2024,dallas|hairfield
SAL_JAG,2024,cooksey|cooper
GIT_YEL,2024,demitri|diamant
LSU_TIG,2024,cam|johnson
AUS_GOV,2024,lyle|millergreen
MSU_BDG,2024,nolan|stevens
BRO_BEA,2024,gottam|santhosh
COR_BRE,2024,ethan|hamill
BRO_BEA,2024,brenden|kline
BRO_BEA,2024,carter|rasmussen
COR_BRE,2024,jaun|william
BRO_BEA,2024,oshinskie|ryan
BRO_BEA,2024,jacob|young
ORE_DUC,2024,clarke|collin
AUB_TIG,2024,cameron|tilly
NMS_AGG,2024,aaron|treloar
NMS_AGG,2024,josh|sharman
NMS_AGG,2024,benavidez|kade
NMS_AGG,2024,austin|corbett
TRO_TRJ,2024,pettys|ryan
TRO_TRJ,2024,gorgen|grady
LOU_CAJ,2024,holzhammer|matthew
UNC_SPA,2024,julien|peissel
UNC_SPA,2024,daniel|thompson
SAM_BUL,2024,alex|flood
SAM_BUL,2024,holifield|jake
SAM_BUL,2024,carson|lore
TEX_LON,2024,harrison|luke
TEX_LON,2024,hamilton|hudson
CHA_FOR,2024,adam|stanton
RIC_OWL,2024,davion|hickson
OHI_BOB,2024,blake|gaskey
OHI_BOB,2024,peck|tyler
OHI_BOB,2024,luke|olson
OHI_BOB,2024,patrick|straub
OHI_BOB,2024,carson|denham
DAV_WIL,2024,brycen|champey
DAV_WIL,2024,feczko|ryan
DAV_WIL,2024,thomas|whelan
UTR_VAQ,2024,francisco|hernandez
UTR_VAQ,2024,campa|isiah
UTR_VAQ,2024,jack|lopez
UTR_VAQ,2024,aaron|sanchez
MOR_EAG,2024,carter|owens
UTM_SKY,2024,eric|steensma
LEH_MOU,2024,danchision|marcus
LEH_MOU,2024,thompson|tyler
LEH_MOU,2024,lamar|tommy
LEH_MOU,2024,teddy|tolliver
ARM_BLA,2024,ates|trey
LEH_MOU,2024,brandon|coughlin
MAR_TER,2024,joseph|mcmannis
MON_HAW,2024,kevin|opanel
MON_HAW,2024,jim|wigo
MON_HAW,2024,greeley|jd
MON_HAW,2024,nick|tamburro
MON_HAW,2024,hios|nick
MON_HAW,2024,ciccone|jacob
CAM_CAM,2024,sabers|zachary
BUT_BUL,2024,nate|rosser
XAV_MUS,2024,logan|schmidt
BUT_BUL,2024,miketinac|nick
PRE_BLH,2024,mcgregor|tristan
JAC_GAM,2024,jackson|sleeper
BRA_BRA,2024,edders|noah
BRA_BRA,2024,courson|zach
BRA_BRA,2024,theo|zeidler
BRA_BRA,2024,chinn|cooper
BRA_BRA,2024,catton|taylor
IOW_HAW,2024,brant|hogue
BEL_KNI,2024,cooper|hellman
BEL_KNI,2024,arren|hash
BEL_KNI,2024,cornett|hudson
BEL_KNI,2024,ben|tedesco
AIR_FOR,2024,hebenstreit|james
AIR_FOR,2024,hentges|samuel
AIR_FOR,2024,collier|joey
PIT_PAN,2024,jack|sokol
PIT_PAN,2024,partridge|ryan
PIT_PAN,2024,kyle|mosley
NOT_IRI,2024,cooper|sammy
UCLA,2024,landon|stump
MIS_BEA,2024,day|hunter
MUR_RAC,2024,fender|ryan
MIS_BEA,2024,metz|reed
MIS_BEA,2024,beaver|brendan
MUR_RAC,2024,hustedde|jacob
SIU_SAL,2024,al|holguin
SIU_SAL,2024,dermody|easton
CRE_BLU,2024,cade|lommel
CRE_BLU,2024,chad|saner
CRE_BLU,2024,cooper|fuchio
UNO_MAV,2024,mattingley|tyler
TOW_TIG,2024,karls|nick
ELO_PHO,2024,ryan|sprock
ELO_PHO,2024,hudson|narke
ELO_PHO,2024,tiffan|trey
ELO_PHO,2024,itai|spinoza
ELO_PHO,2024,johns|tyler
LIB_FLA,2024,brandon|dahlman
AUS_GOV,2024,howitt|josh
AUS_GOV,2024,deaton|oak
BRO_BEA,2024,meyers|paxton
COR_BRE,2024,keller|noah
COR_BRE,2024,porter|ryan
BRO_BEA,2024,begnaud|stiles
COR_BRE,2024,beck|urofsky
BRO_BEA,2024,jack|seppings
COR_BRE,2024,holcombe|huxley
COR_BRE,2024,baker|von
BRO_BEA,2024,christian|keel
COR_BRE,2024,chris|ellison
COR_BRE,2024,kimura|story
OAK_GOL,2024,mcalinden|shane
WRI_RAI,2024,josh|laisure
DAY_FLY,2024,christopher|peguero
UNC_SPA,2024,ready|rob
CIT_BUL,2024,morris|will
UNC_SPA,2024,luke|thomas
UNC_SPA,2024,aycock|grant
COL_LION,2024,joe|sheets
PRI_TIG,2024,episcope|sean
PRI_TIG,2024,andrew|dalessio
COL_LION,2024,jd|ogden
COL_LION,2024,griffin|palfrey
COL_LION,2024,santana|thomas
PRI_TIG,2024,eaton|elliott
PRI_TIG,2024,baldrate|jackson
COL_LION,2024,james|vaughn
PRI_TIG,2024,caden|shapiro
PRI_TIG,2024,matt|scannell
SAM_BUL,2024,clevenger|heath
SAM_BUL,2024,jacob|newman
SAM_BUL,2024,cole|fryman
MIZ_TIG,2024,javyn|pimental
UTA_WOL,2024,jackson|thomas
UTA_WOL,2024,butenschoen|robby
HOU_COU,2024,justin|murray
MIA_HUR,2024,herick|hernandez
SOU_IND16,2024,gavin|morris
SOU_COU,2024,gist|matthew
SOU_IND16,2024,carter|stamm
OHI_BOB,2024,dillon|masters
OHI_BOB,2024,knapschaefer|tim
OHI_BOB,2024,boncal|hudson
OHI_BOB,2024,adam|beery
OHI_BOB,2024,borer|luke
ULM_WAR,2024,beau|blanchard
GEO_EAG,2024,osborne|sawyer
ULM_WAR,2024,justin|robinson
ULM_WAR,2024,daniel|gonzalez
UTR_VAQ,2024,tjelmeland|zach
UTM_SKY,2024,tristan|walton
UTM_SKY,2024,baylor|jones
UTM_SKY,2024,campbell|cleveland
UMBC_RET,2024,jayden|shertel
MAI_BLA,2024,lavigueur|luc
MAI_BLA,2024,lewis|noah
MAI_BLA,2024,nielsen|tyler
MAI_BLA,2024,blaine|cockburn
MAI_BLA,2024,gabe|gifford
UMBC_RET,2024,downs|sam
MAI_BLA,2024,geoff|mosseau
MON_HAW,2024,drew|helmstetter
MON_HAW,2024,kent|tommy
MON_HAW,2024,benzinger|derek
MON_HAW,2024,colin|ruddy
BUT_BUL,2024,banks|tyler
BUT_BUL,2024,andrew|crumbley
XAV_MUS,2024,ashton|chronister
XAV_MUS,2024,aiden|cook
XAV_MUS,2024,jimmy|starnes
XAV_MUS,2024,murray|terry
USF_BUL,2024,hunter|mink
USF_BUL,2024,brown|matt
USF_BUL,2024,nicholas|pineda
JAC_GAM,2024,adkison|ethan
JAC_GAM,2024,drew|mccormick
NOR_WOL,2024,dam|shane|van
BRA_BRA,2024,jack|stellano
IOW_HAW,2024,anthony|watts
UNL_REB,2024,austin|cates
UNL_REB,2024,kingston|pierce
UNL_REB,2024,bretza|zander
EVA_ACE,2024,jacob|jarvis
RID_BRO,2024,craig|pj
RID_BRO,2024,aiello|christian
MSM_MTN,2024,deven|sheerin
MUR_RAC,2024,jacob|pennington
MUR_RAC,2024,elmy|kane
USC_UPS,2024,noah|sullivan
HIG_PAN,2024,howell|polk
SIU_SAL,2024,hansell|michael
SIU_SAL,2024,myers|sam
CRE_BLU,2024,malakai|vetock
SAL_JAG,2024,camden|hill
SAL_JAG,2024,jaxon|shineflew
TOW_TIG,2024,brandon|jung
CLE_TIG,2024,marchal|matthew
ELO_PHO,2024,nolan|straniero
ELO_PHO,2024,christo|garrelts
AUB_TIG,2024,drew|nelson
NMS_AGG,2024,baltus|brady
NMS_AGG,2024,zach|zwaschka
IU,2024,brandon|keyster
UNC_SPA,2024,hunter|shuey
SAM_BUL,2024,michael|ross
MER_BEA,2024,benjy|tucker
SEA_RED,2024,matthew|rowatt
KEN_WIL,2024,colby|frieda
RIC_OWL,2024,blank|jackson
MIA_HUR,2024,rafe|schlesinger
SAN_TOR,2024,drake|frize
SOU_IND16,2024,grant|parson
ULM_WAR,2024,barlow|cam
ULM_WAR,2024,hess|holden
DAV_WIL,2024,fix|isaac
DAV_WIL,2024,nick|shedleski
DAV_WIL,2024,danny|rosenfield
DAV_WIL,2024,papciak|will
UMBC_RET,2024,johnson|luke
MAI_BLA,2024,jason|kreiger
MAI_BLA,2024,marshall|smaracko
MAI_BLA,2024,owen|wheeler
BOC_EAG,2024,mclendon|stephen
MIA_HUR,2024,brian|walters
PRI_TIG,2024,ethan|hsu
PRI_TIG,2024,max|zdimal
NAV_MID,2024,evan|foster
NAV_MID,2024,bibb|ryan
NAV_MID,2024,timmy|virtudes
STM_GAE,2024,damozonio|john
NEV_WOL,2024,kmetko|kolby
IOW_HAW,2024,caleb|strack
NOR_BIS,2024,matthew|sargeant
NOR_BIS,2024,hachem|julien
IOW_HAW,2024,deremer|drew
IOW_HAW,2024,voelker|zach
NOR_BIS,2024,riedinger|skyler
IOW_HAW,2024,hackett|justin
NOR_BIS,2024,hayden|sylte
NOR_BIS,2024,seth|thompson
IOW_HAW,2024,cadieuxlanoue|elliot
NOR_BIS,2024,hunter|rosenbaum
NOR_BIS,2024,danielson|joey
IOW_HAW,2024,jack|whitlock
MSM_MTN,2024,jr|moore|tommy
MSM_MTN,2024,evan|haulik
MSM_MTN,2024,daniel|salisbury
HIG_PAN,2024,bj|rivera
HIG_PAN,2024,duffy|sean
HIG_PAN,2024,jake|potts
LAF_LEP,2024,jacob|maurer
MON_HAW,2024,caden|carlin
MON_HAW,2024,fraher|jake
LAF_LEP,2024,john|milewski
LAF_LEP,2024,koczwara|mason
LAF_LEP,2024,mike|romano
WIU_LEA,2024,colton|kachinsky
ILL_RED,2024,erik|kubiatowicz
ILL_RED,2024,lawson|minshew
ILL_RED,2024,conklin|maccallan
LEH_MOU,2024,lucas|rich
WAG_SEA,2024,lj|wolff
LEH_MOU,2024,glenn|najir
WAG_SEA,2024,andrew|stanley
LEH_MOU,2024,oneill|shane
LEH_MOU,2024,hamilton|jack
WAG_SEA,2024,saxenmeyer|will
LEH_MOU,2024,ingino|jack
WAG_SEA,2024,jake|toporek
WAG_SEA,2024,chabot|julian
WAG_SEA,2024,jason|masick
ION_GAE,2024,chiaia|nick
ION_GAE,2024,hard|kyle
ION_GAE,2024,lender|tyler
ION_GAE,2024,bruce|iii|wadiak
WIC_SHO,2024,brady|hamilton
WIC_SHO,2024,dobbs|tyler
WIC_SHO,2024,mason|munz
WIC_SHO,2024,jack|mount
WIC_SHO,2024,holmes|hunter
WIC_SHO,2024,drew|iverson
CAM_CAM,2024,ethan|snyder
AKR_ZIP,2024,perkins|sean
AKR_ZIP,2024,reece|sutphin
DEP_UNI,2024,charlie|hawk
DEP_UNI,2024,jake|thometz
DEP_UNI,2024,benes|justin
PUR_BOI,2024,easton|storey
DEP_UNI,2024,matt|ritter
DEP_UNI,2024,michael|vallone
WM_TRI,2024,hertzler|noah
NOR_TAR,2024,johnson|olin
NOR_TAR,2024,boston|flannery
NOR_TAR,2024,simmons|will
KAN_WIL,2024,roberts|sam
HOU_COU,2024,daniel|wright
MCN_COW,2024,evan|maldonado
ETS_BUC,2024,cason|engert
ETS_BUC,2024,keller|kenny
ETS_BUC,2024,andrew|cotten
ETS_BUC,2024,fetterman|tyler
ETS_BUC,2024,crumbley|landon
ETS_BUC,2024,derek|mccarley
ETS_BUC,2024,trusley|walker
NOR_AGG,2024,carter|daniels
NOR_AGG,2024,tre|william
NOR_AGG,2024,avery|cain
SAL_JAG,2024,stevens|zachary
UAB_BLA,2024,john|luke|marlin
UAB_BLA,2024,hutto|ty
ARK_LIO,2024,jackson|kenny
ARK_LIO,2024,brown|jayden
ARK_LIO,2024,mari|thomas
ARK_LIO,2024,jaxson|lucas
ARK_LIO,2024,terrius|williams
SOU_GOL,2024,drew|druckenmiller
SOU_GOL,2024,armistead|jw
SAC_HOR,2024,carrey|sean
CAL_AGO,2024,bates|sal
SAC_HOR,2024,bryce|stockton
CAL_AGO,2024,ian|torpey
SAC_HOR,2024,brady|chavez
CAL_AGO,2024,hogan|kaden
SAC_HOR,2024,lucchesi|noah
IND_SYC,2024,cortner|kyle
IND_SYC,2024,jacob|spencer
IND_SYC,2024,brayden|lybarger
IND_SYC,2024,aaron|moss
NOK_NOR,2024,hann|karter
MAR_TER,2024,buren|ryan|van
SAN_BRO,2024,pappas|will
GRA_TIG,2024,courtland|posey
LSU_TIG,2024,kade|woods
LSU_TIG,2024,bronzini|nic
CAL_MAT,2024,adan|perez
CAL_MAT,2024,casey|lucas
CAL_MAT,2024,gerald|hanson
CAL_MAT,2024,cody|hayden
SAN_AZT,2024,dylan|hawkes
MIC_SPA,2024,gannon|grundman
CIN_BEA,2024,insco|ryan
CIN_BEA,2024,drew|erdmann
CIN_BEA,2024,murphy|will
CIN_BEA,2024,conte|michael
OKL_COW,2024,dominick|reid
WIC_SHO,2024,daniel|zang
WIC_SHO,2024,ronald|zayas
WIC_SHO,2024,matt|wilkinson
WIC_SHO,2024,arnett|jeremiah
WIC_SHO,2024,geraghty|ryan
TEX_AGG,2024,peyton|smith
CAL_MUS,2024,ethan|marmie
FRE_BUL,2024,guerrero|jt
CAL_MUS,2024,caden|pearlman
FRE_BUL,2024,groff|logan
FRE_BUL,2024,anderson|caleb
FRE_BUL,2024,bergman|cooper
ORE_DUC,2024,ian|umlandt
ORE_BEA,2024,montgomery|tephen
ORE_BEA,2024,mejia|tyler
ORE_BEA,2024,drew|talavs
KS_GF,2024,benny|roebuck
KS_GF,2024,joseph|miceli
KS_GF,2024,gavin|jones
KS_GF,2024,bernadina|rocco
KS_GF,2024,jaden|varner
KS_GF,2024,caden|leonard
KS_GF,2024,cariaco|peyton
ALA_ANM,2024,roman|sorrell
ALA_ANM,2024,avery|seaton
ALA_ANM,2024,scott|trey
ALA_ANM,2024,brett|parker
ALA_HOR,2024,luis|rodriguez
ALA_HOR,2024,austin|king
ALA_HOR,2024,berrios|juan
ALA_HOR,2024,smith|will
ALA_HOR,2024,jafet|martinez
ALA_HOR,2024,jorhan|laboy
ALA_HOR,2024,morales|wilfredo
COL_LION,2024,edwards|jagger
COL_LION,2024,martin|zhang
COL_LION,2024,brandon|madrigal
FDU_KNI,2024,dudeck|nate
FDU_KNI,2024,brian|yadlon
FDU_KNI,2024,ben|pika
FDU_KNI,2024,barrett|ian
STM_GAE,2024,david|thomas
SAN_SPA,2024,caden|duke
LIN_UNI,2024,easton|rakers
LIN_UNI,2024,daniel|darin
LIN_UNI,2024,carson|subbert
LIN_UNI,2024,michael|walsh
MIZ_TIG,2024,ben|pedersen
LIN_UNI,2024,breite|graham
LIN_UNI,2024,james|matthew
MIZ_TIG,2024,lovett|xavier
SAM_BEA,2024,brock|rod
TEX_LON,2024,cody|howard
SOU_LIO,2024,carson|robb
TUL_GRE,2024,jonah|wachter
SOU_LIO,2024,fabre|larson
SOU_LIO,2024,bennett|levi
SOU_LIO,2024,kinzeler|will
SOU_LIO,2024,hayden|robb
SOU_LIO,2024,lance|lauve
ARI_WIL,2024,garayzar|raul
ARI_WIL,2024,bryce|mcknight
ARI_WIL,2024,joshua|morano
ARI_WIL,2024,kramkowski|owen
CHA_FOR,2024,andrew|spolyar
CHA_FOR,2024,jones|wesley
SAN_TOR,2024,aidan|gonzalez
CAL_ANT,2024,nick|rincover
SAN_TOR,2024,goodcase|jd
WAS_HUS,2024,peysen|sweeney
STE_HAT,2024,heyl|matthew
USF_BUL,2024,bevis|logan
USF_BUL,2024,manriquez|mason
TEN_TEC,2024,gelorme|matt
TEN_TEC,2024,andrew|guardino
ULM_WAR,2024,brandt|corley
PEP_WAV,2024,cole|jordan
PEP_WAV,2024,adam|troy
PEP_WAV,2024,braden|guentz
PEP_WAV,2024,gunnar|nichols
PEP_WAV,2024,callis|john
PEP_WAV,2024,dylan|stewart
PEP_WAV,2024,grossman|jacob
PEP_WAV,2024,nichol|wyatt
ARM_BLA,2024,brownlee|bryce
ARM_BLA,2024,joe|valchar
DEL_BLU,2024,christian|colmery
GEO_COL,2024,klein|shugy
DEL_BLU,2024,nate|rolka
SLU_BILL,2024,ray|tommy
SLU_BILL,2024,chaffin|owen
BUT_BUL,2024,jake|putnam
SLU_BILL,2024,jackson|yarberry
SLU_BILL,2024,jack|weber
BUT_BUL,2024,aidan|hatcher
STE_LUM,2024,dylan|mulcahy
STE_LUM,2024,larson|will
STE_LUM,2024,cody|smith
UTR_VAQ,2024,ej|miramontes
UTR_VAQ,2024,davis|tyler
UTR_VAQ,2024,alex|havlicek
UTR_VAQ,2024,anthony|tejada
UTR_VAQ,2024,wiatrek|wyatt
UTR_VAQ,2024,bonilla|robert
GEO_HOY,2024,kai|leckszas
GEO_HOY,2024,jack|volo
MAR_THU,2024,carter|lyles
MAR_THU,2024,bauer|burkart
MAR_THU,2024,jodway|nick
MAR_THU,2024,charlie|krebs
UTA_WOL,2024,aaron|rice
DIX_STE,2024,jacob|taggart
DIX_STE,2024,carroll|jace
GEO_HOY,2024,catlett|everett
CAL_AGO,2024,braydon|wooldridge
RUT_SCA,2024,christian|coppola
RUT_SCA,2024,dechiaro|joey
RUT_SCA,2024,gavin|stellpflug
PAC_TIG,2024,reece|wagner
PAC_TIG,2024,camacho|gabriel
RHO_RAM,2024,connor|johnston
FOR_RAM,2024,andres|perez
FOR_RAM,2024,kai|reum
FOR_RAM,2024,nate|scott
FOR_RAM,2024,connor|haywood
FOR_RAM,2024,aric|berg
FOR_RAM,2024,brady|gannon
DIX_STE,2024,hardman|ryan
NCA_BUL,2024,jacob|williams
OLD_MON,2024,buchanan|trent
ULM_WAR,2024,lindsay|trey
RAD_HIG,2024,jimmy|lovelace
GAR_RUN,2024,bertram|reid
GAR_RUN,2024,inskeep|jt
RAD_HIG,2024,ladd|raymond
GAR_RUN,2024,cj|czerwinski
GAR_RUN,2024,devin|pressley
RAD_HIG,2024,carter|seabrooke
GAR_RUN,2024,gentile|josh
UIC_FLA,2024,gohlke|vincent
LAF_LEP,2024,joe|pence
LAF_LEP,2024,pat|walega
LAF_LEP,2024,florio|trace
BAL_CAR,2024,blain|nate
BAL_CAR,2024,logan|schulfer
BAL_CAR,2024,klein|sam
BAL_CAR,2024,bevis|blake
MIS_BEA,2024,tscherter|tyler
ECU_PIR,2024,hunter|jake
FLO_PAN,2024,bishop|jaydon
GEO_PAN,2024,reddick|trent
GEO_PAN,2024,keegan|rich
GEO_PAN,2024,norman|ross
ORE_BEA,2024,kyle|scott
SAC_HOR,2024,ian|winterhalder
TAR_TEX,2024,hatch|spencer
SAC_HOR,2024,andrew|overland
HOL_CRU,2024,jaden|wywoda
LEH_MOU,2024,golier|grady
LEH_MOU,2024,andolina|david
HOL_CRU,2024,harnisch|nick
FLO_SEM,2024,hudson|rowan
FLO_SEM,2024,denison|ryan
LOU_CAR,2024,dan|snyder
CLE_TIG,2024,allen|joe
COL_CHA,2024,andrew|duval
SOU_LIO,2024,lakin|polk
SOU_LIO,2024,aiden|vosburg
TOW_TIG,2024,jordan|peyton
SOU_GOL,2024,drake|meeks
LOY_LIO,2024,heinrich|jeffrey
POR_PIL,2024,kaden|segel
POR_PIL,2024,curtis|herbert
TEX_ISL,2024,garcia|zach
TEX_ISL,2024,austin|dean
TEX_ISL,2024,flaugher|josh
CSU_BAK,2024,kellen|oconnor
CSU_BAK,2024,gutierrez|jacob
WES_MOU,2024,gavin|kempen|van
FOR_MAS,2024,brody|fine
FOR_MAS,2024,jacob|paymaster
FOR_MAS,2024,fee|kevin
PEN_QUA,2024,josh|katz
PEN_QUA,2024,cerwinski|john
PEN_QUA,2024,millikan|noah
PEN_QUA,2024,marshall|mott
PEN_QUA,2024,jake|moss
UTS_ROA,2024,quiroga|ulises
UTS_ROA,2024,fischer|kingsbery
SOU_COU,2024,duncan|mclaughlin
LIT_TRO,2024,cline|jack
JAC_GAM,2024,dallas|michael
MEX_LOB,2024,barnhouse|josh
MEX_LOB,2024,brian|mcbroom
GEO_PAT,2024,peterson|ryan
GEO_PAT,2024,edmonds|ryan
GEO_PAT,2024,martins|nick
SLU_BILL,2024,dawson|smith
SLU_BILL,2024,kelly|owen
SLU_BILL,2024,evan|gray
NOR_AGG,2024,evan|hart
NOR_AGG,2024,simmons|trent
OKL_SOO,2024,jace|miner
SAN_TOR,2024,dallin|harrison
GON_BUL,2024,garrett|gores
WAS_HUS,2024,mcadams|reilly
USF_BUL,2024,gailey|lawson
FAU_OWL,2024,andrews|steven
UAB_BLA,2024,colin|daniel
CHA_FOR,2024,langhorne|miles
FOR_RAM,2024,aidan|dowd
FOR_RAM,2024,robbie|stewart
FOR_RAM,2024,cunha|dom
SET_PIR,2024,jayson|torres
CAL_FUL,2024,jason|krakoski
GAR_RUN,2024,dixon|parker
GAR_RUN,2024,connor|maggi
LAF_LEP,2024,joe|skapinetz
LAF_LEP,2024,craytor|luke
LAF_LEP,2024,breitenstein|justin
BAL_CAR,2024,johnson|keegan
BAL_CAR,2024,hartlaub|jacob
BAL_CAR,2024,brady|owens
BAL_CAR,2024,jacobson|will
FLO_PAN,2024,hernandez|orlando
GEO_PAN,2024,evans|robert
SAC_HOR,2024,byrd|jaxon
HOL_CRU,2024,danny|macchiarola
LEH_MOU,2024,ermigiotti|julio
HOL_CRU,2024,jake|needham
HOL_CRU,2024,lemond|luke
SOU_LIO,2024,dakota|lee
MCN_COW,2024,carr|david
SOU_LIO,2024,jackson|rodriguez
MCN_COW,2024,clay|kennedy
CIN_BEA,2024,nathan|taylor
TEX_RAI,2024,huffling|max
TEX_BOB,2024,brown|drayton
CAL_BEA,2024,larson|quinn
CAL_BEA,2024,arthur|liu
CAL_BEA,2024,bougie|tucker
LOY_LIO,2024,cole|stucky
TEX_ISL,2024,hill|jack
TEX_ISL,2024,cam|soliz
TEX_ISL,2024,feltz|samuel
TEX_ISL,2024,dove|kendall
TEX_ISL,2024,maddox|thornton
CSU_BAK,2024,gary|grosjean
FOR_MAS,2024,carter|sabol
FOR_MAS,2024,drew|evans
FOR_MAS,2024,josh|kuhns
FOR_MAS,2024,carson|caudill
PEN_QUA,2024,shurtleff|thomas
UTS_ROA,2024,ryan|ward
UTS_ROA,2024,daniel|garza
UTS_ROA,2024,royse|zachary
LIT_TRO,2024,jackson|wells
LIT_TRO,2024,kuykendall|thomas
LIT_TRO,2024,austin|stubber
COA_CHA,2024,chase|stryker
GEO_PAT,2024,chad|gartland
TCU_HFG,2024,ben|hampton
SLU_BILL,2024,charlie|weber
SLU_BILL,2024,henry|litman
HOU_COU,2024,richard|roman
FAU_OWL,2024,murphy|tyler
FAU_OWL,2024,brandon|smith
FAU_OWL,2024,ben|gilbert
FAU_OWL,2024,del|nicholas|prado
FAU_OWL,2024,martzolf|max
EIU_PAN,2024,coca|colton
EIU_PAN,2024,lukas|touma
SAL_JAG,2024,austin|mills
DAV_WIL,2024,edward|hall
UAB_BLA,2024,carson|knight
UAB_BLA,2024,bullard|matthew
CHA_FOR,2024,joel|sarver
CAL_AGO,2024,bryan|green
SAN_DON,2024,adam|shew
SAN_DON,2024,andrew|hazell
FOR_RAM,2024,declan|lavelle
NCA_BUL,2024,bruno|nick
NCA_BUL,2024,brett|johnson
GAR_RUN,2024,blake|brogdon
RAD_HIG,2024,mason|self
LAF_LEP,2024,helmick|tristan
BAL_CAR,2024,beeker|merritt
BAL_CAR,2024,letsinger|lucas
BAL_CAR,2024,kwasny|zachary
MT,2024,heckert|tyler
FLO_PAN,2024,bryce|greene
GEO_EAG,2024,higgins|thomas
MAR_THU,2024,drew|harlow
MAR_THU,2024,lenny|washington
MAR_THU,2024,chad|heiner
GEO_PAN,2024,douglas|kameron
GEO_PAN,2024,brady|jones
BOC_EAG,2024,bobby|chicoine
LEH_MOU,2024,cole|leaman
SAM_BEA,2024,atkinson|coltin
CLE_TIG,2024,dvorsky|nathan
COL_CHA,2024,garrick|murray
COL_CHA,2024,michael|schultz
COL_CHA,2024,chase|jarnagin
SOU_LIO,2024,brennan|stuprich
CIN_BEA,2024,logue|seth
CIN_BEA,2024,carson|marsh
TEX_BOB,2024,bush|cameron
ASU_RED,2024,kole|turner
TEX_BOB,2024,hall|sam
LIP_BIS,2024,adam|switalski
TEX_ISL,2024,matthew|watson
TEX_ISL,2024,hunsaker|riely
CSU_BAK,2024,ryan|verdugo
CSU_BAK,2024,david|villegas
CAL_MAT,2024,joshua|romero
FOR_MAS,2024,ayers|mac
FOR_MAS,2024,kasper|sean
LON_DIR,2024,myles|patton
UTS_ROA,2024,orloski|robert
UTS_ROA,2024,beaird|ryan
UTS_ROA,2024,longshore|zachary
UTS_ROA,2024,riojas|ruger
SEA_RED,2024,alberghini|kaden
TRO_TRJ,2024,gainous|garrett
GEO_PAT,2024,eaton|konner
KAN_WIL,2024,andrew|evans
KAN_WIL,2024,martinez|preston
SLU_BILL,2024,holmes|jackson
SLU_BILL,2024,cunningham|joshua
SLU_BILL,2024,bel|ethan
ARL_MAV,2024,bethel|tate
WAS_HUS,2024,engman|jared
FAU_OWL,2024,cj|williams
FAU_OWL,2024,drumheller|sam
DAY_FLY,2024,nick|wissman
UAB_BLA,2024,berry|blayze
OKL_COW,2024,janzen|keisel
BYU_COU,2024,ball|bryant
OLE_REB,2024,austin|simmons
CLE_TIG,2024,reid|rocco
WAG_SEA,2024,griffin|white
PRI_TIG,2024,ferrerwestrop|richard
UIC_FLA,2024,matt|zahora
NIU_HUS,2024,conner|lutes
NIU_HUS,2024,christensen|tucker
NIU_HUS,2024,draeger|jacob
NIU_HUS,2024,alex|day
NIU_HUS,2024,klawiter|reagan
CEN_MIC,2024,bach|jack
NOT_IRI,2024,keenan|mork
CEN_MIC,2024,batka|keegan
CAI_UNI,2024,alcin|ronaldhino
CAI_UNI,2024,battaglia|joe
LEH_MOU,2024,liam|ohearen
LEH_MOU,2024,taddei|val
CAI_UNI,2024,greg|jessup
CAI_UNI,2024,ethan|fineman
HBU_HUS,2024,ryan|zach
HBU_HUS,2024,coronel|ethan
GEO_EAG,2024,brett|zerbel
GEO_EAG,2024,davis|smith
GEO_EAG,2024,landry|mead
SET_PIR,2024,carter|kelsey
SET_PIR,2024,calabretti|joey
SET_PIR,2024,jack|wentworth
GEO_PAN,2024,mcmanmon|quinten
THO_M,2024,nelson|wyatt
THO_M,2024,nolan|phillips
THO_M,2024,evan|jackson
THO_M,2024,marlin|sejnoha
COA_CHA,2024,lynch|ryan
UMBC_RET,2024,evan|selmer
UMBC_RET,2024,ben|craig
MAR_RED,2024,christopher|ubner
ARM_BLA,2024,abell|mark
MAR_RED,2024,andrew|fierro
MAR_RED,2024,koenig|lance
MAR_RED,2024,morris|ty
ARM_BLA,2024,dom|trippi
MAR_RED,2024,carver|colin
STJ_RED,2024,chad|falcon
RUT_SCA,2024,justin|sweeney
BRY_BUL,2024,scheidt|toby
BRY_BUL,2024,michael|morrissey|mt
BRY_BUL,2024,tornberg|tyler
BRY_BUL,2024,brodeur|colin
NOR_WOL,2024,garrett|payne
TEX_RAI,2024,chandler|coe
BUC_BIS,2024,dante|pavone
VIL_WIL,2024,graham|moore
VIL_WIL,2024,rian|schwede
VIL_WIL,2024,cj|furley
VIL_WIL,2024,conor|smith
VIL_WIL,2024,camp|zach
BUC_BIS,2024,john|omalley
VIL_WIL,2024,stephen|turzai
ARK_LIO,2024,jones|jordan
ARK_LIO,2024,calvin|mcclendon
ARK_LIO,2024,bedgood|chris
ARK_LIO,2024,niemann|peyton
ARK_LIO,2024,ehling|jacob
FLO_SEM,2024,matt|sauser
UWM_PAN,2024,peterson|riley
UWM_PAN,2024,dobberstein|logan
UWM_PAN,2024,james|severson
JMU_DUK,2024,chase|hustead
MSU_BDG,2024,evan|siary
YAL_BUL,2024,chace|chaplin
STO_COL,2024,gilleran|james
STO_COL,2024,iannibelli|jack
YAL_BUL,2024,spadaccini|teo
GEO_EAG,2024,cameron|oliu
ALA_HOR,2024,brooks|devin
GEO_PAN,2024,roche|tyler
GEO_PAN,2024,lamar|ryan
KEN_OWL,2024,brayden|eidson
KEN_OWL,2024,halton|hardy
KEN_OWL,2024,renfroe|ryan
KEN_OWL,2024,brooks|rosser
KEN_OWL,2024,daniel|powell
KEN_OWL,2024,hudson|mimbs
WIU_LEA,2024,anderson|kyle
ILL_ILL,2024,gannon|reed
WES_HIL,2024,elliott|rossell
WES_HIL,2024,lyles|zachary
WES_HIL,2024,jace|kirby
WES_HIL,2024,rardin|tyler
OKL_COW,2024,bade|kyle
OKL_COW,2024,bryson|hudgens
UCF_KNI,2024,nesbitt|tyler
FGCU,2024,alejandro|valiente
TEN_VOL,2024,brady|robertson
SAN_GAU,2024,ryan|troye
NIC_COL,2024,desandro|devin
NIC_COL,2024,alexander|llinas
NIC_COL,2024,harper|jordan
NIC_COL,2024,haden|luke
OSU_BUC,2024,andrew|edrington
HAR_CRI,2024,brian|dowling
UMASS_RIV,2024,brendan|holland
UMASS_RIV,2024,kevin|rourke
UMASS_RIV,2024,keevan|lj
UMASS_RIV,2024,jack|sefrino
UMASS_RIV,2024,jacob|jette
UMASS_RIV,2024,frankie|venezia
ALA_LIO,2024,caleb|menina
ALA_LIO,2024,bowerman|josh
OLE_REB,2024,sam|tookoian
TEX_AGG,2024,antolick|brett
HOU_COU,2024,timothy|williamson
TEX_AGG,2024,bodin|jason
TEX_AGG,2024,jett|johnston
SET_PIR,2024,colin|dowlen
RID_BRO,2024,christopher|montone
RID_BRO,2024,christian|coombes
RID_BRO,2024,gallagher|will
RID_BRO,2024,colby|mcneely
FRE_BUL,2024,carson|revay
CAL_MAT,2024,joshua|martinez
CAL_MAT,2024,feist|neil
NOR_SPA,2024,manzer|nolan
FLO_RAT,2024,raylan|wagner
FLO_RAT,2024,logan|sharpton
FLO_RAT,2024,andrew|ginther
FLO_RAT,2024,josh|scragg
FLO_RAT,2024,tanner|walker
FLO_RAT,2024,dallas|tease
FLO_RAT,2024,grant|harrison
VIR_KEY,2024,evan|parmer
MTSU_BLU,2024,alonso|dylan
MTSU_BLU,2024,caleb|peterson
MTSU_BLU,2024,galloway|jackson
COL_CHA,2024,brooks|daniel
CAL_AGO,2024,barnes|rowen
STM_GAE,2024,connor|kinney
STM_GAE,2024,rice|sam
STM_GAE,2024,castro|daniel|guevara
BRA_BRA,2024,jake|perrino
THO_M,2024,retz|walker
THO_M,2024,bryce|leedle
SAM_BUL,2024,john|malone
ALA_CRI,2024,ariston|veasey
SAM_BUL,2024,manley|matt
ALA_CRI,2024,george|pierce
MIZ_TIG,2024,daniel|wissler
TUL_GRE,2024,hurd|logan
TUL_GRE,2024,colin|reilly
CAL_ANT,2024,martin|max
GEO_BUL,2024,coleman|willis
GAR_RUN,2024,arnett|noah
GAR_RUN,2024,kazuya|kojima
GAR_RUN,2024,creighton|hansen
GAR_RUN,2024,garrett|hodges
NEB,2024,frahm|trey
FAU_OWL,2024,braden|ostrander
FAU_OWL,2024,gay|justin
WIC_SHO,2024,peyton|walters
WIC_SHO,2024,adler|nate
SAN_AZT,2024,garvey|rumary
SAN_AZT,2024,caruso|michael
SAN_AZT,2024,canada|chris
SOU_IND16,2024,adam|weihe
BEL_BRU,2024,borders|jalen
GEO_PAT,2024,dylan|mccarthy
VIR_TEC,2024,buckler|ryan
DAV_WIL,2024,howard|jed
EKU_COL,2024,erd|josiah
SAN_DON,2024,austin|cupic
NEV_WOL,2024,nicolas|wagner
NEV_WOL,2024,clayton|ray
NEV_WOL,2024,becker|kyle
LIN_UNI,2024,josh|newell
LIN_UNI,2024,bennett|stice
LIN_UNI,2024,preston|salazar
BUC_BIS,2024,nikhil|patel
LON_DIR,2024,cj|hood
PRI_TIG,2024,faulkner|jacob
DAL_PAT,2024,jace|russell
DAL_PAT,2024,luke|pettitte
VIR_CAV,2024,jaxel|kevin
UNL_REB,2024,acosta|joey
VAL_CRU,2024,bennett|musser
SIU_SAL,2024,cade|carter
MEX_LOB,2024,andrew|neil
MEX_LOB,2024,hardy|wyatt
MEX_LOB,2024,justin|still
CAL_FUL,2024,flores|michael
HOL_CRU,2024,wieder|zach
HOL_CRU,2024,dan|mateffy
NOR_CAT,2024,colin|dowdle
CEN_MIC,2024,knorr|sean
CEN_MIC,2024,campau|carter
ELO_PHO,2024,justin|szestowicki
COL_LION,2024,parkinson|william
WES_HIL,2024,diuguid|lane
DAR_GRE,2024,dumsky|marco
DAR_GRE,2024,danny|will
DAR_GRE,2024,jack|metzger
DAR_GRE,2024,albert|eddie
DAR_GRE,2024,cortland|tyler
DAR_GRE,2024,drew|koenen
DAR_GRE,2024,brady|chappell
SOU_TRO,2024,watson|will
XAV_MUS,2024,aukerman|matthew
POR_PIL,2024,folkins|jack
GON_BUL,2024,daniel|sotelo
POR_PIL,2024,rembisz|ryan
NMS_AGG,2024,cho|tofte
ETS_BUC,2024,harpster|michael
MIC_WOL,2024,mitchell|voit
IU,2024,rushing|ryan
IU,2024,eli|shaw
IU,2024,evan|whiteaker
MIN_GOL,2024,deluga|noah
ARI_SUN,2024,halvorson|wyatt
ARI_SUN,2024,cornelius|matt
MAR_TER,2024,duke|mccarron
MAR_TER,2024,baynes|hunter
MAR_TER,2024,johnson|meade
USF_BUL,2024,jula|peyton
LIN_UNI,2024,brown|eli
CAL_HIG,2024,appleford|james
PRI_TIG,2024,sword|william
WIC_SHO,2024,lapour|tommy
NOR_WOL,2024,camden|wimbish
UNL_REB,2024,hanson|jordan
FAI_STA,2024,baker|bowen
MSM_MTN,2024,cameron|king
MSM_MTN,2024,giangreco|kris
FAI_STA,2024,peter|phillips
MSM_MTN,2024,matt|stam
FAI_STA,2024,berta|evan
FAI_STA,2024,chris|defiore
BOC_EAG,2024,john|west
CIT_BUL,2024,fisher|paulsen
WCC,2024,kyle|riesselmann
SOU_GOL,2024,armistead|will
ULM_WAR,2024,davis|oswalt
HOL_CRU,2024,alex|bryant
BUT_BUL,2024,cooper|robinson
PIT_PAN,2024,matt|porter
PIT_PAN,2024,demi|kyle
PIT_PAN,2024,chillot|gavin
LIP_BIS,2024,brock|puckett
WOF_TER,2024,sam|stratton
COL_LION,2024,derek|yoo
BRO_BEA,2024,harris|ty
NOK_NOR,2024,andrew|mulhern
DAR_GRE,2024,burke|mac
DAR_GRE,2024,bauer|shane
DAR_GRE,2024,chambers|joseph
SAN_BRO,2024,martinez|victor
SAN_BRO,2024,bayles|max
SAN_BRO,2024,johnson|josh
SAN_BRO,2024,schreiber|sebastian
SAN_BRO,2024,gillmore|jace
ETS_BUC,2024,andrew|ronne
ETS_BUC,2024,hickman|nathan
ETS_BUC,2024,george|sam
MIC_WOL,2024,charles|denomme
MIC_WOL,2024,jackson|muir
MIC_WOL,2024,connor|judge
LSU_TIG,2024,bucknam|micah
WAS_COU,2024,connor|wilford
HOU_COU,2024,duncan|howard
GEO_BUL,2024,luke|wiltrakis
PEP_WAV,2024,bonn|nick
LIN_UNI,2024,aaron|jungers
CAL_HIG,2024,david|oneill
WIC_SHO,2024,caden|favors
NOR_WOL,2024,mark|scott
FAI_STA,2024,erbeck|jack
BOC_EAG,2024,gavin|hasche
CAL_FUL,2024,alfaro|jesse
ULM_WAR,2024,seaver|sheets
ILL_RED,2024,joey|wilmoth
CEN_MIC,2024,ben|vitas
ASU_RED,2024,brian|veniard
SOU_TRO,2024,fisher|johnson
FLO_PAN,2024,logan|runde
ETS_BUC,2024,carter|fink
ETS_BUC,2024,hyde|jace
ETS_BUC,2024,kovacs|owen
SAN_DON,2024,adam|shew
SAN_DON,2024,blake|shepardson
SAN_DON,2024,magnus|nelson
UTA_UTE,2024,ashman|micah
UMA_AMH,2024,belliveau|sam
ALA_CRI,2024,mitchell|sam
ALA_CRI,2024,jansen|kenty
WAS_COU,2024,haider|rylan
USF_BUL,2024,kyle|scrape
BYU_COU,2024,mason|olson
FLA_GAT,2024,blake|purnell
MAR_THU,2024,jensen|seculer
ARK_RAZ,2024,colin|fisher
MIA_RED,2024,mastrian|patrick
MIA_RED,2024,byers|carson
BRA_BRA,2024,jack|lincoln
NOT_IRI,2024,justin|mayes
NOT_IRI,2024,aidan|krupp
FOR_MAS,2024,brooks|sailors
ARI_SUN,2024,adam|behrens
ARI_SUN,2024,meyer|tyler
ARI_SUN,2024,barnes|bradyn
JMU_DUK,2024,kleinfelter|matthew
VIR_KEY,2024,derrell|fletcherknight
BOC_EAG,2024,brian|mcmonagle
UCO_HUS,2024,alejandro|hector
BOC_EAG,2024,beck|milner
WMI_BRO,2024,hoover|matthew
WMI_BRO,2024,avery|thielman
WMI_BRO,2024,vriesenga|zach
SOU_LIO,2024,jackson|rodriguez
LOU_CAJ,2024,brennaman|phil
TRO_TRJ,2024,colton|walls
TRO_TRJ,2024,matthew|mercer
SOU_COU,2024,dimitri|ivetic
BLA_BEA,2024,jarrett|reed
BLA_BEA,2024,chris|frede
BLA_BEA,2024,bultema|colton
BLA_BEA,2024,barley|blake
BLA_BEA,2024,leonard|patrick
BLA_BEA,2024,alex|coffman
BLA_BEA,2024,blackburn|peyton
SOU_JAC,2024,brady|hawkins
SOU_JAC,2024,jack|kruger
SAL_JAG,2024,haley|jacob
SOU_JAG,2024,luckett|nicholas
SOU_JAG,2024,antoine|harris
SOU_JAG,2024,kyles|perry
SOU_JAG,2024,brown|oliver
SOU_JAG,2024,nicholas|wilson
SOU_JAG,2024,brasseaux|jaden
BET_WIL,2024,colby|lipovsky
BET_WIL,2024,dale|michaud
BET_WIL,2024,pablo|torres
OHI_BOB,2024,landon|price
DAY_FLY,2024,barnett|logan
TCU_HFG,2024,jax|traeger
GEO_HOY,2024,carson|frye
UMBC_RET,2024,josh|rivera
CAL_MUS,2024,larkin|noah
SAN_BRO,2024,jack|lazark
CAL_MUS,2024,montgomery|paul
MON_HAW,2024,halcisak|josh
IU,2024,jack|moffitt
SAN_AZT,2024,canavan|chris
SAN_DON,2024,holzemer|hunter
SAN_DON,2024,pohorski|quentin
SAN_DON,2024,andrew|hazell
CAL_BEA,2024,guardiancic|jake
ALA_LIO,2024,petty|quinn
ALA_LIO,2024,henrich|kevin
KEN_OWL,2024,franklin|tanner
MIZ_TIG,2024,charlie|miller
QUN_RYL,2024,johnny|joseph
QUN_RYL,2024,blake|efird
HIG_PAN,2024,oswald|zack
HIG_PAN,2024,braden|halladay
NIC_COL,2024,dylan|farely
NIC_COL,2024,jacob|mayers
NIC_COL,2024,nico|saltaformaggio
LAF_LEP,2024,holder|jeremiah
GAR_RUN,2024,cabrera|derek
GAR_RUN,2024,bryan|pazos
COL_LION,2024,baylor|hicks
STJ_RED,2024,andrew|castellucio
KEN_WIL,2024,drew|lafferty
KEN_WIL,2024,byers|evan
KEN_WIL,2024,applegate|carson
KEN_WIL,2024,james|mccoy
MSM_MTN,2024,max|moore
NOF_OSP,2024,jordan|wimpelberg
SAC_HOR,2024,aidan|garza
SAC_HOR,2024,bachelier|matt
ELO_PHO,2024,tank|yaghoubi
BEL_KNI,2024,cole|mcmichael
TEN_VOL,2024,luke|payne
LIP_BIS,2024,josh|lajoie
LOY_LIO,2024,geis|jake
PEN_NIT,2024,connor|throneberry
PIT_UNI,2024,fernandez|matthew
PIT_UNI,2024,ethan|firoved
PIT_UNI,2024,matt|porter
PIT_UNI,2024,candelario|erubiel
ALC_BRA,2024,lorenz|michael
ALC_BRA,2024,garcia|nico
ALC_BRA,2024,braziel|kewan
ALC_BRA,2024,ford|kiki
MSU_BDG,2024,forsythe|logan
WRI_RAI,2024,roder|ty
AIR_FOR,2024,davis|rhyne
AIR_FOR,2024,davidson|patrick
LON_LAN,2024,harrison|josiah
LON_LAN,2024,corbin|mccloud
GON_BUL,2024,deschryver|nathan
GON_BUL,2024,garrett|gores
AUB_TIG,2024,gonzalez|joseph
BAL_CAR,2024,owen|quinn
BAL_CAR,2024,coffman|owen
CIT_BUL,2024,connor|cummiskey
ALA_HOR,2024,alex|burden
ALA_HOR,2024,colon|sebastian
SMU_SAI,2024,connor|mendez
SMU_SAI,2024,tyler|young
SMU_SAI,2024,cole|hatton
SMU_SAI,2024,aaron|nease
SEA_RED,2024,thomas|williamson
SMU_SAI,2024,carson|jones
SMU_SAI,2024,mccauley|sam
UTA_WOL,2024,bailey|gray
UTA_WOL,2024,burkett|jayse
UTA_WOL,2024,drew|woody
UTA_UTE,2024,carter|wall
TEX_LON,2024,jared|thomas
CIN_BEA,2024,bradley|coulter
HBU_HUS,2024,dave|wilson
POR_PIL,2024,kj|ruffo
WAS_HUS,2024,ethan|unruh
RAD_HIG,2024,ben|keefe
RAD_HIG,2024,david|sande
WIU_LEA,2024,chase|golden
WIU_LEA,2024,cunning|eric
UMBC_RET,2024,logan|wiley
ALB_GRE,2024,birkman|owen
ALB_GRE,2024,connor|eisenmann
ALB_GRE,2024,steven|turk
ALB_GRE,2024,kyle|mccaffrey
IU,2024,grant|holderfield
SAN_DON,2024,calia|kolby
STJ_HAW,2024,matt|mcshane
STJ_HAW,2024,luke|zimmerman
STJ_HAW,2024,alec|rodriguez
BUT_BUL,2024,kilfoyle|shane
HAW_WAR,2024,gonzalez|sebastian
RAD_HIG,2024,breckin|nace
NCA_BUL,2024,shea|walker
RAD_HIG,2024,clatterbaugh|clay
QUN_RYL,2024,brooker|jack
QUN_RYL,2024,arnav|ghuliani
QUN_RYL,2024,joseph|rodriguez
FLO_PAN,2024,dietrich|tristan
GEO_PAN,2024,roche|tyler
HIG_PAN,2024,glover|lucas
NIU_HUS,2024,dominic|hann
NIU_HUS,2024,jake|kohanzo
NIU_HUS,2024,linkletter|ryan
SBU_SEA,2024,jt|raab
SBU_SEA,2024,saunders|ty
IWC,2024,hargett|hunter
IWC,2024,berry|braden
PAC_TIG,2024,bicknell|drake
PAC_TIG,2024,jacob|smith
LOY_LIO,2024,caycedo|colin
LOY_LIO,2024,chaz|mcroberts
STM_GAE,2024,delvecchio|dylan
WES_MOU,2024,david|hagaman
NOR_CAT,2024,garrett|shearer
FOR_MAS,2024,owen|willard
VIL_WIL,2024,devin|rivera
PRE_BLH,2024,charalambous|christian
AUS_GOV,2024,speer|tre
UNO_MAV,2024,gage|ingram
TUL_GRE,2024,blaise|wilcenski
TUL_GRE,2024,jacob|moore
NOT_IRI,2024,hagan|ward
SOU_JAC,2024,mccay|nic
ALB_GRE,2024,mariano|matthew
ALB_GRE,2024,kyle|locklear
ALB_GRE,2024,boule|luke
UMBC_RET,2024,nick|remy
ALB_GRE,2024,dimartino|michael
UMBC_RET,2024,christopher|ho
SAN_DON,2024,jones|max
STJ_HAW,2024,desanto|ryan
STJ_HAW,2024,gabrysh|luke
STJ_HAW,2024,ciccone|frank
UNC_SEA,2024,bromley|thornton
HAW_WAR,2024,dyball|tyler
HAW_WAR,2024,dobyns|kyle
QUN_RYL,2024,carson|magill
UTS_ROA,2024,conor|myles
UTS_ROA,2024,cooper|hrbacek
UTS_ROA,2024,anthony|giannette
VIR_TEC,2024,buckler|ryan
NIU_HUS,2024,adam|brouwer
NIU_HUS,2024,dj|hess
NIU_HUS,2024,pederson|sam
NIU_HUS,2024,matt|salomonson
APP_MOU,2024,cy|smith
TRO_TRJ,2024,isaac|silva
SBU_SEA,2024,nicholas|rizzo
SBU_SEA,2024,colin|rhein
SBU_SEA,2024,panariello|ty
SBU_SEA,2024,montgomery|quinlan
IWC,2024,isaiah|zavala
PAC_TIG,2024,bryce|cruz
PAC_TIG,2024,martinez|ryan
FGCU,2024,connor|ohara
FGCU,2024,dylan|wolff
CIN_BEA,2024,parnell|shawn
AUB_TIG,2024,alexander|petrovic
NOR_AGG,2024,isaiah|monge
WIN_EAG,2024,hylinski|joey
MIC_SPA,2024,klann|robert
AUS_GOV,2024,andrew|devine
RIC_OWL,2024,fernandez|robert
RIC_OWL,2024,ryland|urbanczyk
YAL_BUL,2024,josh|richardson
MEX_LOB,2024,castillo|ryan
SOU_JAC,2024,arbogast|reece
SOU_JAC,2024,arlen|peters
GEO_PAT,2024,cole|egan
GEO_PAT,2024,hueber|toby
ALB_GRE,2024,cregg|scherrer
ALB_GRE,2024,banner|dylan
ALB_GRE,2024,pittz|ryan
ALB_GRE,2024,camrin|fuer
CSU_BAK,2024,plotkin|tobias
CSU_BAK,2024,nick|perryman
IU,2024,benes|seth
STJ_HAW,2024,mccausland|will
STJ_HAW,2024,luke|smith
DIX_STE,2024,hunter|katschke
TAR_TEX,2024,bradshaw|breck
GAR_RUN,2024,ciminiello|michael
SAN_SPA,2024,drew|stapleton
QUN_RYL,2024,cullen|tanner
FLO_PAN,2024,alwine|evan
SOU_GOL,2024,cook|jake
VIR_TEC,2024,brett|renfrow
NIU_HUS,2024,brachbill|ty
NIU_HUS,2024,parker|schuring
LOU_CAR,2024,jake|karaba
LOU_CAR,2024,dean|mitchell
VIR_CAV,2024,menk|patric
SBU_SEA,2024,eddie|smink
SBU_SEA,2024,erik|jr|paulsen
THO_M,2024,jacob|mrosko
PAC_TIG,2024,ethan|shaver
PAC_TIG,2024,jake|tandy
HOF_PRI,2024,deslauriers|jake
HOF_PRI,2024,florides|michael
SET_PIR,2024,daniel|frontera
VIL_WIL,2024,francis|jake
RIC_SPI,2024,hinchliffe|jackson
WIN_EAG,2024,brady|houston
WIN_EAG,2024,lance|wade
WIN_EAG,2024,gonsalves|nick
TUL_GRE,2024,fladda|luc
USF_BUL,2024,adan|longoria
HOU_COU,2024,owen|woodward
TEX_BOB,2024,peyton|zabel
GEO_BUL,2024,blake|gillespie
ABI_WIL,2024,foster|nolan
ABI_WIL,2024,matthews|parker
QUI_BOB,2024,mcnaught|ray
QUI_BOB,2024,hagan|jim
QUI_BOB,2024,gannon|jack
QUI_BOB,2024,andrew|cubberly
QUI_BOB,2024,manelski|skyler
RHO_RAM,2024,ethan|mahan
QUI_BOB,2024,alduino|matthew
ECU_PIR,2024,corey|costello
OLD_MON,2024,connor|schumann
THO_M,2024,kemp|nolan
JMU_DUK,2024,hull|jackson
BUT_BUL,2024,hornschemeier|justin
HOL_CRU,2024,fletcher|nick
HOL_CRU,2024,payton|sutman
HOL_CRU,2024,andrew|nesson
HOL_CRU,2024,augie|walters
DAR_GRE,2024,clark|gilmore
SPU_PEA,2024,jain|yash
SPU_PEA,2024,logan|wenzel
SPU_PEA,2024,david|delgadillo
SPU_PEA,2024,linden|reaburn
SPU_PEA,2024,jackette|jarred
SPU_PEA,2024,marcus|monroe
SPU_PEA,2024,andrew|delcollo
BEL_KNI,2024,brower|carson
BEL_KNI,2024,talbert|tyler
ORE_DUC,2024,grabmann|matthew
UWM_PAN,2024,camden|kuhnke
TEX_ISL,2024,anthony|sendejas
FOR_RAM,2024,maeker|trey
FOR_RAM,2024,brixton|lofgren
JAC_GAM,2024,austin|gast
GEO_PAN,2024,benford|tysen
TEX_LON,2024,cole|selvig
TEX_BOB,2024,matthew|tippie
LIB_FLA,2024,ben|roberts
SBU_SEA,2024,hobb|jerek
SBU_SEA,2024,book|colton
SBU_SEA,2024,stout|tyler
ARK_RAZ,2024,dietz|hunter
SAN_GAU,2024,andrew|krodel
PRI_TIG,2024,jason|ramirez
ECU_PIR,2024,parker|thomas
CHA_BUC,2024,daugherty|ryan
CHA_BUC,2024,chandler|woolridge
FLA_GAT,2024,reilly|witmer
NOR_HUS,2024,gemma|michael
NOR_HUS,2024,james|quinlivan
QUN_RYL,2024,andrew|white
SOU_GOL,2024,lacy|peyton
SOU_LIO,2024,ambrose|chase
SOU_LIO,2024,howell|kaleb
ILL_RED,2024,ben|dandelet
NCA_BUL,2024,gonzales|isaac
NCA_BUL,2024,jacob|strmiska
NCA_BUL,2024,sam|thompson
ORA_GOL,2024,allman|price
ALA_ANM,2024,charlie|lazo
LIP_BIS,2024,cooke|evan
TEN_TEC,2024,drew|mattox
PRA_PAN,2024,battey|corey
PRA_PAN,2024,breeden|elijah
PRA_PAN,2024,bravo|leonardo
LOU_CAJ,2024,brendan|moody
PRA_PAN,2024,camden|farmer
PRA_PAN,2024,aguado|devin
CAL_ANT,2024,cameron|wheeler
SOU_TRO,2024,blatter|brock
MCN_COW,2024,marcus|mott
NEW_PRI,2024,leblanc|tyler
BGS_FAL,2024,ramos|rigo
BGS_FAL,2024,connar|penrod
BGS_FAL,2024,bell|logan
BGS_FAL,2024,jacob|turner
NOR_CAT,2024,amar|tsengeg
UIC_FLA,2024,trapani|vincent
NOR_CAT,2024,doyle|justin
UTS_ROA,2024,braylon|owens
TEX_AGG,2024,troy|wansing
UTS_ROA,2024,conor|myles
GON_BUL,2024,hamberg|jordan
WAS_COU,2024,orr|ryan
WAS_COU,2024,liam|miller
ORE_DUC,2024,freund|michael
ORE_DUC,2024,cova|sammy
ORE_DUC,2024,goodson|mason
ALA_HOR,2024,araujo|caio
AUB_TIG,2024,crotchfelt|zach
WMI_BRO,2024,gernon|jacob
WMI_BRO,2024,ryan|watt
IWC,2024,berens|micah
IWC,2024,luke|smith
HAW_WAR,2024,cory|ronan
HAW_WAR,2024,isaiah|magdaleno
HAW_WAR,2024,cardinez|nainoa
COP_STA,2024,christian|pareja
NNU_CRU,2024,bateman|nick
NNU_CRU,2024,jakob|rochelle
NNU_CRU,2024,henderson|jaxon
NNU_CRU,2024,connor|harrison
NNU_CRU,2024,bishopp|josh
NNU_CRU,2024,brown|josh
NNU_CRU,2024,blake|hammond
GEO_BUL,2024,land|wyatt
KEN_OWL,2024,caden|carroll
ARL_MAV,2024,austin|wallace
OKL_SOO,2024,gholston|jacob
OKL_SOO,2024,brad|pruett
BET_WIL,2024,core|joel
BET_WIL,2024,dylan|vega
MTSU_BLU,2024,kota|sato
MTSU_BLU,2024,jackson|underwood
DAY_FLY,2024,johnson|matthew
DAY_FLY,2024,nick|rispoli
AKR_ZIP,2024,mike|orlowski
NIC_COL,2024,michael|quevedo
ARM_BLA,2024,dennehy|sean
ARM_BLA,2024,jakob|vanderhave
UNC_SEA,2024,craig|luke
COL_CHA,2024,arnold|zeph
CHA_BUC,2024,lee|watson
CHA_BUC,2024,robinson|zac
MAR_RED,2024,chudy|nate
MAR_RED,2024,aj|thomas
MAR_RED,2024,taylor|will
MAR_RED,2024,jack|wren
PEN_QUA,2024,coyne|marty
PEN_QUA,2024,edward|sarti
QUN_RYL,2024,isaac|kopalchick
ULM_WAR,2024,burrell|dalton
NOR_CAT,2024,kellen|pate
KEN_OWL,2024,pinson|smith
LIB_FLA,2024,butler|ryan
STM_GAE,2024,mcbroom|shawn
JAC_GAM,2024,david|hamilton
SAN_DON,2024,scavone|tommy
PEP_WAV,2024,dylan|maccallum
NIC_COL,2024,jack|nelson
NIC_COL,2024,guerrero|michael
RUT_SCA,2024,konstantinovsky|zack
IWC,2024,edward|mendoza
IU,2024,manase|seti
UNC_SEA,2024,baker|trace
UNC_SEA,2024,gaither|matt
UNC_SEA,2024,capuano|jordan
LON_LAN,2024,harrison|josiah
LON_LAN,2024,caleb|ketchie
UIC_FLA,2024,gould|zak
SIU_SAL,2024,coombe|kade
HOU_COU,2024,kyle|lacalameto
MAR_RED,2024,hartley|tyler
MAR_RED,2024,jack|keenan
FLO_SEM,2024,brennen|oxford
CAL_LAN,2024,jacob|wilson
NOR_AGG,2024,justin|poris
LIP_BIS,2024,joey|mitchell
MAR_HAW,2024,cade|williams
LON_ISL22,2024,dominic|pieto
MAR_HAW,2024,brandon|poole
LSU_TIG,2024,jaden|noot
KEN_OWL,2024,nolan|sliver
PRI_TIG,2024,justin|kim
BRO_BEA,2024,brenden|kline
SAM_BUL,2024,brooks|rice
CRE_BLU,2024,klein|noah
TEX_LON,2024,fontenot|grant
SOU_IND16,2024,anderson|cory
SOU_LIO,2024,aspholm|dalton
IWC,2024,josh|salinas
UNC_SEA,2024,connor|marshburn
UNC_SEA,2024,lawson|ty
LON_LAN,2024,kyle|miller
NOR_TAR,2024,fischer|ryan
JMU_DUK,2024,jaden|kinsler
UNL_REB,2024,gonzalez|jesus
CAL_LAN,2024,brandon|downer
MTSU_BLU,2024,james|sells
NOR_WOL,2024,halford|jacob
NMS_AGG,2024,hayden|lewis
CAL_MAT,2024,braden|wauschek
LIN_UNI,2024,buschschulte|zach
NOR_TAR,2024,boaz|folger
DIX_STE,2024,cade|montgomery
BET_WIL,2024,groark|patrick
BET_WIL,2024,gonzalez|jeffrey
MIS_BEA,2024,eric|loomis
ALC_BRA,2024,andres|chirinos
ALC_BRA,2024,jackson|kevin
ALC_BRA,2024,hayden|konkler
WOF_TER,2024,dylan|rhadans
JAC_GAM,2024,foster|mcdonald
TRO_TRJ,2024,asbury|kristian
JAC_GAM,2024,brett|mallett
ALA_CRI,2024,adams|zane
ALA_CRI,2024,fay|tyler
MIZ_TIG,2024,josh|mcdevitt
UTM_SKY,2024,jones|silas
UTM_SKY,2024,baskin|kaleb
UTM_SKY,2024,eli|martin
UTM_SKY,2024,dylan|lapic
CRE_BLU,2024,coborn|duke
NOR_BIS,2024,roman|trapani
NOR_BIS,2024,austin|bergum
SOU_GAM,2024,copper|edward
SOU_IND16,2024,gage|smith
MUR_RAC,2024,jordyn|naranjo
SOU_IND16,2024,morgan|tanner
SOU_IND16,2024,kaydon|norkus
IND_SYC,2024,matt|parenteau
IND_SYC,2024,adam|berghorst
UNC_SEA,2024,calvert|ryan
COA_CHA,2024,carbone|dominick
UNC_SEA,2024,connor|kane
SAN_GAU,2024,moring|reed
SAN_GAU,2024,bremner|tyler
CAL_BEA,2024,kaden|taque
UNC_SPA,2024,caleb|cozart
UNC_SPA,2024,sammy|tortorella
WAK_DEA,2024,cameron|nelson
USC_UPS,2024,kilker|michael
SOU_RED,2024,esteban|hernandez
LIT_TRO,2024,burkey|noah
NIC_COL,2024,fields|nick
NIC_COL,2024,burt|ryan
NIC_COL,2024,cole|poirrier
LOY_LIO,2024,kolby|schiffer
LOY_LIO,2024,gabe|maya
SAL_JAG,2024,cade|carlson
KEN_OWL,2024,brody|meeks
CEN_BEA,2024,payton|windham
CEN_BEA,2024,coleman|macrae
MSU_BDG,2024,gage|haley
CEN_BEA,2024,perry|titlow
CEN_BEA,2024,charlie|christensen
BRY_BUL,2024,cam|foster
BRY_BUL,2024,hilburger|kaden
HAR_CRI,2024,baxter|nate
HAR_CRI,2024,jordan|kang
BOC_EAG,2024,brad|lombardi
ORA_GOL,2024,reed|ronan
EMU_EAG,2024,drew|jones
EMU_EAG,2024,jimmy|kunst
EMU_EAG,2024,josh|mccoy
UTM_SKY,2024,benton|davis
UTM_SKY,2024,sam|smith
TEX_TIG,2024,castro|josiah
UTA_UTE,2024,cameron|nielson
UTA_WOL,2024,matt|schavone
UTA_WOL,2024,remington|robbins
UTA_UTE,2024,billy|bird
UTA_WOL,2024,davis|spencer
GEO_BUL,2024,ethan|sutton
STA_CAR,2024,aidan|keenan
SOU_JAG,2024,burkett|ii|jerry
YAL_BUL,2024,colton|shaw
MIS_BEA,2024,curry|sutherland
LEH_MOU,2024,adelman|jasper
RUT_SCA,2024,konstantinovsky|zack
RUT_SCA,2024,donovan|zsak
RUT_SCA,2024,joe|mazza
OKL_COW,2024,knight|max
OSU_BUC,2024,sigman|zakary
BRO_BEA,2024,gottam|santhosh
HAR_CRI,2024,jordheim|porter
HAR_CRI,2024,feller|sawyer
STB_BON,2024,czajkowski|noah
BUT_BUL,2024,gabe|pancratz
IOW_HAW,2024,hart|sam
UNL_REB,2024,lueck|reese
SIU_SAL,2024,gerdes|tanner
SIU_SAL,2024,anthony|pron
FAU_OWL,2024,beard|trey
MT,2024,cade|davis
MT,2024,kylan|stepter
GIT_YEL,2024,brett|denby
GIT_YEL,2024,camren|landry
WOF_TER,2024,braden|hofmeyer
SOU_GOL,2024,english|mccarty
PEN_NIT,2024,brandon|wingenroth
LEH_MOU,2024,cole|leaman
WIN_EAG,2024,keup|shane
WIN_EAG,2024,connor|harris
NOR_DEM,2024,dawson|flowers
NOR_DEM,2024,dylan|marionneaux
CAM_CAM,2024,clark|cooper
IWC,2024,walls|westin
PEN_QUA,2024,dromboski|ryan
HOU_COU,2024,jaxon|jelkin
STB_BON,2024,gabe|watts
UCLA,2024,egan|owen
PIT_UNI,2024,reed|ryan
COA_CHA,2024,cameron|flukey
STJ_HAW,2024,domenic|picone
STJ_HAW,2024,colin|yablonski
FOR_RAM,2024,koen|smith
FOR_RAM,2024,karson|zach
FOR_RAM,2024,cian|sahler
IU,2024,kraft|ryan
UTR_VAQ,2024,jacob|limas
CRE_BLU,2024,cancellieri|dominic
CHA_BUC,2024,collin|kratzner
NOT_IRI,2024,jack|radel
NEV_WOL,2024,millas|theo
CAL_FUL,2024,flores|michael
CAL_FUL,2024,faulks|ryan
CAL_FUL,2024,andrew|wright
CAL_FUL,2024,andrew|morones
CAL_FUL,2024,jason|krakoski
MIS_BEA,2024,ferguson|garrett
RAD_HIG,2024,rice|will
RAD_HIG,2024,flicek|jacob
MAR_THU,2024,eddie|leon
NOR_DEM,2024,chase|prestwich
NOR_DEM,2024,bunch|caleb
CAL_AGO,2024,hippensteel|max
MIC_SPA,2024,matheny|noah
UNO_MAV,2024,byhre|chris
UMA_AMH,2024,callen|powers
VIR_TEC,2024,parliament|wyatt
PIT_UNI,2024,jack|sokol
PIT_UNI,2024,fox|phil
STJ_HAW,2024,desanto|ryan
STJ_HAW,2024,luke|parise
MOR_EAG,2024,furtado|josh
BAY_BEA,2024,glatch|will
SAN_SPA,2024,michael|rice
NMS_AGG,2024,hoeft|tyler
FLO_SEM,2024,cam|leiter
NOT_IRI,2024,hardman|nate
NOT_IRI,2024,dj|helwig
SIU_SAL,2024,andrew|yusypchuk
SIU_SAL,2024,myers|sam
CAL_MUS,2024,evan|tomlinson
NOR_DEM,2024,aidan|newton
NOR_DEM,2024,alejandro|marquez
NOR_DEM,2024,bivins|conner
NOR_DEM,2024,adam|alexis
IWC,2024,tomas|urbina
IWC,2024,coiner|garrett
CAL_AGO,2024,alejandro|huezo
GON_BUL,2024,giovanni|melchione
UCLA,2024,cody|delvecchio
LAM_CAR,2024,phelps|travis
PIT_UNI,2024,andrade|ryan
BEL_KNI,2024,blake|donnan
COP_STA,2024,hurd|jaedin
UMBC_RET,2024,murphy|shane
UMBC_RET,2024,dorn|rob
NJI_HIG,2024,fullerton|jake
NJI_HIG,2024,estes|hayden
NJI_HIG,2024,mihalinac|talon
NJI_HIG,2024,croix|jenkins
NJI_HIG,2024,colin|kidd
NJI_HIG,2024,riordan|tade
NJI_HIG,2024,craska|joey
MTSU_BLU,2024,junkins|turner
MTSU_BLU,2024,anderson|ian
UTS_ROA,2024,braden|davis
UTS_ROA,2024,drake|smith
NOR_SPA,2024,donovan|whitfield
UNC_SEA,2024,tanner|thach
UWM_PAN,2024,josh|kosky
STE_LUM,2024,nickerson|trent
STE_LUM,2024,caleb|garciarameau
NOK_NOR,2024,lopez|matthew
NOK_NOR,2024,castaneda|mj
NOK_NOR,2024,devenport|logen
NOK_NOR,2024,casey|maniglia
MSM_MTN,2024,capperella|dominic
MIS_DEL,2024,bennett|quin
MIS_DEL,2024,kobe|ladd
MIS_DEL,2024,james|snipes
MIS_DEL,2024,jodany|ofarril|ortiz
TEN_TEC,2024,nicholas|vaccaro
TEN_VOL,2024,brayden|sharp
TEN_TEC,2024,daniel|walter
TEN_TEC,2024,lawson|stricklin
GRA_TIG,2024,charles|jackson
CAL_ANT,2024,elliot|joslin
CAL_ANT,2024,michael|pirrello
LOY_LIO,2024,tanner|warady
CAL_ANT,2024,dante|zamudio
PIT_UNI,2024,aidan|coleman
PIT_UNI,2024,chillot|gavin
PIT_UNI,2024,partridge|ryan
PIT_UNI,2024,benjamin|kovel
PIT_UNI,2024,kyle|mosley
PIT_UNI,2024,demi|kyle
WES_MOU,2024,fredericks|joseph
STO_COL,2024,friedman|pierce
STO_COL,2024,brulport|max
STO_COL,2024,brockner|zach
STO_COL,2024,braydon|gray
STO_COL,2024,jake|lanzer
STO_COL,2024,billy|duff
NIU_HUS,2024,jackson|stewart
NOR_CAT,2024,colin|dowdle
HBU_HUS,2024,cayden|maxwell
TRO_TRJ,2024,pavlos|piperakis
FLO_RAT,2024,cameron|kelly
MAN_JAS,2024,jorden|sesar
MAN_JAS,2024,carter|cowburn
MAN_JAS,2024,babel|tyler
AIR_FOR,2024,peters|zachary
UCLA,2024,aldrich|chris
SAN_GAU,2024,hattenbach|hayden
MIA_RED,2024,landen|looper
MIA_RED,2024,appelwick|evan
LAM_CAR,2024,hamm|logan
LAM_CAR,2024,kole|tauzin
ORA_GOL,2024,brayden|mackey
CAL_FUL,2024,alfaro|jesse
PRE_BLH,2024,hampton|jeremiah
ALA_HOR,2024,almazan|jose
VIR_TEC,2024,jordan|vera
UAB_BLA,2024,haines|tyler
BUC_BIS,2024,connor|vucovich
BUC_BIS,2024,dylan|radtke
BUC_BIS,2024,ethan|firestein
BUC_BIS,2024,delaney|ryan
PAC_TIG,2024,guardado|jakob
ILL_ILL,2024,logan|tabeling
LON_DIR,2024,donegan|joshua
DAY_FLY,2024,jake|tedesco
COR_BRE,2024,jennewein|nate
HOL_CRU,2024,skrobe|thomas
NOT_IRI,2024,birkholz|radek
ULM_WAR,2024,hollis|huff
WAS_HUS,2024,colton|mcintosh
NOR_BIS,2024,koenig|landon
LIP_BIS,2024,carter|sheppard
LIP_BIS,2024,ben|wilson
AIR_FOR,2024,cooper|loveridge
QUN_RYL,2024,derek|westfall
CAN_GRI,2024,cole|murray
CAN_GRI,2024,aduddle|bryan
ALA_CRI,2024,banks|hagan
SIE_SAI,2024,billy|rozakis
SIE_SAI,2024,noah|rodriguez
SIE_SAI,2024,casey|vaughn
SIE_SAI,2024,byrne|connor
SIE_SAI,2024,kobryn|trevor
SIE_SAI,2024,paltridge|richard
UCO_HUS,2024,carrea|joe
UCO_HUS,2024,charles|west
UCO_HUS,2024,finn|sean
UCO_HUS,2024,michael|quigley
DAY_FLY,2024,bennet|lepalm
ALA_LIO,2024,bradshaw|jacob
ULM_WAR,2024,brink|zachary
WAS_HUS,2024,gore|jaxson
ETS_BUC,2024,fetterman|tyler
HIG_PAN,2024,diehl|liam
KAN_JAY,2024,patrick|steitz
KAN_JAY,2024,thaniel|trumper
TCU_HFG,2024,ayers|kyle
MSU_BDG,2024,dotson|luke
VIR_KEY,2024,michael|ross
SAM_BUL,2024,morgan|trey
SAM_BUL,2024,evan|parmer
VIR_KEY,2024,evan|steckmesser
SAM_BUL,2024,clark|driscoll
SAM_BUL,2024,peter|philips
MEX_LOB,2024,daxton|purser
BUS_BEA,2024,tiaga|yamane
BUS_BEA,2024,austin|wolfe
BUS_BEA,2024,daniel|furman
BUS_BEA,2024,hammond|trevor
NOR_TAR,2024,decaro|jason
NOR_TAR,2024,aidan|haugh
SIE_SAI,2024,alistair|morin
SIE_SAI,2024,tilton|tyler
SIE_SAI,2024,arnad|mulamekic
SIE_SAI,2024,kidwell|tyler
SIE_SAI,2024,ryan|taffe
TRO_TRJ,2024,dylan|king
HAR_CRI,2024,callan|fang
CAN_GRI,2024,peltier|tom
CAN_GRI,2024,guiliano|justin
CAN_GRI,2024,aaron|duffy
BUS_BEA,2024,kai|keamo
BUS_BEA,2024,ethan|paulson
BUS_BEA,2024,alec|gums
BUS_BEA,2024,colby|knutzen
BUS_BEA,2024,adam|sabatino
BUS_BEA,2024,chapman|max
BUS_BEA,2024,jayden|soriano
BUS_BEA,2024,gregory|joe
BUS_BEA,2024,blake|stavros
NMS_AGG,2024,cho|tofte
NMS_AGG,2024,cho|tofte
USF_BUL,2024,austin|grause
BIN_BEA,2024,bates|ryan
BIN_BEA,2024,john|lumpinski
BIN_BEA,2024,daniel|mcaliney
BIN_BEA,2024,dee|ryan
UCO_HUS,2024,emon|gabe|van
COR_BRE,2024,carson|mayfield
EVA_ACE,2024,elias|hachem
MIA_HUR,2024,hernandez|julian
CAM_CAM,2024,grant|knipp
NOR_BIS,2024,johnson|nolan
NOR_BIS,2024,leland|wilson
UCF_KNI,2024,fernald|josh
UCF_KNI,2024,joey|wimpelberg
DEL_HOR,2024,brandon|hatch
DEL_HOR,2024,carreca|peter
DEL_HOR,2024,amari|gordon
DEL_HOR,2024,de|eddie|valle
DEL_HOR,2024,brooks|kendall
DEL_HOR,2024,andrew|brady
UMBC_RET,2024,aidan|denham
ARM_BLA,2024,finan|trevor
ARM_BLA,2024,penswick|robbie
SIE_SAI,2024,matthew|rowe
ARM_BLA,2024,john|oxios
STO_COL,2024,jordan|marot
STO_COL,2024,cotter|tim
STO_COL,2024,moynihan|robert
BAL_CAR,2024,knapp|tanner
EKU_COL,2024,blanton|brock
CLE_TIG,2024,olenchuck|ty
QUI_BOB,2024,andrew|rubayo
QUI_BOB,2024,evan|jasek
JAC_TIG,2024,harris|shemar
JAC_TIG,2024,brandon|haston
JAC_TIG,2024,garrett|vandeventer
TEX_AGG,2024,braden|montgomery
PRA_PAN,2024,mendoza|victor
NJI_HIG,2024,aaron|park
NJI_HIG,2024,anthony|anzaldi
AIR_FOR,2024,bello|jack
AIR_FOR,2024,dillinger|ethan
AIR_FOR,2024,estridge|gaines
AIR_FOR,2024,chase|spencer
FLO_RAT,2024,cody|williams
VIL_WIL,2024,cade|udell
RID_BRO,2024,clayton|poliey
RID_BRO,2024,dorerty|jake
RID_BRO,2024,gavin|hawkes
UCO_HUS,2024,jack|sullivan
OLD_MON,2024,garrett|harker
TEX_RAI,2024,petty|zane
ABI_WIL,2024,meyer|nick
GEO_HOY,2024,matthew|sapienza
VIR_CAV,2024,augustin|matt
VIR_CAV,2024,osinski|ryan
VIR_CAV,2024,charlie|oschell
VIR_CAV,2024,barker|blake
GEO_HOY,2024,ayden|head
VIR_CAV,2024,menk|patric
GVU_VIK,2024,jacob|wolver
GVU_VIK,2024,roby|ryan
GVU_VIK,2024,josh|stoll
GVU_VIK,2024,kaden|stewart
GVU_VIK,2024,cooper|smith
GVU_VIK,2024,lagow|mondre
GVU_VIK,2024,armstrong|cade
GVU_VIK,2024,jacob|ryan
GVU_VIK,2024,kueter|noah
UNL_REB,2024,girardi|will
NOT_IRI,2024,hagan|ward
WMI_BRO,2024,kelly|michael
WMI_BRO,2024,ethan|houghtaling
CAL_FUL,2024,seth|sumner
CAL_FUL,2024,aaron|ceniceros
NEV_WOL,2024,bailey|kieran
BRA_BRA,2024,roley|tate
TOW_TIG,2024,andalo|santangelo
TOW_TIG,2024,jackson|vantassell
WIN_EAG,2024,brodt|walker
WIN_EAG,2024,grant|shepherd
CLE_TIG,2024,brown|luke
LOU_CAJ,2024,blake|mcgegee
SOU_JAG,2024,caleb|washington
LOU_CAJ,2024,marcotte|riley
LOU_CAJ,2024,hess|tate
LOU_BUL,2024,brenton|thiels
STB_BON,2024,andrew|ayers
PEN_NIT,2024,cease|derek
CAL_MAT,2024,andrew|parker
PUR_FOR,2024,owen|willard
PUR_FOR,2024,brody|fine
PUR_FOR,2024,carson|caudill
PUR_FOR,2024,jacob|paymaster
PUR_FOR,2024,josh|kuhns
PUR_FOR,2024,drew|evans
MSU_BDG,2024,bradley|loftin
MSU_BDG,2024,clark|kinkade
SOU_IND16,2024,abdriel|figueroa
AKR_ZIP,2024,jack|kelley
OKL_COW,2024,jacob|kennedy
LOY_LIO,2024,baker|ryan
SOU_RED,2024,gavin|johnson
HOF_PRI,2024,brian|hart
COL_LION,2024,bowman|justin
NCB,2024,behrends|jeffrey
NCB,2024,hose|zach
GEO_COL,2024,bruno|matt
GEO_COL,2024,drew|oppenheim
GRA_CAN,2024,case|david
WOF_TER,2024,gray|john
GEO_BUL,2024,mcloughlin|tyler
WOF_TER,2024,lunceford|morgan
EVA_ACE,2024,bell|ethan
NOR_TAR,2024,johnson|olin
UNC_SEA,2024,bromley|thornton
MIA_HUR,2024,drew|dwyer
CEN_BEA,2024,jackson|schwank
CEN_BEA,2024,bryce|parlin
CEN_BEA,2024,gregson|trent
CEN_BEA,2024,alveti|gavin
CEN_BEA,2024,jake|jones
TRO_TRJ,2024,dima|josh
EMU_EAG,2024,chittum|nick
EMU_EAG,2024,baker|liam
EMU_EAG,2024,bobby|jones
MIZ_TIG,2024,nic|smith
DEL_BLU,2024,eric|ludman
MAR_RED,2024,brian|yetter
VIR_CAV,2024,jack|oconnor
STB_BON,2024,luke|roggenburk
MTSU_BLU,2024,earnhardt|luke
GAR_RUN,2024,ingle|noah
GAR_RUN,2024,clemente|jack
IND_SYC,2024,brayden|lybarger
XAV_MUS,2024,hooker|jake
SPU_PEA,2024,linden|rearb
SPU_PEA,2024,mason|williams
SPU_PEA,2024,john|wade
LEH_MOU,2024,perich|rafe
RID_BRO,2024,brian|young
RID_BRO,2024,greenzang|jared
NOR_DEM,2024,anderson|austin
NOR_DEM,2024,john|shahrdar
NOR_DEM,2024,parker|thomas
NOR_DEM,2024,bryan|tyler
NOR_DEM,2024,bryce|leonard
TOW_TIG,2024,avery|heiple
SIE_SAI,2024,collins|ramsey
SIE_SAI,2024,nolan|puglisi
SIE_SAI,2024,noah|wieczorak
WES_MOU,2024,aidan|smith
UWM_PAN,2024,dj|kojis
COR_BRE,2024,foster|max
QUI_BOB,2024,mason|ulsh
QUI_BOB,2024,aaron|zenus
QUI_BOB,2024,hutchinson|ryan
UMA_AMH,2024,charlie|devin
SEA_RED,2024,riley|sinclair
UTA_WOL,2024,jackson|thomas
UAB_BLA,2024,braxton|brooks
EMU_EAG,2024,beckner|drew
EMU_EAG,2024,andrew|dukesherer
MIZ_TIG,2024,magdic|ryan
NOR_HUS,2024,aidan|tucker
DEL_BLU,2024,alex|tawa
MAR_RED,2024,orr|riley
TEX_ISL,2024,joshua|munoz
WIU_LEA,2024,billy|humphrey
WCC,2024,jackson|reid
STJ_RED,2024,mettert|sam
VAL_CRU,2024,christian|hack
VAL_CRU,2024,kruse|ryan
TOW_TIG,2024,nabholz|nate
MIS_BEA,2024,jake|syverson
CAN_GRI,2024,abbott|levi
CAN_GRI,2024,andrew|fron
CAN_GRI,2024,greenleaf|tyler
LIP_BIS,2024,bryce|houghton
DAR_GRE,2024,devin|milberg
UMASS_RIV,2024,alfred|mucciarone
UMASS_RIV,2024,cota|miles
UMASS_RIV,2024,fortuna|zach
UMASS_RIV,2024,kevin|zarnoch
UMASS_RIV,2024,bedder|dylan
NEW_PRI,2024,elijah|karney
SIE_SAI,2024,evan|saulys
SIE_SAI,2024,bentz|sebastian
BRY_BUL,2024,burrows|jared
BRY_BUL,2024,deitelbaum|trey
BRY_BUL,2024,delongchamp|luke
WRI_RAI,2024,grogan|mychal
QUI_BOB,2024,jack|kabel
QUI_BOB,2024,brett|leighton
QUI_BOB,2024,craska|frank
SAN_TOR,2024,colton|sundloff
PEP_WAV,2024,matt|queen
PEP_WAV,2024,adam|troy
PEP_WAV,2024,cole|jordan
UTA_WOL,2024,mitch|mueller
SAL_JAG,2024,delano|matthew
FAI_STA,2024,baker|bowen
RUT_SCA,2024,cohen|trevor
DIX_STE,2024,evan|vasiliou
DIX_STE,2024,hardman|ryan
MAR_RED,2024,mazza|steven
TEX_ISL,2024,evans|hendricks
TEX_ISL,2024,aiden|huerta
WAK_DEA,2024,chase|walter
MSM_MTN,2024,max|mccrary
XAV_MUS,2024,jack|niedringhaus
XAV_MUS,2024,nathan|stahl
RID_BRO,2024,alloway|gavin
RID_BRO,2024,aaron|winzinger
RID_BRO,2024,garton|lucas
NIA_EAG,2024,max|ramirez
NIA_EAG,2024,nick|veselinovic
NIA_EAG,2024,dickinson|jack
DAR_GRE,2024,jeff|lee
DAR_GRE,2024,aidan|plummer
LOY_LIO,2024,fried|jacob
UMASS_RIV,2024,michael|simes
UMASS_RIV,2024,brian|foley
UMASS_RIV,2024,capellupo|iii|james
QUI_BOB,2024,sean|swenson
QUI_BOB,2024,favieri|sam
SAN_DON,2024,marcelo|saladana
ARI_SUN,2024,burns|thomas
CIN_BEA,2024,alex|shea
UNC_SEA,2024,everett|jd
NIC_COL,2024,jacob|mayers
NOR_TAR,2024,capocci|francesco
BYU_COU,2024,brett|hansen
DAR_GRE,2024,isler|nate
UMASS_RIV,2024,brendan|williams
UNL_REB,2024,charles|rylan
UNL_REB,2024,matthew|sigafoos
UNL_REB,2024,mcgrath|seth
CAL_MUS,2024,freddy|rodriguez
UNL_REB,2024,cole|roberts
WM_TRI,2024,anthony|marano
NOT_IRI,2024,dennies|jackson
TEX_RAI,2024,fast|taber
SOU_RED,2024,eddie|white
ASU_RED,2024,armstrong|chase
FGCU,2024,dempsey|evan
SAC_PIO,2024,hawkins|mitch
SAC_PIO,2024,aufiero|david
SAC_PIO,2024,jacob|wiberg
SAC_PIO,2024,kane|nick
SAC_PIO,2024,jonathan|peterson
SAC_PIO,2024,macdonnell|owen
USC_UPS,2024,david|james
SIE_SAI,2024,joey|laurer
LEH_MOU,2024,mullock|ryan
COP_STA,2024,clay|thompson
LOU_CAR,2024,jared|lessman
MAN_JAS,2024,garbinski|garrett
MAN_JAS,2024,packen|trey
MAN_JAS,2024,john|kwiatkowski
NOR_BIS,2024,colbey|klepper
TOL_ROC,2024,lelito|matt
TOL_ROC,2024,sipple|tristan
TOL_ROC,2024,leininger|nathan
TOL_ROC,2024,jack|walker
WRI_RAI,2024,nate|shaw
TOL_ROC,2024,dillon|patrick
TOL_ROC,2024,skeriotis|yianni
TOL_ROC,2024,danzeisen|logan
CLE_UNI,2024,marty|mcdonald
CLE_UNI,2024,roberts|will
CLE_UNI,2024,fuchs|jeremy
CLE_UNI,2024,lieng|ryan
CLE_UNI,2024,brody|fay
CLE_UNI,2024,josh|lucier
CLE_UNI,2024,jack|westerhoff
OAK_GOL,2024,carson|johnson
OAK_GOL,2024,brandon|nigh
CLE_UNI,2024,aiden|mindel
NIU_HUS,2024,nowicki|rj
ST._OLA,2024,fickenscher|jacob
ST._OLA,2024,matthew|oberlander
ST._OLA,2024,david|scheil
ST._OLA,2024,hruska|sam
ST._OLA,2024,brock|brumley
ST._OLA,2024,lavin|sam
ST._OLA,2024,carter|follman
ST._OLA,2024,cade|mutscher
ST._OLA,2024,levasseur|nick
GEO_PAT,2024,jake|roberti
MAR_HAW,2024,byrd|lee
MAR_HAW,2024,justin|spencer
WIU_LEA,2024,duncan|jack
MAI_BLA,2024,ryan|scott
MAI_BLA,2024,carson|colton
BGS_FAL,2024,arn|kade
BGS_FAL,2024,krouse|lucas
BGS_FAL,2024,calvin|mitchell
BGS_FAL,2024,amelung|brock
BGS_FAL,2024,owen|poole
BGS_FAL,2024,isaiah|seidel
BGS_FAL,2024,peyton|wilson
CSU_BAK,2024,kanoa|morisaki
CSU_BAK,2024,jr|tally|wright
CSU_BAK,2024,figueroa|ryan
CSU_BAK,2024,kyler|stancato
CSU_BAK,2024,reynolds|ryan
OHI_BOB,2024,geiser|jack
OHI_BOB,2024,barkman|trey
BAY_BEA,2024,jackson|wilkerson
BAY_BEA,2024,cole|stasio
BAY_BEA,2024,elizondo|jackson
VCU_RAM,2024,gross|will
PRI_TIG,2024,jarvis|patrick
NOR_WOL,2024,chance|mako
ALA_LIO,2024,burton|david
KEN_OWL,2024,nolan|sliver
NOR_SPA,2024,noah|wiggins
NOR_SPA,2024,ian|salters
VIR_KEY,2024,owen|riley
BOC_EAG,2024,hard|sean
MER_COL1,2024,borsari|james
MER_COL1,2024,broderick|zach
MER_COL1,2024,lombard|mason
MER_COL1,2024,campbell|cassidy
MER_COL1,2024,owen|zadrozny
MER_COL1,2024,damon|fuller
MER_COL1,2024,bradshaw|michael
STJ_HAW,2024,david|owsik
LON_ISL22,2024,tatsuy|uemoto
LON_ISL22,2024,christian|yoo
LON_ISL22,2024,kassebaum|torin
LON_ISL22,2024,dominic|vassallo
LON_ISL22,2024,latkowski|rj
LON_ISL22,2024,kevin|small
LOU_CAR,2024,jake|karaba
LAF_LEP,2024,breitenstein|justin
MAN_JAS,2024,duffield|joseph
MAN_JAS,2024,benn|patrick
NCA_BUL,2024,barna|cal
MER_BEA,2024,fagerstrom|reid
MER_BEA,2024,champey|declan
ROC_UNI,2024,collin|powers
ROC_UNI,2024,bryan|masterson
ROC_UNI,2024,kyle|shagena
ROC_UNI,2024,polega|ryan
ROC_UNI,2024,hudson|trace
ROC_UNI,2024,iii|perez|raymond
OAK_GOL,2024,donley|ryan
PRE_BLH,2024,barnett|caden
WAK_DEA,2024,levi|strahm
WAK_DEA,2024,brody|shawn
BUC_BIS,2024,hadley|maxwell
COL_LION,2024,harrigan|will
UNO_MAV,2024,cole|whitehill
IWC,2024,beck|dalton
IWC,2024,adam|byrd
NOR_TAR,2024,boston|flannery
VAN_COM,2024,hawks|sawyer
VAN_COM,2024,andrew|dutkanych
VIR_TEC,2024,gibson|jt
PRI_TIG,2024,gilman|kasey
PEP_WAV,2024,carey|jack
SOU_LIO,2024,justin|williams
CAL_MUS,2024,cameron|hoiland
MCN_COW,2024,cade|hart
QUI_BOB,2024,fahan|james
STJ_HAW,2024,matt|mcshane
OLD_MON,2024,benjamin|moyzan
UCO_HUS,2024,ben|schild
UCO_HUS,2024,cameron|mayer
CAL_BEA,2024,de|la|oliver|torre
UCLA,2024,leibold|nate
SAN_TOR,2024,allen|dustin
DAL_PAT,2024,kobe|minchey
DAL_PAT,2024,martinez|myles
TEX_LON,2024,tanner|witt
BOC_EAG,2024,matt|nunan
JAC_TIG,2024,christian|womble
JAC_TIG,2024,cj|lewis
YSU_PEN,2024,niall|todd
YSU_PEN,2024,casey|marshalwitz
YSU_PEN,2024,anderson|brandin
YSU_PEN,2024,chase|franken
VIR_KEY,2024,holden|wilkerson
BIN_BEA,2024,berkwich|nelson
BIN_BEA,2024,farynick|theo
BIN_BEA,2024,chris|sleeper
USC_UPS,2024,aj|hacker
UTA_WOL,2024,aaron|rice
SOU_GOL,2024,sawyer|toney
LOU_CAR,2024,detmers|parker
LOU_CAR,2024,colton|hartman
ORA_GOL,2024,riley|schroeder
MSU_BDG,2024,max|miller
AUS_GOV,2024,davin|pollard
AUB_TIG,2024,copeland|konner
WM_TRI,2024,ethan|snyder
PRA_PAN,2024,allen|preston
ALB_GRE,2024,crosby|player
SOU_COU,2024,spencer|stearns
UNO_MAV,2024,preston|tenney
PUR_FOR,2024,kasper|sean
PUR_FOR,2024,brooks|sailors
PUR_FOR,2024,garland|sam
PUR_FOR,2024,dalton|madsen
MIZ_TIG,2024,ben|smith
POR_PIL,2024,brock|gillis
NCB,2024,logan|moser
NCB,2024,gibson|hunter
GEO_BUL,2024,hays|james
NCB,2024,berrios|wilbur
CHA_FOR,2024,aj|pabst
MIA_HUR,2024,naturman|slaide
MIA_HUR,2024,brandon|olivera
MIA_HUR,2024,nick|robert
SOU_GAM,2024,good|ty
SOU_GAM,2024,pitzer|tyler
WAS_HUS,2024,isaac|yeager
WAS_HUS,2024,colton|mcintosh
ALA_ANM,2024,dustin|hernandez
ALA_ANM,2024,jones|ryan
ALA_ANM,2024,jose|valerio
ALA_ANM,2024,austin|mccready
COL_CHA,2024,bradford|jeb
MCN_COW,2024,kohl|navarre
UCLA,2024,finn|mcilroy
THO_M,2024,griffin|leiner
NEW_PRI,2024,tyler|velino
NEW_PRI,2024,kace|matthews
UAB_BLA,2024,hutto|ty
FAU_OWL,2024,beaty|kyle
YSU_PEN,2024,sloan|ulrich
YSU_PEN,2024,stayduhar|zach
JUD,2024,chris|lotito
UMASS_RIV,2024,andres|hulfachor
UWM_PAN,2024,arnold|tristan
WES_HIL,2024,hunter|small
MOR_EAG,2024,grant|herron
COL_LION,2024,payton|soske
AUB_TIG,2024,keplinger|konner
PRA_PAN,2024,krall|matthew
JAC_GAM,2024,ethan|patera
JAC_GAM,2024,bump|burgreen
MIC_WOL,2024,alfredo|velazquez
SAN_BRO,2024,brayden|dotoli
PUR_FOR,2024,carter|sabol
PUR_FOR,2024,fee|kevin
PUR_FOR,2024,blake|lemmon
GEO_BUL,2024,gold|ryan
NCB,2024,carvajal|jake
NCB,2024,griffin|webb
NCB,2024,jackson|meier
KEN_WIL,2024,evan|hart
KEN_OWL,2024,franks|tyler
SAL_JAG,2024,andrew|elkhill
UCF_KNI,2024,alexander|galvan
SOU_GAM,2024,gainey|garrett
WAS_HUS,2024,calvin|kirchoff
DIX_STE,2024,carston|herman
DIX_STE,2024,angeroth|carson
ALA_ANM,2024,hall|jackson
ALA_ANM,2024,evan|hurlburt
PEN_QUA,2024,anthoni|kiafoulis
PEN_QUA,2024,andrew|miehe
STJ_HAW,2024,mccausland|will
DAL_PAT,2024,chayton|krauss
BUT_BUL,2024,andrew|crumbley
YSU_PEN,2024,gehring|jacob
YSU_PEN,2024,kubilus|nolan
CAL_MAT,2024,hall|hayden
BIN_BEA,2024,driscoll|gabe
BIN_BEA,2024,justin|rosner
BIN_BEA,2024,howell|spencer
LOU_CAR,2024,gongora|sebastian
UMA_AMH,2024,leblanc|max
STE_HAT,2024,cruz|gabriel
FAI_STA,2024,colin|mcveigh
FAI_STA,2024,jake|memoli
FAI_STA,2024,grant|smeltzer
PUR_FOR,2024,ayers|mac
NCB,2024,hose|zach
KEN_OWL,2024,braden|osbolt
KEN_WIL,2024,hayden|smith
NEB,2024,hayden|lewis
SOU_GAM,2024,elijah|jones
SOU_GAM,2024,marlatt|parker
WAS_HUS,2024,cunningham|grant
ALA_ANM,2024,anthony|mateo
SOU_JAC,2024,charlie|jacobson
CAL_MAT,2024,bainton|thomas
CAL_MAT,2024,blake|ignaciak
CAL_MAT,2024,cody|hayden
NOK_NOR,2024,fraser|jackson
FLO_SEM,2024,hudson|rowan
LOU_BUL,2024,reece|tarini
DIX_STE,2024,jonah|marshall
DIX_STE,2024,jacob|taggart
DIX_STE,2024,justin|woodbury
TEX_TIG,2024,garcia|isaac
GRA_TIG,2024,bryant|phillip
AKR_ZIP,2024,reece|stutphin
STO_COL,2024,castrichini|joe
STO_COL,2024,haas|peter
WAG_SEA,2024,eli|shedd
MOY_MOY,2024,dewey|roden
MOY_MOY,2024,billy|canale
MOY_MOY,2024,eric|swiencicki
MOY_MOY,2024,billy|hoffacker
CAL_AGO,2024,romero|zach
APP_MOU,2024,boyd|carter
DUK_BLU,2024,emus|jackson
APP_MOU,2024,coll|luke
DUK_BLU,2024,james|raidt
ION_GAE,2024,andrew|gaines
ION_GAE,2024,mata|saul
ION_GAE,2024,lasbury|robert
XAV_MUS,2024,sausville|tyler
OKL_COW,2024,aaron|weber
COA_CHA,2024,eli|holbert
LIN_UNI,2024,jackson|jett
UMASS_RIV,2024,hoyt|owen
MAR_HAW,2024,bronson|taylor
CHA_FOR,2024,carson|chase
CHA_FOR,2024,baker|trey
EMU_EAG,2024,isiah|lindsay
EMU_EAG,2024,aaron|pirkle
EMU_EAG,2024,andrew|dukesherer
EMU_EAG,2024,beckner|drew
NCB,2024,behrends|jeffery
IWC,2024,larry|westall
IWC,2024,ej|garcia
DAV_WIL,2024,banks|will
UTA_UTE,2024,brett|porthan
UTA_UTE,2024,colter|mcanelly
CHA_FOR,2024,decardenas|jorge
CHA_FOR,2024,adam|stanton
CHA_FOR,2024,joseph|taylor
LON_ISL22,2024,hughes|jared
RAD_HIG,2024,flanagan|william
SAN_SPA,2024,gary|hall
LIT_TRO,2024,busick|zack
MT,2024,sebren|waylon
FLO_SEM,2024,matt|sauser
FLO_SEM,2024,andrew|armstrong
FLO_SEM,2024,brady|louck
CAM_CAM,2024,drew|siegner
NJI_HIG,2024,liam|reiner
ASU_RED,2024,jalen|martinez
PEN_QUA,2024,cerwinski|john
PEN_QUA,2024,delany|tommy
WCC,2024,adam|quincy
HIG_PAN,2024,dalton|williams
AKR_ZIP,2024,atkins|spencer
TEX_TIG,2024,garcoa|isaac
SOU_GAM,2024,dylan|eskew
SOU_GAM,2024,kimball|roman
CLE_TIG,2024,drew|titsworth
CLE_TIG,2024,marchal|matthew
BGS_FAL,2024,landon|willeman
NEW_PRI,2024,cade|mitchell
CAL_MAT,2024,diego|gutierrez
MER_BEA,2024,harvey|reid
MER_BEA,2024,garrett|lambert
CEN_MIC,2024,adam|mrakitsch
CCU_BLD,2024,drew|munn
CCU_BLD,2024,hutchinson|sam
CCU_BLD,2024,garofalo|luke
CCU_BLD,2024,bryson|plante
CCU_BLD,2024,bryce|dipiero
SAC_PIO,2024,joseph|trombley
SAC_PIO,2024,charles|costello
SAC_PIO,2024,boyian|michael
SAC_PIO,2024,jake|mcdowell
NMS_AGG,2024,zach|zawaschka
COL_LION,2024,andy|leon
KS_GF,2024,bickerstaff|calvin
KS_GF,2024,caughey|ciran
KS_GF,2024,jordan|kolenda
SEA_RED,2024,kelan|scanlan
LIB_FLA,2024,garrett|horn
LIB_FLA,2024,goodson|ty
LIB_FLA,2024,spencer|williams
FAI_STA,2024,alekson|ben
FAI_STA,2024,kell|kevin
LON_ISL22,2024,palmer|riley
GAR_RUN,2024,gavin|schmitt
BIN_BEA,2024,conner|griffin
STJ_HAW,2024,basarab|ryan
STJ_HAW,2024,davies|sam
ARI_WIL,2024,jaeden|swanberg
EKU_COL,2024,aidan|rath
BEL_BRU,2024,jake|timbes
LIT_TRO,2024,brewer|hoss
WRI_RAI,2024,jay|luikart
FLO_SEM,2024,arnold|jamie
FLO_SEM,2024,carson|dorsey
FLO_SEM,2024,barrett|ben
NJI_HIG,2024,brandon|peterson
NJI_HIG,2024,drew|standen
NJI_HIG,2024,georgini|joe
NJI_HIG,2024,dejong|holden
AKR_ZIP,2024,dawson|tourney
LOU_CAR,2024,dean|mitchell
PRA_PAN,2024,carlton|tyson
PRA_PAN,2024,danny|mckay
PRA_PAN,2024,baldwin|jaime
UMASS_RIV,2024,cam|sime
TEX_TIG,2024,domenic|martinez
TEX_TIG,2024,kameron|walton
KAN_JAY,2024,adler|grant
TEX_TIG,2024,alford|dalton
VAL_CRU,2024,cottrill|josh
BGS_FAL,2024,good|nic
BGS_FAL,2024,miller|perry
WES_HIL,2024,duenas|zach
SAC_PIO,2024,elijah|foster
SAC_PIO,2024,glenchur|paul
BOC_EAG,2024,farnelli|michael
NCB,2024,bright|mason
NMS_AGG,2024,solorzano|steve
HOF_PRI,2024,sanderoff|tanner
SOU_GAM,2024,elijah|jones
NOK_NOR,2024,chase|keen
CCU_BLD,2024,anthony|mozzicato
CCU_BLD,2024,guzman|randy
CCU_BLD,2024,benhardt|nic
CCU_BLD,2024,jack|kelley
ALB_GRE,2024,goldblum|jason
NIU_HUS,2024,meyer|tommy
NIU_HUS,2024,mason|ruh
MIA_HUR,2024,jordan|vargas
UNC_SEA,2024,benton|cody
IWC,2024,ryan|schlotzhauer
SOU_TRO,2024,michael|ryhlick
CHA_FOR,2024,cole|reynolds
IU,2024,cooper|katskee
UNL_REB,2024,alex|overbay
FLO_PAN,2024,cameron|clines
CAM_CAM,2024,derek|vartanian
AKR_ZIP,2024,jared|schaeffer
YSU_PEN,2024,cam|marshalwitz
PRA_PAN,2024,dews|michael
TEX_TIG,2024,dade|hensley
BGS_FAL,2024,dj|newman
VIL_WIL,2024,luke|matta
ALA_ANM,2024,anaya|nick
CAL_MAT,2024,joshua|martinez
IOW_HAW,2024,cade|moss
ORE_DUC,2024,toby|twist
CCU_BLD,2024,jake|neuman
CCU_BLD,2024,robinson|zach
CCU_BLD,2024,patrick|reilly
STA_CAR,2024,matt|scott
STA_CAR,2024,joey|volchko
STA_CAR,2024,oharran|toran
SAC_PIO,2024,babuschak|jake
SAC_PIO,2024,jack|kramer
WAS_HUS,2024,evangelista|jase
WAS_HUS,2024,gore|jaxson
PRE_BLH,2024,mecchella|tyler
MIS_DEL,2024,brayden|eftink
MIS_DEL,2024,bax|blake
MIS_DEL,2024,craig|mcgee
UTM_SKY,2024,davis|gaston
UTM_SKY,2024,samuel|smith
WIC_SHO,2024,michael|mulhollon
NOR_DEM,2024,nichol|tyler
NOR_DEM,2024,kevin|robinson
MIC_WOL,2024,gregory|jr|pace
FLO_RAT,2024,blake|pacheco
CAN_GRI,2024,andrew|malec
TRO_TRJ,2024,jacob|roettgen
KS_GF,2024,caughey|ciaran
ARI_WIL,2024,garayzar|raul
ARI_WIL,2024,kramkowski|owen
MAR_TER,2024,bernier|logan
MAR_TER,2024,french|garrett
PUR_FOR,2024,kyle|maurer
GRA_TIG,2024,capistran|rafael
ARK_RAZ,2024,mcguire|tate
DIX_STE,2024,dakoda|west
NOR_PAR,2024,carlos|martinez
NOR_PAR,2024,bader|jaedon
NOR_PAR,2024,condit|ethan
NOR_PAR,2024,brett|ravitz
NCA_BUL,2024,groves|michael
NCA_BUL,2024,jake|young
EIU_PAN,2024,carew|christian
EIU_PAN,2024,hanscom|jonathon
EIU_PAN,2024,bryce|riggs
DAV_WIL,2024,brycen|champey
DAV_WIL,2024,fix|isaac
DAV_WIL,2024,nick|shedleski
DAV_WIL,2024,banks|will
CLE_TIG,2024,justin|leguernic
FLO_RAT,2024,carson|kelly
JAC_TIG,2024,patty|tyshon
JAC_TIG,2024,darrell|hardrick
LIT_TRO,2024,blake|cleve|van
LIT_TRO,2024,calvin|hunt
LAM_CAR,2024,ethan|oceguera
WAG_SEA,2024,alec|burnett
WAG_SEA,2024,davis|keith
WAG_SEA,2024,garcia|nathaniel
NOR_SPA,2024,alexander|seth
KS_GF,2024,evan|shapiro
CIT_BUL,2024,cj|slooten|van
SOU_COU,2024,joseph|martin
MIZ_TIG,2024,garrett|miles
SAN_DON,2024,gavin|pacheco
STA_CAR,2024,ryan|speshyock
CAL_MAT,2024,braden|wauschek
CAL_MAT,2024,casey|lucas
ION_GAE,2024,lorenzetti|michael
ION_GAE,2024,alex|hunt
ION_GAE,2024,joey|kasper
ION_GAE,2024,julian|velazquez
MOY_MOY,2024,crystal|jacob
MOY_MOY,2024,kennen|smith
MOY_MOY,2024,adam|sullivan
ECU_PIR,2024,bryan|drew
DAL_PAT,2024,cade|wiegert
WAK_DEA,2024,andrew|koshy
DAY_FLY,2024,jacob|mcgovern
WAK_DEA,2024,blake|morningstar
WAK_DEA,2024,david|falco
FLO_SEM,2024,connor|hults
BRA_BRA,2024,luke|trepanier
BRA_BRA,2024,easton|harris
GIT_YEL,2024,mason|patel
STJ_HAW,2024,mike|picollo
STJ_HAW,2024,kerstetter|richie
SAN_GAU,2024,barrett|hudson
NOR_CAT,2024,alex|thomas
KS_GF,2024,gannon|wentz
KS_GF,2024,bean|jacob
LOU_BUL,2024,harmon|hayden
OHI_BOB,2024,weber|zach
HOL_CRU,2024,scanlon|sean
HOL_CRU,2024,gardiner|lion
LIB_FLA,2024,labuda|maddex
ALB_GRE,2024,quinn|thomas
NEW_PRI,2024,hoffpauir|zeph
FOR_RAM,2024,kai|reum
STE_HAT,2024,jack|owens
WAG_SEA,2024,hanson|nicholas
WAG_SEA,2024,cunningham|michael
WAG_SEA,2024,matt|moconyi
POR_PIL,2024,gartrell|joey
POR_PIL,2024,douglas|tanner
LAF_LEP,2024,barley|chase
MAR_HAW,2024,bernard|charles
UTA_WOL,2024,colton|kennedy
UTA_WOL,2024,matt|schavone
SAN_BRO,2024,august|souza
MER_COL1,2024,brayden|ryan
MER_COL1,2024,cespedes|louis
MER_COL1,2024,barker|colby
VCU_RAM,2024,frers|nick
BRY_BUL,2024,horvat|tyler
GEO_BUL,2024,josh|roberge
GEO_BUL,2024,mcloughlin|tyler
GEO_BUL,2024,brandt|pancer
LON_ISL22,2024,evan|panjwani
LON_ISL22,2024,evan|panjwani
LON_ISL22,2024,elinson|lawrence
MIA_HUR,2024,caruso|jt
MIA_HUR,2024,caruso|jt
USF_BUL,2024,archie|bryce
SAL_JAG,2024,cam|hill
ULM_WAR,2024,owings|steve
ABI_WIL,2024,beau|leisure
ABI_WIL,2024,gonzalez|oj
ABI_WIL,2024,krkovski|luke
WAK_DEA,2024,ray|william
OAK_GOL,2024,aidan|manzella
NOT_IRI,2024,keenan|mork
GIT_YEL,2024,barfield|brett
COR_BRE,2024,stephens|william
CAN_GRI,2024,sam|staerker
KS_GF,2024,chalus|eric|jr
STB_BON,2024,connors|joel
STB_BON,2024,fenton|tucker
OHI_BOB,2024,jacob|tate
HOL_CRU,2024,brown|oliver
CLE_TIG,2024,lucas|mahlstedt
STA_CAR,2024,christian|lim
ALB_GRE,2024,aidan|gelbsman
XAV_MUS,2024,bridenthal|eli
WAG_SEA,2024,connor|hayden
WAG_SEA,2024,bilka|ryan
MAR_HAW,2024,justin|praddy
CIT_BUL,2024,jack|thunberg
UTA_WOL,2024,brodsky|ethan
UTA_WOL,2024,beltran|jacob
MEX_LOB,2024,bakerlivingston|benjamin
BET_WIL,2024,gamboa|marcos
BET_WIL,2024,carlos|jazmin
ALA_CRI,2024,baker|jackson
MER_COL1,2024,andrew|heffernan
MER_COL1,2024,dawson|logie
MER_COL1,2024,collins|jack
MER_COL1,2024,dragon|michael
GEO_BUL,2024,christian|mracna
STJ_RED,2024,joe|mascio
LON_ISL22,2024,galli|matthew
SOU_GAM,2024,austin|williamson
MAR_RED,2024,caleb|kempler
EMU_EAG,2024,drew|jones
RHO_RAM,2024,levesque|trystan
CAL_MAT,2024,gabriel|hernandez
CAL_MAT,2024,allenfox|destin
ION_GAE,2024,andrelys|payamps
ION_GAE,2024,brendan|callanan
UCO_HUS,2024,tommy|turner
MOY_MOY,2024,maxwell|parker
MOY_MOY,2024,goldmann|jordan
MOY_MOY,2024,danaher|max
MOY_MOY,2024,james|musso
LEH_MOU,2024,alex|bouchard
GIT_YEL,2024,camren|landry
KS_GF,2024,jack|kartsonas
STB_BON,2024,cam|demos
STB_BON,2024,chase|playfair
STA_CAR,2024,gavin|nalu
STA_CAR,2024,bruno|jaden
NJI_HIG,2024,aidan|kidd
MAI_BLA,2024,gambardella|gianni
WAG_SEA,2024,frankie|wright
WAG_SEA,2024,barrera|daniel
WAG_SEA,2024,chris|collina
LAF_LEP,2024,james|reese
LAF_LEP,2024,choudri|toren
MAR_HAW,2024,raymond|smith
UTA_WOL,2024,kimmel|luke
UTA_WOL,2024,davis|spencer
SOU_JAC,2024,bishop|owen
MER_COL1,2024,healy|tyghe
MER_COL1,2024,heisner|peyton
CHA_FOR,2024,christian|okerholm
CHA_FOR,2024,anibal|trevor
OKL_SOO,2024,meyer|myles
SOU_GAM,2024,joey|wittig
EMU_EAG,2024,aaron|pirkel
EMU_EAG,2024,stolarski|ty
EMU_EAG,2024,isiah|lindsey
JAC_GAM,2024,maynard|sam
ARL_MAV,2024,norris|zach
ORE_BEA,2024,aj|lattery
TEX_RAI,2024,isaish|rhodes
ORE_BEA,2024,chase|reynolds
CEN_BEA,2024,busey|tate
CSD_TRI,2024,farmer|ryan
QUN_RYL,2024,joseph|ruller
SOU_LIO,2024,harrison|waghalter
VAN_COM,2024,huesman|levi
TEX_RAI,2024,brady|trombello
ARL_MAV,2024,armani|knipper
MIA_RED,2024,luke|ross
MIA_RED,2024,galyean|tyler
MIA_RED,2024,maxey|zach
MIA_RED,2024,nick|vardavas
MIA_RED,2024,demonica|nick
LAM_CAR,2024,hamm|logan
DEL_HOR,2024,nathan|vidmar
DEL_BLU,2024,alex|tawa
DEL_HOR,2024,head|kobe
DEL_BLU,2024,nate|rolka
LOR_DUH,2024,ackermann|dylan
LOR_DUH,2024,adam|williamson
LOR_DUH,2024,costantino|vincent
LOR_DUH,2024,kayden|shivers
LOR_DUH,2024,aiden|ohara
LOR_DUH,2024,daniel|giusto
LOR_DUH,2024,moonan|will
LOR_DUH,2024,danny|hiemer
LOR_DUH,2024,cornelius|john
BEL_KNI,2024,irwin|jackson
GIT_YEL,2024,cam|jones
GEO_BUL,2024,luke|wiltrakis
LOU_CAJ,2024,maddox|mandino
NCA_BUL,2024,jacob|strimska
NCA_BUL,2024,gonzales|isaac
NCA_BUL,2024,barna|branden
TEX_AGG,2024,moss|weston
COP_STA,2024,kaden|straily
COP_STA,2024,matthews|michael
GEO_PAT,2024,avery|mabe
COP_STA,2024,reagan|rivera
HBU_HUS,2024,dagley|ty
ARI_WIL,2024,bryce|mcknight
PRA_PAN,2024,deandre|edwards
PRA_PAN,2024,julian|scott
PRA_PAN,2024,myles|smith
VAN_COM,2024,hawks|sawyer
NMS_AGG,2024,barreda|fernando
NIU_HUS,2024,jacob|wilde
ABI_WIL,2024,carbone|joseph
FDU_KNI,2024,capps|zac
WAS_HUS,2024,emanuels|josh
LON_LAN,2024,dilella|sam
DEL_HOR,2024,etwaru|kieran
DEL_HOR,2024,hunter|thompson
SOU_RED,2024,esteban|hernandez
FLO_SEM,2024,denison|ryan
EMU_EAG,2024,aaron|pirkle
GEO_EAG,2024,jd|rediger
NCB,2024,landen|trevor
NCB,2024,gee|jack
NCB,2024,hose|zach
NCB,2024,behrends|jeffrey
STA_CAR,2024,aidan|keenan
LOU_CAJ,2024,carson|fluno
LOU_CAJ,2024,blake|mcgehee
LOU_CAJ,2024,christie|david
LOU_CAJ,2024,blake|marshall
LOU_CAJ,2024,holzhammer|matthew
GEO_PAN,2024,brooks|gorman
TOL_ROC,2024,rj|shunck
SPU_PEA,2024,david|delgadillo
SPU_PEA,2024,mason|williams
SPU_PEA,2024,delcollo|drew
SOU_COU,2024,liam|mckillop
GEO_PAT,2024,edmonds|ryan
MEX_LOB,2024,blake|lehmbeck
MAN_JAS,2024,michael|staiano
NOR_CAT,2024,liolios|trent
NOR_HUS,2024,hauser|joseph
UCLA,2024,landon|stump
UCLA,2024,leibold|nate
UCLA,2024,rashad|ruff
NCA_BUL,2024,clay|edmondson
WAG_SEA,2024,andrew|rucci
BIN_BEA,2024,hayden|tarsia
BIN_BEA,2024,jackson|mitchell
BIN_BEA,2024,sajeski|trey
BIN_BEA,2024,dally|jake
MIA_RED,2024,olejnik|peyton
FAU_OWL,2024,abbey|zach
FAU_OWL,2024,brady|kyle
FAU_OWL,2024,dylan|oborne
FDU_KNI,2024,christopher|mattioli
FDU_KNI,2024,diaz|jason
WAS_COU,2024,gabler|jacob
WAS_COU,2024,kaden|wickersham
DEL_HOR,2024,lane|michael
DEL_HOR,2024,gonzalez|ricardo
DEL_HOR,2024,davis|hiram
VIR_CAV,2024,bradley|hodges
LON_ISL22,2024,mcinnes|ty
NCB,2024,logan|moser
NCB,2024,gibson|hunter
LOU_CAJ,2024,chase|morgan
LOU_CAJ,2024,hess|tate
SPU_PEA,2024,frasher|zach
SPU_PEA,2024,gilligan|jonny
SPU_PEA,2024,mike|walsh
SPU_PEA,2024,jain|yash
SPU_PEA,2024,linden|reaburn
SPU_PEA,2024,marcus|monroe
SPU_PEA,2024,john|wade
SOU_COU,2024,gunner|millsap
ALA_CRI,2024,quick|riley
MAN_JAS,2024,mattera|noah
MAN_JAS,2024,brant|vicini
NCA_BUL,2024,bates|cole
NJI_HIG,2024,fullerton|jake
MIA_RED,2024,galdoni|lukas
SOU_GAM,2024,jevarra|martin
PEN_NIT,2024,carson|kohls
FAU_OWL,2024,boully|bryan
ABI_WIL,2024,campa|iain
ABI_WIL,2024,caden|greanead
FDU_KNI,2024,cheeseman|jeremy
FDU_KNI,2024,gardner|patrick
DEL_HOR,2024,jack|messmore
MAR_RED,2024,hartley|tyler
SAC_HOR,2024,elijah|rogalski
XAV_MUS,2024,eric|podgorny
STA_CAR,2024,benjamin|reimers
LOU_CAJ,2024,jack|martinez
SPU_PEA,2024,kurt|thomas
SPU_PEA,2024,cam|martindale
GEO_PAT,2024,herkey|tyler
MAN_JAS,2024,justin|solimine
MAN_JAS,2024,greg|shaw
UCLA,2024,jewett|luke
MIA_HUR,2024,hernandez|julian
DAV_WIL,2024,jamieson|miles
ASU_RED,2025,carter|holt
MIS_BEA,2025,adam|link
ASU_RED,2025,nash|will
ASU_RED,2025,algee|jake
ASU_RED,2025,frederick|jakob
MIS_BEA,2025,rodriguez|ryan
ASU_RED,2025,baldelli|jonathan
ASU_RED,2025,justin|medlin
MIS_BEA,2025,barnes|forrest
ASU_RED,2025,jeans|tyler
ASU_RED,2025,charlton|max
MIS_BEA,2025,trey|ziegenbein
ASU_RED,2025,anderson|brandon
ASU_RED,2025,kevin|wiseman
GEO_EAG,2025,jaylen|paden
GEO_EAG,2025,higgins|thomas
ASU_RED,2025,bryant|phillip
GEO_EAG,2025,jaylen|thompson
GEO_EAG,2025,fisher|ty
ASU_RED,2025,walker|williams
ASU_RED,2025,austin|brock
ASU_RED,2025,paschal|treshon
GEO_EAG,2025,ross|thomas
ASU_RED,2025,gilmer|wil
ASU_RED,2025,brandon|husdon
GEO_EAG,2025,robbins|will
STE_HAT,2025,gonzalez|jonathan
LIB_FLA,2025,gibson|trey
LIB_FLA,2025,garrett|horn
STE_HAT,2025,pandya|rasesh
LIB_FLA,2025,david|erickson
GEO_EAG,2025,ben|johnson
GEO_EAG,2025,gavon|wray
GEO_EAG,2025,jake|martin
NIU_HUS,2025,connor|langreder
NOT_IRI,2025,liam|simon
NOT_IRI,2025,kimball|roman
NIU_HUS,2025,bonk|nick
NOT_IRI,2025,findlay|jack
NIU_HUS,2025,nowicki|rj
NIU_HUS,2025,drew|hasson
NOT_IRI,2025,birkholz|radek
NOT_IRI,2025,dennies|jackson
PUR_BOI,2025,kyle|wade
NIU_HUS,2025,mason|ruh
PUR_BOI,2025,daniel|nolan
NIU_HUS,2025,conner|lutes
PUR_BOI,2025,landon|weins
NIU_HUS,2025,meyer|tommy
PUR_BOI,2025,jackson|jett
PUR_BOI,2025,joe|whitman
PUR_BOI,2025,eric|hildebrand
ARK_RAZ,2025,kole|ramage
ARK_RAZ,2025,elijah|trest
ARK_RAZ,2025,adamiak|mark
ARK_RAZ,2025,griffin|nick
MIA_HUR,2025,garland|jake
MIA_HUR,2025,gallo|ronaldo
MIA_HUR,2025,alejandro|torres
STE_HAT,2025,danny|garcia
MIA_HUR,2025,alex|mcfarlane
MIA_HUR,2025,dubberly|jordan
STE_HAT,2025,dominic|stagliano
MIA_HUR,2025,gates|jp
MIA_HUR,2025,matt|raudelunas
ARL_MAV,2025,king|tanner
ARL_MAV,2025,david|moffat
ARL_MAV,2025,michael|wong
ARL_MAV,2025,matt|novis
ARL_MAV,2025,hagan|jack
ARL_MAV,2025,pruitt|trevor
SEA_RED,2025,chronowski|peter
TEX_AGG,2025,dettmer|nathan
SEA_RED,2025,blake|smith
TEX_AGG,2025,carson|lambert
SEA_RED,2025,hoover|mason
SEA_RED,2025,blake|leaverton
SEA_RED,2025,hanson|sam
TEX_AGG,2025,dillard|matt
SEA_RED,2025,german|nestor
TEX_AGG,2025,troy|wansing
SEA_RED,2025,cameron|dayton
TEX_AGG,2025,brad|rudis
TEX_AGG,2025,justin|lamkin
SEA_RED,2025,alwood|luke
SEA_RED,2025,kelan|scanlan
TEX_AGG,2025,johnston|will
SEA_RED,2025,hogan|kian
TEX_AGG,2025,christopher|cortez
SEA_RED,2025,alberghini|kaden
TEX_AGG,2025,sdao|shane
SEA_RED,2025,kohl|petersen
TEX_AGG,2025,hogan|robert
CAL_AGO,2025,freeman|nate
SEA_UNI,2025,chronowski|peter
CAL_AGO,2025,andrew|lacour
CAL_AGO,2025,allen|trevor
CAL_AGO,2025,hippensteel|max
SEA_UNI,2025,blake|leaverton
CAL_AGO,2025,bryan|green
CAL_AGO,2025,carrion|daniel
CAL_AGO,2025,ian|torpey
CAL_AGO,2025,barnes|rowen
CAL_AGO,2025,kaden|riccomini
CAL_AGO,2025,avery|thau
CAL_AGO,2025,alejandro|huezo
CAL_AGO,2025,hogan|kaden
WAS_COU,2025,shane|spencer
WAS_COU,2025,cam|liss
WAS_COU,2025,andrew|baughn
WAS_COU,2025,chase|grillo
UTA_WOL,2025,gerling|logan
UTA_WOL,2025,ethan|fowlks
UTA_WOL,2025,mitch|mueller
UTA_WOL,2025,reece|rodabaugh
UTA_WOL,2025,chase|hennessey
UTA_WOL,2025,burkett|jayse
UTA_WOL,2025,anderson|casey
SOU_TRO,2025,blake|sodersten
SOU_TRO,2025,agassi|jaden
SOU_TRO,2025,blum|josh
SOU_TRO,2025,caden|connolly
SOU_TRO,2025,spach|toby
SEA_RED,2025,andrew|miller
SOU_TRO,2025,kyle|wisch
SOU_TRO,2025,clarke|garrett
CAL_LAN,2025,liam|rocha
CAL_LAN,2025,bengard|spencer
SEA_UNI,2025,alwood|luke
CAL_LAN,2025,jared|villalobos
SEA_UNI,2025,cameron|dayton
CAL_LAN,2025,jacob|wilson
CAL_LAN,2025,brandon|downer
ORE_BEA,2025,justin|thorsteinson
ARL_MAV,2025,gabe|starks
ARL_MAV,2025,bailey|gray
ARL_MAV,2025,connery|peters
ARL_MAV,2025,kuykendall|thomas
ARL_MAV,2025,caden|noah
ARL_MAV,2025,norris|zach
UNI_BRI,2025,brett|corbeth
SEA_UNI,2025,blake|smith
UNI_BRI,2025,beitel|ryan
UNI_BRI,2025,daniel|sereda
SEA_UNI,2025,hoover|mason
SEA_UNI,2025,hogan|kian
ORE_BEA,2025,keljo|nelson
SEA_UNI,2025,german|nestor
ORE_BEA,2025,larson|rhett
ORE_BEA,2025,boisvert|braden
SEA_UNI,2025,alberghini|kaden
ORE_BEA,2025,david|grewe
SEA_UNI,2025,hanson|sam
ORE_BEA,2025,aj|hutcheson
SAC_HOR,2025,evan|gibbons
SAC_HOR,2025,cooper|rons
SAC_HOR,2025,lucchesi|noah
SAC_HOR,2025,stewert|tyler
SAC_HOR,2025,richards|xavier
SAC_HOR,2025,haynes|kevin
SAC_HOR,2025,byrd|jaxon
SAC_HOR,2025,max|pettey
SAC_HOR,2025,jack|zalasky
NOR_HUS,2025,aiven|cabral
ARI_WIL,2025,anthony|susac
NOR_HUS,2025,bowery|jack
NOR_HUS,2025,cooper|mcgrath
ARI_WIL,2025,cameron|walty
NOR_HUS,2025,beauchesne|jack
NOR_HUS,2025,james|quinlivan
NOR_HUS,2025,hauser|joseph
ARI_WIL,2025,dawson|netz
ARI_WIL,2025,martinez|matthew
SAN_TOR,2025,kysar|ryan
SAN_TOR,2025,alex|schrier
ARI_WIL,2025,eric|orloff
SAN_TOR,2025,conner|thurman
SAN_TOR,2025,goodcase|jd
ARI_WIL,2025,long|trevor
ARI_WIL,2025,casey|hintz
ALA_CRI,2025,aidan|moza
ARI_WIL,2025,candiotti|clark
ALA_CRI,2025,fay|tyler
ALA_CRI,2025,alton|davis
ARI_WIL,2025,pluta|tony
ARI_WIL,2025,jaeden|swanberg
ALA_CRI,2025,heiberger|matthew
LOY_LIO,2025,baker|ryan
LOY_LIO,2025,austin|schroeder
LOY_LIO,2025,chimenti|cole
LOY_LIO,2025,cole|stucky
LOY_LIO,2025,hughes|jacob
LOY_LIO,2025,barrett|seamus
ARI_WIL,2025,jaeden|swanberg
ARI_WIL,2025,heyne|kyler
LOY_LIO,2025,geis|jake
LOY_LIO,2025,conner|kershaw
ARI_WIL,2025,joshua|morano
LOY_LIO,2025,heinrich|jeffrey
ARI_SUN,2025,connor|markl
ARI_WIL,2025,bradon|zastrow
ARI_SUN,2025,ryan|schiefer
GRA_CAN,2025,benjamin|smith
GRA_CAN,2025,case|david
GRA_CAN,2025,hunter|watkins
GRA_CAN,2025,quinn|walt
GRA_CAN,2025,shawn|triplett
ARI_WIL,2025,jackson|kent
ORE_DUC,2025,gordon|rj
ORE_DUC,2025,brock|moore
ORE_DUC,2025,bradley|mullan
ORE_DUC,2025,logan|mercado
NMS_AGG,2025,hayden|walker
ARI_WIL,2025,garayzar|raul
NMS_AGG,2025,cade|swenson
NMS_AGG,2025,josh|sharman
NMS_AGG,2025,hayden|lewis
UCLA,2025,landon|stump
UCLA,2025,egan|owen
UCLA,2025,justin|lee
UCLA,2025,luke|rodriguez
UCLA,2025,rashad|ruff
WAS_HUS,2025,mcadams|reilly
WAS_HUS,2025,dessart|spencer
WAS_HUS,2025,fraser|max
WAS_HUS,2025,cunningham|grant
WAS_HUS,2025,boyle|samuel
MAI_BLA,2025,jason|kreiger
UMBC_RET,2025,johnson|luke
MAI_BLA,2025,marshall|smaracko
MAI_BLA,2025,owen|wheeler
MAI_BLA,2025,blaine|cockburn
UMBC_RET,2025,daniels|sam
NEW_PRI,2025,colton|mercer
SOU_LIO,2025,brennan|stuprich
NEW_PRI,2025,delorbe|ryan
SOU_LIO,2025,lakin|polk
MAI_BLA,2025,gabe|gifford
UMBC_RET,2025,eddie|sargent
UMBC_RET,2025,downs|sam
MAI_BLA,2025,geoff|mosseau
STA_CAR,2025,matt|scott
STA_CAR,2025,ryan|speshyock
STA_CAR,2025,kassius|thomas
STA_CAR,2025,moore|trevor
STA_CAR,2025,benjamin|reimers
UTA_UTE,2025,bryson|sickle|van
ORE_BEA,2025,jacob|kmatz
ORE_BEA,2025,ian|lawson
ORE_BEA,2025,kellan|oakes
ARI_WIL,2025,splaine|thomas
UTA_UTE,2025,colter|mcanelly
PEP_WAV,2025,scavone|tommy
UTA_UTE,2025,boesen|lucas
PEP_WAV,2025,collin|valentine
UTA_UTE,2025,elder|jackson
PEP_WAV,2025,adam|troy
PEP_WAV,2025,matt|queen
SOU_IND16,2025,blake|kimball
ALA_HOR,2025,esaid|pena
ALA_HOR,2025,jorhan|laboy
SOU_IND16,2025,aaron|rubio
LIN_UNI,2025,josh|newell
LIN_UNI,2025,michael|walsh
SOU_LIO,2025,truitt|webb
LIN_UNI,2025,james|matthew
SOU_LIO,2025,patrick|vienne
OKL_COW,2025,davis|gabe
CLE_TIG,2025,aidan|knaak
OKL_COW,2025,ethan|lund
CLE_TIG,2025,jacob|mcgovern
OKL_COW,2025,noah|wech
OKL_COW,2025,blake|drew
CLE_TIG,2025,dvorsky|nathan
OKL_COW,2025,sean|youngerman
CLE_TIG,2025,lucas|mahlstedt
ARI_WIL,2025,collin|mckinney
OLE_REB,2025,elliott|hunter
OLE_REB,2025,mason|morris
OLE_REB,2025,connor|spencer
TEX_LON,2025,jared|spencer
LOU_CAR,2025,forbes|patrick
TEX_LON,2025,riojas|ruger
LOU_CAR,2025,justin|west
LOU_CAR,2025,brown|jack
TEX_LON,2025,mercer|will
TEX_LON,2025,andre|duplantier
LOU_CAR,2025,biven|tucker
VCU_RAM,2025,cade|dressler
COL_CHA,2025,brink|jake
VCU_RAM,2025,hoeymans|jack
VCU_RAM,2025,james|mcgrady
COL_CHA,2025,alex|lyon
WAS_COU,2025,griffin|smith
ARK_RAZ,2025,gabe|gaeckle
WAS_COU,2025,shepard|troy
ARK_RAZ,2025,mcentire|will
ARK_RAZ,2025,coil|parker
WAS_COU,2025,bryce|chambers
ARK_RAZ,2025,christian|foutch
WAS_COU,2025,stowe|trevor
WAS_COU,2025,lewis|nick
ARK_RAZ,2025,root|zachary
WAS_COU,2025,hutzezon|ingmar
WAS_COU,2025,chandler|miles
ARK_RAZ,2025,aiden|jimenez
ARK_RAZ,2025,mcguire|tate
YSU_PEN,2025,gehring|jacob
BAY_BEA,2025,calder|ethan
YSU_PEN,2025,sloan|ulrich
BAY_BEA,2025,bailey|carson
BAY_BEA,2025,bunch|caleb
YSU_PEN,2025,michael|rodriques
NIU_HUS,2025,adam|brouwer
NIC_COL,2025,lindsey|michael
NIC_COL,2025,cole|simoneaux
NIU_HUS,2025,chad|saner
NIC_COL,2025,fields|nick
NIU_HUS,2025,cihocki|danny
NIU_HUS,2025,bassi|nick
NIC_COL,2025,harper|jordan
NOR_CAT,2025,crawford|wade
LON_DIR,2025,kellan|montgomery
NOR_CAT,2025,amar|tsengeg
NOR_CAT,2025,christian|forniss
NOR_CAT,2025,chad|readey
NOR_CAT,2025,borggren|ethan
LON_DIR,2025,gebb|tyler
LON_DIR,2025,albert|roblez
NOR_CAT,2025,carter|danz
LON_DIR,2025,diez|erick
NOR_CAT,2025,alex|grant
LON_DIR,2025,alex|ramos
LON_DIR,2025,austin|puett
QUI_BOB,2025,josh|lajoie
GEO_BUL,2025,harris|zach
QUI_BOB,2025,gannon|jack
QUI_BOB,2025,jack|kabel
GEO_BUL,2025,farley|paul
QUI_BOB,2025,griffin|seibel
QUI_BOB,2025,balcom|nicholas
UNC_SEA,2025,taylor|zane
QUI_BOB,2025,oconnell|ryan
QUI_BOB,2025,franconere|jc
QUI_BOB,2025,christian|nilsen
UNC_SEA,2025,lawson|ty
NCB,2025,gienger|murphy
DIX_STE,2025,cade|montgomery
NCB,2025,berrios|wilbur
DIX_STE,2025,brock|roundy
NCB,2025,logan|moser
DIX_STE,2025,aaron|morris
NCB,2025,guest|luke
DIX_STE,2025,dakota|gray
DIX_STE,2025,kroepel|ryan
MIA_RED,2025,austin|berggren
CHA_BUC,2025,nick|timpanelli
MIA_RED,2025,nick|vardavas
MIA_RED,2025,landen|looper
CHA_BUC,2025,henshaw|tyler
MIA_RED,2025,fulk|landon
MIA_RED,2025,luke|ross
CAM_CAM,2025,jacob|murray
SAN_GAU,2025,bremner|tyler
CAM_CAM,2025,brown|peyton
SAN_GAU,2025,andrew|krodel
CAM_CAM,2025,drew|siegner
SAN_GAU,2025,cole|tryba
NEV_WOL,2025,fosher|peyton
CAL_BEA,2025,austin|turkington
CAL_BEA,2025,david|shaw
NEV_WOL,2025,caedon|kottinger
NEV_WOL,2025,desch|dominic
NEV_WOL,2025,cumming|jake
CAL_BEA,2025,dessart|spencer
CAL_BEA,2025,bougie|tucker
AKR_ZIP,2025,jared|schaeffer
RAD_HIG,2025,drew|stanley
AKR_ZIP,2025,dawson|tourney
RAD_HIG,2025,hatcher|mason
RAD_HIG,2025,arnett|noah
AKR_ZIP,2025,beall|jacob
AKR_ZIP,2025,josiah|ross
RAD_HIG,2025,ben|keefe
RAD_HIG,2025,rice|will
RAD_HIG,2025,jimmy|lovelace
RAD_HIG,2025,lafevers|matthew
AKR_ZIP,2025,perkins|sean
AKR_ZIP,2025,anservitz|johnny
RAD_HIG,2025,joshua|milleville
AKR_ZIP,2025,jack|kelley
RAD_HIG,2025,ladd|raymond
AKR_ZIP,2025,fenton|jack
AKR_ZIP,2025,munday|parker
RAD_HIG,2025,howard|hunter
AKR_ZIP,2025,david|moore
RAD_HIG,2025,trey|way
AKR_ZIP,2025,frasure|jackson
RAD_HIG,2025,jack|mcdonald
AKR_ZIP,2025,jett|slepak
GEO_PAT,2025,lavin|sam
ECU_PIR,2025,ethan|norby
GEO_PAT,2025,connor|knox
ECU_PIR,2025,ethan|young
ECU_PIR,2025,lance|williams
GEO_PAT,2025,daniel|elliot
GEO_PAT,2025,okeeffe|shaun
GEO_PAT,2025,britt|yount
GEO_PAT,2025,brandon|cassedy
ECU_PIR,2025,bradley|zayac
GEO_PAT,2025,drumm|jake
ECU_PIR,2025,brad|pruett
GEO_PAT,2025,logan|rumberg
ECU_PIR,2025,dilorenzo|jackson
ECU_PIR,2025,colby|wallace
ECU_PIR,2025,ian|jr|white
AIR_FOR,2025,dylan|rogers
FLA_GAT,2025,liam|peterson
AIR_FOR,2025,easton|miller
FLA_GAT,2025,caden|mcdonald
AIR_FOR,2025,davis|rhyne
FLA_GAT,2025,barberi|jackson
MIZ_TIG,2025,ian|lohse
PEN_NIT,2025,horwat|mason
MIZ_TIG,2025,brock|lucas
PEN_NIT,2025,ben|demell
MIZ_TIG,2025,ben|smith
PEN_NIT,2025,anthony|steele
PEN_NIT,2025,chase|renner
NOR_BIS,2025,johnson|nolan
DAL_PAT,2025,bucknam|micah
NOR_BIS,2025,koenig|landon
DAL_PAT,2025,dillon|haines
DAL_PAT,2025,bonn|nick
NOR_BIS,2025,austin|bergum
DAL_PAT,2025,jenkins|jerrod
LON_ISL22,2025,garrett|yawn
WAK_DEA,2025,logan|lunceford
LON_ISL22,2025,luchies|owen
LON_ISL22,2025,dominic|vassallo
WAK_DEA,2025,green|griffin
LON_ISL22,2025,christian|yoo
WAK_DEA,2025,bowie|rhys
WAK_DEA,2025,brittain|nathan
MAR_RED,2025,orr|riley
WAK_DEA,2025,ariola|joe
MAR_RED,2025,burt|jake
WAK_DEA,2025,bedford|matt
WAK_DEA,2025,ray|will
MAR_RED,2025,morris|ty
WAK_DEA,2025,luke|schmolke
WAK_DEA,2025,billings|luke
JMU_DUK,2025,jackson|logar
FLO_SEM,2025,arnold|jamie
JMU_DUK,2025,corey|costello
FLO_SEM,2025,abraham|john
JMU_DUK,2025,brode|susce
JMU_DUK,2025,muscar|tyler
FOR_RAM,2025,aric|berg
NOR_WOL,2025,dominic|fritton
FOR_RAM,2025,beau|elson
NOR_WOL,2025,andrew|shaffner
FOR_RAM,2025,connor|haywood
FOR_RAM,2025,andres|perez
FOR_RAM,2025,anthony|scarlata
FOR_RAM,2025,aidan|dowd
NOR_WOL,2025,andrews|heath
FOR_RAM,2025,robbie|stewart
FOR_RAM,2025,jordan|rodarte
NOR_WOL,2025,consiglio|cooper
FOR_RAM,2025,clark|jack
FOR_RAM,2025,ameer|hasan
NOK_NOR,2025,echeman|kaden
ETS_BUC,2025,harpster|michael
NOK_NOR,2025,gerald|hanson
NOK_NOR,2025,logan|wilson
ETS_BUC,2025,derek|mccarley
NOK_NOR,2025,griffin|howell
NOK_NOR,2025,pehrson|ryan
NOK_NOR,2025,connor|linn
ETS_BUC,2025,hyde|jace
NOK_NOR,2025,jake|johnson
ETS_BUC,2025,andrew|ronne
NOK_NOR,2025,parnell|shawn
NOK_NOR,2025,evan|fry
ETS_BUC,2025,andrew|cotten
STO_COL,2025,douglas|ryan
FLO_PAN,2025,logan|runde
FLO_PAN,2025,david|eckaus
STO_COL,2025,brockner|zach
STO_COL,2025,arzuaga|gio
FLO_PAN,2025,kevin|martin
STO_COL,2025,adam|martin
STO_COL,2025,jake|lanzer
FLO_PAN,2025,bryce|greene
FLO_PAN,2025,cameron|tracen
SOU_RED,2025,brian|strange
MT,2025,garner|seth
MT,2025,davis|oswalt
SOU_RED,2025,jackson|kranawetter
MT,2025,cox|seth
SOU_RED,2025,heyman|sam
MT,2025,case|david
MT,2025,howell|will
SOU_RED,2025,lorenzano|matthew
MT,2025,donahue|hayden
SOU_RED,2025,alex|hayes
MT,2025,curtis|eli
VIR_CAV,2025,jay|woolfolk
MIC_WOL,2025,dylan|vigue
VIR_CAV,2025,lanzendorfer|matthew
VIR_CAV,2025,colucci|joey
MIC_WOL,2025,novara|wyatt
VIR_CAV,2025,barker|blake
VIR_CAV,2025,osinski|ryan
MIC_WOL,2025,bradley|grant
MIC_WOL,2025,cade|connolly
MIC_WOL,2025,devooght|gavin
VIL_WIL,2025,bobby|olsen
RIC_OWL,2025,davion|hickson
RIC_OWL,2025,baker|von
RIC_OWL,2025,benshoshan|jack
VIL_WIL,2025,bobby|finn
VIL_WIL,2025,alec|sachais
RIC_OWL,2025,alch|tucker
VIL_WIL,2025,francis|jake
RIC_OWL,2025,garrett|stratton
RIC_OWL,2025,mark|perkins
WCC,2025,dusty|revis
GEO_EAG,2025,grundy|kade
WCC,2025,arnberger|jacob
GEO_EAG,2025,jax|lewis
WCC,2025,drye|maret
WCC,2025,ryan|white
GEO_EAG,2025,davis|smith
BEL_BRU,2025,pryor|will
GEO_PAN,2025,norman|ross
BEL_BRU,2025,cade|granzow
GEO_PAN,2025,cole|roberts
BEL_BRU,2025,jonathon|ness|van
GEO_PAN,2025,sam|schofield
OLD_MON,2025,ben|moore
GIT_YEL,2025,mckee|tate
OLD_MON,2025,ethan|hubbell
GIT_YEL,2025,ballard|carson
OLD_MON,2025,nick|sulpizio
GIT_YEL,2025,jaylen|paden
MAR_HAW,2025,carter|champey
VIR_KEY,2025,jaxon|lloyd
MAR_HAW,2025,justin|spencer
VIR_KEY,2025,roberto|velasquez
MAR_HAW,2025,janluis|santiago
MAR_HAW,2025,jonah|stepner
VIR_KEY,2025,caden|plummer
MAR_HAW,2025,brandon|gomez
MAR_HAW,2025,prather|tyler
VIR_KEY,2025,hunter|sipe
LAM_CAR,2025,havard|peyton
CSU_BAK,2025,jeremy|jones
CSU_BAK,2025,brown|cj
LAM_CAR,2025,hayden|stallings
LAM_CAR,2025,baker|trent
CSU_BAK,2025,logan|rightmyer
LAM_CAR,2025,jayden|shertel
CSU_BAK,2025,tai|walton
LAM_CAR,2025,fabian|ramirez
CSU_BAK,2025,craig|haldon
CSU_BAK,2025,reddemann|ryan
BOC_EAG,2025,eric|schroeder
USC_UPS,2025,cooper|ellingworth
BOC_EAG,2025,kipp|kyle
USC_UPS,2025,bianchini|max
BOC_EAG,2025,john|kwiatkowski
BOC_EAG,2025,mudd|tyler
BOC_EAG,2025,dylan|howanitz
USC_UPS,2025,braden|consaul
USC_UPS,2025,amp|phillips
NJI_HIG,2025,dejong|holden
HIG_PAN,2025,wade|walton
NJI_HIG,2025,mihalinac|talon
NJI_HIG,2025,noah|pins
NJI_HIG,2025,garret|gates
NJI_HIG,2025,brandon|peterson
HIG_PAN,2025,dylan|story
HIG_PAN,2025,joey|tuttoilmondo
NJI_HIG,2025,brandon|falco
NJI_HIG,2025,jack|sylvia
HIG_PAN,2025,adam|grintz
LAF_LEP,2025,joe|skapinetz
SOU_GOL,2025,jb|middleton
LAF_LEP,2025,ben|waterman
SOU_GOL,2025,allen|colby
LAF_LEP,2025,henry|rouch
LAF_LEP,2025,chase|rodgers
LAF_LEP,2025,antonio|correa
SAN_DON,2025,lance|santerre
SAN_DON,2025,prystajko|tyler
SAN_DON,2025,pohorski|quentin
SAC_HOR,2025,andrew|monson
SAC_HOR,2025,bryce|stockton
SAN_DON,2025,brown|dylan
SAC_HOR,2025,brown|kade
ARK_LIO,2025,fabian|kenney
ORA_GOL,2025,rouse|weston
ARK_LIO,2025,brant|voth
ORA_GOL,2025,jared|ure
ORA_GOL,2025,conner|floyd
ARK_LIO,2025,brendan|hamlin
ORA_GOL,2025,love|nathan
ARK_LIO,2025,jelani|willis
ARK_LIO,2025,balachandran|harish
ARK_LIO,2025,emerson|lott
ORA_GOL,2025,dalton|patten
CIN_BEA,2025,kellen|oconnor
DUK_BLU,2025,johnson|kyle
CIN_BEA,2025,joel|pineiro
DUK_BLU,2025,easterly|reid
CIN_BEA,2025,brandon|scheurer
CIN_BEA,2025,carson|marsh
CIN_BEA,2025,christian|mitchelle
DUK_BLU,2025,henry|zatkowski
WIC_SHO,2025,brady|hamilton
MCN_COW,2025,alexis|gravel
WIC_SHO,2025,drew|iverson
WIC_SHO,2025,arnett|jeremiah
MCN_COW,2025,lopez|sergio
WIC_SHO,2025,karsen|richard
WIC_SHO,2025,owen|reynolds
SIE_SAI,2025,alistair|morin
UCF_KNI,2025,dominic|stagliano
UCF_KNI,2025,bauer|spencer
SIE_SAI,2025,bentz|sebastian
SIE_SAI,2025,matthew|rowe
SIE_SAI,2025,gunzy|jt
UCF_KNI,2025,kevin|schoneboom
UCF_KNI,2025,angelo|smith
SIE_SAI,2025,collins|ramsey
UCF_KNI,2025,russ|sandefer
MOR_EAG,2025,hunter|porter
ASU_RED,2025,collin|maloney
MOR_EAG,2025,furtado|josh
ASU_RED,2025,der|jelle|lelie|van
MOR_EAG,2025,grimmett|will
ASU_RED,2025,chase|richter
ASU_RED,2025,cooper|garrison
RUT_SCA,2025,justin|shadek
KEN_OWL,2025,braden|osbolt
RUT_SCA,2025,joe|mazza
KEN_OWL,2025,pinson|smith
RUT_SCA,2025,dillon|ryan
KEN_OWL,2025,bo|rhudy
RUT_SCA,2025,landon|mack
KEN_OWL,2025,gold|ryan
RUT_SCA,2025,gleason|zach
KEN_OWL,2025,daniel|powell
RUT_SCA,2025,michael|timberlake
KEN_OWL,2025,helman|nate
KEN_OWL,2025,gibson|jt
QUN_RYL,2025,jurecka|landry
APP_MOU,2025,caleb|cross
QUN_RYL,2025,jack|renaud
APP_MOU,2025,cody|little
QUN_RYL,2025,derek|westfall
APP_MOU,2025,bradley|wilson
QUN_RYL,2025,brown|ryan
APP_MOU,2025,best|liam
FOR_MAS,2025,dillon|fischer
LSU_TIG,2025,anderson|kade
FOR_MAS,2025,owen|willard
FOR_MAS,2025,luke|mark
LSU_TIG,2025,casan|evans
FOR_MAS,2025,bryce|martens
FOR_MAS,2025,garland|sam
LSU_TIG,2025,jacob|mayers
LSU_TIG,2025,cooper|williams
STJ_RED,2025,chaffee|evan
LIB_FLA,2025,dylan|mathiesen
STJ_RED,2025,dylan|johnson
LIB_FLA,2025,spencer|williams
STJ_RED,2025,batuyios|chris
LIB_FLA,2025,frankel|jack
STJ_RED,2025,burns|conor
LIB_FLA,2025,ben|roberts
LIB_FLA,2025,joshua|mccusker
HOF_PRI,2025,bauer|jackson
TEN_VOL,2025,doyle|liam
HOF_PRI,2025,brian|hart
HOF_PRI,2025,michael|sweeney
TEN_VOL,2025,franklin|tanner
KEN_WIL,2025,mccay|nic
LIP_BIS,2025,jake|poindexter
LIP_BIS,2025,davis|rokose
LIP_BIS,2025,cole|obrien
KEN_WIL,2025,rouse|scott
KEN_WIL,2025,ben|cleaver
LIP_BIS,2025,ramos|rigo
KEN_WIL,2025,hogan|robert
KEN_WIL,2025,byers|evan
KEN_WIL,2025,jackson|nove
LIP_BIS,2025,jace|trautner
KEN_WIL,2025,gregersen|simon
LIP_BIS,2025,bosleysmith|collin
LIP_BIS,2025,kaleb|kantola
SAN_SPA,2025,gutierrez|jesse
LOU_CAJ,2025,chase|morgan
SAN_SPA,2025,cammarata|joey
SAN_SPA,2025,calzadiaz|kyle
LOU_CAJ,2025,james|trimble
SAN_SPA,2025,brady|pavlovsky
LOY_LIO,2025,kenji|pallares
SEA_RED,2025,hagler|micah
SEA_RED,2025,madariaga|reid
SEA_RED,2025,galvin|patrick
LOY_LIO,2025,gavin|jacobsen
LOY_LIO,2025,michael|nunez
LOY_LIO,2025,cole|stucky
LOY_LIO,2025,bender|zachary
LOY_LIO,2025,geis|jake
MAN_JAS,2025,braedon|romero
MSU_BDG,2025,kohn|pico
MAN_JAS,2025,craska|joey
MAN_JAS,2025,andrew|brown
MSU_BDG,2025,charlie|foster
MSU_BDG,2025,jacob|pruitt
MAN_JAS,2025,brad|grasser
MSU_BDG,2025,karson|ligon
MAN_JAS,2025,packen|trey
MSU_BDG,2025,ben|davis
MAN_JAS,2025,jacob|smoot
MSU_BDG,2025,chase|hungate
UWM_PAN,2025,gavin|theis
MER_BEA,2025,colton|cosper
MER_BEA,2025,ackerman|jess
UWM_PAN,2025,matthew|mueller
ILL_RED,2025,perry|tanner
WES_HIL,2025,peters|treyson
WES_HIL,2025,hartman|lucas
ILL_RED,2025,conklin|maccallan
ILL_RED,2025,husak|joe
WES_HIL,2025,litteral|lucas
ILL_RED,2025,carter|monke
WES_HIL,2025,drew|whalen
WES_HIL,2025,calen|higgins
ILL_RED,2025,addari|michael
WES_HIL,2025,evan|jones
ILL_RED,2025,donnison|matthew
WES_HIL,2025,dawson|hall
ELO_PHO,2025,justin|mitrovich
TEX_AGG,2025,prager|ryan
ELO_PHO,2025,hudson|narke
ELO_PHO,2025,nolan|straniero
TEX_AGG,2025,peyton|smith
TEX_AGG,2025,kaidan|wilson
TEX_AGG,2025,moss|weston
TEX_AGG,2025,clayton|freshcorn
GEO_COL,2025,foltz|jr|michael
GEO_COL,2025,haug|max
SOU_TRO,2025,caden|hunter
GEO_COL,2025,blankenship|tyler
GEO_COL,2025,drew|oppenheim
SOU_TRO,2025,andrew|johnson
GEO_COL,2025,graham|jeffries
SOU_TRO,2025,favela|jude
SOU_TRO,2025,matson|sax
TOL_ROC,2025,jacob|tabor
ORE_DUC,2025,grayson|grinsell
TOL_ROC,2025,leininger|nathan
ORE_DUC,2025,featherston|ryan
TOL_ROC,2025,josh|laisure
TOL_ROC,2025,caden|kline
TOL_ROC,2025,jones|logan
ORE_DUC,2025,mattox|seth
BYU_COU,2025,gubler|payton
FRE_BUL,2025,anker|jack
BYU_COU,2025,cushing|stone
BYU_COU,2025,jake|porter
FRE_BUL,2025,bergman|cooper
FRE_BUL,2025,anderson|caleb
OSU_BUC,2025,blaine|wynk
ARI_SUN,2025,ben|jacobs
OSU_BUC,2025,hunter|shaw
ARI_SUN,2025,giblin|jonah
OSU_BUC,2025,carrell|luke
ARI_SUN,2025,fitzpatrick|sean
ARI_SUN,2025,kelly|lucas
OSU_BUC,2025,drew|erdmann
ARI_SUN,2025,barnes|bradyn
ARI_SUN,2025,iii|koger|will
NAV_MID,2025,bendik|brady
RIC_SPI,2025,esteban|rodriguez
NAV_MID,2025,clancy|kody
RIC_SPI,2025,bilka|ryan
NAV_MID,2025,beisty|owen
RIC_SPI,2025,jason|shockley
NAV_MID,2025,grenn|tyler
RIC_SPI,2025,chase|topolski
RIC_SPI,2025,brian|reinke
NAV_MID,2025,kruer|landon
RIC_SPI,2025,chase|gruber
RIC_SPI,2025,rigot|tyler
HOL_CRU,2025,danny|macchiarola
AUB_TIG,2025,cade|fisher
AUB_TIG,2025,cameron|tilly
HOL_CRU,2025,harnisch|nick
HOL_CRU,2025,lemond|luke
AUB_TIG,2025,carson|myers
RHO_RAM,2025,jeremy|urena
WM_TRI,2025,potts|zach
WM_TRI,2025,daniel|lingle
RHO_RAM,2025,aj|jones
WM_TRI,2025,carter|lovasz
RHO_RAM,2025,josh|kopetski
RHO_RAM,2025,joseph|sabbath
WM_TRI,2025,darren|osborne
RHO_RAM,2025,levesque|trystan
WM_TRI,2025,feczko|ryan
WM_TRI,2025,owen|pierce
RHO_RAM,2025,aikens|parker
RHO_RAM,2025,morris|zach
GEO_HOY,2025,jt|raab
PRE_BLH,2025,kyle|mueller
PRE_BLH,2025,hollister|sean
GEO_HOY,2025,marshall|whitmer
GEO_HOY,2025,axel|johnson
GEO_HOY,2025,jack|volo
PRE_BLH,2025,mason|mcdaniel
GEO_HOY,2025,anderson|jake
PRE_BLH,2025,boone|cartee
GEO_HOY,2025,matthew|sapienza
PRE_BLH,2025,mcgregor|tristan
GEO_HOY,2025,griffin|oconnor
GEO_HOY,2025,andrew|jergins
GEO_HOY,2025,kai|leckszas
PRE_BLH,2025,saint|yechiel
PRE_BLH,2025,carter|payne
PRE_BLH,2025,fields|jacob
BGS_FAL,2025,good|nic
MTSU_BLU,2025,phillips|trace
BGS_FAL,2025,carrson|sova
BGS_FAL,2025,boudreaux|cj
MTSU_BLU,2025,burch|landen
BGS_FAL,2025,arn|kade
BGS_FAL,2025,landon|willeman
MTSU_BLU,2025,alderman|chandler
MTSU_BLU,2025,jonathon|stevens
BGS_FAL,2025,krouse|lucas
BGS_FAL,2025,lotz|titus
MTSU_BLU,2025,jenkins|will
BGS_FAL,2025,owen|poole
BEL_KNI,2025,carver|chase
TRO_TRJ,2025,gainous|garrett
BEL_KNI,2025,chamberlain|chase
BEL_KNI,2025,helton|nate
TRO_TRJ,2025,luke|lyon
BEL_KNI,2025,kevin|oconnor
BEL_KNI,2025,groher|holden
BEL_KNI,2025,arren|hash
TRO_TRJ,2025,colby|frieda
TRO_TRJ,2025,adam|falinski
UIC_FLA,2025,dillon|schueler
CIT_BUL,2025,holmes|will
UIC_FLA,2025,barton|payton
CIT_BUL,2025,andrew|stanley
UIC_FLA,2025,gohlke|vincent
SLU_BILL,2025,kelly|owen
STM_GAE,2025,derik|eaquinto
SLU_BILL,2025,hernandez|stephen
SLU_BILL,2025,charlie|weber
STM_GAE,2025,elliott|joslin
STM_GAE,2025,gardini|talin
STM_GAE,2025,castro|daniel|guevara
SLU_BILL,2025,ben|cherico
STM_GAE,2025,chriss|donovan
SLU_BILL,2025,justin|lee
SLU_BILL,2025,amaan|khan
SLU_BILL,2025,christian|pownall
STM_GAE,2025,adam|enyart
OAK_GOL,2025,hunter|pidek
JAC_GAM,2025,jackson|phipps
OAK_GOL,2025,barone|cecil
JAC_GAM,2025,jackson|sleeper
OAK_GOL,2025,delcollo|drew
OAK_GOL,2025,donley|ryan
JAC_GAM,2025,brady|thomas
JAC_GAM,2025,cantrell|fisher
JAC_GAM,2025,brooks|connor
OAK_GOL,2025,garman|grant
JAC_GAM,2025,bonaparte|karson
JAC_GAM,2025,brice|deaton
OAK_GOL,2025,gage|smith
JAC_GAM,2025,joe|scarborough
OAK_GOL,2025,andrew|landis
JAC_GAM,2025,davis|jaxson
JAC_GAM,2025,brody|swindle
OAK_GOL,2025,rhule|stephen
VAL_CRU,2025,connor|lockwood
SAM_BUL,2025,miller|riggins
SAM_BUL,2025,evan|steckmesser
SAM_BUL,2025,joseph|lee
VAL_CRU,2025,foley|lucas
SAM_BUL,2025,cameron|keshock
VAL_CRU,2025,frost|hunter
VAL_CRU,2025,deliyannis|harry
SAM_BUL,2025,berry|noah
VAL_CRU,2025,jack|thompson
SAM_BUL,2025,austin|tommasini
SAM_BUL,2025,drew|druckenmiller
STJ_HAW,2025,ciccone|frank
COA_CHA,2025,cullen|mckay
COA_CHA,2025,hayden|johnson
STJ_HAW,2025,luke|parise
STJ_HAW,2025,jaden|ovalles
STJ_HAW,2025,micah|wells
STJ_HAW,2025,duke|dylan
COA_CHA,2025,matt|potok
CAL_MAT,2025,halamicek|ryan
SAN_BRO,2025,brandon|gomez
SAN_BRO,2025,martinez|victor
CAL_MAT,2025,gabriel|hernandez
CAL_MAT,2025,logan|miller
SAN_BRO,2025,meyn|rj
CAL_MAT,2025,hall|hayden
SAN_BRO,2025,gillmore|jace
XAV_MUS,2025,hooker|jake
ORE_BEA,2025,keljo|nelson
XAV_MUS,2025,ben|weber
ORE_BEA,2025,eric|segura
XAV_MUS,2025,detienne|jack
XAV_MUS,2025,jon|wylie
ORE_BEA,2025,matthew|morrell
ORE_BEA,2025,joey|mundt
IU,2025,gavin|seebold
UNL_REB,2025,carson|lane
IU,2025,buhr|drew
UNL_REB,2025,marquart|will
UNL_REB,2025,dillow|mason
FAI_STA,2025,alekson|ben
FGCU,2025,henschel|justin
FAI_STA,2025,jake|memoli
FAI_STA,2025,brendon|miller
FGCU,2025,cheeley|dylan
FAI_STA,2025,fox|will
FAI_STA,2025,will|youngman
FAI_STA,2025,grant|smeltzer
FGCU,2025,hunter|possehl
BRA_BRA,2025,lutz|travis
ALA_CRI,2025,adams|zane
BRA_BRA,2025,eli|lehrman
ALA_CRI,2025,blackwood|jt
BRA_BRA,2025,clapp|reece
ALA_CRI,2025,ball|connor
ALA_CRI,2025,fay|tyler
BRA_BRA,2025,beek|kitzman|matthew
ALA_CRI,2025,kittrell|zachary
ALA_CRI,2025,ariston|veasey
ALA_CRI,2025,buchanan|coulson
ALA_CRI,2025,carson|ozmer
BIN_BEA,2025,bates|ryan
TEX_BOB,2025,jackson|teer
TEX_BOB,2025,braylen|timmins
BIN_BEA,2025,packard|ryan
TEX_BOB,2025,bryson|dudley
TEX_BOB,2025,matthew|tippie
TEX_BOB,2025,carson|laws
UNO_MAV,2025,brayden|curtis
TUL_GRE,2025,fladda|luc
UNO_MAV,2025,brady|lejeunedeacutis
UNO_MAV,2025,gainer|luke
TUL_GRE,2025,henry|shuffler
TUL_GRE,2025,benbrook|carter
UNO_MAV,2025,landon|mueller
UNO_MAV,2025,dreher|matt
TUL_GRE,2025,grayson|smith
TUL_GRE,2025,jacob|moore
CAL_MUS,2025,griffin|naess
UCLA,2025,cody|delvecchio
CAL_MUS,2025,bueno|reece
UCLA,2025,jack|oconnor
CAL_MUS,2025,jaccob|torres
UCLA,2025,moss|wylan
TEX_RAI,2025,cebert|jack
NOR_TAR,2025,decaro|jason
TEX_RAI,2025,petty|zane
NOR_TAR,2025,jake|knapp
TEX_RAI,2025,boudreau|tyler
NOR_TAR,2025,matthew|matthijs
TEX_RAI,2025,heuer|mac
NOR_TAR,2025,aidan|haugh
NOR_TAR,2025,kyle|percival
TEX_RAI,2025,parish|trendan
NOR_TAR,2025,mcduffie|walker
TEX_RAI,2025,jordan|will
TEX_RAI,2025,crotchfelt|zach
NOR_TAR,2025,boaz|folger
CHA_FOR,2025,mike|szturma
NOR_HUS,2025,gottesman|jordan
CHA_FOR,2025,joseph|taylor
NOR_HUS,2025,brett|dunham
NOR_HUS,2025,jones|will
CHA_FOR,2025,blake|gillespie
NOR_HUS,2025,mccarroll|ryan
CHA_FOR,2025,joel|sarver
CHA_FOR,2025,adam|stanton
CRE_BLU,2025,ian|koosman
UNC_SPA,2025,murchison|sam
CRE_BLU,2025,aukerman|matthew
CRE_BLU,2025,curtin|shane
UNC_SPA,2025,chapman|noah
CRE_BLU,2025,shea|wendt
UNC_SPA,2025,jay|miller
CRE_BLU,2025,burke|jimmy
CRE_BLU,2025,hauser|joe
CRE_BLU,2025,klein|noah
CRE_BLU,2025,braden|gluth
CRE_BLU,2025,anthony|unga
UNC_SPA,2025,danny|thompson
WMI_BRO,2025,mckinstry|tyler
MIC_SPA,2025,dzierwa|joseph
MIC_SPA,2025,logan|pikur
SOU_COU,2025,spencer|stearns
SAL_JAG,2025,jaxon|shineflew
SAL_JAG,2025,heer|mitchell
SOU_COU,2025,athmer|kyle
SAL_JAG,2025,gillis|john|michael
UTS_ROA,2025,royse|zachary
ARL_MAV,2025,caylon|dygert
UTS_ROA,2025,sam|simmons
ARL_MAV,2025,caden|noah
MIN_GOP,2025,cole|selvig
HOU_COU,2025,dollar|ryan
HOU_COU,2025,antoine|jean
HOU_COU,2025,alex|solis
HOU_COU,2025,brady|fuller
HOU_COU,2025,eric|valkenburg|van
MIN_GOP,2025,joe|sperry
HOU_COU,2025,hoffman|kendall
HOU_COU,2025,christopher|perez
HOU_COU,2025,boushele|harrison
NIA_EAG,2025,gage|wheaton
MIA_HUR,2025,nick|robert
NIA_EAG,2025,cj|hurley
NIA_EAG,2025,andrew|baumgart
NIA_EAG,2025,john|ondus
MIA_HUR,2025,lumpkin|reese
NIA_EAG,2025,dolansky|eddie
MIA_HUR,2025,aj|ciscar
MIA_HUR,2025,collera|lazaro
MIA_HUR,2025,ashford|ryan
MIA_HUR,2025,derias|tate
LEH_MOU,2025,danchision|marcus
OKL_SOO,2025,kyson|witherspoon
LEH_MOU,2025,hamilton|jack
LEH_MOU,2025,cole|kochanowicz
OKL_SOO,2025,hitt|jamie
LEH_MOU,2025,gariano|ralph
OKL_SOO,2025,catalano|michael
LEH_MOU,2025,ermigiotti|julio
OKL_SOO,2025,cam|johnson
LEH_MOU,2025,liam|ohearen
LEH_MOU,2025,gyauchquirk|noah
LEH_MOU,2025,mullock|ryan
OKL_SOO,2025,cade|crossland
LEH_MOU,2025,ahearn|cade
OKL_SOO,2025,hensley|reid
TCU_HFG,2025,louis|rodriguez
SAN_TOR,2025,callan|scolari
TCU_HFG,2025,braeden|sloan
SAN_TOR,2025,aidan|gonzalez
SAN_TOR,2025,dallin|harrison
SAN_TOR,2025,fernando|palencia
TCU_HFG,2025,baumler|trever
SAC_PIO,2025,joseph|trombley
SOU_GAM,2025,dylan|eskew
SAC_PIO,2025,louis|stallone
SOU_GAM,2025,pitzer|tyler
SOU_GAM,2025,marlatt|parker
SAC_PIO,2025,redmond|ryan
SOU_GAM,2025,brendan|sweeney
BUC_BIS,2025,oneill|tyler
VIR_TEC,2025,brett|renfrow
BUC_BIS,2025,brady|swenson
BUC_BIS,2025,aj|murray
BUC_BIS,2025,bilecki|frankie
VIR_TEC,2025,jake|marciano
BUC_BIS,2025,janik|samuel
BUC_BIS,2025,delaney|ryan
VIR_TEC,2025,jackman|luke
VIR_TEC,2025,chase|swift
BUC_BIS,2025,jacob|schultz
VIR_TEC,2025,grant|manning
VIR_TEC,2025,clement|madden
BUC_BIS,2025,mulvey|nick
BUC_BIS,2025,hawkins|tyler
VIR_TEC,2025,andrew|sentlinger
BUC_BIS,2025,adelmann|jonathan
VIR_TEC,2025,crowl|preston
VIR_TEC,2025,exum|jacob
BUC_BIS,2025,hadley|maxwell
VIR_TEC,2025,craytor|luke
EIU_PAN,2025,conklin|tyler
ULM_WAR,2025,daniel|gonzalez
ULM_WAR,2025,shaw|zachary
EIU_PAN,2025,jack|potteiger
EIU_PAN,2025,bays|chase
ULM_WAR,2025,ashton|bassett
EIU_PAN,2025,boruff|dalton
ULM_WAR,2025,grigg|landon
EIU_PAN,2025,cartwright|eli
ULM_WAR,2025,brandon|brewer
EIU_PAN,2025,carew|christian
EIU_PAN,2025,elijah|green
ULM_WAR,2025,hess|holden
ULM_WAR,2025,adam|tubbs
BRY_BUL,2025,delongchamp|luke
DAV_WIL,2025,perkins|wilson
BRY_BUL,2025,kyle|rizy
BRY_BUL,2025,dylan|scudder
DAV_WIL,2025,brycen|champey
BRY_BUL,2025,jackson|vanesko
DAV_WIL,2025,edward|hall
BRY_BUL,2025,belcher|michael
DAV_WIL,2025,fix|isaac
BRY_BUL,2025,mark|scamardella
DAV_WIL,2025,matt|weber
BRY_BUL,2025,sean|zaslaw
BRY_BUL,2025,deitelbaum|trey
DAV_WIL,2025,ban|jason
BRY_BUL,2025,bradley|lewis
BRY_BUL,2025,brooks|ey
MER_COL1,2025,andrew|heffernan
WIN_EAG,2025,connor|harris
MER_COL1,2025,harry|painter
MER_COL1,2025,broderick|zach
MER_COL1,2025,barkal|oliver
WIN_EAG,2025,brayden|gilley
WIN_EAG,2025,brodt|walker
WIN_EAG,2025,ben|rehkow
MER_COL1,2025,james|nichols
WIN_EAG,2025,owen|sarna
MER_COL1,2025,franco|samuel
WIN_EAG,2025,hall|quinton
MER_COL1,2025,borsari|james
WIN_EAG,2025,lance|wade
WIN_EAG,2025,keup|shane
UTA_UTE,2025,payton|riske
PEP_WAV,2025,boyer|matt
PEP_WAV,2025,cole|jordan
UTA_UTE,2025,dylan|gazaway
PEP_WAV,2025,callis|john
PEP_WAV,2025,liyeos|mj
SOU_IND16,2025,andres|gonzalez
ALA_HOR,2025,caleb|sanders
ALA_HOR,2025,power|trey
ALA_HOR,2025,almazan|jose
SOU_IND16,2025,jay|kennedy
SOU_IND16,2025,bell|mason
ALA_HOR,2025,jacob|leuffler
SOU_IND16,2025,colin|wolfe
SOU_IND16,2025,brady|watts
ALA_HOR,2025,christian|javon
SOU_IND16,2025,camden|dimidjian
ALA_HOR,2025,jafet|martinez
SOU_IND16,2025,jake|porter
SOU_IND16,2025,karl|ryan
SOU_IND16,2025,abdriel|figueroa
SOU_IND16,2025,sage|stout
ALA_HOR,2025,araujo|caio
SOU_IND16,2025,loch|marshall
SOU_IND16,2025,justin|stimpson
ALA_HOR,2025,bartkoski|will
ALA_HOR,2025,douglas|kameron
LIN_UNI,2025,buschschulte|zach
LIN_UNI,2025,easton|rakers
LIN_UNI,2025,ryan|sell
SOU_LIO,2025,brady|pierre|st
LIN_UNI,2025,dillon|haftorson
SOU_LIO,2025,fabre|larson
LIN_UNI,2025,fishel|jack
LIN_UNI,2025,brown|eli
SOU_LIO,2025,barbier|luke
LIN_UNI,2025,jackson|parrill
LIN_UNI,2025,alcorn|kris
SOU_LIO,2025,howell|kaleb
CLE_TIG,2025,darden|ethan
ARI_WIL,2025,kramkowski|owen
ARI_WIL,2025,pluta|tony
CLE_TIG,2025,drew|titsworth
ARI_WIL,2025,garrett|hicks
CLE_TIG,2025,chance|fitzgerald
CLE_TIG,2025,garris|reed
CLE_TIG,2025,allen|joe
ARI_WIL,2025,berg|jack
ARI_WIL,2025,ii|martinez|matthew
LOU_CAR,2025,detmers|parker
OKL_COW,2025,bodendorf|harrison
LOU_CAR,2025,jared|lessman
LOU_CAR,2025,starke|ty
LOU_CAR,2025,schlageter|tj
OKL_COW,2025,rhodes|stormy
LOU_CAR,2025,gregor|jake
LOU_CAR,2025,davis|tague
OKL_COW,2025,mario|pesca
OLE_REB,2025,maddox|riley
TEX_LON,2025,harrison|luke
OLE_REB,2025,sam|tookoian
OLE_REB,2025,hooks|walker
OLE_REB,2025,landon|waters
OLE_REB,2025,dennis|gunnar
TEX_LON,2025,burns|thomas
VCU_RAM,2025,brian|yetter
COL_CHA,2025,aidan|hunter
VCU_RAM,2025,peters|zachary
VCU_RAM,2025,gomez|joe
VCU_RAM,2025,campbell|cooper
COL_CHA,2025,brooks|daniel
VCU_RAM,2025,garrett|miles
COL_CHA,2025,hayden|thomas
VCU_RAM,2025,max|moore
COL_CHA,2025,ricky|williams
COL_CHA,2025,hunter|phipps
VCU_RAM,2025,owen|tappy
COL_CHA,2025,derek|duval
COL_CHA,2025,kevin|samonsky
COL_CHA,2025,aiken|davis
WAS_COU,2025,luke|meyers
ARK_RAZ,2025,gage|wood
WAS_COU,2025,jake|tedesco
ARK_RAZ,2025,carter|dylan
ARK_RAZ,2025,carson|wiggins
YSU_PEN,2025,jj|tylicki
BAY_BEA,2025,bales|bryson
YSU_PEN,2025,harun|pelja
BAY_BEA,2025,davenport|lucas
YSU_PEN,2025,nate|ross
BAY_BEA,2025,glatch|will
YSU_PEN,2025,brennaman|phil
BAY_BEA,2025,cole|stasio
YSU_PEN,2025,heflin|tyler
BAY_BEA,2025,stahl|stefan
BAY_BEA,2025,hail|patrick
YSU_PEN,2025,braden|gebhardt
BAY_BEA,2025,camden|clewett
BAY_BEA,2025,andrew|petrowski
YSU_PEN,2025,aidan|english
BAY_BEA,2025,grayson|murry
BAY_BEA,2025,craig|gabe
NIU_HUS,2025,brachbill|ty
NIC_COL,2025,alec|sparks
NIU_HUS,2025,carter|cox
NIU_HUS,2025,clayton|taylor
NIU_HUS,2025,alex|day
NIC_COL,2025,melancon|noah
NIU_HUS,2025,gutierrez|sebastian
NIC_COL,2025,cole|poirrier
SAN_DON,2025,joe|soberon
SAC_HOR,2025,carrey|sean
SAN_DON,2025,barrett|gabriel
SAC_HOR,2025,halverson|jackson
SAN_DON,2025,calia|kolby
NOR_CAT,2025,garrett|shearer
LON_DIR,2025,donegan|joshua
LON_DIR,2025,nick|williams
NOR_CAT,2025,hliboki|sam
LON_DIR,2025,iglesias|joey
GEO_BUL,2025,charlie|goldstein
QUI_BOB,2025,michael|poncini
GEO_BUL,2025,finley|leighton
QUI_BOB,2025,andrew|rubayo
GEO_BUL,2025,jordan|stephens
GEO_BUL,2025,chastain|davis
GEO_BUL,2025,dj|radtke
QUI_BOB,2025,hutchinson|ryan
GEO_BUL,2025,brian|zeldin
UNC_SEA,2025,baker|trace
GEO_BUL,2025,alton|davis
UNC_SEA,2025,aubrey|smith
UNC_SEA,2025,allen|cooper
GEO_BUL,2025,brian|curley
UNC_SEA,2025,mason|murdock
UNC_SEA,2025,cyle|phelan
QUI_BOB,2025,alduino|matthew
UNC_SEA,2025,bagwell|cameron
QUI_BOB,2025,sam|wright
UNC_SEA,2025,baker|cox
UNC_SEA,2025,arendt|bryan
QUI_BOB,2025,johnny|knox
UNC_SEA,2025,gibson|jack
UNC_SEA,2025,braddy|porter
NCB,2025,jake|storey
DIX_STE,2025,dylan|hawkes
DIX_STE,2025,ray|tyler
NCB,2025,bright|mason
NCB,2025,gibson|hunter
DIX_STE,2025,bell|jackson
DIX_STE,2025,kelly|talan
NCB,2025,aiden|gebhard
NCB,2025,jack|tuttle
NCB,2025,dylan|smith
DIX_STE,2025,martinez|ryan
NCB,2025,ethan|louthan
NCB,2025,hose|zach
DIX_STE,2025,ethan|gardner
DIX_STE,2025,jacob|taggart
UIC_FLA,2025,eisenhardt|george
CHA_BUC,2025,joel|rodriguez
UIC_FLA,2025,jake|jakubowski
CHA_BUC,2025,camden|chalfant
UIC_FLA,2025,jibben|payten
CHA_BUC,2025,kyle|lewis
CHA_BUC,2025,christopher|foster
CHA_BUC,2025,dusang|ryan
CAM_CAM,2025,david|rossow
SAN_GAU,2025,flora|jackson
CAM_CAM,2025,evans|hendricks
SAN_GAU,2025,donovann|jackson
CAM_CAM,2025,ethan|snyder
NEV_WOL,2025,alessandro|castro
NEV_WOL,2025,oakes|ryan
CAL_BEA,2025,eddy|gavin
CAL_BEA,2025,clark|cole
NEV_WOL,2025,eric|valdez
NEV_WOL,2025,eddie|tierney
GEO_PAT,2025,connor|ohara
ECU_PIR,2025,jenkins|sean
ECU_PIR,2025,grubbs|talor
GEO_PAT,2025,cole|egan
ECU_PIR,2025,hunter|jake
ECU_PIR,2025,moran|nicholas
AIR_FOR,2025,estridge|gaines
FLA_GAT,2025,clemente|jake
AIR_FOR,2025,cranz|smelcer
AIR_FOR,2025,dillinger|ethan
AIR_FOR,2025,charlie|russell
FLA_GAT,2025,luke|mcneillie
AIR_FOR,2025,giovanni|sambito
AIR_FOR,2025,john|mitchell
FLA_GAT,2025,coppola|pierce
AIR_FOR,2025,hentges|samuel
AIR_FOR,2025,davidson|patrick
FLA_GAT,2025,aidan|king
FLA_GAT,2025,jenkins|matthew
PEN_NIT,2025,matt|morash
PEN_NIT,2025,matthew|vanostenbridge
PEN_NIT,2025,butash|mason
STE_HAT,2025,spoljaric|turner
PEN_NIT,2025,dimond|loosli
STE_HAT,2025,dyke|tyler|van
UCO_HUS,2025,cooke|ian
MIZ_TIG,2025,daniel|wissler
MIZ_TIG,2025,jacobi|kaden
UCO_HUS,2025,evan|hamberger
UCO_HUS,2025,charles|west
MIZ_TIG,2025,nic|smith
UCO_HUS,2025,alejandro|hector
UCO_HUS,2025,hutchinson|sam
MIZ_TIG,2025,libbert|wil
MIZ_TIG,2025,lovett|xavier
NOR_BIS,2025,knight|logan
DAL_PAT,2025,ellwanger|james
DAL_PAT,2025,luke|pettitte
NOR_BIS,2025,roberts|sam
NOR_BIS,2025,danny|lachenmayer
NOR_BIS,2025,riedinger|skyler
DAL_PAT,2025,mason|peters
LON_ISL22,2025,decastro|justin
WAK_DEA,2025,dallas|matthew
LON_ISL22,2025,francisco|grant
LON_ISL22,2025,kassebaum|torin
WAK_DEA,2025,gunther|josh
LON_ISL22,2025,elinson|lawrence
WAK_DEA,2025,dylan|zucker
JMU_DUK,2025,jaden|kinsler
FLO_SEM,2025,joey|volini
JMU_DUK,2025,casey|smith
FLO_SEM,2025,martinez|mason
JMU_DUK,2025,tim|tyler
FLO_SEM,2025,peyton|prescott
JMU_DUK,2025,holden|mckinney
FLO_SEM,2025,chris|knier
FOR_RAM,2025,mike|rabayda
NOR_WOL,2025,marohn|ryan
FOR_RAM,2025,brady|gannon
FOR_RAM,2025,aj|jr|pino
FOR_RAM,2025,koen|smith
FOR_RAM,2025,chase|hanawalt
FOR_RAM,2025,karson|zach
FOR_RAM,2025,egan|ryan
NOR_WOL,2025,matt|willadsen
NOR_WOL,2025,camden|wimbish
NOR_WOL,2025,dudan|jacob
NOR_WOL,2025,carson|kelly
NOK_NOR,2025,aaron|boster
ETS_BUC,2025,carter|fink
NOK_NOR,2025,noah|sackenheim
ETS_BUC,2025,jones|tate
ETS_BUC,2025,crumbley|landon
NOK_NOR,2025,bartlett|bobby
NOK_NOR,2025,aaron|massie
ETS_BUC,2025,colin|eaton
STO_COL,2025,curley|tj
FLO_PAN,2025,owen|puk
STO_COL,2025,dellentash|luke
STO_COL,2025,bell|hunter
FLO_PAN,2025,juan|villareal
RIC_OWL,2025,fernandez|robert
MIC_WOL,2025,barr|kurt
MIC_WOL,2025,michael|quedens
RIC_OWL,2025,blank|jackson
MIC_WOL,2025,brandon|mann
RIC_OWL,2025,tom|vincent
RIC_OWL,2025,blaine|brown
MIC_WOL,2025,joshua|kasner
VIL_WIL,2025,luke|mccollough
VIR_CAV,2025,bryson|moore
VIL_WIL,2025,graham|moore
VIL_WIL,2025,brady|schwartzberg
VIL_WIL,2025,wolpert|wyatt
VIR_CAV,2025,drew|koenen
VIL_WIL,2025,chavez|jack
VIR_CAV,2025,arroyo|chris
VIR_CAV,2025,jaxel|kevin
WCC,2025,holton|mason
GEO_EAG,2025,jacob|phillips
WCC,2025,evan|langston
GEO_EAG,2025,brady|pendley
WCC,2025,austin|owen
BEL_BRU,2025,joseph|ruzicka
GEO_PAN,2025,mcmanmon|quinten
BEL_BRU,2025,andrew|perry
GEO_PAN,2025,brooks|gorman
BEL_BRU,2025,maeker|trey
GEO_PAN,2025,holbrook|nicholas
OLD_MON,2025,brown|dylan
GIT_YEL,2025,brady|jones
GIT_YEL,2025,caden|gaudette
GIT_YEL,2025,caden|spivey
OLD_MON,2025,davis|kellen
GIT_YEL,2025,sam|swygert
GIT_YEL,2025,barfield|brett
OLD_MON,2025,bailey|matela
GIT_YEL,2025,cooper|mcmullen
OLD_MON,2025,frankie|wright
GIT_YEL,2025,cole|royer
CAL_FUL,2025,blood|jason
CAL_FUL,2025,derek|turner
CAL_FUL,2025,harper|jayden
CAL_FUL,2025,ryan|seo
STA_CAR,2025,christian|lim
CAL_FUL,2025,mikiah|negrete
STA_CAR,2025,moore|trevor
CAL_FUL,2025,andrew|wright
STA_CAR,2025,ty|uber
MAR_HAW,2025,allen|hunter
VIR_KEY,2025,andrew|jones
MAR_HAW,2025,mcgriff|thamon
MAR_HAW,2025,anderson|eric
MAR_HAW,2025,drew|nelson
VIR_KEY,2025,clark|driscoll
LAM_CAR,2025,hunsaker|riely
CSU_BAK,2025,mcalinden|shane
CSU_BAK,2025,king|ryan
LAM_CAR,2025,baumann|baylor
LAM_CAR,2025,kyle|moseley
LAM_CAR,2025,austin|neal
CSU_BAK,2025,michael|riley
LAM_CAR,2025,kiesel|will
NJI_HIG,2025,deschryver|nate
NJI_HIG,2025,anthony|anzaldi
HIG_PAN,2025,butler|cord
NJI_HIG,2025,edward|werse
HIG_PAN,2025,bryan|garrett
NJI_HIG,2025,estes|hayden
HIG_PAN,2025,castor|landon
HIG_PAN,2025,brent|herrmann
LAF_LEP,2025,kellen|moore
SOU_GOL,2025,kros|sivley
LAF_LEP,2025,basso|owen
SOU_GOL,2025,english|mccarty
SOU_GOL,2025,best|chandler
LAF_LEP,2025,mike|romano
LAF_LEP,2025,corey|savedoff
SOU_GOL,2025,josh|och
LAF_LEP,2025,helmick|tristan
SOU_GOL,2025,adams|matthew
LAF_LEP,2025,pat|walega
LAF_LEP,2025,trey|zaffiro
SOU_GOL,2025,micah|wascom
SOU_GOL,2025,cole|richardson
SOU_GOL,2025,ben|flowers|riley
ARK_LIO,2025,monceaux|nate
ORA_GOL,2025,martin|trent
ARK_LIO,2025,bedgood|chris
ARK_LIO,2025,ashton|davis
ARK_LIO,2025,cole|kenyon
ORA_GOL,2025,easton|teel
ARK_LIO,2025,fak|steffan
ORA_GOL,2025,conner|johnson
ORA_GOL,2025,hill|jack
CIN_BEA,2025,nathan|taylor
DUK_BLU,2025,higgins|ryan
CIN_BEA,2025,rodney|shultz
CIN_BEA,2025,bergmann|max
DUK_BLU,2025,gabe|nard
DUK_BLU,2025,brown|gavin
CIN_BEA,2025,adam|buczkowski
DUK_BLU,2025,calvert|ryan
DUK_BLU,2025,owen|proksch
DUK_BLU,2025,aidan|weaver
CIN_BEA,2025,conte|michael
CIN_BEA,2025,barnett|ty
WIC_SHO,2025,adler|grant
MCN_COW,2025,cooper|golden
WIC_SHO,2025,dermody|james
WIC_SHO,2025,anderson|caleb
MCN_COW,2025,morgan|parker
MCN_COW,2025,eric|nachtsheim
MCN_COW,2025,brady|corcoran
WIC_SHO,2025,holmes|hunter
WIC_SHO,2025,aaron|arnold
MCN_COW,2025,caleb|strmiska
RUT_SCA,2025,preston|prince
KEN_OWL,2025,nolan|sliver
RUT_SCA,2025,berglin|quinn
KEN_OWL,2025,bayer|tyler
KEN_OWL,2025,halton|hardy
RUT_SCA,2025,cameron|johnson
KEN_OWL,2025,jezerinac|pete
RUT_SCA,2025,falco|jordan
KEN_OWL,2025,renfroe|ryan
KEN_OWL,2025,mckinstry|nolan
KEN_OWL,2025,cain|harry|iv
FOR_MAS,2025,danielson|zane
LSU_TIG,2025,anthony|eyanson
FOR_MAS,2025,murphy|trent
LSU_TIG,2025,benge|connor
FOR_MAS,2025,carson|caudill
FOR_MAS,2025,cole|newell
LSU_TIG,2025,dj|primeaux
LSU_TIG,2025,mavrick|rizy
HOF_PRI,2025,nemjo|tristan
TEN_VOL,2025,marcus|phillips
HOF_PRI,2025,sanderoff|tanner
HOF_PRI,2025,danny|kelleher
TEN_VOL,2025,michael|sharman
TEN_VOL,2025,austin|hunley
HOF_PRI,2025,jenks|trent
TEN_VOL,2025,arvidson|brandon
TEN_VOL,2025,crabtree|thomas
SAN_SPA,2025,david|thomas
LOU_CAJ,2025,blake|mcgehee
LOU_CAJ,2025,dylan|theut
SAN_SPA,2025,ej|mcgrew
LOU_CAJ,2025,gaither|matt
SAN_SPA,2025,albanese|tyler
LOU_CAJ,2025,taylor|william
SEA_RED,2025,espinoza|rafael
LOY_LIO,2025,adam|behrens
SEA_RED,2025,brady|liddle
LOY_LIO,2025,brady|sam
SEA_RED,2025,johnson|tervell
SEA_RED,2025,ishikawa|keni
LOY_LIO,2025,tanner|warady
LOY_LIO,2025,mack|zachery
LOY_LIO,2025,gabe|maya
UWM_PAN,2025,logan|schulfer
MER_BEA,2025,braydon|kersey
UWM_PAN,2025,aric|ehmke
MER_BEA,2025,alvey|caden
UWM_PAN,2025,mason|weckler
MER_BEA,2025,craig|kalkbrenner
MER_BEA,2025,collin|ewaldsen
MER_BEA,2025,cade|cosper
ELO_PHO,2025,hank|krift
TEX_AGG,2025,justin|lamkin
ELO_PHO,2025,michael|staiano
ELO_PHO,2025,mitchell|tommy
ELO_PHO,2025,carson|wehner
TEX_AGG,2025,jackson|luke
TEX_AGG,2025,isaac|morton
GEO_COL,2025,brennan|teddy
SOU_TRO,2025,aoki|caden
GEO_COL,2025,andrew|cutler
SOU_TRO,2025,edwards|mason
GEO_COL,2025,cade|davis
SOU_TRO,2025,govel|grant
SOU_TRO,2025,brodie|purcell
SOU_TRO,2025,ethan|hedges
TOL_ROC,2025,rj|shunck
ORE_DUC,2025,clarke|collin
TOL_ROC,2025,danzeisen|logan
ORE_DUC,2025,hernandez|julien
ORE_DUC,2025,boyle|sam
TOL_ROC,2025,brennan|mccune
ORE_DUC,2025,gabe|howard
TOL_ROC,2025,kennedy|ryan
ORE_DUC,2025,jason|reitz
ORE_DUC,2025,ian|umlandt
TOL_ROC,2025,skeriotis|yianni
TOL_ROC,2025,brady|sasse
BYU_COU,2025,harris|jaden
FRE_BUL,2025,aidan|cremarosa
BYU_COU,2025,luke|sterner
BYU_COU,2025,maddax|peck
BYU_COU,2025,ficklin|nolan
BYU_COU,2025,reynolds|ryan
FRE_BUL,2025,crews|hayden
BYU_COU,2025,justis|reiser
BYU_COU,2025,garrison|sumner
FRE_BUL,2025,armstrong|bryce
FRE_BUL,2025,hay|kaleb
BYU_COU,2025,coon|hayden
FRE_BUL,2025,guerrero|jt
FRE_BUL,2025,drew|townson
OSU_BUC,2025,chase|herrell
ARI_SUN,2025,jack|martinez
ARI_SUN,2025,alec|belardes
ARI_SUN,2025,barrett|easton
OSU_BUC,2025,bauer|douglas
ARI_SUN,2025,carlon|cole
OSU_BUC,2025,copenhaver|nik
ARI_SUN,2025,buxton|eli
ARI_SUN,2025,halvorson|wyatt
NAV_MID,2025,archibald|matt
RIC_SPI,2025,gerry|peacock
NAV_MID,2025,spencer|stephens
RIC_SPI,2025,glenn|smith
RIC_SPI,2025,sam|young
RIC_SPI,2025,duarte|sawyer
NAV_MID,2025,beattie|jackson
NAV_MID,2025,mikey|plummer
NAV_MID,2025,golden|liam
HOL_CRU,2025,scanlon|sean
AUB_TIG,2025,dutton|samuel
HOL_CRU,2025,derek|volz
AUB_TIG,2025,armstrong|john
AUB_TIG,2025,jackson|sanders
HOL_CRU,2025,leon|pedro
AUB_TIG,2025,carlson|parker
AUB_TIG,2025,hayden|murphy
GEO_HOY,2025,andrew|williams
PRE_BLH,2025,boykin|robert
GEO_HOY,2025,booker|nadell
PRE_BLH,2025,gibson|luke
PRE_BLH,2025,tyrell|williams
PRE_BLH,2025,harrell|jj
GEO_HOY,2025,andrew|citron
PRE_BLH,2025,brooks|chamberlin
PRE_BLH,2025,bowery|eli
BGS_FAL,2025,jacob|turner
MTSU_BLU,2025,andrew|horn
BGS_FAL,2025,kress|nate
BGS_FAL,2025,bell|logan
BGS_FAL,2025,roder|ty
MTSU_BLU,2025,colin|kerrigan
MTSU_BLU,2025,ethan|imbimbo
MTSU_BLU,2025,beranek|bryant
BGS_FAL,2025,connar|penrod
MTSU_BLU,2025,garrett|sims
MTSU_BLU,2025,fortner|jack
BEL_KNI,2025,aaron|ragat
TRO_TRJ,2025,edders|noah
BEL_KNI,2025,matherly|samuel
BEL_KNI,2025,clay|kennedy
BEL_KNI,2025,blake|donnan
BEL_KNI,2025,cooper|hellman
TRO_TRJ,2025,dill|jay
TRO_TRJ,2025,chase|nelson
TRO_TRJ,2025,noah|thigpen
MIA_RED,2025,burke|clayton
CIT_BUL,2025,connor|cummiskey
CIT_BUL,2025,bland|yates
MIA_RED,2025,benko|troy
CIT_BUL,2025,davis|zane
CIT_BUL,2025,maddox|webb
MIA_RED,2025,byers|carson
CIT_BUL,2025,ben|brash
CIT_BUL,2025,oliver|wood
MIA_RED,2025,cooper|katskee
CIT_BUL,2025,matthew|polk
CIT_BUL,2025,aryan|patel
SLU_BILL,2025,karl|ralamb
STM_GAE,2025,noah|waldeck
SLU_BILL,2025,cunningham|joshua
STM_GAE,2025,garret|plata
SLU_BILL,2025,cimpric|richie
STM_GAE,2025,diego|emerling
OAK_GOL,2025,brody|fahnestock
JAC_GAM,2025,cash|steven
OAK_GOL,2025,blake|sehlke
OAK_GOL,2025,calan|kujawa
JAC_GAM,2025,grayson|knight
OAK_GOL,2025,easterlin|jaxson
OAK_GOL,2025,ryan|uhlenhake
JAC_GAM,2025,maddox|mcdougall
STJ_HAW,2025,book|colton
WAS_HUS,2025,jackson|thomas
STJ_HAW,2025,campbell|jackson
WAS_HUS,2025,gunnar|nichols
WAS_HUS,2025,parkin|sawyer
KAN_WIL,2025,jj|slack
COA_CHA,2025,cameron|flukey
KAN_WIL,2025,blake|dean
KAN_WIL,2025,butler|tazwell
KAN_WIL,2025,brody|roe
COA_CHA,2025,carbone|dominick
COA_CHA,2025,darin|horn
KAN_WIL,2025,adam|arther
KAN_WIL,2025,ben|rosin
COA_CHA,2025,lynch|ryan
COA_CHA,2025,andrew|bowers
CAL_MAT,2025,diego|gutierrez
SAN_BRO,2025,schreiber|sebastian
SAN_BRO,2025,alleman|ty
SAN_BRO,2025,cooper|lanz
CAL_MAT,2025,blake|ignaciak
SAN_BRO,2025,davis|franklin
CAL_MAT,2025,allenfox|destin
CAL_MAT,2025,max|mendes
SAN_BRO,2025,andrew|habermann
CAL_MAT,2025,dante|zamudio
CAL_MAT,2025,armijo|calix
UNL_REB,2025,lj|mercurius
ORE_BEA,2025,dax|whitney
UNL_REB,2025,byers|caden
UNL_REB,2025,alex|navarette
UNL_REB,2025,michael|taylor
ORE_BEA,2025,decremer|james
ORE_BEA,2025,edwards|zach
IU,2025,piech|ryan
XAV_MUS,2025,piech|ryan
XAV_MUS,2025,cole|gilley
IU,2025,cole|gilley
IU,2025,logan|schmidt
XAV_MUS,2025,logan|schmidt
XAV_MUS,2025,ben|grable
IU,2025,ben|grable
IU,2025,ashton|chronister
IU,2025,hoskins|luke
XAV_MUS,2025,ashton|chronister
XAV_MUS,2025,hoskins|luke
XAV_MUS,2025,jackson|yarberry
IU,2025,jackson|yarberry
IU,2025,jake|lambdin
IU,2025,geddes|trevor
XAV_MUS,2025,jake|lambdin
XAV_MUS,2025,geddes|trevor
XAV_MUS,2025,kraft|ryan
IU,2025,kraft|ryan
FAI_STA,2025,baker|bowen
FGCU,2025,eldem|levent
FAI_STA,2025,grabmann|matthew
FGCU,2025,jordan|vera
FGCU,2025,bozenhard|ryland
FAI_STA,2025,kell|kevin
FGCU,2025,preston|rogers
FAI_STA,2025,jimmy|mulvaney
FAI_STA,2025,peter|phillips
BRA_BRA,2025,drew|politte
ALA_CRI,2025,quick|riley
BRA_BRA,2025,jack|stellano
BRA_BRA,2025,gavin|thompson
ALA_CRI,2025,banks|hagan
BRA_BRA,2025,hainline|nicholas
ALA_CRI,2025,robertson|tate
BRA_BRA,2025,jake|pemble
ALA_CRI,2025,heiberger|matthew
ALA_CRI,2025,aeden|finateri
ALA_CRI,2025,anthony|pesci
BIN_BEA,2025,bouchard|brady
TEX_BOB,2025,hall|sam
BIN_BEA,2025,hayden|tarsia
TEX_BOB,2025,alex|valentin
TEX_BOB,2025,colby|diaz
BIN_BEA,2025,jackson|mitchell
BIN_BEA,2025,conner|griffin
UNO_MAV,2025,ben|weber
TUL_GRE,2025,jd|rodriguez
TUL_GRE,2025,blaise|wilcenski
UNO_MAV,2025,maddox|meyer
UNO_MAV,2025,carter|mick
TUL_GRE,2025,gavin|smith
TUL_GRE,2025,montiel|tayler
UNO_MAV,2025,moquin|nate
TUL_GRE,2025,lombardi|michael
UNO_MAV,2025,hosick|tanner
TUL_GRE,2025,johnpaul|sauer
CAL_MUS,2025,joshua|volmerding
UCLA,2025,ian|may
CAL_MUS,2025,caden|pearlman
CAL_MUS,2025,charlie|royle
CAL_MUS,2025,cooper|troy
CAL_MUS,2025,chris|downs
CAL_MUS,2025,kalfsbeek|luke
CAL_MUS,2025,josh|morano
UCLA,2025,bott|cj
UCLA,2025,alger|joshua
TEX_RAI,2025,burns|jackson
TEX_RAI,2025,lukas|pirko
NOR_TAR,2025,johnson|olin
NOR_TAR,2025,camron|seagraves
NOR_TAR,2025,lynch|ryan
TEX_RAI,2025,drake|jt
MIC_SPA,2025,higgins|nolan
MON_HAW,2025,greeley|jd
MON_HAW,2025,ciancimino|joey
MON_HAW,2025,nick|tamburro
MIC_SPA,2025,farquhar|tate
MON_HAW,2025,brendan|kenneally
MIC_SPA,2025,szczepanski|tommy
MON_HAW,2025,jim|wigo
MON_HAW,2025,stefan|swee
MIC_SPA,2025,horvath|tyler
MON_HAW,2025,jake|nolan
IOW_HAW,2025,aaron|savary
USF_BUL,2025,hill|james
USF_BUL,2025,brown|matt
USF_BUL,2025,lex|sanchez
IOW_HAW,2025,archer|ganon
USF_BUL,2025,adan|longoria
USF_BUL,2025,corey|kling
KS_GF,2025,chalus|eric|jr
SAL_JAG,2025,stevens|zachary
KS_GF,2025,guidas|nick
KS_GF,2025,caden|leonard
SAL_JAG,2025,willingham|zach
MIN_GOL,2025,kyle|remington
HOU_COU,2025,paul|schmitz
MIN_GOL,2025,whelan|will
MIN_GOL,2025,eli|sundquist
HOU_COU,2025,richard|roman
NIA_EAG,2025,delvecchio|matthew
MIA_HUR,2025,griffin|hugus
NIA_EAG,2025,evan|wilde
NIA_EAG,2025,ethan|mcnishheider
NIA_EAG,2025,glenn|luke
MIA_HUR,2025,carson|fischer
NIA_EAG,2025,carter|hall
MIA_HUR,2025,smith|will
MIA_HUR,2025,cleveland|jackson
LEH_MOU,2025,andolina|david
OKL_SOO,2025,malachi|witherspoon
LEH_MOU,2025,jake|mulvehill
LEH_MOU,2025,lamar|tommy
LEH_MOU,2025,golier|grady
OKL_SOO,2025,gavyn|jones
OKL_SOO,2025,bodin|jason
TCU_HFG,2025,lapour|tommy
SAN_TOR,2025,logan|reddemann
SAN_TOR,2025,lamaison|tristan
TCU_HFG,2025,brassfield|mason
TCU_HFG,2025,eudy|kade
SAN_TOR,2025,cody|hayden
TCU_HFG,2025,cohen|feser
SAN_TOR,2025,aj|beltre
SAC_PIO,2025,elijah|foster
SOU_GAM,2025,becker|matthew
SAC_PIO,2025,price|trent
SAC_PIO,2025,chris|mazza
SAC_PIO,2025,kane|nick
SOU_GAM,2025,garino|ryder
UTA_UTE,2025,jones|merit
PEP_WAV,2025,dylan|stewart
PEP_WAV,2025,croghan|kamden
PEP_WAV,2025,rios|ryan
UTA_UTE,2025,easton|jones
PEP_WAV,2025,barry|cade
PEP_WAV,2025,braden|guentz
PEP_WAV,2025,austin|plisinski
SOU_IND16,2025,hiroyuki|yamada
ALA_HOR,2025,christiansen|jaxon
SOU_IND16,2025,anderson|ian
ALA_HOR,2025,colon|shadai
ALA_HOR,2025,kyrin|long
ALA_HOR,2025,brooks|devin
LOU_CAR,2025,michael|peter
ARI_WIL,2025,bailey|smith
LOU_CAR,2025,colton|hartman
ARI_WIL,2025,hilker|michael
ARI_WIL,2025,julian|tonghini
LOU_CAR,2025,brennyn|cutts
LOU_CAR,2025,danilowicz|wyatt
ARI_WIL,2025,mason|russell
ARI_WIL,2025,alberini|hunter
OLE_REB,2025,mason|nichols
CLE_TIG,2025,justin|leguernic
OLE_REB,2025,rodriguez|ryne
OLE_REB,2025,mccausland|will
CLE_TIG,2025,brown|luke
CLE_TIG,2025,bailey|bj
CLE_TIG,2025,cole|jackson
CLE_TIG,2025,brown|dion
CLE_TIG,2025,chayce|kieck
OKL_COW,2025,hunter|watkins
TEX_LON,2025,bing|kade
TEX_LON,2025,grubbs|max
TEX_LON,2025,dylan|volantis
OKL_COW,2025,bade|kyle
TEX_LON,2025,drew|rerick
OKL_COW,2025,ryan|ure
TEX_LON,2025,grayson|saunier
OKL_COW,2025,allman|tommy
TEX_LON,2025,cody|howard
OKL_COW,2025,brennan|phillips
TEX_LON,2025,aiden|moffett
NIU_HUS,2025,maxwell|vaisvila
NIC_COL,2025,dalton|hill
NIC_COL,2025,nuno|parache
NIU_HUS,2025,gavin|micklinghoff
NIC_COL,2025,luke|mcgibboney
NIU_HUS,2025,john|lyman
NIU_HUS,2025,hise|zach
NIC_COL,2025,bordelon|joe
NIC_COL,2025,andrew|miller
NOR_CAT,2025,kouser|matthew
LON_DIR,2025,fields|jake
LON_DIR,2025,geiss|owen
NOR_CAT,2025,blake|macmillan
GEO_BUL,2025,brown|zachary
GEO_BUL,2025,eric|hammond
UNC_SEA,2025,connor|marshburn
GEO_BUL,2025,hoskins|matthew
GEO_BUL,2025,jt|quinn
GEO_BUL,2025,mcloughlin|tyler
UNC_SEA,2025,bromley|thornton
NCB,2025,lucas|stone
DIX_STE,2025,dakoda|west
DIX_STE,2025,jonah|marshall
DIX_STE,2025,max|miller
UIC_FLA,2025,kendall|lyons
CHA_BUC,2025,ledwell|parks
UIC_FLA,2025,colin|hawkins
CHA_BUC,2025,brett|gastman
CHA_BUC,2025,christian|krause
UIC_FLA,2025,egan|tommy
CHA_BUC,2025,hayden|henry
UIC_FLA,2025,millsap|zack
CHA_BUC,2025,lee|watson
CAM_CAM,2025,grubich|lleyton
SAN_GAU,2025,calvin|proskey
CAM_CAM,2025,jackson|roberts
SAN_GAU,2025,chase|hoover
CAM_CAM,2025,palmer|will
CAM_CAM,2025,martin|zac
CAM_CAM,2025,dalton|hazlett
SAN_GAU,2025,nic|peterson
SAN_GAU,2025,elliot|gallegos
NEV_WOL,2025,burfield|casey
CAL_BEA,2025,de|la|oliver|torre
CAL_BEA,2025,logan|piper
CAL_BEA,2025,ryan|spalliero
NEV_WOL,2025,hughes|ian
CAL_BEA,2025,kaden|taque
NEV_WOL,2025,daniel|tovar
CAL_BEA,2025,miles|tenscher
NEV_WOL,2025,ethan|oneal
AKR_ZIP,2025,landon|vandergrift
RAD_HIG,2025,andrew|steinhaus
AKR_ZIP,2025,elijah|griffith
MIZ_TIG,2025,drew|kadden
STE_HAT,2025,ethan|phillips
STE_HAT,2025,melani|tj
MIZ_TIG,2025,james|vaughn
STE_HAT,2025,cooper|smith
MIZ_TIG,2025,brady|kehlenbrink
MIZ_TIG,2025,mccartney|seth
STE_HAT,2025,ethan|salak
NOR_BIS,2025,martin|tate
DAL_PAT,2025,rian|schwede
NOR_BIS,2025,leland|wilson
NOR_BIS,2025,ligtenberg|reese
NOR_BIS,2025,hachem|julien
DAL_PAT,2025,avery|duncan
NOR_BIS,2025,seth|thompson
DAL_PAT,2025,athan|kroll
NOR_BIS,2025,cade|wiegert
DAL_PAT,2025,schott|tyler
DAL_PAT,2025,ashton|branson
MAR_RED,2025,andrew|speranza
WAK_DEA,2025,blake|morningstar
MAR_RED,2025,hacker|john
MAR_RED,2025,logan|scholl
MAR_RED,2025,cottle|kai
MAR_RED,2025,carver|colin
WAK_DEA,2025,dressler|troy
MAR_RED,2025,cody|heselton
WAK_DEA,2025,johnston|zach
WAK_DEA,2025,haiden|leffew
JMU_DUK,2025,mozoki|todd
FLO_SEM,2025,mendes|wes
JMU_DUK,2025,kuhle|max
JMU_DUK,2025,griffin|polley
FLO_SEM,2025,hudson|rowan
FLO_SEM,2025,brady|louck
JMU_DUK,2025,griffin|madden
JMU_DUK,2025,alex|bingler
STO_COL,2025,gilleran|james
FLO_PAN,2025,easton|marks
STO_COL,2025,jack|welsch
STO_COL,2025,brulport|max
FLO_PAN,2025,bryce|turner
FLO_PAN,2025,julian|mlodzinski
STO_COL,2025,anthony|michaud
STO_COL,2025,tanyon|weber
STO_COL,2025,moynihan|robert
STO_COL,2025,florence|joshua
FLO_PAN,2025,imarion|stanberry
FLO_PAN,2025,haarer|toby
FLO_PAN,2025,alwine|evan
RIC_OWL,2025,jd|mccracken
VIR_CAV,2025,tomas|valincius
RIC_OWL,2025,gallant|reed
RIC_OWL,2025,austin|eppley
RIC_OWL,2025,keo|maddox
RIC_OWL,2025,matt|zatopek
RIC_OWL,2025,atchley|ethan
VIR_CAV,2025,dean|kampschror
WCC,2025,davis|wright
GEO_EAG,2025,evan|vandenbosch
WCC,2025,hamblen|spenser
GEO_EAG,2025,bryant|carson
WCC,2025,huntsberger|shane
WCC,2025,burnette|carter
WCC,2025,cannon|pickell
WCC,2025,griffin|guinther
WCC,2025,fuller|kaden
GEO_EAG,2025,joey|white
BEL_BRU,2025,jake|timbes
GEO_PAN,2025,caleb|white
BEL_BRU,2025,brown|zane
BEL_BRU,2025,lake|morris
BEL_BRU,2025,marsh|owen
GEO_PAN,2025,hembree|jake
GEO_PAN,2025,benford|tysen
BEL_BRU,2025,ethan|harden
GEO_PAN,2025,crews|jake
OLD_MON,2025,blake|morgan
GIT_YEL,2025,riley|stanford
GIT_YEL,2025,buursema|porter
OLD_MON,2025,baynes|hunter
OLD_MON,2025,levari|marco
OLD_MON,2025,jayce|park
OLD_MON,2025,alex|hunt
GIT_YEL,2025,campbell|kayden
OLD_MON,2025,cole|lanford
GIT_YEL,2025,evans|joshua
GIT_YEL,2025,alex|hernandez
STA_CAR,2025,joey|volchko
CAL_FUL,2025,dylan|smith
STA_CAR,2025,dugan|nick
CAL_FUL,2025,chad|gurnea
CAL_FUL,2025,dylan|goff
CAL_FUL,2025,faulks|ryan
STA_CAR,2025,oharran|toran
CAL_FUL,2025,brady|dockan
STA_CAR,2025,aidan|keenan
MAR_HAW,2025,austin|mccabe
VIR_KEY,2025,alstine|marcus|van
VIR_KEY,2025,evan|parmer
MAR_HAW,2025,dillard|jayden
MAR_HAW,2025,guerrero|robert
MAR_HAW,2025,morales|wilfredo
VIR_KEY,2025,hawley|nathan
LAM_CAR,2025,chris|olivier
CSU_BAK,2025,jack|leary
CSU_BAK,2025,christopher|hund
LAM_CAR,2025,hamm|logan
CSU_BAK,2025,david|villegas
LAM_CAR,2025,lopez|mark
CSU_BAK,2025,gutierrez|jacob
LAM_CAR,2025,reagan|weiblinger
CSU_BAK,2025,fragoso|hauze
BOC_EAG,2025,aj|colarusso
USC_UPS,2025,christian|torres
BOC_EAG,2025,peter|schaefer
USC_UPS,2025,kaplan|max
BOC_EAG,2025,cesar|gonzalez
USC_UPS,2025,cayden|mackey
BOC_EAG,2025,jd|ogden
BOC_EAG,2025,matthew|spada
USC_UPS,2025,alexander|sanderson
BOC_EAG,2025,joey|ryan
NJI_HIG,2025,morrissey|mt
HIG_PAN,2025,dalton|olsovsky
HIG_PAN,2025,adrian|montenegro
NJI_HIG,2025,riordan|tade
NJI_HIG,2025,colin|kidd
HIG_PAN,2025,howell|polk
HIG_PAN,2025,charlie|jones
LAF_LEP,2025,florio|trace
SOU_GOL,2025,grayden|harris
LAF_LEP,2025,holder|jeremiah
SOU_GOL,2025,camden|sunstrom
LAF_LEP,2025,dorn|rob
SOU_GOL,2025,fowler|michael
SOU_GOL,2025,brooks|willoughby
SOU_GOL,2025,landon|payne
SAN_DON,2025,aiden|risse
SAC_HOR,2025,collin|hunter
SAC_HOR,2025,brady|chavez
SAC_HOR,2025,dylan|torres
SAN_DON,2025,austin|cupic
SAN_DON,2025,holzemer|hunter
SAN_DON,2025,kai|yovanovich
SAC_HOR,2025,caldera|peter
SAC_HOR,2025,chase|sorlie
SAN_DON,2025,antonio|cabrera
SAC_HOR,2025,baylor|sandberg
LOU_BUL,2025,owen|schexnaydre
LOU_BUL,2025,havern|jacob
LOU_BUL,2025,harland|ryan
LOU_BUL,2025,magee|noah
MAI_BLA,2025,larisa|vaun
LOU_BUL,2025,connor|nation
LOU_BUL,2025,crider|nate
MAI_BLA,2025,holt|sebastian
LOU_BUL,2025,blake|hooks
CIN_BEA,2025,adam|mrakitsch
DUK_BLU,2025,james|tallon
DUK_BLU,2025,hedrick|jack
DUK_BLU,2025,hindy|mark
CIN_BEA,2025,hudson|johnson
DUK_BLU,2025,boisvert|david
DUK_BLU,2025,black|collins
DUK_BLU,2025,max|stammel
CIN_BEA,2025,brendin|oliver
CIN_BEA,2025,chase|horst
DUK_BLU,2025,brannon|bryce
WIC_SHO,2025,jace|miner
MCN_COW,2025,blackwell|jake
WIC_SHO,2025,arnad|mulamekic
MCN_COW,2025,coppinger|paul
MCN_COW,2025,parker|primeaux
WIC_SHO,2025,nick|potter
MCN_COW,2025,marcus|mott
MCN_COW,2025,blayne|fritcher
MOR_EAG,2025,hawks|kamden
ASU_RED,2025,jack|nelson
MOR_EAG,2025,landon|waugh
MOR_EAG,2025,callahan|trevor
ASU_RED,2025,kole|turner
MOR_EAG,2025,andre|wojartowicz
ASU_RED,2025,galy|gavin
ASU_RED,2025,carson|kiethly
FOR_MAS,2025,gavin|walters
LSU_TIG,2025,chase|shores
FOR_MAS,2025,aidan|pearson
FOR_MAS,2025,rex|stills
LSU_TIG,2025,fontenot|grant
FOR_MAS,2025,carter|orner
LSU_TIG,2025,schmidt|william
LSU_TIG,2025,jaden|noot
STJ_RED,2025,chase|kyle
LIB_FLA,2025,josh|swink
STJ_RED,2025,frederick|victor
STJ_RED,2025,chad|falcon
LIB_FLA,2025,cooper|harrington
STJ_RED,2025,jacob|ruiz
LIB_FLA,2025,cooper|trey
STJ_RED,2025,brady|clark
LIB_FLA,2025,joseph|webb
STJ_RED,2025,mettert|sam
LIB_FLA,2025,jake|potts
STJ_RED,2025,boyle|jed
LIB_FLA,2025,garrett|mclaughlin
LIB_FLA,2025,camden|troyer
HOF_PRI,2025,branden|brown
TEN_VOL,2025,nate|snead
HOF_PRI,2025,grady|lacourciere
TEN_VOL,2025,andrew|behnke
HOF_PRI,2025,brayden|gregg
TEN_VOL,2025,combs|ryan
TEN_VOL,2025,luke|payne
TEN_VOL,2025,austin|breedlove
SAN_SPA,2025,scott|win
LOU_CAJ,2025,dillhoff|parker
LOU_CAJ,2025,hess|tate
SAN_SPA,2025,george|nolan
LOU_CAJ,2025,marcotte|riley
LOU_CAJ,2025,jr|tollett
LOU_CAJ,2025,holzhammer|matthew
SEA_RED,2025,hallam|isaac
LOY_LIO,2025,johnson|jonah
SEA_RED,2025,morrison|ryan
LOY_LIO,2025,alex|chavez
LOY_LIO,2025,caycedo|colin
MAN_JAS,2025,duffield|joseph
MSU_BDG,2025,simmons|stone
MAN_JAS,2025,andrew|castelluccio
MSU_BDG,2025,mcpherson|ryan
MSU_BDG,2025,burns|dane
MSU_BDG,2025,nathan|williams
MAN_JAS,2025,cade|udell
MSU_BDG,2025,grant|mikhai
MSU_BDG,2025,dotson|luke
UWM_PAN,2025,mike|sullivan
MER_BEA,2025,gaspard|jackson
UWM_PAN,2025,kaufmann|keagon
UWM_PAN,2025,logan|snow
MER_BEA,2025,busse|terry
UWM_PAN,2025,deleskiewicz|tyler
UWM_PAN,2025,dohrmann|zach
UWM_PAN,2025,peterson|riley
MER_BEA,2025,cruce|riley
MER_BEA,2025,jeb|johnson
MER_BEA,2025,decker|kai
ELO_PHO,2025,declan|lavelle
TEX_AGG,2025,myles|patton
ELO_PHO,2025,cade|mustard
ELO_PHO,2025,itai|spinoza
TEX_AGG,2025,baker|ty
TEX_AGG,2025,blayne|lyne
ELO_PHO,2025,christo|garrelts
TEX_AGG,2025,brad|rudis
GEO_COL,2025,klein|shugy
SOU_TRO,2025,baker|jackson
GEO_COL,2025,declan|wywoda
SOU_TRO,2025,dylan|osborne
SOU_TRO,2025,garren|rizzo
GEO_COL,2025,gavin|miller
GEO_COL,2025,bruno|matt
SOU_TRO,2025,southisene|tee
TOL_ROC,2025,bergman|jackson
ORE_DUC,2025,sanford|will
TOL_ROC,2025,braden|curry
ORE_DUC,2025,kellan|knox
ORE_DUC,2025,garcia|santiago
TOL_ROC,2025,hughes|ryan
ORE_DUC,2025,cole|stokes
OSU_BUC,2025,jake|michalak
ARI_SUN,2025,alba|jaden
OSU_BUC,2025,patel|sahil
OSU_BUC,2025,salsberg|zev
ARI_SUN,2025,butler|joshua
OSU_BUC,2025,bargo|simon
OSU_BUC,2025,blosser|hayden
OSU_BUC,2025,sigman|zakary
OSU_BUC,2025,charlie|giese
ARI_SUN,2025,jake|neely
OSU_BUC,2025,lange|tannis
OSU_BUC,2025,gavin|kuzniewski
ARI_SUN,2025,derek|schaefer
HOL_CRU,2025,jaden|wywoda
AUB_TIG,2025,chatterton|christian
HOL_CRU,2025,brock|graf
HOL_CRU,2025,devin|hunt
HOL_CRU,2025,andrew|nesson
AUB_TIG,2025,dylan|watts
HOL_CRU,2025,citro|marco
AUB_TIG,2025,alexander|petrovic
HOL_CRU,2025,dan|mateffy
HOL_CRU,2025,colin|dowdle
AUB_TIG,2025,graves|griffin
RHO_RAM,2025,evan|maloney
WM_TRI,2025,bourque|tom
RHO_RAM,2025,asencio|dorsy
RHO_RAM,2025,cullen|jake
WM_TRI,2025,boyd|zach
WM_TRI,2025,connor|kolarov
WM_TRI,2025,lottchea|nicholas
RHO_RAM,2025,braeden|perry
WM_TRI,2025,kelly|tyler
WM_TRI,2025,jack|weight
RHO_RAM,2025,connor|johnston
RHO_RAM,2025,manny|santos
WM_TRI,2025,hertzler|noah
BEL_KNI,2025,horwith|zach
TRO_TRJ,2025,drew|nelson
BEL_KNI,2025,oliver|ward
TRO_TRJ,2025,grayson|stewart
BEL_KNI,2025,haslam|logan
TRO_TRJ,2025,gorgen|grady
SLU_BILL,2025,jack|weber
STM_GAE,2025,kretsch|sam
SLU_BILL,2025,chase|minor
STM_GAE,2025,damozonio|john
SLU_BILL,2025,carter|kelsey
OAK_GOL,2025,tanner|ware
JAC_GAM,2025,james|wilson
JAC_GAM,2025,geraghty|ryan
JAC_GAM,2025,arndt|owen
VAL_CRU,2025,boynton|spencer
SAM_BUL,2025,josh|leerssen
VAL_CRU,2025,davis|kolt
VAL_CRU,2025,alexander|morrison
VAL_CRU,2025,joe|seiber
SAM_BUL,2025,john|whitney
SAM_BUL,2025,john|malone
VAL_CRU,2025,kruse|ryan
VAL_CRU,2025,bryce|richter
SAM_BUL,2025,sanders|trey
WAS_HUS,2025,bradenburg|thomas
COA_CHA,2025,eikhoff|riley
WAS_HUS,2025,justin|tims
WAS_HUS,2025,evangelista|jase
CAL_MAT,2025,davis|jason
SAN_BRO,2025,fontaine|nick
SAN_BRO,2025,henry|stewart
CAL_MAT,2025,noah|rinehart
SAN_BRO,2025,bayles|max
CAL_MAT,2025,mejia|tyler
SAN_BRO,2025,caden|wooster
IU,2025,haas|pete
ORE_BEA,2025,ethan|kleinschmit
IU,2025,grant|holderfield
IU,2025,benes|seth
IU,2025,bohnert|matthew
ORE_BEA,2025,queen|wyatt
IU,2025,rushing|ryan
ORE_BEA,2025,laif|palmer
UNL_REB,2025,evan|vasiliou
XAV_MUS,2025,chavana|joseph
UNL_REB,2025,lueck|reese
UNL_REB,2025,colton|sundloff
UNL_REB,2025,albright|cody
XAV_MUS,2025,jack|nobe
XAV_MUS,2025,bridenthal|eli
FAI_STA,2025,jack|sheldon
FGCU,2025,chase|kriebel
FAI_STA,2025,erbeck|ricky
FGCU,2025,benjamin|fiedler
FAI_STA,2025,kyle|lesler
FGCU,2025,ethan|mattison
FAI_STA,2025,blake|helmstetter
FGCU,2025,giannoni|leo
FGCU,2025,ashton|pocol
FGCU,2025,anthony|ursitti
BRA_BRA,2025,brayden|marks
ALA_CRI,2025,alcock|bobby
BRA_BRA,2025,joshua|vaughn
ALA_CRI,2025,austin|morris
BRA_BRA,2025,horras|jackson
ALA_CRI,2025,beau|bryans
ALA_CRI,2025,braylon|myers
ALA_CRI,2025,bradleycooney|packy
BIN_BEA,2025,colin|rhein
TEX_BOB,2025,austin|eaton
BIN_BEA,2025,caden|rothbaum
BIN_BEA,2025,ben|griffith
BIN_BEA,2025,aiden|milburn
TEX_BOB,2025,lawton|ryan
BIN_BEA,2025,luther|vincent
TEX_BOB,2025,cameron|obanan
UNO_MAV,2025,cj|hood
TUL_GRE,2025,cehajic|trey
UNO_MAV,2025,cameron|teinert
TUL_GRE,2025,clements|will
CAL_MUS,2025,ethan|marmie
CAL_MUS,2025,sagouspe|tanner
CAL_MUS,2025,cameron|hoiland
UCLA,2025,cal|randall
UCLA,2025,rissas|ryan
CRE_BLU,2025,magers|wilson
UNC_SPA,2025,ready|rob
UNC_SPA,2025,dear|mayson
CRE_BLU,2025,brendan|strenke
CRE_BLU,2025,henry|prindl
CRE_BLU,2025,garrett|langrell
UNC_SPA,2025,hunter|shuey
UNC_SPA,2025,greyson|wild
UNC_SPA,2025,colucci|jack
IOW_HAW,2025,beuter|reece
USF_BUL,2025,cardenas|de|jorge
USF_BUL,2025,bernard|nolan
IOW_HAW,2025,bryson|walker
USF_BUL,2025,jack|nedrow
IOW_HAW,2025,brant|hogue
IOW_HAW,2025,chas|wheatley
IOW_HAW,2025,benjamin|detaeye
IOW_HAW,2025,daniel|wright
IOW_HAW,2025,hart|sam
EKU_COL,2025,elijah|underhill
SAL_JAG,2025,smith|tyler
SAL_JAG,2025,brooks|dalton
EKU_COL,2025,addison|stockham
EKU_COL,2025,niall|todd
EKU_COL,2025,christian|howe
SAL_JAG,2025,garret|kangas
UTS_ROA,2025,conor|myles
ARL_MAV,2025,joe|steeber
UTS_ROA,2025,orloski|robert
ARL_MAV,2025,rhys|stevens
ARL_MAV,2025,kyle|winkler
ARL_MAV,2025,anthony|garcia
MIN_GOL,2025,justin|thorsteinson
HOU_COU,2025,drezek|graysen
MIN_GOL,2025,clausen|seth
HOU_COU,2025,andres|perez
HOU_COU,2025,diego|luzardo
HOU_COU,2025,chris|scinta
MIN_GOL,2025,noah|rooney
MIN_GOL,2025,hemmesch|tyler
NIA_EAG,2025,bennett|nate
MIA_HUR,2025,brian|walters
NIA_EAG,2025,dickinson|jack
NIA_EAG,2025,johnny|montgomery
NIA_EAG,2025,andrew|damiani
MIA_HUR,2025,fernandez|michael
NIA_EAG,2025,hayden|morrison
MIA_HUR,2025,brixton|lofgren
SAN_TOR,2025,austin|smith
SAN_TOR,2025,porter|rovin
TCU_HFG,2025,bixby|mason
SAN_TOR,2025,aj|frausto
TCU_HFG,2025,nate|stern
TCU_HFG,2025,kaden|smith
SAN_TOR,2025,giordano|jack
SAC_PIO,2025,parker|ryan
SOU_GAM,2025,jake|mccoy
SAC_PIO,2025,jonathan|peterson
SAC_PIO,2025,hawkins|mitch
SAC_PIO,2025,pj|rogan
SOU_GAM,2025,russell|zach
SOU_GAM,2025,ashton|crowther
BUC_BIS,2025,jack|omalley
BUC_BIS,2025,ben|magovern
VIR_TEC,2025,eisenreich|logan
BUC_BIS,2025,bryce|mitchell
BUC_BIS,2025,dante|pavone
VIR_TEC,2025,kulik|marcel
VIR_TEC,2025,parker|sweeney
EIU_PAN,2025,kapraun|tyler
ULM_WAR,2025,cirelli|joey
EIU_PAN,2025,anthony|solis
ULM_WAR,2025,justin|robinson
EIU_PAN,2025,bryce|riggs
ULM_WAR,2025,gregoire|joshua
MER_COL1,2025,campbell|cassidy
MER_COL1,2025,flynn|howard
WIN_EAG,2025,guzman|randy
MER_COL1,2025,hunkele|nick
MER_COL1,2025,linnehan|luke
MER_COL1,2025,cole|yennaco
MER_COL1,2025,dawson|logie
WIN_EAG,2025,harrison|wilson
UTA_UTE,2025,culver|ian
PEP_WAV,2025,nathan|tichy
UTA_UTE,2025,conaway|mateus
UTA_UTE,2025,dillon|fine
PEP_WAV,2025,jackson|pace
UTA_UTE,2025,cameron|nielson
PEP_WAV,2025,peterson|winston
PEP_WAV,2025,nichol|wyatt
WAS_COU,2025,jake|robinson
WAS_COU,2025,haider|rylan
ARK_RAZ,2025,beidelschies|landon
ARK_RAZ,2025,ben|bybee
ARK_RAZ,2025,cole|gibler
SAC_HOR,2025,ethan|lay
SAN_DON,2025,amborn|cal
SAN_DON,2025,harwell|wesley
SAC_HOR,2025,carson|latimer
SAN_DON,2025,gavin|pacheco
SAN_DON,2025,darvasula|miles
NEV_WOL,2025,dobie|jayce
CAL_BEA,2025,ethan|foley
CAL_BEA,2025,guardiancic|jake
NEV_WOL,2025,logan|saloman
CAL_BEA,2025,cole|tremain
NEV_WOL,2025,jack|perotti
STE_HAT,2025,davenport|mason
STE_HAT,2025,brendan|walker
MIC_WOL,2025,rogers|will
STE_HAT,2025,andrew|lepine
STE_HAT,2025,leblanc|max
STO_COL,2025,justin|tullish
FLO_PAN,2025,jarek|woodward
FLO_PAN,2025,bishop|jaydon
STO_COL,2025,francisco|melendez
SOU_RED,2025,dow|haden
MT,2025,caden|robinson
SOU_RED,2025,mertens|nathan
MT,2025,ellis|luke
SOU_RED,2025,gavin|johnston
MT,2025,brayden|sanders
STA_CAR,2025,parker|warner
CAL_FUL,2025,hawkinson|payton
CAL_FUL,2025,chris|hernandez
STA_CAR,2025,garewal|sam
CAL_FUL,2025,jason|krakoski
CAL_FUL,2025,gavin|meyer
MOR_EAG,2025,bradley|poynter
ASU_RED,2025,hibbard|jack
ASU_RED,2025,brett|foss
ASU_RED,2025,dawson|hargrove
ASU_RED,2025,joey|lopez
ASU_RED,2025,tyler|weimer
ASU_RED,2025,issac|sewell
ASU_RED,2025,armstrong|chase
LOY_LIO,2025,nolan|tillitt
BYU_COU,2025,miller|owen
FRE_BUL,2025,arreola|victor
BYU_COU,2025,ashton|johnson
BYU_COU,2025,brayden|marx
AUS_GOV,2025,airington|cody
ARI_SUN,2025,lettow|rohan
AUS_GOV,2025,landon|slemp
AUS_GOV,2025,campbell|holt
AUS_GOV,2025,applebey|kaleb
THO_M,2025,retz|walker
NMS_AGG,2025,matthew|yarc
THO_M,2025,huhn|tucker
THO_M,2025,endres|zak
NMS_AGG,2025,carson|cody
THO_M,2025,cano|carl
UIC_FLA,2025,cox|david
CIT_BUL,2025,fisher|paulsen
UIC_FLA,2025,gould|zak
UIC_FLA,2025,barrera|robert
CIT_BUL,2025,anthony|hausner
STJ_HAW,2025,bradley|gilbert
WAS_HUS,2025,nathan|stein
STJ_HAW,2025,isaac|yeager
WAS_HUS,2025,luke|parise
STJ_HAW,2025,peysen|sweeney
WAS_HUS,2025,fitzgibbon|matt
WAS_HUS,2025,greer|sam
WAS_HUS,2025,micah|wells
STJ_HAW,2025,bujacich|micah
STJ_HAW,2025,curran|tommy
STJ_HAW,2025,emanuels|josh
WAS_HUS,2025,desanto|drew
KAN_WIL,2025,lincoln|sheffield
COA_CHA,2025,jacob|morrison
COA_CHA,2025,jones|luke
KAN_WIL,2025,duke|tanner
KAN_WIL,2025,henson|micah
UNL_REB,2025,samuel|simon
IU,2025,aydan|deckerpetty
IU,2025,jacob|vogel
UNL_REB,2025,alex|overbay
IU,2025,eldridge|will
IU,2025,anthony|gubitosi
UNL_REB,2025,marquart|will
IU,2025,brummel|henry
XAV_MUS,2025,boyle|nick
ORE_BEA,2025,drew|talavs
ORE_BEA,2025,kmatz|zach
ORE_BEA,2025,adam|haight
ORE_BEA,2025,douglas|tanner
EKU_COL,2025,carson|haaren|van
SAL_JAG,2025,andrew|elkhill
SAL_JAG,2025,brian|garmon
EKU_COL,2025,foley|wyatt
SAL_JAG,2025,carter|seth
SAL_JAG,2025,garfield|johns
SAL_JAG,2025,andrew|floyd
TCU_HFG,2025,james|zack
SAN_TOR,2025,andrew|mosiello
TCU_HFG,2025,gianluca|shinn
SAN_TOR,2025,jack|mcwilliams
AIR_FOR,2025,bowen|brantingham
VAN_COM,2025,austin|nye
VAN_COM,2025,connor|fennell
VAN_COM,2025,guth|luke
VAN_COM,2025,alex|kranzler
UTR_VAQ,2025,francisco|hernandez
UTR_VAQ,2025,evan|maldonado
UTR_VAQ,2025,caden|wanless
UTR_VAQ,2025,barrera|daren
DAL_PAT,2025,borberg|ryan
UTR_VAQ,2025,anthony|tejada
UTR_VAQ,2025,jack|lopez
DAL_PAT,2025,todd|zach
TEX_BOB,2025,jesus|tovar
UTS_ROA,2025,hubbard|james
UTS_ROA,2025,cothran|jacob
UTS_ROA,2025,debattista|michael
BAY_BEA,2025,bunch|caleb
UTS_ROA,2025,brown|gunnar
UTS_ROA,2025,dove|kendall
BAY_BEA,2025,caleb|jameson
UTS_ROA,2025,connor|kelley
BAY_BEA,2025,rj|ruais
UNO_MAV,2025,cychosz|isaac
NIC_COL,2025,keon|tklooster|van
UNO_MAV,2025,foerstch|tanner
UNO_MAV,2025,reed|scott
UNO_MAV,2025,mabee|oliver
VCU_RAM,2025,brayden|mccollough
LON_LAN,2025,braydon|gray
VCU_RAM,2025,broden|palmer
LON_LAN,2025,castrichini|joe
VCU_RAM,2025,andrew|ramos
LON_LAN,2025,gunter|justin
MIA_RED,2025,ahmad|harajli
CHA_BUC,2025,robertson|tait
MIA_RED,2025,kaden|pfeffer
CHA_BUC,2025,cole|ryan
MIA_RED,2025,cuthbertson|hayden
MIA_RED,2025,mastrian|patrick
STM_GAE,2025,delvecchio|dylan
SAN_GAU,2025,moring|reed
SAN_GAU,2025,froling|van
STM_GAE,2025,justin|santiago
SAN_GAU,2025,aceves|nathan
NOR_WOL,2025,anderson|nance
LIB_FLA,2025,august|tyler
GIT_YEL,2025,chicoli|connor
GEO_EAG,2025,jevarra|martin
GIT_YEL,2025,mason|patel
GEO_EAG,2025,brady|owens
USC_UPS,2025,landon|sexton
WCC,2025,josh|ossiander
WCC,2025,gavin|maines
WCC,2025,john|lobs
USC_UPS,2025,juan|reyes
WCC,2025,brandon|langley
HIG_PAN,2025,dalton|hitt
APP_MOU,2025,barozzino|conner
APP_MOU,2025,max|tramontana
APP_MOU,2025,reyn|watson
HIG_PAN,2025,smith|tyler
APP_MOU,2025,fisher|jordan
SOU_GOL,2025,cal|culpepper
MSU_BDG,2025,evan|siary
MSU_BDG,2025,fortenberry|robert
SOU_GOL,2025,landen|payne
UNC_SEA,2025,khris|morris
DUK_BLU,2025,andrew|healy
DUK_BLU,2025,edward|hart
UNC_SEA,2025,everett|jd
CAM_CAM,2025,mason|smith
CAM_CAM,2025,clark|cooper
CAM_CAM,2025,jett|music
GEO_BUL,2025,kolten|smith
GEO_BUL,2025,caldwell|collin
GEO_BUL,2025,byrd|justin
GEO_BUL,2025,jordan|stephens
SOU_JAG,2025,genesis|prosper
LSU_TIG,2025,conner|ware
SOU_JAG,2025,caiden|stewart
SOU_JAG,2025,jeremiah|newman
LSU_TIG,2025,cowan|zac
SOU_JAG,2025,stephen|tolbert
LSU_TIG,2025,kade|woods
NOR_BIS,2025,agnew|luke
LAM_CAR,2025,carter|sutton
NOR_BIS,2025,alex|karns
LAM_CAR,2025,krkovski|luke
LAM_CAR,2025,ethan|oceguera
PRE_BLH,2025,marroquin|mikey
PRE_BLH,2025,barnett|caden
ELO_PHO,2025,owen|winebarger
NCA_BUL,2025,barna|branden
NCA_BUL,2025,gaydos|zachary
NCA_BUL,2025,hall|matthew
NCA_BUL,2025,shea|walker
NCA_BUL,2025,sam|thompson
TEN_VOL,2025,abraham|nic
NCA_BUL,2025,howell|ryland
NCA_BUL,2025,crum|garrett
TEN_VOL,2025,tanner|wiggins
NCA_BUL,2025,barna|cal
NCA_BUL,2025,john|whiteside
TEN_VOL,2025,brayden|sharp
TEN_VOL,2025,brayden|krenzel
EVA_ACE,2025,byberg|owen
LIP_BIS,2025,lyne|tanner
EVA_ACE,2025,kellen|roberts
LIP_BIS,2025,joey|mitchell
LIP_BIS,2025,jake|lynch
EVA_ACE,2025,drew|fieger
EVA_ACE,2025,andrew|dusablon
EVA_ACE,2025,maccauley|parker
EVA_ACE,2025,clevidence|jack
LIP_BIS,2025,bryce|houghton
TEX_TIG,2025,justin|mayes
LOU_CAJ,2025,parker|smith
LOU_CAJ,2025,drew|kirby
LOU_CAJ,2025,dobson|iii|trip
TEX_TIG,2025,braziel|kewan
TEX_TIG,2025,garcia|isaac
TEX_TIG,2025,david|jr|medina
TEX_TIG,2025,moore|sidney
LOY_LIO,2025,avery|laine
LON_DIR,2025,kahalekai|kaimi
LON_DIR,2025,banda|cristien
LON_DIR,2025,arthur|liu
OLE_REB,2025,alex|canney
OLE_REB,2025,hancock|owen
OLE_REB,2025,brayden|jones
OLE_REB,2025,calhoun|hudson
ASU_RED,2025,allen|andrew
TRO_TRJ,2025,brock|tapper
AUB_TIG,2025,jett|johnston
RIC_SPI,2025,hinchliffe|jackson
WM_TRI,2025,chad|yates
WM_TRI,2025,phineas|scott
RIC_SPI,2025,armson|dane
WM_TRI,2025,brennen|card
SAM_BUL,2025,brooks|rice
JAC_GAM,2025,alex|pipes
SAM_BUL,2025,blasche|mason
JAC_GAM,2025,ryan|vermillion
SAM_BUL,2025,cullen|horowicz
SAM_BUL,2025,clevenger|heath
SAM_BUL,2025,lynch|will
JAC_GAM,2025,caldwell|trevor
COA_CHA,2025,ellison|oliver
COA_CHA,2025,dylan|hansen
COA_CHA,2025,hudson|lance
COA_CHA,2025,chance|mako
COA_CHA,2025,doran|scott
COA_CHA,2025,dawson|newman
COA_CHA,2025,bell|tadan
IND_SYC,2025,jacob|spencer
IND_SYC,2025,max|mcewen
IND_SYC,2025,breyllin|suriel
IND_SYC,2025,laird|zachary
IND_SYC,2025,gavin|morris
MTSU_BLU,2025,cole|torbett
MTSU_BLU,2025,akens|ollie
MTSU_BLU,2025,shaw|walker
ALA_CRI,2025,aidan|moza
MEX_LOB,2025,alvarez|diego
ARI_WIL,2025,elarton|kenan
ARI_WIL,2025,carson|johnson
MEX_LOB,2025,cornelius|matt
MEX_LOB,2025,barnhouse|josh
MEX_LOB,2025,matt|romero
MEX_LOB,2025,luke|wiseman
MEX_LOB,2025,monteforte|presley
BYU_COU,2025,bell|cayson
UCLA,2025,barnett|michael
BYU_COU,2025,carter|foss
BYU_COU,2025,farley|ziegen
SAN_AZT,2025,evan|miranda
CSD_TRI,2025,jake|villar
SAN_AZT,2025,canada|chris
CSD_TRI,2025,custer|julian
CSD_TRI,2025,landon|marchetti
CSD_TRI,2025,ethan|remmers
CSD_TRI,2025,chapman|weber
SAN_AZT,2025,hayhow|luke
SAN_AZT,2025,connor|shaw
SAN_AZT,2025,garvey|rumary
CSD_TRI,2025,hasegawa|sam
SAN_AZT,2025,araiza|issac
SAN_AZT,2025,peyton|rodgers
CSD_TRI,2025,devon|king
KAN_WIL,2025,donte|lewis
NOR_TAR,2025,cameron|padgett
KAN_WIL,2025,ruhl|ty
KAN_WIL,2025,guyette|james
FLO_SEM,2025,chrest|evan
USF_BUL,2025,archie|bryce
USF_BUL,2025,landen|yorek
USF_BUL,2025,caleb|pundsack
FLO_SEM,2025,barrett|ben
USF_BUL,2025,brandon|keyster
FLO_SEM,2025,connor|hults
ETS_BUC,2025,curless|tristan
VIR_TEC,2025,brendan|yagesh
ETS_BUC,2025,brady|frederick
VIR_TEC,2025,curtis|mathieu
ETS_BUC,2025,fordham|jonathan
ETS_BUC,2025,carter|oliff
VAN_COM,2025,brennan|seiber
VAN_COM,2025,matthew|shorey
VAN_COM,2025,huesman|levi
VAN_COM,2025,bryan|england
VAN_COM,2025,jakob|schulz
VAN_COM,2025,orourke|tommy
VAN_COM,2025,ginther|ryan
GRA_TIG,2025,carlos|peguero
ULM_WAR,2025,brennan|eager
GRA_TIG,2025,nick|robinson
GRA_TIG,2025,clampit|landon
GRA_TIG,2025,brett|washington
GRA_TIG,2025,esteban|tavarez
ULM_WAR,2025,conn|jackson
GRA_TIG,2025,hampton|phillips
ULM_WAR,2025,hollis|huff
ULM_WAR,2025,duhon|jace
SOU_GAM,2025,evans|jarvis
SOU_GAM,2025,brandon|stone
ALA_ANM,2025,jose|valerio
UAB_BLA,2025,braxton|shelton
ALA_ANM,2025,killian|mclaughlin
ALA_ANM,2025,latimer|vincent
ALA_ANM,2025,jordan|nolley
UAB_BLA,2025,olson|ryan
ALA_ANM,2025,edgar|rodriguez
UAB_BLA,2025,hicks|justin
UAB_BLA,2025,haines|tyler
TUL_GRE,2025,garrett|payne
SOU_LIO,2025,ambrose|chase
SOU_LIO,2025,brant|melancon
SOU_LIO,2025,lirette|luke
TUL_GRE,2025,burton|wes
SOU_LIO,2025,nik|toups
SOU_LIO,2025,jimmie|johnson
BET_WIL,2025,brandon|vazquez
BET_WIL,2025,aaron|schaefer
BET_WIL,2025,carrasquilla|julian
FLO_PAN,2025,dietrich|tristan
BET_WIL,2025,lastra|robert
BET_WIL,2025,carlos|jazmin
FLO_PAN,2025,andrew|ildefonso
MER_BEA,2025,bryce|hawkins
KEN_OWL,2025,agyei|quinichett
MER_BEA,2025,decker|kai
KEN_OWL,2025,abernathy|jackson
KEN_OWL,2025,ethan|osada
NOR_BIS,2025,matthew|sargeant
NOR_BIS,2025,hayden|sylte
LAM_CAR,2025,joshua|shimmin
CSU_BAK,2025,alex|uriascalvillo
SOU_TRO,2025,andrew|harbour
ALA_LIO,2025,reese|young
AUB_TIG,2025,alvarez|andreas
ALA_LIO,2025,landon|scruggs
ALA_LIO,2025,allen|john|stogner
ALA_LIO,2025,agosto|justus
ALA_LIO,2025,bowerman|josh
SAM_BEA,2025,kendrick|noah
SAM_BEA,2025,cam|diaz
SAM_BEA,2025,connor|zaruba
SAM_BEA,2025,danny|valadez
SAM_BEA,2025,brock|rod
ALA_CRI,2025,jack|ketchum
QUN_RYL,2025,joseph|ruller
SOU_GAM,2025,jackson|soucie
QUN_RYL,2025,brooker|jack
QUN_RYL,2025,brodie|mcfadden
SOU_GAM,2025,kimball|roman
CAL_LAN,2025,becerra|luis
CAL_LAN,2025,julian|orozco
CAL_LAN,2025,david|vizcaino
CAL_LAN,2025,cameron|teper
BAL_CAR,2025,connor|hutchinson
BAL_CAR,2025,alex|burden
BAL_CAR,2025,bitter|jaden
BAL_CAR,2025,garrett|harker
UCF_KNI,2025,matt|sauser
MIZ_TIG,2025,josh|kirchhoff
MIZ_TIG,2025,green|pj
CAL_MAT,2025,andrew|gauna
SAN_AZT,2025,alito|mcbean
SAN_AZT,2025,canavan|chris
NOR_WOL,2025,carr|landon
NOR_WOL,2025,jaxon|lucas
COA_CHA,2025,jones|luke
COA_CHA,2025,bell|tadan
COA_CHA,2025,hudson|lance
ALC_BRA,2025,bell|hunter
ALC_BRA,2025,luke|sanders
ALC_BRA,2025,hunt|stephen
SOU_LIO,2025,todorowski|triston
ALC_BRA,2025,johnson|terrance
TCU_HFG,2025,caedmon|parker
MIC_WOL,2025,kidd|ricky
KAN_WIL,2025,frost|jacob
SET_PIR,2025,daniel|frontera
SET_PIR,2025,jayson|torres
SET_PIR,2025,steve|svenson
GON_BUL,2025,brabec|gabe
GON_BUL,2025,hernandez|ryan
GON_BUL,2025,francis|kai
LIT_TRO,2025,jackson|wells
LIT_TRO,2025,busick|zack
LIT_TRO,2025,beezley|josh
LIT_TRO,2025,davis|preston
CEN_MIC,2025,evan|waters
CEN_MIC,2025,hammond|maxwell
CEN_MIC,2025,hanson|jared
NCA_BUL,2025,colby|guy
NCA_BUL,2025,buscher|chase
NCA_BUL,2025,lopez|tony
CAL_HIG,2025,kurt|marton
CAL_HIG,2025,chris|lozano
CAL_HIG,2025,estrada|justin
DIX_STE,2025,dax|newman
DIX_STE,2025,brooks|easton
MAN_JAS,2025,mclaughlin|ryan
MAN_JAS,2025,jackson|klein
HOU_COU,2025,alex|solis
DAY_FLY,2025,christopher|peguero
DAY_FLY,2025,bennet|lapalm
DAY_FLY,2025,bussell|cj
DAY_FLY,2025,escobar|hector
FLA_GAT,2025,christian|rodriguez
CAL_ANT,2025,danny|suarez
CAL_ANT,2025,kelly|riley
CAL_ANT,2025,ojeda|ricky
TEX_RAI,2025,bevis|logan
STJ_RED,2025,evan|hoeckele
PEN_QUA,2025,josh|katz
PEN_QUA,2025,delany|tommy
PEN_QUA,2025,aiden|von|zuben
PEN_QUA,2025,andrew|miehe
PEN_QUA,2025,marshall|mott
FLO_SEM,2025,greaney|nick
FLO_SEM,2025,jacob|marlowe
CAN_GRI,2025,consigli|peyton
CAN_GRI,2025,ethan|hennessy
CAN_GRI,2025,abramson|joe
CAN_GRI,2025,clifton|genge|iii
UNL_REB,2025,carson|lane
UNL_REB,2025,dylan|rogers
DEL_BLU,2025,mclaughlin|ryan
DEL_BLU,2025,carter|welch
DEL_BLU,2025,hartman|timothy
USF_BUL,2025,braun|corey
UTM_SKY,2025,brandon|king
GEO_PAN,2025,norman|ross
UTM_SKY,2025,quincy|thornton
UTM_SKY,2025,long|quin
UTM_SKY,2025,perez|shawn
GEO_PAN,2025,richards|william
GEO_PAN,2025,benford|tysen
GEO_PAN,2025,lamar|ryan
MAR_THU,2025,blevins|bryce
MAR_THU,2025,charlie|krebs
MAR_THU,2025,bauer|burkart
MAR_THU,2025,aj|mcaninch
MAR_TER,2025,kyle|mccoy
MAR_TER,2025,andrew|koshy
MAR_TER,2025,buren|ryan|van
MAR_TER,2025,andrew|johnson
LOU_BUL,2025,grant|hubka
BAL_CAR,2025,johnson|keegan
BAL_CAR,2025,kwasny|zachary
BAL_CAR,2025,letsinger|lucas
BAL_CAR,2025,drue|young
BAL_CAR,2025,hartlaub|jacob
BAL_CAR,2025,owen|quinn
RID_BRO,2025,craig|pj
RID_BRO,2025,dorety|justin
RID_BRO,2025,silfies|zach
UCF_KNI,2025,castellano|dominic
BRY_BUL,2025,landon|white
COL_LION,2025,andy|leon
COL_LION,2025,harrigan|will
COL_LION,2025,parkinson|william
COL_LION,2025,baylor|hicks
COL_LION,2025,alexander|sotiropoulos
WAS_HUS,2025,banks|max
ALB_GRE,2025,banner|dylan
ALB_GRE,2025,ethan|nardacci
ALB_GRE,2025,kneller|tyler
NEB,2025,mason|mcconnaughey
NEB,2025,jalen|worthley
NEB,2025,bender|pryce
LOU_CAJ,2025,alex|rosario
LOU_CAJ,2025,griffin|hebert
MIS_BEA,2025,michael|yusypchuk
MIS_BEA,2025,knight|max
MIS_BEA,2025,jake|syverson
NEW_PRI,2025,edwards|grant
NEW_PRI,2025,cortez|dennis
NEW_PRI,2025,carson|kimball
NEW_PRI,2025,sawyer|toney
NEW_PRI,2025,bryce|calloway
NOT_IRI,2025,jack|radel
IOW_HAW,2025,cade|obermueller
NOT_IRI,2025,reeth|rickey
IOW_HAW,2025,anthony|watts
NOT_IRI,2025,ameyde|chase|van
NOT_IRI,2025,mcdonough|tobey
UMBC_RET,2025,robinson|zach
UMBC_RET,2025,kelly|zach
UMBC_RET,2025,logan|wiley
UMBC_RET,2025,ayden|gonzalez
STE_HAT,2025,bryce|gluckman
UMBC_RET,2025,bell|sam
UMBC_RET,2025,christopher|ho
STE_HAT,2025,angus|jack
KS_GF,2025,gavin|jones
KS_GF,2025,benny|roebuck
KS_GF,2025,benjamin|rabatin
KS_GF,2025,gannon|wentz
EKU_COL,2025,ryker|walton
EKU_COL,2025,lawson|nathan
EKU_COL,2025,faulkner|gavin
EKU_COL,2025,cade|schneider
EKU_COL,2025,berger|mitchell
WRI_RAI,2025,griffen|paige
WRI_RAI,2025,parker|thomas
WRI_RAI,2025,joe|valentine
WRI_RAI,2025,kesel|kyle
WRI_RAI,2025,noah|williamson
AUB_TIG,2025,hetzler|ryan
MOY_MOY,2025,bobby|mcbride
MOY_MOY,2025,aj|petraitis
FDU_KNI,2025,christopher|mattioli
FDU_KNI,2025,nick|noble
FDU_KNI,2025,barrett|ian
RIC_OWL,2025,baker|von
NOR_DEM,2025,dylan|marionneaux
NOR_DEM,2025,aidan|newton
NOR_DEM,2025,bivins|conner
NOR_DEM,2025,caden|fiveash
NOR_DEM,2025,marien|wesley
MAI_BLA,2025,colin|fitzgerald
MAI_BLA,2025,lavigueur|luc
CIT_BUL,2025,cj|slooten|van
NCB,2025,andrew|isdale
MEX_LOB,2025,dayne|pengelly
MEX_LOB,2025,jack|messmore
NCB,2025,brady|hudson
NCB,2025,landen|trevor
NCB,2025,behrends|jeffrey
SPU_PEA,2025,diforte|michael
SPU_PEA,2025,jain|yash
SPU_PEA,2025,berryman|charlie
GEO_PAT,2025,iii|madigan|michael
SBU_SEA,2025,eddie|smink
SBU_SEA,2025,adams|george
DAR_GRE,2025,dumsky|marco
DAR_GRE,2025,chambers|joseph
DAR_GRE,2025,danny|will
SAN_AZT,2025,omar|serrano
TUL_GRE,2025,devenney|michael
TUL_GRE,2025,howarth|kross
CSD_TRI,2025,dalquist|matthew
CSD_TRI,2025,davidson|garrett
CSD_TRI,2025,harry|pelzman
CSD_TRI,2025,huy|nathan
CHA_FOR,2025,aj|camp
CHA_FOR,2025,ed|wagner
CHA_FOR,2025,jones|wesley
CHA_FOR,2025,perez|sebastian
OLD_MON,2025,stott|tyler
HAR_CRI,2025,brian|dowling
HAR_CRI,2025,bergsma|charley
HAR_CRI,2025,jack|smith
HAR_CRI,2025,burns|william
MON_HAW,2025,kevin|opanel
PIT_PAN,2025,gardner|patrick
MON_HAW,2025,austin|beard
MON_HAW,2025,danyluk|jake
PIT_PAN,2025,aidan|coleman
PIT_PAN,2025,demi|kyle
VAN_COM,2025,jd|thompson
VAN_COM,2025,hawks|sawyer
STM_GAE,2025,lukas|sarantos
STM_GAE,2025,jaden|mcneely
STM_GAE,2025,cannon|sean
VAN_COM,2025,bristow|tristan
VAN_COM,2025,aiden|oconnell
HBU_HUS,2025,edwards|parker
HBU_HUS,2025,benjamin|norton
WIN_EAG,2025,liam|mccallum
WIN_EAG,2025,grant|shepherd
ARM_BLA,2025,justin|lehman
WOF_TER,2025,branton|little
ARM_BLA,2025,ates|trey
WOF_TER,2025,carter|rasmussen
UAB_BLA,2025,cheatham|cole
SAL_JAG,2025,beno|mason
UAB_BLA,2025,brendan|conner
COA_CHA,2025,doran|scott
ABI_WIL,2025,brett|lanman
YSU_PEN,2025,brandon|mikos
ABI_WIL,2025,campa|iain
ABI_WIL,2025,blaine|palmer
ABI_WIL,2025,chandler|freeman
YSU_PEN,2025,henderson|mark
ABI_WIL,2025,caden|greanead
ABI_WIL,2025,brady|coe
ALC_BRA,2025,ford|jermel
ALC_BRA,2025,jacobe|nailer
ALC_BRA,2025,exi|guershon
ALC_BRA,2025,edwin|guzman
SOU_LIO,2025,tony|torres
ALC_BRA,2025,dews|myles
ALC_BRA,2025,davis|kanious
SOU_LIO,2025,blake|lobell
SOU_LIO,2025,aiden|vosburg
ALC_BRA,2025,caden|wade
ALC_BRA,2025,hayden|konkler
ALC_BRA,2025,hopson|kameron
SOU_LIO,2025,chance|vaught
SOU_LIO,2025,gisclair|nick
KAN_WIL,2025,michael|quevedo
MIC_WOL,2025,debiec|max
MIC_WOL,2025,carey|tate
ARK_RAZ,2025,christian|foutch
SET_PIR,2025,reich|ryan
SET_PIR,2025,alexander|dambrosio
SET_PIR,2025,cestero|tomas
SET_PIR,2025,christopher|mason
SET_PIR,2025,curry|stephen
SET_PIR,2025,jordan|marot
GON_BUL,2025,gozstola|miles
GON_BUL,2025,finbar|obrien
LIT_TRO,2025,brody|bunting
LIT_TRO,2025,blake|cleve|van
LIT_TRO,2025,cline|jack
LIT_TRO,2025,hunter|royal
LIT_TRO,2025,gage|haley
LIT_TRO,2025,burkey|noah
LIT_TRO,2025,bavon|robert
LIT_TRO,2025,brown|malcolm
CEN_MIC,2025,bailey|hayden
CEN_MIC,2025,justin|morgan
CEN_MIC,2025,brown|dean
CEN_MIC,2025,campau|carter
CEN_MIC,2025,aj|kostic
CEN_MIC,2025,konuszewski|quin
CEN_MIC,2025,alejandro|espinoza
CEN_MIC,2025,busyn|trevor
CEN_MIC,2025,bach|jack
CEN_MIC,2025,jack|otis
NCA_BUL,2025,clay|edmondson
NCA_BUL,2025,bruno|nick
CAL_HIG,2025,matthew|obrien
CAL_HIG,2025,joshua|martinez
CAL_HIG,2025,hudson|matt
CAL_HIG,2025,milliman|nolan
CAL_HIG,2025,charlie|dohemann
CAL_HIG,2025,byrd|jaxon
CAL_HIG,2025,brent|godina
MAN_JAS,2025,brant|vicini
MAN_JAS,2025,corwin|matthew
MAN_JAS,2025,arnav|ghuliani
RAD_HIG,2025,ludy|trey
DAY_FLY,2025,malecha|peyton
DAY_FLY,2025,jackson|judy
FLA_GAT,2025,frank|menendez
DAY_FLY,2025,heller|james
SOU_COU,2025,joseph|martin
SOU_COU,2025,kyle|rossy
SOU_COU,2025,teixeira|timothy
DAL_PAT,2025,ellwanger|james
SOU_COU,2025,liam|mckillop
CAL_ANT,2025,jack|ross
CAL_ANT,2025,david|utagawa
CAL_ANT,2025,kysar|ryan
CAL_ANT,2025,brandon|luu
CAL_ANT,2025,butler|david
CAL_ANT,2025,andeel|jaxton
STJ_RED,2025,david|rodriguez
STJ_RED,2025,aj|lausten
STJ_RED,2025,longoria|tyler
PEN_QUA,2025,coyne|marty
PEN_QUA,2025,millikan|noah
PEN_QUA,2025,cerwinski|john
FLO_SEM,2025,charles|joe
NEV_WOL,2025,jaden|mason
CSU_BAK,2025,kanoa|morisaki
NEV_WOL,2025,garber|zach
ECU_PIR,2025,ethan|young
NOR_TAR,2025,lynch|ryan
NOR_TAR,2025,mcduffie|walker
KEN_WIL,2025,cole|hentschel
BEL_BRU,2025,hernandez|zachary
MSM_MTN,2025,jerome|manarchuck
MSM_MTN,2025,halcisak|josh
MSM_MTN,2025,capperella|dominic
CAN_GRI,2025,felix|morin
CAN_GRI,2025,sam|staerker
CAN_GRI,2025,elkovitch|weston
CAN_GRI,2025,austin|kutz
ETS_BUC,2025,grass|logan
DEL_BLU,2025,ethan|shaub
DEL_BLU,2025,justin|needles
DEL_BLU,2025,andrew|callaway
DEL_BLU,2025,jake|pollaro
MT,2025,logan|rushing
MT,2025,kylan|stepter
VAL_CRU,2025,evan|fulhorst
MT,2025,dallas|michael
VAL_CRU,2025,baffa|nick
MT,2025,connor|pittman
GEO_EAG,2025,carter|degondea
UTM_SKY,2025,bayles|drake
GEO_PAN,2025,dylan|matela
UTM_SKY,2025,bartle|jeb
GEO_PAN,2025,cole|roberts
MAR_THU,2025,griffin|miller
MAR_THU,2025,clint|moak
MAR_THU,2025,nicholas|weyrich
PEN_NIT,2025,desanto|ryan
LON_LAN,2025,alek|elges
PEN_NIT,2025,harrison|lollin
LON_LAN,2025,ethan|plesser
LON_LAN,2025,brewington|isaiah
PEN_NIT,2025,riley|weatherwax
LON_LAN,2025,bunch|wyatt
LON_LAN,2025,garcia|guillermo|jr
LON_LAN,2025,alex|strickland
LON_LAN,2025,kaiden|trader
MOY_MOY,2025,maxwell|parker
MOY_MOY,2025,connors|luke
MAR_TER,2025,joseph|mcmannis
MAR_TER,2025,jack|wren
WCC,2025,budd|davis
WCC,2025,charlie|collins
MAR_TER,2025,cespedes|cristofer
MAR_TER,2025,brayden|ryan
MAR_TER,2025,ii|jones|paul
WCC,2025,bryant|kimbrell
HIG_PAN,2025,mateo|wells
HIG_PAN,2025,nick|semon
LOU_BUL,2025,luke|nichols
LOU_BUL,2025,brooks|roberson
LOU_BUL,2025,cooley|luke
LOU_BUL,2025,forsythe|logan
BAL_CAR,2025,evan|shapiro
BAL_CAR,2025,leduc|zachary
SAC_HOR,2025,andrew|overland
COR_BRE,2025,keller|noah
COR_BRE,2025,jaun|william
COR_BRE,2025,hegarty|john
COR_BRE,2025,jennewein|nate
COR_BRE,2025,josh|shea
DUK_BLU,2025,digiacomo|roman
LOU_CAR,2025,forbes|patrick
WMI_BRO,2025,hoover|matthew
WMI_BRO,2025,maloney|matt
LOU_CAR,2025,alex|gay
LOU_CAR,2025,casen|murphy
RID_BRO,2025,brian|young
RID_BRO,2025,christopher|montone
CAM_CAM,2025,bryce|schares
OAK_GOL,2025,ethan|glassman
UCF_KNI,2025,hartley|wiley
UCF_KNI,2025,kristopher|sosnowski
BRY_BUL,2025,alex|slotter
COL_LION,2025,santana|thomas
COL_LION,2025,evan|kleinhans
COL_LION,2025,huke|ray
COL_LION,2025,daniel|mills
NOR_AGG,2025,angel|ortiz
NOR_AGG,2025,barrett|diego
NOR_AGG,2025,duke|sean
NOR_AGG,2025,halford|jacob
NOR_AGG,2025,carter|daniels
NOR_AGG,2025,evan|hart
VCU_RAM,2025,frers|nick
WAS_HUS,2025,isaac|yeager
WAS_HUS,2025,peysen|sweeney
ALB_GRE,2025,mariano|matthew
ALB_GRE,2025,alex|enea
ALB_GRE,2025,boule|luke
ALB_GRE,2025,camrin|fuer
LAM_CAR,2025,kole|tauzin
LAM_CAR,2025,reinholt|thomas
LAM_CAR,2025,abel|coleson
ELO_PHO,2025,eric|lintelman
LIB_FLA,2025,benjamin|blair
LIB_FLA,2025,caleb|lingenfelter
LIB_FLA,2025,gibson|michael
WES_MOU,2025,griffin|kirn
WES_MOU,2025,mac|stiffler
WES_MOU,2025,jack|kartsonas
WES_MOU,2025,cole|fehrman
WES_MOU,2025,bassinger|reese
NEB,2025,horn|tyner
NEB,2025,caleb|clark
NEB,2025,carson|jasa
NEB,2025,coats|tj
NEB,2025,walsh|will
LOU_CAJ,2025,andrew|herrmann
NEB,2025,christo|drew
NEB,2025,colin|nowaczyk
NEB,2025,brockett|jackson
NEB,2025,harrahill|ryan
NEB,2025,cleavinger|grant
NEB,2025,blachowicz|gavin
MIS_BEA,2025,holmes|jackson
MIS_BEA,2025,kaleb|thomas
MIS_BEA,2025,curry|sutherland
MIS_BEA,2025,ferguson|garrett
MIS_BEA,2025,charlie|spoonhour
MIS_BEA,2025,owen|slater
NEW_PRI,2025,longshore|zach
NEW_PRI,2025,austin|ira
NEW_PRI,2025,trey|usey
NEW_PRI,2025,jayden|lopez
NEW_PRI,2025,green|myles
BOC_EAG,2025,karl|meyer
NEW_PRI,2025,tyler|velino
BOC_EAG,2025,gavin|soares
NEW_PRI,2025,brooks|byers
NEW_PRI,2025,lucas|rodriguez
BOC_EAG,2025,gold|joe
BOC_EAG,2025,alex|bryant
NEW_PRI,2025,bienvenu|matthew
NEW_PRI,2025,jones|skylar
NEW_PRI,2025,aiden|torrez
BOC_EAG,2025,bobby|chicoine
NEW_PRI,2025,cole|syverson
UMBC_RET,2025,brady|fox
NOT_IRI,2025,dennies|jackson
UMBC_RET,2025,ethan|ianni
UMBC_RET,2025,murphy|shane
UMBC_RET,2025,aidan|denham
NOT_IRI,2025,dj|helwig
UMBC_RET,2025,emmett|tolis
UMBC_RET,2025,grant|teschendorf
NOT_IRI,2025,cooper|sammy
NOT_IRI,2025,brady|koester
STE_HAT,2025,justin|solimine
STE_HAT,2025,dylan|jacobs
KS_GF,2025,brody|krzysiak
KS_GF,2025,cariaco|peyton
EKU_COL,2025,bradley|gagen
EKU_COL,2025,collins|hayden
OLE_REB,2025,cade|townsend
EKU_COL,2025,bounds|burkley
EKU_COL,2025,radcliff|ryan
OLE_REB,2025,galle|patrick
TEX_AGG,2025,clayton|freshcorn
TEX_AGG,2025,joshua|stewart
RHO_RAM,2025,ryan|thompson
ORE_DUC,2025,jones|tyler
FRE_BUL,2025,haskins|vance
FRE_BUL,2025,patrick|tyler
ORA_GOL,2025,luke|puffinbarger
WRI_RAI,2025,heilman|jarrett
WRI_RAI,2025,hartzell|warren
WRI_RAI,2025,grogan|mychal
WRI_RAI,2025,malachi|paplanus
WRI_RAI,2025,jj|thompson
MAR_RED,2025,hartley|tyler
WM_TRI,2025,interdonato|reed
MAR_RED,2025,caleb|kempler
MAR_RED,2025,taylor|will
MAR_RED,2025,christopher|ubner
MAR_RED,2025,lefevre|robert
BGS_FAL,2025,miller|perry
WIU_LEA,2025,dubois|harrison
NMS_AGG,2025,connor|wylde
WIU_LEA,2025,buhl|jason
NMS_AGG,2025,hoslett|ian
WIU_LEA,2025,jackson|rodgers
WIU_LEA,2025,billy|humphrey
NMS_AGG,2025,carvajal|jake
WIU_LEA,2025,eric|rawlings
NMS_AGG,2025,alejandro|maltosgarcia
AUS_GOV,2025,kade|shatwell
FDU_KNI,2025,cheeseman|jeremy
FDU_KNI,2025,logan|magdits
FDU_KNI,2025,brian|yadlon
NOR_DEM,2025,bryan|tyler
NOR_DEM,2025,carter|white
NOR_DEM,2025,adam|alexis
NOR_DEM,2025,kevin|robinson
NOR_DEM,2025,anderson|austin
NOR_DEM,2025,bryce|leonard
TRO_TRJ,2025,cartron|chase
MAI_BLA,2025,caleb|leys
CIT_BUL,2025,derrick|floyd|george
MAI_BLA,2025,gambardella|gianni
AKR_ZIP,2025,allen|john
AKR_ZIP,2025,currah|nathan
AKR_ZIP,2025,bradyn|shaw
MEX_LOB,2025,david|lopez
NCB,2025,allred|gus
MEX_LOB,2025,daxton|purser
MEX_LOB,2025,cunningham|ty
SPU_PEA,2025,ethan|rowland
SPU_PEA,2025,paxton|will
SBU_SEA,2025,nicholas|rizzo
SBU_SEA,2025,erik|jr|paulsen
SBU_SEA,2025,dieguez|ryan
SBU_SEA,2025,jacob|pedersen
SBU_SEA,2025,matthew|sgambati
DAR_GRE,2025,albert|eddie
DAR_GRE,2025,bryce|loeger
ILL_ILL,2025,schmitt|tyler
TEX_BOB,2025,connell|shane
TEX_BOB,2025,seay|taylor
TEX_BOB,2025,glaser|josh
ILL_ILL,2025,jake|swartz
TEX_BOB,2025,conner|doucet
TEX_BOB,2025,alkire|johnny
PUR_BOI,2025,assen|cole|van
NIA_EAG,2025,max|ramirez
PUR_BOI,2025,enas|hayden
PUR_BOI,2025,finley|maclane
PUR_BOI,2025,chris|gallagher
PUR_BOI,2025,easton|storey
PUR_BOI,2025,beuter|gavin
SAN_AZT,2025,cardenas|iii|xavier
SAN_AZT,2025,luka|pintar
SAN_AZT,2025,thomas|young
HOL_CRU,2025,jake|lenahan
HOL_CRU,2025,alexander|deutsch
LOY_LIO,2025,bender|zachary
TUL_GRE,2025,dominic|pieto
LOY_LIO,2025,casale|johnny
LOY_LIO,2025,matthew|moreno
TUL_GRE,2025,ejikecharles|julius
CAL_LAN,2025,andrew|rudd
CSD_TRI,2025,seid|spencer
CAL_LAN,2025,alfredo|capacete
CSD_TRI,2025,rector|trevor
CSD_TRI,2025,murdock|steele
CAL_LAN,2025,noah|smith
CAL_LAN,2025,burgess|sam
CHA_FOR,2025,carson|chase
CHA_FOR,2025,baker|trey
MON_HAW,2025,kent|tommy
PIT_PAN,2025,reed|ryan
MON_HAW,2025,mealy|ryan
PIT_PAN,2025,chillot|gavin
HAR_CRI,2025,pauley|truman
HAR_CRI,2025,mchugh|ryan
HAR_CRI,2025,alagheband|luca
FOR_RAM,2025,diego|reillybell
IU,2025,telfer|trey
FOR_RAM,2025,alex|casarella
FOR_RAM,2025,carson|swaim
IU,2025,caleb|koskie
IU,2025,brayton|thomas
PRI_TIG,2025,andrew|dalessio
PRI_TIG,2025,eaton|elliott
PRI_TIG,2025,kaden|kram
PRI_TIG,2025,ferrerwestrop|richard
MIA_HUR,2025,dorn|jacob
PRI_TIG,2025,beasley|james
MIA_HUR,2025,alex|giroux
PRI_TIG,2025,max|zdimal
PRI_TIG,2025,nick|shenefelt
PRI_TIG,2025,jarvis|patrick
PRI_TIG,2025,ethan|hsu
PRI_TIG,2025,baldrate|jackson
MIA_HUR,2025,evans|robert
VAN_COM,2025,ethan|mcelvain
VAN_COM,2025,barton|hudson
VAN_COM,2025,green|miller
HBU_HUS,2025,caravalho|joshua
HBU_HUS,2025,castano|louis
UCLA,2025,chris|grothues
DAV_WIL,2025,daniel|smith
DAV_WIL,2025,howard|jed
DAV_WIL,2025,marenghi|will
WIN_EAG,2025,hylinski|joey
WIN_EAG,2025,mason|tompkins
ARM_BLA,2025,andrew|berg
WOF_TER,2025,condon|cullen
ARM_BLA,2025,penswick|robbie
WOF_TER,2025,kenny|michaels
UAB_BLA,2025,colin|daniel
COA_CHA,2025,hayden|johnson
NOR_WOL,2025,potts|tristan
ABI_WIL,2025,cade|mcgarrh
ABI_WIL,2025,cooper|hrbacek
ABI_WIL,2025,carbone|joseph
ABI_WIL,2025,gonzalez|oj
ABI_WIL,2025,foster|nolan
ABI_WIL,2025,david|jeon
MIC_WOL,2025,david|lally
ARK_RAZ,2025,colin|fisher
TCU_HFG,2025,newmann|trey
TCU_HFG,2025,jax|traeger
TCU_HFG,2025,carson|cormier
TCU_HFG,2025,phenow|tyler
SET_PIR,2025,cole|hansen
COL_CHA,2025,drew|medley
SET_PIR,2025,downing|john
COL_CHA,2025,asher|lucas
GON_BUL,2025,feld|justin
GON_BUL,2025,erik|hoffberg
GON_BUL,2025,cunneely|michael
CEN_MIC,2025,liam|stumpf
CEN_MIC,2025,nathan|ross
CEN_MIC,2025,jack|smith
CEN_MIC,2025,cayden|smith
NCA_BUL,2025,daylinh|nguyenbrown
NCA_BUL,2025,melton|nichols
CAL_HIG,2025,flores|matthew
MAN_JAS,2025,nathanael|ryhlick
DAY_FLY,2025,gatti|jj
DAY_FLY,2025,ben|dean
DAY_FLY,2025,devin|grazzal
DAY_FLY,2025,jacob|mcgovern
DAY_FLY,2025,newell|will
SOU_COU,2025,brady|coon
SOU_COU,2025,alex|rodriguez
SOU_COU,2025,duncan|mclaughlin
SOU_COU,2025,davis|tyler
SOU_COU,2025,bailey|kieran
DAL_PAT,2025,mason|swinney
DAL_PAT,2025,liam|watt
CAL_ANT,2025,hansen|trevor
TEX_RAI,2025,baugh|carson
TEX_RAI,2025,jonathan|lowe
CAL_ANT,2025,martin|max
TEX_RAI,2025,bass|dan
TEX_RAI,2025,connor|mohan
STJ_RED,2025,louis|marinaro
PEN_QUA,2025,tobin|will
PEN_QUA,2025,jake|moss
PEN_QUA,2025,haggard|sebastian
PEN_QUA,2025,connor|darling
PEN_QUA,2025,shurtleff|thomas
CSU_BAK,2025,nick|perryman
KEN_WIL,2025,ethan|walker
KEN_WIL,2025,adcock|nile
CAN_GRI,2025,aaron|duffy
CAN_GRI,2025,joe|lopinto
CAN_GRI,2025,abbott|levi
MIA_RED,2025,echols|taylor
MIA_RED,2025,demonica|nick
MIA_RED,2025,neville|zach
EVA_ACE,2025,deverman|kenton
EVA_ACE,2025,kevin|reed
DEL_BLU,2025,doug|marose
DEL_BLU,2025,evan|lewis
DEL_BLU,2025,ben|moyzan
DEL_BLU,2025,conway|elias
DEL_BLU,2025,dominic|velazquez
DEL_BLU,2025,jonah|richardson
VAL_CRU,2025,adam|guazzo
GEO_EAG,2025,burke|thomas
USF_BUL,2025,evan|koehler
GEO_EAG,2025,osborne|sawyer
UTM_SKY,2025,jacob|sitton
GEO_PAN,2025,caleb|white
UTM_SKY,2025,wager|zach
UTM_SKY,2025,austin|gast
UTM_SKY,2025,john|nunn|parker
GEO_PAN,2025,sam|schofield
UTM_SKY,2025,mason|shropshire
UTM_SKY,2025,baskin|kaleb
GEO_PAN,2025,carlos|carmona
GEO_PAN,2025,hembree|jake
MAR_THU,2025,digiacomo|fenix
MAR_THU,2025,jackson|peyton
MAR_THU,2025,luke|proehl
GIT_YEL,2025,jake|lankie
GIT_YEL,2025,johnson|ryan
PEN_NIT,2025,ben|shenosky
LON_LAN,2025,kyle|miller
LON_LAN,2025,dilella|sam
LON_LAN,2025,caleb|grizzard
LON_LAN,2025,dittner|reid
LON_LAN,2025,dallas|hairfield
USC_UPS,2025,darin|kuskie
MAR_TER,2025,melendez|omar
MAR_TER,2025,hastings|logan
MAR_TER,2025,bailey|ryan
COR_BRE,2025,chris|ellison
COR_BRE,2025,holcombe|huxley
COR_BRE,2025,keene|sam
WMI_BRO,2025,joey|wizceb
WMI_BRO,2025,doran|turner
WMI_BRO,2025,adam|lehmann
RID_BRO,2025,clayton|poliey
RID_BRO,2025,batt|kyle
RID_BRO,2025,jack|ruditzky
RID_BRO,2025,frank|papeo
RID_BRO,2025,garton|lucas
RID_BRO,2025,alloway|gavin
MCN_COW,2025,braedyn|cunningham
BRY_BUL,2025,clay|robbins
UCF_KNI,2025,grant|siegel
BRY_BUL,2025,burrows|jared
UCF_KNI,2025,alexander|galvan
BRY_BUL,2025,scheidt|toby
UCF_KNI,2025,james|lordi
UCF_KNI,2025,isaac|williams
BRY_BUL,2025,chamberlain|liam
ASU_RED,2025,garrett|thiele
ASU_RED,2025,peterson|sam
COL_LION,2025,joe|sheets
COL_LION,2025,griffin|palfrey
COL_LION,2025,edwards|jagger
NOR_AGG,2025,griffin|mekai
NOR_AGG,2025,gavin|sentell
CLE_TIG,2025,hudson|lee
NOR_AGG,2025,grayson|king
WAS_HUS,2025,emanuels|josh
WAS_HUS,2025,justin|tims
WAS_HUS,2025,will|woodward
ALB_GRE,2025,pittz|ryan
ALB_GRE,2025,gajowski|mark
ALB_GRE,2025,christian|mello
ALB_GRE,2025,quinn|thomas
BIN_BEA,2025,dally|jake
BIN_BEA,2025,brady|lesiak
BIN_BEA,2025,john|ryder
SAM_BUL,2025,bodie|vail
TEN_VOL,2025,combs|ryan
WES_MOU,2025,porco|robby
WES_MOU,2025,chase|meyer
LIP_BIS,2025,cameron|guise
WES_MOU,2025,fredericks|joseph
WES_MOU,2025,bryson|hoff
LIP_BIS,2025,caleb|pica
WES_MOU,2025,bryant|yoak
WES_MOU,2025,gavin|kempen|van
WES_MOU,2025,carson|estridge
LIP_BIS,2025,brock|puckett
MIS_BEA,2025,charlton|tyler
MIS_BEA,2025,gabe|smith
MIS_BEA,2025,maclaughlin|sam
NOT_IRI,2025,fox|rory
NOT_IRI,2025,dylan|heine
NOT_IRI,2025,kellan|klosterman
STE_HAT,2025,gorelick|jake
STE_HAT,2025,coppersmith|zane
KS_GF,2025,bean|jacob
KS_GF,2025,caughey|ciaran
MER_BEA,2025,cole|lawson
KS_GF,2025,jaden|varner
MER_BEA,2025,micah|takac
WES_HIL,2025,lyles|zachary
WES_HIL,2025,bennett|jack
ARL_MAV,2025,dylan|krause
ARL_MAV,2025,hayes|melville
ARL_MAV,2025,cade|mcglade
OKL_COW,2025,brown|matthew
OKL_COW,2025,davis|gabe
ORE_DUC,2025,meckna|michael
ORE_DUC,2025,jaxon|jordan
ORA_GOL,2025,braydon|sanford
ORA_GOL,2025,keaton|ruthhardt
ORA_GOL,2025,hart|hudson
RIC_SPI,2025,jackson|kraemer
RIC_SPI,2025,heney|kellan
WRI_RAI,2025,chet|lax
WRI_RAI,2025,allen|cameron
WRI_RAI,2025,garrett|peters
MAR_RED,2025,ethan|marzo
MOY_MOY,2025,crystal|jacob
MOY_MOY,2025,connors|joel
MOY_MOY,2025,billy|hoffacker
MOY_MOY,2025,colin|skermont
WIU_LEA,2025,jorge|romero
WIU_LEA,2025,mason|telford
NMS_AGG,2025,davis|jaden
WIU_LEA,2025,karsten|stotlar
NMS_AGG,2025,hazen|wright
NMS_AGG,2025,dylan|weekly
WIU_LEA,2025,alex|esker
NMS_AGG,2025,cade|shumard
NMS_AGG,2025,saul|soto
AUS_GOV,2025,dj|merriweather
FOR_MAS,2025,kasper|sean
AUS_GOV,2025,jacob|weaver
AUS_GOV,2025,braunecker|gavin
FDU_KNI,2025,cooper|montelbano
FDU_KNI,2025,ben|pika
FDU_KNI,2025,jordan|savinon
FDU_KNI,2025,proko|stephen
NOR_DEM,2025,hillen|trent
NOR_DEM,2025,brandon|carter
NOR_DEM,2025,jacob|leblanc
TRO_TRJ,2025,crumpton|kelly
NOR_DEM,2025,connor|wilson
NOR_DEM,2025,kaden|mccoy
TRO_TRJ,2025,george|welch
JAC_GAM,2025,daniel|michael
JAC_GAM,2025,mann|wade
MEX_LOB,2025,castillo|ryan
MEX_LOB,2025,tommy|white
MEX_LOB,2025,brian|mcbroom
SPU_PEA,2025,caden|goodwin
SPU_PEA,2025,lance|mittelman
SPU_PEA,2025,cam|martindale
DAR_GRE,2025,isler|nate
DAR_GRE,2025,burke|mac
DAR_GRE,2025,klaricschell|kyle
ILL_ILL,2025,ben|plumley
ILL_ILL,2025,reed|sam
ILL_ILL,2025,julius|sanchez
ILL_ILL,2025,hall|regan
ILL_ILL,2025,daly|ryan
TEX_BOB,2025,hayde|key
PUR_BOI,2025,joe|trenerry
PUR_BOI,2025,brayden|olson
NIA_EAG,2025,carter|fink
PUR_BOI,2025,kolze|nick
NIA_EAG,2025,carmen|panaro
PUR_BOI,2025,barron|sawyer
PUR_BOI,2025,isaac|milburn
SAN_AZT,2025,marko|sipila
CSD_TRI,2025,nathan|ries
ECU_PIR,2025,jenkins|sean
ECU_PIR,2025,lance|williams
ECU_PIR,2025,beschloss|gabriel
ECU_PIR,2025,grubbs|talor
CHA_FOR,2025,andrew|kribbs
OLD_MON,2025,luke|ridley
OLD_MON,2025,connor|schumann
CHA_FOR,2025,connor|maryniak
HAR_CRI,2025,abler|andrew
HAR_CRI,2025,cleary|cole
HAR_CRI,2025,colasante|gio
PIT_PAN,2025,drew|lafferty
PIT_PAN,2025,ethan|firoved
MON_HAW,2025,benzinger|derek
UTS_ROA,2025,conor|myles
LON_ISL22,2025,breton|mason
UTS_ROA,2025,christian|okerholm
LON_ISL22,2025,latkowski|rj
LON_ISL22,2025,evan|panjwani
PRI_TIG,2025,kinneen|liam
PRI_TIG,2025,faulkner|jacob
PRI_TIG,2025,faulkner|jacob
PRI_TIG,2025,justin|kim
UWM_PAN,2025,andrews|tyler
SOU_GAM,2025,cooper|parks
UWM_PAN,2025,aiden|fishnick
SOU_GAM,2025,aydin|palmer
VAN_COM,2025,bowker|cody
MIC_SPA,2025,aidan|donovan
MIC_SPA,2025,dominic|pianto
MIC_SPA,2025,ryan|szczepaniak
MIC_SPA,2025,george|viebrock
DAV_WIL,2025,jacob|vokal
DAV_WIL,2025,henry|hultquist
VIL_WIL,2025,john|podgorski
VIL_WIL,2025,cj|furey
VIL_WIL,2025,stephen|turzai
WIN_EAG,2025,jacob|vitale
ARM_BLA,2025,brownlee|bryce
WOF_TER,2025,dylan|rhadans
ARM_BLA,2025,kevin|reavey
WOF_TER,2025,champ|davis
ARM_BLA,2025,dom|trippi
ARM_BLA,2025,kaden|youmans
SAL_JAG,2025,chase|davis
SAL_JAG,2025,chase|davis
UAB_BLA,2025,chase|ingram
SAL_JAG,2025,haley|jacob
UAB_BLA,2025,blake|king
UAB_BLA,2025,brock|hill
ECU_PIR,2025,bradley|zayac
NOR_TAR,2025,camron|seagraves
MAR_THU,2025,collins|kenyon
MAR_THU,2025,alexander|mckay
MAR_THU,2025,baird|tim
GIT_YEL,2025,musci|thorpe
HIG_PAN,2025,kimel|mac
WMI_BRO,2025,gaber|reese
WMI_BRO,2025,dj|thompson
WMI_BRO,2025,vriesenga|zach
WMI_BRO,2025,aiden|hinds
WAS_HUS,2025,bradley|gilbert
WAS_HUS,2025,bujacich|micah
OAK_GOL,2025,daniel|duley
WES_MOU,2025,david|hagen
WES_MOU,2025,hutson|tyler
WES_MOU,2025,luke|lyman
ARL_MAV,2025,nicholas|robb
ARL_MAV,2025,aaron|calhoun
ARL_MAV,2025,ty|zahradnik
AUS_GOV,2025,glidewell|lyndon
AUS_GOV,2025,brody|lanham
NOR_CAT,2025,cole|mascott
UNC_SPA,2025,aycock|grant
SAN_GAU,2025,hattenbach|hayden
SAN_GAU,2025,olivas|raymond
GRA_TIG,2025,derrell|fletcherknight
GRA_TIG,2025,leiden|thomas
GRA_TIG,2025,dooley|taylor
ARK_RAZ,2025,eaves|steele
STE_LUM,2025,nickerson|trent
STE_LUM,2025,jonathan|valdez
STE_LUM,2025,hayden|tronson
STE_LUM,2025,kadin|munson
STE_LUM,2025,boyett|reid
STE_LUM,2025,blake|wolf
STE_LUM,2025,jack|james
BAY_BEA,2025,drew|leach
MAR_TER,2025,jake|yeager
MAR_TER,2025,devin|milberg
PIT_PAN,2025,daniel|mcauliff
PIT_PAN,2025,matt|porter
PIT_PAN,2025,bryan|sam
PIT_PAN,2025,andrew|gaines
PIT_PAN,2025,antonio|doganiero
NOR_PAR,2025,brett|ravitz
NOR_PAR,2025,eck|tommy
NOR_PAR,2025,peter|pipikios
NOR_PAR,2025,bader|jaedon
NOR_PAR,2025,garon|maxon
UIC_FLA,2025,michael|vitellaro
NOR_PAR,2025,joseph|taylor
UIC_FLA,2025,gould|zak
VIR_KEY,2025,dhein|peyton
VIR_CAV,2025,blanco|evan
VIR_CAV,2025,arrington|wesley
APP_MOU,2025,coll|luke
ALA_ANM,2025,charlie|lazo
MT,2025,charlie|smith
ALA_ANM,2025,espinola|nicholas
ALA_ANM,2025,clark|raymond
ALA_ANM,2025,bryce|dolce
MT,2025,harris|malik
GEO_EAG,2025,hammontree|rhett
KEN_OWL,2025,doyle|payton
SOU_TRO,2025,ebner|michael
CAL_FUL,2025,landon|martin
CAL_FUL,2025,faris|grady
QUN_RYL,2025,johnny|joseph
QUN_RYL,2025,eagen|matt
HIG_PAN,2025,brody|shawn
QUN_RYL,2025,blake|efird
QUN_RYL,2025,andrew|white
QUN_RYL,2025,logan|schmitt
ORA_GOL,2025,asher|brendan
MIS_BEA,2025,jason|schaaf
MCN_COW,2025,corrales|diego
FAU_OWL,2025,kilby|zach
FAU_OWL,2025,martzolf|max
FAU_OWL,2025,ball|dawson
FAU_OWL,2025,adetuyi|kide
UCF_KNI,2025,carter|stanford
FAU_OWL,2025,braden|ostrander
FAU_OWL,2025,bollinger|mj
SIU_SAL,2025,timmerman|tyler
ASU_RED,2025,der|jelle|lelie|van
SIU_SAL,2025,grant|richars
SIU_SAL,2025,cole|koonce
SIU_SAL,2025,irvine|matt
SIU_SAL,2025,blaine|harpenau
CLE_TIG,2025,bennett|brendon
TEN_VOL,2025,aj|russell
ALA_LIO,2025,anthony|pingeton
TEN_VOL,2025,michael|sharman
ALA_LIO,2025,bell|hunter
TEN_VOL,2025,crabtree|thomas
ALA_LIO,2025,caleb|menina
TEN_VOL,2025,dylan|loy
TEN_VOL,2025,kuhns|tegan
ALA_LIO,2025,gavin|oswald
ALA_LIO,2025,kyle|lewis
TEN_VOL,2025,abraham|nic
BEL_BRU,2025,jordan|zuger
LIP_BIS,2025,adam|switalski
MSU_BDG,2025,jt|schnoor
MSU_BDG,2025,black|gavin
WRI_RAI,2025,caleb|ehling
WRI_RAI,2025,max|whitesell
MIA_RED,2025,cole|pauley
FLA_GAT,2025,barlow|billy
FLA_GAT,2025,alex|philpott
FLO_RAT,2025,hanselman|trevor
FLO_RAT,2025,ryan|young
FLO_RAT,2025,dallas|tease
FLO_RAT,2025,crews|justen
FLO_RAT,2025,garner|jd
MER_BEA,2025,andrew|garnett
MER_BEA,2025,mummert|wyatt
MER_BEA,2025,brayden|lawrence
EKU_COL,2025,erd|josiah
WES_HIL,2025,gavin|perry
WES_HIL,2025,dominic|monaco
EKU_COL,2025,brady|hutchins
WES_HIL,2025,penn|taylor
WES_HIL,2025,max|winders
TEX_AGG,2025,aiden|sims
TEX_AGG,2025,caden|mccoy
TEX_AGG,2025,cunningham|grant
WAG_SEA,2025,aj|hiestand
SET_PIR,2025,benn|patrick
WAG_SEA,2025,grayson|william
SET_PIR,2025,jack|wentworth
WAG_SEA,2025,corso|vincent
WAG_SEA,2025,bonilla|sam
SET_PIR,2025,anthony|ehly
WAG_SEA,2025,cunningham|michael
SET_PIR,2025,byrne|connor
WAG_SEA,2025,frankie|nardo
SET_PIR,2025,calabretti|joey
AUS_GOV,2025,chance|cox
AUS_GOV,2025,cannon|rice
AUS_GOV,2025,aaron|lewis
AUS_GOV,2025,foulke|kade
AUS_GOV,2025,adam|walker
AUS_GOV,2025,solomon|washington
FRE_BUL,2025,galang|jared
SOU_COU,2025,andrew|ressler
SOU_COU,2025,brennen|grams
NMS_AGG,2025,carson|timmons
TAR_TEX,2025,ben|bosse
TAR_TEX,2025,aden|lucas
TAR_TEX,2025,ethan|jaques
TCU_HFG,2025,franco|noah
TAR_TEX,2025,cort|lowry
TAR_TEX,2025,beaird|ryan
LIN_UNI,2025,bennett|stice
MIZ_TIG,2025,christal|victor
LIN_UNI,2025,paschke|tanner
LIN_UNI,2025,carson|subbert
IWC,2025,ej|garcia
TEX_LON,2025,flores|jason
IWC,2025,gus|mckay
IWC,2025,ryan|schlotzhauer
IWC,2025,james|soloman
IWC,2025,braelin|pilot
TEX_LON,2025,connor|mccreery
SAN_TOR,2025,jamie|robertson
GEO_HOY,2025,franco|johan
GEO_COL,2025,crochet|reese
VCU_RAM,2025,michael|walsh
VCU_RAM,2025,coston|elijah
VCU_RAM,2025,riley|roarty
NOR_TAR,2025,bolton|cale
USF_BUL,2025,goldenbaum|matthew
MAN_JAS,2025,preston|tamm
MAN_JAS,2025,christopher|fidanza
NEW_PRI,2025,hayden|odell
SAL_JAG,2025,jarrett|maresco
HBU_HUS,2025,ben|smith
HBU_HUS,2025,cyr|jacob
HBU_HUS,2025,marsh|remy
HBU_HUS,2025,bennevendo|reuben
HBU_HUS,2025,hamilton|jack
HBU_HUS,2025,kyler|mentzel
HOU_COU,2025,lott|malachi
OKL_SOO,2025,gholston|jacob
TEX_TIG,2025,calvin|mcclendon
TEX_TIG,2025,collin|dennis
TEX_TIG,2025,iii|jose|luccioni
GAR_RUN,2025,manriquez|mason
GAR_RUN,2025,franklin|will
GAR_RUN,2025,john|pfeffer
GAR_RUN,2025,gavin|schmitt
GAR_RUN,2025,iannibelli|jack
GAR_RUN,2025,dominic|guzman
GAR_RUN,2025,hobb|jerek
GAR_RUN,2025,jaden|stockton
TEN_TEC,2025,lucas|vega
TEN_TEC,2025,drew|mattox
TEN_TEC,2025,herzog|jared
TEN_TEC,2025,logan|moller
TEN_TEC,2025,lawson|stricklin
TEN_TEC,2025,garret|holpuch
TEN_TEC,2025,jaxson|pridgen
TEN_TEC,2025,high|houston
COP_STA,2025,brandon|stephens
COP_STA,2025,justin|ritz
COP_STA,2025,matthews|michael
COP_STA,2025,keith|wallace
COP_STA,2025,lake|tyrone
WOF_TER,2025,egger|sheldon
WOF_TER,2025,austin|laughlin
WOF_TER,2025,mcmahon|noah
WOF_TER,2025,alec|bouchard
LSU_TIG,2025,conner|ware
WAS_HUS,2025,charlie|denomme
DEL_HOR,2025,jeremy|vest
DEL_HOR,2025,brady|drew
DEL_HOR,2025,hunter|thompson
DEL_BLU,2025,aiden|murphy
DEL_HOR,2025,ethan|johnson
DEL_HOR,2025,mejia|ryan
DEL_BLU,2025,blum|brady
DEL_BLU,2025,matthew|minckler
DEL_BLU,2025,bryan|dylan
MER_COL1,2025,barker|colby
MER_COL1,2025,bradshaw|michael
BRY_BUL,2025,davis|ty
MER_COL1,2025,owen|zadrozny
CAL_BEA,2025,hollis|jj
CAL_BEA,2025,alaniz|lucas
ECU_PIR,2025,jaden|winter
NOF_OSP,2025,clay|hendry
NOF_OSP,2025,furey|ryan
FLA_GAT,2025,janssens|niko
NOF_OSP,2025,etwaru|kai
NOF_OSP,2025,adams|brandon
FLA_GAT,2025,biemiller|mccall
NOF_OSP,2025,cone|josh
NOF_OSP,2025,starling|zane
NOF_OSP,2025,humphrey|kaden
ION_GAE,2025,jackson|kossow
ION_GAE,2025,chiaia|nick
ION_GAE,2025,mata|saul
ION_GAE,2025,rockey|ronald
ION_GAE,2025,lender|tyler
ION_GAE,2025,hard|kyle
GEO_PAN,2025,crews|jacob
UNI_WES,2025,evimael|quiles
UNI_WES,2025,camden|diamond
UNI_WES,2025,dean|will
UNI_WES,2025,davis|williams
UNI_WES,2025,gavin|mask
UNI_WES,2025,ian|moore
UNI_WES,2025,maverick|torres
GIT_YEL,2025,adam|mckelvey
USC_UPS,2025,beaty|kyle
SOU_JAC,2025,caleb|duerr
SOU_JAC,2025,brady|hawkins
SOU_JAC,2025,jirschele|keagen
SOU_JAC,2025,owen|siegert
SOU_JAC,2025,dane|toman
SOU_JAC,2025,jude|sundquist
BUT_BUL,2025,foxson|tate
BUT_BUL,2025,benjamin|tre
BUT_BUL,2025,linde|simon
BUT_BUL,2025,nate|rosser
BUT_BUL,2025,griffiths|jack
BUT_BUL,2025,cade|vota
BUT_BUL,2025,alex|thomas
BUT_BUL,2025,alex|kanipe
BUT_BUL,2025,colin|dailey
BUT_BUL,2025,bello|jack
LOU_CAR,2025,eli|hoyt
LOU_CAR,2025,eberle|ethan
TOW_TIG,2025,jacob|whiteman
TOW_TIG,2025,nabholz|nate
TOW_TIG,2025,salvo|vincent
TOW_TIG,2025,jeske|ryder
UMBC_RET,2025,cunningham|matt
TOW_TIG,2025,leikus|matt
UMBC_RET,2025,nick|remy
TOW_TIG,2025,andrew|luczak
SOU_RED,2025,kayden|kohlberg
SOU_RED,2025,ethan|osborne
FLO_RAT,2025,blake|pacheco
MER_BEA,2025,ford|thompson
FLO_RAT,2025,cody|williams
FLO_RAT,2025,brandon|walker
FLO_RAT,2025,cameron|king
MER_BEA,2025,murphy|zach
TRO_TRJ,2025,jacob|roettgen
UAB_BLA,2025,caleb|pittman
UAB_BLA,2025,isaac|warrick
UAB_BLA,2025,ballard|thomas
TRO_TRJ,2025,colton|walls
UCLA,2025,kaena|kiakona
MOR_EAG,2025,aj|hacker
KEN_WIL,2025,harris|leighton
KEN_WIL,2025,james|mccoy
KEN_WIL,2025,spurrier|zak
KEN_WIL,2025,hayden|smith
KEN_WIL,2025,grubb|logan
NOR_AGG,2025,bright|jordan
NOR_AGG,2025,braxton|davis
NOR_AGG,2025,jr|taili|thompson
NOR_AGG,2025,stirling|thomas
NOR_AGG,2025,darius|robinson
NOR_TAR,2025,chmielewski|tom
SLU_BILL,2025,holman|ty
SLU_BILL,2025,cinpric|richie
SLU_BILL,2025,allen|kobe
SLU_BILL,2025,preston|salazar
ALA_HOR,2025,caleb|sanders
ALA_HOR,2025,kyrin|long
ALA_HOR,2025,larson|will
ALA_HOR,2025,bartkoski|will
ALA_HOR,2025,power|trey
OAK_GOL,2025,austin|fisher
YSU_PEN,2025,fowler|thomas
YSU_PEN,2025,casteel|colin
YSU_PEN,2025,lane|rhodes
YSU_PEN,2025,gavin|wilms
FGCU,2025,dempsey|evan
FGCU,2025,chantres|lucas
MIA_HUR,2025,alex|stanyek
FGCU,2025,mattox|meeks
OKL_SOO,2025,landon|victorian
OKL_SOO,2025,beau|sampson
TEX_TIG,2025,leeroy|tavarez
TEX_TIG,2025,john|moya
TEX_TIG,2025,kameron|walton
OKL_SOO,2025,barfield|jaden
OKL_SOO,2025,crooks|dylan
JMU_DUK,2025,duff|lane
OHI_BOB,2025,geiser|jack
OHI_BOB,2025,hunter|winston
OHI_BOB,2025,barkman|trey
OHI_BOB,2025,adam|beery
OHI_BOB,2025,peck|tyler
WES_MOU,2025,ben|hudson
WES_MOU,2025,glasscock|jj
WOF_TER,2025,compton|mason
WOF_TER,2025,gray|john
DAV_WIL,2025,adam|katz
WOF_TER,2025,michael|sills
DAV_WIL,2025,simon|yochum
WOF_TER,2025,estes|wes
DAV_WIL,2025,jones|parker
DAV_WIL,2025,papciak|will
DAY_FLY,2025,duncan|jackson
BEL_KNI,2025,brower|carson
BEL_KNI,2025,brady|morse
DAY_FLY,2025,dudolski|michael
BEL_KNI,2025,mike|sokol
DAY_FLY,2025,cahill|riley
DAY_FLY,2025,lukasz|rondeau
DAY_FLY,2025,luke|matta
SOU_JAC,2025,madison|ty
SOU_JAC,2025,drew|mcdowell
SOU_JAC,2025,bishop|owen
KAN_JAY,2025,cooper|moore
KAN_JAY,2025,connor|maggi
KAN_JAY,2025,knowles|robbie
KAN_JAY,2025,alex|breckheimer
KAN_JAY,2025,malakai|vetock
IOW_HAW,2025,bleeker|jaron
IOW_HAW,2025,pearson|will
IOW_HAW,2025,guerin|tyler
IOW_HAW,2025,jack|whitlock
IOW_HAW,2025,hackett|justin
WAS_COU,2025,gabe|schneider
GON_BUL,2025,glenn|jared
GON_BUL,2025,garrett|gores
GON_BUL,2025,karsten|sweum
CSD_TRI,2025,gregson|niccolas
ABI_WIL,2025,dominick|reid
WIU_LEA,2025,max|tripure
ALA_HOR,2025,esaid|pena
ALA_HOR,2025,daniel|ortiz
ALA_HOR,2025,james|peterson
ALA_HOR,2025,allred|jackson
MOR_EAG,2025,davis|ethan
MOR_EAG,2025,jonah|sibley
MOR_EAG,2025,blake|hager
OSU_BUC,2025,hill|spencer
CAL_MUS,2025,montgomery|paul
COL_CHA,2025,chase|jarnagin
BRY_BUL,2025,birchard|owen
LON_LAN,2025,chadwell|jacob
BEL_KNI,2025,cole|mcmichael
MER_UNI,2025,aiden|kelly
MER_UNI,2025,kirsch|nolan
MER_UNI,2025,helms|joey
MER_UNI,2025,anthony|krause
IND_SYC,2025,carson|seeman
IND_SYC,2025,armstrong|jack
IND_SYC,2025,banker|brady
VIR_TEC,2025,berzonski|josh
IND_SYC,2025,chace|cole
IND_SYC,2025,cole|pacheco
DAR_GRE,2025,sejnoha|trey
DAR_GRE,2025,bauer|shane
VIR_CAV,2025,charlie|oschell
PRI_TIG,2025,episcope|sean
CAN_GRI,2025,greenleaf|tyler
SAM_BEA,2025,peterson|ryan
SAM_BEA,2025,baumann|garrett
SAM_BEA,2025,caden|copeland
SAM_BEA,2025,johnson|zak
SIE_SAI,2025,tilton|tyler
SIE_SAI,2025,noah|rodriguez
SIE_SAI,2025,evan|saulys
SIE_SAI,2025,nolan|puglisi
SIE_SAI,2025,glickman|markanthony
ALA_ANM,2025,jaiden|proper
GEO_PAN,2025,brian|crooms
GEO_PAN,2025,brantley|upshaw
WMI_BRO,2025,joe|shapiro
WMI_BRO,2025,gernon|jacob
NOR_SPA,2025,fuller|walker
NOR_SPA,2025,mac|yarbrough
NOR_SPA,2025,hampton|parker
UMASS_RIV,2025,alfred|mucciarone
UMASS_RIV,2025,andres|hulfachor
UMASS_RIV,2025,dirito|nicholas
RID_BRO,2025,gavin|hawkes
SOU_JAC,2025,samuel|schlecht
SOU_JAC,2025,arbogast|reece
LOU_BUL,2025,kade|parker
NOR_CAT,2025,grunkemeyer|jack
DUK_BLU,2025,marcello|mastroianni
GAR_RUN,2025,bertram|reid
APP_MOU,2025,calvert|clark
APP_MOU,2025,beaty|jake
KAN_JAY,2025,dominic|voegele
KAN_JAY,2025,cubbler|jake
KAN_JAY,2025,carr|kannon
XAV_MUS,2025,evan|whiteaker
BRO_BEA,2025,gottam|santhosh
BRO_BEA,2025,begnaud|stiles
BRO_BEA,2025,brenden|kline
NOK_NOR,2025,carson|french
NOK_NOR,2025,castaneda|mj
MIA_RED,2025,charlie|dieruf
MSM_MTN,2025,jr|moore|tommy
MSM_MTN,2025,kaden|kimble
STE_HAT,2025,heyl|matthew
WRI_RAI,2025,ben|zink
UCO_HUS,2025,oliver|pudvar
UCO_HUS,2025,cayden|suchy
UCO_HUS,2025,greg|shaw
UCO_HUS,2025,kyle|peters
COL_LION,2025,brendan|murphy
COL_LION,2025,martin|zhang
BYU_COU,2025,brett|hansen
GON_BUL,2025,hammer|kale
MIN_GOL,2025,cole|selvig
MIN_GOL,2025,joe|sperry
RIC_SPI,2025,paul|witkop
RIC_SPI,2025,hill|hugh
EMU_EAG,2025,beckner|drew
EMU_EAG,2025,davis|ethan
NMS_AGG,2025,jack|turner
YAL_BUL,2025,colton|shaw
YAL_BUL,2025,kelley|mick
CIT_BUL,2025,anderson|chandler
FOR_MAS,2025,leo|mcenulty
FOR_MAS,2025,chrapliwy|joe
SOU_RED,2025,caden|kickhaefer
FOR_MAS,2025,nagy|theo
SOU_RED,2025,anthony|klein
PAC_TIG,2025,bryce|cruz
PAC_TIG,2025,josh|souza
PAC_TIG,2025,jarryd|wood
PAC_TIG,2025,carson|revay
GRA_CAN,2025,isaac|lyon
TEX_BOB,2025,jackson|mayo
GRA_CAN,2025,connor|mattison
PUR_BOI,2025,carter|doorn
PUR_BOI,2025,michael|vallone
AKR_ZIP,2025,pangborn|ty
UTA_WOL,2025,corbin|kirk
CAL_AGO,2025,lerma|mason
UTA_WOL,2025,landon|zaborowski
CAL_AGO,2025,barnes|ii|matthew
UTA_WOL,2025,kimmel|luke
UTA_WOL,2025,franky|lopez
CAL_AGO,2025,batres|sal
UTA_WOL,2025,sawyer|wickstrom
VAN_COM,2025,jd|thompson
SBU_SEA,2025,alex|jankowski
SBU_SEA,2025,panariello|ty
SBU_SEA,2025,evan|kay
NOR_TAR,2025,boston|flannery
UCF_KNI,2025,bellis|drew
UCF_KNI,2025,gray|mateo
JUD,2025,long|richard
JUD,2025,corbett|garrett
SAL_JAG,2025,cooksey|cooper
JUD,2025,fernald|josh
CAL_MAT,2025,king|kody
WIC_SHO,2025,dobbs|tyler
WAG_SEA,2025,connor|hayden
WAG_SEA,2025,hayashi|heitaro
WAG_SEA,2025,gorman|zachary
WIN_EAG,2025,nick|vesselinovic
DAY_FLY,2025,carson|samuels
DAY_FLY,2025,ayden|tran
ALA_LIO,2025,brycen|parrish
ALA_LIO,2025,dylan|morrill
ARK_LIO,2025,brown|jayden
ABI_WIL,2025,benson|chandler
ALA_HOR,2025,smith|will
MOR_EAG,2025,brodie|shaw
CAL_MUS,2025,erik|kvidahl
CRE_BLU,2025,john|mcdonald
CRE_BLU,2025,omalley|robert
COL_CHA,2025,garrick|murray
COL_CHA,2025,kevin|steelman
LON_DIR,2025,larson|van
ALB_GRE,2025,kyle|mccaffrey
MER_UNI,2025,daniel|thomas
MER_UNI,2025,dylan|skidmore
MER_UNI,2025,hamilton|nick
RAD_HIG,2025,breckin|nace
RAD_HIG,2025,clatterbaugh|clay
IND_SYC,2025,grant|parson
IND_SYC,2025,aaron|moss
VIR_CAV,2025,alex|markus
FLO_SEM,2025,manca|payton
FLO_SEM,2025,barrett|david
CAN_GRI,2025,albano|noah
NEB,2025,blake|encarnacion
NOT_IRI,2025,justin|mayes
JMU_DUK,2025,adam|horvath
UWM_PAN,2025,cole|spitzer
UWM_PAN,2025,eamonn|mulhern
UWM_PAN,2025,dj|kojis
ETS_BUC,2025,cason|engert
ETS_BUC,2025,jack|vest
SIE_SAI,2025,holden|phelps
SIE_SAI,2025,sausville|tyler
SIE_SAI,2025,botelho|marcus
MER_COL1,2025,cespedes|louis
ARM_BLA,2025,abell|mark
MIC_SPA,2025,maxey|zach
HAR_CRI,2025,owen|tahnk
ALA_ANM,2025,scott|trey
GEO_PAN,2025,heath|virgil
NOR_SPA,2025,nathaniel|varnier
NOR_SPA,2025,blakeney|ethan
NOR_SPA,2025,driscoll|reid
UMASS_RIV,2025,brendan|holland
UMASS_RIV,2025,geisler|nolan
UMASS_RIV,2025,cota|miles
UMASS_RIV,2025,jake|lefrancois
UMASS_RIV,2025,michael|simes
UMASS_RIV,2025,kevin|rourke
USC_UPS,2025,hemmerling|reece
RID_BRO,2025,colby|mcneely
RID_BRO,2025,greenzang|jared
RID_BRO,2025,gallagher|will
SOU_JAC,2025,arlen|peters
SOU_JAC,2025,driessen|dylan
SOU_JAC,2025,goble|jake
SOU_JAC,2025,alex|clemons
QUN_RYL,2025,green|kensen
LON_ISL22,2025,finarelli|nick
LEH_MOU,2025,cole|leaman
LEH_MOU,2025,max|treonze
FDU_KNI,2025,james|vlastaris
FDU_KNI,2025,cole|vida
MAR_THU,2025,albright|blaine
GAR_RUN,2025,jace|presley
APP_MOU,2025,caleb|marks
APP_MOU,2025,boyd|carter
LOU_CAR,2025,jake|schweitzer
GEO_EAG,2025,landry|mead
GEO_EAG,2025,alex|mason
CAM_CAM,2025,kale|scruggs
TOW_TIG,2025,max|simpson
TOW_TIG,2025,cunnane|jace
TOW_TIG,2025,lynch|matthew
TOW_TIG,2025,emmons|kyle
BRO_BEA,2025,christian|keel
BRO_BEA,2025,barth|carter
BRO_BEA,2025,dubie|peter
MSM_MTN,2025,sarre|serigne
MSM_MTN,2025,andrews|jake
MSM_MTN,2025,andrew|cheripka
MSM_MTN,2025,katch|stephen
FLO_RAT,2025,garrett|workman
FLO_RAT,2025,carson|kelly
FLO_RAT,2025,langley|trenton
KAN_JAY,2025,manning|west
UNO_MAV,2025,brummund|gavin
KAN_JAY,2025,thaniel|trumper
UNO_MAV,2025,grant|wagner
KAN_JAY,2025,eric|lin
KAN_JAY,2025,dalton|smith
CEN_MIC,2025,jackson|smith
WES_HIL,2025,hunter|small
COL_LION,2025,aj|valle
COL_LION,2025,andrew|argenziano
ORE_DUC,2025,bradley|tanner
ORE_DUC,2025,evaniew|isaac
COL_LION,2025,bowman|justin
MIN_GOL,2025,hemmesch|tyler
BOC_EAG,2025,burnham|jacob
EMU_EAG,2025,kapa|tyler
EMU_EAG,2025,michael|pfeiffer
EMU_EAG,2025,boothe|eric
EMU_EAG,2025,keane|nick
NMS_AGG,2025,cooper|reese
STB_BON,2025,michael|salina
STB_BON,2025,conor|wolf
YAL_BUL,2025,cohen|daniel
YAL_BUL,2025,evans|tate
SOU_RED,2025,mason|pennington
SOU_RED,2025,eddie|white
SOU_RED,2025,cade|perkins
RHO_RAM,2025,colin|maloney
PAC_TIG,2025,adan|perez
PAC_TIG,2025,ethan|shaver
RUT_SCA,2025,fithian|luke
TCU_HFG,2025,blake|rogers
EVA_ACE,2025,jacob|jarvis
EVA_ACE,2025,james|ryan
EVA_ACE,2025,jack|wills
GRA_CAN,2025,ahern|garrett
GRA_CAN,2025,elijah|higginbottom
PUR_BOI,2025,avery|cook
MAI_BLA,2025,martorano|thomas
MAI_BLA,2025,brennan|rumpf
MAI_BLA,2025,friedman|pierce
MAI_BLA,2025,evan|scott
GEO_COL,2025,aponick|jonas
UCO_HUS,2025,emon|gabe|van
UCLA,2025,august|souza
UCO_HUS,2025,abbadessa|jude
UCO_HUS,2025,caruso|jt
HOF_PRI,2025,gallello|nicholas
HOF_PRI,2025,heyman|michael
KEN_WIL,2025,bradley|ferrell
JUD,2025,barquin|blake
JUD,2025,aaron|zenus
JUD,2025,caleb|freeman
JUD,2025,layton|perry
ARL_MAV,2025,colletti|zac
UTS_ROA,2025,braylon|owens
OKL_SOO,2025,jackson|kircher
WIC_SHO,2025,jack|mount
WAG_SEA,2025,jake|toporek
WAG_SEA,2025,andrew|ravelo
WAG_SEA,2025,jason|masick
MOY_MOY,2025,freer|steve
ALA_LIO,2025,patterson|tripp
ARK_LIO,2025,jaedon|willis
WIU_LEA,2025,freddy|romano
ALA_HOR,2025,kyler|mcintosh
OSU_BUC,2025,butler|ryan
MER_UNI,2025,arnold|brandon
MER_UNI,2025,andrew|malec
MER_UNI,2025,bazala|jacob
RAD_HIG,2025,nick|petit
IND_SYC,2025,brooks|ty
IND_SYC,2025,colby|morse
KS_GF,2025,evan|holewinski
VIR_TEC,2025,cameron|lejeune
MIA_HUR,2025,carson|fischer
MIA_HUR,2025,smith|will
FLA_GAT,2025,gomberg|jacob
CAN_GRI,2025,brian|smith
NEB,2025,broderick|luke
NEB,2025,casey|daiss
SAM_BEA,2025,felix|schelde
UNL_REB,2025,fowler|ross
FLO_PAN,2025,julian|mlodzinski
MER_COL1,2025,bobby|loper
FLO_PAN,2025,logan|voelz
ARM_BLA,2025,joe|valchar
AIR_FOR,2025,collier|joey
AIR_FOR,2025,gilmore|gunner
ALA_ANM,2025,avery|seaton
WMI_BRO,2025,cole|gebben
NOR_SPA,2025,liam|royster
NOR_SPA,2025,donovan|whitfield
NOR_SPA,2025,mitchell|tyler
VIR_KEY,2025,justin|spiegel
UMASS_RIV,2025,kevin|zarnoch
UMASS_RIV,2025,brian|foley
UMASS_RIV,2025,jacob|jette
LOU_BUL,2025,bryce|dolby
LOU_CAR,2025,brandin|crawford
KAN_JAY,2025,patrick|steitz
STA_CAR,2025,cohen|gomez
XAV_MUS,2025,gadd|jared
WAS_COU,2025,fazio|nick
BRO_BEA,2025,luke|trout
BRO_BEA,2025,bryan|yang
BRO_BEA,2025,ian|keusch
ELO_PHO,2025,ryan|sprock
SLU_BILL,2025,salas|stryder
MSM_MTN,2025,crowe|owen
MSM_MTN,2025,foster|jakob
MSM_MTN,2025,brandon|rice
MSM_MTN,2025,daniel|salisbury
MSM_MTN,2025,derossicytron|eli
MSM_MTN,2025,max|mccrary
MSM_MTN,2025,arnold|jake
CEN_MIC,2025,kloha|lane
CEN_MIC,2025,brown|jake
WRI_RAI,2025,brayden|schoetzow
MIN_GOL,2025,caden|capomaccio
EMU_EAG,2025,bobby|jones
EMU_EAG,2025,cal|rutherford
EMU_EAG,2025,drew|norris
EIU_PAN,2025,marshall|nathan
YAL_BUL,2025,jack|ohman
YAL_BUL,2025,ethan|lewis
YAL_BUL,2025,alex|hwang
YAL_BUL,2025,capell|mark
SOU_COU,2025,garrett|helsel
SOU_COU,2025,gabe|nutter
PUR_FOR,2025,greenwood|tyson
PUR_FOR,2025,drew|evans
PUR_FOR,2025,garland|sam
PUR_FOR,2025,aidan|pearson
PUR_FOR,2025,bryce|martens
PAC_TIG,2025,guardado|jakob
PAC_TIG,2025,nathen|nino
PAC_TIG,2025,austin|mckinney
MON_HAW,2025,ciccone|jacob
GEO_PAT,2025,ty|uchman
GEO_PAT,2025,gardner|meeks
SAN_BRO,2025,bryce|padilla
SAN_BRO,2025,braga|vincent
MIZ_TIG,2025,brady|kehlenbrink
GRA_CAN,2025,chance|key
GRA_CAN,2025,barrett|skaugrud
GRA_CAN,2025,jace|smith
GRA_CAN,2025,quinn|walter
AKR_ZIP,2025,bednar|taylor
AKR_ZIP,2025,brett|dietrich
AKR_ZIP,2025,flowers|sean
PUR_BOI,2025,austin|klug
PUR_BOI,2025,matthew|tarr
MAI_BLA,2025,jason|libby
CAL_AGO,2025,tyler|wood
UTA_WOL,2025,crane|wayland
CAL_AGO,2025,hippensteel|max
CAL_AGO,2025,anzai|keenan
UTA_WOL,2025,garrett|miller
UTA_WOL,2025,bejarano|mario
UTA_WOL,2025,harmon|joey
CAL_AGO,2025,carter|delaney
UTA_WOL,2025,carter|krosky
UTA_WOL,2025,albrecht|george
UCO_HUS,2025,ellisen|thomas
UCO_HUS,2025,afthim|brady
FGCU,2025,chase|kriebel
GEO_BUL,2025,farley|paul
SBU_SEA,2025,colagrande|hunter
SBU_SEA,2025,micah|worley
SBU_SEA,2025,mariella|vincent
SBU_SEA,2025,dieguez|ryan
PIT_PAN,2025,faulcon|kayden
PIT_PAN,2025,czajkowski|noah
NAV_MID,2025,bibb|ryan
SAC_PIO,2025,charles|costello
JUD,2025,collin|rothermel
JUD,2025,anthony|cordero
JUD,2025,brooks|grant
JUD,2025,kyle|powers
JUD,2025,anello|nick
HOU_COU,2025,benzor|michael
ARL_MAV,2025,jojo|medellin
ARL_MAV,2025,caden|cline
SAN_TOR,2025,nick|suspenzi
WAG_SEA,2025,colin|trizuto
WAG_SEA,2025,davis|keith
WAG_SEA,2025,justin|roitman
WAG_SEA,2025,chris|collina
WAG_SEA,2025,mazzotta|nick
WIN_EAG,2025,frese|zane
ALA_LIO,2025,davenport|luke
LON_DIR,2025,jakob|russell
LOR_DUH,2025,danny|hiemer
LOR_DUH,2025,kayden|shivers
LOR_DUH,2025,benjamin|henthorn
LOR_DUH,2025,aiden|ohara
LOR_DUH,2025,mason|tokarzderam
LOR_DUH,2025,ben|shea
LOR_DUH,2025,couch|kameron
TOW_TIG,2025,deprospero|dutch
TOW_TIG,2025,henry|ortiz
NMS_AGG,2025,barreda|fernando
NMS_AGG,2025,colton|sneddon
CAL_LAN,2025,kittredge|ryan
CAL_LAN,2025,palmer|ryne
CAL_LAN,2025,malki|michael
CAL_LAN,2025,carson|olsen
RUT_SCA,2025,jack|kirchner
RUT_SCA,2025,connor|grotyohann
TAR_TEX,2025,olson|tyler
TAR_TEX,2025,brendon|carter
TAR_TEX,2025,davis|karsen
TAR_TEX,2025,fiene|peyton
TAR_TEX,2025,andrew|hardin
TAR_TEX,2025,johnston|rj
SAC_PIO,2025,pj|rogan
MER_COL1,2025,lucas|riley
BRY_BUL,2025,clifford|sean
BOC_EAG,2025,brady|miller
TEX_RAI,2025,hutyra|parker
TEX_RAI,2025,jordan|will
TEX_RAI,2025,connor|mohan
VIR_CAV,2025,jack|oconnor
NOF_OSP,2025,jordan|wimpelberg
NOF_OSP,2025,aaron|potter
NOF_OSP,2025,jacob|thomas
NOF_OSP,2025,baker|brennan
BEL_BRU,2025,brock|logan
KEN_WIL,2025,harris|nate
EKU_COL,2025,price|william
KEN_WIL,2025,hunter|tristan
KEN_WIL,2025,skelding|tommy
SBU_SEA,2025,john|rizzo
FOR_RAM,2025,james|redick
YAL_BUL,2025,ben|winslow
SIE_SAI,2025,lawson|mcintosh
YAL_BUL,2025,dj|peterson
SIE_SAI,2025,paltridge|richard
MIS_BEA,2025,brody|mcniel
MIS_BEA,2025,dalen|stewart
ALB_LIO,2025,hayden|mcdonald
LEH_MOU,2025,anthony|gonzalez
ALB_LIO,2025,hudson|ii|wayne
ALB_LIO,2025,khandagle|lukas
LEH_MOU,2025,ingino|jack
ALB_LIO,2025,brian|hoffman
ALB_LIO,2025,landyn|shaw
ALB_LIO,2025,hardisky|ryan
ALB_LIO,2025,bell|quincy
ALB_LIO,2025,conner|lane
ALB_LIO,2025,gerardi|matthew
LEH_MOU,2025,taddei|val
NIC_COL,2025,alex|roux
LOU_BUL,2025,cj|sturiale
OHI_BOB,2025,jacob|tate
MAR_THU,2025,brandon|brunette
OHI_BOB,2025,bryant|luke
OHI_BOB,2025,adam|beery
OHI_BOB,2025,ethan|stewart
OHI_BOB,2025,julian|robertson
WAK_DEA,2025,chris|levonas
APP_MOU,2025,lewis|zach
WAK_DEA,2025,nate|whysong
DIL_UNI1,2025,burnett|kejuan
DIL_UNI1,2025,daryl|jr|tillman
MCN_COW,2025,max|swenson
DIL_UNI1,2025,joshua|meekins
DIL_UNI1,2025,carey|jr|simon
DIL_UNI1,2025,coleman|keymoni
FLA_GAT,2025,blaine|rowland
LSU_TIG,2025,chandler|dorsey
SOU_TRO,2025,ben|cushnie
FDU_KNI,2025,barbarino|joe
PEN_NIT,2025,andrews|will
PEN_NIT,2025,carson|renner
MIA_RED,2025,connor|preisel
ARI_SUN,2025,arlich|max
TOW_TIG,2025,jonathan|rosario
TOW_TIG,2025,leo|simpson
TOW_TIG,2025,karls|nick
TOW_TIG,2025,alex|cromwell
TOW_TIG,2025,mj|phillips
RIC_OWL,2025,caleb|williams
RIC_OWL,2025,fuentes|marco
SAN_SPA,2025,luca|staiano
SAN_SPA,2025,brassesco|dominic
SAN_SPA,2025,reeve|timmy
HOL_CRU,2025,russotti|will
HOL_CRU,2025,augie|walters
GEO_PAT,2025,ament|ryan
HOL_CRU,2025,jake|needham
GEO_PAT,2025,dylan|mccarthy
TEX_ISL,2025,easten|smith
TEX_ISL,2025,bryson|shea
TEX_ISL,2025,braden|larusso
TEX_ISL,2025,adam|muirhead
TEX_ISL,2025,crane|tristan
TEX_ISL,2025,infranca|michael
TEX_LON,2025,hamilton|hudson
TEX_ISL,2025,luke|robertson
TEX_LON,2025,bryce|navarre
UMBC_RET,2025,droz|sergio
GEO_COL,2025,brayden|kurtz
MIC_WOL,2025,keegan|ohearn
MIC_WOL,2025,barr|preston
MIC_WOL,2025,brandon|newland
GEO_BUL,2025,nate|taylor
UNC_SPA,2025,greenway|william
HOF_PRI,2025,bedford|chris
HOF_PRI,2025,aidan|gallagher
UTR_VAQ,2025,barrera|daren
UTR_VAQ,2025,jack|lopez
UTR_VAQ,2025,bonilla|robert
UTR_VAQ,2025,nicholas|nolan
UTR_VAQ,2025,caden|wanless
UTR_VAQ,2025,henderson|rex
UTR_VAQ,2025,anthony|tejada
SAN_TOR,2025,david|horn
CAL_ANT,2025,brooks|ryder
SAN_TOR,2025,brian|harbour
SOU_GAM,2025,caleb|jones
NOR_SPA,2025,nyenati|snoh
NOR_SPA,2025,samboy|yasseel
VIR_TEC,2025,matt|westley
ALA_HOR,2025,douglas|kameron
WIC_SHO,2025,langbehn|nate
WIC_SHO,2025,colton|vercoe
ABI_WIL,2025,colin|huspen
FAU_OWL,2025,carter|holjes
FAU_OWL,2025,andrews|steven
CSD_TRI,2025,ernisse|zach
CSD_TRI,2025,nickerson|trevor
BET_WIL,2025,angel|lopez
TEN_TEC,2025,brafa|jack
BEL_BRU,2025,jake|morrissey
TEN_TEC,2025,mcduffie|reece
BEL_BRU,2025,gandhi|krish
BEL_BRU,2025,caleb|guisewite
MT,2025,isaac|lucas
LIT_TRO,2025,cooper|seth
LIT_TRO,2025,brenden|katz
LIT_TRO,2025,sebren|waylon
MIC_SPA,2025,gannon|grundman
MIC_SPA,2025,brewer|garrett
MIC_SPA,2025,josh|klug
ILL_RED,2025,chadwick|tyrelle
ILL_RED,2025,berger|leo
CLE_TIG,2025,tylerpaul|wentworth
NOR_BIS,2025,garrett|shupe
LSU_TIG,2025,beck|dalton
XAV_MUS,2025,samuel|stevens
TEN_VOL,2025,brayden|krenzel
LOU_CAJ,2025,maddox|mandino
SOU_GOL,2025,long|ty
JAC_TIG,2025,carson|foster
JAC_TIG,2025,didder|nkosi
NEW_PRI,2025,cade|mitchell
JAC_TIG,2025,jeandrick|lourens
JAC_TIG,2025,cj|lewis
NEW_PRI,2025,canaan|clayton
JAC_TIG,2025,erick|gonzales
NEW_PRI,2025,gus|rogers
MUR_RAC,2025,hustedde|jacob
OLE_REB,2025,rabe|taylor
OLE_REB,2025,cooper|johnson
MUR_RAC,2025,graham|kelham
MUR_RAC,2025,harper|mclendon
MUR_RAC,2025,jack|wajda
TEX_AGG,2025,gavin|lyons
TEX_TIG,2025,jose|luccioni
SEA_RED,2025,haynes|rowan
RIC_OWL,2025,nolan|roycraft
HOU_COU,2025,david|stich
RIC_OWL,2025,matthew|rheaume
TCU_HFG,2025,klecker|kole
UNC_SPA,2025,dylan|smith
ELO_PHO,2025,nomura|sam
UNC_SPA,2025,hazen|lancaster
SAM_BEA,2025,cole|marthiljohni
SAM_BEA,2025,hickman|tate
SAM_BEA,2025,danny|valadez
OAK_GOL,2025,ruhle|stephen
OAK_GOL,2025,ethan|henry
MIA_HUR,2025,evans|rob
NOR_SPA,2025,crocker|myles
NOR_SPA,2025,ryan|sellers
NOR_SPA,2025,cj|patterson
VIR_TEC,2025,brendan|cowen
NOR_SPA,2025,campbell|landen
VIR_TEC,2025,cade|drohan
STB_BON,2025,david|james
STB_BON,2025,alex|barger
STB_BON,2025,tom|wilkie
STB_BON,2025,kade|walker
STB_BON,2025,chance|moore
STB_BON,2025,gilbert|iii|saunders
TOW_TIG,2025,brett|selis
ARI_WIL,2025,bryce|mcknight
CAL_LAN,2025,cody|new
AIR_FOR,2025,joshua|shropshire
CAL_LAN,2025,niko|urquidi
PRA_PAN,2025,grant|landyn
PRA_PAN,2025,bravo|leonardo
PRA_PAN,2025,medrano|seve
POR_PIL,2025,carter|gaston
POR_PIL,2025,jt|landwehr
TEX_ISL,2025,garcia|zach
TEX_ISL,2025,cam|soliz
HAR_CRI,2025,callan|fang
NOT_IRI,2025,jack|walker
NOT_IRI,2025,lee|oisin
SAC_PIO,2025,aidan|gray
EKU_COL,2025,chardy|tierney
FAU_OWL,2025,beard|trey
FAU_OWL,2025,buckler|ryan
FAU_OWL,2025,abbazia|joseph
COR_BRE,2025,carson|mayfield
COR_BRE,2025,porter|ryan
UAB_BLA,2025,cj|ellis
ARM_BLA,2025,calvo|walker
STO_COL,2025,hebert|mason
SAL_JAG,2025,boardwine|sam
LOU_CAR,2025,kian|vorster
TEX_BOB,2025,dylan|kerbow
UCF_KNI,2025,camden|wicker
UCF_KNI,2025,dakota|stone
UWM_PAN,2025,bleck|parker
KAN_JAY,2025,brasosky|gavin
KAN_JAY,2025,haro|naun
KAN_JAY,2025,crawford|kasey
ARK_LIO,2025,major|spence
STE_LUM,2025,cody|templeton
STB_BON,2025,capellupo|iii|james
TEN_VOL,2025,doyle|liam
STB_BON,2025,klementowski|ryan
STB_BON,2025,cam|demos
TEN_VOL,2025,brayden|may
UTR_VAQ,2025,angelo|cabral
UTR_VAQ,2025,wiatrek|wyatt
UTR_VAQ,2025,oliva|steven
SOU_JAG,2025,grace|ranard
WES_HIL,2025,cole|heath
ILL_RED,2025,harper|thomas
OKL_COW,2025,jacob|kennedy
OLD_MON,2025,dylan|tostrup
THO_M,2025,kruzan|marcus
THO_M,2025,evan|jackson
BET_WIL,2025,boccabello|tanner
FGCU,2025,chris|diaz
BET_WIL,2025,jean|zambrano
NOR_HUS,2025,charlie|walker
NOR_HUS,2025,andrew|basel
NOR_HUS,2025,coniglio|nick
NOR_HUS,2025,james|morice
GEO_COL,2025,drew|harris
GEO_COL,2025,aidan|carey
CAN_GRI,2025,debrocky|tyler
NOR_TAR,2025,dylan|weber
NOR_TAR,2025,hench|ryan
UMA_AMH,2025,oconnor|robbie
UMA_AMH,2025,andrew|middleton
NAV_MID,2025,adyn|lucero
EMU_EAG,2025,kreuzer|niko
GRA_TIG,2025,randy|reyes
HOU_COU,2025,connor|osier
HOU_COU,2025,moten|nick
MIA_HUR,2025,fernandez|michael
MIA_HUR,2025,collera|lazaro
MIA_HUR,2025,ashford|ryan
ULM_WAR,2025,seaver|sheets
AIR_FOR,2025,downing|marcus
CAL_LAN,2025,finazzo|kade
PRA_PAN,2025,carlton|tyson
PRA_PAN,2025,dove|kemar
PRA_PAN,2025,granson|michael
PRA_PAN,2025,marcus|mcmillian
ABI_WIL,2025,cone|henry
ABI_WIL,2025,callaway|stetson
RUT_SCA,2025,andrew|rondini
POR_PIL,2025,kaden|segel
POR_PIL,2025,nolan|umlandt
TEX_ISL,2025,luke|singleton
TEX_ISL,2025,darden|nathan
TEX_ISL,2025,cano|dante
NIC_COL,2025,cloward|kaden
COA_CHA,2025,ellison|oliver
ECU_PIR,2025,irby|michael
ECU_PIR,2025,brashear|tyler
BOC_EAG,2025,aidan|harrington
VIR_CAV,2025,buchanan|matthew
WRI_RAI,2025,grant|stratton
WRI_RAI,2025,nate|shaw
MIC_WOL,2025,joshua|kasner
LOU_BUL,2025,fontenot|landon
SOU_IND16,2025,kiefer|parsons
UIC_FLA,2025,johnson|parker
STE_LUM,2025,dylan|mulcahy
STE_LUM,2025,david|irons
STB_BON,2025,gabe|watts
STB_BON,2025,catneyforbes|ethan
QUN_RYL,2025,adrian|quezada
MSU_BDG,2025,mcpherson|ryan
MSU_BDG,2025,duke|stone
UTR_VAQ,2025,loa|victor
UTR_VAQ,2025,harrison|thayer
SOU_JAG,2025,banks|nyle
SOU_JAG,2025,luckett|nicholas
SOU_JAG,2025,brown|oliver
SOU_JAG,2025,grace|rashard
SOU_JAG,2025,casey|coates
SOU_JAG,2025,jorge|vazquez
SOU_JAG,2025,huff|peyton
VAL_CRU,2025,bennett|musser
LAF_LEP,2025,james|reese
UMASS_RIV,2025,bedder|dylan
RIC_SPI,2025,dylan|siesky
THO_M,2025,bryce|leedle
THO_M,2025,dalen|kody
THO_M,2025,max|skilbeck
YAL_BUL,2025,spadaccini|teo
BET_WIL,2025,core|joel
BET_WIL,2025,ducasse|isaiah
FGCU,2025,baisley|logan
MIZ_TIG,2025,josh|kirchhoff
NOR_HUS,2025,gitlin|max
NOR_HUS,2025,griffin|ryan
ARI_WIL,2025,christian|coppola
CAN_GRI,2025,bill|enright
UMA_AMH,2025,callen|powers
UMA_AMH,2025,adam|merritt
UMA_AMH,2025,belliveau|sam
UMA_AMH,2025,jack|levine
UMA_AMH,2025,bobby|mcdonough
EMU_EAG,2025,fischer|hendershot
GRA_TIG,2025,martinez|mason
GRA_TIG,2025,javier|martinez
PRA_PAN,2025,ahmar|donatto
PRA_PAN,2025,dakari|hayes
PRA_PAN,2025,jeffrey|polledo
PRA_PAN,2025,sanchez|trace
PRA_PAN,2025,demarques|thompson
APP_MOU,2025,everette|harris
POR_PIL,2025,rembisz|ryan
POR_PIL,2025,curtis|hebert
BAY_BEA,2025,bergman|brayden
TEX_ISL,2025,david|dean
MAR_TER,2025,koester|logan
MAI_BLA,2025,dylan|shaffer
MAI_BLA,2025,alex|primeau
MAI_BLA,2025,martin|tommy
FAU_OWL,2025,james|litman
MT,2025,james|smith
MIC_SPA,2025,gavin|moczydlowsky
UNC_SEA,2025,connor|kane
UIC_FLA,2025,bak|brandon
UIC_FLA,2025,lawler|reece
KAN_WIL,2025,miles|smith
CCU_BLD,2025,alex|dreyfus
CCU_BLD,2025,jr|tj|winn
CCU_BLD,2025,brock|pare
CCU_BLD,2025,cameron|wyatt
LON_ISL22,2025,benhardt|nicolas
STE_LUM,2025,balmaceda|elian
LOU_CAJ,2025,aiden|grab
LOU_CAJ,2025,matthew|osteen
MSU_BDG,2025,burns|dane
MSU_BDG,2025,kevin|mannell
MSU_BDG,2025,cade|oleary
UTR_VAQ,2025,jacob|limas
VAL_CRU,2025,deuce|ii|musial
ILL_RED,2025,braden|roesch
ILL_RED,2025,joey|wilmoth
ILL_RED,2025,schriefer|toby
ILL_RED,2025,lawson|minshew
ILL_RED,2025,anthony|pardo
OKL_COW,2025,ferris|kash
ILL_RED,2025,ryan|weaver
ILL_RED,2025,finn|jack
STJ_HAW,2025,nathan|stein
STJ_HAW,2025,bowen|ethan
THO_M,2025,jacob|mrosko
THO_M,2025,riane|ritter
BET_WIL,2025,edwin|jr|sanchez
BET_WIL,2025,garrido|sebastian
CAL_AGO,2025,frutchey|ned
CAL_AGO,2025,carter|speights
CAL_AGO,2025,noel|valdez
CRE_BLU,2025,cancellieri|dominic
SOU_COU,2025,duenas|zach
UMA_AMH,2025,justin|masteralexis
UMA_AMH,2025,jensen|mikey
UMA_AMH,2025,dylan|terwilliger
TEX_TIG,2025,james|malone
TEX_TIG,2025,joshua|prieto
GRA_TIG,2025,shaw|trenton
GRA_TIG,2025,allen|payton
GRA_TIG,2025,bates|ethan
UCO_HUS,2025,devin|wolff
SAM_BEA,2025,bennett|devin
SAM_BEA,2025,danny|valadez
SAM_BEA,2025,cam|diaz
SAM_BEA,2025,baumann|garrett
TEX_ISL,2025,burdick|gage
OHI_BOB,2025,cerha|jimmy
COL_CHA,2025,eggert|mike
WOF_TER,2025,comstock|grant
CEN_BEA,2025,perry|titlow
CEN_BEA,2025,jake|jones
CEN_BEA,2025,collins|tate
CEN_BEA,2025,alveti|gavin
CEN_BEA,2025,lorence|luke
CEN_BEA,2025,jackson|schwank
CEN_BEA,2025,coleman|macrae
CEN_BEA,2025,alexander|hunter
SAM_BEA,2025,kendrick|noah
SAM_BEA,2025,hickman|tate
SAM_BEA,2025,connor|mondey
RHO_RAM,2025,fletcher|nathan
BRY_BUL,2025,jack|pletter
BRY_BUL,2025,gorman|greg
RHO_RAM,2025,joseph|sabbath
STB_BON,2025,jaxson|ross
BIN_BEA,2025,chris|sleeper
BIN_BEA,2025,daniel|mcaliney
LON_DIR,2025,michael|pirrello
UTA_UTE,2025,demitri|diamant
UTA_UTE,2025,carter|wall
NOR_AGG,2025,mckinney|solomon
NOR_WOL,2025,derrick|smith
AUG_COL,2025,adam|bendoraitis
AUG_COL,2025,demarlie|zach
AUG_COL,2025,ethan|mcgraw
AUG_COL,2025,addison|southwick
AUG_COL,2025,melby|nathan
AUG_COL,2025,brian|fischer
AUG_COL,2025,bergeron|jeremy
AUG_COL,2025,cameron|miller
AUG_COL,2025,cam|emmons
AUG_COL,2025,buckalew|jack
AUG_COL,2025,ethan|witzel
AUG_COL,2025,blake|nettleton
JMU_DUK,2025,luke|mcgrath
JMU_DUK,2025,barroqueiro|jayden
CAL_HIG,2025,joshua|torres
CAL_HIG,2025,becker|jack
CAL_HIG,2025,digirolamo|marco
CAL_HIG,2025,ahmed|fareed
FLO_PAN,2025,bryce|turner
FLO_PAN,2025,shane|tucker
STO_COL,2025,hebert|mason
ORA_GOL,2025,allman|price
PAC_TIG,2025,iglesias|justin
PAC_TIG,2025,carter|regan
UTR_VAQ,2025,francisco|hernandez
MAN_JAS,2025,carter|cowburn
ILL_ILL,2025,brayden|mazzacano
WIU_LEA,2025,anthony|steinhoff
ILL_ILL,2025,dye|mitch
ILL_ILL,2025,hutchings|payton
ILL_ILL,2025,clark|evan
IU,2025,deron|swanson
APP_MOU,2025,jack|zang
APP_MOU,2025,luke|oblen
LIP_BIS,2025,cooke|evan
LIB_FLA,2025,landon|scilley
NMS_AGG,2025,chris|daniels
RAD_HIG,2025,lefevers|matthew
RAD_HIG,2025,noah|toole
UNI_WES,2025,brendan|parks
UNI_WES,2025,bryan|gomez
UNI_WES,2025,dosie|drakeford
SOU_JAG,2025,ford|kiki
SOU_JAG,2025,brown|oliver
SOU_JAG,2025,huff|peyton
SOU_JAG,2025,amare|mcgown
CAL_MAT,2025,nicholas|santivanez
XAV_LOU,2025,morris|zion
XAV_LOU,2025,chase|deloach
XAV_LOU,2025,keshawn|wright
XAV_LOU,2025,eric|griffin
XAV_LOU,2025,daelyn|house
VIR_CAV,2025,bradley|hodges
SIU_SAL,2025,gavan|wernsing
SIU_SAL,2025,al|holguin
SIU_SAL,2025,catto|griffin
SIU_SAL,2025,andrew|yusypchuk
WES_HIL,2025,luke|wright
EMU_EAG,2025,dj|morand
EMU_EAG,2025,ethan|lapointe
EMU_EAG,2025,jack|topolski
EMU_EAG,2025,andrew|dukesherer
KS_GF,2025,bernadina|rocco
KS_GF,2025,alberico|alex
KS_GF,2025,jordan|kolenda
PRA_PAN,2025,camden|farmer
GRA_CAN,2025,gunnar|penzkover
GRA_CAN,2025,cam|cunnings
RIC_SPI,2025,angel|santiagocruz
TRO_TRJ,2025,szabo|zak
EVA_ACE,2025,hansmann|max
EVA_ACE,2025,sam|sandy
SMU_SAI,2025,fulkerson|luke
SMU_SAI,2025,aaron|nease
SMU_SAI,2025,isaiah|mayfield
SMU_SAI,2025,aidan|kelly
SMU_SAI,2025,reilly|smalling
SEA_RED,2025,haynes|rowan
SMU_SAI,2025,ishii|wyatt
SEA_RED,2025,brett|ellingson
SMU_SAI,2025,raige|velez
SEA_RED,2025,colin|curry
COA_CHA,2025,dylan|hansen
CAL_ANT,2025,andrew|grove
UCO_HUS,2025,galusha|thomas
LON_ISL22,2025,gavin|sansone
LON_ISL22,2025,cole|yeager
UCO_HUS,2025,frank|iv|spirito
UCO_HUS,2025,finn|sean
GEO_BUL,2025,lucas|morici
GEO_BUL,2025,nate|taylor
ETS_BUC,2025,carwile|cody
NIU_HUS,2025,jack|olson
WIC_SHO,2025,james|umbarger
AUS_GOV,2025,deaton|oak
IWC,2025,jonah|posey
HOF_PRI,2025,hamilton|sean
RUT_SCA,2025,nolan|peel
VAL_CRU,2025,cottrill|josh
ALC_BRA,2025,andres|chirinos
TOW_TIG,2025,benjamin|nugent
WES_MOU,2025,delisle|tucker
WES_MOU,2025,ben|mcdougal
WAG_SEA,2025,andrew|hiestand
WAG_SEA,2025,andrew|rucci
RUT_SCA,2025,hoxie|hunter
RUT_SCA,2025,kane|tyler
MSM_MTN,2025,brown|ryan
NOR_HUS,2025,cropper|jack
NOR_HUS,2025,andrew|rogovic
NOR_CAT,2025,blake|macmillan
UIC_FLA,2025,barrera|robert
SOU_JAC,2025,dylan|richey
SOU_JAC,2025,augedahl|tristan
NAV_MID,2025,michael|plummer
NAV_MID,2025,carroll|john
SAC_PIO,2025,longo|matt
SAC_PIO,2025,nicely|spencer
WAS_COU,2025,derr|gavin
ORE_BEA,2025,fraser|max
CSU_BAK,2025,borboa|logan
PAC_TIG,2025,joe|metcalf
PAC_TIG,2025,brett|mallett
CSU_BAK,2025,dante|jackson
LOU_CAR,2025,aaron|england
LOU_CAR,2025,gregor|jake
GEO_COL,2025,alexander|ayden
CLE_TIG,2025,noah|samol
GRA_CAN,2025,cayden|collins
GRA_CAN,2025,ben|smith
GRA_CAN,2025,clark|ross
GRA_CAN,2025,devon|laguinto
BUT_BUL,2025,aidan|hatcher
BUT_BUL,2025,gabe|pancratz
PUR_BOI,2025,guiliano|justin
CIT_BUL,2025,burgess|manning
JAC_TIG,2025,brandon|haston
JAC_TIG,2025,miles|thomas
JAC_TIG,2025,elliott|eric
JAC_TIG,2025,caleb|gallant
TUL_GRE,2025,ainsworth|alex
CHA_FOR,2025,dovale|trip
CHA_FOR,2025,kaler|tanner
DAV_WIL,2025,hamilton|matthew
DAV_WIL,2025,banks|will
CHA_FOR,2025,garcia|matt
VIL_WIL,2025,coley|schaefer
VIL_WIL,2025,conor|smith
VIL_WIL,2025,labuda|marcus
NOT_IRI,2025,keenan|mork
NOT_IRI,2025,hirsch|xavier
WIN_EAG,2025,julian|parson
FLO_PAN,2025,reyerson|ryan
BUC_BIS,2025,ethan|firestein
FLO_PAN,2025,imarion|stanberry
RUT_SCA,2025,cruz|matthew
SIE_SAI,2025,noah|wieczorak
BUT_BUL,2025,brett|sherrard
LIN_UNI,2025,brendan|ealy
GIT_YEL,2025,cole|royer
SOU_GOL,2025,armistead|jw
ILL_ILL,2025,luke|weber
WOF_TER,2025,davis|rivers
TAR_TEX,2025,burcham|jake
TAR_TEX,2025,beagle|parrish
TAR_TEX,2025,guthmiller|matthew
MSU_BDG,2025,simmons|stone
TEN_TEC,2025,jaxson|pease
TEN_TEC,2025,kevin|matos
WES_HIL,2025,elliott|rossell
WES_HIL,2025,morris|patrick
PEN_NIT,2025,connor|throneberry
POR_PIL,2025,coleman|hollabaugh
POR_PIL,2025,kaden|starr
EVA_ACE,2025,bj|brodie|peart
COP_STA,2025,reagan|rivera
COP_STA,2025,corcoran|luke
COP_STA,2025,hogan|noah
COP_STA,2025,isaiah|licorish
EMB_(AZ,2025,jesse|kaphing
EMB_(AZ,2025,kyle|riley
UTA_WOL,2025,hernandez|ray
EMB_(AZ,2025,braden|wilson
EMB_(AZ,2025,jonah|montes
MUR_RAC,2025,ethan|lyke
MUR_RAC,2025,dylan|zentko
BGS_FAL,2025,dj|newman
SOU_GAM,2025,brandon|stone
SOU_GAM,2025,jackson|soucie
WIC_SHO,2025,mason|munz
WIC_SHO,2025,peyton|walters
DAR_GRE,2025,andrew|lombana
SIE_SAI,2025,bill|rice
CHA_FOR,2025,ed|wagner
CHA_FOR,2025,mike|szturma
DAL_PAT,2025,atkinson|charlie
ULM_WAR,2025,aidan|haynes
YAL_BUL,2025,levi|strahm
ILL_ILL,2025,girard|nolan
WIU_LEA,2025,duncan|jack
WIU_LEA,2025,colton|kachinsky
IND_SYC,2025,lyerly|wes
IND_SYC,2025,caden|schrader
COR_BRE,2025,swidorski|tj
UTA_UTE,2025,sam|stockman
UTA_UTE,2025,brady|joyner
ASU_RED,2025,peteson|sam
ELO_PHO,2025,isaac|williams
TAR_TEX,2025,brian|panneton
CAL_ANT,2025,finnegan|wall
TEN_TEC,2025,carter|casabella
TEN_TEC,2025,juan|vargas
PEN_NIT,2025,sean|williams
RIC_SPI,2025,davis|wallon
STB_BON,2025,luke|roggenburk
COA_CHA,2025,joyce|matt
SAN_SPA,2025,cade|cushing
TUL_GRE,2025,hurd|logan
EMB_(AZ,2025,eric|schumann
UTA_WOL,2025,colton|kennedy
EMB_(AZ,2025,bauer|zack
UTA_WOL,2025,carsten|herman
UTA_WOL,2025,alan|huerta
NOR_AGG,2025,mathew|murtagh
TEX_RAI,2025,espinoza|jorden
VIL_WIL,2025,mckenzie|patrick
UMA_AMH,2025,andrew|sliwkowski
UMA_AMH,2025,benjamin|thomason
UMA_AMH,2025,austin|campbell
CAL_BEA,2025,jordan|lopez
BUT_BUL,2025,goodpaster|marcus
BUT_BUL,2025,christian|finnigan
BUT_BUL,2025,espn|simpson
BUC_BIS,2025,everett|garber
LIN_UNI,2025,ethan|smith
SAL_JAG,2025,eli|zielinski
GIT_YEL,2025,cooper|mcmullen
GIT_YEL,2025,adam|mckelvey
GIT_YEL,2025,chicoli|connor
GRA_CAN,2025,billy|gregory
RAD_HIG,2025,mason|self
PAC_TIG,2025,jackson|lux
PAC_TIG,2025,andrus|david
TRO_TRJ,2025,dylan|king
TAR_TEX,2025,gibson|holt
MSU_BDG,2025,charlie|foster
TEN_TEC,2025,johnson|patrick
POR_PIL,2025,swygart|treyton
HBU_HUS,2025,ferazzi|nick
THO_M,2025,chase|nelson
EMB_(AZ,2025,brody|gundert
UTA_WOL,2025,heppner|jacob
EMB_(AZ,2025,jacob|samsing
EMB_(AZ,2025,cadacio|parker
EMB_(AZ,2025,alex|mullen
EMB_(AZ,2025,ihle|trent
HOU_COU,2025,hoffman|kendall
SOU_GAM,2025,russell|zach
SOU_GAM,2025,brendan|sweeney
SOU_GAM,2025,garino|ryder
SAN_BRO,2025,jack|lazark
EMB_(AZ,2025,noah|tschopp
UTA_WOL,2025,aaron|rice
UTA_WOL,2025,beltran|jacob
EMB_(AZ,2025,rego|spencer
SAN_TOR,2025,venverloh|vincent
SIE_SAI,2025,ryan|taffe
GEO_HOY,2025,demartin|ryan
HAR_CRI,2025,bergsma|charley
HAR_CRI,2025,alagheband|luca
HAR_CRI,2025,baxter|nate
PIT_PAN,2025,antonio|socarras|tj
MAI_BLA,2025,donlin|jack
BUT_BUL,2025,adam|galdoni
GIT_YEL,2025,alex|hernandez
GAR_RUN,2025,nick|vieira
GIT_YEL,2025,evans|joshua
GIT_YEL,2025,jake|lankie
GAR_RUN,2025,devin|pressley
RUT_SCA,2025,batista|charles
CSU_BAK,2025,lopez|matthew
SAC_PIO,2025,bryan|matuschat
ILL_ILL,2025,bates|zach
ILL_ILL,2025,gannon|reed
ELO_PHO,2025,johns|tyler
ELO_PHO,2025,hamilton|kehler
ELO_PHO,2025,joseph|yovino
ELO_PHO,2025,harris|nic
TEN_VOL,2025,bryson|thacker
PEN_NIT,2025,logan|olson
PEN_NIT,2025,harrison|lollin
PEN_NIT,2025,carson|renner
PEN_NIT,2025,sean|williams
PEN_NIT,2025,brandon|wingenroth
PEN_NIT,2025,riley|weatherwax
MSU_BDG,2025,noah|sullivan
JAC_TIG,2025,corey|jr|richardson
MSU_BDG,2025,nolan|stevens
MSU_BDG,2025,fortenberry|robert
TEX_ISL,2025,dylan|hill
TEX_ISL,2025,matthew|molina
TEX_ISL,2025,alberto|iv|santos
MTSU_BLU,2025,bingham|logan
MTSU_BLU,2025,driver|matthew
IWC,2025,bush|jordan
IWC,2025,bruno|robles
STM_GAE,2025,chapman|finn
LAM_CAR,2025,julio|ramos
KAN_JAY,2025,brigden|parker
MUR_RAC,2025,matt|parenteau
MUR_RAC,2025,jackson|ugo
MUR_RAC,2025,derek|lebron
APP_MOU,2025,collin|welch
NAV_MID,2025,kevin|maurer
NAV_MID,2025,geiger|owen
STE_LUM,2025,blaine|zeplin
ABI_WIL,2025,andrew|guardino
ARM_BLA,2025,calloway|johnny
ORA_GOL,2025,brayden|mackey
FLO_RAT,2025,sigmon|zack
EKU_COL,2025,niall|todd
QUI_BOB,2025,fahan|james
NOR_HUS,2025,angel|cruz
JOH_MEL,2025,gavin|leblanc
JOH_MEL,2025,ford|peyton
JOH_MEL,2025,morel|troy
JOH_MEL,2025,bryce|oquinn
JOH_MEL,2025,flynn|willy
JOH_MEL,2025,earl|zayne
UMA_AMH,2025,aceto|mike
CLE_UNI,2025,jacob|savina
CLE_UNI,2025,brody|fay
CLE_UNI,2025,jack|westerhoff
CLE_UNI,2025,nathan|raniszewski
CLE_TIG,2025,hudson|lee
PEN_NIT,2025,shenosky|skip
PEN_NIT,2025,butash|mason
OAK_GOL,2025,luke|riggs
DAR_GRE,2025,carey|matt
DAR_GRE,2025,jeff|lee
DAR_GRE,2025,aidan|plummer
USF_BUL,2025,corban|little
NMS_AGG,2025,solorzano|steve
FLO_RAT,2025,caleb|granger
IWC,2025,josh|salinas
IWC,2025,adam|byrd
CHA_BUC,2025,drew|duckhorn
FLA_GAT,2025,aidan|king
FLA_GAT,2025,luke|mcneillie
FLA_GAT,2025,alex|philpott
TEX_RAI,2025,fetchel|zach
FRE_BUL,2025,bj|rodriguez
GEO_EAG,2025,garrett|mackowiak
BOC_EAG,2025,john|kwiatkowski
VIR_KEY,2025,peyton|vaught
NOR_CAT,2025,burden|luke
EMU_EAG,2025,emmett|gillies
ION_GAE,2025,eric|gialloreto
OHI_BOB,2025,blake|gaskey
OKL_COW,2025,braylon|brooks
UNI_WES,2025,lane|pearson
VIL_WIL,2025,dylan|rorech
SBU_SEA,2025,canizares|matt
FLA_GAT,2025,biemiller|mccall
FLA_GAT,2025,carson|montsdeoca
FLA_GAT,2025,felix|ong
FLA_GAT,2025,gomberg|jacob
VIR_CAV,2025,michael|yeager
VIR_CAV,2025,august|richie
MEX_LOB,2025,cristian|mogen
YAL_BUL,2025,chace|chaplin
BRA_BRA,2025,ethan|price
BAL_CAR,2025,chambers|john
STA_CAR,2025,austin|steeves
TEX_ISL,2025,santos|tito
BEL_KNI,2025,cornett|hudson
PEN_NIT,2025,horwat|mason
NIU_HUS,2025,parker|schuring
SOU_TRO,2025,fisher|johnson
ION_GAE,2025,andrelys|payamps
ION_GAE,2025,carl|kuentzel
ION_GAE,2025,joey|kasper
MER_BEA,2025,cody|soliday
MOR_EAG,2025,grant|herron
OHI_BOB,2025,boncal|hudson
OHI_BOB,2025,dylan|eggl
OHI_BOB,2025,kolby|pascarelli
OHI_BOB,2025,landon|price
UNI_WES,2025,cole|sam
CHA_FOR,2025,garcia|matt
FLO_SEM,2025,peyton|prescott
HAR_CRI,2025,jack|smith
HAR_CRI,2025,pauley|truman
HAR_CRI,2025,cleary|cole
IWC,2025,elizondo|jackson
PIT_PAN,2025,drew|lafferty
FLA_GAT,2025,barberi|jackson
FLA_GAT,2025,janssens|niko
FLA_GAT,2025,caden|mcdonald
JAC_GAM,2025,austin|williamson
GIT_YEL,2025,jaylen|paden
COR_BRE,2025,ethan|sice|van
BOC_EAG,2025,peter|schaefer
BOC_EAG,2025,alex|bryant
CAM_CAM,2025,biasi|nick
PEN_NIT,2025,matt|morash
HOF_PRI,2025,castrataro|tyler
ION_GAE,2025,brendan|callanan
ION_GAE,2025,daniel|onorato
ION_GAE,2025,matthew|zguro
OHI_BOB,2025,dillon|masters
UNI_WES,2025,dudley|seth
MIZ_TIG,2025,jaylen|merchant
HAR_CRI,2025,colasante|gio
HAR_CRI,2025,brian|dowling
DAV_WIL,2025,cavanaugh|cooper
CAL_MUS,2025,carson|turnquist
ABI_WIL,2025,galvan|noah
LOU_STA1,2025,blaise|foote
LOU_STA1,2025,josh|pierce
LOU_STA1,2025,austin|lorenz
LOU_STA1,2025,brenyn|ebarb
LOU_STA1,2025,gay|james
LOU_STA1,2025,corbyn|womack
LOU_STA1,2025,roozendal|stephen
LOU_STA1,2025,benevage|zack
LOU_STA1,2025,charlie|guidry
LOU_STA1,2025,ardoin|colin
LOU_STA1,2025,julien|kliebert
GEO_PAT,2025,bilo|michael
SAC_PIO,2025,glenchur|paul
TEX_RAI,2025,brady|trombello
TEX_RAI,2025,erdman|zach
LIP_BIS,2025,kutz|ryan
JMU_DUK,2025,brooks|tj
EVA_ACE,2025,jake|mcghee
WES_HIL,2025,leverton|luke
HAR_CRI,2025,owen|tahnk
ORA_GOL,2025,cooper|moore
SOU_JAG,2025,jackson|kenneth
SOU_JAG,2025,abdul|malik
GRA_CHR,2025,bontrager|michael
GRA_CHR,2025,adam|pierce
GRA_CHR,2025,john|sanocki
GRA_CHR,2025,sam|sipe
GRA_CHR,2025,green|john
GRA_CHR,2025,kenton|wilson
GRA_CHR,2025,peterson|zachery
GRA_CHR,2025,frieburger|royce
PIT_PAN,2025,antonio|doganiero
HBU_HUS,2025,feltman|jett
VAL_CRU,2025,kaden|kiser
EMU_EAG,2025,colin|milligan
EMU_EAG,2025,henry|slaby
EMU_EAG,2025,anderson|dominic
TEN_TEC,2025,nicholas|vaccaro
AUB_TIG,2025,ben|schorr
AUB_TIG,2025,abe|chancellor
AUB_TIG,2025,roberts|saxon
ORE_BEA,2025,bryce|johnson
MEX_LOB,2025,justin|still
GRA_CAN,2025,hanson|justin
UTR_VAQ,2025,cienfuegos|kike
UCLA,2025,easton|hawk
BOC_EAG,2025,brady|miller
UCO_HUS,2025,cameron|mayer
WES_GEO4,2025,evimael|quiles
WES_GEO4,2025,dean|will
WES_GEO4,2025,camden|diamond
WES_GEO4,2025,davis|williams
WES_GEO4,2025,bryan|gomez
WES_GEO4,2025,gavin|mask
WES_GEO4,2025,mason|phillips
COP_STA,2025,jobe|olson
COP_STA,2025,eneix|jeremiah
COP_STA,2025,park|roeder
STE_LUM,2025,bowyer|reid
STJ_HAW,2025,fitzgibbon|matt
DEL_HOR,2025,amari|gordon
GAR_RUN,2025,billy|rozakis
GAR_RUN,2025,kevin|pauly
GAR_RUN,2025,ciminiello|michael
NOR_AGG,2025,callahan|cody
MIS_DEL,2025,aiden|meyer
MIS_DEL,2025,kemp|malik
MIS_DEL,2025,davila|nate
MIS_DEL,2025,james|rivera
MIS_DEL,2025,hanasaki|kai
MIS_DEL,2025,craig|mcgee
ARM_BLA,2025,delph|michael
ARM_BLA,2025,harrison|kliethermes
ARM_BLA,2025,ian|standlee
OLD_MON,2025,orberson|will
GEO_EAG,2025,evan|vandenbosch
NOF_OSP,2025,nikolis|trevor
NOF_OSP,2025,boroski|clayton
GEO_EAG,2025,alex|mason
GEO_EAG,2025,robbins|will
GEO_EAG,2025,burke|thomas
GEO_EAG,2025,carter|degondea
DIL_UNI,2025,guerra|jorge
DIL_UNI,2025,danik|reed
DIL_UNI,2025,samuel|sisk
DIL_UNI,2025,joshua|meekins
DIL_UNI,2025,daryl|tillman
THO_M,2025,chris|petersen
THO_M,2025,bobb|easton
THO_M,2025,ben|moser
THO_M,2025,nolan|phillips
CLE_TIG,2025,bell|talan
MON_HAW,2025,hios|nick
NIU_HUS,2025,alex|graber
NIU_HUS,2025,gauthier|jp
CLE_UNI,2025,nate|raniszewski
CLE_UNI,2025,marty|mcdonald
CLE_UNI,2025,lieng|ryan
SPU_PEA,2025,david|delgadillo
TEX_TIG,2025,jace|maynard
TEX_TIG,2025,kam|walton
MAN_JAS,2025,brader|ryan
UTR_VAQ,2025,ej|miramontes
UTR_VAQ,2025,kosowick|mason
ARI_WIL,2025,karter|muck
DAY_FLY,2025,browning|landan
MIN_GOL,2025,adam|urban
MIN_GOL,2025,dobis|jonathan
MOR_EAG,2025,hotze|max
BUT_BUL,2025,corbin|snyder
SIU_SAL,2025,jackson|payne
SIU_SAL,2025,gerdes|tanner
GEO_EAG,2025,hammontree|rhett
GEO_PAN,2025,cooper|milford
BOC_EAG,2025,gavin|soares
PIT_PAN,2025,andrew|gaines
MUR_RAC,2025,elmy|kane
DEL_BLU,2025,christian|colmery
HAW_WAR,2025,itsuki|takemoto
HAW_WAR,2025,ethan|thomas
HAW_WAR,2025,freddy|rodriguez
HAW_WAR,2025,dobyns|kyle
PEN_NIT,2025,dimond|loosli
MIN_GOL,2025,hokenson|kristofer
CSD_TRI,2025,cazares|julian
MIZ_TIG,2025,cayden|nicoletto
STJ_HAW,2025,greer|sam
UTA_WOL,2025,cooper|littledike
BAL_CAR,2025,brendan|garza
NOR_AGG,2025,justin|poris
HIG_PAN,2025,cohen|harris
SIU_SAL,2025,alec|nigut
SIU_SAL,2025,dylan|petrey
SIU_SAL,2025,johnson|meade
SIU_SAL,2025,frizzi|sam
MT,2025,brandon|chorzelewski
GEO_EAG,2025,jacob|phillips
GEO_EAG,2025,bryant|carson
GEO_EAG,2025,brady|pendley
CLE_TIG,2025,bissetta|tristan
VIR_KEY,2025,owen|riley
MUR_RAC,2025,nic|schutte
MUR_RAC,2025,chaudoin|preston
HAW_WAR,2025,liam|obrien
HAW_WAR,2025,gonzalez|sebastian
HAW_WAR,2025,isaiah|magdaleno
ILL_ILL,2025,christian|morel
SAM_BEA,2025,peterson|ryan
SAM_BEA,2025,micky|sheetz
MAR_RED,2025,ryan|vandewater
RIC_SPI,2025,josh|willitts
CRE_BLU,2025,jack|pineau
FAU_OWL,2025,murphy|tyler
FAU_OWL,2025,reilly|witmer
HOU_COU,2025,brady|fuller
LON_ISL22,2025,kevin|small
CAM_CAM,2025,sabers|zachary
BUT_BUL,2025,andrew|hendrickx
NOT_IRI,2025,clark|gilmore
HAW_WAR,2025,cooper|walls
HAW_WAR,2025,cory|ronan
SAM_BEA,2025,brock|rod
ARI_SUN,2025,barrett|easton
UNL_REB,2025,hanson|jordan
CHA_BUC,2025,brad|grindlinger
MAR_TER,2025,gladden|james
NOF_OSP,2025,groom|tommy
NOF_OSP,2025,bellhorn|jackson
ARL_MAV,2025,merek|sears
TOL_ROC,2025,andrew|clelland
YSU_PEN,2025,anderson|brandin
YSU_PEN,2025,olindo|pezzone
UWM_PAN,2025,arnold|tristan
OKL_COW,2025,hope|jett
XAV_MUS,2025,jack|niedringhaus
TEN_TEC,2025,braxton|lewis
NOR_DEM,2025,corbin|talley
LOY_LIO,2025,fried|jacob
BUC_BIS,2025,dylan|radtke
BRO_BEA,2025,oshinskie|ryan
JAC_TIG,2025,patty|tyshon
IWC,2025,bludau|jose
TEX_AGG,2025,brasseux|jackson
SAN_AZT,2025,aidan|russell
IND_SYC,2025,emil|estrella
UNI_BRI,2025,brock|james
UNI_BRI,2025,adam|khan
UNI_BRI,2025,dylan|myttenar
UNI_BRI,2025,mcconnell|owen
UNI_BRI,2025,duthie|oliver
UNI_BRI,2025,alex|lee
ALA_CRI,2025,connor|lehman
BET_WIL,2025,carlos|roses
BET_WIL,2025,logan|wirt
BET_WIL,2025,diaz|yoansell
NOK_NOR,2025,connor|kurki
LAF_LEP,2025,brown|dalton
VIL_WIL,2025,jacobson|luke
SAN_DON,2025,adam|shew
CAL_MAT,2025,banuelos|jackson
TNU,2025,dawson|sweeney
TNU,2025,merrill|trent
RAD_HIG,2025,jaxon|kehoe
BOC_EAG,2025,karl|meyer
BOC_EAG,2025,burnham|jacob
RHO_RAM,2025,brandon|hsu
SOU_JAC,2025,matthew|werk
RIC_OWL,2025,davis|micah
FLO_RAT,2025,campa|jesus
FLO_RAT,2025,nicholas|spry
FLO_RAT,2025,justin|lopez
FLO_RAT,2025,brent|sims
NEB,2025,aiden|white
NEB,2025,jshawn|unger
MIZ_TIG,2025,neubeck|tony
MAR_HAW,2025,cade|williams
TEX_ISL,2025,preston|watkins
HOU_COU,2025,connor|osier
BIN_BEA,2025,ian|kaiser
UNC_SPA,2025,austin|walsh
UNC_SPA,2025,jonathan|sendziak
ILL_RED,2025,rybarczyk|tresdon
VIR_KEY,2025,nolan|williamson
BOC_EAG,2025,matthew|spada
STE_HAT,2025,hays|james
SAN_DON,2025,prystajko|tyler
COR_BRE,2025,gus|magill
COR_BRE,2025,ramos|tavian
POR_PIL,2025,anderson|logan
FGCU,2025,chase|kriebel
FGCU,2025,anthony|ursitti
SAN_TOR,2025,aj|frausto
OKL_SOO,2025,brandon|cain
ULM_WAR,2025,ackel|austin
UAB_BLA,2025,cheatham|cole
ALA_ANM,2025,charles|morris
IWC,2025,esparza|trevor
BIN_BEA,2025,jackson|mitchell
NIC_COL,2025,brennan|woody
KAN_JAY,2025,carr|kannon
KAN_JAY,2025,malakai|vetock
KAN_JAY,2025,alex|breckheimer
MER_UNI,2025,bazala|jacob
PAC_TIG,2025,iglesias|justin
SOU_GAM,2025,cooper|parks
STM_GAE,2025,gardini|talin
STM_GAE,2025,lukas|sarantos
STM_GAE,2025,noah|waldeck
FGCU,2025,dempsey|evan
JUD,2025,chris|lotito
TUL_GRE,2025,ejikecharles|julius
SAN_TOR,2025,fernando|palencia
SAN_TOR,2025,giordano|jack
GEO_EAG,2025,landry|mead
GEO_HOY,2025,derek|yoo
UAB_BLA,2025,brendan|conner
NEW_HAV,2025,lewis|timothy
NEW_HAV,2025,carson|morgan
NEW_HAV,2025,jake|zenger
CAL_AGO,2025,bonanno|grayson
FAU_OWL,2025,james|litman
FAU_OWL,2025,kilby|zach
NOR_HUS,2025,carson|walsh
STA_CAR,2025,cohen|gomez
IOW_HAW,2025,guerin|tyler
STM_GAE,2025,cannon|sean
POR_PIL,2025,callum|young
MIN_GOL,2025,luke|ryerse
JUD,2025,alex|walsh
FGCU,2025,bozenhard|ryland
FGCU,2025,baisley|logan
FGCU,2025,hunter|possehl
FGCU,2025,ethan|mattison
NOR_BIS,2025,parker|puetz
SAN_TOR,2025,porter|rovin
UCLA,2025,goldberg|will
MIC_SPA,2025,matheny|noah
SAN_AZT,2025,cardenas|xavier
CAL_AGO,2025,braydon|wooldridge
UMBC_RET,2025,evan|selmer
SAN_SPA,2025,ishaan|khambal
SAN_SPA,2025,mountz|wade
BAY_BEA,2025,green|mason
BAY_BEA,2025,hunter|teplanszky
SAN_GAU,2025,camarillo|frank
SAN_GAU,2025,gonzales|stunner
SIM_UNI,2025,gage|hoyle
SIM_UNI,2025,hyunwoo|kim
SIM_UNI,2025,houstoncecaci|qorey
SIM_UNI,2025,gavin|hughes
SIM_UNI,2025,chandler|jones
SIM_UNI,2025,geremy|mccollough
SIM_UNI,2025,brendan|moore
SIM_UNI,2025,boenker|logan
IOW_HAW,2025,bleeker|jaron
IOW_HAW,2025,pearson|william
BUT_BUL,2025,hornschemeier|justin
MT,2025,logan|stelling
GEO_EAG,2025,joey|white
WES_UNI,2025,barbata|jack
WES_UNI,2025,brandon|seidner
WES_UNI,2025,hayden|steven
CSU_BAK,2025,jeter|schuerman
WES_UNI,2025,furuya|shunta
WES_UNI,2025,douphner|kyle
WES_UNI,2025,linnel|tyler
WES_UNI,2025,luke|stallions
WES_UNI,2025,matthew|panzica
WES_UNI,2025,ocharchin|ryan
WES_UNI,2025,camden|cooper
WES_UNI,2025,noah|zenkewich
WES_UNI,2025,houlihan|jason
UMASS_RIV,2025,cam|sime
GEO_PAT,2025,owen|stewart
SOU_IND16,2025,mason|sweeney
STM_GAE,2025,kretsch|sam
FRE_BUL,2025,garrett|sinfield
CAL_MAT,2025,jon|mocherman
ARI_SUN,2025,buxton|eli
ARI_SUN,2025,meyer|tyler
UNI_WES,2025,mason|phillips
UNI_WES,2025,hutsell|mason
TEX_RAI,2025,jacob|rogers
MEX_LOB,2025,bakerlivingston|benjamin
MEX_LOB,2025,grant|origer
MIN_GOL,2025,argento|nick
SAN_BRO,2025,johnson|josh
HAW_WAR,2025,adamson|charlie
HAW_WAR,2025,tenn|zacary
SAN_BRO,2025,braga|vincent
HAW_WAR,2025,andrews|anthony
HAW_WAR,2025,jones|max
SAN_BRO,2025,andrew|habermann
HAW_WAR,2025,ethan|thomas
SAN_BRO,2025,meyn|rj
HBU_HUS,2025,alejandro|marquez
SAN_AZT,2025,aaron|kniffin
TUL_GRE,2025,johnpaul|sauer
TUL_GRE,2025,grayson|smith
TUL_GRE,2025,devenney|michael
STE_HAT,2025,justin|solimine
CSD_TRI,2025,garrett|patterson
NEW_UNI,2025,brycen|schoenhofer
NEW_UNI,2025,collins|mac
NEW_UNI,2025,max|moreno
NEW_UNI,2025,elsen|lance
NEW_UNI,2025,caden|poor
NEW_UNI,2025,curtis|kellen
NEW_UNI,2025,jared|newton
DEL_BLU,2025,matt|reyes
COL_LION,2025,lopez|tomas
SPU_PEA,2025,ben|williams
SPU_PEA,2025,hunter|lefkus
SPU_PEA,2025,frasher|zach
MON_HAW,2025,david|horvath
OLE_REB,2025,cole|ketchum
FOR_MAS,2025,greenwood|tyson
UNL_REB,2025,evan|vassiliou
CAL_BEA,2025,cole|tremain
CAL_BEA,2025,ethan|foley
UCF_KNI,2025,camden|wicker
UCF_KNI,2025,angelo|smith
UCF_KNI,2025,kevin|schoneboom
FDU_KNI,2025,ethan|rembish
NOF_OSP,2025,ross|william
EIU_PAN,2025,bradley|kole
BYU_COU,2025,brayden|marx
UTA_UTE,2025,boesen|lucas
KAN_JAY,2025,dalton|smith
CIN_BEA,2025,hudson|johnson
CIN_BEA,2025,brandon|scheurer
WAK_DEA,2025,chris|levonas
WAK_DEA,2025,nate|whysong
WES_MOU,2025,bassinger|reese
DUK_BLU,2025,max|stammel
MIA_HUR,2025,brixton|lofgren
HAW_WAR,2025,liam|obrien
NOR_WOL,2025,dienes|jacob
YSU_PEN,2025,mitchell|seymour
CAL_BEA,2025,miles|tenscher
UCF_KNI,2025,russell|sandefer
NOR_CAT,2025,christian|forniss
NOR_CAT,2025,borggren|ethan
NOR_CAT,2025,carter|danz
UMA_AMH,2025,oconnor|robbie
UMA_AMH,2025,jensen|mikey
USF_BUL,2025,austin|newton
WAS_COU,2025,emerson|fleck
UTA_UTE,2025,easton|jones
UTA_UTE,2025,culver|ian
UTA_UTE,2025,dylan|gazaway
BYU_COU,2025,ashton|johnson
UTA_UTE,2025,dillon|fine
CIN_BEA,2025,kellen|oconnor
VIR_TEC,2025,brendan|yagesh
VIR_TEC,2025,jake|marciano
VIR_TEC,2025,berzonski|josh
VIR_TEC,2025,craytor|luke
VIR_TEC,2025,brendan|cowen
VIR_TEC,2025,parker|sweeney
CAL_LAN,2025,hunsaker|riley
NEB,2025,timmerman|tucker
GEO_EAG,2025,garrett|mackowiak
NOT_IRI,2025,brady|koester
NOT_IRI,2025,ameyde|chase|van
UCF_KNI,2025,isaac|williams
ASU_RED,2025,kole|turner
NOF_OSP,2025,bryson|treichel
NOR_CAT,2025,kouser|matthew
NOR_CAT,2025,grunkemeyer|jack
UMA_AMH,2025,belliveau|sam
RIC_SPI,2025,giordano|joseph
MEX_LOB,2025,bell|blake
SAN_BRO,2025,cooper|lanz
SAN_AZT,2025,evan|miranda
WES_MOU,2025,bryson|hoff
DUK_BLU,2025,henry|zatkowski
VIR_TEC,2025,eisenreich|logan
IWC,2025,carter|poole
IND_SYC,2025,karst|ryan
ARK_LIO,2025,brown|darrius
COR_BRE,2025,gerfen|john
COR_BRE,2025,siwinski|will
COR_BRE,2025,ethan|mchugh
BYU_COU,2025,miller|owen
BAL_CAR,2025,jacobson|will
QUN_RYL,2025,marshall|pile
STE_HAT,2025,spoljaric|turner
COA_CHA,2025,appelman|jaxon
USF_BUL,2025,brandon|keyster
FDU_KNI,2025,winter|zach
NOT_IRI,2025,kellan|klosterman
UCO_HUS,2025,conte|giovanni
UCO_HUS,2025,jack|sullivan
ILL_ILL,2025,marley|reece
DUK_BLU,2025,black|collins
HOF_PRI,2025,john|mccready
GAR_RUN,2025,ingle|noah
CAM_CAM,2025,cox|cy
UNI_WES,2025,garrett|moody
HAW_WAR,2025,freddy|rodriguez
POR_PIL,2025,jt|landwehr
WMI_BRO,2025,raade|trevor
RUT_SCA,2025,bradley|ryan
NOR_CAT,2025,burden|luke
TAR_TEX,2025,hatch|spencer
TAR_TEX,2025,foss|nile
AUS_GOV,2025,davin|pollard
FAI_STA,2025,kalfas|matt
FGCU,2025,giannoni|leo
FGCU,2025,mattox|meeks
UAB_BLA,2025,olson|ryan
TEX_LON,2025,ethan|walker
HBU_HUS,2025,caleb|matthews
HBU_HUS,2025,mccloskey|tyler
HBU_HUS,2025,campbell|luke
TEX_BOB,2025,dawson|park
GRA_CAN,2025,bailey|gray
UCLA,2025,hepp|james
CIN_BEA,2025,barnett|ty
CHA_FOR,2025,dovale|trip
FAU_OWL,2025,reilly|witmer
FAU_OWL,2025,dylan|oborne
SEA_RED,2025,lopez|sebastian
DAV_WIL,2025,forrest|lietz
HOL_CRU,2025,skrobe|thomas
PEP_WAV,2025,austin|plisinski
PIT_PAN,2025,hummel|will
UCF_KNI,2025,gray|mateo
CEN_BEA,2025,austin|jones
USF_BUL,2025,landen|yorek
POR_PIL,2025,nolan|umlandt
SAM_BEA,2025,coronel|ethan
WAK_DEA,2025,bowie|rhys
CEN_BEA,2025,charlie|christensen
CEN_BEA,2025,aden|velasquez
LOY_LIO,2025,casale|johnny
GON_BUL,2025,karsten|sweum
WOU_WOL,2025,bell|devin
WOU_WOL,2025,jacob|memmott
WOU_WOL,2025,chris|jones
USF_BUL,2025,braun|corey
USF_BUL,2025,bernard|nolan
HOF_PRI,2025,christian|rasmussen
VIR_TEC,2025,kulik|marcel
VIL_WIL,2025,avery|schwartz
STM_GAE,2025,elliot|joslin
PEP_WAV,2025,lucien|wechsberg
UTA_UTE,2025,chambers|colby
STE_LUM,2025,garrett|landry
NJI_HIG,2025,caietta|frankie
EKU_COL,2025,aidan|rath
MUR_RAC,2025,isaac|silva
CEN_BEA,2025,cooper|king
CEN_BEA,2025,jake|pannell
LOY_LIO,2025,malone|noah
LOY_LIO,2025,alex|chavez
PUR_BOI,2025,lance|lauve
GON_BUL,2025,mcclaskey|mickey
WOU_WOL,2025,larrance|logan
WOU_WOL,2025,ayden|holker
WOU_WOL,2025,bailey|shane
WOU_WOL,2025,bond|bryce
AUB_TIG,2025,koch|mason
NOR_CAT,2025,blake|macmillan
UTS_ROA,2025,hubbard|james
GIT_YEL,2025,buursema|porter
GIT_YEL,2025,blakely|jackson
ARM_BLA,2025,kevin|reavey
DAY_FLY,2025,fortes|michael
NAV_MID,2025,fry|rayne
GIT_YEL,2025,connor|shouse
VIR_TEC,2025,chase|swift
CAL_BEA,2025,hollis|jj
CAL_AGO,2025,jack|meek
BYU_COU,2025,farley|ziegen
BYU_COU,2025,lybbert|rockwell
UTA_WOL,2025,cj|colyer
UTA_WOL,2025,kevin|parker
LOY_LIO,2025,nolan|tillitt
CED_UNI,2025,coriell|levi
CED_UNI,2025,grayson|wright
CED_UNI,2025,adkins|nathaniel
CED_UNI,2025,formus|sam
CED_UNI,2025,caden|hargis
CED_UNI,2025,rupp|tobias
CAL_MUS,2025,kovach|luke
SAN_SPA,2025,pereira|tyson
STJ_HAW,2025,matthew|speicher
STJ_HAW,2025,davies|sam
STJ_HAW,2025,franks|logan
GEO_EAG,2025,brady|owens
WAK_DEA,2025,duncan|marsten
MT,2025,donahue|hayden
MT,2025,connor|pittman
MIZ_TIG,2025,horn|sam
MIZ_TIG,2025,josh|mcdevitt
PEP_WAV,2025,peterson|winston
PEP_WAV,2025,rios|ryan
CIN_BEA,2025,allen|keegan
LOU_CHR,2025,beier|dylan
LOU_CHR,2025,coleman|haltom
LOU_CHR,2025,bareswill|jacob
LOU_CHR,2025,colton|williams
LOU_CHR,2025,flotte|trip
LOU_CHR,2025,seth|whitney
LOU_CHR,2025,kade|linn
LOU_CHR,2025,braxton|cooksey
LOU_CHR,2025,alfonso|cowan
LSU_TIG,2025,dylan|thompson
EVA_ACE,2025,bell|ethan
BGS_FAL,2025,micah|smith
SAN_AZT,2025,cody|liscio
NAV_MID,2025,timmy|virtudes
LAM_CAR,2025,phelps|travis
BUC_BIS,2025,julks|kobe
MOR_EAG,2025,austyn|peak
RHO_RAM,2025,brody|levin
RAD_HIG,2025,hubbard|ian
MER_UNI,2025,fabian|jaden
MER_UNI,2025,delvaux|matt
FOR_MAS,2025,drew|evans
FOR_MAS,2025,caden|cornett
SPU_PEA,2025,ellis|james
ION_GAE,2025,bekios|joseph
ION_GAE,2025,davis|sean
PRA_PAN,2025,julian|scott
LOU_CAJ,2025,ardoin|sam
OSU_BUC,2025,lafine|noah
PEN_QUA,2025,anthoni|kiafoulis
BAL_CAR,2025,gabe|jones
CLE_TIG,2025,gillen|michael
COL_CHA,2025,nelson|peyton
STJ_HAW,2025,fitzgibbon|matt
STJ_HAW,2025,noah|tincher
STJ_HAW,2025,desanto|drew
DAY_FLY,2025,browning|landan
MON_HAW,2025,colin|scherer
NOR_CAT,2025,alex|grant
NOR_CAT,2025,brechbuhl|pirmin
PRE_BLH,2025,hampton|jeremiah
SAN_SPA,2025,jake|mccoy
EIU_PAN,2025,lukas|touma
TEX_TIG,2025,jose|villalobos
FLA_GAT,2025,blaine|rowland
WOF_TER,2025,braden|hofmeyer
MUR_RAC,2025,chase|clatur
WCC,2025,brent|walls
TEX_TIG,2025,kameron|walton
MAN_JAS,2025,kuntzelman|landon
CAL_HIG,2025,adrian|blanchet
STA_CAR,2025,parker|warner
STA_CAR,2025,austin|steeves
STA_CAR,2025,golden|liam
KEN_OWL,2025,ethan|finch
ALA_LIO,2025,battle|justin
JAC_GAM,2025,cash|matthew
STM_GAE,2025,jaden|mcneely
NCA_BUL,2025,coleman|mcginnis
COP_STA,2025,hurd|jaedin
ARK_LIO,2025,ben|vanmaanen
ARK_LIO,2025,eli|griessmith
ION_GAE,2025,brandon|pettrey
LIP_BIS,2025,dugan|will
MT,2025,dallas|michael
MUR_RAC,2025,oakley|reese
MUR_RAC,2025,dustin|mercer
MER_UNI,2025,greg|schmidt
MER_UNI,2025,cody|smith
TOL_ROC,2025,hubbard|matt
UNO_MAV,2025,benes|joel
PRA_PAN,2025,herrera|isaac
PRA_PAN,2025,beaty|beau
UTS_ROA,2025,brown|gunnar
ALA_HOR,2025,jacob|loeffler
AKR_ZIP,2025,elijah|griffith
NAV_MID,2025,brown|ian
GEO_HOY,2025,accardo|chris
GEO_HOY,2025,ethan|rucker
OAK_GOL,2025,brandon|nigh
ARI_SUN,2025,jake|neely
NJI_HIG,2025,andrew|hart
ARM_BLA,2025,massey|parker
SEA_RED,2025,blake|smith
UMA_AMH,2025,bonior|vance
FAU_OWL,2025,nick|wimberly
NJI_HIG,2025,kim|tyler
NOF_OSP,2025,costa|john
WES_MOU,2025,david|hagen
BUT_BUL,2025,ben|whiteside
EVA_ACE,2025,elias|hachem
SAN_GAU,2025,barrett|hudson
KEN_WIL,2025,ben|cleaver
UMA_AMH,2025,blanchard|jason
UMA_AMH,2025,adam|merritt
UTA_UTE,2025,sam|stockman
AUS_GOV,2025,scott|shawn
NOR_WOL,2025,dam|shane|van
FLA_GAT,2025,jenkins|matthew
MIS_DEL,2025,jace|jones
SBU_SEA,2025,aidan|colagrande
ORE_DUC,2025,toby|twist
BAL_CAR,2025,bevis|blake
SAN_TOR,2025,aj|beltre
PRA_PAN,2025,mason|maxie
YSU_PEN,2025,kubilus|nolan
POR_PIL,2025,codron|morgan
VAL_CRU,2025,christian|hack
KEN_WIL,2025,harris|nate
HAW_WAR,2025,dylan|waite
HAW_WAR,2025,jimmy|urban
ARK_RAZ,2025,dietz|hunter
HBU_HUS,2025,jackson|walker
KEN_WIL,2025,adcock|nile
COP_STA,2025,kaden|straily
ARI_SUN,2025,chance|daquila
UNO_MAV,2025,beck|sam
VCU_RAM,2025,goleski|jack
CEN_BEA,2025,bryce|parlin
UTM_SKY,2025,arender|brock
UTM_SKY,2025,edwards|rett
PAC_TIG,2025,evan|moll
KEN_WIL,2025,rouse|scott
KEN_WIL,2025,harris|leighton
KEN_WIL,2025,skelding|tommy
KEN_WIL,2025,spurrier|zak
KEN_WIL,2025,hunter|tristan
CHA_FOR,2025,allen|chase
